# https://github.com/mikedh/trimesh

o C_shape_new_video.obj
v 0.04273699 -0.05221605 0.01383467
v 0.04258611 -0.05183505 0.01579671
v 0.04344057 -0.05243173 0.00955546
v 0.04071684 -0.05323067 0.00765380
v 0.04168830 -0.05262325 0.01233796
v 0.04326195 -0.05206156 0.01373422
v 0.03843593 -0.05259754 0.01622278
v 0.03975324 -0.05345814 0.00867673
v 0.03824448 -0.05365965 0.00958760
v 0.03811355 -0.05318260 0.01337354
v 0.04003289 -0.05165550 0.01748460
v 0.03720584 -0.05389991 0.00913280
v 0.03715401 -0.05268004 0.01683547
v 0.03543215 -0.05423836 0.00733695
v 0.03439503 -0.05441736 0.00914721
v 0.03506280 -0.05397536 0.01271044
v 0.03373893 -0.05442346 0.00571233
v 0.03348625 -0.05358731 0.01648368
v 0.03246358 -0.05358018 0.01682948
v 0.03217465 -0.05252750 0.01864307
v 0.03134334 -0.05481541 0.00946772
v 0.03180832 -0.05473697 0.00517632
v 0.03082862 -0.05405151 0.01618758
v 0.03016891 -0.05286836 0.01849964
v 0.02878748 -0.05508431 0.00819117
v 0.02909753 -0.05492950 0.01064015
v 0.02876968 -0.05444260 0.01446016
v 0.02728479 -0.05518932 0.00828430
v 0.02579401 -0.05500333 0.01103219
v 0.02656051 -0.05427155 0.01562900
v 0.02508093 -0.05520837 0.00796380
v 0.02447707 -0.05424840 0.01562239
v 0.02252777 -0.05424877 0.01569470
v 0.02567604 -0.05347253 0.01718932
v 0.02159938 -0.05487557 0.01282536
v 0.02050864 -0.05435961 0.01545868
v 0.05050109 -0.04943892 0.01610214
v 0.05284964 -0.04871618 0.01458425
v 0.05210816 -0.04851483 0.01651599
v 0.05090031 -0.04994738 0.01044838
v 0.05068685 -0.04991802 0.01245342
v 0.05017242 -0.04951820 0.01611351
v 0.04826021 -0.05099460 0.01010512
v 0.05074123 -0.04994690 0.00839289
v 0.04847350 -0.05065041 0.00634334
v 0.04909596 -0.05037937 0.01471534
v 0.04556307 -0.05177244 0.01007645
v 0.04425193 -0.05158054 0.01529840
v 0.04635790 -0.05073722 0.01610632
v 0.04785197 -0.04902508 0.01816837
v 0.04511537 -0.05173005 0.00512515
v 0.04719272 -0.05105657 0.00404143
v 0.04217512 -0.05051690 0.01848330
v 0.04515607 -0.05164682 0.00183828
v 0.04357478 -0.05214308 0.00305643
v 0.04272630 -0.05267731 0.00680650
v 0.04362284 -0.04896305 0.01956392
v 0.04222700 -0.05241174 -0.00045031
v 0.04232263 -0.05259904 0.00375151
v 0.03941864 -0.05046862 0.01935058
v 0.04062429 -0.05281377 -0.00077784
v 0.03645835 -0.05381237 -0.00188327
v 0.03869084 -0.05332408 -0.00457295
v 0.04013737 -0.05298357 0.00134828
v 0.03795334 -0.05369786 0.00327658
v 0.03945782 -0.05351749 0.00580561
v 0.03680698 -0.05383919 -0.00498794
v 0.03531341 -0.05403822 0.00055994
v 0.03562870 -0.05405435 0.00189295
v 0.03838388 -0.04951182 0.02042367
v 0.03430055 -0.05144710 0.01935959
v 0.03496347 -0.05415239 -0.00635793
v 0.03338463 -0.05431066 -0.00334147
v 0.03345883 -0.05426169 0.00033637
v 0.03563277 -0.05422209 0.00533950
v 0.03007634 -0.05082630 0.02046254
v 0.03160977 -0.05025986 0.02071259
v 0.03192902 -0.05451685 -0.00276369
v 0.02990799 -0.05475232 -0.00513431
v 0.03099410 -0.05465389 -0.00655693
v 0.03068027 -0.05461830 -0.00359923
v 0.02950363 -0.05485585 0.00207503
v 0.03086947 -0.05485829 0.00483589
v 0.02813729 -0.05292738 0.01820684
v 0.02803329 -0.05492153 -0.00016795
v 0.02809021 -0.05498031 0.00223906
v 0.02381130 -0.05178204 0.01950626
v 0.02289963 -0.05485167 0.00056572
v 0.02568209 -0.05510554 0.00603015
v 0.02265739 -0.05187028 0.01952149
v 0.02644120 -0.05511867 -0.00608816
v 0.02572586 -0.05494185 -0.00412419
v 0.02206349 -0.05504489 0.00313604
v 0.02403219 -0.05501435 0.00377699
v 0.02098139 -0.05246619 0.01891147
v 0.02428443 -0.05498286 -0.00398413
v 0.02141049 -0.05524972 0.00752898
v 0.02209828 -0.05519382 0.00772032
v 0.02125305 -0.05507937 0.00954909
v 0.02080776 -0.05499808 0.01165260
v 0.01776388 -0.05278519 0.01874416
v 0.02062945 -0.05199443 0.01955071
v 0.02080147 -0.05493360 -0.00070635
v 0.02154906 -0.05488240 -0.00042129
v 0.01802546 -0.05531944 0.01013407
v 0.01907694 -0.05485784 0.01334266
v 0.01358827 -0.05374018 0.01776901
v 0.01799915 -0.05508290 0.00098058
v 0.01813040 -0.05504927 0.00055945
v 0.01671951 -0.05559091 0.00629500
v 0.01729656 -0.05549746 0.00911905
v 0.01420826 -0.05472615 0.01516997
v 0.01655964 -0.05459378 0.01500493
v 0.01726749 -0.05168517 0.01989245
v 0.01585081 -0.05534289 0.00303526
v 0.01562976 -0.05559851 0.00730907
v 0.01290664 -0.05369400 0.01791025
v 0.01395472 -0.05531131 0.00202579
v 0.01370877 -0.05548259 0.00460101
v 0.01267096 -0.05569007 0.00827882
v 0.01266356 -0.05502948 0.01406386
v 0.01326458 -0.05122398 0.02049665
v 0.01210873 -0.05553043 0.00350909
v 0.00887146 -0.05527668 0.01397624
v 0.01060528 -0.05505515 0.01433360
v 0.00967912 -0.05378463 0.01800778
v 0.00965259 -0.05560031 0.00409182
v 0.00977577 -0.05556956 0.00351845
v 0.01028915 -0.05578790 0.00778874
v 0.00886316 -0.05548502 0.01214387
v 0.00651384 -0.05575218 0.00565234
v 0.00832870 -0.05575002 0.00609720
v 0.00518985 -0.05540224 0.01220414
v 0.00502675 -0.05432297 0.01650494
v 0.00501625 -0.05554602 0.01032878
v 0.00545711 -0.05522813 0.01343715
v 0.00409021 -0.05407914 0.01717224
v 0.00820079 -0.05312726 0.01881668
v 0.00340975 -0.05561064 0.00891770
v 0.00319888 -0.05517502 0.01382762
v 0.00183923 -0.05528490 0.01124492
v 0.00066054 -0.05520705 0.01261691
v 0.05911221 -0.04540177 0.01287063
v 0.05539917 -0.04735562 0.01543366
v 0.05709014 -0.04646595 0.01275032
v 0.05588146 -0.04658669 0.01668936
v 0.05487784 -0.04793357 0.00861587
v 0.05581510 -0.04733574 0.00698341
v 0.05479183 -0.04805558 0.01111587
v 0.05107183 -0.04784119 0.01844766
v 0.05359043 -0.04834613 0.00456500
v 0.05502823 -0.04781846 0.00657775
v 0.05267543 -0.04916905 0.01068630
v 0.05256004 -0.04906911 0.01256555
v 0.05337038 -0.04507078 0.01990282
v 0.05163459 -0.04905525 0.00226824
v 0.05246096 -0.04866765 0.00231488
v 0.05101367 -0.04983530 0.00852769
v 0.04974118 -0.04843640 0.01823659
v 0.05084868 -0.04570366 0.02020195
v 0.04988288 -0.04976553 0.00110109
v 0.05032157 -0.04991058 0.00537424
v 0.04694714 -0.05088065 -0.00445241
v 0.04738364 -0.05086033 0.00017480
v 0.04761372 -0.05091442 0.00410739
v 0.04560019 -0.04788447 0.01967366
v 0.04663040 -0.04572932 0.02091391
v 0.04515094 -0.05174855 -0.00772911
v 0.04772077 -0.05088432 -0.00813216
v 0.04670315 -0.05106228 -0.00619693
v 0.04726569 -0.05097248 0.00207180
v 0.04512439 -0.05192139 -0.01200786
v 0.04543345 -0.05182761 -0.01235336
v 0.04503805 -0.05181518 -0.00902414
v 0.04356465 -0.05206987 -0.00349486
v 0.04400941 -0.05195432 -0.00152526
v 0.04100058 -0.04899507 0.02037493
v 0.04297901 -0.04682190 0.02109573
v 0.04481343 -0.05160943 -0.01597600
v 0.03939912 -0.04803552 0.02096283
v 0.04132305 -0.04697640 0.02135648
v 0.03988285 -0.05328948 -0.01181527
v 0.04018124 -0.05311694 -0.00875731
v 0.04261159 -0.05246033 -0.00628528
v 0.04049910 -0.05286894 -0.00254591
v 0.03771351 -0.04692653 0.02163949
v 0.03908222 -0.05338062 -0.01345756
v 0.03917508 -0.05337590 -0.00883260
v 0.03556363 -0.04947562 0.02069474
v 0.03620776 -0.04661329 0.02177101
v 0.03829064 -0.05329716 -0.01507962
v 0.03655339 -0.05416390 -0.01296224
v 0.03437080 -0.05452837 -0.01376595
v 0.03592517 -0.05357623 -0.01630659
v 0.03524954 -0.05434593 -0.00994017
v 0.03645303 -0.05397631 -0.00706695
v 0.03127760 -0.04976067 0.02099930
v 0.03300704 -0.05474522 -0.01101381
v 0.03144614 -0.05487872 -0.01527073
v 0.03204573 -0.05418211 -0.01723149
v 0.03295882 -0.05440243 -0.00708784
v 0.02839273 -0.04846402 0.02150388
v 0.02924270 -0.05516983 -0.01530612
v 0.02978549 -0.05511094 -0.01381778
v 0.02784761 -0.05515177 -0.01061355
v 0.02799116 -0.05500919 -0.01632031
v 0.02521762 -0.05517071 -0.00758815
v 0.02687218 -0.05512095 -0.00669587
v 0.02447649 -0.04848800 0.02126754
v 0.02554376 -0.05512747 -0.01644971
v 0.02561519 -0.05531223 -0.01424677
v 0.02312797 -0.04914719 0.02101252
v 0.02133868 -0.04952606 0.02097540
v 0.02425559 -0.05504603 -0.01857863
v 0.02312688 -0.05530383 -0.01025049
v 0.02293108 -0.05506430 -0.00653084
v 0.02440488 -0.05520227 -0.01575211
v 0.01881495 -0.05532208 -0.01017203
v 0.01953528 -0.05521122 -0.00974093
v 0.02065885 -0.05499722 -0.00357524
v 0.01982718 -0.05507036 -0.01502573
v 0.02056418 -0.05516564 -0.01415773
v 0.01731963 -0.05488409 -0.00335587
v 0.01853777 -0.05492862 -0.00318812
v 0.02012789 -0.05495845 -0.00063456
v 0.01550643 -0.05101878 0.02046750
v 0.01809350 -0.04983450 0.02109097
v 0.01760068 -0.05529637 -0.01347023
v 0.01583702 -0.05548560 -0.01040616
v 0.01400240 -0.05506890 -0.00491584
v 0.01627819 -0.05540289 -0.01216442
v 0.01427515 -0.05507711 -0.00004075
v 0.01104297 -0.05104378 0.02068204
v 0.01339672 -0.05558699 -0.01169844
v 0.01273860 -0.05558610 -0.00851756
v 0.01179239 -0.05513521 -0.00192248
v 0.00962748 -0.05211701 0.01989708
v 0.01285817 -0.05558921 -0.01177468
v 0.01011061 -0.05570793 -0.01010989
v 0.01097568 -0.05559269 -0.00793599
v 0.00858411 -0.05537451 -0.00272498
v 0.00818278 -0.05539372 0.00009212
v 0.01010036 -0.05529359 0.00005539
v 0.01201201 -0.05546863 0.00238629
v 0.00766268 -0.05243962 0.01970006
v 0.00947139 -0.05573088 -0.01013819
v 0.00645961 -0.05551439 -0.00346220
v 0.00568986 -0.05269445 0.01949229
v 0.00776911 -0.05549031 -0.00611209
v 0.00519533 -0.05538643 0.00020890
v 0.00478562 -0.05536584 0.00097911
v 0.00259639 -0.05570952 0.00582502
v 0.00552145 -0.05573271 0.00565929
v 0.00370397 -0.05283890 0.01926704
v 0.00724552 -0.05106525 0.02091796
v 0.00427319 -0.05552758 -0.00400472
v 0.00329306 -0.05569116 0.00740788
v 0.00083916 -0.05387458 0.01796017
v 0.00231325 -0.05539204 -0.00294608
v 0.00211603 -0.05523722 -0.00017048
v 0.00153242 -0.05560463 0.00522039
v 0.00046781 -0.05475550 0.01500790
v -0.00014394 -0.05366411 0.01824387
v -0.00041807 -0.05214156 0.01979378
v 0.00140686 -0.05524226 -0.00102901
v -0.00013947 -0.05502257 0.00077748
v -0.00285171 -0.05510266 0.00816991
v -0.00226711 -0.05511429 0.00803671
v -0.00043755 -0.05528309 0.01020345
v -0.00118516 -0.05520331 0.01085850
v -0.00256092 -0.05492034 0.01292523
v -0.00417920 -0.05378758 0.01735616
v -0.00226133 -0.05320783 0.01858106
v -0.00389734 -0.05496796 0.01198487
v -0.00408512 -0.05494366 0.00441168
v -0.00486527 -0.05522096 0.00760025
v -0.00738241 -0.05423321 0.01603907
v -0.00788219 -0.05384045 0.01698201
v -0.00628460 -0.05522287 0.00534651
v -0.00743568 -0.05523027 0.01242267
v -0.00822186 -0.05342240 0.01765005
v -0.00349655 -0.05275229 0.01896668
v -0.01026584 -0.05585761 0.00988843
v -0.01073546 -0.05561522 0.00568829
v -0.01146044 -0.05589950 0.00917351
v -0.01374972 -0.05589525 0.01143321
v -0.01096508 -0.05508643 0.01421228
v -0.01388822 -0.05473739 0.01532486
v -0.01211633 -0.05465582 0.01547829
v -0.01627903 -0.05636494 0.00983807
v -0.01499745 -0.05614432 0.01039766
v -0.01691777 -0.05588389 0.01257544
v -0.01685435 -0.05642616 0.00705741
v -0.01662049 -0.05633069 0.00530171
v -0.01785988 -0.05499727 0.01486978
v -0.01865167 -0.05639640 0.00684336
v -0.01953087 -0.05621270 0.01099263
v -0.01974835 -0.05536984 0.01397266
v -0.02064111 -0.05622790 0.00891452
v 0.06065830 -0.04444908 0.01083511
v 0.05964922 -0.04475406 0.01458074
v 0.05958492 -0.04403158 0.01678077
v 0.05974100 -0.04387502 0.01682136
v 0.05818496 -0.04560580 0.00454487
v 0.05741151 -0.04600308 0.01621095
v 0.05635128 -0.04500802 0.01852650
v 0.05844570 -0.04560028 0.00835992
v 0.05676447 -0.04671573 0.00874817
v 0.05602880 -0.04267682 0.02051726
v 0.05617785 -0.04648809 0.00042625
v 0.05542539 -0.04723778 0.00247653
v 0.05608940 -0.04656144 0.00052504
v 0.05522215 -0.04756453 0.00493967
v 0.05506734 -0.04695335 -0.00168013
v 0.05364342 -0.04817053 0.00257288
v 0.05333330 -0.04921483 -0.01378401
v 0.05530180 -0.04823603 -0.01478946
v 0.05248898 -0.04936961 -0.01185256
v 0.05118000 -0.04935265 -0.00812948
v 0.05340421 -0.04892784 -0.01181853
v 0.05258464 -0.04852405 -0.00701162
v 0.05392782 -0.04777410 -0.00631258
v 0.05251834 -0.04828018 -0.00378372
v 0.05189181 -0.04886683 0.00032030
v 0.05066924 -0.05008408 -0.01093884
v 0.05007399 -0.04958118 -0.00365792
v 0.05011469 -0.04956588 -0.00190814
v 0.05126428 -0.04375237 0.02120946
v 0.04697103 -0.04431873 0.02136646
v 0.04968114 -0.05042980 -0.01609747
v 0.04981147 -0.05018597 -0.01644381
v 0.05077074 -0.05053743 -0.01402692
v 0.04849307 -0.05050750 -0.00714043
v 0.04694176 -0.04371779 0.02155329
v 0.04794998 -0.05129213 -0.01395214
v 0.04690303 -0.05128671 -0.01018745
v 0.04687159 -0.05096188 -0.01645648
v 0.04103736 -0.04480106 0.02201593
v 0.04459232 -0.05138501 -0.01699824
v 0.04140870 -0.05221375 -0.01649295
v 0.03989678 -0.05237749 -0.01702957
v 0.03998286 -0.05148487 -0.01900644
v 0.03489583 -0.04555085 0.02207242
v 0.03251783 -0.04574342 0.02216336
v 0.03464653 -0.05258470 -0.01959407
v 0.03695222 -0.05308071 -0.01723209
v 0.03234628 -0.04679944 0.02191532
v 0.03236798 -0.05291736 -0.02015826
v 0.03106050 -0.05281165 -0.02058736
v 0.03424582 -0.05387118 -0.01720346
v 0.02718588 -0.04815967 0.02150332
v 0.02906313 -0.04623456 0.02204261
v 0.02817515 -0.05323356 -0.02052625
v 0.02940117 -0.05436777 -0.01813322
v 0.02333410 -0.04682685 0.02156059
v 0.02427198 -0.05397527 -0.02077125
v 0.01896544 -0.04752512 0.02168629
v 0.02079604 -0.05247342 -0.02284997
v 0.02234714 -0.05501788 -0.01857070
v 0.02199344 -0.05402313 -0.02113337
v 0.02021641 -0.05408569 -0.02065037
v 0.01906198 -0.05434531 -0.01970088
v 0.01752767 -0.05506629 -0.01592989
v 0.01611455 -0.04791000 0.02174380
v 0.01487789 -0.05508296 -0.01581811
v 0.01101381 -0.04868211 0.02161063
v 0.01473761 -0.05525335 -0.01462004
v 0.00922105 -0.04893399 0.02161126
v 0.01274452 -0.05414325 -0.01828539
v 0.01040756 -0.05550424 -0.01335466
v 0.00701323 -0.04930118 0.02158485
v 0.00931746 -0.05567906 -0.01112198
v 0.00605038 -0.05563280 -0.00770322
v 0.00635978 -0.05550261 -0.00606368
v 0.00428378 -0.04971029 0.02138308
v 0.00548713 -0.05487006 -0.01459486
v 0.00641255 -0.05537150 -0.01308288
v 0.00318428 -0.05574998 -0.00672476
v -0.00034129 -0.05089155 0.02055113
v 0.00240944 -0.05520302 -0.01377071
v 0.00415620 -0.05560583 -0.01141696
v -0.00164667 -0.05074423 0.02077650
v -0.00023869 -0.05580169 -0.00859114
v -0.00316956 -0.05561596 -0.00473600
v 0.00191643 -0.05562111 -0.00517095
v 0.00013199 -0.05507116 0.00029583
v 0.00084739 -0.05531398 -0.01356426
v 0.00032425 -0.05576752 -0.01043438
v -0.00195458 -0.05515285 -0.00180854
v -0.00466707 -0.05157974 0.02008462
v -0.00423143 -0.04949951 0.02145124
v -0.00266233 -0.05562849 -0.01329199
v -0.00518092 -0.05623249 -0.00827270
v -0.00683955 -0.05599395 -0.00551795
v -0.00502969 -0.05601379 -0.00575438
v -0.00638862 -0.05506047 0.00000650
v -0.00489105 -0.05505339 0.00173370
v -0.00435610 -0.05494809 0.00419909
v -0.00439099 -0.05584424 -0.01201806
v -0.00869300 -0.05261404 0.01900111
v -0.00802974 -0.05118869 0.02056710
v -0.00678829 -0.05595938 -0.01211884
v -0.00962292 -0.05605623 -0.00734363
v -0.00970429 -0.05588155 -0.00511954
v -0.00764274 -0.05525388 -0.00091239
v -0.00798134 -0.05536808 0.00408853
v -0.01030274 -0.05306633 0.01839946
v -0.00984400 -0.05618699 -0.01052721
v -0.00785177 -0.05621745 -0.01036545
v -0.00919350 -0.05619007 -0.00831310
v -0.01217936 -0.05574746 0.00311620
v -0.01221944 -0.05368808 0.01741643
v -0.01111954 -0.05109071 0.02059419
v -0.01275336 -0.05614103 -0.00780437
v -0.01306926 -0.05602678 -0.00698295
v -0.01376808 -0.05591676 -0.00117184
v -0.01294729 -0.05583098 0.00395293
v -0.01063924 -0.05560236 0.00520159
v -0.01429493 -0.05316729 0.01840247
v -0.01313600 -0.05623394 -0.01083722
v -0.01315973 -0.05621353 -0.00879709
v -0.01673382 -0.05362665 0.01752868
v -0.01513739 -0.05143429 0.02053160
v -0.01541797 -0.05615036 -0.00705429
v -0.01506307 -0.05590877 -0.00505910
v -0.01517560 -0.05597825 -0.00075141
v -0.01817379 -0.05414946 0.01674510
v -0.01893350 -0.05148533 0.02033960
v -0.01575800 -0.05588081 -0.00509942
v -0.01797047 -0.05574099 -0.00256398
v -0.01810142 -0.05581019 -0.00126590
v -0.02265285 -0.05635085 0.00578390
v -0.01719170 -0.05629565 0.00434056
v -0.02194552 -0.05449497 0.01658521
v -0.02012482 -0.05584077 -0.00157549
v -0.02147970 -0.05602052 0.00139083
v -0.02377021 -0.05628087 0.00514633
v -0.02203522 -0.05550038 0.01356914
v -0.02303452 -0.05517892 0.01483758
v -0.02403186 -0.05401785 0.01711374
v -0.02225769 -0.05587358 -0.00019736
v -0.02229776 -0.05587196 0.00019625
v -0.02216607 -0.05627750 0.00774768
v -0.02333977 -0.05609925 0.01029004
v -0.02415573 -0.05548976 0.01384762
v -0.02215723 -0.05326217 0.01834364
v -0.02919887 -0.05473025 0.01638269
v -0.02565744 -0.05593697 0.00353306
v -0.02592249 -0.05600731 0.00989090
v -0.02758457 -0.05570556 0.01173157
v -0.02710117 -0.05239600 0.01935943
v -0.03014207 -0.05563145 0.01028734
v -0.03026594 -0.05557589 0.01341428
v -0.02998558 -0.05519887 0.01540009
v -0.02949198 -0.05552653 0.00739811
v -0.03229631 -0.05443932 0.01635452
v -0.03108792 -0.05331144 0.01825391
v -0.03366708 -0.05534339 0.01130598
v -0.03572490 -0.05496856 0.01510482
v 0.06282999 -0.04264672 0.01068504
v 0.06166056 -0.04369703 0.01119190
v 0.06098908 -0.04337842 0.01597609
v 0.06092542 -0.04089384 0.01931676
v 0.05948601 -0.04474294 0.00513646
v 0.06151908 -0.04314315 0.00467840
v 0.06040109 -0.04430926 0.00865411
v 0.05905249 -0.04288382 0.01867794
v 0.05920605 -0.04108665 0.02043374
v 0.05727485 -0.04043889 0.02134538
v 0.06038528 -0.04392694 0.00057923
v 0.05914144 -0.04478892 0.00258478
v 0.05880589 -0.04605717 -0.01150290
v 0.05828144 -0.04557534 -0.00758721
v 0.05846423 -0.04494985 -0.00422712
v 0.05783337 -0.04533789 -0.00360545
v 0.05825197 -0.04535298 0.00051114
v 0.05728969 -0.04601046 0.00254292
v 0.05715174 -0.04726525 -0.01286861
v 0.05888368 -0.04602787 -0.01358698
v 0.05750077 -0.04637779 -0.00895675
v 0.05556047 -0.04661904 -0.00389008
v 0.05267469 -0.04173998 0.02170227
v 0.05304513 -0.04142255 0.02172658
v 0.05544850 -0.04730849 -0.01707212
v 0.05524885 -0.04800033 -0.01127723
v 0.05426990 -0.04733664 -0.00421091
v 0.05077958 -0.04265117 0.02159851
v 0.04886352 -0.04338543 0.02146671
v 0.05009977 -0.04068217 0.02205653
v 0.05162584 -0.04798028 -0.01845536
v 0.05207798 -0.04941852 -0.01585318
v 0.04322594 -0.04465265 0.02185199
v 0.04862641 -0.04915258 -0.01857959
v 0.04778341 -0.04862911 -0.01967894
v 0.04390975 -0.04924170 -0.02065053
v 0.03758128 -0.04387538 0.02235889
v 0.04382092 -0.05086138 -0.01831169
v 0.04195632 -0.04952872 -0.02100227
v 0.03681027 -0.04486087 0.02222132
v 0.03803130 -0.05177531 -0.01938097
v 0.03761178 -0.05038743 -0.02114937
v 0.03566212 -0.04179136 0.02287555
v 0.03646936 -0.05080493 -0.02105513
v 0.02862295 -0.04427036 0.02214425
v 0.03207636 -0.05083292 -0.02185060
v 0.02924086 -0.05107342 -0.02206846
v 0.02267310 -0.04502749 0.02181185
v 0.02452437 -0.05318960 -0.02193988
v 0.02050367 -0.04526553 0.02186477
v 0.02358268 -0.05197771 -0.02292691
v 0.01864612 -0.04488574 0.02192667
v 0.01669155 -0.04588448 0.02191175
v 0.01503655 -0.04620667 0.02194419
v 0.01911407 -0.05291853 -0.02196577
v 0.01625542 -0.05385148 -0.01946343
v 0.01602629 -0.05263861 -0.02125347
v 0.01235838 -0.04780533 0.02181445
v 0.01356275 -0.05304837 -0.02057380
v 0.00904069 -0.04528180 0.02206054
v 0.01041884 -0.05290538 -0.02008813
v 0.01196874 -0.05406931 -0.01805464
v 0.01023184 -0.05316699 -0.01985937
v 0.00566007 -0.04712551 0.02195483
v 0.00950889 -0.05396013 -0.01851187
v 0.00929326 -0.05290733 -0.02012599
v 0.00853605 -0.05463034 -0.01648368
v 0.00453600 -0.04666617 0.02206290
v 0.00530883 -0.05353091 -0.01988387
v 0.00553958 -0.05480299 -0.01482182
v 0.00071293 -0.04763645 0.02175568
v 0.00406589 -0.05373528 -0.01923764
v 0.00206362 -0.05482879 -0.01648337
v 0.00048186 -0.05490185 -0.01671037
v 0.00013262 -0.05440416 -0.01825847
v -0.00522402 -0.04864914 0.02162992
v -0.00304585 -0.04791005 0.02177149
v -0.00222523 -0.05526680 -0.01614521
v -0.00071543 -0.05539001 -0.01354098
v -0.00589974 -0.05462184 -0.01815323
v -0.00907871 -0.04992705 0.02133613
v -0.00635597 -0.05475766 -0.01790256
v -0.00584530 -0.05534982 -0.01640653
v -0.00860956 -0.04874238 0.02193292
v -0.00691934 -0.05587709 -0.01439619
v -0.01299173 -0.05071225 0.02096426
v -0.01033296 -0.05525031 -0.01804004
v -0.00878679 -0.05591889 -0.01245493
v -0.01492568 -0.04994341 0.02173120
v -0.01238792 -0.05541949 -0.01757226
v -0.01075835 -0.05598905 -0.01459068
v -0.01356832 -0.05548432 -0.01709939
v -0.01449762 -0.05552514 -0.01666265
v -0.01479588 -0.05565952 -0.01616127
v -0.01402076 -0.05606084 -0.01385839
v -0.01596850 -0.05635063 -0.00905911
v -0.01790611 -0.04894473 0.02210151
v -0.01701671 -0.05578185 -0.01496467
v -0.01622716 -0.05585126 -0.00504496
v -0.02088780 -0.05169113 0.02012679
v -0.01769582 -0.05589512 -0.01541479
v -0.02045824 -0.05591554 -0.00595728
v -0.02390635 -0.05187457 0.01988687
v -0.02306012 -0.05046927 0.02115887
v -0.02208353 -0.05641557 -0.01203387
v -0.02001002 -0.05655403 -0.01084241
v -0.02356096 -0.05591839 -0.00604651
v -0.02349383 -0.05583420 -0.00523540
v -0.02204481 -0.05579209 -0.00315678
v -0.02508967 -0.05629066 -0.00996901
v -0.02297739 -0.05624678 -0.01287656
v -0.02382349 -0.05597876 -0.00664145
v -0.02613437 -0.05553968 -0.00236256
v -0.02580955 -0.05563675 0.00159449
v -0.02654930 -0.05558212 0.00166355
v -0.02709047 -0.05568060 0.00373476
v -0.02880706 -0.05247424 0.01925829
v -0.02706088 -0.05604364 -0.01054770
v -0.02602171 -0.05555592 -0.00445660
v -0.02921045 -0.05471335 -0.00092385
v -0.03056090 -0.05453780 0.00108252
v -0.02860624 -0.05125850 0.02029025
v -0.02850264 -0.05546600 0.00449971
v -0.02926385 -0.05553929 0.00692172
v -0.03194828 -0.05463892 0.00350967
v -0.03280732 -0.05533332 0.00915454
v -0.03363616 -0.05534568 0.01093010
v -0.03555285 -0.05355033 0.01775639
v -0.03485519 -0.05276210 0.01857818
v -0.03523885 -0.05444026 0.00568118
v -0.03396376 -0.05504426 0.00777574
v -0.03573007 -0.05531099 0.01266285
v -0.03608941 -0.05500955 0.01465447
v -0.03758773 -0.05451980 0.00791190
v -0.03760270 -0.05415762 0.01621526
v -0.03881135 -0.05291278 0.01809636
v -0.03814562 -0.05438565 0.00819769
v -0.03855372 -0.05464475 0.01138479
v -0.03821241 -0.05471530 0.01358708
v 0.06587721 -0.03935622 0.01280201
v 0.06526286 -0.03946212 0.01479143
v 0.06451212 -0.04076203 0.00470008
v 0.06425976 -0.04081334 0.00671863
v 0.06413292 -0.04131392 0.01149287
v 0.06351836 -0.04101414 0.01554826
v 0.06158618 -0.04165851 0.01781257
v 0.06461274 -0.03711663 0.01902734
v 0.06363828 -0.04149460 0.00063248
v 0.06282842 -0.04209463 0.00265413
v 0.06244030 -0.04258921 0.00673678
v 0.06241171 -0.03815173 0.02033025
v 0.06224871 -0.04329149 -0.00942975
v 0.06208524 -0.04358982 -0.01145771
v 0.06200672 -0.04320451 -0.00746660
v 0.06066455 -0.04347691 -0.00372847
v 0.06063668 -0.04352081 -0.00269134
v 0.06119722 -0.04335072 0.00034872
v 0.06087398 -0.04351989 0.00265794
v 0.06134224 -0.04401221 -0.01353990
v 0.06011620 -0.04507062 -0.01073743
v 0.05932080 -0.04481248 -0.00695438
v 0.05832590 -0.03860067 0.02179297
v 0.05639960 -0.03936598 0.02182237
v 0.05848550 -0.04613947 -0.01465687
v 0.05868192 -0.04467300 -0.01773677
v 0.05498991 -0.03941856 0.02196210
v 0.05699629 -0.04692344 -0.01579356
v 0.05546254 -0.04673412 -0.01794834
v 0.05582103 -0.04568155 -0.01917276
v 0.05030244 -0.03964328 0.02227999
v 0.05349693 -0.04752246 -0.01805562
v 0.05188214 -0.04638568 -0.02050130
v 0.04796952 -0.03984102 0.02234402
v 0.04969787 -0.04660449 -0.02119860
v 0.04568894 -0.03977074 0.02255792
v 0.04433817 -0.04036796 0.02256648
v 0.04969078 -0.04793098 -0.01956021
v 0.04773994 -0.04688629 -0.02151401
v 0.04220072 -0.04082243 0.02252584
v 0.04595720 -0.04876664 -0.02035928
v 0.04378641 -0.04740618 -0.02184089
v 0.03881711 -0.04126126 0.02266263
v 0.04089632 -0.04957939 -0.02117920
v 0.03425766 -0.04145510 0.02283444
v 0.03832081 -0.04833106 -0.02203882
v 0.03759898 -0.04855122 -0.02194448
v 0.02993063 -0.04164954 0.02233684
v 0.03253074 -0.05082086 -0.02179365
v 0.02636385 -0.04251024 0.02207382
v 0.02332561 -0.04273444 0.02217131
v 0.02464395 -0.04831329 -0.02355377
v 0.02234506 -0.04277690 0.02215859
v 0.02037729 -0.04322477 0.02203771
v 0.01750820 -0.04223558 0.02218940
v 0.01237940 -0.04415911 0.02211720
v 0.01734850 -0.05250584 -0.02173761
v 0.01502973 -0.05001456 -0.02238877
v 0.00678723 -0.04362161 0.02219586
v 0.00970903 -0.04957512 -0.02191854
v 0.00055303 -0.04570235 0.02196251
v 0.00219577 -0.05383995 -0.01905816
v -0.00177258 -0.04651110 0.02193059
v 0.00076204 -0.05248086 -0.02092227
v -0.00032378 -0.05389368 -0.01916151
v -0.00228174 -0.05268549 -0.02073590
v -0.00761161 -0.04554765 0.02249888
v -0.00434377 -0.05295293 -0.02045938
v -0.00558367 -0.05304420 -0.02053247
v -0.00795018 -0.05340425 -0.02069238
v -0.01119879 -0.04684255 0.02245840
v -0.01358092 -0.04750936 0.02246642
v -0.00844709 -0.05501332 -0.01856022
v -0.01423564 -0.04742278 0.02252606
v -0.01325625 -0.05455379 -0.01916450
v -0.01231219 -0.05381503 -0.02036953
v -0.01586638 -0.05273074 -0.02105381
v -0.01957613 -0.04806168 0.02224115
v -0.01643960 -0.05413310 -0.01929287
v -0.02128571 -0.04772020 0.02222391
v -0.01708431 -0.05479130 -0.01818317
v -0.02336855 -0.04942947 0.02152995
v -0.01990739 -0.05584416 -0.01580284
v -0.02534384 -0.04966345 0.02131888
v -0.02376177 -0.04766181 0.02203379
v -0.02319340 -0.05509441 -0.01744741
v -0.02280136 -0.05604014 -0.01407417
v -0.02787876 -0.04919451 0.02149704
v -0.02472069 -0.05506534 -0.01650557
v -0.02539476 -0.05528010 -0.01632067
v -0.02572952 -0.05598750 -0.01288498
v -0.02724029 -0.05602248 -0.01057297
v -0.02874356 -0.05564290 -0.00949579
v -0.02930283 -0.05493644 -0.00615954
v -0.03021662 -0.04939992 0.02127437
v -0.02876134 -0.05515751 -0.01655102
v -0.03004248 -0.05545490 -0.01452902
v -0.02907301 -0.05568711 -0.01288395
v -0.03231156 -0.04999569 0.02090240
v -0.03229727 -0.05470383 -0.00945947
v -0.03232436 -0.05414096 -0.00734266
v -0.03343998 -0.05364098 -0.00205820
v -0.03122245 -0.05421962 -0.00031366
v -0.03706439 -0.05041809 0.02062232
v -0.03160241 -0.05529399 -0.01528955
v -0.03472051 -0.05340536 -0.00099497
v -0.03350596 -0.05383166 0.00062886
v -0.03392693 -0.05444120 0.00461597
v -0.03866879 -0.05307762 0.00297131
v -0.03704047 -0.05333355 0.00207620
v -0.03685592 -0.05382304 0.00467640
v -0.03931525 -0.05279731 0.01817263
v -0.03860098 -0.05010515 0.02059608
v -0.03875448 -0.05310528 0.00386674
v -0.04177888 -0.05353350 0.01166301
v -0.04471296 -0.05196211 0.01734794
v -0.04117357 -0.05065453 0.01984009
v -0.04177511 -0.05282441 0.00789617
v -0.04098931 -0.05304913 0.00739062
v -0.04113692 -0.05375334 0.01382229
v -0.04281783 -0.05079796 0.01928422
v -0.04527531 -0.05249725 0.01368889
v -0.04411808 -0.05265589 0.01078209
v 0.06638551 -0.03885260 0.01112875
v 0.06782634 -0.03735911 0.01073521
v 0.06762592 -0.03750811 0.00864558
v 0.06640502 -0.03842203 0.01415750
v 0.06626571 -0.03709428 0.01677690
v 0.06715965 -0.03675155 0.01573810
v 0.06626200 -0.03914488 0.00062944
v 0.06466095 -0.04058438 0.00515587
v 0.06664544 -0.03879973 0.00281304
v 0.06597297 -0.03907297 0.00895776
v 0.06595506 -0.03620378 0.01816762
v 0.06545086 -0.04023254 -0.00543156
v 0.06599052 -0.03949921 -0.00139873
v 0.06428234 -0.04096614 0.00126166
v 0.06453138 -0.04074458 0.00329322
v 0.06417896 -0.03614333 0.02027709
v 0.06486486 -0.04125839 -0.01323080
v 0.06244904 -0.04299661 -0.00817562
v 0.06462289 -0.04107623 -0.00658747
v 0.06539643 -0.04097115 -0.01026125
v 0.06328359 -0.04174654 -0.00349423
v 0.06448254 -0.04086130 -0.00290554
v 0.06026929 -0.03896317 0.02117265
v 0.06190413 -0.03580690 0.02193209
v 0.06296567 -0.04296592 -0.01271430
v 0.06047715 -0.03676119 0.02212344
v 0.06085349 -0.04389545 -0.01563542
v 0.06077658 -0.04270956 -0.01781797
v 0.05596835 -0.03686421 0.02271842
v 0.05917019 -0.04421436 -0.01785133
v 0.05893129 -0.04297284 -0.01954667
v 0.05222844 -0.03699520 0.02275483
v 0.05540841 -0.04387723 -0.02112045
v 0.05422368 -0.04577423 -0.02003746
v 0.04984782 -0.03757288 0.02271669
v 0.04857577 -0.03602111 0.02302404
v 0.05100990 -0.04574542 -0.02150654
v 0.04609763 -0.03715827 0.02293052
v 0.04006545 -0.03880517 0.02292445
v 0.04549990 -0.04559065 -0.02266117
v 0.04274159 -0.04633791 -0.02262945
v 0.03847713 -0.03790755 0.02291568
v 0.03399370 -0.03945636 0.02277913
v 0.03766008 -0.04626611 -0.02293474
v 0.03201859 -0.03971822 0.02260242
v 0.03030271 -0.03906827 0.02250040
v 0.02781670 -0.03936560 0.02242925
v 0.02607484 -0.04054928 0.02230707
v 0.02542497 -0.04046050 0.02231708
v 0.02780984 -0.04934774 -0.02272359
v 0.02775782 -0.04754443 -0.02360308
v 0.02834292 -0.04680191 -0.02379060
v 0.02008265 -0.04119042 0.02223005
v 0.02422659 -0.04800932 -0.02361597
v 0.01809083 -0.04143289 0.02218816
v 0.01686072 -0.04083103 0.02221832
v 0.02065898 -0.04964511 -0.02338090
v 0.01514178 -0.04035393 0.02221949
v 0.01670931 -0.04993364 -0.02257627
v 0.00451218 -0.04318717 0.02224885
v 0.00410391 -0.04307889 0.02225146
v 0.00299692 -0.04367351 0.02221128
v 0.00559327 -0.04991615 -0.02200945
v 0.00479952 -0.05186713 -0.02114798
v -0.00130490 -0.04183989 0.02238823
v 0.00047594 -0.05167395 -0.02145327
v -0.00483095 -0.04517488 0.02232465
v -0.00984888 -0.04519564 0.02259608
v -0.00832668 -0.04425749 0.02264605
v -0.01235301 -0.04481423 0.02264961
v -0.00735050 -0.05182441 -0.02166454
v -0.00996441 -0.05346812 -0.02081431
v -0.01242864 -0.05198750 -0.02161546
v -0.01641831 -0.04541198 0.02265369
v -0.01434466 -0.05214922 -0.02150995
v -0.02384202 -0.04640330 0.02215272
v -0.01947095 -0.05373663 -0.01981379
v -0.02051754 -0.05281621 -0.02080139
v -0.02320554 -0.05455198 -0.01835327
v -0.02660429 -0.05378739 -0.01966824
v -0.02980996 -0.04713943 0.02196634
v -0.02923590 -0.05375377 -0.01959738
v -0.02813058 -0.05510482 -0.01696194
v -0.03077033 -0.05459171 -0.01849087
v -0.03422213 -0.04785114 0.02171941
v -0.03536967 -0.05490487 -0.01472035
v -0.03275482 -0.05480139 -0.01054928
v -0.03450120 -0.05371340 -0.00760840
v -0.03468782 -0.05338306 -0.00237894
v -0.03774613 -0.04819092 0.02160636
v -0.03481036 -0.05402190 -0.01784364
v -0.03417694 -0.05489549 -0.01612045
v -0.03627730 -0.05455471 -0.01440097
v -0.03645024 -0.05299827 -0.00400601
v -0.03973336 -0.04839322 0.02146862
v -0.03698894 -0.05413287 -0.01680333
v -0.03812320 -0.05399168 -0.01429247
v -0.03802370 -0.05329748 -0.01015468
v -0.03829324 -0.05262662 -0.00632342
v -0.03771274 -0.05284637 -0.00753709
v -0.03891299 -0.05241631 -0.00440606
v -0.03853093 -0.05302402 0.00004692
v -0.04082433 -0.05223557 -0.00196426
v -0.04111670 -0.05213260 -0.00059140
v -0.04084562 -0.05273324 0.00492263
v -0.04323862 -0.05077974 0.01926245
v -0.04229801 -0.05190555 0.00121952
v -0.04299057 -0.05181581 0.00331463
v -0.04524452 -0.05075518 0.01901041
v -0.04516875 -0.04892774 0.02069783
v -0.04341153 -0.05218794 0.00729454
v -0.04691141 -0.05225631 0.01189883
v -0.04650651 -0.05219328 0.01370260
v -0.04565871 -0.05153587 0.01760915
v -0.04880741 -0.05124575 0.01046444
v -0.04729279 -0.05195979 0.01078087
v -0.04909743 -0.05059626 0.01600943
v -0.04914892 -0.05023642 0.01687180
v 0.06947324 -0.03545891 0.00863030
v 0.06848376 -0.03645854 0.01149982
v 0.07093729 -0.03319716 0.01048590
v 0.06899178 -0.03483809 0.01392254
v 0.06755783 -0.03782864 0.00236693
v 0.06862457 -0.03683501 0.00058021
v 0.06861798 -0.03644441 0.00947072
v 0.06635705 -0.03533330 0.01840471
v 0.06755926 -0.03883915 -0.01148580
v 0.06608142 -0.03958447 -0.00506299
v 0.06784987 -0.03842569 -0.00940500
v 0.06656122 -0.03888450 -0.00170382
v 0.06573813 -0.03394249 0.02011751
v 0.06383212 -0.03408183 0.02153558
v 0.06558535 -0.04055555 -0.01404733
v 0.06694733 -0.03926911 -0.01352752
v 0.06582473 -0.04039923 -0.00838586
v 0.06256004 -0.03475683 0.02200173
v 0.06567291 -0.03975649 -0.01565103
v 0.05967129 -0.03436111 0.02288200
v 0.06281290 -0.04056178 -0.01859604
v 0.06263882 -0.04213703 -0.01562923
v 0.06120564 -0.04232557 -0.01788198
v 0.05767387 -0.03449212 0.02314897
v 0.05567239 -0.03499749 0.02313983
v 0.05597856 -0.03427684 0.02322078
v 0.06029920 -0.04111248 -0.02019320
v 0.05909799 -0.04135862 -0.02084899
v 0.05375177 -0.03569318 0.02300193
v 0.04994419 -0.03736889 0.02277117
v 0.05260913 -0.04437285 -0.02188805
v 0.04567390 -0.03599496 0.02302987
v 0.04757959 -0.04507799 -0.02259199
v 0.03771600 -0.03697572 0.02278652
v 0.03430427 -0.03465703 0.02187711
v 0.03620697 -0.04616608 -0.02310857
v 0.02978334 -0.03798578 0.02233949
v 0.03356061 -0.04669725 -0.02329085
v 0.03055247 -0.04702773 -0.02367223
v 0.02493453 -0.03943328 0.02239602
v 0.02638921 -0.04568881 -0.02373619
v 0.02488317 -0.03676931 0.02219709
v 0.01961675 -0.04626044 -0.02327918
v 0.01382889 -0.03990245 0.02216476
v 0.00999152 -0.04177659 0.02210811
v 0.01367769 -0.04686283 -0.02310552
v 0.00781569 -0.04064391 0.02198980
v 0.00959165 -0.04801960 -0.02258134
v 0.00335424 -0.04139147 0.02225230
v 0.00538692 -0.04798429 -0.02252983
v 0.00312760 -0.04992110 -0.02199668
v 0.00152968 -0.04841294 -0.02235286
v -0.00353530 -0.04225518 0.02237543
v 0.00097517 -0.04988293 -0.02205741
v -0.00621766 -0.04219363 0.02255817
v -0.00788551 -0.04100799 0.02261966
v -0.00250832 -0.05068007 -0.02193753
v -0.00632243 -0.05127435 -0.02189792
v -0.00973473 -0.04092635 0.02263383
v -0.01618367 -0.04338249 0.02262803
v -0.01621597 -0.04878798 -0.02338258
v -0.02111640 -0.04198213 0.02227137
v -0.01813079 -0.05174546 -0.02168469
v -0.02567511 -0.04593719 0.02212692
v -0.02230437 -0.05299639 -0.02052785
v -0.02265075 -0.05120221 -0.02188796
v -0.02910832 -0.04539556 0.02224604
v -0.03002980 -0.04569390 0.02220326
v -0.02538128 -0.05224626 -0.02108794
v -0.02433571 -0.05066832 -0.02221711
v -0.03202676 -0.04539934 0.02222544
v -0.03482930 -0.04574928 0.02220235
v -0.03757512 -0.04809199 0.02164842
v -0.03226375 -0.05379314 -0.01936411
v -0.03518215 -0.04443521 0.02238254
v -0.03409073 -0.05230887 -0.02101916
v -0.03764232 -0.05042826 -0.02239351
v -0.04045753 -0.04801026 0.02164173
v -0.03687368 -0.05257429 -0.01991969
v -0.03927166 -0.05286570 -0.01891449
v -0.03745591 -0.05421395 -0.01579805
v -0.04237832 -0.05185382 -0.00793773
v -0.04166376 -0.05200576 -0.00745940
v -0.04033151 -0.05227809 -0.00662611
v -0.04012474 -0.05236001 -0.00317956
v -0.03771379 -0.05360018 -0.01808843
v -0.04225644 -0.05275896 -0.01459984
v -0.04320832 -0.05197639 -0.01065118
v -0.04442807 -0.05119539 -0.00270709
v -0.04450825 -0.05135971 0.00024471
v -0.04332619 -0.05170467 0.00310636
v -0.04640645 -0.04765046 0.02135873
v -0.04453677 -0.05112715 -0.00444494
v -0.04547146 -0.05128885 0.00434602
v -0.04589436 -0.05138981 0.00682918
v -0.04771617 -0.04857034 0.02042575
v -0.04762005 -0.05030649 0.00234149
v -0.04824499 -0.04964017 0.01898450
v -0.04904812 -0.04767249 0.02083196
v -0.04901877 -0.05003585 0.00552518
v -0.05101526 -0.04989293 0.01009998
v -0.05105689 -0.05023578 0.01420618
v -0.05110631 -0.04926027 0.01724626
v -0.05149892 -0.04649972 0.02074867
v -0.05232314 -0.04937281 0.01182757
v 0.07100478 -0.03309627 0.01052040
v 0.07040409 -0.03284309 0.01380891
v 0.07085379 -0.03264848 0.01246863
v 0.06935349 -0.03571594 0.00358666
v 0.07041644 -0.03487725 -0.00124092
v 0.06964338 -0.03531819 0.00468458
v 0.06944793 -0.03550069 0.00845931
v 0.06833101 -0.03434150 0.01646902
v 0.06981081 -0.03270283 0.01577280
v 0.06786687 -0.03326250 0.01845804
v 0.06989147 -0.03602613 -0.00801885
v 0.06956642 -0.03652924 -0.01158310
v 0.07071669 -0.03522710 -0.00944421
v 0.06803235 -0.03762261 -0.00508748
v 0.06909555 -0.03649157 -0.00316371
v 0.06858506 -0.03697166 -0.00124070
v 0.06764241 -0.03162710 0.02006041
v 0.06860114 -0.03760821 -0.01269925
v 0.06893603 -0.03700739 -0.01360636
v 0.06786869 -0.03742353 -0.01566979
v 0.06491717 -0.03188122 0.02171911
v 0.06633097 -0.03916574 -0.01557886
v 0.06235676 -0.03178494 0.02298698
v 0.06463575 -0.03982855 -0.01723461
v 0.06362799 -0.03854265 -0.02011544
v 0.05940726 -0.03270754 0.02327326
v 0.06005108 -0.03167025 0.02338560
v 0.06142542 -0.04046624 -0.01997554
v 0.05533687 -0.03274655 0.02344369
v 0.05333759 -0.03298035 0.02346204
v 0.05776925 -0.04090841 -0.02185984
v 0.05142644 -0.03313120 0.02344650
v 0.05572936 -0.04066136 -0.02259778
v 0.04801148 -0.03349009 0.02328996
v 0.04475809 -0.03399802 0.02302394
v 0.04759289 -0.04211024 -0.02337025
v 0.04144159 -0.03449891 0.02276729
v 0.04284662 -0.04523146 -0.02296889
v 0.04129682 -0.03290952 0.02245811
v 0.04125769 -0.04312274 -0.02335924
v 0.03673705 -0.03299949 0.02156921
v 0.03772511 -0.04542001 -0.02318299
v 0.02969680 -0.03586731 0.02188137
v 0.03326595 -0.04288987 -0.02407702
v 0.02696851 -0.03655994 0.02220460
v 0.02541030 -0.03638449 0.02215604
v 0.02721570 -0.04166964 -0.02403841
v 0.02156416 -0.03697092 0.02201919
v 0.02173075 -0.04389925 -0.02324067
v 0.01550622 -0.03775200 0.02191613
v 0.01240881 -0.03674833 0.02158667
v 0.01524368 -0.04286480 -0.02335546
v 0.00854831 -0.03857385 0.02184635
v 0.00774347 -0.03975157 0.02195704
v 0.00739496 -0.03865310 0.02192596
v 0.01128097 -0.04821929 -0.02279123
v 0.00718648 -0.04508235 -0.02351525
v 0.00009040 -0.03943287 0.02229568
v -0.00245501 -0.03974437 0.02246342
v -0.00520599 -0.04017013 0.02239096
v -0.00339199 -0.04857392 -0.02256908
v -0.01045655 -0.04067447 0.02257238
v -0.00680240 -0.04747004 -0.02304288
v -0.01086253 -0.04713066 -0.02321287
v -0.01352947 -0.03991132 0.02247994
v -0.01138600 -0.05001043 -0.02256454
v -0.01696533 -0.04143163 0.02263900
v -0.01681890 -0.05039825 -0.02235780
v -0.02414963 -0.04307316 0.02204495
v -0.02527981 -0.04059905 0.02178496
v -0.02043222 -0.04907702 -0.02306028
v -0.02288627 -0.04868040 -0.02316730
v -0.02704772 -0.04112665 0.02192277
v -0.02832579 -0.04282716 0.02214271
v -0.02934695 -0.04020919 0.02192366
v -0.02989718 -0.05184651 -0.02139288
v -0.03638246 -0.04378915 0.02228788
v -0.03242042 -0.05184188 -0.02146392
v -0.03395743 -0.04934551 -0.02307557
v -0.04140569 -0.04623013 0.02211100
v -0.03619175 -0.05243124 -0.02021580
v -0.03893038 -0.05014265 -0.02254105
v -0.04374145 -0.04467737 0.02213855
v -0.04034156 -0.05112417 -0.02104322
v -0.04102208 -0.05117562 -0.02085948
v -0.04362165 -0.05148605 -0.01974794
v -0.04443954 -0.05234939 -0.01651315
v -0.04500682 -0.05216443 -0.01462660
v -0.04432909 -0.05164224 -0.00984378
v -0.04471705 -0.05117735 -0.00643939
v -0.04830225 -0.04528009 0.02178521
v -0.04341076 -0.05199612 -0.01880156
v -0.04625635 -0.05065797 -0.00370531
v -0.04644912 -0.05134226 -0.01768700
v -0.04776896 -0.05121866 -0.01580064
v -0.04823539 -0.05046630 -0.01099350
v -0.04665050 -0.05085617 -0.00942999
v -0.04940293 -0.04983082 -0.00704888
v -0.04996061 -0.04945978 -0.00224200
v -0.04964784 -0.04981248 0.00190038
v -0.04990250 -0.04975144 0.00403908
v -0.04832856 -0.05062554 0.00735714
v -0.04787359 -0.05119448 -0.01585912
v -0.05129659 -0.04918852 0.00011379
v -0.05204767 -0.04875942 0.00346971
v -0.05283610 -0.04813843 0.00749012
v -0.05269789 -0.04881482 0.00943928
v -0.05329992 -0.04874438 0.01128020
v -0.05283290 -0.04878592 0.01564257
v -0.05434893 -0.04784727 0.01653617
v -0.05393968 -0.04633606 0.01933346
v -0.05515534 -0.04744630 0.01323538
v -0.05566049 -0.04707723 0.01516046
v -0.05505268 -0.04680166 0.01722682
v 0.07248370 -0.03166488 -0.00021484
v 0.07149380 -0.03310368 0.00276198
v 0.07219043 -0.03205172 0.00236988
v 0.07125151 -0.03309870 0.00632764
v 0.07194531 -0.03029278 0.01404445
v 0.06994514 -0.03116123 0.01777439
v 0.06933096 -0.02952349 0.01976809
v 0.07031604 -0.03525335 -0.00563436
v 0.07176929 -0.03380489 -0.00928837
v 0.07048497 -0.03487907 -0.00308542
v 0.06958114 -0.03642625 -0.01275157
v 0.07058647 -0.03479132 -0.01372054
v 0.06544537 -0.03118014 0.02176597
v 0.06715860 -0.02951168 0.02155625
v 0.06586403 -0.02945505 0.02224516
v 0.06813098 -0.03708427 -0.01573075
v 0.06644287 -0.03785958 -0.01775272
v 0.06650715 -0.03608692 -0.01969659
v 0.06122301 -0.03112614 0.02327082
v 0.06222541 -0.02968535 0.02326046
v 0.06461283 -0.03765758 -0.02015558
v 0.06576422 -0.03638828 -0.02019545
v 0.06267189 -0.03701339 -0.02182976
v 0.05557547 -0.02894531 0.02370263
v 0.05762545 -0.03780205 -0.02303616
v 0.05685283 -0.03792231 -0.02321785
v 0.05107742 -0.03121900 0.02340021
v 0.05445039 -0.03997941 -0.02311367
v 0.05115913 -0.03874641 -0.02383607
v 0.04626309 -0.03185638 0.02283191
v 0.04969399 -0.03926328 -0.02390582
v 0.04655560 -0.03926107 -0.02385250
v 0.03926965 -0.03283996 0.02199333
v 0.04093612 -0.03988278 -0.02369716
v 0.03337195 -0.03365762 0.02123994
v 0.03137137 -0.03388992 0.02126879
v 0.02822708 -0.03419842 0.02114797
v 0.03185271 -0.04201676 -0.02432772
v 0.02339644 -0.03485249 0.02115534
v 0.02452534 -0.04204933 -0.02344805
v 0.01990197 -0.03511395 0.02100312
v 0.01912623 -0.03523360 0.02104027
v 0.02092686 -0.04220179 -0.02338121
v 0.01617553 -0.03554531 0.02097300
v 0.01728420 -0.04447358 -0.02331906
v 0.01140493 -0.03625862 0.02123911
v 0.01485008 -0.04311618 -0.02336990
v 0.00812045 -0.03669998 0.02135623
v 0.01095635 -0.04340089 -0.02349861
v 0.00669540 -0.03605988 0.02125152
v 0.00394915 -0.03655011 0.02155027
v 0.00317206 -0.04396248 -0.02327223
v -0.00092494 -0.03765522 0.02201528
v -0.00066914 -0.04457421 -0.02321485
v -0.00634618 -0.03827783 0.02179700
v -0.00884072 -0.03840127 0.02190996
v -0.01066984 -0.03873455 0.02210806
v -0.00903786 -0.04573736 -0.02330412
v -0.01608769 -0.03935548 0.02221765
v -0.01431166 -0.04763192 -0.02364336
v -0.01824994 -0.03873519 0.02200747
v -0.02263706 -0.04017046 0.02198815
v -0.01686178 -0.04671370 -0.02384034
v -0.02500895 -0.04763471 -0.02334448
v -0.03195313 -0.04137095 0.02202470
v -0.03108866 -0.04961470 -0.02280832
v -0.03413767 -0.04080204 0.02204300
v -0.03556330 -0.04885388 -0.02324033
v -0.03925359 -0.04181988 0.02233230
v -0.04447076 -0.04391994 0.02219483
v -0.04059252 -0.04084395 0.02235220
v -0.04659533 -0.04355192 0.02223429
v -0.04326386 -0.04953573 -0.02206478
v -0.04800837 -0.04265030 0.02229365
v -0.04483506 -0.05149111 -0.01905725
v -0.04521202 -0.04972876 -0.02146408
v -0.05038461 -0.04472348 0.02157772
v -0.04927707 -0.04236967 0.02221484
v -0.04697559 -0.04883997 -0.02187527
v -0.05407377 -0.04282631 0.02144709
v -0.05020664 -0.04982677 -0.01854662
v -0.04801272 -0.05033003 -0.01904893
v -0.04971398 -0.05063800 -0.01564874
v -0.05007199 -0.04989911 -0.01051183
v -0.04894840 -0.05011384 -0.00968840
v -0.05150176 -0.04922443 -0.00323822
v -0.05449669 -0.04381321 0.02093662
v -0.05235361 -0.04907919 -0.01212424
v -0.05265711 -0.04870028 -0.00834962
v -0.05516097 -0.04785713 -0.00550966
v -0.05469563 -0.04787100 -0.00254426
v -0.05561932 -0.04703519 0.00224911
v -0.05472411 -0.04733995 0.00715837
v -0.05610695 -0.04606307 0.01728859
v -0.05503608 -0.04490780 0.02005368
v -0.05304963 -0.04863810 -0.00872513
v -0.05561184 -0.04677614 0.00493965
v -0.05654086 -0.04627073 0.00882328
v -0.05716974 -0.04604021 0.01074793
v -0.05595514 -0.04703708 0.01126068
v -0.05763927 -0.04579934 0.01472654
v 0.07302612 -0.03058248 0.00332383
v 0.07269088 -0.03094885 0.00571795
v 0.07348871 -0.02956778 0.00420926
v 0.07233635 -0.03095694 0.01017222
v 0.07437716 -0.02703895 0.00736721
v 0.07261729 -0.03047518 0.01036115
v 0.07146968 -0.02994801 0.01620088
v 0.07063279 -0.02974797 0.01813116
v 0.07218826 -0.02795720 0.01737161
v 0.07257209 -0.03262935 -0.00863465
v 0.07305636 -0.03165910 -0.01181687
v 0.07417910 -0.02984496 -0.00856511
v 0.07236238 -0.03265822 -0.00519598
v 0.07333121 -0.03116600 -0.00575897
v 0.07318341 -0.03087055 -0.00378406
v 0.07204090 -0.03261658 -0.00164655
v 0.07092659 -0.02706883 0.01967084
v 0.06897976 -0.02954965 0.02011587
v 0.07154527 -0.03319431 -0.01378816
v 0.07133265 -0.03437010 -0.01165617
v 0.06817952 -0.02699525 0.02171690
v 0.06972862 -0.03516552 -0.01572884
v 0.06807102 -0.03565457 -0.01793704
v 0.06974555 -0.03320640 -0.01782611
v 0.06483014 -0.02752073 0.02288527
v 0.06294291 -0.02802580 0.02324968
v 0.06743647 -0.03416927 -0.02030735
v 0.05876335 -0.02823020 0.02365287
v 0.05897012 -0.02751442 0.02366531
v 0.06214293 -0.03514649 -0.02262687
v 0.06113877 -0.03805724 -0.02205104
v 0.05663534 -0.03597752 -0.02364827
v 0.05283798 -0.02760187 0.02344506
v 0.05404443 -0.03705018 -0.02395331
v 0.04737575 -0.02987605 0.02247307
v 0.05026626 -0.03780232 -0.02404073
v 0.05013635 -0.03659107 -0.02404348
v 0.04423337 -0.03024241 0.02186679
v 0.04466064 -0.03740473 -0.02370777
v 0.04235083 -0.03891605 -0.02370800
v 0.04015438 -0.03080564 0.02102488
v 0.03348187 -0.03189735 0.01989078
v 0.03573645 -0.03072814 0.01904872
v 0.03864532 -0.04047303 -0.02372105
v 0.03155751 -0.03186494 0.01987026
v 0.03525709 -0.04051451 -0.02403470
v 0.03391364 -0.04103600 -0.02418256
v 0.02888130 -0.04094075 -0.02428844
v 0.02667842 -0.03234941 0.01915069
v 0.02419286 -0.03185420 0.01820675
v 0.02130922 -0.03467679 0.02077588
v 0.01903831 -0.03275076 0.01831016
v 0.01915914 -0.04230870 -0.02338145
v 0.02229392 -0.04064083 -0.02326954
v 0.01325136 -0.03441424 0.01969372
v 0.01505664 -0.03305333 0.01823963
v 0.00945189 -0.03450554 0.01963564
v 0.00801209 -0.03418502 0.01950096
v 0.00739091 -0.04429802 -0.02366481
v 0.00322193 -0.03528575 0.02062679
v 0.00685845 -0.04375113 -0.02359546
v 0.00279247 -0.03547134 0.02071138
v 0.00268835 -0.04232937 -0.02342484
v -0.00271118 -0.03573120 0.02079673
v -0.00755539 -0.03614149 0.02033913
v -0.00595336 -0.04587692 -0.02323684
v -0.01202680 -0.03704034 0.02106690
v -0.01479801 -0.03702804 0.02103662
v -0.01100679 -0.04250665 -0.02308362
v -0.01425486 -0.04488343 -0.02373994
v -0.01884723 -0.03776819 0.02145047
v -0.02116583 -0.04593470 -0.02348520
v -0.02525741 -0.03822388 0.02120874
v -0.02635029 -0.04795633 -0.02338836
v -0.02885661 -0.04870262 -0.02312705
v -0.03487280 -0.03960231 0.02184986
v -0.03676403 -0.03770500 0.02183596
v -0.03359629 -0.04849791 -0.02335900
v -0.03891681 -0.04001719 0.02225332
v -0.03935460 -0.04006567 0.02227445
v -0.03551557 -0.04515986 -0.02418973
v -0.04291567 -0.04048445 0.02229240
v -0.04116754 -0.04829718 -0.02335299
v -0.04421730 -0.04962558 -0.02176328
v -0.04617244 -0.04704942 -0.02319975
v -0.05159244 -0.04092464 0.02218843
v -0.04989614 -0.04703217 -0.02233271
v -0.05307009 -0.04830902 -0.01920174
v -0.05167447 -0.04911184 -0.01866518
v -0.05210021 -0.04924257 -0.01294005
v -0.05714335 -0.04229339 0.02107658
v -0.05475013 -0.04811750 -0.01711878
v -0.05339032 -0.04894942 -0.01628310
v -0.05479128 -0.04809979 -0.01264530
v -0.05466985 -0.04817082 -0.01044903
v -0.05537089 -0.04776378 -0.00984846
v -0.05564351 -0.04752357 -0.00138293
v -0.05578328 -0.04731184 -0.00013926
v -0.05653494 -0.04623793 0.00397045
v -0.05751605 -0.04502676 0.00649725
v -0.05782876 -0.04565611 0.01156261
v -0.05756084 -0.04562616 0.01573031
v -0.05772208 -0.04442040 0.01823384
v -0.05863199 -0.04272143 0.02026875
v -0.05933970 -0.04171399 0.02103010
v -0.05709974 -0.04656057 -0.00545421
v -0.05958291 -0.04452713 0.01226710
v -0.05948165 -0.04446371 0.01549145
v -0.06045093 -0.04385891 0.01409919
v 0.07339080 -0.02869469 0.01113236
v 0.07419114 -0.02719667 0.00960936
v 0.07340879 -0.02783629 0.01384842
v 0.07436596 -0.02587910 0.01396606
v 0.07351571 -0.02635271 0.01596454
v 0.07293847 -0.02453816 0.01879599
v 0.07388426 -0.02964207 -0.00441912
v 0.07427519 -0.02904527 -0.00594697
v 0.07350771 -0.02980987 0.00031558
v 0.07448048 -0.02807139 0.00004554
v 0.07352957 -0.03072905 -0.01262736
v 0.07408253 -0.02879410 -0.01397814
v 0.07317970 -0.03049886 -0.01430166
v 0.07390128 -0.03004191 -0.01195710
v 0.07028857 -0.02475844 0.02122137
v 0.06819577 -0.02477766 0.02220718
v 0.07207416 -0.03173739 -0.01494387
v 0.07156972 -0.03114123 -0.01642867
v 0.07047274 -0.03002814 -0.02001689
v 0.06542327 -0.02642818 0.02281778
v 0.06559535 -0.02457355 0.02292371
v 0.06809343 -0.03365557 -0.02016136
v 0.06752791 -0.03213375 -0.02176464
v 0.06302879 -0.03705424 -0.02175237
v 0.06125513 -0.03337162 -0.02331390
v 0.05450613 -0.02670524 0.02359139
v 0.05441693 -0.03426463 -0.02404716
v 0.04888569 -0.02784423 0.02244912
v 0.05353944 -0.03436681 -0.02403633
v 0.04537233 -0.02821497 0.02088851
v 0.04945334 -0.03408892 -0.02383673
v 0.04297910 -0.02929359 0.02074711
v 0.04448609 -0.02777854 0.02014687
v 0.03913817 -0.03068765 0.02047172
v 0.04233525 -0.03556768 -0.02324312
v 0.03591612 -0.02913346 0.01610493
v 0.03804340 -0.02943938 0.01815825
v 0.04207650 -0.03559840 -0.02324365
v 0.03526711 -0.03005376 0.01786529
v 0.03733782 -0.03643205 -0.02331404
v 0.03170370 -0.02990768 0.01778135
v 0.03463490 -0.03846229 -0.02383124
v 0.02928568 -0.03209608 0.01945542
v 0.03193657 -0.03764707 -0.02349571
v 0.02737309 -0.03105005 0.01703058
v 0.02744062 -0.03105151 0.01638614
v 0.03082430 -0.03013726 0.01747204
v 0.02471317 -0.03157239 0.01774177
v 0.02833138 -0.03885082 -0.02359092
v 0.02494780 -0.03120589 0.01509148
v 0.02754774 -0.03724373 -0.02277129
v 0.02691142 -0.04008821 -0.02380559
v 0.02629916 -0.03738958 -0.02275878
v 0.02270338 -0.03158965 0.01652965
v 0.02155774 -0.03168226 0.01639609
v 0.02467102 -0.03935794 -0.02313144
v 0.02085693 -0.03174317 0.01638351
v 0.02470701 -0.03682547 -0.02231123
v 0.01734120 -0.03268056 0.01805791
v 0.01722241 -0.03199589 0.01637593
v 0.01780049 -0.03894019 -0.02270773
v 0.01336615 -0.03294188 0.01760302
v 0.01226100 -0.03278464 0.01714725
v 0.01680777 -0.03967828 -0.02302714
v 0.00931197 -0.03430835 0.01933296
v 0.01233317 -0.04044829 -0.02352124
v 0.00345963 -0.03318951 0.01865991
v 0.00640044 -0.03983688 -0.02333504
v -0.00055142 -0.03560934 0.02076222
v -0.00048928 -0.03352774 0.01831519
v 0.00241797 -0.04032010 -0.02340517
v 0.00119196 -0.04067949 -0.02336382
v -0.00279745 -0.03291978 0.01756541
v -0.00076664 -0.04293693 -0.02325366
v -0.00484490 -0.03493386 0.01970474
v -0.00484357 -0.03444926 0.01906607
v 0.00057494 -0.03851579 -0.02287147
v -0.00793626 -0.03414631 0.01787618
v -0.00250855 -0.04334268 -0.02326583
v -0.00883026 -0.03510807 0.01923605
v -0.00451558 -0.04114907 -0.02286531
v -0.01023984 -0.03488121 0.01904527
v -0.01225797 -0.03485952 0.01912836
v -0.01612275 -0.03491523 0.01950509
v -0.01696042 -0.03571148 0.02015401
v -0.01356301 -0.04220905 -0.02338884
v -0.01880658 -0.03581675 0.02013985
v -0.02096453 -0.03573366 0.02014793
v -0.02288324 -0.03630155 0.02034629
v -0.01904983 -0.04290152 -0.02365920
v -0.01952865 -0.04441998 -0.02365816
v -0.02442660 -0.03660566 0.02030857
v -0.02102147 -0.04321906 -0.02358491
v -0.02855081 -0.03702073 0.02071452
v -0.02497267 -0.04697819 -0.02340726
v -0.03369327 -0.03721399 0.02124831
v -0.02950636 -0.04413859 -0.02365308
v -0.04092054 -0.03757572 0.02210988
v -0.04300904 -0.03811577 0.02214736
v -0.04133827 -0.04586589 -0.02405260
v -0.04753104 -0.03822064 0.02244311
v -0.04358431 -0.04568872 -0.02398282
v -0.05190040 -0.03944038 0.02244665
v -0.05517594 -0.03986335 0.02231029
v -0.05135207 -0.04641777 -0.02236809
v -0.05376010 -0.04655954 -0.02127473
v -0.05452874 -0.04746936 -0.01963300
v -0.05718495 -0.04014091 0.02193604
v -0.05912026 -0.04042527 0.02196292
v -0.05613499 -0.04704635 -0.01747908
v -0.05622588 -0.04735243 -0.01523316
v -0.05717800 -0.04686032 -0.00937406
v -0.05796152 -0.04606589 -0.00569886
v -0.05883832 -0.04507679 -0.00175765
v -0.05859252 -0.04515775 0.00093546
v -0.05898131 -0.04421282 0.00536199
v -0.05913687 -0.04412196 0.00829601
v -0.06062374 -0.04311976 0.01682977
v -0.06101964 -0.04076819 0.02116274
v -0.05857472 -0.04602786 -0.01385637
v -0.06050390 -0.04281890 0.00783596
v -0.06059268 -0.04376817 0.01297223
v -0.06254475 -0.04163674 0.01726643
v -0.06190229 -0.04118783 0.01969001
v -0.06185630 -0.04240941 0.01167291
v -0.06261174 -0.04206524 0.01383968
v -0.06265757 -0.04184798 0.01557236
v 0.07448855 -0.02756103 0.00249703
v 0.07515025 -0.02567227 0.00181925
v 0.07440025 -0.02731048 0.00601736
v 0.07620749 -0.02308742 0.00284068
v 0.07617892 -0.02317081 0.00441349
v 0.07436769 -0.02385327 0.01709981
v 0.07302146 -0.02312103 0.01951003
v 0.07235626 -0.02416276 0.01970652
v 0.07405044 -0.02993552 -0.01131410
v 0.07487547 -0.02791710 -0.01214194
v 0.07613506 -0.02526354 -0.01116157
v 0.07437438 -0.02933006 -0.00791752
v 0.07597463 -0.02561519 -0.01008157
v 0.07069708 -0.02334405 0.02135225
v 0.06797661 -0.02151655 0.02256338
v 0.06631085 -0.02338837 0.02283696
v 0.06934342 -0.03186541 -0.02037209
v 0.06922900 -0.02970237 -0.02156665
v 0.06317865 -0.02345572 0.02338508
v 0.06554636 -0.03036412 -0.02306077
v 0.06228402 -0.03319063 -0.02310844
v 0.06022674 -0.03306543 -0.02361028
v 0.05826542 -0.02344211 0.02361739
v 0.05584627 -0.02362491 0.02338385
v 0.05984046 -0.02974827 -0.02392133
v 0.05080885 -0.02523530 0.02231242
v 0.05745858 -0.03097260 -0.02391796
v 0.05863463 -0.03337275 -0.02379805
v 0.05284804 -0.03329136 -0.02399796
v 0.04721654 -0.02716979 0.02106094
v 0.04714337 -0.03504328 -0.02372370
v 0.04187471 -0.02753758 0.01829168
v 0.04478848 -0.02653703 0.01887358
v 0.04387019 -0.03493027 -0.02334955
v 0.04401204 -0.03326719 -0.02284428
v 0.03966920 -0.02759865 0.01600638
v 0.03749463 -0.02840320 0.01383251
v 0.03805559 -0.02818513 0.01377813
v 0.03730156 -0.02880721 0.01643826
v 0.04141742 -0.03427072 -0.02283289
v 0.03565765 -0.02867915 0.01235186
v 0.03803202 -0.03591842 -0.02321713
v 0.03532125 -0.02889016 0.01490693
v 0.03745991 -0.03371984 -0.02209835
v 0.03594210 -0.03412007 -0.02218049
v 0.03181838 -0.02943997 0.01124267
v 0.03188597 -0.02941010 0.01055713
v 0.03212906 -0.02930171 0.00993146
v 0.03240056 -0.03651914 -0.02315996
v 0.03394724 -0.03435686 -0.02220064
v 0.02984183 -0.02959185 0.01093755
v 0.03056385 -0.02968754 0.01334153
v 0.03045114 -0.03673774 -0.02280223
v 0.02851373 -0.02971492 0.01100657
v 0.02831254 -0.03067502 0.01481573
v 0.02737687 -0.02993067 0.01145065
v 0.02375132 -0.03074824 0.01246709
v 0.02473336 -0.03037664 0.01116115
v 0.02135912 -0.03122420 0.01428093
v 0.01853737 -0.03095731 0.01331864
v 0.02006682 -0.03646769 -0.02147513
v 0.02389466 -0.03542184 -0.02146420
v 0.01808149 -0.03175124 0.01605041
v 0.01813445 -0.03060097 0.01231167
v 0.01891973 -0.03783535 -0.02215964
v 0.01548887 -0.03093866 0.01344934
v 0.01144134 -0.03121362 0.01417319
v 0.01629719 -0.03752214 -0.02240027
v 0.01251754 -0.03883008 -0.02312307
v 0.00944959 -0.03146633 0.01434490
v 0.01071795 -0.03215065 0.01590319
v 0.01193626 -0.03690683 -0.02184660
v 0.00776529 -0.03320751 0.01734631
v 0.00736246 -0.03113513 0.01399223
v 0.00856322 -0.03910474 -0.02307025
v 0.00521567 -0.03159932 0.01503559
v 0.00797791 -0.03742112 -0.02213450
v 0.00327312 -0.03232957 0.01728543
v 0.00505194 -0.04005401 -0.02341278
v 0.00256730 -0.03199840 0.01612951
v -0.00082021 -0.03331838 0.01793535
v -0.00325051 -0.03150169 0.01554076
v -0.00482567 -0.03277767 0.01673563
v -0.00681056 -0.03302818 0.01663777
v -0.00879795 -0.03327579 0.01656015
v -0.00598148 -0.03908020 -0.02228826
v -0.00678382 -0.03947849 -0.02247306
v -0.00901639 -0.03342679 0.01675704
v -0.00899822 -0.03982523 -0.02260805
v -0.01240408 -0.03399514 0.01764716
v -0.01058472 -0.03943564 -0.02244909
v -0.01178724 -0.04117340 -0.02296845
v -0.01623274 -0.03381911 0.01808570
v -0.01650390 -0.04233566 -0.02364179
v -0.02103985 -0.03330362 0.01820531
v -0.01586208 -0.04040254 -0.02313661
v -0.02503192 -0.03483045 0.01880802
v -0.02710967 -0.03514229 0.01892667
v -0.02919306 -0.03502082 0.01880737
v -0.03169512 -0.03532438 0.01955727
v -0.03195972 -0.03718477 0.02085987
v -0.03161861 -0.04465743 -0.02380281
v -0.03438411 -0.04416627 -0.02416391
v -0.03785532 -0.03437057 0.02099168
v -0.04093442 -0.04404230 -0.02434944
v -0.04745978 -0.03693415 0.02236068
v -0.04935389 -0.03635178 0.02259137
v -0.05134508 -0.03838472 0.02258297
v -0.05289201 -0.03729004 0.02285540
v -0.04959785 -0.04460352 -0.02329558
v -0.05360843 -0.04463809 -0.02302213
v -0.05843264 -0.03683219 0.02290000
v -0.05596230 -0.04647351 -0.01942276
v -0.05611306 -0.04479689 -0.02126430
v -0.06141302 -0.03872320 0.02201825
v -0.05738072 -0.04481957 -0.01998931
v -0.05750246 -0.04674585 -0.01058247
v -0.05808826 -0.04592563 -0.00566632
v -0.05844180 -0.04547707 -0.00422527
v -0.06177805 -0.04185797 -0.00082178
v -0.06135911 -0.04254747 0.01007569
v -0.06343343 -0.03927962 0.02041769
v -0.05946897 -0.04500184 -0.01612187
v -0.05954930 -0.04538969 -0.01440630
v -0.06226790 -0.04307122 -0.01164266
v -0.06118906 -0.04375656 -0.01043544
v -0.06191065 -0.04155051 -0.00400403
v -0.06401326 -0.04038082 0.01228309
v -0.06221723 -0.04320673 -0.01236669
v 0.07558762 -0.02450890 0.00788180
v 0.07623423 -0.02290187 0.00562659
v 0.07580519 -0.02396330 0.00888362
v 0.07536943 -0.02466777 0.01106260
v 0.07711314 -0.02076449 0.00968527
v 0.07628251 -0.02216020 0.01238523
v 0.07523262 -0.02340860 0.01476431
v 0.07634390 -0.02162550 0.01359947
v 0.07482539 -0.02229211 0.01722455
v 0.07555295 -0.02580186 -0.00680289
v 0.07479281 -0.02766405 -0.00596416
v 0.07576242 -0.02485790 -0.00636483
v 0.07523416 -0.02630360 -0.00206297
v 0.07583373 -0.02421749 -0.00237667
v 0.07547766 -0.02490594 0.00058857
v 0.07413370 -0.02054655 0.01932393
v 0.07589190 -0.02503084 -0.01361579
v 0.07474153 -0.02637259 -0.01516086
v 0.07205531 -0.02087806 0.02100396
v 0.07310135 -0.02859380 -0.01629493
v 0.07416117 -0.02665095 -0.01648391
v 0.07142826 -0.02932686 -0.01847301
v 0.07117168 -0.02753044 -0.02063763
v 0.06684774 -0.03045810 -0.02274549
v 0.06378351 -0.01999567 0.02349732
v 0.05996444 -0.02199286 0.02351960
v 0.06384257 -0.02937846 -0.02347718
v 0.06244564 -0.02911925 -0.02366382
v 0.05985427 -0.02952791 -0.02394991
v 0.05407239 -0.02281708 0.02272060
v 0.05346500 -0.03229816 -0.02396159
v 0.05023825 -0.02318613 0.02077681
v 0.05189647 -0.02910498 -0.02312081
v 0.04680516 -0.02520036 0.01938748
v 0.04688962 -0.02419441 0.01836520
v 0.04740367 -0.02411519 0.01902747
v 0.04975653 -0.03057615 -0.02299903
v 0.04815108 -0.03111404 -0.02295857
v 0.04364576 -0.02603964 0.01723889
v 0.04081255 -0.02613667 0.01180500
v 0.04473163 -0.02483400 0.01616508
v 0.03969683 -0.02659222 0.00975153
v 0.03971609 -0.02659740 0.00999748
v 0.04064680 -0.02708179 0.01574228
v 0.04298471 -0.03282740 -0.02245105
v 0.03711084 -0.02821537 0.01158594
v 0.03712826 -0.02733470 0.00630020
v 0.03606477 -0.02792348 0.00747927
v 0.03596526 -0.03183507 -0.02064362
v 0.03454243 -0.02840426 0.00328474
v 0.03550152 -0.02798948 0.00535860
v 0.03526293 -0.02844337 0.00926381
v 0.03303317 -0.02905931 -0.00087580
v 0.03410666 -0.02877156 -0.00144504
v 0.03474696 -0.02850069 0.00060283
v 0.03283230 -0.02913627 0.00114608
v 0.03107763 -0.02946010 -0.00106044
v 0.03129505 -0.02950258 -0.00393702
v 0.03144407 -0.02911517 0.00657994
v 0.03064877 -0.03282145 -0.02054963
v 0.03187552 -0.03267751 -0.02074952
v 0.03035769 -0.02966575 0.00101778
v 0.02785110 -0.02937709 0.00703654
v 0.02911862 -0.03339667 -0.02047922
v 0.02761665 -0.03051628 -0.00540876
v 0.02799556 -0.03055518 -0.00728713
v 0.02901928 -0.02975261 -0.00196608
v 0.02554860 -0.02940302 0.00717596
v 0.02771148 -0.03439577 -0.02117532
v 0.02567023 -0.03099417 -0.00558118
v 0.02589535 -0.03093822 -0.00741372
v 0.02596720 -0.02997746 0.00011120
v 0.02466924 -0.02975591 0.00842123
v 0.02515755 -0.03234606 -0.01803182
v 0.02368136 -0.03111346 -0.00581042
v 0.02410587 -0.03002936 0.00059587
v 0.02287052 -0.02968430 0.00456851
v 0.02671719 -0.03384218 -0.02062124
v 0.02146782 -0.03110862 -0.00404964
v 0.02165429 -0.03118548 -0.00604756
v 0.02139256 -0.03061241 -0.00136560
v 0.02149962 -0.02982776 0.00681632
v 0.02158439 -0.03002991 0.00864805
v 0.02127482 -0.03328189 -0.01881418
v 0.01935911 -0.03127491 -0.00406737
v 0.01918123 -0.03091813 -0.00232259
v 0.01890072 -0.02983861 0.00829648
v 0.01851219 -0.03002794 0.00360152
v 0.01835764 -0.03464151 -0.02007522
v 0.01650317 -0.02993174 0.00475179
v 0.01561701 -0.02952181 0.00925872
v 0.01672696 -0.02965085 0.00731759
v 0.01732038 -0.03380071 -0.01913362
v 0.01413504 -0.02964430 0.01108475
v 0.01216554 -0.03050897 0.01319214
v 0.01521728 -0.03556105 -0.02117830
v 0.01278648 -0.02954452 0.01094302
v 0.01342127 -0.03438376 -0.01989979
v 0.00954789 -0.03600443 -0.02113037
v 0.00757222 -0.03021652 0.01220631
v 0.00847251 -0.02984217 0.01057821
v 0.00947774 -0.03491526 -0.02030735
v 0.00545562 -0.03025946 0.01215993
v 0.00595092 -0.03740750 -0.02235180
v 0.00329839 -0.03072258 0.01400093
v 0.00558633 -0.03550724 -0.02113560
v 0.00132340 -0.03055940 0.01327405
v 0.00274636 -0.03137022 0.01502970
v 0.00380263 -0.03745560 -0.02240287
v 0.00026777 -0.03221405 0.01605190
v -0.00162423 -0.02987932 0.01245116
v -0.00416548 -0.03068275 0.01376047
v -0.00041676 -0.03654114 -0.02219359
v -0.00275427 -0.03703228 -0.02217389
v -0.00648919 -0.03013924 0.01356142
v -0.00883465 -0.03144258 0.01463795
v -0.01022742 -0.03154305 0.01466387
v -0.01324917 -0.03144875 0.01420924
v -0.01570786 -0.03234323 0.01569395
v -0.01675407 -0.03162897 0.01479808
v -0.01945706 -0.03199117 0.01619702
v -0.02089969 -0.03171719 0.01612745
v -0.01893476 -0.04060483 -0.02318649
v -0.02060103 -0.04160876 -0.02349595
v -0.02676285 -0.03351829 0.01699353
v -0.02503969 -0.04172272 -0.02329856
v -0.03118899 -0.03369229 0.01779591
v -0.03275987 -0.03368956 0.01840464
v -0.02833696 -0.04183092 -0.02361521
v -0.03559316 -0.03389323 0.01980778
v -0.03399828 -0.04082892 -0.02377345
v -0.03388302 -0.04065776 -0.02373845
v -0.03639377 -0.04190376 -0.02426840
v -0.04142597 -0.03442888 0.02150156
v -0.03995646 -0.04139633 -0.02427127
v -0.04594654 -0.03327570 0.02191503
v -0.04773134 -0.03492659 0.02236672
v -0.04504255 -0.04213194 -0.02430711
v -0.05353665 -0.03489474 0.02326316
v -0.05000167 -0.04250873 -0.02378574
v -0.05612218 -0.03558495 0.02323969
v -0.05188374 -0.04274356 -0.02369675
v -0.05929323 -0.03614305 0.02301263
v -0.05782545 -0.04378931 -0.02061037
v -0.06359796 -0.03704286 0.02149864
v -0.05925125 -0.04307867 -0.02047137
v -0.06192871 -0.04297672 -0.01692647
v -0.05903535 -0.04275238 -0.02083561
v -0.06074399 -0.04379621 -0.00880489
v -0.06166266 -0.04147830 0.00230845
v -0.06179509 -0.04114316 0.00322874
v -0.06215416 -0.04064547 0.00406002
v -0.06230385 -0.04074415 0.00713550
v -0.06415758 -0.03972406 0.01100971
v -0.06559576 -0.03868487 0.01217775
v -0.06566046 -0.03874359 0.01608629
v -0.06530013 -0.03825761 0.01911754
v -0.06086181 -0.04298063 -0.01864929
v -0.06088268 -0.04376783 -0.01467965
v -0.06232427 -0.04097808 -0.00486058
v -0.06684463 -0.03651550 0.01807363
v 0.07649115 -0.02099585 0.01422547
v 0.07781656 -0.01790018 0.01148373
v 0.07711472 -0.01952814 0.01339338
v 0.07674438 -0.02089215 -0.00011255
v 0.07750264 -0.01907435 0.00286002
v 0.07697365 -0.02080874 0.00541722
v 0.07763823 -0.01903425 0.00595397
v 0.07609189 -0.01904855 0.01725552
v 0.07456450 -0.02037164 0.01901232
v 0.07648757 -0.02371288 -0.01254676
v 0.07588281 -0.02413808 -0.00452139
v 0.07216134 -0.02023400 0.02102403
v 0.07355500 -0.01712162 0.02073164
v 0.07174694 -0.01890799 0.02148249
v 0.07334438 -0.02665681 -0.01755514
v 0.07295327 -0.02515896 -0.01903183
v 0.07448618 -0.02481956 -0.01689427
v 0.07007000 -0.02041973 0.02209333
v 0.06750433 -0.02115491 0.02269375
v 0.06874015 -0.01807740 0.02271412
v 0.07216923 -0.02433452 -0.02105497
v 0.06400246 -0.01892021 0.02346937
v 0.06748632 -0.02647658 -0.02326214
v 0.06690924 -0.02417433 -0.02372868
v 0.06560870 -0.02684630 -0.02366166
v 0.05855774 -0.01978638 0.02296148
v 0.05956732 -0.02750249 -0.02381950
v 0.05396839 -0.02121120 0.02217573
v 0.05158280 -0.02910959 -0.02299897
v 0.04668126 -0.02318054 0.01625535
v 0.04823220 -0.02156299 0.01618717
v 0.04655217 -0.02279795 0.01505918
v 0.04342449 -0.02418804 0.00988963
v 0.04577307 -0.02307793 0.01332275
v 0.04326402 -0.02460615 0.01196558
v 0.04432552 -0.02479492 0.01531082
v 0.04548865 -0.03123122 -0.02254178
v 0.04260233 -0.02446065 0.00778832
v 0.04325551 -0.02882902 -0.02038896
v 0.04120586 -0.02523084 0.00372419
v 0.04023701 -0.02578070 0.00361664
v 0.04190664 -0.02485104 0.00578893
v 0.04005640 -0.02602876 0.00566564
v 0.04056039 -0.02583330 0.00606895
v 0.04178889 -0.02872941 -0.01966614
v 0.04165498 -0.03023831 -0.02089898
v 0.03875229 -0.02661118 -0.00051930
v 0.04048518 -0.02572244 0.00077929
v 0.03877298 -0.02646151 0.00331024
v 0.03823480 -0.03142042 -0.02087160
v 0.04050840 -0.02556513 -0.00217823
v 0.03706525 -0.02750624 -0.00263530
v 0.03716718 -0.02723603 0.00369768
v 0.03754882 -0.02973302 -0.01884485
v 0.03555762 -0.02814314 -0.00680191
v 0.03700627 -0.02739727 -0.00677137
v 0.03657260 -0.02777712 -0.00513264
v 0.03383299 -0.02872073 -0.00896823
v 0.03542942 -0.02799231 -0.00887519
v 0.03539319 -0.03043107 -0.01860369
v 0.03389551 -0.02848083 -0.01238414
v 0.03209179 -0.02915840 -0.01115671
v 0.03307427 -0.02919354 -0.00713487
v 0.03270518 -0.02951549 -0.01479384
v 0.03039282 -0.03006149 -0.01329284
v 0.02985257 -0.03004802 -0.00661594
v 0.02927717 -0.02980543 -0.00329536
v 0.02975399 -0.03009388 -0.01147562
v 0.02743802 -0.03196570 -0.01748972
v 0.02888127 -0.03169691 -0.01747728
v 0.02340849 -0.03121078 -0.01458388
v 0.02589157 -0.03085743 -0.01083910
v 0.02247958 -0.03088645 -0.00894676
v 0.02167485 -0.03272615 -0.01803964
v 0.02012306 -0.03101997 -0.00868920
v 0.01943523 -0.03035176 -0.00002111
v 0.01990548 -0.03141050 -0.01489717
v 0.01524337 -0.03025656 -0.00004014
v 0.01839638 -0.03323927 -0.01837171
v 0.01466548 -0.03210782 -0.01659711
v 0.01914594 -0.03127315 -0.01428241
v 0.01682321 -0.03066041 -0.00921414
v 0.01605646 -0.03093527 -0.00464649
v 0.01460390 -0.03040730 -0.00032788
v 0.01452371 -0.03083509 -0.01310802
v 0.01458152 -0.03048330 -0.00911119
v 0.01373137 -0.03071154 -0.00462853
v 0.01320709 -0.02941105 0.01009245
v 0.01507189 -0.03358130 -0.01898234
v 0.01152939 -0.03063939 -0.00451245
v 0.01101442 -0.03050399 0.00037228
v 0.01232241 -0.02993102 0.00511612
v 0.01110022 -0.02981104 0.00668655
v 0.01043461 -0.03272822 -0.01740104
v 0.00914841 -0.03033602 -0.00365125
v 0.00856769 -0.03010423 0.00259760
v 0.00918564 -0.02996398 0.00588832
v 0.01009947 -0.03413192 -0.01952709
v 0.00688349 -0.03024347 -0.00284050
v 0.00703879 -0.03018593 -0.00118811
v 0.00692017 -0.03280871 -0.01796855
v 0.00501890 -0.03060197 -0.00262187
v 0.00450621 -0.03027007 0.00195620
v 0.00329401 -0.02995378 0.01114927
v 0.00532932 -0.03001364 0.01077425
v 0.00678797 -0.03436577 -0.02009391
v 0.00496378 -0.03062826 -0.00210489
v 0.00288573 -0.03068038 -0.00152280
v 0.00245000 -0.03068250 0.00016459
v 0.00290987 -0.03041938 0.00566566
v 0.00116897 -0.02976131 0.00982639
v 0.00368311 -0.03424557 -0.02021637
v 0.00053247 -0.03055538 0.00142000
v 0.00100082 -0.03060876 0.00533101
v 0.00222025 -0.03492246 -0.02089244
v -0.00454091 -0.02998542 0.00864788
v -0.00181181 -0.03031692 0.00432898
v -0.00019800 -0.03568720 -0.02167391
v -0.00351921 -0.03017945 0.00479635
v -0.00423650 -0.03003851 0.00718402
v -0.00458697 -0.02955602 0.01081884
v -0.00503957 -0.03569970 -0.02133921
v -0.00519579 -0.02999756 0.00856271
v -0.00683340 -0.02973590 0.01260385
v -0.00637231 -0.02972683 0.01069150
v -0.00475615 -0.03458224 -0.02043651
v -0.00883752 -0.02990550 0.01238304
v -0.00984525 -0.02988378 0.01225997
v -0.00910562 -0.03623641 -0.02150523
v -0.01275675 -0.02990902 0.01186962
v -0.01067895 -0.03537077 -0.02098726
v -0.01509339 -0.02991745 0.01179426
v -0.01712214 -0.03079518 0.01336442
v -0.01285991 -0.03648148 -0.02150859
v -0.01795962 -0.02993783 0.01213156
v -0.01833764 -0.03593808 -0.02181711
v -0.02230155 -0.03112932 0.01487678
v -0.02313275 -0.03279137 0.01732915
v -0.02311595 -0.03114492 0.01488765
v -0.02201866 -0.03816242 -0.02272199
v -0.02079212 -0.03485351 -0.02134250
v -0.02707512 -0.03326755 0.01671109
v -0.02694669 -0.03054409 0.01307471
v -0.02518776 -0.03919630 -0.02287817
v -0.03078654 -0.03267602 0.01617310
v -0.02719791 -0.03765566 -0.02260922
v -0.02946137 -0.03193423 0.01436299
v -0.02972631 -0.03959034 -0.02338186
v -0.03040119 -0.03802290 -0.02298803
v -0.03537784 -0.03258540 0.01762010
v -0.03318732 -0.03222810 0.01589509
v -0.03777894 -0.03280286 0.01930263
v -0.03713808 -0.03209272 0.01758535
v -0.03930022 -0.03325465 0.02041469
v -0.03564901 -0.03848867 -0.02324461
v -0.04166181 -0.03232166 0.02017550
v -0.03684392 -0.04107885 -0.02419829
v -0.04376223 -0.03252577 0.02113312
v -0.04233413 -0.04134041 -0.02447376
v -0.04811183 -0.03374498 0.02245028
v -0.04931900 -0.03115728 0.02252438
v -0.04682976 -0.04041527 -0.02414086
v -0.05228340 -0.03153916 0.02321123
v -0.05363527 -0.03266055 0.02331893
v -0.05134700 -0.04054155 -0.02401679
v -0.05788551 -0.03390819 0.02343655
v -0.06001121 -0.03463325 0.02300563
v -0.06006261 -0.03425570 0.02302487
v -0.05467089 -0.04151974 -0.02378785
v -0.06143092 -0.03289726 0.02300065
v -0.05774627 -0.04119763 -0.02259111
v -0.06343565 -0.03805046 0.00144520
v -0.06387639 -0.03852427 0.00806979
v -0.06541968 -0.03517633 0.02116669
v -0.06312876 -0.04105474 -0.01715500
v -0.06345725 -0.04059518 -0.01513977
v -0.06372649 -0.04088526 -0.01135759
v -0.06421724 -0.03945052 -0.00852605
v -0.06323002 -0.04033255 -0.00630637
v -0.06365930 -0.03924746 -0.00488429
v -0.06451253 -0.03832508 0.00906835
v -0.06666699 -0.03722033 0.01237452
v -0.06673531 -0.03745795 0.01609415
v -0.06410189 -0.04016299 -0.01131303
v -0.06874467 -0.03429473 0.01733507
v 0.07744814 -0.01973888 0.00955882
v 0.07783752 -0.01838343 0.00721121
v 0.07633211 -0.01807882 0.01715944
v 0.07668990 -0.01862478 0.01603650
v 0.07647068 -0.02181818 -0.00092038
v 0.07732050 -0.01939939 0.00118613
v 0.07511789 -0.01817272 0.01923667
v 0.07619755 -0.02212351 -0.01516599
v 0.07730470 -0.02072753 -0.01315480
v 0.07698749 -0.02279678 -0.01016813
v 0.07559652 -0.02467731 -0.01475081
v 0.07519271 -0.02252507 -0.01694938
v 0.06972760 -0.01801530 0.02244589
v 0.07359877 -0.02288637 -0.01996260
v 0.06745564 -0.01628295 0.02318896
v 0.06942396 -0.02414729 -0.02291235
v 0.06342075 -0.01749794 0.02355516
v 0.06144496 -0.01785684 0.02342600
v 0.06122114 -0.01724161 0.02339038
v 0.06530408 -0.02480613 -0.02395585
v 0.06137279 -0.01776690 0.02340412
v 0.06338632 -0.02523158 -0.02406478
v 0.06200426 -0.02676562 -0.02391456
v 0.05564592 -0.01870438 0.02176698
v 0.04957764 -0.02178498 0.01920764
v 0.05339596 -0.01915117 0.02060958
v 0.05480153 -0.03036373 -0.02381380
v 0.05012967 -0.02024468 0.01829611
v 0.05055945 -0.01991571 0.01843389
v 0.05253633 -0.02772246 -0.02290761
v 0.04692902 -0.02172613 0.01200550
v 0.04749385 -0.02121690 0.01200225
v 0.04846714 -0.02072859 0.01416787
v 0.04948856 -0.02630937 -0.02162537
v 0.04869136 -0.02715106 -0.02159353
v 0.04681981 -0.02125104 0.00992925
v 0.04671263 -0.02866545 -0.02162689
v 0.04434045 -0.02258864 0.00570172
v 0.04520660 -0.02214464 0.00780424
v 0.04401179 -0.02317900 0.00742021
v 0.04490970 -0.02767956 -0.02024955
v 0.04322371 -0.02358889 0.00073110
v 0.04236800 -0.02428797 0.00133948
v 0.04426298 -0.02262714 0.00526117
v 0.04319412 -0.02679722 -0.01803259
v 0.04110465 -0.02717856 -0.01725270
v 0.04118791 -0.02494472 -0.00656430
v 0.04132716 -0.02496828 -0.00844314
v 0.04304791 -0.02359771 -0.00424118
v 0.04383395 -0.02304343 -0.00111417
v 0.04063586 -0.02560245 -0.00043099
v 0.03949782 -0.02581399 -0.00868439
v 0.04069619 -0.02528820 -0.00861153
v 0.04027831 -0.02548872 -0.00475109
v 0.03889405 -0.02901391 -0.01855397
v 0.03960954 -0.02706403 -0.01595363
v 0.03918933 -0.02581830 -0.01263853
v 0.03800435 -0.02657049 -0.01283205
v 0.03735422 -0.02722857 -0.00676740
v 0.03569414 -0.02870839 -0.01536867
v 0.03590301 -0.02756619 -0.01217093
v 0.03442783 -0.02904052 -0.01494817
v 0.01531549 -0.03116520 -0.01446004
v 0.01312148 -0.03038545 -0.00837010
v 0.01060610 -0.03178896 -0.01568936
v 0.01106692 -0.03096389 -0.01401127
v 0.00995067 -0.03025599 -0.00640799
v 0.01034437 -0.03046238 -0.01151979
v 0.01001895 -0.03025935 -0.00850621
v 0.00536030 -0.03026830 -0.00646467
v 0.00750555 -0.03219641 -0.01679033
v 0.00615241 -0.03033578 -0.00443791
v 0.00636385 -0.03171241 -0.01569555
v 0.00571554 -0.03056371 -0.01096986
v 0.00389765 -0.03298869 -0.01844493
v 0.00249179 -0.03099596 -0.01275856
v 0.00209202 -0.03055711 -0.01068966
v 0.00264062 -0.03028637 -0.00662147
v 0.00120843 -0.03239464 -0.01743369
v 0.00002468 -0.03043141 -0.01086820
v -0.00007999 -0.02994046 -0.00725976
v -0.00089862 -0.03006527 -0.00493489
v -0.00065138 -0.02990603 -0.00692235
v -0.00012087 -0.03039771 -0.00241991
v -0.00129636 -0.03315830 -0.01898762
v -0.00315350 -0.03199085 -0.01677448
v -0.00037614 -0.03158661 -0.01528354
v -0.00170862 -0.03044741 0.00140949
v -0.00281114 -0.03317396 -0.01902497
v -0.00227062 -0.03123081 -0.01395061
v -0.00296499 -0.02994802 -0.00526195
v -0.00666141 -0.03043874 -0.00164544
v -0.00809608 -0.03033490 -0.00545132
v -0.00318757 -0.03044310 -0.00001604
v -0.00821394 -0.03358168 -0.01884353
v -0.00733757 -0.03043844 -0.00205933
v -0.00747865 -0.03010348 0.00646004
v -0.00985440 -0.02974152 0.00913541
v -0.00700428 -0.03413771 -0.01984058
v -0.00747789 -0.03228515 -0.01677257
v -0.00648371 -0.03035503 0.00038589
v -0.01101874 -0.02961099 0.00491748
v -0.01008807 -0.03416585 -0.02001402
v -0.01239405 -0.03055645 -0.00103927
v -0.00973101 -0.03051317 -0.00442055
v -0.01223896 -0.03001597 0.00241181
v -0.01408593 -0.02913131 0.00883737
v -0.01192283 -0.03315646 -0.01869885
v -0.01469326 -0.03064287 -0.00031965
v -0.01484550 -0.02970521 0.00457450
v -0.01337610 -0.02943160 0.00564242
v -0.01402368 -0.02910674 0.00781938
v -0.01436155 -0.03431108 -0.02042712
v -0.01529441 -0.03037051 0.00219450
v -0.01588227 -0.02904413 0.00896433
v -0.01708050 -0.03135696 -0.00374011
v -0.01517857 -0.03086446 -0.00285280
v -0.01555168 -0.03071910 -0.00052591
v -0.01835287 -0.03035508 0.00406439
v -0.01819733 -0.03009987 0.00514670
v -0.01886043 -0.02950417 0.01109063
v -0.01520950 -0.03387448 -0.02023922
v -0.01852989 -0.03158117 -0.00301882
v -0.02212389 -0.02989714 0.01286079
v -0.02005814 -0.02928927 0.01086462
v -0.02046113 -0.03170109 -0.00220117
v -0.02235504 -0.03077229 0.00498195
v -0.02260471 -0.02925156 0.01052719
v -0.02151020 -0.03179552 -0.00317665
v -0.02140392 -0.03120754 0.00099633
v -0.02278104 -0.03114005 0.00104563
v -0.02434535 -0.03065109 0.00684089
v -0.02438111 -0.03714023 -0.02223497
v -0.02630877 -0.03103653 0.00609289
v -0.02774763 -0.03076479 0.01306178
v -0.02802725 -0.03150233 0.00412508
v -0.02795857 -0.03150268 0.00346817
v -0.02607936 -0.03108845 0.00417434
v -0.02705050 -0.03016729 0.01024165
v -0.02891893 -0.03106506 0.01209455
v -0.02992787 -0.03177128 0.00324454
v -0.02809025 -0.03139363 0.00795832
v -0.03117392 -0.03143001 0.01328896
v -0.02674850 -0.03598418 -0.02167785
v -0.03180438 -0.03181366 0.00724293
v -0.02998731 -0.03130227 0.01094499
v -0.03212323 -0.03193837 0.00504005
v -0.03401945 -0.03099842 0.01086832
v -0.03591002 -0.03097205 0.01426108
v -0.03505281 -0.03093156 0.01237303
v -0.03289821 -0.03716886 -0.02267618
v -0.03768437 -0.03086978 0.01559412
v -0.03800321 -0.03734140 -0.02287731
v -0.03968033 -0.03910980 -0.02363139
v -0.04391420 -0.03170331 0.02050712
v -0.04242740 -0.03087011 0.01874649
v -0.04065827 -0.03719718 -0.02293353
v -0.04854773 -0.03829153 -0.02400083
v -0.05043403 -0.03840311 -0.02406303
v -0.05484321 -0.03124209 0.02329343
v -0.05233772 -0.04079222 -0.02403314
v -0.05486363 -0.03902964 -0.02447277
v -0.05876238 -0.03937241 -0.02312578
v -0.06401761 -0.03278512 0.02222863
v -0.06067504 -0.04076214 -0.02098086
v -0.06029283 -0.03878001 -0.02255725
v -0.06594967 -0.03354859 0.02144673
v -0.06254582 -0.04029830 -0.02004404
v -0.06463770 -0.03963472 -0.01955571
v -0.06489859 -0.03733641 -0.00467738
v -0.06412290 -0.03735345 -0.00155857
v -0.06407754 -0.03731838 -0.00012371
v -0.06565838 -0.03485886 0.00207669
v -0.06387534 -0.03753432 0.00308988
v -0.06534721 -0.03606958 0.00671935
v -0.06676017 -0.03658127 0.01138150
v -0.06657551 -0.03521314 0.00890636
v -0.06531024 -0.03949252 -0.01776181
v -0.06544350 -0.03870380 -0.01532942
v -0.06510640 -0.03862062 -0.01369496
v -0.06703118 -0.03668112 0.01223471
v -0.06766218 -0.03626081 0.01423940
v 0.07772079 -0.01735183 0.00092030
v 0.07862836 -0.01558354 0.00728071
v 0.07841242 -0.01661828 0.00894623
v 0.07751718 -0.01471631 0.01644487
v 0.07662335 -0.01346492 0.01858349
v 0.07563138 -0.01466540 0.01945709
v 0.07742851 -0.02064998 -0.00929939
v 0.07761348 -0.01966444 -0.01228324
v 0.07688753 -0.02054249 -0.00609215
v 0.07740193 -0.01834124 -0.00506306
v 0.07708106 -0.01916647 -0.00356659
v 0.07455305 -0.01462561 0.02051389
v 0.07724785 -0.01906673 -0.01518414
v 0.07601245 -0.01891179 -0.01732968
v 0.07285904 -0.01302476 0.02173814
v 0.06977736 -0.01523363 0.02276354
v 0.07097373 -0.02402526 -0.02209763
v 0.06519294 -0.01567768 0.02357698
v 0.06603647 -0.01463067 0.02359286
v 0.06046269 -0.01815191 0.02327473
v 0.05784376 -0.01574587 0.02204926
v 0.05972073 -0.02555134 -0.02357365
v 0.05381931 -0.01805393 0.02044335
v 0.05362436 -0.01721997 0.01977916
v 0.05774787 -0.02351680 -0.02303940
v 0.05708841 -0.02417689 -0.02308660
v 0.05714843 -0.02237796 -0.02275191
v 0.05112618 -0.01889891 0.01816910
v 0.05184417 -0.01769029 0.01814122
v 0.05019779 -0.01904653 0.01609657
v 0.04864624 -0.01931251 0.01187119
v 0.04880842 -0.01904615 0.01185298
v 0.04990129 -0.01897784 0.01507225
v 0.05088118 -0.02524887 -0.02178050
v 0.04717858 -0.02028701 0.00775807
v 0.04817523 -0.01940894 0.01048924
v 0.04773591 -0.02641911 -0.02085995
v 0.04590819 -0.02115415 0.00161826
v 0.04639905 -0.02069366 0.00289290
v 0.04570888 -0.02124429 0.00364223
v 0.04708319 -0.02004190 0.00586588
v 0.04679406 -0.02604545 -0.01996143
v 0.04809352 -0.02465325 -0.01995185
v 0.04619407 -0.02392778 -0.01675374
v 0.04498875 -0.02208478 -0.00446895
v 0.04592192 -0.02119783 -0.00205532
v 0.04448069 -0.02246786 -0.00244110
v 0.04579825 -0.02117047 -0.00027393
v 0.04410691 -0.02285789 0.00164009
v 0.04537252 -0.02667547 -0.01956600
v 0.04452245 -0.02289856 -0.01326899
v 0.04391810 -0.02399270 -0.01450578
v 0.04322487 -0.02345809 -0.00856141
v 0.04406052 -0.02284083 -0.00854664
v 0.04506505 -0.02215074 -0.00624151
v 0.04304779 -0.02373598 -0.00650769
v 0.04152046 -0.02460064 -0.01307044
v 0.04183665 -0.02444222 -0.01295543
v 0.04443859 -0.02247022 -0.01027991
v -0.00047428 -0.03010233 -0.00894840
v -0.00432828 -0.03084464 -0.01331165
v -0.00342103 -0.03010614 -0.00844547
v -0.00422023 -0.03052514 -0.01138739
v -0.00657898 -0.03168465 -0.01579170
v -0.00784570 -0.03081671 -0.01333372
v -0.00927056 -0.03047723 -0.00863740
v -0.00982680 -0.03161688 -0.01513613
v -0.01235180 -0.03056848 -0.00538973
v -0.01156204 -0.03201524 -0.01633811
v -0.00951402 -0.03100687 -0.01236870
v -0.01194558 -0.03068164 -0.00839626
v -0.01231878 -0.03123207 -0.01428343
v -0.01911642 -0.02939431 0.00874035
v -0.01646934 -0.02939018 0.00728896
v -0.01670074 -0.03394518 -0.02084240
v -0.01769130 -0.03172832 -0.01684366
v -0.01611671 -0.03099677 -0.01419560
v -0.01635870 -0.03083719 -0.00828569
v -0.01737442 -0.03252544 -0.01883652
v -0.01757328 -0.03084108 -0.01299087
v -0.01866621 -0.03087749 -0.00961434
v -0.01713310 -0.03126345 -0.00568193
v -0.02251308 -0.02990186 0.00853918
v -0.01882599 -0.03428458 -0.02126413
v -0.02101006 -0.03270905 -0.01908753
v -0.02059681 -0.03091751 -0.00939485
v -0.01903880 -0.03159770 -0.00496742
v -0.02112620 -0.03311951 -0.01980251
v -0.02170767 -0.03195691 -0.01693492
v -0.02268341 -0.03073831 -0.00926764
v -0.02244792 -0.03103685 -0.00732338
v -0.02450959 -0.02948345 0.01034192
v -0.02445551 -0.03369375 -0.02009551
v -0.02499878 -0.03129618 -0.00570790
v -0.02532219 -0.03156175 -0.00258765
v -0.02572790 -0.03105733 0.00053081
v -0.02683456 -0.02997981 0.01017413
v -0.02554068 -0.03261668 -0.01823458
v -0.02499846 -0.03077985 -0.00801242
v -0.02708744 -0.03397750 -0.02036993
v -0.02695523 -0.03119525 -0.00598659
v -0.02905811 -0.03108842 -0.00596200
v -0.02839944 -0.03161744 -0.00261050
v -0.03103111 -0.03176169 0.00013288
v -0.02884258 -0.03379132 -0.02054463
v -0.02970026 -0.03099204 -0.00616655
v -0.03140551 -0.03148372 -0.00240324
v -0.03079055 -0.03586173 -0.02211132
v -0.02991764 -0.03345534 -0.02025676
v -0.03128833 -0.03111719 -0.00447713
v -0.03226490 -0.03162978 0.00021148
v -0.03345690 -0.03107201 -0.00271165
v -0.03412062 -0.03144418 0.00468794
v -0.03235641 -0.03476799 -0.02144743
v -0.03578623 -0.03070302 0.00119731
v -0.03504021 -0.03097375 0.00797641
v -0.03585547 -0.03038714 0.01064076
v -0.03659982 -0.03059294 0.00450586
v -0.03828531 -0.02975090 0.00864936
v -0.03929159 -0.02949878 0.01323010
v -0.03951344 -0.02971715 0.01465961
v -0.04009006 -0.02956574 0.01496253
v -0.04167152 -0.02922000 0.01525361
v -0.04267358 -0.02924576 0.01633167
v -0.04409841 -0.03075043 0.01993057
v -0.04745262 -0.03065736 0.02153866
v -0.04416910 -0.02885438 0.01719296
v -0.04165420 -0.03872959 -0.02370912
v -0.04419503 -0.03573505 -0.02291225
v -0.04445039 -0.03861594 -0.02405458
v -0.04851055 -0.02894034 0.02081407
v -0.05277637 -0.02734873 0.02213459
v -0.04660318 -0.03776774 -0.02398513
v -0.05259079 -0.02931791 0.02279441
v -0.05445329 -0.02813828 0.02294836
v -0.05859265 -0.03018069 0.02347343
v -0.06135851 -0.02910366 0.02355865
v -0.05619215 -0.03567005 -0.02496503
v -0.06231908 -0.03554476 -0.02266767
v -0.06614721 -0.03035375 0.02226158
v -0.06321334 -0.03777622 -0.02192085
v -0.06531432 -0.03623072 -0.00185013
v -0.06614441 -0.03522317 0.00814117
v -0.06748424 -0.03309850 0.02044362
v -0.06362096 -0.03768838 -0.02178781
v -0.06623050 -0.03716593 -0.01084817
v -0.06551444 -0.03786981 -0.00900277
v -0.06689402 -0.03529157 -0.00421659
v -0.06737532 -0.03312265 0.00175698
v -0.06691702 -0.03355107 0.00524083
v -0.06917615 -0.03315057 0.01137554
v -0.06869541 -0.03429505 0.01196145
v -0.06952258 -0.03331986 0.01601148
v -0.06786188 -0.03445604 0.01904290
v -0.06645598 -0.03721276 -0.01478851
v -0.06833748 -0.03410688 -0.00673294
v -0.07009289 -0.03256935 0.01535273
v -0.07056251 -0.03068965 0.01811174
v 0.07862088 -0.01518245 0.00935990
v 0.07832962 -0.01506631 0.01235870
v 0.07875261 -0.01364249 0.01071428
v 0.07779309 -0.01646182 0.01412632
v 0.07780296 -0.01282447 0.01658612
v 0.07729937 -0.01090637 0.01819723
v 0.07837657 -0.01381398 0.00064689
v 0.07836600 -0.01555628 0.00311341
v 0.07884693 -0.01366465 0.00466726
v 0.07436695 -0.01454259 0.02071288
v 0.07542488 -0.01196384 0.02025853
v 0.07789688 -0.01754268 -0.01325939
v 0.07857168 -0.01571202 -0.01147553
v 0.07819696 -0.01772529 -0.00911488
v 0.07597508 -0.01848056 -0.01774215
v 0.07268283 -0.01117893 0.02202795
v 0.07443949 -0.02070779 -0.01930845
v 0.07430069 -0.01909146 -0.02034629
v 0.07271696 -0.02045148 -0.02154537
v 0.06698311 -0.01279851 0.02359693
v 0.07059496 -0.01989896 -0.02267333
v 0.06316969 -0.01521912 0.02379747
v 0.06515929 -0.02260400 -0.02374604
v 0.05958091 -0.01477862 0.02275156
v 0.06279312 -0.02209855 -0.02367076
v 0.05715934 -0.01452192 0.02129854
v 0.05352397 -0.01541108 0.01840353
v 0.05529609 -0.01491111 0.02020597
v 0.05681528 -0.01958546 -0.02208239
v 0.05185276 -0.01610714 0.01587894
v 0.05191775 -0.01600242 0.01587193
v 0.05024761 -0.01769386 0.01387253
v 0.05126048 -0.01600235 0.01394809
v 0.05402409 -0.02171061 -0.02172474
v 0.05438337 -0.02202546 -0.02193526
v 0.04894068 -0.01766576 0.00759946
v 0.04885227 -0.01811503 0.00960416
v 0.05019262 -0.01678421 0.01173490
v 0.04997602 -0.02336079 -0.02081738
v 0.05010260 -0.02152110 -0.01947923
v 0.04766179 -0.01904779 0.00153263
v 0.04913720 -0.01731632 0.00373774
v 0.04882270 -0.01774096 0.00573677
v 0.04944234 -0.02062737 -0.01726412
v 0.04927642 -0.02257653 -0.01934897
v 0.04665856 -0.02039796 -0.00654034
v 0.04779119 -0.01918678 -0.00434238
v 0.04773024 -0.01914008 -0.00239775
v 0.04768278 -0.01901194 -0.00030189
v 0.04607330 -0.02366582 -0.01638107
v 0.04723999 -0.02136459 -0.01447214
v 0.04714694 -0.02069566 -0.01298364
v 0.04546828 -0.02194168 -0.01257294
v 0.04690037 -0.02033718 -0.01049212
v 0.04670300 -0.02028947 -0.00850226
v 0.04506725 -0.02210155 -0.00852823
v -0.01785082 -0.03111175 -0.01502786
v -0.02015163 -0.03080383 -0.01331722
v -0.02102610 -0.03124762 -0.01530721
v -0.02399035 -0.03230360 -0.01744249
v -0.02235740 -0.03071691 -0.01320193
v -0.02331352 -0.03050108 -0.01079266
v -0.02591436 -0.03161313 -0.01595429
v -0.02614328 -0.03017801 -0.01128279
v -0.02783058 -0.03192400 -0.01720969
v -0.02744272 -0.03014254 -0.01133924
v -0.03095283 -0.03195142 -0.01822734
v -0.03134671 -0.03099324 -0.01669105
v -0.03028284 -0.03037445 -0.01409526
v -0.03112961 -0.02981929 -0.01095632
v -0.03093726 -0.03013825 -0.00871538
v -0.03424841 -0.02999368 -0.00626913
v -0.03305251 -0.02986851 -0.00814494
v -0.03330233 -0.03060700 -0.00480000
v -0.03146808 -0.03351399 -0.02050173
v -0.03535458 -0.02965942 -0.00631808
v -0.03537408 -0.03040552 -0.00283452
v -0.03530780 -0.03077930 0.00027118
v -0.03422173 -0.03313736 -0.02047816
v -0.03774667 -0.02951749 -0.00243542
v -0.03835827 -0.03005778 0.00384147
v -0.03807497 -0.03310291 -0.02073335
v -0.03567571 -0.03194877 -0.01914338
v -0.03826475 -0.02940620 -0.00148441
v -0.04030937 -0.02927130 0.00228267
v -0.03971341 -0.02954106 0.00600972
v -0.03994754 -0.02901118 0.00956744
v -0.04131689 -0.02890030 0.00414021
v -0.04243550 -0.02818302 0.00704947
v -0.04202373 -0.02834792 0.01353596
v -0.04375652 -0.02771469 0.01384601
v -0.03769829 -0.03470599 -0.02173255
v -0.04410109 -0.02746873 0.01361847
v -0.04627119 -0.02889355 0.01909492
v -0.04428476 -0.03287093 -0.02160889
v -0.04651058 -0.02753230 0.01742745
v -0.04528913 -0.03359978 -0.02214033
v -0.04887909 -0.02714439 0.01936102
v -0.04644759 -0.03349013 -0.02235664
v -0.05065862 -0.02733148 0.02102573
v -0.05632156 -0.02622211 0.02278072
v -0.04934335 -0.03583053 -0.02387296
v -0.05851459 -0.02789038 0.02332753
v -0.05905645 -0.03544691 -0.02391902
v -0.06487047 -0.02869878 0.02301074
v -0.06824408 -0.02938033 0.02123034
v -0.06538261 -0.03682719 -0.02099048
v -0.06645762 -0.03538558 -0.00283319
v -0.06762582 -0.03266740 0.00347315
v -0.06818420 -0.03324128 0.00906760
v -0.07035491 -0.03008325 0.01903420
v -0.07024877 -0.02865815 0.02012773
v -0.06620666 -0.03778871 -0.02005344
v -0.06761239 -0.03602911 -0.01823384
v -0.06779076 -0.03558127 -0.01566786
v -0.06830949 -0.03464705 -0.01252520
v -0.06850362 -0.03446164 -0.01064245
v -0.06826754 -0.03404332 -0.00599728
v -0.06826901 -0.03285301 -0.00066617
v -0.07026697 -0.03220946 0.01284433
v -0.07117480 -0.03081363 0.01642433
v -0.06882334 -0.03430128 -0.01436126
v 0.07922689 -0.01190054 0.00848685
v 0.07892885 -0.01162520 0.01334528
v 0.07766128 -0.00855705 0.01839958
v 0.07722127 -0.01057169 0.01837142
v 0.07832546 -0.01670050 -0.00872518
v 0.07921176 -0.01290978 -0.01040463
v 0.07806789 -0.01601390 -0.00576870
v 0.07783856 -0.01625833 -0.00370583
v 0.07792005 -0.01544362 -0.00169607
v 0.07880096 -0.01202503 0.00204438
v 0.07868937 -0.01350716 -0.01370104
v 0.07622824 -0.01708088 -0.01837589
v 0.07700261 -0.01697652 -0.01650245
v 0.07555702 -0.01560390 -0.01966272
v 0.06862262 -0.01080846 0.02330339
v 0.07231565 -0.01864091 -0.02209768
v 0.06535877 -0.01064266 0.02400443
v 0.06716342 -0.01889181 -0.02316113
v 0.05832322 -0.01132649 0.02175704
v 0.06143965 -0.01207942 0.02358728
v 0.06254411 -0.01876112 -0.02324827
v 0.06045081 -0.02096358 -0.02313247
v 0.05871773 -0.02067211 -0.02268609
v 0.05594814 -0.01283438 0.01998711
v 0.05330040 -0.01521929 0.01793106
v 0.05492008 -0.01236265 0.01795183
v 0.05211928 -0.01350884 0.01209363
v 0.05336730 -0.01305533 0.01556380
v 0.05038093 -0.01527296 0.00946953
v 0.05081554 -0.01458091 0.00945282
v 0.05108472 -0.02132658 -0.02031624
v 0.04941246 -0.01691663 0.00144307
v 0.05031273 -0.01572090 0.00335572
v 0.05009900 -0.01566353 0.00541223
v 0.05028617 -0.01512527 0.00757665
v 0.05157212 -0.01884330 -0.01831881
v 0.05113190 -0.01735167 -0.01447491
v 0.04936272 -0.01922610 -0.01451665
v 0.04840512 -0.01823209 -0.00663540
v 0.04950596 -0.01698942 -0.00432146
v 0.04957526 -0.01673611 -0.00056870
v 0.04849052 -0.01841060 -0.01076892
v 0.04828108 -0.01824407 -0.00866408
v -0.03259092 -0.02954646 -0.01186047
v -0.03439828 -0.02908407 -0.01171035
v -0.03628925 -0.02914523 -0.00784813
v -0.03663831 -0.02910190 -0.01357133
v -0.03681492 -0.02870968 -0.01160006
v -0.03570775 -0.03118869 -0.01796492
v -0.03957691 -0.03051890 -0.01764844
v -0.03693523 -0.02948440 -0.01485853
v -0.03905946 -0.02850972 -0.00985418
v -0.03933700 -0.02843761 -0.00774361
v -0.03897779 -0.02845713 -0.00595507
v -0.03998891 -0.02852549 -0.00254024
v -0.04093645 -0.02832647 -0.00098435
v -0.04140538 -0.03255959 -0.02096018
v -0.04066263 -0.02790535 -0.00518576
v -0.04129399 -0.02886447 0.00239063
v -0.04339029 -0.02740867 0.01061230
v -0.04382788 -0.03103559 -0.02023807
v -0.04282270 -0.02818870 0.00455811
v -0.04534303 -0.02587129 0.01012858
v -0.04606252 -0.02692893 0.01548304
v -0.04837708 -0.02607090 0.01710862
v -0.04937772 -0.02575360 0.01799852
v -0.04736223 -0.03300762 -0.02248231
v -0.05175678 -0.02568779 0.02040831
v -0.05503296 -0.02379752 0.02125846
v -0.04891190 -0.03203205 -0.02281458
v -0.05712788 -0.02577575 0.02280604
v -0.05283794 -0.03547881 -0.02449887
v -0.06168994 -0.02702947 0.02372938
v -0.06256601 -0.02630532 0.02352733
v -0.06320225 -0.02638450 0.02350695
v -0.05732745 -0.03384052 -0.02486594
v -0.06252998 -0.03336077 -0.02279845
v -0.06710805 -0.02696364 0.02276660
v -0.06686736 -0.02800783 0.02261155
v -0.06510822 -0.03520899 -0.02143645
v -0.06836736 -0.03179803 0.00246239
v -0.06936490 -0.03095689 0.00582960
v -0.06983777 -0.02760207 0.02077721
v -0.06838163 -0.03383692 -0.01998964
v -0.06795580 -0.03531134 -0.01654603
v -0.06845583 -0.03446796 -0.00860001
v -0.06923531 -0.03201297 -0.00212542
v -0.07128246 -0.02937401 0.01067448
v -0.07222610 -0.02833906 0.01170424
v -0.07155973 -0.03043431 0.01526467
v -0.06889659 -0.03405353 -0.01871263
v -0.06966906 -0.03262558 -0.01105085
v -0.07037816 -0.02997077 -0.00394337
v -0.07232609 -0.02880132 0.01509169
v 0.07935366 -0.00977759 0.01225921
v 0.07876561 -0.00921338 0.01602333
v 0.07891095 -0.01224148 -0.00583591
v 0.07874028 -0.01200427 -0.00377351
v 0.07574615 -0.00801957 0.02051792
v 0.07758993 -0.01721415 -0.01436243
v 0.07822302 -0.01209016 -0.01563849
v 0.07300623 -0.00940184 0.02209746
v 0.07708501 -0.01255015 -0.01793564
v 0.07381122 -0.01738443 -0.02122283
v 0.06982607 -0.01044755 0.02301224
v 0.07185388 -0.01671676 -0.02250224
v 0.06523964 -0.00790631 0.02425659
v 0.06908100 -0.01909898 -0.02307947
v 0.06229365 -0.00943349 0.02384194
v 0.06014569 -0.00960732 0.02295703
v 0.06527999 -0.01652030 -0.02311230
v 0.06217953 -0.01760277 -0.02312120
v 0.05510862 -0.01134835 0.01756291
v 0.05799256 -0.01774625 -0.02200880
v 0.05347999 -0.01293344 0.01562418
v 0.05411839 -0.01171876 0.01552861
v 0.05650764 -0.01725460 -0.02125834
v 0.05488090 -0.01696278 -0.02030775
v 0.05296417 -0.01915253 -0.02017972
v 0.05112824 -0.01449085 0.00130683
v 0.05098897 -0.01371805 0.00524986
v 0.05276649 -0.01713104 -0.01820967
v 0.05212318 -0.01844085 -0.01874922
v 0.05287335 -0.01522932 -0.01508548
v 0.05013197 -0.01589979 -0.00675683
v 0.05090991 -0.01485170 -0.00660007
v 0.05129423 -0.01453097 -0.00251725
v 0.04979277 -0.01658182 -0.00262937
v 0.05124111 -0.01452504 -0.00049751
v 0.05012519 -0.01755773 -0.01271767
v 0.05040418 -0.01628975 -0.01073310
v 0.05016176 -0.01596683 -0.00872515
v -0.03690460 -0.02869640 -0.01162813
v -0.03803622 -0.02880415 -0.01337456
v -0.03935877 -0.02843267 -0.00789868
v -0.04100936 -0.02839295 -0.01355222
v -0.04268425 -0.02741693 -0.00054663
v -0.04362296 -0.02947714 -0.01810995
v -0.04214341 -0.02761520 -0.01058340
v -0.04430273 -0.02601235 -0.00349040
v -0.04665657 -0.02539942 0.01238816
v -0.04286537 -0.02818678 -0.01474390
v -0.04475741 -0.02601615 -0.00071481
v -0.04501592 -0.02595065 0.00148574
v -0.04551706 -0.02571388 0.00543373
v -0.04750913 -0.02378880 0.00649529
v -0.04560604 -0.02551262 0.00788338
v -0.04721794 -0.02449095 0.00989676
v -0.04800621 -0.02538232 0.01494122
v -0.04540058 -0.03062560 -0.02058443
v -0.04629691 -0.02957111 -0.02022621
v -0.05039750 -0.02360999 0.01533823
v -0.05011040 -0.03191815 -0.02322576
v -0.05332936 -0.02381255 0.01999609
v -0.05177372 -0.03049369 -0.02329891
v -0.05770441 -0.02410217 0.02260084
v -0.05723330 -0.03108044 -0.02453363
v -0.06167597 -0.02413464 0.02329777
v -0.06420896 -0.02445922 0.02349858
v -0.05976303 -0.03150313 -0.02423495
v -0.05962657 -0.03098246 -0.02427800
v -0.06723408 -0.02563734 0.02295023
v -0.06838563 -0.02509737 0.02263266
v -0.06590263 -0.03169031 -0.02243662
v -0.07141156 -0.02395510 0.02168128
v -0.07014597 -0.03039447 -0.00354974
v -0.07023058 -0.02991626 0.00199939
v -0.07034542 -0.03004073 0.00746271
v -0.07066240 -0.02996752 0.00987128
v -0.07280536 -0.02707132 0.01692814
v -0.07073481 -0.03172039 -0.01551039
v -0.06949256 -0.03285207 -0.00958128
v -0.07065341 -0.03013431 -0.00745961
v -0.07173918 -0.02803856 0.00627157
v -0.07133160 -0.03045120 -0.01752404
v -0.07078552 -0.03165397 -0.01517106
v 0.07931950 -0.00864398 0.01368947
v 0.07962767 -0.00639707 0.01286513
v 0.07893642 -0.00964497 0.00144745
v 0.07900117 -0.00934066 -0.00006772
v 0.07903424 -0.00888605 0.00192241
v 0.07926273 -0.00974569 0.00510112
v 0.07951935 -0.00957556 0.00786444
v 0.07859651 -0.00732897 0.01698640
v 0.07664062 -0.00731408 0.01972117
v 0.07937759 -0.01223528 -0.00976055
v 0.07432939 -0.00647156 0.02189645
v 0.07514279 -0.00625730 0.02141936
v 0.07551938 -0.01359552 -0.02008388
v 0.07210960 -0.00625569 0.02292544
v 0.06961515 -0.00724451 0.02346995
v 0.07529799 -0.01285959 -0.02036187
v 0.07378269 -0.01130165 -0.02208234
v 0.06779843 -0.00529192 0.02407130
v 0.07207115 -0.01361046 -0.02268937
v 0.06596095 -0.00688902 0.02429325
v 0.06734640 -0.01633388 -0.02321284
v 0.06585986 -0.01439965 -0.02314286
v 0.06234997 -0.00710064 0.02390537
v 0.05857186 -0.00817823 0.02167835
v 0.05660792 -0.00903444 0.01951821
v 0.05961352 -0.01566129 -0.02225878
v 0.05933943 -0.01501328 -0.02202926
v 0.05162239 -0.01276379 0.00935413
v 0.05330712 -0.00895178 0.00989918
v 0.05460152 -0.01421735 -0.01752369
v 0.05342016 -0.01709726 -0.01915630
v 0.05259446 -0.01446024 -0.01276587
v 0.05234396 -0.01241006 -0.00211972
v 0.05250169 -0.01145559 0.00132964
v 0.05218800 -0.01194179 0.00300758
v 0.05187241 -0.01161795 0.00510366
v 0.05212723 -0.01096351 0.00737171
v 0.05101941 -0.01584582 -0.01160444
v 0.05196101 -0.01363438 -0.00885923
v 0.05176539 -0.01350574 -0.00687314
v -0.04267781 -0.02697412 -0.00776439
v -0.04457535 -0.02913713 -0.01829289
v -0.04519222 -0.02688243 -0.01411823
v -0.04519052 -0.02531794 -0.00641599
v -0.04603453 -0.02475983 -0.00526158
v -0.04648910 -0.02781446 -0.01820737
v -0.04397115 -0.02716829 -0.01202608
v -0.04470991 -0.02576041 -0.00710766
v -0.04629637 -0.02481876 -0.00200623
v -0.04706152 -0.02413939 0.00350049
v -0.04917059 -0.02235943 0.00551607
v -0.04888993 -0.02285376 0.00870987
v -0.04824517 -0.02411361 0.01153736
v -0.05022539 -0.02297538 0.01328635
v -0.04856412 -0.03001223 -0.02173341
v -0.04938283 -0.02573257 -0.01838531
v -0.05107940 -0.02234544 0.01420244
v -0.05272910 -0.02101117 0.01589480
v -0.04961370 -0.02733847 -0.02053024
v -0.05128271 -0.02924997 -0.02250454
v -0.05253756 -0.03114584 -0.02375929
v -0.05813086 -0.02171458 0.02210535
v -0.05703232 -0.02908006 -0.02390915
v -0.06025015 -0.02089113 0.02263122
v -0.06301920 -0.02228534 0.02329805
v -0.06722137 -0.02171677 0.02361028
v -0.06369103 -0.03151414 -0.02305780
v -0.06943168 -0.02451051 0.02241868
v -0.06806929 -0.03012614 -0.02220488
v -0.07214252 -0.02622328 0.01958261
v -0.06942851 -0.02962149 -0.02127879
v -0.07024556 -0.03123182 -0.01889302
v -0.07182634 -0.02894262 -0.01032192
v -0.07186404 -0.02713540 -0.00435439
v -0.07259129 -0.02570975 -0.00164744
v -0.07111425 -0.02848869 -0.00033807
v -0.07147158 -0.02796901 0.00170723
v -0.07346318 -0.02614944 0.01181026
v -0.07321178 -0.02704608 0.01406955
v -0.07327896 -0.02408713 0.01985208
v -0.07313372 -0.02706825 -0.01067715
v 0.07980213 -0.00618871 0.00829336
v 0.07967701 -0.00728756 0.00991691
v 0.07986445 -0.00551910 0.00968394
v 0.07897099 -0.00653219 0.01582605
v 0.07940381 -0.00586283 0.01461711
v 0.07882807 -0.01096692 -0.00048520
v 0.07932231 -0.00806278 -0.00367411
v 0.07952387 -0.00670861 0.00463719
v 0.07850792 -0.00441881 0.01750235
v 0.07951593 -0.01035812 -0.01119585
v 0.07954152 -0.00875457 -0.00826058
v 0.07820714 -0.00843832 -0.01659606
v 0.07590479 -0.01189204 -0.01991700
v 0.07229301 -0.00549692 0.02296261
v 0.06961309 -0.00233635 0.02392978
v 0.07524786 -0.01083858 -0.02065943
v 0.06587151 -0.00626507 0.02434329
v 0.07164640 -0.01220229 -0.02295697
v 0.07013164 -0.01349108 -0.02318129
v 0.06374580 -0.00330657 0.02410466
v 0.06179856 -0.00547412 0.02346631
v 0.06015873 -0.00536036 0.02266032
v 0.06388559 -0.01516723 -0.02302552
v 0.05705305 -0.01052543 0.02040411
v 0.06127907 -0.01406183 -0.02256478
v 0.05621001 -0.00571356 0.01757269
v 0.05655881 -0.00702827 0.01924065
v 0.05893849 -0.01213306 -0.02127853
v 0.05540633 -0.00768516 0.01504157
v 0.05575182 -0.00891805 0.01733947
v 0.05709380 -0.01443105 -0.02052939
v 0.05391897 -0.00986341 0.01307420
v 0.05630041 -0.01182938 -0.01764407
v 0.05550299 -0.01415594 -0.01873519
v 0.05475869 -0.01237657 -0.01483307
v 0.05458784 -0.01260563 -0.01482130
v 0.05313535 -0.01082058 -0.00308130
v 0.05298907 -0.01009225 0.00090488
v 0.05263248 -0.00929726 0.00482254
v 0.05381478 -0.01183936 -0.01113201
v 0.05234594 -0.01398028 -0.01099488
v 0.05338867 -0.01095182 -0.00767297
v 0.05323195 -0.01089407 -0.00514005
v -0.04702986 -0.02599135 -0.01530720
v -0.04750114 -0.02401529 -0.00826568
v -0.04845574 -0.02301835 -0.00624472
v -0.04816770 -0.02330133 -0.00071508
v -0.04886373 -0.02269748 -0.00137942
v -0.04885988 -0.02548768 -0.01706876
v -0.04829282 -0.02432961 -0.01377813
v -0.04779203 -0.02416929 -0.01115617
v -0.04969450 -0.02208076 0.00179501
v -0.05160667 -0.02011343 0.00676843
v -0.05076627 -0.02123019 0.00923844
v -0.05269745 -0.02019143 0.01371496
v -0.05317157 -0.02029785 0.01572534
v -0.05302562 -0.02229404 0.01810735
v -0.05542775 -0.02079667 0.02003792
v -0.05777094 -0.01995227 0.02143885
v -0.05320227 -0.02688554 -0.02215273
v -0.05814166 -0.02718491 -0.02392737
v -0.06314497 -0.02012809 0.02332968
v -0.06470050 -0.02901232 -0.02331035
v -0.06828004 -0.02097579 0.02353115
v -0.07161616 -0.02181529 0.02230885
v -0.06858502 -0.02789348 -0.02301530
v -0.07362626 -0.02171271 0.02094366
v -0.07245411 -0.02631822 -0.00491491
v -0.07234786 -0.02609891 0.00097854
v -0.07275308 -0.02615504 0.00575893
v -0.07286868 -0.02617556 0.00777003
v -0.07459957 -0.02363345 0.01115582
v -0.07486069 -0.02337259 0.01210375
v -0.07413166 -0.02452894 0.01577133
v -0.07398676 -0.02432194 0.01779351
v -0.07440728 -0.02191027 0.01949181
v -0.07249928 -0.02916301 -0.01579045
v -0.07274459 -0.02868317 -0.01486319
v -0.07230956 -0.02856841 -0.01207817
v 0.07997985 -0.00332366 0.00799339
v 0.08008481 -0.00354468 0.01061653
v 0.07894536 -0.00238824 0.01726271
v 0.07805284 -0.00201270 0.01888152
v 0.07947184 -0.00852613 -0.00701226
v 0.07945766 -0.00805998 -0.00627686
v 0.07984576 -0.00467758 -0.00294851
v 0.07952048 -0.00605166 0.00215596
v 0.07789191 -0.00221501 0.01914299
v 0.07682252 -0.00302660 0.02051275
v 0.07573900 -0.00208180 0.02159227
v 0.07907795 -0.00741662 -0.01456912
v 0.07904011 -0.01023422 -0.01368838
v 0.07564100 -0.00400784 0.02154649
v 0.07696132 -0.01016146 -0.01850807
v 0.07196780 -0.00255667 0.02342665
v 0.07514367 -0.00889375 -0.02095124
v 0.06785617 -0.00311021 0.02427789
v 0.07280170 -0.00961161 -0.02278640
v 0.06635859 -0.00281531 0.02448632
v 0.06938703 -0.01127685 -0.02327706
v 0.06705295 -0.01118103 -0.02325627
v 0.05842982 -0.00415877 0.02128800
v 0.05641247 -0.00546600 0.01899090
v 0.06122112 -0.01248775 -0.02239286
v 0.05904281 -0.01080048 -0.02095383
v 0.05550427 -0.00559501 0.01373173
v 0.05696450 -0.01207996 -0.01886150
v 0.05742674 -0.01033813 -0.01841478
v 0.05645869 -0.01035548 -0.01621475
v 0.05369585 -0.00738739 0.00879101
v 0.05415968 -0.00734625 0.01097840
v 0.05601508 -0.01005222 -0.01464607
v 0.05445557 -0.01217976 -0.01362737
v 0.05436347 -0.00921519 -0.00841782
v 0.05449803 -0.00727020 -0.00349529
v 0.05408618 -0.00736972 -0.00036875
v 0.05402117 -0.00720235 0.00017041
v 0.05351047 -0.00624117 0.00444660
v 0.05356705 -0.00677934 0.00668928
v -0.04951657 -0.02328423 -0.01394882
v -0.04998563 -0.02218743 -0.01134966
v -0.04935655 -0.02236256 -0.00861354
v -0.05065609 -0.02111690 -0.00479040
v -0.05090547 -0.02098533 0.00172191
v -0.05151752 -0.02040942 0.00101545
v -0.05254049 -0.01930870 0.01017410
v -0.05037439 -0.02507201 -0.01876489
v -0.05109870 -0.02296531 -0.01653995
v -0.05036766 -0.02136011 -0.00959405
v -0.05166164 -0.02032790 0.00262822
v -0.05187769 -0.02002787 0.00399308
v -0.05489652 -0.01792979 0.01676843
v -0.05594168 -0.01790521 0.01894479
v -0.05225941 -0.02598734 -0.02126616
v -0.05150882 -0.02346465 -0.01812756
v -0.05662120 -0.01750526 0.01960268
v -0.05300445 -0.02398024 -0.02040797
v -0.05812345 -0.01757249 0.02102852
v -0.05606962 -0.02565254 -0.02291550
v -0.05978500 -0.02866036 -0.02433398
v -0.06427726 -0.01820216 0.02349184
v -0.06235509 -0.02608529 -0.02432776
v -0.06829640 -0.01881490 0.02361495
v -0.07226148 -0.01911615 0.02258453
v -0.06849907 -0.02624259 -0.02310773
v -0.07397915 -0.01983968 0.02113403
v -0.07176178 -0.02735548 -0.02050360
v -0.07296206 -0.02497330 -0.00249246
v -0.07363177 -0.02415324 0.00514718
v -0.07406773 -0.02364161 0.00937695
v -0.07498262 -0.02276193 0.01454463
v -0.07223849 -0.02626058 -0.02042723
v -0.07323866 -0.02687324 -0.01668772
v -0.07172850 -0.02507179 -0.02184296
v -0.07372264 -0.02644826 -0.01360104
v -0.07405734 -0.02506497 -0.00914119
v -0.07437032 -0.02199986 -0.00105052
v -0.07393034 -0.02277273 0.00305951
v -0.07503812 -0.02186472 0.00973835
v -0.07320087 -0.02607506 -0.01853743
v 0.07969134 -0.00443353 0.00486317
v 0.07972468 -0.00410011 0.00526863
v 0.08013915 -0.00149536 0.00913939
v 0.07993803 -0.00243929 0.01371102
v 0.07970599 -0.00654621 -0.01058850
v 0.08009412 -0.00433997 -0.00877851
v 0.07979805 -0.00592587 -0.00795607
v 0.07988891 -0.00310610 -0.00083853
v 0.07718681 0.00001910 0.02077431
v 0.07541257 -0.00001056 0.02204119
v 0.07943712 -0.00453808 -0.01480494
v 0.07468908 0.00033823 0.02245391
v 0.07684592 -0.00802588 -0.01937871
v 0.07807110 -0.00664580 -0.01726636
v 0.07635983 -0.00521300 -0.02059553
v 0.07111952 0.00070293 0.02377225
v 0.06712458 -0.00074613 0.02448583
v 0.06905062 -0.00795230 -0.02332343
v 0.06141982 -0.00250061 0.02325048
v 0.06424458 -0.00135089 0.02454299
v 0.06095803 -0.00156081 0.02305814
v 0.06465265 -0.00834947 -0.02291718
v 0.05709670 -0.00099318 0.01870189
v 0.05512649 -0.00408714 0.01059112
v 0.05619721 -0.00277511 0.01393549
v 0.05866678 -0.01011091 -0.02035112
v 0.05650081 -0.00815728 -0.01397442
v 0.05590631 -0.00876798 -0.01274339
v 0.05575004 -0.00766567 -0.01105694
v 0.05486387 -0.00688700 -0.00543087
v 0.05536060 -0.00513835 -0.00457473
v 0.05461738 -0.00558888 -0.00093354
v 0.05374438 -0.00537286 0.00439125
v 0.05470994 -0.00333433 0.00736305
v 0.05516927 -0.00741253 -0.00886482
v -0.05116262 -0.02061213 -0.00184181
v -0.05232935 -0.01930048 0.00856657
v -0.05174951 -0.02079379 -0.01460156
v -0.05012463 -0.02257564 -0.01370339
v -0.05155039 -0.01989832 -0.00860054
v -0.05210778 -0.01944666 -0.00412584
v -0.05407204 -0.01682121 0.00181238
v -0.05398770 -0.01707332 0.01104834
v -0.05344863 -0.01810782 0.01119625
v -0.05397054 -0.01835564 0.01421491
v -0.05321086 -0.02210236 -0.01891719
v -0.06036268 -0.01611370 0.02186753
v -0.05536074 -0.02326148 -0.02185520
v -0.06186428 -0.01754751 0.02262764
v -0.05823225 -0.02417135 -0.02368872
v -0.06465403 -0.01641886 0.02346109
v -0.06910931 -0.01707494 0.02339701
v -0.06189032 -0.02373972 -0.02458721
v -0.06471325 -0.02383567 -0.02361305
v -0.06984782 -0.02492633 -0.02277664
v -0.07356305 -0.01851893 0.02187504
v -0.07424652 -0.02416854 -0.01922402
v -0.07475177 -0.02261828 -0.00837760
v -0.07360498 -0.02373885 -0.00481196
v -0.07392310 -0.02296355 -0.00293409
v -0.07563391 -0.01892867 0.00165905
v -0.07480746 -0.02082923 0.00290198
v -0.07481754 -0.02190348 0.00626311
v -0.07597082 -0.02093226 0.01297312
v -0.07635626 -0.01914589 0.01468229
v -0.07547271 -0.02049864 0.01730411
v -0.07526083 -0.02372895 -0.01505857
v -0.07570115 -0.02265781 -0.01286197
v -0.07477070 -0.02338288 -0.01035907
v 0.07978066 -0.00394290 -0.00005673
v 0.08015665 -0.00105449 -0.00110444
v 0.07991621 -0.00243897 0.00110903
v 0.07999827 -0.00062125 0.01321457
v 0.07977996 0.00195626 0.01496926
v 0.07745692 0.00202834 0.02051464
v 0.07973987 -0.00302523 -0.01308286
v 0.07958297 -0.00315864 -0.01380752
v 0.08014547 -0.00302811 -0.01032505
v 0.08031137 -0.00167267 -0.00561257
v 0.08022074 -0.00295265 -0.00539009
v 0.07939008 -0.00175243 -0.01525674
v 0.07759008 -0.00300487 -0.01917299
v 0.07451128 -0.00365106 -0.02205361
v 0.06886282 0.00162096 0.02436509
v 0.07382822 -0.00763069 -0.02240393
v 0.06484478 0.00117595 0.02455898
v 0.06689074 -0.00799087 -0.02322520
v 0.06151098 0.00108787 0.02363755
v 0.06567434 -0.00494133 -0.02306339
v 0.05850424 -0.00118285 0.02131801
v 0.06217111 -0.00815421 -0.02226852
v 0.05626436 -0.00261562 0.01448551
v 0.05658402 -0.00101128 0.01605209
v 0.06016980 -0.00712143 -0.02098569
v 0.05880552 -0.00914204 -0.02013855
v 0.05814667 -0.00705542 -0.01721419
v 0.05513544 -0.00238134 0.00826979
v 0.05766859 -0.00650201 -0.01557523
v 0.05533631 -0.00733026 -0.00938001
v 0.05586171 -0.00498614 -0.00761628
v 0.05431930 -0.00529954 0.00085909
v 0.05441072 -0.00328960 0.00417425
v -0.05279202 -0.01825256 -0.00899101
v -0.05326265 -0.01782461 -0.00503944
v -0.05354569 -0.01722848 -0.00312386
v -0.05400553 -0.01687064 0.00083847
v -0.05337685 -0.01766248 -0.00160130
v -0.05383907 -0.01703605 0.00425310
v -0.05409266 -0.01588231 0.00844638
v -0.05583935 -0.01581617 0.01640745
v -0.05550390 -0.01492025 0.01275835
v -0.05358573 -0.01975793 -0.01691417
v -0.05440065 -0.01742414 -0.01494554
v -0.05344621 -0.01753005 -0.00510454
v -0.05409520 -0.01670495 0.00090214
v -0.05598022 -0.01457389 0.01473322
v -0.05697616 -0.01545885 0.01886446
v -0.05505840 -0.02107426 -0.02032112
v -0.05661489 -0.02048082 -0.02135845
v -0.06228172 -0.01252385 0.02273819
v -0.05904796 -0.02126565 -0.02350718
v -0.06669038 -0.01560239 0.02351308
v -0.06655183 -0.01362769 0.02388599
v -0.06291503 -0.02240791 -0.02459838
v -0.06466566 -0.01980458 -0.02432174
v -0.07075167 -0.01513421 0.02294243
v -0.06771361 -0.02413747 -0.02330933
v -0.07269778 -0.01543025 0.02253115
v -0.07195153 -0.02197857 -0.02263147
v -0.07597302 -0.01795399 0.01875150
v -0.07706993 -0.01871153 -0.00810642
v -0.07449644 -0.02256776 -0.00634598
v -0.07596235 -0.01917187 -0.00227997
v -0.07623420 -0.01739620 0.00264833
v -0.07511131 -0.02028872 0.00465792
v -0.07546881 -0.01921432 0.00885196
v -0.07723786 -0.01642485 0.01308135
v -0.07741044 -0.01420267 0.01751840
v -0.07467742 -0.02404029 -0.01826580
v -0.07587070 -0.02181792 -0.01540892
v -0.07622243 -0.02159926 -0.01351604
v 0.08005992 0.00302634 0.01252495
v 0.07982357 0.00339489 0.01450423
v 0.07937005 0.00498103 0.01629578
v 0.08031732 -0.00144994 -0.00503032
v 0.08035718 0.00062837 -0.00335321
v 0.08031454 0.00110628 0.00215744
v 0.08024755 0.00001243 0.00336575
v 0.08036275 0.00013371 0.00655800
v 0.08031604 0.00023847 0.00751649
v 0.07919267 0.00043747 0.01751535
v 0.07817888 0.00216379 0.01968047
v 0.08039614 0.00059004 -0.00929509
v 0.07576188 0.00316325 0.02206245
v 0.07449032 0.00416805 0.02295429
v 0.07840437 -0.00048633 -0.01774218
v 0.07919492 -0.00003478 -0.01573357
v 0.07185620 0.00354812 0.02385703
v 0.07058915 0.00544546 0.02448142
v 0.06957431 0.00629785 0.02463729
v 0.07050031 -0.00568021 -0.02329848
v 0.06321350 0.00137217 0.02426674
v 0.06074770 -0.00848094 -0.02169745
v 0.06065788 -0.00537590 -0.02135548
v 0.05620002 -0.00029870 0.01210867
v 0.05724600 0.00167682 0.01772942
v 0.05910838 -0.00613975 -0.01916530
v 0.05785457 -0.00561022 -0.01540735
v 0.05754455 -0.00415790 -0.01346419
v 0.05715435 -0.00399466 -0.01167012
v 0.05685389 -0.00317749 -0.00978813
v 0.05516334 -0.00090744 0.00583459
v 0.05603660 0.00075690 0.00946329
v 0.05609813 -0.00505531 -0.00871416
v 0.05645233 -0.00212533 -0.00701843
v 0.05576683 -0.00327548 -0.00370885
v 0.05562689 -0.00191893 -0.00171221
v 0.05507090 -0.00145263 0.00233389
v 0.05496457 -0.00110575 0.00406131
v -0.05381363 -0.01671790 -0.00119542
v -0.05387786 -0.01654781 0.00880412
v -0.05566118 -0.01186373 0.01002306
v -0.05316998 -0.01834131 -0.01209332
v -0.05483127 -0.01446625 0.00391247
v -0.05509633 -0.01324127 0.00563208
v -0.05799673 -0.01320193 0.01915634
v -0.05851712 -0.01395819 0.02027271
v -0.05600763 -0.01834047 -0.01947435
v -0.05460429 -0.01809136 -0.01680396
v -0.05454304 -0.01699879 -0.01474474
v -0.06075854 -0.01210806 0.02170980
v -0.06064043 -0.01409697 0.02185211
v -0.05739967 -0.01944739 -0.02160427
v -0.05757191 -0.01905387 -0.02156257
v -0.06341103 -0.01228022 0.02334163
v -0.06113987 -0.01991877 -0.02403556
v -0.05928281 -0.02033616 -0.02343644
v -0.06625824 -0.01073406 0.02418564
v -0.07105393 -0.01309153 0.02319590
v -0.07295530 -0.01343899 0.02242385
v -0.06927428 -0.02160294 -0.02346846
v -0.07656201 -0.01581844 0.01881608
v -0.07335388 -0.02044070 -0.02237878
v -0.07635132 -0.01673528 0.00541675
v -0.07531438 -0.02018692 -0.01937917
v -0.07670663 -0.02015666 -0.01350181
v -0.07670586 -0.02002546 -0.01012035
v -0.07671210 -0.01804349 -0.00443304
v -0.07679094 -0.01572580 0.00207973
v 0.08029850 0.00450549 0.00829688
v 0.08005422 0.00112875 0.01231604
v 0.08020610 0.00480907 0.01027686
v 0.07916777 0.00904962 0.01705738
v 0.07926111 0.00570828 0.01665765
v 0.08052535 0.00327407 -0.00046733
v 0.08045787 0.00342303 0.00205585
v 0.07833806 0.00659022 0.01944236
v 0.07987834 0.00251199 -0.01409930
v 0.08017052 -0.00255859 -0.01165938
v 0.07426872 0.00632794 0.02309151
v 0.07237502 0.00603781 0.02388239
v 0.07612151 -0.00112628 -0.02120182
v 0.06543066 0.00444027 0.02453262
v 0.06770679 -0.00085493 -0.02329715
v 0.06212439 0.00615305 0.02370705
v 0.06438115 -0.00434886 -0.02285056
v 0.05956538 0.00280863 0.02204466
v 0.05996167 0.00436401 0.02222741
v 0.05711775 0.00469614 0.01573046
v 0.05781243 0.00209215 0.01943874
v 0.06165237 -0.00242574 -0.02151700
v 0.05983609 -0.00280086 -0.01965475
v 0.05974780 -0.00229497 -0.01926866
v 0.05617957 0.00164748 0.00979059
v 0.05649859 0.00403599 0.01021041
v 0.05623518 0.00068790 0.01163939
v 0.05674846 0.00255043 0.01378912
v 0.05855245 -0.00162681 -0.01561631
v 0.05692351 -0.00085618 -0.00807859
v 0.05619529 -0.00032367 -0.00417397
v 0.05535696 0.00104220 0.00368313
v -0.05475722 -0.01367073 0.00778379
v -0.05437124 -0.01447723 -0.00864698
v -0.05389230 -0.01615525 -0.00883174
v -0.05388108 -0.01660465 -0.00632672
v -0.05603779 -0.01196598 0.01137321
v -0.05786407 -0.01098056 0.01644670
v -0.05846826 -0.01007519 0.01776706
v -0.05554573 -0.01445646 -0.01486099
v -0.05965211 -0.01104503 0.02045532
v -0.06274637 -0.01023414 0.02270225
v -0.06334133 -0.01015443 0.02313389
v -0.06543846 -0.01025394 0.02404137
v -0.06278087 -0.01919258 -0.02447892
v -0.06913654 -0.01034888 0.02391400
v -0.06589783 -0.01979411 -0.02417442
v -0.07299282 -0.01314819 0.02245480
v -0.06920446 -0.01884788 -0.02364497
v -0.07512068 -0.01178764 0.02159698
v -0.07528386 -0.01021382 0.02167895
v -0.07152686 -0.01870667 -0.02312219
v -0.07506888 -0.01610041 0.02089264
v -0.07368597 -0.01858585 -0.02232328
v -0.07688548 -0.01449888 0.00580570
v -0.07760964 -0.01202378 0.00818416
v -0.07699568 -0.01439047 0.00927240
v -0.07732124 -0.01479578 0.01180618
v -0.07753627 -0.01486928 0.01409800
v -0.07615056 -0.01866764 -0.01747903
v -0.07626042 -0.01789212 -0.01784758
v -0.07722879 -0.01841397 -0.00792381
v -0.07763431 -0.01651877 -0.00639658
v -0.07732844 -0.01581117 -0.00395037
v -0.07781657 -0.01794305 -0.01405716
v -0.07782673 -0.01732811 -0.01022748
v 0.08031752 0.00421998 0.00694293
v 0.07886083 0.00787835 0.01781113
v 0.08038140 0.00367213 -0.00989499
v 0.08054991 0.00351238 -0.00583972
v 0.08058140 0.00393272 -0.00524845
v 0.08010793 0.01020678 0.00267343
v 0.08029275 0.00641616 0.00475597
v 0.07819156 0.00795766 0.01949877
v 0.07910438 0.00177918 -0.01587246
v 0.07995262 0.00298348 -0.01392050
v 0.08030127 0.00504983 -0.01218025
v 0.07814215 0.00135275 -0.01853153
v 0.07278311 0.00895196 0.02375882
v 0.07573754 0.00127311 -0.02156479
v 0.07404951 -0.00067753 -0.02227109
v 0.06991920 0.00934754 0.02445104
v 0.07025884 -0.00137798 -0.02336091
v 0.06492944 0.00683477 0.02428081
v 0.06608826 -0.00213683 -0.02304835
v 0.05958749 0.00622756 0.02176843
v 0.06232251 -0.00113202 -0.02179838
v 0.06185293 -0.00056750 -0.02145449
v 0.05931553 -0.00008976 -0.01807860
v 0.05618861 0.00334459 0.00751197
v 0.05620627 0.00356350 0.00748268
v 0.05791647 -0.00090133 -0.01180925
v 0.05768795 -0.00091554 -0.01075650
v 0.05700827 0.00283677 -0.00687383
v 0.05630310 0.00168421 -0.00444933
v 0.05624706 0.00323850 -0.00382312
v 0.05555307 0.00043502 -0.00009304
v 0.05526970 -0.00045180 0.00146804
v 0.05584019 0.00417854 0.00398205
v -0.05505678 -0.01271358 -0.01210376
v -0.05445337 -0.01461148 -0.01071562
v -0.05454933 -0.01217588 -0.00709458
v -0.05539795 -0.01278810 0.00100057
v -0.05568238 -0.01207579 0.00193367
v -0.05601047 -0.01026227 0.00814471
v -0.05731603 -0.01046095 0.01426739
v -0.05602565 -0.01510622 -0.01643325
v -0.05694275 -0.01625777 -0.01918190
v -0.05974497 -0.01619114 -0.02253716
v -0.05956986 -0.01309768 -0.02124113
v -0.06011439 -0.01429736 -0.02219625
v -0.06584621 -0.00936010 0.02400441
v -0.06570627 -0.01685219 -0.02450429
v -0.07084101 -0.00933544 0.02355461
v -0.07563854 -0.00796508 0.02186997
v -0.07742727 -0.01225431 0.01890930
v -0.07385050 -0.01629977 -0.02302337
v -0.07718612 -0.01357821 0.00468813
v -0.07802172 -0.01031977 0.01026304
v -0.07807817 -0.01218974 0.01596148
v -0.07822999 -0.01079464 0.01732073
v -0.07501383 -0.01825404 -0.02062259
v -0.07748185 -0.01593877 -0.00476721
v -0.07723040 -0.01544531 -0.00103905
v -0.07758791 -0.01354652 -0.00052537
v -0.07725437 -0.01338950 0.00443364
v -0.07794690 -0.01531976 -0.01659484
v -0.07823498 -0.01309920 -0.00616313
v 0.08022990 0.00797854 0.00506296
v 0.08024067 0.00656812 0.00790592
v 0.07966418 0.00887421 0.01531736
v 0.08030034 0.00533949 -0.01218013
v 0.08046058 0.00645405 -0.00657300
v 0.08055538 0.00399052 -0.00157726
v 0.07636428 0.01255720 0.02126413
v 0.07531566 0.00555499 0.02244580
v 0.07865714 0.00610189 -0.01708939
v 0.07423830 0.01019809 0.02301256
v 0.07826277 0.00774719 -0.01800310
v 0.07262304 0.01002010 0.02380723
v 0.07524039 0.00225068 -0.02195031
v 0.07191466 0.00090280 -0.02316472
v 0.06420118 0.00873978 0.02396076
v 0.06792274 0.00014182 -0.02330622
v 0.06483980 0.00085286 -0.02263184
v 0.05840198 0.00652944 0.01994469
v 0.05927607 0.00817887 0.02144927
v 0.06258127 0.00135447 -0.02179931
v 0.05751406 0.00598168 0.01745010
v 0.06003438 0.00100609 -0.01971373
v 0.05922061 0.00211971 -0.01799823
v 0.05619471 0.00506655 0.00522942
v 0.05627237 0.00596680 0.00530101
v 0.05827740 0.00295527 -0.01383322
v 0.05734140 0.00320169 -0.00852911
v -0.05508003 -0.01235534 -0.01219735
v -0.05504885 -0.00977300 -0.00641849
v -0.05571667 -0.01032992 -0.00157691
v -0.05631388 -0.00940796 0.00019054
v -0.05910927 -0.00596291 0.01703118
v -0.05600022 -0.00818658 -0.01478593
v -0.05562392 -0.00958931 -0.01368861
v -0.05986840 -0.00638887 0.01904356
v -0.06055362 -0.00488640 0.01977208
v -0.06369438 -0.00672397 0.02271924
v -0.06562121 -0.00470098 0.02336850
v -0.06881765 -0.00795858 0.02383651
v -0.06289748 -0.01530181 -0.02401441
v -0.07117542 -0.01622429 -0.02359802
v -0.07410742 -0.01468758 -0.02319285
v -0.07676695 -0.01259369 -0.01980603
v -0.07796178 -0.01141142 0.00231340
v -0.07903179 -0.01374501 -0.01258112
v -0.07835363 -0.01328345 -0.00825590
v 0.08023700 0.00790303 0.00433985
v 0.08008890 0.01014247 0.00542403
v 0.07992456 0.01080513 0.01374024
v 0.07987531 0.01072157 0.01443095
v 0.08017090 0.00858008 -0.00976778
v 0.08024509 0.00860627 -0.00326547
v 0.08026431 0.00822120 -0.00136127
v 0.07812587 0.01011274 0.01936643
v 0.07351060 0.01370053 0.02297022
v 0.06961994 0.01029259 0.02439566
v 0.07335643 0.00388337 -0.02269197
v 0.07106490 0.00235307 -0.02335368
v 0.06892812 0.01247661 0.02424682
v 0.06351940 0.01228883 0.02355812
v 0.06339356 0.01104327 0.02358320
v 0.06043934 0.01023186 0.02265667
v 0.05713830 0.00726926 0.01512452
v 0.05735658 0.00780586 0.01739694
v 0.05618566 0.00523752 0.00501818
v 0.05701780 0.00791459 0.01385917
v 0.05767688 0.00352626 -0.01037547
v 0.05567724 0.00590181 -0.00309762
v 0.05547092 0.00545281 0.00111544
v -0.05512832 -0.00871294 -0.01012546
v -0.05513561 -0.01011971 -0.00464103
v -0.05692914 -0.00648209 0.00540574
v -0.05704903 -0.00650256 0.00824136
v -0.05694776 -0.01161211 -0.01665362
v -0.05799807 -0.01258390 -0.01898025
v -0.05778998 -0.00789529 -0.01772050
v -0.06180149 -0.01331058 -0.02302595
v -0.06687071 -0.01053325 -0.02448198
v -0.07601174 -0.00382571 0.02234414
v -0.07809408 -0.00726297 0.01933348
v -0.07871539 -0.00636169 0.00869962
v -0.07825745 -0.00970008 0.01065570
v -0.07870543 -0.00926496 0.01674915
v -0.07868576 -0.00991945 -0.00477291
v -0.07864506 -0.01013026 -0.00224896
v -0.07847891 -0.00978709 0.00169070
v -0.07811826 -0.01016893 0.00590761
v -0.07904953 -0.01354203 -0.01304459
v -0.07873684 -0.01066992 -0.00831215
v 0.07970796 0.01428712 0.00530113
v 0.08009516 0.01043871 0.01099891
v 0.07841558 0.01494805 0.01803944
v 0.07787337 0.01408845 0.01911542
v 0.08015390 0.00753033 -0.01254619
v 0.07986335 0.01358611 -0.00605962
v 0.08009091 0.01228349 -0.00306114
v 0.07969911 0.00727145 -0.01493598
v 0.07619868 0.01518924 0.02122792
v 0.07737688 0.01190547 -0.01903849
v 0.07700434 0.00617015 -0.02000446
v 0.07196844 0.01652319 0.02330248
v 0.06083782 0.01205903 0.02283616
v 0.06714754 0.00259989 -0.02314946
v 0.05783834 0.01357064 0.02035662
v 0.06243181 0.00564249 -0.02156780
v 0.05680859 0.01113728 0.01517417
v 0.05753459 0.01161512 0.01870371
v 0.05949034 0.00558142 -0.01930012
v 0.05831617 0.00841456 -0.01861150
v 0.05667207 0.00686854 0.00846692
v 0.05670885 0.01049161 0.01066910
v 0.05860550 0.00436050 -0.01676751
v 0.05847942 0.00334002 -0.01469895
v 0.05601886 0.00794421 -0.00851482
v -0.05684477 -0.00489958 -0.00624144
v -0.05664659 -0.00723631 -0.00157015
v -0.05737276 -0.00582507 0.01031462
v -0.05794507 -0.00634948 0.01323436
v -0.05856973 -0.00609528 0.01520943
v -0.06412526 -0.00172953 0.02237637
v -0.05884465 -0.00575774 -0.01858171
v -0.05999407 -0.00867558 -0.02018479
v -0.06967873 -0.00303061 0.02375203
v -0.07659361 -0.00107048 0.02209373
v -0.07090317 -0.01111954 -0.02407379
v -0.07459080 -0.01183396 -0.02270784
v -0.07896356 -0.00565179 0.01453256
v -0.07863632 -0.01368597 -0.01522743
v 0.07993290 0.01187130 0.00827530
v 0.07964260 0.01555941 0.00146465
v 0.07760596 0.01121145 -0.01870428
v 0.07903184 0.01319273 -0.01565240
v 0.07580596 0.00317748 -0.02148078
v 0.06928032 0.00567177 -0.02322002
v 0.06425438 0.00886656 -0.02224333
v 0.06060786 0.01465399 0.02271890
v 0.05454380 0.00919311 -0.01729612
v 0.05625941 0.00723985 -0.01529875
v 0.05552238 0.00923680 -0.00766776
v 0.05546437 0.00959510 -0.00662375
v 0.05525286 0.00905957 -0.00392436
v 0.05537744 0.00718048 -0.00127355
v -0.05530584 -0.00831733 -0.01116756
v -0.05651066 -0.00546142 -0.00783507
v -0.05729028 -0.00186827 -0.00525647
v -0.05725251 -0.00433546 -0.00050295
v -0.05759427 0.00021704 0.00789699
v -0.05937414 0.00181293 0.01646305
v -0.05826108 -0.00427558 -0.01757017
v -0.05729713 -0.00236444 -0.00764840
v -0.06060566 0.00154383 0.01894236
v -0.06225338 -0.00187013 0.02099043
v -0.06361453 0.00199649 0.02188850
v -0.06113898 -0.00134943 -0.02058238
v -0.06745543 0.00079787 0.02359334
v -0.06261269 -0.00673649 -0.02201618
v -0.06681142 -0.00786148 -0.02416468
v -0.07907622 -0.00356630 0.01210509
v -0.07886178 -0.00606081 0.01786332
v -0.07607450 -0.01259006 -0.02115100
v -0.07900076 -0.00717252 -0.00759459
v -0.07914938 -0.00534565 -0.00409063
v -0.07890750 -0.00638802 0.00360938
v -0.07826458 -0.01069701 -0.01770159
v -0.07874798 -0.00825288 -0.01771593
v 0.07954714 0.01607454 0.01252603
v 0.07977134 0.01355647 -0.01139187
v 0.07984021 0.01399249 -0.00492367
v 0.06869113 0.01555913 0.02409773
v 0.07110640 0.00818653 -0.02320226
v 0.06630116 0.01764173 0.02405549
v 0.06172079 0.01560699 0.02326765
v 0.06203427 0.00986675 -0.02154642
v 0.06154261 0.01074184 -0.02129092
v 0.05619329 0.01400652 0.01133895
v 0.05599984 0.01197891 0.00334126
v 0.05358502 0.01111346 -0.01413207
v 0.05334433 0.01030276 -0.01639152
v 0.05425647 0.01167217 -0.00909296
v 0.05437289 0.01142782 -0.00867320
v -0.05756722 -0.00045063 0.00400435
v -0.06093430 0.00221918 0.01928711
v -0.05689816 -0.00231847 -0.01127374
v -0.05895614 -0.00123774 -0.01741038
v -0.06468203 -0.00805444 -0.02346019
v -0.07227131 -0.00034488 0.02361623
v -0.06846953 -0.00826273 -0.02456642
v -0.07502529 0.00082350 0.02286920
v -0.07865016 0.00050350 0.01981102
v -0.07104202 -0.00862817 -0.02425035
v -0.07897368 -0.00372038 0.00975581
v -0.07930548 -0.00487791 -0.00035347
v -0.07938682 -0.00142512 0.00291567
v -0.07908758 -0.00277637 0.00713599
v -0.07938744 -0.00853035 -0.01283614
v -0.07933720 -0.00490389 -0.00998982
v 0.07908059 0.02022643 0.00754972
v 0.07952676 0.01472151 0.01496722
v 0.07861239 0.01650439 0.01734490
v 0.07914116 0.01904307 0.00117579
v 0.06814497 0.01986391 0.02409093
v 0.07033142 0.01113420 -0.02311694
v 0.06240227 0.01897623 0.02356720
v 0.06137431 0.01194887 -0.02132437
v 0.05538094 0.01797585 0.01689939
v 0.05600803 0.01558884 0.01522940
v 0.05586048 0.01736919 0.01766892
v 0.05532532 0.01477383 0.00169017
v 0.05501202 0.01879554 0.00423581
v 0.05599319 0.01320350 0.00482594
v 0.05639745 0.01253345 0.00819336
v 0.05476345 0.01201893 -0.00233456
v 0.05542518 0.01400582 0.00168776
v 0.05381507 0.01253890 -0.01144021
v -0.05723050 -0.00081550 -0.00324607
v -0.05808313 0.00099632 0.01130774
v -0.05742949 -0.00156042 -0.01347510
v -0.06517387 0.00383984 0.02272357
v -0.06355732 -0.00320567 -0.02239701
v -0.06907981 0.00255101 0.02409515
v -0.07399042 0.00481684 0.02347448
v -0.07777621 0.00411753 0.02092626
v -0.07514053 -0.00707389 -0.02361629
v -0.07929086 0.00013582 0.00938950
v -0.07785530 -0.00419551 -0.02001025
v -0.07925993 -0.00266198 -0.00623256
v -0.07943610 0.00056423 0.00615439
v -0.07789912 -0.00739798 -0.01933243
v -0.07985141 -0.00551960 -0.01535241
v -0.08000032 -0.00380444 -0.01443931
v 0.07906539 0.01943738 0.00348418
v 0.07930610 0.01935654 0.01181123
v 0.07664625 0.02398752 0.01825227
v 0.07901569 0.01750965 -0.01336779
v 0.07964255 0.01343198 -0.01345013
v 0.07952219 0.01654442 -0.00544299
v 0.07322793 0.01911596 0.02256978
v 0.07246987 0.02046007 0.02275153
v 0.07598252 0.01201660 -0.02104416
v 0.07716437 0.01750721 -0.01812717
v 0.07432272 0.01283290 -0.02236138
v 0.07285278 0.01240142 -0.02292937
v 0.06948978 0.01457863 -0.02299113
v 0.06431675 0.01098778 -0.02227800
v 0.05815261 0.01504889 0.02115876
v 0.05975015 0.02170321 0.02276962
v 0.06141248 0.01540176 -0.02164574
v 0.05529954 0.01670334 0.01098141
v 0.05307714 0.02112733 0.01319761
v 0.05483275 0.01725909 0.00095268
v 0.05394168 0.01332621 -0.01669158
v -0.05719521 -0.00067723 -0.00976229
v -0.05740996 0.00483201 0.00339517
v -0.05755698 0.00493152 0.00484215
v -0.05836040 0.00518615 0.01263990
v -0.06082417 0.00429428 0.01934314
v -0.06108697 0.00589729 0.01978790
v -0.05824425 -0.00075760 -0.01571134
v -0.05718045 0.00196126 -0.01231823
v -0.06326024 0.00590396 0.02189297
v -0.06467334 0.00814876 0.02313471
v -0.06796419 0.00576046 0.02395791
v -0.06482997 -0.00294955 -0.02294258
v -0.06814760 -0.00142303 -0.02322831
v -0.06943778 -0.00395102 -0.02401254
v -0.07564578 0.00662626 0.02270266
v -0.07289369 -0.00394539 -0.02437240
v -0.07901051 0.00264074 0.01779082
v -0.07727245 0.00424904 0.02139777
v -0.07935325 -0.00041932 0.01400369
v -0.07829855 -0.00087077 -0.02030898
v -0.07949225 -0.00372642 -0.01009534
v -0.07973703 0.00040650 -0.00334647
v -0.07961564 -0.00029805 -0.00084557
v 0.07855919 0.02358134 0.01284756
v 0.07756358 0.02445770 0.01642486
v 0.07591298 0.02217712 0.01999369
v 0.07831560 0.01945464 -0.01524411
v 0.07604663 0.01809073 -0.01982669
v 0.07081708 0.02058619 0.02349097
v 0.07193425 0.01587691 -0.02291873
v 0.06756953 0.02335191 0.02401102
v 0.06283854 0.02345407 0.02365666
v 0.05821383 0.02101883 0.02191948
v 0.05626930 0.01870640 0.01963531
v 0.05622509 0.01600935 -0.01917452
v 0.05503832 0.01886949 0.00601451
v 0.05489048 0.01222149 -0.01821526
v 0.05536734 0.01567042 -0.01845987
v 0.05403899 0.01683672 -0.00861802
v 0.05391271 0.01881143 -0.00912649
v 0.05395394 0.01477951 -0.00957699
v -0.05760192 0.00455148 0.00500836
v -0.05805388 0.00539103 0.00952697
v -0.05804144 0.00693040 0.01116600
v -0.05844927 0.00736107 0.01365212
v -0.05705675 0.00212158 -0.01151899
v -0.05683193 0.00388801 -0.00655582
v -0.05897648 0.00734553 0.01584946
v -0.05860093 0.00072176 -0.01672183
v -0.05772934 0.00701604 -0.01534470
v -0.06063183 0.01011812 0.02004202
v -0.06316539 0.00903484 0.02232772
v -0.06484024 0.01039487 0.02362598
v -0.06787842 0.00781044 0.02408533
v -0.06102647 0.00090367 -0.02016732
v -0.06857441 0.00850446 0.02417541
v -0.07280463 0.00860895 0.02405490
v -0.07383376 -0.00243712 -0.02398803
v -0.07941319 0.00376239 0.01187263
v -0.07652656 -0.00299528 -0.02306520
v -0.07979204 0.00228944 -0.00669546
v -0.07993763 0.00223378 -0.00230406
v 0.07840825 0.02338243 0.00439775
v 0.07854567 0.02320220 0.00704698
v 0.07821748 0.02161586 -0.01278409
v 0.07913611 0.01796641 -0.00969714
v 0.07881229 0.02099089 -0.00085434
v 0.07418630 0.02622584 0.02078558
v 0.07725096 0.02055888 -0.01678241
v 0.07205480 0.02663977 0.02249763
v 0.07534477 0.02113356 -0.01975612
v 0.07279623 0.01915362 -0.02233794
v 0.06873883 0.02757465 0.02354451
v 0.06963623 0.01770886 -0.02304248
v 0.06651328 0.02584286 0.02389639
v 0.06178809 0.02467671 0.02345963
v 0.06133808 0.02503460 0.02335242
v 0.06485485 0.01713208 -0.02265380
v 0.05769851 0.01545321 -0.01968367
v 0.05346910 0.02180342 0.01608919
v 0.05462162 0.01903260 0.00288662
v 0.05472911 0.01888373 0.00913771
v 0.05427565 0.01804128 -0.01748416
v 0.05385216 0.01898240 -0.00992837
v 0.05373081 0.01772645 -0.00297285
v 0.05306586 0.01981744 -0.00338029
v 0.05310082 0.01978931 -0.00359446
v 0.05303918 0.02006276 -0.00121934
v -0.05661323 0.00635733 -0.00402547
v -0.05672986 0.00584383 -0.00271668
v -0.05721369 0.00449355 0.00062955
v -0.05936308 0.01050478 0.01779374
v -0.05628087 0.01030287 -0.01251896
v -0.05683240 0.00429844 -0.01065904
v -0.05923135 0.00911428 -0.01790748
v -0.05898194 0.00428447 -0.01769498
v -0.07017184 0.00960929 0.02426934
v -0.06574745 0.00091115 -0.02285737
v -0.07760455 0.00623151 0.02117329
v -0.07771825 0.00848363 0.02073256
v -0.07928903 0.00882384 0.01511943
v -0.07454626 0.00148555 -0.02338306
v -0.07946085 0.00504148 0.00463512
v -0.07957211 0.00558840 0.00330649
v -0.07929195 0.00473047 0.00830232
v -0.07995708 0.00330235 -0.00805617
v -0.08050830 -0.00012446 -0.01582308
v -0.08046214 0.00154432 -0.01531988
v -0.08035161 -0.00101970 -0.01294895
v -0.08016755 0.00269061 -0.01002460
v 0.07767122 0.02683673 0.01206641
v 0.07749689 0.02556595 0.01589292
v 0.07810753 0.02435662 0.00156926
v 0.07604164 0.02389395 -0.01746335
v 0.07442564 0.02356876 -0.01995337
v 0.06745118 0.02789892 0.02369358
v 0.06209685 0.02655567 0.02370927
v 0.05746038 0.02555275 0.02216850
v 0.05900567 0.02670069 0.02278985
v 0.06136720 0.02017262 -0.02244010
v 0.05787620 0.01976747 -0.02086322
v 0.05485903 0.02447461 0.01972508
v 0.05188834 0.02470628 0.01434744
v 0.05250757 0.02689835 0.01851977
v 0.05305454 0.02151409 -0.00965884
v 0.05302371 0.02177626 0.00338345
v 0.05285856 0.02228954 0.00684419
v 0.05235872 0.02171602 -0.00374700
v -0.05606767 0.00971309 -0.00951293
v -0.05633290 0.00830911 -0.00714193
v -0.05671131 0.00934925 -0.00012170
v -0.05641950 0.01126389 0.00382223
v -0.05699047 0.00794476 0.00443296
v -0.05736181 0.00954777 0.00885635
v -0.06047645 0.01219909 0.02021148
v -0.05840515 0.01245053 0.01635861
v -0.05642521 0.00766587 -0.01113228
v -0.06075256 0.01211887 0.02060836
v -0.06198031 0.01245582 0.02197585
v -0.06441036 0.01227092 0.02375036
v -0.06071942 0.00509893 -0.01976367
v -0.06616589 0.01353831 0.02441811
v -0.07306320 0.01235615 0.02408075
v -0.07030023 0.00140334 -0.02332375
v -0.07670919 0.01072328 0.02182952
v -0.07467962 0.00269532 -0.02295037
v -0.07940040 0.01429889 0.01546533
v -0.07653562 0.00223930 -0.02221260
v -0.07975964 0.00764301 0.00147355
v -0.07941844 0.00706166 0.01277124
v -0.07831876 0.00154991 -0.02051318
v -0.07873323 0.00486177 -0.01908056
v -0.08048784 0.00818723 -0.01197052
v -0.07979048 0.00672080 0.00109438
v 0.07700711 0.02862694 0.00854659
v 0.07721438 0.02815310 0.01318757
v 0.07737332 0.02589899 -0.00654591
v 0.07717541 0.02642322 -0.00380333
v 0.07883443 0.01974908 -0.00537151
v 0.07720702 0.02780885 0.00611867
v 0.07556659 0.02926647 0.01792955
v 0.07616710 0.02449917 -0.01683854
v 0.07765802 0.02453970 -0.01119499
v 0.07353027 0.02103187 -0.02143582
v 0.07232138 0.02160405 -0.02227469
v 0.06213934 0.02906426 0.02396220
v 0.06691403 0.02172520 -0.02333883
v 0.05703380 0.02876678 0.02275782
v 0.05882011 0.02164446 -0.02189245
v 0.05499777 0.02772135 0.02144132
v 0.05562276 0.02477518 -0.02124497
v 0.05166386 0.03037082 0.02010075
v 0.05004872 0.02552919 0.00782881
v 0.04919291 0.02703189 0.01119291
v 0.05192892 0.02363740 0.01213298
v 0.05387634 0.02033319 -0.01700089
v 0.05309527 0.02191640 -0.01589880
v 0.05314928 0.02116500 -0.01396829
v 0.05195821 0.02302452 -0.00805618
v 0.05155818 0.02328127 -0.00001968
v 0.04954686 0.02633896 0.00163764
v -0.05622458 0.01252270 0.00557900
v -0.05752382 0.01101761 0.01139235
v -0.05610524 0.00983198 -0.01086158
v -0.05569072 0.01195832 -0.00579615
v -0.05972714 0.01425987 0.02008178
v -0.05759047 0.00693341 -0.01490166
v -0.05938039 0.00658202 -0.01802414
v -0.06331005 0.01435673 0.02333614
v -0.06260708 0.01214139 -0.02083613
v -0.07127164 0.01165128 0.02426412
v -0.06420270 0.00082652 -0.02237291
v -0.07353268 0.01665970 0.02395493
v -0.07276076 0.00418885 -0.02319520
v -0.07856504 0.01558245 0.01933826
v -0.07537447 0.00590041 -0.02265481
v -0.07964563 0.00904863 0.00207780
v -0.07922302 0.00877798 0.00903425
v -0.07915905 0.01107841 0.01111996
v -0.08027270 0.00590415 -0.00986759
v -0.08018700 0.00549359 -0.00277076
v 0.07546343 0.03367192 0.00556814
v 0.07769026 0.02605746 0.00397608
v 0.07648562 0.03054198 0.01048605
v 0.07363399 0.03204614 0.01929694
v 0.07659702 0.02527156 -0.01545292
v 0.07775856 0.02317714 -0.01449340
v 0.07611939 0.03007141 -0.00767614
v 0.07550283 0.02539194 -0.01794161
v 0.07056853 0.03050850 0.02228567
v 0.06703744 0.03010048 0.02365099
v 0.06193667 0.02926583 0.02400458
v 0.05284587 0.02350452 -0.01741511
v 0.05139159 0.02409807 -0.01361836
v 0.05224676 0.02242324 -0.00622199
v 0.04942324 0.02517420 -0.00211769
v 0.05077174 0.02479487 -0.00882324
v -0.05532925 0.01367348 -0.00369349
v -0.05561748 0.01333850 -0.00166937
v -0.05586707 0.01425100 0.00427561
v -0.05556591 0.01626897 0.00711305
v -0.05676378 0.01441628 0.01163644
v -0.05527986 0.01377303 -0.01052536
v -0.05827152 0.01614477 0.01792714
v -0.05919638 0.01713495 0.02086703
v -0.05760467 0.01086258 -0.01580948
v -0.06020016 0.00511259 -0.01929179
v -0.07268340 0.01341163 0.02416137
v -0.06608614 0.00819440 -0.02295378
v -0.06876084 0.01112603 -0.02336099
v -0.07613665 0.01466944 0.02206136
v -0.07909527 0.01167690 0.00991088
v -0.07906462 0.01238194 0.00981330
v -0.07900552 0.00912744 0.01824862
v -0.07975623 0.01169066 -0.00267163
v -0.07958976 0.00870315 0.00413499
v -0.07893303 0.01325994 0.00494975
v -0.07906584 0.01215883 0.00764894
v -0.07780160 0.00576731 -0.02066445
v -0.07984402 0.00679148 -0.01614492
v -0.08016551 0.00793760 -0.00728033
v -0.08000066 0.00845169 -0.00210568
v -0.08051903 0.00649606 -0.01502251
v 0.07600961 0.03031866 -0.00386150
v 0.07586410 0.03106820 -0.00055054
v 0.07378670 0.03442368 0.01706960
v 0.07227151 0.03544400 0.01941639
v 0.07016557 0.03512492 0.02150189
v 0.07206995 0.02635003 -0.02167413
v 0.06686953 0.03509670 0.02332851
v 0.07078762 0.02545267 -0.02237659
v 0.06283545 0.03374032 0.02428645
v 0.06117188 0.03305373 0.02442942
v 0.06316011 0.02425006 -0.02315866
v 0.06288952 0.02515191 -0.02317130
v 0.05655715 0.03283179 0.02365025
v 0.06005028 0.02311476 -0.02263968
v 0.05898454 0.02805469 -0.02335330
v 0.05316808 0.02991311 0.02117406
v 0.05682285 0.02807965 -0.02284265
v 0.04976846 0.03184413 0.01904968
v 0.05019264 0.02971300 0.01744628
v 0.05262847 0.02552468 -0.01851118
v 0.04642178 0.03065735 0.01117202
v 0.04679623 0.03297713 0.01546025
v 0.04896258 0.02851244 0.01324771
v 0.05137295 0.02450539 -0.01489629
v 0.04852429 0.02621245 -0.00211599
v 0.04724294 0.02862611 0.00363740
v 0.04813651 0.02779407 0.00782900
v 0.04775111 0.02720466 -0.00375231
v 0.04589305 0.02930960 0.00096108
v -0.05471378 0.01450762 -0.00783264
v -0.05392762 0.01973644 -0.00733848
v -0.05567872 0.01529553 0.00041855
v -0.05687173 0.01653801 0.01426349
v -0.05758257 0.01978877 0.01961406
v -0.05832663 0.02006936 0.02127560
v -0.05606330 0.01677914 -0.01290598
v -0.06264904 0.01907499 0.02447123
v -0.05685699 0.01482748 -0.01407577
v -0.06093447 0.01283816 -0.01971667
v -0.06528896 0.01799286 0.02496308
v -0.06627145 0.01688975 0.02495854
v -0.07041320 0.00925904 -0.02331129
v -0.07769371 0.01671680 0.02068852
v -0.07884996 0.01397726 0.00695054
v -0.07598185 0.00838331 -0.02193698
v -0.07810819 0.00884267 -0.01972777
v -0.07968420 0.01459666 -0.00481585
v -0.08036912 0.00871262 -0.01439302
v 0.07540105 0.03278902 -0.00056028
v 0.07485569 0.03526194 0.00279169
v 0.07573875 0.03300328 0.00883766
v 0.07563328 0.03254741 0.01267591
v 0.07451602 0.03379462 -0.01167865
v 0.07600713 0.02951218 -0.01208046
v 0.07336365 0.03574050 0.01631606
v 0.07521121 0.02630013 -0.01778801
v 0.06995941 0.03779592 0.02065332
v 0.07234239 0.02997270 -0.02017616
v 0.06832901 0.02577398 -0.02334598
v 0.06052280 0.03417447 0.02450304
v 0.05351987 0.03208855 0.02250689
v 0.05237605 0.03466735 0.02287894
v 0.05425641 0.02539804 -0.02031517
v 0.05286541 0.02786815 -0.02011917
v 0.05067400 0.02774565 -0.01746511
v 0.04911799 0.02784658 -0.01532467
v 0.04897529 0.02687788 -0.01223183
v 0.04514412 0.03082658 0.00793654
v 0.04822026 0.02786928 -0.01328732
v 0.04596240 0.02869611 -0.00337529
v -0.05489273 0.01817930 0.00440264
v -0.05431576 0.01964671 0.00537191
v -0.05603305 0.01605565 0.00995101
v -0.05426710 0.01981585 0.00645621
v -0.05594682 0.01930532 0.01448911
v -0.06456395 0.01996716 0.02529994
v -0.06210843 0.02130756 0.02487909
v -0.05916562 0.01543999 -0.01794994
v -0.06181383 0.01374393 -0.02068870
v -0.07225803 0.01995664 0.02407940
v -0.06631074 0.01016960 -0.02287872
v -0.07335843 0.01820706 0.02388330
v -0.07783507 0.01830857 0.01997490
v -0.07348609 0.00975360 -0.02296620
v -0.07807975 0.01934789 0.01797535
v -0.07552243 0.00992289 -0.02202020
v -0.07880233 0.01532192 0.00158518
v -0.07881057 0.01635892 0.01106707
v -0.07927861 0.01545389 0.01559325
v -0.07978210 0.01498398 -0.00684809
v 0.07487828 0.03487165 0.00030860
v 0.07526835 0.03417103 0.00377151
v 0.07338029 0.03712601 0.01295553
v 0.07572815 0.03136751 -0.00869865
v 0.07449417 0.03582135 -0.00337587
v 0.07406429 0.03337703 -0.01465976
v 0.07483046 0.03071654 -0.01511776
v 0.07154925 0.03151980 -0.02054693
v 0.06788406 0.03066524 -0.02320123
v 0.06207087 0.03780940 0.02398666
v 0.06706353 0.02906061 -0.02354345
v 0.05549330 0.03472037 0.02392057
v 0.05918903 0.03705249 0.02429831
v 0.05029247 0.03631171 0.02296938
v 0.05361928 0.02926229 -0.02143966
v 0.04652996 0.03439589 0.01835547
v 0.04845543 0.03518849 0.02149525
v 0.04515681 0.03574323 0.01947142
v 0.04567971 0.03023228 -0.01284756
v 0.04698050 0.02865170 -0.01169912
v 0.04578947 0.02915799 -0.00805300
v 0.04417027 0.03207721 0.00569901
v 0.04394367 0.03290694 0.01048050
v 0.04493186 0.02951053 -0.00526688
v 0.04510657 0.02959841 -0.00161609
v 0.04320786 0.03139392 -0.00016517
v -0.05469653 0.01929875 0.00927137
v -0.05402195 0.02174158 0.01156994
v -0.05470094 0.02224139 0.01523144
v -0.05441531 0.01848249 -0.00314394
v -0.05461554 0.01838631 -0.00125075
v -0.05415008 0.01951654 -0.00237593
v -0.05451417 0.01942195 0.00165130
v -0.05398092 0.02060351 0.00106088
v -0.05692629 0.02278874 0.02100134
v -0.05585831 0.02065088 0.01633743
v -0.05475458 0.01910451 -0.01165693
v -0.05563035 0.01681502 -0.01179437
v -0.05459279 0.01835120 -0.00885285
v -0.05949558 0.02158724 0.02312826
v -0.05687653 0.01539369 -0.01414536
v -0.06116171 0.02201689 0.02461113
v -0.06432622 0.02102632 0.02555766
v -0.06034000 0.01601492 -0.01984867
v -0.06840523 0.02167230 0.02499060
v -0.07605489 0.02127050 0.02064875
v -0.06747006 0.01418807 -0.02359829
v -0.07876826 0.01567468 0.00124423
v -0.07860449 0.01710819 0.00613612
v -0.07810525 0.02028245 0.00704455
v -0.07860012 0.01865687 0.01369869
v -0.07732994 0.01116026 -0.02027422
v -0.07897390 0.01614478 -0.01687238
v -0.07936703 0.01714462 -0.00549035
v -0.07992631 0.01382787 -0.01593143
v -0.08040851 0.01186663 -0.01163294
v -0.08013053 0.01506417 -0.01106149
v 0.07352311 0.03825439 0.00889409
v 0.07387721 0.03716420 -0.00695901
v 0.07176123 0.03781673 0.01836338
v 0.07237313 0.03476909 -0.01728657
v 0.06759103 0.04279777 0.01983894
v 0.06986835 0.03020505 -0.02227438
v 0.06384698 0.02982962 -0.02367436
v 0.05428897 0.04026813 0.02426751
v 0.05550288 0.03156304 -0.02289664
v 0.05301955 0.03115782 -0.02200563
v 0.04819447 0.03621132 0.02215266
v 0.05072971 0.03225423 -0.02117859
v 0.04405148 0.03750049 0.02142753
v 0.04362402 0.03451109 0.01355244
v 0.04279721 0.03628433 0.01736455
v 0.04436556 0.03103004 -0.01218365
v 0.04381172 0.03100632 -0.01028623
v 0.04339172 0.03224222 0.00252824
v 0.04271216 0.03358520 0.00488394
v 0.04178941 0.03199310 -0.00819001
v 0.04222550 0.03139531 -0.00531164
v 0.04085387 0.03243878 -0.00467845
v 0.04066784 0.03326506 -0.00072488
v -0.05181988 0.02444647 -0.00133073
v -0.05189950 0.02449527 0.00367795
v -0.05550685 0.02339541 0.01904505
v -0.05423762 0.02667266 0.02070672
v -0.05592484 0.02686953 0.02250417
v -0.05295088 0.02196858 -0.00799069
v -0.05812425 0.02619806 0.02404570
v -0.05699949 0.01661449 -0.01487210
v -0.05858494 0.01964290 -0.02029963
v -0.06409866 0.01620743 -0.02261449
v -0.06979136 0.02366260 0.02477424
v -0.07462564 0.02070890 0.02274137
v -0.07532787 0.02275192 0.02099936
v -0.07672241 0.02224833 0.01886330
v -0.07430835 0.01515139 -0.02215990
v -0.07813956 0.02030233 0.00830077
v -0.07807489 0.02080424 0.01076056
v -0.07806272 0.02053911 0.01629064
v -0.07589979 0.01605150 -0.02085785
v -0.07660218 0.01346124 -0.02094901
v -0.07873510 0.01849992 -0.00251209
v -0.07858855 0.01768728 0.00096122
v -0.07854319 0.01771257 0.00260324
v -0.07794540 0.02132224 0.00157103
v -0.07986409 0.01587641 -0.01522014
v 0.07354425 0.03837983 0.00053695
v 0.07402635 0.03726099 0.00107504
v 0.07234396 0.03793320 0.01660469
v 0.07041507 0.04132955 0.01647513
v 0.07155821 0.03349321 -0.01973100
v 0.06576456 0.04154685 0.02218543
v 0.06481059 0.04126880 0.02271418
v 0.06744824 0.03476358 -0.02282544
v 0.06092282 0.04264693 0.02377622
v 0.06430744 0.03630622 -0.02353031
v 0.05153597 0.04005014 0.02405035
v 0.04888500 0.04035074 0.02409691
v 0.05230121 0.03398763 -0.02261713
v 0.04926942 0.03143443 -0.01944549
v 0.04686147 0.03129018 -0.01656794
v 0.03944473 0.03823527 0.01956843
v 0.04513220 0.03798217 0.02240052
v 0.04167705 0.03508801 0.01090526
v 0.04344817 0.03248117 -0.01433032
v 0.04223191 0.03208248 -0.01075324
v 0.03985234 0.03527721 0.00341506
v 0.03911430 0.03633055 0.00921999
v 0.03850287 0.03763495 0.01625618
v 0.03900511 0.03346102 -0.00628779
v 0.03899283 0.03544253 0.00280190
v 0.03942702 0.03654868 0.01232466
v 0.03817478 0.03395885 -0.00700730
v -0.05154873 0.02506592 0.00461356
v -0.05228029 0.02387043 0.00845667
v -0.05388568 0.02153097 0.01048914
v -0.05159659 0.02593446 0.01198879
v -0.05376149 0.02489544 0.01702038
v -0.05402832 0.02751938 0.02117154
v -0.05287237 0.02299176 -0.00432192
v -0.05253596 0.02370636 -0.01304655
v -0.05422266 0.02205079 -0.01444003
v -0.05161715 0.02473685 -0.01257496
v -0.05691768 0.02907233 0.02462336
v -0.05587178 0.02041953 -0.01641635
v -0.06198043 0.02683927 0.02563901
v -0.05878422 0.02014821 -0.02065908
v -0.07224755 0.02554089 0.02340034
v -0.07693889 0.02563799 0.01539831
v -0.07349133 0.01776988 -0.02229497
v -0.07751185 0.02287545 0.00679288
v -0.07867870 0.02007232 -0.00547271
v -0.07835013 0.02156560 -0.00260465
v -0.07907776 0.02004766 -0.01634340
v -0.07970367 0.01905634 -0.01144239
v -0.07886674 0.02038369 -0.00716696
v 0.07348098 0.03795406 -0.00767917
v 0.07320533 0.03917460 0.00447985
v 0.07214396 0.04142986 0.00597414
v 0.07251916 0.04060583 0.00875423
v 0.07160928 0.04034213 -0.01321077
v 0.07305928 0.03704755 -0.01359221
v 0.07357792 0.03657577 -0.01216919
v 0.07233148 0.04068766 -0.00191642
v 0.06951893 0.04202766 0.01787332
v 0.07149688 0.03928863 -0.01556541
v 0.06527573 0.04442821 0.02076511
v 0.06175119 0.04471160 0.02291345
v 0.05844590 0.04292899 0.02418353
v 0.05776081 0.04351883 0.02425065
v 0.05843432 0.03513860 -0.02374669
v 0.04699349 0.04188522 0.02421023
v 0.05121711 0.03639196 -0.02310528
v 0.04432415 0.04084913 0.02391644
v 0.04607846 0.03498498 -0.02104673
v 0.04069078 0.03948218 0.02256523
v 0.04440946 0.03456226 -0.01984181
v 0.04586559 0.03310495 -0.01836126
v 0.04273462 0.03347438 -0.01549775
v 0.03583493 0.03951503 0.02146423
v 0.04014917 0.03359326 -0.01129273
v 0.03853661 0.03537828 0.00181941
v 0.03558867 0.03670017 0.00686476
v 0.03701644 0.03740199 0.01390797
v 0.03472279 0.03624703 -0.00118262
v 0.03488084 0.03733112 0.01219943
v 0.03474534 0.03568040 -0.00909565
v 0.03554912 0.03525050 -0.00675643
v 0.03447200 0.03615148 -0.00194987
v 0.03160538 0.03710040 0.00820724
v 0.03142262 0.03825698 0.01813109
v 0.03544500 0.03993905 0.02149464
v 0.03448812 0.03556636 -0.00591681
v 0.02843170 0.03798960 0.01604391
v 0.03107790 0.03699849 0.00566901
v 0.03116209 0.03707207 0.00897940
v 0.03042921 0.03747207 0.01409143
v 0.02294155 0.03674610 0.01280758
v 0.02638753 0.03670325 0.00982405
v 0.02510309 0.03786605 0.01436366
v 0.02252050 0.03774569 0.01245342
v -0.05098672 0.02612480 0.00941228
v -0.04989203 0.02709638 0.00391755
v -0.05084667 0.02758153 0.01380233
v -0.05201967 0.02737844 0.01703791
v -0.05145062 0.02933016 0.01894015
v -0.05165298 0.02427590 -0.00604754
v -0.05308855 0.02844876 0.02076551
v -0.04998571 0.02606337 -0.01029544
v -0.05435860 0.03076159 0.02343662
v -0.05876163 0.03107735 0.02593701
v -0.06183612 0.01753822 -0.02182890
v -0.06357968 0.02970569 0.02548880
v -0.06855439 0.02717245 0.02468662
v -0.06469890 0.01526791 -0.02279324
v -0.06877991 0.01847015 -0.02331771
v -0.07513247 0.02658584 0.01973549
v -0.07271453 0.02018747 -0.02248666
v -0.07757759 0.02261773 0.00355474
v -0.07739035 0.02387697 0.00968177
v -0.07754883 0.02411299 0.01249667
v -0.07693276 0.01822946 -0.01928651
v -0.07693680 0.01967818 -0.01917673
v -0.07748816 0.02425857 -0.00064622
v 0.07107376 0.04332571 0.00136840
v 0.07053690 0.04396774 0.00886191
v 0.07106924 0.04153057 0.01408378
v 0.06987732 0.04305501 0.01510406
v 0.06694578 0.04628461 0.01591167
v 0.06929860 0.03758827 -0.02026144
v 0.06767585 0.03754511 -0.02182599
v 0.06678958 0.03685263 -0.02267892
v 0.05330675 0.04361354 0.02417327
v 0.05707932 0.03658819 -0.02372715
v 0.04724682 0.04510584 0.02449507
v 0.04008378 0.04328577 0.02411693
v 0.04290694 0.03473878 -0.01879753
v 0.04097401 0.03620196 -0.01974726
v 0.03950273 0.03595598 -0.01766397
v 0.03606470 0.04254074 0.02361116
v 0.03768382 0.03497752 -0.01153537
v 0.03345110 0.04053940 0.02173950
v 0.03599979 0.03570338 -0.01199842
v 0.02917371 0.03971208 0.02002653
v 0.03352313 0.03627409 -0.01115297
v 0.03420544 0.03566626 -0.00546290
v 0.03229423 0.03680228 0.00184440
v 0.02626109 0.04213155 0.02086834
v 0.02494022 0.03744799 0.00516482
v 0.02762704 0.03699267 0.00444268
v 0.02728723 0.03715212 -0.00664129
v 0.02758244 0.03696162 0.00706453
v 0.02810334 0.03656904 -0.00363949
v 0.02508045 0.03754823 0.00032685
v 0.02511844 0.03745712 0.00583051
v 0.02435789 0.03889581 0.01515689
v 0.02470822 0.04002455 0.01665899
v 0.02323739 0.03965916 0.01432974
v -0.04924394 0.02799264 0.00589327
v -0.04958196 0.02809897 0.00979294
v -0.04999900 0.02878121 0.01445778
v -0.05065666 0.03139838 0.02070453
v -0.04692838 0.02897219 -0.00755016
v -0.05011228 0.02660270 -0.00280144
v -0.04971153 0.02707883 0.00053992
v -0.05013065 0.02647720 -0.01269631
v -0.05009296 0.02581540 -0.00899086
v -0.05377105 0.03214662 0.02364153
v -0.05237602 0.02683962 -0.01743280
v -0.05372585 0.02524280 -0.01739670
v -0.05453243 0.02417271 -0.01763466
v -0.05669083 0.03297888 0.02591386
v -0.05779825 0.03318037 0.02610811
v -0.05803543 0.02244513 -0.02099816
v -0.05847561 0.02406759 -0.02188757
v -0.06499226 0.03073840 0.02507923
v -0.06835826 0.03171973 0.02426292
v -0.06381940 0.01994823 -0.02324769
v -0.07260733 0.02935974 0.02206870
v -0.07209549 0.02948354 0.02246756
v -0.06892377 0.02272874 -0.02345954
v -0.07355616 0.02773572 0.02167105
v -0.07128911 0.02394923 -0.02284185
v -0.07661784 0.02655663 0.00821052
v -0.07611437 0.02797466 0.01461060
v -0.07730937 0.02499519 -0.00196147
v -0.07670859 0.02601270 0.00402994
v -0.07645964 0.02700287 0.00479398
v -0.07597751 0.01856598 -0.02036052
v -0.07818717 0.02287298 -0.00730778
v -0.07743287 0.02473289 -0.00377889
v -0.07765685 0.02537470 -0.01280516
v 0.07146005 0.04215613 -0.00763091
v 0.07226971 0.04085169 -0.00445504
v 0.06972000 0.04562523 0.00177253
v 0.06879660 0.04589927 0.01163633
v 0.07022933 0.04036619 -0.01679375
v 0.06962755 0.04221569 -0.01584702
v 0.06887537 0.03931411 -0.01974559
v 0.06461837 0.03922587 -0.02276907
v 0.06204421 0.03666678 -0.02372854
v 0.05742822 0.04716748 0.02350762
v 0.05406005 0.04675311 0.02390729
v 0.05066837 0.04633720 0.02423341
v 0.04470752 0.04519788 0.02449990
v 0.04847897 0.03866805 -0.02325219
v 0.04340028 0.04828851 0.02491704
v 0.04725215 0.03802328 -0.02297867
v 0.03965730 0.03946546 -0.02218860
v 0.03506928 0.04553688 0.02478383
v 0.04034249 0.03788765 -0.02137410
v 0.03641090 0.03791974 -0.02026633
v 0.03744671 0.03633821 -0.01626879
v 0.03128110 0.04245554 0.02292143
v 0.03413880 0.03778465 -0.01852722
v 0.03029966 0.03761287 -0.01461926
v 0.03293014 0.03648811 -0.01151060
v 0.02907486 0.04355337 0.02279967
v 0.03735577 0.03727474 -0.01963834
v 0.02761605 0.04269228 0.02195072
v 0.02785748 0.03743771 -0.01117482
v 0.02659972 0.03776017 -0.01077714
v 0.02639369 0.03716541 -0.00294534
v 0.02534959 0.04050463 0.01807782
v 0.02569862 0.03805198 -0.00934512
v 0.02406683 0.03892914 -0.00828075
v 0.02362640 0.03831269 -0.00006289
v 0.02290594 0.03999326 0.00649832
v 0.02223359 0.04150448 0.01131999
v 0.02243868 0.03911372 0.01243564
v -0.04469508 0.03177647 0.00322928
v -0.04646891 0.03130485 0.00968769
v -0.04404136 0.03233702 0.00544441
v -0.04624624 0.03182713 0.01137166
v -0.04637056 0.03262052 0.01422897
v -0.04775425 0.03237791 0.01693475
v -0.04842219 0.03294970 0.01962178
v -0.04657543 0.02998285 -0.00076454
v -0.04645788 0.03030360 0.00176268
v -0.04472329 0.03153153 0.00163262
v -0.04718648 0.03048868 0.00816416
v -0.04750973 0.03402402 0.02015468
v -0.04834598 0.02831965 -0.00245426
v -0.05057938 0.03195260 0.02117709
v -0.04998708 0.03414513 0.02250052
v -0.04731953 0.02879071 -0.01068625
v -0.04989930 0.02807717 -0.01504941
v -0.05443363 0.03442319 0.02549366
v -0.05707927 0.03483955 0.02619040
v -0.05547119 0.02484344 -0.01955632
v -0.05624779 0.02660625 -0.02133914
v -0.06220680 0.03222517 0.02550685
v -0.06247643 0.02323573 -0.02349700
v -0.07296201 0.02967433 0.02182238
v -0.07460999 0.02995399 0.01835209
v -0.07333226 0.02248977 -0.02200267
v -0.07621800 0.02808199 0.00383700
v -0.07566149 0.02903814 0.01053354
v -0.07555961 0.02275130 -0.02021390
v -0.07703694 0.02610782 -0.00805045
v -0.07587352 0.02883610 -0.00603602
v -0.07635948 0.02774806 -0.00027323
v -0.07788893 0.02546976 -0.01537376
v -0.07818745 0.02346996 -0.01512299
v -0.07691738 0.02583960 -0.01014111
v 0.07006018 0.04427274 -0.00971347
v 0.06813194 0.04682355 -0.01042923
v 0.06994836 0.04474661 -0.00516417
v 0.06952981 0.04556752 -0.00069431
v 0.06865659 0.04704209 0.00554658
v 0.06755809 0.04824447 0.00776023
v 0.06517417 0.04883849 0.01532291
v 0.06834703 0.04447253 -0.01505796
v 0.06450673 0.04802743 0.01768005
v 0.06784817 0.04220089 -0.01849371
v 0.06469332 0.04223205 -0.02145365
v 0.05939315 0.04825961 0.02231842
v 0.05887415 0.03903902 -0.02346944
v 0.05064358 0.04834533 0.02423649
v 0.05474407 0.03644188 -0.02362163
v 0.04785221 0.04808080 0.02447495
v 0.04666394 0.04818713 0.02458888
v 0.04413197 0.04073222 -0.02344147
v 0.04215142 0.04847813 0.02510739
v 0.04199414 0.03724914 -0.02143190
v 0.03438413 0.04669360 0.02489891
v 0.03254352 0.04643609 0.02454378
v 0.03404779 0.03922314 -0.02110890
v 0.03245726 0.03919175 -0.02073741
v 0.03447730 0.03826450 -0.01997833
v 0.02713477 0.04559277 0.02280116
v 0.02793694 0.03994199 -0.02026562
v 0.03133442 0.03767680 -0.01667907
v 0.02568048 0.03811214 -0.01711686
v 0.02565284 0.03859586 -0.01777382
v 0.02440679 0.03839445 -0.01151527
v 0.02206994 0.04278547 0.01373111
v 0.02288275 0.04003562 -0.00658437
v 0.02212074 0.04035567 -0.00290071
v 0.02251013 0.04002930 0.01087251
v -0.04053687 0.03394283 0.00438174
v -0.04271899 0.03347336 0.00838356
v -0.04177634 0.03497707 0.01238903
v -0.04048767 0.03388583 0.00077162
v -0.04227949 0.03552966 0.01511348
v -0.04737106 0.03471242 0.02111240
v -0.04155433 0.03317640 -0.00277965
v -0.04347816 0.03279837 0.00637447
v -0.04518894 0.03393819 0.01561865
v -0.04487168 0.03629989 0.02066765
v -0.04647552 0.03675152 0.02241136
v -0.04315212 0.03194352 -0.00881791
v -0.04374780 0.03187953 -0.00207882
v -0.04405862 0.03168339 -0.00184763
v -0.04482348 0.03051282 -0.00918182
v -0.04831393 0.03799568 0.02435434
v -0.04712916 0.02933846 -0.01169178
v -0.04725725 0.03092064 -0.01534050
v -0.05301182 0.03643279 0.02568303
v -0.04970390 0.02902652 -0.01654714
v -0.05321661 0.02855493 -0.02048410
v -0.05540163 0.02992007 -0.02211929
v -0.06018498 0.03568959 0.02587533
v -0.05988835 0.02645178 -0.02321888
v -0.06811209 0.03362609 0.02388874
v -0.07119041 0.03357142 0.02173149
v -0.06575935 0.02557795 -0.02364797
v -0.07363076 0.03301020 0.01802343
v -0.07256372 0.03309163 0.01985503
v -0.07090998 0.02677752 -0.02289437
v -0.07514364 0.03101978 0.01292572
v -0.07407117 0.03369464 0.01553723
v -0.07580735 0.02891191 -0.00514140
v -0.07618534 0.02846551 0.00179026
v -0.07501037 0.03231394 0.00160130
v -0.07615912 0.02549027 -0.01863555
v -0.07669223 0.02780358 -0.01043165
v -0.07750688 0.02335097 -0.01755865
v 0.06613052 0.04958262 0.00810815
v 0.06676301 0.04852757 0.01164101
v 0.06753872 0.04797591 -0.00323102
v 0.06459342 0.05094531 0.01158682
v 0.06395467 0.05080899 0.01418748
v 0.06196375 0.04917232 0.01981467
v 0.06634341 0.04766164 -0.01402279
v 0.06577986 0.04429108 -0.01928109
v 0.05851248 0.05083477 0.02102334
v 0.06094064 0.04237532 -0.02285502
v 0.05473077 0.04952665 0.02335452
v 0.05382518 0.04331712 -0.02362272
v 0.04835619 0.04065201 -0.02349098
v 0.03802237 0.04907269 0.02513141
v 0.03706633 0.04248497 -0.02335725
v 0.03160377 0.04820497 0.02448272
v 0.03381405 0.04111390 -0.02259214
v 0.02825810 0.04763539 0.02343848
v 0.03016507 0.04172369 -0.02203777
v 0.02337633 0.04526608 0.01983663
v 0.02273037 0.04463588 0.01799448
v 0.02574816 0.04041853 -0.01974031
v 0.02397482 0.04089845 -0.01819671
v 0.02448340 0.03803196 -0.01327192
v 0.02219190 0.04138821 -0.01380431
v 0.02225139 0.04053893 -0.00411765
v 0.02133902 0.04334212 0.00151461
v 0.02126818 0.04356803 -0.01059841
v -0.03091900 0.03903123 0.01518057
v -0.03143919 0.03680845 0.00135345
v -0.03305536 0.03668680 0.00574883
v -0.03204052 0.03747053 0.00832400
v -0.03314531 0.03786090 0.01179975
v -0.03457112 0.03804513 0.01456557
v -0.03308756 0.04051891 0.02000465
v -0.03339043 0.03506138 -0.00750877
v -0.03221227 0.03590573 -0.00405044
v -0.03141000 0.03648210 -0.00195215
v -0.03414360 0.03685943 0.00852223
v -0.03504862 0.03937554 0.01861446
v -0.03614689 0.03459837 -0.00745523
v -0.03569822 0.03548790 -0.00039490
v -0.03652872 0.03520551 0.00489898
v -0.03461759 0.03878748 0.01728187
v -0.03748031 0.03984234 0.02076637
v -0.03567565 0.03488442 -0.00848446
v -0.03981239 0.03523104 0.01036710
v -0.04129198 0.03764855 0.01934923
v -0.03810824 0.03409980 -0.00835198
v -0.03891615 0.03443254 0.00098705
v -0.04054899 0.03650621 0.01548332
v -0.04017945 0.03909920 0.02084744
v -0.04058874 0.03369832 -0.00280326
v -0.04176883 0.03276455 -0.00851038
v -0.04012976 0.03376852 -0.01035818
v -0.04343590 0.03203242 -0.01065764
v -0.04870186 0.04025086 0.02560127
v -0.04529204 0.03126365 -0.01302972
v -0.04565299 0.03216179 -0.01522397
v -0.05076348 0.03769291 0.02538218
v -0.05193042 0.03853522 0.02592519
v -0.05023417 0.03014321 -0.01919145
v -0.05187763 0.03055802 -0.02083306
v -0.06098577 0.03733172 0.02554818
v -0.06649771 0.03585359 0.02413484
v -0.06372780 0.02930428 -0.02360948
v -0.06970522 0.03730123 0.02142558
v -0.06971079 0.02891177 -0.02288844
v -0.07492808 0.03174412 0.01422374
v -0.07418704 0.03391971 0.01342773
v -0.07264910 0.03584186 0.01705795
v -0.07202960 0.02790229 -0.02208378
v -0.07397526 0.03520595 0.00627725
v -0.07524030 0.03108595 0.00818753
v -0.07456748 0.03323758 0.00940727
v -0.07377702 0.03506992 0.01162258
v -0.07392198 0.02511478 -0.02113896
v -0.07565907 0.02971115 -0.00296063
v -0.07506600 0.03160527 -0.00124657
v -0.07583369 0.02707693 -0.01832035
v -0.07641472 0.02917948 -0.01615622
v -0.07703070 0.02791219 -0.01552062
v 0.06558203 0.05048448 0.00325036
v 0.06795568 0.04725289 -0.00906427
v 0.06605987 0.04985844 -0.00105610
v 0.06501086 0.05096997 0.00702206
v 0.06154168 0.05189030 0.01709261
v 0.06063263 0.05234602 0.01730304
v 0.05829596 0.05010392 0.02171644
v 0.05329963 0.05342382 0.02233157
v 0.05823556 0.04550872 -0.02305507
v 0.05030785 0.05211507 0.02369712
v 0.04717146 0.05256527 0.02415044
v 0.04982274 0.04483466 -0.02347296
v 0.04216242 0.05317530 0.02474669
v 0.03598871 0.05165648 0.02521168
v 0.04082317 0.04237957 -0.02363488
v 0.03296712 0.05063740 0.02495144
v 0.03171873 0.04275682 -0.02280059
v 0.02622154 0.05004337 0.02270079
v 0.02185152 0.04559815 0.01463836
v 0.02162642 0.04325416 -0.00539815
v 0.02171581 0.04142404 0.00021111
v 0.02151285 0.04274562 0.00409325
v 0.02176059 0.04429581 0.00755074
v 0.02286597 0.04226215 -0.01729456
v 0.02100240 0.04465924 -0.00278790
v -0.02451702 0.04198548 0.01435003
v -0.02757211 0.03945829 0.00889954
v -0.02639998 0.04020616 0.01320649
v -0.02615192 0.04201581 0.01831353
v -0.02725260 0.03825787 -0.00418531
v -0.02621301 0.03926592 -0.00163880
v -0.02693595 0.03898495 0.00049704
v -0.02910439 0.03877729 0.00821156
v -0.02929828 0.03925487 0.01369094
v -0.02863737 0.03981709 0.01568334
v -0.02977703 0.04113448 0.01969839
v -0.02815963 0.04295964 0.02087445
v -0.02842487 0.03775191 -0.00384670
v -0.02892701 0.03774353 0.00029374
v -0.02973619 0.03822791 0.00615334
v -0.02999177 0.04271044 0.02145613
v -0.03163120 0.03610627 -0.01181904
v -0.02759190 0.03756653 -0.01161119
v -0.02949185 0.03717266 -0.01230525
v -0.03061782 0.03598813 -0.00864859
v -0.02962597 0.03642539 -0.00727374
v -0.03397925 0.03564936 -0.01153734
v -0.02825139 0.03769785 -0.01362066
v -0.03705267 0.04182847 0.02264003
v -0.03539943 0.03572502 -0.01273070
v -0.04184878 0.03967314 0.02226688
v -0.04214946 0.04170294 0.02378340
v -0.03718256 0.03588178 -0.01470524
v -0.03662850 0.03618060 -0.01500478
v -0.04085186 0.03407520 -0.01270846
v -0.04542048 0.04290349 0.02516545
v -0.04156222 0.03473263 -0.01505571
v -0.04269475 0.03539787 -0.01866088
v -0.04596368 0.03269107 -0.01728280
v -0.05034449 0.04106354 0.02602897
v -0.04760599 0.03196383 -0.01846704
v -0.05216693 0.04143049 0.02623866
v -0.05025941 0.03111836 -0.02016636
v -0.05657282 0.04030334 0.02597792
v -0.05611026 0.03230745 -0.02311945
v -0.06460196 0.03949254 0.02415494
v -0.06791912 0.03841957 0.02241639
v -0.06451018 0.03400522 -0.02354344
v -0.06977033 0.03784884 0.02100247
v -0.07235119 0.03645648 0.01730197
v -0.06953193 0.03161758 -0.02244525
v -0.07248734 0.03745924 0.01326671
v -0.07433279 0.03444239 -0.00411104
v -0.07448474 0.03403365 0.00077845
v -0.07444159 0.03421950 0.00347357
v -0.07601029 0.03017901 -0.01062823
v -0.07529602 0.03197867 -0.01085902
v -0.07519149 0.03209708 -0.00784774
v -0.07641661 0.02898943 -0.01674612
v 0.06561998 0.05025936 -0.01021665
v 0.06515910 0.05112699 -0.00722748
v 0.06326933 0.05269113 -0.00373637
v 0.06343878 0.05249716 0.00222778
v 0.06295873 0.05280758 0.00874544
v 0.06212919 0.05322440 0.01150514
v 0.06351924 0.04766214 -0.01877426
v 0.06283367 0.04881288 -0.01844560
v 0.06430351 0.04949090 -0.01496165
v 0.05837231 0.05363512 0.01884716
v 0.05484088 0.05467393 0.02067040
v 0.06284518 0.04511225 -0.02115005
v 0.05543419 0.04757514 -0.02297929
v 0.05570881 0.04603831 -0.02344914
v 0.04648077 0.05493466 0.02351998
v 0.04156473 0.04385627 -0.02367776
v 0.03667863 0.05398626 0.02472275
v 0.03073863 0.05385978 0.02417401
v 0.02811023 0.04972790 0.02356120
v 0.02865730 0.05178574 0.02359989
v 0.03009650 0.04559586 -0.02359203
v 0.02522356 0.04432499 -0.02091721
v 0.02181961 0.04552358 0.00962448
v 0.02314357 0.04529570 -0.01899610
v 0.02097953 0.04493418 -0.00191338
v 0.02160067 0.04915228 0.00652695
v 0.02075464 0.04535757 -0.01106183
v -0.02210651 0.04365893 0.00936748
v -0.02414737 0.04302548 0.01637426
v -0.02285110 0.04420364 0.01423746
v -0.02346911 0.04222546 0.00212647
v -0.02277776 0.04302925 0.00457982
v -0.02396052 0.04153734 0.00729862
v -0.02273552 0.04272414 0.00990966
v -0.02426455 0.04131449 0.00879681
v -0.02574770 0.04299215 0.01903340
v -0.02306026 0.04226564 -0.00902674
v -0.02420459 0.04052637 -0.00609588
v -0.02519353 0.04006057 -0.00018019
v -0.02510746 0.04046414 0.00364199
v -0.02605965 0.04573080 0.02125960
v -0.02638967 0.03784279 -0.00990992
v -0.02564191 0.03892883 -0.00684452
v -0.03136230 0.04472129 0.02321163
v -0.02925009 0.03846074 -0.01634790
v -0.03294530 0.04361208 0.02289583
v -0.03780386 0.04392528 0.02390474
v -0.04172388 0.04361616 0.02453370
v -0.03764053 0.03656608 -0.01710493
v -0.04361594 0.03997778 0.02339817
v -0.04155101 0.03663371 -0.01956202
v -0.04604362 0.03547766 -0.02114655
v -0.05253703 0.03271028 -0.02211118
v -0.05242950 0.03483630 -0.02277681
v -0.06022770 0.04192283 0.02508408
v -0.05857992 0.03091341 -0.02357077
v -0.05638889 0.03511413 -0.02370703
v -0.06658725 0.04126526 0.02253223
v -0.06586465 0.02977834 -0.02339472
v -0.07013677 0.03911266 0.01936476
v -0.07252586 0.03781517 0.01103769
v -0.07141029 0.03884148 0.01534883
v -0.07119500 0.03147804 -0.02145723
v -0.07374174 0.03590365 0.00505479
v -0.07310256 0.03398064 -0.01783518
v -0.07456564 0.03162335 -0.01772222
v -0.07452383 0.03400441 -0.00623272
v -0.07394498 0.03574341 -0.00457606
v -0.07363335 0.03640227 0.00296516
v -0.07488358 0.03180004 -0.01684058
v -0.07424832 0.03435061 -0.01228535
v 0.06316818 0.05299294 -0.00690522
v 0.06201917 0.05372766 0.00168807
v 0.06002432 0.05501334 0.01386877
v 0.06281707 0.05346041 -0.00670622
v 0.06128491 0.05451982 -0.00334157
v 0.06151168 0.05411251 0.00407959
v 0.05957274 0.05597263 0.01194834
v 0.06210553 0.05114214 -0.01750268
v 0.05711434 0.05532070 0.01819860
v 0.05954356 0.04927048 -0.02102831
v 0.05050209 0.05600881 0.02155298
v 0.05319824 0.05693652 0.01927890
v 0.04598102 0.05581387 0.02329241
v 0.04937974 0.04802529 -0.02335586
v 0.04056154 0.05535719 0.02429672
v 0.04287018 0.04372226 -0.02362660
v 0.03334735 0.05462457 0.02429665
v 0.03728180 0.04503378 -0.02393230
v 0.02586618 0.05404298 0.02204315
v 0.02286874 0.05171445 0.01912479
v 0.02158202 0.05093939 0.01389098
v 0.02189682 0.05288117 0.01533060
v 0.02150918 0.05015795 0.00667287
v 0.02124411 0.04667667 -0.01387390
v 0.01978343 0.04925670 -0.00964263
v 0.02006659 0.04723761 -0.00490095
v -0.02073929 0.04799168 0.00500217
v -0.02129345 0.04546100 0.00814252
v -0.02390049 0.04466030 0.01808387
v -0.02289225 0.04278739 -0.00559667
v -0.02265704 0.04314875 -0.00702889
v -0.02380828 0.04153222 -0.00143006
v -0.02199481 0.04509203 -0.00170617
v -0.02404476 0.04698805 0.01979520
v -0.02563184 0.04708326 0.02162173
v -0.02441986 0.04007177 -0.01139001
v -0.02310312 0.04237824 -0.00995975
v -0.02801248 0.04718419 0.02315000
v -0.02571405 0.04118654 -0.01690158
v -0.02562092 0.03955328 -0.01369052
v -0.02986622 0.04681585 0.02383028
v -0.02727703 0.04054102 -0.01843529
v -0.02733082 0.03899505 -0.01570645
v -0.03261742 0.04677703 0.02432582
v -0.02776236 0.03994077 -0.01814925
v -0.03111429 0.03988618 -0.01970064
v -0.03473237 0.04647666 0.02442790
v -0.03655374 0.04597183 0.02449986
v -0.04197263 0.04611170 0.02529893
v -0.03331333 0.03830055 -0.01844352
v -0.03502394 0.03931537 -0.02038168
v -0.03870983 0.03879286 -0.02096207
v -0.04015917 0.03706759 -0.01943325
v -0.04262197 0.03752262 -0.02095842
v -0.04898314 0.04541785 0.02580848
v -0.04672857 0.03757469 -0.02262110
v -0.05285285 0.04494125 0.02587530
v -0.04756881 0.03588268 -0.02196516
v -0.05922643 0.04395540 0.02503809
v -0.06410109 0.04292373 0.02307822
v -0.05867340 0.03624525 -0.02371211
v -0.06801887 0.04192539 0.01935547
v -0.07041127 0.04011698 0.01687762
v -0.06801744 0.03417416 -0.02270641
v -0.07347044 0.03616662 0.00887827
v -0.07220627 0.03922084 0.00680374
v -0.07157897 0.03996360 0.00937584
v -0.07361149 0.03635956 -0.00144206
v -0.07269027 0.03849290 0.00001634
v -0.07273901 0.03849700 0.00499305
v -0.07276590 0.03421758 -0.01824030
v -0.07378306 0.03529660 -0.01318438
v -0.07328447 0.03737390 -0.00989886
v 0.06092660 0.05497831 -0.00768495
v 0.05795024 0.05680321 0.01210938
v 0.06147362 0.05190978 -0.01713362
v 0.06240271 0.05269708 -0.01296639
v 0.06307919 0.05255299 -0.01117126
v 0.06012863 0.05514966 -0.00123155
v 0.05881094 0.05655648 0.00118492
v 0.06023056 0.05544765 0.00748137
v 0.05718594 0.05759354 0.00965669
v 0.05525957 0.05742972 0.01492574
v 0.05940898 0.05143789 -0.01972254
v 0.05800770 0.05397780 -0.01868555
v 0.05702518 0.05747802 0.01019427
v 0.05439385 0.05719700 0.01757335
v 0.05604400 0.05091591 -0.02163622
v 0.04704362 0.05774803 0.02162909
v 0.05214689 0.04886152 -0.02317303
v 0.03910508 0.05793434 0.02320253
v 0.04644909 0.05088611 -0.02340302
v 0.03346708 0.05662987 0.02361955
v 0.03504389 0.04909056 -0.02408232
v 0.03335757 0.04869342 -0.02412627
v 0.02903906 0.05614402 0.02311767
v 0.02901792 0.04711836 -0.02341795
v 0.02622493 0.04886890 -0.02205005
v 0.02246300 0.05512664 0.01722686
v 0.02533400 0.04513057 -0.02133178
v 0.02157390 0.05167759 0.00953827
v 0.02159326 0.05263835 0.01240314
v 0.02049987 0.05098403 -0.00029325
v 0.02143574 0.05181718 0.00566961
v 0.01970290 0.04961640 -0.00586007
v -0.02147077 0.04488547 0.01035334
v -0.02200871 0.04814498 0.01684194
v -0.02216035 0.04471330 0.00059123
v -0.02225463 0.04892399 0.01770095
v -0.02245706 0.04657315 0.01712640
v -0.02417159 0.05024140 0.02147193
v -0.02260940 0.04552805 -0.01209178
v -0.02388192 0.04190930 -0.01268702
v -0.02683827 0.04933178 0.02306624
v -0.02840608 0.05089634 0.02406932
v -0.02464711 0.04310518 -0.01685655
v -0.02560461 0.04279110 -0.01823580
v -0.03228061 0.04977281 0.02489918
v -0.03118395 0.04165940 -0.02132430
v -0.03870192 0.04932714 0.02550727
v -0.03112260 0.04018423 -0.02015165
v -0.04482624 0.04639872 0.02544932
v -0.04474127 0.04871518 0.02546086
v -0.03858764 0.04109664 -0.02258596
v -0.05296740 0.04650826 0.02555174
v -0.05825425 0.04512822 0.02506101
v -0.05288773 0.04077652 -0.02394490
v -0.06259571 0.04490466 0.02312665
v -0.06540683 0.04453134 0.02068340
v -0.06470691 0.03630214 -0.02361911
v -0.06950875 0.04203637 0.01487591
v -0.06821279 0.04329209 0.01656896
v -0.06744614 0.03562277 -0.02264826
v -0.07080404 0.04137949 0.00870277
v -0.06891261 0.04334567 0.01202438
v -0.07181033 0.04005522 0.00062570
v -0.07091580 0.04159104 0.00419887
v -0.07109152 0.03540147 -0.01939620
v -0.07043683 0.03988704 -0.01711816
v -0.07271388 0.03851787 -0.00768432
v -0.07253821 0.03917813 -0.00360702
v -0.07343906 0.03562442 -0.01502653
v -0.07257533 0.03883654 -0.00982731
v 0.05851172 0.05691283 -0.00523922
v 0.05757980 0.05496948 -0.01715699
v 0.05902166 0.05596377 -0.01099070
v 0.05855636 0.05671273 -0.00632408
v 0.05714823 0.05788144 0.00353003
v 0.05396554 0.05924507 0.00889097
v 0.05615240 0.05437293 -0.01921489
v 0.05327631 0.05917441 0.01254674
v 0.05354554 0.05834242 0.01484415
v 0.05648480 0.05223808 -0.02079230
v 0.04990665 0.05937187 0.01699877
v 0.05090963 0.05814976 0.01895149
v 0.05375305 0.05138013 -0.02214173
v 0.04704664 0.05851621 0.02076313
v 0.04777542 0.05958705 0.01891634
v 0.04800634 0.05404166 -0.02233992
v 0.04305449 0.05946223 0.02133150
v 0.04015076 0.06113631 0.01999860
v 0.04270589 0.05209970 -0.02351362
v 0.04152155 0.04997631 -0.02378294
v 0.03450963 0.05859282 0.02269872
v 0.02939270 0.05780519 0.02235132
v 0.02957101 0.04989523 -0.02353434
v 0.02538691 0.05688197 0.02029122
v 0.02462077 0.05868909 0.01817867
v 0.02361338 0.05644341 0.01822683
v 0.02771875 0.04844275 -0.02286424
v 0.02161552 0.05421097 0.00771533
v 0.02227480 0.04703945 -0.01726190
v 0.02062925 0.05449490 -0.00206910
v 0.02095774 0.05269798 0.00232295
v 0.01945445 0.05053968 -0.00799562
v 0.02020845 0.05105566 -0.00286108
v -0.02037351 0.04892078 0.00959428
v -0.02264544 0.05229589 0.01898257
v -0.02135701 0.04631365 -0.00651634
v -0.02102695 0.04759128 -0.00434501
v -0.02046866 0.04920607 0.00039136
v -0.02353116 0.05357962 0.02097608
v -0.02218479 0.04711784 -0.01168170
v -0.02651689 0.05399133 0.02325422
v -0.02301714 0.04969059 -0.01563496
v -0.02587540 0.04495414 -0.01973630
v -0.03821751 0.05132024 0.02557610
v -0.04115547 0.04923002 0.02549697
v -0.03727198 0.04167840 -0.02265650
v -0.04522697 0.05008053 0.02520429
v -0.04493857 0.04014404 -0.02311714
v -0.05117458 0.05042261 0.02464876
v -0.04997090 0.03903085 -0.02369383
v -0.06004686 0.04669228 0.02393114
v -0.06624134 0.04472752 0.01896515
v -0.06385690 0.04651343 0.02100366
v -0.06777591 0.04431811 0.01476249
v -0.06698466 0.04517869 0.01579054
v -0.06975441 0.04271334 0.00987253
v -0.06859991 0.04424430 0.00913913
v -0.06763538 0.04479367 0.01272064
v -0.07025281 0.04263317 0.00105256
v -0.06855128 0.04462326 0.00234444
v -0.06895913 0.04402755 0.00553838
v -0.06835256 0.03999221 -0.01977814
v -0.06983730 0.03648511 -0.02025667
v -0.07131235 0.04116973 -0.00557999
v -0.07103964 0.04168366 -0.00133142
v -0.07202880 0.03819750 -0.01537257
v -0.07106338 0.04155134 -0.01063936
v 0.05691033 0.05748227 -0.01196434
v 0.05589261 0.05891607 -0.00356919
v 0.05535512 0.05910959 0.00001719
v 0.05398091 0.05587847 -0.01878160
v 0.05547875 0.05645467 -0.01621821
v 0.05305203 0.05792607 -0.01593499
v 0.05613772 0.05774329 -0.01207371
v 0.05470401 0.05915653 0.00370346
v 0.05274840 0.05962395 0.00461429
v 0.05162614 0.06028919 0.00827625
v 0.05039743 0.06064169 0.01215674
v 0.04985877 0.06081580 0.01328075
v 0.05015037 0.06029387 0.01512688
v 0.04774246 0.06193081 0.01501027
v 0.05257698 0.05418905 -0.02105238
v 0.04327512 0.06072028 0.01957987
v 0.04068490 0.06164959 0.01904272
v 0.04587105 0.05344042 -0.02305543
v 0.04161899 0.05560292 -0.02295745
v 0.03493408 0.06007533 0.02114983
v 0.03709480 0.05093944 -0.02393758
v 0.02679053 0.05976126 0.01967585
v 0.03043001 0.05271442 -0.02332802
v 0.02215733 0.05545488 0.01179874
v 0.02254982 0.05704249 0.00987313
v 0.02292903 0.05823706 0.01359193
v 0.02141744 0.05561428 0.00179132
v 0.02147223 0.05473448 0.00396243
v 0.02236268 0.05680881 0.00765019
v 0.02206189 0.05509267 -0.01653015
v 0.02135693 0.05262356 -0.01418638
v 0.02036334 0.05443030 -0.00571037
v 0.02050632 0.05147305 -0.01227377
v 0.02053747 0.05465480 -0.01054914
v -0.02045034 0.04990871 0.00153676
v -0.02063504 0.05390773 0.00171579
v -0.02029923 0.05115836 0.00950337
v -0.02084229 0.05055039 0.01359988
v -0.02173464 0.05401356 0.01729915
v -0.02024991 0.05035443 -0.00103679
v -0.02406937 0.04439934 -0.01548682
v -0.02581071 0.04780468 -0.02049397
v -0.02756510 0.04323213 -0.02090213
v -0.03306085 0.05294859 0.02508663
v -0.02961674 0.04305194 -0.02177501
v -0.03587744 0.04212205 -0.02276713
v -0.04042132 0.05217317 0.02546273
v -0.05624391 0.04879801 0.02413205
v -0.05653806 0.04983849 0.02350376
v -0.06070281 0.04916689 0.02231827
v -0.05895607 0.04079827 -0.02363225
v -0.06451671 0.04707857 0.01884075
v -0.06348190 0.04892165 0.01812341
v -0.06605234 0.04667812 0.01463667
v -0.06472630 0.04782134 0.01686202
v -0.06492431 0.03968453 -0.02299446
v -0.06559396 0.04746164 0.01251420
v -0.06565860 0.04163448 -0.02145482
v -0.06757787 0.04569707 0.00453365
v -0.06720809 0.04593636 0.00660215
v -0.06740729 0.04074727 -0.02044793
v -0.07142321 0.04100903 -0.00591569
v -0.06929551 0.04413537 -0.00408132
v -0.06807277 0.04521863 0.00030060
v -0.06917988 0.04226550 -0.01690764
v -0.07038864 0.04264507 -0.01179494
v 0.05422543 0.05930867 -0.00835902
v 0.05369173 0.05996764 -0.00375030
v 0.05340747 0.06021302 -0.00191424
v 0.05093105 0.06075841 0.00213984
v 0.05030287 0.06110575 0.00865571
v 0.05094435 0.05700474 -0.01943798
v 0.05261968 0.05879775 -0.01478128
v 0.04720340 0.06222873 0.00005436
v 0.05050127 0.06095360 0.01020435
v 0.04757341 0.06235998 0.01215735
v 0.04533112 0.06216878 0.01602974
v 0.04633039 0.05549098 -0.02203216
v 0.04251350 0.06238819 0.01582284
v 0.03754716 0.06187988 0.01924290
v 0.03587207 0.06255896 0.01735010
v 0.03296474 0.06156454 0.01865600
v 0.03286461 0.06102915 0.02016744
v 0.03486365 0.05270926 -0.02363763
v 0.02664688 0.06039099 0.01842498
v 0.03177813 0.05426299 -0.02310435
v 0.02815111 0.05489195 -0.02251116
v 0.02532322 0.06020917 0.01586849
v 0.02383437 0.05941364 0.01172702
v 0.02575066 0.06055989 0.01570952
v 0.02564366 0.05337800 -0.02169279
v 0.02546265 0.05609096 -0.02081496
v 0.02264322 0.05787720 0.00569326
v 0.02417323 0.05984370 0.00817470
v 0.02438238 0.06014254 0.00997701
v 0.02160018 0.05686324 -0.00243297
v 0.02269615 0.05821670 0.00340030
v 0.02282606 0.05511693 -0.01798532
v 0.01955399 0.05213954 -0.00937950
v 0.02099255 0.05616264 -0.00961575
v 0.02031287 0.05428046 -0.00650184
v 0.02156226 0.05700295 -0.00391348
v -0.02103533 0.05409996 0.01100369
v -0.02138704 0.05384115 0.01596188
v -0.02139276 0.05089780 -0.00893719
v -0.02175646 0.04853007 -0.01060380
v -0.02392859 0.05636240 0.02018113
v -0.02287134 0.04967689 -0.01402756
v -0.02380798 0.04931028 -0.01715096
v -0.02832624 0.05408481 0.02383286
v -0.03456712 0.05542949 0.02489192
v -0.04074750 0.05380346 0.02513530
v -0.04550680 0.05330300 0.02424103
v -0.04356505 0.04189140 -0.02367853
v -0.04923118 0.05213597 0.02438932
v -0.04482819 0.04535888 -0.02397763
v -0.04875092 0.04197923 -0.02402328
v -0.05271964 0.05419554 0.02248127
v -0.05235303 0.04289088 -0.02397963
v -0.05434092 0.04510041 -0.02382856
v -0.06058571 0.05109213 0.02005946
v -0.06164053 0.05077883 0.01884184
v -0.06413178 0.04914785 0.01248377
v -0.06267192 0.05051671 0.01545106
v -0.06433172 0.03976999 -0.02321063
v -0.06094760 0.04562817 -0.02211666
v -0.06447299 0.04890915 0.00991328
v -0.06698608 0.04615939 0.00886658
v -0.06660336 0.04682901 0.00029676
v -0.06639704 0.04703199 0.00029313
v -0.06503653 0.04846477 0.00432356
v -0.06883717 0.04467130 -0.00298316
v -0.06669809 0.04681547 -0.00188681
v -0.06707290 0.04513453 -0.01735468
v -0.06837346 0.04511472 -0.01270762
v -0.06879550 0.04483635 -0.01000514
v -0.06759823 0.04619310 -0.00583722
v 0.05279940 0.05908196 -0.01286890
v 0.04905370 0.06041972 -0.01335460
v 0.04979237 0.06079444 -0.01031185
v 0.05024580 0.06121874 -0.00461463
v 0.04891317 0.05910859 -0.01701173
v 0.04903795 0.06101222 -0.00970168
v 0.04772590 0.06165602 -0.00565447
v 0.04699839 0.06221946 0.00558194
v 0.04641123 0.06300557 0.01085593
v 0.04501766 0.06324689 0.01206367
v 0.04608221 0.06237243 0.00012294
v 0.04593918 0.05789438 -0.02035510
v 0.04598223 0.05965096 -0.01709092
v 0.04112899 0.06300287 0.00659849
v 0.04168350 0.06345724 0.01209352
v 0.03789897 0.06323146 0.01508398
v 0.03900849 0.05583586 -0.02296437
v 0.03584502 0.06318635 0.01253111
v 0.03177789 0.06234664 0.01593842
v 0.03132694 0.06269765 0.01258757
v 0.02755762 0.06180166 0.01184491
v 0.02984899 0.06245403 0.01158920
v 0.02732763 0.06148922 0.01506052
v 0.02963120 0.05693948 -0.02190049
v 0.02630590 0.06077677 0.00573009
v 0.02695821 0.06099330 0.00577976
v 0.02753354 0.06162996 0.00935703
v 0.02461875 0.05988259 0.00361394
v 0.02372375 0.05948031 -0.00029959
v 0.02394712 0.05951209 0.00114450
v 0.02337964 0.05514853 -0.01879823
v 0.02212040 0.05778987 -0.00860888
v 0.02339896 0.05938863 -0.00700592
v 0.02323543 0.05912576 -0.00360006
v 0.02259697 0.05799462 -0.01370937
v 0.02353677 0.05946814 -0.01059176
v -0.02088326 0.05537023 0.01046356
v -0.02171590 0.05474064 -0.00846462
v -0.02058259 0.05110014 -0.00591355
v -0.02032293 0.05173986 -0.00253888
v -0.02237521 0.05467068 -0.01290297
v -0.02383520 0.05257193 -0.01766193
v -0.02523250 0.05246766 -0.01979825
v -0.03031175 0.05347268 0.02465330
v -0.02659266 0.05291003 -0.02147764
v -0.03051876 0.04779133 -0.02331790
v -0.03671321 0.05816661 0.02387805
v -0.04461120 0.05680592 0.02298816
v -0.03759660 0.04664584 -0.02383646
v -0.04961740 0.05319668 0.02387889
v -0.04786051 0.04181041 -0.02410595
v -0.05418769 0.05424329 0.02177927
v -0.05648823 0.05268991 0.02165430
v -0.06025178 0.05218645 0.01830402
v -0.05803022 0.04638244 -0.02292354
v -0.06235693 0.05107476 0.01242658
v -0.05978394 0.05303141 0.01656102
v -0.06013999 0.04158921 -0.02352313
v -0.06338389 0.04998231 0.00355569
v -0.06275568 0.05058454 0.00504119
v -0.06104618 0.05248624 0.01136402
v -0.06461631 0.04893090 -0.00179705
v -0.06313680 0.05037653 -0.00074432
v -0.06500674 0.04848780 0.00229174
v -0.06315616 0.04874158 -0.01824644
v -0.06409745 0.04399393 -0.02131960
v -0.06512621 0.04879681 -0.00586562
v -0.06626685 0.04753380 -0.00383431
v -0.06511008 0.04756060 -0.01714671
v -0.06644536 0.04710587 -0.01265551
v 0.04586817 0.06211670 -0.00485034
v 0.04586178 0.06144109 -0.01410698
v 0.04189748 0.05998164 -0.01914391
v 0.04404051 0.06227068 -0.00989396
v 0.04165506 0.06286274 -0.00386765
v 0.04382908 0.06282320 -0.00080272
v 0.04079125 0.06294207 0.00501284
v 0.04374092 0.05804605 -0.02077810
v 0.03864784 0.06259592 -0.00832676
v 0.03936246 0.06274976 -0.00526993
v 0.03770973 0.06312133 0.00983786
v 0.03678430 0.05919190 -0.02106524
v 0.03726040 0.06275851 -0.00302062
v 0.03813444 0.06294333 0.00036285
v 0.03292985 0.06255738 0.00088490
v 0.03517682 0.05768684 -0.02220474
v 0.03311908 0.06242376 -0.00356833
v 0.03267995 0.06281959 0.00852006
v 0.03194761 0.05766014 -0.02193006
v 0.03291890 0.06247730 -0.00584122
v 0.03239486 0.06254629 0.00306732
v 0.03145630 0.05801173 -0.02162953
v 0.02925247 0.06167469 -0.00421250
v 0.02778922 0.06132959 -0.00514944
v 0.02826083 0.06157748 0.00066947
v 0.02727759 0.05736135 -0.02125181
v 0.02716640 0.06053774 -0.01720084
v 0.02558574 0.06058272 -0.00654545
v 0.02492342 0.06016698 0.00099479
v 0.02596623 0.06076951 -0.00951377
v 0.02410288 0.05973666 -0.01067892
v 0.02479308 0.05766685 -0.01930630
v 0.02521711 0.06012080 -0.01583966
v 0.02283825 0.05724292 -0.01542662
v -0.02143715 0.05885420 0.00407653
v -0.02123403 0.05757432 0.00815810
v -0.02194404 0.05776610 0.01485840
v -0.02294804 0.05936231 0.01205863
v -0.02348124 0.05910990 0.01718070
v -0.02777881 0.05821867 0.02179026
v -0.02352197 0.05526039 -0.01556957
v -0.02953084 0.05922843 0.02201692
v -0.03394623 0.05861386 0.02346241
v -0.02941282 0.05517681 -0.02266899
v -0.03852874 0.05830827 0.02336227
v -0.04042459 0.05798062 0.02317336
v -0.04357675 0.04422189 -0.02404078
v -0.04429621 0.04927740 -0.02366773
v -0.05045167 0.05694650 0.02091626
v -0.05025822 0.04764371 -0.02367901
v -0.05658803 0.05428940 0.01937866
v -0.05375358 0.05583210 0.01965094
v -0.04999535 0.05054387 -0.02322410
v -0.05890376 0.05397043 0.01447371
v -0.05725929 0.05483652 0.01632320
v -0.05598365 0.04825834 -0.02285523
v -0.06017608 0.05317531 0.00992564
v -0.05770996 0.05506072 0.01232735
v -0.06178503 0.05156488 0.00631983
v -0.06371777 0.04508407 -0.02080190
v -0.06340587 0.05051994 -0.00933691
v -0.06266892 0.05120071 -0.00584515
v -0.06132317 0.05228620 -0.00259102
v -0.06392673 0.04935140 -0.01635225
v 0.04127393 0.06181182 -0.01520549
v 0.04049685 0.06193184 -0.01507067
v 0.03868010 0.06166716 -0.01665038
v 0.03994967 0.06215503 -0.01442155
v 0.03444892 0.06170933 -0.01762220
v 0.03420404 0.06260391 -0.00920870
v 0.03239492 0.06062057 -0.01882914
v 0.03026990 0.06201982 -0.01283023
v 0.02913230 0.06185963 -0.00900254
v -0.02189763 0.05889371 0.00808591
v -0.02296854 0.05944569 -0.00318648
v -0.02327221 0.06040739 0.01361505
v -0.02201521 0.05518022 -0.00951740
v -0.02581707 0.06013573 0.01889178
v -0.02802195 0.06168808 0.01859397
v -0.02976354 0.06173204 0.01913218
v -0.03214847 0.06046130 0.02092866
v -0.03503865 0.06119871 0.01993891
v -0.04006102 0.05956261 0.02109459
v -0.03562384 0.05306489 -0.02322610
v -0.03393154 0.04844106 -0.02397286
v -0.03827350 0.05027734 -0.02362795
v -0.04261005 0.06032354 0.01842690
v -0.04129027 0.05002835 -0.02377715
v -0.04613819 0.05661936 0.02248634
v -0.04621251 0.05855005 0.01950426
v -0.04949444 0.05774963 0.01972498
v -0.05347633 0.05710872 0.01673055
v -0.05205303 0.05108609 -0.02271070
v -0.05669522 0.05578127 0.01041553
v -0.05473634 0.05705122 0.01265175
v -0.05559122 0.05639904 0.01401359
v -0.05805870 0.05469310 0.00361398
v -0.05814679 0.05467094 0.00632393
v -0.05479438 0.05683435 0.00739685
v -0.05859267 0.05443145 0.00926691
v -0.05940900 0.05373462 0.00019508
v -0.05959380 0.05352203 0.00223846
v -0.05782794 0.04950448 -0.02155324
v -0.06088322 0.05281555 -0.00392682
v -0.06041859 0.05318803 -0.00392282
v -0.05726952 0.05526466 -0.00066039
v -0.06119404 0.05211872 0.00463449
v -0.06064930 0.05046814 -0.01906522
v -0.06224843 0.05160130 -0.00912366
v -0.06034302 0.05328111 -0.00448340
v -0.06195727 0.05131652 -0.01560630
v -0.02290581 0.06010651 0.00969131
v -0.02297560 0.05839689 -0.00489325
v -0.02197865 0.05873296 -0.00120397
v -0.02369582 0.06009615 -0.00033941
v -0.02269874 0.06046689 0.00322035
v -0.02435272 0.06137593 0.00729578
v -0.02299712 0.05587059 -0.01380522
v -0.02332938 0.05910575 -0.00940811
v -0.02723334 0.06292557 0.00959821
v -0.02562505 0.06183199 0.01295172
v -0.02780657 0.06289113 0.01305445
v -0.02763989 0.06218915 0.01534711
v -0.02536988 0.06046905 -0.01404846
v -0.02586249 0.05539006 -0.01994969
v -0.02455284 0.05732688 -0.01714151
v -0.03292098 0.06163181 0.01773697
v -0.03087032 0.06203256 0.01611295
v -0.02832355 0.05154847 -0.02289543
v -0.03565057 0.06145943 0.01928678
v -0.02942398 0.05643306 -0.02238336
v -0.04180743 0.06074606 0.01760089
v -0.03890489 0.05439249 -0.02274415
v -0.04527427 0.06069116 0.01505705
v -0.04639116 0.05874201 0.01903475
v -0.04491635 0.05225073 -0.02306080
v -0.04946322 0.05939627 0.01420400
v -0.04680086 0.06034947 0.01454476
v -0.04846480 0.05359899 -0.02230887
v -0.05130044 0.05862997 0.01475149
v -0.05295690 0.05804202 0.01055358
v -0.05385830 0.05706189 0.00352677
v -0.05234474 0.05812565 0.00744528
v -0.05308495 0.05787079 0.00832066
v -0.05347744 0.05758566 0.01496500
v -0.05301066 0.05303693 -0.02130468
v -0.05379707 0.05726907 -0.00004008
v -0.05718437 0.05540968 -0.00384159
v -0.05606406 0.05600206 -0.00195465
v -0.05679813 0.05558592 0.00255036
v -0.05524699 0.05169328 -0.02128797
v -0.05732165 0.05197487 -0.02008695
v -0.05865036 0.05442105 -0.00795245
v -0.05698244 0.05556470 -0.00449226
v -0.05669411 0.05464462 -0.01752688
v -0.06017240 0.05193691 -0.01782117
v -0.05910669 0.05406566 -0.01041036
v -0.05986683 0.05309842 -0.01402009
v -0.06088986 0.05267629 -0.01025933
v -0.06067986 0.05159725 -0.01782145
v -0.02589688 0.06183210 -0.00088895
v -0.02631719 0.06247554 0.00310212
v -0.02493367 0.06012683 -0.01108296
v -0.02649717 0.06164811 -0.01030229
v -0.02587172 0.06191127 -0.00128312
v -0.02937974 0.06285926 0.00833410
v -0.02770851 0.05653037 -0.02152707
v -0.03126972 0.06273572 0.01052973
v -0.03102136 0.06296404 0.01404159
v -0.03302781 0.06254966 0.00904700
v -0.03462885 0.06275909 0.01498663
v -0.03675607 0.06232938 0.00980964
v -0.03227925 0.05468300 -0.02321430
v -0.03882067 0.06213246 0.01167963
v -0.03878244 0.05475264 -0.02264845
v -0.04094493 0.06184453 0.01261285
v -0.04076445 0.06162272 0.00699105
v -0.04534410 0.06120687 0.01258246
v -0.03953954 0.05698435 -0.02143914
v -0.04300979 0.05456677 -0.02249698
v -0.04569377 0.05626222 -0.02105477
v -0.04829076 0.05956029 0.00277051
v -0.04569303 0.06086697 0.00649388
v -0.04756595 0.06049005 0.00984973
v -0.04978857 0.05884038 -0.00138294
v -0.04844498 0.05929931 0.00035124
v -0.05084793 0.05927350 0.01243567
v -0.04899461 0.05398116 -0.02206592
v -0.04939728 0.05899043 0.00207837
v -0.05303091 0.05353016 -0.02102388
v -0.05323222 0.05763779 -0.00570806
v -0.05264384 0.05790980 -0.00326740
v -0.05295347 0.05747863 0.00354039
v -0.05208594 0.05572164 -0.01941765
v -0.05179340 0.05832739 -0.00792512
v -0.05493283 0.05516265 -0.01846077
v -0.05321432 0.05724378 -0.01465554
v -0.05616258 0.05564694 -0.01392764
v -0.05638339 0.05573843 -0.01193245
v -0.05560187 0.05640580 -0.00920779
v -0.02680999 0.06257184 0.00181203
v -0.02706004 0.06056022 -0.01758221
v -0.02746006 0.06253787 -0.00610810
v -0.02882064 0.06236274 -0.00981444
v -0.02920199 0.06255574 -0.00825047
v -0.02878933 0.06267638 0.00284544
v -0.02970876 0.05991330 -0.01938439
v -0.02981583 0.06256221 -0.00477751
v -0.03295867 0.06245881 0.00681855
v -0.03241344 0.05797073 -0.02137004
v -0.03340978 0.06223753 0.00101820
v -0.03330100 0.06222694 -0.00523875
v -0.03391655 0.05955439 -0.01987029
v -0.03552202 0.06214202 -0.00238329
v -0.03741351 0.05899359 -0.02010831
v -0.03753733 0.06194769 0.00211796
v -0.03800239 0.06198300 -0.00489678
v -0.04021792 0.06175422 0.00280904
v -0.04313255 0.05786270 -0.02049926
v -0.04165129 0.06132905 -0.00480410
v -0.04107416 0.06144365 -0.00755442
v -0.04361310 0.06134251 0.00568327
v -0.04601696 0.05904357 -0.01812857
v -0.04623881 0.06056092 -0.01023458
v -0.04458315 0.06065604 -0.00444952
v -0.04428052 0.06109964 0.00327137
v -0.04744061 0.05789974 -0.01933185
v -0.04618259 0.06037807 -0.00700318
v -0.04946788 0.05793872 -0.01841019
v -0.04597705 0.06059714 -0.01247499
v -0.04695302 0.06032285 -0.01028576
v -0.05054976 0.05894864 -0.00959981
v -0.04987674 0.05906586 -0.00409874
v -0.05093118 0.05704008 -0.01870370
v -0.05075734 0.05801400 -0.01711461
v -0.05063074 0.05880606 -0.01327019
v -0.02726873 0.06110192 -0.01690392
v -0.02917645 0.06207395 -0.01467877
v -0.03043097 0.06214334 -0.01492490
v -0.03329612 0.06232552 -0.00985106
v -0.03720967 0.06019948 -0.01839202
v -0.03434886 0.06163053 -0.01608055
v -0.03693623 0.06170620 -0.01511183
v -0.03901208 0.06180587 -0.01128254
v -0.04226547 0.06096963 -0.01538254
v -0.04811121 0.05888531 -0.01727641
vn 0.25446750 -0.95645842 0.14294607
vn 0.23232484 -0.91456087 0.33106433
vn 0.28303344 -0.95820499 0.04165661
vn 0.25161966 -0.96782057 0.00330015
vn 0.22974244 -0.96726545 0.10777737
vn 0.27324961 -0.95395935 0.12367785
vn 0.19633721 -0.94250497 0.27043685
vn 0.21177503 -0.97582986 0.05392057
vn 0.19806632 -0.97410084 0.10907471
vn 0.20418912 -0.96583183 0.15961104
vn 0.19446334 -0.85018989 0.48924550
vn 0.18147967 -0.98209555 0.05053173
vn 0.19088107 -0.90077335 0.39009202
vn 0.15459821 -0.98797631 -0.00148317
vn 0.14764755 -0.98815150 0.04191429
vn 0.16777635 -0.97682263 0.13292345
vn 0.12986675 -0.99102660 0.03163701
vn 0.16931390 -0.92560266 0.33851516
vn 0.12496658 -0.88252613 0.45335524
vn 0.11507246 -0.77184023 0.62531672
vn 0.12043757 -0.99108127 0.05703261
vn 0.19281741 -0.96569356 -0.17394653
vn 0.07021519 -0.95051039 0.30265463
vn 0.00983386 -0.79522396 0.60623605
vn 0.06544744 -0.99778533 0.01187746
vn 0.06431793 -0.99308639 0.09819688
vn 0.03107781 -0.98840745 0.14860982
vn 0.04948973 -0.99524417 -0.08390361
vn 0.02020258 -0.99376311 0.10966647
vn -0.00293619 -0.95361265 0.30102209
vn 0.00358441 -0.99997231 0.00652230
vn 0.01011246 -0.95071848 0.30989049
vn 0.00617094 -0.93780409 0.34711007
vn -0.01400398 -0.86349886 0.50415634
vn 0.02558932 -0.98981054 0.14007238
vn 0.02367007 -0.94289052 0.33226072
vn 0.30812550 -0.89992904 0.30852292
vn 0.40456107 -0.90132569 0.15473313
vn 0.40750290 -0.82528198 0.39096170
vn 0.38287907 -0.92371086 0.01272241
vn 0.38269579 -0.91984528 0.08618927
vn 0.21627349 -0.90642750 0.36278776
vn 0.31236611 -0.94993965 0.00648685
vn 0.37992226 -0.92384899 -0.04649852
vn 0.33128731 -0.94259039 -0.04209611
vn 0.33824679 -0.91440502 0.22237933
vn 0.28608851 -0.95783084 0.02671031
vn 0.23746018 -0.93504642 0.26325056
vn 0.26509592 -0.87733024 0.40001975
vn 0.24070766 -0.74132129 0.62650026
vn 0.31747502 -0.94773615 -0.03171442
vn 0.31141810 -0.95022185 -0.00985917
vn 0.21608864 -0.78172053 0.58499463
vn 0.30083463 -0.95365304 -0.00666330
vn 0.30416532 -0.95184723 -0.03834475
vn 0.30561011 -0.95185058 -0.02414411
vn 0.23588902 -0.60607895 0.75962140
vn 0.24481898 -0.96936050 -0.02009690
vn 0.28087905 -0.95772436 -0.06221747
vn 0.18539790 -0.71264059 0.67658777
vn 0.24263394 -0.97009344 -0.00689064
vn 0.19190586 -0.98140085 0.00495009
vn 0.23399875 -0.97185756 0.02715651
vn 0.23621194 -0.97041948 -0.04989941
vn 0.21089253 -0.97465226 -0.07468135
vn 0.22102712 -0.97467813 -0.03390518
vn 0.21036623 -0.97715589 0.03020633
vn 0.12218356 -0.99166195 -0.04096036
vn 0.16964626 -0.98441586 -0.04632030
vn 0.11934792 -0.54756392 0.82820881
vn 0.11702643 -0.67090808 0.73224802
vn 0.12163819 -0.99252147 0.01026092
vn 0.14481271 -0.98937518 0.01288569
vn 0.13853887 -0.99012940 -0.02123078
vn 0.15308605 -0.98808398 -0.01595941
vn 0.00241044 -0.57742049 0.81644337
vn 0.18262693 -0.46850052 0.86438109
vn 0.11676181 -0.99314791 -0.00489053
vn 0.10128472 -0.99450054 0.02664746
vn 0.12266323 -0.99243528 -0.00509347
vn 0.11059936 -0.99385904 0.00346134
vn 0.08918363 -0.99571088 -0.02461956
vn 0.10524916 -0.99408491 -0.02679176
vn -0.04294624 -0.77831155 0.62640782
vn 0.03301057 -0.99897189 -0.03107194
vn 0.07456740 -0.98991440 0.12045407
vn 0.02194157 -0.64701950 0.76215768
vn 0.01355847 -0.99916891 -0.03844037
vn 0.01025991 -0.99877785 -0.04834820
vn 0.05279682 -0.64507450 0.76229351
vn 0.11277025 -0.98818592 0.10378568
vn 0.05062817 -0.99577614 0.07659412
vn 0.04341218 -0.99798222 -0.04633424
vn 0.01811687 -0.99947848 -0.02673100
vn 0.04230131 -0.82915958 0.55740918
vn 0.02046546 -0.99823549 0.05574111
vn 0.07148340 -0.99733062 0.01489167
vn 0.03924330 -0.99888720 0.02615951
vn 0.00384749 -0.99843847 0.05572987
vn 0.04354323 -0.99554220 0.08366433
vn 0.04014452 -0.80179829 0.59624485
vn 0.05320434 -0.66495329 0.74498753
vn 0.04366856 -0.99707409 0.06274002
vn 0.03983575 -0.99919431 0.00488330
vn 0.04825937 -0.99228460 0.11420289
vn 0.01652776 -0.98677422 0.16125590
vn 0.03241420 -0.87320110 0.48628095
vn 0.02170532 -0.99635676 -0.08247475
vn 0.00905206 -0.99768743 -0.06736356
vn 0.01949838 -0.99926350 -0.03304939
vn -0.18906348 -0.94576672 0.26415964
vn 0.04969668 -0.95787955 0.28283743
vn 0.16858013 -0.89552970 0.41183407
vn 0.02739627 -0.64620801 0.76266942
vn 0.02943939 -0.99623621 -0.08152752
vn 0.01258269 -0.99979764 0.01569568
vn 0.05451539 -0.83939977 0.54077362
vn 0.04789426 -0.99383130 -0.10002744
vn 0.04340702 -0.99831363 -0.03854516
vn 0.04653857 -0.99802494 0.04219452
vn 0.03935005 -0.97858745 0.20203508
vn 0.03352821 -0.56947624 0.82132373
vn 0.03777977 -0.99786728 -0.05323139
vn 0.01239488 -0.97464521 0.22341235
vn 0.05382889 -0.94188259 0.33160163
vn 0.01389486 -0.85733857 0.51456536
vn 0.01765505 -0.99830112 -0.05552633
vn 0.01235152 -0.99852317 -0.05290476
vn 0.00974311 -0.99978983 0.01803815
vn 0.03279818 -0.99535794 0.09048125
vn -0.00663939 -0.99976823 -0.02047920
vn 0.00277367 -0.99983433 -0.01798936
vn -0.00344329 -0.99454227 0.10427761
vn -0.00070745 -0.93618677 0.35150225
vn -0.00816272 -0.99730668 0.07288866
vn -0.00994083 -0.98112845 0.19310139
vn 0.02548718 -0.92900716 0.36918303
vn 0.01391815 -0.80368195 0.59489630
vn -0.03461279 -0.99707073 0.06820495
vn -0.01996006 -0.98063700 0.19481443
vn -0.03855466 -0.99640327 0.07545898
vn -0.05114862 -0.99336292 0.10302393
vn 0.54338638 -0.83698693 0.06468476
vn 0.45736547 -0.86263476 0.21605116
vn 0.48364702 -0.86524316 0.13205996
vn 0.40809202 -0.79661991 0.44593454
vn 0.50836024 -0.86102084 -0.01459356
vn 0.55308491 -0.83224418 -0.03829768
vn 0.49440685 -0.86888387 0.02454962
vn 0.27943723 -0.71914336 0.63619782
vn 0.42771899 -0.90116328 -0.07043590
vn 0.48776308 -0.87146501 -0.05134111
vn 0.43277381 -0.90136463 0.01576780
vn 0.42169128 -0.90197121 0.09286768
vn 0.28260358 -0.56279851 0.77678379
vn 0.41437931 -0.90818578 -0.05906243
vn 0.41569472 -0.89899563 -0.13785771
vn 0.40473962 -0.91329651 -0.04555575
vn 0.22167355 -0.76878057 0.59986438
vn 0.18351347 -0.55286617 0.81281105
vn 0.40227458 -0.91450191 -0.04314422
vn 0.38719266 -0.91985540 -0.06283223
vn 0.35064346 -0.93620714 0.02377714
vn 0.36772222 -0.92946399 -0.02961520
vn 0.34575306 -0.93786473 -0.02940346
vn 0.23684014 -0.55193533 0.79954621
vn 0.15796462 -0.45737552 0.87513131
vn 0.30985811 -0.94969126 0.04554625
vn 0.37820495 -0.92455663 0.04643334
vn 0.33613155 -0.93968090 0.06336703
vn 0.35376099 -0.93483793 -0.03051587
vn 0.26737173 -0.96348035 -0.01476397
vn 0.22742373 -0.97343222 -0.02661137
vn 0.27763568 -0.96024469 0.02913001
vn 0.29254738 -0.95605192 0.01951305
vn 0.28456576 -0.95854283 -0.01476388
vn 0.16211140 -0.57836926 0.79950541
vn 0.20316930 -0.48502254 0.85057356
vn 0.21440602 -0.95799974 -0.19043779
vn 0.08103371 -0.42323589 0.90238845
vn 0.11404377 -0.37796376 0.91876951
vn 0.25674430 -0.96601127 -0.03007636
vn 0.24649246 -0.96870016 0.02935074
vn 0.26227483 -0.96465909 0.02539208
vn 0.24014917 -0.97053367 0.01981843
vn 0.05420434 -0.31639716 0.94707694
vn 0.28677750 -0.94955687 -0.12688743
vn 0.24072187 -0.96990345 0.03660992
vn 0.08174288 -0.34014235 0.93681443
vn 0.03260737 -0.29034528 0.95636623
vn 0.23937298 -0.94797281 -0.20987647
vn 0.22636388 -0.97127266 -0.07340858
vn 0.17994786 -0.97893634 -0.09644904
vn 0.28526986 -0.94084704 -0.18283314
vn 0.17775071 -0.98291841 0.04770834
vn 0.19027845 -0.98101196 0.03754530
vn 0.05337731 -0.40371906 0.91332458
vn 0.11622128 -0.99302067 0.02006386
vn 0.14443584 -0.97920139 -0.14248836
vn 0.14044680 -0.95753677 -0.25178967
vn 0.12278390 -0.99129676 0.04748533
vn -0.03728504 -0.33062037 0.94302704
vn 0.08590703 -0.98814621 -0.12722833
vn 0.16288189 -0.98406023 0.07137897
vn 0.05992736 -0.99801306 0.01945879
vn 0.07254734 -0.97963945 -0.18719890
vn 0.00594847 -0.99940178 0.03406906
vn 0.06352378 -0.99682063 0.04809740
vn -0.04346828 -0.33025966 0.94288868
vn 0.03592815 -0.99718152 -0.06586489
vn 0.00951624 -0.99930284 -0.03610093
vn 0.05313636 -0.39435266 0.91742166
vn 0.08050799 -0.47739605 0.87499227
vn 0.05698111 -0.96029772 -0.27309602
vn -0.00219876 -0.99982370 0.01864755
vn -0.00316548 -0.99955767 0.02957100
vn 0.05650307 -0.99809897 0.02461410
vn 0.05972136 -0.99650690 0.05837258
vn 0.03379315 -0.99606233 0.08196250
vn -0.01291825 -0.99962403 0.02418492
vn -0.00218423 -0.99799658 -0.06323025
vn -0.01769588 -0.99750987 -0.06827085
vn 0.01175824 -0.99987914 0.01017120
vn -0.03525617 -0.99937830 -0.00010317
vn 0.02469924 -0.99969318 -0.00186659
vn 0.06145175 -0.56141842 0.82524726
vn 0.04422225 -0.41301828 0.90964844
vn 0.08350452 -0.99644668 -0.01100044
vn 0.03322569 -0.99939922 -0.00986177
vn 0.08377649 -0.99450387 0.06279776
vn 0.03504508 -0.99809163 -0.05084225
vn 0.04674384 -0.99698182 -0.06198598
vn 0.04355577 -0.52319440 0.85109959
vn 0.04264537 -0.99820668 -0.04200938
vn 0.05446627 -0.99703843 0.05429352
vn 0.05527955 -0.99846932 0.00178841
vn 0.41237591 -0.83912112 0.35471376
vn 0.01193413 -0.99783884 -0.06461598
vn 0.02386365 -0.99971348 0.00186473
vn 0.02901250 -0.99500249 0.09554222
vn 0.04792846 -0.99793187 0.04283505
vn 0.01817699 -0.99909609 -0.03842665
vn 0.03730453 -0.99643417 -0.07567905
vn 0.04393907 -0.99651262 -0.07093622
vn 0.03316079 -0.72001095 0.69316996
vn 0.00423142 -0.99998632 0.00307385
vn -0.03599488 -0.99934428 -0.00392082
vn -0.00659506 -0.73046054 0.68292306
vn -0.00700370 -0.99972866 0.02221601
vn -0.00976426 -0.99990475 0.00975499
vn 0.14522839 -0.98724571 0.06522748
vn -0.05396966 -0.99836395 -0.01888635
vn -0.01363359 -0.99967000 -0.02177192
vn -0.02151199 -0.71629815 0.69746269
vn 0.01088099 -0.51055710 0.85977500
vn 0.03927768 -0.99622512 0.07741297
vn -0.02605303 -0.99873671 0.04296773
vn -0.03454240 -0.87916378 0.47526610
vn -0.02022984 -0.99651414 0.08093403
vn -0.06087015 -0.99814182 -0.00278097
vn -0.10894756 -0.99288362 -0.04808895
vn -0.05864542 -0.96798221 0.24407202
vn -0.02862003 -0.84065171 0.54081938
vn -0.06084026 -0.61261238 0.78803841
vn -0.08013587 -0.99581855 0.04385963
vn -0.02550899 -0.99957665 0.01399322
vn -0.00464611 -0.99942965 -0.03344836
vn -0.02746725 -0.99505771 0.09542381
vn -0.07448288 -0.99622901 0.04449779
vn -0.02027361 -0.99465487 0.10124558
vn -0.05595414 -0.98649583 0.15393216
vn -0.04252884 -0.90929487 0.41397359
vn -0.07299813 -0.77459501 0.62823073
vn 0.00724117 -0.99409816 0.10824235
vn 0.01942462 -0.99925723 -0.03328182
vn 0.08551197 -0.99382499 -0.07070779
vn -0.09581109 -0.95318111 0.28682051
vn -0.01706545 -0.89885430 0.43791520
vn 0.10546350 -0.99332685 -0.04668218
vn 0.08942875 -0.97647662 0.19620375
vn -0.01891492 -0.85689761 0.51513951
vn -0.04086403 -0.74897857 0.66133292
vn 0.07625074 -0.99551971 0.05591356
vn 0.09393327 -0.99466690 -0.04259465
vn 0.07116122 -0.99736490 -0.01411883
vn 0.07579789 -0.97947751 0.18675782
vn 0.11425258 -0.93024460 0.34869948
vn -0.01025827 -0.92035182 0.39095690
vn 0.03260595 -0.91839182 0.39432642
vn 0.05328277 -0.99509317 0.08336989
vn 0.09209096 -0.98457969 0.14873497
vn 0.03260720 -0.95996277 0.27822338
vn 0.08991001 -0.99580593 -0.01693324
vn 0.07278024 -0.99610369 -0.04980434
vn 0.05237981 -0.92004779 0.38828909
vn -0.03345507 -0.99927106 -0.01838766
vn -0.03076444 -0.98847495 0.14822559
vn 0.00337416 -0.95010891 0.31190011
vn -0.03094367 -0.99849750 0.04522430
vn 0.57331962 -0.81877265 -0.03026464
vn 0.59360958 -0.78584146 0.17343834
vn 0.57788145 -0.70941061 0.40347195
vn 0.57732224 -0.68216248 0.44872417
vn 0.52938082 -0.84648158 -0.05678805
vn 0.51415253 -0.79623898 0.31882701
vn 0.41387370 -0.65865268 0.62839892
vn 0.54687267 -0.83579705 -0.04871929
vn 0.54415854 -0.83875779 -0.01941283
vn 0.29677146 -0.52149206 0.79998296
vn 0.52764819 -0.84723806 -0.06144143
vn 0.50081183 -0.85971584 -0.10038021
vn 0.52911827 -0.84358368 -0.09165382
vn 0.50891156 -0.85777670 -0.07230595
vn 0.47738696 -0.87689599 -0.05617036
vn 0.44318262 -0.89243783 -0.08452151
vn 0.45930062 -0.88462778 0.08047750
vn 0.46563678 -0.87434652 -0.13674993
vn 0.42038377 -0.89832309 0.12764450
vn 0.42813415 -0.89238326 0.14266486
vn 0.43006388 -0.89477303 0.12010944
vn 0.43560496 -0.89295320 0.11350287
vn 0.43602182 -0.89070172 0.12859009
vn 0.47398473 -0.88039515 0.01558411
vn 0.43514714 -0.89895369 -0.05029138
vn 0.38448058 -0.91345004 0.13335559
vn 0.43089523 -0.90213007 0.02215047
vn 0.42923459 -0.90288223 -0.02369262
vn 0.14788459 -0.39540454 0.90652380
vn 0.02610026 -0.30440786 0.95218414
vn 0.28199457 -0.89085049 -0.35618039
vn 0.32986008 -0.79791925 -0.50449697
vn 0.36539771 -0.92971535 -0.04597691
vn 0.37257113 -0.92437880 0.08194258
vn 0.10583869 -0.26502901 0.95841421
vn 0.23109597 -0.97082391 -0.06399685
vn 0.30149599 -0.95121101 0.06555742
vn 0.24512288 -0.91619436 -0.31702156
vn 0.05531176 -0.21445905 0.97516559
vn 0.22599265 -0.89709959 -0.37965727
vn 0.21788368 -0.93741228 -0.27163378
vn 0.22282191 -0.91597234 -0.33368408
vn 0.22725410 -0.83833498 -0.49553006
vn 0.03240034 -0.24158769 0.96983793
vn 0.01919146 -0.20746410 0.97805436
vn 0.24470225 -0.82198983 -0.51425045
vn 0.24144815 -0.91444778 -0.32478923
vn 0.05037962 -0.27813443 0.95922006
vn 0.18365140 -0.78611522 -0.59016525
vn 0.12441398 -0.71107642 -0.69201986
vn 0.22302770 -0.92433879 -0.30960691
vn -0.05755505 -0.22055698 0.97367450
vn -0.04408424 -0.15291335 0.98725584
vn 0.17168932 -0.77574552 -0.60724102
vn 0.14071182 -0.92246283 -0.35953095
vn -0.00531131 -0.17024332 0.98538774
vn 0.12938248 -0.87279770 -0.47062123
vn 0.05179176 -0.18934835 0.98054312
vn -0.10183779 -0.49877045 -0.86073056
vn -0.02952839 -0.97444246 -0.22268804
vn -0.01075130 -0.85464978 -0.51909360
vn -0.13068621 -0.87600227 -0.46426407
vn -0.14724521 -0.91123539 -0.38466727
vn -0.00246788 -0.99133152 -0.13136102
vn 0.02050256 -0.21703145 0.97594928
vn -0.03434209 -0.97227089 -0.23132214
vn 0.06326350 -0.32920007 0.94213855
vn 0.02108573 -0.99330560 -0.11357544
vn 0.02397311 -0.24217852 0.96993549
vn -0.12008010 -0.90468646 -0.40880702
vn -0.01995249 -0.98407951 -0.17660527
vn 0.00858476 -0.25462180 0.96700261
vn 0.00472616 -0.99834746 -0.05727147
vn 0.04376909 -0.99633237 0.07352608
vn 0.01952234 -0.99902649 0.03955952
vn -0.04948623 -0.32916482 0.94297488
vn 0.01307731 -0.96814490 -0.25004887
vn -0.06277040 -0.96939244 -0.23735665
vn 0.03030439 -0.99768709 0.06084493
vn 0.00152210 -0.61744448 0.78661299
vn 0.05165568 -0.98332779 -0.17435064
vn -0.00036073 -0.99379422 -0.11123366
vn 0.03053437 -0.53722990 0.84288296
vn 0.08545677 -0.99371154 0.07234992
vn 0.06656117 -0.98736407 0.14381169
vn 0.00878862 -0.99559078 0.09339032
vn -0.03530449 -0.99722464 0.06554856
vn 0.03771706 -0.98486108 -0.16919245
vn 0.04113401 -0.99704748 -0.06484073
vn 0.00071795 -0.99550540 0.09470207
vn 0.02091066 -0.62644301 0.77918669
vn -0.00108434 -0.36529088 0.93089279
vn 0.10544298 -0.99099680 -0.08250532
vn 0.04405710 -0.99864444 0.02771735
vn 0.01242694 -0.99508289 0.09826295
vn 0.03564958 -0.99822774 0.04764958
vn 0.05748672 -0.99736016 0.04436208
vn 0.03543005 -0.99933581 0.00852394
vn 0.07348457 -0.99665434 -0.03577922
vn 0.05554939 -0.99569048 -0.07426128
vn -0.01262337 -0.79945327 0.60059564
vn 0.01383459 -0.61136690 0.79122634
vn 0.02746140 -0.99620221 -0.08262587
vn 0.01586855 -0.99633677 0.08403108
vn 0.00865048 -0.99966450 0.02441426
vn 0.09355228 -0.98987236 0.10677401
vn 0.09554559 -0.99492813 -0.03144927
vn 0.04346946 -0.83787319 0.54413135
vn 0.01440344 -0.99902745 -0.04167373
vn 0.07969743 -0.99677960 0.00887368
vn 0.23361928 -0.95431902 0.18627194
vn 0.10445490 -0.99452018 -0.00433420
vn 0.02273696 -0.88428575 0.46639226
vn 0.03183674 -0.64668450 0.76209289
vn 0.01126496 -0.99565180 0.09246945
vn 0.05040936 -0.99077088 0.12582511
vn 0.07465553 -0.99652492 0.03694100
vn 0.10964378 -0.99382262 -0.01717121
vn 0.09196991 -0.99575106 -0.00462108
vn -0.01245850 -0.83344084 0.55246823
vn 0.01429544 -0.99935187 -0.03303765
vn 0.03127038 -0.99834484 0.04826747
vn 0.00763785 -0.84916928 0.52806553
vn -0.01255071 -0.69861008 0.71539250
vn -0.00637872 -0.99378183 0.11116194
vn -0.02862125 -0.99872766 0.04151963
vn -0.00615728 -0.99928139 -0.03740055
vn 0.05940336 -0.87991328 0.47140625
vn 0.00465074 -0.68585383 0.72772447
vn -0.04738728 -0.99053050 0.12885560
vn -0.03710081 -0.99907287 -0.02183866
vn -0.02631213 -0.99769915 -0.06248264
vn -0.03389547 -0.99938356 -0.00914325
vn 0.03016156 -0.99822774 -0.05129968
vn -0.00292841 -0.88570144 0.46424604
vn 0.01409811 -0.99951266 -0.02785102
vn -0.02014170 -0.99646460 -0.08156356
vn -0.08418302 -0.99617240 -0.02353243
vn 0.00337147 -0.96699997 0.25475417
vn 0.01817303 -0.94586501 0.32405111
vn -0.01088383 -0.85088822 0.52523403
vn -0.03228659 -0.99938638 -0.01358091
vn -0.04536528 -0.99772229 -0.04992223
vn -0.02235663 -0.99876615 0.04434366
vn -0.04135478 -0.99295417 0.11104862
vn 0.01573152 -0.96626236 0.25707894
vn 0.00340180 -0.79252094 0.60983521
vn -0.01277315 -0.86343400 0.50430009
vn -0.14277863 -0.98473418 -0.09956330
vn -0.06827586 -0.99617644 0.05450595
vn 0.01021557 -0.98574581 0.16793104
vn -0.00414547 -0.72562000 0.68808316
vn -0.09099238 -0.99569882 -0.01744262
vn -0.03274658 -0.99324408 0.11132768
vn -0.02702058 -0.93815999 0.34514595
vn -0.14758171 -0.98779359 -0.04983434
vn -0.06235742 -0.84286670 0.53449722
vn -0.04511766 -0.76902822 0.63762057
vn -0.03390837 -0.99893983 0.03113593
vn -0.20551764 -0.91083618 0.35796641
vn 0.68714313 -0.72618017 -0.02228651
vn 0.64006358 -0.76809490 0.01867688
vn 0.61322734 -0.72577985 0.31176246
vn 0.52236076 -0.60194315 0.60398980
vn 0.58217512 -0.81120461 -0.05494725
vn 0.57772304 -0.81542928 -0.03621021
vn 0.58313806 -0.80831081 -0.08113957
vn 0.46898096 -0.64791216 0.60022220
vn 0.38343205 -0.54991022 0.74200984
vn 0.20550790 -0.38039807 0.90170051
vn 0.56467769 -0.82521968 -0.01231199
vn 0.57363557 -0.81793137 -0.04393751
vn 0.55368506 -0.82807366 0.08790261
vn 0.51500959 -0.83836665 0.17862384
vn 0.52911047 -0.84476483 0.08009059
vn 0.51363255 -0.85706421 -0.04028082
vn 0.53218170 -0.84583235 -0.03674604
vn 0.53801062 -0.84121499 -0.05386943
vn 0.50660899 -0.86191971 0.02101772
vn 0.78622216 -0.58811279 -0.18967887
vn 0.49868938 -0.85169284 0.16102236
vn 0.48499394 -0.87353065 0.04153416
vn 0.18000796 -0.30294813 0.93585232
vn 0.11879962 -0.25161640 0.96050811
vn 0.44398043 -0.78890184 -0.42487088
vn 0.43685062 -0.89103485 0.12336297
vn 0.46854190 -0.88179817 0.05385613
vn 0.05263484 -0.26127939 0.96382709
vn 0.07075988 -0.22359871 0.97210939
vn 0.05280282 -0.21536895 0.97510414
vn 0.30802438 -0.74685642 -0.58934410
vn 0.38194935 -0.84717204 -0.36934296
vn 0.11837704 -0.25732360 0.95904715
vn 0.29234331 -0.77706914 -0.55740375
vn 0.28202256 -0.74325359 -0.60666084
vn 0.23176838 -0.57073058 -0.78774997
vn 0.13942115 -0.20139858 0.96953615
vn 0.22195007 -0.83826861 -0.49804006
vn 0.18352742 -0.43266671 -0.88267616
vn 0.12219804 -0.26296407 0.95703581
vn 0.21628217 -0.81933233 -0.53095815
vn 0.13928250 -0.58083857 -0.80201430
vn 0.01069273 -0.09976744 0.99495333
vn 0.18478233 -0.60677276 -0.77309916
vn -0.06691156 -0.04704363 0.99664926
vn 0.12132317 -0.39943338 -0.90869888
vn 0.12083696 -0.43473967 -0.89241237
vn 0.01365418 -0.14689069 0.98905849
vn 0.18138749 -0.65114207 -0.73696172
vn 0.02380602 -0.10517173 0.99416909
vn 0.21434886 -0.36151976 -0.90739078
vn 0.02264140 -0.08466189 0.99615246
vn 0.03802216 -0.09009994 0.99520667
vn 0.00802941 -0.07728936 0.99697637
vn -0.23648474 -0.65981688 -0.71324375
vn -0.12682905 -0.87944818 -0.45878676
vn -0.15102054 -0.66513358 -0.73129346
vn 0.01473498 -0.20280219 0.97910886
vn -0.11961338 -0.71326094 -0.69061673
vn 0.01082631 -0.07296311 0.99727588
vn 0.00262447 -0.65064110 -0.75938085
vn -0.17734638 -0.74597600 -0.64192528
vn 0.07910661 -0.78062339 -0.61997522
vn 0.02005553 -0.14692212 0.98894472
vn 0.02693347 -0.90999745 -0.41373812
vn 0.04185142 -0.66433983 -0.74625803
vn -0.01172990 -0.96812172 -0.25020542
vn -0.00441313 -0.13711466 0.99054535
vn 0.01113705 -0.80804482 -0.58901573
vn 0.01635385 -0.96575236 -0.25894969
vn -0.01083494 -0.20738908 0.97819853
vn -0.01033337 -0.94334793 -0.33164424
vn 0.07627090 -0.96806420 -0.23881885
vn 0.08450280 -0.96706956 -0.24007446
vn 0.02993620 -0.91004069 -0.41343653
vn 0.03057397 -0.37130779 0.92800634
vn 0.08059818 -0.22857629 0.97018391
vn 0.06805311 -0.96791644 -0.24188127
vn 0.07278043 -0.98950895 -0.12480007
vn 0.09855385 -0.88827671 -0.44861076
vn -0.01155749 -0.46672630 0.88432629
vn 0.12818582 -0.95096673 -0.28147943
vn -0.02524065 -0.94847358 -0.31584929
vn 0.05718029 -0.34321856 0.93751343
vn 0.04399365 -0.99030873 -0.13173149
vn 0.02055253 -0.65675152 0.75382693
vn 0.01127427 -0.94085750 -0.33861490
vn 0.04054855 -0.99687480 -0.06779706
vn -0.00061792 -0.49098439 0.87116815
vn 0.00577404 -0.96486345 -0.26268837
vn 0.02668327 -0.99113011 -0.13018874
vn -0.06598877 -0.95668479 -0.28354841
vn -0.08653710 -0.94765497 -0.30734571
vn -0.06329917 -0.96611702 -0.25022212
vn 0.00524030 -0.99340719 -0.11451943
vn 0.02279545 -0.99854642 0.04884066
vn -0.02791343 -0.36322335 0.93128386
vn 0.03604483 -0.99461539 -0.09716479
vn -0.03133204 -0.99704138 0.07019109
vn -0.00542206 -0.70784510 0.70634688
vn 0.06987745 -0.98509272 -0.15719248
vn -0.00423284 -0.99590583 0.09029762
vn -0.00918896 -0.70124864 0.71285757
vn -0.04168086 -0.50547880 0.86183170
vn -0.03841095 -0.99442470 -0.09820446
vn 0.00310354 -0.99987464 -0.01552625
vn -0.03557698 -0.99252047 0.11677925
vn -0.04441825 -0.99695919 0.06402646
vn -0.01139900 -0.99987963 0.01052517
vn -0.10427141 -0.99342255 0.04731927
vn -0.07044145 -0.98721238 -0.14300252
vn -0.08257493 -0.99029778 0.11176622
vn -0.19536878 -0.98070057 -0.00757789
vn -0.14157508 -0.98509635 -0.09768153
vn -0.13858371 -0.93004196 -0.34031825
vn -0.19401114 -0.97634080 -0.09548991
vn -0.04195055 -0.69581690 0.71699302
vn -0.12785411 -0.99162894 0.01803807
vn -0.16821076 -0.98556365 0.01922043
vn -0.23902074 -0.97086739 -0.01689961
vn -0.22021097 -0.96758853 -0.12361058
vn -0.04177152 -0.57938265 0.81398458
vn -0.18638675 -0.97703268 -0.10328175
vn -0.12110362 -0.99133723 -0.05083718
vn -0.19392198 -0.96683455 -0.16620838
vn -0.10625891 -0.99148410 -0.07528829
vn -0.00213472 -0.99998150 -0.00569578
vn 0.13807955 -0.82865475 0.54246229
vn -0.01939060 -0.72933762 0.68387911
vn -0.23619492 -0.95782655 -0.16364675
vn -0.15373382 -0.97847499 -0.13766848
vn -0.08733040 -0.99549505 0.03691902
vn -0.16812032 -0.95842891 0.23054195
vn -0.23781060 -0.95349879 -0.18516528
vn -0.20342255 -0.90109632 0.38294214
vn -0.13949412 -0.82022542 0.55477172
vn -0.33199823 -0.92587491 -0.18036858
vn -0.26842658 -0.96153945 -0.05821554
vn -0.26702171 -0.95536769 0.12638032
vn 0.75046890 -0.65270811 0.10377158
vn 0.70658611 -0.64911777 0.28174844
vn 0.70394809 -0.71019423 0.00901331
vn 0.69586886 -0.71788313 0.02025700
vn 0.71166176 -0.70100860 0.04609224
vn 0.69608907 -0.65179775 0.30103106
vn 0.59649806 -0.63377726 0.49245959
vn 0.65198693 -0.51853440 0.55320441
vn 0.61040035 -0.79164135 0.02674663
vn 0.61051400 -0.79193819 -0.01032239
vn 0.64615305 -0.76181632 -0.04606656
vn 0.53766400 -0.49464297 0.68282191
vn 0.61333890 -0.78424998 0.09363415
vn 0.60876040 -0.79300007 0.02369944
vn 0.56022750 -0.81841453 0.12783894
vn 0.55519873 -0.83054086 0.04422949
vn 0.56778589 -0.82247348 -0.03400823
vn 0.58195908 -0.81310530 -0.01354250
vn 0.58885900 -0.80803147 -0.01817192
vn 0.60427082 -0.78766905 -0.12014257
vn 0.57885919 -0.81115529 0.08336148
vn 0.53339121 -0.83425695 0.13967520
vn 0.16805769 -0.33683502 0.92644416
vn 0.12423591 -0.26008463 0.95756014
vn 0.58907080 -0.78627832 -0.18644570
vn 0.54328967 -0.71515641 -0.43975862
vn 0.08501943 -0.24653656 0.96539703
vn 0.54253995 -0.78931422 -0.28746038
vn 0.43730798 -0.74712949 -0.50055894
vn 0.43387572 -0.68364597 -0.58683903
vn 0.05189914 -0.21259964 0.97576015
vn 0.32615107 -0.78656815 -0.52434342
vn 0.29631961 -0.70600342 -0.64323702
vn 0.06306900 -0.19384759 0.97900225
vn 0.24132828 -0.66304884 -0.70860913
vn 0.08243679 -0.16677016 0.98254358
vn 0.04758809 -0.15067641 0.98743708
vn 0.29216206 -0.74077578 -0.60489054
vn 0.19222512 -0.59989508 -0.77664367
vn 0.03280689 -0.13760869 0.98994321
vn 0.23604970 -0.69789592 -0.67618180
vn 0.17882271 -0.50235939 -0.84596541
vn 0.05909778 -0.12622544 0.99023966
vn 0.15833727 -0.62433010 -0.76494525
vn -0.08222542 -0.12418188 0.98884672
vn 0.04945857 -0.44086817 -0.89620818
vn 0.08268238 -0.41679611 -0.90523181
vn -0.07104454 -0.05586239 0.99590766
vn 0.13550948 -0.49176190 -0.86012058
vn -0.01176778 -0.10210273 0.99470425
vn 0.01392194 -0.10870055 0.99397705
vn 0.07207467 -0.23994383 -0.96810754
vn -0.03043215 -0.06954389 0.99711460
vn -0.00429509 -0.08323493 0.99652070
vn 0.01092237 -0.04833391 0.99877151
vn 0.00268514 -0.05175371 0.99865627
vn -0.21591441 -0.58249356 -0.78363399
vn -0.11246059 -0.35549952 -0.92788615
vn 0.02221809 -0.00864379 0.99971578
vn -0.02381832 -0.43499358 -0.90011848
vn 0.00560567 -0.13974888 0.99017111
vn 0.01552440 -0.88500060 -0.46533099
vn 0.04463924 -0.13541277 0.98978317
vn -0.08545933 -0.61961543 -0.78023933
vn 0.01175922 -0.82942545 -0.55849364
vn 0.00486712 -0.65961007 -0.75159222
vn 0.06783666 -0.13070776 0.98909740
vn 0.04358456 -0.71021161 -0.70263778
vn 0.11635309 -0.72292163 -0.68106261
vn 0.11589218 -0.69670981 -0.70792969
vn 0.03259982 -0.16797457 0.98525215
vn 0.07167064 -0.27637382 0.95837406
vn 0.10379132 -0.90138365 -0.42039848
vn 0.01303755 -0.18459289 0.98272859
vn -0.05796518 -0.84811927 -0.52662487
vn -0.03682002 -0.75751764 -0.65177550
vn -0.04172680 -0.63276430 -0.77321938
vn -0.04807041 -0.21194307 0.97609906
vn -0.09925980 -0.95350587 -0.28455941
vn -0.07416503 -0.16590143 0.98334951
vn -0.03352619 -0.89043701 -0.45386995
vn 0.33148494 -0.21702853 0.91815922
vn -0.01170422 -0.95990138 -0.28009348
vn -0.02646428 -0.41889235 0.90765018
vn -0.04704877 -0.18163379 0.98224008
vn -0.14813543 -0.89317398 -0.42461292
vn -0.07842729 -0.97380575 -0.21342804
vn -0.03873274 -0.34641383 0.93728183
vn 0.06935593 -0.98045739 -0.18410068
vn 0.09096330 -0.96438858 -0.24835527
vn -0.09023505 -0.98651480 -0.13655102
vn -0.26532782 -0.96032910 -0.08584381
vn -0.20022460 -0.97350779 0.11042051
vn -0.23520052 -0.96792948 0.08827927
vn -0.02458976 -0.38348311 0.92322047
vn -0.05061215 -0.98106299 -0.18695940
vn -0.09373704 -0.99141974 -0.09110575
vn -0.14814245 -0.98879593 -0.01834203
vn -0.04103042 -0.49953106 0.86532377
vn -0.24755228 -0.94499791 0.21376814
vn -0.24255014 -0.95996161 0.14015400
vn -0.22137692 -0.97512507 -0.01110636
vn -0.23531769 -0.97048136 -0.05283474
vn -0.06706113 -0.51938565 0.85190454
vn -0.08360732 -0.98689554 -0.13801093
vn -0.20350405 -0.97807270 -0.04427079
vn -0.20243628 -0.97161765 -0.12238744
vn -0.19425259 -0.96313559 -0.18610685
vn -0.24990172 -0.96482805 -0.08158415
vn -0.22339476 -0.96192744 -0.15744961
vn -0.24131836 -0.95140731 -0.19128405
vn -0.14894741 -0.82941882 0.53840421
vn -0.08651069 -0.54398425 0.83462389
vn -0.26492645 -0.95811213 -0.10878933
vn -0.31630960 -0.94541263 -0.07837855
vn -0.25457459 -0.87836779 0.40455136
vn -0.13063908 -0.64562360 0.75239856
vn -0.37434788 -0.90351184 -0.20863849
vn -0.33569316 -0.92638174 -0.17066626
vn -0.28321105 -0.94921952 0.13701752
vn -0.13325587 -0.75629108 0.64052063
vn -0.27055767 -0.95981985 0.07446080
vn -0.25850636 -0.95801734 -0.12400499
vn 0.73607495 -0.67681720 0.01058993
vn 0.74399625 -0.66545383 0.06033894
vn 0.71044325 -0.70374088 0.00437689
vn 0.75342768 -0.61966254 0.21992059
vn 0.70395320 -0.55853391 0.43873654
vn 0.75256506 -0.56108734 0.34471268
vn 0.67343834 -0.73921067 0.00695609
vn 0.69087096 -0.72138271 0.04800309
vn 0.72403016 -0.68645870 0.06748914
vn 0.70931200 -0.70451014 -0.02327975
vn 0.68883063 -0.49425676 0.53030427
vn 0.68303029 -0.72902273 0.04467078
vn 0.69033566 -0.72263097 0.03522998
vn 0.64615873 -0.76315017 0.00898370
vn 0.65321628 -0.75715534 0.00492802
vn 0.59116205 -0.43243806 0.68082652
vn 0.62813098 -0.76729534 -0.12926456
vn 0.58836646 -0.80158710 0.10622161
vn 0.61504804 -0.78008021 0.11485111
vn 0.65703822 -0.75317377 0.03209441
vn 0.57527656 -0.81773279 0.01923448
vn 0.62555451 -0.77989411 0.02113601
vn 0.36670449 -0.44754917 0.81561483
vn 0.39762892 -0.33397071 0.85460799
vn 0.61702367 -0.78049711 -0.10052884
vn 0.25412539 -0.33396045 0.90768425
vn 0.63242851 -0.71598045 -0.29564536
vn 0.59683235 -0.67834551 -0.42853065
vn 0.07388481 -0.27256972 0.95929494
vn 0.57123455 -0.67801143 -0.46259224
vn 0.48739162 -0.61640623 -0.61846000
vn 0.03387458 -0.21850023 0.97524877
vn 0.50159045 -0.58163403 -0.64039743
vn 0.34943947 -0.67943314 -0.64518420
vn 0.01874859 -0.21135870 0.97722873
vn 0.01122563 -0.14517598 0.98934216
vn 0.24967953 -0.58808008 -0.76929965
vn 0.02136917 -0.11773561 0.99281503
vn 0.00254523 -0.07825393 0.99693021
vn 0.09853896 -0.38733465 -0.91665803
vn 0.17746554 -0.34372672 -0.92214854
vn -0.04876265 0.03687817 0.99812935
vn -0.08744438 0.09536867 0.99159382
vn 0.19189263 -0.31755095 -0.92862189
vn -0.06715494 0.04059539 0.99691636
vn -0.03165632 0.06465226 0.99740562
vn -0.03722403 0.00253418 0.99930373
vn 0.01095392 -0.10511304 0.99439995
vn 0.01185562 -0.05143110 0.99860617
vn 0.09230127 -0.36254969 -0.92738244
vn 0.06104149 -0.35779412 -0.93180325
vn -0.00295066 -0.16068428 -0.98700145
vn -0.01046051 -0.02652773 0.99959335
vn -0.03673012 -0.07555821 -0.99646468
vn -0.00180708 -0.00048131 0.99999825
vn -0.00281891 0.02236977 0.99974579
vn -0.08549155 -0.11147192 -0.99008343
vn 0.00190826 0.05040104 0.99872724
vn -0.12848199 -0.24236604 -0.96163979
vn 0.01869966 -0.01156995 0.99975820
vn -0.00800926 -0.02277213 0.99970860
vn -0.00755691 -0.05476212 0.99847083
vn 0.01855273 -0.35051814 -0.93637217
vn -0.14929350 -0.56249193 -0.81321232
vn 0.01030145 -0.01455516 0.99984100
vn 0.16061769 -0.48275300 -0.86090156
vn 0.06385764 -0.10801914 0.99209580
vn 0.02215000 -0.09293877 0.99542542
vn 0.04085384 -0.04475472 0.99816230
vn 0.00951969 -0.03440139 0.99936276
vn 0.05397008 -0.46175051 -0.88536642
vn 0.01261410 -0.66447198 -0.74720671
vn 0.01062412 -0.46719083 -0.88409268
vn -0.03521993 -0.04686447 0.99828016
vn -0.02989049 -0.53219609 -0.84609331
vn 0.02274588 -0.06887288 0.99736611
vn -0.02372673 -0.78718975 -0.61625428
vn -0.01678678 -0.65181472 -0.75819244
vn 0.07029923 -0.86578227 -0.49545845
vn -0.01124413 -0.80463659 -0.59366112
vn 0.24205180 -0.28051632 0.92882804
vn -0.03056695 -0.77844398 -0.62696941
vn -0.00222592 -0.95291415 -0.30323203
vn -0.05218447 -0.88844159 -0.45601351
vn -0.01226988 -0.29550672 0.95526187
vn -0.30171850 -0.94639523 -0.11533441
vn -0.22573494 -0.96394021 0.14093619
vn -0.23885339 -0.96186939 0.13325286
vn -0.19550623 -0.98063634 -0.01138793
vn 0.01260000 -0.42532180 0.90495448
vn -0.15223374 -0.89627103 -0.41656108
vn -0.03097910 -0.99341213 -0.11032966
vn -0.31072593 -0.95040505 -0.01340280
vn -0.22440943 -0.97447479 0.00626816
vn -0.00477029 -0.39305756 0.91950149
vn -0.12900152 -0.97299509 -0.19141361
vn -0.45096608 -0.89179441 -0.03650112
vn -0.23154158 -0.95441084 0.18838376
vn -0.29117070 -0.95665922 0.00477059
vn -0.23426013 -0.96423841 0.12396160
vn -0.08686464 -0.99612257 0.01394150
vn -0.20304184 -0.97758931 -0.05561604
vn -0.17168670 -0.98511214 0.00881752
vn -0.26478895 -0.96403356 -0.02293682
vn -0.28856517 -0.94720728 -0.13974446
vn -0.07212401 -0.77203329 0.63147663
vn -0.23969271 -0.97029295 -0.03284820
vn -0.28004462 -0.95534004 -0.09434203
vn -0.17424978 -0.76636791 0.61831808
vn -0.13600560 -0.57926336 0.80371415
vn -0.28362313 -0.94657363 -0.15348057
vn -0.28853945 -0.95741457 -0.01011579
vn -0.30626089 -0.94278089 0.13178947
vn -0.28743767 -0.86883792 0.40311320
vn -0.44709595 -0.88185369 -0.14979747
vn -0.32503908 -0.92949053 -0.17434724
vn -0.39741664 -0.87716316 0.26952698
vn -0.51024663 -0.76084699 0.40094917
vn 0.79607807 -0.60230418 0.05907103
vn 0.79007295 -0.59961060 0.12748282
vn 0.81963073 -0.56347336 0.10345641
vn 0.79921397 -0.54883228 0.24503093
vn 0.72740358 -0.68533220 0.03469595
vn 0.75935859 -0.64953449 0.03846396
vn 0.76950382 -0.63788673 0.03105473
vn 0.62315747 -0.46280916 0.63046210
vn 0.72656202 -0.68694458 -0.01465534
vn 0.69510955 -0.71496962 0.07510768
vn 0.73186206 -0.67850965 0.06326587
vn 0.71486035 -0.69880871 0.02531913
vn 0.60100882 -0.42073368 0.67953776
vn 0.51461443 -0.34075432 0.78680270
vn 0.64548766 -0.73791104 -0.19706083
vn 0.72410206 -0.67080219 -0.16031416
vn 0.66794700 -0.73775684 0.09778370
vn 0.41836503 -0.31807897 0.85076229
vn 0.61930121 -0.70396115 -0.34771356
vn 0.16081019 -0.22974797 0.95987288
vn 0.60752300 -0.55461702 -0.56860862
vn 0.61212255 -0.73207668 -0.29894769
vn 0.57330230 -0.70288284 -0.42104653
vn 0.08336258 -0.18479462 0.97923523
vn 0.02064806 -0.16674092 0.98578452
vn 0.02395357 -0.11526126 0.99304636
vn 0.46848410 -0.56443847 -0.67965569
vn 0.41332316 -0.57224283 -0.70830933
vn 0.00845263 -0.21327074 0.97695657
vn 0.01345096 -0.22244561 0.97485231
vn 0.24536220 -0.46122271 -0.85268459
vn -0.35925199 -0.19244768 0.91318229
vn 0.14585106 -0.37667623 -0.91479095
vn -0.21052759 0.00818932 0.97755361
vn -0.12342839 0.34537403 0.93031296
vn 0.09258469 -0.27750147 -0.95625363
vn 0.06417392 0.17196641 0.98301031
vn 0.13591353 -0.27266000 -0.95246209
vn 0.08474618 -0.28139713 -0.95584190
vn 0.01961491 0.00537159 0.99979318
vn -0.01642214 -0.05714594 -0.99823076
vn -0.06250531 0.20475076 0.97681637
vn 0.02180010 0.02760091 -0.99938128
vn -0.05974552 0.12084503 0.99087181
vn -0.01118831 0.04381779 0.99897689
vn -0.02623728 -0.13393060 -0.99064333
vn 0.01830542 0.05863308 0.99811175
vn -0.14124071 -0.38073918 -0.91383190
vn 0.03454987 0.02210075 0.99915858
vn 0.01111562 -0.31891935 -0.94771667
vn -0.01334857 -0.36120927 -0.93238923
vn 0.02379269 -0.20598783 -0.97826526
vn 0.02216507 -0.01392670 0.99965732
vn 0.05334644 -0.29823643 -0.95300010
vn 0.06415816 0.00170519 0.99793829
vn 0.02281833 0.12805267 0.99150483
vn 0.01398455 -0.39245935 -0.91966303
vn 0.05543861 -0.41840159 -0.90656862
vn 0.00609393 0.13825392 0.99037807
vn 0.04084630 0.00842435 0.99912993
vn -0.01504629 -0.36744611 -0.92992310
vn -0.10916755 0.10885285 0.98804529
vn -0.02007911 -0.55068655 -0.83447058
vn -0.02343616 -0.05273882 0.99833329
vn -0.02668562 -0.71716938 -0.69638779
vn 0.04204715 -0.51381140 -0.85687215
vn 0.01535748 -0.06032756 0.99806049
vn -0.00846638 -0.14766138 0.98900174
vn -0.01083330 -0.62590794 -0.77982170
vn -0.00605659 -0.47734344 -0.87869594
vn 0.01198799 -0.08320016 0.99646075
vn -0.01610014 -0.17588315 0.98427938
vn -0.01604576 -0.31478546 0.94902721
vn -0.12456728 -0.82361127 -0.55330594
vn -0.00915465 -0.02627106 0.99961294
vn -0.08712330 -0.72524114 -0.68296033
vn -0.05552028 -0.59557088 -0.80138182
vn -0.04052753 -0.38199392 0.92327578
vn -0.09413048 -0.82127936 -0.56270744
vn -0.18813596 -0.86105300 -0.47243263
vn -0.25256941 -0.96354380 -0.08827256
vn -0.24328216 -0.96521138 0.09581636
vn -0.24025093 -0.96754914 0.07828253
vn -0.19315538 -0.98085479 -0.02479694
vn -0.21973038 -0.97450991 -0.04526579
vn -0.18405509 -0.91205174 -0.36644964
vn -0.23575754 -0.97095466 0.04080968
vn -0.22350398 -0.96585865 0.13100778
vn -0.27314495 -0.96126301 -0.03694959
vn -0.27351333 -0.96105139 -0.03963196
vn -0.24492064 -0.96756377 -0.06192114
vn -0.12944481 -0.41978803 0.89834406
vn -0.25617134 -0.96652623 0.01425799
vn -0.29548776 -0.95121666 -0.08873470
vn -0.29932406 -0.94144370 -0.15520589
vn -0.04870552 -0.74853002 0.66130974
vn -0.29736052 -0.95476514 -0.00049256
vn -0.33207355 -0.76912961 0.54604651
vn -0.24940333 -0.53713650 0.80578059
vn -0.42023211 -0.90565445 -0.05652418
vn -0.49372238 -0.85674077 -0.14910889
vn -0.47882559 -0.87051690 0.11369425
vn -0.39775883 -0.83220230 0.38629942
vn -0.31153479 -0.54627900 0.77751227
vn -0.45013842 -0.88955035 -0.07794599
vn 0.83207407 -0.55018778 0.07032878
vn 0.81049011 -0.53560677 0.23713115
vn 0.82546107 -0.53172379 0.18943029
vn 0.76140327 -0.64669861 0.04523242
vn 0.78281975 -0.62097674 0.03976333
vn 0.77730371 -0.62864773 0.02451459
vn 0.78227543 -0.62263230 0.01934346
vn 0.76206340 -0.52150387 0.38378781
vn 0.78268526 -0.53613256 0.31617347
vn 0.67722918 -0.50191637 0.53799683
vn 0.73995670 -0.66919126 0.06816986
vn 0.75514715 -0.65536153 -0.01593896
vn 0.77081580 -0.63642582 0.02837556
vn 0.71065354 -0.70175415 0.05012644
vn 0.73129928 -0.68158039 0.02548580
vn 0.71959562 -0.69392779 0.02542354
vn 0.60196536 -0.44162890 0.66528311
vn 0.75204820 -0.65118566 -0.10188592
vn 0.78421900 -0.56805925 -0.24961819
vn 0.72135815 -0.62999446 -0.28766195
vn 0.46898319 -0.35740523 0.80766099
vn 0.68465773 -0.65931533 -0.31072027
vn 0.27758143 -0.20886294 0.93772321
vn 0.59589530 -0.68660336 -0.41651484
vn 0.51655207 -0.61852129 -0.59211939
vn 0.10379712 -0.17076965 0.97982850
vn 0.09913200 -0.12197699 0.98756998
vn 0.49765319 -0.60472121 -0.62181474
vn 0.07598960 -0.09669433 0.99240908
vn 0.01504383 -0.12334770 0.99224948
vn 0.32712618 -0.46141463 -0.82467266
vn -0.02485604 -0.06967524 0.99726002
vn 0.28420969 -0.26102480 -0.92254588
vn -0.07718733 0.02614846 0.99667365
vn -0.07937938 0.07754414 0.99382384
vn 0.03174182 -0.21453191 -0.97620106
vn -0.11861701 0.15769218 0.98033830
vn 0.00336334 -0.26611034 -0.96393671
vn -0.15863201 0.31657299 0.93520983
vn 0.06003849 -0.13186669 -0.98944760
vn -0.21220893 0.53629160 0.81692024
vn 0.07352788 -0.22205410 -0.97225800
vn -0.01628129 0.28910814 0.95715798
vn 0.18536919 -0.16433144 -0.96883097
vn 0.00519933 0.22285067 0.97483873
vn -0.05967548 0.29600634 0.95332003
vn -0.16731974 0.02506561 -0.98558400
vn -0.07441486 0.44910037 0.89037705
vn -0.02904839 0.00048494 -0.99957789
vn -0.02555668 0.24016328 0.97039603
vn -0.04321170 0.39702577 0.91678966
vn 0.00816845 0.04905767 -0.99876254
vn 0.02257484 0.16206059 0.98652255
vn 0.06242238 0.04359640 0.99709719
vn 0.04632046 0.15622765 0.98663435
vn -0.07044454 -0.31077523 -0.94786936
vn -0.02011908 -0.20002210 -0.97958480
vn 0.04024886 0.10371368 0.99379248
vn 0.00250475 0.09319254 0.99564495
vn -0.00080131 0.15384434 0.98809477
vn -0.00249096 -0.24314977 -0.96998556
vn 0.06047357 0.36364004 0.92957456
vn 0.11696543 -0.22628982 -0.96701190
vn 0.03553448 -0.14583584 -0.98867042
vn -0.01418014 0.24692895 0.96892983
vn 0.06832457 -0.33356632 -0.94024745
vn -0.04265615 0.09206531 0.99483890
vn -0.02692342 -0.49965792 -0.86580431
vn -0.08750608 0.07777678 0.99312308
vn -0.02323078 0.14534627 0.98910808
vn -0.02467080 -0.39888246 -0.91667013
vn -0.04801384 -0.30031631 -0.95263046
vn 0.05563413 0.07966704 0.99526781
vn 0.06928710 0.03052605 0.99712961
vn 0.01233780 0.20936165 0.97776044
vn -0.00648112 -0.60384703 -0.79707387
vn -0.07425549 0.10861256 0.99130693
vn 0.00720341 -0.62460229 -0.78090979
vn -0.02124763 -0.43917135 -0.89815202
vn -0.03969987 -0.18487979 0.98195895
vn -0.14625605 -0.79784349 -0.58485462
vn -0.06080650 -0.57273835 -0.81747988
vn -0.03806600 -0.11645676 0.99246602
vn -0.13578954 -0.77987678 -0.61102652
vn -0.10477029 -0.81860431 -0.56472132
vn -0.20932643 -0.81879919 -0.53455620
vn -0.27410977 -0.95289346 -0.12983792
vn -0.27906881 -0.95741269 0.07403741
vn -0.24714119 -0.96162617 0.11914842
vn -0.25958453 -0.96348405 0.06568376
vn -0.03941880 -0.29767257 0.95385387
vn -0.21375747 -0.91176728 -0.35069671
vn -0.28713668 -0.95787211 -0.00579151
vn -0.35034450 -0.89443551 -0.27792778
vn -0.28113865 -0.95955182 0.01487834
vn -0.30196295 -0.94692330 0.11024809
vn -0.31735589 -0.94494782 0.07974247
vn -0.21556501 -0.97417779 0.06715178
vn -0.25739831 -0.96623589 -0.01158903
vn -0.31823155 -0.94800875 -0.00284338
vn -0.35461024 -0.93495324 0.01067773
vn -0.40768726 -0.89531096 -0.17946972
vn -0.26879607 -0.96259724 -0.03398862
vn -0.36798229 -0.92981943 0.00498639
vn -0.42498278 -0.90476924 0.02796885
vn -0.40905071 -0.90344512 -0.12831382
vn -0.47887273 -0.86056983 -0.17349492
vn -0.52960048 -0.84600864 -0.06158500
vn -0.48863997 -0.86012879 0.14631964
vn -0.54201370 -0.79056890 0.28499467
vn -0.45338168 -0.71852337 0.52741750
vn -0.53154937 -0.84636621 0.03345891
vn -0.55804626 -0.82020916 0.12586226
vn -0.57112038 -0.71994700 0.39433214
vn 0.86910521 -0.49224888 0.04844774
vn 0.81860509 -0.57209926 0.05087387
vn 0.84950653 -0.52623301 0.03764938
vn 0.82367205 -0.56516379 0.04641381
vn 0.83742135 -0.49825058 0.22465940
vn 0.72615140 -0.50012194 0.47178616
vn 0.65390480 -0.44675317 0.61058997
vn 0.78103061 -0.61763170 0.09231614
vn 0.81291612 -0.58171744 0.02778867
vn 0.77479941 -0.63179815 0.02273701
vn 0.75580540 -0.64334230 -0.12193803
vn 0.80607706 -0.55173158 -0.21408419
vn 0.46114106 -0.38854316 0.79773626
vn 0.50865699 -0.32297572 0.79809445
vn 0.38015591 -0.23210957 0.89532488
vn 0.73260689 -0.60633961 -0.30925623
vn 0.65423330 -0.61837003 -0.43542772
vn 0.64078607 -0.53668129 -0.54896850
vn 0.15554134 -0.11398589 0.98123092
vn 0.15778622 -0.07417903 0.98468319
vn 0.54905330 -0.58030557 -0.60148642
vn 0.57244581 -0.51687022 -0.63651470
vn 0.22707848 -0.23319844 -0.94554421
vn -0.01923162 -0.02020818 0.99961081
vn 0.24742761 -0.26589127 -0.93170886
vn 0.22971903 -0.27368162 -0.93398476
vn -0.04792338 0.01179846 0.99878133
vn 0.16919921 -0.29353766 -0.94085454
vn 0.09804525 -0.19557207 -0.97577594
vn -0.12240383 0.23419621 0.96445292
vn 0.04120062 -0.15487567 -0.98707448
vn -0.02183908 -0.06375201 -0.99772678
vn -0.17453570 0.50574384 0.84484345
vn 0.03717790 -0.07372826 -0.99658514
vn -0.00238007 0.54188218 0.84045109
vn -0.05402167 0.44986041 0.89146356
vn -0.07972298 0.54222001 0.83644588
vn 0.03985589 -0.04006415 -0.99840191
vn -0.08269671 0.57639690 0.81297471
vn -0.14436279 0.06223450 -0.98756582
vn -0.08247138 0.58775895 0.80482165
vn -0.05267114 0.55366865 0.83106966
vn 0.03575881 -0.00574520 -0.99934393
vn -0.05186684 0.57961555 0.81323775
vn -0.01638319 -0.03030333 -0.99940647
vn 0.01599240 0.59711307 0.80199765
vn 0.05342836 -0.04394105 -0.99760443
vn 0.05053979 0.41327959 0.90920059
vn 0.14317449 -0.09542041 -0.98508680
vn 0.06785754 0.48857668 0.86987825
vn 0.02799809 0.38466195 0.92263280
vn -0.03145296 -0.11882566 -0.99241683
vn -0.01421734 0.35321420 0.93543444
vn -0.05228980 -0.15664172 -0.98627032
vn -0.03718912 0.41385927 0.90958093
vn 0.01925713 0.42376271 0.90556851
vn 0.00375196 0.38267040 0.92387731
vn -0.00286182 0.00120968 -0.99999517
vn -0.01224296 0.32882024 0.94431317
vn 0.14994813 -0.15574655 -0.97634961
vn -0.03980473 0.35568952 0.93375615
vn -0.06391944 0.14166928 0.98784823
vn -0.02219176 -0.09098970 -0.99560454
vn 0.38264843 -0.16981254 -0.90815410
vn 0.00153418 0.09378637 0.99559116
vn 0.06376259 -0.41743626 -0.90646638
vn 0.04337979 0.13949627 0.98927195
vn -0.00946933 -0.38045987 -0.92474895
vn 0.04420004 -0.02228577 0.99877410
vn 0.00807640 -0.06439217 0.99789199
vn 0.00394424 0.01957193 0.99980067
vn -0.03232748 -0.14236113 0.98928673
vn -0.16938405 -0.65051072 -0.74036805
vn -0.05925886 -0.10444328 0.99276381
vn -0.29029071 -0.86907421 -0.40055128
vn -0.18376779 -0.75339833 -0.63136389
vn 0.00191398 -0.37876061 0.92549270
vn -0.09078944 -0.12958863 0.98740269
vn -0.24268907 -0.67620555 -0.69559189
vn -0.15724727 -0.30977796 0.93771580
vn -0.33123723 -0.86788912 -0.37020315
vn -0.30726657 -0.86296496 -0.40109690
vn -0.34587767 -0.93750488 -0.03812143
vn -0.32289175 -0.93923784 0.11650405
vn -0.30119047 -0.95017486 0.08032459
vn -0.29063235 -0.95622157 0.03425132
vn -0.26494726 -0.43341404 0.86136823
vn -0.34022118 -0.93709208 0.07815356
vn -0.31079377 -0.94992729 0.03233220
vn -0.44280113 -0.89652928 0.01274375
vn -0.34324456 -0.93794059 0.04950368
vn -0.47030144 -0.87813277 0.08774623
vn -0.51963344 -0.85285055 -0.05125441
vn -0.52016753 -0.76518704 0.37936068
vn -0.43408496 -0.61586689 0.65747868
vn 0.13249362 -0.92313288 -0.36093092
vn -0.63248301 -0.76971119 0.08665985
vn -0.61057898 -0.78116967 -0.13025843
vn -0.59584138 -0.79646565 -0.10303165
vn -0.56281897 -0.82538938 -0.04435286
vn -0.88740216 -0.45197620 0.09074649
vn 0.87417555 -0.48393575 0.04029016
vn 0.86732707 -0.49437060 0.05780542
vn 0.90066468 -0.43132412 0.05256073
vn 0.86215944 -0.50454879 0.04595227
vn 0.90895141 -0.41249185 0.06047987
vn 0.87371412 -0.48077435 0.07402472
vn 0.81040774 -0.49588842 0.31198392
vn 0.72825016 -0.46085705 0.50721050
vn 0.80052686 -0.42807331 0.41941625
vn 0.83708286 -0.54678074 0.01797504
vn 0.85353631 -0.51409781 -0.08473025
vn 0.89497887 -0.44597480 0.01092272
vn 0.82069975 -0.56756785 0.06571646
vn 0.87519380 -0.47616219 0.08547147
vn 0.88058894 -0.46497331 0.09144907
vn 0.83354134 -0.54868914 0.06441318
vn 0.67084770 -0.36305929 0.64664621
vn 0.61552407 -0.39197156 0.68373124
vn 0.82176027 -0.51775627 -0.23798847
vn 0.81248886 -0.57446124 -0.09927802
vn 0.44953701 -0.24357799 0.85941040
vn 0.76936183 -0.54395437 -0.33495674
vn 0.71824506 -0.53864059 -0.44044335
vn 0.77709456 -0.47352267 -0.41460864
vn 0.26931354 -0.09862235 0.95798948
vn 0.15330830 -0.05547813 0.98661986
vn 0.55601626 -0.48859338 -0.67240050
vn 0.05119869 -0.04301886 0.99776153
vn 0.05428817 -0.01345049 0.99843471
vn 0.27565108 -0.25998666 -0.92543148
vn 0.33558310 -0.40656680 -0.84975727
vn 0.19027443 -0.19886661 -0.96137803
vn -0.17453905 0.12183997 0.97708297
vn 0.08993660 -0.13745509 -0.98641650
vn -0.24969928 0.29303263 0.92292044
vn -0.04476917 -0.05836155 -0.99729116
vn -0.03876215 0.02654016 -0.99889595
vn -0.23009637 0.45939286 0.85791250
vn -0.06090960 0.07624181 -0.99522721
vn -0.02524499 0.02263017 -0.99942512
vn -0.25890093 0.57076241 0.77923076
vn -0.04702967 0.60855834 0.79211424
vn -0.15430111 0.77954306 0.60704513
vn 0.04108067 -0.01502663 -0.99904283
vn -0.10170807 0.66166691 0.74286766
vn 0.09972186 0.02043886 -0.99480541
vn 0.07417011 0.01986482 -0.99704773
vn -0.07505260 0.11669700 -0.99032768
vn -0.10393377 0.77440384 0.62409652
vn -0.12025146 0.86814518 0.48152210
vn -0.09291580 0.69475560 0.71321898
vn -0.07887635 0.82262987 0.56307958
vn -0.02443551 0.05189334 -0.99835364
vn -0.03762422 0.16046556 -0.98632410
vn -0.03567961 0.70251789 0.71077112
vn -0.07458867 0.83495547 0.54523930
vn 0.01099553 0.73651480 0.67633205
vn 0.09981054 0.78654044 0.60941939
vn -0.06868327 -0.07521630 -0.99479903
vn -0.03627080 0.61350931 0.78885408
vn -0.21006763 -0.03601843 -0.97702316
vn -0.01290816 0.51630966 0.85630468
vn 0.00392633 -0.04990212 -0.99874640
vn -0.06434904 0.62490655 0.77804306
vn -0.05585893 0.65448105 0.75401215
vn 0.04158156 -0.06823241 -0.99680254
vn -0.01186356 0.57842912 0.81564637
vn 0.00079686 0.54366671 0.83930083
vn 0.07644875 0.11863016 -0.98999115
vn 0.10125412 0.02037008 -0.99465203
vn 0.01210074 0.52873801 0.84869882
vn -0.00920283 -0.08323981 -0.99648705
vn -0.02087237 0.37081736 0.92847123
vn 0.01070835 -0.20817166 -0.97803369
vn -0.01071845 -0.29809458 -0.95447616
vn 0.22124041 0.26868741 0.93747520
vn 0.10322788 0.19607022 0.97514126
vn 0.03571075 -0.25414374 -0.96650696
vn 0.10510419 0.05163988 0.99311955
vn 0.03438050 0.06290114 0.99742740
vn 0.05595073 -0.13666801 -0.98903558
vn -0.02010656 0.05388985 0.99834443
vn -0.04271214 -0.39461593 -0.91785290
vn -0.16030170 -0.68584733 -0.70987098
vn -0.16145380 -0.38820686 -0.90731919
vn -0.08485265 -0.16378794 0.98283953
vn -0.25180075 -0.57078650 -0.78153641
vn -0.34695080 -0.83901973 -0.41913128
vn -0.40937950 -0.87889347 -0.24485646
vn -0.39382773 -0.91616786 0.07440542
vn -0.21234410 -0.52361689 0.82506687
vn -0.49693841 -0.85086737 -0.17051957
vn -0.43061663 -0.89888715 -0.08106302
vn -0.43032494 -0.90262653 0.00926274
vn -0.39587832 -0.91644389 0.05840334
vn -0.42061739 -0.90279145 0.08971400
vn -0.40605123 -0.90995688 0.08426676
vn -0.46177330 -0.88113154 0.10184608
vn -0.57906203 -0.80694830 0.11628243
vn -0.58400157 -0.81171867 0.00741366
vn -0.58848103 -0.80608062 -0.06264277
vn -0.56222046 -0.79559869 0.22567871
vn -0.50165226 -0.74337556 0.44242263
vn -0.29725100 -0.77140281 0.56265402
vn -0.23430329 -0.60956323 0.75732069
vn -0.55695620 -0.81822696 0.14249361
vn -0.59577293 -0.80068672 -0.06289193
vn -0.56917420 -0.80123832 0.18454778
vn -0.61987560 -0.78321429 0.04826622
vn 0.88838523 -0.44515242 0.11229875
vn 0.90023857 -0.43322406 0.04344459
vn 0.86405814 -0.46061978 0.20305899
vn 0.88258196 -0.42407160 0.20300829
vn 0.85343451 -0.41793218 0.31141969
vn 0.75010341 -0.37829378 0.54243773
vn 0.90501843 -0.41903412 0.07315768
vn 0.93124998 -0.35075323 0.09872008
vn 0.87185008 -0.48870190 0.03237129
vn 0.91467060 -0.40111811 0.04981927
vn 0.86606392 -0.47441941 -0.15766900
vn 0.87119019 -0.40321007 -0.28008800
vn 0.81846695 -0.47104429 -0.32898196
vn 0.92027015 -0.36107845 -0.15074881
vn 0.52823653 -0.25950802 0.80846877
vn 0.33942005 -0.15090652 0.92845099
vn 0.79800057 -0.48379450 -0.35935772
vn 0.79518761 -0.42950808 -0.42801807
vn 0.79006722 -0.36850642 -0.48989469
vn 0.27366738 -0.10634235 0.95592754
vn 0.20802690 -0.05705304 0.97645776
vn 0.64456380 -0.51725634 -0.56301278
vn 0.48062383 -0.38707010 -0.78687831
vn 0.37370719 -0.42524877 -0.82432179
vn 0.21310437 -0.22686914 -0.95032464
vn -0.10217647 0.07214165 0.99214694
vn 0.03085876 0.02384446 -0.99923930
vn -0.37566294 0.30299300 0.87582681
vn -0.07061155 -0.02484801 -0.99719436
vn -0.37248699 0.55967093 0.74028501
vn -0.08747980 0.13688433 -0.98671676
vn -0.22901964 0.55769360 0.79782696
vn -0.37319999 0.62711216 0.68370470
vn -0.30775633 0.70492235 0.63903874
vn -0.09051037 0.18032528 -0.97943385
vn -0.16357088 0.93603956 0.31156782
vn -0.31613053 0.81122372 0.49191215
vn -0.18243883 0.16682845 -0.96896044
vn 0.03627866 0.87712801 0.47888444
vn -0.02553053 0.26614922 -0.96359368
vn -0.19142262 0.92222639 0.33594027
vn 0.00364691 0.19116643 -0.98155086
vn -0.20425914 0.73666054 0.64467780
vn -0.09813254 0.29922773 -0.94912210
vn -0.19855792 0.95319989 0.22800157
vn -0.20341332 0.97696121 0.06457403
vn -0.29928234 0.90918914 0.28949127
vn -0.20121035 0.93864706 0.28010014
vn -0.07942063 0.36077478 -0.92926526
vn -0.11030745 0.97571492 0.18924235
vn -0.01256807 0.45068629 -0.89259392
vn -0.17934472 0.22042775 -0.95877374
vn -0.09138123 0.40383260 -0.91025749
vn -0.08733452 0.97896838 0.18437349
vn -0.10344358 0.95950380 0.26201504
vn -0.14465213 0.24090000 -0.95970983
vn -0.06058022 0.94335857 0.32619724
vn -0.09917721 0.41979027 -0.90218624
vn -0.07970555 0.84682619 0.52586350
vn -0.10498544 0.91408849 0.39168902
vn 0.07739240 0.30285726 -0.94988836
vn -0.08965336 0.88199519 0.46265187
vn -0.05416631 0.87533537 0.48047269
vn 0.07620826 0.19930676 -0.97696935
vn 0.04683447 0.86273565 0.50348160
vn 0.02328117 0.10743383 -0.99393962
vn -0.00544101 0.78801823 0.61562786
vn 0.03819273 0.20344767 -0.97834062
vn -0.03179164 0.65322413 0.75649688
vn -0.04622016 0.81154988 0.58245213
vn -0.02429655 0.15699067 -0.98730117
vn -0.11913285 0.10113777 -0.98771378
vn -0.04082686 0.80383444 0.59345039
vn -0.02757351 0.02301116 -0.99935489
vn -0.13802968 0.73914461 0.65925188
vn -0.16096909 0.77883496 0.60622196
vn -0.04053117 0.28758087 -0.95689836
vn -0.08897002 0.78128685 0.61779867
vn -0.02569987 0.01357529 -0.99957752
vn 0.05675185 0.77393375 0.63071846
vn -0.03591144 0.15655081 -0.98701683
vn 0.01890668 0.77011862 0.63762046
vn 0.02785995 0.76741132 0.64054952
vn 0.05609454 0.69612439 0.71572637
vn 0.11563738 0.51884882 0.84700879
vn 0.11637002 0.16648445 -0.97915318
vn -0.02664066 0.56073081 0.82756947
vn -0.01788393 0.51698324 0.85580868
vn -0.08806053 0.54157757 0.83602577
vn -0.02949053 0.04446737 -0.99857547
vn -0.05533746 -0.00209262 -0.99846552
vn -0.07925405 0.57662352 0.81315688
vn -0.03594494 0.02776137 -0.99896810
vn 0.02562281 0.51460225 0.85704609
vn 0.02773824 -0.08351665 -0.99612025
vn 0.19917564 0.33318223 0.92158487
vn 0.12976811 -0.06577273 -0.98936049
vn 0.04931847 0.14818958 0.98772847
vn 0.03403013 -0.06860595 0.99706328
vn -0.40750503 -0.24866701 -0.87869470
vn 0.05696480 -0.00515141 0.99836290
vn -0.05439708 -0.20076709 -0.97812757
vn 0.01208172 -0.18394261 0.98286273
vn -0.06652567 -0.28015992 0.95764542
vn -0.20224089 -0.57369607 -0.79370740
vn -0.44917097 -0.63879845 -0.62464548
vn -0.46121633 -0.76074855 -0.45666305
vn -0.06589820 -0.35747986 0.93159303
vn -0.10409555 -0.44643738 0.88873943
vn -0.93426186 -0.33098565 -0.13267737
vn -0.52410671 -0.84788836 -0.07998427
vn -0.52125323 -0.84941989 0.08234637
vn -0.65976714 -0.75118096 -0.02084454
vn -0.68191728 -0.73110943 0.02162910
vn -0.66434989 -0.74341741 0.07726441
vn -0.64899552 -0.75903110 0.05173595
vn -0.61951633 -0.77874279 -0.09878857
vn -0.59941147 -0.77051869 0.21681061
vn -0.37872698 -0.57613421 0.72431709
vn -0.52529233 -0.85030391 -0.03242274
vn -0.70222825 -0.70258168 -0.11512802
vn -0.63738432 -0.76950515 -0.04003806
vn -0.64209641 -0.73641758 0.21307592
vn -0.56124473 -0.72541145 0.39847532
vn -0.67999391 -0.71981122 -0.13957112
vn -0.68367808 -0.72978020 0.00226588
vn -0.43503538 -0.89359405 0.11060689
vn 0.92503443 -0.37614892 0.05313470
vn 0.93927703 -0.34314200 -0.00349768
vn 0.91697108 -0.39246617 0.07165432
vn 0.94207977 -0.33509133 -0.01412449
vn 0.93680094 -0.34969591 0.01080615
vn 0.84252724 -0.36419938 0.39687108
vn 0.65390593 -0.24323332 0.71641091
vn 0.66811982 -0.31131093 0.67579688
vn 0.88909424 -0.45253343 -0.06873813
vn 0.90176680 -0.41070228 -0.13468584
vn 0.93423268 -0.35111310 -0.06268081
vn 0.92004592 -0.38567551 0.06906457
vn 0.93270141 -0.35669560 0.05325728
vn 0.51218779 -0.19648488 0.83609650
vn 0.24495314 -0.06428393 0.96740144
vn 0.20957623 -0.05378674 0.97631183
vn 0.71208553 -0.44135682 -0.54602047
vn 0.59237615 -0.29033850 -0.75152781
vn 0.11623943 -0.03457569 0.99261922
vn 0.23322499 -0.15696348 -0.95967107
vn 0.23833444 -0.24995171 -0.93846728
vn 0.16194717 -0.18371920 -0.96954648
vn -0.04293891 0.09681553 0.99437569
vn -0.17860608 0.19155546 0.96509397
vn 0.09778656 -0.10682304 -0.98945774
vn -0.38861219 0.33154794 0.85968397
vn -0.00168681 -0.00259980 -0.99999520
vn 0.12244773 -0.12534866 -0.98452743
vn -0.05690909 0.07099302 -0.99585207
vn -0.43293085 0.47192053 0.76802467
vn -0.09723518 0.13023880 -0.98670318
vn -0.42696603 0.70725544 0.56346230
vn -0.49091097 0.67567073 0.54997771
vn -0.12470803 0.21137620 -0.96941632
vn -0.22538296 0.30091077 -0.92663651
vn -0.42282728 0.88056398 0.21406580
vn -0.26784936 0.95436059 0.13210820
vn -0.43700565 0.88633855 0.15306874
vn -0.34045719 0.88987810 0.30365420
vn -0.09913274 0.30773058 -0.94629519
vn -0.24783469 0.96652200 0.06643185
vn -0.07349832 0.30851260 -0.94837649
vn -0.15649090 0.97455832 0.16045769
vn -0.11015321 0.47199295 -0.87469362
vn -0.03604769 0.35848018 -0.93284110
vn -0.17925707 0.98323489 0.03340728
vn -0.23302919 0.97066247 0.05926020
vn -0.17574081 0.98034323 0.08967902
vn -0.11575588 0.39745660 -0.91029052
vn -0.09904040 0.50208244 -0.85912992
vn -0.08838928 0.99587835 0.02033817
vn -0.20919082 0.97166036 0.11006976
vn -0.16794479 0.39734307 -0.90217129
vn -0.13125162 0.98256367 0.13168771
vn -0.22578571 0.95971818 0.16721789
vn -0.14257068 0.97821051 0.15092315
vn -0.04661245 0.96776617 0.24749935
vn -0.11204608 0.97809118 0.17545177
vn -0.02156236 0.97561540 0.21842539
vn 0.06620681 0.96153175 0.26659587
vn -0.12559470 0.51703180 -0.84670189
vn -0.09360073 0.53539142 -0.83940153
vn -0.05728352 0.93401111 0.35262139
vn 0.10352938 0.95370073 0.28237667
vn 0.01893628 0.44801846 -0.89382374
vn 0.01879952 0.90877524 0.41686226
vn -0.00540921 0.84786355 0.53018690
vn 0.07942162 0.44786044 -0.89056905
vn -0.00281586 0.38249435 -0.92395354
vn 0.01448550 0.83314677 0.55286222
vn -0.03699860 0.87500836 0.48269191
vn -0.04877006 0.54056909 -0.83988484
vn 0.06101388 0.87377526 0.48248740
vn 0.02628698 0.88058028 0.47316737
vn 0.00153275 0.32892080 -0.94435627
vn 0.00560103 0.93625271 0.35128265
vn 0.09355844 0.50618778 -0.85733351
vn -0.01922082 0.88734416 0.46070695
vn -0.00682701 0.18866924 -0.98201696
vn -0.20189905 0.87498958 0.44003409
vn 0.05520708 0.87904135 0.47353827
vn -0.00494350 0.83585344 0.54893041
vn -0.13538810 0.80896214 0.57205797
vn -0.12808107 0.80928650 0.57328056
vn -0.05809027 0.78802012 0.61290278
vn 0.01213430 0.26081434 -0.96531272
vn 0.03201102 0.27552582 -0.96076054
vn -0.01597584 0.80487948 0.59322323
vn -0.00287675 0.21965342 -0.97557373
vn 0.02681497 0.83132924 0.55513300
vn -0.01309653 0.26300524 -0.96470551
vn 0.10706360 0.21530590 -0.97065996
vn -0.31977792 0.75185662 0.57658798
vn 0.02439105 0.15018888 -0.98835640
vn -0.02294954 0.72508197 0.68828007
vn 0.05802899 0.28011803 -0.95821006
vn -0.10990230 0.67036706 0.73384569
vn -0.00376006 0.59455984 0.80404257
vn 0.06321645 0.80158198 0.59453344
vn 0.15204996 0.61105075 0.77685121
vn 0.08626833 0.43197835 0.89774856
vn 0.08861498 -0.07135642 -0.99350674
vn 0.10292554 -0.03073858 -0.99421400
vn 0.18485301 0.49393078 0.84962447
vn -0.04604252 -0.08728480 -0.99511881
vn 0.15208684 0.04510503 0.98733739
vn 0.08286234 -0.01390081 0.99646405
vn 0.16147109 -0.18847262 0.96871315
vn 0.05280466 -0.14587993 0.98789206
vn -0.11096011 -0.27354657 -0.95543714
vn -0.28106634 -0.44474761 -0.85041241
vn -0.05424375 -0.23882015 0.96954760
vn -0.56117817 -0.70760806 -0.42938316
vn -0.49018340 -0.55464664 -0.67237441
vn -0.33135305 -0.31420479 0.88965190
vn -0.62783591 -0.61890998 -0.47198783
vn -0.54322198 -0.83834473 0.04569458
vn -0.71414747 -0.69961179 0.02316735
vn -0.68139514 -0.73137158 0.02821828
vn -0.83204152 -0.55368444 0.03377072
vn -0.68007703 -0.71445466 -0.16446818
vn -0.59968335 -0.55266784 0.57873840
vn -0.60368140 -0.76128318 -0.23667843
vn -0.62870556 -0.76999155 -0.10882245
vn -0.73219466 -0.67243042 0.10829731
vn -0.63334217 -0.76078832 0.14169981
vn -0.81346638 -0.57940918 0.05057136
vn -0.72941684 -0.66968570 -0.13954259
vn -0.77288914 -0.62103258 -0.13023409
vn 0.91135921 -0.41136948 0.01412572
vn 0.94299542 -0.33245717 0.01522712
vn 0.91714916 -0.39762343 0.02707457
vn 0.90468338 -0.41674007 0.08874509
vn 0.94004558 -0.33717323 0.05126906
vn 0.91858268 -0.37574021 0.12257715
vn 0.89064699 -0.38261131 0.24567563
vn 0.91442789 -0.37917269 0.14159697
vn 0.86430586 -0.29225401 0.40934456
vn 0.94020023 -0.30907832 0.14315769
vn 0.93597794 -0.34679952 0.06062497
vn 0.95704695 -0.27780778 0.08296970
vn 0.94679492 -0.32043029 0.03006350
vn 0.96196489 -0.27179693 0.02738593
vn 0.94764905 -0.31801251 0.02879813
vn 0.66835363 -0.27696995 0.69035576
vn 0.98316334 0.09023529 -0.15889443
vn 0.86246211 -0.39446815 -0.31710248
vn 0.55061004 -0.17117808 0.81702304
vn 0.79568554 -0.42473684 -0.43183693
vn 0.81398643 -0.38158053 -0.43797533
vn 0.82431249 -0.38629859 -0.41386267
vn 0.74310186 -0.32106105 -0.58712812
vn 0.31347776 -0.29176926 -0.90366055
vn 0.09042590 -0.00510489 0.99589010
vn -0.09471673 0.14246417 0.98525768
vn 0.11018553 -0.20647704 -0.97222754
vn 0.09112858 -0.11561419 -0.98910512
vn 0.06031100 -0.02293905 -0.99791602
vn -0.26609065 0.26198242 0.92766426
vn -0.08258878 0.09521185 -0.99202510
vn -0.53505691 0.46930489 0.70247208
vn -0.24094403 0.25118184 -0.93747195
vn -0.54603583 0.55798500 0.62489808
vn -0.62155406 0.64204753 0.44882683
vn -0.55456738 0.70920523 0.43529641
vn -0.18704674 0.27696812 -0.94249784
vn -0.14097939 0.28142351 -0.94917102
vn -0.48668128 0.78170304 0.38997653
vn -0.55119082 0.82027880 0.15274612
vn -0.54983686 0.78089424 0.29645172
vn -0.46330007 0.88188084 0.08740264
vn -0.48472988 0.87083426 0.08175962
vn -0.43204278 0.88334987 0.18174720
vn -0.18513960 0.39083677 -0.90164846
vn -0.34935399 0.92829466 0.12736093
vn -0.40107350 0.91290155 0.07583404
vn -0.37554381 0.91996006 0.11242920
vn -0.16447202 0.66733874 -0.72636627
vn -0.32894189 0.94286433 -0.05295359
vn -0.33283214 0.94288978 0.01347693
vn -0.26993472 0.95609367 0.11410585
vn -0.23826307 0.97041991 0.03893469
vn -0.32359212 0.94602192 -0.01818440
vn -0.41108034 0.91159466 -0.00285065
vn -0.24795612 0.96627308 -0.06952762
vn -0.18256594 0.98313762 0.01049266
vn -0.20655514 0.97703391 -0.05234222
vn -0.16895986 0.98546608 0.01758331
vn -0.21934779 0.71833733 -0.66021059
vn -0.19109824 0.69712740 -0.69101002
vn -0.14190131 0.98932484 -0.03317208
vn -0.05466832 0.99771561 0.03968536
vn -0.17496345 0.70597856 -0.68628133
vn -0.25190507 0.96229326 -0.10264267
vn -0.22465755 0.97417462 -0.02264501
vn -0.15198158 0.98676322 -0.05656807
vn -0.07535299 0.99305718 0.09032923
vn -0.09128857 0.56744600 -0.81833455
vn -0.13347399 0.98785606 -0.07953045
vn -0.10665490 0.99386691 0.02921142
vn -0.08488159 0.99027442 -0.11023469
vn -0.09560041 0.97963556 0.17656369
vn -0.08375378 0.89302098 -0.44215250
vn -0.05064517 0.99804387 -0.03665385
vn -0.07837441 0.98794817 -0.13347606
vn -0.12802575 0.98989440 -0.06097939
vn -0.10950391 0.70906696 -0.69658663
vn -0.09544855 0.98698142 -0.12944981
vn -0.02740720 0.99917683 0.02990821
vn -0.06019742 0.98425100 -0.16621142
vn -0.03728656 0.99909942 0.02025018
vn -0.01109958 0.98632522 0.16443651
vn -0.09515547 0.81181186 -0.57611365
vn 0.02232327 0.99707684 -0.07307150
vn 0.00290133 0.97699779 -0.21322970
vn 0.06649801 0.99487249 0.07620193
vn 0.00787896 0.99725517 -0.07362102
vn -0.01686948 0.68302157 -0.73020337
vn 0.01607428 0.99680485 -0.07824130
vn 0.08982454 0.99366034 0.06760676
vn 0.06845208 0.99425607 -0.08227497
vn 0.03643800 0.77129683 -0.63543172
vn 0.08100729 0.95625378 0.28109878
vn 0.01207438 0.86950887 0.49376972
vn 0.01821800 0.63264472 -0.77422785
vn -0.01160905 0.96647254 0.25650742
vn -0.01233622 0.74212050 -0.67015295
vn 0.01193906 0.58275955 -0.81255693
vn -0.02155926 0.94068596 0.33859286
vn -0.06821264 0.99505754 0.07216325
vn 0.13002520 0.62377175 -0.77071541
vn 0.01762712 0.95645198 0.29135698
vn 0.03205952 0.48144390 -0.87589038
vn -0.18749936 0.91015480 0.36940795
vn 0.05750012 0.57032268 -0.81940575
vn 0.11125460 0.93055424 0.34884268
vn -0.02213133 0.88983554 0.45574435
vn 0.00413069 0.45329201 -0.89135250
vn -0.01737779 0.85487204 0.51854779
vn 0.03208527 0.96256028 0.26916211
vn 0.09608745 0.86066162 0.50002878
vn 0.07679975 0.42606130 -0.90142863
vn -0.10509161 0.30131152 -0.94771679
vn -0.06219844 0.86767212 0.49323061
vn -0.07889033 0.76910842 0.63423068
vn -0.03757811 0.79205786 0.60928830
vn 0.00035919 0.82010382 0.57221465
vn 0.08283456 0.82429423 0.56006915
vn 0.09165966 0.84638001 0.52463263
vn 0.13666802 0.82742438 0.54469326
vn -0.01516232 0.83911497 0.54374275
vn 0.02291338 0.26513580 -0.96393879
vn -0.01392130 0.15138485 -0.98837686
vn -0.05833998 0.77622453 0.62775148
vn 0.01918928 0.09586929 -0.99520895
vn 0.17688241 0.79129676 0.58528800
vn 0.21600956 0.77492596 0.59399463
vn 0.05210416 0.06890649 -0.99626154
vn 0.25915825 0.68817736 0.67767907
vn 0.15821271 0.09494378 -0.98282980
vn 0.07773369 0.19812528 -0.97708948
vn 0.07081395 0.07286732 -0.99482448
vn 0.13910224 0.33837140 0.93067468
vn 0.04635672 0.13488864 -0.98977579
vn 0.20915982 0.23399022 0.94947393
vn 0.18870612 0.00672134 0.98201060
vn -0.09581703 -0.05707190 -0.99376149
vn 0.07809062 -0.08890356 0.99297433
vn -0.00404546 -0.18676898 -0.98239553
vn 0.05538161 -0.26445029 0.96280783
vn -0.07280505 -0.22805009 -0.97092357
vn -0.13891526 -0.18123967 0.97357831
vn -0.51181406 -0.60556076 -0.60937881
vn -0.44458006 -0.29026038 0.84740632
vn -0.61672697 -0.54167378 -0.57117192
vn -0.71170714 -0.68511586 -0.15520698
vn -0.46635634 -0.52779711 -0.70988870
vn -0.68653166 -0.70993051 0.15707625
vn -0.82778519 -0.55799194 0.05845224
vn -0.95415684 -0.29059076 -0.07170584
vn -0.85280194 -0.51733148 -0.07139320
vn -0.78284850 -0.61187476 -0.11294910
vn -0.58250437 -0.73836858 -0.33985365
vn -0.76154805 -0.62321739 -0.17788946
vn -0.72719298 -0.67910940 0.10000393
vn -0.71661477 -0.57312367 0.39748274
vn -0.14453988 -0.97831130 -0.14837525
vn -0.74278389 -0.65955233 -0.11516432
vn -0.89149384 -0.10795658 0.43998194
vn -0.80419909 -0.51095261 0.30363013
vn 0.91130084 -0.34011534 0.23206107
vn 0.96010419 -0.25629327 0.11186466
vn 0.94043510 -0.31751322 0.12152027
vn 0.96196075 -0.26942776 -0.04516844
vn 0.96172019 -0.26963033 -0.04892605
vn 0.94047818 -0.33735952 -0.04110174
vn 0.95383957 -0.29879345 -0.03020846
vn 0.85891620 -0.29000180 0.42209232
vn 0.72355115 -0.33198662 0.60519305
vn 0.93288148 -0.31958761 -0.16612016
vn 0.96264595 -0.26979386 0.02289191
vn 0.43904525 -0.11526062 0.89104111
vn 0.55371204 -0.16484070 0.81622945
vn 0.44874459 -0.12622027 0.88470150
vn 0.78137844 -0.35167987 -0.51552788
vn 0.80117227 -0.34815806 -0.48673294
vn 0.83599966 -0.28599065 -0.46830963
vn 0.36126277 -0.11059743 0.92588197
vn 0.20950921 -0.06289496 0.97578180
vn 0.23376694 -0.09093007 0.96803137
vn 0.70615858 -0.27790975 -0.65123439
vn 0.07047360 -0.03137686 0.99702004
vn 0.27911486 -0.15856240 -0.94707595
vn 0.20546851 -0.01853359 -0.97848822
vn 0.17565797 -0.14510958 -0.97369784
vn -0.18632459 0.09490751 0.97789351
vn -0.03614144 0.07941474 -0.99618628
vn -0.39375561 0.36359300 0.84424917
vn -0.24160154 0.27821209 -0.92963795
vn -0.64755812 0.67984403 0.34421006
vn -0.70753156 0.65144074 0.27390520
vn -0.65357186 0.72303307 0.22375657
vn -0.59036232 0.79620141 0.13242224
vn -0.63786929 0.74844490 0.18152960
vn -0.54958601 0.81865182 0.16662660
vn -0.59834642 0.74911929 0.28425666
vn -0.23212622 0.36105000 -0.90319451
vn -0.63935113 0.75904625 0.12279626
vn -0.30337058 0.58768488 -0.75006184
vn -0.56066056 0.82788272 0.01642953
vn -0.47714272 0.80131012 0.36088353
vn -0.61062782 0.78855567 0.07289466
vn -0.45148395 0.88910200 0.07523217
vn -0.50510037 0.85020045 0.14843455
vn -0.29336721 0.71017907 -0.63998544
vn -0.21225515 0.54368170 -0.81200860
vn -0.46171032 0.88702665 -0.00270123
vn -0.51552189 0.85685279 -0.00636282
vn -0.43755315 0.89919024 0.00203969
vn -0.18993508 0.60346531 -0.77443805
vn -0.56174337 0.82565496 0.05232842
vn -0.44406953 0.89591447 -0.01181129
vn -0.41789249 0.90848791 0.00394824
vn -0.28965666 0.77932050 -0.55566050
vn -0.42725263 0.90039518 0.08212011
vn -0.43970179 0.89453189 0.08046767
vn -0.44476856 0.89525832 0.02633381
vn -0.38320748 0.92058381 0.07534905
vn -0.41711794 0.90712160 0.05606265
vn -0.26946369 0.82672286 -0.49388120
vn -0.36710867 0.92331220 -0.11280871
vn -0.36601132 0.93041269 0.01918181
vn -0.32710379 0.94473942 0.02169183
vn -0.30366168 0.90574977 -0.29564665
vn -0.41308114 0.89570787 -0.16453382
vn -0.24244224 0.96868192 -0.05363853
vn -0.22682998 0.96986695 -0.08891717
vn -0.26989767 0.96123638 -0.05639037
vn -0.12395972 0.89029746 -0.43818309
vn -0.19106685 0.90901659 -0.37038129
vn -0.06896328 0.97470446 -0.21259182
vn -0.12090486 0.99263983 0.00694174
vn -0.04420681 0.99900973 -0.00503116
vn -0.08178249 0.87810840 -0.47142048
vn 0.02743101 0.99950447 0.01543876
vn 0.02537100 0.98849895 -0.14908435
vn -0.01279929 0.95273031 -0.30354760
vn -0.05008430 0.98935990 -0.13659633
vn -0.02077588 0.83401622 -0.55134863
vn 0.00089878 0.88404834 -0.46739462
vn 0.00770856 0.98367523 -0.17978771
vn 0.09084050 0.99578750 -0.01246027
vn 0.09616967 0.99527128 -0.01365581
vn -0.08982525 0.98831421 -0.12315214
vn 0.07887175 0.98473919 -0.15513857
vn 0.06382250 0.99774191 -0.02092311
vn 0.06404074 0.99785514 0.01356132
vn 0.01209846 0.99799414 0.06213957
vn 0.00224192 0.80206474 -0.59723289
vn 0.07532751 0.99523517 0.06190902
vn 0.05085262 0.99669361 -0.06337081
vn -0.01722944 0.99549140 -0.09327394
vn -0.05129735 0.99555808 -0.07894744
vn 0.01095966 0.85440748 -0.51948797
vn 0.08560468 0.99625167 0.01242768
vn 0.00780421 0.99874626 -0.04944706
vn -0.04578489 0.99806977 -0.04195805
vn 0.01123187 0.76071369 -0.64899039
vn -0.02196611 0.99960651 -0.01744492
vn -0.05348929 0.99779950 -0.03917983
vn 0.04828368 0.84400921 -0.53415086
vn -0.08581315 0.99509649 0.04918403
vn -0.10705382 0.99356456 -0.03699918
vn 0.03548646 0.99119503 0.12756617
vn 0.01023181 0.99546433 0.09458373
vn 0.06422776 0.71228425 -0.69894630
vn -0.11076933 0.99384059 -0.00332103
vn 0.02661722 0.99902796 0.03513769
vn -0.01804661 0.99964404 -0.01964956
vn -0.06580723 0.99504483 -0.07453320
vn 0.04117852 0.99774969 -0.05291388
vn 0.01059557 0.72323685 -0.69051879
vn 0.05510191 0.99845376 -0.00733912
vn -0.00094701 0.99638978 -0.08489118
vn 0.03929174 0.65012646 -0.75880943
vn -0.00076793 0.99920189 -0.03993746
vn 0.09435019 0.99506170 -0.03082617
vn 0.04456246 0.58419257 -0.81039079
vn 0.02617365 0.99791458 -0.05900370
vn 0.11237896 0.99349066 -0.01863546
vn 0.07075516 0.99578290 -0.05839628
vn -0.05054166 0.50949411 -0.85898853
vn 0.01465716 0.99612920 -0.08667053
vn -0.04123981 0.96387770 0.26313314
vn -0.04472868 0.99745907 -0.05545038
vn 0.01342246 0.67424748 -0.73838349
vn -0.05991801 0.94712650 0.31521615
vn -0.02993986 0.94949498 0.31235058
vn -0.00902228 0.42610985 -0.90462644
vn 0.00338127 0.93513645 0.35427163
vn 0.05071240 0.58577507 -0.80888554
vn 0.00595439 0.92561565 0.37841803
vn 0.08362515 0.85972763 0.50386033
vn 0.03562050 0.37183885 -0.92761363
vn 0.07933432 0.90801936 0.41134767
vn 0.04941924 0.33289402 -0.94166836
vn -0.00523340 0.85628596 0.51647553
vn -0.13261593 0.76702908 0.62775744
vn -0.08605928 0.83540432 0.54285672
vn -0.00041038 0.29966638 -0.95404397
vn -0.07389450 0.50823865 -0.85804025
vn 0.05720892 0.78387450 0.61827818
vn -0.18397868 0.91523062 0.35847561
vn 0.03022535 0.22858456 -0.97305474
vn 0.07338291 0.86309579 0.49968050
vn 0.07635589 0.36338807 -0.92850357
vn -0.23895761 0.94687824 0.21522280
vn 0.04935102 0.19722923 -0.97911445
vn 0.01948082 0.30335111 -0.95267969
vn 0.22006353 0.84378979 0.48948016
vn 0.16108698 0.90215055 0.40021916
vn 0.16349188 0.84600123 0.50749613
vn 0.21563482 0.86169089 0.45933695
vn 0.19075352 0.70153801 0.68662764
vn 0.05117085 0.32367620 -0.94478318
vn 0.26587258 0.69230715 0.67083723
vn 0.04807598 0.20081673 -0.97844843
vn 0.22040379 0.54014638 0.81219706
vn 0.02131131 0.07302152 -0.99710265
vn 0.20283062 0.06319913 0.97717225
vn 0.29784349 0.24000879 0.92395078
vn -0.04932207 -0.00661190 -0.99876104
vn 0.15958999 0.07896412 0.98402017
vn 0.05114839 0.01193589 0.99861974
vn 0.02214218 -0.09265560 -0.99545199
vn -0.05977069 -0.06541049 0.99606673
vn -0.08291549 -0.03637169 0.99589263
vn -0.12248896 -0.06424369 0.99038841
vn -0.21394220 -0.30998330 -0.92635797
vn -0.19390898 -0.14508152 0.97023227
vn -0.38990005 -0.49553678 -0.77615801
vn -0.83791617 -0.54570570 0.01008897
vn -0.79526390 -0.56453527 -0.22103227
vn -0.51182094 -0.33626104 0.79054907
vn -0.72709995 -0.67784878 -0.10884252
vn -0.76508455 -0.64371104 0.01678492
vn -0.84457032 -0.53539238 -0.00748129
vn -0.80372444 -0.57333515 0.15910320
vn -0.78946309 -0.58981132 0.16991363
vn -0.80811569 -0.56337944 0.17190880
vn -0.74130886 -0.58901860 -0.32174254
vn -0.80550437 -0.57125450 -0.15757860
vn -0.79133815 -0.60363450 0.09700167
vn -0.88696781 -0.45188601 -0.09532650
vn -0.81105485 -0.53835124 0.22884050
vn 0.95200854 -0.30196776 0.04995220
vn 0.95952889 -0.28128123 -0.01360805
vn 0.88638572 -0.18099111 0.42610159
vn 0.91265838 -0.25526802 0.31920671
vn 0.96372911 -0.26664491 -0.01125561
vn 0.96142878 -0.25658809 -0.09908207
vn 0.73209311 -0.21320252 0.64698096
vn 0.89312343 -0.24519158 -0.37710957
vn 0.95056483 -0.23806031 -0.19938353
vn 0.96113931 -0.27357904 0.03695589
vn 0.89360877 -0.29340772 -0.33966936
vn 0.85435891 -0.26093105 -0.44942834
vn 0.32141436 -0.09909334 0.94173952
vn 0.80202550 -0.25396246 -0.54060908
vn 0.18570937 -0.10557676 0.97691636
vn 0.40662033 -0.09846788 -0.90827528
vn 0.00321573 -0.08266157 0.99657249
vn -0.05131368 -0.28325948 0.95766955
vn -0.33089443 -0.07654713 0.94055803
vn 0.10276459 -0.01659940 -0.99456719
vn -0.28994668 0.00717490 0.95701591
vn -0.03861522 0.00815230 -0.99922090
vn -0.04907428 -0.02391218 -0.99850885
vn -0.40529978 0.31512850 0.85815273
vn -0.64370593 0.52349085 0.55821144
vn -0.55596563 0.38866183 0.73474090
vn -0.09211898 0.13102793 -0.98708955
vn -0.70195879 0.55651948 0.44445463
vn -0.60159117 0.51562022 0.61010150
vn -0.27574092 0.26329954 -0.92446758
vn -0.66286705 0.72857038 0.17260498
vn -0.74227438 0.63746788 0.20655130
vn -0.75442215 0.61672935 0.22470453
vn -0.33851052 0.30764732 -0.88924898
vn -0.30181031 0.34313461 -0.88947691
vn -0.73562709 0.65119042 0.18655782
vn -0.35531968 0.46809844 -0.80909318
vn -0.62257523 0.78097582 0.04976790
vn -0.60688491 0.78589547 0.11857074
vn -0.66119485 0.73761762 0.13690001
vn -0.33616994 0.59924667 -0.72656259
vn -0.63256646 0.77446293 0.00817589
vn -0.62586639 0.77987400 0.00937058
vn -0.67355322 0.73719370 0.05358639
vn -0.36663059 0.76959243 -0.52279011
vn -0.38244328 0.76145441 -0.52337780
vn -0.51248231 0.85836469 -0.02391531
vn -0.51708617 0.85593285 -0.00092317
vn -0.58928312 0.80758443 -0.02351174
vn -0.64534860 0.76367495 0.01804872
vn -0.51409387 0.85649832 0.04602306
vn -0.46271758 0.88598948 0.03025032
vn -0.41329179 0.90317756 -0.11601809
vn -0.55069678 0.83391547 0.03630492
vn -0.30956902 0.76529548 -0.56434905
vn -0.34584004 0.84039542 -0.41728912
vn -0.46418699 0.86903741 -0.17118533
vn -0.47984191 0.81201372 -0.33224307
vn -0.48687322 0.87125353 0.06222348
vn -0.36984408 0.85549976 -0.36240241
vn -0.43732637 0.89196910 -0.11461577
vn -0.30847447 0.89147154 -0.33184634
vn 0.04515875 0.95588349 -0.29025410
vn 0.06855272 0.99764375 0.00273260
vn 0.00088787 0.89085561 -0.45428570
vn -0.01780724 0.95214227 -0.30513605
vn 0.04940805 0.99812212 0.03620885
vn -0.00716763 0.99026411 -0.13901660
vn 0.00972181 0.99921314 -0.03845241
vn -0.01516083 0.99976356 -0.01558737
vn 0.02723988 0.89823896 -0.43866246
vn -0.45986119 0.86365442 0.20646726
vn -0.01440640 0.94221866 -0.33468859
vn -0.02135572 0.98842219 -0.15021822
vn 0.01347926 0.85032283 -0.52608877
vn 0.01007771 0.96949179 -0.24491654
vn 0.04528354 0.98855217 -0.14392359
vn 0.05067084 0.99868547 0.00773332
vn 0.02624284 0.89967791 -0.43576480
vn 0.03651345 0.98078103 -0.19166463
vn 0.08295972 0.99617061 -0.02760068
vn 0.07394374 0.99278745 0.09436840
vn 0.03495070 0.99938039 0.00415749
vn 0.07084517 0.99482968 0.07276588
vn 0.02593105 0.81791414 -0.57475563
vn -0.01066784 0.91985707 -0.39210861
vn 0.03290800 0.95809730 -0.28454635
vn 0.04173997 0.99905836 -0.01183924
vn -0.03239578 0.80817727 -0.58804763
vn 0.05127483 0.95907709 -0.27846369
vn -0.02490571 0.99907403 0.03508256
vn -0.01147435 0.99988961 0.00943921
vn -0.06633874 0.99768199 0.01515982
vn 0.01067607 0.99978204 0.01794166
vn 0.00131641 0.86893564 -0.49492334
vn -0.01049354 0.99994211 -0.00238136
vn 0.06987541 0.99645815 -0.04678239
vn 0.07098375 0.99729320 0.01917220
vn 0.03692680 0.82349306 -0.56612330
vn -0.04211240 0.85961486 -0.50920412
vn 0.02423710 0.99825969 -0.05376015
vn 0.07270389 0.99359425 -0.08651368
vn 0.04268531 0.73975731 -0.67151849
vn -0.05052894 0.99573999 -0.07712780
vn -0.04581429 0.99825894 0.03715015
vn -0.03468776 0.98564208 -0.16524666
vn 0.08822216 0.98874328 0.12084527
vn 0.06784405 0.86289945 -0.50080107
vn -0.07317207 0.99134974 -0.10895656
vn -0.09045325 0.97344770 -0.21028023
vn 0.00420137 0.98654191 -0.16345460
vn 0.26837486 0.96258953 -0.03736742
vn 0.16063377 0.62940043 -0.76029723
vn -0.09708603 0.98024206 -0.17233630
vn -0.00645036 0.99758903 0.06909790
vn -0.20835709 0.97802023 -0.00798385
vn -0.15070742 0.98812503 -0.02993650
vn -0.10896234 0.98719342 -0.11651767
vn -0.12430607 0.97450785 -0.18676844
vn -0.13578286 0.96589373 -0.22048201
vn 0.08712261 0.93642029 0.33989218
vn 0.28335086 0.54369004 -0.79000850
vn -0.12823576 0.98943054 -0.06769641
vn -0.01024491 0.91174971 0.41061846
vn 0.03414299 0.98227302 0.18432029
vn -0.05568230 0.99260485 -0.10786605
vn -0.13314792 0.97397317 -0.18343360
vn -0.08316027 0.99653459 0.00178374
vn 0.02459097 0.99952264 0.01870231
vn -0.04312552 0.98996311 -0.13458542
vn 0.04268969 0.99709164 -0.06313362
vn -0.16786351 0.95918113 -0.22758166
vn -0.01236416 0.41387948 -0.91024772
vn -0.16933304 0.98443936 -0.04696240
vn -0.30532418 0.90964120 0.28165587
vn -0.15983352 0.98681178 -0.02560767
vn -0.20694702 0.97572439 0.07165784
vn -0.09673150 0.99521092 -0.01407980
vn -0.44289037 0.89538035 0.04628333
vn -0.27867562 0.94865098 0.14967035
vn -0.11057113 0.99386819 0.00023259
vn -0.21486996 0.96431630 -0.15467697
vn -0.33772251 0.94113527 0.01441886
vn 0.08283667 0.51758866 -0.85161028
vn 0.05159801 0.99477895 -0.08804821
vn -0.13820271 0.98916899 -0.04944409
vn 0.08733847 0.99611667 -0.01111631
vn 0.18649624 0.98229082 -0.01799725
vn 0.26689434 0.92227622 0.27959612
vn 0.30067261 0.94193319 0.14952540
vn 0.00532807 0.37972316 -0.92508483
vn 0.31876185 0.85540078 0.40826509
vn 0.04461913 0.38879291 -0.92024410
vn 0.05483965 0.32062993 -0.94561570
vn 0.79697553 0.44242307 0.41120777
vn 0.39665803 0.73973842 0.54355265
vn 0.10167425 0.35527841 -0.92921451
vn 0.01341422 -0.03705256 -0.99922328
vn 0.07740245 -0.02407227 -0.99670928
vn 0.06403875 0.06711945 0.99568771
vn -0.01592130 -0.14050920 -0.98995135
vn 0.03882052 -0.23250664 -0.97181975
vn -0.40367738 -0.33644678 -0.85079265
vn -0.28470193 -0.24492799 0.92679830
vn -0.48568779 -0.46875763 -0.73781682
vn -0.40042281 -0.38119343 -0.83327855
vn -0.44955806 -0.27230668 0.85073299
vn -0.48369451 -0.66179516 -0.57277114
vn -0.52211480 -0.72883900 -0.44293323
vn -0.75847826 -0.62868129 0.17166993
vn -0.81300750 -0.56627460 0.13546912
vn -0.80821257 -0.58794837 0.03330397
vn -0.76974747 -0.63682637 0.04405688
vn -0.84635098 -0.52839991 -0.06695932
vn -0.82084314 -0.55426769 -0.13785454
vn -0.79592063 -0.51156900 -0.32373988
vn -0.72069767 -0.57926836 -0.38084516
vn -0.70483977 -0.70936565 0.00113213
vn -0.73096245 -0.66724816 0.14308667
vn -0.68456362 -0.71990732 0.11448189
vn -0.78273132 -0.58454191 -0.21364088
vn -0.79997635 -0.59838428 -0.04443081
vn 0.97383112 -0.21090379 -0.08469083
vn 0.98284558 -0.18378046 -0.01546977
vn 0.97275423 -0.22719739 0.04615803
vn 0.90198969 -0.20585440 0.37952412
vn 0.81423708 -0.15614196 0.55914011
vn 0.72185019 -0.14849787 0.67592950
vn 0.96607355 -0.24190515 0.09046436
vn 0.97337092 -0.20550655 -0.10156828
vn 0.96030829 -0.25615627 0.11041716
vn 0.96233490 -0.25623984 0.09084427
vn 0.97009311 -0.24189645 0.02013607
vn 0.67686920 -0.16812694 0.71664595
vn 0.89031913 -0.29394948 -0.34774351
vn 0.86036005 -0.27765048 -0.42742345
vn 0.44972733 -0.10482145 0.88699368
vn 0.30036730 -0.09370650 0.94920945
vn 0.53032323 -0.16554266 -0.83147634
vn 0.11093065 -0.11243528 0.98744757
vn 0.12212556 -0.08103529 0.98920101
vn -0.18899392 0.07902224 0.97879354
vn -0.44353909 0.15291222 0.88311434
vn -0.10974809 0.12348105 -0.98625949
vn -0.58330378 0.35051912 0.73272986
vn -0.44259468 0.50993842 0.73761288
vn -0.06823431 0.20272902 -0.97685466
vn -0.14464906 0.17433920 -0.97400333
vn -0.19597790 0.19150153 -0.96172752
vn -0.73166008 0.50776269 0.45480829
vn -0.74653920 0.46008865 0.48062216
vn -0.74436376 0.60463385 0.28344402
vn -0.81717016 0.51765285 0.25351224
vn -0.81747713 0.52201743 0.24336999
vn -0.81627913 0.50831451 0.27441709
vn -0.31048935 0.27068482 -0.91122231
vn -0.76678102 0.62697734 0.13764548
vn -0.81673482 0.54451371 0.19091638
vn -0.43655233 0.43896494 -0.78532277
vn -0.70645945 0.70761299 0.01410313
vn -0.71609627 0.69794727 0.00870295
vn -0.67760184 0.73520250 -0.01824897
vn -0.75059185 0.65665490 0.07359495
vn -0.50145049 0.58604915 -0.63646980
vn -0.55471993 0.51961221 -0.64983763
vn -0.66609175 0.54079362 -0.51367698
vn -0.61387271 0.78756958 -0.05380004
vn -0.70627295 0.70712959 -0.03385652
vn -0.66278552 0.74839017 0.02505006
vn -0.72131807 0.69258317 -0.00536647
vn -0.65897056 0.75214650 -0.00578286
vn -0.43838609 0.64725304 -0.62360335
vn -0.55956897 0.76920521 -0.30855456
vn -0.45125161 0.74171334 -0.49621901
vn -0.61446743 0.78833191 0.03102534
vn -0.59337851 0.80435931 0.03013363
vn -0.67173876 0.74076130 -0.00630414
vn -0.59126403 0.80642555 -0.00920172
vn -0.42080253 0.87568790 -0.23684580
vn -0.47217461 0.85711164 -0.20593874
vn -0.62962070 0.77628121 -0.03106847
vn 0.05018117 0.98935922 -0.13656569
vn 0.02789987 0.96854532 -0.24726821
vn -0.03942988 0.99519564 -0.08961546
vn 0.04993469 0.98625525 -0.15750272
vn -0.03782938 0.91063221 -0.41148257
vn -0.08506591 0.97170414 -0.22035168
vn -0.07627147 0.99432996 -0.07409861
vn -0.05822540 0.94392618 -0.32498181
vn -0.06057954 0.99814449 -0.00614049
vn -0.02503656 0.91693467 -0.39825115
vn -0.10698495 0.98285584 -0.15016199
vn -0.05498386 0.99570218 -0.07452479
vn 0.05943246 0.97054787 -0.23346222
vn -0.10214537 0.98080063 -0.16612180
vn -0.09443079 0.98088534 -0.17013754
vn 0.10894444 0.65830199 -0.74482857
vn 0.04533394 0.92987523 -0.36507107
vn 0.05067930 0.98635565 -0.15663377
vn -0.06578901 0.99759810 0.02167589
vn 0.47099113 0.81573362 -0.33577674
vn 0.08270883 0.99621453 -0.02675565
vn 0.00432864 0.99691556 0.07836214
vn -0.20042185 0.97560054 0.08963628
vn -0.12065152 0.95118951 -0.28404530
vn -0.00389145 0.56932331 -0.82210451
vn -0.03346320 0.89225510 -0.45028997
vn 0.03616017 0.98111668 0.19000660
vn -0.05771787 0.99394602 0.09348773
vn -0.02606075 0.79939027 -0.60024664
vn -0.07866190 0.92837898 -0.36321451
vn 0.07608439 0.98841426 0.13133324
vn 0.05877252 0.98697515 0.14975261
vn -0.17328797 0.98299885 -0.06070040
vn -0.04843631 0.71393476 -0.69853495
vn -0.00528312 0.98983901 0.14209444
vn -0.00319055 0.99982511 -0.01842734
vn -0.04254939 0.99566824 -0.08266986
vn -0.34143004 0.90909608 0.23868356
vn 0.02451117 0.88522510 -0.46451666
vn 0.04431312 0.98203457 0.18342424
vn 0.07459105 0.70376792 -0.70650329
vn 0.04216141 0.98002522 0.19435272
vn 0.06974999 0.97600908 0.20625522
vn 0.01952280 0.99556924 0.09198228
vn 0.02903115 0.99747920 0.06474898
vn 0.11722838 0.70428244 -0.70017409
vn 0.12335252 0.97099933 0.20480348
vn 0.11081067 0.98566914 0.12719018
vn 0.03802961 0.47606396 -0.87858799
vn 0.08286291 0.80112414 -0.59273421
vn 0.16241155 0.96355528 0.21256462
vn 0.17139642 0.98317764 0.06312679
vn 0.25110933 0.95486773 0.15865602
vn 0.27318229 0.96194637 0.00553428
vn 0.00295906 0.51840921 -0.85512756
vn 0.30969583 0.94788655 0.07483041
vn 0.30710438 0.94843248 -0.07850302
vn 0.31344118 0.94946811 0.01627713
vn 0.30525858 0.95226949 0.00009211
vn 0.33619453 0.93935852 -0.06766694
vn 0.37015450 0.91801186 0.14226686
vn 0.39200483 0.88884626 0.23724363
vn 0.34657226 0.86469521 0.36357924
vn 0.30756559 0.89275424 0.32923134
vn 0.41723913 0.78400522 0.45961650
vn 0.38770102 0.64664879 0.65691191
vn 0.37811008 0.44853295 0.80984626
vn 0.45172021 0.77039223 0.44993851
vn 0.11854023 0.31739031 -0.94085685
vn 0.13732576 0.37168103 -0.91814751
vn 0.05721199 0.22594404 -0.97245878
vn 0.45332410 0.55869579 0.69451873
vn 0.35198309 0.41108944 0.84090034
vn 0.06748638 0.18037571 -0.98127987
vn 0.65754622 0.24632014 0.71201078
vn 0.17274024 0.22765400 0.95829769
vn 0.02231330 0.00565663 0.99973502
vn -0.08398161 -0.09442908 0.99198298
vn -0.09124278 -0.08046735 -0.99257230
vn -0.36998893 -0.14801486 -0.91716945
vn -0.38062851 -0.24733437 0.89103740
vn -0.35905779 -0.38541349 -0.85001997
vn -0.69299922 -0.69214068 0.20172596
vn -0.77917390 -0.57429377 -0.25114676
vn -0.63716762 -0.36092787 0.68099082
vn -0.41324817 -0.35070963 -0.84037415
vn -0.76013340 -0.64846121 0.04117361
vn -0.77370672 -0.62382383 0.11055198
vn -0.74251412 -0.65364434 0.14636206
vn -0.74546965 -0.65657832 0.11480382
vn -0.76564556 -0.63579122 -0.09775681
vn -0.80707343 -0.50583256 -0.30457493
vn -0.80817208 -0.54917522 -0.21275446
vn -0.84445783 -0.52913615 0.08310185
vn -0.66852373 -0.53097217 0.52071546
vn -0.80569219 -0.58825979 0.06935792
vn -0.79423899 -0.58984381 0.14583792
vn -0.82372223 -0.56442356 0.05392351
vn -0.82231587 -0.44226864 0.35804339
vn 0.98401020 -0.16649949 0.06326013
vn 0.97290643 -0.20205144 0.11237570
vn 0.97453675 -0.19371864 0.11292122
vn 0.95282456 -0.22457005 0.20419022
vn 0.87470603 -0.16625625 0.45524523
vn 0.82058403 -0.15591268 0.54984823
vn 0.98076853 -0.17660014 -0.08309922
vn 0.97527160 -0.20155782 -0.09066281
vn 0.98888980 -0.13786415 -0.05559176
vn 0.58090906 -0.14436560 0.80106382
vn 0.65572166 -0.10925334 0.74705609
vn 0.93938230 -0.23176658 -0.25267597
vn 0.97552306 -0.20541161 -0.07849096
vn 0.95720867 -0.23245796 0.17238001
vn 0.87100140 -0.31172205 -0.37971821
vn 0.35400903 -0.09329277 0.93057728
vn 0.82460614 -0.24176328 -0.51144426
vn 0.75292000 -0.21740898 -0.62116408
vn 0.59525061 -0.18141384 -0.78279354
vn 0.18144680 -0.06592816 0.98118833
vn 0.28456861 -0.09094535 -0.95433204
vn -0.04267517 -0.06054160 0.99725300
vn 0.04750035 0.11549657 -0.99217149
vn -0.40907604 0.04609842 0.91133513
vn -0.08654304 0.11486158 -0.98960453
vn -0.55927540 0.13118325 0.81853649
vn -0.69120629 0.46117241 0.55637566
vn -0.64588660 0.30923827 0.69799871
vn -0.27344467 0.22858444 -0.93433247
vn -0.80696768 0.50103289 0.31268068
vn -0.81390915 0.48752167 0.31602932
vn -0.85366131 0.46303174 0.23846166
vn -0.83314282 0.48599732 0.26396904
vn -0.26749937 0.33135173 -0.90479286
vn -0.29850856 0.27240862 -0.91470552
vn -0.89949608 0.43523189 0.03847069
vn -0.84374004 0.51649851 0.14605489
vn -0.84017031 0.48824673 0.23606989
vn -0.49956260 0.40707085 -0.76467675
vn -0.66910982 0.52783555 -0.52314595
vn -0.76833362 0.63972302 0.02044256
vn -0.80232985 0.59679793 -0.00995201
vn -0.82189252 0.56897396 0.02759192
vn -0.72303865 0.56973126 -0.39066790
vn -0.67939527 0.52151890 -0.51617837
vn -0.74293411 0.66918087 0.01568023
vn -0.76288539 0.64649545 -0.00703688
vn -0.76329766 0.64492734 -0.03801851
vn -0.76253721 0.64642251 -0.02597968
vn -0.73638736 0.46519169 -0.49125385
vn -0.52469532 0.75461447 -0.39402007
vn -0.64999957 0.70580226 -0.28168020
vn -0.63487952 0.75484622 -0.16472759
vn -0.71780359 0.68471381 -0.12619432
vn -0.75187295 0.65921429 -0.01111696
vn -0.67881235 0.73219653 0.05569598
vn 0.02621541 0.96897438 -0.24576697
vn 0.01702922 0.98921478 -0.14547897
vn -0.04839781 0.95275940 -0.29984525
vn -0.01514404 0.94152872 -0.33659222
vn 0.00273560 0.97947766 -0.20153421
vn 0.08083916 0.99533090 0.05273925
vn 0.07780913 0.94920090 -0.30489898
vn 0.04503611 0.99749686 -0.05451395
vn 0.11254047 0.90223793 -0.41629481
vn 0.07673548 0.99564059 -0.05302343
vn 0.12399925 0.83805627 -0.53130583
vn 0.14703041 0.90885800 -0.39033216
vn 0.15982821 0.95358401 -0.25521065
vn 0.12682226 0.99152118 0.02831737
vn 0.17072673 0.96881468 0.17958422
vn 0.25080007 0.94188805 0.22348651
vn 0.21401693 0.92409882 0.31660404
vn 0.23868221 0.94223548 0.23499598
vn 0.07253556 0.70000951 -0.71044020
vn 0.28962045 0.93981655 0.18128666
vn 0.33664287 0.92768727 0.16145557
vn 0.30686545 0.94764044 0.08838092
vn 0.07128993 0.67117040 -0.73786722
vn 0.37503951 0.91679164 0.13725327
vn 0.32073694 0.94684862 0.02460720
vn 0.11675606 0.65385253 -0.74755929
vn 0.07220500 0.82295578 -0.56349820
vn 0.39368579 0.91048780 0.12658380
vn 0.35901004 0.92817236 0.09801974
vn 0.35748287 0.93207998 -0.05859103
vn 0.37607241 0.92648333 -0.01407755
vn 0.39675071 0.91791674 -0.00421210
vn 0.51536534 0.85543398 -0.05129588
vn 0.38970482 0.89972162 0.19654813
vn 0.37997437 0.85795535 0.34573415
vn 0.11574481 0.44054941 -0.89023556
vn 0.47450613 0.84456862 0.24808826
vn 0.49417047 0.63154522 0.59744973
vn 0.19277380 0.46184029 -0.86576082
vn 0.50512509 0.74265885 0.43966632
vn 0.19572840 0.40265673 -0.89418004
vn 0.53622563 0.63170307 0.55983328
vn 0.23425119 0.34259155 -0.90981175
vn 0.45484005 0.52834340 0.71691965
vn 0.21274978 0.24908341 0.94482537
vn 0.17145289 0.15987972 -0.97213290
vn 0.14907949 0.07409439 0.98604530
vn -0.34919032 -0.16273985 -0.92281193
vn -0.12330921 -0.24263291 0.96224950
vn -0.54208637 -0.33903552 0.76889355
vn -0.49054771 -0.30300502 -0.81703788
vn -0.71374601 -0.67863721 0.17325753
vn -0.77341438 -0.63390073 0.00025187
vn -0.76747300 -0.58737362 -0.25686072
vn -0.83073399 -0.31673187 0.45777937
vn -0.63868127 -0.34472847 0.68793061
vn -0.66595950 -0.53081241 -0.52415278
vn -0.87469104 -0.48074610 -0.06163415
vn -0.79453011 -0.60668097 0.02569242
vn -0.77492750 -0.63023620 0.04785094
vn -0.81655606 -0.57717649 -0.01017297
vn -0.79204546 -0.59679721 0.12844095
vn -0.73280374 -0.65916928 0.16880326
vn -0.83812047 -0.52755256 -0.13871691
vn -0.90555683 -0.32778903 0.26929758
vn -0.78537428 -0.61719692 0.04748908
vn 0.98465167 -0.17135685 -0.03313477
vn 0.97199864 -0.17958613 0.15155023
vn 0.80747017 -0.14083429 0.57285044
vn 0.74492572 -0.14973685 0.65012657
vn 0.97345029 -0.20575364 0.10029937
vn 0.98104661 -0.18917822 -0.04194230
vn 0.96791334 -0.22460885 0.11267048
vn 0.97049134 -0.23162311 0.06706191
vn 0.97942895 -0.20147522 -0.01125473
vn 0.99097694 -0.11526293 -0.06840445
vn 0.95581166 -0.16355300 -0.24428363
vn 0.85654053 -0.20946202 -0.47166088
vn 0.91477890 -0.18056720 -0.36135169
vn 0.77942570 -0.13615160 -0.61152132
vn 0.23240535 -0.07447450 0.96976353
vn 0.48162910 -0.11190719 -0.86920089
vn 0.06671841 -0.07353178 0.99505866
vn 0.03907197 0.04625578 -0.99816521
vn -0.59290122 0.12650763 0.79527603
vn -0.30386304 -0.00369624 0.95270855
vn -0.07003337 0.08728288 -0.99371879
vn -0.18761054 0.12628219 -0.97409193
vn -0.21640664 0.18360535 -0.95888333
vn -0.76172398 0.28658478 0.58107292
vn -0.76142723 0.45860811 0.45815628
vn -0.80291602 0.36137122 0.47406404
vn -0.87173526 0.41651957 0.25804860
vn -0.83201113 0.43970939 0.33825011
vn -0.84608531 0.50389155 0.17387624
vn -0.86776482 0.46055992 0.18673182
vn -0.50182753 0.47231662 -0.72462828
vn -0.78527728 0.61914214 0.00161285
vn -0.85152012 0.52026012 -0.06513747
vn -0.88057459 0.47113583 -0.05118024
vn -0.89454488 0.44561951 0.03482397
vn -0.72126272 0.56435192 -0.40160552
vn -0.73567939 0.59602404 -0.32176261
vn -0.67820011 0.65508887 -0.33302130
vn -0.78820051 0.61381238 0.04443333
vn -0.79857951 0.60168046 0.01585546
vn -0.78814027 0.61493329 -0.02630508
vn -0.73804895 0.64181775 -0.20821559
vn -0.78407661 0.61907375 -0.04440231
vn 0.19786908 0.97684942 -0.08132059
vn 0.21619122 0.97380167 -0.07051009
vn 0.23505499 0.96695932 0.09868550
vn 0.20334385 0.94046934 -0.27233930
vn 0.16016692 0.98649529 -0.03425795
vn 0.09765926 0.85170584 -0.51483962
vn 0.18361743 0.84261304 -0.50624886
vn 0.12489638 0.92219294 -0.36600692
vn 0.22077756 0.97524503 0.01242604
vn 0.30416361 0.95246309 -0.01727871
vn 0.31105083 0.94877226 0.05548488
vn 0.41124538 0.90335957 0.12173217
vn 0.45139471 0.87416280 0.17911506
vn 0.16877803 0.64231766 -0.74762424
vn 0.41276917 0.90918171 0.05486562
vn 0.45481901 0.88402908 0.10785293
vn 0.57912454 0.81394914 0.04584282
vn 0.28938043 0.65838701 -0.69482768
vn 0.56114316 0.82771809 -0.00105985
vn 0.55643876 0.82673484 0.08297833
vn 0.53304046 0.77559442 0.33811413
vn 0.54380885 0.76842072 0.33734483
vn 0.57191302 0.69764871 0.43151105
vn 0.38419950 0.49661316 -0.77830978
vn 0.50659654 0.56890193 0.64785071
vn 0.39335550 0.41982652 0.81793468
vn 0.36143366 0.31371020 -0.87803850
vn 0.13214537 0.16120620 0.97803382
vn 0.15064676 0.04095971 -0.98773876
vn -0.01781975 0.01825923 0.99967448
vn -0.06817018 0.16072387 0.98464240
vn -0.11679711 -0.02243536 0.99290236
vn -0.14533487 -0.00910978 -0.98934058
vn -0.32236750 -0.19616316 -0.92606652
vn -0.16198555 -0.17307947 0.97149584
vn -0.35513981 -0.22504713 0.90731995
vn -0.42088892 -0.21067037 -0.88230976
vn -0.73732103 -0.67163300 0.07257282
vn -0.73726507 -0.67108650 -0.07799438
vn -0.54766946 -0.33814434 0.76532122
vn -0.69828899 -0.43251495 -0.57037119
vn -0.83756499 -0.54584698 -0.02315088
vn -0.80263664 -0.58867783 0.09608766
vn -0.82390436 -0.56057045 0.08332097
vn -0.83711352 -0.48151595 -0.25958304
vn -0.84157228 -0.52097596 -0.14261889
vn -0.86751052 -0.49381089 0.05980219
vn -0.70382448 -0.65937036 -0.26431389
vn -0.86318125 -0.50392343 0.03129373
vn -0.88762500 -0.45775365 0.05082777
vn -0.90182536 -0.43032730 0.03910811
vn 0.98912458 -0.12248433 0.08142576
vn 0.94037453 -0.12531450 0.31621514
vn 0.98073674 -0.16523588 0.10417553
vn 0.98062352 -0.18671463 0.05928870
vn 0.65144192 -0.15230599 0.74325387
vn 0.94591721 -0.16913836 -0.27682639
vn 0.91897263 -0.11990674 -0.37564833
vn 0.42836497 -0.12845353 0.89442895
vn 0.88041195 -0.00577883 -0.47417445
vn 0.66468854 -0.12811450 -0.73605422
vn 0.28235209 -0.09376166 0.95471778
vn 0.37771508 -0.06938824 -0.92331825
vn 0.01683525 -0.04807198 0.99870199
vn 0.16587454 -0.01424926 -0.98604391
vn -0.23764958 -0.02487321 0.97103244
vn -0.51234981 0.04769224 0.85745153
vn -0.04283597 0.07324587 -0.99639356
vn -0.14874429 0.09997185 -0.98380931
vn -0.85428070 0.31635785 0.41245872
vn -0.33725868 0.18828130 -0.92239185
vn -0.77810551 0.54314469 0.31550856
vn -0.82801614 0.42734132 0.36299953
vn -0.40745099 0.28808704 -0.86659653
vn -0.52071777 0.42043693 -0.74302476
vn -0.51082735 0.43260182 -0.74290719
vn -0.87001112 0.49007350 -0.05393156
vn -0.90956680 0.40696443 -0.08407251
vn -0.73627152 0.53513503 -0.41416755
vn -0.66256591 0.53511238 -0.52408125
vn -0.77569600 0.55396696 -0.30235131
vn -0.79969891 0.60011990 0.01837843
vn -0.82063545 0.57143081 -0.00492780
vn -0.85430107 0.51976758 -0.00336662
vn -0.78282078 0.62180326 -0.02350177
vn -0.85491219 0.51639399 -0.04962253
vn -0.71090667 0.62898328 -0.31462954
vn -0.73853542 0.63536331 -0.22556353
vn -0.77362419 0.62390593 -0.11066612
vn 0.12632809 0.98947992 -0.07050325
vn 0.15678937 0.95988308 -0.23246842
vn 0.30767627 0.95118271 -0.02422336
vn 0.16315359 0.97840729 -0.12688612
vn 0.53010174 0.83814500 0.12847221
vn 0.32108756 0.80594051 -0.49735569
vn 0.31690378 0.94070031 -0.12105751
vn 0.53056196 0.84503102 0.06653253
vn 0.54824712 0.80772706 0.21679963
vn 0.31113874 0.89896594 -0.30830654
vn 0.57870893 0.81339310 0.05905625
vn 0.63474557 0.77085393 0.05368682
vn 0.67833017 0.73475475 0.00190984
vn 0.65608466 0.75388514 0.03478662
vn 0.74232790 0.66951607 0.02641077
vn 0.62337793 0.76653203 0.15436513
vn 0.55620019 0.77147450 0.30897967
vn 0.34210454 0.53592108 -0.77185043
vn 0.42547523 0.62638317 -0.65315768
vn 0.70639421 0.64773041 0.28539891
vn 0.31285395 0.28878414 -0.90483486
vn 0.57169562 0.53338224 0.62343204
vn 0.30112956 0.36255411 -0.88197251
vn 0.19539953 0.21097733 0.95776176
vn 0.06367363 0.16943461 -0.98348237
vn 0.12585765 0.11417688 0.98545598
vn -0.02368490 -0.03485295 0.99911175
vn -0.38503202 -0.02544983 -0.92255225
vn -0.23005227 -0.02261042 -0.97291558
vn -0.22631509 -0.16927430 0.95923287
vn -0.38654118 -0.32144303 0.86444219
vn -0.34609714 -0.29866258 -0.88939161
vn -0.52548460 -0.35210894 0.77452258
vn -0.88273111 -0.46843241 0.03683553
vn -0.80064069 -0.59882647 0.01952813
vn -0.78462187 -0.61731198 -0.05739726
vn -0.81618740 -0.54455605 -0.19312387
vn -0.84925437 -0.45374516 0.26996732
vn -0.83851480 -0.54144439 -0.06108116
vn -0.85913944 -0.50753435 0.06548518
vn -0.83582432 -0.51223172 0.19752562
vn -0.84541788 -0.53382447 -0.01732172
vn -0.80899889 -0.53474082 -0.24407592
vn -0.82504626 -0.56326698 0.04504411
vn 0.98219056 -0.10615509 0.15502514
vn 0.99085029 -0.09176617 0.09896808
vn 0.99481044 -0.09791658 -0.02765020
vn 0.99102690 -0.13095089 0.02678696
vn 0.99127561 -0.12592891 -0.03891763
vn 0.99164934 -0.10365511 -0.07672810
vn 0.99374335 -0.10691642 -0.03229609
vn 0.91754046 -0.07742422 0.39003203
vn 0.71415135 -0.15059941 0.68359905
vn 0.98028965 -0.19360892 0.03934194
vn 0.48132209 -0.15477885 0.86277028
vn 0.56791004 -0.19060993 0.80071595
vn 0.76045245 -0.10194817 -0.64134129
vn 0.32054947 -0.12217400 0.93931973
vn 0.23174616 -0.10068375 0.96755181
vn 0.70286208 -0.06315390 -0.70851710
vn 0.57975444 -0.09095457 -0.80969875
vn 0.19657016 -0.09577889 0.97580048
vn 0.35502632 -0.08672938 -0.93082454
vn 0.15389040 -0.15977133 0.97508506
vn 0.00133041 -0.00838563 -0.99996395
vn -0.05740447 -0.01184755 -0.99828070
vn -0.30922915 0.02473783 0.95066575
vn -0.75035536 0.19662557 0.63111427
vn -0.90667019 0.01659087 0.42151383
vn -0.34632024 0.14900381 -0.92620740
vn -0.43465620 0.14351514 -0.88908796
vn -0.89916098 0.39171787 0.19510677
vn -0.91373190 0.34986251 0.20661615
vn -0.73913912 0.52804867 -0.41813629
vn -0.65130931 0.50102600 -0.56988519
vn -0.77113894 0.57352309 -0.27643444
vn -0.90743702 0.41695547 -0.05202111
vn -0.94081501 0.32863967 -0.08284372
vn -0.93114660 0.34282700 -0.12424031
vn -0.93465872 0.34320457 -0.09286385
vn -0.92723961 0.36744683 0.07217706
vn -0.75988428 0.59368177 -0.26479772
vn -0.81307394 0.55702194 -0.16922570
vn -0.85372553 0.51785442 -0.05458504
vn 0.44142432 0.89102523 -0.10591794
vn 0.42681593 0.76580412 -0.48101165
vn 0.51679130 0.80481988 -0.29187619
vn 0.60004558 0.79843531 -0.04946073
vn 0.56779072 0.82219934 0.04002423
vn 0.52325570 0.72578725 -0.44658296
vn 0.40996904 0.90638568 -0.10193324
vn 0.54299495 0.83441363 -0.09439474
vn 0.59742750 0.80142405 0.02828199
vn 0.65973604 0.75148263 0.00471459
vn 0.65772157 0.75322786 0.00708046
vn 0.63817201 0.75753075 0.13741782
vn 0.59990979 0.77157286 0.21162128
vn 0.67926269 0.69234903 0.24342353
vn 0.37310606 0.44939386 -0.81168776
vn 0.57816713 0.68345987 -0.44565164
vn 0.74173708 0.62804064 0.23535304
vn 0.74744023 0.57191930 0.33799617
vn 0.46798928 0.57840820 -0.66815417
vn 0.35141178 0.40359395 -0.84476132
vn 0.21506439 0.26216326 -0.94075381
vn 0.38138501 0.22566246 0.89644962
vn 0.21621019 0.24198313 -0.94588441
vn 0.26226252 0.10546560 0.95921602
vn 0.12707531 0.04433151 0.99090190
vn -0.09962557 -0.07420059 0.99225451
vn -0.23568395 -0.22477537 -0.94547824
vn -0.37436940 -0.34046273 0.86251532
vn -0.46579362 -0.52176352 -0.71470213
vn -0.73195106 -0.43775245 0.52213066
vn -0.63289371 -0.42921418 -0.64437624
vn -0.80357312 -0.46128274 -0.37614955
vn -0.84308043 -0.52305314 0.12502319
vn -0.86388807 -0.49758150 0.07816681
vn -0.89339775 -0.44873695 0.02180858
vn -0.87672236 -0.48095501 0.00633919
vn -0.87225504 -0.48700703 -0.04466869
vn -0.88550431 -0.44954805 -0.11742511
vn -0.89859991 -0.43876675 -0.00139686
vn -0.75535680 -0.42010421 0.50293992
vn -0.93242810 -0.32929691 -0.14879982
vn 0.99586090 -0.08399010 -0.03473809
vn 0.99207101 -0.12540499 0.00828812
vn 0.99349145 -0.11000908 0.02954220
vn 0.92238275 0.09530652 0.37433504
vn 0.97374659 -0.06791205 0.21726832
vn 0.98970299 -0.14300761 0.00606727
vn 0.98930020 -0.13726520 0.04943050
vn 0.99560401 -0.09352349 -0.00510042
vn 0.89242539 -0.10344519 0.43917652
vn 0.99009708 -0.10292971 -0.09546335
vn 0.99641829 -0.05959843 0.05998849
vn 0.90752668 -0.10102590 -0.40766297
vn 0.77998935 -0.06503763 -0.62240399
vn 0.33683976 -0.11514873 0.93449438
vn 0.21186912 -0.06650911 0.97503231
vn 0.72727496 -0.07089719 -0.68267468
vn 0.01309072 -0.05317849 0.99849921
vn 0.26396864 -0.04583805 -0.96344145
vn 0.13416179 -0.04295084 -0.99002820
vn -0.22758307 -0.07643727 0.97075398
vn -0.42609918 0.10823205 0.89817889
vn -0.54846312 0.02393031 0.83583225
vn -0.08622431 0.05024410 -0.99500799
vn -0.75348709 0.16229116 0.63711756
vn -0.22031699 0.08371792 -0.97182907
vn -0.97742087 0.11018782 0.18029723
vn -0.97043324 -0.02710137 0.23984338
vn -0.59119237 0.20941052 -0.77887022
vn -0.93106187 0.22743292 0.28530344
vn -0.92382029 0.18649524 0.33432856
vn -0.58245460 0.34843996 -0.73439514
vn -0.89043241 0.33940877 0.30320259
vn -0.78604040 0.44312636 -0.43102149
vn -0.67099597 0.47977550 -0.56531396
vn -0.79561149 0.51799935 -0.31413219
vn -0.82944814 0.48311087 -0.28039201
vn -0.92120943 0.37800451 -0.09211830
vn -0.94424843 0.31039744 -0.10976492
vn -0.95500806 0.29167122 -0.05373543
vn -0.82418662 0.50214260 -0.26185728
vn -0.77990478 0.57452033 -0.24834437
vn -0.87658096 0.46025829 -0.14059918
vn -0.92264851 0.38040531 -0.06333667
vn 0.58600927 0.71053987 -0.38952051
vn 0.60660103 0.78837924 -0.10243710
vn 0.62670489 0.77879100 -0.02693623
vn 0.65171543 0.75840843 -0.00914626
vn 0.64845982 0.76120256 0.00839767
vn 0.60247801 0.70997492 -0.36463113
vn 0.62403659 0.73553549 -0.26375346
vn 0.63817629 0.75644563 -0.14325166
vn 0.64896430 0.76080525 -0.00454946
vn 0.70142922 0.71272996 -0.00361234
vn 0.73719509 0.66721957 0.10659010
vn 0.79709155 0.56812139 0.20465372
vn 0.81245216 0.51285790 0.27730538
vn 0.69836513 0.54541090 0.46347934
vn 0.63926125 0.37357115 0.67215300
vn 0.50350846 0.23929505 0.83019101
vn 0.34622919 0.37403483 -0.86036230
vn 0.24345379 0.11013532 -0.96363918
vn 0.18812808 0.03415576 0.98155041
vn -0.19293544 -0.19646477 -0.96134152
vn -0.17760575 -0.12344857 0.97632815
vn -0.43132740 -0.22748740 0.87304419
vn -0.39356960 -0.25235562 -0.88397942
vn -0.71069621 -0.27455870 0.64771014
vn -0.86910432 -0.47858272 0.12496508
vn -0.87835872 -0.47714594 -0.02859555
vn -0.88894282 -0.45294748 -0.06796505
vn -0.88505646 -0.45879136 -0.07864831
vn -0.88991091 -0.41420937 -0.19102136
vn -0.91423917 -0.40026605 -0.06287954
vn -0.91750019 -0.38726956 0.09064039
vn -0.88534143 -0.40295760 0.23193904
vn -0.87302614 -0.29936286 0.38497694
vn -0.87544338 -0.47113892 -0.10782861
vn -0.88074329 -0.47017307 0.05682019
vn -0.84475451 -0.52218133 0.11711736
vn 0.99543585 -0.08494200 -0.04350082
vn 0.99562732 -0.08537471 0.03791295
vn 0.90535054 -0.12283031 0.40651336
vn 0.86523221 -0.10708974 0.48980100
vn 0.99170352 -0.11516610 0.05710419
vn 0.96820286 -0.20830717 0.13853280
vn 0.98871881 -0.13919889 0.05530629
vn 0.99132445 -0.13065190 -0.01435007
vn 0.85097835 -0.12385964 0.51038674
vn 0.75415935 -0.12472490 0.64473822
vn 0.59938038 -0.07921177 0.79653541
vn 0.90990914 -0.13124749 -0.39349644
vn 0.96277338 -0.10956729 -0.24710812
vn 0.58727689 -0.11417362 0.80129285
vn 0.87205790 -0.19732429 -0.44785952
vn 0.31152225 -0.07632340 0.94716874
vn 0.69729432 -0.10083223 -0.70965730
vn 0.17539801 -0.07491380 0.98164324
vn 0.32919772 -0.04971613 -0.94295131
vn 0.02631119 -0.06134114 0.99777001
vn 0.06115390 -0.01014071 -0.99807683
vn -0.05573474 0.00691194 -0.99842169
vn -0.71940834 -0.02839373 0.69400680
vn -0.91347262 0.06232295 0.40209901
vn -0.33071467 0.11751727 -0.93638534
vn -0.66608626 0.22268917 -0.71185577
vn -0.94169127 0.24140777 0.23439248
vn -0.76787582 0.33886093 -0.54363591
vn -0.81090972 0.35535800 -0.46491517
vn -0.85106609 0.39742531 -0.34313210
vn -0.93076291 0.32409699 0.16923816
vn -0.92141398 0.31165786 0.23208974
vn -0.86304574 0.40011621 -0.30831651
vn -0.81290111 0.50837478 -0.28415995
vn -0.89415135 0.39995910 -0.20131092
vn -0.93686034 0.32894271 -0.11869878
vn -0.94705455 0.28446670 -0.14888378
vn -0.94970287 0.25254961 -0.18515709
vn -0.96361047 0.26500487 -0.03503256
vn -0.94643629 0.30281233 0.11208501
vn 0.64480229 0.67627587 -0.35620353
vn 0.70856804 0.69095412 -0.14322617
vn 0.68791661 0.72332440 -0.05977086
vn 0.70939929 0.70477689 0.00649455
vn 0.66558466 0.74632206 -0.00067081
vn 0.74163898 0.66973568 0.03775909
vn 0.81431474 0.56055529 0.15056321
vn 0.60301716 0.61334215 -0.51008010
vn 0.71602041 0.60170258 -0.35393331
vn 0.75795679 0.64812974 -0.07368402
vn 0.73374682 0.67934719 -0.01014909
vn 0.77405181 0.63280828 -0.01993675
vn 0.83306513 0.43676483 0.33946867
vn 0.81109048 0.35060700 0.46819545
vn 0.48388348 0.45408729 -0.74810528
vn 0.68555098 0.61031555 -0.39690652
vn 0.69965076 0.30695488 0.64518797
vn 0.64801091 0.48226923 -0.58948983
vn 0.55022533 0.22233939 0.80487098
vn 0.38857984 0.20574183 -0.89815144
vn -0.02144778 -0.00381101 -0.99976271
vn 0.15726159 0.04504486 0.98652914
vn -0.23253532 -0.08703902 -0.96868547
vn -0.09548462 0.01920115 0.99524570
vn -0.42253950 -0.02473397 0.90600696
vn -0.20026218 -0.03707636 -0.97904055
vn -0.95303379 0.14925842 0.26353087
vn -0.75546255 -0.38999878 -0.52647630
vn -0.90584346 -0.42312409 0.02033776
vn -0.90841284 -0.41157508 -0.07343070
vn -0.89482954 -0.42463966 -0.13769986
vn -0.91692187 -0.38780519 0.09413512
vn -0.92122917 -0.14071105 -0.36268059
vn -0.87593701 -0.44497021 -0.18637561
vn -0.57478227 -0.33551840 -0.74635966
vn -0.89272470 -0.44966046 0.02912175
vn -0.89812768 -0.41973931 0.13109377
vn -0.89572072 -0.44316627 0.03588937
vn -0.93078883 -0.36122002 -0.05614497
vn -0.93228479 -0.33071036 -0.14654601
vn -0.56912113 -0.73072681 -0.37701388
vn 0.99481755 -0.10141420 -0.00729418
vn 0.99255914 -0.12118993 -0.01180446
vn 0.99854810 -0.05059261 0.01849565
vn 0.98250755 -0.07792397 0.16913537
vn 0.99575782 -0.08143478 -0.04283386
vn 0.97930281 -0.18609788 -0.07958378
vn 0.99067693 -0.13612258 0.00546510
vn 0.99310091 -0.11338500 0.02990684
vn 0.72570358 -0.09172191 0.68186612
vn 0.51341102 -0.08882725 0.85353315
vn 0.95600625 -0.06904536 -0.28510486
vn 0.42272255 -0.07649596 0.90302492
vn 0.81779387 -0.13928801 -0.55840132
vn 0.90248931 -0.10373871 -0.41803269
vn 0.72131698 -0.09074875 -0.68663416
vn 0.26196463 -0.06572207 0.96283703
vn 0.08990938 -0.00662415 0.99592792
vn -0.01444273 0.00485133 -0.99988393
vn -0.46329286 -0.00635675 0.88618244
vn -0.18337904 -0.05825741 0.98131453
vn -0.52067438 -0.08420301 0.84959287
vn -0.19518290 0.02806614 -0.98036520
vn -0.91731770 0.15635434 0.36617149
vn -0.93842883 0.27691709 0.20656296
vn -0.97579999 0.15800474 0.15115846
vn -0.78053518 0.22770134 -0.58216572
vn -0.89229684 0.33852689 -0.29867356
vn -0.89729282 0.33524529 -0.28718667
vn -0.89819579 0.33531235 -0.28427092
vn -0.94456961 0.30308690 -0.12620060
vn -0.94719062 0.28991897 -0.13702888
vn -0.95510844 0.23983410 -0.17391800
vn -0.95944067 0.28078673 -0.02514766
vn -0.95015829 0.27755569 0.14199315
vn -0.91403651 0.34787567 -0.20861396
vn 0.76757563 0.64067642 0.01900978
vn 0.82010339 0.57038549 0.04572543
vn 0.76667973 0.56483913 -0.30521950
vn 0.72175472 0.65037172 -0.23682643
vn 0.79185800 0.61050522 -0.01562972
vn 0.79773687 0.60279040 0.01611296
vn 0.89718918 0.44164157 -0.00207230
vn 0.86420344 0.47703463 0.15996991
vn 0.85412307 0.49093553 0.17162779
vn 0.84690574 0.49064959 0.20497232
vn 0.67189661 0.52445075 -0.52297836
vn 0.44414732 0.10534035 0.88973961
vn 0.51827239 0.34076629 -0.78439280
vn 0.34191564 0.09392216 0.93502530
vn 0.36125071 0.12942410 -0.92344319
vn 0.15212980 -0.01481450 0.98824949
vn -0.17876080 0.01366365 0.98379768
vn 0.01442805 -0.01405622 -0.99979711
vn -0.22518030 0.49097484 -0.84156850
vn -0.38834294 -0.15995763 -0.90752593
vn -0.60362773 -0.12938008 0.78669839
vn -0.81998532 -0.35803496 -0.44658152
vn -0.89320947 -0.42383627 0.15013212
vn -0.89108501 -0.43934376 0.11377414
vn -0.89072037 -0.45363150 0.02890831
vn -0.92196590 -0.38397418 0.05042538
vn -0.91385441 -0.40520189 -0.02610651
vn -0.93887980 -0.33563555 -0.07650817
vn -0.94232891 -0.33352868 -0.02783598
vn -0.94863609 -0.29395091 0.11697197
vn -0.92724841 -0.32540074 0.18526939
vn -0.88947175 -0.45684414 -0.01155162
vn -0.89132088 -0.44815864 0.06856329
vn -0.89161606 -0.43037986 0.14069109
vn 0.99235220 -0.12072462 0.02574245
vn 0.99422936 -0.10190287 0.03352305
vn 0.99298358 -0.11594027 0.02326921
vn 0.99652158 -0.00532673 0.08316471
vn 0.98194868 0.01225595 0.18875007
vn 0.72549019 0.07231587 0.68442268
vn 0.95033516 -0.28297741 -0.12956417
vn 0.97913118 -0.02452520 -0.20174399
vn 0.99286751 -0.10781323 -0.05089616
vn 0.99783772 -0.06569176 -0.00211810
vn 0.99434155 -0.10535834 0.01358325
vn 0.95578149 -0.01632384 -0.29362439
vn 0.85908681 -0.06336718 -0.50789217
vn 0.49163442 -0.02363039 -0.87048102
vn 0.16838168 -0.09789381 0.98084882
vn 0.49168744 -0.04569867 -0.86957179
vn -0.12384580 0.04244582 0.99139325
vn -0.08225489 0.00981337 -0.99656301
vn -0.47675244 0.11292990 0.87175337
vn -0.12782656 0.00156290 -0.99179531
vn -0.75566866 0.08193235 0.64980918
vn -0.31322309 -0.14994209 -0.93776792
vn -0.99035577 0.10337703 0.09224226
vn -0.98238241 0.12194012 0.14161708
vn -0.64631164 0.21008423 -0.73358426
vn -0.83178496 0.22342024 -0.50815074
vn -0.92021686 0.20052008 -0.33614377
vn -0.95517157 0.24393120 0.16776425
vn -0.90183307 0.27912203 -0.32983027
vn -0.91505478 0.30062145 -0.26888936
vn -0.94008928 0.29096059 -0.17769096
vn -0.96084813 0.22331467 -0.16401656
vn -0.96286263 0.26928833 -0.01947694
vn 0.83738893 0.54260891 -0.06599507
vn 0.78768943 0.60399221 0.12140336
vn 0.90224116 0.43092978 0.01613741
vn 0.86038899 0.50722221 0.04956223
vn 0.86312788 0.50375164 0.03527825
vn 0.89237281 0.44921899 -0.04327895
vn 0.94510622 0.32448744 -0.03849858
vn 0.86478126 0.41934456 0.27623091
vn 0.91214215 0.35549615 0.20400778
vn 0.75925278 0.52475982 -0.38491862
vn 0.84518640 0.47374225 -0.24744339
vn 0.88088198 0.47276373 0.02326801
vn 0.92545186 0.37205639 0.07150459
vn 0.91495542 0.33721735 0.22167779
vn 0.84482561 0.33920285 0.41377665
vn 0.65341630 0.43938633 -0.61643069
vn 0.60450675 0.27956167 -0.74593355
vn 0.49488171 0.06351812 0.86663576
vn 0.40703667 0.16945950 -0.89755480
vn 0.00821421 -0.14658233 0.98916437
vn 0.00498626 -0.09355605 0.99560153
vn -0.16624921 -0.08586900 -0.98233788
vn -0.13826685 0.00180672 -0.99039336
vn -0.24373818 -0.07049026 0.96727598
vn -0.17596040 -0.07892825 -0.98122794
vn -0.35995743 -0.05539497 0.93132274
vn -0.43281669 -0.24876192 -0.86647979
vn -0.88275198 -0.26809741 0.38584027
vn -0.86963485 -0.47971385 0.11666126
vn -0.87968495 -0.45219147 0.14723200
vn -0.89890914 -0.42803050 0.09355343
vn -0.94520885 -0.32646270 0.00152736
vn -0.94242957 -0.33147488 -0.04416918
vn -0.96126439 -0.25055344 -0.11486403
vn -0.97119038 -0.22982076 -0.06302110
vn -0.95105319 -0.23460290 0.20114499
vn -0.88702176 -0.37717205 -0.26633372
vn -0.95210339 -0.26797355 -0.14727292
vn -0.93335234 -0.35889242 0.00704511
vn 0.99619469 0.00047342 0.08715459
vn 0.98649952 0.01749054 0.16282743
vn 0.95983659 -0.00241281 0.28054929
vn 0.99696720 -0.06950314 0.03501008
vn 0.99168180 -0.09895646 0.08230933
vn 0.99767098 -0.06574694 0.01816453
vn 0.99476625 -0.09340840 -0.04141229
vn 0.99840370 -0.05637956 0.00337578
vn 0.99810909 -0.03743359 0.04875420
vn 0.93285529 -0.05163585 0.35653154
vn 0.82676837 -0.02018266 0.56218034
vn 0.99883743 -0.03381195 -0.03435911
vn 0.61694953 -0.02498582 0.78660599
vn 0.40450003 0.02421346 0.91421739
vn 0.91845428 -0.04272762 -0.39321253
vn 0.95679248 0.02011572 -0.29007502
vn 0.31638786 -0.09737236 0.94361928
vn 0.23668852 -0.01213977 0.97150974
vn 0.08736133 0.02371252 0.99589443
vn 0.10438435 -0.01018844 -0.99448484
vn -0.27605463 -0.20896171 0.93815182
vn -0.46987672 0.11952756 -0.87460221
vn -0.68064786 0.07831141 -0.72841322
vn -0.99197683 0.07757434 0.09982077
vn -0.96091416 0.11558624 0.25156270
vn -0.88108322 0.17581123 -0.43907035
vn -0.92254836 0.20830441 -0.32482888
vn -0.95578887 0.17788095 -0.23414955
vn -0.95242196 0.18764887 -0.24016726
vn -0.94189225 0.23142546 -0.24347742
vn -0.96692014 0.23052379 0.10919811
vn -0.97942192 0.15862176 0.12478719
vn -0.92260458 0.30101187 -0.24123150
vn -0.96541569 0.17865728 -0.18987922
vn -0.96727842 0.19682797 -0.16009752
vn -0.97604943 0.13919497 -0.16718932
vn -0.97948392 0.19208602 -0.06094439
vn -0.97789541 0.20907060 -0.00317066
vn 0.87739196 0.45198316 -0.16091791
vn 0.87636102 0.42396465 0.22857239
vn 0.93256410 0.30998963 0.18501519
vn 0.84037032 0.52128928 -0.14844264
vn 0.94318029 0.32760517 -0.05554993
vn 0.94354658 0.32350607 -0.07115951
vn 0.81400925 0.33481983 0.47464157
vn 0.72050055 0.21057984 0.66070802
vn 0.73276953 0.41244172 -0.54123991
vn 0.80577329 0.45864219 -0.37466886
vn 0.89568538 0.37832159 -0.23371022
vn 0.51033834 0.30542470 0.80390953
vn 0.54016808 0.06780186 0.83882141
vn 0.63032410 0.33102368 -0.70222137
vn 0.63500353 0.32823429 -0.69930878
vn 0.37737135 -0.00766779 0.92603027
vn 0.32057353 0.15167106 -0.93500187
vn 0.46818606 0.23908983 -0.85066907
vn 0.04783417 0.07249026 0.99622139
vn -0.27976284 -0.09472148 0.95538505
vn -0.39573153 -0.10851796 0.91193224
vn -0.21756922 -0.12819285 -0.96758991
vn -0.87226350 -0.24479230 0.42335933
vn -0.59394471 -0.20610576 -0.77765679
vn -0.95424548 -0.29753412 0.02981618
vn -0.89803234 -0.20364997 -0.38995461
vn -0.91192021 -0.39602900 -0.10752936
vn -0.88780156 -0.44688092 0.11002647
vn -0.91147251 -0.38911201 0.13345302
vn -0.95064301 -0.29777296 0.08723038
vn 0.99942157 0.01398790 0.03099790
vn 0.99876063 -0.01100906 0.04853875
vn 0.99867699 0.00757616 0.05086123
vn 0.94427010 0.03163947 0.32764756
vn 0.94810704 -0.00853989 0.31783660
vn 0.99924323 -0.02939640 0.02547207
vn 0.99814050 -0.02163156 0.05698793
vn 0.85946043 0.04034340 0.50960786
vn 0.95342477 -0.05584979 -0.29641526
vn 0.97046995 -0.20235018 -0.13131062
vn 0.45860997 -0.04387761 0.88755375
vn 0.36446126 -0.17753301 0.91413895
vn 0.65670937 -0.02995227 -0.75354872
vn -0.08498062 -0.00117020 0.99638192
vn -0.10938383 0.01202602 -0.99392683
vn -0.38858396 0.04235905 0.92043914
vn -0.26270965 0.02868238 -0.96444853
vn -0.72235720 -0.06982917 0.68798544
vn -0.68430594 0.05607719 0.72703558
vn -0.98618899 0.05083564 0.15762936
vn -0.90365386 0.04845936 0.42551310
vn -0.67155204 0.15185504 -0.72522955
vn -0.85545266 0.11006278 -0.50605033
vn -0.94882185 0.04862552 -0.31204591
vn -0.98695633 0.11379188 0.11387984
vn -0.99122797 0.09995901 0.08645982
vn -0.98863020 0.10588608 0.10676356
vn -0.98715405 0.10140597 0.12346543
vn -0.96223883 0.08725437 -0.25784319
vn -0.95687056 0.13353412 -0.25800654
vn -0.94804224 0.07737589 -0.30859177
vn -0.98596187 0.16638333 0.01399187
vn 0.94435609 0.32860704 0.01445663
vn 0.94243635 -0.06381067 0.32824064
vn 0.94350128 0.33127962 0.00769062
vn 0.92472112 0.37886421 0.03677976
vn 0.92683100 0.26607243 0.26493349
vn 0.92058774 0.26342054 0.28831896
vn 0.90498805 0.22460004 0.36131904
vn 0.89028652 0.31472267 -0.32914974
vn 0.73448036 0.22491094 0.64027625
vn 0.59305743 0.13361079 0.79399687
vn 0.48575875 0.10281581 0.86802497
vn 0.27545485 -0.08617536 0.95744370
vn 0.13220950 0.07026768 -0.98872802
vn -0.15015880 -0.05192502 0.98729738
vn -0.13237892 -0.10825041 -0.98527035
vn -0.38766158 -0.11992041 0.91396805
vn -0.19488534 -0.08538459 -0.97710244
vn -0.59249183 -0.11415961 0.79744656
vn -0.61003862 -0.14316943 0.77933010
vn -0.26767423 -0.13355964 -0.95420770
vn -0.70630220 -0.16856525 0.68754852
vn -0.61469399 -0.18330235 -0.76717113
vn -0.96898595 -0.24710111 -0.00269696
vn -0.97121039 -0.23818164 0.00445967
vn -0.96398312 -0.25256708 -0.08334509
vn -0.97614217 -0.17487483 -0.12870608
vn -0.97988121 -0.19958100 -0.00049519
vn -0.91204245 -0.27009638 -0.30858792
vn -0.87407767 -0.29253393 -0.38783003
vn -0.89415858 -0.43241913 0.11616423
vn -0.95721573 -0.25238979 0.14155370
vn -0.95928028 -0.25392842 0.12370007
vn -0.91478045 -0.37611995 -0.14734487
vn -0.95009982 -0.29992407 0.08576643
vn 0.99989545 0.01445245 -0.00047403
vn 0.92844054 -0.00269183 0.37147129
vn 0.99924846 0.01345562 -0.03635181
vn 0.99962915 -0.00489653 -0.02678777
vn 0.99702597 0.04768745 -0.06054017
vn 0.99727049 0.07155152 0.01821922
vn 0.99914858 0.02834577 0.02997722
vn 0.85983279 0.05267366 0.50785141
vn 0.93896150 -0.01662942 -0.34362010
vn 0.98135514 -0.07442021 -0.17721093
vn 0.99266147 -0.00277791 -0.12089454
vn 0.87398678 0.00325538 -0.48593880
vn 0.34674632 0.01126532 0.93789130
vn 0.64097838 -0.01059330 -0.76748583
vn 0.40519835 -0.02937305 -0.91375682
vn 0.10113834 0.06250036 0.99290722
vn 0.04730809 -0.00879039 -0.99884167
vn -0.15065091 0.08472701 0.98494956
vn -0.18187832 0.04475443 -0.98230205
vn -0.79664194 -0.01538525 0.60425567
vn -0.47673434 0.07037571 -0.87622579
vn -0.70642011 -0.12309551 -0.69700655
vn -0.93732492 -0.01169252 -0.34826036
vn -0.98597658 0.12400024 0.11168761
vn -0.98914154 0.10688690 0.10086725
vn -0.97486627 0.10570796 -0.19611626
vn -0.96253909 0.13262022 -0.23649606
vn -0.97490329 -0.04913427 -0.21713912
vn -0.97441207 0.03351463 -0.22225634
vn -0.98313794 -0.06106200 -0.17236943
vn -0.98737714 0.04505771 -0.15184264
vn -0.98824066 0.12513040 -0.08787935
vn -0.98492661 0.09471115 0.14473900
vn 0.97498577 0.08662951 -0.20469021
vn 0.93257136 0.28748201 -0.21832257
vn 0.98452221 0.02426167 0.17357242
vn 0.95338192 0.29493360 0.06385202
vn 0.97349728 0.20353128 0.10429796
vn 0.95280759 0.29398324 0.07570705
vn 0.92463241 0.25032453 0.28704100
vn 0.84731133 0.31462815 -0.42786988
vn 0.79120702 0.33876585 -0.50914551
vn 0.53586197 0.16033875 -0.82894115
vn 0.68533660 0.26321083 -0.67899470
vn 0.57766515 0.26554386 -0.77187397
vn 0.13735645 0.10925336 0.98447799
vn -0.03894111 -0.02438289 -0.99894397
vn -0.25427031 -0.04726474 0.96597756
vn -0.57049020 -0.14438264 0.80851381
vn -0.87011210 -0.17881165 0.45927261
vn -0.53063109 -0.19441923 -0.82500413
vn -0.96217013 -0.26932161 0.04116433
vn -0.97237548 -0.22057102 -0.07638289
vn -0.97560852 -0.21240265 0.05543589
vn -0.94523286 -0.22023780 0.24089449
vn -0.85467290 -0.19251438 -0.48215396
vn -0.95253310 -0.23247102 0.19656531
vn -0.95727172 -0.27492865 0.08969440
vn -0.97278496 -0.21798684 0.07855666
vn -0.96063888 -0.27092081 0.06143982
vn -0.89375434 -0.25698381 -0.36764453
vn -0.97998885 -0.18269392 0.07902402
vn 0.99860601 0.05122621 0.01272431
vn 0.99916983 0.03558001 0.01984228
vn 0.97360500 0.01117479 0.22796584
vn 0.99391019 0.02461402 -0.10740900
vn 0.99875502 0.04804302 -0.01342696
vn 0.99982096 0.01064983 0.01564072
vn 0.69331639 0.05609041 0.71844711
vn 0.58878412 -0.00163059 0.80828868
vn 0.91821374 -0.00947205 -0.39597199
vn 0.50599235 0.07608494 0.85917567
vn 0.87497776 0.02829393 -0.48333567
vn 0.32769305 0.06207675 0.94274267
vn 0.48533641 0.02201709 -0.87405024
vn 0.26788660 -0.00218245 -0.96344798
vn -0.19760496 0.09379640 0.97578405
vn -0.10622926 0.01833249 -0.99417265
vn -0.27804348 0.03452876 -0.95994770
vn -0.88696206 -0.00730689 0.46178449
vn -0.90146698 0.27604029 0.33340521
vn -0.48350532 0.03767011 -0.87453049
vn -0.96984764 0.00506371 0.24365942
vn -0.79958112 0.00966541 -0.60048032
vn -0.93998375 -0.02964701 -0.33992881
vn -0.98493686 0.13139067 0.11240938
vn -0.98782045 0.04440214 0.14912816
vn -0.95134328 -0.21631667 -0.21943806
vn -0.97359447 -0.08325798 -0.21256038
vn 0.98615537 0.05612527 -0.15603699
vn 0.93293423 0.30084689 -0.19780009
vn 0.96089696 0.15394162 0.23017171
vn 0.97033087 0.22541485 0.08744226
vn 0.88203212 0.38199750 0.27585730
vn 0.92654372 0.15164609 -0.34426763
vn 0.97291749 0.08466528 -0.21508918
vn 0.88674406 0.19811442 0.41765494
vn 0.79060999 0.13140162 0.59805473
vn 0.52082567 0.13083021 0.84357814
vn 0.26788256 0.07780405 0.96030488
vn -0.05601840 0.04528595 0.99740219
vn 0.32060806 0.14886810 -0.93544041
vn -0.18145444 -0.10789654 -0.97746234
vn -0.51162801 -0.10661005 -0.85256734
vn -0.86823210 -0.17969570 -0.46247429
vn -0.96008891 -0.27182491 0.06588258
vn -0.98744897 -0.15539376 0.02823660
vn -0.98070171 -0.15996692 0.11240438
vn 0.99908388 0.03968192 -0.01602315
vn 0.99524459 0.07884158 -0.05720317
vn 0.99498494 0.04645878 0.08858080
vn 0.98547109 0.03977868 0.16511932
vn 0.99660474 0.07516951 -0.03359376
vn 0.99862214 0.04992465 0.01616633
vn 0.99818753 0.05985269 0.00627053
vn 0.85390740 0.05977672 0.51698056
vn 0.46221121 0.10795810 0.88017376
vn 0.05594914 0.08015696 0.99521081
vn 0.34491748 -0.00370576 -0.93862570
vn 0.12592868 0.01406757 -0.99193955
vn 0.01680158 0.07382138 0.99712994
vn -0.19184847 0.01996339 0.98122150
vn -0.29582561 0.04028001 0.95439234
vn -0.54756240 0.00732000 0.83673283
vn -0.99334803 -0.02356540 0.11271365
vn -0.97122166 -0.07450111 0.22622571
vn -0.97808495 0.08158514 0.19155599
vn -0.99707637 -0.03215891 0.06931466
vn -0.97425988 -0.18366153 -0.13071393
vn -0.98117081 -0.18048764 -0.06876091
vn -0.99944091 0.00366575 0.03323285
vn 0.96984533 0.24330113 -0.01430352
vn 0.96178630 0.23387652 0.14236888
vn 0.98756292 0.15524662 0.02485878
vn 0.98044177 0.18954727 0.05296950
vn 0.82886974 0.12943909 -0.54426140
vn 0.81769054 0.20217503 -0.53898742
vn 0.80655071 0.10596671 -0.58159006
vn 0.49537008 0.21671315 -0.84121572
vn 0.12310386 0.05281741 -0.99098727
vn -0.53888363 -0.05416943 0.84063673
vn -0.84934576 -0.09377866 0.51943945
vn -0.99079669 -0.13301774 0.02506399
vn -0.96713456 -0.23659006 -0.09314441
vn -0.97896515 -0.15755683 0.12962672
vn -0.99262516 -0.12001844 0.01705474
vn -0.98303417 -0.17866256 0.04151528
vn -0.97519987 -0.21333019 0.05895295
vn -0.97435410 -0.22053511 0.04470301
vn -0.97333203 -0.21838597 -0.07023055
vn -0.99008423 -0.11086887 0.08626307
vn 0.99539874 0.09533466 0.00962564
vn 0.99864461 0.04497542 0.02619439
vn 0.88703430 0.09413773 0.45200469
vn 0.82504928 0.11385535 0.55347145
vn 0.99198812 0.05722741 -0.11262594
vn 0.99099952 0.12116510 -0.05691195
vn 0.99554398 0.09429359 -0.00094823
vn 0.94828971 0.02062146 -0.31673550
vn 0.67284692 0.11071276 0.73145042
vn 0.85168955 0.08084443 -0.51777321
vn 0.83309919 -0.04263550 -0.55147798
vn 0.29729321 0.12407405 0.94669022
vn -0.44228100 -0.01422841 0.89676367
vn -0.15253471 0.02828542 -0.98789326
vn -0.84231066 -0.16361715 0.51355834
vn -0.49977887 0.00477891 -0.86613985
vn -0.98446587 -0.11334174 0.13409179
vn -0.97797397 -0.02397188 0.20734578
vn -0.76885268 -0.10185698 -0.63126121
vn -0.52909661 -0.21889824 -0.81984165
vn -0.99574129 0.03489083 0.08533412
vn -0.99523921 -0.09095720 0.03501015
vn -0.85456023 -0.34397970 -0.38910766
vn -0.91421536 -0.29530985 -0.27749301
vn -0.92061951 -0.38839300 0.04013224
vn 0.97209351 0.22640468 0.06144214
vn 0.96012606 0.27644344 -0.04167692
vn 0.97584096 0.13715349 0.17006863
vn 0.96112777 0.09768661 0.25824551
vn 0.94362745 0.14680277 0.29667521
vn 0.50232868 0.07098438 0.86175815
vn 0.75239268 0.11448702 -0.64868943
vn 0.66928061 0.14165921 -0.72938065
vn -0.05463430 -0.00374493 0.99849941
vn -0.59532373 -0.00729252 0.80345285
vn -0.18443477 -0.07453140 -0.98001474
vn -0.53735183 -0.09411421 -0.83809041
vn -0.99996034 0.00089565 0.00886079
vn -0.95758176 -0.17931414 -0.22557398
vn 0.99632326 0.08558589 -0.00387414
vn 0.99280335 0.11955849 0.00687520
vn 0.88737608 0.07519529 -0.45487291
vn 0.92110097 0.10198277 -0.37572931
vn 0.65876785 0.03815224 -0.75137828
vn -0.05498098 0.02731163 -0.99811380
vn -0.25935099 0.01549521 -0.96565882
vn -0.49995798 0.04208424 0.86502655
vn -0.70505487 -0.48101000 -0.52108253
vn -0.86760214 -0.47643253 0.14240282
vn -0.90332313 -0.41719716 0.09976897
vn -0.94745683 -0.31974863 -0.00929308
vn -0.98686914 -0.13762171 -0.08455509
vn -0.99509250 -0.09799797 0.01368590
vn 0.97271443 0.21139596 -0.09559489
vn 0.95314152 0.28573595 0.09937915
vn 0.99639092 0.06762762 -0.05129947
vn 0.99451894 0.09512682 0.04339315
vn 0.99564077 0.05125063 0.07792842
vn 0.93294365 -0.00240381 0.36001439
vn 0.81849275 0.20534456 -0.53656614
vn 0.98971616 0.11465327 0.08553684
vn 0.82822614 0.09080474 0.55298822
vn 0.64362725 0.05174825 0.76358764
vn 0.55001478 -0.00191558 0.83515272
vn 0.67980733 0.09554856 -0.72713992
vn 0.27660320 0.05069665 0.95964604
vn 0.56067333 0.04613420 -0.82675090
vn 0.27823526 -0.00604006 -0.96049396
vn -0.99353181 -0.11013893 -0.02763973
vn -0.96112101 -0.06388177 0.26863642
vn -0.81622962 -0.15411763 -0.55679166
vn -0.99542089 -0.08177288 0.04950194
vn -0.99635394 -0.08334079 -0.01825185
vn -0.99028109 -0.12988292 0.04973722
vn -0.90226872 -0.15441636 -0.40257514
vn -0.91216144 -0.11815730 -0.39242881
vn 0.99137701 0.11176736 0.06840824
vn 0.99347010 0.11168193 -0.02333033
vn 0.98901055 0.14604952 -0.02297086
vn 0.07914495 0.04181776 0.99598562
vn 0.08540805 0.01150087 -0.99627968
vn -0.05352743 0.00814927 0.99853313
vn -0.34309443 0.00189164 0.93929901
vn -0.44550885 -0.04301330 -0.89424366
vn -0.59483125 -0.10363990 -0.79714149
vn -0.97230773 -0.22805920 0.05105567
vn -0.98760106 -0.07459121 0.13813143
vn -0.96261349 -0.25121494 0.10132287
vn -0.91135731 -0.38849156 -0.13602266
vn -0.96720861 -0.21929231 0.12813426
vn -0.95035635 -0.29352731 0.10326920
vn 0.99898558 0.03276971 0.03088627
vn 0.82302290 0.04206039 0.56644879
vn 0.96916409 0.23756243 -0.06546030
vn 0.86972280 0.09358423 -0.48458666
vn 0.40794176 0.13251712 -0.90333976
vn -0.19870104 -0.07474492 0.97720576
vn 0.06113941 0.02991092 -0.99768097
vn -0.41877596 -0.02625501 0.90770996
vn -0.89016111 -0.01239579 0.45547726
vn -0.13989963 -0.08185142 -0.98677679
vn -0.99529186 -0.09651105 -0.00892917
vn -0.99491877 -0.09921318 0.01712850
vn -0.99566352 -0.08246596 0.04305246
vn -0.99516659 -0.09519193 0.02412378
vn -0.99228455 -0.07384315 0.09959199
vn -0.99032600 -0.10632040 0.08916498
vn 0.99039287 0.13826477 -0.00219238
vn 0.97321011 0.06950382 0.21916045
vn 0.90682915 0.12284973 0.40319826
vn 0.98828248 0.15261414 -0.00257980
vn 0.12584728 -0.07560932 0.98916414
vn -0.03372519 0.02426201 -0.99913661
vn -0.25007076 -0.03454427 0.96761114
vn -0.44636279 -0.09492080 -0.88980352
vn -0.89326705 -0.37245789 0.25169246
vn -0.95942417 -0.25384650 0.12274857
vn -0.61351969 -0.61673860 0.49318059
vn -0.97973449 -0.13178146 0.15084422
vn -0.92900145 -0.36147929 0.07930346
vn -0.98667011 -0.14340574 0.07692131
vn -0.98597545 -0.15272400 0.06728885
vn -0.98262703 -0.14646846 0.11397853
vn -0.97437321 -0.13065857 0.18309883
vn -0.99589728 -0.02105652 0.08800701
vn 0.99602556 0.06716773 -0.05849424
vn 0.98416216 0.04339372 0.17187735
vn 0.96155214 0.13940323 -0.23660985
vn 0.35560831 -0.00213020 0.93463265
vn 0.56079863 0.08090968 -0.82398939
vn 0.08139692 -0.05678716 0.99506269
vn -0.31634248 -0.05759434 0.94689510
vn -0.80224294 -0.01475962 0.59681523
vn -0.48946708 -0.13132564 -0.86207630
vn -0.99902269 -0.04379311 0.00598495
vn -0.88928932 -0.09867884 -0.44657250
vn -0.99585589 -0.08830955 0.02173655
vn -0.99851093 -0.03869139 0.03845649
vn -0.87603075 -0.11130020 -0.46923597
vn -0.98204568 -0.11832104 -0.14692313
vn -0.98830884 -0.11924989 0.09500052
vn 0.98653262 0.16266462 -0.01713493
vn 0.98017846 0.18406849 -0.07327333
vn 0.83903169 0.18618096 0.51123623
vn 0.97735326 0.17520977 -0.11866817
vn 0.98030573 0.10809929 -0.16527314
vn 0.98199808 0.16443044 -0.09296454
vn 0.44764783 0.10147921 0.88843311
vn 0.41445246 0.10712889 0.90374364
vn 0.72297391 0.08535119 -0.68558290
vn 0.86781788 0.14801206 -0.47432538
vn 0.55786851 0.19675558 -0.80626916
vn 0.23109438 0.02549910 -0.97259713
vn -0.02680356 0.05141431 -0.99831765
vn -0.22310138 -0.03008349 -0.97433093
vn -0.66310286 -0.11812043 0.73914962
vn -0.35895746 -0.06550293 0.93105258
vn -0.36352663 -0.10276271 -0.92589860
vn -0.94250839 -0.33368313 0.01826192
vn -0.90298765 -0.42507908 0.06261848
vn -0.94751390 -0.24450601 0.20599567
vn -0.94918382 0.05829247 -0.30927669
vn 0.99948341 0.03191598 -0.00377914
vn 0.99097975 -0.09648180 0.09300753
vn 0.98862780 -0.14597509 -0.03614349
vn 0.98756682 -0.01658292 0.15632270
vn 0.77402085 -0.05976351 0.63033329
vn 0.74903635 -0.07902011 0.65779964
vn 0.93524029 -0.04418767 -0.35124501
vn 0.97902548 -0.07336098 -0.19007176
vn 0.58376011 -0.10733977 0.80479955
vn 0.44618314 -0.16021754 0.88048336
vn 0.12498371 -0.05223946 0.99078257
vn 0.29052106 0.08822206 -0.95279294
vn 0.13079749 0.11459063 -0.98476444
vn 0.16020337 0.18418047 -0.96974865
vn -0.56903362 0.15525667 0.80752468
vn -0.10915313 0.07244529 -0.99138150
vn -0.98021878 0.01080836 0.19762168
vn -0.41456612 -0.60931747 0.67591949
vn -0.99846642 -0.03907438 0.03921735
vn -0.52750634 -0.11285684 -0.84202161
vn -0.98871255 -0.10883634 0.10296669
vn -0.99241738 -0.12211980 -0.01394614
vn -0.99665026 -0.07679919 0.02810941
vn 0.97626526 0.18150213 0.11816565
vn 0.92068196 0.18066386 0.34598453
vn 0.74118341 0.15334473 0.65355379
vn 0.93033509 0.18342821 -0.31753852
vn 0.76198288 0.15745909 -0.62816298
vn 0.32822284 0.03470113 0.94396271
vn 0.22482895 0.06530164 -0.97220761
vn 0.08118529 0.04318220 0.99576315
vn -0.16272731 -0.02281571 0.98640725
vn -0.55525386 -0.12803828 0.82176600
vn -0.81445719 -0.21073885 0.54060024
vn -0.51371191 -0.10490304 -0.85152535
vn -0.53737219 -0.84328729 -0.00988313
vn -0.54150162 -0.11847349 -0.83231006
vn -0.64454895 0.01398857 -0.76443507
vn -0.99994913 -0.00217680 0.00984906
vn -0.98294709 -0.18356827 -0.01084956
vn -0.99894445 -0.03191727 0.03303431
vn 0.99179518 -0.04651965 0.11907241
vn 0.99250540 -0.05075801 0.11116047
vn 0.98463973 -0.10120676 0.14227363
vn 0.97269765 -0.08765707 0.21488491
vn 0.99140105 -0.10292523 -0.08081058
vn 0.99549261 -0.09483880 -0.00027214
vn 0.96962901 -0.03533568 0.24201439
vn 0.89517586 -0.01846808 -0.44533034
vn 0.90618782 -0.06378462 -0.41803726
vn 0.79972730 -0.12535310 0.58713103
vn 0.61111561 -0.13092235 0.78063887
vn 0.38278391 -0.12774011 0.91496390
vn 0.13680223 -0.04624255 0.98951846
vn 0.68812689 0.04966682 -0.72388852
vn 0.04404340 -0.07578368 0.99615110
vn -0.25535452 -0.05573327 0.96523980
vn -0.28474712 0.07958294 -0.95529348
vn -0.99990790 -0.00372446 -0.01305101
vn -0.66194079 -0.00599119 -0.74953219
vn -0.99624828 -0.08252145 0.02606852
vn -0.99623390 -0.07903941 0.03564806
vn 0.97519310 0.22038912 -0.02066500
vn 0.97289317 0.22945970 -0.02875967
vn 0.96233320 0.24348944 -0.12094504
vn 0.98183933 0.18767413 -0.02774785
vn 0.97464375 0.21982593 -0.04178667
vn 0.68319244 0.17467288 0.70903983
vn 0.85913481 0.19928252 -0.47135321
vn 0.50240483 0.12825097 0.85506788
vn 0.75641625 0.20236734 -0.62199832
vn 0.44286606 0.09139320 -0.89191756
vn 0.22983201 0.14472604 0.96240928
vn 0.04372182 -0.05438612 -0.99756230
vn 0.01226265 0.04481850 0.99891988
vn -0.29138330 -0.09321738 0.95205372
vn -0.29832729 -0.08439210 0.95072541
vn -0.14505213 -0.08082949 -0.98611687
vn -0.41343004 -0.16851317 -0.89480663
vn -0.87668925 -0.34455797 0.33570190
vn -0.87939224 -0.43350550 0.19683059
vn -0.91987332 -0.38627810 -0.06798761
vn -0.89597773 -0.08780487 -0.43533231
vn -0.98257696 -0.18576067 0.00595697
vn -0.96676871 -0.24302525 0.07935355
vn -0.93590281 -0.34919843 -0.04632904
vn -0.93147565 -0.35078245 -0.09646136
vn -0.89833039 -0.42120410 0.12485838
vn 0.99375893 -0.10152115 0.04622379
vn 0.99388838 -0.07438199 0.08156725
vn 0.99284929 -0.08534134 0.08346945
vn 0.89853671 -0.10513829 0.42611937
vn 0.95487270 -0.10257561 -0.27874069
vn 0.99395674 -0.10816659 -0.01870774
vn 0.77412472 0.01849072 -0.63276300
vn 0.88963860 -0.00542763 -0.45663300
vn -0.02766099 -0.06765784 0.99732507
vn 0.20321872 0.02706419 -0.97875926
vn -0.77453579 0.01651606 0.63231442
vn -0.84309837 0.04466569 0.53590122
vn -0.99887553 0.00179390 0.04737568
vn -0.28055124 0.15303786 -0.94756024
vn -0.99742530 -0.04021589 0.05937557
vn -0.99774713 -0.01721570 0.06484044
vn -0.99983377 0.00461175 0.01763995
vn -0.99481753 -0.03654308 0.09488252
vn -0.97929518 -0.05486117 -0.19486203
vn -0.99532850 -0.01300263 0.09566664
vn -0.98173529 -0.18524370 0.04336588
vn -0.99393499 -0.04624927 0.09977092
vn 0.93148757 0.35850424 -0.06168963
vn 0.93001682 0.24801449 0.27121490
vn 0.94671157 0.29819724 -0.12171941
vn 0.85459961 0.20817860 -0.47573225
vn 0.74213643 0.20603967 -0.63779399
vn 0.17242233 0.08659505 0.98120937
vn -0.14638794 -0.07110859 0.98666820
vn -0.44102326 -0.14165664 0.88624595
vn -0.30383235 -0.18975911 0.93363664
vn -0.25886682 -0.16108133 -0.95238688
vn -0.46434049 -0.24189567 -0.85198263
vn -0.69674305 -0.29207029 0.65516721
vn -0.85731477 -0.43559784 0.27434634
vn -0.74130559 -0.42060721 0.52302543
vn -0.89688708 -0.44170547 -0.02213230
vn -0.81360208 -0.57371650 0.09434533
vn -0.81131102 -0.58449601 -0.01178289
vn -0.93395556 -0.35299779 -0.05585311
vn 0.97481204 -0.21880987 -0.04317086
vn 0.98769368 -0.15640004 -0.00046475
vn 0.98703475 -0.14477278 0.06930540
vn 0.98550087 -0.16932717 0.01078650
vn 0.98389849 -0.15767028 0.08416564
vn 0.97454032 -0.16493058 0.15188508
vn 0.84643554 -0.19715778 0.49464703
vn 0.92290579 -0.18980476 0.33499113
vn 0.98157179 -0.13642881 -0.13380582
vn 0.75666178 -0.19696855 0.62343110
vn 0.63999365 -0.19374052 0.74355413
vn 0.42819974 -0.12704018 0.89470988
vn 0.61741216 0.17409615 -0.76713281
vn 0.19833024 -0.11939109 0.97283651
vn -0.32454323 -0.02893354 0.94542823
vn 0.03999858 0.00318216 -0.99919467
vn -0.64824338 0.00504172 0.76141651
vn -0.33720125 0.17149689 -0.92568036
vn -0.99508326 0.06420313 0.07541398
vn -0.58009928 -0.09366874 -0.80914213
vn -0.99485360 0.02964073 0.09689033
vn -0.99972658 0.02308234 0.00373788
vn -0.81519275 0.02685979 -0.57856662
vn -0.89104629 0.10842677 -0.44077222
vn -0.99915980 0.00530255 0.04063950
vn -0.99501059 -0.01929372 0.09788604
vn 0.96038384 0.27827239 -0.01507848
vn 0.94057839 0.31921793 0.11581110
vn 0.96943871 0.24530795 0.00354906
vn 0.97074220 0.23667787 0.04053607
vn 0.97349474 0.22404695 -0.04594512
vn 0.96011160 0.27934255 -0.01238754
vn 0.85403990 0.29121666 0.43105533
vn 0.88427350 0.23205595 -0.40522884
vn 0.96489459 0.25708959 -0.05369708
vn 0.62831899 0.16355651 -0.76056854
vn 0.53565890 0.26379246 -0.80217397
vn -0.02296977 -0.13644260 0.99038165
vn -0.03086110 -0.05425879 -0.99804989
vn -0.32399483 -0.27981683 0.90373109
vn -0.16988107 -0.37419945 -0.91165519
vn -0.52084077 -0.32369644 0.78990221
vn -0.54521119 -0.25701337 -0.79792787
vn -0.64799848 -0.44241677 0.61997208
vn -0.75081954 -0.65601394 0.07691384
vn -0.77470485 -0.59960637 0.20076006
vn -0.84856268 -0.50493147 0.15806826
vn -0.92530487 -0.18398686 -0.33160176
vn -0.95146095 -0.28725144 -0.11049280
vn -0.91782847 -0.38909207 -0.07872908
vn -0.82434471 -0.56414003 -0.04692366
vn -0.81718482 -0.57110609 0.07776115
vn -0.75111893 -0.65528650 0.08012470
vn 0.97715899 -0.19599384 0.08213848
vn 0.96609894 -0.18255449 0.18255602
vn 0.99372016 0.10399662 -0.04129102
vn 0.97591611 -0.21425972 0.04099419
vn 0.85107225 -0.27951779 0.44446128
vn 0.93797045 -0.10978253 -0.32887570
vn 0.75509399 -0.00174648 -0.65561423
vn 0.44503291 -0.19363752 0.87432844
vn 0.53699849 -0.11303334 -0.83597613
vn -0.07384388 -0.03218076 0.99675046
vn 0.44231758 0.06136728 -0.89475651
vn -0.39668306 0.03871785 0.91713874
vn -0.10198518 0.05285222 -0.99338093
vn -0.92549103 0.09025021 0.36786036
vn -0.42127271 0.07790421 -0.90358190
vn -0.99867344 0.02054370 0.04721563
vn -0.99921459 0.03689920 0.01444482
vn -0.99850062 0.04409564 -0.03243591
vn -0.99351244 -0.11259664 -0.01596970
vn -0.99903371 -0.02239912 0.03781444
vn 0.94356299 0.33071582 -0.01777424
vn 0.96160053 0.27357257 -0.02196523
vn 0.95206513 0.30538981 0.01757960
vn 0.74956785 0.28519946 0.59733517
vn 0.88483749 0.30989759 -0.34788807
vn 0.94127811 0.23875279 -0.23873127
vn 0.96084944 0.27652590 -0.01737164
vn 0.82750937 0.24984193 -0.50279942
vn 0.48234326 0.18896545 0.85535784
vn 0.21630704 0.03848095 0.97556675
vn -0.06344778 -0.21805085 0.97387279
vn -0.80185947 -0.39694654 -0.44660366
vn -0.81587045 -0.56499541 -0.12302679
vn -0.85225983 -0.51653778 -0.08271577
vn -0.74092667 -0.66854580 0.06382935
vn -0.76757234 -0.63851464 -0.05596208
vn 0.97372759 -0.21601559 0.07205452
vn 0.97540905 -0.16994765 0.14033882
vn 0.97593772 -0.21773078 0.01178450
vn 0.95688342 -0.27297284 0.09929725
vn 0.95426546 -0.22627585 0.19538850
vn 0.96631691 -0.13404890 -0.21968733
vn 0.91075019 -0.21994816 0.34950950
vn 0.77730769 -0.28342987 0.56165849
vn 0.83919393 0.02683361 -0.54316987
vn 0.72743448 0.04165357 -0.68491171
vn -0.16069258 -0.00439247 0.98699473
vn 0.35265490 0.04205018 -0.93480816
vn 0.03160375 -0.04447736 -0.99851037
vn -0.61662724 0.04971917 0.78568368
vn -0.99627893 0.08606640 -0.00456838
vn -0.99785936 0.06367592 -0.01490234
vn -0.96062896 -0.00632727 0.27776244
vn -0.99337810 0.09192856 0.06891368
vn -0.99762302 0.04498945 0.05219453
vn -0.99241326 0.11931572 0.02965925
vn -0.99503515 0.09900851 0.01011784
vn -0.77146397 0.11551207 -0.62569986
vn -0.87254332 0.18280562 -0.45304554
vn -0.99900051 0.00467424 0.04445364
vn -0.99699192 0.07013124 0.03299585
vn -0.97006957 0.07996668 -0.22928227
vn 0.96235963 0.27172310 -0.00552253
vn 0.96256177 0.26906490 -0.03284686
vn 0.86836606 0.38787212 0.30902363
vn 0.76853876 0.32655822 0.55018897
vn 0.57147337 0.23097411 0.78744470
vn 0.60102365 0.20416994 -0.77271289
vn 0.34093238 0.15268975 0.92760496
vn 0.39124144 0.09726859 -0.91513330
vn 0.14128928 0.02573496 0.98963380
vn -0.01242955 -0.09450205 0.99544707
vn -0.09879203 -0.07416233 -0.99234071
vn -0.12473862 -0.09027788 -0.98807398
vn -0.21557128 -0.22866386 0.94933759
vn -0.23768628 -0.17680908 -0.95511454
vn -0.17834365 -0.10468217 -0.97838397
vn -0.55729223 -0.38356678 0.73641149
vn -0.31998429 -0.21813489 -0.92196921
vn -0.66056794 -0.55199106 0.50887706
vn -0.77931848 -0.46515724 0.41987075
vn -0.63036958 -0.41241726 -0.65768244
vn -0.66593736 -0.54794065 0.50624941
vn -0.63963091 -0.67632772 0.36531235
vn -0.76725042 -0.53829989 0.34865459
vn -0.78469759 -0.56643473 -0.25179633
vn -0.71428845 -0.69832319 0.04622477
vn -0.69317760 -0.71615332 0.08142016
vn -0.74487080 -0.66463714 0.05852314
vn -0.66979000 -0.73609755 -0.09768193
vn -0.69320383 -0.70567186 0.14661403
vn 0.97497117 -0.22225390 0.00586699
vn 0.93899065 -0.34349561 -0.01753081
vn 0.97303627 -0.22004835 0.06913138
vn 0.92590052 -0.27251861 0.26161390
vn 0.85381582 -0.36742142 0.36878184
vn 0.77995438 -0.32387261 0.53551629
vn 0.89772539 -0.22358348 -0.37960446
vn 0.43500165 -0.27236937 0.85824734
vn 0.74206182 0.08083606 -0.66543954
vn 0.70071730 -0.08174871 -0.70874002
vn 0.28312883 -0.25709917 0.92397948
vn 0.07129003 -0.13182367 0.98870635
vn -0.06695246 0.01495088 -0.99764414
vn -0.79032776 0.11225849 0.60231227
vn -0.99582805 0.09066431 -0.01031897
vn -0.59936996 0.08971672 -0.79542854
vn -0.82730293 0.06570294 -0.55790052
vn -0.98339735 0.16047853 0.08471296
vn -0.97738572 0.05525294 -0.20411826
vn 0.96702925 0.25366905 -0.02250438
vn 0.93421705 0.35548943 -0.02942393
vn 0.94000736 0.34048414 0.02137076
vn 0.91678513 0.37246600 0.14413226
vn 0.93843779 0.31504535 -0.14170726
vn 0.93001348 0.32362544 -0.17418811
vn 0.88107588 0.40521832 0.24393321
vn 0.79237086 0.32779372 -0.51448974
vn 0.64188790 0.35424228 0.68006788
vn 0.74154146 0.16886938 -0.64930686
vn 0.19868034 0.03248121 -0.97952595
vn -0.02571486 -0.02316382 0.99940091
vn -0.40527695 -0.35280917 0.84337198
vn -0.21408321 -0.28930595 0.93299006
vn -0.64257128 -0.34360831 -0.68486165
vn -0.65215759 -0.33971631 -0.67770443
vn -0.70397904 -0.47166527 -0.53098529
vn -0.70760821 -0.59204396 -0.38571307
vn -0.71934516 -0.68332639 -0.12493029
vn -0.75351457 -0.64982803 0.09969615
vn -0.70380444 -0.65516671 -0.27461953
vn -0.66522056 -0.74661660 -0.00672794
vn 0.95152552 -0.30743677 0.00904532
vn 0.91637439 -0.40031675 0.00211752
vn 0.93828518 -0.30639581 0.16044479
vn 0.91419855 -0.40164416 0.05406460
vn 0.88955192 -0.37006753 0.26785707
vn 0.32062047 -0.27783956 0.90554276
vn 0.35385571 -0.16728160 0.92021900
vn 0.80526590 -0.28811492 -0.51820520
vn 0.65492126 -0.19909517 -0.72899880
vn -0.31623544 0.06876713 0.94618509
vn 0.37222340 0.00948297 -0.92809472
vn -0.42441657 0.10525916 0.89932813
vn -0.89993016 0.23595541 0.36667526
vn -0.25811501 0.06018559 -0.96423770
vn -0.91362416 0.31508614 0.25692725
vn -0.51071293 0.11296738 -0.85229729
vn -0.98923996 0.13677908 0.05192084
vn -0.99165157 0.11958573 -0.04823299
vn -0.99013109 0.13428229 0.04010857
vn -0.99140425 0.10039451 0.08389611
vn 0.95162695 0.30652664 -0.02115564
vn 0.95017763 0.31065044 -0.02566677
vn 0.89119090 0.42460303 0.15965918
vn 0.95192085 0.30054642 -0.05931726
vn 0.93964789 0.34124851 -0.02472444
vn 0.90009718 0.31638009 -0.29954750
vn 0.89500588 0.31184520 -0.31893109
vn 0.64466537 0.18000269 -0.74297079
vn 0.33684271 0.07708982 -0.93839978
vn 0.14656515 0.14081178 0.97912752
vn 0.18697682 0.00867816 -0.98232599
vn -0.19967911 -0.11308713 0.97331370
vn 0.00089551 0.04107865 0.99915551
vn -0.24084811 -0.38133194 0.89251226
vn -0.47923112 -0.36985598 -0.79595482
vn -0.53171893 -0.75117247 0.39117119
vn -0.38599769 -0.62572759 0.67784273
vn -0.41613547 -0.79924569 0.43363302
vn -0.62392477 -0.72448231 -0.29299021
vn -0.66071395 -0.73295106 -0.16198707
vn -0.60087355 -0.79418420 -0.09067759
vn -0.74581605 -0.66222401 0.07223419
vn -0.69938587 -0.68535816 0.20283884
vn -0.57273194 -0.81930879 -0.02666905
vn -0.65616256 -0.74659255 0.10977365
vn -0.58337019 -0.77683710 0.23707245
vn 0.92644396 -0.37024514 0.06797155
vn 0.83676907 -0.50761061 0.20530219
vn 0.84528580 -0.34261269 0.41001031
vn 0.96160514 -0.26235988 0.08051609
vn 0.95176152 -0.29620447 0.08008072
vn 0.94871547 -0.30565856 0.08069573
vn 0.93290693 -0.36009487 -0.00404318
vn 0.90064578 -0.27468338 0.33672870
vn 0.75220344 -0.39431710 0.52792425
vn 0.84453558 -0.44118431 0.30350627
vn 0.87588432 -0.41689032 -0.24295907
vn 0.93561906 -0.17139057 -0.30861341
vn 0.94597169 -0.25037900 -0.20602890
vn 0.59235229 -0.32928007 0.73531857
vn 0.94024318 -0.03865223 -0.33830277
vn 0.45718712 -0.22156603 0.86132946
vn 0.09102543 -0.13504817 0.98664906
vn 0.70684256 -0.32058111 -0.63055638
vn -0.16301704 -0.06880335 0.98422129
vn -0.83054269 0.17214036 0.52968532
vn 0.12241867 -0.01107208 -0.99241679
vn -0.98791769 0.14164739 0.06288608
vn -0.99269922 0.12050729 -0.00512354
vn -0.98212058 0.18781308 -0.01286126
vn -0.98219638 0.18774336 -0.00653408
vn -0.76631982 0.08796522 -0.63640871
vn -0.86771534 0.04383120 -0.49512515
vn -0.97999919 0.14518454 0.13609937
vn -0.90255415 0.13529541 -0.40876786
vn -0.99861249 0.05186681 0.00910670
vn -0.93203672 0.35899643 0.04928600
vn 0.91268167 0.40085492 0.07954560
vn 0.92723331 0.36945862 -0.06114499
vn 0.80149718 0.41629080 0.42930670
vn 0.84165006 0.31791223 -0.43652834
vn 0.64886679 0.51207708 0.56280455
vn 0.54327468 0.15555499 -0.82501834
vn -0.00084155 -0.03919856 -0.99923109
vn -0.05028173 -0.08049612 0.99548587
vn -0.25961903 -0.16806755 -0.95097385
vn -0.40397230 -0.35323740 -0.84381854
vn -0.33943935 -0.60152260 0.72315385
vn -0.41913247 -0.48293394 -0.76883209
vn -0.31223930 -0.71138948 0.62962817
vn -0.58487854 -0.75253107 0.30267818
vn -0.41702456 -0.87558828 0.24379435
vn -0.61390546 -0.76071542 -0.21078933
vn -0.57664961 -0.80043853 -0.16362578
vn -0.65668072 -0.72477694 0.20849178
vn -0.64990077 -0.74642161 0.14312155
vn -0.51541112 -0.85147109 -0.09668690
vn -0.57027988 -0.82139200 0.00980004
vn -0.56311477 -0.81475996 0.13808678
vn -0.58973250 -0.78513872 0.18913688
vn 0.82414044 -0.56635596 -0.00578408
vn 0.85596559 -0.51693537 0.01003627
vn 0.79388341 -0.48768146 0.36320233
vn 0.72156211 -0.47548015 0.50325614
vn 0.62315882 -0.40560363 0.66869932
vn 0.85437243 -0.31861769 0.41052469
vn 0.56125119 -0.36151014 0.74451832
vn 0.84866886 -0.29118947 -0.44155392
vn 0.68872931 -0.36087306 -0.62882635
vn 0.51971478 -0.17915523 -0.83534421
vn -0.28316039 0.06391826 0.95694025
vn -0.63699009 0.18259919 0.74893335
vn -0.77189024 0.23492854 0.59075717
vn -0.90219614 0.20149465 0.38136863
vn -0.40699546 0.09922528 -0.90802480
vn -0.98382519 0.17689879 -0.02819256
vn -0.98677626 0.16186186 -0.00856504
vn -0.95754556 0.23008165 0.17369209
vn -0.52591718 0.15715470 -0.83589085
vn -0.67744564 0.09927785 -0.72884245
vn -0.98539841 0.14657475 0.08663611
vn -0.99076149 0.12632144 0.04934125
vn -0.97974021 0.19929849 0.01972915
vn -0.98004627 0.18996149 0.05851443
vn -0.96451077 0.09839150 -0.24502669
vn 0.91209727 0.40953001 -0.01907197
vn 0.93514250 0.35393259 -0.01549911
vn 0.87122973 0.42270106 0.24956476
vn 0.82796000 0.48252904 0.28574108
vn 0.77063612 0.29009499 -0.56741948
vn 0.46936558 0.37240493 0.80063133
vn 0.34424506 0.26853207 0.89965875
vn 0.45143804 0.17433732 -0.87510582
vn 0.64308487 -0.02135418 0.76549713
vn 0.17405832 0.13565523 -0.97534679
vn -0.03706140 -0.35215225 0.93520866
vn -0.05839980 -0.21635682 0.97456616
vn -0.27326181 -0.29162900 -0.91666816
vn -0.51920934 -0.61510091 -0.59335700
vn -0.57862358 -0.67468540 -0.45825142
vn -0.25149245 -0.90821459 0.33451130
vn -0.23204262 -0.61260571 0.75555971
vn -0.54725239 -0.81700878 0.18169059
vn -0.54784770 -0.76928200 -0.32873714
vn -0.52557716 -0.82547444 -0.20581689
vn -0.43581549 -0.88073721 0.18538292
vn -0.29283620 -0.94715924 0.13090584
vn -0.23182537 -0.94973221 0.21039422
vn -0.51149301 -0.85927052 0.00539243
vn -0.26148456 -0.95191003 0.15966563
vn -0.36234733 -0.91855633 0.15798316
vn -0.45704386 -0.88668590 -0.06999298
vn 0.83407938 -0.55100921 0.02646577
vn 0.86793570 -0.49355544 0.05559363
vn 0.87647113 -0.45305567 0.16290771
vn 0.81811946 -0.54133032 0.19401552
vn 0.77848838 -0.56852859 0.26595315
vn 0.53035488 -0.49888131 0.68544959
vn 0.87410220 -0.48255478 0.05555387
vn 0.77677732 -0.49369510 -0.39100145
vn 0.77485010 -0.60595032 -0.18008756
vn 0.76564593 -0.57537849 -0.28762112
vn 0.49118143 -0.32642550 0.80758108
vn 0.81091481 -0.42298009 -0.40435754
vn -0.12914001 0.02549548 0.99129856
vn 0.56816164 -0.30338461 -0.76495107
vn -0.55719851 0.17343379 0.81206560
vn -0.93212556 0.31557081 0.17764289
vn -0.40583213 0.06886091 -0.91134980
vn -0.97315622 0.22891030 -0.02381277
vn -0.97436562 0.20562311 0.09127311
vn -0.97705872 0.20424192 0.06034482
vn -0.91529968 0.19191725 -0.35411053
vn -0.98108000 0.19285182 0.01703557
vn -0.95940403 0.25636196 0.11756891
vn 0.91141743 0.40429086 -0.07659740
vn 0.91215273 0.40984230 -0.00258612
vn 0.88239622 0.47046340 0.00641142
vn 0.89016057 0.44619708 0.09231642
vn 0.86914768 0.45464622 -0.19462562
vn 0.82302570 0.39409164 -0.40904825
vn 0.91798407 0.36684942 -0.15075392
vn 0.89340599 0.44924935 0.00086432
vn 0.75357356 0.51687700 0.40615890
vn 0.84823001 0.39864328 -0.34869669
vn 0.57807545 0.50991187 0.63703898
vn 0.39085415 0.33459792 0.85748310
vn 0.14747067 0.09284667 0.98469889
vn 0.10595631 0.11375060 0.98784314
vn -0.00849667 -0.06787800 -0.99765745
vn -0.04692916 -0.10306073 0.99356738
vn -0.15296257 -0.22491814 -0.96229636
vn -0.09245468 -0.32241199 0.94207358
vn -0.30019968 -0.60186063 -0.74002969
vn -0.20443044 -0.64857775 0.73318149
vn -0.34457483 -0.76930333 -0.53799681
vn -0.40490539 -0.77394696 -0.48688575
vn -0.48355375 -0.80586210 -0.34170461
vn -0.23283199 -0.73725741 0.63422454
vn -0.49520705 -0.84285591 -0.21062738
vn -0.34998696 -0.91761383 0.18839845
vn -0.14914295 -0.98351973 0.10220235
vn -0.11146604 -0.97669806 0.18340180
vn -0.21378766 -0.96968879 0.11831517
vn -0.01500570 -0.99539465 0.09468009
vn -0.26631469 -0.95883636 -0.09853589
vn -0.39180673 -0.91151911 -0.12498159
vn -0.05216243 -0.98871209 0.14045458
vn 0.04640955 -0.99731055 0.05672576
vn -0.07326547 -0.92839966 0.36428867
vn -0.32897322 -0.56927116 0.75346331
vn -0.33017144 -0.94389809 -0.00657374
vn -0.10184411 -0.92945150 0.35460921
vn -0.03696046 -0.99900091 0.02512198
vn 0.14821756 -0.98645325 0.07029604
vn 0.01420744 -0.98691115 0.16063792
vn -0.67238423 -0.70699915 0.21920688
vn -0.07665070 -0.99679979 -0.02269020
vn -0.41620799 -0.56842867 0.70968990
vn -0.90812560 -0.40647673 0.10042196
vn 0.82253059 -0.56036378 0.09713839
vn 0.77128522 -0.63496451 0.04403616
vn 0.76229020 -0.61342129 0.20646544
vn 0.75461367 -0.57539119 0.31540954
vn 0.67375396 -0.60938998 0.41797064
vn 0.79180601 -0.60107569 0.10840320
vn 0.73892704 -0.56971359 0.35974054
vn 0.74429170 -0.65701862 -0.11981813
vn 0.57404125 -0.38128426 0.72463711
vn 0.12067424 -0.15568241 0.98040844
vn 0.48926019 -0.25623515 -0.83364742
vn -0.15245608 0.04872533 0.98710840
vn -0.28311461 0.10803214 0.95298225
vn 0.35630965 -0.14990808 -0.92226406
vn -0.07700705 -0.01961131 -0.99683766
vn -0.85313108 0.26173058 0.45129198
vn -0.38833978 0.02457291 -0.92118857
vn -0.97168297 0.23441964 0.02965874
vn -0.94735687 0.31625681 -0.04996590
vn -0.95935716 0.28175092 -0.01581967
vn -0.76205280 0.13257091 -0.63379846
vn -0.80476367 0.11378789 -0.58258712
vn -0.96318196 0.26346080 0.05356224
vn 0.87053892 0.49147265 -0.02483200
vn 0.84238817 0.52873440 0.10402930
vn 0.84955719 0.49105182 0.19266731
vn 0.77688944 0.62595902 0.06795654
vn 0.73033030 0.58700682 0.34934318
vn 0.70312662 0.33045654 -0.62961213
vn 0.56479579 0.35883537 -0.74313046
vn 0.42401315 0.25650795 -0.86857154
vn 0.02229805 0.04451806 0.99875970
vn -0.01964852 0.06006710 -0.99800094
vn 0.03512038 -0.05875800 0.99765428
vn -0.05728059 -0.29844534 0.95270631
vn -0.39723664 -0.81830182 -0.41543373
vn -0.30956366 -0.79214880 -0.52599488
vn -0.35569983 -0.89114515 -0.28166994
vn -0.06933765 -0.49693663 0.86501230
vn -0.40092817 -0.89441699 -0.19817881
vn -0.11708060 -0.65295167 0.74829557
vn -0.30744787 -0.93060658 -0.19861322
vn -0.25415454 -0.75537682 0.60399613
vn -0.25752432 -0.95696389 -0.13379587
vn -0.23382066 -0.97097953 0.05026587
vn -0.09323135 -0.99175001 0.08797628
vn -0.52786266 -0.50173360 0.68529147
vn -0.51717422 -0.85314028 0.06842868
vn -0.16038585 -0.97008582 -0.18223579
vn -0.31798017 -0.94349570 -0.09329777
vn -0.04746173 -0.99733143 -0.05547440
vn -0.24255786 -0.96962002 -0.03166535
vn -0.40713368 -0.91157916 -0.05714540
vn -0.45988393 -0.88797183 0.00357725
vn -0.56335123 -0.60091219 0.56704492
vn -0.74878358 -0.43747725 0.49793253
vn -0.84182717 -0.30614940 0.44452171
vn 0.74361972 -0.66505786 0.06875862
vn 0.75909569 -0.64086703 0.11429431
vn 0.72059739 -0.66532978 0.19512992
vn 0.67081519 -0.54159528 0.50663748
vn 0.65373945 -0.75626743 0.02615913
vn 0.73841782 -0.67262830 0.04806558
vn 0.73590828 -0.67639141 0.03055598
vn 0.71616672 -0.64039381 -0.27749054
vn 0.75566800 -0.65487963 0.00992670
vn 0.58535554 -0.39654245 0.70718667
vn 0.68362943 -0.58945253 -0.43034464
vn 0.78649176 -0.61279664 -0.07688301
vn 0.75796758 -0.47076030 -0.45151954
vn 0.30354475 -0.23569686 0.92320506
vn 0.02519437 -0.07327909 0.99699319
vn 0.60722614 -0.30344661 -0.73430005
vn 0.29117655 -0.37288954 -0.88100488
vn -0.20537985 0.10496257 0.97303750
vn -0.37787600 0.16503277 0.91102904
vn 0.16853800 -0.15016586 -0.97418949
vn -0.59479588 0.06989150 0.80083272
vn -0.49216903 0.07283595 0.86744716
vn -0.14035937 -0.00106425 -0.99010005
vn -0.74991097 0.17669476 0.63750491
vn -0.34186242 0.04420317 -0.93870984
vn -0.94968245 0.31321437 -0.00011421
vn -0.93770854 0.33058411 0.10684964
vn -0.95092202 0.30888750 0.01832523
vn -0.96912868 0.24516703 0.02612906
vn -0.96695072 0.25445650 0.01606827
vn -0.67236026 0.11977946 -0.73046873
vn -0.95326462 0.29969518 0.03833240
vn -0.94393527 0.32935869 0.02256226
vn -0.95102520 0.29794793 0.08232920
vn 0.87761136 0.47479621 -0.06608228
vn 0.88949950 0.45626136 -0.02482384
vn 0.82175444 0.56918558 -0.02733895
vn 0.79812444 0.57149259 0.19077108
vn 0.76846420 0.43654828 -0.46785508
vn 0.77039676 0.52045344 -0.36826221
vn 0.68013815 0.41584133 -0.60372849
vn 0.34064141 0.30059070 -0.89084716
vn 0.05628267 0.08321840 -0.99494068
vn 0.20780006 0.27555893 0.93855549
vn 0.11159432 0.09507813 0.98919505
vn 0.09446226 -0.03846821 0.99478494
vn -0.00105696 -0.13361489 0.99103277
vn -0.08027150 -0.13603871 -0.98744618
vn 0.07974910 -0.04708752 0.99570219
vn -0.15063698 -0.32073563 -0.93511345
vn -0.11185383 -0.44504876 -0.88849328
vn -0.09624713 -0.24852214 0.96383258
vn -0.22847364 -0.62995630 -0.74226333
vn 0.01566699 -0.67054897 -0.74169982
vn -0.28918857 -0.92672882 -0.23988261
vn -0.19471947 -0.48581664 0.85209537
vn -0.25273459 -0.86759254 -0.42826207
vn -0.14363622 -0.98067185 -0.13285844
vn -0.23108258 -0.95993993 -0.15848081
vn -0.20885114 -0.25932324 0.94293831
vn -0.24675629 -0.84516112 -0.47414557
vn -0.36166458 -0.50515579 0.78359196
vn -0.18773164 -0.97823507 -0.08839107
vn -0.30063085 -0.95350040 0.02140294
vn -0.38175308 -0.92412634 -0.01597178
vn -0.59521943 -0.60116448 0.53321206
vn -0.48309578 -0.86743774 -0.11903882
vn -0.63101582 -0.77406864 -0.05134954
vn -0.67641121 -0.73649835 0.00616972
vn -0.81539815 -0.57112944 -0.09453587
vn -0.98704561 -0.15693289 -0.03336225
vn -0.97321995 0.13973312 0.18253106
vn 0.46570913 -0.87704675 0.11791524
vn 0.64247627 -0.75616909 0.12422780
vn 0.52481630 -0.84741786 0.08031701
vn 0.63235008 -0.75166605 0.18743406
vn 0.63866661 -0.72812967 0.24886169
vn 0.57524671 -0.77771802 0.25346775
vn 0.59756389 -0.72481019 0.34288129
vn 0.63131187 -0.77296717 0.06298475
vn 0.63985760 -0.76416603 0.08144031
vn 0.54036655 -0.83688523 0.08733329
vn 0.69557806 -0.71424340 0.07763712
vn 0.62978168 -0.67866912 0.37786671
vn 0.67172007 -0.73860623 0.05703494
vn 0.54919033 -0.58968046 0.59217138
vn 0.45982244 -0.53596317 0.70803023
vn 0.78435219 -0.60499090 -0.13703157
vn 0.68376557 -0.64581979 -0.33967844
vn 0.36541712 -0.35116820 0.86206219
vn 0.04117251 -0.05170641 0.99781324
vn 0.67083524 -0.46270381 -0.57955609
vn 0.51039642 -0.34924264 -0.78582764
vn -0.19892423 0.07564272 0.97709126
vn 0.18832747 -0.11547344 -0.97529414
vn -0.72270847 0.23139224 0.65126807
vn -0.88006122 0.33266459 0.33886062
vn -0.52816187 0.08478295 -0.84490052
vn -0.96285086 0.26761660 0.03604958
vn -0.95477607 0.29728127 0.00514822
vn -0.70797113 0.13628761 -0.69296650
vn -0.95148955 0.30726584 0.01597934
vn -0.95172805 0.30184611 0.05570136
vn -0.94948747 0.31313800 -0.02044836
vn -0.95747158 0.24780209 -0.14779143
vn -0.97070385 0.22074687 -0.09489387
vn -0.95498071 0.28536551 0.08110719
vn 0.83190429 0.53922301 -0.13104886
vn 0.80588311 0.56710457 -0.17013176
vn 0.82763108 0.56064984 -0.02643006
vn 0.82534948 0.56167867 -0.05757866
vn 0.79000982 0.61261515 0.02423136
vn 0.75599204 0.65068261 0.07133143
vn 0.71155549 0.61578591 0.33837331
vn 0.75185940 0.56392669 -0.34160522
vn 0.67601586 0.59172313 0.43916545
vn 0.67981303 0.48469433 -0.55038682
vn 0.43722153 0.46773485 -0.76815457
vn 0.41934902 0.46863975 0.77751089
vn 0.04230689 0.08637950 -0.99536361
vn 0.12051185 0.07759107 0.98967496
vn -0.10143439 -0.08546744 -0.99116415
vn 0.09001372 -0.03266231 0.99540479
vn 0.09917765 0.03237353 0.99454298
vn -0.06189457 -0.19633383 -0.97858167
vn 0.09381459 -0.11265657 0.98919529
vn -0.25822538 -0.61155124 -0.74788016
vn -0.12268923 -0.12946163 0.98396496
vn -0.19968526 -0.20489853 0.95819747
vn 0.28067992 -0.61786899 -0.73447716
vn -0.18097068 -0.72004205 -0.66991721
vn -0.17083461 -0.84044460 -0.51426492
vn -0.46698395 -0.18985245 0.86364462
vn -0.25469831 -0.61844330 -0.74340881
vn -0.09387597 -0.98380967 -0.15266247
vn -0.41185046 -0.85358848 -0.31900770
vn 0.11310920 -0.77951758 -0.61608331
vn -0.59712595 -0.79577546 0.10090597
vn -0.97134857 -0.19719025 0.13265727
vn -0.84021389 -0.53740520 -0.07236207
vn -0.88812928 -0.45366752 -0.07356743
vn -0.97356066 -0.22049966 -0.05966190
vn 0.33703446 -0.94083429 0.03519394
vn 0.44081056 -0.88322351 0.16000711
vn 0.60036694 -0.63825154 0.48186566
vn 0.40197911 -0.91468354 0.04203343
vn 0.46462867 -0.83910569 0.28288134
vn 0.52467417 -0.65453046 0.54434080
vn 0.48631755 -0.87258545 -0.04571502
vn 0.48700929 -0.86708574 0.10480582
vn 0.54355225 -0.79208312 0.27776842
vn 0.46582525 -0.58759452 0.66161886
vn 0.42123940 -0.60351689 0.67699685
vn 0.58456282 -0.81017044 -0.04370557
vn 0.53915902 -0.84058047 0.05226877
vn 0.57433635 -0.81542856 0.07220813
vn 0.61334652 -0.78614669 -0.07602255
vn 0.39408314 -0.47739900 0.78535895
vn 0.64331927 -0.72546074 -0.24463653
vn 0.62524649 -0.70853489 -0.32717753
vn 0.19342188 -0.12134451 0.97358281
vn 0.64645119 -0.66848473 -0.36773499
vn 0.53152178 -0.48994447 -0.69096962
vn 0.37338835 -0.30297370 -0.87680561
vn -0.17030510 0.03672191 0.98470690
vn 0.27998471 -0.16724300 -0.94532446
vn -0.50413498 0.25502217 0.82511309
vn -0.69094301 0.33680363 0.63965700
vn -0.03887664 0.00685648 -0.99922049
vn -0.92189187 0.23554994 0.30762250
vn -0.79352594 0.39725812 0.46098001
vn -0.34927605 0.09854425 -0.93182363
vn -0.96882582 0.24561874 0.03237244
vn -0.91036790 0.37040927 0.18446479
vn -0.93772072 0.34713677 0.01326300
vn -0.95873942 0.28390656 0.01468945
vn -0.95826211 0.28581852 -0.00644250
vn -0.77566653 0.25569744 -0.57702709
vn -0.96370659 0.25116773 0.09046759
vn -0.85012906 0.20991183 -0.48292608
vn 0.71573622 0.68896128 0.11425420
vn 0.75184885 0.63380085 0.18171350
vn 0.79052537 0.61200566 -0.02277531
vn 0.70845795 0.69058881 0.14551437
vn 0.69568244 0.66201999 0.27884668
vn 0.53459660 0.60198394 0.59314569
vn 0.74176343 0.58233278 -0.33267934
vn 0.63360928 0.47806145 -0.60827340
vn 0.53031226 0.50480597 0.68113130
vn 0.26702378 0.22235902 -0.93768586
vn 0.23578321 0.27631975 0.93169398
vn 0.01513978 0.02125627 -0.99965942
vn -0.01263146 -0.07336929 -0.99722485
vn -0.00881023 -0.05750096 0.99830658
vn -0.06988514 -0.30756569 -0.94895701
vn -0.23615251 -0.07212351 0.96903570
vn -0.14262201 -0.48424521 -0.86322972
vn -0.32309735 -0.06017475 0.94445069
vn -0.27181140 -0.44405284 -0.85377728
vn -0.79632695 -0.19929377 0.57109139
vn -0.90969463 -0.18647198 0.37105780
vn -0.48482221 -0.49151022 -0.72343979
vn -0.75632953 -0.43844454 -0.48552242
vn -0.54511911 -0.83680202 -0.05106406
vn -0.89455102 -0.41854019 -0.15685213
vn -0.93893834 -0.31269571 -0.14358340
vn -0.98956143 -0.14337965 -0.01450678
vn -0.94043141 -0.33605223 -0.05155249
vn 0.24662616 -0.94371337 0.22041011
vn 0.37538753 -0.92094099 0.10465132
vn 0.36415412 -0.92027950 0.14309935
vn 0.36217676 -0.91520171 0.17673094
vn 0.28306268 -0.94185653 0.18105744
vn 0.20339573 -0.95926096 0.19608312
vn 0.21259367 -0.78935339 0.57595587
vn 0.23675574 -0.97148105 -0.01308789
vn 0.30356139 -0.94323906 0.13472398
vn 0.35445811 -0.92941286 0.10271897
vn 0.29945639 -0.94847424 0.10354944
vn 0.21590455 -0.86883985 0.44553624
vn 0.22912857 -0.97320790 -0.01914343
vn 0.27769980 -0.95928107 0.05160081
vn 0.32713701 -0.93900781 0.10604578
vn 0.23270059 -0.90590700 0.35381202
vn 0.24272642 -0.78286767 0.57288925
vn 0.01711842 -0.96665525 -0.25550849
vn 0.37351328 -0.89527348 0.24284403
vn 0.38309262 -0.80907589 0.44568626
vn 0.29863815 -0.95125922 -0.07694904
vn 0.31404093 -0.94885998 0.03229616
vn 0.36824655 -0.87955139 0.30130356
vn 0.25040356 -0.78834451 0.56197063
vn 0.38280127 -0.92262929 0.04709976
vn 0.44683917 -0.89427264 -0.02472261
vn 0.40707811 -0.89054026 -0.20304053
vn 0.54180906 -0.83072806 -0.12780387
vn 0.29369554 -0.25697327 0.92071041
vn 0.57067094 -0.75840615 -0.31488854
vn 0.55332694 -0.76224572 -0.33587312
vn 0.33773110 -0.36948993 0.86568753
vn 0.20977952 -0.19475907 0.95815524
vn 0.57573492 -0.64496300 -0.50254555
vn 0.43399086 -0.39974634 -0.80737525
vn -0.23348034 0.10966355 0.96615777
vn -0.39549119 0.18757452 0.89911207
vn -0.03434581 0.01752815 -0.99925629
vn -0.69305038 0.32913596 0.64136626
vn -0.28239726 0.14434157 -0.94837614
vn -0.94745808 0.30865125 0.08400949
vn -0.92628164 0.37376155 0.04800648
vn -0.87220352 0.39422253 0.28956797
vn -0.57352675 0.21992281 -0.78911407
vn -0.94057236 0.33784000 0.03446416
vn -0.96706932 0.25390860 0.01753130
vn -0.95806812 0.27076478 0.09376522
vn -0.92096060 0.38596992 0.05346767
vn -0.65568565 0.19437139 -0.72958625
vn -0.96067057 0.27738497 -0.01302467
vn -0.95360799 0.29973350 -0.02813600
vn -0.75030370 0.30364938 -0.58723199
vn -0.92561236 0.34749056 -0.14997355
vn -0.92950666 0.32328859 -0.17748764
vn 0.72029029 0.69365482 -0.00498892
vn 0.88931730 0.45707997 -0.01387973
vn 0.74236210 0.66999051 -0.00335179
vn 0.70555522 0.70723422 0.04485072
vn 0.63594867 0.64061520 0.43032715
vn 0.52199926 0.83136170 0.19066853
vn 0.45975633 0.48954494 0.74092500
vn 0.32334671 0.47008034 0.82126207
vn 0.24089964 0.23452697 -0.94178791
vn 0.20719668 0.26906969 0.94056953
vn 0.14583099 0.20348032 0.96815757
vn -0.03753031 0.03049718 -0.99883001
vn 0.10117608 0.18619082 0.97729032
vn -0.06797616 0.10776650 0.99184960
vn -0.04078414 -0.21502984 -0.97575551
vn -0.13255046 -0.00944803 0.99113123
vn -0.19858030 -0.36754096 -0.90855903
vn -0.58261666 -0.02264381 0.81243159
vn -0.98718791 -0.06532626 0.14557647
vn -0.94122428 -0.33693668 -0.02388569
vn -0.93032008 -0.36337497 0.04963049
vn -0.96268777 -0.26303447 0.06360126
vn -0.99479052 -0.05870546 0.08333960
vn -0.87639803 -0.30759465 -0.37055637
vn -0.86049324 -0.49826337 0.10623081
vn 0.65002788 -0.72751488 0.21951275
vn 0.41345837 -0.90899615 0.05270838
vn 0.48280280 -0.86169203 0.15616757
vn 0.51814577 -0.74823124 0.41433678
vn 0.49466844 -0.86070196 0.12039628
vn 0.49894756 -0.85772396 0.12393926
vn 0.52261715 -0.84741662 0.09357553
vn 0.39832235 -0.90992520 0.11565221
vn 0.30019566 -0.94571669 0.12450909
vn 0.40633858 -0.85848992 0.31286422
vn 0.28312073 -0.80067789 0.52797497
vn 0.40565551 -0.58134118 0.70532690
vn 0.43521618 -0.89240001 0.11920190
vn 0.45667717 -0.88392082 0.10064769
vn 0.43858233 -0.89128245 0.11515702
vn 0.23705379 -0.62980652 0.73969537
vn 0.20222239 -0.92500657 -0.32166590
vn 0.40320098 -0.89834602 -0.17436569
vn 0.37929895 -0.90986127 -0.16818076
vn 0.32709643 -0.94307025 -0.06021984
vn 0.41097461 -0.90681005 0.09378385
vn 0.21390821 -0.94862501 -0.23313917
vn 0.38141535 -0.88679632 -0.26098779
vn 0.21239240 -0.58729817 0.78100597
vn 0.24783673 -0.90867679 -0.33598132
vn 0.31421434 -0.64769567 0.69408909
vn 0.23796551 -0.45625398 0.85744080
vn 0.27365698 -0.89375763 -0.35539998
vn 0.26511303 -0.90881417 -0.32213644
vn 0.38406901 -0.87890066 -0.28288625
vn 0.21028237 -0.21788429 0.95305181
vn 0.39379746 -0.86205582 -0.31903497
vn 0.40843557 -0.77576158 -0.48101388
vn 0.54029190 -0.79271150 -0.28229974
vn 0.15435173 -0.08231311 0.98458118
vn 0.55873192 -0.68073688 -0.47372561
vn 0.02388225 0.01848988 0.99954378
vn 0.51806074 -0.51774849 -0.68084475
vn -0.12272347 0.09107095 0.98825353
vn 0.29101531 -0.22224201 -0.93054746
vn -0.37629961 0.22179303 0.89955903
vn -0.62218737 0.28721373 0.72827958
vn -0.13925438 -0.00396636 -0.99024870
vn -0.72590845 0.41612509 0.54762836
vn -0.87611197 0.35908921 0.32168737
vn -0.49756722 0.22233135 -0.83844835
vn -0.88161339 0.45877064 0.11084822
vn -0.96014364 0.27921821 0.01270362
vn -0.95214134 0.30541707 -0.01213589
vn -0.95902468 0.27991777 0.04379151
vn -0.94354999 0.32766535 0.04846476
vn -0.92897792 0.36815857 -0.03820069
vn -0.95540591 0.29177069 0.04549083
vn -0.97132818 0.05407642 -0.23151094
vn 0.74951760 0.64176335 -0.16236743
vn 0.74055885 0.67114940 -0.03363140
vn 0.68012528 0.73096258 0.05588663
vn 0.67407209 0.73864570 0.00541725
vn 0.69392945 0.71726320 0.06320926
vn 0.70153503 0.69723633 0.14734352
vn 0.64747596 0.52294882 -0.55434594
vn 0.66749436 0.50174566 -0.55018413
vn 0.73094036 0.58499613 -0.35143381
vn 0.55040741 0.60131773 0.57919657
vn 0.40929172 0.60040943 0.68701441
vn 0.51977870 0.31335536 -0.79475689
vn 0.23861633 0.31824503 -0.91748698
vn 0.14890996 0.15818947 -0.97611573
vn 0.12800295 0.31180930 0.94148298
vn 0.02631982 -0.02967978 -0.99921288
vn -0.03192408 0.26855737 0.96273454
vn -0.23481549 0.18167722 0.95491103
vn -0.40289434 -0.21811453 0.88887693
vn -0.37684587 0.09809943 0.92106660
vn -0.23190732 -0.20319389 -0.95127874
vn -0.66205775 -0.28340858 -0.69380048
vn -0.99751334 -0.06481112 0.02768845
vn -0.83127974 -0.11422276 -0.54399187
vn -0.97597958 -0.19770856 0.09151606
vn -0.99659665 -0.06011243 0.05640583
vn -0.94761813 -0.26395282 -0.17985767
vn 0.77339191 -0.59805786 -0.21021833
vn 0.73749374 -0.60670933 0.29665936
vn 0.85906501 -0.46111566 0.22221534
vn 0.81192249 -0.58376267 -0.00173638
vn 0.85145883 -0.52341102 -0.03253874
vn 0.64860544 -0.76112426 -0.00091756
vn 0.77315035 -0.63065024 0.06722216
vn 0.57937916 -0.81453792 0.02911640
vn 0.62203219 -0.55376680 0.55355062
vn 0.89861590 -0.43650051 -0.04423533
vn 0.79373436 -0.60817074 0.01068266
vn 0.65342804 -0.75344330 0.07317779
vn 0.61796547 -0.78409056 0.05762526
vn 0.56310212 -0.42200415 0.71051285
vn 0.57954894 -0.81379641 -0.04310959
vn 0.67779365 -0.73112368 0.07780700
vn 0.16902819 -0.42022687 0.89153735
vn 0.28566027 -0.87452829 -0.39191643
vn 0.18043363 -0.54015655 0.82199429
vn 0.16269890 -0.39566580 0.90386815
vn 0.19553478 -0.33162768 0.92292428
vn 0.27498843 -0.88844722 -0.36748184
vn 0.34793606 -0.49867221 0.79389327
vn 0.28087955 -0.70110123 -0.65541112
vn 0.33975981 -0.58471249 -0.73666449
vn 0.30590088 -0.35013956 -0.88534001
vn 0.18354552 -0.30701971 -0.93383614
vn -0.26196948 0.17060672 0.94987649
vn 0.16467002 -0.11310299 -0.97984259
vn 0.09522915 -0.10940855 -0.98942467
vn -0.60599675 0.41906794 0.67612868
vn -0.13371388 0.04868484 -0.98982341
vn -0.78535530 0.46500911 0.40863624
vn -0.89621704 0.43677917 0.07758200
vn -0.85763641 0.48924853 0.15841610
vn -0.60122799 0.29161388 -0.74396656
vn -0.92730984 0.37241742 0.03743965
vn -0.78013915 0.41977895 -0.46386262
vn -0.75835673 0.38491968 -0.52605315
vn -0.95003705 0.31192139 0.01160363
vn -0.94032997 0.34018437 0.00735849
vn -0.92879581 0.37053301 0.00660510
vn -0.82259681 0.45686800 -0.33853525
vn -0.92328653 0.38045063 -0.05290851
vn 0.65067900 0.67847536 -0.34101030
vn 0.65622276 0.75427587 0.02096667
vn 0.64578577 0.71957417 0.25529150
vn 0.68168989 0.73109276 -0.02832439
vn 0.63303568 0.77288290 0.04379327
vn 0.66731190 0.74475232 -0.00622995
vn 0.66154808 0.73839733 0.13085686
vn 0.67480986 0.57002881 -0.46872039
vn 0.53397093 0.71069063 0.45803261
vn 0.43400045 0.42186799 -0.79603456
vn 0.32212254 0.61471046 0.71997786
vn 0.37295899 0.76350669 0.52721829
vn 0.19454274 0.45008942 0.87153464
vn 0.02649047 0.03595972 -0.99900208
vn 0.06561213 0.34221484 0.93732815
vn 0.04754244 -0.02763786 -0.99848679
vn -0.09831098 0.25671714 0.96147349
vn 0.00302725 -0.10066110 -0.99491617
vn -0.59784117 0.20502257 0.77495269
vn -0.86866274 0.04638592 0.49322753
vn -0.99397126 0.00131823 0.10963298
vn -0.98290810 0.08267501 0.16448865
vn -0.99741352 -0.05237098 0.04922948
vn -0.95565225 -0.12200149 -0.26803808
vn -0.97694259 -0.13357309 -0.16655751
vn -0.97507968 -0.20744205 0.07866007
vn 0.97381835 -0.22409894 -0.03817694
vn 0.91006465 -0.39147473 -0.13612448
vn 0.76066045 -0.44812610 0.46965805
vn 0.88901377 -0.45660841 0.03410689
vn 0.90376371 -0.42756829 0.01991247
vn 0.82635824 -0.56096125 0.04954321
vn 0.92382456 -0.38187761 0.02678931
vn 0.75439102 -0.31750416 0.57453050
vn 0.60239644 -0.30991443 0.73557567
vn 0.80805563 -0.57242056 -0.13921494
vn 0.93810904 -0.32420349 -0.12183406
vn 0.42255945 -0.32374055 0.84654330
vn 0.74593144 -0.53789990 -0.39274672
vn 0.69982629 -0.65731244 -0.27961318
vn 0.29182236 -0.31428102 0.90336435
vn 0.57315003 -0.59648309 -0.56187807
vn 0.51505768 -0.78127022 -0.35260804
vn 0.12952280 -0.30615480 0.94312941
vn 0.44435751 -0.73636455 -0.51020942
vn 0.26601818 -0.80019793 -0.53751056
vn 0.12546056 -0.30974338 0.94250660
vn 0.13074759 -0.34244967 0.93039416
vn 0.09479062 -0.16407203 0.98188345
vn 0.23256736 -0.84769091 -0.47679403
vn 0.20390531 -0.69024377 -0.69425223
vn 0.04277208 -0.63999760 -0.76718552
vn 0.26313555 -0.73987517 -0.61914814
vn 0.29903115 -0.60185528 -0.74050698
vn 0.04591296 0.08429461 0.99538255
vn 0.36870554 -0.45121708 -0.81268652
vn -0.06329889 0.15431172 0.98599247
vn 0.28888481 -0.46927566 -0.83446146
vn -0.27446947 0.16933905 0.94656791
vn -0.51184734 0.41078761 0.75449708
vn -0.00869327 -0.00219199 -0.99995981
vn -0.66300684 0.63919383 0.38968343
vn -0.83328459 0.50178236 0.23205872
vn -0.39143535 0.19219358 -0.89991110
vn -0.91493796 0.39911315 0.05997686
vn -0.87476357 0.47927383 0.07131125
vn -0.86596533 0.49169338 0.09133271
vn -0.92709414 0.37444920 0.01685984
vn -0.89928648 0.43702353 0.01715389
vn -0.89553720 0.44384187 0.03189853
vn -0.78056111 0.34225736 -0.52305282
vn -0.92433216 0.36720949 -0.10376536
vn -0.91705748 0.39502425 -0.05441902
vn 0.55287459 0.82074445 -0.14390357
vn 0.42840065 0.88403121 0.18698046
vn 0.60372334 0.69798993 -0.38513398
vn 0.66219713 0.70785168 -0.24584744
vn 0.66758204 0.72824769 -0.15488551
vn 0.63371521 0.77321429 0.02333882
vn 0.65095250 0.75899100 -0.01391083
vn 0.65487903 0.75559638 0.01440745
vn 0.46075545 0.87865127 0.12520531
vn 0.46390495 0.85791650 0.22084266
vn 0.50840955 0.51075433 -0.69328908
vn 0.46408275 0.69792753 -0.54545793
vn 0.32428470 0.91840565 0.22665059
vn 0.39403617 0.86076218 0.32221726
vn 0.29617787 0.31921024 -0.90021302
vn 0.28433945 0.63892289 0.71479271
vn 0.10122176 0.21192249 -0.97203036
vn 0.04329300 0.54715626 0.83591013
vn 0.08616165 0.10637108 -0.99058637
vn -0.09860832 0.40197121 0.91032717
vn 0.02273603 0.04556895 -0.99870243
vn -0.06283509 0.02493572 -0.99771236
vn -0.33917035 0.33653069 0.87847059
vn -0.32528094 -0.06446745 -0.94341733
vn -0.51463783 -0.00147369 -0.85740640
vn -0.91148418 0.23947091 0.33444024
vn -0.58023434 -0.17446720 -0.79554341
vn -0.99922465 0.02708570 0.02857386
vn -0.99204489 0.12377287 0.02296099
vn -0.99196874 0.00476726 0.12639343
vn -0.99438952 0.04070644 0.09763435
vn -0.99241457 -0.02278210 0.12080686
vn 0.91775666 -0.38027987 0.11449859
vn 0.93840520 -0.17387636 0.29860121
vn 0.91372970 -0.40596945 -0.01693674
vn 0.92932036 -0.01909114 0.36878069
vn 0.89632953 -0.30297589 0.32372671
vn 0.72605714 -0.13758113 0.67373026
vn 0.93008597 -0.24045442 -0.27770804
vn 0.89223484 -0.36596696 -0.26454713
vn 0.49627096 -0.18021896 0.84925630
vn 0.32751782 -0.08127979 0.94134248
vn 0.88157186 -0.29749824 -0.36650490
vn 0.74932863 -0.39088783 -0.53452157
vn 0.18125412 -0.11348896 0.97686601
vn 0.23378402 -0.56574573 -0.79074446
vn 0.04428918 -0.08800714 0.99513477
vn 0.26548282 -0.69113131 -0.67220263
vn 0.07106437 -0.04573342 0.99642276
vn -0.02051581 0.06900589 0.99740528
vn 0.15201378 -0.44425441 -0.88290987
vn -0.07082660 0.23398573 0.96965678
vn -0.22757266 0.24170570 0.94328630
vn 0.00554170 -0.02686963 -0.99962359
vn -0.55950990 0.38963766 0.73152660
vn -0.70583185 0.49000405 0.51156371
vn -0.20274268 0.04019438 -0.97840678
vn -0.84222341 0.53129305 0.09158292
vn -0.77755054 0.57848205 0.24652318
vn -0.47503208 0.19565987 -0.85794040
vn -0.83721311 0.54083250 0.08108284
vn -0.78642417 0.60596648 0.11975659
vn -0.88017397 0.47385727 0.02744216
vn -0.83035980 0.55639858 0.03038457
vn -0.70560169 0.37175388 -0.60326223
vn -0.78014349 0.45704450 -0.42718434
vn -0.87080171 0.49092554 -0.02639116
vn -0.89097961 0.45396320 0.00852985
vn -0.87481015 0.43198029 -0.21931763
vn -0.88671250 0.45942033 -0.05170983
vn 0.63386600 0.77170005 -0.05189340
vn 0.49209359 0.79086695 -0.36383151
vn 0.60457184 0.78428196 -0.13926486
vn 0.61755310 0.78177201 -0.08637532
vn 0.54905491 0.83550277 0.02176772
vn 0.41675649 0.90704024 0.05993352
vn 0.35611183 0.69477945 -0.62487269
vn 0.47474074 0.86448790 0.16517231
vn 0.46419285 0.84770855 0.25673958
vn 0.35879529 0.48813287 -0.79560810
vn 0.33615378 0.83954142 0.42681476
vn 0.37309060 0.79391307 0.48010982
vn 0.22914040 0.35951856 -0.90456679
vn 0.37425585 0.71344489 0.59239256
vn 0.34429110 0.78909025 0.50872411
vn 0.21140426 0.40905932 -0.88768165
vn 0.18383125 0.69392112 0.69618930
vn 0.10072668 0.77940656 0.61836845
vn 0.04897920 0.11930783 -0.99164847
vn 0.05195148 0.05034753 -0.99737965
vn -0.05982197 0.59211190 0.80363227
vn -0.26505355 0.53767081 0.80041034
vn -0.24387461 0.07098771 -0.96720521
vn -0.64142634 0.36775317 0.67329775
vn -0.71026488 0.54732195 0.44267650
vn -0.78629230 0.30055279 0.53982631
vn -0.43837046 0.03375962 -0.89816014
vn -0.98566040 0.15635423 0.06345805
vn -0.92771132 -0.05693680 -0.36893077
vn -0.96601569 0.24274209 0.08882550
vn -0.98571681 0.09082620 0.14182020
vn -0.99816089 0.02657379 0.05448554
vn -0.99188737 0.04869759 0.11742229
vn 0.98993271 -0.12549841 0.06544747
vn 0.89557501 -0.07853960 0.43792343
vn 0.96193713 -0.26349051 -0.07245488
vn 0.97246772 -0.23255569 -0.01497930
vn 0.96672212 -0.25322683 -0.03639395
vn 0.77389357 0.10293373 0.62489471
vn 0.95743928 -0.15774546 -0.24171554
vn 0.47085652 0.19654099 0.86003824
vn 0.94873334 -0.05357078 -0.31150478
vn 0.78537506 -0.21147855 -0.58177559
vn 0.03368335 0.04547048 0.99839765
vn 0.00606128 -0.05131385 0.99866418
vn -0.05540419 -0.02197172 -0.99822223
vn -0.10151312 0.20328210 0.97384366
vn 0.16869720 -0.34884997 -0.92187036
vn -0.15098736 0.31031288 0.93856738
vn 0.11141640 -0.21228709 -0.97083499
vn -0.37682558 0.36236846 0.85246207
vn -0.77126644 0.52751474 0.35619696
vn -0.69202805 0.49663378 0.52388173
vn -0.79512992 0.59564916 0.11388804
vn -0.78515817 0.59127804 0.18416547
vn -0.80212057 0.58927475 0.09673602
vn -0.77344711 0.63029780 0.06711369
vn -0.78186762 0.61551107 0.09914203
vn -0.78225521 0.62272389 0.01708024
vn -0.76142190 0.64804924 0.01639706
vn -0.77231042 0.63426736 0.03523522
vn -0.71526551 0.37365417 -0.59057414
vn -0.66635644 0.35706154 -0.65458090
vn -0.83432190 0.55093606 0.01940164
vn -0.83653106 0.54769251 0.01577013
vn -0.85126379 0.45237644 -0.26590510
vn -0.86587293 0.49849384 -0.04204713
vn 0.40211979 0.88345405 0.24043422
vn 0.53280984 0.84579879 -0.02716773
vn 0.51327196 0.85735816 0.03858606
vn 0.38027750 0.74403177 -0.54936850
vn 0.42499313 0.81911379 -0.38527061
vn 0.43785791 0.79369620 -0.42228757
vn 0.42445232 0.89431555 -0.14156246
vn 0.37911524 0.92277936 0.06891947
vn 0.38261436 0.92313432 0.03780577
vn 0.45178785 0.89212516 0.00066283
vn 0.52667186 0.83980283 0.13171166
vn 0.55808388 0.81658372 0.14742258
vn 0.48807614 0.82131878 0.29532547
vn 0.38814863 0.87146594 0.29981287
vn 0.28651100 0.53653522 -0.79375148
vn 0.22650847 0.81647875 0.53108979
vn 0.13751514 0.89573478 0.42278692
vn 0.13960142 0.26933010 -0.95287604
vn 0.09457763 0.38854604 -0.91656262
vn 0.00564073 0.72194616 0.69192624
vn 0.02246155 0.10989569 -0.99368930
vn -0.50974825 0.66236149 0.54903003
vn -0.04457899 0.11882989 -0.99191339
vn -0.97500522 0.21779738 0.04392176
vn -0.91939157 0.39319429 0.01083490
vn -0.86513655 0.49169561 0.09886441
vn -0.94542116 0.30561262 0.11304754
vn -0.97129359 0.21524755 0.10127813
vn -0.92339890 0.37872843 0.06244396
vn -0.89949367 0.26414254 -0.34805152
vn -0.95175200 0.05644844 -0.30163174
vn -0.95769591 0.28117644 0.06130544
vn -0.94341064 0.06202549 -0.32577479
vn -0.93574075 0.29298094 -0.19634516
vn 0.99720276 -0.01886485 0.07232402
vn 0.98782536 0.15518891 -0.01083824
vn 0.99279341 0.02122133 0.11794446
vn 0.98602329 -0.02497792 0.16472456
vn 0.93397545 0.13340559 0.33150086
vn 0.99479501 -0.10075418 -0.01521436
vn 0.95432521 -0.19309218 -0.22798859
vn 0.75448400 -0.11563177 -0.64605201
vn 0.53983425 -0.38219117 -0.75000593
vn 0.11470839 0.05852016 0.99167403
vn 0.31154315 -0.40365376 -0.86023515
vn 0.12516880 -0.40377912 -0.90625338
vn -0.04308496 0.13818349 0.98946905
vn -0.24880562 0.39470351 0.88448002
vn -0.29778934 0.44580486 0.84414426
vn -0.52214117 0.53397169 0.66501341
vn -0.06491595 0.01358541 -0.99779825
vn -0.78049753 0.52135398 0.34498353
vn -0.74211368 0.60986272 0.27809126
vn -0.77415472 0.62480415 0.10150987
vn -0.75505349 0.62952721 0.18327496
vn -0.46286769 0.28817741 -0.83827638
vn -0.76213329 0.64349857 0.07115076
vn -0.57806675 0.39900710 -0.71178098
vn -0.74968391 0.66115441 0.02913566
vn -0.75301547 0.65697051 0.03684357
vn -0.66558906 0.38549371 -0.63905071
vn -0.85169197 0.52399504 -0.00706963
vn -0.79952070 0.60057362 0.00883050
vn -0.74999621 0.66079630 0.02922226
vn -0.80316303 0.47573570 -0.35861495
vn -0.83400768 0.53954017 -0.11544515
vn 0.46159306 0.88188107 -0.09600848
vn 0.40113394 0.91259612 -0.07911941
vn 0.37706543 0.92601460 0.01784999
vn 0.37500800 0.92528028 0.05679258
vn 0.41362859 0.90951631 -0.04112753
vn 0.31043247 0.72636398 -0.61321044
vn 0.40101803 0.85822833 -0.32035709
vn 0.25416299 0.96697383 -0.01904701
vn 0.55612451 0.82739394 0.07838879
vn 0.41266899 0.90554636 0.09843827
vn 0.22404222 0.86554382 0.44792742
vn 0.20610863 0.50336929 -0.83912966
vn 0.08833422 0.95653746 0.27790852
vn 0.02264130 0.86521668 0.50088668
vn -0.07693008 0.95111470 0.29910297
vn -0.15105591 0.93334463 0.32565305
vn -0.13549929 0.82132196 0.55413913
vn -0.00795517 0.21654552 -0.97624011
vn -0.41813943 0.81984650 0.39116637
vn -0.06407978 0.26549488 -0.96198038
vn -0.26570867 0.25425865 -0.92992013
vn -0.65018978 0.74457274 0.15121072
vn -0.72344528 0.68717828 0.06642996
vn -0.54077627 0.82988960 0.13727447
vn -0.58764917 0.10204413 -0.80265525
vn -0.58525575 0.30550156 -0.75109554
vn -0.90037875 0.43071933 0.06163570
vn -0.67689597 0.73553937 -0.02817242
vn -0.65913553 0.75171934 -0.02140995
vn -0.90819259 0.41295677 0.06821236
vn -0.81420878 0.57773442 0.05733240
vn -0.81748408 0.27960169 -0.50353022
vn -0.98199791 0.13781382 -0.12917995
vn -0.87683892 0.47300556 -0.08613502
vn -0.94150051 0.33699391 -0.00344896
vn -0.85775533 0.51318119 0.03001438
vn 0.97568146 0.12561621 0.17962808
vn 0.97589827 0.11197090 0.18731014
vn 0.94643254 0.08967711 -0.31019907
vn 0.97276934 -0.05917818 -0.22409319
vn 0.68730070 0.38775932 0.61421532
vn 0.95748656 0.24667496 -0.14956923
vn 0.77490586 -0.11494774 -0.62153674
vn 0.30565777 0.23897099 0.92166490
vn 0.08716208 0.27217324 0.95829249
vn -0.11455008 0.28561334 0.95147428
vn -0.15548417 0.35165868 0.92312559
vn 0.00633915 -0.23381022 -0.97226159
vn -0.11179858 0.33325684 0.93618425
vn -0.01817521 0.02181997 -0.99959669
vn -0.06494963 -0.01838832 -0.99771911
vn -0.26913606 0.54488062 0.79414790
vn -0.02123359 0.01031235 -0.99972136
vn -0.09313147 0.12069475 -0.98831134
vn -0.59023949 0.68601367 0.42544399
vn -0.57352929 0.78244044 0.24259250
vn -0.73772379 0.67357065 0.04545533
vn -0.72034452 0.68426142 0.11353454
vn -0.27437472 0.24693974 -0.92937575
vn -0.38419027 0.39152603 -0.83612511
vn -0.73733828 0.67485295 0.03009567
vn -0.75001623 0.66062350 0.03243827
vn -0.72297593 0.69070824 0.01509740
vn -0.74250590 0.66946706 0.02233467
vn -0.71103878 0.70314243 0.00381899
vn -0.76098008 0.64706826 0.04703169
vn -0.72405974 0.68770383 0.05292391
vn -0.71850902 0.56067483 -0.41156837
vn -0.76060303 0.63336045 -0.14260986
vn -0.76861675 0.63943610 -0.01870192
vn -0.74126117 0.67112171 0.01129332
vn 0.37846523 0.90925812 -0.17324474
vn 0.32111780 0.90775107 -0.26994696
vn 0.30655975 0.94320035 -0.12803992
vn 0.28814065 0.95575080 -0.05929056
vn 0.22776291 0.86630202 -0.44457268
vn 0.21878276 0.97261843 -0.07840597
vn 0.20351754 0.97545192 -0.08410804
vn 0.43997098 0.89798439 -0.00704095
vn 0.26379565 0.96436737 -0.02018496
vn 0.15259605 0.98373950 0.09471559
vn 0.12766237 0.99048286 0.05143954
vn 0.20810553 0.74299822 -0.63611770
vn 0.26534707 0.84159832 -0.47042875
vn -0.01005408 0.99902400 -0.04301113
vn 0.02661376 0.99939906 0.02220873
vn 0.00009882 0.98334095 0.18177066
vn 0.00868592 0.34882823 -0.93714643
vn -0.09589677 0.99537602 -0.00551292
vn -0.19630438 0.95681679 0.21439736
vn -0.17182484 0.98231850 0.07434108
vn -0.36926678 0.92923958 0.01248404
vn -0.22715423 0.97343808 0.02862284
vn -0.21994463 0.95408448 0.20334000
vn -0.11090646 0.39354895 -0.91258917
vn -0.41618217 0.90772152 -0.05323570
vn -0.43402894 0.89870790 -0.06279330
vn -0.36053292 0.93059159 -0.06336653
vn -0.59735994 0.79456492 0.10875518
vn -0.64070846 0.76728327 0.02773183
vn -0.60235868 0.79569575 0.06350031
vn -0.81832136 0.15530572 -0.55338078
vn -0.83473298 0.54338164 0.08920340
vn -0.64673559 0.76256159 0.01526093
vn -0.74468453 0.66696307 0.02460126
vn -0.93934812 0.33803022 0.05797127
vn -0.63365216 0.76278825 -0.12899235
vn 0.97297150 0.18217369 0.14191265
vn 0.96086876 0.23274365 -0.15020527
vn 0.98986810 0.04390269 -0.13503224
vn 0.99338761 0.08548474 -0.07663823
vn 0.95270137 0.17010156 -0.25184430
vn 0.89942642 0.06542297 -0.43214806
vn 0.80662118 0.06986582 -0.58692507
vn 0.24422648 0.14964391 0.95810236
vn 0.68636148 0.12143384 -0.71705072
vn 0.26485927 -0.13843646 -0.95429813
vn -0.06118848 0.58841246 0.80624236
vn -0.26441097 0.61321533 0.74434790
vn 0.02642321 -0.08879503 -0.99569938
vn -0.16979511 0.45749995 0.87284788
vn 0.06144965 -0.10759407 -0.99229404
vn -0.41262608 0.63809315 0.65005911
vn -0.45479143 0.65520466 0.60321772
vn -0.61917826 0.73026957 0.28866005
vn -0.24858715 0.28405429 -0.92602246
vn -0.71646785 0.69573725 0.05122007
vn -0.61462322 0.77185492 0.16272150
vn -0.13828145 0.14838387 -0.97921421
vn -0.69177391 0.72208947 0.00597099
vn -0.68418779 0.72915676 -0.01474735
vn -0.67053240 0.74139871 0.02672553
vn -0.71320422 0.69844554 0.05927531
vn -0.70874616 0.70451091 0.03665036
vn -0.68165581 0.73154644 -0.01360746
vn -0.60146357 0.59604279 -0.53195354
vn -0.30355761 0.47559557 -0.82562802
vn -0.71213114 0.70179542 0.01877331
vn -0.72438500 0.68654349 0.06264501
vn -0.70720381 0.58958443 -0.39019607
vn -0.72697195 0.68019273 -0.09407243
vn 0.19919798 0.97792695 -0.06307969
vn 0.25909195 0.92103179 -0.29081231
vn 0.18842803 0.81801222 -0.54346194
vn 0.15902784 0.98393499 -0.08113008
vn 0.05311265 0.99742063 -0.04828176
vn 0.12304061 0.99230918 -0.01354593
vn 0.07223383 0.99628963 -0.04678934
vn 0.19553347 0.69072846 -0.69617588
vn -0.00170930 0.99832706 -0.05779409
vn -0.04285654 0.99877264 -0.02482988
vn -0.05103909 0.99652584 -0.06581232
vn 0.00740567 0.71341958 -0.70069798
vn -0.05728700 0.99340434 -0.09932780
vn -0.02958032 0.99930316 -0.02276409
vn -0.07340601 0.99700163 -0.02448083
vn -0.04670380 0.50533241 -0.86165997
vn 0.15795278 0.98731092 -0.01637264
vn -0.10512711 0.99417601 -0.02371402
vn -0.13294163 0.49119614 -0.86084428
vn -0.11282001 0.99354151 0.01212066
vn -0.19752265 0.97971319 -0.03386532
vn -0.09581448 0.61945969 -0.77915934
vn -0.22019733 0.97521136 -0.02181620
vn -0.30923029 0.95084096 0.01667634
vn -0.30639316 0.95179591 -0.01441472
vn -0.31909132 0.56259183 -0.76267369
vn -0.32706666 0.85345522 -0.40576051
vn -0.45257042 0.87415737 0.17615023
vn -0.46670961 0.88425611 0.01653108
vn -0.40036550 0.91566729 -0.03550901
vn -0.36546949 0.89636016 -0.25093926
vn -0.61410470 0.57519360 -0.54039591
vn -0.54142881 0.80477773 -0.24328511
vn -0.83511728 0.44765218 -0.31966648
vn 0.91297723 0.39005051 -0.11972124
vn 0.92852019 0.36654848 0.05909714
vn 0.91970642 0.34248389 0.19195021
vn 0.93471004 0.35245139 0.04577286
vn 0.73966487 0.54680676 0.39229866
vn 0.46128034 0.46686157 0.75449369
vn 0.92601300 0.21109017 -0.31295506
vn 0.25572080 0.59223513 0.76411021
vn 0.09425715 0.60633030 0.78960696
vn 0.29708376 0.16091236 -0.94119522
vn -0.17353645 0.72901304 0.66213676
vn -0.20902698 0.69118948 0.69178379
vn 0.12761954 -0.10768237 -0.98596032
vn -0.04767903 0.12672435 -0.99079143
vn -0.28984170 0.78339126 0.54980899
vn -0.03609281 0.11623641 -0.99256557
vn -0.51092401 0.76827280 0.38563397
vn -0.41655330 0.86246256 0.28747465
vn -0.11208722 0.28098026 -0.95314561
vn -0.59833104 0.79613743 0.09036128
vn -0.53933772 0.81749638 0.20202596
vn -0.23819363 0.32887253 -0.91384170
vn -0.63707640 0.77036730 -0.02584323
vn -0.58728855 0.80802252 0.04681625
vn -0.62593434 0.77160095 -0.11330565
vn -0.54660281 0.48254392 -0.68438054
vn -0.69777774 0.71551933 -0.03373894
vn -0.68560379 0.72772028 0.01925171
vn -0.66727306 0.74296608 0.05242196
vn -0.67314540 0.68591021 -0.27640994
vn 0.14647766 0.94807731 -0.28230073
vn 0.09893629 0.96109777 -0.25788116
vn 0.09799860 0.92145372 -0.37592460
vn 0.05990159 0.98618551 -0.15443425
vn -0.03324692 0.92118790 -0.38769510
vn -0.02640159 0.99640942 -0.08044388
vn -0.11900772 0.79120897 -0.59985458
vn -0.17787906 0.97923227 -0.09727903
vn -0.24900086 0.96850264 -0.00110013
vn 0.87744831 0.47142142 0.08857935
vn 0.77458715 0.61810040 -0.13403968
vn 0.71835535 0.68612487 0.11488362
vn 0.96173707 0.23247096 -0.14497949
vn 0.52781809 0.67894995 0.51032836
vn 0.30620611 0.87145012 0.38316119
vn 0.06975507 0.91804022 0.39030293
vn 0.04539621 0.78990230 0.61155011
vn -0.04575795 0.88798543 0.45758942
vn -0.21046396 0.82095093 0.53079609
vn -0.09142946 0.14370901 -0.98538742
vn 0.08171913 -0.03757350 -0.99594689
vn 0.01479733 0.14942854 -0.98866180
vn -0.24240070 0.88775428 0.39132370
vn -0.01301881 0.13437499 -0.99084503
vn -0.23478741 0.65629355 0.71704508
vn -0.25418782 0.84269378 0.47461115
vn -0.23760054 0.91359386 0.32998824
vn -0.43722943 0.85336319 0.28390437
vn -0.16543545 0.43064117 -0.88723125
vn -0.55188547 0.83365911 -0.02085460
vn -0.45475884 0.89042185 0.01852906
vn -0.53129865 0.83902817 0.11727522
vn -0.59341351 0.80485836 0.00796423
vn -0.58550766 0.81046059 -0.01828689
vn -0.50191811 0.86399070 -0.03997857
vn -0.60023300 0.79959577 -0.01915571
vn -0.60528701 0.79597383 0.00729972
vn -0.63037149 0.77581947 0.02712819
vn -0.39226054 0.47920630 -0.78517067
vn -0.65673486 0.75252341 0.04906968
vn -0.61232638 0.78728544 0.07237433
vn -0.54059168 0.84111637 0.01684880
vn -0.67397675 0.73851471 0.01874448
vn -0.49732286 0.61653448 -0.61037301
vn -0.66011281 0.75078289 -0.02400278
vn -0.61040906 0.79205067 0.00751733
vn -0.63426955 0.74520415 -0.20584681
vn 0.73883416 0.66763720 0.09156776
vn 0.77643026 0.54707348 -0.31283648
vn 0.85489763 0.50503228 -0.11871158
vn 0.58156622 0.80784142 -0.09577559
vn 0.70022202 0.70708273 -0.09860597
vn 0.53102992 0.84599201 0.04800775
vn 0.89818756 0.31925134 -0.30222124
vn 0.81581019 0.56002809 -0.14429926
vn 0.26088324 0.96535909 0.00466461
vn 0.46432617 0.86926525 0.16964411
vn 0.24111868 0.95916807 0.14784586
vn 0.35054662 0.91122350 0.21630720
vn 0.62179428 0.77786739 -0.09107249
vn 0.74894714 0.23698536 -0.61880216
vn 0.83944588 0.37002137 -0.39801356
vn 0.01182305 0.97390978 0.22662736
vn -0.08612051 0.94277415 0.32211825
vn 0.38814508 0.03091637 -0.92107957
vn -0.08201510 0.92686171 0.36633441
vn 0.22438654 0.43971218 -0.86965733
vn -0.17035233 0.94201069 0.28912964
vn 0.02368032 0.24279853 -0.96978767
vn -0.24872403 0.93280824 0.26077797
vn -0.34158270 0.83988720 0.42179468
vn -0.06228824 0.25964853 -0.96369228
vn -0.34687906 0.92189551 0.17257919
vn -0.32377591 0.91728338 0.23186280
vn -0.07339626 0.45389818 -0.88802558
vn -0.37003420 0.88655458 0.27766107
vn -0.52289836 0.85236945 -0.00660495
vn -0.44064625 0.89743639 -0.02094761
vn -0.42804716 0.89964203 -0.08613849
vn -0.46251029 0.88299246 -0.08005345
vn -0.51507441 0.83721967 0.18374327
vn -0.28410576 0.46528241 -0.83832941
vn -0.45403711 0.89036329 0.03321907
vn -0.54168171 0.84006400 0.02955328
vn -0.50646751 0.86172182 0.03043314
vn -0.51329175 0.85816496 -0.00919116
vn -0.33650681 0.53728711 -0.77336002
vn -0.41721278 0.60792939 -0.67554079
vn -0.56772838 0.82301013 -0.01840667
vn -0.52517220 0.85089588 0.01305231
vn -0.50689811 0.77253858 -0.38241137
vn -0.52031786 0.73512670 -0.43457802
vn -0.58387101 0.80986647 -0.05666514
vn -0.20047286 0.95316058 -0.22648519
vn -0.62699407 0.77801299 -0.03967645
vn -0.61446207 0.65422089 -0.44094374
vn 0.72234830 0.68041653 0.12347581
vn 0.31906824 0.94701065 -0.03696330
vn 0.71384682 0.67721924 -0.17831660
vn 0.49268753 0.86459851 -0.09863272
vn 0.46093340 0.88736176 0.01138031
vn -0.04165625 0.99823368 -0.04235880
vn 0.53735014 0.39523046 -0.74501524
vn -0.09083177 0.99468185 -0.04855515
vn -0.00685309 0.98776821 0.15577869
vn -0.07572892 0.99614745 -0.04421986
vn -0.06022725 0.98573016 0.15719013
vn -0.10571269 0.99345333 -0.04330483
vn 0.02676555 0.27237935 -0.96181760
vn -0.15082646 0.98855994 0.00078598
vn -0.05536089 0.34960181 -0.93526133
vn 0.03196052 0.92710824 0.37342850
vn -0.12238969 0.99234769 -0.01633504
vn -0.24741748 0.96493454 0.08766941
vn -0.07826810 0.51818581 -0.85167927
vn -0.06975122 0.39811131 -0.91468145
vn -0.27421763 0.68458038 -0.67539203
vn -0.41464570 0.90922841 -0.03704924
vn -0.29823316 0.95245882 -0.06228301
vn -0.33925773 0.94027720 -0.02798179
vn -0.37847334 0.92327761 0.06569921
vn -0.40925002 0.91201336 0.02731401
vn -0.40431513 0.91288006 0.05638496
vn -0.22502949 0.44378004 -0.86742204
vn -0.41391337 0.90770915 -0.06884636
vn -0.31885759 0.56059636 -0.76423921
vn -0.45490272 0.89052116 0.00596523
vn -0.41453304 0.90960502 0.02794741
vn -0.40669938 0.91297539 -0.03273454
vn -0.33040990 0.65273718 -0.68173564
vn -0.41704951 0.90886689 -0.00553825
vn -0.45586579 0.71232231 -0.53365093
vn -0.47101216 0.86721472 -0.16151213
vn -0.53544311 0.83506483 -0.12636221
vn -0.52385836 0.84802085 -0.08020631
vn -0.49438316 0.86869809 -0.03080454
vn 0.21458069 0.96834042 -0.12756162
vn 0.51949529 0.66458352 -0.53707857
vn 0.30997108 0.95045905 -0.02335661
vn 0.19685994 0.97559081 -0.09730746
vn 0.02730146 0.99855531 -0.04628098
vn 0.00566531 0.99935455 -0.03547371
vn 0.13243804 0.76868826 -0.62576236
vn -0.01360906 0.99985135 0.01058615
vn -0.08050661 0.99594296 -0.04020334
vn -0.02698340 0.59187674 -0.80557670
vn -0.07812400 0.99688298 -0.01099863
vn -0.06747006 0.99771330 0.00399502
vn -0.03487562 0.77922891 -0.62576832
vn -0.05792358 0.99831936 0.00181812
vn -0.09588184 0.71716462 -0.69027645
vn -0.07932168 0.99683310 -0.00564349
vn -0.10823248 0.99411479 -0.00463876
vn -0.10550726 0.99441849 0.00027280
vn -0.11742266 0.69316274 -0.71115212
vn -0.22641926 0.97388703 -0.01668418
vn -0.18620193 0.98250293 -0.00410236
vn -0.16996795 0.98526180 -0.01923770
vn -0.17826787 0.87825139 -0.44372858
vn -0.24511461 0.96941530 0.01236179
vn -0.24660859 0.96909660 -0.00599846
vn -0.25728047 0.96508784 -0.04911432
vn -0.22422731 0.73083538 -0.64467182
vn -0.25229300 0.96606091 0.05544878
vn -0.30187667 0.80024492 -0.51814915
vn -0.23198404 0.96841818 -0.09137632
vn -0.33452024 0.94024581 0.06351401
vn -0.40351495 0.91477614 0.01898144
vn -0.35462258 0.93431440 0.03604758
vn -0.37921340 0.73453298 -0.56272418
vn -0.44576666 0.83936553 -0.31105882
vn -0.41428820 0.90520393 -0.09471604
vn 0.37662274 0.85459893 -0.35751361
vn 0.18207326 0.96917927 -0.16595439
vn 0.00811447 0.97053573 -0.24082059
vn -0.06131218 0.99755380 -0.03357441
vn -0.12487556 0.85739054 -0.49928705
vn -0.05015617 0.94671393 -0.31814634
vn -0.08999550 0.96879742 -0.23093802
vn -0.14270490 0.98884548 -0.04266051
vn -0.17016632 0.94654096 -0.27405043
vn -0.25674080 0.91054394 -0.32402763
f 5002//5002 4986//4986 4979//4979
f 4987//4987 4980//4980 4986//4986
f 4986//4986 4980//4980 5001//5001
f 4986//4986 5001//5001 4979//4979
f 4980//4980 4977//4977 5001//5001
f 4979//4979 5001//5001 4975//4975
f 5001//5001 4977//4977 5000//5000
f 4975//4975 5001//5001 4971//4971
f 4977//4977 4974//4974 4973//4973
f 4977//4977 4973//4973 5000//5000
f 5001//5001 5000//5000 4999//4999
f 4971//4971 5001//5001 4997//4997
f 5001//5001 4999//4999 4997//4997
f 4999//4999 4998//4998 4997//4997
f 5000//5000 4973//4973 4996//4996
f 4999//4999 5000//5000 4996//4996
f 4999//4999 4996//4996 4998//4998
f 4997//4997 4998//4998 4969//4969
f 4968//4968 4996//4996 4973//4973
f 4998//4998 4996//4996 4995//4995
f 4995//4995 4963//4963 4998//4998
f 4995//4995 4994//4994 4993//4993
f 4995//4995 4993//4993 4963//4963
f 4968//4968 4961//4961 4996//4996
f 4995//4995 4996//4996 4961//4961
f 4995//4995 4961//4961 4960//4960
f 4995//4995 4960//4960 4994//4994
f 4953//4953 4992//4992 4991//4991
f 4990//4990 4953//4953 4991//4991
f 4951//4951 4948//4948 4989//4989
f 4953//4953 4951//4951 4988//4988
f 4953//4953 4988//4988 4992//4992
f 4990//4990 4991//4991 4985//4985
f 4951//4951 4989//4989 4980//4980
f 4951//4951 4980//4980 4988//4988
f 4988//4988 4987//4987 4992//4992
f 4987//4987 4986//4986 4992//4992
f 4986//4986 5002//5002 4991//4991
f 4986//4986 4991//4991 4992//4992
f 5002//5002 4985//4985 4991//4991
f 4985//4985 5002//5002 4983//4983
f 4985//4985 4983//4983 4990//4990
f 4989//4989 4984//4984 4980//4980
f 4980//4980 4987//4987 4988//4988
f 4983//4983 5002//5002 4979//4979
f 4942//4942 4939//4939 4982//4982
f 4989//4989 4942//4942 4982//4982
f 4989//4989 4982//4982 4981//4981
f 4984//4984 4989//4989 4981//4981
f 4983//4983 4979//4979 4975//4975
f 4983//4983 4975//4975 4937//4937
f 4981//4981 4977//4977 4984//4984
f 4984//4984 4977//4977 4980//4980
f 4939//4939 4978//4978 4982//4982
f 4981//4981 4982//4982 4978//4978
f 4981//4981 4978//4978 4976//4976
f 4977//4977 4981//4981 4976//4976
f 4934//4934 4933//4933 4978//4978
f 4978//4978 4933//4933 4974//4974
f 4978//4978 4974//4974 4976//4976
f 4977//4977 4976//4976 4974//4974
f 4975//4975 4971//4971 4935//4935
f 4973//4973 4974//4974 4972//4972
f 4971//4971 4997//4997 4969//4969
f 4974//4974 4933//4933 4972//4972
f 4933//4933 4928//4928 4972//4972
f 4970//4970 4973//4973 4972//4972
f 4973//4973 4970//4970 4968//4968
f 4969//4969 4966//4966 4971//4971
f 4972//4972 4928//4928 4965//4965
f 4972//4972 4965//4965 4967//4967
f 4970//4970 4972//4972 4967//4967
f 4968//4968 4970//4970 4967//4967
f 4969//4969 4998//4998 4963//4963
f 4928//4928 4926//4926 4965//4965
f 4964//4964 4968//4968 4967//4967
f 4963//4963 4966//4966 4969//4969
f 4963//4963 4887//4887 4966//4966
f 4965//4965 4926//4926 4962//4962
f 4967//4967 4965//4965 4962//4962
f 4967//4967 4962//4962 4964//4964
f 4961//4961 4968//4968 4964//4964
f 4958//4958 4963//4963 4993//4993
f 4963//4963 4958//4958 4887//4887
f 4926//4926 4922//4922 4962//4962
f 4964//4964 4962//4962 4921//4921
f 4962//4962 4957//4957 4921//4921
f 4964//4964 4921//4921 4959//4959
f 4959//4959 4961//4961 4964//4964
f 4960//4960 4961//4961 4959//4959
f 4960//4960 4959//4959 4920//4920
f 4994//4994 4960//4960 4920//4920
f 4994//4994 4920//4920 4993//4993
f 4958//4958 4993//4993 4880//4880
f 4962//4962 4918//4918 4957//4957
f 4922//4922 4918//4918 4962//4962
f 4921//4921 4831//4831 4959//4959
f 4831//4831 4875//4875 4959//4959
f 4875//4875 4920//4920 4959//4959
f 4919//4919 4993//4993 4920//4920
f 4919//4919 4880//4880 4993//4993
f 4913//4913 4910//4910 4956//4956
f 4913//4913 4956//4956 4955//4955
f 4913//4913 4955//4955 4954//4954
f 4913//4913 4954//4954 4911//4911
f 4946//4946 4911//4911 4952//4952
f 4907//4907 4911//4911 4946//4946
f 4905//4905 4903//4903 4910//4910
f 4956//4956 4953//4953 4955//4955
f 4953//4953 4954//4954 4955//4955
f 4953//4953 4911//4911 4954//4954
f 4953//4953 4990//4990 4952//4952
f 4953//4953 4952//4952 4911//4911
f 4952//4952 4990//4990 4950//4950
f 4903//4903 4898//4898 4949//4949
f 4910//4910 4903//4903 4948//4948
f 4956//4956 4910//4910 4947//4947
f 4910//4910 4948//4948 4947//4947
f 4947//4947 4951//4951 4956//4956
f 4953//4953 4956//4956 4951//4951
f 4990//4990 4946//4946 4950//4950
f 4950//4950 4946//4946 4952//4952
f 4898//4898 4899//4899 4949//4949
f 4903//4903 4949//4949 4948//4948
f 4947//4947 4948//4948 4951//4951
f 4944//4944 4946//4946 4990//4990
f 4944//4944 4895//4895 4946//4946
f 4949//4949 4899//4899 4945//4945
f 4949//4949 4945//4945 4942//4942
f 4949//4949 4942//4942 4941//4941
f 4949//4949 4941//4941 4948//4948
f 4941//4941 4989//4989 4948//4948
f 4944//4944 4990//4990 4983//4983
f 4899//4899 4943//4943 4940//4940
f 4899//4899 4940//4940 4945//4945
f 4945//4945 4938//4938 4942//4942
f 4989//4989 4941//4941 4942//4942
f 4983//4983 4937//4937 4944//4944
f 4893//4893 4894//4894 4943//4943
f 4943//4943 4894//4894 4940//4940
f 4940//4940 4939//4939 4945//4945
f 4939//4939 4942//4942 4938//4938
f 4939//4939 4938//4938 4945//4945
f 4937//4937 4975//4975 4944//4944
f 4975//4975 4936//4936 4944//4944
f 4940//4940 4894//4894 4934//4934
f 4940//4940 4934//4934 4939//4939
f 4931//4931 4936//4936 4975//4975
f 4931//4931 4975//4975 4935//4935
f 4931//4931 4889//4889 4936//4936
f 4890//4890 4934//4934 4894//4894
f 4939//4939 4934//4934 4978//4978
f 4934//4934 4890//4890 4932//4932
f 4933//4933 4934//4934 4932//4932
f 4932//4932 4890//4890 4930//4930
f 4930//4930 4933//4933 4932//4932
f 4929//4929 4931//4931 4935//4935
f 4929//4929 4935//4935 4971//4971
f 4888//4888 4927//4927 4890//4890
f 4890//4890 4927//4927 4930//4930
f 4933//4933 4930//4930 4928//4928
f 4929//4929 4971//4971 4966//4966
f 4928//4928 4930//4930 4927//4927
f 4929//4929 4966//4966 4887//4887
f 4925//4925 4926//4926 4927//4927
f 4927//4927 4926//4926 4928//4928
f 4887//4887 4923//4923 4800//4800
f 4886//4886 4883//4883 4927//4927
f 4927//4927 4884//4884 4925//4925
f 4883//4883 4884//4884 4927//4927
f 4926//4926 4925//4925 4924//4924
f 4923//4923 4887//4887 4958//4958
f 4925//4925 4922//4922 4924//4924
f 4924//4924 4922//4922 4926//4926
f 4881//4881 4958//4958 4882//4882
f 4923//4923 4958//4958 4881//4881
f 4884//4884 4835//4835 4925//4925
f 4925//4925 4879//4879 4878//4878
f 4835//4835 4879//4879 4925//4925
f 4925//4925 4878//4878 4876//4876
f 4922//4922 4925//4925 4876//4876
f 4922//4922 4876//4876 4918//4918
f 4921//4921 4957//4957 4917//4917
f 4919//4919 4874//4874 4880//4880
f 4880//4880 4882//4882 4958//4958
f 4877//4877 4876//4876 4878//4878
f 4873//4873 4872//4872 4876//4876
f 4872//4872 4918//4918 4876//4876
f 4957//4957 4918//4918 4872//4872
f 4872//4872 4871//4871 4957//4957
f 4957//4957 4871//4871 4917//4917
f 4917//4917 4871//4871 4921//4921
f 4875//4875 4919//4919 4920//4920
f 4875//4875 4874//4874 4919//4919
f 4871//4871 4870//4870 4921//4921
f 4921//4921 4870//4870 4831//4831
f 4864//4864 4867//4867 4916//4916
f 4867//4867 4865//4865 4915//4915
f 4867//4867 4915//4915 4914//4914
f 4916//4916 4867//4867 4912//4912
f 4867//4867 4914//4914 4912//4912
f 4912//4912 4859//4859 4916//4916
f 4861//4861 4862//4862 4866//4866
f 4865//4865 4866//4866 4909//4909
f 4865//4865 4909//4909 4915//4915
f 4909//4909 4913//4913 4915//4915
f 4913//4913 4914//4914 4915//4915
f 4913//4913 4911//4911 4912//4912
f 4913//4913 4912//4912 4914//4914
f 4908//4908 4912//4912 4911//4911
f 4912//4912 4908//4908 4859//4859
f 4866//4866 4862//4862 4904//4904
f 4904//4904 4910//4910 4866//4866
f 4910//4910 4909//4909 4866//4866
f 4913//4913 4909//4909 4910//4910
f 4911//4911 4907//4907 4908//4908
f 4906//4906 4853//4853 4855//4855
f 4853//4853 4906//4906 4862//4862
f 4905//4905 4904//4904 4862//4862
f 4910//4910 4904//4904 4905//4905
f 4902//4902 4907//4907 4946//4946
f 4902//4902 4849//4849 4907//4907
f 4851//4851 4901//4901 4855//4855
f 4855//4855 4898//4898 4906//4906
f 4898//4898 4903//4903 4862//4862
f 4898//4898 4862//4862 4906//4906
f 4905//4905 4862//4862 4903//4903
f 4809//4809 4849//4849 4946//4946
f 4946//4946 4849//4849 4902//4902
f 4855//4855 4901//4901 4897//4897
f 4855//4855 4897//4897 4900//4900
f 4900//4900 4899//4899 4855//4855
f 4899//4899 4898//4898 4855//4855
f 4895//4895 4809//4809 4946//4946
f 4896//4896 4943//4943 4901//4901
f 4943//4943 4897//4897 4901//4901
f 4943//4943 4899//4899 4900//4900
f 4943//4943 4900//4900 4897//4897
f 4895//4895 4892//4892 4809//4809
f 4893//4893 4943//4943 4896//4896
f 4892//4892 4895//4895 4944//4944
f 4846//4846 4891//4891 4901//4901
f 4901//4901 4891//4891 4896//4896
f 4891//4891 4894//4894 4896//4896
f 4893//4893 4896//4896 4894//4894
f 4944//4944 4936//4936 4892//4892
f 4892//4892 4936//4936 4844//4844
f 4894//4894 4891//4891 4890//4890
f 4936//4936 4889//4889 4844//4844
f 4846//4846 4843//4843 4891//4891
f 4890//4890 4891//4891 4843//4843
f 4890//4890 4843//4843 4888//4888
f 4889//4889 4931//4931 4842//4842
f 4931//4931 4929//4929 4840//4840
f 4839//4839 4886//4886 4843//4843
f 4927//4927 4888//4888 4843//4843
f 4927//4927 4843//4843 4886//4886
f 4886//4886 4838//4838 4883//4883
f 4923//4923 4731//4731 4800//4800
f 4800//4800 4731//4731 4885//4885
f 4837//4837 4836//4836 4838//4838
f 4838//4838 4836//4836 4883//4883
f 4836//4836 4884//4884 4883//4883
f 4836//4836 4835//4835 4884//4884
f 4882//4882 4880//4880 4797//4797
f 4879//4879 4834//4834 4878//4878
f 4835//4835 4834//4834 4879//4879
f 4876//4876 4877//4877 4832//4832
f 4876//4876 4832//4832 4868//4868
f 4876//4876 4868//4868 4873//4873
f 4875//4875 4831//4831 4869//4869
f 4875//4875 4869//4869 4833//4833
f 4875//4875 4833//4833 4874//4874
f 4880//4880 4874//4874 4797//4797
f 4834//4834 4832//4832 4878//4878
f 4832//4832 4877//4877 4878//4878
f 4873//4873 4868//4868 4872//4872
f 4870//4870 4871//4871 4872//4872
f 4869//4869 4831//4831 4833//4833
f 4830//4830 4872//4872 4868//4868
f 4830//4830 4791//4791 4872//4872
f 4817//4817 4865//4865 4820//4820
f 4865//4865 4867//4867 4820//4820
f 4867//4867 4864//4864 4751//4751
f 4867//4867 4751//4751 4820//4820
f 4819//4819 4860//4860 4818//4818
f 4860//4860 4866//4866 4818//4818
f 4866//4866 4865//4865 4817//4817
f 4866//4866 4817//4817 4818//4818
f 4916//4916 4859//4859 4864//4864
f 4863//4863 4858//4858 4857//4857
f 4863//4863 4857//4857 4819//4819
f 4857//4857 4862//4862 4819//4819
f 4862//4862 4861//4861 4860//4860
f 4862//4862 4860//4860 4819//4819
f 4866//4866 4860//4860 4861//4861
f 4813//4813 4814//4814 4856//4856
f 4863//4863 4856//4856 4854//4854
f 4863//4863 4854//4854 4853//4853
f 4863//4863 4853//4853 4858//4858
f 4853//4853 4862//4862 4857//4857
f 4853//4853 4857//4857 4858//4858
f 4908//4908 4907//4907 4859//4859
f 4859//4859 4907//4907 4812//4812
f 4814//4814 4811//4811 4852//4852
f 4856//4856 4814//4814 4850//4850
f 4850//4850 4855//4855 4856//4856
f 4855//4855 4853//4853 4854//4854
f 4855//4855 4854//4854 4856//4856
f 4907//4907 4849//4849 4812//4812
f 4852//4852 4851//4851 4814//4814
f 4851//4851 4850//4850 4814//4814
f 4855//4855 4850//4850 4851//4851
f 4811//4811 4805//4805 4848//4848
f 4811//4811 4808//4808 4805//4805
f 4807//4807 4808//4808 4811//4811
f 4811//4811 4848//4848 4852//4852
f 4848//4848 4851//4851 4852//4852
f 4805//4805 4901//4901 4848//4848
f 4851//4851 4848//4848 4901//4901
f 4892//4892 4804//4804 4809//4809
f 4901//4901 4805//4805 4847//4847
f 4846//4846 4901//4901 4847//4847
f 4892//4892 4844//4844 4804//4804
f 4805//4805 4845//4845 4847//4847
f 4845//4845 4846//4846 4847//4847
f 4843//4843 4846//4846 4845//4845
f 4843//4843 4845//4845 4734//4734
f 4842//4842 4844//4844 4889//4889
f 4843//4843 4734//4734 4802//4802
f 4841//4841 4842//4842 4931//4931
f 4839//4839 4843//4843 4802//4802
f 4931//4931 4840//4840 4841//4841
f 4841//4841 4840//4840 4929//4929
f 4886//4886 4839//4839 4802//4802
f 4886//4886 4802//4802 4801//4801
f 4887//4887 4800//4800 4929//4929
f 4838//4838 4886//4886 4801//4801
f 4838//4838 4801//4801 4733//4733
f 4838//4838 4733//4733 4799//4799
f 4838//4838 4799//4799 4837//4837
f 4799//4799 4798//4798 4837//4837
f 4836//4836 4837//4837 4798//4798
f 4729//4729 4731//4731 4923//4923
f 4881//4881 4729//4729 4923//4923
f 4835//4835 4836//4836 4798//4798
f 4797//4797 4728//4728 4882//4882
f 4728//4728 4729//4729 4881//4881
f 4882//4882 4728//4728 4881//4881
f 4834//4834 4835//4835 4798//4798
f 4874//4874 4833//4833 4727//4727
f 4874//4874 4727//4727 4524//4524
f 4874//4874 4524//4524 4797//4797
f 4832//4832 4795//4795 4793//4793
f 4834//4834 4795//4795 4832//4832
f 4868//4868 4832//4832 4794//4794
f 4868//4868 4794//4794 4830//4830
f 4724//4724 4833//4833 4831//4831
f 4793//4793 4794//4794 4832//4832
f 4585//4585 4872//4872 4791//4791
f 4870//4870 4872//4872 4585//4585
f 4789//4789 4786//4786 4828//4828
f 4786//4786 4829//4829 4828//4828
f 4789//4789 4828//4828 4783//4783
f 4780//4780 4829//4829 4786//4786
f 4780//4780 4776//4776 4829//4829
f 4828//4828 4829//4829 4776//4776
f 4783//4783 4828//4828 4825//4825
f 4827//4827 4783//4783 4825//4825
f 4776//4776 4773//4773 4826//4826
f 4776//4776 4826//4826 4828//4828
f 4828//4828 4826//4826 4765//4765
f 4825//4825 4828//4828 4824//4824
f 4828//4828 4765//4765 4824//4824
f 4825//4825 4824//4824 4823//4823
f 4825//4825 4823//4823 4768//4768
f 4773//4773 4765//4765 4826//4826
f 4773//4773 4766//4766 4765//4765
f 4823//4823 4824//4824 4822//4822
f 4823//4823 4822//4822 4821//4821
f 4765//4765 4760//4760 4824//4824
f 4822//4822 4824//4824 4821//4821
f 4821//4821 4758//4758 4823//4823
f 4760//4760 4821//4821 4824//4824
f 4753//4753 4817//4817 4686//4686
f 4817//4817 4820//4820 4756//4756
f 4817//4817 4756//4756 4686//4686
f 4820//4820 4755//4755 4756//4756
f 4820//4820 4751//4751 4755//4755
f 4748//4748 4749//4749 4753//4753
f 4753//4753 4749//4749 4819//4819
f 4819//4819 4818//4818 4753//4753
f 4818//4818 4817//4817 4753//4753
f 4751//4751 4864//4864 4816//4816
f 4864//4864 4675//4675 4816//4816
f 4745//4745 4746//4746 4863//4863
f 4863//4863 4819//4819 4749//4749
f 4863//4863 4749//4749 4745//4745
f 4864//4864 4859//4859 4675//4675
f 4675//4675 4859//4859 4741//4741
f 4746//4746 4747//4747 4813//4813
f 4746//4746 4813//4813 4815//4815
f 4813//4813 4856//4856 4815//4815
f 4856//4856 4863//4863 4746//4746
f 4856//4856 4746//4746 4815//4815
f 4859//4859 4812//4812 4741//4741
f 4743//4743 4810//4810 4747//4747
f 4810//4810 4814//4814 4747//4747
f 4814//4814 4813//4813 4747//4747
f 4740//4740 4807//4807 4743//4743
f 4743//4743 4807//4807 4811//4811
f 4811//4811 4810//4810 4743//4743
f 4814//4814 4810//4810 4811//4811
f 4812//4812 4849//4849 4809//4809
f 4739//4739 4738//4738 4807//4807
f 4738//4738 4808//4808 4807//4807
f 4809//4809 4804//4804 4806//4806
f 4805//4805 4808//4808 4738//4738
f 4805//4805 4738//4738 4667//4667
f 4804//4804 4665//4665 4737//4737
f 4805//4805 4667//4667 4736//4736
f 4804//4804 4803//4803 4665//4665
f 4736//4736 4845//4845 4805//4805
f 4803//4803 4804//4804 4844//4844
f 4844//4844 4842//4842 4735//4735
f 4734//4734 4733//4733 4802//4802
f 4733//4733 4801//4801 4802//4802
f 4800//4800 4732//4732 4929//4929
f 4800//4800 4885//4885 4732//4732
f 4798//4798 4799//4799 4730//4730
f 4729//4729 4591//4591 4731//4731
f 4796//4796 4798//4798 4523//4523
f 4797//4797 4524//4524 4728//4728
f 4834//4834 4523//4523 4656//4656
f 4796//4796 4523//4523 4834//4834
f 4798//4798 4796//4796 4834//4834
f 4727//4727 4833//4833 4655//4655
f 4795//4795 4834//4834 4656//4656
f 4794//4794 4723//4723 4830//4830
f 4870//4870 4725//4725 4831//4831
f 4870//4870 4726//4726 4725//4725
f 4831//4831 4725//4725 4724//4724
f 4724//4724 4655//4655 4833//4833
f 4795//4795 4653//4653 4793//4793
f 4795//4795 4588//4588 4653//4653
f 4723//4723 4794//4794 4793//4793
f 4792//4792 4830//4830 4723//4723
f 4830//4830 4585//4585 4791//4791
f 4830//4830 4792//4792 4585//4585
f 4726//4726 4870//4870 4585//4585
f 4722//4722 4787//4787 4721//4721
f 4721//4721 4789//4789 4790//4790
f 4788//4788 4790//4790 4789//4789
f 4719//4719 4715//4715 4785//4785
f 4720//4720 4715//4715 4719//4719
f 4719//4719 4784//4784 4722//4722
f 4722//4722 4786//4786 4787//4787
f 4786//4786 4721//4721 4787//4787
f 4789//4789 4721//4721 4786//4786
f 4788//4788 4789//4789 4782//4782
f 4782//4782 4789//4789 4783//4783
f 4719//4719 4785//4785 4780//4780
f 4785//4785 4781//4781 4780//4780
f 4719//4719 4780//4780 4784//4784
f 4780//4780 4786//4786 4784//4784
f 4786//4786 4722//4722 4784//4784
f 4778//4778 4782//4782 4783//4783
f 4778//4778 4783//4783 4827//4827
f 4781//4781 4712//4712 4713//4713
f 4785//4785 4712//4712 4781//4781
f 4780//4780 4781//4781 4779//4779
f 4782//4782 4778//4778 4710//4710
f 4781//4781 4713//4713 4777//4777
f 4713//4713 4708//4708 4777//4777
f 4781//4781 4777//4777 4776//4776
f 4781//4781 4776//4776 4779//4779
f 4780//4780 4779//4779 4776//4776
f 4827//4827 4775//4775 4778//4778
f 4708//4708 4706//4706 4774//4774
f 4708//4708 4774//4774 4777//4777
f 4776//4776 4777//4777 4771//4771
f 4773//4773 4776//4776 4771//4771
f 4772//4772 4775//4775 4827//4827
f 4772//4772 4827//4827 4825//4825
f 4777//4777 4774//4774 4771//4771
f 4768//4768 4772//4772 4825//4825
f 4774//4774 4706//4706 4767//4767
f 4706//4706 4704//4704 4767//4767
f 4771//4771 4774//4774 4770//4770
f 4771//4771 4770//4770 4769//4769
f 4771//4771 4769//4769 4773//4773
f 4759//4759 4768//4768 4823//4823
f 4774//4774 4767//4767 4700//4700
f 4774//4774 4700//4700 4770//4770
f 4770//4770 4761//4761 4769//4769
f 4761//4761 4773//4773 4769//4769
f 4773//4773 4761//4761 4766//4766
f 4768//4768 4759//4759 4764//4764
f 4768//4768 4764//4764 4568//4568
f 4704//4704 4701//4701 4767//4767
f 4770//4770 4700//4700 4763//4763
f 4770//4770 4763//4763 4762//4762
f 4770//4770 4762//4762 4761//4761
f 4761//4761 4765//4765 4766//4766
f 4765//4765 4761//4761 4760//4760
f 4759//4759 4823//4823 4758//4758
f 4701//4701 4700//4700 4767//4767
f 4821//4821 4760//4760 4758//4758
f 4758//4758 4699//4699 4759//4759
f 4763//4763 4697//4697 4762//4762
f 4761//4761 4762//4762 4757//4757
f 4760//4760 4761//4761 4757//4757
f 4760//4760 4757//4757 4758//4758
f 4688//4688 4699//4699 4758//4758
f 4758//4758 4757//4757 4692//4692
f 4758//4758 4692//4692 4689//4689
f 4689//4689 4688//4688 4758//4758
f 4762//4762 4693//4693 4757//4757
f 4693//4693 4692//4692 4757//4757
f 4686//4686 4682//4682 4754//4754
f 4686//4686 4756//4756 4685//4685
f 4756//4756 4684//4684 4685//4685
f 4756//4756 4755//4755 4683//4683
f 4756//4756 4683//4683 4684//4684
f 4755//4755 4752//4752 4683//4683
f 4680//4680 4750//4750 4682//4682
f 4679//4679 4680//4680 4682//4682
f 4682//4682 4748//4748 4754//4754
f 4754//4754 4748//4748 4753//4753
f 4753//4753 4686//4686 4754//4754
f 4755//4755 4751//4751 4752//4752
f 4751//4751 4816//4816 4752//4752
f 4680//4680 4745//4745 4750//4750
f 4745//4745 4749//4749 4682//4682
f 4745//4745 4682//4682 4750//4750
f 4749//4749 4748//4748 4682//4682
f 4673//4673 4742//4742 4676//4676
f 4676//4676 4742//4742 4747//4747
f 4747//4747 4746//4746 4680//4680
f 4747//4747 4680//4680 4676//4676
f 4746//4746 4745//4745 4680//4680
f 4744//4744 4675//4675 4741//4741
f 4673//4673 4670//4670 4740//4740
f 4673//4673 4671//4671 4670//4670
f 4740//4740 4743//4743 4673//4673
f 4743//4743 4742//4742 4673//4673
f 4747//4747 4742//4742 4743//4743
f 4741//4741 4812//4812 4744//4744
f 4744//4744 4812//4812 4669//4669
f 4670//4670 4739//4739 4740//4740
f 4739//4739 4807//4807 4740//4740
f 4812//4812 4809//4809 4669//4669
f 4809//4809 4806//4806 4669//4669
f 4667//4667 4738//4738 4739//4739
f 4737//4737 4806//4806 4804//4804
f 4806//4806 4737//4737 4666//4666
f 4845//4845 4736//4736 4664//4664
f 4844//4844 4663//4663 4803//4803
f 4845//4845 4664//4664 4662//4662
f 4844//4844 4735//4735 4663//4663
f 4662//4662 4734//4734 4845//4845
f 4662//4662 4661//4661 4734//4734
f 4842//4842 4841//4841 4735//4735
f 4733//4733 4734//4734 4661//4661
f 4733//4733 4661//4661 4660//4660
f 4929//4929 4732//4732 4841//4841
f 4660//4660 4799//4799 4733//4733
f 4660//4660 4730//4730 4799//4799
f 4731//4731 4591//4591 4885//4885
f 4730//4730 4659//4659 4798//4798
f 4591//4591 4729//4729 4728//4728
f 4659//4659 4523//4523 4798//4798
f 4524//4524 4727//4727 4657//4657
f 4524//4524 4658//4658 4728//4728
f 4523//4523 4521//4521 4656//4656
f 4727//4727 4655//4655 4657//4657
f 4724//4724 4725//4725 4654//4654
f 4724//4724 4654//4654 4655//4655
f 4656//4656 4588//4588 4795//4795
f 4793//4793 4652//4652 4723//4723
f 4792//4792 4723//4723 4585//4585
f 4589//4589 4726//4726 4585//4585
f 4718//4718 4722//4722 4649//4649
f 4721//4721 4579//4579 4722//4722
f 4579//4579 4649//4649 4722//4722
f 4790//4790 4647//4647 4721//4721
f 4646//4646 4716//4716 4715//4715
f 4646//4646 4715//4715 4651//4651
f 4651//4651 4715//4715 4720//4720
f 4720//4720 4719//4719 4649//4649
f 4720//4720 4649//4649 4651//4651
f 4719//4719 4718//4718 4649//4649
f 4722//4722 4718//4718 4719//4719
f 4790//4790 4788//4788 4717//4717
f 4790//4790 4717//4717 4647//4647
f 4641//4641 4717//4717 4788//4788
f 4646//4646 4714//4714 4716//4716
f 4788//4788 4782//4782 4641//4641
f 4782//4782 4636//4636 4641//4641
f 4646//4646 4643//4643 4711//4711
f 4646//4646 4711//4711 4714//4714
f 4711//4711 4785//4785 4714//4714
f 4785//4785 4716//4716 4714//4714
f 4715//4715 4716//4716 4785//4785
f 4782//4782 4710//4710 4636//4636
f 4644//4644 4639//4639 4707//4707
f 4639//4639 4709//4709 4707//4707
f 4707//4707 4713//4713 4644//4644
f 4713//4713 4643//4643 4644//4644
f 4713//4713 4712//4712 4711//4711
f 4713//4713 4711//4711 4643//4643
f 4785//4785 4711//4711 4712//4712
f 4710//4710 4778//4778 4636//4636
f 4778//4778 4635//4635 4636//4636
f 4639//4639 4634//4634 4709//4709
f 4709//4709 4634//4634 4708//4708
f 4709//4709 4708//4708 4707//4707
f 4713//4713 4707//4707 4708//4708
f 4778//4778 4775//4775 4635//4635
f 4708//4708 4634//4634 4706//4706
f 4634//4634 4705//4705 4706//4706
f 4775//4775 4772//4772 4633//4633
f 4703//4703 4772//4772 4768//4768
f 4705//4705 4630//4630 4702//4702
f 4704//4704 4706//4706 4705//4705
f 4704//4704 4705//4705 4702//4702
f 4703//4703 4768//4768 4568//4568
f 4630//4630 4629//4629 4702//4702
f 4701//4701 4704//4704 4702//4702
f 4764//4764 4627//4627 4568//4568
f 4629//4629 4628//4628 4702//4702
f 4698//4698 4764//4764 4699//4699
f 4764//4764 4759//4759 4699//4699
f 4702//4702 4696//4696 4701//4701
f 4696//4696 4700//4700 4701//4701
f 4763//4763 4700//4700 4696//4696
f 4763//4763 4696//4696 4697//4697
f 4698//4698 4699//4699 4621//4621
f 4699//4699 4691//4691 4621//4621
f 4696//4696 4695//4695 4694//4694
f 4694//4694 4623//4623 4696//4696
f 4623//4623 4697//4697 4696//4696
f 4762//4762 4697//4697 4623//4623
f 4691//4691 4699//4699 4688//4688
f 4622//4622 4621//4621 4691//4691
f 4625//4625 4695//4695 4696//4696
f 4563//4563 4625//4625 4696//4696
f 4694//4694 4559//4559 4623//4623
f 4690//4690 4693//4693 4623//4623
f 4623//4623 4693//4693 4762//4762
f 4692//4692 4693//4693 4690//4690
f 4692//4692 4690//4690 4689//4689
f 4691//4691 4688//4688 4622//4622
f 4622//4622 4555//4555 4621//4621
f 4625//4625 4624//4624 4695//4695
f 4624//4624 4694//4694 4695//4695
f 4619//4619 4690//4690 4623//4623
f 4689//4689 4690//4690 4617//4617
f 4687//4687 4688//4688 4689//4689
f 4687//4687 4622//4622 4688//4688
f 4618//4618 4617//4617 4690//4690
f 4616//4616 4687//4687 4689//4689
f 4681//4681 4686//4686 4612//4612
f 4686//4686 4685//4685 4612//4612
f 4685//4685 4684//4684 4615//4615
f 4684//4684 4683//4683 4614//4614
f 4678//4678 4682//4682 4613//4613
f 4682//4682 4681//4681 4613//4613
f 4686//4686 4681//4681 4682//4682
f 4683//4683 4752//4752 4610//4610
f 4610//4610 4752//4752 4607//4607
f 4609//4609 4677//4677 4676//4676
f 4609//4609 4676//4676 4608//4608
f 4676//4676 4680//4680 4608//4608
f 4680//4680 4613//4613 4608//4608
f 4680//4680 4679//4679 4678//4678
f 4680//4680 4678//4678 4613//4613
f 4682//4682 4678//4678 4679//4679
f 4675//4675 4674//4674 4816//4816
f 4816//4816 4674//4674 4752//4752
f 4604//4604 4602//4602 4606//4606
f 4672//4672 4676//4676 4606//4606
f 4676//4676 4677//4677 4606//4606
f 4674//4674 4675//4675 4744//4744
f 4673//4673 4606//4606 4602//4602
f 4673//4673 4672//4672 4606//4606
f 4676//4676 4672//4672 4673//4673
f 4599//4599 4670//4670 4602//4602
f 4602//4602 4670//4670 4671//4671
f 4673//4673 4602//4602 4671//4671
f 4744//4744 4669//4669 4600//4600
f 4599//4599 4739//4739 4670//4670
f 4739//4739 4599//4599 4667//4667
f 4599//4599 4598//4598 4667//4667
f 4667//4667 4598//4598 4597//4597
f 4669//4669 4806//4806 4668//4668
f 4668//4668 4806//4806 4666//4666
f 4667//4667 4597//4597 4531//4531
f 4667//4667 4531//4531 4736//4736
f 4662//4662 4664//4664 4529//4529
f 4661//4661 4529//4529 4596//4596
f 4662//4662 4529//4529 4661//4661
f 4841//4841 4595//4595 4735//4735
f 4526//4526 4661//4661 4596//4596
f 4661//4661 4526//4526 4660//4660
f 4732//4732 4594//4594 4841//4841
f 4526//4526 4593//4593 4660//4660
f 4885//4885 4592//4592 4732//4732
f 4591//4591 4592//4592 4885//4885
f 4730//4730 4660//4660 4593//4593
f 4591//4591 4728//4728 4455//4455
f 4524//4524 4455//4455 4658//4658
f 4658//4658 4455//4455 4728//4728
f 4655//4655 4524//4524 4657//4657
f 4656//4656 4521//4521 4588//4588
f 4654//4654 4725//4725 4655//4655
f 4653//4653 4587//4587 4793//4793
f 4652//4652 4586//4586 4723//4723
f 4652//4652 4793//4793 4586//4586
f 4723//4723 4586//4586 4585//4585
f 4585//4585 4584//4584 4589//4589
f 4584//4584 4520//4520 4589//4589
f 4512//4512 4651//4651 4581//4581
f 4645//4645 4651//4651 4512//4512
f 4651//4651 4649//4649 4581//4581
f 4649//4649 4650//4650 4581//4581
f 4581//4581 4650//4650 4648//4648
f 4649//4649 4648//4648 4650//4650
f 4649//4649 4579//4579 4583//4583
f 4649//4649 4583//4583 4648//4648
f 4647//4647 4579//4579 4721//4721
f 4717//4717 4640//4640 4647//4647
f 4578//4578 4646//4646 4577//4577
f 4642//4642 4646//4646 4578//4578
f 4576//4576 4577//4577 4646//4646
f 4646//4646 4512//4512 4576//4576
f 4646//4646 4645//4645 4512//4512
f 4651//4651 4645//4645 4646//4646
f 4641//4641 4640//4640 4717//4717
f 4575//4575 4644//4644 4574//4574
f 4638//4638 4644//4644 4575//4575
f 4644//4644 4643//4643 4574//4574
f 4643//4643 4578//4578 4574//4574
f 4643//4643 4642//4642 4578//4578
f 4646//4646 4642//4642 4643//4643
f 4641//4641 4636//4636 4640//4640
f 4507//4507 4637//4637 4575//4575
f 4575//4575 4637//4637 4639//4639
f 4639//4639 4638//4638 4575//4575
f 4644//4644 4638//4638 4639//4639
f 4640//4640 4636//4636 4505//4505
f 4636//4636 4572//4572 4505//4505
f 4507//4507 4634//4634 4637//4637
f 4634//4634 4639//4639 4637//4637
f 4636//4636 4635//4635 4572//4572
f 4633//4633 4635//4635 4775//4775
f 4705//4705 4634//4634 4571//4571
f 4705//4705 4571//4571 4632//4632
f 4633//4633 4772//4772 4570//4570
f 4705//4705 4632//4632 4631//4631
f 4772//4772 4703//4703 4570//4570
f 4630//4630 4705//4705 4631//4631
f 4630//4630 4631//4631 4632//4632
f 4630//4630 4632//4632 4629//4629
f 4568//4568 4627//4627 4567//4567
f 4566//4566 4629//4629 4500//4500
f 4629//4629 4566//4566 4628//4628
f 4627//4627 4764//4764 4698//4698
f 4627//4627 4698//4698 4621//4621
f 4566//4566 4626//4626 4628//4628
f 4696//4696 4702//4702 4628//4628
f 4696//4696 4628//4628 4626//4626
f 4566//4566 4563//4563 4626//4626
f 4626//4626 4563//4563 4696//4696
f 4563//4563 4561//4561 4624//4624
f 4562//4562 4561//4561 4563//4563
f 4563//4563 4624//4624 4625//4625
f 4694//4694 4624//4624 4620//4620
f 4694//4694 4620//4620 4559//4559
f 4623//4623 4559//4559 4619//4619
f 4555//4555 4554//4554 4621//4621
f 4621//4621 4554//4554 4553//4553
f 4561//4561 4560//4560 4624//4624
f 4559//4559 4620//4620 4624//4624
f 4560//4560 4559//4559 4624//4624
f 4558//4558 4619//4619 4559//4559
f 4619//4619 4558//4558 4618//4618
f 4619//4619 4618//4618 4690//4690
f 4689//4689 4617//4617 4616//4616
f 4622//4622 4687//4687 4616//4616
f 4556//4556 4555//4555 4622//4622
f 4557//4557 4618//4618 4558//4558
f 4557//4557 4552//4552 4618//4618
f 4551//4551 4617//4617 4618//4618
f 4552//4552 4551//4551 4618//4618
f 4556//4556 4616//4616 4617//4617
f 4551//4551 4556//4556 4617//4617
f 4556//4556 4622//4622 4616//4616
f 4685//4685 4615//4615 4549//4549
f 4685//4685 4549//4549 4611//4611
f 4684//4684 4614//4614 4478//4478
f 4684//4684 4478//4478 4615//4615
f 4683//4683 4544//4544 4614//4614
f 4541//4541 4542//4542 4613//4613
f 4613//4613 4681//4681 4547//4547
f 4613//4613 4547//4547 4541//4541
f 4681//4681 4612//4612 4547//4547
f 4685//4685 4611//4611 4612//4612
f 4683//4683 4610//4610 4544//4544
f 4607//4607 4605//4605 4610//4610
f 4539//4539 4677//4677 4543//4543
f 4543//4543 4677//4677 4609//4609
f 4609//4609 4608//4608 4543//4543
f 4608//4608 4542//4542 4543//4543
f 4613//4613 4542//4542 4608//4608
f 4605//4605 4607//4607 4752//4752
f 4537//4537 4603//4603 4540//4540
f 4540//4540 4603//4603 4606//4606
f 4606//4606 4677//4677 4539//4539
f 4606//4606 4539//4539 4540//4540
f 4752//4752 4674//4674 4605//4605
f 4535//4535 4601//4601 4537//4537
f 4537//4537 4601//4601 4604//4604
f 4604//4604 4603//4603 4537//4537
f 4606//4606 4603//4603 4604//4604
f 4601//4601 4535//4535 4602//4602
f 4604//4604 4601//4601 4602//4602
f 4602//4602 4535//4535 4599//4599
f 4669//4669 4668//4668 4466//4466
f 4599//4599 4533//4533 4597//4597
f 4668//4668 4532//4532 4466//4466
f 4599//4599 4597//4597 4598//4598
f 4668//4668 4666//4666 4532//4532
f 4665//4665 4530//4530 4737//4737
f 4531//4531 4664//4664 4736//4736
f 4665//4665 4803//4803 4530//4530
f 4531//4531 4529//4529 4664//4664
f 4735//4735 4463//4463 4663//4663
f 4735//4735 4528//4528 4463//4463
f 4462//4462 4596//4596 4529//4529
f 4735//4735 4595//4595 4528//4528
f 4462//4462 4526//4526 4596//4596
f 4841//4841 4594//4594 4595//4595
f 4526//4526 4457//4457 4593//4593
f 4732//4732 4592//4592 4594//4594
f 4591//4591 4525//4525 4592//4592
f 4730//4730 4593//4593 4457//4457
f 4730//4730 4454//4454 4659//4659
f 4591//4591 4455//4455 4525//4525
f 4522//4522 4451//4451 4524//4524
f 4524//4524 4590//4590 4455//4455
f 4523//4523 4659//4659 4454//4454
f 4523//4523 4450//4450 4521//4521
f 4522//4522 4655//4655 4518//4518
f 4655//4655 4522//4522 4524//4524
f 4521//4521 4517//4517 4588//4588
f 4589//4589 4519//4519 4726//4726
f 4726//4726 4518//4518 4725//4725
f 4726//4726 4519//4519 4518//4518
f 4725//4725 4518//4518 4655//4655
f 4588//4588 4446//4446 4653//4653
f 4588//4588 4517//4517 4446//4446
f 4587//4587 4516//4516 4793//4793
f 4793//4793 4516//4516 4586//4586
f 4586//4586 4366//4366 4585//4585
f 4366//4366 4584//4584 4585//4585
f 4581//4581 4648//4648 4515//4515
f 4582//4582 4648//4648 4583//4583
f 4583//4583 4580//4580 4582//4582
f 4513//4513 4512//4512 4442//4442
f 4576//4576 4512//4512 4513//4513
f 4512//4512 4581//4581 4515//4515
f 4583//4583 4579//4579 4580//4580
f 4647//4647 4292//4292 4579//4579
f 4640//4640 4292//4292 4647//4647
f 4573//4573 4578//4578 4510//4510
f 4577//4577 4510//4510 4578//4578
f 4577//4577 4576//4576 4513//4513
f 4438//4438 4507//4507 4575//4575
f 4438//4438 4575//4575 4573//4573
f 4575//4575 4574//4574 4573//4573
f 4578//4578 4573//4573 4574//4574
f 4640//4640 4505//4505 4437//4437
f 4437//4437 4505//4505 4509//4509
f 4506//4506 4507//4507 4508//4508
f 4507//4507 4506//4506 4634//4634
f 4506//4506 4571//4571 4634//4634
f 4572//4572 4635//4635 4505//4505
f 4635//4635 4434//4434 4505//4505
f 4635//4635 4633//4633 4434//4434
f 4504//4504 4632//4632 4571//4571
f 4504//4504 4503//4503 4632//4632
f 4703//4703 4568//4568 4570//4570
f 4569//4569 4632//4632 4503//4503
f 4632//4632 4569//4569 4629//4629
f 4629//4629 4569//4569 4503//4503
f 4567//4567 4501//4501 4568//4568
f 4430//4430 4500//4500 4503//4503
f 4500//4500 4629//4629 4503//4503
f 4499//4499 4566//4566 4500//4500
f 4565//4565 4566//4566 4499//4499
f 4627//4627 4498//4498 4567//4567
f 4627//4627 4621//4621 4564//4564
f 4627//4627 4564//4564 4498//4498
f 4499//4499 4497//4497 4565//4565
f 4496//4496 4497//4497 4499//4499
f 4563//4563 4566//4566 4565//4565
f 4563//4563 4565//4565 4497//4497
f 4564//4564 4621//4621 4553//4553
f 4563//4563 4497//4497 4562//4562
f 4497//4497 4493//4493 4562//4562
f 4561//4561 4562//4562 4560//4560
f 4560//4560 4562//4562 4490//4490
f 4559//4559 4560//4560 4490//4490
f 4559//4559 4490//4490 4488//4488
f 4559//4559 4488//4488 4558//4558
f 4489//4489 4564//4564 4553//4553
f 4558//4558 4488//4488 4557//4557
f 4556//4556 4551//4551 4483//4483
f 4554//4554 4555//4555 4550//4550
f 4550//4550 4555//4555 4556//4556
f 4484//4484 4553//4553 4554//4554
f 4553//4553 4484//4484 4489//4489
f 4488//4488 4487//4487 4557//4557
f 4487//4487 4552//4552 4557//4557
f 4552//4552 4483//4483 4551//4551
f 4486//4486 4556//4556 4483//4483
f 4485//4485 4550//4550 4556//4556
f 4486//4486 4485//4485 4556//4556
f 4484//4484 4554//4554 4550//4550
f 4485//4485 4484//4484 4550//4550
f 4480//4480 4611//4611 4479//4479
f 4546//4546 4611//4611 4480//4480
f 4611//4611 4549//4549 4479//4479
f 4549//4549 4482//4482 4479//4479
f 4549//4549 4615//4615 4481//4481
f 4549//4549 4481//4481 4482//4482
f 4615//4615 4478//4478 4548//4548
f 4615//4615 4548//4548 4481//4481
f 4614//4614 4545//4545 4478//4478
f 4541//4541 4547//4547 4476//4476
f 4547//4547 4612//4612 4480//4480
f 4612//4612 4546//4546 4480//4480
f 4611//4611 4546//4546 4612//4612
f 4614//4614 4544//4544 4545//4545
f 4472//4472 4545//4545 4544//4544
f 4610//4610 4472//4472 4544//4544
f 4476//4476 4538//4538 4543//4543
f 4543//4543 4542//4542 4541//4541
f 4543//4543 4541//4541 4476//4476
f 4472//4472 4610//4610 4605//4605
f 4674//4674 4469//4469 4605//4605
f 4471//4471 4536//4536 4474//4474
f 4474//4474 4536//4536 4540//4540
f 4540//4540 4539//4539 4474//4474
f 4539//4539 4538//4538 4474//4474
f 4543//4543 4538//4538 4539//4539
f 4468//4468 4534//4534 4471//4471
f 4471//4471 4534//4534 4537//4537
f 4537//4537 4536//4536 4471//4471
f 4540//4540 4536//4536 4537//4537
f 4674//4674 4744//4744 4469//4469
f 4534//4534 4468//4468 4535//4535
f 4537//4537 4534//4534 4535//4535
f 4600//4600 4400//4400 4744//4744
f 4535//4535 4468//4468 4467//4467
f 4535//4535 4467//4467 4599//4599
f 4599//4599 4467//4467 4533//4533
f 4600//4600 4669//4669 4466//4466
f 4465//4465 4597//4597 4533//4533
f 4465//4465 4531//4531 4597//4597
f 4465//4465 4464//4464 4531//4531
f 4666//4666 4737//4737 4532//4532
f 4464//4464 4396//4396 4531//4531
f 4396//4396 4394//4394 4531//4531
f 4394//4394 4529//4529 4531//4531
f 4803//4803 4663//4663 4530//4530
f 4394//4394 4462//4462 4529//4529
f 4388//4388 4527//4527 4462//4462
f 4527//4527 4526//4526 4462//4462
f 4459//4459 4526//4526 4388//4388
f 4388//4388 4526//4526 4527//4527
f 4594//4594 4458//4458 4595//4595
f 4459//4459 4457//4457 4526//4526
f 4380//4380 4730//4730 4457//4457
f 4525//4525 4456//4456 4592//4592
f 4454//4454 4730//4730 4380//4380
f 4455//4455 4456//4456 4525//4525
f 4524//4524 4451//4451 4452//4452
f 4524//4524 4452//4452 4590//4590
f 4453//4453 4523//4523 4454//4454
f 4450//4450 4523//4523 4453//4453
f 4518//4518 4451//4451 4522//4522
f 4518//4518 4305//4305 4451//4451
f 4521//4521 4450//4450 4449//4449
f 4449//4449 4448//4448 4521//4521
f 4448//4448 4446//4446 4521//4521
f 4521//4521 4446//4446 4517//4517
f 4520//4520 4584//4584 4366//4366
f 4447//4447 4589//4589 4520//4520
f 4447//4447 4372//4372 4589//4589
f 4372//4372 4519//4519 4589//4589
f 4372//4372 4518//4518 4519//4519
f 4653//4653 4446//4446 4587//4587
f 4516//4516 4366//4366 4586//4586
f 4648//4648 4444//4444 4515//4515
f 4514//4514 4444//4444 4648//4648
f 4648//4648 4364//4364 4514//4514
f 4582//4582 4364//4364 4648//4648
f 4582//4582 4511//4511 4363//4363
f 4580//4580 4511//4511 4582//4582
f 4577//4577 4513//4513 4443//4443
f 4515//4515 4442//4442 4512//4512
f 4579//4579 4511//4511 4580//4580
f 4640//4640 4439//4439 4292//4292
f 4361//4361 4573//4573 4441//4441
f 4438//4438 4573//4573 4361//4361
f 4440//4440 4441//4441 4573//4573
f 4510//4510 4440//4440 4573//4573
f 4439//4439 4640//4640 4437//4437
f 4508//4508 4507//4507 4438//4438
f 4359//4359 4438//4438 4361//4361
f 4505//4505 4436//4436 4509//4509
f 4358//4358 4506//4506 4438//4438
f 4438//4438 4506//4506 4508//4508
f 4571//4571 4358//4358 4435//4435
f 4571//4571 4506//4506 4358//4358
f 4571//4571 4435//4435 4504//4504
f 4633//4633 4433//4433 4434//4434
f 4433//4433 4633//4633 4570//4570
f 4503//4503 4504//4504 4435//4435
f 4503//4503 4435//4435 4432//4432
f 4433//4433 4570//4570 4357//4357
f 4502//4502 4570//4570 4568//4568
f 4432//4432 4430//4430 4503//4503
f 4502//4502 4568//4568 4501//4501
f 4501//4501 4567//4567 4502//4502
f 4502//4502 4567//4567 4431//4431
f 4430//4430 4499//4499 4500//4500
f 4430//4430 4352//4352 4499//4499
f 4495//4495 4567//4567 4498//4498
f 4567//4567 4495//4495 4431//4431
f 4428//4428 4499//4499 4352//4352
f 4495//4495 4429//4429 4431//4431
f 4428//4428 4496//4496 4499//4499
f 4495//4495 4498//4498 4564//4564
f 4497//4497 4428//4428 4494//4494
f 4496//4496 4428//4428 4497//4497
f 4492//4492 4427//4427 4564//4564
f 4564//4564 4427//4427 4495//4495
f 4497//4497 4494//4494 4493//4493
f 4562//4562 4493//4493 4494//4494
f 4562//4562 4494//4494 4491//4491
f 4562//4562 4491//4491 4490//4490
f 4564//4564 4489//4489 4424//4424
f 4564//4564 4424//4424 4492//4492
f 4351//4351 4491//4491 4494//4494
f 4484//4484 4424//4424 4489//4489
f 4425//4425 4490//4490 4491//4491
f 4422//4422 4425//4425 4491//4491
f 4488//4488 4425//4425 4421//4421
f 4490//4490 4425//4425 4488//4488
f 4488//4488 4421//4421 4487//4487
f 4552//4552 4487//4487 4419//4419
f 4552//4552 4419//4419 4483//4483
f 4484//4484 4485//4485 4416//4416
f 4416//4416 4415//4415 4484//4484
f 4484//4484 4415//4415 4424//4424
f 4420//4420 4487//4487 4421//4421
f 4420//4420 4419//4419 4487//4487
f 4418//4418 4483//4483 4419//4419
f 4417//4417 4485//4485 4486//4486
f 4413//4413 4417//4417 4486//4486
f 4417//4417 4416//4416 4485//4485
f 4483//4483 4344//4344 4486//4486
f 4343//4343 4413//4413 4486//4486
f 4344//4344 4343//4343 4486//4486
f 4479//4479 4482//4482 4412//4412
f 4481//4481 4412//4412 4482//4482
f 4548//4548 4410//4410 4481//4481
f 4475//4475 4547//4547 4408//4408
f 4547//4547 4480//4480 4408//4408
f 4480//4480 4479//4479 4412//4412
f 4548//4548 4478//4478 4410//4410
f 4478//4478 4477//4477 4410//4410
f 4478//4478 4545//4545 4477//4477
f 4406//4406 4476//4476 4405//4405
f 4473//4473 4476//4476 4406//4406
f 4476//4476 4409//4409 4405//4405
f 4476//4476 4408//4408 4409//4409
f 4476//4476 4475//4475 4408//4408
f 4547//4547 4475//4475 4476//4476
f 4472//4472 4403//4403 4545//4545
f 4470//4470 4474//4474 4402//4402
f 4474//4474 4538//4538 4402//4402
f 4538//4538 4406//4406 4402//4402
f 4538//4538 4473//4473 4406//4406
f 4476//4476 4473//4473 4538//4538
f 4472//4472 4469//4469 4257//4257
f 4472//4472 4605//4605 4469//4469
f 4401//4401 4471//4471 4402//4402
f 4326//4326 4471//4471 4401//4401
f 4471//4471 4470//4470 4402//4402
f 4474//4474 4470//4470 4471//4471
f 4471//4471 4326//4326 4468//4468
f 4468//4468 4326//4326 4399//4399
f 4744//4744 4400//4400 4469//4469
f 4468//4468 4399//4399 4467//4467
f 4467//4467 4399//4399 4533//4533
f 4325//4325 4600//4600 4466//4466
f 4400//4400 4600//4600 4325//4325
f 4398//4398 4465//4465 4533//4533
f 4466//4466 4532//4532 4325//4325
f 4396//4396 4464//4464 4465//4465
f 4737//4737 4395//4395 4532//4532
f 4530//4530 4395//4395 4737//4737
f 4530//4530 4463//4463 4393//4393
f 4463//4463 4530//4530 4663//4663
f 4394//4394 4461//4461 4462//4462
f 4245//4245 4461//4461 4394//4394
f 4461//4461 4388//4388 4462//4462
f 4245//4245 4388//4388 4461//4461
f 4463//4463 4460//4460 4390//4390
f 4463//4463 4390//4390 4391//4391
f 4463//4463 4528//4528 4595//4595
f 4460//4460 4463//4463 4595//4595
f 4460//4460 4595//4595 4458//4458
f 4388//4388 4457//4457 4459//4459
f 4388//4388 4386//4386 4457//4457
f 4460//4460 4458//4458 4594//4594
f 4457//4457 4386//4386 4383//4383
f 4381//4381 4460//4460 4592//4592
f 4592//4592 4460//4460 4594//4594
f 4383//4383 4380//4380 4457//4457
f 4378//4378 4381//4381 4592//4592
f 4456//4456 4378//4378 4592//4592
f 4455//4455 4590//4590 4452//4452
f 4455//4455 4378//4378 4456//4456
f 4380//4380 4453//4453 4454//4454
f 4377//4377 4453//4453 4380//4380
f 4452//4452 4451//4451 4376//4376
f 4376//4376 4451//4451 4305//4305
f 4377//4377 4450//4450 4453//4453
f 4374//4374 4450//4450 4377//4377
f 4373//4373 4450//4450 4374//4374
f 4372//4372 4369//4369 4518//4518
f 4518//4518 4369//4369 4370//4370
f 4370//4370 4305//4305 4518//4518
f 4373//4373 4449//4449 4450//4450
f 4449//4449 4446//4446 4448//4448
f 4367//4367 4366//4366 4445//4445
f 4366//4366 4300//4300 4520//4520
f 4300//4300 4447//4447 4520//4520
f 4446//4446 4516//4516 4587//4587
f 4446//4446 4445//4445 4516//4516
f 4516//4516 4445//4445 4366//4366
f 4444//4444 4365//4365 4515//4515
f 4363//4363 4364//4364 4582//4582
f 4513//4513 4362//4362 4443//4443
f 4442//4442 4515//4515 4365//4365
f 4292//4292 4511//4511 4579//4579
f 4441//4441 4360//4360 4361//4361
f 4510//4510 4577//4577 4440//4440
f 4577//4577 4443//4443 4440//4440
f 4440//4440 4443//4443 4362//4362
f 4439//4439 4437//4437 4509//4509
f 4439//4439 4509//4509 4436//4436
f 4438//4438 4359//4359 4358//4358
f 4505//4505 4289//4289 4436//4436
f 4505//4505 4434//4434 4289//4289
f 4435//4435 4358//4358 4286//4286
f 4434//4434 4433//4433 4357//4357
f 4286//4286 4432//4432 4435//4435
f 4286//4286 4356//4356 4432//4432
f 4285//4285 4432//4432 4356//4356
f 4502//4502 4355//4355 4570//4570
f 4430//4430 4432//4432 4285//4285
f 4502//4502 4431//4431 4355//4355
f 4430//4430 4285//4285 4354//4354
f 4354//4354 4352//4352 4430//4430
f 4431//4431 4429//4429 4353//4353
f 4350//4350 4428//4428 4352//4352
f 4494//4494 4350//4350 4351//4351
f 4428//4428 4350//4350 4494//4494
f 4427//4427 4349//4349 4495//4495
f 4426//4426 4351//4351 4348//4348
f 4491//4491 4351//4351 4426//4426
f 4491//4491 4426//4426 4422//4422
f 4424//4424 4423//4423 4492//4492
f 4492//4492 4423//4423 4427//4427
f 4425//4425 4422//4422 4414//4414
f 4423//4423 4424//4424 4415//4415
f 4348//4348 4422//4422 4426//4426
f 4422//4422 4346//4346 4414//4414
f 4421//4421 4425//4425 4414//4414
f 4418//4418 4344//4344 4483//4483
f 4416//4416 4347//4347 4415//4415
f 4347//4347 4423//4423 4415//4415
f 4346//4346 4421//4421 4414//4414
f 4346//4346 4420//4420 4421//4421
f 4345//4345 4419//4419 4420//4420
f 4345//4345 4418//4418 4419//4419
f 4345//4345 4344//4344 4418//4418
f 4417//4417 4413//4413 4343//4343
f 4339//4339 4411//4411 4481//4481
f 4334//4334 4481//4481 4333//4333
f 4412//4412 4336//4336 4480//4480
f 4336//4336 4407//4407 4480//4480
f 4412//4412 4335//4335 4336//4336
f 4412//4412 4339//4339 4335//4335
f 4412//4412 4411//4411 4339//4339
f 4412//4412 4481//4481 4411//4411
f 4481//4481 4410//4410 4333//4333
f 4477//4477 4331//4331 4410//4410
f 4404//4404 4409//4409 4180//4180
f 4408//4408 4337//4337 4409//4409
f 4408//4408 4407//4407 4337//4337
f 4480//4480 4407//4407 4408//4408
f 4403//4403 4260//4260 4545//4545
f 4545//4545 4260//4260 4331//4331
f 4545//4545 4331//4331 4477//4477
f 4261//4261 4406//4406 4329//4329
f 4330//4330 4406//4406 4261//4261
f 4329//4329 4406//4406 4404//4404
f 4406//4406 4405//4405 4404//4404
f 4409//4409 4404//4404 4405//4405
f 4403//4403 4472//4472 4327//4327
f 4328//4328 4402//4402 4330//4330
f 4406//4406 4330//4330 4402//4402
f 4472//4472 4257//4257 4327//4327
f 4401//4401 4402//4402 4328//4328
f 4401//4401 4328//4328 4326//4326
f 4326//4326 4255//4255 4399//4399
f 4469//4469 4400//4400 4257//4257
f 4257//4257 4400//4400 4325//4325
f 4533//4533 4255//4255 4323//4323
f 4533//4533 4399//4399 4255//4255
f 4323//4323 4398//4398 4533//4533
f 4323//4323 4465//4465 4398//4398
f 4323//4323 4253//4253 4465//4465
f 4532//4532 4322//4322 4325//4325
f 4253//4253 4396//4396 4465//4465
f 4253//4253 4251//4251 4396//4396
f 4397//4397 4532//4532 4395//4395
f 4251//4251 4394//4394 4396//4396
f 4320//4320 4397//4397 4530//4530
f 4530//4530 4397//4397 4395//4395
f 4251//4251 4249//4249 4394//4394
f 4530//4530 4393//4393 4320//4320
f 4249//4249 4245//4245 4394//4394
f 4463//4463 4319//4319 4393//4393
f 4392//4392 4319//4319 4463//4463
f 4392//4392 4463//4463 4391//4391
f 4245//4245 4316//4316 4388//4388
f 4392//4392 4389//4389 4317//4317
f 4392//4392 4391//4391 4390//4390
f 4389//4389 4392//4392 4390//4390
f 4388//4388 4316//4316 4315//4315
f 4389//4389 4390//4390 4460//4460
f 4388//4388 4315//4315 4387//4387
f 4389//4389 4384//4384 4313//4313
f 4389//4389 4460//4460 4385//4385
f 4384//4384 4389//4389 4385//4385
f 4387//4387 4386//4386 4388//4388
f 4314//4314 4386//4386 4315//4315
f 4315//4315 4386//4386 4387//4387
f 4384//4384 4385//4385 4460//4460
f 4314//4314 4383//4383 4386//4386
f 4384//4384 4382//4382 4313//4313
f 4384//4384 4460//4460 4381//4381
f 4314//4314 4380//4380 4383//4383
f 4314//4314 4312//4312 4380//4380
f 4378//4378 4379//4379 4382//4382
f 4384//4384 4378//4378 4382//4382
f 4378//4378 4384//4384 4381//4381
f 4309//4309 4377//4377 4380//4380
f 4452//4452 4375//4375 4379//4379
f 4455//4455 4452//4452 4379//4379
f 4379//4379 4378//4378 4455//4455
f 4369//4369 4371//4371 4306//4306
f 4305//4305 4370//4370 4306//4306
f 4306//4306 4370//4370 4369//4369
f 4305//4305 4375//4375 4376//4376
f 4375//4375 4452//4452 4376//4376
f 4309//4309 4374//4374 4377//4377
f 4374//4374 4309//4309 4373//4373
f 4309//4309 4368//4368 4373//4373
f 4373//4373 4368//4368 4449//4449
f 4366//4366 4296//4296 4302//4302
f 4302//4302 4300//4300 4366//4366
f 4300//4300 4299//4299 4447//4447
f 4299//4299 4372//4372 4447//4447
f 4299//4299 4371//4371 4372//4372
f 4371//4371 4369//4369 4372//4372
f 4368//4368 4297//4297 4449//4449
f 4449//4449 4298//4298 4446//4446
f 4446//4446 4298//4298 4445//4445
f 4296//4296 4367//4367 4445//4445
f 4296//4296 4366//4366 4367//4367
f 4514//4514 4365//4365 4444//4444
f 4364//4364 4365//4365 4514//4514
f 4295//4295 4365//4365 4364//4364
f 4363//4363 4295//4295 4364//4364
f 4511//4511 4292//4292 4363//4363
f 4513//4513 4294//4294 4362//4362
f 4442//4442 4294//4294 4513//4513
f 4442//4442 4365//4365 4293//4293
f 4439//4439 4290//4290 4292//4292
f 4440//4440 4360//4360 4441//4441
f 4362//4362 4294//4294 4291//4291
f 4362//4362 4291//4291 4440//4440
f 4439//4439 4436//4436 4289//4289
f 4359//4359 4207//4207 4358//4358
f 4207//4207 4287//4287 4358//4358
f 4358//4358 4287//4287 4288//4288
f 4358//4358 4288//4288 4286//4286
f 4434//4434 4357//4357 4289//4289
f 4286//4286 4285//4285 4356//4356
f 4355//4355 4284//4284 4570//4570
f 4202//4202 4285//4285 4203//4203
f 4285//4285 4202//4202 4354//4354
f 4431//4431 4353//4353 4355//4355
f 4202//4202 4352//4352 4354//4354
f 4202//4202 4200//4200 4352//4352
f 4283//4283 4352//4352 4200//4200
f 4495//4495 4281//4281 4429//4429
f 4197//4197 4350//4350 4352//4352
f 4495//4495 4349//4349 4281//4281
f 4351//4351 4197//4197 4279//4279
f 4350//4350 4197//4197 4351//4351
f 4351//4351 4279//4279 4348//4348
f 4427//4427 4423//4423 4349//4349
f 4342//4342 4348//4348 4278//4278
f 4422//4422 4348//4348 4342//4342
f 4422//4422 4342//4342 4346//4346
f 4276//4276 4349//4349 4423//4423
f 4347//4347 4276//4276 4423//4423
f 4346//4346 4342//4342 4420//4420
f 4344//4344 4345//4345 4341//4341
f 4344//4344 4341//4341 4272//4272
f 4344//4344 4272//4272 4271//4271
f 4343//4343 4344//4344 4271//4271
f 4343//4343 4340//4340 4417//4417
f 4347//4347 4416//4416 4277//4277
f 4347//4347 4277//4277 4276//4276
f 4273//4273 4420//4420 4342//4342
f 4274//4274 4273//4273 4342//4342
f 4273//4273 4345//4345 4420//4420
f 4272//4272 4341//4341 4345//4345
f 4273//4273 4272//4272 4345//4345
f 4192//4192 4343//4343 4271//4271
f 4270//4270 4340//4340 4343//4343
f 4192//4192 4270//4270 4343//4343
f 4270//4270 4417//4417 4340//4340
f 4269//4269 4416//4416 4417//4417
f 4270//4270 4269//4269 4417//4417
f 4114//4114 4277//4277 4416//4416
f 4269//4269 4114//4114 4416//4416
f 4339//4339 4266//4266 4335//4335
f 4266//4266 4267//4267 4335//4335
f 4339//4339 4481//4481 4268//4268
f 4481//4481 4334//4334 4338//4338
f 4481//4481 4338//4338 4268//4268
f 4331//4331 4334//4334 4333//4333
f 4180//4180 4337//4337 4264//4264
f 4332//4332 4337//4337 4180//4180
f 4407//4407 4263//4263 4337//4337
f 4263//4263 4264//4264 4337//4337
f 4336//4336 4263//4263 4407//4407
f 4336//4336 4335//4335 4262//4262
f 4410//4410 4331//4331 4333//4333
f 4261//4261 4404//4404 4183//4183
f 4180//4180 4409//4409 4332//4332
f 4337//4337 4332//4332 4409//4409
f 4328//4328 4330//4330 4259//4259
f 4330//4330 4261//4261 4259//4259
f 4404//4404 4261//4261 4329//4329
f 4258//4258 4328//4328 4259//4259
f 4328//4328 4258//4258 4256//4256
f 4328//4328 4256//4256 4326//4326
f 4324//4324 4257//4257 4325//4325
f 4325//4325 4254//4254 4324//4324
f 4325//4325 4321//4321 4254//4254
f 4322//4322 4321//4321 4325//4325
f 4252//4252 4321//4321 4397//4397
f 4397//4397 4321//4321 4532//4532
f 4532//4532 4321//4321 4322//4322
f 4247//4247 4320//4320 4393//4393
f 4164//4164 4245//4245 4249//4249
f 4319//4319 4392//4392 4247//4247
f 4319//4319 4247//4247 4393//4393
f 4247//4247 4317//4317 4243//4243
f 4247//4247 4243//4243 4246//4246
f 4247//4247 4392//4392 4317//4317
f 4245//4245 4318//4318 4241//4241
f 4316//4316 4245//4245 4241//4241
f 4315//4315 4316//4316 4241//4241
f 4243//4243 4239//4239 4242//4242
f 4389//4389 4243//4243 4317//4317
f 4241//4241 4238//4238 4315//4315
f 4243//4243 4237//4237 4239//4239
f 4313//4313 4243//4243 4389//4389
f 4313//4313 4237//4237 4243//4243
f 4238//4238 4314//4314 4315//4315
f 4237//4237 4232//4232 4233//4233
f 4313//4313 4382//4382 4237//4237
f 4312//4312 4230//4230 4380//4380
f 4314//4314 4230//4230 4312//4312
f 4237//4237 4310//4310 4232//4232
f 4237//4237 4379//4379 4310//4310
f 4379//4379 4237//4237 4382//4382
f 4380//4380 4230//4230 4226//4226
f 4309//4309 4380//4380 4226//4226
f 4307//4307 4220//4220 4219//4219
f 4306//4306 4307//4307 4311//4311
f 4307//4307 4219//4219 4311//4311
f 4310//4310 4375//4375 4311//4311
f 4375//4375 4310//4310 4379//4379
f 4226//4226 4304//4304 4309//4309
f 4300//4300 4301//4301 4308//4308
f 4301//4301 4216//4216 4308//4308
f 4307//4307 4299//4299 4308//4308
f 4371//4371 4299//4299 4307//4307
f 4307//4307 4306//4306 4371//4371
f 4311//4311 4305//4305 4306//4306
f 4305//4305 4311//4311 4375//4375
f 4304//4304 4368//4368 4309//4309
f 4218//4218 4297//4297 4368//4368
f 4304//4304 4218//4218 4368//4368
f 4297//4297 4215//4215 4302//4302
f 4303//4303 4301//4301 4302//4302
f 4301//4301 4300//4300 4302//4302
f 4308//4308 4299//4299 4300//4300
f 4297//4297 4298//4298 4449//4449
f 4297//4297 4445//4445 4298//4298
f 4302//4302 4296//4296 4445//4445
f 4297//4297 4302//4302 4445//4445
f 4293//4293 4365//4365 4214//4214
f 4209//4209 4214//4214 4365//4365
f 4135//4135 4209//4209 4365//4365
f 4295//4295 4135//4135 4365//4365
f 4363//4363 4135//4135 4295//4295
f 4132//4132 4135//4135 4363//4363
f 4292//4292 4213//4213 4363//4363
f 4213//4213 4132//4132 4363//4363
f 4211//4211 4212//4212 4294//4294
f 4442//4442 4211//4211 4294//4294
f 4293//4293 4210//4210 4442//4442
f 4292//4292 4130//4130 4213//4213
f 4129//4129 4130//4130 4292//4292
f 4290//4290 4129//4129 4292//4292
f 4360//4360 4208//4208 4361//4361
f 4208//4208 4127//4127 4361//4361
f 4440//4440 4291//4291 4360//4360
f 4291//4291 4208//4208 4360//4360
f 4290//4290 4439//4439 4129//4129
f 4361//4361 4127//4127 4359//4359
f 4129//4129 4439//4439 4289//4289
f 4129//4129 4289//4289 4061//4061
f 4126//4126 4061//4061 4289//4289
f 4289//4289 4206//4206 4126//4126
f 4206//4206 4289//4289 4124//4124
f 4286//4286 4288//4288 4287//4287
f 4205//4205 4286//4286 4287//4287
f 4122//4122 4289//4289 4357//4357
f 4122//4122 4124//4124 4289//4289
f 4570//4570 4204//4204 4357//4357
f 4205//4205 4285//4285 4286//4286
f 4570//4570 4284//4284 4204//4204
f 4205//4205 4203//4203 4285//4285
f 4053//4053 4202//4202 4203//4203
f 4355//4355 4353//4353 4052//4052
f 4429//4429 4282//4282 4353//4353
f 4353//4353 4282//4282 4201//4201
f 4352//4352 4283//4283 4199//4199
f 4199//4199 4283//4283 4200//4200
f 4282//4282 4429//4429 4281//4281
f 4199//4199 4197//4197 4352//4352
f 4282//4282 4281//4281 4349//4349
f 4280//4280 4198//4198 4349//4349
f 4198//4198 4282//4282 4349//4349
f 4196//4196 4279//4279 4197//4197
f 4348//4348 4196//4196 4278//4278
f 4279//4279 4196//4196 4348//4348
f 4276//4276 4275//4275 4349//4349
f 4349//4349 4275//4275 4280//4280
f 4278//4278 4195//4195 4342//4342
f 4342//4342 4195//4195 4194//4194
f 4342//4342 4194//4194 4274//4274
f 4273//4273 4274//4274 4193//4193
f 4273//4273 4193//4193 4272//4272
f 4271//4271 4272//4272 4192//4192
f 4114//4114 4276//4276 4277//4277
f 4111//4111 4193//4193 4274//4274
f 4193//4193 4190//4190 4272//4272
f 4190//4190 4192//4192 4272//4272
f 4191//4191 4269//4269 4270//4270
f 4268//4268 4188//4188 4339//4339
f 4188//4188 4265//4265 4339//4339
f 4268//4268 4187//4187 4188//4188
f 4186//4186 4335//4335 4185//4185
f 4186//4186 4262//4262 4335//4335
f 4267//4267 4185//4185 4335//4335
f 4267//4267 4266//4266 4265//4265
f 4267//4267 4265//4265 4030//4030
f 4339//4339 4265//4265 4266//4266
f 4338//4338 4334//4334 4268//4268
f 4331//4331 4179//4179 4334//4334
f 4179//4179 4268//4268 4334//4334
f 4182//4182 4180//4180 4181//4181
f 4183//4183 4180//4180 4182//4182
f 4263//4263 4104//4104 4264//4264
f 4263//4263 4186//4186 4104//4104
f 4263//4263 4336//4336 4262//4262
f 4263//4263 4262//4262 4186//4186
f 4175//4175 4179//4179 4331//4331
f 4260//4260 4175//4175 4331//4331
f 4101//4101 4261//4261 4177//4177
f 4178//4178 4261//4261 4101//4101
f 4261//4261 4183//4183 4177//4177
f 4180//4180 4183//4183 4404//4404
f 4260//4260 4403//4403 4175//4175
f 4095//4095 4174//4174 4178//4178
f 4178//4178 4174//4174 4259//4259
f 4261//4261 4178//4178 4259//4259
f 4403//4403 4327//4327 4175//4175
f 4259//4259 4174//4174 4258//4258
f 4257//4257 4173//4173 4327//4327
f 4256//4256 4174//4174 4172//4172
f 4258//4258 4174//4174 4256//4256
f 4257//4257 4324//4324 4173//4173
f 4172//4172 4326//4326 4256//4256
f 4326//4326 4172//4172 4255//4255
f 4172//4172 4171//4171 4255//4255
f 4254//4254 4091//4091 4324//4324
f 4171//4171 4323//4323 4255//4255
f 4091//4091 4254//4254 4321//4321
f 4171//4171 4253//4253 4323//4323
f 4171//4171 4092//4092 4253//4253
f 4170//4170 4091//4091 4321//4321
f 4092//4092 4018//4018 4253//4253
f 4321//4321 4252//4252 4170//4170
f 4018//4018 4251//4251 4253//4253
f 4397//4397 4169//4169 4252//4252
f 4250//4250 4169//4169 4397//4397
f 4018//4018 4249//4249 4251//4251
f 4018//4018 4168//4168 4249//4249
f 4250//4250 4397//4397 4320//4320
f 4168//4168 4167//4167 4249//4249
f 4250//4250 4247//4247 4248//4248
f 4247//4247 4250//4250 4320//4320
f 4167//4167 4164//4164 4249//4249
f 4246//4246 4166//4166 4248//4248
f 4246//4246 4248//4248 4247//4247
f 4164//4164 4085//4085 4245//4245
f 4246//4246 4244//4244 4166//4166
f 4085//4085 4318//4318 4245//4245
f 4241//4241 4318//4318 4240//4240
f 4246//4246 4242//4242 4244//4244
f 4243//4243 4242//4242 4246//4246
f 4244//4244 4236//4236 4153//4153
f 4244//4244 4153//4153 4156//4156
f 4239//4239 4236//4236 4244//4244
f 4244//4244 4242//4242 4239//4239
f 4240//4240 4238//4238 4241//4241
f 4152//4152 4238//4238 4240//4240
f 4159//4159 4152//4152 4240//4240
f 4236//4236 4239//4239 4237//4237
f 4151//4151 4147//4147 4152//4152
f 4231//4231 4234//4234 4236//4236
f 4234//4234 4143//4143 4236//4236
f 4231//4231 4236//4236 4237//4237
f 4238//4238 4152//4152 4142//4142
f 4314//4314 4238//4238 4142//4142
f 4147//4147 4142//4142 4152//4152
f 4231//4231 4237//4237 4233//4233
f 4314//4314 4142//4142 4225//4225
f 4227//4227 4145//4145 4235//4235
f 4227//4227 4228//4228 4145//4145
f 4219//4219 4227//4227 4235//4235
f 4310//4310 4219//4219 4235//4235
f 4310//4310 4235//4235 4234//4234
f 4231//4231 4310//4310 4234//4234
f 4231//4231 4232//4232 4310//4310
f 4232//4232 4231//4231 4233//4233
f 4225//4225 4230//4230 4314//4314
f 4226//4226 4230//4230 4225//4225
f 4308//4308 4222//4222 4229//4229
f 4221//4221 4229//4229 4228//4228
f 4221//4221 4308//4308 4229//4229
f 4220//4220 4221//4221 4228//4228
f 4219//4219 4228//4228 4227//4227
f 4219//4219 4220//4220 4228//4228
f 4219//4219 4310//4310 4311//4311
f 4226//4226 4225//4225 4218//4218
f 4217//4217 4225//4225 4224//4224
f 4217//4217 4218//4218 4225//4225
f 4217//4217 4224//4224 4223//4223
f 4217//4217 4223//4223 4216//4216
f 4308//4308 4216//4216 4222//4222
f 4221//4221 4307//4307 4308//4308
f 4221//4221 4220//4220 4307//4307
f 4218//4218 4304//4304 4226//4226
f 4216//4216 4303//4303 4217//4217
f 4301//4301 4303//4303 4216//4216
f 4217//4217 4215//4215 4297//4297
f 4218//4218 4217//4217 4297//4297
f 4217//4217 4302//4302 4215//4215
f 4302//4302 4217//4217 4303//4303
f 4293//4293 4214//4214 4209//4209
f 4291//4291 4294//4294 4212//4212
f 4442//4442 4134//4134 4211//4211
f 4210//4210 4134//4134 4442//4442
f 4210//4210 4293//4293 4068//4068
f 4293//4293 4209//4209 4133//4133
f 4293//4293 4133//4133 4068//4068
f 4209//4209 4135//4135 4132//4132
f 4208//4208 4128//4128 4127//4127
f 4291//4291 4066//4066 4208//4208
f 4359//4359 4127//4127 4060//4060
f 4359//4359 4060//4060 4207//4207
f 4060//4060 4125//4125 4207//4207
f 4206//4206 4124//4124 4126//4126
f 4125//4125 4123//4123 4207//4207
f 4123//4123 4287//4287 4207//4207
f 4122//4122 3978//3978 4124//4124
f 4287//4287 4123//4123 4205//4205
f 4123//4123 4203//4203 4205//4205
f 4357//4357 4204//4204 4122//4122
f 4284//4284 4355//4355 4204//4204
f 4053//4053 4203//4203 4121//4121
f 3976//3976 4202//4202 4053//4053
f 4052//4052 4353//4353 4120//4120
f 4353//4353 4201//4201 4120//4120
f 3976//3976 4051//4051 4202//4202
f 4119//4119 4201//4201 4282//4282
f 4051//4051 4200//4200 4202//4202
f 4282//4282 4198//4198 4119//4119
f 4118//4118 4197//4197 4199//4199
f 4196//4196 4197//4197 4118//4118
f 4196//4196 4116//4116 4278//4278
f 4194//4194 4278//4278 4116//4116
f 4278//4278 4194//4194 4195//4195
f 4275//4275 4115//4115 4280//4280
f 4274//4274 4194//4194 4112//4112
f 4274//4274 4112//4112 4111//4111
f 4275//4275 4276//4276 4114//4114
f 4192//4192 4110//4110 4270//4270
f 4270//4270 4110//4110 4191//4191
f 4036//4036 4269//4269 4191//4191
f 4036//4036 4114//4114 4269//4269
f 4193//4193 4040//4040 4190//4190
f 4040//4040 4192//4192 4190//4190
f 4192//4192 3964//3964 4110//4110
f 4265//4265 4106//4106 4030//4030
f 4106//4106 4029//4029 4030//4030
f 4265//4265 4189//4189 4106//4106
f 4106//4106 4189//4189 3961//3961
f 4265//4265 4188//4188 4189//4189
f 4187//4187 4189//4189 4188//4188
f 4268//4268 4184//4184 4187//4187
f 4186//4186 4185//4185 4104//4104
f 4185//4185 4103//4103 4104//4104
f 4267//4267 4102//4102 4185//4185
f 4030//4030 4102//4102 4267//4267
f 4268//4268 4179//4179 4184//4184
f 4176//4176 4183//4183 4100//4100
f 4182//4182 4181//4181 4183//4183
f 4181//4181 4100//4100 4183//4183
f 4180//4180 4104//4104 4181//4181
f 4180//4180 4264//4264 4104//4104
f 4099//4099 4179//4179 4175//4175
f 4178//4178 4101//4101 4097//4097
f 4101//4101 4177//4177 4176//4176
f 4183//4183 4176//4176 4177//4177
f 4178//4178 4097//4097 4098//4098
f 4178//4178 4098//4098 4095//4095
f 4094//4094 4174//4174 4095//4095
f 4327//4327 4173//4173 4096//4096
f 4094//4094 4172//4172 4174//4174
f 4173//4173 4324//4324 4096//4096
f 4324//4324 4093//4093 4096//4096
f 4324//4324 4091//4091 4093//4093
f 4092//4092 4171//4171 4172//4172
f 4091//4091 4170//4170 4090//4090
f 4018//4018 4167//4167 4168//4168
f 4088//4088 4167//4167 4018//4018
f 4250//4250 4166//4166 4087//4087
f 4248//4248 4166//4166 4250//4250
f 4166//4166 4165//4165 4087//4087
f 4164//4164 4167//4167 4085//4085
f 4162//4162 4163//4163 4165//4165
f 4166//4166 4162//4162 4165//4165
f 4085//4085 4080//4080 4318//4318
f 4162//4162 4161//4161 4163//4163
f 4161//4161 4081//4081 4163//4163
f 4244//4244 4162//4162 4166//4166
f 4240//4240 4079//4079 4155//4155
f 4318//4318 4079//4079 4240//4240
f 4080//4080 4079//4079 4318//4318
f 4160//4160 4076//4076 4161//4161
f 4156//4156 4160//4160 4161//4161
f 4162//4162 4156//4156 4161//4161
f 4162//4162 4244//4244 4156//4156
f 4157//4157 4073//4073 4160//4160
f 4148//4148 4157//4157 4160//4160
f 4148//4148 4160//4160 4156//4156
f 4155//4155 4159//4159 4240//4240
f 4140//4140 4155//4155 4158//4158
f 4139//4139 4140//4140 4158//4158
f 4139//4139 4158//4158 4154//4154
f 4158//4158 4072//4072 4154//4154
f 4149//4149 4150//4150 4157//4157
f 4149//4149 4157//4157 4148//4148
f 4153//4153 4148//4148 4156//4156
f 4159//4159 4155//4155 4151//4151
f 4152//4152 4159//4159 4151//4151
f 4141//4141 4155//4155 4140//4140
f 4141//4141 4151//4151 4155//4155
f 4146//4146 4139//4139 4154//4154
f 4138//4138 4146//4146 4154//4154
f 4138//4138 4154//4154 4150//4150
f 4143//4143 4149//4149 4148//4148
f 4148//4148 4153//4153 4236//4236
f 4137//4137 4138//4138 4150//4150
f 4145//4145 4150//4150 4149//4149
f 4145//4145 4137//4137 4150//4150
f 4144//4144 4149//4149 4143//4143
f 4144//4144 4145//4145 4149//4149
f 4143//4143 4148//4148 4236//4236
f 4142//4142 4147//4147 4151//4151
f 4136//4136 4151//4151 4141//4141
f 4139//4139 4146//4146 4138//4138
f 4144//4144 4235//4235 4145//4145
f 4143//4143 4234//4234 4235//4235
f 4144//4144 4143//4143 4235//4235
f 4225//4225 4142//4142 4151//4151
f 4223//4223 4136//4136 4141//4141
f 4140//4140 4223//4223 4141//4141
f 4140//4140 4216//4216 4223//4223
f 4222//4222 4216//4216 4140//4140
f 4139//4139 4229//4229 4222//4222
f 4140//4140 4139//4139 4222//4222
f 4138//4138 4228//4228 4229//4229
f 4139//4139 4138//4138 4229//4229
f 4138//4138 4137//4137 4228//4228
f 4228//4228 4137//4137 4145//4145
f 4151//4151 4224//4224 4225//4225
f 4136//4136 4223//4223 4224//4224
f 4151//4151 4136//4136 4224//4224
f 4213//4213 4131//4131 4132//4132
f 3998//3998 4291//4291 4069//4069
f 4212//4212 4069//4069 4291//4291
f 4211//4211 4069//4069 4212//4212
f 4134//4134 4210//4210 4211//4211
f 4209//4209 4067//4067 4133//4133
f 4132//4132 4067//4067 4209//4209
f 4132//4132 4131//4131 4065//4065
f 4132//4132 4065//4065 3995//3995
f 4063//4063 4131//4131 4130//4130
f 4130//4130 4131//4131 4213//4213
f 4064//4064 4063//4063 4130//4130
f 4129//4129 4064//4064 4130//4130
f 4208//4208 4066//4066 4128//4128
f 4291//4291 3998//3998 4066//4066
f 4064//4064 4129//4129 4063//4063
f 4063//4063 4129//4129 4061//4061
f 4061//4061 4126//4126 4058//4058
f 4057//4057 4126//4126 4124//4124
f 4057//4057 4058//4058 4126//4126
f 4060//4060 4123//4123 4125//4125
f 4060//4060 4056//4056 4123//4123
f 4123//4123 4056//4056 4055//4055
f 4203//4203 4123//4123 4055//4055
f 3978//3978 4122//4122 4204//4204
f 4204//4204 4052//4052 3978//3978
f 4055//4055 4121//4121 4203//4203
f 4053//4053 4121//4121 4055//4055
f 4204//4204 4355//4355 4052//4052
f 3979//3979 3976//3976 4053//4053
f 4052//4052 4120//4120 3977//3977
f 4120//4120 4201//4201 4119//4119
f 4050//4050 4048//4048 4051//4051
f 4199//4199 4200//4200 4048//4048
f 4048//4048 4200//4200 4051//4051
f 4048//4048 4118//4118 4199//4199
f 4198//4198 4047//4047 4119//4119
f 4198//4198 4117//4117 4047//4047
f 4118//4118 4046//4046 4196//4196
f 4198//4198 4280//4280 4117//4117
f 4115//4115 4117//4117 4280//4280
f 4194//4194 4046//4046 4113//4113
f 4196//4196 4046//4046 4194//4194
f 4116//4116 4196//4196 4194//4194
f 4194//4194 4113//4113 4112//4112
f 4114//4114 4042//4042 4115//4115
f 4275//4275 4114//4114 4115//4115
f 4112//4112 4113//4113 4043//4043
f 4043//4043 4041//4041 4112//4112
f 4111//4111 4112//4112 4041//4041
f 4111//4111 4041//4041 4109//4109
f 4111//4111 4109//4109 4108//4108
f 4193//4193 4111//4111 4108//4108
f 4193//4193 4108//4108 4040//4040
f 4191//4191 4110//4110 4036//4036
f 4114//4114 4036//4036 4035//4035
f 4042//4042 4114//4114 4035//4035
f 4109//4109 4040//4040 4108//4108
f 4040//4040 4039//4039 4192//4192
f 4192//4192 4039//4039 3964//3964
f 3964//3964 4038//4038 4110//4110
f 4038//4038 4037//4037 4110//4110
f 4037//4037 4036//4036 4110//4110
f 4189//4189 4032//4032 3961//3961
f 4107//4107 4032//4032 4189//4189
f 4189//4189 4105//4105 4107//4107
f 4030//4030 4031//4031 4102//4102
f 4106//4106 4034//4034 4029//4029
f 3961//3961 4034//4034 4106//4106
f 4189//4189 4187//4187 4105//4105
f 4184//4184 4105//4105 4187//4187
f 4181//4181 4104//4104 4027//4027
f 4103//4103 4026//4026 4104//4104
f 4026//4026 4027//4027 4104//4104
f 4103//4103 4185//4185 4031//4031
f 4185//4185 4102//4102 4031//4031
f 4184//4184 4179//4179 4025//4025
f 3952//3952 4025//4025 4179//4179
f 4099//4099 3952//3952 4179//4179
f 4024//4024 4101//4101 4176//4176
f 4023//4023 4101//4101 4024//4024
f 4100//4100 4181//4181 4027//4027
f 4101//4101 4023//4023 4097//4097
f 4096//4096 4099//4099 4175//4175
f 4023//4023 4095//4095 4098//4098
f 4097//4097 4023//4023 4098//4098
f 4175//4175 4327//4327 4096//4096
f 4094//4094 4095//4095 4023//4023
f 4023//4023 3946//3946 4094//4094
f 4096//4096 4093//4093 4022//4022
f 3946//3946 4172//4172 4094//4094
f 4092//4092 4172//4172 4021//4021
f 4172//4172 3946//3946 4021//4021
f 4091//4091 4020//4020 4093//4093
f 4090//4090 4020//4020 4091//4091
f 4021//4021 4018//4018 4092//4092
f 4090//4090 3938//3938 3940//3940
f 3942//3942 3941//3941 4018//4018
f 4090//4090 4089//4089 3938//3938
f 4169//4169 4089//4089 4090//4090
f 4252//4252 4169//4169 4090//4090
f 4252//4252 4090//4090 4170//4170
f 4018//4018 3941//3941 4017//4017
f 4250//4250 4089//4089 4169//4169
f 4017//4017 4088//4088 4018//4018
f 4016//4016 4086//4086 4015//4015
f 4089//4089 4086//4086 4016//4016
f 4087//4087 4086//4086 4089//4089
f 4087//4087 4089//4089 4250//4250
f 4017//4017 4167//4167 4088//4088
f 4085//4085 4014//4014 4075//4075
f 4167//4167 4014//4014 4085//4085
f 4017//4017 4014//4014 4167//4167
f 4084//4084 3932//3932 4086//4086
f 4086//4086 4165//4165 4084//4084
f 4165//4165 4086//4086 4087//4087
f 4011//4011 4078//4078 4075//4075
f 4082//4082 4083//4083 4084//4084
f 4083//4083 4007//4007 4084//4084
f 4081//4081 4082//4082 4084//4084
f 4084//4084 4163//4163 4081//4081
f 4163//4163 4084//4084 4165//4165
f 4075//4075 4080//4080 4085//4085
f 4079//4079 4080//4080 4075//4075
f 4078//4078 4004//4004 4071//4071
f 4077//4077 4002//4002 4009//4009
f 4009//4009 4002//4002 4000//4000
f 4073//4073 4077//4077 4009//4009
f 4082//4082 4009//4009 4083//4083
f 4082//4082 4073//4073 4009//4009
f 4082//4082 4081//4081 4161//4161
f 4155//4155 4079//4079 4075//4075
f 4074//4074 4075//4075 4078//4078
f 4072//4072 4074//4074 4078//4078
f 4154//4154 4078//4078 4071//4071
f 4154//4154 4072//4072 4078//4078
f 4070//4070 4071//4071 4077//4077
f 4073//4073 4070//4070 4077//4077
f 4082//4082 4076//4076 4160//4160
f 4073//4073 4082//4082 4160//4160
f 4076//4076 4082//4082 4161//4161
f 4074//4074 4158//4158 4155//4155
f 4075//4075 4074//4074 4155//4155
f 4074//4074 4072//4072 4158//4158
f 4071//4071 4150//4150 4154//4154
f 4070//4070 4157//4157 4150//4150
f 4071//4071 4070//4070 4150//4150
f 4157//4157 4070//4070 4073//4073
f 4211//4211 3997//3997 4069//4069
f 3918//3918 3997//3997 4211//4211
f 4210//4210 3996//3996 4211//4211
f 3996//3996 3918//3918 4211//4211
f 4068//4068 3996//3996 4210//4210
f 4067//4067 4068//4068 4133//4133
f 4132//4132 3995//3995 4067//4067
f 3927//3927 4128//4128 4066//4066
f 4069//4069 3927//3927 4066//4066
f 3998//3998 4069//4069 4066//4066
f 3995//3995 4065//4065 3991//3991
f 3995//3995 3991//3991 3994//3994
f 4065//4065 4131//4131 3991//3991
f 4062//4062 4131//4131 4063//4063
f 4128//4128 3917//3917 4127//4127
f 3993//3993 3917//3917 4128//4128
f 4062//4062 3985//3985 4131//4131
f 4063//4063 4059//4059 4062//4062
f 4061//4061 4059//4059 4063//4063
f 4127//4127 3989//3989 4060//4060
f 3917//3917 3989//3989 4127//4127
f 4059//4059 4061//4061 4058//4058
f 4059//4059 3984//3984 4062//4062
f 4057//4057 4059//4059 4058//4058
f 4060//4060 3983//3983 4056//4056
f 4060//4060 3987//3987 3983//3983
f 3989//3989 3987//3987 4060//4060
f 4059//4059 3981//3981 3984//3984
f 4059//4059 4057//4057 4124//4124
f 3981//3981 4059//4059 4124//4124
f 3983//3983 4055//4055 4056//4056
f 3983//3983 3979//3979 4055//4055
f 4124//4124 3978//3978 3980//3980
f 3980//3980 3978//3978 4054//4054
f 3979//3979 4053//4053 4055//4055
f 4052//4052 3977//3977 3978//3978
f 3905//3905 3976//3976 3979//3979
f 4120//4120 3975//3975 3977//3977
f 4120//4120 4119//4119 3975//3975
f 3976//3976 3904//3904 4051//4051
f 4049//4049 3842//3842 4119//4119
f 3904//3904 4050//4050 4051//4051
f 4048//4048 4050//4050 3904//3904
f 3973//3973 3972//3972 4048//4048
f 4119//4119 4047//4047 4049//4049
f 3972//3972 4118//4118 4048//4048
f 3971//3971 4118//4118 3972//3972
f 4118//4118 3971//3971 4046//4046
f 4117//4117 4115//4115 4045//4045
f 4117//4117 4045//4045 3969//3969
f 4044//4044 4045//4045 4115//4115
f 4035//4035 3967//3967 4042//4042
f 4042//4042 3967//3967 4115//4115
f 4115//4115 3967//3967 4044//4044
f 4043//4043 3898//3898 4041//4041
f 3898//3898 3965//3965 4041//4041
f 4041//4041 3965//3965 4109//4109
f 4036//4036 4037//4037 4035//4035
f 3965//3965 4040//4040 4109//4109
f 3894//3894 4038//4038 3964//3964
f 3963//3963 4037//4037 4038//4038
f 3963//3963 3962//3962 4037//4037
f 4029//4029 4034//4034 3959//3959
f 4034//4034 3961//3961 3959//3959
f 3961//3961 4032//4032 4033//4033
f 4032//4032 4107//4107 4033//4033
f 4107//4107 4028//4028 3958//3958
f 4105//4105 4028//4028 4107//4107
f 3957//3957 4103//4103 3956//3956
f 4031//4031 3893//3893 4103//4103
f 3893//3893 3956//3956 4103//4103
f 3955//3955 3893//3893 4031//4031
f 4031//4031 4030//4030 3955//3955
f 4030//4030 3960//3960 3955//3955
f 4030//4030 4029//4029 3959//3959
f 4030//4030 3959//3959 3960//3960
f 4105//4105 4184//4184 4028//4028
f 4184//4184 4025//4025 4028//4028
f 3954//3954 4027//4027 3953//3953
f 4027//4027 3957//3957 3953//3953
f 4027//4027 4026//4026 3957//3957
f 4103//4103 3957//3957 4026//4026
f 4176//4176 3954//3954 4024//4024
f 4176//4176 4100//4100 4027//4027
f 4176//4176 4027//4027 3954//3954
f 4099//4099 3950//3950 3952//3952
f 3948//3948 4023//4023 3951//3951
f 4024//4024 3951//3951 4023//4023
f 4099//4099 4096//4096 3950//3950
f 3946//3946 4023//4023 3949//3949
f 4023//4023 3948//3948 3949//3949
f 4022//4022 3947//3947 4096//4096
f 3946//3946 3945//3945 4021//4021
f 3944//3944 4020//4020 3943//3943
f 4020//4020 3944//3944 4093//4093
f 4020//4020 4019//4019 3943//3943
f 3882//3882 4018//4018 4021//4021
f 3882//3882 3942//3942 4018//4018
f 3940//3940 4019//4019 4090//4090
f 4090//4090 4019//4019 4020//4020
f 3941//3941 3879//3879 4017//4017
f 4016//4016 3935//3935 3938//3938
f 4089//4089 4016//4016 3938//3938
f 4017//4017 3879//3879 3937//3937
f 4015//4015 3878//3878 3935//3935
f 4016//4016 4015//4015 3935//3935
f 3937//3937 4013//4013 4017//4017
f 4013//4013 4014//4014 4017//4017
f 4075//4075 4013//4013 4006//4006
f 4014//4014 4013//4013 4075//4075
f 4006//4006 4013//4013 4005//4005
f 4012//4012 4084//4084 4007//4007
f 3932//3932 4084//4084 4012//4012
f 3932//3932 4015//4015 4086//4086
f 4006//4006 4011//4011 4075//4075
f 4078//4078 4011//4011 4006//4006
f 4008//4008 4001//4001 4010//4010
f 4008//4008 4000//4000 4001//4001
f 4008//4008 4009//4009 4000//4000
f 4008//4008 4083//4083 4009//4009
f 4008//4008 4007//4007 4083//4083
f 4005//4005 4004//4004 4078//4078
f 4006//4006 4005//4005 4078//4078
f 4004//4004 4003//4003 4071//4071
f 4003//4003 4077//4077 4071//4071
f 4001//4001 4002//4002 4077//4077
f 4003//4003 4001//4001 4077//4077
f 4002//4002 4001//4001 4000//4000
f 3996//3996 4068//4068 4067//4067
f 3995//3995 3996//3996 4067//4067
f 3925//3925 4128//4128 3927//3927
f 4069//4069 3999//3999 3927//3927
f 3927//3927 3999//3999 3870//3870
f 4069//4069 3997//3997 3924//3924
f 3997//3997 3918//3918 3924//3924
f 3996//3996 3923//3923 3918//3918
f 3992//3992 3922//3922 3996//3996
f 3996//3996 3922//3922 3923//3923
f 3920//3920 3992//3992 3996//3996
f 3996//3996 3991//3991 3920//3920
f 3996//3996 3994//3994 3991//3991
f 3995//3995 3994//3994 3996//3996
f 4131//4131 3990//3990 3991//3991
f 3926//3926 3993//3993 4128//4128
f 3925//3925 3926//3926 4128//4128
f 3990//3990 3920//3920 3991//3991
f 3990//3990 4131//4131 3985//3985
f 3990//3990 3986//3986 3920//3920
f 4062//4062 3988//3988 3985//3985
f 3985//3985 3986//3986 3990//3990
f 3984//3984 3988//3988 4062//4062
f 3917//3917 3983//3983 3989//3989
f 3989//3989 3983//3983 3987//3987
f 3988//3988 3982//3982 3985//3985
f 3985//3985 3982//3982 3986//3986
f 3981//3981 3988//3988 3984//3984
f 4124//4124 3988//3988 3981//3981
f 3983//3983 3909//3909 3979//3979
f 3907//3907 3908//3908 3988//3988
f 3988//3988 4124//4124 3980//3980
f 3907//3907 3988//3988 3980//3980
f 4054//4054 3907//3907 3980//3980
f 3979//3979 3909//3909 3905//3905
f 3844//3844 3978//3978 3977//3977
f 3844//3844 4054//4054 3978//3978
f 3905//3905 3843//3843 3976//3976
f 3843//3843 3974//3974 3976//3976
f 3975//3975 3842//3842 3977//3977
f 3842//3842 3975//3975 4119//4119
f 3974//3974 3904//3904 3976//3976
f 3843//3843 3904//3904 3974//3974
f 3904//3904 3973//3973 4048//4048
f 3904//3904 3972//3972 3973//3973
f 3904//3904 3902//3902 3972//3972
f 4049//4049 4047//4047 3903//3903
f 3970//3970 4047//4047 4117//4117
f 3971//3971 3972//3972 3902//3902
f 3839//3839 3971//3971 3902//3902
f 3970//3970 4117//4117 3969//3969
f 3970//3970 3969//3969 3785//3785
f 3837//3837 3971//3971 3839//3839
f 3837//3837 4046//4046 3971//3971
f 3969//3969 3968//3968 3900//3900
f 4045//4045 3968//3968 3969//3969
f 4046//4046 3837//3837 4113//4113
f 4044//4044 3968//3968 4045//4045
f 3837//3837 3836//3836 4113//4113
f 4113//4113 3836//3836 4043//4043
f 3967//3967 3966//3966 4044//4044
f 4044//4044 3966//3966 3968//3968
f 3898//3898 3836//3836 3732//3732
f 4043//4043 3836//3836 3898//3898
f 4035//4035 3962//3962 3830//3830
f 3967//3967 4035//4035 3830//3830
f 3967//3967 3830//3830 3835//3835
f 3966//3966 3967//3967 3835//3835
f 3896//3896 3965//3965 3898//3898
f 3897//3897 3896//3896 3898//3898
f 4040//4040 3895//3895 4039//4039
f 4040//4040 3965//3965 3895//3895
f 4039//4039 3895//3895 3964//3964
f 4038//4038 3894//3894 3963//3963
f 4035//4035 4037//4037 3962//3962
f 4033//4033 3823//3823 3961//3961
f 4107//4107 3823//3823 4033//4033
f 3893//3893 3960//3960 3822//3822
f 3959//3959 3822//3822 3960//3960
f 3961//3961 3825//3825 3959//3959
f 3958//3958 3892//3892 4107//4107
f 3889//3889 3957//3957 3820//3820
f 3953//3953 3957//3957 3889//3889
f 3956//3956 3888//3888 3957//3957
f 3888//3888 3820//3820 3957//3957
f 3956//3956 3893//3893 3888//3888
f 3960//3960 3893//3893 3955//3955
f 3958//3958 4028//4028 4025//4025
f 3958//3958 4025//4025 3887//3887
f 3886//3886 3954//3954 3818//3818
f 3954//3954 3890//3890 3818//3818
f 3954//3954 3953//3953 3889//3889
f 3954//3954 3889//3889 3890//3890
f 4025//4025 3952//3952 3887//3887
f 3886//3886 3951//3951 4024//4024
f 4024//4024 3954//3954 3886//3886
f 3952//3952 3950//3950 3887//3887
f 3887//3887 3950//3950 3885//3885
f 3817//3817 3951//3951 3886//3886
f 3950//3950 4096//4096 3885//3885
f 4096//4096 3884//3884 3885//3885
f 3946//3946 3951//3951 3817//3817
f 3949//3949 3951//3951 3946//3946
f 3948//3948 3951//3951 3949//3949
f 4096//4096 3947//3947 3884//3884
f 3883//3883 3882//3882 3946//3946
f 3882//3882 3945//3945 3946//3946
f 4093//4093 3881//3881 4022//4022
f 3943//3943 3881//3881 4093//4093
f 3945//3945 3882//3882 4021//4021
f 3944//3944 3943//3943 4093//4093
f 3943//3943 4019//4019 3940//3940
f 3942//3942 3882//3882 3880//3880
f 3880//3880 3941//3941 3942//3942
f 3813//3813 3941//3941 3880//3880
f 3940//3940 3812//3812 3810//3810
f 3939//3939 3812//3812 3940//3940
f 3938//3938 3812//3812 3939//3939
f 3938//3938 3939//3939 3940//3940
f 3879//3879 3941//3941 3813//3813
f 3935//3935 3878//3878 3812//3812
f 3812//3812 3938//3938 3935//3935
f 3879//3879 3931//3931 3937//3937
f 3931//3931 4013//4013 3937//3937
f 3931//3931 3877//3877 3875//3875
f 3931//3931 3875//3875 3874//3874
f 3928//3928 3872//3872 3934//3934
f 4012//4012 4007//4007 3934//3934
f 3934//3934 3933//3933 4012//4012
f 3933//3933 3932//3932 4012//4012
f 3933//3933 3936//3936 3932//3932
f 3936//3936 4015//4015 3932//3932
f 4015//4015 3936//3936 3878//3878
f 3931//3931 4005//4005 4013//4013
f 3931//3931 4004//4004 4005//4005
f 3874//3874 4003//4003 4004//4004
f 3931//3931 3874//3874 4004//4004
f 3930//3930 4001//4001 4003//4003
f 3874//3874 3930//3930 4003//4003
f 3930//3930 3873//3873 4001//4001
f 3929//3929 4010//4010 4001//4001
f 3873//3873 3929//3929 4001//4001
f 3928//3928 4008//4008 4010//4010
f 3929//3929 3928//3928 4010//4010
f 3928//3928 3934//3934 4008//4008
f 4008//4008 3934//3934 4007//4007
f 3867//3867 3869//3869 3870//3870
f 3869//3869 3925//3925 3870//3870
f 3870//3870 3925//3925 3927//3927
f 3870//3870 3999//3999 4069//4069
f 3924//3924 3870//3870 4069//4069
f 3993//3993 3925//3925 3869//3869
f 3926//3926 3925//3925 3993//3993
f 3924//3924 3921//3921 3868//3868
f 3919//3919 3921//3921 3924//3924
f 3919//3919 3924//3924 3918//3918
f 3918//3918 3923//3923 3922//3922
f 3922//3922 3992//3992 3920//3920
f 3913//3913 3917//3917 3993//3993
f 3993//3993 3869//3869 3913//3913
f 3986//3986 3922//3922 3920//3920
f 3919//3919 3864//3864 3921//3921
f 3919//3919 3916//3916 3864//3864
f 3916//3916 3919//3919 3918//3918
f 3915//3915 3916//3916 3918//3918
f 3915//3915 3918//3918 3922//3922
f 3915//3915 3922//3922 3856//3856
f 3922//3922 3914//3914 3856//3856
f 3922//3922 3986//3986 3914//3914
f 3983//3983 3917//3917 3913//3913
f 3916//3916 3915//3915 3858//3858
f 3916//3916 3858//3858 3854//3854
f 3915//3915 3856//3856 3862//3862
f 3914//3914 3912//3912 3856//3856
f 3912//3912 3914//3914 3986//3986
f 3982//3982 3912//3912 3986//3986
f 3983//3983 3913//3913 3911//3911
f 3861//3861 3911//3911 3913//3913
f 3912//3912 3982//3982 3910//3910
f 3983//3983 3911//3911 3861//3861
f 3909//3909 3983//3983 3861//3861
f 3982//3982 3908//3908 3910//3910
f 3982//3982 3988//3988 3908//3908
f 3909//3909 3861//3861 3849//3849
f 3910//3910 3908//3908 3906//3906
f 3910//3910 3906//3906 3848//3848
f 3907//3907 3906//3906 3908//3908
f 3849//3849 3905//3905 3909//3909
f 3849//3849 3845//3845 3905//3905
f 4054//4054 3846//3846 3906//3906
f 4054//4054 3906//3906 3907//3907
f 3844//3844 3846//3846 4054//4054
f 3845//3845 3843//3843 3905//3905
f 3841//3841 3904//3904 3843//3843
f 3841//3841 3787//3787 3904//3904
f 3787//3787 3902//3902 3904//3904
f 3903//3903 4047//4047 3840//3840
f 4047//4047 3970//3970 3840//3840
f 3969//3969 3901//3901 3785//3785
f 3838//3838 3837//3837 3839//3839
f 3838//3838 3784//3784 3837//3837
f 3901//3901 3969//3969 3900//3900
f 3899//3899 3900//3900 3968//3968
f 3836//3836 3837//3837 3782//3782
f 3732//3732 3834//3834 3898//3898
f 3966//3966 3835//3835 3968//3968
f 3898//3898 3834//3834 3897//3897
f 3964//3964 3895//3895 3828//3828
f 3964//3964 3828//3828 3894//3894
f 3894//3894 3833//3833 3963//3963
f 3962//3962 3831//3831 3830//3830
f 3962//3962 3832//3832 3831//3831
f 3829//3829 3895//3895 3965//3965
f 3896//3896 3829//3829 3965//3965
f 3829//3829 3828//3828 3895//3895
f 3827//3827 3894//3894 3828//3828
f 3827//3827 3776//3776 3894//3894
f 3894//3894 3776//3776 3833//3833
f 3961//3961 3824//3824 3825//3825
f 3823//3823 3824//3824 3961//3961
f 4107//4107 3891//3891 3823//3823
f 3892//3892 3891//3891 4107//4107
f 3888//3888 3893//3893 3774//3774
f 3822//3822 3774//3774 3893//3893
f 3959//3959 3821//3821 3822//3822
f 3825//3825 3821//3821 3959//3959
f 3892//3892 3958//3958 3891//3891
f 3818//3818 3890//3890 3768//3768
f 3820//3820 3890//3890 3889//3889
f 3958//3958 3887//3887 3819//3819
f 3887//3887 3885//3885 3819//3819
f 3886//3886 3762//3762 3817//3817
f 3817//3817 3883//3883 3946//3946
f 3883//3883 3761//3761 3882//3882
f 4022//4022 3881//3881 3947//3947
f 3881//3881 3943//3943 3816//3816
f 3761//3761 3815//3815 3882//3882
f 3943//3943 3759//3759 3816//3816
f 3815//3815 3880//3880 3882//3882
f 3940//3940 3814//3814 3759//3759
f 3943//3943 3940//3940 3759//3759
f 3815//3815 3713//3713 3880//3880
f 3814//3814 3810//3810 3811//3811
f 3940//3940 3810//3810 3814//3814
f 3713//3713 3813//3813 3880//3880
f 3813//3813 3757//3757 3879//3879
f 3808//3808 3879//3879 3754//3754
f 3936//3936 3876//3876 3756//3756
f 3878//3878 3936//3936 3756//3756
f 3756//3756 3611//3611 3878//3878
f 3878//3878 3611//3611 3812//3812
f 3808//3808 3931//3931 3879//3879
f 3808//3808 3877//3877 3931//3931
f 3934//3934 3803//3803 3752//3752
f 3751//3751 3933//3933 3934//3934
f 3752//3752 3751//3751 3934//3934
f 3751//3751 3809//3809 3933//3933
f 3809//3809 3876//3876 3933//3933
f 3933//3933 3876//3876 3936//3936
f 3874//3874 3875//3875 3877//3877
f 3874//3874 3873//3873 3930//3930
f 3806//3806 3929//3929 3873//3873
f 3871//3871 3928//3928 3929//3929
f 3806//3806 3871//3871 3929//3929
f 3871//3871 3872//3872 3928//3928
f 3871//3871 3803//3803 3872//3872
f 3872//3872 3803//3803 3934//3934
f 3867//3867 3870//3870 3868//3868
f 3924//3924 3868//3868 3870//3870
f 3863//3863 3867//3867 3866//3866
f 3863//3863 3869//3869 3867//3867
f 3865//3865 3866//3866 3867//3867
f 3865//3865 3867//3867 3868//3868
f 3868//3868 3921//3921 3865//3865
f 3863//3863 3860//3860 3913//3913
f 3913//3913 3869//3869 3863//3863
f 3859//3859 3866//3866 3865//3865
f 3921//3921 3864//3864 3865//3865
f 3916//3916 3865//3865 3864//3864
f 3860//3860 3861//3861 3913//3913
f 3866//3866 3860//3860 3863//3863
f 3852//3852 3866//3866 3859//3859
f 3865//3865 3916//3916 3859//3859
f 3857//3857 3915//3915 3862//3862
f 3856//3856 3857//3857 3862//3862
f 3853//3853 3860//3860 3866//3866
f 3855//3855 3853//3853 3866//3866
f 3852//3852 3855//3855 3866//3866
f 3852//3852 3859//3859 3916//3916
f 3851//3851 3916//3916 3854//3854
f 3851//3851 3852//3852 3916//3916
f 3854//3854 3858//3858 3915//3915
f 3802//3802 3915//3915 3857//3857
f 3802//3802 3854//3854 3915//3915
f 3910//3910 3857//3857 3856//3856
f 3910//3910 3856//3856 3912//3912
f 3849//3849 3861//3861 3860//3860
f 3853//3853 3849//3849 3860//3860
f 3853//3853 3855//3855 3852//3852
f 3854//3854 3799//3799 3851//3851
f 3854//3854 3802//3802 3799//3799
f 3857//3857 3910//3910 3802//3802
f 3910//3910 3850//3850 3802//3802
f 3853//3853 3801//3801 3849//3849
f 3853//3853 3797//3797 3801//3801
f 3853//3853 3852//3852 3796//3796
f 3853//3853 3796//3796 3797//3797
f 3852//3852 3851//3851 3800//3800
f 3852//3852 3800//3800 3796//3796
f 3848//3848 3850//3850 3910//3910
f 3845//3845 3849//3849 3791//3791
f 3791//3791 3849//3849 3798//3798
f 3847//3847 3848//3848 3846//3846
f 3846//3846 3848//3848 3906//3906
f 3844//3844 3847//3847 3846//3846
f 3843//3843 3845//3845 3792//3792
f 3739//3739 3844//3844 3977//3977
f 3977//3977 3842//3842 3739//3739
f 3788//3788 3739//3739 3842//3842
f 3843//3843 3787//3787 3841//3841
f 3842//3842 4049//4049 3788//3788
f 3840//3840 3736//3736 4049//4049
f 3903//3903 3840//3840 4049//4049
f 3787//3787 3735//3735 3902//3902
f 3902//3902 3735//3735 3839//3839
f 3838//3838 3839//3839 3735//3735
f 3901//3901 3783//3783 3785//3785
f 3900//3900 3783//3783 3901//3901
f 3780//3780 3899//3899 3968//3968
f 3780//3780 3783//3783 3900//3900
f 3899//3899 3780//3780 3900//3900
f 3782//3782 3781//3781 3836//3836
f 3836//3836 3781//3781 3732//3732
f 3731//3731 3780//3780 3968//3968
f 3835//3835 3731//3731 3968//3968
f 3834//3834 3779//3779 3897//3897
f 3962//3962 3963//3963 3729//3729
f 3962//3962 3729//3729 3826//3826
f 3962//3962 3826//3826 3832//3832
f 3676//3676 3830//3830 3831//3831
f 3676//3676 3835//3835 3830//3830
f 3779//3779 3778//3778 3897//3897
f 3778//3778 3896//3896 3897//3897
f 3896//3896 3728//3728 3829//3829
f 3827//3827 3777//3777 3776//3776
f 3963//3963 3833//3833 3776//3776
f 3776//3776 3675//3675 3963//3963
f 3675//3675 3729//3729 3963//3963
f 3724//3724 3771//3771 3821//3821
f 3724//3724 3821//3821 3825//3825
f 3824//3824 3823//3823 3775//3775
f 3823//3823 3723//3723 3775//3775
f 3891//3891 3770//3770 3823//3823
f 3770//3770 3723//3723 3823//3823
f 3958//3958 3770//3770 3891//3891
f 3772//3772 3773//3773 3774//3774
f 3822//3822 3772//3772 3774//3774
f 3822//3822 3821//3821 3771//3771
f 3770//3770 3958//3958 3769//3769
f 3765//3765 3769//3769 3958//3958
f 3819//3819 3765//3765 3958//3958
f 3820//3820 3766//3766 3890//3890
f 3766//3766 3767//3767 3890//3890
f 3820//3820 3888//3888 3720//3720
f 3820//3820 3720//3720 3766//3766
f 3774//3774 3720//3720 3888//3888
f 3716//3716 3886//3886 3764//3764
f 3886//3886 3818//3818 3764//3764
f 3764//3764 3818//3818 3768//3768
f 3819//3819 3885//3885 3717//3717
f 3886//3886 3716//3716 3763//3763
f 3886//3886 3763//3763 3762//3762
f 3762//3762 3761//3761 3817//3817
f 3947//3947 3760//3760 3884//3884
f 3761//3761 3883//3883 3817//3817
f 3947//3947 3527//3527 3760//3760
f 3881//3881 3527//3527 3947//3947
f 3816//3816 3759//3759 3881//3881
f 3759//3759 3814//3814 3758//3758
f 3616//3616 3758//3758 3814//3814
f 3811//3811 3707//3707 3814//3814
f 3713//3713 3757//3757 3813//3813
f 3611//3611 3709//3709 3812//3812
f 3707//3707 3810//3810 3812//3812
f 3709//3709 3707//3707 3812//3812
f 3810//3810 3707//3707 3811//3811
f 3755//3755 3879//3879 3757//3757
f 3879//3879 3755//3755 3754//3754
f 3703//3703 3809//3809 3751//3751
f 3704//3704 3703//3703 3751//3751
f 3876//3876 3809//3809 3756//3756
f 3754//3754 3877//3877 3808//3808
f 3807//3807 3874//3874 3877//3877
f 3754//3754 3807//3807 3877//3877
f 3807//3807 3873//3873 3874//3874
f 3807//3807 3806//3806 3873//3873
f 3805//3805 3871//3871 3806//3806
f 3805//3805 3804//3804 3871//3871
f 3804//3804 3803//3803 3871//3871
f 3850//3850 3799//3799 3802//3802
f 3801//3801 3798//3798 3849//3849
f 3796//3796 3800//3800 3851//3851
f 3750//3750 3796//3796 3851//3851
f 3851//3851 3799//3799 3750//3750
f 3799//3799 3749//3749 3750//3750
f 3744//3744 3747//3747 3799//3799
f 3799//3799 3795//3795 3744//3744
f 3799//3799 3850//3850 3795//3795
f 3795//3795 3850//3850 3848//3848
f 3791//3791 3801//3801 3793//3793
f 3791//3791 3798//3798 3801//3801
f 3797//3797 3796//3796 3801//3801
f 3796//3796 3746//3746 3801//3801
f 3794//3794 3795//3795 3848//3848
f 3791//3791 3792//3792 3845//3845
f 3791//3791 3793//3793 3742//3742
f 3794//3794 3790//3790 3689//3689
f 3847//3847 3790//3790 3794//3794
f 3847//3847 3794//3794 3848//3848
f 3792//3792 3791//3791 3740//3740
f 3791//3791 3688//3688 3740//3740
f 3791//3791 3742//3742 3688//3688
f 3844//3844 3789//3789 3790//3790
f 3844//3844 3790//3790 3847//3847
f 3739//3739 3789//3789 3844//3844
f 3792//3792 3684//3684 3787//3787
f 3792//3792 3787//3787 3843//3843
f 3788//3788 3737//3737 3739//3739
f 3788//3788 4049//4049 3737//3737
f 4049//4049 3736//3736 3737//3737
f 3684//3684 3786//3786 3787//3787
f 3840//3840 3597//3597 3736//3736
f 3786//3786 3735//3735 3787//3787
f 3684//3684 3735//3735 3786//3786
f 3840//3840 3970//3970 3597//3597
f 3683//3683 3838//3838 3735//3735
f 3785//3785 3734//3734 3970//3970
f 3683//3683 3784//3784 3838//3838
f 3785//3785 3681//3681 3734//3734
f 3785//3785 3783//3783 3681//3681
f 3837//3837 3784//3784 3683//3683
f 3680//3680 3837//3837 3683//3683
f 3837//3837 3680//3680 3782//3782
f 3732//3732 3781//3781 3637//3637
f 3831//3831 3832//3832 3676//3676
f 3676//3676 3731//3731 3835//3835
f 3778//3778 3834//3834 3730//3730
f 3779//3779 3834//3834 3778//3778
f 3829//3829 3827//3827 3828//3828
f 3633//3633 3826//3826 3729//3729
f 3832//3832 3826//3826 3633//3633
f 3670//3670 3775//3775 3727//3727
f 3824//3824 3775//3775 3670//3670
f 3726//3726 3727//3727 3775//3775
f 3725//3725 3726//3726 3775//3775
f 3825//3825 3824//3824 3724//3724
f 3724//3724 3824//3824 3670//3670
f 3720//3720 3668//3668 3766//3766
f 3774//3774 3719//3719 3720//3720
f 3773//3773 3719//3719 3774//3774
f 3822//3822 3771//3771 3772//3772
f 3772//3772 3771//3771 3718//3718
f 3769//3769 3765//3765 3770//3770
f 3716//3716 3768//3768 3665//3665
f 3890//3890 3721//3721 3768//3768
f 3890//3890 3767//3767 3668//3668
f 3890//3890 3668//3668 3721//3721
f 3767//3767 3766//3766 3668//3668
f 3765//3765 3819//3819 3717//3717
f 3768//3768 3716//3716 3764//3764
f 3763//3763 3716//3716 3762//3762
f 3762//3762 3660//3660 3761//3761
f 3885//3885 3884//3884 3717//3717
f 3660//3660 3715//3715 3761//3761
f 3715//3715 3713//3713 3761//3761
f 3881//3881 3759//3759 3714//3714
f 3713//3713 3815//3815 3761//3761
f 3759//3759 3658//3658 3714//3714
f 3759//3759 3758//3758 3658//3658
f 3616//3616 3814//3814 3708//3708
f 3712//3712 3757//3757 3713//3713
f 3707//3707 3708//3708 3814//3814
f 3757//3757 3705//3705 3755//3755
f 3615//3615 3705//3705 3757//3757
f 3753//3753 3705//3705 3706//3706
f 3706//3706 3699//3699 3753//3753
f 3703//3703 3702//3702 3809//3809
f 3809//3809 3702//3702 3700//3700
f 3700//3700 3756//3756 3809//3809
f 3700//3700 3611//3611 3756//3756
f 3705//3705 3754//3754 3755//3755
f 3705//3705 3753//3753 3754//3754
f 3753//3753 3807//3807 3754//3754
f 3753//3753 3806//3806 3807//3807
f 3753//3753 3699//3699 3806//3806
f 3805//3805 3806//3806 3698//3698
f 3804//3804 3805//3805 3654//3654
f 3654//3654 3803//3803 3804//3804
f 3652//3652 3752//3752 3803//3803
f 3654//3654 3652//3652 3803//3803
f 3652//3652 3751//3751 3752//3752
f 3751//3751 3652//3652 3704//3704
f 3748//3748 3750//3750 3749//3749
f 3748//3748 3749//3749 3799//3799
f 3747//3747 3748//3748 3799//3799
f 3746//3746 3793//3793 3801//3801
f 3745//3745 3746//3746 3796//3796
f 3745//3745 3796//3796 3750//3750
f 3748//3748 3695//3695 3750//3750
f 3744//3744 3748//3748 3747//3747
f 3744//3744 3795//3795 3794//3794
f 3743//3743 3744//3744 3794//3794
f 3741//3741 3742//3742 3793//3793
f 3693//3693 3741//3741 3793//3793
f 3692//3692 3793//3793 3746//3746
f 3746//3746 3745//3745 3692//3692
f 3745//3745 3750//3750 3696//3696
f 3695//3695 3696//3696 3750//3750
f 3744//3744 3691//3691 3748//3748
f 3744//3744 3743//3743 3689//3689
f 3689//3689 3743//3743 3794//3794
f 3688//3688 3741//3741 3602//3602
f 3688//3688 3742//3742 3741//3741
f 3790//3790 3646//3646 3689//3689
f 3789//3789 3646//3646 3790//3790
f 3740//3740 3688//3688 3792//3792
f 3645//3645 3646//3646 3789//3789
f 3737//3737 3645//3645 3789//3789
f 3739//3739 3737//3737 3789//3789
f 3684//3684 3792//3792 3738//3738
f 3792//3792 3688//3688 3738//3738
f 3688//3688 3687//3687 3738//3738
f 3686//3686 3687//3687 3688//3688
f 3738//3738 3687//3687 3684//3684
f 3737//3737 3736//3736 3685//3685
f 3736//3736 3597//3597 3685//3685
f 3684//3684 3683//3683 3735//3735
f 3597//3597 3970//3970 3595//3595
f 3970//3970 3734//3734 3595//3595
f 3783//3783 3679//3679 3681//3681
f 3783//3783 3733//3733 3679//3679
f 3783//3783 3780//3780 3678//3678
f 3732//3732 3637//3637 3730//3730
f 3732//3732 3730//3730 3834//3834
f 3832//3832 3677//3677 3676//3676
f 3778//3778 3673//3673 3896//3896
f 3728//3728 3896//3896 3673//3673
f 3827//3827 3829//3829 3728//3728
f 3827//3827 3728//3728 3672//3672
f 3827//3827 3672//3672 3630//3630
f 3777//3777 3827//3827 3671//3671
f 3827//3827 3630//3630 3671//3671
f 3777//3777 3671//3671 3776//3776
f 3776//3776 3671//3671 3675//3675
f 3675//3675 3674//3674 3729//3729
f 3832//3832 3633//3633 3677//3677
f 3632//3632 3728//3728 3673//3673
f 3632//3632 3631//3631 3728//3728
f 3631//3631 3539//3539 3728//3728
f 3539//3539 3672//3672 3728//3728
f 3727//3727 3726//3726 3670//3670
f 3775//3775 3626//3626 3725//3725
f 3775//3775 3722//3722 3626//3626
f 3723//3723 3722//3722 3775//3775
f 3771//3771 3670//3670 3718//3718
f 3724//3724 3670//3670 3771//3771
f 3723//3723 3770//3770 3722//3722
f 3665//3665 3721//3721 3669//3669
f 3719//3719 3668//3668 3720//3720
f 3773//3773 3772//3772 3719//3719
f 3772//3772 3718//3718 3719//3719
f 3719//3719 3718//3718 3667//3667
f 3770//3770 3765//3765 3664//3664
f 3717//3717 3664//3664 3765//3765
f 3721//3721 3665//3665 3768//3768
f 3665//3665 3663//3663 3762//3762
f 3665//3665 3762//3762 3716//3716
f 3717//3717 3567//3567 3664//3664
f 3762//3762 3662//3662 3660//3660
f 3660//3660 3713//3713 3715//3715
f 3527//3527 3884//3884 3760//3760
f 3714//3714 3659//3659 3881//3881
f 3881//3881 3659//3659 3527//3527
f 3658//3658 3659//3659 3714//3714
f 3656//3656 3657//3657 3713//3713
f 3618//3618 3758//3758 3711//3711
f 3758//3758 3619//3619 3658//3658
f 3657//3657 3712//3712 3713//3713
f 3712//3712 3562//3562 3710//3710
f 3616//3616 3711//3711 3758//3758
f 3710//3710 3757//3757 3712//3712
f 3562//3562 3615//3615 3757//3757
f 3710//3710 3562//3562 3757//3757
f 3705//3705 3615//3615 3614//3614
f 3707//3707 3709//3709 3708//3708
f 3705//3705 3614//3614 3706//3706
f 3706//3706 3655//3655 3805//3805
f 3651//3651 3704//3704 3652//3652
f 3651//3651 3703//3703 3704//3704
f 3701//3701 3702//3702 3703//3703
f 3701//3701 3700//3700 3702//3702
f 3706//3706 3806//3806 3699//3699
f 3706//3706 3698//3698 3806//3806
f 3706//3706 3805//3805 3698//3698
f 3697//3697 3654//3654 3805//3805
f 3694//3694 3695//3695 3748//3748
f 3692//3692 3693//3693 3793//3793
f 3695//3695 3745//3745 3696//3696
f 3695//3695 3694//3694 3650//3650
f 3691//3691 3694//3694 3748//3748
f 3690//3690 3691//3691 3744//3744
f 3690//3690 3744//3744 3689//3689
f 3601//3601 3741//3741 3693//3693
f 3692//3692 3648//3648 3693//3693
f 3692//3692 3745//3745 3609//3609
f 3745//3745 3695//3695 3609//3609
f 3649//3649 3690//3690 3646//3646
f 3646//3646 3690//3690 3689//3689
f 3686//3686 3688//3688 3602//3602
f 3601//3601 3602//3602 3741//3741
f 3737//3737 3644//3644 3645//3645
f 3686//3686 3598//3598 3687//3687
f 3686//3686 3602//3602 3598//3598
f 3685//3685 3644//3644 3737//3737
f 3598//3598 3684//3684 3687//3687
f 3685//3685 3597//3597 3644//3644
f 3684//3684 3641//3641 3642//3642
f 3684//3684 3682//3682 3683//3683
f 3684//3684 3642//3642 3682//3682
f 3640//3640 3683//3683 3682//3682
f 3640//3640 3680//3680 3683//3683
f 3589//3589 3680//3680 3640//3640
f 3680//3680 3589//3589 3587//3587
f 3680//3680 3587//3587 3782//3782
f 3733//3733 3681//3681 3679//3679
f 3587//3587 3781//3781 3782//3782
f 3638//3638 3783//3783 3678//3678
f 3783//3783 3638//3638 3733//3733
f 3781//3781 3587//3587 3585//3585
f 3781//3781 3585//3585 3637//3637
f 3638//3638 3780//3780 3731//3731
f 3780//3780 3638//3638 3678//3678
f 3637//3637 3584//3584 3730//3730
f 3677//3677 3638//3638 3731//3731
f 3676//3676 3677//3677 3731//3731
f 3730//3730 3584//3584 3635//3635
f 3730//3730 3635//3635 3778//3778
f 3778//3778 3635//3635 3673//3673
f 3675//3675 3671//3671 3545//3545
f 3729//3729 3634//3634 3633//3633
f 3729//3729 3674//3674 3634//3634
f 3673//3673 3635//3635 3632//3632
f 3670//3670 3578//3578 3627//3627
f 3726//3726 3578//3578 3670//3670
f 3725//3725 3628//3628 3726//3726
f 3626//3626 3628//3628 3725//3725
f 3718//3718 3627//3627 3667//3667
f 3670//3670 3627//3627 3718//3718
f 3626//3626 3722//3722 3625//3625
f 3722//3722 3666//3666 3625//3625
f 3770//3770 3666//3666 3722//3722
f 3665//3665 3669//3669 3532//3532
f 3721//3721 3484//3484 3669//3669
f 3668//3668 3484//3484 3721//3721
f 3719//3719 3624//3624 3668//3668
f 3719//3719 3667//3667 3624//3624
f 3624//3624 3667//3667 3574//3574
f 3770//3770 3664//3664 3666//3666
f 3663//3663 3665//3665 3623//3623
f 3623//3623 3665//3665 3532//3532
f 3663//3663 3623//3623 3762//3762
f 3664//3664 3567//3567 3622//3622
f 3530//3530 3662//3662 3762//3762
f 3661//3661 3567//3567 3717//3717
f 3530//3530 3660//3660 3662//3662
f 3530//3530 3621//3621 3660//3660
f 3621//3621 3713//3713 3660//3660
f 3527//3527 3659//3659 3619//3619
f 3527//3527 3717//3717 3884//3884
f 3621//3621 3656//3656 3713//3713
f 3658//3658 3619//3619 3659//3659
f 3657//3657 3617//3617 3712//3712
f 3656//3656 3617//3617 3657//3657
f 3618//3618 3711//3711 3616//3616
f 3618//3618 3432//3432 3619//3619
f 3758//3758 3618//3618 3619//3619
f 3617//3617 3562//3562 3712//3712
f 3616//3616 3708//3708 3560//3560
f 3653//3653 3655//3655 3613//3613
f 3703//3703 3612//3612 3701//3701
f 3701//3701 3612//3612 3700//3700
f 3700//3700 3612//3612 3555//3555
f 3700//3700 3555//3555 3611//3611
f 3611//3611 3610//3610 3709//3709
f 3610//3610 3560//3560 3709//3709
f 3709//3709 3560//3560 3708//3708
f 3655//3655 3706//3706 3614//3614
f 3653//3653 3805//3805 3655//3655
f 3653//3653 3697//3697 3805//3805
f 3653//3653 3654//3654 3697//3697
f 3558//3558 3652//3652 3654//3654
f 3653//3653 3558//3558 3654//3654
f 3558//3558 3651//3651 3652//3652
f 3606//3606 3648//3648 3692//3692
f 3606//3606 3692//3692 3609//3609
f 3609//3609 3695//3695 3605//3605
f 3605//3605 3695//3695 3650//3650
f 3650//3650 3608//3608 3605//3605
f 3608//3608 3650//3650 3691//3691
f 3691//3691 3650//3650 3694//3694
f 3690//3690 3608//3608 3691//3691
f 3690//3690 3647//3647 3608//3608
f 3647//3647 3690//3690 3649//3649
f 3647//3647 3649//3649 3646//3646
f 3601//3601 3693//3693 3511//3511
f 3693//3693 3648//3648 3607//3607
f 3693//3693 3607//3607 3511//3511
f 3648//3648 3606//3606 3607//3607
f 3647//3647 3646//3646 3604//3604
f 3647//3647 3604//3604 3551//3551
f 3604//3604 3646//3646 3645//3645
f 3603//3603 3598//3598 3602//3602
f 3645//3645 3644//3644 3600//3600
f 3509//3509 3684//3684 3598//3598
f 3599//3599 3509//3509 3598//3598
f 3597//3597 3643//3643 3644//3644
f 3684//3684 3509//3509 3641//3641
f 3595//3595 3508//3508 3597//3597
f 3641//3641 3682//3682 3642//3642
f 3640//3640 3682//3682 3593//3593
f 3641//3641 3593//3593 3682//3682
f 3595//3595 3592//3592 3594//3594
f 3595//3595 3734//3734 3592//3592
f 3734//3734 3591//3591 3592//3592
f 3591//3591 3681//3681 3639//3639
f 3734//3734 3681//3681 3591//3591
f 3589//3589 3640//3640 3590//3590
f 3586//3586 3681//3681 3733//3733
f 3681//3681 3586//3586 3639//3639
f 3638//3638 3636//3636 3733//3733
f 3733//3733 3636//3636 3586//3586
f 3584//3584 3637//3637 3585//3585
f 3636//3636 3677//3677 3546//3546
f 3636//3636 3638//3638 3677//3677
f 3584//3584 3583//3583 3635//3635
f 3545//3545 3671//3671 3581//3581
f 3671//3671 3629//3629 3581//3581
f 3675//3675 3545//3545 3674//3674
f 3543//3543 3633//3633 3634//3634
f 3543//3543 3677//3677 3633//3633
f 3677//3677 3543//3543 3546//3546
f 3672//3672 3582//3582 3630//3630
f 3672//3672 3539//3539 3582//3582
f 3582//3582 3671//3671 3630//3630
f 3629//3629 3671//3671 3582//3582
f 3629//3629 3582//3582 3581//3581
f 3580//3580 3490//3490 3628//3628
f 3627//3627 3578//3578 3572//3572
f 3726//3726 3628//3628 3490//3490
f 3626//3626 3576//3576 3628//3628
f 3667//3667 3572//3572 3574//3574
f 3572//3572 3573//3573 3574//3574
f 3627//3627 3572//3572 3667//3667
f 3533//3533 3626//3626 3625//3625
f 3669//3669 3571//3571 3532//3532
f 3668//3668 3536//3536 3484//3484
f 3624//3624 3570//3570 3668//3668
f 3570//3570 3536//3536 3668//3668
f 3624//3624 3575//3575 3570//3570
f 3574//3574 3575//3575 3624//3624
f 3666//3666 3664//3664 3625//3625
f 3664//3664 3533//3533 3625//3625
f 3664//3664 3622//3622 3533//3533
f 3530//3530 3762//3762 3568//3568
f 3623//3623 3568//3568 3762//3762
f 3661//3661 3566//3566 3567//3567
f 3717//3717 3564//3564 3661//3661
f 3565//3565 3621//3621 3530//3530
f 3527//3527 3619//3619 3432//3432
f 3527//3527 3564//3564 3717//3717
f 3656//3656 3621//3621 3620//3620
f 3620//3620 3617//3617 3656//3656
f 3526//3526 3617//3617 3621//3621
f 3621//3621 3617//3617 3620//3620
f 3618//3618 3616//3616 3563//3563
f 3618//3618 3563//3563 3432//3432
f 3655//3655 3562//3562 3561//3561
f 3560//3560 3430//3430 3616//3616
f 3562//3562 3614//3614 3615//3615
f 3562//3562 3655//3655 3614//3614
f 3655//3655 3561//3561 3613//3613
f 3613//3613 3559//3559 3653//3653
f 3651//3651 3557//3557 3703//3703
f 3651//3651 3558//3558 3557//3557
f 3703//3703 3557//3557 3612//3612
f 3612//3612 3556//3556 3555//3555
f 3555//3555 3522//3522 3611//3611
f 3522//3522 3610//3610 3611//3611
f 3610//3610 3522//3522 3560//3560
f 3605//3605 3606//3606 3609//3609
f 3554//3554 3605//3605 3608//3608
f 3647//3647 3554//3554 3608//3608
f 3607//3607 3606//3606 3518//3518
f 3518//3518 3606//3606 3605//3605
f 3605//3605 3553//3553 3518//3518
f 3551//3551 3554//3554 3647//3647
f 3645//3645 3550//3550 3604//3604
f 3599//3599 3598//3598 3603//3603
f 3601//3601 3603//3603 3602//3602
f 3601//3601 3511//3511 3603//3603
f 3600//3600 3550//3550 3645//3645
f 3644//3644 3550//3550 3600//3600
f 3550//3550 3644//3644 3643//3643
f 3550//3550 3643//3643 3508//3508
f 3597//3597 3508//3508 3643//3643
f 3596//3596 3641//3641 3509//3509
f 3595//3595 3594//3594 3508//3508
f 3641//3641 3596//3596 3505//3505
f 3505//3505 3593//3593 3641//3641
f 3590//3590 3640//3640 3593//3593
f 3505//3505 3549//3549 3593//3593
f 3549//3549 3590//3590 3593//3593
f 3639//3639 3504//3504 3591//3591
f 3549//3549 3589//3589 3590//3590
f 3586//3586 3588//3588 3639//3639
f 3589//3589 3548//3548 3587//3587
f 3547//3547 3587//3587 3548//3548
f 3547//3547 3585//3585 3587//3587
f 3585//3585 3542//3542 3584//3584
f 3585//3585 3547//3547 3542//3542
f 3584//3584 3542//3542 3583//3583
f 3674//3674 3544//3544 3634//3634
f 3674//3674 3545//3545 3544//3544
f 3583//3583 3632//3632 3635//3635
f 3632//3632 3541//3541 3631//3631
f 3631//3631 3540//3540 3539//3539
f 3494//3494 3581//3581 3582//3582
f 3545//3545 3581//3581 3494//3494
f 3580//3580 3447//3447 3490//3490
f 3628//3628 3577//3577 3580//3580
f 3572//3572 3538//3538 3579//3579
f 3578//3578 3538//3538 3572//3572
f 3726//3726 3537//3537 3578//3578
f 3490//3490 3537//3537 3726//3726
f 3576//3576 3489//3489 3628//3628
f 3489//3489 3577//3577 3628//3628
f 3536//3536 3575//3575 3535//3535
f 3569//3569 3575//3575 3536//3536
f 3574//3574 3573//3573 3575//3575
f 3573//3573 3535//3535 3575//3575
f 3572//3572 3534//3534 3573//3573
f 3572//3572 3486//3486 3534//3534
f 3579//3579 3486//3486 3572//3572
f 3626//3626 3533//3533 3576//3576
f 3536//3536 3570//3570 3569//3569
f 3575//3575 3569//3569 3570//3570
f 3533//3533 3531//3531 3483//3483
f 3482//3482 3623//3623 3532//3532
f 3531//3531 3622//3622 3567//3567
f 3533//3533 3622//3622 3531//3531
f 3530//3530 3568//3568 3482//3482
f 3623//3623 3482//3482 3568//3568
f 3564//3564 3566//3566 3661//3661
f 3528//3528 3621//3621 3565//3565
f 3528//3528 3479//3479 3621//3621
f 3527//3527 3432//3432 3564//3564
f 3432//3432 3525//3525 3564//3564
f 3479//3479 3526//3526 3621//3621
f 3526//3526 3476//3476 3617//3617
f 3476//3476 3562//3562 3617//3617
f 3616//3616 3387//3387 3563//3563
f 3616//3616 3430//3430 3387//3387
f 3563//3563 3387//3387 3432//3432
f 3562//3562 3473//3473 3561//3561
f 3562//3562 3523//3523 3473//3473
f 3560//3560 3466//3466 3430//3430
f 3473//3473 3613//3613 3561//3561
f 3473//3473 3520//3520 3613//3613
f 3653//3653 3559//3559 3558//3558
f 3558//3558 3519//3519 3557//3557
f 3519//3519 3612//3612 3557//3557
f 3519//3519 3469//3469 3612//3612
f 3469//3469 3468//3468 3612//3612
f 3468//3468 3556//3556 3612//3612
f 3468//3468 3555//3555 3556//3556
f 3510//3510 3511//3511 3607//3607
f 3552//3552 3553//3553 3605//3605
f 3552//3552 3605//3605 3554//3554
f 3550//3550 3551//3551 3604//3604
f 3607//3607 3518//3518 3517//3517
f 3607//3607 3517//3517 3510//3510
f 3553//3553 3517//3517 3518//3518
f 3553//3553 3552//3552 3517//3517
f 3552//3552 3554//3554 3516//3516
f 3554//3554 3462//3462 3516//3516
f 3554//3554 3551//3551 3515//3515
f 3554//3554 3515//3515 3462//3462
f 3514//3514 3515//3515 3550//3550
f 3515//3515 3551//3551 3550//3550
f 3513//3513 3514//3514 3550//3550
f 3508//3508 3513//3513 3550//3550
f 3599//3599 3603//3603 3460//3460
f 3512//3512 3460//3460 3603//3603
f 3507//3507 3596//3596 3509//3509
f 3509//3509 3599//3599 3461//3461
f 3506//3506 3458//3458 3508//3508
f 3594//3594 3506//3506 3508//3508
f 3507//3507 3505//3505 3596//3596
f 3592//3592 3591//3591 3594//3594
f 3594//3594 3591//3591 3457//3457
f 3505//3505 3503//3503 3549//3549
f 3503//3503 3589//3589 3549//3549
f 3503//3503 3548//3548 3589//3589
f 3501//3501 3588//3588 3586//3586
f 3501//3501 3502//3502 3639//3639
f 3588//3588 3501//3501 3639//3639
f 3453//3453 3547//3547 3548//3548
f 3586//3586 3546//3546 3452//3452
f 3636//3636 3546//3546 3586//3586
f 3451//3451 3546//3546 3499//3499
f 3547//3547 3407//3407 3542//3542
f 3544//3544 3545//3545 3500//3500
f 3634//3634 3544//3544 3543//3543
f 3543//3543 3499//3499 3546//3546
f 3542//3542 3498//3498 3583//3583
f 3583//3583 3498//3498 3632//3632
f 3632//3632 3498//3498 3493//3493
f 3632//3632 3493//3493 3541//3541
f 3631//3631 3541//3541 3492//3492
f 3631//3631 3492//3492 3497//3497
f 3631//3631 3497//3497 3540//3540
f 3582//3582 3539//3539 3496//3496
f 3582//3582 3495//3495 3494//3494
f 3582//3582 3496//3496 3495//3495
f 3494//3494 3500//3500 3545//3545
f 3541//3541 3493//3493 3492//3492
f 3579//3579 3538//3538 3486//3486
f 3538//3538 3491//3491 3486//3486
f 3537//3537 3443//3443 3578//3578
f 3577//3577 3489//3489 3580//3580
f 3488//3488 3489//3489 3576//3576
f 3485//3485 3488//3488 3576//3576
f 3533//3533 3485//3485 3576//3576
f 3438//3438 3536//3536 3487//3487
f 3484//3484 3536//3536 3438//3438
f 3535//3535 3487//3487 3536//3536
f 3534//3534 3441//3441 3573//3573
f 3486//3486 3441//3441 3534//3534
f 3533//3533 3483//3483 3485//3485
f 3437//3437 3532//3532 3571//3571
f 3669//3669 3484//3484 3571//3571
f 3532//3532 3437//3437 3482//3482
f 3567//3567 3481//3481 3531//3531
f 3530//3530 3482//3482 3480//3480
f 3567//3567 3566//3566 3481//3481
f 3480//3480 3565//3565 3530//3530
f 3529//3529 3435//3435 3566//3566
f 3480//3480 3528//3528 3565//3565
f 3566//3566 3564//3564 3478//3478
f 3477//3477 3526//3526 3479//3479
f 3477//3477 3476//3476 3526//3526
f 3562//3562 3475//3475 3472//3472
f 3476//3476 3475//3475 3562//3562
f 3474//3474 3430//3430 3521//3521
f 3430//3430 3524//3524 3387//3387
f 3472//3472 3523//3523 3562//3562
f 3523//3523 3472//3472 3473//3473
f 3519//3519 3520//3520 3471//3471
f 3519//3519 3471//3471 3470//3470
f 3470//3470 3469//3469 3519//3519
f 3555//3555 3468//3468 3522//3522
f 3522//3522 3467//3467 3560//3560
f 3560//3560 3467//3467 3466//3466
f 3466//3466 3521//3521 3430//3430
f 3520//3520 3559//3559 3613//3613
f 3520//3520 3558//3558 3559//3559
f 3520//3520 3519//3519 3558//3558
f 3512//3512 3603//3603 3511//3511
f 3552//3552 3465//3465 3517//3517
f 3516//3516 3462//3462 3552//3552
f 3514//3514 3513//3513 3515//3515
f 3508//3508 3420//3420 3513//3513
f 3460//3460 3461//3461 3599//3599
f 3512//3512 3511//3511 3419//3419
f 3511//3511 3510//3510 3464//3464
f 3511//3511 3464//3464 3419//3419
f 3510//3510 3517//3517 3463//3463
f 3510//3510 3463//3463 3464//3464
f 3508//3508 3458//3458 3420//3420
f 3461//3461 3507//3507 3509//3509
f 3459//3459 3507//3507 3461//3461
f 3506//3506 3594//3594 3458//3458
f 3594//3594 3457//3457 3458//3458
f 3456//3456 3505//3505 3507//3507
f 3455//3455 3456//3456 3507//3507
f 3505//3505 3456//3456 3454//3454
f 3591//3591 3504//3504 3457//3457
f 3454//3454 3503//3503 3505//3505
f 3454//3454 3548//3548 3503//3503
f 3454//3454 3412//3412 3548//3548
f 3502//3502 3409//3409 3639//3639
f 3412//3412 3453//3453 3548//3548
f 3410//3410 3547//3547 3453//3453
f 3452//3452 3501//3501 3586//3586
f 3546//3546 3451//3451 3452//3452
f 3407//3407 3547//3547 3410//3410
f 3544//3544 3451//3451 3499//3499
f 3543//3543 3544//3544 3499//3499
f 3542//3542 3407//3407 3405//3405
f 3542//3542 3405//3405 3498//3498
f 3540//3540 3450//3450 3539//3539
f 3493//3493 3449//3449 3361//3361
f 3498//3498 3449//3449 3493//3493
f 3493//3493 3361//3361 3448//3448
f 3497//3497 3492//3492 3493//3493
f 3493//3493 3540//3540 3497//3497
f 3443//3443 3490//3490 3447//3447
f 3580//3580 3446//3446 3447//3447
f 3445//3445 3446//3446 3580//3580
f 3488//3488 3444//3444 3580//3580
f 3444//3444 3445//3445 3580//3580
f 3441//3441 3486//3486 3491//3491
f 3578//3578 3398//3398 3538//3538
f 3443//3443 3398//3398 3578//3578
f 3490//3490 3443//3443 3537//3537
f 3580//3580 3489//3489 3488//3488
f 3573//3573 3442//3442 3535//3535
f 3441//3441 3442//3442 3573//3573
f 3438//3438 3571//3571 3484//3484
f 3483//3483 3531//3531 3439//3439
f 3436//3436 3482//3482 3437//3437
f 3531//3531 3481//3481 3439//3439
f 3482//3482 3436//3436 3394//3394
f 3482//3482 3394//3394 3480//3480
f 3566//3566 3435//3435 3481//3481
f 3394//3394 3528//3528 3480//3480
f 3394//3394 3434//3434 3528//3528
f 3434//3434 3479//3479 3528//3528
f 3434//3434 3393//3393 3479//3479
f 3566//3566 3478//3478 3392//3392
f 3393//3393 3477//3477 3479//3479
f 3390//3390 3477//3477 3393//3393
f 3564//3564 3525//3525 3433//3433
f 3476//3476 3477//3477 3390//3390
f 3389//3389 3476//3476 3390//3390
f 3476//3476 3389//3389 3475//3475
f 3387//3387 3524//3524 3345//3345
f 3432//3432 3433//3433 3525//3525
f 3388//3388 3472//3472 3475//3475
f 3521//3521 3384//3384 3431//3431
f 3474//3474 3521//3521 3431//3431
f 3474//3474 3431//3431 3430//3430
f 3430//3430 3345//3345 3524//3524
f 3473//3473 3388//3388 3429//3429
f 3472//3472 3388//3388 3473//3473
f 3429//3429 3382//3382 3473//3473
f 3473//3473 3382//3382 3520//3520
f 3520//3520 3382//3382 3471//3471
f 3471//3471 3379//3379 3470//3470
f 3469//3469 3470//3470 3468//3468
f 3468//3468 3426//3426 3522//3522
f 3468//3468 3427//3427 3426//3426
f 3426//3426 3467//3467 3522//3522
f 3426//3426 3521//3521 3467//3467
f 3521//3521 3466//3466 3467//3467
f 3425//3425 3463//3463 3517//3517
f 3423//3423 3517//3517 3465//3465
f 3423//3423 3425//3425 3517//3517
f 3552//3552 3423//3423 3465//3465
f 3552//3552 3424//3424 3423//3423
f 3462//3462 3424//3424 3552//3552
f 3421//3421 3462//3462 3515//3515
f 3513//3513 3420//3420 3515//3515
f 3420//3420 3421//3421 3515//3515
f 3462//3462 3422//3422 3424//3424
f 3462//3462 3377//3377 3422//3422
f 3462//3462 3421//3421 3377//3377
f 3458//3458 3375//3375 3420//3420
f 3417//3417 3459//3459 3461//3461
f 3460//3460 3417//3417 3461//3461
f 3416//3416 3372//3372 3458//3458
f 3507//3507 3459//3459 3455//3455
f 3458//3458 3457//3457 3416//3416
f 3415//3415 3333//3333 3457//3457
f 3455//3455 3454//3454 3456//3456
f 3457//3457 3504//3504 3415//3415
f 3455//3455 3414//3414 3454//3454
f 3639//3639 3411//3411 3504//3504
f 3639//3639 3409//3409 3411//3411
f 3412//3412 3410//3410 3453//3453
f 3501//3501 3452//3452 3408//3408
f 3501//3501 3409//3409 3502//3502
f 3451//3451 3365//3365 3408//3408
f 3451//3451 3408//3408 3452//3452
f 3544//3544 3500//3500 3364//3364
f 3406//3406 3544//3544 3364//3364
f 3406//3406 3451//3451 3544//3544
f 3365//3365 3451//3451 3406//3406
f 3450//3450 3404//3404 3539//3539
f 3539//3539 3404//3404 3496//3496
f 3495//3495 3496//3496 3403//3403
f 3495//3495 3403//3403 3494//3494
f 3494//3494 3320//3320 3500//3500
f 3494//3494 3403//3403 3320//3320
f 3402//3402 3500//3500 3320//3320
f 3364//3364 3500//3500 3402//3402
f 3449//3449 3498//3498 3362//3362
f 3493//3493 3448//3448 3401//3401
f 3493//3493 3400//3400 3540//3540
f 3493//3493 3401//3401 3400//3400
f 3400//3400 3450//3450 3540//3540
f 3357//3357 3444//3444 3488//3488
f 3313//3313 3440//3440 3441//3441
f 3491//3491 3399//3399 3441//3441
f 3538//3538 3399//3399 3491//3491
f 3398//3398 3399//3399 3538//3538
f 3443//3443 3447//3447 3398//3398
f 3488//3488 3439//3439 3397//3397
f 3485//3485 3439//3439 3488//3488
f 3571//3571 3438//3438 3354//3354
f 3535//3535 3396//3396 3487//3487
f 3442//3442 3396//3396 3535//3535
f 3442//3442 3441//3441 3440//3440
f 3485//3485 3483//3483 3439//3439
f 3436//3436 3437//3437 3571//3571
f 3436//3436 3352//3352 3394//3394
f 3394//3394 3393//3393 3434//3434
f 3566//3566 3392//3392 3529//3529
f 3390//3390 3393//3393 3391//3391
f 3564//3564 3433//3433 3386//3386
f 3564//3564 3392//3392 3478//3478
f 3389//3389 3390//3390 3347//3347
f 3389//3389 3388//3388 3475//3475
f 3387//3387 3386//3386 3432//3432
f 3432//3432 3386//3386 3433//3433
f 3384//3384 3521//3521 3426//3426
f 3431//3431 3383//3383 3430//3430
f 3430//3430 3383//3383 3345//3345
f 3385//3385 3382//3382 3429//3429
f 3382//3382 3381//3381 3471//3471
f 3471//3471 3381//3381 3380//3380
f 3379//3379 3340//3340 3470//3470
f 3340//3340 3339//3339 3470//3470
f 3428//3428 3468//3468 3470//3470
f 3339//3339 3428//3428 3470//3470
f 3428//3428 3427//3427 3468//3468
f 3376//3376 3421//3421 3378//3378
f 3420//3420 3378//3378 3421//3421
f 3375//3375 3374//3374 3420//3420
f 3295//3295 3419//3419 3464//3464
f 3295//3295 3464//3464 3463//3463
f 3418//3418 3295//3295 3463//3463
f 3418//3418 3463//3463 3425//3425
f 3425//3425 3423//3423 3422//3422
f 3422//3422 3423//3423 3424//3424
f 3377//3377 3376//3376 3422//3422
f 3421//3421 3376//3376 3377//3377
f 3458//3458 3372//3372 3375//3375
f 3460//3460 3512//3512 3335//3335
f 3460//3460 3335//3335 3417//3417
f 3512//3512 3419//3419 3335//3335
f 3419//3419 3295//3295 3373//3373
f 3336//3336 3295//3295 3418//3418
f 3417//3417 3371//3371 3459//3459
f 3457//3457 3333//3333 3416//3416
f 3455//3455 3459//3459 3370//3370
f 3459//3459 3371//3371 3370//3370
f 3370//3370 3332//3332 3455//3455
f 3413//3413 3454//3454 3414//3414
f 3332//3332 3369//3369 3455//3455
f 3369//3369 3413//3413 3455//3455
f 3455//3455 3413//3413 3414//3414
f 3454//3454 3413//3413 3369//3369
f 3412//3412 3454//3454 3369//3369
f 3504//3504 3411//3411 3415//3415
f 3412//3412 3369//3369 3368//3368
f 3410//3410 3412//3412 3368//3368
f 3368//3368 3407//3407 3410//3410
f 3501//3501 3408//3408 3365//3365
f 3405//3405 3407//3407 3366//3366
f 3364//3364 3326//3326 3365//3365
f 3406//3406 3364//3364 3365//3365
f 3405//3405 3363//3363 3498//3498
f 3498//3498 3363//3363 3319//3319
f 3498//3498 3319//3319 3362//3362
f 3320//3320 3364//3364 3402//3402
f 3448//3448 3361//3361 3401//3401
f 3450//3450 3400//3400 3404//3404
f 3446//3446 3358//3358 3447//3447
f 3445//3445 3444//3444 3446//3446
f 3441//3441 3360//3360 3313//3313
f 3399//3399 3360//3360 3441//3441
f 3359//3359 3360//3360 3399//3399
f 3398//3398 3359//3359 3399//3399
f 3447//3447 3358//3358 3398//3398
f 3357//3357 3488//3488 3311//3311
f 3397//3397 3311//3311 3488//3488
f 3438//3438 3356//3356 3354//3354
f 3487//3487 3356//3356 3438//3438
f 3396//3396 3356//3356 3487//3487
f 3313//3313 3310//3310 3442//3442
f 3313//3313 3442//3442 3440//3440
f 3439//3439 3395//3395 3397//3397
f 3354//3354 3436//3436 3571//3571
f 3395//3395 3439//3439 3353//3353
f 3355//3355 3352//3352 3436//3436
f 3350//3350 3439//3439 3481//3481
f 3350//3350 3351//3351 3439//3439
f 3307//3307 3394//3394 3352//3352
f 3435//3435 3350//3350 3481//3481
f 3394//3394 3307//3307 3393//3393
f 3307//3307 3348//3348 3393//3393
f 3348//3348 3391//3391 3393//3393
f 3392//3392 3240//3240 3529//3529
f 3347//3347 3390//3390 3348//3348
f 3348//3348 3390//3390 3391//3391
f 3270//3270 3564//3564 3386//3386
f 3270//3270 3240//3240 3392//3392
f 3564//3564 3270//3270 3392//3392
f 3346//3346 3389//3389 3347//3347
f 3389//3389 3346//3346 3388//3388
f 3388//3388 3346//3346 3343//3343
f 3344//3344 3387//3387 3345//3345
f 3387//3387 3344//3344 3386//3386
f 3429//3429 3388//3388 3343//3343
f 3385//3385 3341//3341 3382//3382
f 3427//3427 3301//3301 3426//3426
f 3427//3427 3428//3428 3301//3301
f 3426//3426 3301//3301 3384//3384
f 3384//3384 3383//3383 3431//3431
f 3341//3341 3381//3381 3382//3382
f 3341//3341 3380//3380 3381//3381
f 3380//3380 3379//3379 3471//3471
f 3420//3420 3300//3300 3378//3378
f 3374//3374 3337//3337 3420//3420
f 3425//3425 3336//3336 3418//3418
f 3422//3422 3336//3336 3425//3425
f 3376//3376 3378//3378 3422//3422
f 3375//3375 3372//3372 3374//3374
f 3374//3374 3372//3372 3416//3416
f 3335//3335 3291//3291 3417//3417
f 3419//3419 3334//3334 3335//3335
f 3333//3333 3290//3290 3416//3416
f 3417//3417 3291//3291 3371//3371
f 3415//3415 3330//3330 3333//3333
f 3332//3332 3289//3289 3369//3369
f 3411//3411 3367//3367 3415//3415
f 3415//3415 3367//3367 3329//3329
f 3289//3289 3368//3368 3369//3369
f 3367//3367 3411//3411 3409//3409
f 3368//3368 3366//3366 3407//3407
f 3409//3409 3325//3325 3367//3367
f 3409//3409 3365//3365 3325//3325
f 3501//3501 3365//3365 3409//3409
f 3324//3324 3405//3405 3366//3366
f 3323//3323 3405//3405 3324//3324
f 3323//3323 3363//3363 3405//3405
f 3404//3404 3400//3400 3286//3286
f 3404//3404 3322//3322 3496//3496
f 3364//3364 3320//3320 3321//3321
f 3449//3449 3318//3318 3361//3361
f 3449//3449 3362//3362 3318//3318
f 3361//3361 3283//3283 3401//3401
f 3401//3401 3317//3317 3400//3400
f 3286//3286 3400//3400 3317//3317
f 3444//3444 3358//3358 3446//3446
f 3316//3316 3358//3358 3444//3444
f 3315//3315 3316//3316 3444//3444
f 3314//3314 3315//3315 3444//3444
f 3311//3311 3314//3314 3444//3444
f 3357//3357 3311//3311 3444//3444
f 3360//3360 3279//3279 3313//3313
f 3312//3312 3360//3360 3359//3359
f 3398//3398 3312//3312 3359//3359
f 3358//3358 3312//3312 3398//3398
f 3396//3396 3310//3310 3356//3356
f 3442//3442 3310//3310 3396//3396
f 3397//3397 3395//3395 3353//3353
f 3308//3308 3355//3355 3436//3436
f 3354//3354 3308//3308 3436//3436
f 3355//3355 3307//3307 3352//3352
f 3355//3355 3308//3308 3307//3307
f 3439//3439 3351//3351 3353//3353
f 3349//3349 3350//3350 3435//3435
f 3306//3306 3348//3348 3307//3307
f 3435//3435 3305//3305 3349//3349
f 3435//3435 3529//3529 3305//3305
f 3306//3306 3347//3347 3348//3348
f 3306//3306 3346//3346 3347//3347
f 3239//3239 3346//3346 3304//3304
f 3304//3304 3346//3346 3306//3306
f 3268//3268 3342//3342 3346//3346
f 3346//3346 3342//3342 3343//3343
f 3303//3303 3345//3345 3338//3338
f 3345//3345 3303//3303 3344//3344
f 3344//3344 3270//3270 3386//3386
f 3342//3342 3429//3429 3343//3343
f 3429//3429 3268//3268 3234//3234
f 3342//3342 3268//3268 3429//3429
f 3429//3429 3234//3234 3385//3385
f 3385//3385 3302//3302 3341//3341
f 3341//3341 3302//3302 3380//3380
f 3380//3380 3302//3302 3233//3233
f 3380//3380 3233//3233 3379//3379
f 3428//3428 3339//3339 3301//3301
f 3384//3384 3301//3301 3338//3338
f 3338//3338 3383//3383 3384//3384
f 3383//3383 3338//3338 3345//3345
f 3265//3265 3266//3266 3378//3378
f 3300//3300 3265//3265 3378//3378
f 3420//3420 3263//3263 3300//3300
f 3420//3420 3337//3337 3263//3263
f 3263//3263 3337//3337 3264//3264
f 3374//3374 3264//3264 3337//3337
f 3422//3422 3298//3298 3336//3336
f 3298//3298 3299//3299 3336//3336
f 3378//3378 3266//3266 3298//3298
f 3378//3378 3298//3298 3422//3422
f 3334//3334 3291//3291 3335//3335
f 3419//3419 3297//3297 3334//3334
f 3373//3373 3296//3296 3419//3419
f 3296//3296 3297//3297 3419//3419
f 3295//3295 3296//3296 3373//3373
f 3295//3295 3336//3336 3294//3294
f 3294//3294 3336//3336 3299//3299
f 3371//3371 3291//3291 3293//3293
f 3291//3291 3292//3292 3293//3293
f 3331//3331 3332//3332 3370//3370
f 3371//3371 3331//3331 3370//3370
f 3333//3333 3330//3330 3290//3290
f 3332//3332 3331//3331 3289//3289
f 3330//3330 3415//3415 3288//3288
f 3415//3415 3329//3329 3288//3288
f 3288//3288 3329//3329 3367//3367
f 3367//3367 3328//3328 3288//3288
f 3287//3287 3368//3368 3289//3289
f 3367//3367 3327//3327 3328//3328
f 3287//3287 3366//3366 3368//3368
f 3325//3325 3327//3327 3367//3367
f 3365//3365 3326//3326 3185//3185
f 3365//3365 3185//3185 3325//3325
f 3218//3218 3364//3364 3321//3321
f 3185//3185 3364//3364 3218//3218
f 3185//3185 3326//3326 3364//3364
f 3363//3363 3285//3285 3319//3319
f 3286//3286 3182//3182 3404//3404
f 3362//3362 3319//3319 3285//3285
f 3362//3362 3285//3285 3284//3284
f 3401//3401 3283//3283 3317//3317
f 3282//3282 3247//3247 3358//3358
f 3281//3281 3282//3282 3358//3358
f 3316//3316 3315//3315 3358//3358
f 3315//3315 3281//3281 3358//3358
f 3279//3279 3280//3280 3313//3313
f 3360//3360 3278//3278 3279//3279
f 3312//3312 3248//3248 3360//3360
f 3248//3248 3278//3278 3360//3360
f 3358//3358 3247//3247 3312//3312
f 3397//3397 3314//3314 3311//3311
f 3356//3356 3275//3275 3354//3354
f 3310//3310 3277//3277 3356//3356
f 3313//3313 3280//3280 3277//3277
f 3313//3313 3277//3277 3310//3310
f 3397//3397 3353//3353 3309//3309
f 3309//3309 3353//3353 3276//3276
f 3354//3354 3275//3275 3308//3308
f 3307//3307 3308//3308 3274//3274
f 3308//3308 3275//3275 3274//3274
f 3351//3351 3273//3273 3353//3353
f 3274//3274 3306//3306 3307//3307
f 3351//3351 3350//3350 3273//3273
f 3274//3274 3272//3272 3306//3306
f 3349//3349 3271//3271 3350//3350
f 3272//3272 3241//3241 3306//3306
f 3529//3529 3242//3242 3305//3305
f 3305//3305 3242//3242 3349//3349
f 3349//3349 3242//3242 3271//3271
f 3206//3206 3306//3306 3241//3241
f 3306//3306 3206//3206 3239//3239
f 3306//3306 3239//3239 3304//3304
f 3240//3240 3242//3242 3529//3529
f 3270//3270 3207//3207 3240//3240
f 3346//3346 3237//3237 3268//3268
f 3346//3346 3239//3239 3237//3237
f 3338//3338 3269//3269 3303//3303
f 3303//3303 3235//3235 3270//3270
f 3344//3344 3303//3303 3270//3270
f 3385//3385 3234//3234 3302//3302
f 3379//3379 3267//3267 3340//3340
f 3379//3379 3233//3233 3267//3267
f 3340//3340 3232//3232 3339//3339
f 3340//3340 3267//3267 3232//3232
f 3339//3339 3232//3232 3201//3201
f 3339//3339 3201//3201 3301//3301
f 3301//3301 3231//3231 3338//3338
f 3231//3231 3236//3236 3338//3338
f 3266//3266 3265//3265 3300//3300
f 3263//3263 3266//3266 3300//3300
f 3264//3264 3374//3374 3223//3223
f 3298//3298 3266//3266 3226//3226
f 3374//3374 3416//3416 3223//3223
f 3416//3416 3195//3195 3223//3223
f 3261//3261 3291//3291 3334//3334
f 3297//3297 3261//3261 3334//3334
f 3295//3295 3262//3262 3296//3296
f 3294//3294 3299//3299 3295//3295
f 3299//3299 3262//3262 3295//3295
f 3195//3195 3416//3416 3290//3290
f 3260//3260 3195//3195 3290//3290
f 3190//3190 3331//3331 3371//3371
f 3292//3292 3371//3371 3293//3293
f 3261//3261 3292//3292 3291//3291
f 3290//3290 3259//3259 3260//3260
f 3290//3290 3330//3330 3259//3259
f 3289//3289 3331//3331 3258//3258
f 3288//3288 3221//3221 3330//3330
f 3258//3258 3257//3257 3289//3289
f 3257//3257 3287//3287 3289//3289
f 3288//3288 3328//3328 3256//3256
f 3257//3257 3366//3366 3287//3287
f 3255//3255 3324//3324 3366//3366
f 3323//3323 3324//3324 3255//3255
f 3323//3323 3184//3184 3363//3363
f 3185//3185 3218//3218 3217//3217
f 3363//3363 3184//3184 3285//3285
f 3286//3286 3216//3216 3182//3182
f 3182//3182 3254//3254 3404//3404
f 3404//3404 3181//3181 3322//3322
f 3404//3404 3254//3254 3181//3181
f 3322//3322 3137//3137 3496//3496
f 3496//3496 3253//3253 3403//3403
f 3496//3496 3137//3137 3253//3253
f 3403//3403 3321//3321 3320//3320
f 3403//3403 3253//3253 3321//3321
f 3362//3362 3252//3252 3318//3318
f 3362//3362 3284//3284 3252//3252
f 3361//3361 3215//3215 3283//3283
f 3361//3361 3318//3318 3215//3215
f 3283//3283 3215//3215 3176//3176
f 3317//3317 3283//3283 3216//3216
f 3216//3216 3286//3286 3317//3317
f 3314//3314 3251//3251 3315//3315
f 3250//3250 3251//3251 3314//3314
f 3129//3129 3250//3250 3314//3314
f 3249//3249 3167//3167 3280//3280
f 3279//3279 3249//3249 3280//3280
f 3278//3278 3249//3249 3279//3279
f 3247//3247 3248//3248 3312//3312
f 3129//3129 3314//3314 3397//3397
f 3309//3309 3246//3246 3397//3397
f 3356//3356 3245//3245 3275//3275
f 3277//3277 3244//3244 3356//3356
f 3244//3244 3245//3245 3356//3356
f 3280//3280 3167//3167 3277//3277
f 3275//3275 3245//3245 3210//3210
f 3275//3275 3210//3210 3274//3274
f 3353//3353 3273//3273 3276//3276
f 3350//3350 3243//3243 3273//3273
f 3350//3350 3271//3271 3243//3243
f 3240//3240 3208//3208 3242//3242
f 3270//3270 3235//3235 3207//3207
f 3237//3237 3239//3239 3238//3238
f 3236//3236 3230//3230 3338//3338
f 3338//3338 3230//3230 3269//3269
f 3303//3303 3269//3269 3119//3119
f 3303//3303 3119//3119 3235//3235
f 3234//3234 3268//3268 3237//3237
f 3302//3302 3158//3158 3233//3233
f 3302//3302 3159//3159 3158//3158
f 3233//3233 3232//3232 3267//3267
f 3301//3301 3201//3201 3231//3231
f 3230//3230 3229//3229 3269//3269
f 3263//3263 3264//3264 3223//3223
f 3228//3228 3262//3262 3298//3298
f 3227//3227 3228//3228 3298//3298
f 3226//3226 3227//3227 3298//3298
f 3225//3225 3226//3226 3266//3266
f 3266//3266 3263//3263 3224//3224
f 3297//3297 3197//3197 3261//3261
f 3298//3298 3262//3262 3299//3299
f 3292//3292 3192//3192 3371//3371
f 3192//3192 3190//3190 3371//3371
f 3261//3261 3192//3192 3292//3292
f 3195//3195 3260//3260 3259//3259
f 3195//3195 3259//3259 3191//3191
f 3188//3188 3331//3331 3190//3190
f 3259//3259 3330//3330 3191//3191
f 3330//3330 3221//3221 3191//3191
f 3331//3331 3188//3188 3222//3222
f 3331//3331 3222//3222 3258//3258
f 3288//3288 3256//3256 3220//3220
f 3255//3255 3366//3366 3257//3257
f 3327//3327 3219//3219 3328//3328
f 3255//3255 3187//3187 3323//3323
f 3325//3325 3219//3219 3327//3327
f 3185//3185 3186//3186 3325//3325
f 3184//3184 3323//3323 3187//3187
f 3218//3218 3321//3321 3183//3183
f 3184//3184 3178//3178 3285//3285
f 3253//3253 3137//3137 3321//3321
f 3318//3318 3252//3252 3215//3215
f 3283//3283 3176//3176 3216//3216
f 3248//3248 3247//3247 3170//3170
f 3282//3282 3281//3281 3247//3247
f 3251//3251 3250//3250 3315//3315
f 3250//3250 3214//3214 3315//3315
f 3248//3248 3171//3171 3278//3278
f 3171//3171 3248//3248 3170//3170
f 3129//3129 3397//3397 3246//3246
f 3244//3244 3277//3277 3245//3245
f 3277//3277 3213//3213 3245//3245
f 3211//3211 3309//3309 3276//3276
f 3212//3212 3309//3309 3211//3211
f 3245//3245 3165//3165 3210//3210
f 3210//3210 3272//3272 3274//3274
f 3210//3210 3209//3209 3272//3272
f 3243//3243 3271//3271 3273//3273
f 3273//3273 3271//3271 3164//3164
f 3209//3209 3241//3241 3272//3272
f 3209//3209 3124//3124 3241//3241
f 3208//3208 3271//3271 3242//3242
f 3124//3124 3206//3206 3241//3241
f 3240//3240 3207//3207 3208//3208
f 3239//3239 3206//3206 3238//3238
f 3235//3235 3162//3162 3207//3207
f 3122//3122 3237//3237 3238//3238
f 3119//3119 3269//3269 3229//3229
f 3119//3119 3162//3162 3235//3235
f 3234//3234 3237//3237 3205//3205
f 3205//3205 3204//3204 3234//3234
f 3234//3234 3203//3203 3302//3302
f 3234//3234 3204//3204 3203//3203
f 3232//3232 3202//3202 3201//3201
f 3201//3201 3236//3236 3231//3231
f 3230//3230 3236//3236 3201//3201
f 3224//3224 3263//3263 3223//3223
f 3225//3225 3200//3200 3226//3226
f 3266//3266 3200//3200 3225//3225
f 3224//3224 3200//3200 3266//3266
f 3198//3198 3199//3199 3223//3223
f 3199//3199 3224//3224 3223//3223
f 3195//3195 3198//3198 3223//3223
f 3152//3152 3192//3192 3261//3261
f 3197//3197 3152//3152 3261//3261
f 3296//3296 3196//3196 3297//3297
f 3262//3262 3196//3196 3296//3296
f 3191//3191 3194//3194 3195//3195
f 3192//3192 3193//3193 3190//3190
f 3148//3148 3188//3188 3190//3190
f 3188//3188 3258//3258 3222//3222
f 3189//3189 3221//3221 3288//3288
f 3188//3188 3146//3146 3258//3258
f 3288//3288 3220//3220 3189//3189
f 3146//3146 3257//3257 3258//3258
f 3146//3146 3255//3255 3257//3257
f 3146//3146 3145//3145 3255//3255
f 3187//3187 3255//3255 3145//3145
f 3325//3325 3186//3186 3219//3219
f 3185//3185 3217//3217 3097//3097
f 3184//3184 3187//3187 3141//3141
f 3218//3218 3097//3097 3217//3217
f 3218//3218 3183//3183 3097//3097
f 3184//3184 3093//3093 3179//3179
f 3184//3184 3179//3179 3178//3178
f 3216//3216 3030//3030 3182//3182
f 3254//3254 3182//3182 3181//3181
f 3181//3181 3137//3137 3322//3322
f 3137//3137 3180//3180 3321//3321
f 3321//3321 3180//3180 3183//3183
f 3284//3284 3177//3177 3252//3252
f 3216//3216 3176//3176 3030//3030
f 3247//3247 3175//3175 3170//3170
f 3281//3281 3175//3175 3247//3247
f 3315//3315 3174//3174 3281//3281
f 3174//3174 3175//3175 3281//3281
f 3214//3214 3174//3174 3315//3315
f 3249//3249 3173//3173 3167//3167
f 3172//3172 3173//3173 3249//3249
f 3278//3278 3172//3172 3249//3249
f 3171//3171 3172//3172 3278//3278
f 3309//3309 3212//3212 3246//3246
f 3169//3169 3166//3166 3245//3245
f 3213//3213 3169//3169 3245//3245
f 3277//3277 3169//3169 3213//3213
f 3168//3168 3169//3169 3277//3277
f 3167//3167 3168//3168 3277//3277
f 3245//3245 3166//3166 3165//3165
f 3273//3273 3164//3164 3276//3276
f 3210//3210 3165//3165 3209//3209
f 3072//3072 3125//3125 3209//3209
f 3163//3163 3164//3164 3271//3271
f 3125//3125 3124//3124 3209//3209
f 3271//3271 3068//3068 3163//3163
f 3208//3208 3068//3068 3271//3271
f 3162//3162 3208//3208 3207//3207
f 3162//3162 3161//3161 3208//3208
f 3122//3122 3205//3205 3237//3237
f 3302//3302 3203//3203 3159//3159
f 3233//3233 3158//3158 3232//3232
f 3201//3201 3202//3202 3157//3157
f 3201//3201 3156//3156 3230//3230
f 3230//3230 3156//3156 3229//3229
f 3119//3119 3229//3229 3120//3120
f 3151//3151 3262//3262 3057//3057
f 3228//3228 3155//3155 3262//3262
f 3155//3155 3057//3057 3262//3262
f 3227//3227 3154//3154 3228//3228
f 3226//3226 3154//3154 3227//3227
f 3153//3153 3226//3226 3200//3200
f 3224//3224 3153//3153 3200//3200
f 3199//3199 3112//3112 3224//3224
f 3112//3112 3153//3153 3224//3224
f 3297//3297 3196//3196 3197//3197
f 3262//3262 3151//3151 3111//3111
f 3262//3262 3111//3111 3196//3196
f 3198//3198 3195//3195 3194//3194
f 3198//3198 3194//3194 3108//3108
f 3190//3190 3193//3193 3150//3150
f 3104//3104 3190//3190 3150//3150
f 3192//3192 3150//3150 3193//3193
f 3149//3149 3150//3150 3192//3192
f 3149//3149 3192//3192 3152//3152
f 3190//3190 3104//3104 3148//3148
f 3103//3103 3106//3106 3221//3221
f 3189//3189 3103//3103 3221//3221
f 3188//3188 3148//3148 3147//3147
f 3188//3188 3147//3147 3146//3146
f 3328//3328 3143//3143 3256//3256
f 3328//3328 3219//3219 3143//3143
f 3142//3142 3187//3187 3145//3145
f 3187//3187 3142//3142 3098//3098
f 3098//3098 3141//3141 3187//3187
f 3185//3185 3097//3097 3186//3186
f 3183//3183 3095//3095 3097//3097
f 3093//3093 3140//3140 3179//3179
f 3030//3030 3139//3139 3182//3182
f 3182//3182 3139//3139 3138//3138
f 3140//3140 3178//3178 3179//3179
f 3178//3178 3136//3136 3285//3285
f 3285//3285 3135//3135 3284//3284
f 3285//3285 3136//3136 3135//3135
f 3252//3252 3177//3177 3215//3215
f 3215//3215 3134//3134 3176//3176
f 3176//3176 3134//3134 3087//3087
f 3176//3176 3087//3087 3030//3030
f 3086//3086 3170//3170 3175//3175
f 3132//3132 3086//3086 3175//3175
f 3131//3131 3132//3132 3175//3175
f 3174//3174 3131//3131 3175//3175
f 3250//3250 3085//3085 3214//3214
f 3129//3129 3085//3085 3250//3250
f 3014//3014 3167//3167 3173//3173
f 3172//3172 3130//3130 3173//3173
f 3171//3171 3130//3130 3172//3172
f 3171//3171 3170//3170 3086//3086
f 3212//3212 3128//3128 3246//3246
f 3168//3168 3167//3167 3077//3077
f 3014//3014 3077//3077 3167//3167
f 3212//3212 3211//3211 3128//3128
f 3165//3165 3166//3166 3073//3073
f 3073//3073 3072//3072 3165//3165
f 3276//3276 3164//3164 3211//3211
f 3211//3211 3164//3164 3071//3071
f 3164//3164 3126//3126 3071//3071
f 3165//3165 3072//3072 3209//3209
f 3164//3164 3163//3163 3126//3126
f 3068//3068 3069//3069 3163//3163
f 3206//3206 3124//3124 3123//3123
f 3206//3206 3123//3123 3122//3122
f 3206//3206 3122//3122 3238//3238
f 3162//3162 3119//3119 3160//3160
f 3162//3162 3160//3160 3161//3161
f 3161//3161 3068//3068 3208//3208
f 3122//3122 3121//3121 3118//3118
f 3122//3122 3118//3118 3205//3205
f 3158//3158 3117//3117 3232//3232
f 3232//3232 3117//3117 3116//3116
f 3232//3232 3116//3116 3202//3202
f 3157//3157 3115//3115 3201//3201
f 3201//3201 3060//3060 3156//3156
f 3201//3201 3115//3115 3060//3060
f 3156//3156 3114//3114 3229//3229
f 3229//3229 3114//3114 3120//3120
f 3154//3154 3054//3054 3228//3228
f 3054//3054 3155//3155 3228//3228
f 3226//3226 3054//3054 3154//3154
f 3052//3052 3054//3054 3226//3226
f 3153//3153 3113//3113 3226//3226
f 3113//3113 3052//3052 3226//3226
f 3197//3197 3196//3196 3152//3152
f 3109//3109 3198//3198 3108//3108
f 3106//3106 3108//3108 3194//3194
f 3191//3191 3106//3106 3194//3194
f 3149//3149 3107//3107 3150//3150
f 3191//3191 3221//3221 3106//3106
f 3104//3104 3105//3105 3148//3148
f 3101//3101 3146//3146 3147//3147
f 3148//3148 3101//3101 3147//3147
f 3220//3220 3144//3144 3189//3189
f 3146//3146 3101//3101 3145//3145
f 3144//3144 3220//3220 3256//3256
f 3101//3101 3142//3142 3145//3145
f 3143//3143 3144//3144 3256//3256
f 3219//3219 3099//3099 3143//3143
f 3097//3097 3219//3219 3186//3186
f 3184//3184 3141//3141 3098//3098
f 3096//3096 3184//3184 3098//3098
f 3184//3184 3096//3096 3094//3094
f 3184//3184 3094//3094 3093//3093
f 3183//3183 3180//3180 3090//3090
f 3031//3031 3030//3030 3133//3133
f 3030//3030 3092//3092 3139//3139
f 3138//3138 3091//3091 3182//3182
f 3182//3182 3137//3137 3181//3181
f 3182//3182 3091//3091 3137//3137
f 3137//3137 3090//3090 3180//3180
f 2962//2962 3178//3178 3140//3140
f 3178//3178 3089//3089 3136//3136
f 3178//3178 2962//2962 3089//3089
f 3284//3284 3135//3135 3177//3177
f 3177//3177 3088//3088 3215//3215
f 3215//3215 3087//3087 3134//3134
f 3215//3215 3088//3088 3087//3087
f 3087//3087 3133//3133 3030//3030
f 3214//3214 3131//3131 3174//3174
f 3076//3076 3014//3014 3173//3173
f 3084//3084 3076//3076 3173//3173
f 3130//3130 3084//3084 3173//3173
f 3171//3171 3083//3083 3130//3130
f 3082//3082 3083//3083 3171//3171
f 3086//3086 3022//3022 3171//3171
f 3022//3022 3082//3082 3171//3171
f 3086//3086 3081//3081 3022//3022
f 3246//3246 3080//3080 3129//3129
f 3075//3075 3080//3080 3246//3246
f 3128//3128 3075//3075 3246//3246
f 3169//3169 3079//3079 3166//3166
f 3079//3079 3074//3074 3166//3166
f 3078//3078 3079//3079 3169//3169
f 3077//3077 3078//3078 3169//3169
f 3168//3168 3077//3077 3169//3169
f 3128//3128 3211//3211 3075//3075
f 3166//3166 3074//3074 3009//3009
f 3166//3166 3009//3009 3073//3073
f 3075//3075 3211//3211 3127//3127
f 3070//3070 3124//3124 3125//3125
f 3069//3069 3126//3126 3163//3163
f 3070//3070 3123//3123 3124//3124
f 3123//3123 3000//3000 3122//3122
f 3161//3161 3160//3160 3065//3065
f 2999//2999 3122//3122 3000//3000
f 3122//3122 2999//2999 3121//3121
f 3121//3121 2997//2997 3118//3118
f 3120//3120 3065//3065 3119//3119
f 3120//3120 3114//3114 3065//3065
f 3119//3119 3065//3065 3160//3160
f 3118//3118 3064//3064 3205//3205
f 3204//3204 3063//3063 3203//3203
f 3204//3204 3205//3205 3063//3063
f 3203//3203 3063//3063 3159//3159
f 3159//3159 3062//3062 3158//3158
f 3158//3158 3061//3061 3117//3117
f 3158//3158 3062//3062 3061//3061
f 3202//3202 3116//3116 3157//3157
f 3115//3115 3157//3157 3060//3060
f 3060//3060 3059//3059 3156//3156
f 3156//3156 3058//3058 3114//3114
f 3156//3156 3059//3059 3058//3058
f 3058//3058 2998//2998 3114//3114
f 3110//3110 3151//3151 3057//3057
f 3155//3155 3056//3056 3057//3057
f 3056//3056 2990//2990 3057//3057
f 3055//3055 3056//3056 3155//3155
f 3054//3054 3055//3055 3155//3155
f 3052//3052 3053//3053 3054//3054
f 3153//3153 3051//3051 3113//3113
f 3112//3112 3050//3050 3153//3153
f 3050//3050 3051//3051 3153//3153
f 3199//3199 3050//3050 3112//3112
f 3199//3199 3109//3109 2987//2987
f 3198//3198 3109//3109 3199//3199
f 2987//2987 3109//3109 3047//3047
f 2978//2978 3152//3152 2984//2984
f 2978//2978 3149//3149 3152//3152
f 3196//3196 2984//2984 3152//3152
f 3111//3111 3049//3049 3196//3196
f 3049//3049 2984//2984 3196//3196
f 3111//3111 3110//3110 3049//3049
f 3049//3049 3110//3110 3057//3057
f 3151//3151 3110//3110 3111//3111
f 3108//3108 3047//3047 3109//3109
f 3106//3106 3046//3046 3108//3108
f 3107//3107 3104//3104 3150//3150
f 3107//3107 3149//3149 2978//2978
f 3045//3045 3046//3046 3106//3106
f 3103//3103 3045//3045 3106//3106
f 3148//3148 3105//3105 3044//3044
f 2977//2977 3148//3148 3044//3044
f 3104//3104 3044//3044 3105//3105
f 2977//2977 2974//2974 3148//3148
f 3189//3189 3102//3102 3103//3103
f 3103//3103 3102//3102 2973//2973
f 2974//2974 3101//3101 3148//3148
f 2974//2974 3042//3042 3101//3101
f 3189//3189 3144//3144 3102//3102
f 3102//3102 3144//3144 3041//3041
f 3144//3144 3100//3100 3041//3041
f 3042//3042 3142//3142 3101//3101
f 3042//3042 3040//3040 3142//3142
f 3099//3099 3144//3144 3143//3143
f 3144//3144 3099//3099 3100//3100
f 3040//3040 3098//3098 3142//3142
f 3040//3040 3037//3037 3098//3098
f 3219//3219 3038//3038 3099//3099
f 3036//3036 3097//3097 3095//3095
f 3036//3036 3095//3095 3033//3033
f 3097//3097 3036//3036 3219//3219
f 3037//3037 3096//3096 3098//3098
f 2969//2969 3094//3094 3096//3096
f 3037//3037 2969//2969 3096//3096
f 3034//3034 3183//3183 3035//3035
f 3183//3183 3090//3090 3035//3035
f 3183//3183 2967//2967 3095//3095
f 3183//3183 3034//3034 2967//2967
f 2967//2967 3033//3033 3095//3095
f 3093//3093 3032//3032 3140//3140
f 3140//3140 3032//3032 3026//3026
f 3031//3031 3133//3133 3087//3087
f 3139//3139 3029//3029 3138//3138
f 3139//3139 3092//3092 3029//3029
f 3138//3138 3028//3028 3091//3091
f 3138//3138 3029//3029 3028//3028
f 3137//3137 3091//3091 3027//3027
f 3027//3027 3090//3090 3137//3137
f 3027//3027 3035//3035 3090//3090
f 2962//2962 3140//3140 3026//3026
f 3136//3136 3089//3089 3135//3135
f 3135//3135 3088//3088 3177//3177
f 3025//3025 3087//3087 3088//3088
f 3021//3021 3081//3081 3086//3086
f 3024//3024 3086//3086 3132//3132
f 3024//3024 3021//3021 3086//3086
f 3131//3131 3024//3024 3132//3132
f 3023//3023 3024//3024 3131//3131
f 3214//3214 3023//3023 3131//3131
f 3085//3085 3023//3023 3214//3214
f 3085//3085 3019//3019 3023//3023
f 3129//3129 3019//3019 3085//3085
f 2958//2958 3076//3076 3084//3084
f 2958//2958 3084//3084 3130//3130
f 3083//3083 3082//3082 3130//3130
f 3082//3082 2958//2958 3130//3130
f 3018//3018 3019//3019 3080//3080
f 3080//3080 3019//3019 3129//3129
f 3075//3075 3012//3012 3080//3080
f 3078//3078 3074//3074 3079//3079
f 3077//3077 3017//3017 3078//3078
f 3016//3016 3017//3017 3077//3077
f 3015//3015 3016//3016 3077//3077
f 3014//3014 3015//3015 3077//3077
f 3014//3014 3076//3076 3013//3013
f 3075//3075 3010//3010 3012//3012
f 3074//3074 3008//3008 3009//3009
f 3011//3011 3008//3008 3074//3074
f 2951//2951 3011//3011 3074//3074
f 3010//3010 3075//3075 3127//3127
f 3007//3007 3010//3010 3127//3127
f 3211//3211 3007//3007 3127//3127
f 3073//3073 3009//3009 3006//3006
f 3211//3211 3071//3071 3007//3007
f 3071//3071 3005//3005 3007//3007
f 3006//3006 3072//3072 3073//3073
f 3006//3006 3004//3004 3072//3072
f 3004//3004 3125//3125 3072//3072
f 3126//3126 3003//3003 3071//3071
f 3004//3004 3070//3070 3125//3125
f 3004//3004 3002//3002 3070//3070
f 3069//3069 3067//3067 3126//3126
f 3002//3002 3123//3123 3070//3070
f 3002//3002 3001//3001 3123//3123
f 3068//3068 3161//3161 3066//3066
f 3066//3066 2943//2943 3068//3068
f 3068//3068 2943//2943 3069//3069
f 3069//3069 2943//2943 3067//3067
f 3001//3001 3000//3000 3123//3123
f 3066//3066 3161//3161 3065//3065
f 3121//3121 2999//2999 2997//2997
f 3114//3114 2998//2998 3065//3065
f 3118//3118 2996//2996 3064//3064
f 3118//3118 2997//2997 2996//2996
f 3064//3064 2995//2995 3205//3205
f 3205//3205 2931//2931 3063//3063
f 3205//3205 2995//2995 2931//2931
f 3116//3116 2994//2994 3157//3157
f 3116//3116 3117//3117 2994//2994
f 3157//3157 2994//2994 2993//2993
f 3157//3157 2992//2992 3060//3060
f 3157//3157 2993//2993 2992//2992
f 3058//3058 3059//3059 2998//2998
f 2922//2922 3057//3057 2990//2990
f 3048//3048 3057//3057 2922//2922
f 3053//3053 2989//2989 3054//3054
f 3052//3052 2989//2989 3053//3053
f 3113//3113 2988//2988 3052//3052
f 3051//3051 2988//2988 3113//3113
f 3199//3199 2987//2987 3050//3050
f 2982//2982 2981//2981 2987//2987
f 3047//3047 2982//2982 2987//2987
f 2984//2984 2986//2986 2978//2978
f 2986//2986 2915//2915 2978//2978
f 2985//2985 2986//2986 2984//2984
f 3049//3049 3048//3048 2984//2984
f 2984//2984 3048//3048 2922//2922
f 3057//3057 3048//3048 3049//3049
f 2982//2982 3047//3047 3108//3108
f 2982//2982 3108//3108 2981//2981
f 3108//3108 2980//2980 2981//2981
f 3108//3108 3045//3045 2980//2980
f 3046//3046 3045//3045 3108//3108
f 3107//3107 2979//2979 3104//3104
f 2979//2979 2976//2976 3104//3104
f 2978//2978 2979//2979 3107//3107
f 3104//3104 2976//2976 2977//2977
f 3104//3104 2977//2977 3044//3044
f 3045//3045 3103//3103 2975//2975
f 3103//3103 3043//3043 2975//2975
f 3103//3103 2973//2973 3043//3043
f 2974//2974 2972//2972 3042//3042
f 3102//3102 3041//3041 2973//2973
f 2972//2972 3040//3040 3042//3042
f 2972//2972 2909//2909 3040//3040
f 3100//3100 3039//3039 2832//2832
f 3099//3099 3039//3039 3100//3100
f 3038//3038 2971//2971 3099//3099
f 2971//2971 3039//3039 3099//3099
f 2909//2909 3037//3037 3040//3040
f 2909//2909 2970//2970 3037//3037
f 2971//2971 3219//3219 3036//3036
f 3219//3219 2971//2971 3038//3038
f 2969//2969 3037//3037 2970//2970
f 2905//2905 3036//3036 2906//2906
f 3036//3036 3033//3033 2906//2906
f 3094//3094 2966//2966 3093//3093
f 2968//2968 3035//3035 2902//2902
f 3035//3035 2967//2967 3034//3034
f 3035//3035 2968//2968 2967//2967
f 3032//3032 3093//3093 2966//2966
f 2966//2966 2963//2963 3032//3032
f 2898//2898 3087//3087 3025//3025
f 3087//3087 2898//2898 3031//3031
f 3031//3031 2965//2965 3030//3030
f 3030//3030 2964//2964 3092//3092
f 3030//3030 2965//2965 2964//2964
f 3028//3028 3027//3027 3091//3091
f 3028//3028 2902//2902 3027//3027
f 3027//3027 2902//2902 3035//3035
f 3026//3026 2963//2963 2962//2962
f 3032//3032 2963//2963 3026//3026
f 3089//3089 2891//2891 3135//3135
f 3135//3135 2961//2961 3088//3088
f 3135//3135 2891//2891 2961//2961
f 3088//3088 2961//2961 2959//2959
f 3088//3088 2959//2959 3025//3025
f 3020//3020 3021//3021 3024//3024
f 2880//2880 3020//3020 3024//3024
f 3018//3018 2955//2955 3023//3023
f 3019//3019 3018//3018 3023//3023
f 2957//2957 2958//2958 3082//3082
f 3022//3022 2957//2957 3082//3082
f 3081//3081 2957//2957 3022//3022
f 3081//3081 3021//3021 2957//2957
f 2957//2957 3021//3021 3020//3020
f 2880//2880 2957//2957 3020//3020
f 3080//3080 2954//2954 3018//3018
f 3012//3012 2952//2952 3080//3080
f 2952//2952 2954//2954 3080//3080
f 3078//3078 2887//2887 3074//3074
f 2887//2887 2951//2951 3074//3074
f 3017//3017 2887//2887 3078//3078
f 3013//3013 2953//2953 3014//3014
f 2953//2953 3015//3015 3014//3014
f 3076//3076 2953//2953 3013//3013
f 2953//2953 3076//3076 2883//2883
f 3076//3076 2958//2958 2883//2883
f 3012//3012 3010//3010 2952//2952
f 3007//3007 2950//2950 3010//3010
f 3011//3011 2949//2949 3008//3008
f 2949//2949 3006//3006 3008//3008
f 3008//3008 3006//3006 3009//3009
f 3006//3006 2948//2948 3004//3004
f 2948//2948 2947//2947 3004//3004
f 3071//3071 3003//3003 3005//3005
f 3005//3005 3003//3003 2874//2874
f 3126//3126 2946//2946 3003//3003
f 2947//2947 3002//3002 3004//3004
f 3001//3001 3002//3002 2947//2947
f 2944//2944 3001//3001 2947//2947
f 3001//3001 2944//2944 3000//3000
f 2943//2943 2946//2946 3126//3126
f 3067//3067 2943//2943 3126//3126
f 2944//2944 2869//2869 3000//3000
f 3066//3066 2937//2937 2943//2943
f 2999//2999 3000//3000 2869//2869
f 2940//2940 2999//2999 2869//2869
f 2999//2999 2936//2936 2997//2997
f 2998//2998 3059//3059 2939//2939
f 2938//2938 2998//2998 2939//2939
f 2938//2938 3065//3065 2998//2998
f 3066//3066 3065//3065 2938//2938
f 3066//3066 2938//2938 2937//2937
f 2935//2935 2997//2997 2936//2936
f 2997//2997 2935//2935 2996//2996
f 2996//2996 2865//2865 3064//3064
f 3064//3064 2865//2865 2995//2995
f 3063//3063 2931//2931 2991//2991
f 3063//3063 2991//2991 2934//2934
f 3159//3159 3063//3063 2934//2934
f 3159//3159 2933//2933 3062//3062
f 3159//3159 2934//2934 2933//2933
f 3062//3062 2933//2933 3061//3061
f 3060//3060 2932//2932 3059//3059
f 3060//3060 2992//2992 2932//2932
f 2939//2939 3059//3059 2932//2932
f 2930//2930 2991//2991 2931//2931
f 2924//2924 2920//2920 2923//2923
f 2990//2990 2921//2921 2922//2922
f 2990//2990 2928//2928 2921//2921
f 2990//2990 3056//3056 2927//2927
f 2990//2990 2927//2927 2928//2928
f 3055//3055 3054//3054 2926//2926
f 3055//3055 2926//2926 3056//3056
f 3054//3054 2989//2989 2925//2925
f 3054//3054 2925//2925 2926//2926
f 2989//2989 3052//3052 2924//2924
f 2989//2989 2924//2924 2925//2925
f 3052//3052 2988//2988 2924//2924
f 3051//3051 2920//2920 2988//2988
f 2988//2988 2920//2920 2924//2924
f 3050//3050 2918//2918 3051//3051
f 2918//2918 2920//2920 3051//3051
f 2987//2987 2918//2918 3050//3050
f 2917//2917 2918//2918 2987//2987
f 2981//2981 2916//2916 2987//2987
f 2916//2916 2917//2917 2987//2987
f 2979//2979 2978//2978 2915//2915
f 2986//2986 2842//2842 2915//2915
f 2984//2984 2983//2983 2985//2985
f 2985//2985 2983//2983 2922//2922
f 2922//2922 2983//2983 2984//2984
f 2980//2980 2913//2913 2981//2981
f 3045//3045 2913//2913 2980//2980
f 3045//3045 2975//2975 2913//2913
f 2974//2974 2977//2977 2976//2976
f 2975//2975 3043//3043 2838//2838
f 2973//2973 2838//2838 3043//3043
f 2976//2976 2911//2911 2974//2974
f 2973//2973 2910//2910 2838//2838
f 2911//2911 2972//2972 2974//2974
f 2973//2973 3041//3041 2910//2910
f 2911//2911 2909//2909 2972//2972
f 2832//2832 3039//3039 2971//2971
f 2908//2908 2970//2970 2909//2909
f 2908//2908 2969//2969 2970//2970
f 2904//2904 3094//3094 2907//2907
f 3094//3094 2969//2969 2907//2907
f 2907//2907 2969//2969 2908//2908
f 2906//2906 3033//3033 2968//2968
f 2905//2905 2831//2831 3036//3036
f 2903//2903 3094//3094 2904//2904
f 3094//3094 2903//2903 2901//2901
f 3094//3094 2901//2901 2966//2966
f 2967//2967 2968//2968 3033//3033
f 2966//2966 2901//2901 2900//2900
f 2900//2900 2823//2823 2966//2966
f 2823//2823 2893//2893 2966//2966
f 2966//2966 2893//2893 2963//2963
f 2959//2959 2960//2960 2899//2899
f 2898//2898 3025//3025 2899//2899
f 2899//2899 3025//3025 2959//2959
f 2898//2898 2897//2897 3031//3031
f 3031//3031 2896//2896 2965//2965
f 3031//3031 2897//2897 2896//2896
f 2964//2964 2895//2895 3092//3092
f 3092//3092 2894//2894 3029//3029
f 3092//3092 2895//2895 2894//2894
f 2894//2894 3028//3028 3029//3029
f 2894//2894 2828//2828 3028//3028
f 3028//3028 2828//2828 2902//2902
f 2893//2893 2962//2962 2963//2963
f 2962//2962 2892//2892 3089//3089
f 2962//2962 2893//2893 2892//2892
f 3089//3089 2892//2892 2891//2891
f 2891//2891 2960//2960 2961//2961
f 2960//2960 2959//2959 2961//2961
f 2956//2956 2880//2880 3024//3024
f 2956//2956 3024//3024 3023//3023
f 2955//2955 2956//2956 3023//3023
f 2810//2810 2883//2883 2958//2958
f 2882//2882 2958//2958 2957//2957
f 2882//2882 2810//2810 2958//2958
f 2881//2881 2882//2882 2957//2957
f 2880//2880 2881//2881 2957//2957
f 2817//2817 2956//2956 2955//2955
f 2890//2890 2955//2955 3018//3018
f 2890//2890 3018//3018 2889//2889
f 2954//2954 2888//2888 3018//3018
f 2888//2888 2889//2889 3018//3018
f 2952//2952 2888//2888 2954//2954
f 2879//2879 2951//2951 2887//2887
f 3017//3017 2886//2886 2887//2887
f 3016//3016 2886//2886 3017//3017
f 3015//3015 2886//2886 3016//3016
f 2885//2885 2886//2886 3015//3015
f 2953//2953 2884//2884 3015//3015
f 2884//2884 2885//2885 3015//3015
f 2883//2883 2884//2884 2953//2953
f 2878//2878 2806//2806 2952//2952
f 2878//2878 2952//2952 3010//3010
f 2951//2951 2879//2879 2805//2805
f 2951//2951 2805//2805 3011//3011
f 2878//2878 3010//3010 2950//2950
f 3011//3011 2877//2877 2949//2949
f 3007//3007 3005//3005 2950//2950
f 3005//3005 2876//2876 2950//2950
f 2875//2875 2948//2948 3006//3006
f 2877//2877 2875//2875 2949//2949
f 2949//2949 2875//2875 3006//3006
f 3005//3005 2874//2874 2876//2876
f 2948//2948 2872//2872 2947//2947
f 2948//2948 2875//2875 2872//2872
f 3003//3003 2873//2873 2874//2874
f 2946//2946 2945//2945 3003//3003
f 2946//2946 2870//2870 2945//2945
f 2945//2945 2870//2870 3003//3003
f 2944//2944 2947//2947 2872//2872
f 2943//2943 2942//2942 2946//2946
f 2943//2943 2868//2868 2942//2942
f 2942//2942 2868//2868 2946//2946
f 2941//2941 2940//2940 2869//2869
f 2940//2940 2936//2936 2999//2999
f 2941//2941 2936//2936 2940//2940
f 2939//2939 2862//2862 2938//2938
f 2867//2867 2937//2937 2938//2938
f 2937//2937 2867//2867 2943//2943
f 2996//2996 2935//2935 2865//2865
f 2865//2865 2860//2860 2995//2995
f 2995//2995 2860//2860 2931//2931
f 2933//2933 2864//2864 3061//3061
f 2864//2864 2856//2856 3061//3061
f 3061//3061 2856//2856 2929//2929
f 3117//3117 3061//3061 2854//2854
f 3061//3061 2929//2929 2854//2854
f 3117//3117 2863//2863 2994//2994
f 3117//3117 2854//2854 2863//2863
f 2992//2992 2993//2993 2932//2932
f 2862//2862 2939//2939 2932//2932
f 2938//2938 2862//2862 2861//2861
f 2931//2931 2860//2860 2930//2930
f 2930//2930 2858//2858 2991//2991
f 2991//2991 2858//2858 2857//2857
f 2857//2857 2934//2934 2991//2991
f 2933//2933 2934//2934 2857//2857
f 2857//2857 2791//2791 2933//2933
f 2933//2933 2791//2791 2864//2864
f 2929//2929 2856//2856 2854//2854
f 2783//2783 2928//2928 2851//2851
f 2921//2921 2928//2928 2783//2783
f 2927//2927 2850//2850 2928//2928
f 2850//2850 2851//2851 2928//2928
f 3056//3056 2850//2850 2927//2927
f 2926//2926 2781//2781 3056//3056
f 2781//2781 2850//2850 3056//3056
f 2925//2925 2781//2781 2926//2926
f 2924//2924 2780//2780 2925//2925
f 2923//2923 2849//2849 2924//2924
f 2849//2849 2780//2780 2924//2924
f 2923//2923 2919//2919 2847//2847
f 2774//2774 2922//2922 2846//2846
f 2914//2914 2922//2922 2774//2774
f 2921//2921 2846//2846 2922//2922
f 2846//2846 2921//2921 2783//2783
f 2920//2920 2918//2918 2919//2919
f 2920//2920 2919//2919 2923//2923
f 2918//2918 2847//2847 2919//2919
f 2918//2918 2917//2917 2847//2847
f 2981//2981 2843//2843 2916//2916
f 2981//2981 2912//2912 2843//2843
f 2913//2913 2912//2912 2981//2981
f 2842//2842 2772//2772 2915//2915
f 2986//2986 2985//2985 2842//2842
f 2985//2985 2914//2914 2842//2842
f 2842//2842 2914//2914 2774//2774
f 2922//2922 2914//2914 2985//2985
f 2912//2912 2913//2913 2840//2840
f 2915//2915 2772//2772 2839//2839
f 2915//2915 2839//2839 2979//2979
f 2913//2913 2975//2975 2840//2840
f 2975//2975 2838//2838 2840//2840
f 2979//2979 2839//2839 2837//2837
f 2979//2979 2837//2837 2976//2976
f 2837//2837 2911//2911 2976//2976
f 2838//2838 2910//2910 2836//2836
f 2837//2837 2835//2835 2911//2911
f 2835//2835 2909//2909 2911//2911
f 2835//2835 2769//2769 2909//2909
f 3041//3041 3100//3100 2910//2910
f 3100//3100 2834//2834 2910//2910
f 2769//2769 2908//2908 2909//2909
f 2769//2769 2833//2833 2908//2908
f 3100//3100 2832//2832 2834//2834
f 2833//2833 2907//2907 2908//2908
f 2832//2832 2971//2971 2764//2764
f 2907//2907 2765//2765 2904//2904
f 2831//2831 2764//2764 2971//2971
f 3036//3036 2831//2831 2971//2971
f 2830//2830 2906//2906 2968//2968
f 2830//2830 2968//2968 2826//2826
f 2906//2906 2830//2830 2905//2905
f 2905//2905 2830//2830 2831//2831
f 2829//2829 2828//2828 2894//2894
f 2828//2828 2827//2827 2902//2902
f 2902//2902 2827//2827 2968//2968
f 2968//2968 2827//2827 2825//2825
f 2825//2825 2826//2826 2968//2968
f 2824//2824 2901//2901 2903//2903
f 2891//2891 2823//2823 2822//2822
f 2822//2822 2960//2960 2891//2891
f 2965//2965 2820//2820 2964//2964
f 2965//2965 2896//2896 2820//2820
f 2820//2820 2895//2895 2964//2964
f 2820//2820 2894//2894 2895//2895
f 2823//2823 2892//2892 2893//2893
f 2823//2823 2891//2891 2892//2892
f 2890//2890 2817//2817 2955//2955
f 2807//2807 2880//2880 2818//2818
f 2956//2956 2817//2817 2880//2880
f 2817//2817 2818//2818 2880//2880
f 2816//2816 2817//2817 2889//2889
f 2817//2817 2890//2890 2889//2889
f 2888//2888 2816//2816 2889//2889
f 2952//2952 2806//2806 2888//2888
f 2815//2815 2879//2879 2887//2887
f 2886//2886 2814//2814 2887//2887
f 2814//2814 2815//2815 2887//2887
f 2813//2813 2814//2814 2886//2886
f 2748//2748 2813//2813 2886//2886
f 2885//2885 2748//2748 2886//2886
f 2884//2884 2812//2812 2885//2885
f 2883//2883 2811//2811 2884//2884
f 2810//2810 2811//2811 2883//2883
f 2746//2746 2810//2810 2882//2882
f 2882//2882 2809//2809 2746//2746
f 2882//2882 2881//2881 2808//2808
f 2882//2882 2808//2808 2809//2809
f 2807//2807 2881//2881 2880//2880
f 2878//2878 2743//2743 2806//2806
f 2743//2743 2878//2878 2950//2950
f 2743//2743 2950//2950 2804//2804
f 2805//2805 2877//2877 3011//3011
f 2950//2950 2876//2876 2804//2804
f 2805//2805 2875//2875 2877//2877
f 2805//2805 2801//2801 2875//2875
f 2874//2874 2803//2803 2876//2876
f 2801//2801 2872//2872 2875//2875
f 2803//2803 2874//2874 2873//2873
f 2801//2801 2871//2871 2872//2872
f 2873//2873 3003//3003 2802//2802
f 2872//2872 2871//2871 2800//2800
f 2801//2801 2800//2800 2871//2871
f 3003//3003 2799//2799 2802//2802
f 3003//3003 2870//2870 2799//2799
f 2800//2800 2944//2944 2872//2872
f 2798//2798 2869//2869 2800//2800
f 2869//2869 2944//2944 2800//2800
f 2946//2946 2797//2797 2870//2870
f 2941//2941 2869//2869 2798//2798
f 2941//2941 2798//2798 2796//2796
f 2868//2868 2943//2943 2867//2867
f 2946//2946 2867//2867 2797//2797
f 2868//2868 2867//2867 2946//2946
f 2796//2796 2936//2936 2941//2941
f 2796//2796 2727//2727 2936//2936
f 2867//2867 2938//2938 2795//2795
f 2938//2938 2861//2861 2795//2795
f 2935//2935 2936//2936 2727//2727
f 2725//2725 2935//2935 2727//2727
f 2935//2935 2725//2725 2866//2866
f 2866//2866 2859//2859 2935//2935
f 2865//2865 2935//2935 2859//2859
f 2865//2865 2859//2859 2860//2860
f 2864//2864 2855//2855 2856//2856
f 2863//2863 2854//2854 2853//2853
f 2994//2994 2863//2863 2853//2853
f 2993//2993 2994//2994 2852//2852
f 2993//2993 2852//2852 2932//2932
f 2787//2787 2717//2717 2862//2862
f 2862//2862 2717//2717 2861//2861
f 2721//2721 2794//2794 2859//2859
f 2860//2860 2794//2794 2793//2793
f 2860//2860 2859//2859 2794//2794
f 2860//2860 2792//2792 2930//2930
f 2860//2860 2793//2793 2792//2792
f 2855//2855 2864//2864 2791//2791
f 2856//2856 2855//2855 2791//2791
f 2790//2790 2854//2854 2856//2856
f 2790//2790 2853//2853 2854//2854
f 2790//2790 2994//2994 2853//2853
f 2789//2789 2852//2852 2994//2994
f 2790//2790 2789//2789 2994//2994
f 2789//2789 2932//2932 2852//2852
f 2788//2788 2862//2862 2932//2932
f 2788//2788 2787//2787 2862//2862
f 2848//2848 2778//2778 2784//2784
f 2851//2851 2782//2782 2783//2783
f 2782//2782 2708//2708 2783//2783
f 2850//2850 2782//2782 2851//2851
f 2925//2925 2780//2780 2781//2781
f 2849//2849 2784//2784 2780//2780
f 2849//2849 2923//2923 2848//2848
f 2849//2849 2848//2848 2784//2784
f 2923//2923 2778//2778 2848//2848
f 2847//2847 2776//2776 2923//2923
f 2776//2776 2778//2778 2923//2923
f 2917//2917 2845//2845 2847//2847
f 2847//2847 2845//2845 2844//2844
f 2775//2775 2847//2847 2844//2844
f 2846//2846 2773//2773 2774//2774
f 2773//2773 2846//2846 2783//2783
f 2917//2917 2916//2916 2845//2845
f 2916//2916 2844//2844 2845//2845
f 2843//2843 2844//2844 2916//2916
f 2842//2842 2692//2692 2772//2772
f 2842//2842 2841//2841 2692//2692
f 2692//2692 2841//2841 2774//2774
f 2774//2774 2841//2841 2842//2842
f 2838//2838 2771//2771 2840//2840
f 2769//2769 2837//2837 2770//2770
f 2839//2839 2770//2770 2837//2837
f 2838//2838 2836//2836 2771//2771
f 2910//2910 2767//2767 2836//2836
f 2769//2769 2835//2835 2837//2837
f 2834//2834 2687//2687 2910//2910
f 2766//2766 2833//2833 2769//2769
f 2766//2766 2907//2907 2833//2833
f 2766//2766 2765//2765 2907//2907
f 2832//2832 2764//2764 2834//2834
f 2761//2761 2904//2904 2765//2765
f 2762//2762 2831//2831 2763//2763
f 2831//2831 2762//2762 2764//2764
f 2830//2830 2826//2826 2760//2760
f 2760//2760 2763//2763 2830//2830
f 2830//2830 2763//2763 2831//2831
f 2761//2761 2903//2903 2904//2904
f 2759//2759 2758//2758 2903//2903
f 2761//2761 2759//2759 2903//2903
f 2675//2675 2894//2894 2757//2757
f 2894//2894 2820//2820 2757//2757
f 2757//2757 2820//2820 2819//2819
f 2894//2894 2675//2675 2829//2829
f 2829//2829 2756//2756 2828//2828
f 2828//2828 2755//2755 2827//2827
f 2828//2828 2756//2756 2755//2755
f 2827//2827 2760//2760 2825//2825
f 2754//2754 2760//2760 2827//2827
f 2825//2825 2760//2760 2826//2826
f 2758//2758 2824//2824 2903//2903
f 2824//2824 2758//2758 2901//2901
f 2900//2900 2753//2753 2823//2823
f 2823//2823 2753//2753 2822//2822
f 2822//2822 2670//2670 2960//2960
f 2960//2960 2752//2752 2899//2899
f 2960//2960 2670//2670 2752//2752
f 2899//2899 2752//2752 2669//2669
f 2899//2899 2669//2669 2898//2898
f 2898//2898 2750//2750 2897//2897
f 2750//2750 2896//2896 2897//2897
f 2750//2750 2821//2821 2896//2896
f 2819//2819 2820//2820 2896//2896
f 2821//2821 2819//2819 2896//2896
f 2745//2745 2807//2807 2818//2818
f 2744//2744 2818//2818 2817//2817
f 2816//2816 2742//2742 2817//2817
f 2742//2742 2744//2744 2817//2817
f 2888//2888 2742//2742 2816//2816
f 2806//2806 2749//2749 2888//2888
f 2749//2749 2742//2742 2888//2888
f 2743//2743 2749//2749 2806//2806
f 2814//2814 2813//2813 2815//2815
f 2812//2812 2748//2748 2885//2885
f 2811//2811 2747//2747 2884//2884
f 2747//2747 2812//2812 2884//2884
f 2810//2810 2747//2747 2811//2811
f 2746//2746 2747//2747 2810//2810
f 2881//2881 2807//2807 2745//2745
f 2736//2736 2741//2741 2743//2743
f 2665//2665 2805//2805 2879//2879
f 2665//2665 2735//2735 2805//2805
f 2815//2815 2665//2665 2879//2879
f 2736//2736 2743//2743 2804//2804
f 2735//2735 2733//2733 2805//2805
f 2804//2804 2876//2876 2734//2734
f 2733//2733 2801//2801 2805//2805
f 2803//2803 2802//2802 2876//2876
f 2876//2876 2802//2802 2655//2655
f 2733//2733 2732//2732 2801//2801
f 2803//2803 2873//2873 2802//2802
f 2732//2732 2730//2730 2801//2801
f 2802//2802 2729//2729 2731//2731
f 2730//2730 2800//2800 2801//2801
f 2802//2802 2799//2799 2729//2729
f 2730//2730 2798//2798 2800//2800
f 2870//2870 2797//2797 2799//2799
f 2798//2798 2727//2727 2796//2796
f 2799//2799 2797//2797 2728//2728
f 2867//2867 2795//2795 2726//2726
f 2867//2867 2726//2726 2797//2797
f 2866//2866 2725//2725 2722//2722
f 2866//2866 2722//2722 2859//2859
f 2717//2717 2724//2724 2861//2861
f 2861//2861 2724//2724 2795//2795
f 2721//2721 2859//2859 2722//2722
f 2792//2792 2793//2793 2930//2930
f 2858//2858 2930//2930 2786//2786
f 2857//2857 2858//2858 2786//2786
f 2857//2857 2786//2786 2720//2720
f 2857//2857 2719//2719 2791//2791
f 2857//2857 2720//2720 2719//2719
f 2791//2791 2719//2719 2856//2856
f 2719//2719 2714//2714 2856//2856
f 2856//2856 2714//2714 2785//2785
f 2790//2790 2856//2856 2785//2785
f 2790//2790 2785//2785 2712//2712
f 2790//2790 2712//2712 2718//2718
f 2789//2789 2790//2790 2718//2718
f 2932//2932 2789//2789 2718//2718
f 2788//2788 2932//2932 2718//2718
f 2717//2717 2787//2787 2788//2788
f 2930//2930 2715//2715 2786//2786
f 2642//2642 2720//2720 2786//2786
f 2714//2714 2713//2713 2785//2785
f 2713//2713 2712//2712 2785//2785
f 2712//2712 2711//2711 2718//2718
f 2718//2718 2711//2711 2710//2710
f 2704//2704 2784//2784 2703//2703
f 2779//2779 2784//2784 2704//2704
f 2784//2784 2701//2701 2703//2703
f 2784//2784 2777//2777 2701//2701
f 2778//2778 2777//2777 2784//2784
f 2701//2701 2777//2777 2776//2776
f 2776//2776 2698//2698 2701//2701
f 2700//2700 2783//2783 2699//2699
f 2773//2773 2783//2783 2700//2700
f 2783//2783 2708//2708 2699//2699
f 2708//2708 2782//2782 2707//2707
f 2782//2782 2850//2850 2707//2707
f 2850//2850 2781//2781 2706//2706
f 2850//2850 2706//2706 2707//2707
f 2781//2781 2705//2705 2706//2706
f 2781//2781 2780//2780 2704//2704
f 2781//2781 2704//2704 2705//2705
f 2780//2780 2779//2779 2704//2704
f 2784//2784 2779//2779 2780//2780
f 2778//2778 2776//2776 2777//2777
f 2847//2847 2697//2697 2776//2776
f 2697//2697 2698//2698 2776//2776
f 2775//2775 2697//2697 2847//2847
f 2844//2844 2694//2694 2775//2775
f 2615//2615 2774//2774 2695//2695
f 2692//2692 2774//2774 2615//2615
f 2773//2773 2695//2695 2774//2774
f 2695//2695 2773//2773 2700//2700
f 2694//2694 2843//2843 2912//2912
f 2844//2844 2843//2843 2694//2694
f 2840//2840 2771//2771 2912//2912
f 2912//2912 2771//2771 2693//2693
f 2772//2772 2692//2692 2691//2691
f 2772//2772 2691//2691 2839//2839
f 2768//2768 2769//2769 2770//2770
f 2691//2691 2611//2611 2839//2839
f 2611//2611 2768//2768 2839//2839
f 2839//2839 2768//2768 2770//2770
f 2771//2771 2836//2836 2690//2690
f 2769//2769 2611//2611 2609//2609
f 2768//2768 2611//2611 2769//2769
f 2767//2767 2689//2689 2836//2836
f 2609//2609 2688//2688 2769//2769
f 2767//2767 2910//2910 2689//2689
f 2910//2910 2687//2687 2689//2689
f 2688//2688 2766//2766 2769//2769
f 2688//2688 2686//2686 2766//2766
f 2834//2834 2525//2525 2687//2687
f 2686//2686 2765//2765 2766//2766
f 2684//2684 2765//2765 2604//2604
f 2604//2604 2765//2765 2686//2686
f 2685//2685 2764//2764 2762//2762
f 2685//2685 2525//2525 2834//2834
f 2764//2764 2685//2685 2834//2834
f 2684//2684 2761//2761 2765//2765
f 2682//2682 2761//2761 2684//2684
f 2761//2761 2682//2682 2679//2679
f 2761//2761 2679//2679 2759//2759
f 2681//2681 2760//2760 2599//2599
f 2760//2760 2754//2754 2599//2599
f 2760//2760 2681//2681 2680//2680
f 2680//2680 2601//2601 2763//2763
f 2760//2760 2680//2680 2763//2763
f 2758//2758 2759//2759 2679//2679
f 2678//2678 2758//2758 2679//2679
f 2678//2678 2677//2677 2758//2758
f 2677//2677 2672//2672 2758//2758
f 2819//2819 2821//2821 2676//2676
f 2676//2676 2821//2821 2750//2750
f 2757//2757 2819//2819 2675//2675
f 2829//2829 2675//2675 2756//2756
f 2756//2756 2827//2827 2755//2755
f 2756//2756 2754//2754 2827//2827
f 2672//2672 2901//2901 2758//2758
f 2901//2901 2671//2671 2900//2900
f 2901//2901 2672//2672 2671//2671
f 2822//2822 2753//2753 2670//2670
f 2752//2752 2670//2670 2669//2669
f 2669//2669 2751//2751 2898//2898
f 2751//2751 2750//2750 2898//2898
f 2745//2745 2818//2818 2744//2744
f 2743//2743 2742//2742 2749//2749
f 2740//2740 2815//2815 2813//2813
f 2748//2748 2662//2662 2813//2813
f 2662//2662 2740//2740 2813//2813
f 2748//2748 2661//2661 2662//2662
f 2739//2739 2661//2661 2748//2748
f 2739//2739 2748//2748 2812//2812
f 2738//2738 2739//2739 2812//2812
f 2738//2738 2812//2812 2747//2747
f 2737//2737 2738//2738 2747//2747
f 2737//2737 2747//2747 2746//2746
f 2737//2737 2746//2746 2809//2809
f 2737//2737 2809//2809 2808//2808
f 2881//2881 2657//2657 2808//2808
f 2657//2657 2737//2737 2808//2808
f 2745//2745 2657//2657 2881//2881
f 2745//2745 2744//2744 2668//2668
f 2745//2745 2668//2668 2589//2589
f 2744//2744 2667//2667 2668//2668
f 2744//2744 2742//2742 2666//2666
f 2744//2744 2666//2666 2667//2667
f 2742//2742 2736//2736 2666//2666
f 2736//2736 2742//2742 2741//2741
f 2741//2741 2742//2742 2743//2743
f 2656//2656 2735//2735 2665//2665
f 2665//2665 2815//2815 2664//2664
f 2664//2664 2815//2815 2740//2740
f 2740//2740 2663//2663 2664//2664
f 2662//2662 2663//2663 2740//2740
f 2739//2739 2738//2738 2660//2660
f 2738//2738 2659//2659 2660//2660
f 2738//2738 2658//2658 2659//2659
f 2738//2738 2737//2737 2658//2658
f 2737//2737 2583//2583 2658//2658
f 2736//2736 2804//2804 2655//2655
f 2734//2734 2655//2655 2804//2804
f 2654//2654 2733//2733 2656//2656
f 2735//2735 2656//2656 2733//2733
f 2734//2734 2876//2876 2655//2655
f 2654//2654 2653//2653 2733//2733
f 2802//2802 2652//2652 2655//2655
f 2653//2653 2732//2732 2733//2733
f 2802//2802 2731//2731 2652//2652
f 2653//2653 2730//2730 2732//2732
f 2653//2653 2574//2574 2730//2730
f 2574//2574 2651//2651 2730//2730
f 2799//2799 2650//2650 2729//2729
f 2799//2799 2728//2728 2650//2650
f 2798//2798 2730//2730 2651//2651
f 2572//2572 2798//2798 2651//2651
f 2798//2798 2648//2648 2727//2727
f 2726//2726 2795//2795 2723//2723
f 2726//2726 2723//2723 2797//2797
f 2797//2797 2723//2723 2728//2728
f 2725//2725 2727//2727 2648//2648
f 2647//2647 2725//2725 2648//2648
f 2725//2725 2647//2647 2722//2722
f 2724//2724 2716//2716 2795//2795
f 2795//2795 2716//2716 2723//2723
f 2721//2721 2647//2647 2646//2646
f 2721//2721 2722//2722 2647//2647
f 2721//2721 2646//2646 2645//2645
f 2721//2721 2645//2645 2794//2794
f 2645//2645 2644//2644 2794//2794
f 2793//2793 2794//2794 2644//2644
f 2793//2793 2644//2644 2715//2715
f 2793//2793 2715//2715 2930//2930
f 2718//2718 2710//2710 2788//2788
f 2717//2717 2788//2788 2709//2709
f 2709//2709 2638//2638 2717//2717
f 2717//2717 2638//2638 2724//2724
f 2724//2724 2638//2638 2716//2716
f 2715//2715 2643//2643 2786//2786
f 2786//2786 2643//2643 2642//2642
f 2719//2719 2720//2720 2642//2642
f 2642//2642 2713//2713 2719//2719
f 2714//2714 2719//2719 2713//2713
f 2713//2713 2641//2641 2637//2637
f 2713//2713 2637//2637 2712//2712
f 2637//2637 2636//2636 2712//2712
f 2712//2712 2636//2636 2635//2635
f 2711//2711 2712//2712 2635//2635
f 2640//2640 2710//2710 2711//2711
f 2788//2788 2710//2710 2640//2640
f 2639//2639 2709//2709 2788//2788
f 2640//2640 2639//2639 2788//2788
f 2709//2709 2639//2639 2638//2638
f 2711//2711 2635//2635 2634//2634
f 2632//2632 2704//2704 2631//2631
f 2537//2537 2708//2708 2545//2545
f 2699//2699 2708//2708 2537//2537
f 2707//2707 2628//2628 2708//2708
f 2628//2628 2545//2545 2708//2708
f 2706//2706 2627//2627 2707//2707
f 2627//2627 2628//2628 2707//2707
f 2705//2705 2627//2627 2706//2706
f 2704//2704 2626//2626 2705//2705
f 2626//2626 2704//2704 2632//2632
f 2704//2704 2703//2703 2631//2631
f 2703//2703 2701//2701 2629//2629
f 2703//2703 2629//2629 2631//2631
f 2701//2701 2702//2702 2629//2629
f 2624//2624 2702//2702 2701//2701
f 2701//2701 2622//2622 2624//2624
f 2698//2698 2622//2622 2701//2701
f 2695//2695 2700//2700 2621//2621
f 2700//2700 2699//2699 2537//2537
f 2698//2698 2697//2697 2622//2622
f 2697//2697 2696//2696 2622//2622
f 2775//2775 2617//2617 2697//2697
f 2617//2617 2696//2696 2697//2697
f 2694//2694 2617//2617 2775//2775
f 2695//2695 2618//2618 2615//2615
f 2618//2618 2619//2619 2615//2615
f 2618//2618 2695//2695 2621//2621
f 2694//2694 2912//2912 2617//2617
f 2912//2912 2693//2693 2617//2617
f 2613//2613 2692//2692 2616//2616
f 2615//2615 2616//2616 2692//2692
f 2614//2614 2771//2771 2612//2612
f 2614//2614 2693//2693 2771//2771
f 2692//2692 2613//2613 2611//2611
f 2692//2692 2611//2611 2691//2691
f 2771//2771 2690//2690 2612//2612
f 2611//2611 2610//2610 2609//2609
f 2836//2836 2689//2689 2690//2690
f 2687//2687 2607//2607 2689//2689
f 2689//2689 2607//2607 2608//2608
f 2526//2526 2686//2686 2688//2688
f 2687//2687 2525//2525 2607//2607
f 2604//2604 2686//2686 2526//2526
f 2605//2605 2683//2683 2602//2602
f 2762//2762 2683//2683 2605//2605
f 2685//2685 2762//2762 2605//2605
f 2685//2685 2605//2605 2525//2525
f 2601//2601 2683//2683 2763//2763
f 2602//2602 2683//2683 2601//2601
f 2763//2763 2683//2683 2762//2762
f 2603//2603 2682//2682 2684//2684
f 2603//2603 2519//2519 2682//2682
f 2599//2599 2754//2754 2600//2600
f 2600//2600 2754//2754 2673//2673
f 2681//2681 2433//2433 2601//2601
f 2680//2680 2681//2681 2601//2601
f 2682//2682 2678//2678 2679//2679
f 2678//2678 2598//2598 2677//2677
f 2677//2677 2598//2598 2672//2672
f 2514//2514 2750//2750 2751//2751
f 2750//2750 2597//2597 2676//2676
f 2750//2750 2514//2514 2597//2597
f 2819//2819 2596//2596 2675//2675
f 2596//2596 2674//2674 2675//2675
f 2673//2673 2756//2756 2675//2675
f 2674//2674 2673//2673 2675//2675
f 2756//2756 2673//2673 2754//2754
f 2598//2598 2671//2671 2672//2672
f 2671//2671 2594//2594 2900//2900
f 2671//2671 2598//2598 2594//2594
f 2900//2900 2510//2510 2753//2753
f 2900//2900 2594//2594 2510//2510
f 2670//2670 2753//2753 2592//2592
f 2670//2670 2590//2590 2669//2669
f 2670//2670 2592//2592 2590//2590
f 2669//2669 2590//2590 2751//2751
f 2657//2657 2583//2583 2737//2737
f 2581//2581 2657//2657 2745//2745
f 2589//2589 2581//2581 2745//2745
f 2736//2736 2507//2507 2666//2666
f 2736//2736 2580//2580 2507//2507
f 2579//2579 2580//2580 2736//2736
f 2656//2656 2665//2665 2588//2588
f 2664//2664 2588//2588 2665//2665
f 2663//2663 2662//2662 2587//2587
f 2662//2662 2661//2661 2586//2586
f 2662//2662 2586//2586 2587//2587
f 2586//2586 2661//2661 2739//2739
f 2660//2660 2586//2586 2739//2739
f 2583//2583 2584//2584 2658//2658
f 2584//2584 2585//2585 2658//2658
f 2582//2582 2583//2583 2657//2657
f 2655//2655 2579//2579 2736//2736
f 2577//2577 2579//2579 2655//2655
f 2588//2588 2497//2497 2656//2656
f 2497//2497 2654//2654 2656//2656
f 2655//2655 2652//2652 2577//2577
f 2575//2575 2496//2496 2652//2652
f 2654//2654 2574//2574 2653//2653
f 2652//2652 2731//2731 2575//2575
f 2731//2731 2729//2729 2575//2575
f 2574//2574 2573//2573 2651//2651
f 2650//2650 2571//2571 2729//2729
f 2650//2650 2728//2728 2571//2571
f 2572//2572 2651//2651 2573//2573
f 2572//2572 2570//2570 2798//2798
f 2728//2728 2649//2649 2571//2571
f 2570//2570 2648//2648 2798//2798
f 2728//2728 2723//2723 2649//2649
f 2647//2647 2648//2648 2570//2570
f 2311//2311 2647//2647 2570//2570
f 2647//2647 2311//2311 2401//2401
f 2716//2716 2567//2567 2723//2723
f 2723//2723 2567//2567 2649//2649
f 2645//2645 2566//2566 2644//2644
f 2716//2716 2638//2638 2564//2564
f 2567//2567 2716//2716 2564//2564
f 2644//2644 2566//2566 2565//2565
f 2644//2644 2565//2565 2715//2715
f 2565//2565 2562//2562 2715//2715
f 2715//2715 2562//2562 2643//2643
f 2713//2713 2642//2642 2559//2559
f 2713//2713 2559//2559 2641//2641
f 2711//2711 2634//2634 2640//2640
f 2633//2633 2638//2638 2639//2639
f 2567//2567 2564//2564 2483//2483
f 2562//2562 2561//2561 2643//2643
f 2561//2561 2642//2642 2643//2643
f 2560//2560 2559//2559 2642//2642
f 2561//2561 2560//2560 2642//2642
f 2558//2558 2641//2641 2559//2559
f 2558//2558 2637//2637 2641//2641
f 2558//2558 2636//2636 2637//2637
f 2636//2636 2557//2557 2635//2635
f 2635//2635 2557//2557 2553//2553
f 2635//2635 2553//2553 2552//2552
f 2552//2552 2634//2634 2635//2635
f 2556//2556 2639//2639 2640//2640
f 2634//2634 2556//2556 2640//2640
f 2556//2556 2555//2555 2639//2639
f 2551//2551 2633//2633 2639//2639
f 2555//2555 2551//2551 2639//2639
f 2633//2633 2551//2551 2638//2638
f 2546//2546 2547//2547 2630//2630
f 2626//2626 2632//2632 2541//2541
f 2632//2632 2631//2631 2541//2541
f 2631//2631 2548//2548 2541//2541
f 2631//2631 2547//2547 2548//2548
f 2631//2631 2629//2629 2630//2630
f 2631//2631 2630//2630 2547//2547
f 2702//2702 2625//2625 2538//2538
f 2537//2537 2545//2545 2536//2536
f 2545//2545 2628//2628 2544//2544
f 2628//2628 2543//2543 2544//2544
f 2628//2628 2627//2627 2542//2542
f 2628//2628 2542//2542 2543//2543
f 2627//2627 2705//2705 2541//2541
f 2627//2627 2541//2541 2542//2542
f 2705//2705 2626//2626 2541//2541
f 2702//2702 2624//2624 2625//2625
f 2624//2624 2622//2622 2538//2538
f 2624//2624 2538//2538 2625//2625
f 2622//2622 2623//2623 2538//2538
f 2696//2696 2620//2620 2622//2622
f 2622//2622 2620//2620 2623//2623
f 2618//2618 2621//2621 2445//2445
f 2621//2621 2700//2700 2537//2537
f 2696//2696 2617//2617 2620//2620
f 2617//2617 2535//2535 2620//2620
f 2617//2617 2534//2534 2535//2535
f 2533//2533 2615//2615 2619//2619
f 2619//2619 2618//2618 2445//2445
f 2534//2534 2693//2693 2614//2614
f 2617//2617 2693//2693 2534//2534
f 2615//2615 2533//2533 2616//2616
f 2531//2531 2611//2611 2532//2532
f 2613//2613 2532//2532 2611//2611
f 2690//2690 2530//2530 2612//2612
f 2531//2531 2610//2610 2611//2611
f 2690//2690 2529//2529 2530//2530
f 2610//2610 2531//2531 2609//2609
f 2529//2529 2689//2689 2608//2608
f 2690//2690 2689//2689 2529//2529
f 2609//2609 2531//2531 2606//2606
f 2688//2688 2609//2609 2606//2606
f 2531//2531 2528//2528 2606//2606
f 2606//2606 2526//2526 2688//2688
f 2528//2528 2526//2526 2606//2606
f 2525//2525 2527//2527 2607//2607
f 2524//2524 2605//2605 2602//2602
f 2524//2524 2602//2602 2521//2521
f 2605//2605 2524//2524 2525//2525
f 2526//2526 2684//2684 2604//2604
f 2526//2526 2603//2603 2684//2684
f 2522//2522 2603//2603 2526//2526
f 2435//2435 2521//2521 2602//2602
f 2519//2519 2603//2603 2522//2522
f 2433//2433 2435//2435 2602//2602
f 2601//2601 2433//2433 2602//2602
f 2520//2520 2682//2682 2519//2519
f 2682//2682 2520//2520 2431//2431
f 2682//2682 2431//2431 2678//2678
f 2673//2673 2674//2674 2595//2595
f 2673//2673 2429//2429 2600//2600
f 2600//2600 2518//2518 2599//2599
f 2678//2678 2516//2516 2598//2598
f 2516//2516 2593//2593 2598//2598
f 2514//2514 2751//2751 2515//2515
f 2515//2515 2751//2751 2590//2590
f 2597//2597 2513//2513 2676//2676
f 2676//2676 2512//2512 2819//2819
f 2676//2676 2513//2513 2512//2512
f 2512//2512 2596//2596 2819//2819
f 2512//2512 2595//2595 2596//2596
f 2596//2596 2595//2595 2674//2674
f 2593//2593 2594//2594 2598//2598
f 2593//2593 2516//2516 2594//2594
f 2510//2510 2592//2592 2753//2753
f 2510//2510 2591//2591 2592//2592
f 2591//2591 2590//2590 2592//2592
f 2581//2581 2589//2589 2668//2668
f 2508//2508 2581//2581 2668//2668
f 2508//2508 2668//2668 2667//2667
f 2666//2666 2508//2508 2667//2667
f 2507//2507 2508//2508 2666//2666
f 2578//2578 2588//2588 2664//2664
f 2502//2502 2578//2578 2664//2664
f 2426//2426 2664//2664 2663//2663
f 2426//2426 2502//2502 2664//2664
f 2587//2587 2426//2426 2663//2663
f 2660//2660 2421//2421 2586//2586
f 2659//2659 2506//2506 2660//2660
f 2658//2658 2506//2506 2659//2659
f 2585//2585 2506//2506 2658//2658
f 2582//2582 2425//2425 2583//2583
f 2425//2425 2584//2584 2583//2583
f 2657//2657 2505//2505 2582//2582
f 2505//2505 2425//2425 2582//2582
f 2505//2505 2657//2657 2504//2504
f 2657//2657 2581//2581 2504//2504
f 2577//2577 2496//2496 2579//2579
f 2588//2588 2578//2578 2497//2497
f 2496//2496 2416//2416 2579//2579
f 2496//2496 2577//2577 2652//2652
f 2497//2497 2576//2576 2654//2654
f 2654//2654 2494//2494 2574//2574
f 2654//2654 2495//2495 2494//2494
f 2576//2576 2495//2495 2654//2654
f 2497//2497 2495//2495 2576//2576
f 2494//2494 2491//2491 2574//2574
f 2575//2575 2729//2729 2493//2493
f 2491//2491 2573//2573 2574//2574
f 2489//2489 2493//2493 2729//2729
f 2489//2489 2729//2729 2571//2571
f 2491//2491 2490//2490 2573//2573
f 2490//2490 2572//2572 2573//2573
f 2488//2488 2570//2570 2490//2490
f 2570//2570 2572//2572 2490//2490
f 2569//2569 2571//2571 2649//2649
f 2571//2571 2569//2569 2489//2489
f 2568//2568 2487//2487 2649//2649
f 2649//2649 2487//2487 2569//2569
f 2311//2311 2570//2570 2488//2488
f 2649//2649 2567//2567 2563//2563
f 2649//2649 2563//2563 2568//2568
f 2486//2486 2647//2647 2401//2401
f 2647//2647 2486//2486 2646//2646
f 2563//2563 2567//2567 2483//2483
f 2566//2566 2646//2646 2484//2484
f 2645//2645 2646//2646 2566//2566
f 2566//2566 2484//2484 2565//2565
f 2565//2565 2484//2484 2562//2562
f 2564//2564 2638//2638 2554//2554
f 2554//2554 2483//2483 2564//2564
f 2559//2559 2560//2560 2478//2478
f 2559//2559 2478//2478 2558//2558
f 2550//2550 2554//2554 2551//2551
f 2554//2554 2638//2638 2551//2551
f 2554//2554 2550//2550 2483//2483
f 2561//2561 2480//2480 2560//2560
f 2479//2479 2478//2478 2560//2560
f 2480//2480 2479//2479 2560//2560
f 2478//2478 2477//2477 2558//2558
f 2476//2476 2636//2636 2558//2558
f 2477//2477 2476//2476 2558//2558
f 2475//2475 2557//2557 2636//2636
f 2476//2476 2475//2475 2636//2636
f 2557//2557 2475//2475 2472//2472
f 2552//2552 2553//2553 2472//2472
f 2472//2472 2553//2553 2557//2557
f 2556//2556 2634//2634 2552//2552
f 2556//2556 2549//2549 2555//2555
f 2551//2551 2555//2555 2471//2471
f 2471//2471 2474//2474 2551//2551
f 2474//2474 2550//2550 2551//2551
f 2472//2472 2556//2556 2552//2552
f 2549//2549 2471//2471 2555//2555
f 2463//2463 2464//2464 2546//2546
f 2459//2459 2548//2548 2458//2458
f 2548//2548 2547//2547 2458//2458
f 2547//2547 2464//2464 2458//2458
f 2547//2547 2546//2546 2464//2464
f 2540//2540 2546//2546 2630//2630
f 2546//2546 2540//2540 2456//2456
f 2536//2536 2545//2545 2367//2367
f 2544//2544 2453//2453 2545//2545
f 2453//2453 2367//2367 2545//2545
f 2543//2543 2453//2453 2544//2544
f 2542//2542 2541//2541 2543//2543
f 2541//2541 2461//2461 2543//2543
f 2541//2541 2459//2459 2461//2461
f 2548//2548 2459//2459 2541//2541
f 2630//2630 2629//2629 2540//2540
f 2629//2629 2702//2702 2456//2456
f 2629//2629 2456//2456 2540//2540
f 2702//2702 2538//2538 2454//2454
f 2702//2702 2454//2454 2456//2456
f 2538//2538 2539//2539 2454//2454
f 2623//2623 2450//2450 2538//2538
f 2538//2538 2450//2450 2539//2539
f 2360//2360 2537//2537 2359//2359
f 2621//2621 2537//2537 2360//2360
f 2537//2537 2536//2536 2359//2359
f 2623//2623 2620//2620 2450//2450
f 2449//2449 2620//2620 2534//2534
f 2450//2450 2620//2620 2449//2449
f 2445//2445 2621//2621 2448//2448
f 2448//2448 2621//2621 2360//2360
f 2534//2534 2620//2620 2535//2535
f 2613//2613 2533//2533 2619//2619
f 2614//2614 2444//2444 2534//2534
f 2616//2616 2533//2533 2613//2613
f 2614//2614 2612//2612 2444//2444
f 2531//2531 2532//2532 2442//2442
f 2613//2613 2351//2351 2442//2442
f 2613//2613 2442//2442 2532//2532
f 2530//2530 2529//2529 2612//2612
f 2612//2612 2529//2529 2443//2443
f 2442//2442 2441//2441 2531//2531
f 2441//2441 2439//2439 2531//2531
f 2529//2529 2608//2608 2440//2440
f 2439//2439 2528//2528 2531//2531
f 2607//2607 2438//2438 2608//2608
f 2439//2439 2526//2526 2528//2528
f 2439//2439 2523//2523 2526//2526
f 2348//2348 2527//2527 2525//2525
f 2348//2348 2525//2525 2436//2436
f 2348//2348 2438//2438 2607//2607
f 2527//2527 2348//2348 2607//2607
f 2521//2521 2436//2436 2525//2525
f 2524//2524 2521//2521 2525//2525
f 2523//2523 2522//2522 2526//2526
f 2434//2434 2522//2522 2437//2437
f 2437//2437 2522//2522 2523//2523
f 2435//2435 2346//2346 2521//2521
f 2434//2434 2519//2519 2522//2522
f 2434//2434 2431//2431 2519//2519
f 2433//2433 2345//2345 2435//2435
f 2519//2519 2431//2431 2520//2520
f 2431//2431 2335//2335 2517//2517
f 2511//2511 2342//2342 2595//2595
f 2595//2595 2512//2512 2511//2511
f 2595//2595 2430//2430 2673//2673
f 2673//2673 2430//2430 2429//2429
f 2600//2600 2429//2429 2518//2518
f 2518//2518 2338//2338 2599//2599
f 2338//2338 2681//2681 2599//2599
f 2338//2338 2343//2343 2681//2681
f 2681//2681 2343//2343 2433//2433
f 2517//2517 2678//2678 2431//2431
f 2678//2678 2335//2335 2516//2516
f 2517//2517 2335//2335 2678//2678
f 2516//2516 2335//2335 2428//2428
f 2428//2428 2509//2509 2516//2516
f 2590//2590 2591//2591 2427//2427
f 2427//2427 2591//2591 2509//2509
f 2590//2590 2427//2427 2515//2515
f 2514//2514 2513//2513 2597//2597
f 2514//2514 2511//2511 2513//2513
f 2511//2511 2512//2512 2513//2513
f 2509//2509 2594//2594 2516//2516
f 2509//2509 2510//2510 2594//2594
f 2510//2510 2509//2509 2591//2591
f 2503//2503 2508//2508 2507//2507
f 2580//2580 2503//2503 2507//2507
f 2422//2422 2502//2502 2426//2426
f 2586//2586 2421//2421 2587//2587
f 2421//2421 2426//2426 2587//2587
f 2501//2501 2421//2421 2660//2660
f 2500//2500 2501//2501 2660//2660
f 2500//2500 2660//2660 2506//2506
f 2499//2499 2500//2500 2506//2506
f 2499//2499 2506//2506 2585//2585
f 2499//2499 2585//2585 2584//2584
f 2498//2498 2499//2499 2584//2584
f 2498//2498 2584//2584 2425//2425
f 2504//2504 2425//2425 2505//2505
f 2581//2581 2424//2424 2504//2504
f 2424//2424 2581//2581 2332//2332
f 2581//2581 2508//2508 2332//2332
f 2332//2332 2508//2508 2503//2503
f 2503//2503 2423//2423 2332//2332
f 2423//2423 2503//2503 2580//2580
f 2416//2416 2423//2423 2580//2580
f 2579//2579 2416//2416 2580//2580
f 2322//2322 2578//2578 2210//2210
f 2210//2210 2578//2578 2422//2422
f 2578//2578 2502//2502 2422//2422
f 2501//2501 2420//2420 2421//2421
f 2500//2500 2499//2499 2414//2414
f 2499//2499 2498//2498 2419//2419
f 2498//2498 2328//2328 2419//2419
f 2496//2496 2412//2412 2416//2416
f 2497//2497 2415//2415 2411//2411
f 2578//2578 2415//2415 2497//2497
f 2322//2322 2415//2415 2578//2578
f 2412//2412 2496//2496 2409//2409
f 2575//2575 2409//2409 2496//2496
f 2411//2411 2410//2410 2497//2497
f 2410//2410 2494//2494 2497//2497
f 2497//2497 2494//2494 2495//2495
f 2409//2409 2575//2575 2493//2493
f 2410//2410 2411//2411 2494//2494
f 2409//2409 2493//2493 2492//2492
f 2409//2409 2492//2492 2408//2408
f 2493//2493 2408//2408 2492//2492
f 2411//2411 2491//2491 2494//2494
f 2493//2493 2489//2489 2408//2408
f 2490//2490 2491//2491 2407//2407
f 2406//2406 2490//2490 2407//2407
f 2490//2490 2406//2406 2405//2405
f 2405//2405 2488//2488 2490//2490
f 2569//2569 2404//2404 2489//2489
f 2405//2405 2403//2403 2488//2488
f 2487//2487 2485//2485 2569//2569
f 2311//2311 2488//2488 2403//2403
f 2311//2311 2184//2184 2401//2401
f 2485//2485 2487//2487 2568//2568
f 2563//2563 2402//2402 2568//2568
f 2568//2568 2402//2402 2485//2485
f 2401//2401 2400//2400 2486//2486
f 2646//2646 2400//2400 2398//2398
f 2486//2486 2400//2400 2646//2646
f 2484//2484 2646//2646 2398//2398
f 2563//2563 2482//2482 2305//2305
f 2483//2483 2482//2482 2563//2563
f 2400//2400 2308//2308 2398//2398
f 2562//2562 2398//2398 2481//2481
f 2484//2484 2398//2398 2562//2562
f 2561//2561 2562//2562 2481//2481
f 2561//2561 2481//2481 2473//2473
f 2470//2470 2393//2393 2550//2550
f 2550//2550 2393//2393 2483//2483
f 2483//2483 2393//2393 2482//2482
f 2561//2561 2473//2473 2480//2480
f 2480//2480 2473//2473 2479//2479
f 2478//2478 2479//2479 2477//2477
f 2475//2475 2476//2476 2469//2469
f 2470//2470 2550//2550 2474//2474
f 2395//2395 2479//2479 2473//2473
f 2395//2395 2477//2477 2479//2479
f 2394//2394 2476//2476 2477//2477
f 2394//2394 2469//2469 2476//2476
f 2475//2475 2469//2469 2472//2472
f 2472//2472 2469//2469 2390//2390
f 2556//2556 2472//2472 2390//2390
f 2556//2556 2390//2390 2549//2549
f 2468//2468 2474//2474 2471//2471
f 2470//2470 2474//2474 2466//2466
f 2474//2474 2468//2468 2466//2466
f 2466//2466 2382//2382 2470//2470
f 2470//2470 2382//2382 2393//2393
f 2387//2387 2390//2390 2469//2469
f 2549//2549 2467//2467 2471//2471
f 2549//2549 2385//2385 2467//2467
f 2390//2390 2385//2385 2549//2549
f 2471//2471 2467//2467 2384//2384
f 2468//2468 2471//2471 2466//2466
f 2471//2471 2384//2384 2466//2466
f 2385//2385 2384//2384 2467//2467
f 2384//2384 2465//2465 2466//2466
f 2384//2384 2380//2380 2465//2465
f 2466//2466 2465//2465 2379//2379
f 2466//2466 2379//2379 2383//2383
f 2380//2380 2379//2379 2465//2465
f 2372//2372 2373//2373 2460//2460
f 2372//2372 2457//2457 2375//2375
f 2375//2375 2457//2457 2464//2464
f 2464//2464 2463//2463 2374//2374
f 2464//2464 2374//2374 2375//2375
f 2374//2374 2463//2463 2462//2462
f 2365//2365 2452//2452 2373//2373
f 2373//2373 2452//2452 2461//2461
f 2461//2461 2459//2459 2460//2460
f 2461//2461 2460//2460 2373//2373
f 2459//2459 2458//2458 2372//2372
f 2459//2459 2372//2372 2460//2460
f 2458//2458 2457//2457 2372//2372
f 2464//2464 2457//2457 2458//2458
f 2463//2463 2546//2546 2462//2462
f 2546//2546 2456//2456 2369//2369
f 2546//2546 2369//2369 2462//2462
f 2456//2456 2454//2454 2368//2368
f 2456//2456 2368//2368 2369//2369
f 2454//2454 2455//2455 2368//2368
f 2539//2539 2451//2451 2454//2454
f 2454//2454 2451//2451 2455//2455
f 2359//2359 2536//2536 2362//2362
f 2536//2536 2367//2367 2362//2362
f 2367//2367 2453//2453 2366//2366
f 2453//2453 2543//2543 2365//2365
f 2453//2453 2365//2365 2366//2366
f 2543//2543 2452//2452 2365//2365
f 2461//2461 2452//2452 2543//2543
f 2539//2539 2450//2450 2451//2451
f 2450//2450 2449//2449 2451//2451
f 2446//2446 2449//2449 2534//2534
f 2449//2449 2446//2446 2239//2239
f 2358//2358 2445//2445 2360//2360
f 2360//2360 2445//2445 2447//2447
f 2447//2447 2445//2445 2448//2448
f 2360//2360 2447//2447 2448//2448
f 2446//2446 2534//2534 2355//2355
f 2351//2351 2613//2613 2356//2356
f 2613//2613 2619//2619 2356//2356
f 2619//2619 2445//2445 2356//2356
f 2356//2356 2445//2445 2358//2358
f 2534//2534 2444//2444 2355//2355
f 2353//2353 2444//2444 2612//2612
f 2351//2351 2352//2352 2442//2442
f 2612//2612 2443//2443 2353//2353
f 2353//2353 2529//2529 2350//2350
f 2353//2353 2443//2443 2529//2529
f 2352//2352 2441//2441 2442//2442
f 2529//2529 2440//2440 2350//2350
f 2352//2352 2439//2439 2441//2441
f 2352//2352 2349//2349 2439//2439
f 2608//2608 2438//2438 2440//2440
f 2349//2349 2523//2523 2439//2439
f 2349//2349 2347//2347 2523//2523
f 2437//2437 2523//2523 2347//2347
f 2521//2521 2346//2346 2436//2436
f 2344//2344 2435//2435 2345//2345
f 2435//2435 2344//2344 2346//2346
f 2434//2434 2067//2067 2221//2221
f 2434//2434 2221//2221 2431//2431
f 2343//2343 2432//2432 2433//2433
f 2433//2433 2432//2432 2345//2345
f 2431//2431 2221//2221 2336//2336
f 2431//2431 2336//2336 2335//2335
f 2342//2342 2511//2511 2219//2219
f 2342//2342 2217//2217 2595//2595
f 2430//2430 2339//2339 2429//2429
f 2429//2429 2338//2338 2518//2518
f 2338//2338 2223//2223 2343//2343
f 2428//2428 2334//2334 2509//2509
f 2509//2509 2334//2334 2427//2427
f 2427//2427 2333//2333 2515//2515
f 2515//2515 2333//2333 2514//2514
f 2514//2514 2219//2219 2511//2511
f 2422//2422 2426//2426 2421//2421
f 2418//2418 2498//2498 2425//2425
f 2418//2418 2425//2425 2504//2504
f 2504//2504 2424//2424 2332//2332
f 2326//2326 2504//2504 2332//2332
f 2423//2423 2417//2417 2332//2332
f 2416//2416 2417//2417 2423//2423
f 2422//2422 2331//2331 2210//2210
f 2422//2422 2330//2330 2331//2331
f 2330//2330 2422//2422 2420//2420
f 2420//2420 2422//2422 2421//2421
f 2501//2501 2330//2330 2420//2420
f 2500//2500 2414//2414 2501//2501
f 2413//2413 2414//2414 2499//2499
f 2329//2329 2499//2499 2419//2419
f 2329//2329 2413//2413 2499//2499
f 2328//2328 2498//2498 2208//2208
f 2208//2208 2498//2498 2418//2418
f 2504//2504 2327//2327 2418//2418
f 2504//2504 2326//2326 2327//2327
f 2417//2417 2416//2416 2324//2324
f 2417//2417 2324//2324 2325//2325
f 2323//2323 2324//2324 2416//2416
f 2317//2317 2323//2323 2416//2416
f 2412//2412 2317//2317 2416//2416
f 2322//2322 2411//2411 2415//2415
f 2414//2414 2413//2413 2319//2319
f 2414//2414 2319//2319 2202//2202
f 2413//2413 2201//2201 2319//2319
f 2322//2322 2316//2316 2411//2411
f 2412//2412 2409//2409 2191//2191
f 2191//2191 2409//2409 2408//2408
f 2314//2314 2191//2191 2408//2408
f 2315//2315 2405//2405 2411//2411
f 2405//2405 2407//2407 2411//2411
f 2411//2411 2407//2407 2491//2491
f 2405//2405 2406//2406 2407//2407
f 2489//2489 2190//2190 2408//2408
f 2189//2189 2313//2313 2405//2405
f 2489//2489 2404//2404 2190//2190
f 2313//2313 2403//2403 2405//2405
f 2569//2569 2312//2312 2404//2404
f 2311//2311 2403//2403 2313//2313
f 2569//2569 2485//2485 2312//2312
f 2311//2311 2187//2187 2184//2184
f 2402//2402 2563//2563 2399//2399
f 2485//2485 2309//2309 2312//2312
f 2485//2485 2399//2399 2309//2309
f 2402//2402 2399//2399 2485//2485
f 2400//2400 2401//2401 2184//2184
f 2310//2310 2400//2400 2184//2184
f 2305//2305 2309//2309 2563//2563
f 2563//2563 2309//2309 2399//2399
f 2308//2308 2400//2400 2310//2310
f 2308//2308 2306//2306 2398//2398
f 2398//2398 2306//2306 2397//2397
f 2398//2398 2397//2397 2481//2481
f 2482//2482 2393//2393 2305//2305
f 2481//2481 2306//2306 2396//2396
f 2397//2397 2306//2306 2481//2481
f 2473//2473 2481//2481 2396//2396
f 2473//2473 2396//2396 2303//2303
f 2473//2473 2303//2303 2395//2395
f 2393//2393 2389//2389 2305//2305
f 2306//2306 2303//2303 2396//2396
f 2395//2395 2303//2303 2392//2392
f 2477//2477 2395//2395 2392//2392
f 2477//2477 2392//2392 2299//2299
f 2477//2477 2299//2299 2394//2394
f 2469//2469 2394//2394 2391//2391
f 2469//2469 2391//2391 2388//2388
f 2469//2469 2388//2388 2387//2387
f 2389//2389 2393//2393 2382//2382
f 2303//2303 2300//2300 2392//2392
f 2300//2300 2299//2299 2392//2392
f 2299//2299 2298//2298 2394//2394
f 2298//2298 2391//2391 2394//2394
f 2390//2390 2387//2387 2386//2386
f 2390//2390 2386//2386 2385//2385
f 2383//2383 2382//2382 2466//2466
f 2389//2389 2382//2382 2381//2381
f 2389//2389 2381//2381 2292//2292
f 2391//2391 2294//2294 2388//2388
f 2294//2294 2387//2387 2388//2388
f 2286//2286 2378//2378 2386//2386
f 2378//2378 2385//2385 2386//2386
f 2384//2384 2385//2385 2378//2378
f 2384//2384 2378//2378 2380//2380
f 2382//2382 2383//2383 2381//2381
f 2381//2381 2293//2293 2292//2292
f 2387//2387 2290//2290 2386//2386
f 2290//2290 2286//2286 2386//2386
f 2377//2377 2380//2380 2378//2378
f 2379//2379 2380//2380 2377//2377
f 2383//2383 2379//2379 2377//2377
f 2286//2286 2283//2283 2378//2378
f 2377//2377 2378//2378 2376//2376
f 2383//2383 2377//2377 2376//2376
f 2381//2381 2383//2383 2278//2278
f 2383//2383 2376//2376 2278//2278
f 2278//2278 2277//2277 2381//2381
f 2283//2283 2281//2281 2378//2378
f 2378//2378 2281//2281 2376//2376
f 2279//2279 2278//2278 2376//2376
f 2281//2281 2280//2280 2376//2376
f 2280//2280 2279//2279 2376//2376
f 2257//2257 2371//2371 2265//2265
f 2265//2265 2371//2371 2375//2375
f 2375//2375 2374//2374 2264//2264
f 2375//2375 2264//2264 2265//2265
f 2374//2374 2262//2262 2264//2264
f 2262//2262 2374//2374 2370//2370
f 2370//2370 2374//2374 2462//2462
f 2254//2254 2262//2262 2370//2370
f 2252//2252 2364//2364 2259//2259
f 2259//2259 2364//2364 2373//2373
f 2373//2373 2372//2372 2258//2258
f 2373//2373 2258//2258 2259//2259
f 2372//2372 2257//2257 2258//2258
f 2372//2372 2371//2371 2257//2257
f 2375//2375 2371//2371 2372//2372
f 2462//2462 2369//2369 2370//2370
f 2369//2369 2368//2368 2254//2254
f 2369//2369 2254//2254 2370//2370
f 2455//2455 2363//2363 2368//2368
f 2368//2368 2363//2363 2250//2250
f 2368//2368 2250//2250 2254//2254
f 2247//2247 2248//2248 2361//2361
f 2247//2247 2367//2367 2246//2246
f 2361//2361 2367//2367 2247//2247
f 2367//2367 2366//2366 2246//2246
f 2366//2366 2253//2253 2246//2246
f 2366//2366 2365//2365 2252//2252
f 2366//2366 2252//2252 2253//2253
f 2365//2365 2364//2364 2252//2252
f 2373//2373 2364//2364 2365//2365
f 2455//2455 2451//2451 2363//2363
f 2245//2245 2244//2244 2451//2451
f 2451//2451 2244//2244 2363//2363
f 2243//2243 2359//2359 2248//2248
f 2248//2248 2359//2359 2362//2362
f 2362//2362 2361//2361 2248//2248
f 2367//2367 2361//2361 2362//2362
f 2451//2451 2449//2449 2245//2245
f 2245//2245 2449//2449 2239//2239
f 2357//2357 2360//2360 2241//2241
f 2360//2360 2359//2359 2241//2241
f 2241//2241 2359//2359 2243//2243
f 2446//2446 2355//2355 2239//2239
f 2237//2237 2238//2238 2357//2357
f 2357//2357 2238//2238 2358//2358
f 2360//2360 2357//2357 2358//2358
f 2351//2351 2238//2238 2236//2236
f 2356//2356 2238//2238 2351//2351
f 2358//2358 2238//2238 2356//2356
f 2355//2355 2444//2444 2354//2354
f 2354//2354 2353//2353 2235//2235
f 2354//2354 2444//2444 2353//2353
f 2236//2236 2073//2073 2351//2351
f 2353//2353 2233//2233 2235//2235
f 1889//1889 2352//2352 2234//2234
f 2351//2351 2073//2073 2234//2234
f 2351//2351 2234//2234 2352//2352
f 2353//2353 2350//2350 2233//2233
f 1889//1889 2232//2232 2352//2352
f 2232//2232 2349//2349 2352//2352
f 2438//2438 2231//2231 2440//2440
f 2232//2232 2230//2230 2349//2349
f 2438//2438 2348//2348 2231//2231
f 2230//2230 2347//2347 2349//2349
f 2226//2226 2437//2437 2068//2068
f 2437//2437 2347//2347 2068//2068
f 2068//2068 2347//2347 2230//2230
f 2344//2344 2228//2228 2436//2436
f 2346//2346 2344//2344 2436//2436
f 2226//2226 2434//2434 2437//2437
f 2065//2065 2345//2345 2432//2432
f 2345//2345 2225//2225 2344//2344
f 2226//2226 2067//2067 2434//2434
f 2220//2220 2221//2221 2067//2067
f 2224//2224 2223//2223 2337//2337
f 2223//2223 2222//2222 2343//2343
f 2343//2343 2222//2222 2432//2432
f 2057//2057 2216//2216 2221//2221
f 2221//2221 2216//2216 2336//2336
f 2219//2219 2218//2218 2342//2342
f 2342//2342 2218//2218 2217//2217
f 2217//2217 2341//2341 2595//2595
f 2341//2341 2430//2430 2595//2595
f 2340//2340 2339//2339 2430//2430
f 2341//2341 2340//2340 2430//2430
f 2337//2337 2338//2338 2429//2429
f 2339//2339 2337//2337 2429//2429
f 2338//2338 2337//2337 2223//2223
f 2216//2216 2335//2335 2336//2336
f 2335//2335 2215//2215 2428//2428
f 2335//2335 2216//2216 2215//2215
f 2334//2334 2213//2213 2427//2427
f 2427//2427 2211//2211 2333//2333
f 2427//2427 2213//2213 2211//2211
f 2211//2211 2514//2514 2333//2333
f 2211//2211 2054//2054 2514//2514
f 2514//2514 2054//2054 2219//2219
f 2325//2325 2326//2326 2332//2332
f 2417//2417 2325//2325 2332//2332
f 2321//2321 2322//2322 2210//2210
f 2209//2209 2210//2210 2331//2331
f 2330//2330 2209//2209 2331//2331
f 2501//2501 2203//2203 2330//2330
f 2320//2320 2203//2203 2501//2501
f 2414//2414 2320//2320 2501//2501
f 2318//2318 2413//2413 2329//2329
f 2318//2318 2329//2329 2419//2419
f 2318//2318 2419//2419 2328//2328
f 2327//2327 2198//2198 2418//2418
f 2326//2326 2198//2198 2327//2327
f 2198//2198 2326//2326 2207//2207
f 2207//2207 2326//2326 2325//2325
f 2324//2324 2207//2207 2325//2325
f 2322//2322 2206//2206 2196//2196
f 2321//2321 2206//2206 2322//2322
f 2210//2210 2206//2206 2321//2321
f 2202//2202 2320//2320 2414//2414
f 2201//2201 2413//2413 2318//2318
f 2318//2318 2328//2328 2200//2200
f 2317//2317 2412//2412 2197//2197
f 2193//2193 2197//2197 2412//2412
f 2191//2191 2193//2193 2412//2412
f 2411//2411 2316//2316 2192//2192
f 2322//2322 2196//2196 2192//2192
f 2322//2322 2192//2192 2316//2316
f 2192//2192 2315//2315 2411//2411
f 2190//2190 2036//2036 2191//2191
f 2314//2314 2190//2190 2191//2191
f 2192//2192 2405//2405 2315//2315
f 2192//2192 2189//2189 2405//2405
f 2314//2314 2408//2408 2190//2190
f 2189//2189 2188//2188 2313//2313
f 2188//2188 2311//2311 2313//2313
f 2188//2188 2187//2187 2311//2311
f 2187//2187 2186//2186 2184//2184
f 2309//2309 2181//2181 2312//2312
f 2309//2309 2307//2307 2181//2181
f 2184//2184 2183//2183 2310//2310
f 2310//2310 2183//2183 2308//2308
f 2308//2308 2183//2183 2306//2306
f 2305//2305 2307//2307 2309//2309
f 2307//2307 2305//2305 2181//2181
f 2183//2183 2304//2304 2306//2306
f 2302//2302 2305//2305 2389//2389
f 2305//2305 2302//2302 2181//2181
f 2304//2304 2179//2179 2306//2306
f 2303//2303 2306//2306 2179//2179
f 2303//2303 2179//2179 2301//2301
f 2177//2177 2176//2176 2179//2179
f 2179//2179 2300//2300 2301//2301
f 2179//2179 2175//2175 2300//2300
f 2176//2176 2175//2175 2179//2179
f 2300//2300 2303//2303 2301//2301
f 2299//2299 2300//2300 2297//2297
f 2299//2299 2297//2297 2296//2296
f 2298//2298 2299//2299 2296//2296
f 2391//2391 2298//2298 2296//2296
f 2391//2391 2296//2296 2295//2295
f 2389//2389 2292//2292 2302//2302
f 2175//2175 2174//2174 2300//2300
f 2300//2300 2172//2172 2297//2297
f 2174//2174 2172//2172 2300//2300
f 2297//2297 2171//2171 2296//2296
f 2295//2295 2296//2296 2291//2291
f 2291//2291 2294//2294 2295//2295
f 2295//2295 2294//2294 2391//2391
f 2294//2294 2291//2291 2290//2290
f 2294//2294 2290//2290 2387//2387
f 2289//2289 2292//2292 2293//2293
f 2292//2292 2289//2289 2302//2302
f 2172//2172 2171//2171 2297//2297
f 2169//2169 2296//2296 2171//2171
f 2169//2169 2291//2291 2296//2296
f 2291//2291 2167//2167 2288//2288
f 2170//2170 2167//2167 2291//2291
f 2290//2290 2291//2291 2287//2287
f 2291//2291 2288//2288 2287//2287
f 2286//2286 2290//2290 2287//2287
f 2286//2286 2287//2287 2282//2282
f 2289//2289 2293//2293 2381//2381
f 2285//2285 2166//2166 2289//2289
f 2288//2288 2164//2164 2287//2287
f 2282//2282 2287//2287 2284//2284
f 2287//2287 2164//2164 2284//2284
f 2286//2286 2282//2282 2283//2283
f 2277//2277 2289//2289 2381//2381
f 2289//2289 2277//2277 2285//2285
f 2162//2162 2284//2284 2164//2164
f 2284//2284 2158//2158 2282//2282
f 2162//2162 2158//2158 2284//2284
f 2158//2158 2281//2281 2282//2282
f 2282//2282 2281//2281 2283//2283
f 2275//2275 2277//2277 2278//2278
f 2277//2277 2161//2161 2285//2285
f 2157//2157 2161//2161 2277//2277
f 2281//2281 2158//2158 2276//2276
f 2276//2276 2280//2280 2281//2281
f 2279//2279 2280//2280 2276//2276
f 2275//2275 2278//2278 2276//2276
f 2276//2276 2278//2278 2279//2279
f 2277//2277 2275//2275 2157//2157
f 2154//2154 2153//2153 2158//2158
f 2158//2158 2274//2274 2276//2276
f 2158//2158 2151//2151 2274//2274
f 2153//2153 2151//2151 2158//2158
f 2275//2275 2276//2276 2273//2273
f 2276//2276 2274//2274 2273//2273
f 2275//2275 2273//2273 2270//2270
f 2270//2270 2150//2150 2275//2275
f 2274//2274 2151//2151 2272//2272
f 2274//2274 2272//2272 2271//2271
f 2273//2273 2274//2274 2270//2270
f 2274//2274 2271//2271 2270//2270
f 2151//2151 2142//2142 2272//2272
f 2143//2143 2142//2142 2151//2151
f 2270//2270 2271//2271 2269//2269
f 2269//2269 2141//2141 2270//2270
f 2142//2142 2138//2138 2272//2272
f 2271//2271 2272//2272 2268//2268
f 2271//2271 2268//2268 2269//2269
f 2138//2138 2133//2133 2272//2272
f 2272//2272 2132//2132 2268//2268
f 2133//2133 2132//2132 2272//2272
f 2269//2269 2268//2268 2267//2267
f 2267//2267 2128//2128 2269//2269
f 2132//2132 2267//2267 2268//2268
f 2110//2110 2111//2111 2103//2103
f 2106//2106 2107//2107 2266//2266
f 2111//2111 2106//2106 2266//2266
f 2103//2103 2111//2111 2263//2263
f 2096//2096 2103//2103 2260//2260
f 2097//2097 2098//2098 2107//2107
f 2107//2107 2256//2256 2266//2266
f 2256//2256 2265//2265 2266//2266
f 2265//2265 2264//2264 2111//2111
f 2265//2265 2111//2111 2266//2266
f 2264//2264 2262//2262 2263//2263
f 2264//2264 2263//2263 2111//2111
f 2262//2262 2261//2261 2103//2103
f 2262//2262 2103//2103 2263//2263
f 2260//2260 2103//2103 2255//2255
f 2103//2103 2261//2261 2255//2255
f 2255//2255 2261//2261 2262//2262
f 2095//2095 2260//2260 2255//2255
f 2255//2255 2089//2089 2095//2095
f 2091//2091 2251//2251 2100//2100
f 2100//2100 2251//2251 2259//2259
f 2259//2259 2258//2258 2098//2098
f 2259//2259 2098//2098 2100//2100
f 2258//2258 2257//2257 2107//2107
f 2258//2258 2107//2107 2098//2098
f 2257//2257 2256//2256 2107//2107
f 2265//2265 2256//2256 2257//2257
f 2262//2262 2254//2254 2255//2255
f 2254//2254 2250//2250 2255//2255
f 2255//2255 2250//2250 2249//2249
f 2255//2255 2249//2249 2089//2089
f 2088//2088 2247//2247 2093//2093
f 2093//2093 2247//2247 2253//2253
f 2253//2253 2252//2252 2091//2091
f 2253//2253 2091//2091 2093//2093
f 2252//2252 2251//2251 2091//2091
f 2259//2259 2251//2251 2252//2252
f 2250//2250 2363//2363 2249//2249
f 2245//2245 2249//2249 2363//2363
f 2085//2085 2248//2248 2084//2084
f 2242//2242 2248//2248 2085//2085
f 2248//2248 2247//2247 2084//2084
f 2084//2084 2247//2247 2088//2088
f 2253//2253 2247//2247 2246//2246
f 2363//2363 2244//2244 2245//2245
f 2085//2085 2080//2080 2240//2240
f 2085//2085 2240//2240 2242//2242
f 2242//2242 2240//2240 2243//2243
f 2248//2248 2242//2242 2243//2243
f 2245//2245 2239//2239 2079//2079
f 2237//2237 2357//2357 2081//2081
f 2076//2076 2237//2237 2081//2081
f 2357//2357 2241//2241 2081//2081
f 2241//2241 2240//2240 2081//2081
f 2081//2081 2240//2240 2080//2080
f 2243//2243 2240//2240 2241//2241
f 2239//2239 2355//2355 2079//2079
f 2079//2079 2074//2074 2077//2077
f 2073//2073 2238//2238 2075//2075
f 2237//2237 2076//2076 2075//2075
f 2237//2237 2075//2075 2238//2238
f 2355//2355 2354//2354 2079//2079
f 2079//2079 2354//2354 2074//2074
f 2073//2073 2236//2236 2238//2238
f 2354//2354 2235//2235 2074//2074
f 2073//2073 2072//2072 2234//2234
f 2350//2350 1709//1709 2233//2233
f 2350//2350 2440//2440 1709//1709
f 2231//2231 2069//2069 2440//2440
f 2071//2071 2230//2230 2232//2232
f 2348//2348 2069//2069 2231//2231
f 2348//2348 1706//1706 2069//2069
f 2229//2229 1706//1706 2348//2348
f 2068//2068 2230//2230 1885//1885
f 1885//1885 2230//2230 2071//2071
f 2228//2228 2227//2227 2229//2229
f 2436//2436 2228//2228 2229//2229
f 2436//2436 2229//2229 2348//2348
f 2225//2225 2066//2066 2227//2227
f 2344//2344 2225//2225 2227//2227
f 2344//2344 2227//2227 2228//2228
f 2067//2067 2226//2226 2068//2068
f 2065//2065 2432//2432 1879//1879
f 1879//1879 2432//2432 2060//2060
f 2065//2065 2066//2066 2345//2345
f 2345//2345 2066//2066 2225//2225
f 2064//2064 2058//2058 2220//2220
f 2063//2063 2341//2341 2053//2053
f 2341//2341 2063//2063 2340//2340
f 2340//2340 2062//2062 2339//2339
f 2339//2339 2062//2062 2337//2337
f 2224//2224 2060//2060 2223//2223
f 2060//2060 2222//2222 2223//2223
f 2222//2222 2060//2060 2432//2432
f 2221//2221 2058//2058 2057//2057
f 2220//2220 2058//2058 2221//2221
f 2057//2057 2056//2056 2216//2216
f 2055//2055 2054//2054 2211//2211
f 2054//2054 2218//2218 2219//2219
f 2218//2218 2053//2053 2217//2217
f 2217//2217 2053//2053 2341//2341
f 2056//2056 2215//2215 2216//2216
f 2056//2056 2428//2428 2215//2215
f 2214//2214 2334//2334 2428//2428
f 2056//2056 2214//2214 2428//2428
f 2212//2212 2213//2213 2334//2334
f 2214//2214 2212//2212 2334//2334
f 2212//2212 2211//2211 2213//2213
f 2205//2205 2210//2210 2209//2209
f 2205//2205 2209//2209 2330//2330
f 2204//2204 2205//2205 2330//2330
f 2204//2204 2330//2330 2203//2203
f 2199//2199 2328//2328 2208//2208
f 2199//2199 2208//2208 2418//2418
f 2049//2049 2198//2198 2207//2207
f 2048//2048 2207//2207 2324//2324
f 2048//2048 2049//2049 2207//2207
f 2323//2323 2048//2048 2324//2324
f 2039//2039 2048//2048 2323//2323
f 2317//2317 2039//2039 2323//2323
f 1870//1870 2206//2206 2210//2210
f 2205//2205 1870//1870 2210//2210
f 2205//2205 2204//2204 2052//2052
f 2051//2051 2204//2204 2320//2320
f 2320//2320 2204//2204 2203//2203
f 2320//2320 2047//2047 2051//2051
f 2195//2195 2047//2047 2320//2320
f 2195//2195 2320//2320 2202//2202
f 2202//2202 2319//2319 2201//2201
f 2043//2043 2202//2202 2201//2201
f 2043//2043 2201//2201 2318//2318
f 2194//2194 2043//2043 2318//2318
f 2041//2041 2194//2194 2318//2318
f 2318//2318 2200//2200 2040//2040
f 2200//2200 2328//2328 2040//2040
f 2040//2040 2328//2328 2199//2199
f 2418//2418 2198//2198 2199//2199
f 2198//2198 2049//2049 2050//2050
f 2198//2198 2050//2050 2199//2199
f 2193//2193 2039//2039 2197//2197
f 2197//2197 2039//2039 2317//2317
f 2196//2196 2037//2037 2192//2192
f 2195//2195 2202//2202 2045//2045
f 2202//2202 2044//2044 2045//2045
f 2202//2202 2043//2043 2044//2044
f 2043//2043 2194//2194 2041//2041
f 2043//2043 2041//2041 2042//2042
f 2193//2193 2038//2038 2039//2039
f 2036//2036 2193//2193 2191//2191
f 2038//2038 2193//2193 2036//2036
f 2192//2192 2037//2037 2034//2034
f 2190//2190 2033//2033 2036//2036
f 2192//2192 1855//1855 2189//2189
f 2192//2192 2034//2034 1855//1855
f 2190//2190 2032//2032 2033//2033
f 1855//1855 2188//2188 2189//2189
f 2190//2190 2404//2404 2032//2032
f 2312//2312 2029//2029 2404//2404
f 2030//2030 2187//2187 2188//2188
f 1849//1849 2187//2187 2030//2030
f 2187//2187 1849//1849 1848//1848
f 2187//2187 1848//1848 2186//2186
f 2185//2185 2029//2029 2312//2312
f 2185//2185 2312//2312 2181//2181
f 2029//2029 2185//2185 2028//2028
f 1848//1848 2184//2184 2186//2186
f 1848//1848 1846//1846 2184//2184
f 2182//2182 2185//2185 2181//2181
f 1846//1846 2183//2183 2184//2184
f 2178//2178 2183//2183 1846//1846
f 2180//2180 2182//2182 2181//2181
f 2183//2183 2178//2178 2304//2304
f 2304//2304 2178//2178 2179//2179
f 2302//2302 2027//2027 2181//2181
f 2181//2181 2027//2027 2180//2180
f 2178//2178 2177//2177 2179//2179
f 2302//2302 2023//2023 2027//2027
f 2177//2177 2026//2026 2176//2176
f 2026//2026 2174//2174 2176//2176
f 2175//2175 2176//2176 2174//2174
f 2174//2174 2173//2173 2172//2172
f 2302//2302 2289//2289 2023//2023
f 2289//2289 2021//2021 2023//2023
f 2174//2174 2022//2022 2173//2173
f 2173//2173 2022//2022 2172//2172
f 2171//2171 2172//2172 2169//2169
f 2291//2291 2169//2169 2168//2168
f 2291//2291 2168//2168 2170//2170
f 2289//2289 2166//2166 2021//2021
f 2019//2019 2172//2172 2022//2022
f 2172//2172 2020//2020 2169//2169
f 2019//2019 2020//2020 2172//2172
f 2170//2170 2168//2168 2165//2165
f 2165//2165 2167//2167 2170//2170
f 2288//2288 2167//2167 2165//2165
f 2288//2288 2165//2165 2163//2163
f 2288//2288 2163//2163 2164//2164
f 2285//2285 2160//2160 2166//2166
f 2020//2020 2018//2018 2169//2169
f 2018//2018 2168//2168 2169//2169
f 2017//2017 2165//2165 2168//2168
f 2018//2018 2017//2017 2168//2168
f 2165//2165 2017//2017 2156//2156
f 2165//2165 2156//2156 2163//2163
f 2159//2159 2164//2164 2163//2163
f 2162//2162 2164//2164 2159//2159
f 2162//2162 2159//2159 2158//2158
f 2161//2161 2157//2157 2285//2285
f 2285//2285 2157//2157 2160//2160
f 2017//2017 2011//2011 2156//2156
f 2159//2159 2163//2163 2155//2155
f 2163//2163 2156//2156 2155//2155
f 2158//2158 2159//2159 2155//2155
f 2154//2154 2158//2158 2155//2155
f 2152//2152 2157//2157 2275//2275
f 2007//2007 2008//2008 2156//2156
f 2011//2011 2007//2007 2156//2156
f 2155//2155 2153//2153 2154//2154
f 2145//2145 2152//2152 2275//2275
f 2145//2145 2275//2275 2150//2150
f 2156//2156 2008//2008 2148//2148
f 2155//2155 2156//2156 2147//2147
f 2156//2156 2148//2148 2147//2147
f 2153//2153 2155//2155 2146//2146
f 2155//2155 2147//2147 2146//2146
f 2151//2151 2153//2153 2146//2146
f 2145//2145 2150//2150 2137//2137
f 2137//2137 2150//2150 2270//2270
f 2009//2009 2144//2144 2149//2149
f 2008//2008 2001//2001 2148//2148
f 2004//2004 2001//2001 2008//2008
f 2148//2148 2001//2001 2147//2147
f 2146//2146 2147//2147 2143//2143
f 2147//2147 1999//1999 2143//2143
f 2146//2146 2143//2143 2151//2151
f 2137//2137 2270//2270 2141//2141
f 2145//2145 2137//2137 2140//2140
f 2140//2140 1826//1826 2145//2145
f 2144//2144 1998//1998 2135//2135
f 2144//2144 2135//2135 2002//2002
f 2000//2000 2147//2147 2001//2001
f 2000//2000 1999//1999 2147//2147
f 1999//1999 2139//2139 2143//2143
f 2139//2139 2138//2138 2143//2143
f 2138//2138 2142//2142 2143//2143
f 2137//2137 2141//2141 2269//2269
f 2140//2140 2137//2137 2136//2136
f 2140//2140 2136//2136 1826//1826
f 2135//2135 1998//1998 2125//2125
f 1998//1998 1995//1995 2125//2125
f 2138//2138 2139//2139 2133//2133
f 2139//2139 2134//2134 2133//2133
f 2128//2128 2137//2137 2269//2269
f 2137//2137 2128//2128 2131//2131
f 2136//2136 2137//2137 2127//2127
f 2137//2137 2131//2131 2127//2127
f 2125//2125 1990//1990 2135//2135
f 1986//1986 2134//2134 2139//2139
f 2133//2133 2134//2134 2130//2130
f 2130//2130 2129//2129 2133//2133
f 2129//2129 2132//2132 2133//2133
f 2267//2267 2132//2132 2129//2129
f 2129//2129 2128//2128 2267//2267
f 2131//2131 2128//2128 2127//2127
f 1995//1995 1985//1985 2125//2125
f 2125//2125 1985//1985 2126//2126
f 2125//2125 1980//1980 1990//1990
f 1986//1986 1987//1987 2134//2134
f 2134//2134 1987//1987 2130//2130
f 2129//2129 2130//2130 2124//2124
f 2128//2128 2129//2129 2124//2124
f 2127//2127 2128//2128 1978//1978
f 2128//2128 2124//2124 1978//1978
f 2127//2127 1978//1978 1992//1992
f 2125//2125 2126//2126 1980//1980
f 2126//2126 1985//1985 1980//1980
f 1979//1979 1974//1974 1987//1987
f 1987//1987 1974//1974 2120//2120
f 2130//2130 1987//1987 2120//2120
f 2130//2130 2120//2120 2123//2123
f 2124//2124 2130//2130 2123//2123
f 2124//2124 2123//2123 2122//2122
f 2124//2124 2122//2122 2121//2121
f 1978//1978 2124//2124 2121//2121
f 1981//1981 1980//1980 1985//1985
f 1982//1982 1981//1981 1985//1985
f 1974//1974 1975//1975 2120//2120
f 2121//2121 2122//2122 2119//2119
f 2121//2121 2119//2119 1978//1978
f 1975//1975 1963//1963 2120//2120
f 2123//2123 2120//2120 2118//2118
f 2122//2122 2123//2123 2118//2118
f 2122//2122 2118//2118 2117//2117
f 2119//2119 2122//2122 2117//2117
f 2119//2119 2117//2117 2116//2116
f 2116//2116 1970//1970 2119//2119
f 1963//1963 2118//2118 2120//2120
f 2117//2117 2113//2113 2116//2116
f 2118//2118 1963//1963 2114//2114
f 2117//2117 2118//2118 2114//2114
f 2117//2117 2114//2114 2115//2115
f 2117//2117 2115//2115 2113//2113
f 2116//2116 2113//2113 1956//1956
f 1963//1963 1961//1961 2114//2114
f 2115//2115 2114//2114 2113//2113
f 1960//1960 1956//1956 2113//2113
f 1961//1961 1953//1953 2114//2114
f 2114//2114 1953//1953 2112//2112
f 2113//2113 2114//2114 1950//1950
f 2114//2114 2112//2112 1950//1950
f 2113//2113 1950//1950 1960//1960
f 1951//1951 2112//2112 1953//1953
f 1951//1951 1950//1950 2112//2112
f 2109//2109 1916//1916 1927//1927
f 2109//2109 1923//1923 1918//1918
f 1927//1927 1923//1923 2109//2109
f 2109//2109 1918//1918 2110//2110
f 2109//2109 1915//1915 1916//1916
f 1918//1918 2108//2108 2105//2105
f 1918//1918 1919//1919 2108//2108
f 2105//2105 2111//2111 1918//1918
f 2111//2111 2110//2110 1918//1918
f 2104//2104 2110//2110 2103//2103
f 2109//2109 2110//2110 2102//2102
f 2110//2110 2104//2104 2102//2102
f 2102//2102 1915//1915 2109//2109
f 1912//1912 1914//1914 2101//2101
f 1912//1912 2101//2101 1920//1920
f 1920//1920 2099//2099 1919//1919
f 1919//1919 2107//2107 2108//2108
f 2107//2107 2106//2106 2105//2105
f 2107//2107 2105//2105 2108//2108
f 2111//2111 2105//2105 2106//2106
f 2103//2103 2096//2096 2102//2102
f 2103//2103 2102//2102 2104//2104
f 2094//2094 2102//2102 2096//2096
f 2094//2094 2089//2089 2102//2102
f 1909//1909 1906//1906 1914//1914
f 1908//1908 1909//1909 1914//1914
f 2101//2101 1914//1914 2090//2090
f 1914//1914 2092//2092 2090//2090
f 2101//2101 2090//2090 1920//1920
f 2090//2090 2100//2100 1920//1920
f 2100//2100 2098//2098 2099//2099
f 2100//2100 2099//2099 1920//1920
f 2098//2098 2097//2097 1919//1919
f 2098//2098 1919//1919 2099//2099
f 2107//2107 1919//1919 2097//2097
f 2260//2260 2095//2095 2096//2096
f 2095//2095 2094//2094 2096//2096
f 2094//2094 2095//2095 2089//2089
f 1906//1906 2087//2087 1914//1914
f 2087//2087 2093//2093 1914//1914
f 2093//2093 2091//2091 2092//2092
f 2093//2093 2092//2092 1914//1914
f 2091//2091 2090//2090 2092//2092
f 2100//2100 2090//2090 2091//2091
f 2249//2249 2086//2086 2089//2089
f 2089//2089 2086//2086 1904//1904
f 1902//1902 1903//1903 2083//2083
f 1902//1902 2083//2083 1906//1906
f 1906//1906 2083//2083 2088//2088
f 2088//2088 2087//2087 1906//1906
f 2093//2093 2087//2087 2088//2088
f 2086//2086 2245//2245 1900//1900
f 2086//2086 2249//2249 2245//2245
f 2080//2080 2082//2082 1903//1903
f 1903//1903 2082//2082 2085//2085
f 2085//2085 2084//2084 2083//2083
f 2085//2085 2083//2083 1903//1903
f 2088//2088 2083//2083 2084//2084
f 2245//2245 2079//2079 1900//1900
f 1900//1900 2079//2079 1557//1557
f 2079//2079 1897//1897 1557//1557
f 2082//2082 2080//2080 2085//2085
f 2079//2079 2078//2078 1897//1897
f 1896//1896 2075//2075 1899//1899
f 1899//1899 2075//2075 2080//2080
f 2080//2080 2075//2075 2076//2076
f 2080//2080 2076//2076 2081//2081
f 2079//2079 2077//2077 2078//2078
f 2078//2078 2077//2077 2074//2074
f 2073//2073 1896//1896 1894//1894
f 2073//2073 2075//2075 1896//1896
f 1894//1894 2072//2072 2073//2073
f 2074//2074 2235//2235 1893//1893
f 2235//2235 1892//1892 1893//1893
f 2235//2235 2233//2233 1892//1892
f 2233//2233 1890//1890 1892//1892
f 1889//1889 2234//2234 1891//1891
f 2072//2072 1891//1891 2234//2234
f 1709//1709 1890//1890 2233//2233
f 1887//1887 2232//2232 1889//1889
f 2440//2440 1886//1886 1709//1709
f 2071//2071 2232//2232 2070//2070
f 1887//1887 1885//1885 2070//2070
f 1887//1887 2070//2070 2232//2232
f 2440//2440 2069//2069 1886//1886
f 2070//2070 1885//1885 2071//2071
f 1706//1706 2229//2229 1884//1884
f 1885//1885 1883//1883 2068//2068
f 1884//1884 2227//2227 1702//1702
f 2227//2227 1884//1884 2229//2229
f 1883//1883 1699//1699 2068//2068
f 1882//1882 2066//2066 1878//1878
f 1882//1882 1702//1702 2227//2227
f 2066//2066 1882//1882 2227//2227
f 2067//2067 1698//1698 2220//2220
f 1699//1699 1698//1698 2067//2067
f 2068//2068 1699//1699 2067//2067
f 1879//1879 2060//2060 1880//1880
f 1880//1880 2060//2060 2059//2059
f 1879//1879 1878//1878 2066//2066
f 2065//2065 1879//1879 2066//2066
f 1698//1698 2064//2064 2220//2220
f 2064//2064 1877//1877 2058//2058
f 1698//1698 1877//1877 2064//2064
f 1876//1876 2053//2053 1690//1690
f 2053//2053 1689//1689 2063//2063
f 2053//2053 1876//1876 1689//1689
f 2063//2063 2062//2062 2340//2340
f 2061//2061 2337//2337 2062//2062
f 2063//2063 2061//2061 2062//2062
f 2059//2059 2224//2224 2337//2337
f 2061//2061 2059//2059 2337//2337
f 2059//2059 2060//2060 2224//2224
f 1877//1877 2057//2057 2058//2058
f 2057//2057 1874//1874 2056//2056
f 2056//2056 1874//1874 2214//2214
f 2212//2212 1687//1687 2211//2211
f 2212//2212 2214//2214 1687//1687
f 2211//2211 1687//1687 2055//2055
f 2055//2055 1872//1872 2054//2054
f 2054//2054 1692//1692 2218//2218
f 2054//2054 1872//1872 1692//1692
f 1692//1692 1690//1690 2218//2218
f 2218//2218 1690//1690 2053//2053
f 1868//1868 2206//2206 1870//1870
f 2052//2052 1870//1870 2205//2205
f 2204//2204 2051//2051 2052//2052
f 2047//2047 2046//2046 2051//2051
f 2040//2040 2041//2041 2318//2318
f 1863//1863 2040//2040 2199//2199
f 1862//1862 1863//1863 2199//2199
f 1869//1869 1862//1862 2199//2199
f 2050//2050 1861//1861 2199//2199
f 1861//1861 1869//1869 2199//2199
f 2049//2049 1861//1861 2050//2050
f 1861//1861 2049//2049 1860//1860
f 1860//1860 2049//2049 2048//2048
f 2038//2038 1860//1860 2039//2039
f 2039//2039 1860//1860 2048//2048
f 1859//1859 2037//2037 2196//2196
f 2196//2196 2206//2206 1685//1685
f 1868//1868 1685//1685 2206//2206
f 1866//1866 2046//2046 2195//2195
f 2195//2195 2046//2046 2047//2047
f 2045//2045 1866//1866 2195//2195
f 2042//2042 2044//2044 2043//2043
f 1865//1865 2041//2041 2040//2040
f 2040//2040 1863//1863 1864//1864
f 2040//2040 1864//1864 1865//1865
f 2036//2036 2035//2035 2038//2038
f 2035//2035 1672//1672 2038//2038
f 2033//2033 1672//1672 2035//2035
f 2033//2033 2035//2035 2036//2036
f 1859//1859 1855//1855 2037//2037
f 2037//2037 1855//1855 2034//2034
f 2033//2033 1856//1856 1672//1672
f 1854//1854 2033//2033 2032//2032
f 1856//1856 2033//2033 1854//1854
f 1853//1853 2188//2188 1855//1855
f 1853//1853 1851//1851 2188//2188
f 2032//2032 2404//2404 1854//1854
f 2404//2404 2031//2031 1854//1854
f 1851//1851 2030//2030 2188//2188
f 1850//1850 2031//2031 2404//2404
f 1850//1850 2404//2404 2029//2029
f 1851//1851 1849//1849 2030//2030
f 2029//2029 2028//2028 1850//1850
f 1850//1850 2028//2028 1847//1847
f 1848//1848 1849//1849 1663//1663
f 2028//2028 2185//2185 1847//1847
f 2185//2185 2182//2182 1847//1847
f 2180//2180 1844//1844 2182//2182
f 2178//2178 1846//1846 1845//1845
f 1660//1660 2178//2178 1845//1845
f 2178//2178 1660//1660 2177//2177
f 2027//2027 2024//2024 2180//2180
f 1843//1843 2177//2177 1660//1660
f 2025//2025 2177//2177 1843//1843
f 2177//2177 2025//2025 2026//2026
f 2024//2024 2027//2027 2023//2023
f 2026//2026 1843//1843 1841//1841
f 2025//2025 1843//1843 2026//2026
f 2023//2023 1840//1840 2024//2024
f 1839//1839 2022//2022 1841//1841
f 2022//2022 2174//2174 1841//1841
f 1841//1841 2174//2174 2026//2026
f 1839//1839 1838//1838 2022//2022
f 1837//1837 1838//1838 1839//1839
f 2023//2023 2021//2021 1840//1840
f 2019//2019 1838//1838 1836//1836
f 2022//2022 1838//1838 2019//2019
f 2166//2166 2160//2160 2021//2021
f 2021//2021 2160//2160 1834//1834
f 2019//2019 1836//1836 2016//2016
f 2016//2016 2018//2018 2019//2019
f 2019//2019 2018//2018 2020//2020
f 2018//2018 2016//2016 2015//2015
f 2017//2017 2018//2018 2015//2015
f 2160//2160 1831//1831 1834//1834
f 2160//2160 2014//2014 1831//1831
f 2157//2157 2014//2014 2160//2160
f 1836//1836 2013//2013 2016//2016
f 1836//1836 1832//1832 2013//2013
f 1830//1830 1832//1832 1836//1836
f 2012//2012 2017//2017 2015//2015
f 2014//2014 2157//2157 2152//2152
f 2013//2013 1832//1832 2010//2010
f 2013//2013 2010//2010 2016//2016
f 2015//2015 2016//2016 2012//2012
f 2017//2017 2012//2012 2006//2006
f 2007//2007 2011//2011 2017//2017
f 2007//2007 2017//2017 2006//2006
f 2003//2003 2014//2014 2152//2152
f 2003//2003 2152//2152 2145//2145
f 2014//2014 2003//2003 1831//1831
f 1828//1828 2005//2005 1832//1832
f 2010//2010 1832//1832 2005//2005
f 2010//2010 2005//2005 2016//2016
f 2005//2005 2009//2009 2016//2016
f 2016//2016 2009//2009 2012//2012
f 2012//2012 2009//2009 2149//2149
f 2012//2012 2004//2004 2006//2006
f 2004//2004 2008//2008 2006//2006
f 2007//2007 2006//2006 2008//2008
f 2003//2003 2145//2145 1826//1826
f 2144//2144 2009//2009 2005//2005
f 2144//2144 2005//2005 1828//1828
f 2149//2149 2144//2144 2012//2012
f 2004//2004 2012//2012 2002//2002
f 2012//2012 2144//2144 2002//2002
f 1828//1828 1824//1824 1994//1994
f 1998//1998 2144//2144 1828//1828
f 1998//1998 1828//1828 1994//1994
f 1997//1997 2002//2002 2135//2135
f 2004//2004 2002//2002 1997//1997
f 1997//1997 2000//2000 2004//2004
f 2000//2000 2001//2001 2004//2004
f 1999//1999 2000//2000 1996//1996
f 1826//1826 2136//2136 1821//1821
f 1824//1824 1822//1822 1994//1994
f 1995//1995 1998//1998 1994//1994
f 1989//1989 1997//1997 2135//2135
f 1997//1997 1989//1989 2000//2000
f 2139//2139 1999//1999 1996//1996
f 2139//2139 1996//1996 1993//1993
f 1822//1822 1820//1820 1994//1994
f 1820//1820 1991//1991 1994//1994
f 1994//1994 1991//1991 1995//1995
f 1989//1989 2135//2135 1990//1990
f 1996//1996 2000//2000 1989//1989
f 1996//1996 1989//1989 1988//1988
f 1996//1996 1988//1988 1993//1993
f 1986//1986 2139//2139 1993//1993
f 2127//2127 1983//1983 1819//1819
f 1992//1992 1983//1983 2127//2127
f 1818//1818 1817//1817 1820//1820
f 1985//1985 1995//1995 1991//1991
f 1985//1985 1991//1991 1820//1820
f 1989//1989 1990//1990 1984//1984
f 1984//1984 1990//1990 1980//1980
f 1989//1989 1984//1984 1988//1988
f 1988//1988 1987//1987 1993//1993
f 1986//1986 1993//1993 1987//1987
f 1983//1983 1992//1992 1978//1978
f 1817//1817 1977//1977 1820//1820
f 1977//1977 1985//1985 1820//1820
f 1985//1985 1977//1977 1982//1982
f 1976//1976 1984//1984 1980//1980
f 1988//1988 1984//1984 1979//1979
f 1984//1984 1976//1976 1979//1979
f 1979//1979 1987//1987 1988//1988
f 1973//1973 1983//1983 1978//1978
f 1973//1973 1816//1816 1983//1983
f 1817//1817 1815//1815 1977//1977
f 1981//1981 1982//1982 1977//1977
f 1981//1981 1977//1977 1972//1972
f 1976//1976 1980//1980 1972//1972
f 1972//1972 1980//1980 1981//1981
f 1979//1979 1976//1976 1974//1974
f 1973//1973 1978//1978 1965//1965
f 1965//1965 1978//1978 2119//2119
f 1977//1977 1815//1815 1968//1968
f 1815//1815 1813//1813 1968//1968
f 1977//1977 1968//1968 1972//1972
f 1974//1974 1976//1976 1971//1971
f 1976//1976 1972//1972 1971//1971
f 1971//1971 1975//1975 1974//1974
f 1965//1965 2119//2119 1970//1970
f 1973//1973 1965//1965 1969//1969
f 1813//1813 1812//1812 1968//1968
f 1972//1972 1968//1968 1967//1967
f 1972//1972 1967//1967 1971//1971
f 1975//1975 1971//1971 1966//1966
f 1963//1963 1975//1975 1966//1966
f 1965//1965 1970//1970 2116//2116
f 1965//1965 1811//1811 1969//1969
f 1812//1812 1810//1810 1968//1968
f 1968//1968 1810//1810 1808//1808
f 1968//1968 1808//1808 1967//1967
f 1971//1971 1967//1967 1964//1964
f 1966//1966 1971//1971 1962//1962
f 1971//1971 1964//1964 1962//1962
f 1963//1963 1966//1966 1962//1962
f 1956//1956 1965//1965 2116//2116
f 1965//1965 1956//1956 1959//1959
f 1965//1965 1959//1959 1811//1811
f 1806//1806 1808//1808 1810//1810
f 1808//1808 1805//1805 1967//1967
f 1967//1967 1805//1805 1804//1804
f 1964//1964 1967//1967 1958//1958
f 1967//1967 1804//1804 1958//1958
f 1964//1964 1961//1961 1962//1962
f 1962//1962 1961//1961 1963//1963
f 1957//1957 1956//1956 1960//1960
f 1959//1959 1956//1956 1955//1955
f 1964//1964 1958//1958 1954//1954
f 1961//1961 1964//1964 1952//1952
f 1964//1964 1954//1954 1952//1952
f 1953//1953 1961//1961 1952//1952
f 1946//1946 1960//1960 1950//1950
f 1960//1960 1946//1946 1957//1957
f 1956//1956 1957//1957 1949//1949
f 1955//1955 1956//1956 1949//1949
f 1802//1802 1958//1958 1804//1804
f 1958//1958 1794//1794 1954//1954
f 1952//1952 1954//1954 1948//1948
f 1948//1948 1951//1951 1952//1952
f 1952//1952 1951//1951 1953//1953
f 1951//1951 1948//1948 1947//1947
f 1950//1950 1951//1951 1947//1947
f 1946//1946 1950//1950 1947//1947
f 1957//1957 1946//1946 1949//1949
f 1945//1945 1797//1797 1949//1949
f 1954//1954 1793//1793 1948//1948
f 1794//1794 1793//1793 1954//1954
f 1948//1948 1940//1940 1947//1947
f 1946//1946 1947//1947 1944//1944
f 1949//1949 1946//1946 1943//1943
f 1949//1949 1943//1943 1945//1945
f 1793//1793 1792//1792 1948//1948
f 1948//1948 1942//1942 1940//1940
f 1948//1948 1787//1787 1942//1942
f 1792//1792 1787//1787 1948//1948
f 1947//1947 1940//1940 1944//1944
f 1946//1946 1944//1944 1943//1943
f 1945//1945 1943//1943 1941//1941
f 1941//1941 1786//1786 1945//1945
f 1787//1787 1785//1785 1942//1942
f 1942//1942 1784//1784 1940//1940
f 1944//1944 1940//1940 1939//1939
f 1944//1944 1939//1939 1938//1938
f 1944//1944 1938//1938 1943//1943
f 1785//1785 1784//1784 1942//1942
f 1784//1784 1937//1937 1940//1940
f 1940//1940 1937//1937 1939//1939
f 1943//1943 1938//1938 1936//1936
f 1941//1941 1943//1943 1935//1935
f 1943//1943 1936//1936 1935//1935
f 1941//1941 1935//1935 1779//1779
f 1937//1937 1934//1934 1939//1939
f 1939//1939 1934//1934 1938//1938
f 1936//1936 1765//1765 1935//1935
f 1938//1938 1934//1934 1770//1770
f 1936//1936 1938//1938 1770//1770
f 1936//1936 1770//1770 1933//1933
f 1936//1936 1933//1933 1765//1765
f 1771//1771 1770//1770 1934//1934
f 1749//1749 1746//1746 1932//1932
f 1746//1746 1741//1741 1931//1931
f 1746//1746 1744//1744 1741//1741
f 1932//1932 1746//1746 1930//1930
f 1746//1746 1931//1931 1930//1930
f 1741//1741 1929//1929 1931//1931
f 1930//1930 1931//1931 1926//1926
f 1931//1931 1928//1928 1926//1926
f 1925//1925 1930//1930 1926//1926
f 1925//1925 1739//1739 1930//1930
f 1929//1929 1736//1736 1924//1924
f 1929//1929 1924//1924 1922//1922
f 1929//1929 1922//1922 1931//1931
f 1922//1922 1927//1927 1931//1931
f 1927//1927 1928//1928 1931//1931
f 1927//1927 1926//1926 1928//1928
f 1926//1926 1927//1927 1916//1916
f 1925//1925 1926//1926 1730//1730
f 1736//1736 1733//1733 1921//1921
f 1924//1924 1917//1917 1922//1922
f 1917//1917 1918//1918 1922//1922
f 1922//1922 1918//1918 1923//1923
f 1927//1927 1922//1922 1923//1923
f 1730//1730 1926//1926 1916//1916
f 1724//1724 1730//1730 1916//1916
f 1733//1733 1725//1725 1913//1913
f 1921//1921 1733//1733 1913//1913
f 1921//1921 1913//1913 1736//1736
f 1913//1913 1920//1920 1736//1736
f 1920//1920 1919//1919 1924//1924
f 1920//1920 1924//1924 1736//1736
f 1919//1919 1917//1917 1924//1924
f 1918//1918 1917//1917 1919//1919
f 1724//1724 1916//1916 1911//1911
f 1916//1916 1915//1915 1911//1911
f 1911//1911 1915//1915 2102//2102
f 1727//1727 1723//1723 1910//1910
f 1727//1727 1910//1910 1725//1725
f 1910//1910 1914//1914 1725//1725
f 1914//1914 1912//1912 1913//1913
f 1914//1914 1913//1913 1725//1725
f 1920//1920 1913//1913 1912//1912
f 2089//2089 1907//1907 2102//2102
f 2102//2102 1907//1907 1911//1911
f 1909//1909 1908//1908 1910//1910
f 1914//1914 1910//1910 1908//1908
f 1905//1905 1907//1907 2089//2089
f 1719//1719 1901//1901 1910//1910
f 1901//1901 1906//1906 1910//1910
f 1909//1909 1910//1910 1906//1906
f 2089//2089 1904//1904 1905//1905
f 1905//1905 2086//2086 1900//1900
f 1905//1905 1904//1904 2086//2086
f 1717//1717 1716//1716 1719//1719
f 1719//1719 1716//1716 1903//1903
f 1903//1903 1902//1902 1901//1901
f 1903//1903 1901//1901 1719//1719
f 1906//1906 1901//1901 1902//1902
f 1895//1895 1898//1898 1716//1716
f 1716//1716 1898//1898 2080//2080
f 1903//1903 1716//1716 2080//2080
f 1898//1898 1895//1895 1899//1899
f 2080//2080 1898//1898 1899//1899
f 2078//2078 2074//2074 1897//1897
f 1896//1896 1895//1895 1713//1713
f 1899//1899 1895//1895 1896//1896
f 1713//1713 1894//1894 1896//1896
f 2074//2074 1893//1893 1712//1712
f 1713//1713 2072//2072 1894//1894
f 1713//1713 1711//1711 2072//2072
f 1892//1892 1890//1890 1710//1710
f 1888//1888 1889//1889 1891//1891
f 2072//2072 1888//1888 1891//1891
f 1709//1709 1710//1710 1890//1890
f 1888//1888 1887//1887 1889//1889
f 1707//1707 1887//1887 2072//2072
f 2072//2072 1887//1887 1888//1888
f 1709//1709 1886//1886 1708//1708
f 1707//1707 1885//1885 1887//1887
f 1707//1707 1705//1705 1885//1885
f 1706//1706 1884//1884 1701//1701
f 1705//1705 1883//1883 1885//1885
f 1702//1702 1701//1701 1884//1884
f 1699//1699 1883//1883 1703//1703
f 1703//1703 1883//1883 1705//1705
f 1882//1882 1878//1878 1881//1881
f 1882//1882 1881//1881 1702//1702
f 1698//1698 1694//1694 1877//1877
f 2061//2061 2063//2063 1696//1696
f 1696//1696 2063//2063 1875//1875
f 2061//2061 1880//1880 2059//2059
f 1880//1880 1695//1695 1879//1879
f 1695//1695 1881//1881 1879//1879
f 1879//1879 1881//1881 1878//1878
f 1694//1694 1693//1693 1877//1877
f 1693//1693 1873//1873 1877//1877
f 1877//1877 1873//1873 2057//2057
f 1871//1871 1529//1529 1692//1692
f 1691//1691 1690//1690 1692//1692
f 1690//1690 1689//1689 1876//1876
f 1875//1875 2063//2063 1689//1689
f 1873//1873 1874//1874 2057//2057
f 1873//1873 1693//1693 1874//1874
f 1874//1874 1688//1688 2214//2214
f 2214//2214 1688//1688 1687//1687
f 1687//1687 1871//1871 2055//2055
f 1871//1871 1872//1872 2055//2055
f 1871//1871 1692//1692 1872//1872
f 1868//1868 1870//1870 2052//2052
f 1868//1868 2052//2052 2051//2051
f 1867//1867 1868//1868 2051//2051
f 2046//2046 1867//1867 2051//2051
f 1862//1862 1869//1869 1861//1861
f 1671//1671 1861//1861 1860//1860
f 1681//1681 1859//1859 2196//2196
f 1685//1685 1681//1681 2196//2196
f 1868//1868 1867//1867 1679//1679
f 1868//1868 1679//1679 1680//1680
f 1679//1679 1867//1867 2046//2046
f 1866//1866 1679//1679 2046//2046
f 1858//1858 1866//1866 2045//2045
f 1858//1858 2045//2045 2044//2044
f 1857//1857 1858//1858 2044//2044
f 1857//1857 2044//2044 2042//2042
f 1857//1857 2042//2042 2041//2041
f 1857//1857 2041//2041 1865//1865
f 1684//1684 1857//1857 1865//1865
f 1864//1864 1684//1684 1865//1865
f 1864//1864 1863//1863 1862//1862
f 1862//1862 1520//1520 1864//1864
f 1862//1862 1524//1524 1520//1520
f 1862//1862 1861//1861 1683//1683
f 1862//1862 1683//1683 1524//1524
f 1861//1861 1671//1671 1683//1683
f 1682//1682 1671//1671 2038//2038
f 2038//2038 1671//1671 1860//1860
f 1672//1672 1682//1682 2038//2038
f 1858//1858 1857//1857 1676//1676
f 1858//1858 1676//1676 1677//1677
f 1857//1857 1675//1675 1676//1676
f 1857//1857 1674//1674 1675//1675
f 1857//1857 1515//1515 1674//1674
f 1857//1857 1684//1684 1522//1522
f 1857//1857 1522//1522 1515//1515
f 1668//1668 1670//1670 1672//1672
f 1669//1669 1855//1855 1859//1859
f 1669//1669 1510//1510 1855//1855
f 1668//1668 1672//1672 1854//1854
f 1672//1672 1856//1856 1854//1854
f 1510//1510 1667//1667 1855//1855
f 1667//1667 1852//1852 1855//1855
f 1855//1855 1852//1852 1853//1853
f 1509//1509 1854//1854 1506//1506
f 1853//1853 1852//1852 1851//1851
f 1667//1667 1851//1851 1852//1852
f 1506//1506 1854//1854 2031//2031
f 1506//1506 2031//2031 1666//1666
f 1850//1850 1666//1666 2031//2031
f 1667//1667 1665//1665 1851//1851
f 1850//1850 1664//1664 1666//1666
f 1665//1665 1849//1849 1851//1851
f 1663//1663 1849//1849 1665//1665
f 1850//1850 1847//1847 1664//1664
f 1663//1663 1846//1846 1848//1848
f 1663//1663 1845//1845 1846//1846
f 1847//1847 2182//2182 1662//1662
f 1502//1502 1661//1661 1845//1845
f 2182//2182 1844//1844 1662//1662
f 1661//1661 1660//1660 1845//1845
f 2180//2180 1659//1659 1844//1844
f 1660//1660 1658//1658 1843//1843
f 2180//2180 2024//2024 1659//1659
f 2024//2024 1842//1842 1659//1659
f 1841//1841 1843//1843 1658//1658
f 1842//1842 2024//2024 1840//1840
f 1839//1839 1841//1841 1658//1658
f 1840//1840 1656//1656 1842//1842
f 1842//1842 1656//1656 1657//1657
f 1499//1499 1837//1837 1839//1839
f 1840//1840 2021//2021 1656//1656
f 1499//1499 1654//1654 1837//1837
f 1838//1838 1654//1654 1835//1835
f 1837//1837 1654//1654 1838//1838
f 1838//1838 1835//1835 1836//1836
f 1833//1833 1656//1656 2021//2021
f 1833//1833 2021//2021 1834//1834
f 1654//1654 1652//1652 1835//1835
f 1836//1836 1835//1835 1652//1652
f 1833//1833 1834//1834 1831//1831
f 1830//1830 1652//1652 1651//1651
f 1836//1836 1652//1652 1830//1830
f 1829//1829 1833//1833 1831//1831
f 1829//1829 1650//1650 1833//1833
f 1651//1651 1649//1649 1830//1830
f 1829//1829 1831//1831 2003//2003
f 1649//1649 1827//1827 1830//1830
f 1828//1828 1832//1832 1830//1830
f 1828//1828 1830//1830 1827//1827
f 1825//1825 1829//1829 2003//2003
f 1825//1825 2003//2003 1826//1826
f 1825//1825 1648//1648 1829//1829
f 1828//1828 1827//1827 1649//1649
f 1825//1825 1826//1826 1821//1821
f 1824//1824 1828//1828 1649//1649
f 1824//1824 1649//1649 1823//1823
f 1821//1821 1647//1647 1825//1825
f 1822//1822 1490//1490 1646//1646
f 1823//1823 1490//1490 1822//1822
f 1824//1824 1823//1823 1822//1822
f 1821//1821 2136//2136 2127//2127
f 1820//1820 1822//1822 1646//1646
f 1820//1820 1646//1646 1645//1645
f 1819//1819 1821//1821 2127//2127
f 1819//1819 1487//1487 1821//1821
f 1644//1644 1818//1818 1645//1645
f 1645//1645 1818//1818 1820//1820
f 1817//1817 1818//1818 1644//1644
f 1814//1814 1819//1819 1983//1983
f 1814//1814 1983//1983 1816//1816
f 1814//1814 1484//1484 1819//1819
f 1643//1643 1642//1642 1644//1644
f 1815//1815 1817//1817 1644//1644
f 1815//1815 1644//1644 1642//1642
f 1814//1814 1816//1816 1973//1973
f 1813//1813 1815//1815 1642//1642
f 1813//1813 1642//1642 1641//1641
f 1807//1807 1814//1814 1973//1973
f 1807//1807 1973//1973 1969//1969
f 1640//1640 1812//1812 1641//1641
f 1641//1641 1812//1812 1813//1813
f 1807//1807 1969//1969 1811//1811
f 1812//1812 1640//1640 1809//1809
f 1640//1640 1639//1639 1809//1809
f 1810//1810 1812//1812 1809//1809
f 1807//1807 1811//1811 1959//1959
f 1807//1807 1637//1637 1638//1638
f 1806//1806 1810//1810 1809//1809
f 1806//1806 1809//1809 1639//1639
f 1808//1808 1801//1801 1805//1805
f 1803//1803 1807//1807 1959//1959
f 1803//1803 1959//1959 1955//1955
f 1807//1807 1803//1803 1637//1637
f 1636//1636 1635//1635 1639//1639
f 1635//1635 1806//1806 1639//1639
f 1801//1801 1808//1808 1635//1635
f 1635//1635 1808//1808 1806//1806
f 1804//1804 1805//1805 1801//1801
f 1804//1804 1801//1801 1802//1802
f 1800//1800 1803//1803 1955//1955
f 1800//1800 1955//1955 1949//1949
f 1801//1801 1635//1635 1796//1796
f 1801//1801 1796//1796 1799//1799
f 1799//1799 1802//1802 1801//1801
f 1958//1958 1802//1802 1799//1799
f 1958//1958 1799//1799 1798//1798
f 1958//1958 1798//1798 1794//1794
f 1797//1797 1800//1800 1949//1949
f 1635//1635 1789//1789 1796//1796
f 1635//1635 1631//1631 1789//1789
f 1632//1632 1631//1631 1635//1635
f 1798//1798 1799//1799 1794//1794
f 1799//1799 1795//1795 1794//1794
f 1791//1791 1797//1797 1945//1945
f 1791//1791 1630//1630 1797//1797
f 1799//1799 1796//1796 1795//1795
f 1796//1796 1789//1789 1795//1795
f 1794//1794 1795//1795 1788//1788
f 1788//1788 1792//1792 1794//1794
f 1794//1794 1792//1792 1793//1793
f 1791//1791 1945//1945 1786//1786
f 1789//1789 1627//1627 1790//1790
f 1789//1789 1790//1790 1782//1782
f 1789//1789 1782//1782 1795//1795
f 1788//1788 1785//1785 1792//1792
f 1787//1787 1792//1792 1785//1785
f 1783//1783 1791//1791 1779//1779
f 1791//1791 1786//1786 1779//1779
f 1779//1779 1786//1786 1941//1941
f 1783//1783 1626//1626 1791//1791
f 1627//1627 1625//1625 1790//1790
f 1790//1790 1625//1625 1782//1782
f 1788//1788 1795//1795 1782//1782
f 1788//1788 1782//1782 1781//1781
f 1785//1785 1788//1788 1781//1781
f 1781//1781 1784//1784 1785//1785
f 1784//1784 1781//1781 1780//1780
f 1784//1784 1780//1780 1937//1937
f 1782//1782 1625//1625 1778//1778
f 1782//1782 1778//1778 1777//1777
f 1782//1782 1777//1777 1781//1781
f 1780//1780 1781//1781 1775//1775
f 1781//1781 1776//1776 1775//1775
f 1780//1780 1775//1775 1937//1937
f 1779//1779 1935//1935 1765//1765
f 1783//1783 1779//1779 1774//1774
f 1774//1774 1622//1622 1783//1783
f 1621//1621 1773//1773 1625//1625
f 1624//1624 1621//1621 1625//1625
f 1625//1625 1773//1773 1778//1778
f 1781//1781 1777//1777 1776//1776
f 1775//1775 1776//1776 1772//1772
f 1772//1772 1937//1937 1775//1775
f 1937//1937 1772//1772 1934//1934
f 1779//1779 1765//1765 1774//1774
f 1778//1778 1773//1773 1777//1777
f 1776//1776 1777//1777 1769//1769
f 1772//1772 1776//1776 1769//1769
f 1772//1772 1769//1769 1768//1768
f 1768//1768 1767//1767 1772//1772
f 1767//1767 1771//1771 1772//1772
f 1772//1772 1771//1771 1934//1934
f 1770//1770 1771//1771 1767//1767
f 1770//1770 1767//1767 1933//1933
f 1766//1766 1765//1765 1933//1933
f 1774//1774 1765//1765 1764//1764
f 1764//1764 1617//1617 1774//1774
f 1621//1621 1615//1615 1773//1773
f 1773//1773 1616//1616 1777//1777
f 1615//1615 1616//1616 1773//1773
f 1777//1777 1616//1616 1614//1614
f 1769//1769 1777//1777 1763//1763
f 1777//1777 1614//1614 1763//1763
f 1769//1769 1763//1763 1768//1768
f 1768//1768 1760//1760 1767//1767
f 1933//1933 1767//1767 1766//1766
f 1765//1765 1766//1766 1762//1762
f 1765//1765 1762//1762 1764//1764
f 1763//1763 1614//1614 1761//1761
f 1761//1761 1610//1610 1763//1763
f 1609//1609 1768//1768 1763//1763
f 1610//1610 1609//1609 1763//1763
f 1768//1768 1609//1609 1760//1760
f 1767//1767 1760//1760 1766//1766
f 1764//1764 1762//1762 1759//1759
f 1759//1759 1608//1608 1764//1764
f 1612//1612 1761//1761 1614//1614
f 1609//1609 1604//1604 1760//1760
f 1760//1760 1604//1604 1758//1758
f 1766//1766 1760//1760 1757//1757
f 1760//1760 1758//1758 1757//1757
f 1766//1766 1757//1757 1762//1762
f 1762//1762 1756//1756 1759//1759
f 1604//1604 1595//1595 1758//1758
f 1762//1762 1757//1757 1756//1756
f 1759//1759 1756//1756 1598//1598
f 1758//1758 1595//1595 1757//1757
f 1598//1598 1756//1756 1754//1754
f 1756//1756 1755//1755 1754//1754
f 1757//1757 1595//1595 1590//1590
f 1757//1757 1590//1590 1753//1753
f 1756//1756 1757//1757 1753//1753
f 1756//1756 1753//1753 1755//1755
f 1755//1755 1584//1584 1754//1754
f 1590//1590 1752//1752 1751//1751
f 1590//1590 1751//1751 1753//1753
f 1755//1755 1753//1753 1750//1750
f 1755//1755 1750//1750 1749//1749
f 1755//1755 1585//1585 1584//1584
f 1591//1591 1582//1582 1752//1752
f 1751//1751 1752//1752 1582//1582
f 1751//1751 1582//1582 1748//1748
f 1753//1753 1751//1751 1748//1748
f 1753//1753 1748//1748 1747//1747
f 1753//1753 1747//1747 1750//1750
f 1755//1755 1749//1749 1745//1745
f 1755//1755 1745//1745 1585//1585
f 1582//1582 1578//1578 1748//1748
f 1748//1748 1743//1743 1747//1747
f 1743//1743 1746//1746 1747//1747
f 1746//1746 1749//1749 1750//1750
f 1746//1746 1750//1750 1747//1747
f 1749//1749 1932//1932 1745//1745
f 1745//1745 1932//1932 1930//1930
f 1585//1585 1745//1745 1573//1573
f 1748//1748 1578//1578 1742//1742
f 1748//1748 1742//1742 1740//1740
f 1748//1748 1740//1740 1743//1743
f 1740//1740 1741//1741 1743//1743
f 1743//1743 1741//1741 1744//1744
f 1746//1746 1743//1743 1744//1744
f 1745//1745 1930//1930 1739//1739
f 1573//1573 1745//1745 1739//1739
f 1579//1579 1574//1574 1738//1738
f 1578//1578 1579//1579 1738//1738
f 1578//1578 1738//1738 1737//1737
f 1578//1578 1737//1737 1742//1742
f 1742//1742 1741//1741 1740//1740
f 1735//1735 1739//1739 1925//1925
f 1739//1739 1735//1735 1573//1573
f 1574//1574 1571//1571 1738//1738
f 1738//1738 1734//1734 1732//1732
f 1738//1738 1732//1732 1737//1737
f 1732//1732 1736//1736 1737//1737
f 1736//1736 1929//1929 1742//1742
f 1736//1736 1742//1742 1737//1737
f 1741//1741 1742//1742 1929//1929
f 1731//1731 1735//1735 1925//1925
f 1731//1731 1925//1925 1730//1730
f 1566//1566 1729//1729 1571//1571
f 1738//1738 1571//1571 1728//1728
f 1571//1571 1729//1729 1728//1728
f 1734//1734 1738//1738 1726//1726
f 1738//1738 1728//1728 1726//1726
f 1734//1734 1726//1726 1725//1725
f 1734//1734 1725//1725 1732//1732
f 1725//1725 1733//1733 1732//1732
f 1736//1736 1732//1732 1733//1733
f 1724//1724 1731//1731 1730//1730
f 1724//1724 1569//1569 1731//1731
f 1566//1566 1567//1567 1564//1564
f 1729//1729 1566//1566 1564//1564
f 1729//1729 1727//1727 1728//1728
f 1727//1727 1725//1725 1726//1726
f 1727//1727 1726//1726 1728//1728
f 1722//1722 1724//1724 1911//1911
f 1724//1724 1722//1722 1569//1569
f 1564//1564 1721//1721 1720//1720
f 1564//1564 1565//1565 1721//1721
f 1564//1564 1720//1720 1718//1718
f 1564//1564 1718//1718 1729//1729
f 1718//1718 1723//1723 1729//1729
f 1727//1727 1729//1729 1723//1723
f 1911//1911 1907//1907 1722//1722
f 1722//1722 1905//1905 1562//1562
f 1722//1722 1907//1907 1905//1905
f 1721//1721 1719//1719 1720//1720
f 1719//1719 1910//1910 1718//1718
f 1719//1719 1718//1718 1720//1720
f 1723//1723 1718//1718 1910//1910
f 1905//1905 1561//1561 1562//1562
f 1559//1559 1715//1715 1721//1721
f 1565//1565 1559//1559 1721//1721
f 1715//1715 1717//1717 1721//1721
f 1719//1719 1721//1721 1717//1717
f 1905//1905 1900//1900 1561//1561
f 1900//1900 1714//1714 1561//1561
f 1714//1714 1557//1557 1561//1561
f 1715//1715 1559//1559 1716//1716
f 1717//1717 1715//1715 1716//1716
f 1714//1714 1900//1900 1557//1557
f 1560//1560 1556//1556 1559//1559
f 1559//1559 1556//1556 1895//1895
f 1716//1716 1559//1559 1895//1895
f 1557//1557 1897//1897 1555//1555
f 1713//1713 1556//1556 1421//1421
f 1895//1895 1556//1556 1713//1713
f 1421//1421 1554//1554 1713//1713
f 2074//2074 1712//1712 1897//1897
f 1712//1712 1553//1553 1897//1897
f 1554//1554 1419//1419 1713//1713
f 1893//1893 1552//1552 1712//1712
f 1552//1552 1553//1553 1712//1712
f 1419//1419 1711//1711 1713//1713
f 1892//1892 1552//1552 1893//1893
f 1419//1419 1550//1550 1711//1711
f 1710//1710 1552//1552 1892//1892
f 1550//1550 2072//2072 1711//1711
f 1550//1550 1549//1549 2072//2072
f 1708//1708 1548//1548 1709//1709
f 1709//1709 1548//1548 1710//1710
f 1549//1549 1707//1707 2072//2072
f 1708//1708 1886//1886 1548//1548
f 1886//1886 1413//1413 1548//1548
f 1549//1549 1704//1704 1707//1707
f 2069//2069 1413//1413 1886//1886
f 2069//2069 1547//1547 1413//1413
f 1704//1704 1705//1705 1707//1707
f 1701//1701 1700//1700 1547//1547
f 1706//1706 1701//1701 1547//1547
f 1706//1706 1547//1547 2069//2069
f 1704//1704 1703//1703 1705//1705
f 1410//1410 1703//1703 1704//1704
f 1545//1545 1702//1702 1881//1881
f 1545//1545 1881//1881 1542//1542
f 1545//1545 1700//1700 1702//1702
f 1702//1702 1700//1700 1701//1701
f 1703//1703 1697//1697 1699//1699
f 1543//1543 1697//1697 1703//1703
f 1541//1541 1881//1881 1406//1406
f 1541//1541 1542//1542 1881//1881
f 1697//1697 1698//1698 1699//1699
f 1698//1698 1540//1540 1694//1694
f 1543//1543 1540//1540 1698//1698
f 1697//1697 1543//1543 1698//1698
f 1539//1539 1875//1875 1399//1399
f 1875//1875 1538//1538 1696//1696
f 1875//1875 1539//1539 1538//1538
f 1696//1696 1536//1536 2061//2061
f 2061//2061 1534//1534 1880//1880
f 2061//2061 1536//1536 1534//1534
f 1534//1534 1408//1408 1880//1880
f 1406//1406 1695//1695 1880//1880
f 1408//1408 1406//1406 1880//1880
f 1695//1695 1406//1406 1881//1881
f 1540//1540 1533//1533 1694//1694
f 1694//1694 1686//1686 1693//1693
f 1686//1686 1532//1532 1530//1530
f 1529//1529 1871//1871 1530//1530
f 1530//1530 1871//1871 1686//1686
f 1529//1529 1527//1527 1692//1692
f 1692//1692 1526//1526 1691//1691
f 1692//1692 1527//1527 1526//1526
f 1526//1526 1690//1690 1691//1691
f 1526//1526 1400//1400 1690//1690
f 1399//1399 1689//1689 1690//1690
f 1400//1400 1399//1399 1690//1690
f 1689//1689 1399//1399 1875//1875
f 1686//1686 1874//1874 1693//1693
f 1686//1686 1688//1688 1874//1874
f 1686//1686 1687//1687 1688//1688
f 1687//1687 1686//1686 1871//1871
f 1681//1681 1685//1685 1868//1868
f 1680//1680 1681//1681 1868//1868
f 1866//1866 1678//1678 1679//1679
f 1673//1673 1864//1864 1520//1520
f 1672//1672 1671//1671 1682//1682
f 1859//1859 1517//1517 1669//1669
f 1681//1681 1517//1517 1859//1859
f 1680//1680 1394//1394 1681//1681
f 1680//1680 1679//1679 1523//1523
f 1680//1680 1523//1523 1394//1394
f 1679//1679 1678//1678 1523//1523
f 1523//1523 1678//1678 1858//1858
f 1858//1858 1678//1678 1866//1866
f 1677//1677 1523//1523 1858//1858
f 1522//1522 1684//1684 1864//1864
f 1864//1864 1673//1673 1513//1513
f 1864//1864 1513//1513 1522//1522
f 1673//1673 1520//1520 1521//1521
f 1683//1683 1671//1671 1518//1518
f 1683//1683 1518//1518 1519//1519
f 1671//1671 1668//1668 1518//1518
f 1670//1670 1668//1668 1671//1671
f 1670//1670 1671//1671 1672//1672
f 1669//1669 1517//1517 1510//1510
f 1509//1509 1668//1668 1854//1854
f 1511//1511 1668//1668 1509//1509
f 1510//1510 1507//1507 1667//1667
f 1506//1506 1666//1666 1373//1373
f 1507//1507 1665//1665 1667//1667
f 1505//1505 1666//1666 1664//1664
f 1507//1507 1663//1663 1665//1665
f 1507//1507 1504//1504 1663//1663
f 1664//1664 1847//1847 1505//1505
f 1847//1847 1662//1662 1505//1505
f 1504//1504 1845//1845 1663//1663
f 1504//1504 1502//1502 1845//1845
f 1501//1501 1661//1661 1502//1502
f 1662//1662 1844//1844 1370//1370
f 1501//1501 1660//1660 1661//1661
f 1501//1501 1369//1369 1660//1660
f 1500//1500 1844//1844 1659//1659
f 1369//1369 1658//1658 1660//1660
f 1659//1659 1842//1842 1500//1500
f 1500//1500 1842//1842 1657//1657
f 1369//1369 1366//1366 1658//1658
f 1658//1658 1366//1366 1499//1499
f 1658//1658 1499//1499 1839//1839
f 1657//1657 1655//1655 1498//1498
f 1656//1656 1655//1655 1657//1657
f 1498//1498 1833//1833 1497//1497
f 1498//1498 1656//1656 1833//1833
f 1655//1655 1656//1656 1498//1498
f 1364//1364 1654//1654 1499//1499
f 1833//1833 1653//1653 1497//1497
f 1652//1652 1654//1654 1495//1495
f 1495//1495 1654//1654 1364//1364
f 1494//1494 1652//1652 1495//1495
f 1652//1652 1494//1494 1651//1651
f 1833//1833 1650//1650 1653//1653
f 1649//1649 1651//1651 1494//1494
f 1495//1495 1493//1493 1494//1494
f 1829//1829 1648//1648 1650//1650
f 1494//1494 1492//1492 1649//1649
f 1492//1492 1823//1823 1649//1649
f 1825//1825 1647//1647 1648//1648
f 1490//1490 1823//1823 1492//1492
f 1821//1821 1491//1491 1647//1647
f 1645//1645 1646//1646 1490//1490
f 1645//1645 1490//1490 1352//1352
f 1821//1821 1487//1487 1491//1491
f 1644//1644 1645//1645 1352//1352
f 1644//1644 1352//1352 1488//1488
f 1819//1819 1486//1486 1487//1487
f 1644//1644 1488//1488 1643//1643
f 1819//1819 1484//1484 1486//1486
f 1488//1488 1485//1485 1643//1643
f 1642//1642 1643//1643 1485//1485
f 1814//1814 1482//1482 1484//1484
f 1483//1483 1641//1641 1485//1485
f 1641//1641 1642//1642 1485//1485
f 1814//1814 1807//1807 1482//1482
f 1807//1807 1481//1481 1482//1482
f 1640//1640 1641//1641 1480//1480
f 1480//1480 1641//1641 1483//1483
f 1807//1807 1638//1638 1481//1481
f 1638//1638 1349//1349 1481//1481
f 1480//1480 1639//1639 1640//1640
f 1480//1480 1479//1479 1639//1639
f 1478//1478 1639//1639 1479//1479
f 1477//1477 1639//1639 1478//1478
f 1639//1639 1477//1477 1636//1636
f 1637//1637 1345//1345 1638//1638
f 1345//1345 1637//1637 1803//1803
f 1345//1345 1803//1803 1800//1800
f 1635//1635 1636//1636 1477//1477
f 1635//1635 1477//1477 1634//1634
f 1633//1633 1345//1345 1800//1800
f 1633//1633 1800//1800 1797//1797
f 1634//1634 1632//1632 1635//1635
f 1628//1628 1633//1633 1797//1797
f 1628//1628 1797//1797 1630//1630
f 1634//1634 1475//1475 1632//1632
f 1789//1789 1631//1631 1632//1632
f 1789//1789 1632//1632 1629//1629
f 1628//1628 1630//1630 1791//1791
f 1632//1632 1471//1471 1629//1629
f 1471//1471 1627//1627 1629//1629
f 1629//1629 1627//1627 1789//1789
f 1623//1623 1628//1628 1791//1791
f 1623//1623 1791//1791 1626//1626
f 1628//1628 1623//1623 1472//1472
f 1627//1627 1471//1471 1624//1624
f 1471//1471 1469//1469 1624//1624
f 1625//1625 1627//1627 1624//1624
f 1623//1623 1626//1626 1783//1783
f 1620//1620 1623//1623 1783//1783
f 1620//1620 1783//1783 1622//1622
f 1623//1623 1620//1620 1467//1467
f 1462//1462 1619//1619 1469//1469
f 1465//1465 1462//1462 1469//1469
f 1621//1621 1624//1624 1469//1469
f 1621//1621 1469//1469 1619//1619
f 1620//1620 1622//1622 1774//1774
f 1618//1618 1621//1621 1619//1619
f 1613//1613 1620//1620 1774//1774
f 1613//1613 1774//1774 1617//1617
f 1620//1620 1613//1613 1463//1463
f 1462//1462 1461//1461 1619//1619
f 1618//1618 1615//1615 1621//1621
f 1613//1613 1617//1617 1764//1764
f 1619//1619 1459//1459 1618//1618
f 1615//1615 1618//1618 1611//1611
f 1618//1618 1459//1459 1611//1611
f 1611//1611 1616//1616 1615//1615
f 1614//1614 1616//1616 1611//1611
f 1614//1614 1611//1611 1612//1612
f 1613//1613 1764//1764 1608//1608
f 1613//1613 1457//1457 1456//1456
f 1459//1459 1607//1607 1611//1611
f 1611//1611 1607//1607 1606//1606
f 1606//1606 1612//1612 1611//1611
f 1761//1761 1612//1612 1606//1606
f 1761//1761 1606//1606 1605//1605
f 1609//1609 1610//1610 1605//1605
f 1605//1605 1610//1610 1761//1761
f 1609//1609 1605//1605 1603//1603
f 1604//1604 1609//1609 1603//1603
f 1602//1602 1613//1613 1608//1608
f 1602//1602 1608//1608 1759//1759
f 1457//1457 1613//1613 1602//1602
f 1605//1605 1606//1606 1601//1601
f 1605//1605 1601//1601 1600//1600
f 1605//1605 1599//1599 1603//1603
f 1599//1599 1604//1604 1603//1603
f 1604//1604 1599//1599 1595//1595
f 1602//1602 1759//1759 1598//1598
f 1457//1457 1602//1602 1326//1326
f 1453//1453 1597//1597 1607//1607
f 1606//1606 1607//1607 1597//1597
f 1606//1606 1597//1597 1601//1601
f 1605//1605 1600//1600 1596//1596
f 1599//1599 1605//1605 1594//1594
f 1605//1605 1596//1596 1594//1594
f 1595//1595 1599//1599 1594//1594
f 1588//1588 1602//1602 1598//1598
f 1588//1588 1598//1598 1754//1754
f 1602//1602 1588//1588 1593//1593
f 1602//1602 1593//1593 1326//1326
f 1597//1597 1453//1453 1592//1592
f 1601//1601 1597//1597 1592//1592
f 1600//1600 1601//1601 1592//1592
f 1600//1600 1592//1592 1596//1596
f 1594//1594 1596//1596 1589//1589
f 1596//1596 1591//1591 1589//1589
f 1590//1590 1595//1595 1594//1594
f 1590//1590 1594//1594 1589//1589
f 1588//1588 1754//1754 1584//1584
f 1588//1588 1444//1444 1593//1593
f 1451//1451 1449//1449 1453//1453
f 1592//1592 1453//1453 1587//1587
f 1453//1453 1449//1449 1587//1587
f 1596//1596 1592//1592 1586//1586
f 1592//1592 1587//1587 1586//1586
f 1596//1596 1586//1586 1591//1591
f 1752//1752 1590//1590 1589//1589
f 1752//1752 1589//1589 1591//1591
f 1588//1588 1584//1584 1444//1444
f 1587//1587 1449//1449 1583//1583
f 1587//1587 1583//1583 1586//1586
f 1591//1591 1586//1586 1581//1581
f 1582//1582 1591//1591 1581//1581
f 1585//1585 1445//1445 1444//1444
f 1584//1584 1585//1585 1444//1444
f 1442//1442 1443//1443 1449//1449
f 1446//1446 1442//1442 1449//1449
f 1449//1449 1443//1443 1583//1583
f 1581//1581 1586//1586 1577//1577
f 1586//1586 1580//1580 1577//1577
f 1578//1578 1582//1582 1581//1581
f 1578//1578 1581//1581 1577//1577
f 1445//1445 1573//1573 1439//1439
f 1445//1445 1585//1585 1573//1573
f 1583//1583 1443//1443 1576//1576
f 1583//1583 1576//1576 1575//1575
f 1586//1586 1583//1583 1574//1574
f 1583//1583 1575//1575 1574//1574
f 1586//1586 1574//1574 1580//1580
f 1574//1574 1579//1579 1580//1580
f 1579//1579 1577//1577 1580//1580
f 1578//1578 1577//1577 1579//1579
f 1436//1436 1576//1576 1443//1443
f 1576//1576 1572//1572 1575//1575
f 1439//1439 1573//1573 1735//1735
f 1439//1439 1435//1435 1437//1437
f 1436//1436 1570//1570 1576//1576
f 1576//1576 1570//1570 1572//1572
f 1570//1570 1571//1571 1572//1572
f 1571//1571 1575//1575 1572//1572
f 1574//1574 1575//1575 1571//1571
f 1569//1569 1439//1439 1735//1735
f 1569//1569 1735//1735 1731//1731
f 1439//1439 1569//1569 1435//1435
f 1570//1570 1433//1433 1568//1568
f 1570//1570 1568//1568 1567//1567
f 1566//1566 1571//1571 1570//1570
f 1566//1566 1570//1570 1567//1567
f 1433//1433 1431//1431 1568//1568
f 1568//1568 1564//1564 1567//1567
f 1569//1569 1722//1722 1430//1430
f 1431//1431 1563//1563 1568//1568
f 1568//1568 1563//1563 1564//1564
f 1563//1563 1565//1565 1564//1564
f 1722//1722 1562//1562 1426//1426
f 1562//1562 1299//1299 1426//1426
f 1428//1428 1558//1558 1563//1563
f 1559//1559 1565//1565 1563//1563
f 1559//1559 1563//1563 1558//1558
f 1299//1299 1557//1557 1424//1424
f 1299//1299 1561//1561 1557//1557
f 1562//1562 1561//1561 1299//1299
f 1559//1559 1558//1558 1560//1560
f 1557//1557 1555//1555 1424//1424
f 1556//1556 1425//1425 1421//1421
f 1556//1556 1558//1558 1425//1425
f 1560//1560 1558//1558 1556//1556
f 1897//1897 1422//1422 1555//1555
f 1421//1421 1419//1419 1554//1554
f 1897//1897 1553//1553 1422//1422
f 1422//1422 1553//1553 1420//1420
f 1553//1553 1552//1552 1420//1420
f 1420//1420 1552//1552 1415//1415
f 1415//1415 1552//1552 1551//1551
f 1417//1417 1420//1420 1415//1415
f 1418//1418 1550//1550 1419//1419
f 1415//1415 1551//1551 1548//1548
f 1548//1548 1551//1551 1710//1710
f 1710//1710 1551//1551 1552//1552
f 1418//1418 1549//1549 1550//1550
f 1418//1418 1414//1414 1549//1549
f 1414//1414 1704//1704 1549//1549
f 1414//1414 1411//1411 1704//1704
f 1287//1287 1547//1547 1546//1546
f 1547//1547 1287//1287 1413//1413
f 1410//1410 1704//1704 1411//1411
f 1700//1700 1544//1544 1546//1546
f 1700//1700 1546//1546 1547//1547
f 1284//1284 1703//1703 1410//1410
f 1284//1284 1409//1409 1703//1703
f 1542//1542 1280//1280 1544//1544
f 1545//1545 1542//1542 1544//1544
f 1545//1545 1544//1544 1700//1700
f 1543//1543 1703//1703 1409//1409
f 1543//1543 1409//1409 1403//1403
f 1406//1406 1405//1405 1541//1541
f 1405//1405 1280//1280 1541//1541
f 1541//1541 1280//1280 1542//1542
f 1540//1540 1543//1543 1403//1403
f 1402//1402 1540//1540 1403//1403
f 1402//1402 1401//1401 1540//1540
f 1401//1401 1533//1533 1540//1540
f 1533//1533 1401//1401 1531//1531
f 1399//1399 1397//1397 1539//1539
f 1539//1539 1537//1537 1538//1538
f 1537//1537 1696//1696 1538//1538
f 1535//1535 1536//1536 1696//1696
f 1537//1537 1535//1535 1696//1696
f 1535//1535 1534//1534 1536//1536
f 1533//1533 1686//1686 1694//1694
f 1531//1531 1532//1532 1686//1686
f 1533//1533 1531//1531 1686//1686
f 1531//1531 1530//1530 1532//1532
f 1528//1528 1529//1529 1530//1530
f 1528//1528 1527//1527 1529//1529
f 1525//1525 1526//1526 1527//1527
f 1526//1526 1525//1525 1400//1400
f 1519//1519 1520//1520 1524//1524
f 1683//1683 1519//1519 1524//1524
f 1391//1391 1517//1517 1681//1681
f 1391//1391 1392//1392 1517//1517
f 1394//1394 1395//1395 1681//1681
f 1395//1395 1391//1391 1681//1681
f 1393//1393 1394//1394 1523//1523
f 1516//1516 1393//1393 1523//1523
f 1516//1516 1523//1523 1677//1677
f 1677//1677 1676//1676 1675//1675
f 1674//1674 1677//1677 1675//1675
f 1514//1514 1515//1515 1522//1522
f 1514//1514 1522//1522 1513//1513
f 1512//1512 1673//1673 1521//1521
f 1512//1512 1520//1520 1519//1519
f 1521//1521 1520//1520 1512//1512
f 1517//1517 1387//1387 1510//1510
f 1392//1392 1387//1387 1517//1517
f 1516//1516 1677//1677 1389//1389
f 1677//1677 1384//1384 1389//1389
f 1677//1677 1674//1674 1384//1384
f 1674//1674 1515//1515 1383//1383
f 1674//1674 1383//1383 1384//1384
f 1515//1515 1514//1514 1382//1382
f 1515//1515 1382//1382 1383//1383
f 1514//1514 1513//1513 1381//1381
f 1673//1673 1512//1512 1380//1380
f 1673//1673 1380//1380 1513//1513
f 1512//1512 1519//1519 1388//1388
f 1518//1518 1508//1508 1519//1519
f 1511//1511 1508//1508 1518//1518
f 1511//1511 1518//1518 1668//1668
f 1509//1509 1508//1508 1511//1511
f 1510//1510 1377//1377 1507//1507
f 1510//1510 1264//1264 1377//1377
f 1387//1387 1264//1264 1510//1510
f 1374//1374 1375//1375 1506//1506
f 1506//1506 1375//1375 1508//1508
f 1506//1506 1508//1508 1509//1509
f 1377//1377 1376//1376 1507//1507
f 1373//1373 1374//1374 1506//1506
f 1507//1507 1376//1376 1372//1372
f 1250//1250 1372//1372 1376//1376
f 1373//1373 1666//1666 1246//1246
f 1505//1505 1246//1246 1666//1666
f 1507//1507 1372//1372 1371//1371
f 1504//1504 1507//1507 1371//1371
f 1244//1244 1246//1246 1505//1505
f 1504//1504 1371//1371 1503//1503
f 1505//1505 1662//1662 1244//1244
f 1662//1662 1370//1370 1244//1244
f 1503//1503 1502//1502 1504//1504
f 1369//1369 1502//1502 1371//1371
f 1371//1371 1502//1502 1503//1503
f 1369//1369 1501//1501 1502//1502
f 1370//1370 1844//1844 1242//1242
f 1368//1368 1242//1242 1844//1844
f 1500//1500 1368//1368 1844//1844
f 1657//1657 1240//1240 1500//1500
f 1367//1367 1366//1366 1369//1369
f 1366//1366 1236//1236 1499//1499
f 1657//1657 1498//1498 1240//1240
f 1236//1236 1364//1364 1499//1499
f 1653//1653 1365//1365 1497//1497
f 1364//1364 1496//1496 1495//1495
f 1650//1650 1363//1363 1653//1653
f 1495//1495 1496//1496 1362//1362
f 1362//1362 1493//1493 1495//1495
f 1648//1648 1361//1361 1650//1650
f 1362//1362 1360//1360 1493//1493
f 1492//1492 1494//1494 1493//1493
f 1492//1492 1493//1493 1360//1360
f 1492//1492 1360//1360 1357//1357
f 1647//1647 1489//1489 1648//1648
f 1648//1648 1489//1489 1358//1358
f 1490//1490 1492//1492 1357//1357
f 1490//1490 1357//1357 1356//1356
f 1489//1489 1647//1647 1491//1491
f 1490//1490 1356//1356 1355//1355
f 1489//1489 1491//1491 1487//1487
f 1489//1489 1354//1354 1229//1229
f 1352//1352 1490//1490 1353//1353
f 1490//1490 1355//1355 1353//1353
f 1489//1489 1487//1487 1354//1354
f 1485//1485 1488//1488 1352//1352
f 1486//1486 1228//1228 1487//1487
f 1352//1352 1351//1351 1485//1485
f 1486//1486 1484//1484 1228//1228
f 1483//1483 1485//1485 1351//1351
f 1483//1483 1351//1351 1350//1350
f 1482//1482 1349//1349 1484//1484
f 1483//1483 1350//1350 1346//1346
f 1482//1482 1481//1481 1349//1349
f 1479//1479 1480//1480 1483//1483
f 1349//1349 1638//1638 1347//1347
f 1638//1638 1345//1345 1347//1347
f 1344//1344 1341//1341 1483//1483
f 1346//1346 1344//1344 1483//1483
f 1478//1478 1479//1479 1483//1483
f 1478//1478 1483//1483 1341//1341
f 1477//1477 1478//1478 1341//1341
f 1345//1345 1339//1339 1340//1340
f 1338//1338 1476//1476 1341//1341
f 1634//1634 1477//1477 1341//1341
f 1634//1634 1341//1341 1476//1476
f 1345//1345 1633//1633 1339//1339
f 1633//1633 1474//1474 1339//1339
f 1634//1634 1476//1476 1338//1338
f 1474//1474 1633//1633 1628//1628
f 1335//1335 1473//1473 1338//1338
f 1473//1473 1475//1475 1338//1338
f 1338//1338 1475//1475 1634//1634
f 1475//1475 1473//1473 1632//1632
f 1470//1470 1474//1474 1628//1628
f 1470//1470 1628//1628 1472//1472
f 1474//1474 1470//1470 1336//1336
f 1471//1471 1632//1632 1473//1473
f 1470//1470 1472//1472 1623//1623
f 1335//1335 1468//1468 1473//1473
f 1469//1469 1471//1471 1473//1473
f 1469//1469 1473//1473 1468//1468
f 1464//1464 1470//1470 1623//1623
f 1464//1464 1623//1623 1467//1467
f 1470//1470 1464//1464 1334//1334
f 1466//1466 1469//1469 1468//1468
f 1469//1469 1466//1466 1465//1465
f 1464//1464 1467//1467 1620//1620
f 1468//1468 1331//1331 1466//1466
f 1462//1462 1465//1465 1466//1466
f 1463//1463 1464//1464 1620//1620
f 1464//1464 1463//1463 1332//1332
f 1466//1466 1331//1331 1462//1462
f 1460//1460 1463//1463 1613//1613
f 1460//1460 1329//1329 1463//1463
f 1328//1328 1461//1461 1331//1331
f 1331//1331 1461//1461 1462//1462
f 1460//1460 1613//1613 1456//1456
f 1461//1461 1328//1328 1458//1458
f 1459//1459 1619//1619 1461//1461
f 1459//1459 1461//1461 1458//1458
f 1456//1456 1326//1326 1460//1460
f 1458//1458 1325//1325 1455//1455
f 1455//1455 1459//1459 1458//1458
f 1456//1456 1457//1457 1326//1326
f 1455//1455 1325//1325 1454//1454
f 1325//1325 1323//1323 1454//1454
f 1607//1607 1459//1459 1455//1455
f 1607//1607 1455//1455 1454//1454
f 1326//1326 1321//1321 1320//1320
f 1323//1323 1318//1318 1454//1454
f 1322//1322 1318//1318 1323//1323
f 1454//1454 1318//1318 1452//1452
f 1453//1453 1607//1607 1454//1454
f 1453//1453 1454//1454 1452//1452
f 1326//1326 1593//1593 1321//1321
f 1321//1321 1593//1593 1319//1319
f 1593//1593 1317//1317 1319//1319
f 1452//1452 1318//1318 1451//1451
f 1453//1453 1452//1452 1451//1451
f 1448//1448 1593//1593 1444//1444
f 1593//1593 1448//1448 1317//1317
f 1314//1314 1450//1450 1318//1318
f 1316//1316 1314//1314 1318//1318
f 1451//1451 1318//1318 1450//1450
f 1314//1314 1315//1315 1450//1450
f 1447//1447 1449//1449 1450//1450
f 1450//1450 1449//1449 1451//1451
f 1449//1449 1447//1447 1446//1446
f 1448//1448 1444//1444 1312//1312
f 1450//1450 1315//1315 1447//1447
f 1442//1442 1446//1446 1447//1447
f 1442//1442 1447//1447 1441//1441
f 1440//1440 1444//1444 1445//1445
f 1440//1440 1445//1445 1439//1439
f 1440//1440 1308//1308 1444//1444
f 1309//1309 1304//1304 1315//1315
f 1447//1447 1315//1315 1438//1438
f 1315//1315 1304//1304 1438//1438
f 1447//1447 1438//1438 1441//1441
f 1438//1438 1443//1443 1441//1441
f 1442//1442 1441//1441 1443//1443
f 1308//1308 1439//1439 1437//1437
f 1440//1440 1439//1439 1308//1308
f 1436//1436 1443//1443 1438//1438
f 1438//1438 1304//1304 1432//1432
f 1304//1304 1434//1434 1432//1432
f 1570//1570 1436//1436 1438//1438
f 1570//1570 1438//1438 1432//1432
f 1435//1435 1303//1303 1306//1306
f 1304//1304 1305//1305 1434//1434
f 1434//1434 1433//1433 1432//1432
f 1570//1570 1432//1432 1433//1433
f 1429//1429 1435//1435 1569//1569
f 1429//1429 1569//1569 1430//1430
f 1435//1435 1429//1429 1303//1303
f 1301//1301 1427//1427 1434//1434
f 1305//1305 1301//1301 1434//1434
f 1427//1427 1431//1431 1434//1434
f 1433//1433 1434//1434 1431//1431
f 1430//1430 1722//1722 1429//1429
f 1429//1429 1722//1722 1426//1426
f 1563//1563 1431//1431 1427//1427
f 1428//1428 1427//1427 1301//1301
f 1563//1563 1427//1427 1428//1428
f 1428//1428 1301//1301 1558//1558
f 1301//1301 1298//1298 1558//1558
f 1558//1558 1298//1298 1425//1425
f 1424//1424 1295//1295 1297//1297
f 1296//1296 1421//1421 1425//1425
f 1423//1423 1424//1424 1555//1555
f 1423//1423 1555//1555 1422//1422
f 1424//1424 1423//1423 1295//1295
f 1296//1296 1192//1192 1421//1421
f 1423//1423 1422//1422 1420//1420
f 1192//1192 1419//1419 1421//1421
f 1192//1192 1294//1294 1419//1419
f 1420//1420 1417//1417 1423//1423
f 1294//1294 1418//1418 1419//1419
f 1294//1294 1082//1082 1418//1418
f 1416//1416 1293//1293 1417//1417
f 1082//1082 1188//1188 1418//1418
f 1292//1292 1416//1416 1415//1415
f 1415//1415 1416//1416 1417//1417
f 1415//1415 1291//1291 1292//1292
f 1188//1188 1414//1414 1418//1418
f 1415//1415 1548//1548 1291//1291
f 1413//1413 1291//1291 1548//1548
f 1413//1413 1412//1412 1291//1291
f 1289//1289 1411//1411 1414//1414
f 1287//1287 1546//1546 1286//1286
f 1287//1287 1412//1412 1413//1413
f 1289//1289 1410//1410 1411//1411
f 1284//1284 1410//1410 1288//1288
f 1288//1288 1410//1410 1289//1289
f 1286//1286 1544//1544 1281//1281
f 1544//1544 1286//1286 1546//1546
f 1283//1283 1409//1409 1284//1284
f 1282//1282 1280//1280 1404//1404
f 1280//1280 1281//1281 1544//1544
f 1283//1283 1403//1403 1409//1409
f 1274//1274 1403//1403 1168//1168
f 1275//1275 1537//1537 1278//1278
f 1278//1278 1537//1537 1396//1396
f 1537//1537 1275//1275 1535//1535
f 1535//1535 1276//1276 1534//1534
f 1276//1276 1408//1408 1534//1534
f 1276//1276 1407//1407 1408//1408
f 1171//1171 1406//1406 1408//1408
f 1407//1407 1171//1171 1408//1408
f 1404//1404 1405//1405 1406//1406
f 1171//1171 1404//1404 1406//1406
f 1405//1405 1404//1404 1280//1280
f 1274//1274 1402//1402 1403//1403
f 1274//1274 1401//1401 1402//1402
f 1531//1531 1272//1272 1530//1530
f 1531//1531 1401//1401 1272//1272
f 1530//1530 1272//1272 1528//1528
f 1528//1528 1270//1270 1527//1527
f 1270//1270 1525//1525 1527//1527
f 1164//1164 1400//1400 1525//1525
f 1270//1270 1164//1164 1525//1525
f 1398//1398 1399//1399 1400//1400
f 1164//1164 1398//1398 1400//1400
f 1396//1396 1397//1397 1399//1399
f 1398//1398 1396//1396 1399//1399
f 1396//1396 1539//1539 1397//1397
f 1539//1539 1396//1396 1537//1537
f 1391//1391 1395//1395 1394//1394
f 1390//1390 1391//1391 1394//1394
f 1390//1390 1394//1394 1393//1393
f 1392//1392 1391//1391 1386//1386
f 1391//1391 1390//1390 1268//1268
f 1391//1391 1268//1268 1386//1386
f 1385//1385 1390//1390 1516//1516
f 1516//1516 1390//1390 1393//1393
f 1385//1385 1516//1516 1389//1389
f 1385//1385 1389//1389 1384//1384
f 1379//1379 1512//1512 1388//1388
f 1379//1379 1388//1388 1519//1519
f 1379//1379 1519//1519 1508//1508
f 1378//1378 1379//1379 1508//1508
f 1263//1263 1264//1264 1387//1387
f 1392//1392 1263//1263 1387//1387
f 1392//1392 1386//1386 1267//1267
f 1392//1392 1267//1267 1263//1263
f 1385//1385 1259//1259 1260//1260
f 1385//1385 1384//1384 1259//1259
f 1384//1384 1258//1258 1259//1259
f 1384//1384 1383//1383 1258//1258
f 1383//1383 1257//1257 1258//1258
f 1383//1383 1382//1382 1256//1256
f 1383//1383 1256//1256 1257//1257
f 1382//1382 1514//1514 1256//1256
f 1514//1514 1381//1381 1265//1265
f 1514//1514 1265//1265 1256//1256
f 1513//1513 1380//1380 1255//1255
f 1513//1513 1255//1255 1381//1381
f 1380//1380 1512//1512 1254//1254
f 1380//1380 1254//1254 1255//1255
f 1512//1512 1379//1379 1253//1253
f 1512//1512 1253//1253 1254//1254
f 1379//1379 1378//1378 1251//1251
f 1375//1375 1251//1251 1378//1378
f 1375//1375 1378//1378 1508//1508
f 1250//1250 1376//1376 1264//1264
f 1264//1264 1376//1376 1377//1377
f 1375//1375 1247//1247 1251//1251
f 1374//1374 1247//1247 1375//1375
f 1373//1373 1247//1247 1374//1374
f 1250//1250 1138//1138 1372//1372
f 1246//1246 1247//1247 1373//1373
f 1138//1138 1371//1371 1372//1372
f 1138//1138 1245//1245 1371//1371
f 1244//1244 1137//1137 1246//1246
f 1245//1245 1369//1369 1371//1371
f 1245//1245 1136//1136 1369//1369
f 1136//1136 1132//1132 1369//1369
f 1244//1244 1370//1370 1242//1242
f 1132//1132 1367//1367 1369//1369
f 1368//1368 1026//1026 1242//1242
f 1132//1132 1241//1241 1367//1367
f 1500//1500 1240//1240 1368//1368
f 1241//1241 1129//1129 1367//1367
f 1129//1129 1366//1366 1367//1367
f 1239//1239 1366//1366 1129//1129
f 1239//1239 1238//1238 1366//1366
f 1498//1498 1237//1237 1240//1240
f 1238//1238 1236//1236 1366//1366
f 1498//1498 1497//1497 1237//1237
f 1236//1236 1235//1235 1364//1364
f 1365//1365 1234//1234 1497//1497
f 1235//1235 1125//1125 1364//1364
f 1365//1365 1653//1653 1234//1234
f 1653//1653 1233//1233 1234//1234
f 1125//1125 1496//1496 1364//1364
f 1653//1653 1363//1363 1233//1233
f 1019//1019 1496//1496 1125//1125
f 1362//1362 1496//1496 1019//1019
f 1232//1232 1362//1362 1019//1019
f 1650//1650 1361//1361 1363//1363
f 1232//1232 1360//1360 1362//1362
f 1648//1648 1359//1359 1361//1361
f 1232//1232 1357//1357 1360//1360
f 1648//1648 1358//1358 1359//1359
f 1359//1359 1489//1489 1121//1121
f 1359//1359 1358//1358 1489//1489
f 1232//1232 1356//1356 1357//1357
f 1489//1489 1229//1229 1121//1121
f 1232//1232 1355//1355 1356//1356
f 1232//1232 1230//1230 1355//1355
f 1119//1119 1355//1355 1230//1230
f 1355//1355 1119//1119 1353//1353
f 1354//1354 1487//1487 1229//1229
f 1487//1487 1228//1228 1229//1229
f 1352//1352 1353//1353 1119//1119
f 1352//1352 1119//1119 1227//1227
f 1351//1351 1352//1352 1227//1227
f 1351//1351 1227//1227 1226//1226
f 1484//1484 1225//1225 1228//1228
f 1350//1350 1351//1351 1226//1226
f 1484//1484 1349//1349 1225//1225
f 1224//1224 1350//1350 1226//1226
f 1348//1348 1350//1350 1224//1224
f 1350//1350 1348//1348 1346//1346
f 1346//1346 1348//1348 1224//1224
f 1345//1345 1342//1342 1347//1347
f 1223//1223 1343//1343 1224//1224
f 1344//1344 1346//1346 1224//1224
f 1344//1344 1224//1224 1343//1343
f 1345//1345 1340//1340 1342//1342
f 1341//1341 1344//1344 1343//1343
f 1341//1341 1343//1343 1223//1223
f 1340//1340 1222//1222 1342//1342
f 1338//1338 1341//1341 1223//1223
f 1338//1338 1223//1223 1337//1337
f 1222//1222 1339//1339 1474//1474
f 1340//1340 1339//1339 1222//1222
f 1336//1336 1220//1220 1474//1474
f 1109//1109 1221//1221 1337//1337
f 1335//1335 1338//1338 1219//1219
f 1338//1338 1337//1337 1219//1219
f 1219//1219 1337//1337 1221//1221
f 1336//1336 1470//1470 1220//1220
f 1470//1470 1218//1218 1220//1220
f 1108//1108 1335//1335 1219//1219
f 1217//1217 1335//1335 1108//1108
f 1470//1470 1334//1334 1218//1218
f 1468//1468 1335//1335 1217//1217
f 1216//1216 1333//1333 1217//1217
f 1468//1468 1217//1217 1333//1333
f 1464//1464 1332//1332 1334//1334
f 1216//1216 1331//1331 1333//1333
f 1333//1333 1331//1331 1468//1468
f 1216//1216 1330//1330 1331//1331
f 1216//1216 1215//1215 1330//1330
f 1214//1214 1215//1215 1216//1216
f 1463//1463 1329//1329 1332//1332
f 1328//1328 1331//1331 1330//1330
f 1328//1328 1330//1330 1215//1215
f 1460//1460 1213//1213 1329//1329
f 1211//1211 1327//1327 1215//1215
f 1458//1458 1328//1328 1215//1215
f 1458//1458 1215//1215 1327//1327
f 1460//1460 1326//1326 1213//1213
f 1325//1325 1458//1458 1327//1327
f 1325//1325 1327//1327 1211//1211
f 1324//1324 1326//1326 1320//1320
f 1326//1326 1324//1324 1213//1213
f 1210//1210 1209//1209 1211//1211
f 1323//1323 1325//1325 1211//1211
f 1323//1323 1211//1211 1209//1209
f 1209//1209 1322//1322 1323//1323
f 1322//1322 1209//1209 1318//1318
f 1321//1321 1319//1319 1320//1320
f 1320//1320 1319//1319 1317//1317
f 1208//1208 1316//1316 1209//1209
f 1316//1316 1318//1318 1209//1209
f 1448//1448 1207//1207 1317//1317
f 1316//1316 1208//1208 1313//1313
f 1314//1314 1316//1316 1313//1313
f 1448//1448 1312//1312 1207//1207
f 1208//1208 1311//1311 1313//1313
f 1311//1311 1315//1315 1313//1313
f 1314//1314 1313//1313 1315//1315
f 1444//1444 1310//1310 1312//1312
f 1309//1309 1315//1315 1311//1311
f 1309//1309 1311//1311 1204//1204
f 1308//1308 1310//1310 1444//1444
f 1308//1308 1205//1205 1310//1310
f 1308//1308 1203//1203 1205//1205
f 1202//1202 1309//1309 1204//1204
f 1307//1307 1309//1309 1202//1202
f 1309//1309 1307//1307 1304//1304
f 1199//1199 1308//1308 1437//1437
f 1199//1199 1437//1437 1435//1435
f 1308//1308 1199//1199 1203//1203
f 1304//1304 1307//1307 1202//1202
f 1435//1435 1306//1306 1199//1199
f 1199//1199 1306//1306 1303//1303
f 1200//1200 1302//1302 1202//1202
f 1202//1202 1302//1302 1305//1305
f 1304//1304 1202//1202 1305//1305
f 1303//1303 1429//1429 1199//1199
f 1429//1429 1198//1198 1199//1199
f 1301//1301 1305//1305 1302//1302
f 1301//1301 1302//1302 1200//1200
f 1429//1429 1426//1426 1198//1198
f 1197//1197 1300//1300 1200//1200
f 1301//1301 1200//1200 1300//1300
f 1299//1299 1196//1196 1426//1426
f 1301//1301 1300//1300 1197//1197
f 1425//1425 1197//1197 1194//1194
f 1298//1298 1197//1197 1425//1425
f 1301//1301 1197//1197 1298//1298
f 1193//1193 1196//1196 1299//1299
f 1193//1193 1299//1299 1424//1424
f 1196//1196 1193//1193 1195//1195
f 1194//1194 1296//1296 1425//1425
f 1424//1424 1297//1297 1193//1193
f 1193//1193 1297//1297 1295//1295
f 1194//1194 1192//1192 1296//1296
f 1295//1295 1423//1423 1193//1193
f 1423//1423 1191//1191 1193//1193
f 1192//1192 1082//1082 1294//1294
f 1417//1417 1189//1189 1423//1423
f 1293//1293 1189//1189 1417//1417
f 1189//1189 1293//1293 1416//1416
f 1416//1416 1292//1292 1189//1189
f 1187//1187 971//971 1188//1188
f 971//971 1414//1414 1188//1188
f 971//971 1185//1185 1414//1414
f 1290//1290 1186//1186 1291//1291
f 1185//1185 1289//1289 1414//1414
f 1412//1412 1183//1183 1290//1290
f 1412//1412 1290//1290 1291//1291
f 1185//1185 1288//1288 1289//1289
f 1180//1180 1288//1288 1184//1184
f 1184//1184 1288//1288 1185//1185
f 1286//1286 1285//1285 1183//1183
f 1287//1287 1286//1286 1183//1183
f 1287//1287 1183//1183 1412//1412
f 1180//1180 1284//1284 1288//1288
f 1279//1279 1170//1170 1178//1178
f 1285//1285 1279//1279 1178//1178
f 1281//1281 1279//1279 1285//1285
f 1286//1286 1281//1281 1285//1285
f 1180//1180 1283//1283 1284//1284
f 1177//1177 1176//1176 1283//1283
f 1180//1180 1177//1177 1283//1283
f 1275//1275 1277//1277 1059//1059
f 1275//1275 1059//1059 1174//1174
f 1275//1275 1174//1174 1173//1173
f 1171//1171 1407//1407 1173//1173
f 1173//1173 1407//1407 1275//1275
f 1171//1171 1279//1279 1404//1404
f 1279//1279 1282//1282 1404//1404
f 1279//1279 1280//1280 1282//1282
f 1280//1280 1279//1279 1281//1281
f 1176//1176 1403//1403 1283//1283
f 1403//1403 1176//1176 1168//1168
f 1168//1168 1273//1273 1274//1274
f 1271//1271 1273//1273 1168//1168
f 1164//1164 1270//1270 1165//1165
f 1165//1165 1270//1270 1269//1269
f 1398//1398 1162//1162 1396//1396
f 1396//1396 1162//1162 1160//1160
f 1160//1160 1278//1278 1396//1396
f 1160//1160 1277//1277 1278//1278
f 1277//1277 1275//1275 1278//1278
f 1275//1275 1276//1276 1535//1535
f 1276//1276 1275//1275 1407//1407
f 1273//1273 1401//1401 1274//1274
f 1271//1271 1272//1272 1401//1401
f 1273//1273 1271//1271 1401//1401
f 1271//1271 1528//1528 1272//1272
f 1269//1269 1270//1270 1528//1528
f 1271//1271 1269//1269 1528//1528
f 1267//1267 1386//1386 1268//1268
f 1267//1267 1268//1268 1390//1390
f 1266//1266 1267//1267 1390//1390
f 1385//1385 1266//1266 1390//1390
f 1262//1262 1263//1263 1267//1267
f 1262//1262 1267//1267 1261//1261
f 1267//1267 1266//1266 1260//1260
f 1267//1267 1260//1260 1261//1261
f 1260//1260 1266//1266 1385//1385
f 1148//1148 1256//1256 1265//1265
f 1148//1148 1265//1265 1381//1381
f 1148//1148 1381//1381 1255//1255
f 1252//1252 1253//1253 1379//1379
f 1252//1252 1379//1379 1251//1251
f 1264//1264 1263//1263 1250//1250
f 1263//1263 1262//1262 1250//1250
f 1250//1250 1262//1262 1153//1153
f 1260//1260 1259//1259 1156//1156
f 1260//1260 1156//1156 1157//1157
f 1259//1259 1151//1151 1156//1156
f 1259//1259 1258//1258 1155//1155
f 1259//1259 1155//1155 1151//1151
f 1258//1258 1150//1150 1155//1155
f 1258//1258 1257//1257 1150//1150
f 1256//1256 1149//1149 1257//1257
f 1256//1256 1148//1148 1149//1149
f 1148//1148 1255//1255 1154//1154
f 1148//1148 1154//1154 1147//1147
f 1255//1255 1254//1254 1154//1154
f 1253//1253 1249//1249 1254//1254
f 1249//1249 1146//1146 1254//1254
f 1249//1249 1253//1253 1252//1252
f 1252//1252 1247//1247 1248//1248
f 1251//1251 1247//1247 1252//1252
f 1138//1138 1250//1250 1145//1145
f 1153//1153 1145//1145 1250//1250
f 1249//1249 1252//1252 1141//1141
f 1252//1252 1248//1248 1139//1139
f 1252//1252 1139//1139 1141//1141
f 1247//1247 1139//1139 1248//1248
f 1246//1246 1139//1139 1247//1247
f 1137//1137 1139//1139 1246//1246
f 1138//1138 1136//1136 1245//1245
f 1134//1134 1137//1137 1243//1243
f 1244//1244 1243//1243 1137//1137
f 1131//1131 1243//1243 1244//1244
f 1244//1244 1242//1242 1131//1131
f 1130//1130 1129//1129 1132//1132
f 1368//1368 916//916 1026//1026
f 1129//1129 1241//1241 1132//1132
f 1126//1126 1368//1368 1240//1240
f 1126//1126 916//916 1368//1368
f 1240//1240 1023//1023 1126//1126
f 1238//1238 1239//1239 1127//1127
f 1127//1127 1239//1239 1129//1129
f 1240//1240 1237//1237 1023//1023
f 1127//1127 1236//1236 1238//1238
f 1127//1127 1125//1125 1236//1236
f 1497//1497 1124//1124 1237//1237
f 1125//1125 1235//1235 1236//1236
f 1497//1497 1234//1234 1124//1124
f 1363//1363 1122//1122 1233//1233
f 1123//1123 1019//1019 1125//1125
f 1019//1019 1017//1017 1014//1014
f 1019//1019 1014//1014 1232//1232
f 1361//1361 1231//1231 1363//1363
f 1363//1363 1231//1231 1016//1016
f 1361//1361 1359//1359 1231//1231
f 1016//1016 1359//1359 1121//1121
f 1231//1231 1359//1359 1016//1016
f 1014//1014 1120//1120 1232//1232
f 1120//1120 1119//1119 1232//1232
f 1229//1229 1118//1118 1121//1121
f 1119//1119 1230//1230 1232//1232
f 1228//1228 1008//1008 1229//1229
f 1117//1117 1227//1227 1119//1119
f 1228//1228 1116//1116 1008//1008
f 1117//1117 1226//1226 1227//1227
f 1117//1117 1009//1009 1226//1226
f 1228//1228 1225//1225 1116//1116
f 1115//1115 1226//1226 1009//1009
f 1115//1115 1114//1114 1226//1226
f 1224//1224 1226//1226 1114//1114
f 1349//1349 1347//1347 1225//1225
f 1113//1113 1224//1224 1114//1114
f 1113//1113 1223//1223 1224//1224
f 1347//1347 1342//1342 1112//1112
f 1342//1342 1110//1110 1112//1112
f 1113//1113 1111//1111 1223//1223
f 1342//1342 1222//1222 1110//1110
f 1111//1111 1337//1337 1223//1223
f 1222//1222 1474//1474 1110//1110
f 1474//1474 1001//1001 1110//1110
f 1111//1111 1109//1109 1337//1337
f 1474//1474 1220//1220 1001//1001
f 1109//1109 1108//1108 1221//1221
f 1108//1108 1219//1219 1221//1221
f 1334//1334 1107//1107 1218//1218
f 1217//1217 1108//1108 1106//1106
f 1106//1106 1216//1216 1217//1217
f 1332//1332 1105//1105 1334//1334
f 1106//1106 1104//1104 1216//1216
f 1105//1105 1332//1332 996//996
f 1332//1332 1103//1103 996//996
f 995//995 1216//1216 1104//1104
f 995//995 1214//1214 1216//1216
f 1212//1212 1332//1332 1329//1329
f 1332//1332 1212//1212 1103//1103
f 995//995 1102//1102 1214//1214
f 1215//1215 1214//1214 1102//1102
f 1212//1212 1329//1329 1213//1213
f 1211//1211 1215//1215 1102//1102
f 1211//1211 1102//1102 1100//1100
f 1212//1212 1213//1213 1101//1101
f 1211//1211 1100//1100 1099//1099
f 1324//1324 1098//1098 1213//1213
f 1210//1210 1211//1211 1099//1099
f 1324//1324 1320//1320 1098//1098
f 1099//1099 1097//1097 1210//1210
f 1209//1209 1210//1210 1097//1097
f 1317//1317 1207//1207 1320//1320
f 1320//1320 1207//1207 991//991
f 1097//1097 1208//1208 1209//1209
f 1097//1097 1095//1095 1208//1208
f 1206//1206 1207//1207 1312//1312
f 1207//1207 1206//1206 1096//1096
f 1095//1095 1311//1311 1208//1208
f 1312//1312 1310//1310 1206//1206
f 1095//1095 1204//1204 1311//1311
f 1095//1095 1094//1094 1204//1204
f 1310//1310 1205//1205 1206//1206
f 1093//1093 1204//1204 1094//1094
f 1093//1093 1201//1201 1204//1204
f 1093//1093 874//874 1201//1201
f 1202//1202 1204//1204 1201//1201
f 1199//1199 1092//1092 1203//1203
f 874//874 985//985 1201//1201
f 1202//1202 1201//1201 985//985
f 1200//1200 985//985 1091//1091
f 1202//1202 985//985 1200//1200
f 1198//1198 1090//1090 1199//1199
f 1091//1091 983//983 1200//1200
f 1198//1198 1426//1426 1090//1090
f 1426//1426 1089//1089 1090//1090
f 983//983 1197//1197 1200//1200
f 1426//1426 1196//1196 1089//1089
f 983//983 1088//1088 1197//1197
f 1089//1089 1196//1196 1195//1195
f 1088//1088 1194//1194 1197//1197
f 1195//1195 1193//1193 1087//1087
f 1088//1088 978//978 1194//1194
f 978//978 1192//1192 1194//1194
f 978//978 1085//1085 1192//1192
f 1191//1191 1084//1084 1193//1193
f 1085//1085 976//976 1192//1192
f 1423//1423 1084//1084 1191//1191
f 1423//1423 1083//1083 1084//1084
f 1190//1190 1083//1083 1423//1423
f 976//976 1082//1082 1192//1192
f 1189//1189 1190//1190 1423//1423
f 1189//1189 1081//1081 1190//1190
f 1082//1082 1187//1187 1188//1188
f 1082//1082 971//971 1187//1187
f 1189//1189 1292//1292 1081//1081
f 1291//1291 1080//1080 1292//1292
f 1076//1076 1080//1080 1291//1291
f 1078//1078 1185//1185 971//971
f 1290//1290 1182//1182 1076//1076
f 1186//1186 1290//1290 1076//1076
f 1186//1186 1076//1076 1291//1291
f 1078//1078 1184//1184 1185//1185
f 1073//1073 1184//1184 967//967
f 967//967 1184//1184 1078//1078
f 1183//1183 1181//1181 1182//1182
f 1183//1183 1182//1182 1290//1290
f 1073//1073 1180//1180 1184//1184
f 1178//1178 1179//1179 1070//1070
f 1181//1181 1178//1178 1070//1070
f 1285//1285 1178//1178 1181//1181
f 1285//1285 1181//1181 1183//1183
f 1072//1072 1177//1177 1180//1180
f 1073//1073 1072//1072 1180//1180
f 1179//1179 1169//1169 1067//1067
f 1170//1170 1169//1169 1179//1179
f 1179//1179 1178//1178 1170//1170
f 1065//1065 1176//1176 1177//1177
f 1065//1065 1167//1167 1176//1176
f 1059//1059 1277//1277 1061//1061
f 1061//1061 1277//1277 1160//1160
f 1172//1172 1174//1174 1059//1059
f 1175//1175 1172//1172 1059//1059
f 1172//1172 1173//1173 1174//1174
f 1169//1169 1171//1171 1173//1173
f 1172//1172 1169//1169 1173//1173
f 1169//1169 1279//1279 1171//1171
f 1279//1279 1169//1169 1170//1170
f 1167//1167 1168//1168 1176//1176
f 1167//1167 1166//1166 1168//1168
f 1063//1063 1271//1271 1168//1168
f 1166//1166 1063//1063 1168//1168
f 1063//1063 1269//1269 1271//1271
f 1063//1063 1165//1165 1269//1269
f 1163//1163 1164//1164 1165//1165
f 1163//1163 1398//1398 1164//1164
f 1161//1161 1162//1162 1398//1398
f 1163//1163 1161//1161 1398//1398
f 1161//1161 1160//1160 1162//1162
f 1159//1159 1057//1057 1261//1261
f 1159//1159 1261//1261 1260//1260
f 1158//1158 1159//1159 1260//1260
f 1152//1152 1153//1153 1262//1262
f 1152//1152 1262//1262 1261//1261
f 1261//1261 1057//1057 1152//1152
f 1158//1158 1057//1057 1159//1159
f 1260//1260 1157//1157 1158//1158
f 1158//1158 1157//1157 1156//1156
f 1151//1151 1158//1158 1156//1156
f 1151//1151 1155//1155 1150//1150
f 1147//1147 1154//1154 1254//1254
f 1146//1146 1147//1147 1254//1254
f 1152//1152 1058//1058 1153//1153
f 1153//1153 1058//1058 1054//1054
f 1057//1057 1058//1058 1152//1152
f 1158//1158 1056//1056 1057//1057
f 1158//1158 1052//1052 1056//1056
f 1158//1158 1151//1151 1051//1051
f 1158//1158 1051//1051 1052//1052
f 1151//1151 1050//1050 1051//1051
f 1151//1151 1150//1150 1049//1049
f 1151//1151 1049//1049 1050//1050
f 1257//1257 1144//1144 1150//1150
f 1144//1144 1048//1048 1150//1150
f 1150//1150 1048//1048 1049//1049
f 1144//1144 1257//1257 1149//1149
f 1144//1144 1149//1149 1148//1148
f 1144//1144 1148//1148 1147//1147
f 1143//1143 1144//1144 1147//1147
f 1142//1142 1143//1143 1147//1147
f 1147//1147 1146//1146 1142//1142
f 1142//1142 1146//1146 1249//1249
f 1141//1141 1142//1142 1249//1249
f 1140//1140 1141//1141 1139//1139
f 1145//1145 943//943 1138//1138
f 1153//1153 943//943 1145//1145
f 1055//1055 943//943 1153//1153
f 1054//1054 1055//1055 1153//1153
f 1144//1144 1043//1043 1048//1048
f 1144//1144 1042//1042 1043//1043
f 1144//1144 1143//1143 1042//1042
f 1142//1142 1141//1141 1039//1039
f 1141//1141 1047//1047 1039//1039
f 1140//1140 1133//1133 1141//1141
f 1133//1133 1038//1038 1141//1141
f 1141//1141 1038//1038 1047//1047
f 1137//1137 1140//1140 1139//1139
f 1136//1136 1138//1138 1135//1135
f 943//943 1135//1135 1138//1138
f 1040//1040 1143//1143 1142//1142
f 1140//1140 1137//1137 1134//1134
f 1133//1133 1140//1140 1134//1134
f 1136//1136 1135//1135 1132//1132
f 943//943 1035//1035 1132//1132
f 943//943 1132//1132 1135//1135
f 1131//1131 1030//1030 1243//1243
f 1243//1243 1030//1030 1133//1133
f 1243//1243 1133//1133 1134//1134
f 1035//1035 1130//1130 1132//1132
f 1131//1131 1029//1029 1030//1030
f 1129//1129 1130//1130 1128//1128
f 1130//1130 1027//1027 1128//1128
f 1131//1131 1028//1028 1029//1029
f 1026//1026 1131//1131 1242//1242
f 1028//1028 1131//1131 1026//1026
f 1129//1129 1128//1128 1027//1027
f 1027//1027 1127//1127 1129//1129
f 1024//1024 1127//1127 1027//1027
f 1126//1126 915//915 916//916
f 915//915 1126//1126 1023//1023
f 1024//1024 1125//1125 1127//1127
f 1024//1024 1021//1021 1125//1125
f 1237//1237 1124//1124 1023//1023
f 1021//1021 914//914 1125//1125
f 914//914 1123//1123 1125//1125
f 914//914 1019//1019 1123//1123
f 1122//1122 909//909 1233//1233
f 1122//1122 1363//1363 909//909
f 1363//1363 1016//1016 909//909
f 1017//1017 1019//1019 1018//1018
f 1016//1016 1121//1121 1015//1015
f 1013//1013 1120//1120 1014//1014
f 1121//1121 900//900 1015//1015
f 1013//1013 1119//1119 1120//1120
f 1013//1013 901//901 1119//1119
f 1121//1121 1118//1118 900//900
f 901//901 1011//1011 1119//1119
f 1229//1229 1010//1010 1118//1118
f 1011//1011 1117//1117 1119//1119
f 1229//1229 1008//1008 1010//1010
f 1011//1011 1009//1009 1117//1117
f 1116//1116 1225//1225 1008//1008
f 1225//1225 1007//1007 1008//1008
f 1009//1009 1006//1006 1115//1115
f 1006//1006 1114//1114 1115//1115
f 1006//1006 898//898 1114//1114
f 1347//1347 1005//1005 1225//1225
f 895//895 1114//1114 898//898
f 1004//1004 1114//1114 895//895
f 1114//1114 1004//1004 1113//1113
f 1347//1347 893//893 1005//1005
f 893//893 1347//1347 1112//1112
f 1110//1110 890//890 1112//1112
f 1004//1004 1111//1111 1113//1113
f 1004//1004 1003//1003 1111//1111
f 1003//1003 1002//1002 1111//1111
f 1002//1002 1109//1109 1111//1111
f 1220//1220 1218//1218 1001//1001
f 1002//1002 1108//1108 1109//1109
f 1002//1002 999//999 1108//1108
f 1107//1107 1000//1000 1218//1218
f 997//997 1108//1108 999//999
f 1108//1108 997//997 1106//1106
f 1107//1107 1334//1334 1000//1000
f 1334//1334 885//885 1000//1000
f 1334//1334 1105//1105 885//885
f 997//997 1104//1104 1106//1106
f 997//997 995//995 1104//1104
f 1212//1212 993//993 1103//1103
f 994//994 1102//1102 995//995
f 1212//1212 1101//1101 993//993
f 994//994 1100//1100 1102//1102
f 1101//1101 1213//1213 993//993
f 994//994 1099//1099 1100//1100
f 1213//1213 1098//1098 993//993
f 994//994 992//992 1099//1099
f 1320//1320 991//991 1098//1098
f 881//881 1099//1099 992//992
f 881//881 1097//1097 1099//1099
f 1207//1207 773//773 991//991
f 881//881 990//990 1097//1097
f 1095//1095 1097//1097 990//990
f 1207//1207 1096//1096 773//773
f 989//989 987//987 990//990
f 1095//1095 990//990 987//987
f 1206//1206 988//988 1096//1096
f 987//987 1094//1094 1095//1095
f 1205//1205 986//986 1206//1206
f 987//987 1093//1093 1094//1094
f 987//987 874//874 1093//1093
f 1205//1205 1203//1203 986//986
f 1092//1092 984//984 1203//1203
f 1092//1092 1199//1199 984//984
f 1199//1199 982//982 984//984
f 983//983 1091//1091 985//985
f 1199//1199 1090//1090 982//982
f 1089//1089 980//980 1090//1090
f 981//981 979//979 983//983
f 979//979 1088//1088 983//983
f 1089//1089 1195//1195 1087//1087
f 979//979 978//978 1088//1088
f 1087//1087 1086//1086 1089//1089
f 1086//1086 1087//1087 1193//1193
f 978//978 976//976 1085//1085
f 1086//1086 975//975 977//977
f 1086//1086 1193//1193 1084//1084
f 975//975 1086//1086 1190//1190
f 1190//1190 1086//1086 1083//1083
f 1083//1083 1086//1086 1084//1084
f 974//974 1082//1082 976//976
f 974//974 973//973 1082//1082
f 973//973 865//865 1082//1082
f 1081//1081 1292//1292 1190//1190
f 865//865 971//971 1082//1082
f 1079//1079 969//969 1292//1292
f 971//971 1077//1077 1078//1078
f 971//971 967//967 1077//1077
f 1079//1079 1075//1075 969//969
f 1076//1076 1075//1075 1079//1079
f 1080//1080 1076//1076 1079//1079
f 1080//1080 1079//1079 1292//1292
f 1077//1077 967//967 1078//1078
f 1075//1075 1074//1074 964//964
f 1182//1182 1074//1074 1075//1075
f 1076//1076 1182//1182 1075//1075
f 967//967 1071//1071 1073//1073
f 965//965 1071//1071 967//967
f 1069//1069 956//956 963//963
f 964//964 1069//1069 963//963
f 1074//1074 1069//1069 964//964
f 1181//1181 1069//1069 1074//1074
f 1181//1181 1074//1074 1182//1182
f 1071//1071 1072//1072 1073//1073
f 965//965 961//961 1072//1072
f 1071//1071 965//965 1072//1072
f 1069//1069 957//957 956//956
f 1179//1179 957//957 1069//1069
f 1069//1069 1070//1070 1179//1179
f 1070//1070 1069//1069 1181//1181
f 961//961 1177//1177 1072//1072
f 1177//1177 1064//1064 1065//1065
f 954//954 1064//1064 1177//1177
f 961//961 954//954 1177//1177
f 1175//1175 1060//1060 949//949
f 1068//1068 1172//1172 1175//1175
f 949//949 1068//1068 1175//1175
f 959//959 1169//1169 1172//1172
f 1068//1068 959//959 1172//1172
f 1066//1066 1067//1067 1169//1169
f 959//959 1066//1066 1169//1169
f 1066//1066 957//957 1067//1067
f 1067//1067 957//957 1179//1179
f 1064//1064 1167//1167 1065//1065
f 1064//1064 1166//1166 1167//1167
f 1166//1166 953//953 1063//1063
f 1064//1064 953//953 1166//1166
f 1063//1063 947//947 1165//1165
f 1165//1165 945//945 1163//1163
f 1165//1165 947//947 945//945
f 945//945 842//842 1163//1163
f 1062//1062 1161//1161 1163//1163
f 842//842 1062//1062 1163//1163
f 1062//1062 1160//1160 1161//1161
f 1060//1060 1061//1061 1160//1160
f 1062//1062 1060//1060 1160//1160
f 1060//1060 1059//1059 1061//1061
f 1059//1059 1060//1060 1175//1175
f 1058//1058 1057//1057 1054//1054
f 1057//1057 1056//1056 1054//1054
f 1054//1054 1056//1056 1052//1052
f 1054//1054 943//943 1055//1055
f 942//942 943//943 1054//1054
f 1054//1054 1053//1053 942//942
f 1054//1054 1052//1052 944//944
f 1054//1054 944//944 1053//1053
f 1052//1052 1051//1051 944//944
f 1050//1050 1046//1046 1051//1051
f 1046//1046 940//940 1051//1051
f 939//939 1046//1046 1050//1050
f 1045//1045 1050//1050 1049//1049
f 1045//1045 939//939 1050//1050
f 1044//1044 1049//1049 1048//1048
f 1044//1044 1045//1045 1049//1049
f 1143//1143 1041//1041 1042//1042
f 1039//1039 1040//1040 1142//1142
f 1038//1038 1039//1039 1047//1047
f 1044//1044 936//936 1045//1045
f 1045//1045 936//936 939//939
f 1037//1037 1048//1048 1043//1043
f 1037//1037 1044//1044 1048//1048
f 1034//1034 1043//1043 1042//1042
f 1034//1034 1037//1037 1043//1043
f 1033//1033 1042//1042 1041//1041
f 1033//1033 1034//1034 1042//1042
f 1041//1041 1039//1039 1032//1032
f 1041//1041 1040//1040 1039//1039
f 1143//1143 1040//1040 1041//1041
f 1031//1031 1032//1032 1039//1039
f 1039//1039 1036//1036 1031//1031
f 1039//1039 1038//1038 1036//1036
f 1133//1133 1036//1036 1038//1038
f 938//938 1035//1035 943//943
f 1044//1044 929//929 936//936
f 1044//1044 1037//1037 928//928
f 1044//1044 928//928 929//929
f 1034//1034 932//932 1037//1037
f 1033//1033 1041//1041 1032//1032
f 1133//1133 1030//1030 1036//1036
f 938//938 1130//1130 1035//1035
f 938//938 931//931 1130//1130
f 1034//1034 922//922 932//932
f 1034//1034 1033//1033 921//921
f 1034//1034 921//921 922//922
f 1033//1033 927//927 921//921
f 1033//1033 1032//1032 926//926
f 1033//1033 926//926 927//927
f 1032//1032 1031//1031 925//925
f 1032//1032 925//925 926//926
f 1036//1036 1030//1030 1029//1029
f 931//931 1027//1027 1130//1130
f 931//931 1024//1024 1027//1027
f 1036//1036 919//919 1031//1031
f 1026//1026 919//919 1028//1028
f 1028//1028 919//919 1036//1036
f 1028//1028 1036//1036 1029//1029
f 1026//1026 1025//1025 918//918
f 1026//1026 918//918 919//919
f 1025//1025 1026//1026 916//916
f 917//917 914//914 1024//1024
f 1023//1023 1022//1022 915//915
f 914//914 1021//1021 1024//1024
f 1022//1022 1020//1020 915//915
f 1022//1022 1023//1023 1124//1124
f 1022//1022 1124//1124 1234//1234
f 1020//1020 1022//1022 1234//1234
f 911//911 910//910 914//914
f 909//909 1234//1234 1233//1233
f 909//909 1020//1020 1234//1234
f 910//910 1019//1019 914//914
f 910//910 906//906 1019//1019
f 906//906 1018//1018 1019//1019
f 1016//1016 905//905 909//909
f 903//903 1014//1014 906//906
f 1014//1014 1017//1017 906//906
f 906//906 1017//1017 1018//1018
f 1016//1016 1015//1015 902//902
f 903//903 1013//1013 1014//1014
f 1012//1012 902//902 1015//1015
f 903//903 901//901 1013//1013
f 1012//1012 1015//1015 900//900
f 796//796 1012//1012 900//900
f 1118//1118 1010//1010 900//900
f 899//899 1009//1009 1011//1011
f 899//899 795//795 1009//1009
f 795//795 898//898 1009//1009
f 1007//1007 897//897 1008//1008
f 898//898 1006//1006 1009//1009
f 1007//1007 1225//1225 897//897
f 1225//1225 896//896 897//897
f 1225//1225 1005//1005 896//896
f 894//894 1004//1004 895//895
f 892//892 1004//1004 894//894
f 892//892 1003//1003 1004//1004
f 1112//1112 891//891 893//893
f 891//891 1112//1112 890//890
f 892//892 1002//1002 1003//1003
f 892//892 786//786 1002//1002
f 1110//1110 1001//1001 890//890
f 1001//1001 889//889 890//890
f 786//786 888//888 1002//1002
f 1218//1218 887//887 1001//1001
f 888//888 999//999 1002//1002
f 1218//1218 1000//1000 887//887
f 888//888 998//998 999//999
f 886//886 998//998 888//888
f 998//998 997//997 999//999
f 884//884 997//997 886//886
f 886//886 997//997 998//998
f 996//996 885//885 1105//1105
f 884//884 995//995 997//997
f 996//996 1103//1103 885//885
f 884//884 994//994 995//995
f 884//884 883//883 994//994
f 993//993 882//882 1103//1103
f 883//883 779//779 994//994
f 779//779 777//777 994//994
f 777//777 881//881 994//994
f 1098//1098 775//775 993//993
f 881//881 992//992 994//994
f 1098//1098 991//991 775//775
f 775//775 991//991 880//880
f 991//991 773//773 880//880
f 879//879 990//990 881//881
f 773//773 1096//1096 878//878
f 879//879 989//989 990//990
f 988//988 877//877 1096//1096
f 989//989 768//768 876//876
f 989//989 876//876 987//987
f 988//988 1206//1206 877//877
f 1206//1206 875//875 877//877
f 876//876 767//767 987//987
f 1206//1206 986//986 875//875
f 767//767 874//874 987//987
f 1203//1203 984//984 986//986
f 874//874 983//983 985//985
f 874//874 873//873 983//983
f 873//873 763//763 983//983
f 1090//1090 761//761 982//982
f 763//763 981//981 983//983
f 1090//1090 980//980 761//761
f 763//763 979//979 981//981
f 1089//1089 872//872 980//980
f 1089//1089 870//870 872//872
f 871//871 978//978 979//979
f 871//871 759//759 978//978
f 1089//1089 1086//1086 870//870
f 759//759 757//757 978//978
f 1086//1086 977//977 870//870
f 757//757 976//976 978//978
f 757//757 974//974 976//976
f 757//757 973//973 974//974
f 757//757 865//865 973//973
f 1190//1190 867//867 975//975
f 1190//1190 866//866 867//867
f 972//972 866//866 1190//1190
f 972//972 1190//1190 1292//1292
f 865//865 863//863 970//970
f 971//971 865//865 970//970
f 863//863 859//859 970//970
f 972//972 968//968 860//860
f 969//969 968//968 972//972
f 969//969 972//972 1292//1292
f 747//747 967//967 859//859
f 967//967 971//971 859//859
f 859//859 971//971 970//970
f 968//968 966//966 858//858
f 1075//1075 966//966 968//968
f 1075//1075 968//968 969//969
f 747//747 857//857 967//967
f 962//962 848//848 855//855
f 966//966 962//962 855//855
f 964//964 962//962 966//966
f 964//964 966//966 1075//1075
f 857//857 965//965 967//967
f 853//853 852//852 965//965
f 857//857 853//853 965//965
f 848//848 955//955 850//850
f 962//962 955//955 848//848
f 956//956 955//955 962//962
f 962//962 963//963 956//956
f 963//963 962//962 964//964
f 852//852 961//961 965//965
f 852//852 954//954 961//961
f 960//960 948//948 845//845
f 949//949 948//948 960//960
f 1068//1068 949//949 960//960
f 960//960 959//959 1068//1068
f 958//958 1066//1066 959//959
f 955//955 957//957 1066//1066
f 958//958 955//955 1066//1066
f 957//957 955//955 956//956
f 952//952 953//953 1064//1064
f 954//954 952//952 1064//1064
f 952//952 843//843 953//953
f 945//945 946//946 842//842
f 840//840 1062//1062 842//842
f 840//840 951//951 1062//1062
f 950//950 1060//1060 1062//1062
f 951//951 950//950 1062//1062
f 948//948 949//949 1060//1060
f 950//950 948//948 1060//1060
f 946//946 1063//1063 953//953
f 946//946 947//947 1063//1063
f 946//946 945//945 947//947
f 941//941 942//942 1053//1053
f 941//941 1053//1053 944//944
f 941//941 944//944 1051//1051
f 940//940 941//941 1051//1051
f 937//937 943//943 942//942
f 938//938 943//943 937//937
f 942//942 941//941 937//937
f 937//937 941//941 839//839
f 941//941 833//833 838//838
f 941//941 940//940 836//836
f 941//941 836//836 833//833
f 1046//1046 836//836 940//940
f 936//936 1046//1046 939//939
f 938//938 937//937 935//935
f 1046//1046 837//837 836//836
f 934//934 837//837 1046//1046
f 933//933 1046//1046 936//936
f 933//933 934//934 1046//1046
f 933//933 936//936 929//929
f 932//932 928//928 1037//1037
f 938//938 935//935 931//931
f 937//937 831//831 931//931
f 937//937 931//931 935//935
f 930//930 829//829 933//933
f 929//929 930//930 933//933
f 1024//1024 931//931 831//831
f 930//930 929//929 828//828
f 929//929 825//825 828//828
f 928//928 924//924 929//929
f 924//924 824//824 929//929
f 929//929 824//824 825//825
f 924//924 928//928 932//932
f 923//923 932//932 922//922
f 923//923 924//924 932//932
f 921//921 927//927 926//926
f 920//920 921//921 926//926
f 920//920 926//926 925//925
f 1031//1031 919//919 925//925
f 831//831 917//917 1024//1024
f 924//924 923//923 820//820
f 924//924 820//820 822//822
f 922//922 820//820 923//923
f 921//921 819//819 922//922
f 921//921 814//814 819//819
f 921//921 920//920 818//818
f 921//921 818//818 814//814
f 925//925 817//817 920//920
f 925//925 919//919 918//918
f 922//922 821//821 820//820
f 819//819 821//821 922//922
f 925//925 812//812 817//817
f 925//925 915//915 812//812
f 925//925 1025//1025 915//915
f 918//918 1025//1025 925//925
f 916//916 915//915 1025//1025
f 816//816 914//914 917//917
f 816//816 912//912 914//914
f 915//915 913//913 812//812
f 805//805 915//915 1020//1020
f 805//805 913//913 915//915
f 914//914 912//912 911//911
f 806//806 911//911 912//912
f 1020//1020 803//803 805//805
f 806//806 910//910 911//911
f 803//803 1020//1020 801//801
f 801//801 1020//1020 908//908
f 909//909 908//908 1020//1020
f 906//906 910//910 907//907
f 806//806 802//802 907//907
f 806//806 907//907 910//910
f 802//802 906//906 907//907
f 908//908 904//904 801//801
f 908//908 909//909 905//905
f 904//904 908//908 905//905
f 799//799 905//905 1016//1016
f 799//799 904//904 905//905
f 1016//1016 902//902 799//799
f 797//797 901//901 903//903
f 797//797 683//683 901//901
f 1012//1012 675//675 902//902
f 683//683 678//678 901//901
f 675//675 1012//1012 796//796
f 678//678 1011//1011 901//901
f 678//678 795//795 1011//1011
f 794//794 900//900 1010//1010
f 794//794 796//796 900//900
f 795//795 899//899 1011//1011
f 1008//1008 792//792 1010//1010
f 791//791 898//898 795//795
f 1008//1008 897//897 792//792
f 791//791 790//790 898//898
f 790//790 895//895 898//898
f 790//790 894//894 895//895
f 788//788 894//894 665//665
f 665//665 894//894 790//790
f 1005//1005 893//893 896//896
f 893//893 787//787 896//896
f 788//788 892//892 894//894
f 788//788 786//786 892//892
f 893//893 891//891 890//890
f 889//889 784//784 890//890
f 786//786 783//783 888//888
f 889//889 1001//1001 784//784
f 1001//1001 658//658 784//784
f 783//783 782//782 888//888
f 1001//1001 887//887 658//658
f 782//782 781//781 888//888
f 781//781 886//886 888//888
f 657//657 886//886 781//781
f 885//885 656//656 1000//1000
f 657//657 884//884 886//886
f 780//780 656//656 885//885
f 885//885 1103//1103 780//780
f 779//779 883//883 884//884
f 882//882 778//778 1103//1103
f 882//882 993//993 778//778
f 993//993 775//775 778//778
f 776//776 881//881 777//777
f 776//776 774//774 881//881
f 775//775 773//773 650//650
f 774//774 879//879 881//881
f 775//775 880//880 773//773
f 773//773 878//878 772//772
f 770//770 989//989 879//879
f 770//770 768//768 989//989
f 1096//1096 877//877 878//878
f 767//767 876//876 768//768
f 986//986 765//765 875//875
f 766//766 874//874 767//767
f 766//766 764//764 874//874
f 764//764 763//763 874//874
f 984//984 762//762 986//986
f 763//763 873//873 874//874
f 984//984 982//982 762//762
f 980//980 872//872 761//761
f 760//760 979//979 763//763
f 760//760 759//759 979//979
f 759//759 871//871 979//979
f 870//870 758//758 872//872
f 756//756 869//869 757//757
f 977//977 754//754 870//870
f 757//757 869//869 753//753
f 756//756 753//753 869//869
f 975//975 754//754 977//977
f 757//757 753//753 868//868
f 752//752 975//975 867//867
f 757//757 868//868 864//864
f 865//865 757//757 864//864
f 753//753 750//750 864//864
f 753//753 864//864 868//868
f 752//752 862//862 749//749
f 972//972 862//862 752//752
f 866//866 972//972 752//752
f 866//866 752//752 867//867
f 864//864 863//863 865//865
f 747//747 863//863 750//750
f 750//750 863//863 864//864
f 862//862 861//861 749//749
f 862//862 972//972 860//860
f 747//747 859//859 863//863
f 854//854 738//738 861//861
f 862//862 854//854 861//861
f 862//862 968//968 854//854
f 968//968 862//862 860//860
f 745//745 857//857 747//747
f 856//856 740//740 741//741
f 741//741 738//738 854//854
f 858//858 966//966 854//854
f 858//858 854//854 968//968
f 857//857 737//737 853//853
f 745//745 737//737 857//857
f 851//851 728//728 734//734
f 851//851 734//734 849//849
f 856//856 849//849 740//740
f 850//850 849//849 856//856
f 741//741 850//850 856//856
f 741//741 848//848 850//850
f 854//854 855//855 848//848
f 741//741 854//854 848//848
f 855//855 854//854 966//966
f 737//737 852//852 853//853
f 852//852 732//732 847//847
f 606//606 732//732 852//852
f 737//737 606//606 852//852
f 846//846 724//724 844//844
f 844//844 730//730 851//851
f 851//851 730//730 728//728
f 851//851 960//960 844//844
f 959//959 960//960 851//851
f 851//851 958//958 959//959
f 849//849 955//955 958//958
f 851//851 849//849 958//958
f 849//849 850//850 955//955
f 847//847 954//954 852//852
f 954//954 727//727 952//952
f 954//954 732//732 727//727
f 847//847 732//732 954//954
f 727//727 843//843 952//952
f 843//843 727//727 841//841
f 841//841 723//723 846//846
f 846//846 723//723 724//724
f 950//950 951//951 846//846
f 844//844 948//948 950//950
f 846//846 844//844 950//950
f 844//844 845//845 948//948
f 845//845 844//844 960//960
f 843//843 946//946 953//953
f 841//841 842//842 946//946
f 843//843 841//841 946//946
f 846//846 840//840 842//842
f 841//841 846//846 842//842
f 840//840 846//846 951//951
f 838//838 839//839 941//941
f 837//837 833//833 836//836
f 835//835 839//839 838//838
f 937//937 839//839 835//835
f 834//834 835//835 838//838
f 834//834 838//838 833//833
f 837//837 832//832 833//833
f 937//937 835//835 830//830
f 831//831 937//937 830//830
f 835//835 834//834 720//720
f 834//834 833//833 721//721
f 834//834 721//721 720//720
f 832//832 721//721 833//833
f 837//837 934//934 832//832
f 832//832 934//934 933//933
f 829//829 832//832 933//933
f 831//831 830//830 827//827
f 835//835 719//719 827//827
f 835//835 827//827 830//830
f 832//832 716//716 721//721
f 826//826 832//832 829//829
f 829//829 930//930 828//828
f 829//829 828//828 825//825
f 831//831 715//715 917//917
f 719//719 715//715 831//831
f 827//827 719//719 831//831
f 832//832 826//826 717//717
f 707//707 826//826 829//829
f 823//823 829//829 825//825
f 823//823 707//707 829//829
f 825//825 924//924 823//823
f 824//824 924//924 825//825
f 821//821 822//822 820//820
f 917//917 715//715 711//711
f 816//816 917//917 711//711
f 826//826 707//707 712//712
f 810//810 823//823 924//924
f 815//815 924//924 822//822
f 815//815 810//810 924//924
f 821//821 815//815 822//822
f 821//821 819//819 809//809
f 807//807 819//819 814//814
f 807//807 809//809 819//819
f 813//813 818//818 920//920
f 813//813 814//814 818//818
f 920//920 817//817 812//812
f 813//813 920//920 812//812
f 816//816 711//711 811//811
f 912//912 816//816 811//811
f 823//823 704//704 707//707
f 810//810 704//704 823//823
f 809//809 815//815 821//821
f 809//809 810//810 815//815
f 808//808 809//809 807//807
f 807//807 814//814 813//813
f 913//913 813//813 812//812
f 702//702 806//806 711//711
f 806//806 912//912 711//711
f 711//711 912//912 811//811
f 810//810 809//809 699//699
f 810//810 699//699 700//700
f 809//809 808//808 698//698
f 809//809 698//698 699//699
f 808//808 807//807 695//695
f 807//807 703//703 695//695
f 813//813 805//805 807//807
f 807//807 805//805 703//703
f 813//813 913//913 805//805
f 702//702 697//697 806//806
f 805//805 804//804 694//694
f 803//803 804//804 805//805
f 697//697 693//693 806//806
f 803//803 801//801 804//804
f 801//801 688//688 804//804
f 693//693 802//802 806//806
f 801//801 800//800 688//688
f 693//693 906//906 802//802
f 693//693 686//686 906//906
f 800//800 801//801 904//904
f 686//686 903//903 906//906
f 686//686 683//683 903//903
f 798//798 684//684 904//904
f 904//904 684//684 800//800
f 799//799 798//798 904//904
f 683//683 797//797 903//903
f 798//798 799//799 902//902
f 798//798 673//673 677//677
f 798//798 902//902 675//675
f 673//673 798//798 675//675
f 676//676 795//795 678//678
f 676//676 556//556 795//795
f 675//675 796//796 674//674
f 674//674 796//796 793//793
f 794//794 793//793 796//796
f 556//556 672//672 795//795
f 793//793 794//794 1010//1010
f 672//672 791//791 795//795
f 793//793 792//792 668//668
f 793//793 1010//1010 792//792
f 669//669 791//791 672//672
f 790//790 791//791 789//789
f 669//669 789//789 791//791
f 792//792 667//667 668//668
f 666//666 897//897 896//896
f 666//666 792//792 897//897
f 667//667 792//792 666//666
f 665//665 790//790 669//669
f 669//669 790//790 789//789
f 896//896 664//664 666//666
f 896//896 787//787 664//664
f 893//893 662//662 787//787
f 661//661 786//786 788//788
f 662//662 893//893 528//528
f 893//893 890//890 528//528
f 528//528 890//890 785//785
f 661//661 783//783 786//786
f 785//785 890//890 784//784
f 659//659 527//527 783//783
f 785//785 784//784 658//658
f 525//525 785//785 658//658
f 782//782 783//783 781//781
f 527//527 781//781 783//783
f 657//657 781//781 527//527
f 887//887 1000//1000 658//658
f 519//519 884//884 657//657
f 519//519 779//779 884//884
f 519//519 654//654 779//779
f 780//780 655//655 656//656
f 654//654 653//653 779//779
f 1103//1103 778//778 780//780
f 778//778 358//358 780//780
f 653//653 777//777 779//779
f 653//653 776//776 777//777
f 653//653 774//774 776//776
f 653//653 652//652 774//774
f 652//652 879//879 774//774
f 652//652 651//651 879//879
f 650//650 773//773 772//772
f 771//771 650//650 772//772
f 879//879 651//651 649//649
f 770//770 879//879 649//649
f 771//771 772//772 878//878
f 770//770 649//649 769//769
f 649//649 648//648 769//769
f 647//647 771//771 878//878
f 769//769 768//768 770//770
f 646//646 768//768 648//648
f 648//648 768//768 769//769
f 878//878 877//877 647//647
f 646//646 767//767 768//768
f 646//646 766//766 767//767
f 765//765 644//644 875//875
f 646//646 764//764 766//766
f 646//646 643//643 764//764
f 765//765 986//986 644//644
f 643//643 763//763 764//764
f 643//643 502//502 763//763
f 986//986 762//762 644//644
f 502//502 641//641 763//763
f 982//982 640//640 762//762
f 641//641 760//760 763//763
f 982//982 761//761 640//640
f 641//641 638//638 760//760
f 872//872 637//637 761//761
f 638//638 759//759 760//760
f 638//638 635//635 759//759
f 872//872 633//633 637//637
f 635//635 634//634 759//759
f 872//872 758//758 633//633
f 759//759 634//634 632//632
f 757//757 759//759 632//632
f 870//870 631//631 758//758
f 755//755 631//631 870//870
f 632//632 756//756 757//757
f 629//629 756//756 632//632
f 755//755 870//870 754//754
f 629//629 753//753 756//756
f 629//629 489//489 753//753
f 628//628 755//755 752//752
f 752//752 755//755 975//975
f 975//975 755//755 754//754
f 489//489 625//625 753//753
f 752//752 624//624 628//628
f 751//751 624//624 752//752
f 625//625 750//750 753//753
f 751//751 748//748 624//624
f 749//749 748//748 751//751
f 749//749 751//751 752//752
f 625//625 747//747 750//750
f 625//625 621//621 747//747
f 746//746 612//612 618//618
f 748//748 746//746 618//618
f 861//861 746//746 748//748
f 861//861 748//748 749//749
f 747//747 621//621 744//744
f 739//739 611//611 746//746
f 746//746 611//611 612//612
f 738//738 746//746 861//861
f 744//744 745//745 747//747
f 744//744 610//610 745//745
f 735//735 607//607 743//743
f 733//733 743//743 742//742
f 740//740 733//733 742//742
f 740//740 739//739 741//741
f 746//746 738//738 741//741
f 739//739 746//746 741//741
f 610//610 737//737 745//745
f 610//610 606//606 737//737
f 729//729 601//601 736//736
f 735//735 728//728 736//736
f 743//743 734//734 728//728
f 735//735 743//743 728//728
f 743//743 849//849 734//734
f 743//743 733//733 849//849
f 849//849 733//733 740//740
f 726//726 732//732 606//606
f 725//725 599//599 722//722
f 731//731 724//724 722//722
f 731//731 844//844 724//724
f 729//729 730//730 844//844
f 731//731 729//729 844//844
f 729//729 736//736 730//730
f 730//730 736//736 728//728
f 726//726 727//727 732//732
f 726//726 725//725 727//727
f 725//725 841//841 727//727
f 722//722 723//723 841//841
f 725//725 722//722 841//841
f 723//723 722//722 724//724
f 714//714 835//835 720//720
f 713//713 720//720 721//721
f 719//719 835//835 714//714
f 718//718 714//714 720//720
f 713//713 718//718 720//720
f 713//713 721//721 717//717
f 716//716 717//717 721//721
f 714//714 715//715 719//719
f 710//710 714//714 718//718
f 718//718 713//713 598//598
f 713//713 597//597 598//598
f 716//716 832//832 717//717
f 826//826 709//709 717//717
f 715//715 714//714 710//710
f 711//711 715//715 710//710
f 718//718 595//595 710//710
f 713//713 717//717 596//596
f 713//713 596//596 597//597
f 709//709 593//593 717//717
f 717//717 593//593 596//596
f 826//826 712//712 709//709
f 709//709 712//712 707//707
f 708//708 709//709 707//707
f 711//711 710//710 702//702
f 710//710 595//595 702//702
f 706//706 589//589 709//709
f 705//705 709//709 708//708
f 705//705 706//706 709//709
f 708//708 704//704 705//705
f 707//707 704//704 708//708
f 595//595 588//588 702//702
f 705//705 584//584 706//706
f 705//705 700//700 701//701
f 705//705 810//810 700//700
f 704//704 810//810 705//705
f 805//805 695//695 703//703
f 588//588 697//697 702//702
f 701//701 580//580 705//705
f 705//705 580//580 584//584
f 692//692 700//700 699//699
f 692//692 701//701 700//700
f 691//691 692//692 699//699
f 691//691 699//699 698//698
f 691//691 698//698 808//808
f 696//696 808//808 695//695
f 696//696 691//691 808//808
f 695//695 805//805 694//694
f 588//588 581//581 697//697
f 701//701 579//579 580//580
f 692//692 578//578 701//701
f 701//701 578//578 579//579
f 689//689 691//691 696//696
f 689//689 690//690 691//691
f 689//689 696//696 695//695
f 695//695 688//688 689//689
f 695//695 804//804 688//688
f 694//694 804//804 695//695
f 581//581 693//693 697//697
f 692//692 571//571 578//578
f 692//692 691//691 569//569
f 692//692 569//569 571//571
f 691//691 690//690 577//577
f 691//691 577//577 569//569
f 690//690 689//689 577//577
f 687//687 689//689 688//688
f 687//687 684//684 689//689
f 581//581 686//686 693//693
f 684//684 685//685 689//689
f 685//685 570//570 689//689
f 687//687 688//688 800//800
f 684//684 687//687 800//800
f 683//683 686//686 682//682
f 581//581 682//682 686//686
f 684//684 681//681 685//685
f 684//684 679//679 681//681
f 683//683 682//682 680//680
f 581//581 563//563 680//680
f 581//581 680//680 682//682
f 679//679 560//560 681//681
f 679//679 684//684 798//798
f 683//683 680//680 563//563
f 678//678 683//683 563//563
f 679//679 798//798 677//677
f 678//678 563//563 676//676
f 563//563 556//556 676//676
f 679//679 552//552 560//560
f 677//677 673//673 679//679
f 679//679 551//551 552//552
f 673//673 549//549 679//679
f 679//679 549//549 551//551
f 673//673 675//675 674//674
f 556//556 548//548 672//672
f 673//673 671//671 546//546
f 673//673 546//546 549//549
f 673//673 674//674 793//793
f 671//671 673//673 793//793
f 548//548 670//670 672//672
f 671//671 793//793 668//668
f 670//670 669//669 672//672
f 543//543 669//669 548//548
f 548//548 669//669 670//670
f 671//671 539//539 541//541
f 539//539 671//671 668//668
f 666//666 539//539 667//667
f 667//667 539//539 668//668
f 543//543 665//665 669//669
f 666//666 663//663 539//539
f 663//663 666//666 664//664
f 543//543 788//788 665//665
f 543//543 536//536 788//788
f 663//663 664//664 787//787
f 536//536 661//661 788//788
f 663//663 662//662 660//660
f 663//663 660//660 534//534
f 663//663 787//787 662//662
f 660//660 662//662 528//528
f 661//661 536//536 659//659
f 783//783 661//661 659//659
f 391//391 530//530 659//659
f 391//391 659//659 536//536
f 531//531 660//660 528//528
f 527//527 659//659 530//530
f 785//785 525//525 528//528
f 522//522 525//525 520//520
f 658//658 520//520 525//525
f 523//523 657//657 527//527
f 520//520 658//658 1000//1000
f 523//523 519//519 657//657
f 518//518 1000//1000 656//656
f 518//518 520//520 1000//1000
f 656//656 516//516 518//518
f 517//517 654//654 519//519
f 516//516 656//656 655//655
f 780//780 514//514 655//655
f 517//517 653//653 654//654
f 517//517 513//513 653//653
f 780//780 358//358 514//514
f 778//778 510//510 358//358
f 513//513 511//511 653//653
f 778//778 775//775 510//510
f 653//653 511//511 509//509
f 652//652 653//653 509//509
f 775//775 650//650 510//510
f 650//650 508//508 510//510
f 509//509 651//651 652//652
f 507//507 649//649 509//509
f 649//649 651//651 509//509
f 650//650 771//771 508//508
f 771//771 506//506 508//508
f 507//507 355//355 649//649
f 355//355 648//648 649//649
f 506//506 771//771 505//505
f 505//505 771//771 647//647
f 355//355 646//646 648//648
f 355//355 504//504 646//646
f 504//504 352//352 646//646
f 647//647 645//645 503//503
f 647//647 877//877 875//875
f 645//645 647//647 875//875
f 352//352 502//502 646//646
f 645//645 501//501 503//503
f 645//645 875//875 644//644
f 502//502 643//643 646//646
f 645//645 642//642 501//501
f 642//642 645//645 644//644
f 642//642 644//644 762//762
f 496//496 641//641 502//502
f 642//642 639//639 495//495
f 642//642 495//495 498//498
f 642//642 762//762 640//640
f 639//639 642//642 640//640
f 639//639 640//640 761//761
f 338//338 638//638 641//641
f 639//639 636//636 494//494
f 639//639 761//761 637//637
f 636//636 639//639 637//637
f 338//338 492//492 635//635
f 338//338 635//635 638//638
f 636//636 637//637 633//633
f 334//334 632//632 492//492
f 632//632 634//634 492//492
f 492//492 634//634 635//635
f 636//636 631//631 490//490
f 636//636 633//633 758//758
f 631//631 636//636 758//758
f 334//334 489//489 632//632
f 631//631 630//630 490//490
f 755//755 630//630 631//631
f 489//489 629//629 632//632
f 630//630 627//627 484//484
f 630//630 755//755 628//628
f 627//627 630//630 628//628
f 627//627 626//626 484//484
f 626//626 627//627 628//628
f 483//483 625//625 489//489
f 623//623 479//479 626//626
f 626//626 624//624 623//623
f 624//624 626//626 628//628
f 625//625 483//483 622//622
f 469//469 622//622 483//483
f 623//623 619//619 479//479
f 619//619 472//472 479//479
f 748//748 623//623 624//624
f 622//622 621//621 625//625
f 469//469 621//621 622//622
f 616//616 617//617 470//470
f 616//616 470//470 615//615
f 613//613 474//474 620//620
f 613//613 614//614 474//474
f 611//611 620//620 619//619
f 611//611 613//613 620//620
f 619//619 612//612 611//611
f 623//623 618//618 612//612
f 619//619 623//623 612//612
f 618//618 623//623 748//748
f 469//469 744//744 621//621
f 468//468 744//744 469//469
f 468//468 463//463 744//744
f 608//608 609//609 617//617
f 609//609 465//465 617//617
f 616//616 608//608 617//617
f 742//742 743//743 616//616
f 616//616 615//615 742//742
f 614//614 740//740 742//742
f 615//615 614//614 742//742
f 613//613 739//739 740//740
f 614//614 613//613 740//740
f 613//613 611//611 739//739
f 463//463 605//605 610//610
f 744//744 463//463 610//610
f 602//602 603//603 609//609
f 603//603 460//460 609//609
f 601//601 602//602 609//609
f 608//608 601//601 609//609
f 608//608 736//736 601//601
f 735//735 736//736 608//608
f 616//616 607//607 735//735
f 608//608 616//616 735//735
f 607//607 616//616 743//743
f 605//605 606//606 610//610
f 605//605 726//726 606//606
f 600//600 605//605 604//604
f 600//600 726//726 605//605
f 599//599 604//604 603//603
f 599//599 600//600 604//604
f 603//603 722//722 599//599
f 731//731 722//722 603//603
f 602//602 729//729 731//731
f 603//603 602//602 731//731
f 602//602 601//601 729//729
f 600//600 725//725 726//726
f 600//600 599//599 725//725
f 594//594 718//718 598//598
f 595//595 718//718 594//594
f 593//593 597//597 596//596
f 587//587 595//595 594//594
f 592//592 594//594 598//598
f 591//591 592//592 598//598
f 591//591 598//598 597//597
f 590//590 597//597 593//593
f 590//590 591//591 597//597
f 593//593 709//709 590//590
f 589//589 590//590 709//709
f 588//588 595//595 587//587
f 594//594 592//592 587//587
f 587//587 592//592 459//459
f 586//586 458//458 591//591
f 585//585 591//591 590//590
f 585//585 586//586 591//591
f 590//590 706//706 584//584
f 589//589 706//706 590//590
f 459//459 588//588 587//587
f 586//586 585//585 458//458
f 583//583 585//585 590//590
f 582//582 590//590 584//584
f 582//582 583//583 590//590
f 581//581 588//588 457//457
f 588//588 459//459 457//457
f 456//456 457//457 459//459
f 585//585 583//583 455//455
f 585//585 455//455 452//452
f 575//575 582//582 584//584
f 584//584 580//580 575//575
f 581//581 457//457 576//576
f 457//457 451//451 576//576
f 575//575 448//448 582//582
f 574//574 575//575 580//580
f 573//573 580//580 579//579
f 573//573 574//574 580//580
f 572//572 579//579 578//578
f 572//572 573//573 579//579
f 689//689 569//569 577//577
f 581//581 576//576 451//451
f 575//575 574//574 573//573
f 567//567 573//573 572//572
f 567//567 572//572 578//578
f 566//566 578//578 571//571
f 566//566 567//567 578//578
f 569//569 570//570 564//564
f 689//689 570//570 569//569
f 581//581 451//451 562//562
f 451//451 446//446 562//562
f 567//567 568//568 573//573
f 568//568 441//441 573//573
f 573//573 441//441 442//442
f 565//565 571//571 569//569
f 565//565 566//566 571//571
f 564//564 565//565 569//569
f 570//570 685//685 564//564
f 681//681 564//564 685//685
f 563//563 581//581 562//562
f 568//568 435//435 441//441
f 561//561 568//568 567//567
f 561//561 567//567 566//566
f 565//565 561//561 566//566
f 557//557 565//565 564//564
f 564//564 560//560 557//557
f 564//564 681//681 560//560
f 563//563 562//562 559//559
f 446//446 559//559 562//562
f 568//568 558//558 430//430
f 568//568 430//430 435//435
f 558//558 568//568 561//561
f 555//555 561//561 565//565
f 555//555 558//558 561//561
f 554//554 555//555 565//565
f 553//553 565//565 557//557
f 553//553 554//554 565//565
f 563//563 559//559 428//428
f 556//556 563//563 428//428
f 446//446 428//428 559//559
f 558//558 425//425 430//430
f 558//558 429//429 425//425
f 558//558 424//424 429//429
f 555//555 424//424 558//558
f 557//557 560//560 552//552
f 553//553 557//557 552//552
f 556//556 428//428 423//423
f 555//555 421//421 424//424
f 550//550 420//420 555//555
f 555//555 420//420 421//421
f 550//550 555//555 554//554
f 552//552 551//551 553//553
f 549//549 553//553 551//551
f 556//556 423//423 548//548
f 547//547 408//408 550//550
f 550//550 408//408 420//420
f 550//550 554//554 553//553
f 553//553 549//549 546//546
f 550//550 553//553 546//546
f 423//423 413//413 545//545
f 423//423 545//545 548//548
f 544//544 547//547 550//550
f 550//550 546//546 671//671
f 544//544 550//550 671//671
f 548//548 545//545 413//413
f 543//543 548//548 413//413
f 547//547 402//402 408//408
f 544//544 402//402 547//547
f 544//544 671//671 541//541
f 542//542 544//544 541//541
f 543//543 413//413 540//540
f 413//413 401//401 540//540
f 544//544 399//399 402//402
f 537//537 544//544 542//542
f 541//541 539//539 542//542
f 401//401 543//543 540//540
f 544//544 538//538 392//392
f 544//544 392//392 399//399
f 537//537 538//538 544//544
f 542//542 539//539 663//663
f 537//537 542//542 663//663
f 536//536 543//543 535//535
f 401//401 391//391 535//535
f 401//401 535//535 543//543
f 533//533 538//538 537//537
f 534//534 533//533 537//537
f 537//537 663//663 534//534
f 535//535 391//391 536//536
f 533//533 532//532 538//538
f 532//532 380//380 538//538
f 538//538 380//380 387//387
f 533//533 534//534 660//660
f 532//532 533//533 660//660
f 382//382 530//530 391//391
f 532//532 529//529 376//376
f 532//532 376//376 380//380
f 528//528 529//529 532//532
f 532//532 531//531 528//528
f 660//660 531//531 532//532
f 382//382 527//527 530//530
f 382//382 375//375 527//527
f 528//528 526//526 529//529
f 524//524 526//526 528//528
f 524//524 528//528 525//525
f 375//375 523//523 527//527
f 524//524 525//525 522//522
f 375//375 371//371 523//523
f 524//524 521//521 526//526
f 521//521 524//524 522//522
f 371//371 519//519 523//523
f 371//371 368//368 519//519
f 369//369 521//521 518//518
f 518//518 521//521 520//520
f 520//520 521//521 522//522
f 368//368 517//517 519//519
f 518//518 515//515 369//369
f 515//515 518//518 516//516
f 362//362 515//515 514//514
f 514//514 515//515 655//655
f 655//655 515//515 516//516
f 364//364 513//513 517//517
f 514//514 361//361 362//362
f 364//364 512//512 513//513
f 514//514 360//360 361//361
f 360//360 514//514 358//358
f 512//512 511//511 513//513
f 357//357 509//509 364//364
f 509//509 511//511 364//364
f 364//364 511//511 512//512
f 510//510 508//508 358//358
f 357//357 355//355 509//509
f 355//355 507//507 509//509
f 506//506 353//353 508//508
f 506//506 349//349 353//353
f 209//209 352//352 355//355
f 506//506 505//505 349//349
f 352//352 504//504 355//355
f 505//505 647//647 349//349
f 647//647 348//348 349//349
f 647//647 503//503 348//348
f 344//344 502//502 352//352
f 344//344 343//343 502//502
f 500//500 642//642 342//342
f 500//500 501//501 642//642
f 502//502 343//343 499//499
f 496//496 502//502 499//499
f 190//190 499//499 343//343
f 642//642 497//497 342//342
f 497//497 642//642 498//498
f 190//190 186//186 496//496
f 190//190 496//496 499//499
f 497//497 498//498 495//495
f 338//338 641//641 186//186
f 186//186 641//641 496//496
f 497//497 337//337 339//339
f 497//497 495//495 639//639
f 497//497 493//493 331//331
f 497//497 331//331 337//337
f 497//497 639//639 494//494
f 493//493 497//497 494//494
f 493//493 494//494 636//636
f 630//630 491//491 493//493
f 491//491 331//331 493//493
f 493//493 636//636 490//490
f 630//630 493//493 490//490
f 334//334 488//488 489//489
f 328//328 488//488 334//334
f 489//489 488//488 487//487
f 328//328 487//487 488//488
f 317//317 485//485 320//320
f 491//491 630//630 484//484
f 317//317 491//491 484//484
f 489//489 487//487 482//482
f 483//483 489//489 482//482
f 328//328 482//482 487//487
f 481//481 314//314 486//486
f 480//480 486//486 322//322
f 480//480 481//481 486//486
f 480//480 322//322 485//485
f 478//478 480//480 485//485
f 478//478 485//485 317//317
f 317//317 626//626 478//478
f 626//626 317//317 484//484
f 309//309 469//469 328//328
f 469//469 483//483 328//328
f 328//328 483//483 482//482
f 477//477 312//312 310//310
f 476//476 477//477 481//481
f 477//477 310//310 481//481
f 475//475 476//476 481//481
f 474//474 475//475 481//481
f 473//473 481//481 480//480
f 473//473 474//474 481//481
f 472//472 480//480 478//478
f 479//479 472//472 478//478
f 479//479 478//478 626//626
f 471//471 464//464 477//477
f 464//464 304//304 477//477
f 476//476 471//471 477//477
f 614//614 615//615 476//476
f 475//475 474//474 614//614
f 476//476 475//475 614//614
f 474//474 473//473 620//620
f 480//480 619//619 620//620
f 473//473 480//480 620//620
f 480//480 472//472 619//619
f 469//469 309//309 468//468
f 468//468 309//309 467//467
f 471//471 617//617 464//464
f 476//476 470//470 617//617
f 471//471 476//476 617//617
f 470//470 476//476 615//615
f 605//605 468//468 467//467
f 463//463 468//468 605//605
f 605//605 467//467 462//462
f 467//467 303//303 462//462
f 462//462 303//303 301//301
f 462//462 301//301 461//461
f 460//460 461//461 466//466
f 461//461 300//300 466//466
f 464//464 460//460 466//466
f 464//464 609//609 460//460
f 464//464 465//465 609//609
f 465//465 464//464 617//617
f 462//462 604//604 605//605
f 462//462 603//603 604//604
f 461//461 460//460 603//603
f 462//462 461//461 603//603
f 459//459 592//592 591//591
f 458//458 459//459 591//591
f 456//456 459//459 454//454
f 453//453 454//454 459//459
f 459//459 452//452 453//453
f 459//459 458//458 452//452
f 585//585 452//452 458//458
f 457//457 456//456 454//454
f 583//583 452//452 455//455
f 457//457 454//454 447//447
f 451//451 457//457 447//447
f 450//450 454//454 453//453
f 449//449 453//453 452//452
f 449//449 450//450 453//453
f 583//583 449//449 452//452
f 583//583 582//582 448//448
f 451//451 447//447 440//440
f 445//445 447//447 454//454
f 449//449 454//454 450//450
f 449//449 445//445 454//454
f 432//432 449//449 583//583
f 437//437 583//583 448//448
f 437//437 432//432 583//583
f 448//448 575//575 573//573
f 446//446 451//451 440//440
f 439//439 440//440 447//447
f 438//438 447//447 445//445
f 438//438 439//439 447//447
f 444//444 445//445 449//449
f 443//443 449//449 432//432
f 443//443 444//444 449//449
f 436//436 437//437 448//448
f 448//448 442//442 436//436
f 573//573 442//442 448//448
f 446//446 440//440 434//434
f 445//445 444//444 438//438
f 438//438 444//444 297//297
f 443//443 299//299 444//444
f 442//442 431//431 436//436
f 442//442 435//435 431//431
f 441//441 435//435 442//442
f 434//434 440//440 439//439
f 439//439 438//438 434//434
f 434//434 438//438 298//298
f 443//443 296//296 299//299
f 433//433 443//443 432//432
f 433//433 296//296 443//443
f 431//431 437//437 436//436
f 431//431 432//432 437//437
f 431//431 435//435 430//430
f 428//428 446//446 422//422
f 427//427 446//446 434//434
f 427//427 422//422 446//446
f 295//295 427//427 434//434
f 298//298 295//295 434//434
f 433//433 294//294 296//296
f 426//426 432//432 431//431
f 426//426 433//433 432//432
f 431//431 425//425 426//426
f 430//430 425//425 431//431
f 425//425 429//429 424//424
f 423//423 428//428 422//422
f 427//427 295//295 422//422
f 422//422 295//295 419//419
f 433//433 417//417 294//294
f 411//411 417//417 433//433
f 416//416 433//433 426//426
f 416//416 411//411 433//433
f 403//403 426//426 425//425
f 403//403 416//416 426//426
f 415//415 403//403 425//425
f 414//414 415//415 425//425
f 425//425 421//421 414//414
f 424//424 421//421 425//425
f 423//423 422//422 419//419
f 421//421 408//408 414//414
f 421//421 420//420 408//408
f 423//423 419//419 407//407
f 413//413 423//423 407//407
f 412//412 407//407 419//419
f 289//289 412//412 419//419
f 418//418 284//284 417//417
f 411//411 418//418 417//417
f 405//405 411//411 416//416
f 394//394 405//405 416//416
f 404//404 416//416 403//403
f 404//404 394//394 416//416
f 410//410 415//415 414//414
f 410//410 403//403 415//415
f 409//409 414//414 408//408
f 409//409 410//410 414//414
f 413//413 407//407 400//400
f 289//289 407//407 412//412
f 411//411 406//406 418//418
f 418//418 406//406 284//284
f 396//396 406//406 411//411
f 405//405 396//396 411//411
f 409//409 403//403 410//410
f 408//408 402//402 409//409
f 401//401 413//413 400//400
f 289//289 281//281 400//400
f 289//289 400//400 407//407
f 397//397 406//406 396//396
f 384//384 396//396 405//405
f 395//395 405//405 394//394
f 395//395 384//384 405//405
f 393//393 404//404 403//403
f 393//393 394//394 404//404
f 399//399 403//403 409//409
f 399//399 393//393 403//403
f 399//399 409//409 402//402
f 400//400 282//282 401//401
f 281//281 282//282 400//400
f 406//406 398//398 275//275
f 406//406 275//275 279//279
f 397//397 398//398 406//406
f 391//391 401//401 390//390
f 282//282 390//390 401//401
f 386//386 398//398 397//397
f 389//389 397//397 396//396
f 389//389 386//386 397//397
f 389//389 396//396 384//384
f 383//383 395//395 394//394
f 383//383 384//384 395//395
f 388//388 394//394 393//393
f 388//388 383//383 394//394
f 388//388 393//393 399//399
f 399//399 392//392 538//538
f 388//388 399//399 538//538
f 391//391 390//390 382//382
f 282//282 382//382 390//390
f 386//386 266//266 398//398
f 398//398 266//266 275//275
f 385//385 386//386 389//389
f 385//385 389//389 384//384
f 538//538 387//387 388//388
f 282//282 264//264 379//379
f 282//282 379//379 382//382
f 386//386 265//265 266//266
f 385//385 259//259 386//386
f 386//386 259//259 265//265
f 378//378 385//385 384//384
f 381//381 384//384 383//383
f 381//381 378//378 384//384
f 381//381 383//383 388//388
f 381//381 388//388 387//387
f 381//381 387//387 380//380
f 259//259 385//385 256//256
f 378//378 373//373 385//385
f 373//373 374//374 385//385
f 385//385 374//374 256//256
f 381//381 380//380 376//376
f 377//377 381//381 376//376
f 382//382 379//379 375//375
f 264//264 255//255 375//375
f 264//264 375//375 379//379
f 372//372 378//378 381//381
f 372//372 373//373 378//378
f 370//370 381//381 377//377
f 370//370 372//372 381//381
f 376//376 529//529 377//377
f 526//526 377//377 529//529
f 374//374 373//373 249//249
f 377//377 369//369 370//370
f 526//526 369//369 377//377
f 255//255 371//371 375//375
f 372//372 246//246 373//373
f 370//370 239//239 372//372
f 372//372 239//239 246//246
f 369//369 526//526 521//521
f 255//255 368//368 371//371
f 370//370 238//238 239//239
f 367//367 234//234 370//370
f 370//370 234//234 238//238
f 365//365 370//370 369//369
f 365//365 367//367 370//370
f 255//255 233//233 366//366
f 255//255 366//366 368//368
f 363//363 367//367 365//365
f 365//365 369//369 515//515
f 366//366 517//517 368//368
f 122//122 364//364 233//233
f 364//364 517//517 233//233
f 233//233 517//517 366//366
f 363//363 228//228 367//367
f 367//367 228//228 231//231
f 365//365 362//362 363//363
f 365//365 515//515 362//362
f 122//122 227//227 364//364
f 363//363 221//221 228//228
f 359//359 221//221 363//363
f 362//362 359//359 363//363
f 362//362 360//360 359//359
f 361//361 360//360 362//362
f 227//227 357//357 364//364
f 356//356 359//359 360//360
f 356//356 214//214 359//359
f 360//360 358//358 508//508
f 356//356 360//360 508//508
f 227//227 355//355 357//357
f 227//227 212//212 355//355
f 353//353 214//214 356//356
f 353//353 356//356 508//508
f 214//214 354//354 206//206
f 214//214 206//206 210//210
f 353//353 354//354 214//214
f 355//355 212//212 209//209
f 348//348 354//354 353//353
f 348//348 353//353 349//349
f 352//352 209//209 351//351
f 209//209 202//202 351//351
f 354//354 350//350 200//200
f 348//348 350//350 354//354
f 352//352 351//351 202//202
f 345//345 350//350 348//348
f 352//352 202//202 347//347
f 344//344 352//352 347//347
f 202//202 197//197 347//347
f 350//350 346//346 194//194
f 345//345 346//346 350//350
f 345//345 348//348 503//503
f 345//345 500//500 346//346
f 501//501 500//500 345//345
f 501//501 345//345 503//503
f 347//347 343//343 344//344
f 190//190 343//343 197//197
f 197//197 343//343 347//347
f 346//346 341//341 191//191
f 346//346 500//500 342//342
f 341//341 346//346 342//342
f 340//340 191//191 341//341
f 341//341 342//342 497//497
f 340//340 341//341 497//497
f 339//339 179//179 340//340
f 340//340 497//497 339//339
f 181//181 338//338 186//186
f 337//337 179//179 339//339
f 181//181 492//492 338//338
f 335//335 336//336 173//173
f 335//335 173//173 179//179
f 179//179 337//337 331//331
f 492//492 181//181 167//167
f 334//334 492//492 167//167
f 178//178 167//167 181//181
f 325//325 333//333 336//336
f 333//333 169//169 336//336
f 332//332 336//336 335//335
f 332//332 325//325 336//336
f 330//330 335//335 179//179
f 330//330 332//332 335//335
f 330//330 179//179 331//331
f 334//334 167//167 329//329
f 321//321 326//326 333//333
f 319//319 321//321 333//333
f 318//318 333//333 325//325
f 318//318 319//319 333//333
f 330//330 491//491 332//332
f 331//331 491//491 330//330
f 329//329 328//328 334//334
f 160//160 328//328 167//167
f 167//167 328//328 329//329
f 323//323 324//324 327//327
f 323//323 327//327 326//326
f 321//321 323//323 326//326
f 316//316 325//325 332//332
f 316//316 318//318 325//325
f 332//332 491//491 317//317
f 316//316 332//332 317//317
f 315//315 157//157 324//324
f 312//312 324//324 323//323
f 312//312 315//315 324//324
f 321//321 486//486 323//323
f 322//322 486//486 321//321
f 321//321 485//485 322//322
f 319//319 320//320 485//485
f 321//321 319//319 485//485
f 319//319 318//318 320//320
f 316//316 317//317 320//320
f 318//318 316//316 320//320
f 328//328 160//160 155//155
f 311//311 313//313 315//315
f 312//312 311//311 315//315
f 314//314 481//481 312//312
f 323//323 486//486 314//314
f 312//312 323//323 314//314
f 309//309 328//328 155//155
f 307//307 148//148 313//313
f 148//148 152//152 313//313
f 311//311 307//307 313//313
f 311//311 477//477 307//307
f 312//312 477//477 311//311
f 310//310 312//312 481//481
f 306//306 309//309 155//155
f 467//467 309//309 306//306
f 143//143 305//305 145//145
f 307//307 143//143 308//308
f 307//307 308//308 148//148
f 304//304 307//307 477//477
f 302//302 306//306 305//305
f 302//302 467//467 306//306
f 303//303 467//467 302//302
f 301//301 305//305 143//143
f 301//301 302//302 305//305
f 300//300 301//301 143//143
f 307//307 300//300 143//143
f 307//307 466//466 300//300
f 307//307 464//464 466//466
f 464//464 307//307 304//304
f 302//302 301//301 303//303
f 301//301 300//300 461//461
f 299//299 297//297 444//444
f 297//297 298//298 438//438
f 297//297 296//296 290//290
f 297//297 299//299 296//296
f 298//298 297//297 292//292
f 295//295 298//298 292//292
f 292//292 297//297 290//290
f 296//296 293//293 290//290
f 294//294 293//293 296//296
f 292//292 419//419 295//295
f 291//291 286//286 292//292
f 291//291 292//292 290//290
f 290//290 293//293 294//294
f 419//419 292//292 288//288
f 289//289 419//419 288//288
f 286//286 288//288 292//292
f 285//285 286//286 291//291
f 285//285 291//291 290//290
f 290//290 294//294 417//417
f 285//285 290//290 417//417
f 289//289 288//288 287//287
f 287//287 288//288 286//286
f 285//285 417//417 284//284
f 280//280 289//289 287//287
f 283//283 280//280 287//287
f 283//283 287//287 286//286
f 283//283 286//286 285//285
f 285//285 284//284 283//283
f 406//406 283//283 284//284
f 281//281 289//289 278//278
f 280//280 278//278 289//289
f 267//267 280//280 283//283
f 276//276 267//267 283//283
f 279//279 276//276 283//283
f 283//283 406//406 279//279
f 282//282 281//281 278//278
f 277//277 278//278 280//280
f 274//274 277//277 280//280
f 268//268 280//280 267//267
f 268//268 274//274 280//280
f 276//276 279//279 275//275
f 282//282 278//278 272//272
f 272//272 278//278 277//277
f 271//271 272//272 277//277
f 274//274 271//271 277//277
f 276//276 275//275 267//267
f 282//282 272//272 273//273
f 270//270 271//271 274//274
f 269//269 274//274 268//268
f 269//269 270//270 274//274
f 275//275 260//260 267//267
f 266//266 260//260 275//275
f 282//282 273//273 263//263
f 264//264 282//282 263//263
f 263//263 273//273 272//272
f 262//262 263//263 272//272
f 272//272 271//271 262//262
f 270//270 269//269 271//271
f 269//269 142//142 271//271
f 252//252 269//269 268//268
f 261//261 268//268 267//267
f 261//261 252//252 268//268
f 261//261 267//267 260//260
f 260//260 266//266 265//265
f 259//259 260//260 265//265
f 264//264 263//263 258//258
f 263//263 262//262 258//258
f 258//258 262//262 140//140
f 269//269 141//141 142//142
f 252//252 257//257 269//269
f 257//257 139//139 269//269
f 251//251 252//252 261//261
f 250//250 261//261 260//260
f 250//250 251//251 261//261
f 259//259 256//256 260//260
f 264//264 258//258 254//254
f 255//255 264//264 254//254
f 140//140 137//137 258//258
f 252//252 253//253 257//257
f 247//247 250//250 260//260
f 249//249 260//260 256//256
f 249//249 247//247 260//260
f 249//249 256//256 374//374
f 255//255 254//254 248//248
f 254//254 258//258 248//248
f 258//258 138//138 248//248
f 137//137 138//138 258//258
f 252//252 242//242 253//253
f 242//242 131//131 253//253
f 242//242 252//252 251//251
f 242//242 251//251 250//250
f 241//241 250//250 247//247
f 241//241 242//242 250//250
f 373//373 239//239 249//249
f 255//255 248//248 245//245
f 138//138 245//245 248//248
f 242//242 127//127 131//131
f 244//244 128//128 242//242
f 242//242 128//128 127//127
f 243//243 244//244 242//242
f 235//235 247//247 249//249
f 235//235 241//241 247//247
f 240//240 249//249 239//239
f 240//240 235//235 249//249
f 373//373 246//246 239//239
f 255//255 245//245 237//237
f 138//138 237//237 245//245
f 236//236 244//244 243//243
f 236//236 243//243 242//242
f 236//236 242//242 241//241
f 235//235 236//236 241//241
f 235//235 240//240 239//239
f 239//239 234//234 235//235
f 239//239 238//238 234//234
f 255//255 237//237 233//233
f 138//138 122//122 233//233
f 138//138 233//233 237//237
f 236//236 232//232 244//244
f 232//232 118//118 244//244
f 244//244 118//118 123//123
f 230//230 232//232 236//236
f 230//230 236//236 235//235
f 218//218 230//230 235//235
f 229//229 218//218 235//235
f 231//231 235//235 234//234
f 231//231 229//229 235//235
f 231//231 234//234 367//367
f 232//232 115//115 118//118
f 223//223 232//232 230//230
f 227//227 122//122 226//226
f 122//122 114//114 226//226
f 232//232 108//108 115//115
f 223//223 225//225 232//232
f 225//225 109//109 232//232
f 232//232 109//109 108//108
f 224//224 225//225 223//223
f 219//219 230//230 218//218
f 219//219 223//223 230//230
f 222//222 229//229 231//231
f 222//222 218//218 229//229
f 231//231 228//228 221//221
f 222//222 231//231 221//221
f 227//227 226//226 114//114
f 220//220 225//225 224//224
f 220//220 224//224 223//223
f 215//215 223//223 219//219
f 215//215 220//220 223//223
f 222//222 217//217 218//218
f 221//221 217//217 222//222
f 114//114 102//102 227//227
f 220//220 96//96 225//225
f 225//225 96//96 103//103
f 215//215 216//216 220//220
f 211//211 219//219 218//218
f 211//211 215//215 219//219
f 210//210 218//218 217//217
f 210//210 211//211 218//218
f 221//221 359//359 217//217
f 214//214 217//217 359//359
f 212//212 227//227 213//213
f 102//102 213//213 227//227
f 207//207 220//220 216//216
f 207//207 96//96 220//220
f 207//207 216//216 215//215
f 205//205 207//207 215//215
f 203//203 215//215 211//211
f 203//203 205//205 215//215
f 217//217 214//214 210//210
f 90//90 209//209 102//102
f 209//209 212//212 102//102
f 102//102 212//212 213//213
f 96//96 207//207 91//91
f 96//96 91//91 92//92
f 207//207 208//208 91//91
f 206//206 211//211 210//210
f 206//206 203//203 211//211
f 90//90 87//87 209//209
f 205//205 208//208 207//207
f 204//204 205//205 203//203
f 203//203 206//206 354//354
f 87//87 202//202 209//209
f 87//87 76//76 202//202
f 208//208 201//201 80//80
f 208//208 80//80 79//79
f 198//198 208//208 205//205
f 198//198 201//201 208//208
f 193//193 198//198 205//205
f 199//199 205//205 204//204
f 199//199 193//193 205//205
f 199//199 204//204 203//203
f 203//203 354//354 200//200
f 199//199 203//203 200//200
f 76//76 197//197 202//202
f 195//195 201//201 198//198
f 350//350 193//193 199//199
f 199//199 200//200 350//350
f 201//201 196//196 72//72
f 195//195 196//196 201//201
f 192//192 198//198 193//193
f 192//192 195//195 198//198
f 193//193 350//350 194//194
f 182//182 196//196 195//195
f 192//192 182//182 195//195
f 191//191 192//192 193//193
f 193//193 194//194 346//346
f 191//191 193//193 346//346
f 197//197 189//189 190//190
f 70//70 189//189 197//197
f 183//183 63//63 196//196
f 188//188 196//196 182//182
f 188//188 183//183 196//196
f 187//187 182//182 192//192
f 187//187 192//192 191//191
f 190//190 189//189 186//186
f 70//70 186//186 189//189
f 184//184 185//185 183//183
f 183//183 185//185 63//63
f 183//183 188//188 182//182
f 187//187 340//340 182//182
f 191//191 340//340 187//187
f 181//181 186//186 180//180
f 70//70 180//180 186//186
f 185//185 175//175 61//61
f 175//175 185//185 184//184
f 174//174 184//184 183//183
f 172//172 174//174 183//183
f 172//172 183//183 182//182
f 182//182 340//340 179//179
f 172//172 182//182 179//179
f 181//181 180//180 177//177
f 70//70 177//177 180//180
f 176//176 61//61 175//175
f 168//168 175//175 184//184
f 168//168 184//184 174//174
f 172//172 179//179 173//173
f 177//177 178//178 181//181
f 177//177 57//57 178//178
f 164//164 171//171 176//176
f 171//171 54//54 176//176
f 163//163 164//164 176//176
f 163//163 176//176 175//175
f 170//170 175//175 168//168
f 170//170 163//163 175//175
f 174//174 336//336 168//168
f 172//172 173//173 336//336
f 174//174 172//172 336//336
f 178//178 57//57 166//166
f 167//167 178//178 166//166
f 57//57 50//50 166//166
f 165//165 52//52 171//171
f 170//170 333//333 163//163
f 168//168 169//169 333//333
f 170//170 168//168 333//333
f 169//169 168//168 336//336
f 167//167 166//166 50//50
f 162//162 45//45 165//165
f 161//161 165//165 171//171
f 161//161 162//162 165//165
f 161//161 171//171 164//164
f 164//164 327//327 161//161
f 326//326 327//327 164//164
f 164//164 163//163 326//326
f 326//326 163//163 333//333
f 167//167 50//50 150//150
f 160//160 167//167 150//150
f 150//150 50//50 159//159
f 158//158 44//44 162//162
f 162//162 44//44 45//45
f 156//156 162//162 161//161
f 161//161 324//324 156//156
f 324//324 161//161 327//327
f 155//155 160//160 150//150
f 37//37 39//39 150//150
f 37//37 150//150 159//159
f 152//152 153//153 158//158
f 151//151 152//152 158//158
f 151//151 158//158 162//162
f 156//156 151//151 162//162
f 156//156 315//315 151//151
f 157//157 315//315 156//156
f 157//157 156//156 324//324
f 150//150 39//39 144//144
f 144//144 39//39 38//38
f 149//149 144//144 154//154
f 144//144 38//38 154//154
f 149//149 154//154 153//153
f 147//147 153//153 152//152
f 147//147 149//149 153//153
f 151//151 313//313 152//152
f 313//313 151//151 315//315
f 150//150 306//306 155//155
f 146//146 150//150 144//144
f 146//146 306//306 150//150
f 147//147 308//308 149//149
f 148//148 308//308 147//147
f 147//147 152//152 148//148
f 146//146 305//305 306//306
f 146//146 144//144 305//305
f 144//144 145//145 305//305
f 149//149 143//143 145//145
f 144//144 149//149 145//145
f 143//143 149//149 308//308
f 142//142 140//140 271//271
f 262//262 271//271 140//140
f 140//140 135//135 133//133
f 140//140 141//141 135//135
f 142//142 141//141 140//140
f 135//135 141//141 269//269
f 139//139 135//135 269//269
f 137//137 140//140 134//134
f 136//136 140//140 133//133
f 136//136 134//134 140//140
f 253//253 139//139 257//257
f 138//138 137//137 134//134
f 132//132 135//135 139//139
f 132//132 133//133 135//135
f 139//139 131//131 132//132
f 253//253 131//131 139//139
f 138//138 134//134 126//126
f 124//124 126//126 134//134
f 124//124 134//134 136//136
f 130//130 124//124 136//136
f 129//129 136//136 133//133
f 129//129 130//130 136//136
f 129//129 133//133 132//132
f 132//132 127//127 129//129
f 131//131 127//127 132//132
f 125//125 126//126 124//124
f 124//124 130//130 129//129
f 120//120 124//124 129//129
f 123//123 120//120 129//129
f 123//123 129//129 127//127
f 127//127 128//128 244//244
f 123//123 127//127 244//244
f 138//138 126//126 117//117
f 122//122 138//138 117//117
f 112//112 117//117 126//126
f 121//121 126//126 125//125
f 121//121 112//112 126//126
f 121//121 125//125 124//124
f 120//120 121//121 124//124
f 119//119 120//120 123//123
f 122//122 117//117 107//107
f 105//105 112//112 121//121
f 116//116 105//105 121//121
f 116//116 121//121 120//120
f 115//115 120//120 119//119
f 115//115 116//116 120//120
f 115//115 119//119 123//123
f 123//123 118//118 115//115
f 114//114 122//122 107//107
f 113//113 117//117 112//112
f 113//113 107//107 117//117
f 111//111 105//105 116//116
f 110//110 111//111 116//116
f 110//110 116//116 115//115
f 115//115 108//108 110//110
f 114//114 107//107 101//101
f 106//106 113//113 112//112
f 106//106 107//107 113//113
f 100//100 112//112 105//105
f 100//100 106//106 112//112
f 97//97 111//111 110//110
f 97//97 105//105 111//111
f 93//93 97//97 110//110
f 104//104 93//93 110//110
f 104//104 110//110 108//108
f 108//108 109//109 225//225
f 104//104 108//108 225//225
f 114//114 101//101 102//102
f 36//36 101//101 107//107
f 107//107 106//106 36//36
f 99//99 100//100 105//105
f 98//98 105//105 97//97
f 98//98 99//99 105//105
f 88//88 93//93 104//104
f 225//225 103//103 104//104
f 96//96 104//104 103//103
f 95//95 102//102 101//101
f 101//101 36//36 95//95
f 95//95 36//36 34//34
f 100//100 99//99 98//98
f 100//100 98//98 35//35
f 94//94 98//98 97//97
f 94//94 97//97 93//93
f 104//104 92//92 88//88
f 96//96 92//92 104//104
f 102//102 95//95 90//90
f 34//34 90//90 95//95
f 94//94 89//89 98//98
f 89//89 31//31 98//98
f 85//85 94//94 93//93
f 85//85 93//93 88//88
f 208//208 92//92 91//91
f 34//34 87//87 90//90
f 94//94 82//82 89//89
f 89//89 82//82 31//31
f 86//86 94//94 85//85
f 86//86 82//82 94//94
f 79//79 88//88 92//92
f 79//79 85//85 88//88
f 79//79 92//92 208//208
f 84//84 76//76 87//87
f 34//34 84//84 87//87
f 82//82 86//86 85//85
f 78//78 82//82 85//85
f 81//81 85//85 79//79
f 81//81 78//78 85//85
f 76//76 84//84 24//24
f 68//68 83//83 82//82
f 74//74 68//68 82//82
f 73//73 82//82 78//78
f 73//73 74//74 82//82
f 201//201 81//81 79//79
f 201//201 78//78 81//81
f 79//79 80//80 201//201
f 77//77 197//197 76//76
f 76//76 24//24 20//20
f 83//83 75//75 17//17
f 83//83 17//17 22//22
f 69//69 83//83 68//68
f 69//69 75//75 83//83
f 73//73 78//78 201//201
f 73//73 201//201 72//72
f 77//77 76//76 71//71
f 197//197 77//77 71//71
f 71//71 76//76 20//20
f 62//62 74//74 73//73
f 62//62 68//68 74//74
f 67//67 62//62 73//73
f 73//73 72//72 196//196
f 67//67 73//73 196//196
f 71//71 70//70 197//197
f 60//60 70//70 71//71
f 20//20 13//13 60//60
f 20//20 60//60 71//71
f 75//75 66//66 14//14
f 65//65 75//75 69//69
f 65//65 66//66 75//75
f 64//64 65//65 69//69
f 62//62 69//69 68//68
f 62//62 64//64 69//69
f 67//67 63//63 62//62
f 63//63 67//67 196//196
f 64//64 66//66 65//65
f 61//61 64//64 62//62
f 62//62 185//185 61//61
f 185//185 62//62 63//63
f 60//60 13//13 11//11
f 59//59 56//56 66//66
f 56//56 4//4 66//66
f 59//59 66//66 64//64
f 58//58 64//64 61//61
f 58//58 59//59 64//64
f 70//70 60//60 53//53
f 177//177 70//70 53//53
f 53//53 60//60 11//11
f 11//11 2//2 53//53
f 56//56 3//3 4//4
f 55//55 56//56 59//59
f 58//58 55//55 59//59
f 58//58 176//176 55//55
f 61//61 176//176 58//58
f 53//53 57//57 177//177
f 53//53 2//2 48//48
f 48//48 2//2 6//6
f 43//43 48//48 6//6
f 47//47 6//6 3//3
f 47//47 43//43 6//6
f 45//45 47//47 3//3
f 51//51 3//3 56//56
f 51//51 45//45 3//3
f 51//51 56//56 55//55
f 55//55 171//171 51//51
f 54//54 171//171 55//55
f 54//54 55//55 176//176
f 57//57 53//53 50//50
f 49//49 53//53 48//48
f 49//49 50//50 53//53
f 51//51 165//165 45//45
f 52//52 165//165 51//51
f 52//52 51//51 171//171
f 46//46 50//50 49//49
f 46//46 159//159 50//50
f 46//46 49//49 48//48
f 46//46 48//48 43//43
f 45//45 43//43 47//47
f 42//42 159//159 46//46
f 37//37 159//159 42//42
f 41//41 42//42 46//46
f 40//40 41//41 46//46
f 43//43 40//40 46//46
f 43//43 158//158 40//40
f 44//44 158//158 43//43
f 44//44 43//43 45//45
f 41//41 37//37 42//42
f 41//41 154//154 37//37
f 153//153 154//154 41//41
f 41//41 40//40 153//153
f 153//153 40//40 158//158
f 37//37 38//38 39//39
f 38//38 37//37 154//154
f 35//35 36//36 106//106
f 100//100 35//35 106//106
f 33//33 34//34 36//36
f 33//33 36//36 35//35
f 29//29 35//35 98//98
f 34//34 33//33 32//32
f 32//32 33//33 35//35
f 29//29 32//32 35//35
f 29//29 31//31 28//28
f 98//98 31//31 29//29
f 34//34 32//32 30//30
f 30//30 32//32 29//29
f 31//31 25//25 28//28
f 82//82 25//25 31//31
f 34//34 30//30 23//23
f 27//27 23//23 30//30
f 26//26 27//27 30//30
f 26//26 30//30 29//29
f 25//25 29//29 28//28
f 25//25 26//26 29//29
f 25//25 82//82 83//83
f 24//24 34//34 23//23
f 84//84 34//34 24//24
f 23//23 27//27 26//26
f 21//21 23//23 26//26
f 21//21 26//26 25//25
f 25//25 83//83 22//22
f 21//21 25//25 22//22
f 19//19 24//24 23//23
f 20//20 24//24 19//19
f 18//18 19//19 23//23
f 16//16 18//18 23//23
f 15//15 23//23 21//21
f 15//15 16//16 23//23
f 14//14 15//15 21//21
f 21//21 22//22 17//17
f 14//14 21//21 17//17
f 20//20 19//19 18//18
f 14//14 17//17 75//75
f 20//20 18//18 13//13
f 10//10 18//18 16//16
f 10//10 13//13 18//18
f 9//9 10//10 16//16
f 12//12 16//16 15//15
f 12//12 9//9 16//16
f 12//12 15//15 14//14
f 10//10 7//7 13//13
f 8//8 9//9 12//12
f 12//12 14//14 66//66
f 8//8 12//12 66//66
f 7//7 11//11 13//13
f 5//5 7//7 10//10
f 8//8 10//10 9//9
f 8//8 5//5 10//10
f 4//4 8//8 66//66
f 11//11 7//7 2//2
f 1//1 2//2 7//7
f 5//5 1//1 7//7
f 8//8 3//3 6//6
f 5//5 8//8 6//6
f 3//3 8//8 4//4
f 1//1 6//6 2//2
f 6//6 1//1 5//5

