$MeshFormat
4.1 0 8
$EndMeshFormat
$Entities
0 0 0 1
0 -0.0008667560569581706 -5.623940069199307e-06 -0.0004732807276471101 0.2480086006091813 0.1682200560633887 0.006336815700268284 0 0 
$EndEntities
$Nodes
1 1779 1 1779
3 0 0 1779
1
2
3
4
5
6
7
8
9
10
11
12
13
14
15
16
17
18
19
20
21
22
23
24
25
26
27
28
29
30
31
32
33
34
35
36
37
38
39
40
41
42
43
44
45
46
47
48
49
50
51
52
53
54
55
56
57
58
59
60
61
62
63
64
65
66
67
68
69
70
71
72
73
74
75
76
77
78
79
80
81
82
83
84
85
86
87
88
89
90
91
92
93
94
95
96
97
98
99
100
101
102
103
104
105
106
107
108
109
110
111
112
113
114
115
116
117
118
119
120
121
122
123
124
125
126
127
128
129
130
131
132
133
134
135
136
137
138
139
140
141
142
143
144
145
146
147
148
149
150
151
152
153
154
155
156
157
158
159
160
161
162
163
164
165
166
167
168
169
170
171
172
173
174
175
176
177
178
179
180
181
182
183
184
185
186
187
188
189
190
191
192
193
194
195
196
197
198
199
200
201
202
203
204
205
206
207
208
209
210
211
212
213
214
215
216
217
218
219
220
221
222
223
224
225
226
227
228
229
230
231
232
233
234
235
236
237
238
239
240
241
242
243
244
245
246
247
248
249
250
251
252
253
254
255
256
257
258
259
260
261
262
263
264
265
266
267
268
269
270
271
272
273
274
275
276
277
278
279
280
281
282
283
284
285
286
287
288
289
290
291
292
293
294
295
296
297
298
299
300
301
302
303
304
305
306
307
308
309
310
311
312
313
314
315
316
317
318
319
320
321
322
323
324
325
326
327
328
329
330
331
332
333
334
335
336
337
338
339
340
341
342
343
344
345
346
347
348
349
350
351
352
353
354
355
356
357
358
359
360
361
362
363
364
365
366
367
368
369
370
371
372
373
374
375
376
377
378
379
380
381
382
383
384
385
386
387
388
389
390
391
392
393
394
395
396
397
398
399
400
401
402
403
404
405
406
407
408
409
410
411
412
413
414
415
416
417
418
419
420
421
422
423
424
425
426
427
428
429
430
431
432
433
434
435
436
437
438
439
440
441
442
443
444
445
446
447
448
449
450
451
452
453
454
455
456
457
458
459
460
461
462
463
464
465
466
467
468
469
470
471
472
473
474
475
476
477
478
479
480
481
482
483
484
485
486
487
488
489
490
491
492
493
494
495
496
497
498
499
500
501
502
503
504
505
506
507
508
509
510
511
512
513
514
515
516
517
518
519
520
521
522
523
524
525
526
527
528
529
530
531
532
533
534
535
536
537
538
539
540
541
542
543
544
545
546
547
548
549
550
551
552
553
554
555
556
557
558
559
560
561
562
563
564
565
566
567
568
569
570
571
572
573
574
575
576
577
578
579
580
581
582
583
584
585
586
587
588
589
590
591
592
593
594
595
596
597
598
599
600
601
602
603
604
605
606
607
608
609
610
611
612
613
614
615
616
617
618
619
620
621
622
623
624
625
626
627
628
629
630
631
632
633
634
635
636
637
638
639
640
641
642
643
644
645
646
647
648
649
650
651
652
653
654
655
656
657
658
659
660
661
662
663
664
665
666
667
668
669
670
671
672
673
674
675
676
677
678
679
680
681
682
683
684
685
686
687
688
689
690
691
692
693
694
695
696
697
698
699
700
701
702
703
704
705
706
707
708
709
710
711
712
713
714
715
716
717
718
719
720
721
722
723
724
725
726
727
728
729
730
731
732
733
734
735
736
737
738
739
740
741
742
743
744
745
746
747
748
749
750
751
752
753
754
755
756
757
758
759
760
761
762
763
764
765
766
767
768
769
770
771
772
773
774
775
776
777
778
779
780
781
782
783
784
785
786
787
788
789
790
791
792
793
794
795
796
797
798
799
800
801
802
803
804
805
806
807
808
809
810
811
812
813
814
815
816
817
818
819
820
821
822
823
824
825
826
827
828
829
830
831
832
833
834
835
836
837
838
839
840
841
842
843
844
845
846
847
848
849
850
851
852
853
854
855
856
857
858
859
860
861
862
863
864
865
866
867
868
869
870
871
872
873
874
875
876
877
878
879
880
881
882
883
884
885
886
887
888
889
890
891
892
893
894
895
896
897
898
899
900
901
902
903
904
905
906
907
908
909
910
911
912
913
914
915
916
917
918
919
920
921
922
923
924
925
926
927
928
929
930
931
932
933
934
935
936
937
938
939
940
941
942
943
944
945
946
947
948
949
950
951
952
953
954
955
956
957
958
959
960
961
962
963
964
965
966
967
968
969
970
971
972
973
974
975
976
977
978
979
980
981
982
983
984
985
986
987
988
989
990
991
992
993
994
995
996
997
998
999
1000
1001
1002
1003
1004
1005
1006
1007
1008
1009
1010
1011
1012
1013
1014
1015
1016
1017
1018
1019
1020
1021
1022
1023
1024
1025
1026
1027
1028
1029
1030
1031
1032
1033
1034
1035
1036
1037
1038
1039
1040
1041
1042
1043
1044
1045
1046
1047
1048
1049
1050
1051
1052
1053
1054
1055
1056
1057
1058
1059
1060
1061
1062
1063
1064
1065
1066
1067
1068
1069
1070
1071
1072
1073
1074
1075
1076
1077
1078
1079
1080
1081
1082
1083
1084
1085
1086
1087
1088
1089
1090
1091
1092
1093
1094
1095
1096
1097
1098
1099
1100
1101
1102
1103
1104
1105
1106
1107
1108
1109
1110
1111
1112
1113
1114
1115
1116
1117
1118
1119
1120
1121
1122
1123
1124
1125
1126
1127
1128
1129
1130
1131
1132
1133
1134
1135
1136
1137
1138
1139
1140
1141
1142
1143
1144
1145
1146
1147
1148
1149
1150
1151
1152
1153
1154
1155
1156
1157
1158
1159
1160
1161
1162
1163
1164
1165
1166
1167
1168
1169
1170
1171
1172
1173
1174
1175
1176
1177
1178
1179
1180
1181
1182
1183
1184
1185
1186
1187
1188
1189
1190
1191
1192
1193
1194
1195
1196
1197
1198
1199
1200
1201
1202
1203
1204
1205
1206
1207
1208
1209
1210
1211
1212
1213
1214
1215
1216
1217
1218
1219
1220
1221
1222
1223
1224
1225
1226
1227
1228
1229
1230
1231
1232
1233
1234
1235
1236
1237
1238
1239
1240
1241
1242
1243
1244
1245
1246
1247
1248
1249
1250
1251
1252
1253
1254
1255
1256
1257
1258
1259
1260
1261
1262
1263
1264
1265
1266
1267
1268
1269
1270
1271
1272
1273
1274
1275
1276
1277
1278
1279
1280
1281
1282
1283
1284
1285
1286
1287
1288
1289
1290
1291
1292
1293
1294
1295
1296
1297
1298
1299
1300
1301
1302
1303
1304
1305
1306
1307
1308
1309
1310
1311
1312
1313
1314
1315
1316
1317
1318
1319
1320
1321
1322
1323
1324
1325
1326
1327
1328
1329
1330
1331
1332
1333
1334
1335
1336
1337
1338
1339
1340
1341
1342
1343
1344
1345
1346
1347
1348
1349
1350
1351
1352
1353
1354
1355
1356
1357
1358
1359
1360
1361
1362
1363
1364
1365
1366
1367
1368
1369
1370
1371
1372
1373
1374
1375
1376
1377
1378
1379
1380
1381
1382
1383
1384
1385
1386
1387
1388
1389
1390
1391
1392
1393
1394
1395
1396
1397
1398
1399
1400
1401
1402
1403
1404
1405
1406
1407
1408
1409
1410
1411
1412
1413
1414
1415
1416
1417
1418
1419
1420
1421
1422
1423
1424
1425
1426
1427
1428
1429
1430
1431
1432
1433
1434
1435
1436
1437
1438
1439
1440
1441
1442
1443
1444
1445
1446
1447
1448
1449
1450
1451
1452
1453
1454
1455
1456
1457
1458
1459
1460
1461
1462
1463
1464
1465
1466
1467
1468
1469
1470
1471
1472
1473
1474
1475
1476
1477
1478
1479
1480
1481
1482
1483
1484
1485
1486
1487
1488
1489
1490
1491
1492
1493
1494
1495
1496
1497
1498
1499
1500
1501
1502
1503
1504
1505
1506
1507
1508
1509
1510
1511
1512
1513
1514
1515
1516
1517
1518
1519
1520
1521
1522
1523
1524
1525
1526
1527
1528
1529
1530
1531
1532
1533
1534
1535
1536
1537
1538
1539
1540
1541
1542
1543
1544
1545
1546
1547
1548
1549
1550
1551
1552
1553
1554
1555
1556
1557
1558
1559
1560
1561
1562
1563
1564
1565
1566
1567
1568
1569
1570
1571
1572
1573
1574
1575
1576
1577
1578
1579
1580
1581
1582
1583
1584
1585
1586
1587
1588
1589
1590
1591
1592
1593
1594
1595
1596
1597
1598
1599
1600
1601
1602
1603
1604
1605
1606
1607
1608
1609
1610
1611
1612
1613
1614
1615
1616
1617
1618
1619
1620
1621
1622
1623
1624
1625
1626
1627
1628
1629
1630
1631
1632
1633
1634
1635
1636
1637
1638
1639
1640
1641
1642
1643
1644
1645
1646
1647
1648
1649
1650
1651
1652
1653
1654
1655
1656
1657
1658
1659
1660
1661
1662
1663
1664
1665
1666
1667
1668
1669
1670
1671
1672
1673
1674
1675
1676
1677
1678
1679
1680
1681
1682
1683
1684
1685
1686
1687
1688
1689
1690
1691
1692
1693
1694
1695
1696
1697
1698
1699
1700
1701
1702
1703
1704
1705
1706
1707
1708
1709
1710
1711
1712
1713
1714
1715
1716
1717
1718
1719
1720
1721
1722
1723
1724
1725
1726
1727
1728
1729
1730
1731
1732
1733
1734
1735
1736
1737
1738
1739
1740
1741
1742
1743
1744
1745
1746
1747
1748
1749
1750
1751
1752
1753
1754
1755
1756
1757
1758
1759
1760
1761
1762
1763
1764
1765
1766
1767
1768
1769
1770
1771
1772
1773
1774
1775
1776
1777
1778
1779
-0.0008667560569581758 0.08704452769696117 0.003439986239216057
0.005089466703944018 0.0894964009249201 0.005635858180321756
0.006039215994097677 0.09155467229518169 0.001569426559441894
0.006194494505407802 0.05460744200890501 0.004004336447806548
0.006176922470331192 0.1099635735154152 0.00056139548541978
0.006246971897780895 0.06662771850824356 -4.735983020509593e-05
0.008484952055619875 0.067470983067754 0.003700028398735278
0.008621434791736125 0.1155119537727992 0.005937738541865912
0.01310949851578341 0.122672121740395 0.004433031683570951
0.01730266299383614 0.1167029878549619 0.001840235877032595
0.01726503832108499 0.04242308862137011 0.005929514845230452
0.01867479458451271 0.03906001523137093 0.00130934314802289
0.02025358067322485 0.04642911482591486 0.004478796018294218
0.02165686497189065 0.1294644039867847 0.000725989597757085
0.02591065488768321 0.1298820862719798 0.0003044730835452887
0.03022483469012996 0.1317910709467393 0.003861432771552231
0.03081515431404114 0.03200630471110344 -0.0003339249815326184
0.03452970832586288 0.03295141085982323 0.0026313834823668
0.0341188407163255 0.1428761417482981 0.003547750845711835
0.03770364987924328 0.02524954587028072 0.006336815700268284
0.04153058860424141 0.1440879329437897 0.0002099031952012101
0.04217204691769586 0.1435019577932836 0.005894799612903188
0.04616997300094097 0.02342841291290806 0.0005769903896794544
0.04556072554866076 0.1482991069006897 0.004331266673926635
0.05022736266255379 0.1457682996988297 0.0009714808547869325
0.05081835068559126 0.151834986859791 0.0008426520334442896
0.05128597095608711 0.01588684692978859 0.005261904094368219
0.05150612816214561 0.01683759316802025 -5.766611866420135e-05
0.05465018376708031 0.1471538543701172 0.004049520008265972
0.06062613029404546 0.01722286292760059 0.00534499023181615
0.05847413908210536 0.01889326563977181 0.002196702974829231
0.06715571472226964 0.1594368312007088 0.004780860059551029
0.0729776918888092 0.1551573723554611 0.005202018655836582
0.07377495013945552 0.156633893156978 0.0002979868332139322
0.07635468939928519 0.005682970012932578 0.002196065261840414
0.07851891477632029 0.1558908019711223 0.002428831526878991
0.08235438332850496 0.009140092093601846 0.005781999904310439
0.08345856252386223 0.1642154413659737 0.003251850083071928
0.0858764373045386 0.01011925789227577 0.004091876721330861
0.08753855526447296 0.009592602029442787 0.001655780011788011
0.08876332107110166 0.1619003360856337 0.005578953727655396
0.09540975435529001 0.00452312847840806 -0.0004354638898781218
0.09847210825455949 0.1657769178528531 0.0006212862643260312
0.09893476976346466 0.00146239698268125 0.004950380033414437
0.1098359659245224 0.1613240391820778 0.001973977527481002
0.1086156847432254 0.1617272993897843 0.00463782480780528
0.1159881501366814 0.005408151388039865 0.001183820160634297
0.1197121444600598 0.005655230851910056 0.004355309015669777
0.1183579451361282 0.1641987604505188 0.0002471374885310013
0.1235524888942359 0.167333280701895 0.00558191268706068
0.1299233734607697 -5.623940069199307e-06 0.0009435196407139301
0.1368908193309702 0.1622677342537051 0.004860827418516457
0.1364099969166294 0.1682200560633887 0.003256598060778685
0.1390602886676788 0.006338662933558226 0.00163207168225199
0.1409320348213377 0.002438741475414395 0.006274302484686636
0.1405051262993582 0.1621983460203 0.0006848573749096793
0.1448307782411575 0.00670551834627986 0.004287554882466793
0.1455974578857422 0.1649441868066788 0.006263137329369783
0.1473421155744099 0.004164198506040545 -3.49635124730152e-05
0.1554605751154811 0.003163885578576908 0.002317997305779003
0.1554986751365757 0.1638302148108393 0.0009969893783383116
0.1594050866409843 0.1649148520091516 0.002540476574507069
0.1627121452616248 0.1578003609634039 0.001419713596660475
0.1620743951769983 0.007193641453739681 0.005585317565176358
0.1639830953950109 0.005957581387700678 -4.667758631902354e-05
0.1650711225925112 0.01079503927129712 0.004269863985311099
0.1739880097178452 0.00746282758109653 0.005290824226213809
0.1746419519459741 0.1540920882411985 0.00322140012735968
0.1897256374359131 0.1540271192789078 -3.383253351785243e-05
0.1901006698608398 0.1489736139774323 0.004817060194909573
0.1918383298751739 0.1546160405538012 0.002343634291767831
0.1927907219893694 0.02014486276084025 0.005076675799661198
0.1924815832627187 0.02090282317173406 0.002557752793560975
0.1980543641574407 0.1508903237816759 0.005444594106495228
0.1976846623695315 0.01688587254897432 0.0007464257373273895
0.2036803972021964 0.1426335274204947 0.00091473807070616
0.2075398298613022 0.0215372801684249 0.004088738084881372
0.2133185599282843 0.141895942300443 0.0007598099902289601
0.2138261049985886 0.03247249126434326 0.0006527953664772213
0.2160681585484663 0.1324025229934981 0.004267883678607017
0.217424023378241 0.03711099148205314 0.003440289576356902
0.2186986640812379 0.0299044879997304 0.001332339216794794
0.2233880376766486 0.1318226202899942 0.006024505683827857
0.2245315878198504 0.03667285430074117 0.005761889691974485
0.2286857316152006 0.04708181522019347 0.004762895779175655
0.2282825351168742 0.1198696154076907 0.002957126911610938
0.2329468550417014 0.04661278702241886 0.00485555062167036
0.2332555889756282 0.1178660365679148 0.0004074971659583508
0.2366999089717865 0.1195082664489746 0.003773295087739825
0.2368194085788301 0.1060899263840985 0.003217337344398838
0.2391940204629528 0.07060269360759637 0.001811788060188218
0.2410756371448987 0.09553777721036494 0.000936952495275741
0.2411293655796991 0.05579068937273713 0.003280111338824668
0.2414022088050842 0.08426593989133835 0.004526644013822079
0.2427605300224894 0.1004737241565314 0.005613324434799993
0.2430362934296529 0.06431075737815717 -0.0003173483581440439
0.2466132871051927 0.07606146727215916 0.005780208244124066
0.2472923033028668 0.09361750102989275 0.001382040767422952
0.2480086006091813 0.07920433342923384 0.001248738589118554
0.1753448653591551 0.1593118497307571 0.001324228979608185
0.01022115119224346 0.1011696211915814 0.004071965398362271
0.182110239305214 0.1506528164372184 0.001020058577888024
0.1606337048514073 0.009110819367186627 0.0005964534954218714
0.169570783826329 0.01244760473819351 0.001067756580870234
0.1763620095776768 0.01498320533005259 0.001425896601739264
0.06298526251134214 0.1503316876927321 0.001647360624958564
0.05709951049458608 0.1482271019506662 0.001325478020494039
0.1748675318674303 0.01149996398613249 9.599035531996508e-05
0.1870650790966915 0.01806625662554002 0.0002703205444214778
0.1949670493771339 0.02225469053088334 0.0003863338426893585
0.1759069570785441 0.0120602957066447 0.0008894265437904333
0.07153239937562514 0.01424026208112089 0.004541535650879681
0.08654998177553017 0.1588841865561016 0.000251050737601006
0.09528513112145162 0.1604532210481349 0.000256715638809328
0.08780468627810478 0.003503200132399797 0.003548805019818246
0.1805662973708 0.0112158036508419 0.0003350581513082186
0.04135995568938525 0.1387947150611278 0.003947178696108924
0.2180433090401124 0.03074254773662296 0.005010436111348092
0.1601530575771018 0.1595440240659252 0.004879738288675377
0.1622135948775809 0.1589812638132241 0.005723216395563889
0.169830826361668 0.1563922803983978 0.005503300529355337
0.1763328120947159 0.1539143938761872 0.005264429798641384
0.05090503720205533 0.1490028635063092 0.005542999799654436
0.244952713674168 0.06854463135696888 0.002285920020196708
0.2105825888398057 0.02473513300904518 0.00104181979084069
0.003955498113717708 0.1017065952671929 0.004707230107199094
0.007273484390677224 0.1055128172176209 0.005825379051309786
0.2395241543697079 0.09320951862198304 0.003990083597400012
0.06095580458045489 0.1530792190506324 0.0006177544557937981
0.05681808359971698 0.1487258769026587 0.0007846370003442996
0.0612557575865668 0.1507926029187262 0.0006573350892504669
0.2226764692761631 0.1330370547450045 0.002086724893367859
0.221205386829861 0.1325526812089414 0.0006207434928667999
0.06879719143220828 0.01059374259269722 0.005156259422011511
0.08132565004609038 0.006806774190544008 0.005080675603784618
0.02850021734124641 0.03184324580477363 0.003977069726322939
0.04292337317856292 0.02311354631695474 -0.000115371106864243
0.217621557149514 0.129686643699731 0.002192098774126194
0.2117573495418191 0.134980638031415 0.00159864921353679
0.2154683063565225 0.1328460753691223 0.0006992878454927067
0.2217525255879026 0.1273887452710172 0.0005830195347209506
0.1098493705299478 0.002616242776529763 0.0001505996435004391
0.2400245402115176 0.08150127041754468 0.001428786288647778
0.01323960529427199 0.1188560258785782 0.0006322286029399703
0.02398594066802261 0.1332656985084824 0.003974739482828677
0.2411892898718851 0.1039243314660756 0.0009480133628419564
0.2427196380966164 0.1050342315241701 0.0024133532695302
0.1152535264635088 0.0007560416117491655 0.002703388013502428
0.2364939296919191 0.1106144432424341 0.00574633305883672
0.005896581055386266 0.07147215432302709 0.004440459675237414
0.2446200597043623 0.08206095696448279 0.001511183243686462
0.08702128103959268 0.1575497596781411 0.002383027134178156
0.1708445141571515 0.1597876110612365 0.0007603288035412825
0.06559957809708233 0.01340777162210636 0.005552495485716193
0.1224858102737762 0.004362641675378411 0.006128184967889728
0.1264374723919792 0.002012393155987888 0.005664785234245625
0.0923829215767677 0.007562443267831252 0.005890953517181339
0.1129155223913436 0.005518097024819097 0.00607752166421158
0.1040978293048336 0.006265839955624541 0.005974072628656786
0.130634658116958 0.003558404233650561 0.006203502786437377
0.1175648100008826 0.001870296449166844 0.005549130302836422
0.2326119712786783 0.04589646696900238 0.002445332636629295
0.2251888449260119 0.03910084632323335 0.0008053186623244109
0.223661368675027 0.03563739830268896 0.001854718166579597
0.2328824143829327 0.04987558421457231 0.0003655986566668315
0.2369698203520942 0.05564321521393426 0.0001071741350391024
0.2278413376537296 0.04041448713727133 0.002030415351029094
0.1817575142784519 0.01694035848616042 0.003096169839571821
0.1097792569459708 0.1648213777643481 0.0003746904862404582
0.1144331514194512 0.1668056390018035 0.001785414312037419
0.06890962191770125 0.1523689898930261 0.003145162495314951
0.1613684117246401 0.1590380004326068 0.0004043417808827463
0.1756054080976966 0.1560805018031073 0.0005601678804952986
0.1792327264977958 0.01546370970439596 0.004677540320907884
0.1721956173134168 0.1569756695500984 0.0002169260422470741
0.1920340478534677 0.1469437146486642 0.0009734637390065807
0.1184108433580413 0.1620026227723622 0.004712292799473431
0.1017250927858069 0.007573438149852802 0.001445026883630265
0.1743922606864904 0.1600959238924624 0.002653661760791974
0.06412247848415895 0.01115195811863286 0.001044067178890211
0.1108528436708238 0.006644208502015488 0.004197555205292608
0.0921285739001696 0.009219973212648783 0.003990662850273528
0.09897541350733345 0.008267110292762503 0.003969297738047193
0.06668369504204864 0.009589156751524445 0.003345223515254329
0.151503214999168 0.004816191464577037 0.005929810024931497
0.03360179519337927 0.1368814403956963 0.0002507368529691297
0.01136302773717214 0.1036960214437871 0.001709625403596009
0.08052697056228789 0.01183552000318071 0.001788751905022101
0.2304218834600722 0.1204403315815058 0.005875212271133933
0.05027930593209049 0.02073018651734644 0.005803379436352537
0.01721873019541402 0.05114199275657284 -0.000171697806179175
0.01223548632483317 0.05325412633052114 0.0006363208073541785
0.210537919162309 0.1415666963351777 0.005752497686620396
0.1309886353160636 0.1619264065237715 0.001075164926849945
0.06892349223954128 0.01395850522567214 0.005648628372346191
0.1176056235942872 0.1615514288610068 0.001735860480901208
0.1543072879970281 0.004492226696367783 0.005925356351566364
0.163189002063266 0.005855824703237801 0.005693641875721786
0.1643046110441903 0.005289978325442177 0.003332852622869372
0.2290793052832054 0.04924291141201286 0.002071330093061258
0.2345202853640504 0.0551089175320057 0.001160968244182659
0.2201700638486573 0.03910794577150228 0.0004678043135158305
0.2266061280870436 0.04640234923123666 0.0002283387003026847
0.2332132896903872 0.05360396553989805 8.898268339378734e-06
0.2388494271193692 0.05933985005251341 0.001136508492825575
0.2375218990491623 0.1056127737317267 0.000682227258214237
0.2334466703245705 0.05750989307645319 0.003311478291176079
0.1860880752209278 0.01226395885928742 0.002856751036846913
0.1829086283836595 0.1574013009514292 0.002250205266216632
0.09417735431815993 0.1650773538138955 0.003877607205180991
0.1040969752360787 0.1658750038580328 0.004456709174613023
0.1021355697409407 0.1638461229441212 0.005575331084961873
0.1117863657578987 0.1655360925159389 0.005609971420759017
0.1341716705826205 0.1662442056076257 0.005915105760528607
0.1100656832360407 0.1662819821801639 0.004858855484732343
0.1535193529031997 0.008361659856770138 0.004139148017708709
0.005975243030931663 0.07608670553375527 0.000625802456516862
0.1805454407133807 0.01431764458724728 0.0053236962041461
0.01208946330028704 0.05824524949645364 0.001872443916717139
0.143592528201235 0.1654317586795169 0.001979154173082664
0.1471999235771958 0.1667902736802185 0.002827860134535683
0.08263881510804034 0.008195218958575256 -0.0003762982345619566
0.06773767034890854 0.01237945753701323 -0.0001877648136297897
0.007096618925661395 0.08105232146596918 0.00254294695436205
0.01522044824214111 0.05542904718878668 0.004146391135832534
0.1453702009762283 0.002014164848436772 0.00160586186546829
0.2015767822497623 0.1489213488638154 0.00184656025528384
0.197505007216303 0.1500270674999327 0.0002278577537988074
0.0895363945969417 0.1582099984957685 0.004939873752293006
0.2025804404482567 0.02650215767309134 0.001616650919086998
0.002288435335780664 0.09741351389191942 0.002144141308804913
0.1982386788794747 0.1452405054353416 0.005140500519808856
0.2055336683533293 0.1413278038311998 0.005394994962419253
0.2130961053081563 0.1370088024451955 0.005541878644968645
0.1724053065818052 0.01078823944963686 0.005485658730404236
0.200656454746683 0.1422371809710595 0.004593692962570269
0.207203998591278 0.1380818654068682 0.004416697338616053
0.02882885178251203 0.1324313258194888 0.005942673156518277
0.01870608732336375 0.124110546952444 0.005942157032990824
0.04709888887388161 0.0255796526103128 0.002408553938837115
0.04776528340923536 0.02245874571594924 0.004130382360075868
0.01373015173415497 0.05351482307672051 0.004918854092309435
0.009942983457114531 0.07017440258614378 0.005718080165620032
0.01484572857700717 0.05283313138994064 0.00593452860945914
0.05265130631117193 0.1519765274130151 0.004467941189225502
0.1585297669962964 0.1575848024622008 0.004109774052393537
0.1648429335169374 0.1578143683204038 0.004487071727705845
0.1440406262204781 0.1607182376062368 0.004611850023153181
0.1427104578205634 0.1637627546905809 0.0007263613121097153
0.1348180371396742 0.1629164396661847 0.0005442631772183707
0.1367530020264988 0.1638167125585988 0.000601887607477288
0.1215871334582196 0.1672638124557604 0.002118489170894315
0.1931919185873981 0.01538352688975714 0.0006391305932370811
0.002482864712879308 0.08498435616330291 0.002259843707307476
0.09765615252579031 0.1625018690402788 0.003043237082807679
-6.192766817351286e-07 0.08300487192216391 0.003513648622945689
0.1079073739047947 0.1663838497271956 0.001232425859948847
0.2159525046885947 0.139546347403388 0.001062241553997069
0.002576661742813528 0.07098445160199639 0.003732838787548287
0.1481669966201627 0.005760854905428449 0.005108682453699145
0.02944371681324254 0.03533751895934157 0.005247991967509673
0.02604863001561043 0.03486842240544132 0.006164254456729165
0.02462036460847521 0.04073598500038341 -0.0002616684824827428
0.2444488788546438 0.09035838483164992 0.005749487008381663
0.1946053952097719 0.01884473728166107 0.005432792672510552
0.01264389971873679 0.06098969476344459 0.005868444747771069
0.01989627925720842 0.04013115779145451 0.006016836816007495
0.2079956653555619 0.02702738522910523 0.005643594816145707
0.2131625661505488 0.03003440708929853 0.005682103736816629
0.1914875763979269 0.01474980186540586 0.004760162018572295
0.1326528862748711 0.006198229355208859 0.004360949606700992
0.1340474097894079 0.003708310454644148 0.00556983265873897
0.2369220564935846 0.06070911047564743 0.005308196996395184
0.05441575870906073 0.1500509599323343 0.0008050170136984898
0.2408467190777643 0.06360096939084145 0.005452471352247962
0.2369161236046655 0.05544608894369828 0.005233032746618817
0.2059127721133698 0.02899450949059662 0.00437948978172267
0.0007669023463031215 0.08351725087002847 0.002699050987827861
0.2294730556929432 0.1264880442115571 0.002828965577791384
0.05523634798224627 0.1484034061092696 0.005629273899098152
0.08140651954628884 0.1621523983562226 0.002111039951688777
0.0730080003862994 0.158436493885132 0.0007051296515221201
0.207469599920181 0.1424211143344914 0.002911824567386916
0.07978436889414323 0.1603288832785094 0.00051164611320545
0.08801534382987485 0.1628873521000788 0.0006123953502120849
0.06562729904226577 0.1562423597736753 0.000749653387367091
0.002569169511333666 0.08738975925003402 0.00464385668372872
0.01278870551801858 0.05740912582688119 -0.0001236631095061745
0.1797700047809363 0.1557050331148819 0.0001090334627402746
0.1786708878928326 0.1575721508954547 0.0005549522947116745
0.05397371664304124 0.1527673484427679 0.0008183885041625659
0.1881017036314021 0.1548929929868763 0.004093670415688419
0.1580819854865348 0.1617282498481055 0.005960321191874087
0.2073002439955447 0.03045785508817204 0.002857376385166669
0.08510419379978766 0.00509367348758406 0.0009611305212442831
0.1717096674429544 0.1579662300879797 0.005871427890270781
0.1825179481848184 0.1549383964060729 0.005682654675788429
0.1757359854459405 0.1585305514865728 0.004235704593240492
0.1838373516242401 0.01150984666489406 0.005048370339260566
0.01926065741227491 0.04828886935817574 -0.0001991524494393775
0.1287276006234835 0.0059571330959329 0.001448798844310797
0.08977828848857017 0.004251801094250419 0.00502968108743876
0.03991591544960531 0.0268635160828377 0.004411636915948434
0.1571841889300139 0.007903701035050609 0.002437660228007667
0.06938495082387652 0.01539976646264688 0.002224553618860681
0.1343849587385966 0.1660600657479085 0.001881597753365294
0.02779439583876597 0.03926451765567007 0.003513511574144351
0.05954047972094331 0.1541543461062794 0.005177029670580521
0.09498585656310422 0.1589752901557087 0.002477317215260276
0.1698407460130446 0.1589880690089346 0.002771617946285467
0.02385493674455433 0.1245122138063213 0.002899597493203668
0.1863998122504183 0.01443518071540514 0.005475836031892699
0.203916530829306 0.02691279343837419 0.0005217497010546663
0.01268394197715383 0.04652187575348878 0.002599545245413099
0.08241646021734533 0.1591910263391574 0.005454275916135507
0.002536243932449012 0.07765243094190158 0.00178667788655408
0.2272097857358495 0.1252071921235785 0.0004971070449179638
0.0987130206668614 0.1600102697439914 0.004814010476740676
0.1542072426289062 0.1593397534380446 0.002395870400574842
0.1901574136484268 0.01717566114424042 0.0004346742430159738
0.04284731725393587 0.1476333321905892 0.002241394620353696
0.05940165144534879 0.1558796519529915 0.002811757129734872
0.06461006195446582 0.1519346200809805 0.005349013441442188
0.01917858402829177 0.04239008759384287 0.003301009261835524
0.1267058853458308 0.1621627924395269 0.004786303054935701
0.1006870339762967 0.1627084052794364 0.003182286596046568
0.2305836341826834 0.1249853713697294 0.004846222212820451
0.02773050526498472 0.1360292477177957 0.002056308484963976
0.2149958361046458 0.139172659077823 0.0007428560547502624
0.2049208634521013 0.1466775128475584 0.003766283786028383
0.002076635823116887 0.08495475028219941 0.004269387068430992
0.003625047230447243 0.07430597856691733 0.001241584363880965
0.1697233478180649 0.01024010147786276 0.005384940253320211
0.2181469622141704 0.03312302009808678 0.0008829299203545683
0.101802603744089 0.1632726589433643 0.0004175328507424924
0.10485418123201 0.0055303091128779 0.0005625951739075205
0.1367292311899286 0.1652691089299717 0.003658865102417635
0.1717379093307027 0.1550389751289382 0.002771911292143638
0.06987452208644429 0.1598458937554431 0.004812237904870358
0.1721378624677874 0.1544847182974482 0.001049753729368388
0.03355602201705127 0.1348493533119924 0.0005178700089628475
0.02045373104298145 0.04394615601705678 0.002691756190673335
0.2192428353457315 0.1348837889746354 0.0006558180904474168
0.02522521464044747 0.03967059451504153 0.002288897363101818
0.2365119845688458 0.1086330950505113 0.0006098910936534767
0.1826689591313372 0.01569604079813868 0.001452848374536883
0.03404953164357991 0.1369472006068468 0.005859764083483792
0.003761644144766605 0.08263427364729599 0.001718066372275678
0.2181345323510737 0.1335317190555189 0.005349512711527443
0.006640896515214489 0.1008699196655478 0.001168379943268327
0.0598584142389741 0.01329566050837419 0.005210186798983126
0.2469607447260357 0.08535814096723542 0.00364072764600794
0.1210589477042036 0.001167335136311185 0.0005626221535609288
0.2140046718641528 0.1381142317283084 0.0007498968257265675
0.2054300940548232 0.1459520898858251 0.0004944498184940374
0.2167600613943438 0.03442632498801902 0.004572128470847698
0.2137367924611409 0.1394447003166749 0.00173467578047561
0.1385088413953782 0.002025034902771949 0.0004129818407818675
0.1558421203871971 0.004980292743939109 -2.952732434799795e-05
0.1279250689937773 0.1639809122981287 0.0004190171853386142
0.15214662994471 0.1614042415667113 0.002646593634297982
0.21021359646893 0.1371118916117528 0.002774909808797926
0.05999970327142103 0.1557876603257385 0.004609585241582367
0.1540269929746628 0.006755955430605934 0.001717930225737438
0.01969321959140866 0.04743821885580984 0.002045452084218838
0.1544392366330727 0.005201657896341286 0.003244557055808658
0.14686136771908 0.004172264120547026 0.003723002827876792
0.2339401213143685 0.1193606305202453 0.004816204624784785
0.0221218819207669 0.1250924931821559 0.004169873488579721
0.01900643030234605 0.1229484026340015 0.0003909105728524124
0.2332428514103277 0.1205978023145602 0.002000467109007918
0.07127802504902186 0.1533000666723568 0.002055839777674533
0.03646347725613092 0.1375281323014493 0.00478853116884938
0.01796991645279885 0.04074155192637052 0.003619428996626671
0.2203994953094452 0.1352289932464069 0.00185813538647006
0.01882924653266931 0.04472325399528509 0.002760173648777672
0.2012324985665938 0.02309137190400093 0.005593188922227
0.09937749618434027 0.1634642689582751 0.002010725243207712
0.03834025608100951 0.02777349730083968 0.0001014830317255723
0.106458914358622 0.1645427576068939 0.0003920898261747387
0.05981685815258479 0.01453055045577842 -0.0001427235210692884
0.01511113312616404 0.04696501710815731 0.0009203103917783317
0.01386270337027698 0.1089439244636344 0.002908051631813119
0.1997877328987805 0.02570871298763758 0.002638052709019327
0.04264531958024705 0.02570851930136926 0.004064338000303705
0.1273455483625793 0.1629530111140078 0.0006382455209761901
0.1076265608639149 0.001632540011297032 0.005238937632060221
0.1779059911089771 0.01111280755402097 0.00296791181518211
0.04427563662937268 0.02064620258744065 0.005808572364184446
0.219644791876167 0.03628621770959042 0.002225816950996106
0.1539489788600493 0.1619471318069232 0.0059917649276279
0.08139784141649525 0.1567096418180252 0.005068717193477838
0.2225988782782059 0.1257323610744678 0.003573836610265558
0.2339313256820265 0.05357214271277595 0.002800959511700975
0.0749559606930822 0.0136176432329138 0.002006652761941391
0.216854537622713 0.1369269378557683 0.005750987663602608
0.2384830960845717 0.0624656942076806 0.003331257990526722
0.05995350767871446 0.01237601214695274 0.004009088530752297
0.01189380455781389 0.04834346527890268 0.005018931609504036
0.1841982626643729 0.1557996350871813 0.000260559880596911
0.1039782404523416 0.1637553433835157 0.003125303269366524
0.2395415368536236 0.06491051077056408 0.005476911650522831
0.004275581335118539 0.06381381266876 0.003895190187211497
0.1674795664760296 0.1618559931855421 0.001650402109234806
0.09346089325845242 0.002466082572937012 0.004261072666849941
0.03062273296242236 0.1364742202210973 0.001664453898969811
0.01052046994784733 0.05748998969403136 0.004967155473473985
0.2455873679196284 0.08314520958633767 0.005850440642272948
0.006166326066703205 0.09729988352145388 0.005733090978136639
0.1853497024743904 0.01833888812764355 0.001899868847611757
0.2133391719961428 0.140658313610712 0.003286854570533649
0.1917307464084679 0.01755519657490211 0.003280162784180664
0.2119362693092921 0.1420043744722456 0.00279616007752279
0.05654718421816275 0.1508443484576789 0.003348778127998431
0.2076826069936572 0.1452755856764461 0.00158200084885894
0.1434842359248316 0.1617700833956098 0.0006324927861105635
0.0007563992982216033 0.07947414268011391 0.003578030824492645
0.004904927458387415 0.06590352225866213 0.002077948877360679
0.1727031111855526 0.00861632817796289 0.0002153159985840108
0.103878565515529 0.003440678698240498 -0.0001756055200305742
0.006390283462196494 0.08366611390815246 0.003681520146292185
0.1672094700028542 0.1557077217669856 0.003809006023402061
0.1689526045311168 0.1618312967096204 0.002652727943972942
0.1333712600171566 0.006128598120994866 0.001531164307380095
0.06605805436228786 0.01569833112976754 0.004996001894641389
0.2033676285264809 0.02344621870711989 0.0006630185711983768
0.07595075138457148 0.1621265454245141 0.003974171580640451
0.2380945130265506 0.1000176865154502 0.0035816348645149
0.0601313389108392 0.01512041986529464 0.00546095340348118
0.07370945328874058 0.01037535032839772 0.005526532733964585
0.03902548377669557 0.02855993899942537 0.003665961340014694
0.1503100173010939 0.002517765524945135 0.001958524145732699
0.04363919487512925 0.1416579033321735 0.0007648044627476813
0.1462723238853093 0.005359539207507286 0.001966178856858328
0.2473086949710635 0.07789429389553368 0.003739989682718472
0.02137535241959063 0.04501141318795428 -0.0001793957770866024
0.006091032985280636 0.08425547399644892 0.001098782147116053
0.231977025359237 0.1140235691215279 0.003050142832226788
0.1985438292163911 0.02408671935851557 0.00474091467190261
0.2274454437749449 0.1252568568313714 0.005938387218659438
0.2238065360051658 0.1239606800694061 0.002546599330426174
0.2163273217429862 0.03126514318415185 0.0009496693540468387
0.08740385220329784 0.006872453796330485 -0.0004250667155681681
0.1902182262067458 0.1530201943380651 0.005593780870166608
0.1350857041328114 0.003578879798697347 0.001332549553199167
0.2151436657346621 0.03200791150705095 0.003081760936054462
0.1103977239644815 0.004577694317183051 0.0005745316710393096
0.1079372284432444 0.006689267511615802 0.001352740304161779
0.1217595147238831 0.0003745512754734002 0.002011447801763429
0.1504418559418513 0.1649897678776375 0.00206050550671762
0.2442035978903153 0.06685290442837115 0.004672382026951879
0.1538212516212375 0.1624816199408149 0.003370659191794439
0.008058290500419563 0.07797685162390544 0.005730816083217703
0.1039964993746751 0.1654530998912376 0.0005840133139586071
0.2385791632117376 0.1017659510335876 0.002258667157624762
0.07864717427742407 0.1609709409622595 0.005140913110476824
0.2383065965190919 0.1089406511015368 0.002798992149837929
0.03589072192819583 0.1353803120734135 0.003849307853740411
0.08990736212060839 0.004697300494881467 0.000572116171241564
0.0383828117885169 0.1380106742792648 0.0006492022297725896
0.2231716120554589 0.04299163816247809 0.002309774484390131
0.24540895493568 0.07128109659505982 0.0004050048957071617
0.07319904552835754 0.1564777207409274 0.00304251662936324
0.174893101467968 0.1534490591451022 0.001100506403266356
0.0007322978242071012 0.09218833764342929 0.002774841232262697
0.06423112159481677 0.01704835762818567 0.002097796148384966
0.1886991748052649 0.01388118123053996 0.0005318354491467728
0.2093772535591587 0.1377921045190109 0.0008099599132409175
0.1524954768402244 0.1601990659889526 0.0006086245603222547
0.1264021149928214 0.004553599622068381 0.005059931839781374
0.1874418373980357 0.01826445055037978 0.001850935496371698
0.2324099588153484 0.05347971673129143 0.005012824758290048
0.2001516849310385 0.01861373077391658 0.004489168296660323
0.157124899327755 0.1590451411902905 0.000999766285531223
0.1737638994068474 0.01121125024415955 0.003279385225004402
0.1043098429773129 0.1619671955532042 0.0002559805100168176
0.1280144797959825 0.1674933060177591 0.002427790607213512
0.152875257731422 0.162244105436302 0.00557143780902258
0.01329194552706953 0.1166359884143321 0.0006339906358626562
0.1015099089455116 0.1650746944903045 0.0004763034476459281
0.1423498931665259 0.1674992680900373 0.002970805298039739
0.1675744039343989 0.1579737404998017 0.0003128144288643251
0.2390049987091169 0.101395599339113 0.0007885288501959949
0.007475174178732715 0.0743024543925203 0.004401559410173966
0.1522291837469688 0.1589961463671524 0.00421726969578788
0.1639909780864694 0.1614548064974959 0.0007523680944895797
0.2204342567445424 0.03281404415606926 0.001064894680939481
0.2404113330609696 0.1079644805510353 0.004876063440018457
0.1670612162387533 0.1608699051137167 0.004345476172925108
0.02158452262959946 0.1233654674114696 0.001049644649623377
0.1567888050880832 0.00600491645915836 0.005757563795053927
0.07124824623254974 0.155457428673305 0.0003704639087908329
0.01229091880614341 0.1174618451629969 0.002307213544023273
0.1442796660172695 0.004129899762388224 0.003218331079548799
0.003557244467430992 0.07348653734671075 0.003984061216251329
0.06223051060950817 0.1532587889196341 0.005274965623833082
0.2400697353937709 0.06004966394837681 -0.0001073016721091661
0.1135962813933173 0.1618391790765306 0.004679906766426793
0.1402314293636209 0.1655588544974076 0.006100950984215352
0.1597151404476563 0.158507098030221 0.001208705830744925
0.1474309529577846 0.1629143881817401 0.003132270477826306
0.05615062532706602 0.01688739587063806 0.002765087890446501
0.175853035186459 0.01087656990789258 0.003716743631767775
0.02984504081319636 0.1337162100635297 0.0004216196825960758
0.07445462531206691 0.01043252417288868 0.002826732074585789
0.00589289516210556 0.08372409641742706 0.005154490878339857
0.1922453865228805 0.1534564125429299 0.004293137921779948
0.0369541194021065 0.1401337399862057 0.0003583084312279343
0.2261603371489275 0.04209190723160849 0.005074530868845215
0.04672020980244769 0.146322067223655 0.005735977931552888
0.1119600567305858 0.003625480453977045 0.003010936610437772
0.05506962558447054 0.01907107304993648 0.005417215395670257
0.1151223440594649 0.001952878759688169 0.0003075309076525979
0.2439374560086619 0.06541292559663241 0.00181418595013677
0.07477272593655596 0.01181845563406663 0.00573871244040414
0.1878843626556093 0.1559193892337078 0.002434516624290691
0.1443837100474263 0.16316573045293 0.002881793720313274
0.001519546489797576 0.0943911879229036 0.004069186329190501
0.1967108554822875 0.1518260700857965 0.002075461874188953
0.2269937581888086 0.1229152608410915 0.000623168404191191
0.1429144436246815 0.1652515206520432 0.006182044156792568
0.0574195952017775 0.1535228345208931 0.0007406400113270655
0.061772158804611 0.149836077792783 0.003735752888767013
0.07362606469797617 0.1540939448334218 0.002846037774011715
0.07872113037862373 0.01213224230023171 0.004446977820767266
0.1066310540649822 0.001079054620912076 0.003990427312760093
0.02905465472251438 0.1380979568186881 0.00381676443546271
0.08901385076372896 0.006695476910880373 0.002934822211525376
0.009881700628216592 0.1167768670813875 0.002695921059626326
0.04702137954613101 0.0200803086463997 4.147351724287292e-05
0.04196258242658769 0.02859206931323151 0.002499611650730631
0.1598699763801479 0.009744158125190949 0.004274410001976496
0.1870721435793409 0.1487982655429413 0.0009967611584473022
0.197778188210202 0.145228234550714 0.00273862005478879
0.006013680925545899 0.1078875249333199 0.00524632568044282
0.03668055977295996 0.02770633100552961 -0.0002556120778366156
0.1389238325744614 0.001103625638986134 0.00146053570872621
0.1419531011652312 0.161655087892802 0.002835651817139358
0.05320879190876784 0.1504196018758645 0.005441769962117917
0.1819386785283571 0.1541360198951 0.002864430861144815
0.1830649268798795 0.151498484446291 0.005045678009156299
0.09145164267391911 0.1650471995826341 0.001923925229730408
0.01790312329870594 0.1225584822018022 0.00506327691910123
0.2212196107689117 0.03493370184594276 0.002690017682662655
0.0145274028643385 0.1106264533093605 0.001774680881413966
0.01620082077130481 0.04959311556760736 0.002095856909512871
0.2396728660150511 0.1123599906409048 0.003101662108408616
0.2183972272977345 0.1367439757374904 0.003833120292667338
0.2373801367757123 0.1108296553657567 0.0006786492562009252
0.0439232845378157 0.02301437309297743 0.006072990205896673
0.09841947188721245 0.007121324524921998 0.005974456326340032
0.005612746904716196 0.09319341667337037 0.005686946941550066
0.007970893474519854 0.1106862187453671 0.005883512146791797
0.01090043172142463 0.06086437125688078 0.004296511066927135
0.1551843011704988 0.1621681015684857 0.002288216730458005
0.2374447170754658 0.1169575026829796 0.004044557575026817
0.06953051674681973 0.1602636231409287 0.004502319874521715
0.2148231620601281 0.02751380119234928 0.001128150610070473
0.2038136369550393 0.1465793353533972 0.005605905610388199
0.1236707014642254 0.001224275653971401 0.003919088821456682
0.2402774393558502 0.07716300338506699 0.00317875063046813
0.1541125819159917 0.006600378638839284 0.0002384684296036433
0.1492416594411149 0.002795910151479192 0.003874662941374943
0.2270747389816036 0.1285275916272614 0.005169786328617175
0.06880512023612105 0.1542587466664037 0.0004417576573598646
0.05179806104767885 0.1487128263174598 0.0008824734557871525
0.1516558352036924 0.005957490008854646 0.001267415913717607
0.01888872064750095 0.1185544037685082 0.002113932427131403
0.01548103259644784 0.0430379809831086 0.001997158169628475
0.235448172434383 0.1114027369899293 0.0007240098660680949
0.1573137949360728 0.1626954969101967 0.002427312150291361
0.01838861152827344 0.1278454954821645 0.004193821366111532
0.007643660425820631 0.06577018057245977 0.00460063950410852
0.2137112401844437 0.02619002222029105 0.002729538280066125
0.06234622639414302 0.1511072517513443 0.005458289526197674
0.02505096849542292 0.127866327985152 0.004233811743364917
0.004329189760099067 0.08132641598489947 0.002785479674655554
0.211644609557301 0.0331601745268271 0.003929080137123283
0.06557354837622047 0.01518414372260208 0.005597035875515757
0.02687257627503882 0.1279529374582997 0.003353154021259336
0.1568010343075541 0.1604951675272966 0.002793946640204842
0.2039256423088057 0.02057600069562631 0.0008898447443454323
0.2476209770508633 0.08741020520088533 0.001329827567664037
0.1641038012498953 0.1634296587245879 0.002562644165538846
0.2338694166127252 0.1153885390080635 0.00108752411447503
0.2228675236518383 0.04197314044983383 0.004153186256429887
0.1752226091539632 0.01008511378537742 0.005382332933657762
0.07291773830732373 0.1603413518392819 0.004970576510565905
0.2388526330072338 0.05594357385246763 0.001339197435125737
0.1654372457223219 0.01090398388067972 0.0008571599734113127
0.2308453407262029 0.05237410838352672 0.004031525800468979
0.01637362961484549 0.04717309945932074 0.005980385761561726
0.07405304060125012 0.0137660043814393 0.003335765719813973
0.1502665533197592 0.1663419830180242 0.002737477218792979
0.1537614014405272 0.1643602110560884 0.004606259556182368
0.1142326525575111 0.1626326549277658 0.001147870346745546
0.07696557001477029 0.1581573568704012 0.0052514300206717
0.02474497444927692 0.03553315997123718 0.0004877090832451358
0.2330864823323648 0.1229981553302658 0.003301130332765604
0.05789289450931551 0.0139593580470156 0.0005000635708878994
0.04951656056065643 0.1463862843102179 0.005753428403715107
0.04827937454925665 0.01849438626127459 0.002766900825384089
0.02790394935873972 0.03610876657409695 -0.0002999684651560042
0.1254246715004748 0.005892987925066532 0.004316474952324162
0.1339270927936246 0.002266448537488712 0.006057747071965723
0.04018889745321626 0.026604917693907 0.002213049576320645
0.009413576870498762 0.05059525393212829 0.0033038576690997
0.05549646561111878 0.1518260387699712 0.00534128168017842
0.1494878187113974 0.00764646401998449 0.004283484436698739
0.1726732254028321 0.01323911617510021 0.004474272369407117
0.1859210133552552 0.01773197972215712 0.004884799127466977
0.03895077083067153 0.1456322951634546 0.002886158543505183
0.244116980733563 0.08864398178586587 0.001403761923570767
0.1973051119624778 0.1450617535833924 0.0009342886472780032
0.1321388027441535 0.1621901797625308 0.004820438162881714
0.03830443040967788 0.1403323095237579 0.005901601749298475
0.2148515319097213 0.136266993342198 0.0007227582836974229
0.1777632912274308 0.01543951892171368 0.003116096366727485
0.001363131642159691 0.08067349718442082 0.002337573869507685
0.1479436434139293 0.003696595326683217 0.006089143390313239
0.01882413785137662 0.04432508682815698 0.005270681138608025
0.1527473909760776 0.002776732943288785 0.002122156909521283
0.2256624113912808 0.1257169624461014 0.004370973564808197
0.03058276978725104 0.03654129573447706 0.003062826058875546
0.1830969040237529 0.1564820020556073 0.004106046459440469
0.1041818811991452 0.160909919862039 0.00470801744444361
0.1648078101457862 0.160002129658573 0.005791027465603216
0.2193205534453777 0.03544527741235659 0.0007479361308608703
0.2263233816985571 0.1295120629232091 0.002589752094827833
0.1168858853530477 0.1668668905480135 0.005230166879821993
0.03911803172381498 0.1416160059501619 0.002919416119229908
0.01276878915493608 0.1161700046154879 0.00398699721755891
0.221842964423504 0.03344194312384323 0.003519559946956855
0.08337693830227454 0.1616307127906213 0.005176731223298973
0.04769923921434827 0.1428430182122003 0.003862809448829978
0.008847342762634953 0.06789077280217737 0.005167996731568828
0.1710709863519154 0.009616787270484664 0.0005156476059597208
0.1309642760191256 0.1678182998523861 0.004350660773553378
0.06425178191657933 0.1546126579259579 0.005176752244038715
0.05127751116330566 0.02084717289648501 0.001047310702810832
0.101477386717802 0.1658079260869446 0.002560394769073357
0.2459346738344416 0.07223950889908905 0.002602904262786172
0.240573190441148 0.08870098683579478 0.001175771221555577
0.2189417169709076 0.03375539685437652 0.005644483723543588
0.1494636870920658 0.00492281757760793 0.0004307646595407277
0.008796820570061198 0.06156799953027538 0.002910019268759737
0.1088705215185043 0.1624920809860282 0.0002408297286903345
0.1608778047148965 0.1595530815934671 0.002262575105649714
0.136591941996777 0.166019015813026 0.001927315358899962
0.1687854090187504 0.1560011437381852 0.002313189285072573
0.006854709689013439 0.08337978571755178 0.002393590196904796
0.0320926808977989 0.0297689808076579 0.006267409798447384
0.05515439157009985 0.1538579248426695 0.00181749853923564
0.1491011395325156 0.1638855576964927 0.0008632720183123024
0.167339028892533 0.1574822653766461 0.0006645710972489206
0.02464949828928956 0.04105600002520797 0.004872585055013127
0.1078377267339191 0.1647026059285162 0.005553350882852451
0.07038596658694746 0.008329279088668162 0.001591031493097428
0.03309628484195717 0.03064721948766229 0.005807248050873108
0.2125595643996637 0.02593818952600569 0.004538336321726028
0.2378706505161988 0.05868035502332045 -0.0001457843825144895
0.1812906243507859 0.01481380578786556 0.0001945570532384232
0.1124141811329066 0.1630648785048867 0.0002392070180878011
0.02113443350915777 0.1304773017451395 0.004100762725472606
0.1258428126772928 0.003322160869332172 0.001176019024358511
0.2106022135652295 0.1413269856616499 0.0008143665818240556
0.2436948494536819 0.09513572207320632 0.005682624699002347
0.1010181655671361 0.1659415606671196 0.000842222133922715
0.02377410077841937 0.0430810394243351 0.004028881715551245
0.007777235499649603 0.09524115472316605 0.004678608157698625
0.1705886176519307 0.1562669919772297 0.0008600937632823334
0.09423867837784237 0.003426437516131156 0.005167882958218675
0.1775363383749805 0.1524182874393937 0.001228557931115084
0.06392939640075027 0.1564468956002599 0.005018632435478679
0.01667786042036772 0.05157109046403492 0.003166457744237883
0.1519982169048759 0.1632337141902394 0.006167119498335632
0.2008246962745316 0.145761355268204 0.0006349280094608496
0.2448609359153578 0.09988562454033906 0.001929603853474912
0.2440221228611361 0.09936702597930826 0.001149344967247739
0.004398497967729036 0.1042237233445793 0.001285274427615305
0.007340595396278045 0.07829155181187708 0.002820187191622818
0.2161009144295384 0.03300663443111843 0.001744189747944505
0.1646531000763057 0.1618227018048015 0.00408456986151667
0.166528202890506 0.1626304777171042 0.002607686054755894
0.04574141395156546 0.1453828816548262 0.003212701892163703
0.2394710512878861 0.1056326199061304 0.005672758540958314
0.06827507189498185 0.1571633519174796 0.003276342968141395
0.1585850566435789 0.1602834132886881 0.005841121282398594
0.1704022119711718 0.008468053527527865 0.00306352977108329
0.2347072899404798 0.05125723490651633 0.005079188426205348
0.09401351669163653 0.008693577512511716 0.001732085856909312
0.01255325374497252 0.113310412527331 0.001319975225348798
0.04919079384623189 0.1449794918394264 0.004618078340058427
0.2348325546458167 0.1188414842824796 0.002078414150658453
0.2396411708527951 0.06774367689105648 0.003806587347400474
0.2261395189359824 0.04600858003608936 0.002667292194044487
0.2440334856510162 0.08029252663254738 0.005236310418695211
0.2144550662057655 0.02984847271008653 0.0009117895768968161
0.1518059715871806 0.1631624413487568 0.00388684205913387
0.008806899136140769 0.05955045591912408 0.000698788002321057
0.1143090132279233 0.1646371969836404 0.0003914435633955618
0.1446176140823288 0.1662515952507908 0.004396044202037173
0.1631376305203508 0.1629008407944389 0.00163195091601763
0.1537521621528559 0.1613242985984184 0.001712902051439541
0.2018613140178366 0.1486688568118391 0.003954124632474113
0.1811244336645491 0.01185765220647053 0.005337570706879546
0.1806823480361772 0.01019793679100586 0.003649250469588321
0.1925797951023438 0.01483938819546669 0.002422306713456955
0.2439296275835159 0.07046285605430938 0.005745949080440731
0.01256150370442651 0.06018360537371926 0.003970785554490647
0.01709518134703146 0.1237104880194373 0.0006708969784653997
0.07601896595427934 0.009960334156974206 -0.0002676511240446539
0.1173495508116836 0.1664301930217107 0.005606007490796663
0.2441252594596522 0.07396778391433931 0.001266412820041965
0.003749300730076472 0.08033972507655067 0.001578969648394862
0.06316355135488215 0.1574285414086416 0.00467057000683214
0.05895946148617903 0.151903174210846 0.0006799142469110215
0.003094480894210092 0.08298793846895315 0.004452247580691595
0.2426568596839077 0.07712879922884894 0.001623003435514819
0.1061547002753596 0.1662412899342247 0.002670276138010047
0.2348931956520757 0.1212532108896202 0.003537212710252715
0.02322255326650094 0.1278230223859132 0.005942387311423519
0.09026935400936224 0.1617734173959787 0.002696015719384536
0.01038510896470031 0.06066150966395174 -7.550091486575502e-05
0.1778379384864569 0.1549089265983694 0.0006362316512384047
0.2344832442498221 0.1129110414482122 0.00176755106299171
0.1216331522349561 0.001922973590130575 0.005573480916830301
0.184461417049748 0.01425782862557006 0.00225235498755251
0.02254813943119026 0.03782183025173299 0.006104510700520659
0.2365588539454595 0.05043186685055091 0.002788605663113482
0.1867388098504431 0.01650124860115455 0.005194862770554674
0.05267380643888218 0.02230999279493115 0.002309720420496055
0.2368679697917933 0.0509642989303648 0.004088445287028542
0.2296962328140649 0.04269644746703824 0.005241170204765474
0.2214681530380101 0.03375585362896082 0.005269966124992261
0.04031777335561117 0.1458613136368048 0.004042187895846872
0.2435158597738869 0.06418703325136925 0.004268287050098433
0.2459774653981278 0.07364577967902855 0.005520751102895296
0.057636044011741 0.1531376059606367 0.005247622629636429
0.1480197725325708 0.002200413646768831 0.001878021656536967
0.2242075862828553 0.1288799366662599 0.0005589252688923818
0.2302119851888438 0.121534447580897 0.0004352888209435457
0.1962271293055415 0.1450638636308861 0.004687420352396555
0.2082569024881255 0.1382980131257329 0.001500620497056874
0.1031527623508399 0.1660809413540032 0.001114542158764202
0.01050683360231257 0.11541525943105 0.0006048210662803525
0.01118615431355893 0.05388541712776021 0.005011914428107346
0.2171698294424692 0.03611705483526226 0.0005417418793095815
0.1340366251389176 0.1620135046799412 0.0009501552517306895
0.07435042999754977 0.008735436969974824 0.004923300397644946
0.1681316902435285 0.1565959916507151 0.004183569345833216
0.1960037638463129 0.01665975008080296 0.00457335174933223
0.006416717347951473 0.06114014345092234 0.001676433599013153
0.06368444607674506 0.1578835450995347 0.003780070761201142
0.1624979955470196 0.1586791961931645 0.004683405008190611
0.1744908319982729 0.1563072374616915 0.00417596255615612
0.2118487252574147 0.03354897122413834 0.00323495328666772
0.04313415571599646 0.02360361468874871 0.005210263785537271
0.01333381933967836 0.1196946135295979 0.005941883120275246
0.05561973931740079 0.01413142953837067 0.004635496312560258
0.05975301269983382 0.1501318663239533 0.00551973796073833
0.02358750596287956 0.03545163051807228 0.002643206437172915
0.0688420001165695 0.1536955989708308 0.005292067747751258
0.05673923679334542 0.1511357768176097 0.0007383102374665636
0.2298170774479676 0.0499021917766671 0.0001216950071293716
0.1510015785111853 0.1619515198271748 0.0007104457223202735
0.1676451117041643 0.1560592720732615 0.001087976080195041
0.02048897882136491 0.0418900003168532 0.0004836883342113853
0.2138703544838738 0.03245091651040601 0.004816523751230888
0.2344100696406861 0.1100003035411351 0.003137126398271584
0.2091500490261196 0.1442316484320968 0.002432159708882345
0.1528679306939281 0.1659617045743968 0.002660806706940465
0.099461505636274 0.1655134038374899 0.004080291032856988
0.04642299032915509 0.1478344830073974 0.000529002021609873
0.006207919945610702 0.07131324700480279 0.0002565480907663668
0.2388763457222877 0.05313931201826518 0.003026034921959219
0.0561145728551553 0.01675668875290134 0.00540333034394776
0.130100458079967 0.1647960936637222 0.003192189553066708
0.2423330682722889 0.06027350306027777 0.001633838637092512
0.1607290900976739 0.009056927738389698 0.002764738044412136
0.008625621552959695 0.09770071232723743 0.00165334785743313
0.1386832421130318 0.006449433187317787 0.00432460536050459
0.1628345506458325 0.1604994669864403 0.003316318049939723
0.006624975823797286 0.0859294980764389 0.00212395895505324
0.007596747238326499 0.07575303026508949 0.002977152944489283
0.005654033774937666 0.09676612323302361 0.001420243473841459
0.2184863902283337 0.1370990916946032 0.00139334318255956
0.1601166377274478 0.004572794184080795 0.001270397763432267
0.2041317718074112 0.1400193221563258 0.004520153006825482
0.006476410367799505 0.0922836371624 0.005200869251954276
0.1744429892291869 0.01230702799920555 0.002521261985477141
0.2421977567791083 0.06690846229555926 0.003011942235618546
0.1292158333212663 0.1667026511841663 0.00573184348613627
0.2172802838616021 0.1372148967403294 0.0006908926880280337
0.2336424721386666 0.1152287202838227 0.005806855259974562
0.0251402584835887 0.1332530714571476 0.00145158072700724
0.03476836144841977 0.02832312928884242 0.002487597641331077
0.1054527257434569 0.007375244436508238 0.004033559586600797
0.1698608740228282 0.008804735188479067 2.443403400298526e-05
0.01540080553091179 0.04917274874002812 0.005286840702763396
0.2436992222330202 0.0718475271997228 0.005576307101078328
0.02816466305608944 0.03561799013346863 0.0008482874925211487
0.1980173252613102 0.02395816204576283 0.00179084166534039
0.0134562558524432 0.1123620772409091 0.003364868908438783
0.1731412168602051 0.1562060800803446 0.0007019271616455038
0.02288387623568129 0.04282939519087434 0.003254647992434567
0.004708852970976808 0.06786060418884791 0.001726937534621169
0.07996861473742671 0.1592888478109422 0.00296227501789585
0.1119868439769233 0.001849411481298964 0.005395197965491103
0.02056088201876272 0.1206000324857421 0.002360901074505563
0.2415016757158491 0.104387598800896 0.005194205396142398
0.009617857419124843 0.06177177721683109 0.000899635254109777
0.1360020826417025 0.1620745148478025 0.000942271958531963
0.165863319716074 0.008349445345875952 0.000367043871630701
0.2017905035460953 0.02337643570758043 0.002931090850520674
0.00689246652526323 0.07767256205300874 0.004656447137601003
0.1529937061974372 0.003906532304054264 0.0008964980269204611
0.02950107519706664 0.1321935532854461 0.0004075388786778257
0.2395333338423987 0.07505536668963379 0.001655310594529209
0.2301622333931832 0.1169131165288289 0.00300011351655079
0.01758675572746989 0.1263464253830157 0.00248584536831252
0.09960870811350286 0.1610922179954909 0.0002510523875263776
0.02234199116498909 0.1264813812442607 0.0003614125595130836
0.007934625799483697 0.07096899529318398 0.004048557104321456
0.1870413554820489 0.01863545204607523 0.003519049466291943
0.09164804058470398 0.003744353016989338 0.002091842680980954
0.01102155684830101 0.1125556753963792 0.004554281883419404
0.05733128804147104 0.1548801829325706 0.002308265000860475
0.005089907734382377 0.05926269019603601 0.003946582961509837
0.236806930740157 0.06504229726270272 0.002467179848642297
0.2411653147235366 0.08997254370068021 0.00280937324222454
0.1926193126782481 0.02105626128784086 0.0003497029458491945
0.01392354754412019 0.05582120524760576 0.005870701488131631
0.1005344087190406 0.1644304443179379 0.002459996937703112
0.202274325237543 0.1423274297809672 0.002752162259969311
0.0217777739107339 0.04006196337406739 0.002980753210092136
0.006408909492772841 0.1054167465904815 0.0008648877143440533
0.1649107346820911 0.1577355632899199 0.0008883936247498438
0.0151999159572192 0.04809704645673343 0.002827533654060332
0.1935022936109065 0.01949169975541219 0.002739088402203359
0.1045482687451802 0.1642686153370756 0.005583991168911159
0.0585627597218903 0.1498654534537814 0.0007280932567542647
0.007059293170504846 0.06982500825091652 0.003910909339184641
0.005114203569208236 0.07731205048285276 0.00271388331380949
0.0173590040585313 0.05160501554144266 0.004287628507294238
0.2200462279322133 0.0315839910205586 0.002735832590662109
0.01005217653029456 0.05947884676928365 0.00297027204264898
0.01133576266876771 0.06520192782954734 0.00577567298188776
0.08184478107170579 0.004596003554156859 0.002798293648391586
0.04699217255686188 0.149807563675184 0.001585720984585964
0.2117153607465461 0.1390842847672414 0.0007862601116359006
0.1667203496734579 0.00871117134310679 0.005547839161136835
0.1787690018432203 0.01587416296295246 0.001739588250755123
0.1344236030176155 0.0005490008494584672 0.00120202767472007
0.03693135214931825 0.0289598312480274 0.004229074810534436
0.1233056068691194 0.1617068593302372 0.001390275194897097
0.02201384072582211 0.04475507712512498 0.004253838866922731
0.170018907720279 0.007148022073935114 0.001996314922931413
0.01181522466338597 0.06317645623078604 0.005769009315892913
0.1474478072801111 0.1629038920328491 0.005586035816436377
0.01068073638317399 0.06785178404185557 0.005774873231822653
0.2110789020458496 0.1355858406157394 0.004373147239765772
0.01096313585771257 0.04866521261894681 0.002970141521104784
0.2390309036454545 0.05340552805817211 0.003675954733916748
0.1807914670674761 0.01021988070941136 0.005163118506678431
0.06179689371943439 0.1558030421576262 0.005055750199300072
0.2162970560157177 0.03329767491957925 0.003436273264505592
0.08937682020372417 0.1646913364166636 0.003597354685150349
0.1683514116975867 0.006193960516780847 0.004173374400054033
0.1219932027161121 0.005708468495868146 0.001329349557636306
0.210291186780044 0.1384605183783087 0.005450017565386836
0.1541941108320631 0.1620534623862017 0.0007509708895002873
0.02071090277951984 0.04601492272361532 0.002128696778261709
0.212565605476593 0.03039670630908273 0.000728477854901274
0.1564667674354205 0.159755909240875 0.0004600838688482752
0.1683798774017221 0.006652773041434829 0.005558217457726039
0.09622760107073333 0.1630355286767916 0.005621057489786814
0.21638509318275 0.1347750954299752 0.003081862389515065
0.01573207477392737 0.1130145927326293 0.002392489254928903
0.1589051305112649 0.163135202363155 0.004385471729159116
0.2468123417116941 0.08067883427241959 0.004828007901001638
0.2291735836946428 0.04437943442327795 0.0007507169159450258
0.006946673368901721 0.06862542493668003 0.004560073310616121
0.1462753896099673 0.1613364498160294 0.000587836986514804
0.006696896292777203 0.08302006744390289 0.005689956328753657
0.2232657926934109 0.04276147962771267 0.0003392796285993606
0.2417324031767716 0.05802816381927517 0.002353099064578385
0.2381895251791451 0.1144067389169846 0.004315820062313808
0.2147868237638358 0.1368826331021104 0.002826348936745856
0.1761866191239329 0.156769855840403 0.005804269106637894
0.1766867011266121 0.1550981890627151 0.003226508339576405
0.06119745778331573 0.1549385656189305 0.0007927613390214577
0.09273468049622423 0.164230595274698 0.0006074794095494993
0.05750280665878182 0.1492472045536223 0.005547887893940085
0.03290218259619486 0.0286995911046338 0.004934777285723647
0.05849614185619709 0.1509777176190043 0.001939008138172899
0.01681933396796524 0.04479809404034542 0.005954950303396088
0.08047204768989848 0.1579017486408216 0.0002538339417333017
0.2220086917066978 0.03457932071359689 0.001025931001970433
0.0561370291186703 0.01488613866258062 0.005356306168159683
0.06452275120035311 0.01185492569137764 0.00514781257093022
0.1992527632400367 0.02462723968038644 0.0004445097679993046
0.2089753356105034 0.02959977790892378 0.0005957590307470704
0.1255948378862576 0.0005671368037159907 0.0007575258303238106
0.174992889761453 0.009377996130594679 0.0002354629026889697
0.005325388767410158 0.07289763299990397 0.002689439719854135
0.0698964286017307 0.01205540537289876 0.005581682647375292
0.02053627273027739 0.0440987526738532 0.004977323615908559
0.2049385331558378 0.1469063996576174 0.001897526453837159
0.08765511724358412 0.008311835649356003 0.005897922938987487
0.08610656301977668 0.007034160522409374 0.005579970183757776
0.2014675506355631 0.1479895786928789 0.0003611537861464224
0.2093926374740832 0.1439146010787712 0.0006277458508416524
0.06690842058351024 0.1562577410836147 0.005059055683598323
0.2466633417741513 0.08936033792991543 0.003161927418689424
0.2099933186902401 0.1365960578511898 0.001457458998705871
0.2029198051746582 0.01928242784554306 0.002426431468510437
0.2431823294912507 0.06276946999548992 0.002035532923617267
0.04716631452133248 0.02184891358722587 0.005935426822252583
0.1427673502652478 0.1632335003649072 0.005493111128714253
0.01329621084927275 0.05850682699931065 0.00588241451834904
0.03211358689092949 0.03015554898596775 0.002396576090803291
0.2390184965544707 0.0593433685755131 0.005229344304056052
0.2405577531953273 0.0614896016930339 0.003033550299901647
0.1844158336159217 0.01266569488303625 0.000419344934821569
0.2113534542210025 0.02828969238772444 0.0008102457216849544
0.2198733019972742 0.03466062090429262 0.003741287867324948
0.231733787082236 0.1197002420744059 0.0004213929934509483
0.1548387536917605 0.1596623829454888 0.000748838102596757
0.1020427397504444 0.1601834478920275 0.002215212553332042
0.143166845759223 0.003084270179821395 0.002179654906168372
0.1342161074280739 0.001009705481351375 0.0006782507407478988
0.1423029846308625 0.002919301742389055 0.000181625445893276
0.2430030330908315 0.07312093282689287 0.004032434272105387
0.2428827244471811 0.06177251932555407 0.003988861087462169
0.2453416436910629 0.07123009208589792 0.005261293961666524
0.2450737498660889 0.09680482259281709 0.003486292856835375
0.1518968949843774 0.004587469109534824 -9.908630339985254e-05
0.1598856916027558 0.005597913404390482 -4.493256291288088e-05
0.124856066778939 0.1640952935029189 0.0003565163981967459
0.0714966721323545 0.007687118492585077 0.002819884153158209
0.1323390355101381 0.1638988124283637 0.0005104523964079512
0.08543811306530948 0.005283312039782176 0.004744703363069713
0.1712798952788698 0.0104516170467722 0.003078826332576695
0.2144252580509224 0.1326189944797536 0.001944944550842339
0.2028311701199919 0.02693833418146457 0.004532479358701529
0.2034873600847338 0.02811365875446642 0.002821147892128231
0.007784147453984237 0.07089643807627116 0.005038948753881433
0.1504209296158578 0.1618769742720013 0.00308665471375492
0.2399806615036777 0.1028737152820993 0.00445966409599558
0.2168258502737559 0.02878579814815486 0.001187346975843465
0.2364723525366883 0.112756841971373 0.003198929036880485
0.1808871569520247 0.01667273337414226 0.001664533400812354
0.03981901274271521 0.1398807927686178 0.004931762350829794
0.01478007852371853 0.04968523432005018 0.003180408395319273
0.1932123758706548 0.1504729687644681 0.002465772851788285
0.05789748272102932 0.1546973760130181 0.004569063881710803
0.06708170135834453 0.1519207947265199 0.001732437297539687
0.1765814164065587 0.0128590720710373 0.003021178360039499
0.2154260479119219 0.03421638306982861 0.000599657243770972
0.1172911284625834 0.005034165764988725 0.006108631746091924
0.04215688528789231 0.02563716106559734 0.0003263058743988775
0.1936764388130388 0.1519956680787366 9.90685081728609e-05
0.1867045791170951 0.1520024165742524 0.003112596667217969
0.1419566362834149 0.00146752420045095 0.001591947837957765
0.2167618919914292 0.1349648930563954 0.0006944398558468501
0.01413371708632969 0.04775828236911171 0.005499658685532881
0.103254882752635 0.005634529845097053 0.003598928876986716
0.1698850106239078 0.15747470502495 0.0002648702355556996
0.009001171602878805 0.05158298500973266 0.004529757891364058
0.0615558792384815 0.156784673924885 0.003143942075951552
0.1346050803426409 0.003119285309677412 0.006231732055372807
0.1831405508458845 0.01751406998997018 0.00178336769755369
0.1753894122076889 0.008732184780824236 0.002677910386320777
0.2069124065109627 0.1397974738955396 0.001829912816820941
0.01030891257918619 0.1135160934435745 0.0007054782315804527
0.1678973470929405 0.009652894348262393 0.0005755782722924054
0.05377505257278128 0.02033328571253478 0.003135298975374489
0.01689296385533837 0.04301251616976412 0.001114826769900611
0.2083082339054123 0.1422338790442959 0.0008496707678218543
0.03113688516878389 0.1394080532084727 0.002768026304598057
0.1478407571445801 0.003605621852254873 0.002199295954503579
0.04067078742888157 0.02386538424604432 0.003027120330830345
0.012213486659333 0.1054686753675358 0.003438656093852588
0.08277009790795649 0.1567202808246317 0.002405929330528573
0.09617051493411281 0.004562451860990349 0.005455428450746343
0.2307630940731758 0.04696126012988214 0.0004559063569253366
0.08076854549159446 0.005484395974293048 0.001463741279754291
0.2075152943163981 0.145122885605335 0.003010122135613844
0.1017234486595629 0.1656906927802269 0.00425598442076071
0.04835127374924997 0.1476719057215276 0.003119381074736173
0.1786538768461006 0.158856132496374 0.002446782436565447
0.2091207942459257 0.1398923569780404 0.0008257571325237219
0.2427203096449375 0.06233284156769514 0.0005604782345471903
0.236560452425423 0.1152218517272469 0.001874900594308718
0.05624157841555106 0.01569464216441711 2.344441448635912e-05
0.03725534125815584 0.02834732784176864 0.002078438520684055
0.2341093500544841 0.1196003444938505 0.003477222649541119
0.08389985636200903 0.1616081176892941 0.0005620207317087675
0.03824614537622528 0.03077174008652737 0.002565497566548716
0.00777430194281225 0.06273098532214062 0.004554114873787727
0.196243631442191 0.02340486685211394 0.002462654520895253
0.1707745802884745 0.01282967265700117 0.002759910908277977
0.1322938772363507 0.1678605576836545 0.002758479922060391
0.004934496109345397 0.06946477163265405 0.004158159831230624
0.1483855021832644 0.1605276161394957 0.002175548420598922
0.1071975566077938 0.1638054392538205 0.002897647978008819
0.1612421181166541 0.1623703527160558 0.004485195005208427
0.1800704688752172 0.1537373513936316 0.0007122954219815108
0.1903037172598971 0.01693820249279271 0.005465002729707892
0.1307922862475574 0.1629914870803042 0.0005280037120773978
0.2071193670049515 0.1437458377634528 0.001887333529605366
0.06952342226005971 0.1553253676433542 0.002933309355066834
0.2299735954603769 0.1203749832795281 0.0006424288661976727
0.1231386465056627 0.1646852314403406 0.002922827896267744
0.1690942568850794 0.007389925652611141 0.000264974125252998
0.057847877939258 0.01814696798876853 0.005381102813743203
0.1550651239790763 0.1646206464395031 0.001881237442920657
0.2307413572155809 0.1186912850156117 0.001763861036381778
0.1165698571401267 0.1641192251649676 0.002124016388171281
0.1585303939833565 0.005140594664849061 0.005815180006914832
0.1867232760052985 0.1549960214345419 0.0001304632773310546
0.2363077453301489 0.1173435073655201 0.002564209165650849
0.1725774961070791 0.01209364238667307 0.002311819899202831
0.1272674936038504 0.1653955413788873 0.005298642531443912
0.2131532074575115 0.1346853036940936 0.003311393389970467
0.1431230335343568 0.005257046888789958 0.0008893573351836636
0.1938096656700472 0.1472034589260398 0.003676030285223501
0.1089235453716164 0.00586429656665134 0.006032063651731989
0.1527534899604638 0.1648052071585703 0.001970871474819138
0.1115451588186913 0.006175752308683263 0.001299141417776901
0.1033718305513575 0.001530752512385629 0.005106138972970928
0.05066517568626588 0.147691475179108 0.003381553800481297
0.01011836818471847 0.06278969370875598 0.005154626590481066
0.1597807577443919 0.1624463282633709 0.0008508196036546777
0.1739026089408322 0.009775183363014471 0.003747665622854973
0.03775266388031374 0.02728909558383443 0.004969576104009612
0.2308644965533677 0.04988362548458895 0.003831811809466755
0.04777839847331683 0.01849294763576744 0.005560443689949941
0.02156872845445307 0.0446292550083946 0.003866722005364392
0.183866220721448 0.01734999651474126 0.003900965897004334
0.2187314451709824 0.1301404981169991 0.0006396690649733575
0.174903938851635 0.0142553993198733 0.00297045741168296
0.2182199765538898 0.1329383123543005 0.0006629870206176522
0.03739048657431812 0.1422722805023336 0.00490468069303123
0.07697182222457123 0.1558936973493722 0.005138786594118693
0.1968919787038083 0.1481198478938608 0.005228510487988919
0.2198484481777925 0.1288225576291752 0.003963187184575778
0.2254646217993983 0.123230773721323 0.003426124517344772
0.05781385619350685 0.1513113830245954 0.005403879433530955
0.126409977578268 0.003934984464882424 0.006157222388188867
0.003277010399917672 0.08867488407027312 0.002244150196525147
0.1794960691129455 0.155747673779789 0.002774254459214517
0.2182268280242927 0.03527995069036222 0.004583060285108629
0.01411322700646617 0.04775154945606461 0.004062438577071446
0.1520350797529365 0.1626339600991165 0.006053954725029678
0.2345071854518564 0.05683994476881802 0.005150114012560189
0.07190572951260968 0.1609955973005558 0.004367640820278712
0.007340991741954191 0.1118735726032166 0.005593985461358314
0.2197137572900505 0.1347265366264943 0.005952534675083196
0.1697848090958782 0.1552595432812376 0.001077929649458578
0.2361968369332102 0.0561984966894931 0.00203188698952608
0.1976009787384967 0.02097790777103208 0.005566123198590357
0.196368836382228 0.02057072761179319 0.00247628328684761
0.2096893976980117 0.1440933436133701 0.001084295864441386
0.1856358272844383 0.1520135205024003 0.0005651252515025653
0.01443819712734767 0.1143308812615176 0.003041293160752092
0.004886256530760282 0.07054109525402204 0.0006171205304679064
0.1694542618061947 0.1610441680594678 0.001416912067117127
0.2071757780586742 0.1440730158442874 0.005679201648504297
0.02563793120628844 0.04128580346124748 0.003795945096698419
0.009100080050214347 0.07411759505505913 0.005762083489064494
0.2306807547480436 0.1219514780010698 0.003374258912782884
0.1549354976800584 0.1624592970125501 0.004775644086125635
0.215783822128763 0.1383577186815561 0.004451027679642006
0.05477630598948626 0.01488542449178888 0.002660670577471445
0.2390467568348383 0.1079997491279148 0.0007937717418596154
0.007642844862331483 0.1133937866107452 0.003843412392408822
0.01517571682210465 0.1164906078443215 0.002888124919958246
0.1151831202181309 0.006012780978761653 0.003958807469083499
0.149904933186445 0.004334976597657345 -6.729806541564799e-05
0.06285851817488869 0.01415625893230483 0.002897706541064211
0.2108724883866479 0.02410446792003228 0.003013267747236063
0.06383406052715018 0.01341538277826952 -0.0001838381763774467
0.01690473371440934 0.04418789977973502 0.004031655934137707
0.01034196945995323 0.06411959850284545 0.003799802768167069
0.221626275023023 0.0378130242442806 0.002437300962082273
0.1668316599539494 0.006205894206840253 0.001938152894026545
0.2236264366183803 0.03689764809712268 0.0009032555636597204
0.2023584460014673 0.1440895169295395 0.0007727797834146012
0.1906559638221068 0.01999888498346939 0.0004744674245145168
0.1472892862199572 0.002334635195600752 0.002807070571676631
0.02795120597929023 0.1337517476403946 0.001335869481492281
0.01619359231702731 0.1202585463982915 0.000443115556521929
0.2411290143158263 0.1088587797186091 0.002772697643949413
0.01380761932295369 0.05795537942563946 0.00405308319346237
0.2253739631133686 0.1286089620196424 0.005982354406286014
0.2417412538795714 0.06244188839668536 -0.0002322408761318364
0.162766153542774 0.1566686375429801 0.003962975293188596
0.1750340396467482 0.01206149928456605 0.005434846768809776
0.1366510334169284 0.1632151645901136 0.002514911087219779
0.201886173616402 0.1432841546332707 0.005267747741114054
0.03626533392627578 0.1403595539720762 0.003453383424144577
0.233641771577235 0.122246818909352 0.004309758650280138
0.1877894397107693 0.01318359988491353 0.004899482600099174
0.06493068023504379 0.1527144553027203 0.0005477363616946516
0.01088890053707295 0.1192658710067541 0.00518733846292238
0.1456579987726856 0.1644929961540038 0.00409988964836586
0.2111579427654127 0.1430406170906426 0.001858906153281779
0.2096611402616292 0.1402444844140304 0.002711804078191831
0.07270366529510472 0.1550725167653658 0.001020894104573532
0.1943626073524549 0.022153845011924 0.002510203657228114
0.1547765050778153 0.1599055651091041 0.000466098133594727
0.01479738907210217 0.1109792585981318 0.002650270443371011
0.03179006544612236 0.1332544791310921 0.002186920613872238
0.125719054216902 0.0001901631290437651 0.001493493747723151
0.1386736589924447 0.1637018662730166 0.002006846539170905
0.006592462633016332 0.08089442123795294 0.005474660069252201
0.1230203189723468 0.1620916275267726 0.004753419591630004
0.102137324950077 0.00401164340243652 0.002753648924875109
0.1823878810360094 0.152853313489113 0.0006416131256883733
0.1506856217991256 0.1600986301599245 0.002085397280298567
0.009223855083490705 0.06536240417156644 0.003900486056409816
0.1594316001325408 0.006599278956449021 0.005671440680115143
0.03770461182041315 0.1432932149009691 0.001860348373861635
0.1540983215524117 0.005775342796657457 0.005639917215531754
0.009101502319616858 0.107072972669381 0.001170864448257769
0.1771775572588423 0.01280184330963341 0.005390085636625384
0.06317519891193836 0.1552821502727152 0.003278945423990804
0.1561188777702931 0.1614189905396954 0.0006815203014101847
0.1512695632916989 0.005614584114465671 0.0001026289670664566
0.1724639820767065 0.1545672370558986 0.003461899089387169
0.1773183072947898 0.01015134399342805 0.0002564721015719633
0.1650236996963155 0.1562054594299211 0.003827845264741841
0.007995412329280589 0.07169428322946858 0.003336353871479115
0.01679012292655832 0.04617519831336835 0.003224578384606386
0.238916487127688 0.05814472324917913 0.0001247873571559854
0.2131957228513937 0.1377652339799715 0.001771037134246397
0.06556015338107656 0.156094600227591 0.003399397430535615
0.2410571131881602 0.06494091562002055 0.003254173551911
0.2352971607087752 0.1143456792019861 0.0005260599265850264
0.2017558061282052 0.1456706161564366 0.003099910815567852
0.06676369946161131 0.1528820018293983 0.005344017708161491
0.006970588350926232 0.07325474310396521 0.004959180923149926
0.2253341029894755 0.1301394906961453 0.005606211802794561
0.03954839025152588 0.1422863098067664 0.00022011160964319
0.1493242424919162 0.004888270963955867 4.111954970183879e-08
0.17022608296728 0.1550866770022133 0.00363328015584374
0.2075627291146357 0.1448555163964903 0.0005661895477135902
0.0321185779530442 0.1371847996714732 0.003644411434781069
0.03579485406913081 0.1415109199981365 0.001841909819538862
0.01108647548493632 0.1096844463862922 0.001314256939735448
0.1686672995471675 0.1603433898345276 0.004287037139250699
0.2062778112967329 0.1421413947384892 0.0008770627287814947
0.05231745431746021 0.1465161186039577 0.001079145378308416
0.1765230687662955 0.1594760281944182 0.002550222098678711
0.174604584691074 0.1584458601237663 0.0004623630837286203
0.2031569884692057 0.1440992708211754 0.002080880341795131
0.2130369746453422 0.03198421665471698 0.003077412045379455
0.04095698675917978 0.0229599896604266 0.006074121502468242
0.007406184062591813 0.06698015800345171 0.001831018775332238
0.06827794100093441 0.01108758767770125 0.003612997262035161
0.01799706188273453 0.1188136624928014 0.001388428011039849
0.2132243636837197 0.02936002031021311 0.001922547515624233
0.1445034497831106 0.003509022007069124 6.235518252464302e-05
0.1344628900916026 0.1641749816714302 0.0007421712646362888
0.03306338149094133 0.1346756038909824 0.004416197223174431
0.2096123945845528 0.1431641240350725 0.003900992481967529
0.113575449417201 0.1614325391883182 0.001845249650577318
0.2410894891094165 0.07174321553990244 0.002926278969091603
0.153863477957274 0.1603831980792474 0.004930879688719708
0.01462495038404643 0.04554532432685496 0.005486975718889109
0.07195559192121759 0.01284915586102111 0.005695325749854295
0.03689307935112611 0.1424169031402068 0.003302594171631966
0.05571654777358682 0.1535867858735097 0.004435888759959763
0.01484930993873921 0.04622931867557372 0.00327152540980484
0.1994427856252108 0.02086228446711832 0.0006290752883012953
0.1858118070739946 0.154241140918726 0.002002457547681513
0.01047003813407212 0.05670511956617327 0.000598792722915056
0.1465335332000563 0.1657450552113346 0.004708396444026319
0.1591844069122523 0.1592847529750639 0.0004193140642049548
0.006135469817993253 0.08000595296868052 0.0008203654272820398
0.01433328400195836 0.05497766550888829 0.002236366046832793
0.2164247606962241 0.1350476471452981 0.005544346341675165
0.1958434878613503 0.0222549447300755 0.004889557085319499
0.2126041658301045 0.03098357963704153 0.001958908328511503
0.02220790938165853 0.1225561231460317 0.002630249283854615
0.0110340013625821 0.06104308759403314 0.002406150192667257
0.1165484901837204 0.1627778048710726 0.001011936790757579
0.230104754680324 0.0430529102161176 0.002496691834372172
0.1216630859721063 0.1641229148844356 0.0002897786744031606
0.09211471363115512 0.005564727695491909 -0.00047328072764711
0.1908321620404639 0.01992775544390296 0.003618632431302274
0.1863561363405676 0.1540522592757668 0.005651716107394083
0.1598311523346054 0.004198943152681476 0.002904857642651428
0.2197041204490765 0.03390383504972621 0.0009155719370600999
0.1688721739976716 0.01201707772319866 0.004372068177359108
0.06489379103799567 0.1583357385093817 0.004660236986602738
0.1606994351626953 0.157140628924883 0.00397768916143186
0.2302975082277121 0.05009509650527508 0.004874538909345267
0.09992495351915004 0.003967406942420631 -0.0003441787397763854
0.2275659032019451 0.04010738618540335 0.005475701471671909
0.01083680660962873 0.1082024740099863 0.00431137257843545
0.1839804925993678 0.1530225395046004 0.002938080204386679
0.01044748808034635 0.04996322514431767 0.004774344750434046
0.05941876038497575 0.1524477880242579 0.005320690719611287
0.1617340861703741 0.1622930679509534 0.0009465970500235146
0.2244660880137636 0.131136786304264 0.003968426654442493
0.212548632887872 0.1369363613019486 0.002704479436063664
0.03638904165616064 0.02935135190779477 0.0004721704407286908
0.2170382038670132 0.03039990267769354 0.002455652293673774
0.07126784330783871 0.153231467363224 0.002995600134663333
0.1057357983922537 0.1662450266042908 0.001147791931734123
0.1317964273566671 0.1631988145224223 0.002479387058412825
0.0365951177727111 0.1443656259200131 0.003263689311185211
0.01311204150417011 0.04892069865165609 0.00301108630241823
0.05835963586538381 0.1485105204045043 0.003814260327022036
0.003360525637464651 0.06759524268768032 0.003805830692424608
0.01955126747543567 0.1268028863956783 0.0006955295779619026
0.1917169418745068 0.01904626987563874 0.00170765984879258
0.002363504421628027 0.08102487309467857 0.004035885843230157
0.01485473774547084 0.05449767900297977 -0.0001477614667992052
0.1761311295088688 0.1565553530749841 0.0001932278421288561
0.2064276487022663 0.02568428778852042 0.002980910343329845
0.1726045091340751 0.1552523452581172 0.005385576417558234
0.1490831052467995 0.1652688116662376 0.004801875302698112
0.1799413396462523 0.01619794090271167 0.003378233912428166
0.2442833792848691 0.06803443770275394 7.530403859631126e-05
0.2203337959685296 0.03995460196013831 0.002735661885922235
0.01174628610336665 0.05876417299389955 0.004464146697899525
0.1270518066563136 0.1676493199527654 0.004672661897654471
0.180711918322868 0.1582013522858938 0.002444047634635338
0.01592033973549385 0.1135402909699434 0.001822841682079559
0.2124227799578406 0.1353190899440666 0.0007546238793668121
0.1301635622208153 0.004183525241581637 0.005288918231406122
0.06686539279103824 0.01306934585322862 0.002820771571261846
0.001651148541074755 0.07530103858362976 0.003654126613944988
0.1848137364084739 0.154983593862026 0.0001882656735141262
0.2046667619512941 0.02516104224608158 0.005602764601948161
0.1392755221823815 0.1664163129002988 0.00228539679026182
0.2112905168960938 0.1429325658245878 0.0006923009439080072
0.2202367264048728 0.03436836867906569 0.001904100572269618
0.1491145469882824 0.161730058674558 0.005224287098855394
0.1565141576542619 0.1608940647511136 0.005225588048848978
0.1451086714321717 0.004656370317201528 0.0003859006880167342
0.004315403369596498 0.08466688952092291 0.005012583550321916
0.1889984196904781 0.01969493887774195 0.002243334639767998
0.06855610049226847 0.1590658967251746 0.00323676403838052
0.003039814870343495 0.07994939453548248 0.003140404887531244
0.009900264184101356 0.06664848841530696 0.004773286249325292
0.1718453113463146 0.1604958659608093 0.001462151632491809
0.1387299540957019 0.1630419851455113 0.0006290138958628341
0.1478841866049679 0.1598988957213733 0.004483099744561103
0.20077247040516 0.1487272400646912 0.005532150740384196
0.03968917034752209 0.02546174470106608 -7.806885742365889e-05
0.1682843081099623 0.1600001854244703 0.002030509530937201
0.209697005655831 0.1425002875001592 0.001925497657130827
0.1726853800955465 0.1575575021271133 0.002426250344568684
0.2465373036352433 0.07479069419745496 0.0007848915886160464
0.03661610100786243 0.02680110077112374 0.005939712193933358
0.201007376891868 0.0187266132618266 0.0008253393395646095
0.1820821161749146 0.1557341654876572 0.0001831673693693697
0.2423314032958133 0.0667432280820594 0.005551504353714243
0.1932848790162857 0.1501056975761636 0.005147845830364676
0.2400491233577029 0.06105482782801364 -0.0002181369372208992
0.01308702629277554 0.0530959440452916 0.005475355000326173
0.1053995384491525 0.1648101529672787 0.001768218062661115
0.2149913359490714 0.1350150947697935 0.001952066871237387
0.007207387761015022 0.07510673228894285 0.005196747233321064
0.149827806655815 0.163691796820126 0.004097051822175021
0.007802537993804528 0.05731003977625602 0.004431058553631189
0.09377579411837608 0.00585496472013336 0.002969306092833385
0.01143873800074835 0.06215709896520566 0.003871251384749805
0.1516024168988493 0.1647809482266088 0.004728243212317362
0.03264546994800772 0.1390735555601752 0.002116543918853334
0.02908098456988964 0.03230998680409835 0.006216008417169717
0.07508055106286284 0.1548624062785562 0.002074508908887749
0.2142117023045197 0.03383524041898064 0.002201197580634254
0.2314687781048643 0.1190619073153296 0.0006968078172129026
0.1708447698267166 0.1564279555809611 0.002246892811461838
0.1705594730835112 0.007936279852009103 9.294017288481878e-05
0.120281902057996 0.003278705169025882 0.003223158086788325
0.003962058277023684 0.08063422952840546 0.004550922295874735
0.1559533013247265 0.1612913771351751 0.005938763443931997
0.05502423644065856 0.01785285957157612 0.001074007701390656
0.2167096684258225 0.1368545421198797 0.002254213603800795
0.0849284409242818 0.00704677004027411 0.0026272875224311
0.157965520721938 0.163109519757901 0.0009250630723405183
0.1839416784385942 0.0170607067725583 0.004823462853866457
0.01528330788616706 0.1168661623073916 0.00116651953746917
0.2184055861835882 0.03376187605564905 0.00295158331844168
0.1001373559993242 0.1645247883981087 0.0005194095575342618
0.1548516981831259 0.1585222907221929 0.004290321568416836
0.009268295752404988 0.06587433764500732 0.003606207574270149
0.0720133870446482 0.1549648846391598 0.003074880156260994
0.2356072679754086 0.1132963294745553 0.001405491337925693
0.008591832287917999 0.07600037312250088 0.005746829363067959
0.03908060991471542 0.02466430223025453 0.004703703680452869
0.2195787234966915 0.03212189255085128 0.005190152340363074
0.1714831115663265 0.01140023347539016 0.0008407263248740174
0.2403976415144589 0.05895023960270136 0.002808443252616875
0.1028740771518911 0.001254009817193151 0.004481883813320865
0.1104851846617781 0.0009604516600091675 0.00336289542216878
0.02081896478732993 0.04176839052179154 0.0054758512135229
0.06921410644346143 0.1573106853095599 0.0007305658136457648
0.164309166528987 0.1585265039931713 0.002179136100421197
0.008146004449285899 0.113636006047286 0.001849514260718654
0.1442765617978587 0.003838932188739975 0.001480829995517833
0.0181238969131463 0.04613804642895391 0.00511777110843576
0.1492307864423261 0.003447135462663037 0.0008528085765905229
0.2170220217645668 0.138165060256204 0.003004143766508396
0.006071008441789608 0.08774015313909177 0.001322013148748864
0.05145355137391019 0.1451432722087032 0.004024904361966432
0.07317928805594234 0.1540812364754565 0.002065174343281141
0.1712206917342907 0.1598066581048642 0.004236703690420378
0.02361415362153015 0.1265149617132982 0.0006764391901114068
0.1301652689971237 0.002129446148768234 0.005838743945879374
0.2054023011196829 0.1411075762432073 0.001370272187094647
0.1354521796805615 0.1638347619378874 0.001889118471155358
0.1153529105780118 0.1635398950465182 0.0002378613167655951
0.1936513184543791 0.152102770285428 0.005542281029230163
0.1631985151249375 0.1598260694206631 0.001664806055288133
0.149723280380582 0.004560559238111716 0.002838434328999837
0.1907317377262364 0.150641693000982 0.0004539932076757413
0.2361539806160503 0.112835415579744 0.000585296722102532
0.1667727688521963 0.006713994324822896 4.39216218861663e-07
0.2120315777201311 0.1374117170216831 0.000772180366132815
0.01160516834881792 0.05915470096072869 0.0054184899187588
0.1733786344753091 0.0138676083565454 0.0013099317333545
0.1767142944589123 0.1581260159369001 0.0006062964219190765
0.1728011075910718 0.159233746019791 0.0007089846763338805
0.07500506373670858 0.01311554611453955 0.004679186063510594
0.007357319918095514 0.06438961567587762 0.002937997992293009
0.1868267829753049 0.1501228571611023 0.004791352630814062
0.01959144961430977 0.1202229825863867 0.001463567978552048
0.09949796925748489 0.005322143829492399 0.003126056602076617
0.01631327742166627 0.1214467992929751 0.002699701013113177
0.2356740289362692 0.1098713217424158 0.002327789480578751
0.007923035674482097 0.05771098975268769 0.001870167471226144
0.1583905799221282 0.160988916890446 0.0006425529755909206
0.17996215361362 0.157496107795756 0.004081152269076592
0.07956799436232052 0.008925156432195906 0.002729240935284359
0.2210994833160584 0.03694959023349084 0.004660961016322357
0.140935354421777 0.1639214494652129 0.003150698806455684
0.1886812215421584 0.01893593154131003 0.000409648002018845
0.1573579027782303 0.1643618536275859 0.001657811849505622
0.2068014227517136 0.1401138008530401 0.0008581161583224766
0.2165566835174686 0.1364916772239403 0.003652493797887863
0.03612653990713627 0.0268000791703065 0.004365641761279814
0.1498482901883892 0.1594682018018228 0.004412821704685684
0.2222999048816192 0.03409509130803011 0.001895504200194641
0.2117589424911785 0.1370087262079163 0.004058833157067938
0.01589085278580262 0.04734120140141857 0.00423181038842182
0.2382045151869207 0.1158905417217767 0.003433383296117982
0.1785449819834456 0.01347682159060773 0.001108883558846677
0.09770183343271824 0.008146066950345008 0.001504795836609681
0.01156929430283415 0.119547662890862 0.003123365101172206
0.2208425587180818 0.1345871714600363 0.003967344243575664
0.2156129108912013 0.1393077697516046 0.002787196553334347
0.1683016740926706 0.008059099356387007 0.0016559549542449
0.1327194021868877 0.1627881786566493 0.0005829484488390828
0.05300084673040036 0.1499017565252663 0.002993759938819408
0.1380142621044402 0.1651165127294488 0.001443642198869554
0.03614387549323718 0.02635093707450967 0.006336552558990809
0.2179898397485161 0.1355662949900127 0.002035088776358854
0.2452073550636622 0.07867656545323469 0.003497974258969107
0.2020183691436826 0.1432119957450833 0.0009265847772051679
0.009931266959203905 0.06342448675244024 0.004075196478239386
0.01258508526676834 0.05677816224124013 0.00461199861190107
0.005799232940286808 0.07940954668087734 0.003368915019204173
0.1468646750207296 0.1650027669511535 0.001907701663027795
0.2135775356925307 0.139300803865147 0.005818762558376253
0.005742109821668387 0.07101420657872053 0.002724499864964849
0.1553384387490841 0.1607393486011832 0.003800341231847087
0.2001618576803904 0.143808132559508 0.0009507034793128167
0.1118734915747395 0.1641678230742493 0.003022401296272
0.01267932396473755 0.05138950932116903 0.003441516094863894
0.05669260917560675 0.1479038836908333 0.003925412164072349
0.2413647937532719 0.06416616291597096 0.0004295091085948868
0.170762571493578 0.008722990981979754 0.005503228148607312
0.03160730090342336 0.1348273574041672 0.005901260286635925
0.2296887970806105 0.04991187503876635 0.004337902155150871
0.05269871730252598 0.1478883487497481 0.003649265676842572
0.1411753676659258 0.003965304395926409 0.003043784466886875
0.1780233815924465 0.1559954393036245 0.0001335626541681398
0.1743036785774723 0.156777937475169 0.0002079298744415397
0.2397150546312332 0.0736115351319313 0.002504803938791156
0.2351572740115511 0.06155403510399923 0.002889265059483443
0.1828390506134903 0.0152092042783614 0.003559728035679039
0.006695780629708323 0.07669954339203673 0.005155856037808671
0.0541983118562344 0.1471706650305977 0.001442529864739939
0.2114453437491472 0.02968152646076462 0.003012333877438535
0.1340241506470851 0.1620666445424107 0.002964732842280349
0.06520503057805482 0.1510673534440363 0.003474896711245112
0.1014978328771645 0.002434821855857362 0.002398867396925531
0.2108380825646988 0.1384199430313594 0.001934981600241576
0.2220444668305759 0.1299018739944974 0.002737987457129346
0.2110722711567386 0.1364624683177772 0.0007794372654397335
0.03330915760269038 0.133731013944653 0.003885183579449745
0.006004630266595383 0.07868230809671332 0.005086341520382159
0.1701300570675333 0.155875927483183 0.004103570986824293
0.2342549159189467 0.1166796020230496 0.003208624248520859
0.03374785704350055 0.02985631785831652 -0.000294768529684617
0.009538080393418236 0.07208469522364382 0.005740578504464333
0.1521907329068685 0.004945874532197011 0.002781790923190869
0.154694707692842 0.1615690850937078 0.005398512928935779
0.06303810117574044 0.0110802096212613 0.00379902038314731
0.1622014691986438 0.160670842988439 0.0006316024578947241
0.1230376333028302 0.004964857535099076 0.004816777960647445
0.1704028620617894 0.1577095046745489 0.001484509481256108
0.05352272313113539 0.1472470883007442 0.000878058927565616
0.2344372648833166 0.1143527067078705 0.000516811441364669
0.2410930546526009 0.06727752639160733 0.0007852252428983972
0.1667152776372473 0.158454235299645 0.002143200440443511
0.2192781270672431 0.03708397366988899 0.004118712562460474
0.2138817331651692 0.1385324386724228 0.002729022101614038
0.07753157891067509 0.007968144725291558 0.005108156282063985
0.002681704106023784 0.07901408505065184 0.003975177439786912
0.2318150975569467 0.05212651275769455 0.001719278537097889
0.2143508712909976 0.1406529092195557 0.001943705782018267
0.2184582777743174 0.03178010009115819 0.002406880328050717
0.009585095688694416 0.06556815425788917 0.005224789797771449
0.2151541281493208 0.03495953760635731 0.004018504133155604
0.1796858504115928 0.1527111112306805 0.005155476942750492
0.06617388562607644 0.1539969898357891 0.003176769996317027
0.1180101424388354 0.1670347257287819 0.001951951741465867
0.07070774608600754 0.01216234838525334 0.001874110980155997
0.2341914755676253 0.1160457750695849 0.000443840473986412
0.1871467265590458 0.01900983259326271 0.001994636164550512
0.2116646200104345 0.1359816029617499 0.003083310146771908
0.144466045638078 0.002981313558913739 0.006182103900277928
0.2374490342128654 0.054693034240873 0.003202876109854987
0.1934443407347568 0.01856845578917807 0.0004993631395313392
0.2202087566577196 0.03960447253512138 0.003861652854444588
0.225526290645957 0.04434180836454628 0.004444719658415187
0.0348752166023694 0.02742132050568728 0.006314900037534216
0.1774054312671224 0.1586324177587416 0.001276477191027509
0.05569947185041877 0.1476472068411567 0.002396528536626709
0.2243843569828858 0.1288752025923298 0.00517053825400692
0.245873383757349 0.07289880149930424 0.004520252602905754
0.1696699362394294 0.01055598891552133 0.0007139699961602628
0.1819623435219333 0.01638943382295948 0.004762126580265938
0.00579204144098871 0.07331036676421235 0.004559843320608037
0.01391114456070301 0.0497366148262813 0.004325457234979239
0.1948846335691455 0.1528490000480321 0.003886956375239945
0.160574584734516 0.1607421643479889 0.000627580692268712
0.03950050781009236 0.02388806457331695 0.00618093854361729
0.03755153948508961 0.02625996632246056 0.002605147779156771
0.01863386506843753 0.04646803584751184 0.00371318935032361
0.2393535783080803 0.06348796359743761 0.00123938927874953
0.02686917700265463 0.03830425099399139 0.005131707492594775
0.1908070735736467 0.02037647514005032 0.00218766711421919
0.0134235430143253 0.04982527724489372 0.001030753358739919
0.2460953029708932 0.07992706314058426 0.005895480942424295
0.2022315425522276 0.14299845059733 0.001628088346142832
0.02761300530170152 0.03386679588920805 9.950446663001348e-05
0.03739953275802373 0.02581044149240574 0.00458154093514159
0.2188163900179803 0.03835773200858726 0.003650971215400745
0.1752382516938862 0.01059732660102508 0.002049097502531663
0.03536295354310194 0.0284672386898036 0.005555762206700478
0.1405272710526599 0.16147803908285 0.004733594385624265
0.1060594232455731 0.1607861227299174 0.002025553785038933
0.1340637866838283 0.1648603289777718 0.003477023690523704
0.2178674471319813 0.03547535145800353 0.003007021021774838
0.00698845503974641 0.07925131770583671 0.003659834288178678
0.07637256945486136 0.1596151904812611 0.0009079223552741751
0.1672354341741542 0.160428376932981 0.0006411084506452367
0.1374897223053728 0.003073525965029271 0.005922067571712803
0.2150655564725762 0.1379878112182997 0.001755739694028338
0.01633292192599839 0.04579791868069912 0.005608177773996924
0.0973986067816804 0.003051385086300487 0.002074285594872648
0.06108627768290045 0.01252024048651328 0.0007789284156639498
0.04605653412264244 0.1450009912048739 0.005842526301374243
0.05208062006187034 0.1471619674237772 0.005651836245283716
0.2258620261741918 0.1220642119025553 0.002727565027034497
0.07826925488947689 0.01023201037253521 0.005784749218251268
0.1480382158186993 0.164710274633106 0.003805116483132221
0.129029784367439 0.006047303421865312 0.004382785616258685
0.2080209520466514 0.1388785779245058 0.0008345158851154359
0.1899429711946981 0.1517947904630009 0.003029277411171726
0.2436673783480733 0.0768480289085377 0.004663171085294518
0.02610382870922166 0.1303055449950049 0.005900250279422319
0.1368321357840472 0.002331235864384609 0.006150502150233925
0.2478463253636087 0.08315430204370919 0.001294028674261567
0.1892048924041757 0.01887079965011422 0.00491935434231948
0.1728743411666066 0.009457369633562715 0.001841395854204759
0.04085751518619371 0.02411612979934466 0.006203034518661284
0.1522849465298744 0.00339375794781405 0.004105647616569613
0.04915940322446763 0.1500750954183362 0.004449104999203046
0.1268803346981006 0.1618155588296266 0.001341954514474059
0.1584604884655703 0.1600248696067756 0.001947941963047836
0.03158674771941994 0.1404870492834931 0.003682257640587273
0.07009411325367208 0.1572674616789818 0.004999547462907433
0.01464349620738829 0.1149275503173734 0.001537917529543343
0.1931796506799262 0.1470086868554805 0.004751906970263294
0.02227847848943202 0.04309064920321212 0.004885709378958858
0.1690399741656529 0.1601079939971087 0.0007007186270932596
0.1864051652958554 0.0171027749529036 0.003189449063098706
0.009487939700714414 0.06313136645415866 0.001874652430701185
0.1719490874315458 0.1551910900154038 0.003879299358263947
0.16837268168462 0.009730720973168731 0.003069328501433622
0.2005525433880584 0.143948252733723 0.001739830924650992
0.2120635746951937 0.1389376180290516 0.003317790193924081
0.2093044880561385 0.02759866593572505 0.004000138392621306
0.1744822661936746 0.1567800346117445 0.001293558078684111
0.2143522238087164 0.03517637256502876 0.00335885185877353
0.1747566565445698 0.1574712184050095 0.002454673474494548
0.1769659733631852 0.01262961576684034 0.000125981770470696
0.05984674861531499 0.1532053986553709 0.003045714223305847
0.01280113051529104 0.1068456711910248 0.00173919094485522
0.1267269534912852 0.1671057648361677 0.005692782899395992
0.0373020554069205 0.1443763070344749 0.003925970006950944
0.1628448547233891 0.1585484682906591 0.0003506842406408244
0.2121407139566279 0.03233476607405551 0.001656272735876899
0.1013486897014435 0.004312399841159642 0.005550052364623381
0.1608692544347904 0.1608631099026907 0.006034045001998755
0.1683819945632182 0.1588554829594348 0.005921346334528456
0.2097143571891293 0.02732100609410703 0.002266294065193001
0.05517040336542618 0.1479864826017014 0.0008313479639549578
0.1759301002468494 0.01434365485858176 0.004575197465424872
0.1323979762511575 0.001297229081606982 0.003879275486688892
0.2175101074136563 0.03443123590927932 0.001667481074694864
0.2145128947956617 0.1407376708514541 0.0009159778233706614
0.03650247943653052 0.02622133806159115 0.005439776202653306
0.1524712243850725 0.1619167787057541 0.0007180836376923779
0.190918739486017 0.02009900580773908 0.002159296960211358
0.245698382948297 0.07424997693834351 0.005875302898427733
0.1134757842945442 0.1665744363640887 0.005044511182277168
0.2407587498692964 0.06201012120435725 0.0005234793737263774
0.2072097189856804 0.0226186310210474 0.0009655645191990222
0.2428632769923775 0.07094704527837022 0.001016709312705017
0.009168530438674605 0.06890496938999571 0.00470681748204449
0.007316212098754332 0.0795797823203494 0.00545087898449666
0.1523438257516163 0.1606408066592871 0.004956990736916422
0.2131209545838759 0.03417908205022255 0.003839339965957284
0.06527431553681141 0.158533145117157 0.0039959699556472
0.2136043792818151 0.1398493607255053 0.0007654705832755748
0.2131743118902964 0.1337046871830057 0.001686895390074198
0.09997474748618077 0.1657924219698988 0.001590840516699694
0.09702624189065549 0.005605521064163323 0.002524268661832724
0.2170985645507515 0.03222949322897842 0.002644406018033239
0.09860640562438922 0.1656113964098442 0.002447256509083898
0.1937243163199263 0.0215787568513087 0.001472043318125167
0.008327512507680749 0.06950897137674773 0.005108067034557097
0.1209682635607943 0.1646775110824694 0.005159348324245704
0.2160960994104466 0.03174165849398491 0.005703967365338493
0.008524702342628216 0.1129196061157784 0.0005849418589086522
0.1642480414916585 0.1568452793513962 0.002782001905335402
0.2406218055387062 0.06034022593670528 0.001292483690163472
0.1713906544794854 0.007827965641734859 0.001307006532712681
0.2213102960078744 0.03294316799669435 0.00170345720900944
0.1656581535935402 0.1569873616099358 0.001717319304589182
0.2418152157299674 0.06323675683845209 0.0001649872459933976
0.1069395613567043 0.004129550148441088 0.003264875874347748
0.2273919241453997 0.1224811680073221 0.003780908117384821
0.1643826547285081 0.15735282930735 0.00135132942695197
0.02660889345089808 0.1357662904231309 0.003892990722559541
0.21494745343661 0.03385927903730804 0.001454757388420927
0.05875443585823874 0.1488192216649429 0.001410726315860903
0.2460368444460138 0.09705823134902639 0.001663949510552341
0.01606850329522573 0.1219424876708164 0.00594202255202191
0.1398594952510772 0.1649384266397165 0.001562992223621555
0.01586686372845509 0.04748533371036362 0.005447509238380161
0.152468376570438 0.1638564288841045 0.0009336519388252932
0.1456364498525555 0.1639155295382533 0.0007908552025278596
0.2202299877525626 0.131513814225265 0.00502983943856254
0.1891657477613881 0.01632395825048752 0.003230182984257053
0.07109373597569059 0.01140011079180579 -0.0002581384047168589
0.179243736935167 0.1559529033062249 0.005758409260864432
0.06733281372171643 0.009705201007339558 0.001324412376768714
0.07102023906499554 0.01148800846631889 0.003509399663905392
0.2158809013524364 0.03496247129691721 0.002064222395702269
0.0754914017161479 0.1569576745532904 0.000286929296589251
0.07048598555141852 0.1590881017569065 0.002471970860939495
0.2208325746043518 0.126669956604381 0.002325015747926483
0.03525825261202059 0.02708061392748971 0.005278764069911453
0.2100496971304829 0.02373773484721529 0.004313537203303699
0.2152384913436467 0.0282228174565296 0.004661007003264583
0.1841220994801496 0.0164819655356341 0.000228258793527588
0.1657887390141768 0.1567531060213043 0.001096692228433219
0.2052132012749889 0.1412823970761517 0.0008862608712259124
0.2469170264307275 0.07579058996665083 0.002581227175393791
0.009539927522903956 0.05450670390493162 0.001919111796248724
0.1040266133520042 0.1660645201025712 0.002599655908599697
0.1250254965348237 0.1646355801334024 0.005165790332238867
0.007183820351997973 0.07598750822276451 0.004529003273887484
0.006664779439219001 0.07934586928561894 0.004483291813659493
0.2073180592640052 0.02581648266899636 0.0007142251332884626
0.2160106614943459 0.03615449052783558 0.003594944685574094
0.2150245168840489 0.1360178200126438 0.004219527916647907
0.1697011125002776 0.009069609111510413 0.001721341529451487
0.1692251109240035 0.008908971918378741 0.0004148358184739466
0.01702901763519288 0.04941983207555158 0.004793654055407579
0.1492677832134543 0.1639341609487049 0.006202503346906196
0.1551813940471012 0.1623830748646882 0.006119368635651955
0.1686910237645315 0.1583844717887777 0.001564788661075743
0.2456572130820014 0.0964922635046005 0.001265692867335345
0.1694652638500935 0.1583176126874601 0.004446214284442943
0.2271812143103273 0.04174014037325565 0.0007780177891347183
0.008852122915845575 0.06492704840857448 0.002322073126193315
0.1733388684424029 0.01211599148777954 0.0009428509655098478
0.04418214211482665 0.02145077378991667 0.002511152575413518
0.185059261764577 0.01627157932979795 0.005208085387422984
0.2199340529365404 0.03133271683256311 0.001375480584594884
0.008164351609859188 0.06930226574351582 0.003872055951395201
0.2061820560487976 0.1400862401254072 0.001152411617793761
0.007796016574545812 0.07242007797688721 0.004255197042303457
0.1655023912095358 0.1578010352632166 0.005616351003955798
0.2410152112197997 0.1032980286852694 0.005650368835305117
0.005962840802287338 0.08459251417188728 0.005571084810441079
0.111170262662123 0.1665947443644995 0.001508920085993133
0.009625851692914647 0.1114036248456865 0.000993587377077904
0.1710794934175611 0.006845291923288329 0.004510977185249441
0.2254058977248423 0.0376250296961068 0.00188417156151707
0.1835690724057825 0.154864818227698 0.001699459105919212
0.1564784484745038 0.1634743085004711 0.004718999597689086
0.09888122490384237 0.00609775159522805 0.0005034282469597092
0.01428347784379804 0.1133096962586493 0.001585244712327719
0.01055342448878308 0.06255348860386167 0.002931160613901852
0.1822073478324139 0.01299710515809675 0.002809991884173586
0.005059197473260439 0.07711804433780348 0.004630134548180793
0.0615370230001983 0.156584967527216 0.004639217853610554
0.005093227945809155 0.08296774179683178 0.00513576128896916
0.1471976476405256 0.164516568652569 0.006239132871611246
0.1535898054759886 0.1628083945274638 0.006143244066993793
0.01987508348956814 0.124792447409441 0.002656438253065602
0.2213654898588439 0.03502040895417194 0.005695391054116087
0.2145144018752074 0.03163252217421289 0.00187006336106191
0.1835106015205383 0.01114373793825507 0.003658405148598831
0.1891142572287248 0.01342135272348031 0.002858646481282038
0.2137247507892316 0.1341233272243737 0.004418174417090023
0.1711564111660945 0.007079050658443189 0.005485780644169752
0.1659551481469424 0.008141211909585137 0.002550396256392754
0.2449933379358062 0.07274038960696122 0.005823741067982252
0.1712895200403681 0.009573816681091488 4.485257600291871e-05
0.01656844950586651 0.1150245330106088 0.001844902730918401
0.1193660210236554 0.1645331795003312 0.003081999535165729
0.05890871618148085 0.01518639547799291 0.003046570172889352
0.0394130729008954 0.024649211907777 0.006223291786145344
0.1559999729811026 0.1655038516776319 0.002568495884340915
0.1248008066271011 0.1673785592367597 0.002273139889053913
0.2415933868315605 0.07306609785775092 0.001676952976023587
0.1513324354267293 0.162686056018042 0.005674681503597769
0.1385483044331284 0.1641080906397259 0.0007917362709603065
0.2090824407030255 0.03125268246264541 0.004152493595192125
0.01846572054679629 0.04900010264497489 0.003822626881266051
0.01585445841486842 0.1187163253467305 0.003773418266048153
0.01933313841959121 0.0476637465090267 0.004496221013824349
0.2411838323906427 0.05939417949886546 0.001099434695837949
0.2198612266800964 0.03304945780211178 0.002529397381816617
0.1974635092321325 0.1482027650430028 0.003111113799497554
0.1509872811756071 0.003982510367884108 0.00601197179929287
0.1832853944112232 0.0154225134598339 0.00526825127620769
0.1367630066481368 0.001418967433066087 0.003857436333231489
0.1509678636356395 0.003537603580891481 0.0009291974631209844
0.1775546962732724 0.008849072311256156 0.005285057966321354
0.01775228473814185 0.1198218716017132 0.003470101898572959
0.2453113564017292 0.07746952102010674 0.001441672300321167
0.1734766591692044 0.157827775264222 0.0004372832956867763
0.07537989193752596 0.1576446356354184 0.002855505301612783
0.06040537758639114 0.1494971940030479 0.001419137650559741
0.008256238947720334 0.06355482364619366 -3.473608832983221e-05
0.1869425129805453 0.01528906351760379 0.002186397873150673
0.2186244143500513 0.1331512883113799 0.002707662577556847
0.1916825015958766 0.02054882912670215 0.001398612181215218
0.1576977686728152 0.008014645895023501 0.0004416248558257826
0.07179176046149326 0.009427635321268973 0.004848615740997685
0.006264993025049915 0.05809410890100422 0.002788448698481856
0.006197735900059342 0.06366696301847696 0.0009715397163745365
0.2124264302321101 0.1406368610098497 0.0007726019901716043
0.07301106338907819 0.1553332595159682 0.002242978003751273
0.05405719329015207 0.1484826643572288 0.002031058478381711
0.1776800234342671 0.1567254388270536 0.0014202021884841
0.008445711641006094 0.06625340202352105 0.002740722328556086
0.07546737216440871 0.1554256434921863 0.003900917605689112
0.1747989186521089 0.01318156101845276 0.001116727433455027
0.05163038824257089 0.1463529757503235 0.004667810364067549
0.2135238948805986 0.1405720362565991 0.001453635619220272
0.1651089910128582 0.1604978509509333 0.002696220555721258
0.2051281450936441 0.1440071084855628 0.003029169695044924
0.1533336172299538 0.1631125169251524 0.005084094767304393
0.2421483003415467 0.05894775416367642 0.003608813886667532
0.1546469624248253 0.1632392733959625 0.005442250295895778
0.1374172921236931 0.162724941998552 0.0005954246191811805
0.005553185050990573 0.07533204129359765 0.004648671814079556
0.1755257058692959 0.1575560631579149 0.00131842074617249
0.01516739332065173 0.1212832569490077 0.000651562790702685
0.224311365399773 0.125385501229136 0.0005369653911598722
0.1289556196580776 0.001175193100033023 0.003680621310075866
0.2349754649777978 0.1128535255491513 0.0004997108684047085
0.05587621755485595 0.0204317955272322 0.002252947283660232
0.1199568404828537 0.1671048380880917 0.005416064228632302
0.167225248769104 0.1596210592143747 0.003454816607842685
0.0159750591849907 0.04864958340933541 0.005968423399882004
0.135609474048969 0.006321390607836751 0.004343130599523489
0.05578785217852352 0.1477468600165952 0.001416283651410804
0.1712811469454173 0.008710076440632201 0.0001198629299411305
0.01876877788754089 0.0490841462256116 0.004380734681301384
0.0342522953703301 0.1400497653685719 0.004703799131232704
0.2364456465000306 0.05714653258452326 0.000900005386071498
0.2164641006536325 0.02826191174638257 0.001916139335845501
0.05295573556493679 0.1474205271945189 0.001981409480686343
0.05635826796461017 0.1493448605985302 0.002187673724166479
0.1754352280496282 0.1575231122985027 0.0003179451135101116
0.2428555526613677 0.06941718761201264 0.003348431904125274
0.01412638641813774 0.1191111630843323 0.00281280904150707
0.1838375470767714 0.01320225971298097 0.005410667932105076
0.1362237633405193 0.1627855857973596 0.0005714209821327612
0.2002910959022902 0.01805055554480609 0.00158756719688891
0.2410686197361668 0.06091043714615138 0.0001441576031525837
0.2448495232458343 0.073785964460124 0.005591775311450797
0.1070610149996376 0.1660768595240573 0.004656596395813224
0.1952748547629056 0.02248242573712235 0.001542253551929909
0.2002996213689247 0.02522947905984653 0.00174202516294323
0.2059968565090727 0.02853014113924834 0.00156689121161288
0.1495813375800901 0.1607793925449688 0.0005404125264754287
0.1427308367791429 0.002063102177551984 0.003804258690047055
0.2397020614409726 0.1057385237688761 0.002950077338548361
0.1157059443459108 0.1637510684610528 0.004971697549522798
0.2418327885745717 0.1004666821165998 0.002799298246818326
0.2319510998827413 0.1193253705691742 0.002907363763104426
0.1732796194191702 0.01064492516237359 0.0006700054124664668
0.1700623198199868 0.008320120196339263 0.000949148304190309
0.09992502927313655 0.1657732185335303 0.0006588740443512763
0.1854102776292737 0.01717121547695344 0.001681491036238566
0.2429085611572246 0.1026176142583586 0.003824690554380955
0.1687551675384778 0.008209196827501861 0.0001123408349187503
0.2380762047396408 0.05746307199227439 0.003336152792350436
0.1842949919914164 0.1548684560396964 0.003306139494699859
0.1849377241908648 0.01578768603656546 0.003563262158347087
0.2262628639324519 0.03873671362916896 0.003718978423502588
0.04084312402442113 0.02493133904341916 0.005261010627307887
0.1717578526310804 0.160947449102452 0.002633984877966259
0.1763483661860273 0.1570094416647064 0.002396206136477046
0.1727198573754541 0.01034380865888146 6.529529070758728e-05
0.02725160761887758 0.1327923669416003 0.003354537356549139
0.1814345752786027 0.156685892991318 0.0004077560876542928
0.0905421357381683 0.003001263602665641 0.00389352307779635
0.2359626744241562 0.05881933007745985 0.002333778472522014
0.008899555765216475 0.05992557046660819 0.004707755135869428
0.02283458089943531 0.1285610062149913 0.003027910379502872
0.1725706406612518 0.007689529970659151 0.002982471110787281
0.1382973383124331 0.1622574569614119 0.002609341940307867
0.1895982159967823 0.01942485387790394 0.002030790607270013
0.2355479676530045 0.05614869743847138 -6.864225077743766e-05
0.1146786896157246 0.1657054185735878 0.005519592347666621
0.0174123006798251 0.04775755375035207 0.005004765230886409
0.140026320549824 0.1638455980107601 0.0006713762247838088
0.1800178541498125 0.014277084299688 0.003228557252861378
0.2449417963582978 0.075713311913109 0.003014483989948258
0.243624857731932 0.1024551181226781 0.002040748363417311
0.2464051238236351 0.07456751091271055 0.003779211244144984
0.06318456335918991 0.1528792769123415 0.002734968970695624
0.05241223899978106 0.1463916152929153 0.002625345176334755
0.02976208386972382 0.1345827940977289 0.003515359319482611
0.1850346534639462 0.1556289729515436 0.004496414245500156
0.2237011610580001 0.03811271901700587 0.003236847777154321
0.2110461072824587 0.03097593804770947 0.0006130629909064935
0.007275307706136891 0.06921433237574569 0.001911653922011353
0.164925219322151 0.1583833673613713 0.0003458578300816281
0.005476031452417374 0.08640552312135696 0.005397646891651675
0.006309758871793747 0.08104266971349716 0.004911334865028039
0.2402746819244038 0.0577214296327407 0.001380449027875746
0.2445546226685444 0.07509337652254122 0.00485323073819151
0.2420379766855872 0.06891477250878196 0.005637571790154793
0.2098617641742853 0.03225734549928991 0.003136618242334838
0.126300462394493 0.1639832387112427 0.002780708683835859
0.1291132937920773 0.1619836261231286 0.002815059195122423
0.01547614544326612 0.1204298617551541 0.004985128873750706
0.07590176053496865 0.1550639770999697 0.002946867093122882
0.0281042319250653 0.1296745164493848 0.003484180682528708
0.004238237069666034 0.07864829980094215 0.00447790719403595
0.01342266672061055 0.05037512441526511 0.005366279849998194
0.1851885272092912 0.1567770880317576 0.002438098950529046
0.0561586986459764 0.01960070584383339 0.002670490248410001
0.0156237698790717 0.04995091683286648 0.005957880094566674
0.01452322512453893 0.05153915911618491 0.005077268831995151
0.1383192581955024 0.1621358835146681 0.0007745081537501057
0.2148550182588669 0.03007727491694689 0.003065521419507224
$EndNodes
$Elements
1 4950 1 4950
3 0 4 4950
1 23 1602 241 240 
2 759 1769 1706 9 
3 397 402 1140 830 
4 1712 215 1007 257 
5 1007 476 401 1267 
6 126 127 680 535 
7 1664 140 1044 138 
8 1397 393 1575 141 
9 975 237 1110 233 
10 985 315 152 281 
11 456 315 281 634 
12 572 369 1626 1741 
13 41 113 152 38 
14 978 502 1775 777 
15 809 158 161 1080 
16 281 634 152 38 
17 1647 1769 1706 759 
18 45 1376 1007 46 
19 149 686 90 488 
20 533 1324 70 176 
21 1319 1393 1101 1463 
22 1746 170 1376 1528 
23 1767 1768 325 1490 
24 1083 125 1518 574 
25 270 412 265 752 
26 233 1102 559 1680 
27 1769 1647 1706 1337 
28 553 1612 1059 827 
29 236 1102 233 835 
30 233 559 1070 1680 
31 871 237 1110 362 
32 244 1777 1773 1266 
33 876 1633 852 1501 
34 1377 1583 607 970 
35 102 1334 964 541 
36 445 1654 1521 854 
37 493 1357 529 632 
38 1545 1015 252 50 
39 173 1734 891 725 
40 415 1680 355 1012 
41 520 317 441 1049 
42 912 1142 1651 677 
43 912 227 1651 1142 
44 1767 1015 1641 940 
45 479 632 1706 493 
46 1620 728 1389 1707 
47 930 401 335 326 
48 909 1142 1680 330 
49 407 1230 847 1740 
50 501 1108 860 1477 
51 435 1366 1658 1750 
52 1186 1628 1164 874 
53 366 1405 817 622 
54 1099 1548 63 755 
55 1686 100 1734 1330 
56 1696 1672 1391 1438 
57 613 264 352 915 
58 1130 872 1113 704 
59 1241 1257 913 666 
60 251 1708 1101 1319 
61 151 94 352 613 
62 1728 93 923 276 
63 1578 1779 1701 574 
64 943 302 528 911 
65 978 640 1691 1285 
66 1660 282 34 463 
67 424 271 272 1695 
68 901 154 1082 351 
69 134 1162 1571 941 
70 1427 223 658 1570 
71 137 385 962 983 
72 717 764 896 522 
73 281 456 38 427 
74 755 1548 1306 247 
75 456 634 281 38 
76 147 146 1726 950 
77 49 1637 252 1426 
78 1240 1562 1344 1117 
79 126 680 350 231 
80 1731 167 1614 163 
81 236 232 1142 534 
82 234 1372 1503 871 
83 1344 249 517 538 
84 984 1510 1203 383 
85 1026 945 1538 1268 
86 141 138 1575 1397 
87 138 1664 1048 1397 
88 133 138 1042 141 
89 375 1664 1358 548 
90 505 430 750 1417 
91 1282 727 560 155 
92 157 1272 672 302 
93 986 1272 157 183 
94 637 944 1722 1300 
95 171 1013 958 1425 
96 171 372 958 1013 
97 944 1486 1742 689 
98 1518 294 903 1715 
99 1779 1186 1392 1159 
100 309 114 723 210 
101 309 723 41 210 
102 113 999 281 285 
103 1652 185 1488 563 
104 974 1742 1486 419 
105 728 1579 662 346 
106 1484 151 352 583 
107 1308 1245 1027 434 
108 173 1686 1734 1330 
109 708 253 1433 75 
110 718 278 254 619 
111 718 254 348 619 
112 255 309 877 210 
113 318 309 877 255 
114 930 309 318 255 
115 255 114 309 210 
116 309 930 822 255 
117 309 822 114 255 
118 718 619 256 278 
119 1356 1336 178 183 
120 1474 123 1033 601 
121 326 335 822 378 
122 280 123 1362 1383 
123 126 350 680 127 
124 560 727 1282 449 
125 272 1468 1654 1695 
126 260 367 563 620 
127 1224 815 426 77 
128 563 260 1323 367 
129 64 1195 198 1021 
130 896 842 1661 1559 
131 836 374 267 1304 
132 141 393 1575 441 
133 1272 183 1356 691 
134 414 274 1362 291 
135 274 1672 566 1411 
136 718 331 254 278 
137 718 278 256 331 
138 1772 316 715 844 
139 143 151 94 697 
140 708 467 320 253 
141 1567 467 320 708 
142 147 1718 811 488 
143 518 1052 287 1 
144 1303 809 511 387 
145 1303 511 142 1554 
146 22 510 685 24 
147 181 511 47 1080 
148 254 287 1052 1 
149 291 274 1362 26 
150 1362 26 653 291 
151 955 1377 1453 1216 
152 143 697 94 561 
153 1653 1041 1442 1289 
154 191 1646 382 300 
155 92 264 667 128 
156 143 94 151 613 
157 257 1007 720 380 
158 1448 1298 983 303 
159 983 1298 1732 303 
160 113 284 985 281 
161 113 38 285 281 
162 1319 1463 649 306 
163 306 1463 53 1004 
164 1704 1330 173 1223 
165 301 1521 424 271 
166 176 1651 534 614 
167 182 528 1272 157 
168 31 381 1638 502 
169 161 961 1080 158 
170 148 161 47 1080 
171 901 1082 1407 351 
172 183 1272 182 691 
173 101 350 127 187 
174 1419 730 1038 165 
175 795 438 820 1402 
176 718 331 1246 254 
177 718 1246 437 254 
178 1087 1089 164 899 
179 110 1177 1064 75 
180 476 1462 1007 401 
181 1513 486 1322 1760 
182 276 1432 394 1062 
183 1272 182 157 183 
184 182 1272 528 691 
185 809 181 511 387 
186 160 470 156 1051 
187 160 1317 1521 605 
188 382 365 979 300 
189 382 1646 365 300 
190 569 324 374 12 
191 979 376 1085 324 
192 1685 332 785 906 
193 324 1304 374 836 
194 222 1287 443 40 
195 1179 1339 219 700 
196 460 373 117 631 
197 1240 481 53 499 
198 773 255 877 210 
199 326 255 212 773 
200 255 326 822 378 
201 335 476 930 822 
202 658 1570 1162 1571 
203 1371 221 1477 450 
204 414 522 896 764 
205 1599 886 461 203 
206 1182 577 348 715 
207 407 219 1230 1369 
208 710 1230 219 1369 
209 85 200 162 882 
210 1700 205 589 1137 
211 201 730 1419 204 
212 331 1 254 278 
213 1089 164 1757 1087 
214 331 278 256 1 
215 1599 696 203 461 
216 331 287 254 1 
217 331 287 1246 254 
218 923 1728 276 273 
219 1263 695 402 1765 
220 273 276 207 1728 
221 235 1197 944 333 
222 235 944 1380 333 
223 1291 334 1421 1541 
224 1291 1242 1650 1196 
225 589 1062 166 1432 
226 1062 394 201 730 
227 1419 730 165 204 
228 454 476 401 335 
229 1338 549 952 457 
230 1539 834 773 1542 
231 106 523 1394 1753 
232 499 337 52 214 
233 1341 992 1053 298 
234 902 1177 426 815 
235 1319 1101 337 1463 
236 214 337 52 1463 
237 297 1729 1194 1204 
238 68 1258 340 338 
239 338 1258 1500 1132 
240 339 1574 557 1058 
241 339 1574 1493 1248 
242 713 1692 1637 630 
243 220 221 481 702 
244 1344 56 1117 1748 
245 1117 1748 1562 1344 
246 850 774 24 321 
247 768 376 342 436 
248 342 873 806 436 
249 988 1287 849 295 
250 40 39 222 1287 
251 768 376 324 342 
252 806 908 324 1304 
253 443 1287 222 295 
254 397 273 924 275 
255 397 273 205 924 
256 273 923 924 275 
257 273 923 205 924 
258 343 1664 1044 133 
259 392 315 152 985 
260 315 229 152 41 
261 41 152 315 634 
262 1772 316 1237 1418 
263 991 25 566 1033 
264 1760 1467 486 1679 
265 1693 247 1608 627 
266 1693 1608 1517 627 
267 522 764 414 291 
268 1557 1755 328 527 
269 414 291 653 522 
270 1175 414 653 522 
271 718 254 437 348 
272 1561 1769 759 9 
273 1182 577 437 348 
274 990 211 212 401 
275 401 841 212 626 
276 675 225 1183 242 
277 675 1453 191 546 
278 1772 844 1237 316 
279 276 1062 394 207 
280 642 1531 714 462 
281 934 1531 714 642 
282 1034 554 1368 859 
283 315 36 597 456 
284 392 229 152 315 
285 1548 1134 1552 247 
286 878 1664 349 80 
287 878 1664 548 349 
288 292 1480 71 507 
289 755 120 247 783 
290 247 1306 755 783 
291 1555 279 1073 742 
292 1450 830 397 1140 
293 1393 194 615 1214 
294 356 1589 1572 1423 
295 1572 1522 1464 356 
296 356 644 1291 1054 
297 149 457 952 488 
298 952 1338 457 149 
299 258 357 1359 1420 
300 1670 357 851 1537 
301 1503 1670 411 357 
302 1503 411 1416 357 
303 275 1263 451 1140 
304 275 1140 402 1263 
305 491 1124 1021 304 
306 1688 623 441 317 
307 368 820 189 1721 
308 979 376 768 436 
309 630 170 1746 1528 
310 795 820 189 368 
311 542 893 43 114 
312 361 485 1171 1534 
313 1509 522 828 892 
314 142 420 1554 336 
315 1201 1120 336 178 
316 216 304 366 364 
317 382 365 1136 979 
318 365 1449 1136 376 
319 850 991 26 1489 
320 991 566 26 1489 
321 1405 364 817 567 
322 1773 1377 1444 399 
323 906 259 332 1068 
324 261 802 307 624 
325 260 57 367 620 
326 226 1431 367 494 
327 659 1276 136 652 
328 620 57 367 1431 
329 982 1323 59 434 
330 368 1721 1104 998 
331 998 1402 368 1721 
332 795 1402 368 556 
333 1779 118 1211 1541 
334 439 384 946 815 
335 742 371 1721 928 
336 1721 694 371 998 
337 151 697 881 408 
338 408 352 881 151 
339 1755 1093 1736 328 
340 145 1736 796 328 
341 569 979 1085 324 
342 1235 160 470 1689 
343 133 1664 132 375 
344 733 276 1432 394 
345 1070 330 1680 559 
346 677 1651 534 1142 
347 376 873 342 436 
348 1136 1449 1085 376 
349 255 326 378 773 
350 326 834 378 773 
351 1542 773 255 378 
352 834 378 773 1542 
353 169 647 1007 380 
354 257 169 1007 380 
355 186 1150 1275 406 
356 1167 458 341 186 
357 892 129 1509 522 
358 1179 219 288 700 
359 606 385 962 531 
360 240 531 23 385 
361 962 385 23 531 
362 1688 317 441 520 
363 898 284 985 113 
364 1451 344 656 307 
365 281 38 152 113 
366 542 285 893 114 
367 428 95 92 1720 
368 723 113 285 114 
369 707 1355 388 1749 
370 1749 959 1355 388 
371 503 959 1128 388 
372 503 388 1128 1656 
373 731 1730 1498 1663 
374 299 1105 208 312 
375 1343 1415 390 927 
376 390 748 81 202 
377 1501 104 590 66 
378 891 890 122 1053 
379 891 298 890 1053 
380 1501 66 1197 104 
381 953 346 973 168 
382 273 402 275 397 
383 397 830 273 402 
384 195 1236 154 579 
385 305 223 1236 466 
386 205 1388 273 397 
387 1388 830 273 397 
388 880 648 119 246 
389 1303 1554 142 526 
390 1303 1554 526 387 
391 336 968 448 178 
392 1568 658 712 505 
393 1007 401 211 1267 
394 401 626 1007 841 
395 410 1725 1041 973 
396 126 350 409 231 
397 126 409 350 127 
398 409 127 101 350 
399 233 1070 283 1680 
400 193 1110 233 1168 
401 193 1168 233 1070 
402 351 154 1082 429 
403 351 1082 1407 398 
404 326 255 318 212 
405 151 94 408 352 
406 1484 151 881 352 
407 43 210 114 255 
408 210 542 43 114 
409 1542 210 255 773 
410 400 209 1615 1774 
411 1615 1729 1204 1178 
412 1110 413 193 411 
413 115 528 302 826 
414 157 1272 302 528 
415 1082 466 1084 381 
416 412 1567 1010 1485 
417 412 1010 265 72 
418 412 752 840 265 
419 657 46 1376 213 
420 657 215 213 1376 
421 1376 657 1007 46 
422 1376 215 1007 657 
423 666 1110 1670 413 
424 1327 1396 468 362 
425 1398 1209 139 1234 
426 1503 362 1396 1209 
427 1503 1396 851 1138 
428 1234 1209 1327 1398 
429 517 416 538 249 
430 405 302 672 1272 
431 1262 1053 540 209 
432 1333 6 418 1161 
433 1333 418 403 573 
434 115 302 1738 826 
435 1384 537 358 933 
436 176 963 956 228 
437 428 95 1720 950 
438 206 455 146 1718 
439 1720 146 455 950 
440 360 1768 1767 386 
441 556 1402 368 89 
442 199 66 64 852 
443 199 66 852 1633 
444 1622 674 866 971 
445 103 1633 66 199 
446 519 1651 74 1445 
447 963 519 956 228 
448 64 66 199 780 
449 199 780 66 103 
450 421 1246 784 437 
451 421 784 651 437 
452 379 431 531 1000 
453 31 381 466 1638 
454 572 722 369 1741 
455 1769 1706 9 1337 
456 1498 471 1567 1663 
457 1429 471 1247 825 
458 1308 434 1027 494 
459 226 367 434 494 
460 367 1323 434 260 
461 458 373 117 460 
462 300 365 979 436 
463 365 873 376 436 
464 365 376 979 436 
465 1376 45 647 663 
466 1582 435 1750 97 
467 1344 481 499 521 
468 501 1565 1371 654 
469 407 1369 1230 921 
470 299 1707 1620 706 
471 1389 1707 1653 218 
472 1322 486 783 1679 
473 1467 1693 404 1679 
474 446 1779 442 1541 
475 1255 1448 379 536 
476 1779 446 1628 1159 
477 1506 1278 1572 1423 
478 295 528 115 459 
479 459 443 295 528 
480 1572 682 1522 867 
481 1638 381 1472 600 
482 1564 555 1018 452 
483 474 1130 875 929 
484 552 3 670 790 
485 518 231 3 465 
486 424 445 1695 272 
487 661 205 1137 497 
488 1095 457 488 547 
489 305 1236 425 466 
490 579 1236 425 195 
491 1660 463 33 588 
492 805 340 464 68 
493 186 341 406 504 
494 504 1115 341 406 
495 1025 778 325 1767 
496 1767 386 1490 856 
497 952 149 488 888 
498 1402 438 820 88 
499 761 896 523 1217 
500 791 475 1024 1722 
501 1024 475 944 1722 
502 498 1719 196 1169 
503 944 610 235 475 
504 1719 170 1746 630 
505 1724 1292 1539 43 
506 1291 1650 1421 334 
507 501 1371 1477 450 
508 1371 501 654 450 
509 600 502 381 996 
510 600 1076 502 28 
511 978 1775 502 1285 
512 1602 389 241 758 
513 241 389 919 550 
514 1517 1153 1693 489 
515 183 551 1515 159 
516 281 152 985 113 
517 597 392 36 315 
518 432 563 1488 1323 
519 606 303 385 531 
520 1057 472 207 276 
521 276 394 472 207 
522 192 1583 1183 1179 
523 192 1183 288 1179 
524 1583 1183 1369 747 
525 1568 658 505 1427 
526 148 1080 47 511 
527 148 513 142 511 
528 181 158 809 1080 
529 447 181 1031 448 
530 142 447 511 513 
531 181 511 447 1031 
532 1630 270 708 1567 
533 270 1567 1010 412 
534 292 71 69 516 
535 479 632 493 746 
536 1453 1377 607 863 
537 746 493 144 529 
538 479 493 144 746 
539 746 632 493 529 
540 494 1431 367 57 
541 494 434 1027 57 
542 494 367 434 57 
543 494 1027 1384 57 
544 494 1384 1431 57 
545 494 1717 1431 1384 
546 1344 481 1240 499 
547 1467 1679 404 486 
548 906 332 259 495 
549 906 332 495 1685 
550 1753 523 496 1509 
551 1521 271 272 424 
552 424 1521 445 272 
553 932 1521 51 854 
554 358 1654 854 537 
555 463 1660 1277 34 
556 1755 1093 328 406 
557 974 1459 503 388 
558 974 388 503 1656 
559 1656 974 587 503 
560 1036 1459 475 503 
561 1036 974 1459 503 
562 1119 856 1767 325 
563 283 233 975 1110 
564 409 781 101 670 
565 410 1725 1498 1041 
566 1730 611 1498 1041 
567 797 1448 997 855 
568 536 1448 997 797 
569 797 855 997 1000 
570 536 797 1210 1403 
571 1213 454 1584 745 
572 517 220 249 1344 
573 459 528 115 826 
574 1192 443 459 528 
575 220 1108 920 517 
576 220 920 1344 517 
577 517 249 220 1565 
578 517 220 1108 1371 
579 1371 517 220 1565 
580 419 1722 1735 637 
581 420 1201 1120 336 
582 518 465 3 1052 
583 12 374 267 836 
584 324 836 374 12 
585 12 267 729 836 
586 768 836 324 12 
587 423 404 1256 1693 
588 1210 797 1000 18 
589 220 481 521 702 
590 220 1108 521 920 
591 588 33 1493 463 
592 33 463 1013 1493 
593 1184 548 396 1060 
594 1265 1710 1098 1529 
595 1220 1193 840 73 
596 1135 484 785 1443 
597 1193 1744 1526 1220 
598 730 394 1038 733 
599 690 276 394 472 
600 1408 1207 783 486 
601 1322 486 1408 783 
602 1207 486 703 783 
603 92 264 831 613 
604 643 831 613 92 
605 367 260 434 57 
606 260 57 609 434 
607 192 1183 1377 675 
608 192 675 191 1222 
609 192 675 1222 1183 
610 675 242 1183 1377 
611 675 192 191 1453 
612 675 1377 192 1453 
613 385 1602 240 758 
614 385 1602 758 983 
615 92 667 95 128 
616 128 95 92 428 
617 1344 249 538 56 
618 538 416 56 249 
619 123 539 280 1362 
620 1362 123 539 245 
621 1007 45 476 647 
622 633 1343 164 544 
623 633 927 1343 544 
624 1049 623 1555 317 
625 546 1453 191 382 
626 1646 546 191 382 
627 661 205 497 1265 
628 546 955 1453 839 
629 546 1646 1593 839 
630 459 528 1272 1192 
631 133 1664 375 343 
632 292 1480 507 444 
633 61 555 1018 1564 
634 504 1755 406 1093 
635 395 525 712 188 
636 395 505 712 525 
637 712 505 1342 525 
638 712 525 1342 188 
639 449 870 1282 560 
640 449 353 870 665 
641 1321 1264 1445 74 
642 507 1264 1321 444 
643 1564 704 555 452 
644 61 872 555 1564 
645 722 664 145 1741 
646 664 145 1741 14 
647 763 33 1212 1013 
648 1202 509 734 167 
649 1402 995 1023 556 
650 995 1023 556 1354 
651 339 1574 1248 557 
652 978 1775 512 777 
653 831 94 264 128 
654 613 94 352 264 
655 102 541 964 1204 
656 297 1729 1204 540 
657 163 461 586 509 
658 1583 1183 747 192 
659 192 747 1377 1183 
660 124 1531 462 1228 
661 220 481 1344 521 
662 220 481 1240 1344 
663 220 521 1344 920 
664 274 1362 26 566 
665 568 1163 1657 1335 
666 1689 301 665 1478 
667 472 591 207 394 
668 39 528 182 910 
669 1018 61 571 555 
670 571 1018 1640 1346 
671 1018 571 61 1346 
672 575 496 323 523 
673 577 718 348 619 
674 577 718 437 348 
675 1772 1283 577 1249 
676 255 877 318 212 
677 532 304 1124 491 
678 1374 1616 1244 581 
679 246 581 319 1374 
680 1293 1171 1244 1374 
681 1207 880 1446 648 
682 585 88 438 1402 
683 585 1428 1402 995 
684 587 974 1036 503 
685 67 974 1036 587 
686 587 503 1100 1128 
687 1621 844 1237 1772 
688 1370 1400 1283 1772 
689 1140 792 514 1413 
690 1432 93 776 589 
691 205 589 1763 1728 
692 450 221 1226 594 
693 501 517 884 248 
694 1626 1335 543 370 
695 543 370 711 1626 
696 239 9 572 821 
697 1277 1660 1573 34 
698 1183 242 747 1377 
699 1689 470 1235 1478 
700 301 665 1478 604 
701 488 952 888 547 
702 40 39 188 222 
703 1296 995 952 1325 
704 183 157 986 551 
705 1255 606 962 379 
706 379 606 962 531 
707 962 606 983 385 
708 1255 983 962 606 
709 1372 193 1503 871 
710 1203 1152 827 383 
711 535 553 5 1059 
712 930 255 318 326 
713 149 488 90 457 
714 968 798 448 178 
715 1453 1216 314 839 
716 558 1779 574 1701 
717 149 952 1338 770 
718 555 1018 452 1616 
719 555 1018 1616 571 
720 452 1018 595 1616 
721 711 1219 1626 370 
722 1754 1033 566 25 
723 1391 1754 1702 1155 
724 1411 1155 1391 1702 
725 1476 505 430 515 
726 1085 621 11 324 
727 440 623 1097 564 
728 366 622 60 1488 
729 86 1555 742 520 
730 1555 317 742 520 
731 1338 726 770 952 
732 1175 653 828 522 
733 974 1133 388 707 
734 632 529 746 976 
735 827 976 529 632 
736 479 632 746 976 
737 628 748 390 202 
738 295 1287 115 528 
739 528 39 40 1287 
740 115 943 302 528 
741 157 528 302 910 
742 144 1706 1357 493 
743 479 1706 144 493 
744 1066 69 1022 1178 
745 1422 848 1250 861 
746 883 636 1532 1544 
747 1013 33 1295 463 
748 752 75 1064 473 
749 412 320 1433 708 
750 232 1651 534 743 
751 412 320 1744 1220 
752 1220 412 840 1193 
753 412 1744 1193 1220 
754 1741 1482 576 15 
755 638 477 1004 778 
756 1767 360 477 778 
757 793 477 638 778 
758 793 477 778 1025 
759 325 1768 1767 778 
760 496 639 323 1753 
761 639 914 1143 1425 
762 1753 639 323 1425 
763 1450 830 1140 1413 
764 830 91 695 1413 
765 830 695 402 1140 
766 902 803 1177 815 
767 627 1679 247 783 
768 210 723 542 114 
769 723 285 542 114 
770 1323 434 645 59 
771 263 344 836 598 
772 762 598 836 344 
773 1131 1655 645 1147 
774 646 1368 1740 554 
775 646 1499 1368 1619 
776 1339 646 1740 847 
777 700 1339 847 646 
778 552 3 790 2 
779 588 282 463 1574 
780 588 282 1058 427 
781 648 1199 119 246 
782 63 648 172 500 
783 997 1448 431 855 
784 500 648 246 1199 
785 172 648 63 1322 
786 804 545 1618 879 
787 649 1463 53 306 
788 501 654 884 1565 
789 884 1716 654 1006 
790 53 1240 337 649 
791 649 337 53 1463 
792 1633 590 103 66 
793 345 549 457 1077 
794 206 146 1077 1718 
795 206 1718 1077 457 
796 1338 570 952 549 
797 241 389 550 758 
798 844 217 332 316 
799 836 267 729 1304 
800 844 332 1237 316 
801 1685 785 332 844 
802 1685 332 1237 844 
803 697 151 1366 719 
804 697 1481 561 719 
805 240 385 23 1602 
806 1175 522 739 414 
807 169 647 663 1376 
808 1718 90 488 457 
809 1046 392 36 597 
810 206 1718 457 90 
811 627 120 1516 1008 
812 1073 1104 327 189 
813 47 1282 870 48 
814 449 353 1282 870 
815 797 855 1000 18 
816 1403 797 1210 18 
817 456 315 36 808 
818 808 1466 284 36 
819 808 1466 36 456 
820 985 284 36 808 
821 36 315 985 808 
822 449 870 560 665 
823 143 151 697 719 
824 143 697 561 719 
825 366 359 60 817 
826 185 260 563 620 
827 1652 185 563 620 
828 844 816 1370 1621 
829 675 1377 1453 955 
830 1216 399 1055 1444 
831 185 260 609 1323 
832 1759 1005 1068 807 
833 380 476 1007 1267 
834 820 86 189 1721 
835 41 38 152 634 
836 820 1019 1721 88 
837 1125 631 21 612 
838 978 241 602 190 
839 600 1638 381 502 
840 351 1638 398 760 
841 243 1544 948 824 
842 248 416 538 517 
843 248 884 416 517 
844 1628 1779 442 446 
845 1572 1558 682 1278 
846 1572 1522 682 960 
847 682 1522 334 960 
848 616 373 1699 1103 
849 365 1136 979 376 
850 583 613 915 98 
851 683 584 783 1008 
852 683 584 1679 783 
853 683 489 1679 684 
854 1679 489 1693 684 
855 283 1070 989 1680 
856 283 989 1012 1680 
857 1680 283 1154 1012 
858 1772 715 1370 844 
859 489 423 1693 684 
860 423 404 1693 684 
861 1448 1037 431 855 
862 1448 303 606 431 
863 983 303 1732 385 
864 1305 1248 1536 687 
865 263 836 768 598 
866 762 598 12 836 
867 263 836 806 768 
868 762 12 729 836 
869 261 136 17 18 
870 1574 1248 1305 687 
871 1574 1248 687 1493 
872 421 1761 784 1246 
873 583 151 352 613 
874 1501 944 689 1591 
875 1486 1742 689 1550 
876 1742 689 1550 858 
877 1360 1591 689 858 
878 1772 316 1418 1249 
879 7 1161 883 1759 
880 7 1161 573 883 
881 586 1757 1087 163 
882 163 461 1087 586 
883 1248 32 1536 687 
884 1106 129 1753 892 
885 736 22 685 24 
886 1721 88 371 694 
887 1450 514 918 1379 
888 737 918 1140 514 
889 1450 1140 918 514 
890 1362 291 653 414 
891 698 1628 1779 442 
892 1164 1628 1779 698 
893 472 690 591 394 
894 1270 1643 1243 949 
895 126 518 231 409 
896 781 409 101 350 
897 450 949 1564 699 
898 768 836 12 598 
899 725 289 1053 1009 
900 725 1053 673 1009 
901 436 806 768 263 
902 1683 391 1595 1625 
903 200 165 987 765 
904 1274 1270 1643 1226 
905 631 117 433 22 
906 460 631 117 433 
907 1146 631 1125 508 
908 632 759 1107 8 
909 220 221 702 1108 
910 220 702 521 1108 
911 101 781 350 187 
912 245 1175 608 1362 
913 1175 1362 653 414 
914 864 276 93 1432 
915 148 513 47 353 
916 1175 414 608 1362 
917 1282 353 47 870 
918 245 653 1175 1362 
919 148 353 47 1282 
920 518 3 552 2 
921 518 3 2 1052 
922 704 319 555 452 
923 31 381 502 996 
924 704 469 319 361 
925 929 469 319 704 
926 452 361 1171 478 
927 930 626 401 212 
928 626 930 318 212 
929 930 326 318 212 
930 930 401 326 212 
931 1116 560 156 665 
932 665 470 604 1409 
933 449 353 148 1282 
934 185 609 1405 1323 
935 185 1405 1488 1323 
936 272 1521 1654 972 
937 715 577 348 619 
938 1772 1249 715 316 
939 1772 577 715 1249 
940 948 883 843 1544 
941 143 94 613 643 
942 206 345 457 1077 
943 92 264 613 98 
944 614 1651 534 677 
945 92 667 264 98 
946 92 937 667 98 
947 1554 420 1120 336 
948 526 1554 1032 387 
949 1597 937 92 98 
950 131 842 896 717 
951 129 131 1509 717 
952 1497 969 1596 482 
953 720 1007 211 1267 
954 211 1712 1007 720 
955 292 964 444 1194 
956 1194 1178 964 1204 
957 1104 371 721 998 
958 998 1721 1104 371 
959 562 359 304 364 
960 366 304 359 364 
961 1021 304 60 366 
962 1021 304 366 491 
963 1021 1195 60 304 
964 359 60 304 366 
965 788 60 1195 304 
966 788 304 359 60 
967 1673 290 1053 289 
968 1772 1249 1418 1283 
969 208 925 1620 728 
970 208 1663 925 728 
971 312 728 1663 208 
972 145 1741 15 1482 
973 722 576 369 1741 
974 1175 522 828 739 
975 623 279 440 1555 
976 1397 393 141 741 
977 239 722 369 572 
978 1491 880 648 1446 
979 449 353 665 904 
980 449 665 560 1116 
981 234 1075 1372 396 
982 234 1503 1416 1209 
983 234 1503 1372 1416 
984 176 1651 1028 534 
985 1501 333 1197 852 
986 852 333 1380 1501 
987 659 922 18 797 
988 1166 1463 306 942 
989 1729 625 540 297 
990 1480 70 444 1334 
991 768 342 806 436 
992 638 778 1004 1463 
993 739 522 828 1509 
994 768 342 324 806 
995 768 324 836 806 
996 1092 563 740 982 
997 656 344 806 669 
998 942 1011 778 360 
999 942 778 1004 477 
1000 360 778 1767 1768 
1001 360 1011 778 1768 
1002 1393 1361 250 749 
1003 157 1272 986 672 
1004 77 815 426 582 
1005 119 120 755 783 
1006 755 648 119 783 
1007 431 303 606 531 
1008 379 431 606 531 
1009 606 303 983 385 
1010 1622 716 674 971 
1011 810 1335 543 1626 
1012 321 685 24 736 
1013 677 912 1142 1090 
1014 677 1142 534 1502 
1015 614 677 534 1375 
1016 713 1719 1746 630 
1017 598 261 136 802 
1018 136 1456 598 802 
1019 281 315 152 634 
1020 623 1097 564 629 
1021 132 629 1208 1397 
1022 717 896 1509 522 
1023 102 533 964 1334 
1024 414 522 1509 896 
1025 419 1635 637 1735 
1026 214 638 778 793 
1027 214 778 638 1463 
1028 942 778 477 360 
1029 371 599 1073 1104 
1030 766 361 1564 949 
1031 766 1122 949 1716 
1032 1716 1122 949 1006 
1033 1693 247 751 1608 
1034 1693 1598 1517 751 
1035 1779 769 446 1159 
1036 1159 1779 769 269 
1037 84 1343 164 633 
1038 1344 920 538 517 
1039 540 625 1053 297 
1040 23 241 640 240 
1041 241 602 640 978 
1042 601 510 685 1473 
1043 693 601 685 1473 
1044 635 685 1473 693 
1045 17 922 1403 18 
1046 601 123 991 510 
1047 136 17 18 922 
1048 642 1750 1259 714 
1049 642 714 1259 462 
1050 643 94 613 831 
1051 149 952 795 888 
1052 737 918 935 924 
1053 924 1450 1140 918 
1054 1529 924 779 918 
1055 1529 1450 924 918 
1056 1038 690 733 394 
1057 338 1258 340 1280 
1058 422 650 1414 751 
1059 24 1489 510 991 
1060 762 262 136 261 
1061 261 136 762 598 
1062 243 824 948 1404 
1063 1749 959 618 1355 
1064 224 577 437 1182 
1065 1246 287 1052 254 
1066 181 798 1554 1029 
1067 1454 1366 97 1481 
1068 942 1463 1004 778 
1069 656 1496 806 1304 
1070 656 344 669 1071 
1071 1753 1509 1129 892 
1072 1460 797 18 855 
1073 659 652 895 1436 
1074 1197 610 235 944 
1075 39 525 1342 37 
1076 882 200 696 85 
1077 882 200 203 696 
1078 1342 135 39 37 
1079 1761 2 3 1052 
1080 460 631 433 1146 
1081 1146 631 433 21 
1082 1779 118 1546 269 
1083 269 1779 118 1578 
1084 1080 181 511 809 
1085 762 729 1451 344 
1086 181 1029 809 158 
1087 949 654 501 450 
1088 573 807 418 1218 
1089 151 94 697 408 
1090 573 418 403 1218 
1091 883 807 573 1218 
1092 660 269 1392 1504 
1093 968 183 159 798 
1094 968 183 798 178 
1095 798 968 1554 159 
1096 1100 959 791 1043 
1097 1128 959 1100 1520 
1098 1140 1263 451 792 
1099 402 695 1263 1140 
1100 451 792 1263 1705 
1101 1263 695 1705 792 
1102 169 1376 663 701 
1103 1376 596 663 701 
1104 774 21 685 321 
1105 930 1462 476 401 
1106 730 1432 776 166 
1107 733 864 776 1432 
1108 730 166 1062 1432 
1109 1303 1554 387 511 
1110 486 1760 1679 1322 
1111 142 1554 511 447 
1112 447 511 181 1554 
1113 181 387 1554 511 
1114 401 211 212 841 
1115 401 841 1007 211 
1116 286 1305 1013 565 
1117 747 1583 4 1271 
1118 1369 1583 747 407 
1119 407 1583 747 1271 
1120 412 1485 1010 72 
1121 412 1485 72 1193 
1122 1340 571 880 1035 
1123 671 767 1061 650 
1124 1384 1717 965 931 
1125 1384 965 933 931 
1126 571 880 581 1491 
1127 500 648 1199 63 
1128 1332 515 505 525 
1129 593 525 505 395 
1130 319 581 246 474 
1131 593 1332 505 525 
1132 1244 581 246 1374 
1133 1293 1244 246 1374 
1134 678 1720 1751 679 
1135 679 937 92 1597 
1136 678 937 679 1560 
1137 1469 889 1138 617 
1138 617 889 1286 1469 
1139 343 1664 966 1044 
1140 155 560 470 156 
1141 665 1409 604 870 
1142 247 783 120 627 
1143 680 350 837 127 
1144 1659 175 805 1258 
1145 686 1718 90 488 
1146 1759 807 1068 6 
1147 1161 6 418 807 
1148 1161 418 573 807 
1149 1161 6 807 1759 
1150 850 991 774 26 
1151 133 132 1397 741 
1152 132 629 1397 741 
1153 1103 1699 19 1275 
1154 867 356 1572 1423 
1155 1572 1522 356 867 
1156 716 754 674 971 
1157 871 237 362 862 
1158 80 1026 878 945 
1159 979 768 324 12 
1160 1664 945 80 878 
1161 1184 80 1590 878 
1162 693 1033 25 991 
1163 1313 1033 25 693 
1164 65 814 103 1633 
1165 804 545 1152 692 
1166 699 452 595 1681 
1167 699 361 452 478 
1168 483 1720 146 455 
1169 483 92 1720 455 
1170 428 1720 92 455 
1171 451 936 124 1705 
1172 1224 294 1715 947 
1173 426 313 230 1224 
1174 660 1392 574 1518 
1175 894 414 761 1217 
1176 1089 899 1087 202 
1177 899 628 390 202 
1178 704 1130 555 929 
1179 560 156 155 727 
1180 1393 615 1463 1214 
1181 700 753 646 812 
1182 700 219 288 724 
1183 200 987 165 162 
1184 377 439 815 1063 
1185 1177 1064 1063 439 
1186 1177 439 1063 815 
1187 264 352 408 94 
1188 24 774 991 685 
1189 24 991 510 685 
1190 24 991 774 850 
1191 510 1489 123 991 
1192 1545 1637 1015 1119 
1193 1637 856 1015 1119 
1194 1119 856 1015 1767 
1195 268 1504 269 660 
1196 268 1645 269 1504 
1197 299 706 1620 707 
1198 1629 299 1620 707 
1199 644 1627 735 1343 
1200 706 1749 1620 707 
1201 299 706 707 865 
1202 1175 828 957 739 
1203 382 1136 1176 569 
1204 601 991 693 685 
1205 601 123 1033 991 
1206 407 833 1369 921 
1207 1433 832 1543 110 
1208 753 1333 403 1001 
1209 753 403 829 1001 
1210 1646 675 191 546 
1211 675 955 1453 546 
1212 1539 1292 1542 43 
1213 882 1599 167 509 
1214 882 509 167 1190 
1215 1599 882 696 1435 
1216 1397 133 741 141 
1217 882 85 509 1190 
1218 1435 882 696 85 
1219 641 401 834 335 
1220 1292 378 1542 43 
1221 335 401 834 326 
1222 1591 1501 944 1441 
1223 1501 944 1380 689 
1224 835 1142 1158 1502 
1225 944 1197 610 1003 
1226 1692 1426 1637 630 
1227 742 1073 1721 371 
1228 1104 371 599 721 
1229 517 920 538 248 
1230 1461 920 248 538 
1231 641 834 990 773 
1232 189 1721 1104 368 
1233 642 1750 714 934 
1234 368 1402 820 1721 
1235 795 1402 820 368 
1236 236 232 534 743 
1237 683 684 1679 584 
1238 1266 1205 1377 1773 
1239 684 404 1679 584 
1240 1414 838 1306 1760 
1241 838 1414 1306 1552 
1242 838 1556 1580 1552 
1243 546 839 1453 382 
1244 186 341 1167 406 
1245 242 1369 747 833 
1246 546 1646 839 382 
1247 1453 839 314 382 
1248 1136 382 1176 839 
1249 143 719 561 819 
1250 719 1481 561 934 
1251 714 719 934 1750 
1252 1646 382 1136 839 
1253 377 946 815 439 
1254 412 840 72 265 
1255 270 1567 412 708 
1256 840 1193 72 73 
1257 412 1193 72 840 
1258 716 1198 674 754 
1259 836 656 729 344 
1260 836 656 344 806 
1261 723 868 41 210 
1262 38 41 113 723 
1263 38 113 285 723 
1264 210 868 542 723 
1265 38 285 542 723 
1266 148 47 161 1282 
1267 360 386 1767 940 
1268 360 1767 1641 940 
1269 940 856 1015 1191 
1270 925 1663 208 467 
1271 1680 233 76 1318 
1272 283 233 1318 975 
1273 233 76 789 835 
1274 1318 789 975 233 
1275 233 1102 1680 835 
1276 398 600 760 1638 
1277 726 585 438 1402 
1278 131 896 1509 717 
1279 243 1532 1544 824 
1280 227 74 1651 705 
1281 252 1191 1641 1015 
1282 1605 824 1135 843 
1283 252 49 1191 1637 
1284 958 1013 565 1425 
1285 1425 286 1013 565 
1286 7 1759 883 843 
1287 64 780 1195 1124 
1288 532 1124 780 64 
1289 843 883 1532 1544 
1290 1021 64 1195 1124 
1291 1605 843 1135 1759 
1292 582 77 815 917 
1293 1530 77 426 582 
1294 1530 426 1224 1588 
1295 77 1239 1224 815 
1296 844 316 1182 217 
1297 785 844 681 217 
1298 602 1039 190 241 
1299 241 1039 190 919 
1300 681 844 1182 217 
1301 1299 1421 118 1291 
1302 820 86 1721 1019 
1303 730 394 733 1432 
1304 1603 1730 1653 1041 
1305 731 1730 611 1498 
1306 86 1721 1019 1014 
1307 1189 196 1020 596 
1308 640 241 978 732 
1309 847 646 1740 554 
1310 49 196 1637 1020 
1311 690 276 733 394 
1312 1038 394 730 1419 
1313 1020 1637 49 1426 
1314 1020 1426 49 701 
1315 701 1020 1320 49 
1316 1020 596 1320 1189 
1317 631 22 21 736 
1318 631 433 21 22 
1319 1301 1682 779 924 
1320 282 492 34 463 
1321 1168 1110 283 1257 
1322 1439 629 623 393 
1323 629 393 1688 623 
1324 741 1688 629 393 
1325 1355 105 618 853 
1326 35 135 849 988 
1327 135 988 35 1342 
1328 35 1342 1417 135 
1329 906 332 775 1068 
1330 588 1574 339 1058 
1331 588 1574 1493 339 
1332 601 1033 693 991 
1333 743 232 1651 1495 
1334 993 1347 1110 980 
1335 1677 1033 693 601 
1336 1754 1033 1383 566 
1337 1754 1033 25 1313 
1338 1496 806 1040 857 
1339 1126 216 366 185 
1340 201 1419 730 394 
1341 1126 185 366 1488 
1342 600 1076 1638 502 
1343 636 861 1532 243 
1344 233 835 1680 76 
1345 835 1142 1680 1158 
1346 1772 1621 844 1370 
1347 1140 792 451 514 
1348 514 124 792 451 
1349 451 124 792 1705 
1350 1583 219 1339 407 
1351 505 430 1667 750 
1352 1549 497 1649 205 
1353 650 1401 751 1148 
1354 1500 121 296 1401 
1355 422 1148 650 751 
1356 214 778 615 793 
1357 214 778 1463 615 
1358 1728 1301 1763 205 
1359 1728 589 1062 205 
1360 1377 863 1216 399 
1361 1453 1377 863 1216 
1362 185 609 216 1405 
1363 826 1272 405 42 
1364 1272 42 1471 405 
1365 532 780 66 64 
1366 690 591 394 1038 
1367 185 216 366 1405 
1368 1509 1129 496 1753 
1369 1546 356 867 769 
1370 1546 867 446 769 
1371 569 324 11 374 
1372 119 120 783 1008 
1373 783 648 119 880 
1374 648 1207 880 783 
1375 584 703 783 1008 
1376 783 1008 120 627 
1377 559 1254 1142 232 
1378 261 136 802 17 
1379 758 389 550 1160 
1380 559 1142 1254 705 
1381 1102 232 559 1142 
1382 1043 959 105 618 
1383 1664 1044 133 138 
1384 409 786 3 231 
1385 972 605 1521 1654 
1386 133 138 1044 1042 
1387 61 1130 555 872 
1388 342 1040 806 873 
1389 376 13 342 873 
1390 365 13 376 873 
1391 874 1628 1164 698 
1392 874 1186 1758 1392 
1393 1392 1186 1779 1164 
1394 1254 1047 74 1651 
1395 1286 878 1348 889 
1396 944 1742 1380 689 
1397 889 878 1268 1286 
1398 617 1268 1286 889 
1399 1486 1036 1742 974 
1400 1026 878 945 1268 
1401 1184 1590 1348 878 
1402 1017 502 30 777 
1403 1017 31 30 502 
1404 1257 1110 980 666 
1405 1670 1110 666 851 
1406 131 842 1661 896 
1407 1541 118 1421 1291 
1408 498 1376 45 46 
1409 1518 903 294 1392 
1410 1518 926 574 125 
1411 1504 1518 660 1083 
1412 1030 772 595 1018 
1413 660 1504 1083 1577 
1414 774 685 24 321 
1415 255 930 822 326 
1416 335 476 401 930 
1417 889 1359 1075 1311 
1418 880 571 1616 62 
1419 952 549 547 457 
1420 547 952 457 488 
1421 1338 570 726 952 
1422 1296 995 726 952 
1423 245 653 1362 26 
1424 770 952 795 149 
1425 145 1736 15 796 
1426 949 1350 1643 1243 
1427 282 1574 492 463 
1428 426 815 1224 230 
1429 282 1574 1305 492 
1430 68 756 122 891 
1431 30 1082 425 579 
1432 466 1082 425 30 
1433 122 756 890 891 
1434 891 1734 68 756 
1435 229 309 41 877 
1436 1663 1498 731 1567 
1437 39 528 40 182 
1438 443 40 1287 528 
1439 443 1287 295 528 
1440 910 528 182 157 
1441 182 691 528 40 
1442 1378 414 894 1217 
1443 456 281 1466 427 
1444 784 1761 3 1052 
1445 784 1052 1312 437 
1446 1015 1637 1191 856 
1447 252 1637 1191 1015 
1448 1365 1664 548 878 
1449 199 1633 876 869 
1450 43 255 114 822 
1451 43 378 255 822 
1452 1292 822 378 43 
1453 414 896 1217 1703 
1454 1217 896 1559 1703 
1455 991 566 774 26 
1456 1033 1489 1362 566 
1457 991 566 1489 1033 
1458 691 1272 528 1192 
1459 656 344 1071 307 
1460 405 672 44 1471 
1461 299 1707 208 1620 
1462 299 312 208 1707 
1463 1073 599 327 1104 
1464 1555 1073 327 189 
1465 603 802 598 1456 
1466 1629 299 208 1620 
1467 793 778 615 1025 
1468 1767 778 477 1025 
1469 1365 1664 966 343 
1470 360 1767 477 1641 
1471 966 1664 1365 878 
1472 831 264 94 613 
1473 583 613 352 915 
1474 99 1366 435 881 
1475 435 1366 1750 97 
1476 1685 906 785 1443 
1477 1373 259 906 1068 
1478 150 906 259 495 
1479 1443 906 495 1685 
1480 268 1224 1239 277 
1481 1373 906 775 1068 
1482 1779 1546 446 769 
1483 867 1572 1278 1423 
1484 508 1103 1151 1275 
1485 631 1103 1151 508 
1486 656 806 1496 669 
1487 148 1080 511 809 
1488 161 1080 148 809 
1489 810 1335 1626 490 
1490 827 1612 976 692 
1491 86 1073 189 1721 
1492 86 1555 1073 742 
1493 922 895 797 659 
1494 1599 882 1435 509 
1495 509 882 1435 85 
1496 509 1599 461 1435 
1497 1555 327 1073 279 
1498 186 373 460 508 
1499 147 950 1726 811 
1500 686 1609 950 811 
1501 199 65 1633 1088 
1502 1564 1525 704 361 
1503 764 274 414 291 
1504 376 13 621 908 
1505 342 1040 908 806 
1506 342 13 376 908 
1507 902 815 426 230 
1508 1496 806 908 1040 
1509 902 803 815 1714 
1510 815 384 1714 803 
1511 1224 815 947 230 
1512 720 380 1007 1267 
1513 163 1089 1087 202 
1514 1177 1064 439 803 
1515 389 1160 758 983 
1516 1650 1242 1551 487 
1517 1567 312 1010 731 
1518 1567 270 1010 312 
1519 432 563 1323 982 
1520 654 1006 949 501 
1521 562 817 567 938 
1522 562 359 817 938 
1523 1517 489 1693 627 
1524 15 16 818 504 
1525 602 1039 241 389 
1526 241 1039 919 389 
1527 1602 602 241 389 
1528 239 1626 543 821 
1529 543 711 821 1626 
1530 711 821 9 543 
1531 239 821 543 9 
1532 9 543 1337 711 
1533 163 202 1087 461 
1534 225 1096 219 1369 
1535 602 978 190 27 
1536 1269 484 1685 1586 
1537 978 28 502 27 
1538 978 502 777 27 
1539 978 777 512 27 
1540 1549 497 1265 1710 
1541 978 512 190 27 
1542 28 978 602 27 
1543 1108 58 920 860 
1544 1305 492 1013 565 
1545 1013 372 565 492 
1546 843 1373 1135 1759 
1547 753 1669 403 1333 
1548 700 753 812 1662 
1549 700 812 724 1662 
1550 1275 373 1150 186 
1551 1708 250 813 1319 
1552 1275 1103 1699 373 
1553 206 345 1338 457 
1554 206 457 1338 90 
1555 468 1398 362 916 
1556 885 1762 1118 1623 
1557 819 719 561 1642 
1558 373 954 631 616 
1559 1135 484 1443 1607 
1560 490 1316 369 311 
1561 369 823 1316 490 
1562 1103 1045 631 1174 
1563 1491 880 246 648 
1564 826 528 302 1272 
1565 826 302 405 1272 
1566 459 528 826 1272 
1567 1060 1358 83 1566 
1568 1005 1218 1068 807 
1569 883 807 1218 1005 
1570 77 426 1224 1530 
1571 1083 1530 1224 125 
1572 1140 1413 695 792 
1573 1059 5 1078 1612 
1574 827 1307 529 976 
1575 818 16 1115 504 
1576 347 373 1699 616 
1577 1650 927 1242 1291 
1578 644 927 1291 1054 
1579 880 1207 62 1008 
1580 1299 1650 1291 927 
1581 644 1299 1291 927 
1582 928 371 1721 88 
1583 1721 928 1279 1014 
1584 929 1130 875 1113 
1585 728 925 1620 662 
1586 343 1664 375 1365 
1587 125 926 574 558 
1588 176 228 1651 614 
1589 614 912 1651 677 
1590 931 1717 965 226 
1591 197 1126 1488 185 
1592 931 965 933 226 
1593 366 1405 1488 185 
1594 1308 1027 931 494 
1595 931 933 1027 1308 
1596 226 931 1717 494 
1597 517 860 920 248 
1598 92 831 264 128 
1599 84 633 735 1343 
1600 1627 84 735 1343 
1601 248 517 860 501 
1602 1047 74 1651 1264 
1603 174 618 1749 1520 
1604 821 711 1219 1626 
1605 239 369 1626 572 
1606 1108 58 521 920 
1607 680 837 535 127 
1608 1108 221 702 1180 
1609 127 837 1127 187 
1610 1108 702 521 58 
1611 414 1703 1362 274 
1612 1620 1707 218 706 
1613 170 1376 1611 701 
1614 214 1463 52 615 
1615 52 1393 615 1463 
1616 661 205 1700 1137 
1617 205 589 1137 1763 
1618 948 843 150 824 
1619 948 824 150 1607 
1620 761 1050 1206 1509 
1621 415 989 1680 1012 
1622 1458 390 81 202 
1623 1168 413 1110 1257 
1624 1087 202 1458 1229 
1625 1654 55 537 1384 
1626 1087 1229 1458 1434 
1627 1384 55 537 1717 
1628 951 442 1779 1211 
1629 951 1779 1701 1211 
1630 1406 1374 1074 1244 
1631 1001 646 1740 753 
1632 1333 1499 646 753 
1633 753 646 1333 1001 
1634 171 763 1013 1425 
1635 958 372 565 1013 
1636 483 679 146 1720 
1637 1751 1720 146 679 
1638 633 544 1351 1551 
1639 544 899 1351 1551 
1640 1551 544 1242 1650 
1641 1376 1611 1528 170 
1642 450 654 1564 949 
1643 1097 1208 1145 629 
1644 21 631 1125 1146 
1645 726 995 1402 952 
1646 1444 1216 955 1055 
1647 508 1103 1275 373 
1648 546 1593 955 839 
1649 186 1275 373 508 
1650 955 800 1055 839 
1651 675 1377 955 1444 
1652 675 1593 955 546 
1653 445 1521 51 932 
1654 445 932 358 854 
1655 997 855 431 1000 
1656 206 483 146 455 
1657 895 1576 797 1460 
1658 959 111 1355 388 
1659 1459 111 959 388 
1660 1459 111 791 959 
1661 1459 791 475 503 
1662 1151 1103 19 1275 
1663 631 1103 1174 1151 
1664 1125 631 1174 1151 
1665 872 1525 704 1564 
1666 509 461 586 1435 
1667 1435 1599 461 696 
1668 1572 960 682 1558 
1669 198 64 852 199 
1670 977 1441 1501 1591 
1671 1501 1591 1360 977 
1672 1281 858 1723 1016 
1673 450 699 1270 949 
1674 1352 862 1430 1026 
1675 949 1270 450 501 
1676 726 438 770 795 
1677 770 726 795 952 
1678 952 726 795 1402 
1679 726 438 795 1402 
1680 693 991 25 685 
1681 1187 1626 369 490 
1682 1187 490 369 311 
1683 366 817 60 622 
1684 865 706 707 1656 
1685 870 1409 604 48 
1686 1333 6 1669 418 
1687 1583 4 607 970 
1688 723 38 41 868 
1689 868 38 542 723 
1690 966 1664 140 1044 
1691 1286 878 1268 966 
1692 878 1664 140 966 
1693 373 117 631 954 
1694 460 373 631 508 
1695 1092 1431 563 367 
1696 620 367 563 1431 
1697 967 1563 1172 1055 
1698 785 816 1685 1586 
1699 50 252 1641 1015 
1700 1463 1393 1214 942 
1701 871 193 1110 233 
1702 1110 237 871 233 
1703 900 1076 760 27 
1704 900 27 777 1076 
1705 654 766 1564 949 
1706 654 766 949 1716 
1707 869 689 1501 876 
1708 199 1633 852 876 
1709 723 309 113 114 
1710 723 41 113 309 
1711 318 309 229 877 
1712 67 974 587 1656 
1713 1656 503 587 1128 
1714 457 549 547 1095 
1715 1077 549 457 1095 
1716 1432 589 776 166 
1717 864 93 776 1432 
1718 879 1618 1067 1494 
1719 1143 914 763 1425 
1720 171 1425 1394 323 
1721 171 763 1425 1143 
1722 248 501 860 1253 
1723 949 1122 1350 1006 
1724 169 1007 1376 215 
1725 1007 215 169 257 
1726 377 77 815 1239 
1727 658 941 1162 184 
1728 941 134 1162 184 
1729 146 1718 147 1095 
1730 1077 146 1095 1718 
1731 230 815 947 384 
1732 1082 180 1407 1472 
1733 1518 125 1083 1224 
1734 697 881 1366 151 
1735 99 151 1366 881 
1736 616 373 1103 631 
1737 708 320 1433 253 
1738 616 1103 1045 631 
1739 369 1187 543 1626 
1740 239 369 543 1626 
1741 324 376 621 908 
1742 342 376 324 908 
1743 208 312 1105 1663 
1744 740 563 432 982 
1745 1266 242 747 833 
1746 1374 1616 1074 1244 
1747 435 1366 97 881 
1748 491 216 366 1126 
1749 145 15 1741 14 
1750 197 491 366 1126 
1751 145 722 1741 1482 
1752 145 15 14 796 
1753 141 138 1397 133 
1754 138 1664 1397 133 
1755 1734 1507 68 756 
1756 122 756 1225 890 
1757 1416 1359 1075 889 
1758 1286 889 1311 1359 
1759 1728 589 1763 93 
1760 234 1026 1209 889 
1761 163 202 461 886 
1762 309 152 41 113 
1763 877 309 41 210 
1764 1728 93 1763 1301 
1765 1301 1682 93 887 
1766 1225 756 296 890 
1767 1301 1763 887 93 
1768 1682 93 923 1301 
1769 1301 93 923 1728 
1770 629 741 317 1688 
1771 629 317 623 1688 
1772 623 629 279 317 
1773 883 573 7 636 
1774 1705 1170 1531 91 
1775 1642 1170 1387 91 
1776 1170 91 1642 1531 
1777 1765 91 1170 1705 
1778 979 376 324 768 
1779 806 342 324 908 
1780 1136 376 1085 979 
1781 1309 1470 1136 1085 
1782 112 1571 1173 195 
1783 1103 1045 1174 19 
1784 1174 1103 19 1151 
1785 1125 1174 19 1151 
1786 19 1045 1174 1512 
1787 1512 1125 1215 612 
1788 1174 1512 1125 1215 
1789 426 902 230 313 
1790 1466 284 36 898 
1791 305 112 1236 1427 
1792 1236 1571 112 195 
1793 1427 112 1236 1571 
1794 1177 473 1064 75 
1795 626 841 46 1007 
1796 1433 110 1064 75 
1797 1150 406 328 981 
1798 432 982 1323 1310 
1799 740 982 432 1310 
1800 1753 129 1509 892 
1801 938 817 567 1655 
1802 1339 219 700 847 
1803 1339 219 847 407 
1804 1339 753 1740 646 
1805 700 1339 646 753 
1806 407 847 1339 1740 
1807 1131 1655 567 645 
1808 1323 609 567 645 
1809 1131 938 1655 1081 
1810 743 1651 534 1028 
1811 743 1495 1651 1028 
1812 1414 655 838 1760 
1813 673 122 891 68 
1814 673 122 1053 891 
1815 563 185 1323 260 
1816 1092 563 982 367 
1817 1246 1052 784 437 
1818 1246 1052 437 254 
1819 673 1424 1053 122 
1820 1070 989 1680 330 
1821 1638 600 760 1076 
1822 1162 154 1236 901 
1823 1450 397 924 1140 
1824 957 739 828 1509 
1825 377 1063 815 473 
1826 377 473 815 77 
1827 1177 815 473 917 
1828 917 473 77 815 
1829 449 904 665 1116 
1830 1177 1063 473 815 
1831 648 1199 63 755 
1832 49 196 1020 1189 
1833 39 911 528 910 
1834 910 528 302 911 
1835 1020 1189 1320 49 
1836 1396 744 1110 993 
1837 1479 744 993 1347 
1838 851 1110 993 1396 
1839 442 1779 1211 1541 
1840 446 1779 1541 1546 
1841 1291 1522 334 1541 
1842 1529 918 994 1553 
1843 627 683 783 1008 
1844 451 737 275 1140 
1845 627 683 1679 783 
1846 627 489 1679 683 
1847 584 703 1008 62 
1848 451 737 1140 514 
1849 941 658 1162 1571 
1850 627 489 1693 1679 
1851 227 330 1142 909 
1852 520 1049 1555 317 
1853 1166 250 1393 942 
1854 1166 942 1393 1463 
1855 942 250 1393 1361 
1856 582 815 426 1177 
1857 379 1448 431 997 
1858 379 997 431 1000 
1859 368 998 1104 89 
1860 89 1402 368 998 
1861 998 694 721 89 
1862 89 998 1104 721 
1863 89 1402 998 694 
1864 952 1325 547 549 
1865 570 1325 952 549 
1866 1100 791 610 1043 
1867 77 1530 1224 1083 
1868 39 528 911 1287 
1869 192 1183 1222 288 
1870 1722 944 1024 1300 
1871 1300 1601 1024 1722 
1872 222 988 295 1287 
1873 525 39 1342 188 
1874 366 364 359 817 
1875 1655 1488 622 1405 
1876 562 359 364 817 
1877 415 771 913 1065 
1878 1450 1413 514 1379 
1879 1473 510 685 22 
1880 635 433 22 685 
1881 635 685 22 1473 
1882 1373 1005 259 1068 
1883 558 698 1779 951 
1884 1164 698 1779 558 
1885 1773 1205 1377 399 
1886 162 85 734 87 
1887 722 572 664 1741 
1888 613 264 915 98 
1889 774 433 685 21 
1890 132 1208 83 1397 
1891 1097 83 1145 1208 
1892 83 1208 1439 1397 
1893 1097 1439 83 1208 
1894 1129 892 754 286 
1895 1753 892 1129 286 
1896 1139 754 1536 286 
1897 103 65 788 939 
1898 65 199 103 788 
1899 718 619 1221 256 
1900 1564 361 704 452 
1901 1210 797 997 1000 
1902 536 797 997 1210 
1903 719 934 561 1642 
1904 714 719 1642 934 
1905 709 1765 801 1705 
1906 275 924 935 923 
1907 1752 642 1440 934 
1908 197 1021 366 491 
1909 1451 802 344 307 
1910 739 414 608 1175 
1911 1753 523 323 496 
1912 603 344 598 802 
1913 1451 802 598 344 
1914 498 1376 46 213 
1915 1617 1336 1201 178 
1916 1164 1779 574 558 
1917 903 1766 294 1392 
1918 1392 1779 574 1164 
1919 415 1012 1149 913 
1920 1012 913 980 1149 
1921 327 599 1073 279 
1922 415 771 1012 913 
1923 1427 1571 658 505 
1924 309 152 229 41 
1925 562 817 364 567 
1926 1520 959 1043 618 
1927 1656 388 706 707 
1928 491 304 366 216 
1929 216 364 1405 567 
1930 1173 1571 907 195 
1931 898 284 36 985 
1932 241 530 640 602 
1933 228 227 1651 912 
1934 614 228 1651 912 
1935 171 763 1212 1013 
1936 263 344 598 603 
1937 171 1212 372 1013 
1938 947 815 946 384 
1939 1128 959 1749 388 
1940 1520 959 618 1749 
1941 445 854 358 1654 
1942 1027 933 1165 1308 
1943 1011 194 1768 386 
1944 360 1011 1768 386 
1945 167 509 734 1190 
1946 1393 749 250 813 
1947 1512 1174 19 1215 
1948 1174 1215 1125 19 
1949 92 95 667 937 
1950 1720 95 92 937 
1951 678 95 1720 937 
1952 562 938 567 1131 
1953 940 1015 1641 1191 
1954 756 298 296 890 
1955 1287 943 528 911 
1956 199 198 64 1195 
1957 304 939 788 359 
1958 115 1287 943 528 
1959 1402 1023 89 556 
1960 1023 89 556 1354 
1961 1402 694 89 1023 
1962 791 475 610 1024 
1963 610 475 944 1024 
1964 80 945 1664 138 
1965 1024 944 610 1003 
1966 610 1329 791 1024 
1967 127 350 837 187 
1968 786 409 781 350 
1969 699 1274 595 1030 
1970 658 1571 941 505 
1971 788 304 780 103 
1972 216 304 532 491 
1973 160 1689 156 470 
1974 894 1050 761 414 
1975 280 608 894 414 
1976 1050 1509 761 414 
1977 86 742 1014 520 
1978 409 350 786 231 
1979 518 3 231 409 
1980 294 1224 277 947 
1981 235 1036 475 1100 
1982 587 1036 235 1100 
1983 67 1036 235 587 
1984 944 475 235 1036 
1985 147 146 950 1718 
1986 428 950 455 90 
1987 950 146 455 1718 
1988 147 1718 950 811 
1989 686 950 90 1718 
1990 1448 1457 303 1037 
1991 1460 1349 1037 1260 
1992 972 605 1654 1483 
1993 342 13 1040 873 
1994 1176 839 1055 1353 
1995 1646 845 675 1593 
1996 342 13 908 1040 
1997 1496 1040 908 857 
1998 976 529 746 1307 
1999 1653 1389 1442 1041 
2000 1041 1730 1653 1389 
2001 954 117 631 22 
2002 954 22 631 616 
2003 616 631 1045 22 
2004 176 1324 70 956 
2005 176 228 956 1651 
2006 475 791 610 1100 
2007 235 475 610 1100 
2008 640 978 1691 732 
2009 1100 1043 610 1520 
2010 894 608 1050 414 
2011 608 739 1050 414 
2012 706 1128 388 1656 
2013 706 1749 388 1128 
2014 789 237 975 233 
2015 1149 355 1154 1012 
2016 980 283 1347 1110 
2017 486 1679 404 703 
2018 584 404 1679 703 
2019 356 1054 1291 1464 
2020 1054 927 1291 1464 
2021 1054 1343 927 1415 
2022 443 528 1192 40 
2023 1377 399 1216 1444 
2024 691 1192 528 40 
2025 1055 399 314 1172 
2026 1444 1377 955 1216 
2027 1216 1055 314 839 
2028 1136 839 1176 1353 
2029 137 385 23 962 
2030 801 1170 934 1531 
2031 1599 882 203 696 
2032 1637 1692 713 1545 
2033 176 1324 956 963 
2034 69 71 1324 963 
2035 102 533 1066 964 
2036 102 964 1066 1204 
2037 1194 1204 1729 1178 
2038 505 1667 941 750 
2039 860 1108 58 1624 
2040 1226 860 1594 1624 
2041 205 1388 397 1450 
2042 336 1120 968 178 
2043 1515 183 159 968 
2044 1336 183 968 178 
2045 1554 1032 387 159 
2046 205 1450 924 1529 
2047 1450 397 205 924 
2048 1114 545 804 879 
2049 383 545 1152 804 
2050 383 804 1152 827 
2051 1067 1494 632 1079 
2052 1069 404 1256 423 
2053 1424 540 1009 1053 
2054 102 1009 1424 540 
2055 1633 1501 590 66 
2056 1326 814 1633 1360 
2057 1681 452 595 1074 
2058 571 61 1130 555 
2059 1616 880 1244 581 
2060 361 485 319 1171 
2061 452 361 319 1171 
2062 485 1171 1293 319 
2063 1779 118 1541 1546 
2064 889 1075 1590 1348 
2065 1416 1075 234 889 
2066 1416 1075 1372 234 
2067 1365 1664 375 548 
2068 241 23 640 530 
2069 479 1290 632 1494 
2070 1150 406 981 1275 
2071 527 1150 981 1492 
2072 1290 10 1647 1079 
2073 1509 414 739 522 
2074 739 1509 1050 414 
2075 1131 1081 1655 1147 
2076 1427 1571 1570 658 
2077 101 187 127 984 
2078 785 816 844 1685 
2079 392 315 985 36 
2080 844 816 785 681 
2081 1340 1288 571 1035 
2082 555 571 581 1130 
2083 1288 62 571 1035 
2084 183 986 1336 551 
2085 986 1471 44 672 
2086 1375 1090 1502 1367 
2087 1090 1142 1502 1158 
2088 226 1092 740 982 
2089 226 1431 1092 367 
2090 226 1092 982 367 
2091 1529 1098 1553 994 
2092 1611 169 1376 215 
2093 45 1007 476 1462 
2094 1462 401 930 626 
2095 726 585 1402 995 
2096 1296 1141 995 1325 
2097 600 502 996 28 
2098 31 996 502 1285 
2099 587 503 1036 1100 
2100 1036 503 475 1100 
2101 1101 1393 52 1463 
2102 1101 52 337 1463 
2103 113 284 281 999 
2104 1101 813 1743 1393 
2105 1477 221 1180 1226 
2106 413 666 1110 1257 
2107 1241 1109 1065 1257 
2108 1314 1277 1111 1671 
2109 1064 1112 1713 1543 
2110 1365 343 966 794 
2111 794 343 787 1365 
2112 872 1130 555 704 
2113 383 545 804 1114 
2114 1207 703 62 1008 
2115 884 1006 654 501 
2116 949 1006 1243 501 
2117 1207 703 1008 783 
2118 1582 1658 99 1259 
2119 1240 1562 1117 1363 
2120 1117 1252 1644 1748 
2121 1644 1748 1562 1117 
2122 337 1117 1101 251 
2123 1743 1252 1684 1117 
2124 1101 1743 1684 1117 
2125 1240 1117 337 1363 
2126 851 1110 666 993 
2127 169 1007 647 1376 
2128 1007 657 215 1712 
2129 1663 320 1567 467 
2130 102 1121 1009 540 
2131 766 361 949 1122 
2132 1716 469 766 1122 
2133 1086 1294 1600 1123 
2134 1333 1600 1674 1123 
2135 1422 1123 1250 848 
2136 1123 1674 1333 573 
2137 708 412 752 1433 
2138 1393 194 1214 1361 
2139 866 971 674 1129 
2140 866 674 639 1129 
2141 1129 971 754 892 
2142 1129 286 754 1139 
2143 492 1574 1013 463 
2144 338 1258 1132 68 
2145 1132 68 1258 1500 
2146 245 26 1362 1489 
2147 245 1362 123 1489 
2148 1362 123 1489 1033 
2149 1134 422 1552 247 
2150 912 227 1142 355 
2151 227 1142 355 909 
2152 1090 912 1142 355 
2153 1721 742 928 1014 
2154 1090 1142 1158 355 
2155 355 1142 1680 909 
2156 355 1142 1158 1680 
2157 1414 1760 1679 1467 
2158 655 482 1596 969 
2159 1414 655 1760 482 
2160 357 1138 851 354 
2161 1503 851 357 1138 
2162 1327 1138 1234 617 
2163 1503 1209 1396 1138 
2164 1234 1138 1327 1209 
2165 1425 1139 1013 286 
2166 1139 687 1013 286 
2167 543 1335 1337 370 
2168 1337 370 711 543 
2169 1564 1030 699 452 
2170 397 402 275 1140 
2171 924 1140 737 918 
2172 1140 397 924 275 
2173 1585 1767 477 1025 
2174 1231 477 638 793 
2175 793 477 1025 1231 
2176 171 1143 1425 323 
2177 1246 1761 784 1052 
2178 234 862 1026 1631 
2179 931 1027 1384 494 
2180 1761 2 1052 287 
2181 1384 933 1027 931 
2182 1246 1761 1052 287 
2183 176 956 70 1028 
2184 948 1607 150 1144 
2185 1404 484 1607 1144 
2186 1144 484 1443 1685 
2187 181 1029 387 809 
2188 415 1012 355 1149 
2189 447 511 47 1031 
2190 181 511 1031 47 
2191 1153 423 1693 489 
2192 968 1515 1032 159 
2193 1680 1318 76 1154 
2194 1347 1606 1154 1581 
2195 105 111 1355 959 
2196 87 1038 162 85 
2197 472 1200 591 690 
2198 690 591 1038 1200 
2199 200 85 162 1038 
2200 235 944 1036 67 
2201 67 235 944 1380 
2202 602 27 190 1039 
2203 843 1759 1005 1373 
2204 1156 100 1734 298 
2205 100 1507 1734 298 
2206 949 1243 1270 501 
2207 835 1158 1455 1502 
2208 835 1158 1680 76 
2209 1090 1158 76 355 
2210 1090 1158 1502 1455 
2211 355 1158 76 1680 
2212 578 1159 769 269 
2213 1044 138 140 1042 
2214 1664 1358 132 375 
2215 1358 1566 1664 132 
2216 1178 516 69 1022 
2217 888 1402 795 556 
2218 1402 995 556 888 
2219 1660 1046 36 597 
2220 1087 164 544 899 
2221 1664 80 138 1048 
2222 520 1049 441 1475 
2223 317 623 441 1049 
2224 845 225 675 242 
2225 1333 6 1161 1600 
2226 1051 470 156 155 
2227 1489 26 1362 566 
2228 421 651 224 577 
2229 224 577 651 437 
2230 1762 421 224 577 
2231 1772 1283 1370 577 
2232 1053 1734 891 298 
2233 568 10 1657 1163 
2234 280 1383 29 1474 
2235 926 874 1164 698 
2236 926 698 1164 558 
2237 926 1164 574 558 
2238 1392 1164 574 926 
2239 1392 874 1164 926 
2240 273 1057 207 276 
2241 588 282 1574 1058 
2242 1027 1165 1245 1308 
2243 553 5 1059 1612 
2244 977 1441 104 1501 
2245 349 548 1060 1358 
2246 1319 1463 306 1166 
2247 1319 1166 1393 1463 
2248 218 1749 1389 1620 
2249 233 1110 283 1168 
2250 193 413 1110 1168 
2251 233 1168 283 1070 
2252 276 93 1432 1728 
2253 205 1062 1700 589 
2254 276 1728 1062 207 
2255 479 1290 1706 632 
2256 1290 1079 1706 632 
2257 1171 1406 1244 1374 
2258 1416 1359 411 1075 
2259 1330 1385 1673 1223 
2260 110 1713 1064 803 
2261 571 1346 1640 62 
2262 1064 1002 803 1713 
2263 62 571 1616 1640 
2264 382 1176 314 569 
2265 314 1176 1172 569 
2266 1176 382 314 839 
2267 1241 1065 913 1257 
2268 1176 1055 314 1172 
2269 1176 839 314 1055 
2270 1066 69 964 533 
2271 1066 1178 1238 1121 
2272 1066 964 1178 1204 
2273 411 1670 1110 413 
2274 1503 1110 411 1670 
2275 1065 771 1257 1109 
2276 413 78 666 1109 
2277 1108 1180 702 58 
2278 1373 1068 775 1759 
2279 1477 1180 1624 1226 
2280 1342 37 1476 135 
2281 1404 484 1144 1072 
2282 763 1493 33 1013 
2283 1779 1628 1186 1159 
2284 1392 874 1186 1164 
2285 1186 1766 1514 1758 
2286 1392 1159 1766 578 
2287 660 269 1578 1392 
2288 1392 1779 1578 574 
2289 1578 1392 574 660 
2290 269 1779 1578 1392 
2291 1273 1086 1619 1368 
2292 639 1143 323 1425 
2293 1076 27 502 28 
2294 1076 27 777 502 
2295 498 1376 1169 45 
2296 659 797 18 1460 
2297 827 529 1307 1078 
2298 1059 827 1078 8 
2299 797 895 1460 659 
2300 1059 553 827 8 
2301 1655 1405 622 817 
2302 197 1021 60 366 
2303 197 366 60 1488 
2304 459 1272 826 42 
2305 1247 1744 1452 1193 
2306 1291 1196 1650 334 
2307 1638 466 1082 381 
2308 660 1083 1518 574 
2309 102 541 1204 540 
2310 102 1204 1066 1121 
2311 1066 1204 1178 1121 
2312 1086 1368 1499 1619 
2313 1377 1205 607 863 
2314 1757 164 84 1343 
2315 586 84 1343 1757 
2316 1087 461 1229 586 
2317 1087 202 1229 461 
2318 1206 308 496 1509 
2319 1206 739 308 1509 
2320 139 1026 1209 1430 
2321 1352 362 1503 1209 
2322 1352 1026 1430 1209 
2323 320 1345 1744 1091 
2324 504 16 1093 15 
2325 1693 751 1517 1608 
2326 1335 370 1094 1337 
2327 1094 370 711 1337 
2328 569 1085 11 324 
2329 147 1718 488 1095 
2330 1097 623 1439 629 
2331 951 442 1211 82 
2332 951 1211 1701 82 
2333 118 1211 82 1701 
2334 1121 1178 1615 1204 
2335 102 1204 1121 540 
2336 1110 237 975 362 
2337 1214 194 615 1768 
2338 1214 615 1463 778 
2339 1463 1214 778 942 
2340 1214 194 1768 1011 
2341 942 1214 778 1011 
2342 847 812 700 646 
2343 991 25 774 566 
2344 991 774 25 685 
2345 955 1216 1453 839 
2346 1216 863 314 399 
2347 1453 1216 863 314 
2348 1216 399 314 1055 
2349 1055 1216 955 839 
2350 236 232 1102 1142 
2351 759 1107 1357 632 
2352 944 1036 1742 1486 
2353 475 1486 944 1722 
2354 944 475 1036 1486 
2355 1776 800 1694 967 
2356 840 1220 73 832 
2357 412 320 1220 1433 
2358 412 1220 840 1433 
2359 320 1091 1220 1433 
2360 1220 1091 832 1433 
2361 1221 619 417 256 
2362 1620 662 1355 346 
2363 1370 577 224 1182 
2364 715 316 1182 844 
2365 681 1370 1182 844 
2366 1370 715 1182 844 
2367 224 1370 1182 681 
2368 1370 577 1182 715 
2369 1116 904 665 51 
2370 536 1448 379 997 
2371 1210 997 379 1000 
2372 536 997 379 1210 
2373 1201 1336 1120 178 
2374 420 1201 1395 1120 
2375 526 420 1302 1120 
2376 1120 1336 968 178 
2377 526 1120 1302 1032 
2378 1515 44 1120 1032 
2379 517 884 416 249 
2380 612 631 21 736 
2381 949 1122 485 1350 
2382 736 631 1045 1512 
2383 383 1510 1152 545 
2384 127 837 535 1127 
2385 1203 1510 1152 383 
2386 1181 1340 875 474 
2387 1491 880 1446 1340 
2388 474 1340 875 1130 
2389 72 73 1112 840 
2390 840 1543 1112 1064 
2391 1615 400 1178 1238 
2392 479 692 632 976 
2393 1131 938 567 1655 
2394 479 1494 632 692 
2395 675 1646 1593 546 
2396 1646 839 1136 1353 
2397 483 92 679 1720 
2398 937 679 92 1720 
2399 227 705 1142 330 
2400 559 330 1680 1142 
2401 559 330 1142 705 
2402 1178 1774 400 1615 
2403 516 292 1774 1178 
2404 1774 1178 1729 1615 
2405 569 979 324 12 
2406 925 728 1579 662 
2407 1730 346 1725 728 
2408 728 1725 1579 346 
2409 806 1304 324 836 
2410 827 976 632 692 
2411 827 692 632 804 
2412 1067 692 632 1494 
2413 804 692 632 1067 
2414 666 1109 78 1241 
2415 1700 589 166 1137 
2416 661 1700 166 1137 
2417 589 1062 1700 166 
2418 1551 544 899 1242 
2419 527 1150 328 981 
2420 527 1755 328 1150 
2421 1242 899 1196 628 
2422 1001 1740 1368 1034 
2423 1255 1448 606 379 
2424 379 1448 606 431 
2425 606 1448 983 303 
2426 117 433 22 635 
2427 885 1610 506 1623 
2428 1623 421 577 718 
2429 577 421 437 718 
2430 339 1248 32 557 
2431 1505 1659 1258 1157 
2432 1221 718 577 619 
2433 1249 316 417 619 
2434 1249 619 715 316 
2435 1249 577 715 619 
2436 1249 619 417 1221 
2437 1238 1178 1615 1121 
2438 717 842 896 764 
2439 918 1682 924 779 
2440 924 918 935 1682 
2441 573 1250 7 636 
2442 636 1250 7 1532 
2443 573 1123 7 1250 
2444 1117 56 1252 1748 
2445 1743 56 1252 1117 
2446 226 367 982 434 
2447 367 1323 982 434 
2448 1274 450 1270 1226 
2449 595 1681 1643 699 
2450 595 1681 676 1643 
2451 983 1160 758 1732 
2452 1184 878 349 80 
2453 1184 878 548 349 
2454 1184 548 1060 349 
2455 553 5 1612 1152 
2456 153 310 1069 1497 
2457 769 356 867 1423 
2458 913 1257 980 666 
2459 1065 771 913 1257 
2460 184 1407 1236 180 
2461 907 1236 154 195 
2462 907 1162 154 1236 
2463 134 1162 154 907 
2464 1109 1257 1241 666 
2465 1012 771 980 913 
2466 1257 771 913 980 
2467 1482 16 1771 15 
2468 145 1482 15 1736 
2469 145 1482 1736 238 
2470 674 914 639 1139 
2471 674 1139 639 1129 
2472 1349 1448 1037 1457 
2473 1260 1436 1576 1364 
2474 1576 1524 1349 1260 
2475 186 406 1167 1150 
2476 527 1755 1150 1381 
2477 458 1399 1167 341 
2478 1001 1333 403 573 
2479 1440 934 801 1711 
2480 1634 801 1440 936 
2481 1634 801 1711 1440 
2482 407 921 1230 1328 
2483 747 1205 1377 1266 
2484 242 1377 1266 747 
2485 475 503 791 1100 
2486 503 959 791 1100 
2487 1696 1519 1672 1703 
2488 1217 1703 1378 414 
2489 275 737 935 924 
2490 924 1140 275 737 
2491 866 639 496 1129 
2492 244 242 1266 833 
2493 1267 476 401 454 
2494 1213 1267 1584 454 
2495 1267 401 1584 454 
2496 380 476 1267 454 
2497 1213 380 1267 454 
2498 1349 1448 797 855 
2499 1349 1448 855 1037 
2500 1268 945 1538 140 
2501 1268 878 945 140 
2502 617 1268 140 966 
2503 1268 878 140 966 
2504 1234 1268 140 617 
2505 1234 1268 1538 140 
2506 1072 484 1269 1297 
2507 582 917 1177 1261 
2508 1177 917 473 1709 
2509 1072 484 1144 1269 
2510 1477 450 1270 501 
2511 964 1178 292 69 
2512 1066 964 69 1178 
2513 1178 516 1022 1774 
2514 1183 1583 219 1179 
2515 1183 219 288 1179 
2516 710 1273 1188 554 
2517 1030 1274 595 772 
2518 595 699 1643 1274 
2519 595 1643 676 1274 
2520 1183 225 1369 242 
2521 747 1369 242 1183 
2522 1499 812 646 753 
2523 752 1064 1063 473 
2524 840 1112 265 1064 
2525 1740 554 1368 1034 
2526 72 1112 265 840 
2527 1185 265 72 1112 
2528 1721 928 88 1279 
2529 1019 1721 88 1279 
2530 1280 1410 671 650 
2531 338 1280 1061 650 
2532 1190 85 734 162 
2533 882 85 1190 162 
2534 1061 1280 671 650 
2535 650 1280 1401 338 
2536 1550 858 1723 1281 
2537 42 1192 459 1272 
2538 110 1064 1177 803 
2539 110 803 1177 902 
2540 1283 718 577 1221 
2541 1244 1074 1284 1616 
2542 780 788 1195 304 
2543 939 304 103 1666 
2544 283 771 1012 989 
2545 415 771 989 1012 
2546 1015 1119 1767 1585 
2547 50 1641 477 1585 
2548 944 1501 1197 104 
2549 1108 1180 58 1624 
2550 794 1286 787 258 
2551 787 1365 548 1286 
2552 794 1365 787 1286 
2553 258 1286 1311 1359 
2554 1130 61 571 1288 
2555 1346 62 571 1288 
2556 1653 1041 1289 1603 
2557 1200 1382 591 1038 
2558 87 1200 1038 85 
2559 993 744 1110 1347 
2560 744 1110 1347 975 
2561 744 975 1347 1606 
2562 1731 509 1202 167 
2563 984 187 127 1127 
2564 127 984 1127 1203 
2565 127 1127 553 1203 
2566 1207 880 1035 1446 
2567 1340 880 1446 1035 
2568 500 648 172 1181 
2569 1433 75 1064 752 
2570 1185 265 1112 1064 
2571 1290 1647 1706 1079 
2572 1425 286 565 1106 
2573 1425 958 1106 565 
2574 480 335 641 1292 
2575 641 335 834 1292 
2576 335 378 834 1292 
2577 335 822 378 1292 
2578 1706 1647 759 632 
2579 1294 1674 1600 1123 
2580 1295 33 524 463 
2581 1295 463 524 1671 
2582 1342 222 712 188 
2583 1212 33 524 1295 
2584 570 1296 952 1325 
2585 570 1296 726 952 
2586 1690 1296 1412 726 
2587 1690 1412 1296 1141 
2588 952 995 888 547 
2589 952 995 547 1325 
2590 995 1354 888 547 
2591 1290 1094 479 1706 
2592 479 144 1706 1094 
2593 1297 484 1269 1586 
2594 1448 1457 1298 303 
2595 1298 1639 1732 303 
2596 1298 1160 1732 1447 
2597 173 464 673 68 
2598 725 891 673 1053 
2599 673 891 173 68 
2600 173 891 673 725 
2601 1139 1536 687 286 
2602 1305 1536 286 687 
2603 914 1536 687 1139 
2604 1361 194 1214 1011 
2605 942 1361 1214 1011 
2606 1519 1411 1391 1672 
2607 1519 1672 274 1411 
2608 689 1501 876 1380 
2609 1405 609 216 567 
2610 901 1236 184 1407 
2611 845 242 675 1777 
2612 297 1204 1194 541 
2613 297 1204 541 540 
2614 1194 1204 964 541 
2615 644 1299 118 1291 
2616 682 960 334 442 
2617 637 944 1300 1441 
2618 104 1329 1003 1300 
2619 1549 1301 779 924 
2620 1649 1301 887 779 
2621 122 1053 890 1569 
2622 625 1341 1053 297 
2623 924 1301 923 205 
2624 1657 10 1094 1163 
2625 1647 1094 1290 1706 
2626 10 1094 1290 1647 
2627 1657 10 1647 1094 
2628 268 77 1239 1224 
2629 268 1504 660 1577 
2630 450 1274 699 1030 
2631 1564 450 699 1030 
2632 450 1274 1030 772 
2633 699 450 1270 1274 
2634 1306 838 63 1760 
2635 838 1306 1556 1552 
2636 1322 1760 1679 1306 
2637 296 1500 1225 121 
2638 226 1245 1308 434 
2639 226 434 1308 494 
2640 226 1308 931 494 
2641 931 933 1308 226 
2642 1308 933 1165 226 
2643 1226 1270 1643 860 
2644 1226 1643 1274 1594 
2645 1308 1165 1245 226 
2646 124 1413 1228 514 
2647 1087 1229 1434 586 
2648 1087 390 1415 1458 
2649 1415 390 81 1458 
2650 1449 1309 1136 1085 
2651 1449 1747 1136 1309 
2652 1113 469 929 704 
2653 872 469 1113 704 
2654 740 982 1310 59 
2655 50 477 1231 1025 
2656 793 1231 1025 1511 
2657 1147 1310 645 59 
2658 1147 1081 1310 59 
2659 889 1311 1075 1348 
2660 1286 889 1348 1311 
2661 787 1286 548 1311 
2662 1743 1344 538 56 
2663 1598 121 1517 751 
2664 1517 751 121 1608 
2665 753 1001 829 1740 
2666 753 829 1668 1740 
2667 1740 829 1668 1271 
2668 879 1233 1618 1494 
2669 1099 1548 755 247 
2670 272 160 1235 1521 
2671 1521 1235 272 271 
2672 63 1322 648 783 
2673 1548 1552 1556 1306 
2674 1322 1679 783 1306 
2675 1236 180 1407 1082 
2676 998 694 371 721 
2677 1162 184 901 1236 
2678 1486 905 1722 1459 
2679 1775 502 1017 777 
2680 1775 1017 512 777 
2681 1775 31 1017 502 
2682 739 957 308 1509 
2683 1168 771 283 989 
2684 52 1743 1101 337 
2685 337 499 52 1461 
2686 52 337 1461 1743 
2687 119 1008 783 880 
2688 361 469 319 485 
2689 518 465 1052 1 
2690 518 1052 2 287 
2691 949 361 485 1122 
2692 111 1508 1133 108 
2693 76 789 1318 233 
2694 1606 1318 1154 1581 
2695 290 1232 1053 1737 
2696 250 1393 813 1319 
2697 251 1319 649 306 
2698 251 1101 337 1319 
2699 251 1319 306 1166 
2700 250 1166 1393 1319 
2701 251 337 649 1319 
2702 376 621 1085 324 
2703 209 1232 1053 1341 
2704 1053 209 1341 625 
2705 756 298 890 891 
2706 1413 124 792 514 
2707 891 1734 756 298 
2708 695 1413 1140 830 
2709 308 363 866 1509 
2710 308 866 496 1509 
2711 7 843 1605 1759 
2712 1253 501 860 1243 
2713 1243 860 1643 1270 
2714 218 1128 1749 706 
2715 1128 1749 174 218 
2716 700 219 812 847 
2717 1668 753 1740 1339 
2718 700 219 724 812 
2719 581 880 246 1491 
2720 1401 1598 1315 310 
2721 1401 1598 310 751 
2722 1385 290 1673 289 
2723 289 290 1053 1737 
2724 140 945 1664 878 
2725 1664 945 140 138 
2726 1232 209 1053 1737 
2727 1262 1737 1053 209 
2728 450 594 1274 772 
2729 1327 1396 851 468 
2730 515 1476 505 525 
2731 851 1138 1327 354 
2732 1327 1138 1396 1209 
2733 840 73 1112 1543 
2734 840 832 73 1543 
2735 1328 1230 554 266 
2736 1328 921 1230 266 
2737 1740 1328 554 1034 
2738 947 1224 277 946 
2739 1224 1239 277 946 
2740 1007 657 1712 841 
2741 257 380 720 1213 
2742 720 380 1267 1213 
2743 1651 1264 74 1445 
2744 363 1622 866 971 
2745 1507 100 1734 1686 
2746 1505 1507 68 1734 
2747 1185 1112 1002 1064 
2748 1330 1437 1734 1673 
2749 642 1750 1582 1259 
2750 1261 917 1177 1709 
2751 785 217 332 844 
2752 785 332 217 775 
2753 1263 695 792 1140 
2754 571 62 880 1035 
2755 1263 1705 709 451 
2756 507 1480 71 956 
2757 1480 70 1264 444 
2758 1495 1264 1028 70 
2759 1263 1705 1765 709 
2760 956 1264 70 1028 
2761 1549 1265 1529 1710 
2762 883 1759 1005 843 
2763 1497 1256 1069 1467 
2764 698 442 1779 951 
2765 1583 1339 4 1271 
2766 1668 1740 1271 1339 
2767 635 25 685 693 
2768 1313 1033 693 1677 
2769 400 1774 1178 1022 
2770 986 1540 1272 183 
2771 119 1199 648 755 
2772 297 1341 1053 1569 
2773 261 262 136 1276 
2774 463 1770 1277 1660 
2775 1053 298 890 1341 
2776 1053 1341 890 1569 
2777 61 1346 571 1288 
2778 857 1040 908 13 
2779 747 1583 970 4 
2780 1286 878 548 1348 
2781 1184 1348 548 878 
2782 1348 548 396 1184 
2783 1348 1075 396 548 
2784 1348 1311 1075 548 
2785 655 1552 767 650 
2786 1286 1348 548 1311 
2787 1085 1470 1172 897 
2788 421 437 651 577 
2789 704 361 319 452 
2790 699 361 1564 452 
2791 1101 1743 52 1393 
2792 544 899 164 1351 
2793 280 608 414 1362 
2794 539 608 280 1362 
2795 1362 539 608 245 
2796 234 862 1352 1026 
2797 234 1352 1503 1209 
2798 234 1026 1352 1209 
2799 234 871 1503 1352 
2800 234 871 1352 862 
2801 346 1730 1389 728 
2802 346 728 1389 1620 
2803 1707 208 728 312 
2804 1389 1730 1653 1707 
2805 1353 839 1055 800 
2806 1646 839 1353 1593 
2807 1747 1646 1353 1593 
2808 47 161 1282 48 
2809 761 1509 496 523 
2810 761 1206 496 1509 
2811 761 496 575 523 
2812 978 640 1285 28 
2813 978 1285 502 28 
2814 1285 996 502 28 
2815 64 780 199 1195 
2816 251 250 1708 1319 
2817 251 1166 250 1319 
2818 1101 813 1708 1684 
2819 135 911 39 37 
2820 135 943 1287 911 
2821 849 135 943 1287 
2822 1012 283 1154 980 
2823 1149 1012 1154 980 
2824 1301 1682 887 779 
2825 924 1682 923 1301 
2826 1546 644 1291 356 
2827 923 924 935 1682 
2828 867 1291 356 1546 
2829 867 1541 1291 1546 
2830 16 15 1736 1093 
2831 1541 118 1291 1546 
2832 1546 644 118 1291 
2833 338 1280 340 1061 
2834 340 1280 671 1061 
2835 869 689 1360 1501 
2836 1727 977 1360 1592 
2837 1360 1591 1592 977 
2838 1393 194 1361 749 
2839 1628 1278 79 1159 
2840 1628 79 1186 1159 
2841 1186 1514 1766 1159 
2842 446 1278 1628 1159 
2843 1766 1514 757 1159 
2844 1363 1562 1117 1644 
2845 1363 1117 337 251 
2846 649 1363 337 251 
2847 1260 1364 1576 1524 
2848 1205 1377 607 970 
2849 747 1377 1205 970 
2850 804 1618 1067 879 
2851 1503 851 1670 357 
2852 411 1420 1359 357 
2853 78 1670 411 413 
2854 1503 1110 1670 851 
2855 947 1224 946 815 
2856 1224 1239 946 815 
2857 320 471 1744 1345 
2858 1416 411 1372 1075 
2859 343 1365 375 787 
2860 787 1365 375 548 
2861 1367 1090 1502 1455 
2862 1370 1762 1587 1465 
2863 1370 816 681 1465 
2864 1370 1762 224 577 
2865 761 1509 523 896 
2866 414 1509 761 896 
2867 1269 1586 1685 1390 
2868 1586 1390 816 1685 
2869 1448 303 431 1037 
2870 150 259 906 1373 
2871 150 1005 1373 843 
2872 1302 420 1395 1120 
2873 1302 1120 44 1032 
2874 150 1005 259 1373 
2875 319 555 452 1374 
2876 319 555 1374 581 
2877 1171 319 452 1374 
2878 1293 1171 1374 319 
2879 1100 959 1043 1520 
2880 492 1574 1305 1013 
2881 29 280 1378 414 
2882 1378 1703 29 414 
2883 1666 359 304 562 
2884 1666 939 304 359 
2885 1438 1378 107 1703 
2886 976 1307 746 1547 
2887 827 1307 1612 1078 
2888 1379 514 918 96 
2889 1529 1379 918 1553 
2890 321 21 685 736 
2891 707 1355 1133 388 
2892 116 1355 1133 707 
2893 388 111 1355 1133 
2894 111 1355 1133 1508 
2895 116 1355 1508 1133 
2896 784 1052 3 1312 
2897 1660 282 463 588 
2898 588 33 1660 597 
2899 1383 123 1362 1033 
2900 883 1161 573 807 
2901 883 1161 807 1759 
2902 1674 1161 1333 573 
2903 301 51 424 1521 
2904 424 51 445 1521 
2905 160 156 1689 1317 
2906 1620 1707 1389 218 
2907 1620 208 728 1707 
2908 728 1730 1389 1707 
2909 1621 1400 816 1370 
2910 1297 1586 1390 453 
2911 1586 453 816 1390 
2912 517 1108 920 860 
2913 860 517 1108 501 
2914 1408 486 1322 1513 
2915 172 1322 63 1513 
2916 973 1730 1041 1389 
2917 973 346 1730 1389 
2918 163 1089 1757 1087 
2919 1757 1614 1089 163 
2920 563 1323 982 367 
2921 533 1480 70 1324 
2922 1324 1480 70 956 
2923 1398 362 1327 468 
2924 1587 1533 1762 1400 
2925 1390 453 816 1400 
2926 1533 1118 1762 1400 
2927 889 878 1026 1268 
2928 1673 1437 1734 992 
2929 1034 554 859 266 
2930 1034 1328 554 266 
2931 593 112 505 1332 
2932 1454 881 97 1366 
2933 1087 899 544 390 
2934 1001 1368 1740 646 
2935 1333 1499 1368 646 
2936 1480 444 292 964 
2937 533 70 1480 1334 
2938 1405 609 567 1323 
2939 1655 817 567 1405 
2940 1239 946 815 377 
2941 439 384 815 803 
2942 439 384 803 1002 
2943 478 1171 452 1406 
2944 1406 478 391 1074 
2945 478 452 1074 1406 
2946 515 505 430 1571 
2947 1008 1516 293 688 
2948 1008 119 120 688 
2949 1471 44 1120 1336 
2950 1120 44 1515 1336 
2951 880 119 1008 688 
2952 293 880 1008 688 
2953 1008 120 1516 688 
2954 1094 1687 1337 711 
2955 1687 711 9 1337 
2956 1584 401 211 990 
2957 286 1106 1753 892 
2958 172 648 1322 1408 
2959 90 1338 770 149 
2960 345 549 1338 457 
2961 172 1408 1322 1513 
2962 3 409 781 786 
2963 409 3 781 670 
2964 1179 1583 219 1339 
2965 891 1734 173 68 
2966 1232 992 1053 1341 
2967 1029 798 1554 159 
2968 482 1497 1467 1596 
2969 1414 1256 1693 310 
2970 234 1590 396 1184 
2971 234 1075 396 1590 
2972 1590 1348 396 1184 
2973 1590 1075 396 1348 
2974 889 1075 234 1590 
2975 699 1030 595 452 
2976 1030 452 1018 595 
2977 671 1410 175 969 
2978 175 1410 671 1258 
2979 712 505 35 1342 
2980 988 222 712 1342 
2981 1424 1009 673 1053 
2982 102 541 540 1424 
2983 297 540 541 1424 
2984 102 673 1424 1009 
2985 540 297 1053 1424 
2986 592 800 1563 967 
2987 800 967 1055 1563 
2988 1087 164 1343 544 
2989 586 1343 1434 1087 
2990 1353 800 1055 1563 
2991 355 1680 76 1154 
2992 649 1240 337 1363 
2993 1240 53 337 499 
2994 1344 499 1461 920 
2995 1054 1415 1464 81 
2996 766 1525 1564 361 
2997 766 469 361 1122 
2998 361 469 485 1122 
2999 1616 1284 293 1595 
3000 1416 411 1359 357 
3001 1416 1469 1359 889 
3002 295 849 115 1287 
3003 115 849 943 1287 
3004 1418 316 1237 417 
3005 1418 316 417 1249 
3006 1418 1249 417 1221 
3007 1523 1678 1420 78 
3008 411 78 1420 1678 
3009 1421 334 82 442 
3010 1421 1604 82 334 
3011 1650 487 1551 1604 
3012 442 1211 82 1421 
3013 846 82 118 1421 
3014 1211 118 82 1421 
3015 573 1422 1250 636 
3016 1001 1034 1368 1422 
3017 573 1123 1250 1422 
3018 1001 1368 1123 1422 
3019 105 959 1355 618 
3020 706 388 1749 707 
3021 840 1433 1543 1064 
3022 840 1433 1064 752 
3023 752 840 265 1064 
3024 71 519 956 963 
3025 1617 1336 178 1356 
3026 1357 759 9 1107 
3027 1706 9 1357 759 
3028 132 1566 83 1358 
3029 1209 1503 1416 1138 
3030 1416 1503 1372 411 
3031 1427 658 223 1568 
3032 1156 100 298 179 
3033 179 1258 100 298 
3034 410 471 1429 825 
3035 869 858 1360 689 
3036 869 858 689 1613 
3037 1613 858 689 1742 
3038 1658 1366 719 1750 
3039 881 697 1454 408 
3040 697 1366 1481 719 
3041 714 1658 719 1750 
3042 697 881 1454 1366 
3043 1352 862 362 1430 
3044 1352 1430 362 1209 
3045 1086 1600 1499 1368 
3046 1333 1499 1600 1368 
3047 1584 401 990 641 
3048 1177 803 439 815 
3049 1636 1494 1079 1290 
3050 1330 100 1734 1437 
3051 1244 1284 688 293 
3052 880 1244 688 293 
3053 39 37 911 910 
3054 39 1287 911 135 
3055 220 221 1108 1371 
3056 501 517 1108 1371 
3057 1363 1644 1117 251 
3058 29 1378 1438 1703 
3059 1375 677 534 1502 
3060 192 747 1583 1377 
3061 675 1777 1377 1444 
3062 944 104 1197 1003 
3063 1680 233 1318 283 
3064 1680 283 1318 1154 
3065 1634 1440 738 936 
3066 733 776 730 1432 
3067 382 1646 1136 365 
3068 236 1142 1502 534 
3069 1102 1142 559 1680 
3070 236 1142 1102 835 
3071 942 1463 306 1004 
3072 869 689 876 1613 
3073 689 1380 876 1613 
3074 1557 1755 527 1381 
3075 1408 648 783 1207 
3076 1322 1408 648 783 
3077 1749 346 953 168 
3078 1749 1355 953 346 
3079 819 1642 561 1387 
3080 1642 934 561 1387 
3081 1620 1355 1749 346 
3082 1749 346 168 1389 
3083 1389 1749 346 1620 
3084 1200 85 1382 1038 
3085 1188 646 847 554 
3086 847 812 646 1188 
3087 150 906 495 1443 
3088 1144 484 1607 1443 
3089 1773 1444 800 967 
3090 1444 967 1055 800 
3091 800 1444 955 1055 
3092 675 1444 955 800 
3093 675 1777 1444 800 
3094 1777 1444 800 1773 
3095 973 346 1725 1730 
3096 1501 1591 689 1360 
3097 470 156 665 1689 
3098 1689 665 470 1478 
3099 665 51 1689 1116 
3100 1727 1592 1360 1016 
3101 1360 1591 858 1723 
3102 1408 648 1446 172 
3103 1207 648 1446 1408 
3104 1181 648 172 1446 
3105 819 1642 1387 91 
3106 273 1739 207 1388 
3107 1298 1447 1732 1639 
3108 1732 1447 1487 1639 
3109 365 13 1449 376 
3110 1449 13 621 376 
3111 13 1309 1449 621 
3112 1648 1747 1449 1309 
3113 1646 1648 1449 365 
3114 1648 1646 1449 1747 
3115 1374 555 452 1616 
3116 1374 555 1616 581 
3117 555 571 1616 581 
3118 1395 1471 44 1120 
3119 1302 1395 44 1120 
3120 1439 393 1048 1397 
3121 1397 1048 1566 1664 
3122 1439 393 1397 629 
3123 1452 1744 1526 1193 
3124 393 629 741 1397 
3125 1115 1167 341 406 
3126 1399 1115 1167 341 
3127 339 1248 1493 32 
3128 1248 32 687 1493 
3129 1188 1499 812 646 
3130 296 756 1225 1500 
3131 340 1258 671 1280 
3132 1530 1588 1224 125 
3133 949 485 361 1534 
3134 949 361 699 478 
3135 949 485 1534 1350 
3136 699 478 1643 949 
3137 949 1534 478 1643 
3138 398 1638 1472 600 
3139 952 1402 795 888 
3140 153 1410 310 1596 
3141 1646 1449 1136 365 
3142 835 1158 76 1455 
3143 1090 1158 1455 76 
3144 1367 1090 1455 76 
3145 1457 20 303 1037 
3146 1260 1457 1037 20 
3147 1457 20 1298 303 
3148 426 313 1224 1588 
3149 1377 1205 863 399 
3150 1402 694 1023 1428 
3151 111 905 1722 108 
3152 1133 111 905 1459 
3153 1133 111 108 905 
3154 366 364 817 1405 
3155 216 364 366 1405 
3156 785 332 775 906 
3157 735 633 1299 927 
3158 644 735 1299 927 
3159 183 1540 1272 1356 
3160 691 42 1272 1192 
3161 369 823 1741 1316 
3162 369 1626 1741 823 
3163 131 1753 1106 129 
3164 1402 1428 1023 995 
3165 106 1753 1106 131 
3166 1402 995 888 952 
3167 995 556 888 1354 
3168 131 1509 1753 129 
3169 161 961 48 1080 
3170 836 1304 729 656 
3171 1168 1109 1257 771 
3172 836 1304 656 806 
3173 1168 1257 283 771 
3174 155 560 1282 1409 
3175 524 463 1277 1671 
3176 149 457 90 1338 
3177 524 1770 1277 463 
3178 1675 463 524 33 
3179 1770 463 524 1675 
3180 1121 1615 1262 540 
3181 1262 400 1615 1238 
3182 1238 1615 1262 1121 
3183 1521 1654 445 272 
3184 124 1413 792 1705 
3185 1323 1655 432 1310 
3186 356 1054 1464 81 
3187 1370 1762 1465 224 
3188 1370 1465 681 224 
3189 1552 1414 247 422 
3190 422 650 1552 1414 
3191 1306 1760 1679 1414 
3192 655 1414 1552 650 
3193 1615 1729 540 1204 
3194 1121 1204 1615 540 
3195 329 1469 258 357 
3196 357 1469 354 329 
3197 357 1469 1138 354 
3198 1373 1005 1068 1759 
3199 1024 944 1003 1300 
3200 1300 1329 1003 1024 
3201 1590 80 1026 878 
3202 234 1590 1026 889 
3203 234 1631 1026 1590 
3204 1590 1631 1026 80 
3205 1590 878 1026 889 
3206 1206 1050 739 1509 
3207 509 85 734 1190 
3208 1477 221 1226 450 
3209 1270 1477 1226 450 
3210 1226 1477 860 1624 
3211 1226 1270 860 1477 
3212 468 744 993 1479 
3213 1749 853 953 1355 
3214 1227 853 953 1749 
3215 523 323 1394 1753 
3216 106 1753 958 1106 
3217 1235 160 1689 1521 
3218 160 1521 1317 1689 
3219 51 301 1689 1521 
3220 51 665 1689 301 
3221 926 874 1758 1392 
3222 1766 1159 757 578 
3223 1392 1766 1758 903 
3224 1020 196 1719 596 
3225 630 1426 1719 170 
3226 1426 1719 1637 630 
3227 825 471 1485 1567 
3228 1247 471 1485 825 
3229 1485 471 1744 1567 
3230 1247 471 1744 1485 
3231 305 1236 223 1427 
3232 305 593 1427 395 
3233 305 112 1427 593 
3234 305 1427 223 1568 
3235 305 1427 1568 395 
3236 618 853 1227 1749 
3237 944 1722 1486 637 
3238 419 1486 1722 637 
3239 338 1500 1148 1132 
3240 650 1401 1148 338 
3241 1148 338 1401 1500 
3242 173 805 464 68 
3243 1505 1258 805 68 
3244 1414 1693 247 751 
3245 1414 751 247 422 
3246 410 1498 471 825 
3247 1498 1725 471 1663 
3248 410 1725 471 1498 
3249 1459 959 503 388 
3250 1459 959 791 503 
3251 1459 111 388 1133 
3252 500 1491 1181 474 
3253 474 1491 246 500 
3254 474 1491 1181 1340 
3255 205 1137 497 1763 
3256 474 1130 1491 1340 
3257 581 1491 246 474 
3258 1130 1491 581 474 
3259 1220 1091 1665 832 
3260 1513 1760 1322 1306 
3261 1087 1458 1415 1434 
3262 1434 1343 1415 1087 
3263 659 1436 895 1460 
3264 1238 400 1178 1022 
3265 1066 1022 1238 1178 
3266 414 896 761 1217 
3267 258 1469 1359 357 
3268 794 1469 1286 258 
3269 1286 1469 1359 258 
3270 294 1504 1645 277 
3271 1504 1392 294 1645 
3272 1504 1518 294 1392 
3273 294 1504 277 1224 
3274 1224 1518 294 1504 
3275 298 756 296 1258 
3276 1401 310 1315 1258 
3277 1500 1401 296 1258 
3278 756 1500 296 1258 
3279 296 298 1258 1315 
3280 1208 629 1439 1397 
3281 1101 1743 1117 337 
3282 1749 1389 1442 218 
3283 1749 953 1227 168 
3284 1749 1442 174 218 
3285 310 1256 1069 1497 
3286 825 471 1567 1498 
3287 1498 825 731 1567 
3288 1381 1755 1150 1167 
3289 99 151 1658 1366 
3290 1658 151 719 1366 
3291 1129 1509 971 892 
3292 1509 971 866 1129 
3293 731 825 611 1485 
3294 519 956 1445 71 
3295 507 956 71 1445 
3296 956 1264 1445 507 
3297 1386 175 805 1659 
3298 1386 1659 1505 1157 
3299 173 1505 68 1734 
3300 173 1505 805 68 
3301 173 1505 1734 1686 
3302 480 1292 641 1539 
3303 668 480 641 1539 
3304 641 1292 834 1539 
3305 641 834 773 1539 
3306 1142 232 1651 534 
3307 1507 1258 68 756 
3308 427 282 1660 588 
3309 456 1466 1660 427 
3310 456 1660 588 427 
3311 588 597 1660 456 
3312 1466 282 1660 427 
3313 1115 1755 406 504 
3314 406 1755 1167 1150 
3315 1399 16 1167 1115 
3316 1505 1258 68 1507 
3317 1507 1258 756 298 
3318 1505 1258 1507 1157 
3319 957 322 363 1509 
3320 1509 828 322 892 
3321 957 828 322 1509 
3322 1572 682 867 1278 
3323 682 1541 867 446 
3324 762 1451 262 261 
3325 446 1541 867 1546 
3326 540 209 625 1729 
3327 1053 209 625 540 
3328 927 390 544 1242 
3329 374 11 267 1304 
3330 163 886 461 1599 
3331 324 1304 11 374 
3332 324 621 11 1304 
3333 1168 989 283 1070 
3334 7 1161 1674 573 
3335 1123 7 1674 573 
3336 1623 1762 1283 577 
3337 755 63 783 1306 
3338 63 648 755 783 
3339 1013 463 1295 492 
3340 1013 1295 372 492 
3341 263 344 806 836 
3342 762 836 729 344 
3343 1401 121 296 1598 
3344 1401 1315 296 1258 
3345 603 802 1456 17 
3346 1598 121 296 1517 
3347 1477 1270 860 501 
3348 1116 665 156 1689 
3349 1478 470 604 665 
3350 1243 501 860 1270 
3351 301 665 604 870 
3352 1460 1349 797 855 
3353 1460 1436 895 1576 
3354 1344 499 337 1461 
3355 787 1286 1311 258 
3356 34 1660 1466 282 
3357 1573 1466 36 898 
3358 1186 79 1514 1159 
3359 1007 401 1462 626 
3360 1462 1007 626 46 
3361 883 807 1005 1759 
3362 1759 1068 775 6 
3363 1005 1218 259 1068 
3364 280 414 894 1378 
3365 517 1565 884 249 
3366 884 1006 501 248 
3367 501 1006 1253 248 
3368 409 3 670 552 
3369 1696 1519 1391 1672 
3370 709 801 936 1705 
3371 936 1705 451 709 
3372 1379 1413 514 96 
3373 644 1343 927 1054 
3374 514 1413 1228 96 
3375 1286 889 1359 1469 
3376 1464 390 1522 748 
3377 390 628 1522 748 
3378 1596 1497 1467 1256 
3379 1069 1256 404 1467 
3380 1522 628 334 748 
3381 1572 748 1522 960 
3382 1522 748 334 960 
3383 1464 748 1522 1572 
3384 708 270 752 412 
3385 272 972 1654 1468 
3386 1654 1468 55 782 
3387 1360 1326 1016 1088 
3388 869 1360 858 1088 
3389 1080 161 47 48 
3390 171 958 1394 1425 
3391 1425 958 1394 1753 
3392 329 357 258 1523 
3393 258 357 1420 1523 
3394 1336 1540 986 183 
3395 1540 1471 1336 986 
3396 42 1471 1201 1617 
3397 1524 20 1457 1260 
3398 1082 381 1084 1472 
3399 351 1082 398 1638 
3400 1260 1364 1524 20 
3401 1525 469 704 361 
3402 872 469 704 1525 
3403 280 123 1383 1474 
3404 766 469 1525 361 
3405 1193 1526 73 1220 
3406 520 1049 1475 86 
3407 1452 1526 73 1193 
3408 1526 1091 1665 1220 
3409 200 987 203 765 
3410 1476 37 1342 525 
3411 1671 1277 1111 34 
3412 1671 463 1277 34 
3413 292 1480 69 71 
3414 964 69 1480 533 
3415 69 71 1480 1324 
3416 1480 964 292 69 
3417 533 69 1480 1324 
3418 1366 1750 1481 719 
3419 719 1750 1481 934 
3420 731 825 1485 1567 
3421 1567 1010 1485 731 
3422 883 636 7 1532 
3423 1532 1605 843 824 
3424 843 883 7 1532 
3425 650 310 751 1401 
3426 650 1280 310 1401 
3427 816 453 1533 1400 
3428 361 1534 1171 478 
3429 949 1534 361 478 
3430 395 1568 712 505 
3431 593 505 1427 395 
3432 1568 1427 505 395 
3433 1327 1138 617 354 
3434 1138 1469 617 354 
3435 1159 1535 757 578 
3436 769 1535 1159 578 
3437 699 1270 1643 1274 
3438 758 1160 1487 1732 
3439 1150 373 1699 347 
3440 1150 1167 373 347 
3441 78 1678 1537 1523 
3442 1397 1566 132 1664 
3443 1038 730 162 165 
3444 87 730 162 1038 
3445 200 1038 162 165 
3446 357 354 1537 329 
3447 357 851 1537 354 
3448 1660 1466 36 1573 
3449 269 578 1159 1392 
3450 1766 1392 578 1645 
3451 1392 269 578 1645 
3452 326 401 990 212 
3453 326 335 378 834 
3454 834 990 326 401 
3455 641 401 990 834 
3456 1767 1490 325 856 
3457 680 837 5 535 
3458 535 837 5 1127 
3459 535 5 553 1127 
3460 553 1127 5 1152 
3461 1476 1417 430 505 
3462 1342 35 1417 505 
3463 1020 196 1637 1719 
3464 177 1719 713 1637 
3465 713 1637 1719 630 
3466 1637 49 856 196 
3467 177 196 1637 856 
3468 1492 1150 1699 347 
3469 1492 1699 981 19 
3470 588 463 1493 1574 
3471 463 1574 1013 1493 
3472 914 687 1493 1013 
3473 879 1494 1067 1636 
3474 1290 1079 632 1494 
3475 879 1233 1494 1636 
3476 1650 1421 1299 1291 
3477 234 1209 1416 889 
3478 1209 1138 1416 889 
3479 1138 1469 1416 889 
3480 1496 806 857 669 
3481 1496 806 1304 908 
3482 136 17 1456 802 
3483 1749 1389 168 1442 
3484 1749 1227 174 1442 
3485 1541 334 442 682 
3486 148 809 511 1303 
3487 148 511 142 1303 
3488 1539 834 1542 1292 
3489 43 1542 255 378 
3490 834 378 1542 1292 
3491 43 210 255 1542 
3492 1433 832 840 1543 
3493 1544 636 1532 243 
3494 1129 971 674 754 
3495 1129 754 674 1139 
3496 1280 1258 1401 338 
3497 446 769 1278 1159 
3498 977 104 590 1501 
3499 769 1535 1278 1159 
3500 1633 977 590 1501 
3501 1375 677 1502 1090 
3502 236 1142 835 1502 
3503 1503 1110 1396 362 
3504 411 1110 1503 193 
3505 1503 411 193 1372 
3506 1503 357 1416 1138 
3507 268 277 1645 1504 
3508 268 277 1504 1224 
3509 150 906 1135 1373 
3510 1443 906 1135 150 
3511 1772 577 1370 715 
3512 1506 1572 1589 1423 
3513 148 47 513 511 
3514 513 447 511 47 
3515 636 1422 1250 861 
3516 129 717 1509 522 
3517 482 1467 1414 1596 
3518 1596 1467 1414 1256 
3519 500 648 1181 1491 
3520 1491 648 246 500 
3521 326 990 773 212 
3522 255 773 877 212 
3523 773 990 326 834 
3524 116 662 1508 1355 
3525 1099 1134 1548 247 
3526 755 1099 1199 63 
3527 755 1548 63 1306 
3528 205 497 1649 1763 
3529 205 497 1265 1549 
3530 205 1301 1549 924 
3531 205 1265 1529 1549 
3532 205 924 1549 1529 
3533 205 1763 1649 1301 
3534 602 28 640 978 
3535 602 530 640 28 
3536 173 1386 805 1505 
3537 1704 1386 1505 1157 
3538 1697 1723 637 799 
3539 1697 1723 799 1281 
3540 1509 866 496 1129 
3541 1636 1494 1067 1079 
3542 1553 918 994 96 
3543 1553 1098 96 994 
3544 1511 1231 1025 50 
3545 1553 1379 918 96 
3546 1616 571 880 581 
3547 671 1596 969 655 
3548 671 1596 655 650 
3549 456 315 808 281 
3550 281 1466 284 808 
3551 281 1466 808 456 
3552 985 284 808 281 
3553 808 315 985 281 
3554 671 655 767 650 
3555 1323 434 609 645 
3556 1174 1045 631 1512 
3557 54 1695 1654 782 
3558 445 272 1654 1695 
3559 183 551 1336 1515 
3560 1336 183 1515 968 
3561 968 1120 1032 1515 
3562 87 690 1038 1200 
3563 992 100 1734 1156 
3564 1598 296 1315 1517 
3565 1437 100 1734 992 
3566 1278 1558 682 79 
3567 1278 1628 682 446 
3568 574 926 1518 1392 
3569 1588 1518 926 903 
3570 1224 1518 125 1588 
3571 1504 660 1518 1392 
3572 1224 1083 1518 1504 
3573 973 1389 1041 168 
3574 973 346 1389 168 
3575 621 897 1085 11 
3576 1128 1749 1520 174 
3577 1743 56 1117 1344 
3578 1743 1344 1461 538 
3579 83 1439 1566 1397 
3580 1615 209 1729 1774 
3581 433 25 685 635 
3582 25 433 685 774 
3583 1749 168 1227 1442 
3584 44 1471 986 1336 
3585 1336 986 44 551 
3586 1336 551 44 1515 
3587 1120 1336 1515 968 
3588 934 1642 714 1531 
3589 124 1705 1531 1413 
3590 410 1498 825 1041 
3591 1498 611 825 1041 
3592 731 1498 611 825 
3593 34 1466 1660 1573 
3594 1489 991 24 850 
3595 1059 1612 1078 827 
3596 827 1612 1307 976 
3597 553 1612 827 1152 
3598 1152 1612 827 692 
3599 1105 270 1567 312 
3600 200 165 765 1419 
3601 694 1402 1721 88 
3602 585 88 1402 1428 
3603 1402 88 694 1428 
3604 1402 820 1721 88 
3605 1633 1326 1360 1088 
3606 633 846 1299 1650 
3607 633 1650 927 544 
3608 1299 633 1650 927 
3609 633 1650 544 1551 
3610 633 1650 1551 846 
3611 355 1680 1154 1012 
3612 1414 751 650 310 
3613 1596 655 1414 482 
3614 655 1596 1414 650 
3615 1414 1693 751 310 
3616 553 1152 827 1203 
3617 1356 1336 183 1540 
3618 42 1272 1356 691 
3619 1471 42 1272 1540 
3620 1617 1540 1336 1356 
3621 1540 42 1272 1356 
3622 42 1471 1617 1540 
3623 1270 699 1643 949 
3624 633 544 164 1351 
3625 978 1691 1775 1285 
3626 413 1109 1257 1168 
3627 764 130 1703 274 
3628 414 764 1703 274 
3629 1504 269 1392 1645 
3630 1460 1349 855 1037 
3631 1460 1436 1576 1260 
3632 1352 871 1503 362 
3633 1352 871 362 862 
3634 1269 1586 1390 1297 
3635 1491 571 880 1340 
3636 1130 1288 571 1340 
3637 223 180 1236 1084 
3638 223 1236 180 1570 
3639 733 276 864 1432 
3640 394 730 1062 1432 
3641 119 880 246 1244 
3642 1244 880 246 581 
3643 593 112 1427 505 
3644 880 119 688 1244 
3645 104 944 1300 1003 
3646 1469 617 354 794 
3647 794 617 1286 1469 
3648 617 1286 966 794 
3649 966 1268 1286 617 
3650 976 1307 1547 1612 
3651 467 109 1579 1663 
3652 1663 109 320 467 
3653 1663 109 471 320 
3654 1663 109 1725 471 
3655 1579 109 1725 1663 
3656 944 1486 689 637 
3657 1486 1550 689 637 
3658 1550 689 1591 858 
3659 419 1550 1486 637 
3660 930 335 822 326 
3661 1315 1733 310 423 
3662 1315 423 310 1153 
3663 1153 423 310 1693 
3664 423 1256 310 1693 
3665 1069 1256 310 423 
3666 655 1580 767 1552 
3667 655 1414 838 1552 
3668 1401 338 1258 1500 
3669 142 420 526 1554 
3670 526 420 1120 1554 
3671 448 968 336 1554 
3672 336 1554 447 448 
3673 142 336 1554 447 
3674 798 1554 968 448 
3675 968 1120 336 1554 
3676 1410 310 1596 650 
3677 1596 310 1414 650 
3678 520 1555 1049 86 
3679 1370 816 844 681 
3680 145 238 1736 1557 
3681 145 1736 328 1557 
3682 169 215 1611 257 
3683 1576 1260 1349 1460 
3684 914 32 687 1536 
3685 914 32 1493 687 
3686 1198 32 914 1536 
3687 785 1586 1685 484 
3688 1400 1587 816 1370 
3689 1621 1400 1370 1772 
3690 1370 1587 816 1465 
3691 110 1064 1543 1433 
3692 816 1533 1587 1400 
3693 1544 843 948 824 
3694 1544 1532 843 824 
3695 87 690 733 1038 
3696 87 733 730 1038 
3697 1371 221 1108 1477 
3698 501 1371 1108 1477 
3699 1560 937 679 1597 
3700 239 543 1561 9 
3701 9 543 1561 1769 
3702 1240 220 1344 1562 
3703 1562 249 220 1344 
3704 757 79 1278 1159 
3705 1514 79 757 1159 
3706 1590 889 1348 878 
3707 949 361 1564 699 
3708 501 1565 884 517 
3709 1591 944 689 637 
3710 1591 1723 1550 858 
3711 637 1591 944 1441 
3712 1591 1441 1592 977 
3713 1591 1723 1360 1592 
3714 1491 648 1181 1446 
3715 1664 1397 133 132 
3716 349 1664 1566 80 
3717 1567 467 708 1630 
3718 1567 320 412 708 
3719 270 1010 265 412 
3720 419 1742 1486 1550 
3721 1734 1673 1053 725 
3722 1673 725 173 1385 
3723 1424 1053 1569 297 
3724 1673 1385 173 1223 
3725 173 1330 1734 1673 
3726 1330 1673 173 1223 
3727 173 1673 1734 725 
3728 1703 842 107 130 
3729 414 896 1703 764 
3730 1703 896 842 764 
3731 1497 310 1256 1596 
3732 1596 153 1497 310 
3733 1596 1256 1414 310 
3734 1559 896 842 1703 
3735 712 658 35 505 
3736 1571 505 1667 941 
3737 955 1593 800 839 
3738 184 1236 1570 180 
3739 675 1593 800 955 
3740 1593 839 1353 800 
3741 1570 184 1162 1236 
3742 413 666 1257 1109 
3743 1315 1153 310 1598 
3744 1598 1153 310 1693 
3745 1427 112 1571 505 
3746 1306 63 783 1322 
3747 1418 1249 1221 1283 
3748 1401 296 1315 1598 
3749 1401 121 1598 751 
3750 791 1329 1676 1601 
3751 1024 1329 791 1601 
3752 1301 1763 1649 887 
3753 1574 687 1305 1013 
3754 1574 687 1013 1493 
3755 1603 1730 611 731 
3756 1730 312 731 1603 
3757 1260 1349 1037 1457 
3758 1397 393 1048 1575 
3759 846 1421 1604 82 
3760 838 1306 63 1556 
3761 1548 1556 63 1306 
3762 77 1083 1224 1577 
3763 268 1224 1577 77 
3764 1532 7 843 1605 
3765 130 1703 274 1519 
3766 1267 401 211 1584 
3767 720 1267 211 1584 
3768 1306 1760 63 1513 
3769 655 838 1580 1552 
3770 63 1513 1322 1306 
3771 439 1002 803 1064 
3772 1274 1643 676 1594 
3773 1259 1750 1658 714 
3774 1582 1750 1658 1259 
3775 324 908 621 1304 
3776 872 704 555 1564 
3777 1198 754 1536 1139 
3778 1198 1536 914 1139 
3779 226 982 59 434 
3780 226 982 740 59 
3781 226 59 1245 434 
3782 1245 1165 59 226 
3783 847 219 1188 1230 
3784 710 1188 1230 554 
3785 407 219 847 1230 
3786 710 1188 219 1230 
3787 1188 847 1230 554 
3788 983 1732 758 385 
3789 847 219 812 1188 
3790 1331 100 1258 1157 
3791 100 298 1258 1507 
3792 1331 1258 100 1251 
3793 179 100 1258 1251 
3794 35 988 712 1342 
3795 1096 710 219 1369 
3796 1258 100 1507 1157 
3797 400 209 1262 1615 
3798 635 25 693 1313 
3799 1480 1264 507 444 
3800 964 1334 444 1194 
3801 468 744 1396 993 
3802 851 1396 993 468 
3803 137 530 23 1602 
3804 530 241 23 1602 
3805 1328 554 1230 1740 
3806 50 1585 477 1025 
3807 407 1328 1230 1740 
3808 847 1230 554 1740 
3809 1118 1762 1283 1623 
3810 1400 1118 1762 1283 
3811 1282 161 449 727 
3812 1425 914 763 1013 
3813 639 914 1425 1139 
3814 286 1129 1425 1139 
3815 1753 286 1425 1106 
3816 124 936 642 1705 
3817 1414 1467 1693 1256 
3818 1467 1256 404 1693 
3819 1110 871 1503 193 
3820 762 729 262 1451 
3821 320 1091 1744 1220 
3822 503 959 1100 1128 
3823 1249 1221 577 619 
3824 974 1459 388 1133 
3825 1283 1221 577 1249 
3826 1188 1619 1499 646 
3827 1273 1619 1188 554 
3828 1188 1619 646 554 
3829 1226 1643 1594 860 
3830 1683 1074 1616 1595 
3831 139 1026 1234 1209 
3832 1209 889 1026 1234 
3833 1234 1268 1026 1538 
3834 1234 1026 139 1538 
3835 1685 844 1237 1621 
3836 844 816 1621 1685 
3837 1685 1390 816 1621 
3838 1560 937 1597 98 
3839 944 1441 1501 104 
3840 1441 944 1300 104 
3841 1599 163 167 509 
3842 163 1599 461 509 
3843 1333 1161 1674 1600 
3844 1086 1123 1600 1368 
3845 1333 1600 1123 1368 
3846 283 771 980 1012 
3847 1257 283 771 980 
3848 523 896 1509 131 
3849 131 1661 523 896 
3850 131 1661 106 523 
3851 106 523 1753 131 
3852 131 523 1753 1509 
3853 1324 71 956 963 
3854 1324 71 1480 956 
3855 1541 118 1211 1421 
3856 137 1602 23 385 
3857 571 1491 581 1130 
3858 137 1602 385 983 
3859 1130 571 1491 1340 
3860 1273 1368 1619 554 
3861 116 1620 707 1629 
3862 430 1571 907 1173 
3863 1571 1236 907 195 
3864 907 1571 1162 1236 
3865 1581 1318 1154 76 
3866 1615 209 540 1729 
3867 1262 209 540 1615 
3868 1491 1446 1181 1340 
3869 290 992 1053 1232 
3870 1673 1734 1053 992 
3871 1130 474 581 929 
3872 1130 581 555 929 
3873 247 627 120 1608 
3874 1609 95 950 811 
3875 874 79 1758 1186 
3876 1753 286 1129 1425 
3877 261 1276 136 659 
3878 1186 1514 79 1758 
3879 595 1681 1625 676 
3880 1509 892 322 971 
3881 518 3 409 552 
3882 794 966 1365 1286 
3883 1365 878 548 1286 
3884 966 878 1365 1286 
3885 1612 1307 5 1078 
3886 709 936 801 1634 
3887 1085 1449 621 376 
3888 1613 689 1380 1742 
3889 1613 1380 876 1632 
3890 1309 1470 1085 897 
3891 1449 1309 1085 621 
3892 845 1777 675 800 
3893 1593 845 675 800 
3894 1757 1614 164 1089 
3895 150 883 843 948 
3896 883 843 1005 150 
3897 137 983 962 1255 
3898 1742 67 974 1036 
3899 698 79 1628 442 
3900 1244 1284 293 1616 
3901 874 79 1628 698 
3902 1616 1074 1284 1595 
3903 1186 79 1628 874 
3904 1451 598 762 344 
3905 1018 772 595 1640 
3906 1640 1018 1616 595 
3907 540 1009 1053 1262 
3908 42 1540 1617 1356 
3909 1144 1607 150 1443 
3910 804 545 692 1618 
3911 1618 692 1067 1494 
3912 804 692 1067 1618 
3913 682 446 442 1541 
3914 1628 446 442 682 
3915 1087 390 1343 1415 
3916 1087 390 1458 202 
3917 1087 899 390 202 
3918 1087 544 1343 390 
3919 810 568 1657 1335 
3920 1657 1163 1094 1335 
3921 1657 1335 1094 1337 
3922 1697 799 637 1635 
3923 1108 221 1180 1477 
3924 1124 780 1195 304 
3925 860 1108 1624 1477 
3926 532 304 780 1124 
3927 1108 1180 1624 1477 
3928 642 1531 801 934 
3929 936 642 801 1440 
3930 1440 642 801 934 
3931 728 662 1620 346 
3932 801 642 936 1705 
3933 244 242 1777 1266 
3934 242 1377 1777 1266 
3935 1406 1171 452 1374 
3936 1406 452 1074 1374 
3937 452 1616 1074 1374 
3938 1662 753 812 1499 
3939 1655 1310 645 1147 
3940 1655 1081 1310 1147 
3941 1704 1223 173 1386 
3942 153 1258 1331 1251 
3943 35 505 941 750 
3944 1417 35 750 505 
3945 879 545 1618 1233 
3946 989 330 909 1680 
3947 1063 265 1064 752 
3948 244 1777 1776 1773 
3949 1623 577 1283 718 
3950 896 1559 523 1217 
3951 948 824 1607 1404 
3952 239 1626 821 572 
3953 821 1626 1219 14 
3954 948 1404 1607 1144 
3955 460 631 1146 508 
3956 677 1142 1502 1090 
3957 65 814 1633 1326 
3958 1521 301 1478 271 
3959 1521 1478 1235 271 
3960 1633 1326 1088 65 
3961 341 458 460 186 
3962 1117 1252 251 1644 
3963 1105 270 1630 1567 
3964 1663 320 471 1567 
3965 1567 467 1630 1663 
3966 234 1631 1590 1184 
3967 1613 1380 1632 67 
3968 814 590 103 1633 
3969 869 1360 1633 1501 
3970 814 977 590 1633 
3971 869 1633 1360 1088 
3972 814 977 1633 1360 
3973 199 1088 1633 869 
3974 506 1246 421 1623 
3975 421 1246 437 718 
3976 1176 1136 1172 569 
3977 1752 934 1440 1711 
3978 1176 1353 1055 1172 
3979 1136 1353 1176 1172 
3980 1172 1136 1085 569 
3981 1136 1353 1172 1470 
3982 1136 1470 1172 1085 
3983 1278 682 867 446 
3984 1110 283 1257 980 
3985 1425 914 1013 1139 
3986 1648 13 1449 365 
3987 763 914 1493 1013 
3988 901 154 1236 1082 
3989 901 1236 1407 1082 
3990 1036 944 1742 67 
3991 1501 852 876 1380 
3992 1633 66 852 1501 
3993 852 1197 1501 66 
3994 1583 219 407 1369 
3995 1549 1710 779 1649 
3996 1549 1649 779 1301 
3997 1383 1033 1362 566 
3998 29 1383 1672 1702 
3999 791 1676 1329 1043 
4000 1043 1676 1329 105 
4001 1043 111 105 959 
4002 959 111 791 1043 
4003 758 1160 550 1487 
4004 153 310 1251 1069 
4005 1251 1069 310 423 
4006 1733 1251 310 423 
4007 177 1637 713 1545 
4008 177 1637 1545 1119 
4009 177 856 1637 1119 
4010 429 777 30 1638 
4011 1638 777 30 502 
4012 429 1638 30 1082 
4013 1410 153 310 1258 
4014 1258 1410 671 1280 
4015 1177 1064 473 1063 
4016 1280 1258 310 1401 
4017 153 1258 1251 310 
4018 1258 1251 310 1733 
4019 1315 1258 310 1733 
4020 50 1015 1641 1585 
4021 1269 484 1144 1685 
4022 192 1377 607 1453 
4023 1159 1535 1278 757 
4024 175 153 1258 1331 
4025 175 153 1410 1258 
4026 153 175 1410 969 
4027 967 399 1055 1172 
4028 769 1423 1278 1535 
4029 769 867 1278 1423 
4030 1506 1278 1423 1535 
4031 867 1278 446 769 
4032 1743 1778 1252 56 
4033 925 1663 1579 728 
4034 415 909 355 1680 
4035 415 989 909 1680 
4036 238 16 1755 1381 
4037 1381 16 1755 1167 
4038 1400 1762 1587 1370 
4039 1370 1400 1762 1283 
4040 1283 1762 1370 577 
4041 116 662 1620 925 
4042 116 662 1355 1620 
4043 116 925 1620 1629 
4044 1244 1406 1284 1074 
4045 1683 391 1074 1595 
4046 1074 391 1284 1595 
4047 407 1339 1583 1271 
4048 949 1350 1534 1643 
4049 1480 70 956 1264 
4050 956 1264 507 1480 
4051 581 474 319 929 
4052 555 581 319 929 
4053 974 905 1486 1459 
4054 99 151 881 1484 
4055 1459 1036 475 1486 
4056 974 419 1486 905 
4057 519 1445 956 1651 
4058 228 519 956 1651 
4059 228 227 519 1651 
4060 1567 471 1744 320 
4061 846 118 1299 1421 
4062 1744 1091 1526 1220 
4063 1567 320 1744 412 
4064 573 1001 1123 1422 
4065 1698 845 1646 1593 
4066 1001 1123 1333 573 
4067 1747 1646 1136 1353 
4068 1523 357 1537 329 
4069 1394 1425 1753 323 
4070 958 1106 1753 1425 
4071 1394 958 106 1753 
4072 1706 1079 1647 632 
4073 731 1730 1663 312 
4074 312 1663 731 1567 
4075 794 1469 258 329 
4076 329 1469 354 794 
4077 870 560 1409 1282 
4078 1003 1329 610 1024 
4079 708 75 1433 752 
4080 1254 705 1651 74 
4081 1034 859 1368 848 
4082 1422 1034 1368 848 
4083 1422 1368 1123 848 
4084 972 1483 1654 1468 
4085 1703 764 842 130 
4086 1505 805 1258 1659 
4087 1384 782 55 57 
4088 1384 1654 55 782 
4089 1384 1027 54 57 
4090 382 1136 569 979 
4091 569 1136 1085 979 
4092 1386 805 1505 1659 
4093 175 1331 1258 1659 
4094 124 1705 642 1531 
4095 642 1531 1705 801 
4096 642 1531 462 124 
4097 1323 567 1655 645 
4098 1405 567 1655 1323 
4099 1636 1290 1079 10 
4100 136 659 18 261 
4101 1559 842 107 1703 
4102 1347 283 975 1110 
4103 54 782 1384 57 
4104 1384 54 1654 782 
4105 1329 1601 1024 1300 
4106 15 1741 14 823 
4107 823 1316 15 1741 
4108 1626 823 14 1741 
4109 1591 637 1592 1441 
4110 810 1657 543 1335 
4111 543 1657 1337 1335 
4112 543 1657 1647 1337 
4113 636 1250 1532 861 
4114 1186 1159 1766 1392 
4115 1524 1457 1349 1260 
4116 1474 1383 29 1677 
4117 1313 1754 1677 29 
4118 29 1383 1754 1677 
4119 363 322 971 1509 
4120 363 971 866 1509 
4121 1343 390 544 927 
4122 1280 310 1410 650 
4123 1258 310 1410 1280 
4124 1213 1267 720 1584 
4125 432 1488 622 1655 
4126 181 1554 798 448 
4127 579 1082 425 1236 
4128 223 1084 1236 466 
4129 1236 1082 425 466 
4130 1234 889 1268 617 
4131 1234 889 1026 1268 
4132 1138 889 1234 617 
4133 1234 889 1138 1209 
4134 1760 1414 482 1467 
4135 1186 1628 1779 1164 
4136 269 1159 1779 1392 
4137 611 1730 1603 1041 
4138 1603 1041 1289 611 
4139 555 929 319 704 
4140 1130 704 1113 929 
4141 1390 1400 816 1621 
4142 1220 832 840 1433 
4143 122 1053 1569 1424 
4144 36 1660 1770 1675 
4145 1660 1675 36 1046 
4146 1660 597 36 456 
4147 1466 1660 36 456 
4148 1220 1665 73 832 
4149 1734 1507 756 298 
4150 1526 1665 73 1220 
4151 103 939 788 304 
4152 535 1127 553 127 
4153 553 1127 1152 1203 
4154 896 1661 523 1559 
4155 544 927 1242 1650 
4156 571 1018 1616 1640 
4157 345 570 1338 549 
4158 78 1678 1670 1537 
4159 411 1670 78 1678 
4160 413 666 78 1670 
4161 582 815 1177 917 
4162 1323 260 609 434 
4163 208 467 1663 1630 
4164 1105 1663 1630 208 
4165 492 1671 372 1111 
4166 1295 463 1671 492 
4167 1295 1671 372 492 
4168 274 1362 566 1672 
4169 1703 1362 274 1672 
4170 1664 349 1566 1358 
4171 499 53 337 214 
4172 1634 1440 1711 738 
4173 1319 337 649 1463 
4174 214 53 337 1463 
4175 1634 738 1711 1527 
4176 791 1722 1024 1601 
4177 111 1722 791 1601 
4178 1672 1383 1362 566 
4179 1360 1016 1592 1723 
4180 1016 1723 1360 858 
4181 1360 1016 858 1088 
4182 298 179 1258 1315 
4183 1619 646 554 1368 
4184 233 835 789 236 
4185 980 283 1154 1347 
4186 1330 1437 1673 290 
4187 290 1437 1673 992 
4188 290 1673 1053 992 
4189 1736 1482 15 16 
4190 1736 1482 16 238 
4191 1736 238 1755 1557 
4192 1736 1755 328 1557 
4193 320 471 1345 109 
4194 136 922 659 895 
4195 659 136 18 922 
4196 905 1722 108 1735 
4197 1236 1082 154 579 
4198 1294 7 1674 1123 
4199 1668 829 4 1271 
4200 4 1668 1271 1339 
4201 1529 779 1710 994 
4202 1669 1499 1333 753 
4203 1662 1669 753 1499 
4204 111 1459 791 1722 
4205 1459 1722 111 905 
4206 791 1459 475 1722 
4207 791 1676 111 1601 
4208 791 111 1676 1043 
4209 1043 111 1676 105 
4210 1650 1242 487 1196 
4211 1650 487 1604 334 
4212 1650 1196 487 334 
4213 181 1554 387 1029 
4214 1029 1554 387 159 
4215 181 447 1554 448 
4216 154 429 30 1082 
4217 579 1082 154 30 
4218 1416 357 1359 1469 
4219 1138 357 1416 1469 
4220 1523 357 1420 1678 
4221 1253 1006 501 1243 
4222 411 1678 1420 357 
4223 1678 357 1537 1523 
4224 1678 357 1670 1537 
4225 411 1670 1678 357 
4226 390 628 1291 1522 
4227 1291 628 334 1522 
4228 1291 1196 334 628 
4229 390 1242 1291 628 
4230 1291 1242 1196 628 
4231 1572 1464 81 356 
4232 81 748 1464 1572 
4233 356 81 1572 1589 
4234 1684 1252 251 1117 
4235 1101 1684 251 1117 
4236 251 1101 1708 1684 
4237 1323 645 1310 59 
4238 1323 1655 1310 645 
4239 495 332 259 1237 
4240 697 1366 1454 1481 
4241 1415 1464 390 927 
4242 1366 97 1481 1750 
4243 1750 1764 1481 934 
4244 1054 1415 927 1464 
4245 1681 391 1683 1625 
4246 1681 478 391 1056 
4247 1681 391 676 1056 
4248 1074 478 391 1681 
4249 1681 391 1625 676 
4250 1681 391 1074 1683 
4251 595 1681 1683 1625 
4252 595 1074 1616 1683 
4253 595 1681 1074 1683 
4254 33 1046 1660 597 
4255 1675 1660 463 33 
4256 1660 33 1675 1046 
4257 1201 1471 1120 1336 
4258 1395 1201 1471 1120 
4259 1419 165 765 204 
4260 1719 596 196 1169 
4261 177 196 498 1719 
4262 1157 100 1686 1330 
4263 177 196 1719 1637 
4264 1719 1637 1020 1426 
4265 161 727 1282 155 
4266 1507 100 1686 1157 
4267 155 1282 48 1409 
4268 1505 1507 1686 1157 
4269 1282 48 1409 870 
4270 1121 1262 1009 540 
4271 1009 289 1053 1262 
4272 486 1679 703 783 
4273 584 703 1679 783 
4274 1612 1307 1547 5 
4275 280 1383 1362 29 
4276 414 1703 29 1362 
4277 29 280 414 1362 
4278 1703 29 1362 1672 
4279 1102 1142 1680 835 
4280 1672 29 1362 1383 
4281 1389 168 1442 1041 
4282 1522 1291 1464 356 
4283 1522 1541 1291 867 
4284 1522 1291 356 867 
4285 1319 813 1101 1393 
4286 1353 1563 1055 1172 
4287 942 1393 1214 1361 
4288 1353 1563 1172 1470 
4289 1474 123 1383 1033 
4290 1773 399 1444 967 
4291 399 967 1055 1444 
4292 1602 241 240 758 
4293 1602 602 530 241 
4294 1653 1389 218 1442 
4295 227 74 519 1651 
4296 1743 813 1684 1778 
4297 484 785 1443 1685 
4298 495 332 1237 1685 
4299 1184 1631 1590 80 
4300 39 188 222 1342 
4301 1287 39 222 135 
4302 222 135 39 1342 
4303 526 1120 1032 1554 
4304 968 1032 1120 1554 
4305 449 148 161 1282 
4306 570 1296 1690 726 
4307 1325 1690 1296 1141 
4308 1094 144 1706 1687 
4309 144 1687 9 1706 
4310 290 1385 1673 1330 
4311 695 91 1765 1705 
4312 141 741 393 1688 
4313 141 393 441 1688 
4314 827 529 8 632 
4315 827 1078 8 529 
4316 144 493 1357 529 
4317 1357 632 1706 759 
4318 632 1107 529 8 
4319 1357 632 1107 529 
4320 1706 1357 493 632 
4321 31 1638 30 502 
4322 31 1638 466 30 
4323 30 466 1082 1638 
4324 454 335 641 480 
4325 454 401 641 335 
4326 745 454 1584 641 
4327 745 454 641 480 
4328 454 401 1584 641 
4329 390 748 1464 81 
4330 1415 390 1464 81 
4331 752 1433 412 840 
4332 899 1242 544 390 
4333 1242 628 390 899 
4334 452 595 1074 1616 
4335 1549 1710 1529 779 
4336 1767 1585 477 1641 
4337 1694 800 592 967 
4338 627 1693 247 1679 
4339 1606 975 1154 1318 
4340 1154 283 1318 975 
4341 1606 975 1347 1154 
4342 1347 283 1154 975 
4343 1703 1672 1438 29 
4344 1672 1391 1438 29 
4345 1391 29 1702 1754 
4346 1391 29 1672 1702 
4347 570 1690 1296 1325 
4348 130 1696 107 1703 
4349 1703 1696 107 1438 
4350 139 1430 1209 362 
4351 139 1209 1398 362 
4352 1398 139 362 916 
4353 1681 478 1056 1643 
4354 1681 1056 676 1643 
4355 68 756 1225 122 
4356 419 1550 637 1697 
4357 419 1550 1697 1281 
4358 419 1697 637 1635 
4359 1730 1725 1498 1663 
4360 1041 1725 1498 1730 
4361 130 1519 1696 1703 
4362 1450 1140 514 1413 
4363 1529 918 779 994 
4364 1529 1450 918 1379 
4365 11 1172 1085 569 
4366 1549 924 779 1529 
4367 1172 897 11 1085 
4368 1671 34 1111 492 
4369 1671 463 34 492 
4370 1327 1209 1396 362 
4371 1327 1138 851 1396 
4372 1398 1209 1327 362 
4373 498 1376 1719 1169 
4374 701 1719 1426 170 
4375 1719 1376 596 1169 
4376 1719 1426 1020 701 
4377 1376 647 45 1007 
4378 647 476 1007 380 
4379 1747 1698 1646 1593 
4380 261 802 1451 307 
4381 261 802 598 1451 
4382 261 598 762 1451 
4383 1309 897 1085 621 
4384 344 729 1451 656 
4385 1747 800 1353 1563 
4386 1747 1593 1353 800 
4387 769 1779 1546 269 
4388 13 1648 1449 1309 
4389 1217 1559 107 1703 
4390 1378 1217 107 1703 
4391 931 1384 1717 494 
4392 226 1717 1431 494 
4393 1488 1405 1655 1323 
4394 1464 390 1291 1522 
4395 189 440 327 1555 
4396 927 1464 390 1291 
4397 927 390 1242 1291 
4398 932 445 1521 854 
4399 1700 1745 661 166 
4400 1700 1062 201 166 
4401 1673 289 1053 725 
4402 725 1385 1673 289 
4403 118 1779 1211 1701 
4404 558 1779 1701 951 
4405 957 363 308 1509 
4406 153 969 1410 1596 
4407 1497 969 153 1596 
4408 1053 992 1734 298 
4409 992 1156 1734 298 
4410 480 1292 1539 1724 
4411 668 480 1539 1724 
4412 1421 1650 1604 334 
4413 1242 899 487 1196 
4414 1242 899 1551 487 
4415 640 241 732 240 
4416 1702 1754 566 1155 
4417 1411 1155 1702 566 
4418 1702 1383 1672 566 
4419 1705 91 1531 1413 
4420 1705 1413 695 91 
4421 1702 1754 1383 566 
4422 1705 801 1531 1170 
4423 1411 566 1702 1672 
4424 1310 982 1323 59 
4425 968 1032 1554 159 
4426 1157 1330 1686 1704 
4427 1157 1704 1686 1505 
4428 1084 180 1236 1082 
4429 671 1410 969 1596 
4430 671 1410 1596 650 
4431 238 1755 1557 1381 
4432 846 1421 1299 1650 
4433 173 1386 1505 1704 
4434 1693 404 1679 684 
4435 1686 1330 173 1704 
4436 1686 1704 173 1505 
4437 1708 813 1101 1319 
4438 1610 1761 506 1246 
4439 506 1761 421 1246 
4440 885 506 1762 1623 
4441 1762 506 421 1623 
4442 1255 983 606 1448 
4443 1623 421 1762 577 
4444 1177 1709 473 75 
4445 1261 1709 1177 75 
4446 197 1126 366 1488 
4447 1529 1710 1098 994 
4448 524 1277 1314 1671 
4449 738 1440 1711 1752 
4450 1659 1331 1258 1157 
4451 720 1712 1007 257 
4452 1007 841 1712 211 
4453 1467 1414 1693 1679 
4454 110 1543 1064 1713 
4455 1064 1002 1713 1112 
4456 1392 1766 1186 1758 
4457 902 1714 815 230 
4458 815 384 230 1714 
4459 1518 294 1715 1224 
4460 1224 313 230 1715 
4461 200 882 987 162 
4462 987 200 203 882 
4463 1549 497 1710 1649 
4464 67 944 1742 1380 
4465 1459 1486 475 1722 
4466 880 1207 1008 783 
4467 1207 62 1035 880 
4468 1073 86 742 1721 
4469 1412 995 1428 585 
4470 1296 995 1412 726 
4471 1296 1412 995 1141 
4472 1431 1384 55 57 
4473 1717 55 1431 1384 
4474 1412 995 585 726 
4475 1412 1428 995 1141 
4476 160 1521 272 972 
4477 160 605 1521 972 
4478 468 916 362 744 
4479 744 362 1110 975 
4480 468 744 362 1396 
4481 1396 744 362 1110 
4482 161 155 48 961 
4483 48 161 1282 155 
4484 1298 20 1639 303 
4485 1718 686 811 488 
4486 1298 1447 1639 20 
4487 1718 686 950 811 
4488 1718 457 488 1095 
4489 1550 1723 637 1697 
4490 1550 689 637 1591 
4491 1591 637 1550 1723 
4492 1591 637 1723 1592 
4493 1723 1592 637 799 
4494 666 1110 980 993 
4495 1503 1110 851 1396 
4496 1388 830 397 1450 
4497 498 1376 213 1719 
4498 146 1720 1726 950 
4499 1751 1726 1720 678 
4500 428 1720 455 950 
4501 678 937 1720 679 
4502 846 1650 1551 1604 
4503 846 1421 1650 1604 
4504 991 1489 123 1033 
4505 421 1246 718 1623 
4506 1663 1105 1567 312 
4507 1663 1105 1630 1567 
4508 86 1555 189 1073 
4509 86 1721 1014 742 
4510 998 1402 1721 694 
4511 1602 389 758 983 
4512 1333 6 1600 1499 
4513 1406 391 1284 1074 
4514 1669 6 1333 1499 
4515 1662 1669 1499 6 
4516 1696 1672 1438 1703 
4517 1519 1703 274 1672 
4518 1155 1754 566 25 
4519 1545 1015 50 1119 
4520 1119 1015 50 1585 
4521 1637 252 1692 1545 
4522 623 629 564 279 
4523 623 564 440 279 
4524 1747 1353 1136 1470 
4525 1747 1563 1353 1470 
4526 1309 1747 1136 1470 
4527 1671 1314 372 1111 
4528 1295 524 372 1671 
4529 1212 524 372 1295 
4530 524 1314 372 1671 
4531 1272 1471 986 672 
4532 986 1471 1272 1540 
4533 1730 728 1725 1663 
4534 1041 973 1725 1730 
4535 757 1278 1506 1535 
4536 1726 950 95 811 
4537 1726 1720 95 950 
4538 1726 95 1720 678 
4539 1468 1483 1654 55 
4540 1272 405 1471 672 
4541 112 1571 515 1173 
4542 515 1571 430 1173 
4543 214 53 1463 638 
4544 638 1004 53 1463 
4545 592 1563 1172 967 
4546 592 1563 1470 1172 
4547 592 1470 897 1172 
4548 601 510 991 685 
4549 843 824 1135 150 
4550 824 1607 1135 150 
4551 843 150 1135 1373 
4552 906 775 785 1135 
4553 1384 1717 537 965 
4554 1384 537 933 965 
4555 1194 1178 292 964 
4556 1135 906 775 1373 
4557 1135 1607 1443 150 
4558 659 652 136 895 
4559 984 187 1127 1510 
4560 1203 984 1127 1510 
4561 450 594 1226 1274 
4562 1610 1246 506 1623 
4563 869 1633 876 1501 
4564 1281 1723 799 1016 
4565 1550 1723 1697 1281 
4566 1084 1082 1236 466 
4567 1723 1016 1592 799 
4568 1254 232 1047 1651 
4569 1262 289 1053 1737 
4570 745 480 641 668 
4571 205 1301 923 1728 
4572 923 205 1728 273 
4573 273 1728 207 1739 
4574 1728 93 1432 589 
4575 1728 1739 1062 207 
4576 189 1721 1073 1104 
4577 1073 742 599 371 
4578 682 960 442 79 
4579 1558 960 682 79 
4580 79 1628 442 682 
4581 79 1628 682 1278 
4582 1421 334 442 1541 
4583 1541 1211 442 1421 
4584 1541 1522 334 682 
4585 1522 682 1541 867 
4586 1016 1727 1592 799 
4587 1699 1275 981 19 
4588 699 452 1681 478 
4589 478 452 1681 1074 
4590 1681 478 1643 699 
4591 1548 1552 1306 247 
4592 1306 1414 247 1552 
4593 1527 1752 97 738 
4594 1527 1752 1711 97 
4595 97 1752 1711 1764 
4596 788 199 780 1195 
4597 199 788 780 103 
4598 103 65 1633 199 
4599 1185 1064 439 1063 
4600 265 1064 1185 1063 
4601 325 1768 778 615 
4602 1585 325 1767 1025 
4603 1657 1337 1094 1647 
4604 1647 1337 1094 1706 
4605 292 516 69 1178 
4606 1729 1774 625 1756 
4607 1756 625 1729 297 
4608 1194 1729 292 1178 
4609 1178 292 1774 1729 
4610 430 1667 907 1571 
4611 1667 505 1571 430 
4612 222 1342 988 135 
4613 222 988 1287 135 
4614 165 166 204 730 
4615 201 166 730 204 
4616 728 312 1663 1730 
4617 1730 312 1603 1653 
4618 1707 312 728 1730 
4619 1730 312 1653 1707 
4620 580 576 15 1316 
4621 576 1741 15 1316 
4622 1757 1731 1614 163 
4623 983 1160 1732 1298 
4624 1732 1160 1487 1447 
4625 134 154 1162 901 
4626 134 901 1162 184 
4627 658 1162 1570 184 
4628 988 135 849 1287 
4629 124 1531 1228 1413 
4630 616 1699 1045 1103 
4631 501 1565 517 1371 
4632 1777 1377 1444 1773 
4633 1776 1777 800 1773 
4634 725 1734 891 1053 
4635 792 695 1705 1413 
4636 1263 695 1765 1705 
4637 1476 1342 505 525 
4638 1275 1699 1150 373 
4639 508 1103 373 631 
4640 199 852 198 876 
4641 1736 1093 796 328 
4642 1736 1093 15 796 
4643 1737 209 1262 400 
4644 1417 1342 1476 135 
4645 1342 1417 1476 505 
4646 21 22 685 736 
4647 612 631 736 1512 
4648 21 433 685 22 
4649 429 900 777 1638 
4650 1638 1076 777 502 
4651 900 1076 777 1638 
4652 1486 1459 1036 974 
4653 814 1727 1360 1326 
4654 1016 1360 1727 1326 
4655 701 596 663 1320 
4656 1719 1376 213 1746 
4657 1738 302 405 826 
4658 273 205 1739 1388 
4659 273 1728 1739 205 
4660 1728 205 1062 1739 
4661 1203 1127 1152 1510 
4662 1677 1474 1033 601 
4663 1048 80 1566 1664 
4664 833 1369 747 407 
4665 407 1339 1271 1740 
4666 206 455 1718 90 
4667 1077 1718 1095 457 
4668 950 1718 455 90 
4669 1305 687 286 1013 
4670 674 754 1198 1139 
4671 914 687 1013 1139 
4672 674 1198 914 1139 
4673 533 1480 964 1334 
4674 1225 756 68 1500 
4675 68 1500 756 1258 
4676 1397 1566 83 132 
4677 1161 418 1333 573 
4678 646 1368 1333 1001 
4679 1381 1167 1150 347 
4680 527 1150 1492 347 
4681 527 1381 1150 347 
4682 572 1626 821 14 
4683 572 664 1741 14 
4684 722 576 1741 1482 
4685 572 1626 14 1741 
4686 1368 1123 1333 1001 
4687 1082 1084 180 1472 
4688 610 791 1329 1043 
4689 1692 252 50 1545 
4690 941 35 658 505 
4691 1315 1153 1598 1517 
4692 1613 1742 1380 67 
4693 118 1779 1701 1578 
4694 337 1743 1117 1344 
4695 337 1344 1461 1743 
4696 1684 1101 813 1743 
4697 223 1236 1570 1427 
4698 841 657 46 1007 
4699 45 46 1007 1462 
4700 1293 246 319 1374 
4701 197 185 1488 1652 
4702 1443 906 785 1135 
4703 631 22 736 1045 
4704 1512 631 1125 612 
4705 735 633 927 1343 
4706 1521 301 1689 1478 
4707 1521 1689 1235 1478 
4708 665 560 1409 870 
4709 424 445 54 1695 
4710 305 1236 112 425 
4711 425 1236 112 195 
4712 1019 1721 1279 1014 
4713 1240 1344 337 1117 
4714 1344 1240 337 499 
4715 99 1658 1582 435 
4716 1706 1687 1337 1094 
4717 134 941 1571 1667 
4718 1727 977 814 1360 
4719 1633 1501 1360 977 
4720 1729 209 625 1774 
4721 1224 947 1715 230 
4722 1617 1471 1201 1336 
4723 1617 1471 1336 1540 
4724 1495 1047 1651 1264 
4725 956 1445 1264 1651 
4726 1495 1264 1651 1028 
4727 956 1264 1028 1651 
4728 1485 1744 412 1567 
4729 1247 1744 1193 1485 
4730 1699 1150 981 1275 
4731 201 1745 166 204 
4732 412 1485 1193 1744 
4733 1719 170 1376 1746 
4734 1449 1646 1136 1747 
4735 1648 1698 1646 1747 
4736 1344 56 1748 249 
4737 1748 249 1562 1344 
4738 1749 1227 618 174 
4739 1654 1695 1468 782 
4740 1688 623 393 441 
4741 441 623 393 1049 
4742 1185 1002 439 1064 
4743 642 1752 1582 1750 
4744 642 1752 1750 934 
4745 99 1366 1658 435 
4746 1582 435 1658 1750 
4747 192 1583 607 1377 
4748 747 1583 1377 970 
4749 147 1726 146 1751 
4750 146 1726 1720 1751 
4751 1764 1752 1711 934 
4752 1752 97 1582 1750 
4753 1752 1764 1750 934 
4754 701 1719 596 1020 
4755 805 175 671 1258 
4756 805 1258 340 68 
4757 805 1258 671 340 
4758 1133 974 1459 905 
4759 1191 49 856 1637 
4760 54 445 358 1654 
4761 445 1654 54 1695 
4762 116 1355 707 1620 
4763 351 429 1082 1638 
4764 351 429 1638 900 
4765 29 1754 1383 1702 
4766 1411 1702 1391 1672 
4767 1313 1033 1677 1754 
4768 1677 1474 1383 1033 
4769 1754 1383 1033 1677 
4770 1663 1725 1579 728 
4771 268 1224 1504 1577 
4772 1755 406 328 1150 
4773 1755 406 1167 1115 
4774 1729 1774 1756 292 
4775 1194 1756 1729 297 
4776 1549 205 1649 1301 
4777 227 705 1651 1142 
4778 1142 1254 1651 232 
4779 1692 252 1637 1426 
4780 1545 1637 252 1015 
4781 84 1614 164 1757 
4782 84 1731 1614 1757 
4783 218 1749 1620 706 
4784 261 17 624 18 
4785 261 17 802 624 
4786 949 1350 1243 1006 
4787 1006 1350 1243 1253 
4788 1505 1507 1734 1686 
4789 1501 944 1197 333 
4790 333 944 1380 1501 
4791 705 1142 1254 1651 
4792 176 956 1028 1651 
4793 317 279 1555 742 
4794 623 279 1555 317 
4795 1403 922 797 18 
4796 1397 1048 138 1575 
4797 1664 349 1358 548 
4798 1759 1373 1135 775 
4799 1503 871 1110 362 
4800 134 1571 907 1667 
4801 134 1571 1162 907 
4802 1258 179 1251 1733 
4803 1315 179 1258 1733 
4804 644 735 927 1343 
4805 1518 926 903 1392 
4806 926 1758 903 1392 
4807 16 1093 1736 1755 
4808 1736 16 1755 238 
4809 349 1358 1060 1566 
4810 292 1756 1729 1194 
4811 1629 925 1620 208 
4812 818 1115 341 504 
4813 1492 1150 981 1699 
4814 1021 1124 1195 304 
4815 974 707 388 1656 
4816 125 1518 926 1588 
4817 1750 97 1481 1764 
4818 738 1752 1711 1527 
4819 1752 97 1750 1764 
4820 496 1129 639 1753 
4821 1129 1139 639 1425 
4822 1753 1129 639 1425 
4823 1687 1337 9 1706 
4824 144 1706 9 1357 
4825 925 467 1579 1663 
4826 701 596 1320 1020 
4827 170 1719 1376 701 
4828 1082 1407 398 1472 
4829 1570 1236 1162 1571 
4830 310 751 1598 1693 
4831 1517 1153 1598 1693 
4832 810 1626 1187 490 
4833 1187 810 543 1626 
4834 14 1626 1219 823 
4835 1376 215 213 1528 
4836 1376 215 1528 1611 
4837 1306 1679 783 247 
4838 1414 247 1679 1306 
4839 1414 247 1693 1679 
4840 507 1264 1445 1321 
4841 84 509 1202 1731 
4842 509 84 586 1731 
4843 84 1757 586 1731 
4844 1125 631 1151 508 
4845 369 1316 1741 576 
4846 576 311 369 1316 
4847 1611 1376 169 701 
4848 1749 1620 707 1355 
4849 1128 1749 959 1520 
4850 276 1432 1062 1728 
4851 1728 1432 1062 589 
4852 351 1638 760 900 
4853 900 1638 760 1076 
4854 386 1768 1767 1490 
4855 1767 325 1585 1119 
4856 1767 386 856 940 
4857 1015 1767 1641 1585 
4858 1767 856 1015 940 
4859 1333 1669 403 418 
4860 1716 949 654 1006 
4861 371 1721 1104 1073 
4862 386 194 1768 1490 
4863 1025 615 325 778 
4864 1011 1214 778 1768 
4865 778 1214 615 1768 
4866 1082 381 1472 1638 
4867 1583 219 1369 1183 
4868 1183 225 219 1369 
4869 1746 1376 213 1528 
4870 1731 163 509 167 
4871 509 1731 586 163 
4872 1757 163 586 1731 
4873 1564 452 1018 1030 
4874 665 156 470 560 
4875 560 1409 470 665 
4876 155 1409 470 560 
4877 1486 419 1722 905 
4878 419 1722 905 1735 
4879 201 730 166 1062 
4880 1700 201 1745 166 
4881 9 543 1769 1337 
4882 543 1647 1769 1337 
4883 1770 1660 463 1675 
4884 1577 1083 1224 1504 
4885 54 1654 358 1384 
4886 358 1654 537 1384 
4887 232 1047 1651 1495 
4888 1277 1660 36 1573 
4889 1770 36 1277 1660 
4890 1645 1392 294 1766 
4891 200 1419 1038 165 
4892 458 373 460 186 
4893 458 1167 373 186 
4894 186 1167 373 1150 
4895 54 358 933 1384 
4896 54 933 1027 1384 
4897 1642 934 1387 1170 
4898 934 1170 1642 1531 
4899 1765 1170 801 1705 
4900 398 1082 1472 1638 
4901 804 692 1152 827 
4902 618 1355 853 1749 
4903 631 1512 1125 1174 
4904 1699 1045 1103 19 
4905 1097 1145 564 629 
4906 1097 1439 1208 629 
4907 490 823 1626 369 
4908 1626 370 823 490 
4909 1626 1335 370 490 
4910 1626 370 1219 823 
4911 1566 1439 1048 1397 
4912 1588 1518 903 1715 
4913 1224 1715 1588 313 
4914 1588 1518 1715 1224 
4915 797 1576 1349 1460 
4916 1427 1571 1236 1570 
4917 112 515 505 1332 
4918 112 515 1571 505 
4919 1482 1771 576 15 
4920 1771 580 576 15 
4921 580 311 576 1316 
4922 880 1244 293 1616 
4923 440 279 327 1555 
4924 440 564 327 279 
4925 1480 1334 444 964 
4926 1334 541 1194 964 
4927 1775 31 502 1285 
4928 1775 1691 31 1285 
4929 504 16 1755 1093 
4930 1115 16 1755 504 
4931 1115 16 1167 1755 
4932 1087 164 1757 1343 
4933 586 1757 1343 1087 
4934 1776 800 967 1773 
4935 675 242 1377 1777 
4936 1777 1377 1773 1266 
4937 1743 1778 1684 1252 
4938 1488 1655 432 1323 
4939 1376 1169 45 596 
4940 1376 45 663 596 
4941 1719 701 596 1376 
4942 1588 313 1715 903 
4943 279 599 1073 742 
4944 1461 1344 920 538 
4945 1212 33 1295 1013 
4946 1212 1295 372 1013 
4947 1344 521 499 920 
4948 366 1405 622 1488 
4949 563 1488 1323 185 
4950 321 21 736 612 
$EndElements
