{"stiffness": 4605.253446626197, "damping": 32.41719282040447, "mu_tangent": 0.3744669261088671}