{"stiffness": 4932.463311467582, "damping": 55.243617174869094, "restitution": 0.23587917885097293, "mu_tangent": 0.37794059853262574, "mu_torsion": 0.1962239779955165, "mu_rolling": 6.579729524699074e-06}