{"stiffness": 1783.7652890360182, "damping": 27.221707506471567, "mu_tangent": 0.3580420664522583}