{"stiffness": 3246.374880894637, "damping": 336.106223636342, "restitution": 0.19679135971174588, "mu_tangent": 0.46361541486098234, "mu_torsion": 0.4504450873594994, "mu_rolling": 1.1758311108640416e-05}