{"stiffness": 100.04574994774907, "damping": 232.0984831969398, "mu_tangent": 0.3885796905344482}