{"stiffness": 7263.968021382293, "damping": 170.91789474438266, "mu_tangent": 0.3923391396178004}