{"stiffness": 5645.955427244353, "damping": 406.17024441407494, "restitution": 0.05487467104562382, "mu_tangent": 0.4682433401056724, "mu_torsion": 0.28190644992429414, "mu_rolling": 8.28121698548501e-06}