{"stiffness": 2467.607866355762, "damping": 316.82815844643096, "restitution": 0.09932770414603521, "mu_tangent": 0.4352633783668797, "mu_torsion": 0.27837521274754945, "mu_rolling": 7.978950569932281e-05}