{"stiffness": 5727.651268833896, "damping": 683.4703034000026, "restitution": 0.06165593825592884, "mu_tangent": 0.3978929763535156, "mu_torsion": 0.23781096485175116, "mu_rolling": 0.0006656553302982394}