{"stiffness": 3609.9359335998406, "damping": 310.78836564590955, "mu_tangent": 0.38997701040677}