{"stiffness": 6314.516647334794, "damping": 87.68602922320626, "restitution": 0.039328042158272646, "mu_tangent": 0.5801810879214115, "mu_torsion": 0.16085420684936774, "mu_rolling": 0.0011152359157562736}