{"stiffness": 426.7704587738051, "damping": 27.14385724302417, "mu_tangent": 0.3509095930269964}