{"stiffness": 434.4986898978717, "damping": 192.37131975736935, "restitution": 0.045752875215022776, "mu_tangent": 0.3979597078044132, "mu_torsion": 0.5244357267428025, "mu_rolling": 0.0038971160325072408}