{"stiffness": 2850.6718906745464, "damping": 172.28550133823887, "mu_tangent": 0.3899856563939678}