{"stiffness": 2517.3025831047216, "damping": 31.905318581981632, "mu_tangent": 0.36435616079924493}