{"stiffness": 1788.9687757254715, "damping": 284.5314552891239, "restitution": 0.22280377899992207, "mu_tangent": 0.4090451639406634, "mu_torsion": 0.40829205219471026, "mu_rolling": 0.00019275026354158517}