{"stiffness": 7797.144613522129, "damping": 801.2187305911912, "restitution": 0.19881337994761836, "mu_tangent": 0.3693133433085351, "mu_torsion": 0.24497050733644912, "mu_rolling": 2.8780131050383286e-05}