{"stiffness": 5552.02186920698, "damping": 734.684851215716, "restitution": 0.20425017591353406, "mu_tangent": 0.43951537847436506, "mu_torsion": 0.38875163463616524, "mu_rolling": 2.0226014668370382e-05}