{"stiffness": 3477.7747883298352, "damping": 283.8240046514966, "restitution": 0.09154179105023746, "mu_tangent": 0.44801489459554167, "mu_torsion": 0.24117843570553046, "mu_rolling": 2.908084530137228e-05}