{"stiffness": 6118.68486070033, "damping": 578.2540395800439, "restitution": 0.15813503842284524, "mu_tangent": 0.3350252193487723, "mu_torsion": 0.3137737439251644, "mu_rolling": 2.9248111248115133e-05}