{"stiffness": 6544.578201173874, "damping": 872.4764881552524, "restitution": 0.04871527847066191, "mu_tangent": 0.38533915544190184, "mu_torsion": 0.001, "mu_rolling": 6.95191049690093e-05}