{"stiffness": 7012.039226511564, "damping": 502.299777886584, "restitution": 0.051131088235059, "mu_tangent": 0.4221541709932834, "mu_torsion": 0.21378871167434488, "mu_rolling": 0.00025694999833390016}