{"stiffness": 3143.8904306096065, "damping": 570.9007274412619, "restitution": 0.11133698785224211, "mu_tangent": 0.3698603158075368, "mu_torsion": 0.19701375098435853, "mu_rolling": 6.403831588650723e-05}