{"stiffness": 6272.15429097968, "damping": 37.34457414230311, "mu_tangent": 0.3793063235323975}