{"stiffness": 2023.2199275091182, "damping": 407.664085284976, "restitution": 0.29588927920510744, "mu_tangent": 0.38895757801539715, "mu_torsion": 0.576499334271426, "mu_rolling": 0.0009933659636663082}