{"stiffness": 2324.2735710364827, "damping": 853.2638207312046, "restitution": 0.2901342857292327, "mu_tangent": 0.31544615084203137, "mu_torsion": 0.4273903960875011, "mu_rolling": 6.693902234761236e-05}