{"stiffness": 2554.326578160463, "damping": 28.80406037979028, "mu_tangent": 0.3640667951418855}