{"stiffness": 1409.367729642656, "damping": 285.3610902265049, "restitution": 0.12759257434442908, "mu_tangent": 0.3380848582329462, "mu_torsion": 0.4899484667209286, "mu_rolling": 0.007491126609518076}