{"stiffness": 9308.270456265389, "damping": 36.599473035742726, "mu_tangent": 0.392839663701039}