{"stiffness": 6301.733632397768, "damping": 37.46940101797387, "mu_tangent": 0.37949691952398396}