{"stiffness": 1344.6571265599944, "damping": 455.50706985361353, "restitution": 0.12435944824189106, "mu_tangent": 0.3901885840242935, "mu_torsion": 0.21864181722336148, "mu_rolling": 4.3042812739110054e-05}