{"stiffness": 1671.6388204942455, "damping": 26.338713707986024, "mu_tangent": 0.3571508746232108}