{"stiffness": 9572.530798088164, "damping": 37.069287611543295, "mu_tangent": 0.3870960011393229}