{"stiffness": 6972.891410796312, "damping": 325.903164877557, "restitution": 0.10195597223857061, "mu_tangent": 0.391832714068335, "mu_torsion": 0.38154849174157207, "mu_rolling": 2.75089971069627e-05}