{"stiffness": 5307.274245709909, "damping": 848.4042141866514, "restitution": 0.09878582899730103, "mu_tangent": 0.4459989220782317, "mu_torsion": 0.738547947817012, "mu_rolling": 0.0003900465086028697}