{"stiffness": 1783.841813865788, "damping": 27.222398404128853, "mu_tangent": 0.3580428567267519}