{"stiffness": 6258.212137420121, "damping": 37.02709146207594, "mu_tangent": 0.37937609061749056}