{"stiffness": 1769.5251119195937, "damping": 26.98697098696388, "mu_tangent": 0.3577288604494624}