{"stiffness": 2199.210814694703, "damping": 251.3303897075889, "restitution": 0.11772091968053365, "mu_tangent": 0.3995385873862521, "mu_torsion": 0.1198569689928315, "mu_rolling": 0.00017577223556188509}