{"stiffness": 1783.8663418052781, "damping": 27.220455481549028, "mu_tangent": 0.3580423151257414}