{"stiffness": 1365.7686005355758, "damping": 362.818785363939, "restitution": 0.16948545692953362, "mu_tangent": 0.401412889562873, "mu_torsion": 0.6391318538208998, "mu_rolling": 0.0010161159706289825}