{"stiffness": 100.8472996285577, "damping": 26.919498325187625, "restitution": 0.2876209168250796, "mu_tangent": 0.34026208305739847, "mu_torsion": 0.48644325877966116, "mu_rolling": 1.117158106306117e-06}