{"stiffness": 1915.2961011152022, "damping": 161.7438425368577, "restitution": 0.15799152591260954, "mu_tangent": 0.3689462129180485, "mu_torsion": 0.27812837237480664, "mu_rolling": 4.6669469096111906e-05}