{"stiffness": 2104.831566091146, "damping": 192.35954494389506, "restitution": 0.18922903319267886, "mu_tangent": 0.3797210829925755, "mu_torsion": 0.4908573681449141, "mu_rolling": 0.00011867911443314594}