{"stiffness": 2090.6544639196536, "damping": 197.87159461220566, "restitution": 0.21838324706732215, "mu_tangent": 0.4332814135394014, "mu_torsion": 0.6452463232316278, "mu_rolling": 0.00016001983497287132}