{"stiffness": 5157.777396530813, "damping": 343.5775998029054, "restitution": 0.12731837117004802, "mu_tangent": 0.39884600703609163, "mu_torsion": 0.7428090359380833, "mu_rolling": 0.0011255386976017515}