{"stiffness": 5475.318699122675, "damping": 88.25065734154914, "restitution": 0.08164587186666945, "mu_tangent": 0.4090811084710641, "mu_torsion": 0.002376014890610036, "mu_rolling": 0.001572069421363565}