{"stiffness": 4182.8072756114725, "damping": 33.771793590175484, "restitution": 0.21353438988093137, "mu_tangent": 0.36996710391287296, "mu_torsion": 0.001, "mu_rolling": 6.204001495077457e-05}