{"stiffness": 1495.84680291636, "damping": 468.0739637602866, "restitution": 0.019950084640953922, "mu_tangent": 0.34957846331103803, "mu_torsion": 0.500211552039253, "mu_rolling": 0.00034221704904866115}