{"stiffness": 4920.508627445242, "damping": 613.9350800968357, "restitution": 0.2371641614041625, "mu_tangent": 0.34617884335084925, "mu_torsion": 0.7230629016166809, "mu_rolling": 0.0002026273544517699}