{"stiffness": 6198.62474434024, "damping": 497.0247298862338, "restitution": 0.07017007400796736, "mu_tangent": 0.4162970905138537, "mu_torsion": 0.6801920715027583, "mu_rolling": 3.0028483948804057e-05}