{"mu": 0.09775579972104344, "stiffness": 29331.03199036054, "dissipation": 0.46809298598063276}