{"mu_static": 0.7360115958314388, "mu_ratio": 0.569494618925815, "pen_allow": 0.09537582522583256, "stiction_tol": 0.00011870751569231707}