{"mu": 0.08961100559281387, "stiffness": 66942.77435990787, "dissipation": 0.40259990248846195}