{"mu": 0.09725098524610866, "stiffness": 13008.855329413636, "dissipation": 0.4218600966322349}