{"mu": 0.1693821466769974, "stiffness": 18841.81524694005, "dissipation": 0.44617135296839583}