{"mu": 0.10837203680476488, "stiffness": 39411.27148503305, "dissipation": 0.7704050394047239, "stiction_tol": 0.0007716414924234281}