{"mu_static": 1.0, "mu_ratio": 0.1, "pen_allow": 1.0000000000000008e-10, "stiction_tol": 1.0000000000000004e-06}