{"mu": 0.09575394091410672, "stiffness": 6800.572699388858, "dissipation": 0.37842906853672337}