{"mu": 0.09760051622084405, "stiffness": 15243.678014751731, "dissipation": 1.4933459290370625}