{"mu_static": 0.157617378029553, "mu_ratio": 0.7054052454195665, "pen_allow": 2.6587904774155206e-05, "stiction_tol": 0.00419993384839572}