{"mu": 0.09768500115132625, "stiffness": 19024.278123473432, "dissipation": 0.535274927336151}