{"mu": 0.10586628659036017, "stiffness": 30286.222712209154, "dissipation": 0.425578024040916}