{"mu": 0.0971209692923774, "stiffness": 11505.212623528776, "dissipation": 0.47665859725659887}