{"mu": 0.11114969759703532, "stiffness": 36344.38634527245, "dissipation": 1.7535435833153765, "stiction_tol": 8.984044237130717e-05}