{"mu": 0.1207157402196825, "stiffness": 8417.37014666867, "dissipation": 0.5751149756282203}