{"mu": 0.10859544735163505, "stiffness": 17845.045408809263, "dissipation": 0.5910519838674606}