{"mu_static": 0.17868213421496798, "mu_ratio": 0.6545085435467262, "pen_allow": 6.83724698981973e-07, "stiction_tol": 0.0232570297293733}