{"mu_static": 0.9986859461110338, "mu_ratio": 0.9954956226727432, "pen_allow": 0.0002503613943658733, "stiction_tol": 3.439593121812161e-05}