{"mu": 0.09703012812964476, "stiffness": 11123.138843252476, "dissipation": 0.18556942655312206}