{"mu": 0.11989780136518689, "stiffness": 29042.176270234897, "dissipation": 0.07448637949363826, "stiction_tol": 1.1887374545669332e-06}