{"mu": 0.1087471389272545, "stiffness": 25050.66196933801, "dissipation": 0.1005190306035227}