{"mu": 0.10521530479312405, "stiffness": 10126.983313518336, "dissipation": 0.7637733685526824, "stiction_tol": 0.003051276621470278}