{"mu": 0.09696370810340711, "stiffness": 10841.170522627219, "dissipation": 0.3999581614549148}