{"mu": 0.09767812714286635, "stiffness": 17066.82034061953, "dissipation": 0.37268758941846036}