{"mu_static": 0.5686613458080643, "mu_ratio": 0.5055954626398674, "pen_allow": 1.1980472292548205e-07, "stiction_tol": 1.1105351767006482e-06}