{"mu_static": 0.1548538154057291, "mu_ratio": 0.7187447857561966, "pen_allow": 1.0922205891496031e-06, "stiction_tol": 1.2232962474540338e-05}