{"mu": 0.09766905646585089, "stiffness": 16730.872004621753, "dissipation": 0.6058362538625646}