{"mu": 0.1165479399328539, "stiffness": 19988.2397041064, "dissipation": 0.9976287935738456, "stiction_tol": 0.006782083821047208}