{"mu_static": 0.36600523060991313, "mu_ratio": 0.23249275089716392, "pen_allow": 0.000266383917743233, "stiction_tol": 0.000155023474677573}