{"mu": 0.2500443780459813, "mu_ratio": 0.49031788005508203, "stiffness": 46324.028762505244, "dissipation": 0.5262866928445569, "stiction_tol": 0.013849614492910523}