{"mu": 0.09703957110026776, "stiffness": 11159.688688625938, "dissipation": 0.5010547514282873}