{"mu_static": 0.6402006404727442, "mu_ratio": 0.46472848256899435, "pen_allow": 2.8681190311615715e-09, "stiction_tol": 0.004211442488488077}