{"mu": 0.11637223188605794, "stiffness": 15394.473012752285, "dissipation": 0.6143729343582102}