{"mu": 0.09695684922321068, "stiffness": 10895.805685062442, "dissipation": 0.45209336552802526}