{"mu": 0.0962278626992368, "stiffness": 17107.16005393275, "dissipation": 0.11642059138961783}