{"mu": 0.09704109254672702, "stiffness": 11116.746110671585, "dissipation": 0.1821633308819021}