{"mu": 0.09703599193784423, "stiffness": 11082.059793197735, "dissipation": 0.4893105266835328}