{"mu": 0.1040757359758903, "stiffness": 15774.456731882043, "dissipation": 0.7016032983435101, "stiction_tol": 0.0006179426529096731}