{"mu": 0.09760418616016896, "stiffness": 15483.913103256786, "dissipation": 1.3018044002567117}