{"mu": 0.09703594628300859, "stiffness": 11149.083267987442, "dissipation": 0.5282914499240052}