{"mu": 0.09697060872727577, "stiffness": 10903.42257344195, "dissipation": 0.38721421164002817}