{"mu": 0.11655457929763254, "stiffness": 5808.090490531208, "dissipation": 0.08010037308703857, "stiction_tol": 0.0007929033346899848}