{"mu": 0.11399099873404599, "stiffness": 23383.468322513276, "dissipation": 0.775669145268169}