{"mu": 0.088715732393064, "stiffness": 54561.98439917186, "dissipation": 1.299758833155805, "stiction_tol": 0.009010265104784193}