{"mu": 0.11163619500730827, "stiffness": 45096.65749884453, "dissipation": 1.268675201009659}