{"mu": 0.096627971246542, "stiffness": 9214.925811146057, "dissipation": 0.4650678553653901}