{"mu": 0.09766725467941753, "stiffness": 9789.144106884365, "dissipation": 0.622761805468596}