{"mu": 0.09536102989323088, "stiffness": 56306.31097708884, "dissipation": 0.6604032324625341}