{"mu": 0.0970405529522247, "stiffness": 11105.566241176353, "dissipation": 0.4937183814875678}