{"mu": 0.09418760077730205, "stiffness": 75242.74525829805, "dissipation": 0.37406318798782223}