{"stiffness": 2394.602244243525, "restitution": 0.01261480590734206, "mu": 0.014174661944336213}