{"stiffness": 8229.88040456644, "restitution": 0.009128485615553388, "mu": 0.012569370269545776}