{"stiffness": 5368.452102297754, "restitution": 0.0100168262293876, "mu": 0.011148122205526122}