{"stiffness": 643.4936654698464, "restitution": 0.11930314075927158, "mu": 0.36765253834660877}