{"stiffness": 7780.911991943307, "restitution": 0.035852916204477066, "mu": 0.011174349311064402}