{"stiffness": 1449.0199761273282, "restitution": 0.15242282700859822, "mu": 0.3748446170224529}