{"stiffness": 791.8748099212798, "restitution": 0.11914418105748686, "mu": 0.36688105520672176}