{"stiffness": 505.38283407540195, "restitution": 0.2506499687203781, "mu": 0.3305169370113355}