{"stiffness": 278.3345955997106, "restitution": 0.03541815310858066, "mu": 0.010791440924192576}