{"stiffness": 2488.473976068887, "restitution": 0.0352760547750094, "mu": 0.010455066125523943}