{"stiffness": 1369.6729622254127, "restitution": 0.012637473797246076, "mu": 0.01416821393523498}