{"stiffness": 846.0065261456594, "restitution": 0.035860101693584154, "mu": 0.011676360448736135}