{"stiffness": 8084.089709198445, "restitution": 0.03509597242989338, "mu": 0.011173795917117053}