{"stiffness": 1368.1064285101604, "restitution": 0.03548027216367041, "mu": 0.010480098517795453}