{"stiffness": 3029.284291415514, "damping": 47.80923329318417, "mu_tangent": 0.2176691033150969, "blend": 0.9448739343059673}