{"stiffness": 838.2873120176599, "damping": 68.83224443024311, "mu_tangent": 0.21239525364764525}