{"stiffness": 2391.9974714023765, "damping": 57.02018129301789, "mu_tangent": 0.19504472744415038}