{"stiffness": 3412.8688049957987, "damping": 44.72862936258504, "mu_tangent": 0.2183137357107668}