{"stiffness": 2039.8664569828659, "damping": 50.93367534578832, "mu_tangent": 0.24264040680450655}