{"stiffness": 999.8544518028632, "damping": 100.92276870510213, "mu_tangent": 0.21255709346530774}