{"stiffness": 2802.514839481322, "damping": 505.26167151602544, "cube_mu_tangent": 0.21238931378434717, "table_mu_tangent": 0.17976396528645677, "mu_torsion": 0.6401774213610596, "mu_rolling": 2.687638610648552e-06}