{"stiffness": 2853.6479143768306, "damping": 75.98814464811166, "mu_tangent": 0.22724522267480415}