{"stiffness": 2187.859614347916, "damping": 132.96996181011465, "mu_tangent": 0.2527044228331421}