{"stiffness": 3294.162195453933, "damping": 45.1052410182306, "mu_tangent": 0.2180675752744882}