{"stiffness": 2653.967040471173, "damping": 62.43595300662445, "mu_tangent": 0.22008831546219382}