{"stiffness": 1587.3212526036968, "damping": 65.38675419464951, "mu_tangent": 0.21744061684714616}