{"stiffness": 3672.284012189867, "damping": 48.86270478225905, "mu_tangent": 0.21862136380055044}