{"stiffness": 11852.962237329779, "damping": 69.63011646770603, "mu_tangent": 0.23130117254304866, "blend": 0.8028147152796099}