{"stiffness": 2625.318613334143, "damping": 75.04332907262783, "mu_tangent": 0.2269754388119886}