{"stiffness": 31712.399736894986, "damping": 93.28533117943178, "mu_tangent": 0.23975064989950115, "blend": 0.8682671538284205}