{"stiffness": 2483.0245685774366, "damping": 74.10918072299995, "mu_tangent": 0.22666060755235312}