{"stiffness": 1484.9105816309009, "damping": 61.454692918452764, "cube_mu_tangent": 0.2341311476244562, "table_mu_tangent": 0.2402825606843825, "mu_torsion": 0.49622761163917206, "mu_rolling": 4.27483482073185e-05}