{"stiffness": 207.56104817083536, "damping": 36.361247360420705, "cube_mu_tangent": 0.26672009244303796, "table_mu_tangent": 0.045507570875614994, "mu_torsion": 0.669185025088773, "mu_rolling": 0.00032810906408186247}