{"stiffness": 8125.1734078778045, "damping": 100.40697764326391, "cube_mu_tangent": 0.24978338859610377, "table_mu_tangent": 0.09809651755915047, "mu_torsion": 0.4308349073214517, "mu_rolling": 3.718605775141989e-06}