{"stiffness": 2462.4941103519955, "damping": 86.21414307907048, "mu_tangent": 0.23133846632196436}