{"stiffness": 3137.981653894072, "damping": 63.263587552647564, "mu_tangent": 0.21965937369971147}