{"stiffness": 2009.4106954189817, "damping": 31.4617917556416, "mu_tangent": 0.2293559030478596}