{"stiffness": 6549.4680807280565, "damping": 78.65590336625432, "cube_mu_tangent": 0.2413577981196214, "table_mu_tangent": 0.22090015171115215, "mu_torsion": 0.11444250066610624, "mu_rolling": 4.115863123129897e-05}