{"stiffness": 1189.6511004575964, "damping": 86.211749991586, "mu_tangent": 0.2236470961132926}