{"stiffness": 341.30857756069537, "damping": 47.53580685362248, "cube_mu_tangent": 0.16948905192199365, "table_mu_tangent": 0.24062471125230211, "mu_torsion": 0.3420225655910976, "mu_rolling": 0.08584622897178748}