{"stiffness": 4012.5338923125723, "damping": 66.25064315418065, "mu_tangent": 0.23107031519520668}