{"stiffness": 2533.087253143033, "damping": 62.76011580674437, "mu_tangent": 0.21976654063170517}