{"stiffness": 2880.521697269554, "damping": 62.20529324629681, "mu_tangent": 0.21946357587608234}