{"stiffness": 3138.759309370429, "damping": 62.95249261047658, "mu_tangent": 0.21954972653830973}