{"stiffness": 1864.0757341799444, "damping": 69.41576684400017, "cube_mu_tangent": 0.24129855167919767, "table_mu_tangent": 0.10570079581054014, "mu_torsion": 0.6314678019166617, "mu_rolling": 0.000883617098950194}