{"stiffness": 6603.413808399486, "damping": 114.53993064942945, "cube_mu_tangent": 0.18549610817185563, "table_mu_tangent": 0.20383627222555323, "mu_torsion": 0.6642084320600702, "mu_rolling": 0.0019375233071060498}