{"stiffness": 2541.097369533636, "damping": 67.74699746596407, "mu_tangent": 0.21971227701285792}