{"stiffness": 5020.9037203059515, "damping": 97.04802603072322, "mu_tangent": 0.22948600417274775}