{"stiffness": 2034.8488748156112, "damping": 250.11404302975367, "mu_tangent": 0.20606188880839338}