{"stiffness": 10.0, "damping": 35.08502483075259, "cube_mu_tangent": 0.35109689881978123, "table_mu_tangent": 0.0001, "mu_torsion": 0.2473442566349599, "mu_rolling": 1e-06}