{"stiffness": 901.194175315557, "damping": 77.77768386689242, "mu_tangent": 0.22970366122615024}