{"stiffness": 3046.352236040908, "damping": 47.90678738095927, "mu_tangent": 0.21765717529831968}