{"stiffness": 1494.6875859171319, "damping": 53.556132479359704, "cube_mu_tangent": 0.22999489018423003, "table_mu_tangent": 0.1244424114626146, "mu_torsion": 0.7046317478230709, "mu_rolling": 0.00011885759984484662}