{"stiffness": 1133.5615554964725, "damping": 85.8557409793991, "mu_tangent": 0.2234834670723898}