{"stiffness": 2530.4512846407883, "damping": 62.69867166836154, "mu_tangent": 0.21977614740684132}