{"stiffness": 1723.8500550701813, "damping": 358.70247815183234, "mu_tangent": 0.22403159296526237}