{"stiffness": 3782.0697823004894, "damping": 142.07256271631437, "mu_tangent": 0.23303865848056723}