{"stiffness": 3072.4914747214534, "damping": 74.61195212787521, "mu_tangent": 0.22739721671674457}