{"stiffness": 248.48803896351237, "damping": 40.46177030634871, "cube_mu_tangent": 0.026510242415791415, "table_mu_tangent": 0.181218373769445, "mu_torsion": 0.7707885105896221, "mu_rolling": 3.533895645725057e-05}