{"stiffness": 3851.911388249514, "damping": 63.19506520795675, "mu_tangent": 0.23073491268082835}