{"stiffness": 3694.761904901934, "damping": 304.7048953590695, "mu_tangent": 0.25709299787937423}