{"stiffness": 159.9479334615145, "damping": 174.27677401134804, "mu_tangent": 0.22019938360264435}