{"stiffness": 2105.1058443323745, "damping": 85.24555531111618, "mu_tangent": 0.23081664962435122}