{"stiffness": 2000.063017853387, "damping": 36.0200929617759, "cube_mu_tangent": 0.1731416942533466, "table_mu_tangent": 0.9996390095188616, "mu_torsion": 0.14738734874322432, "mu_rolling": 0.011226271251406551}