{"stiffness": 7496.063063755024, "damping": 98.15578310210053, "cube_mu_tangent": 0.14061152614932573, "table_mu_tangent": 0.22945775104062519, "mu_torsion": 0.570112944672714, "mu_rolling": 6.345097238749841e-05}