{"stiffness": 8670.663891848151, "damping": 58.77977704369966, "mu_tangent": 0.22719559732442357}