{"stiffness": 7145.510233572792, "damping": 306.1391833635256, "cube_mu_tangent": 0.21998600572696284, "table_mu_tangent": 0.22412067199503272, "mu_torsion": 0.1964411383339564, "mu_rolling": 1.7416492789521673e-05}