{"stiffness": 2703.4914566010034, "damping": 75.00641838503807, "mu_tangent": 0.227096264031783}