{"stiffness": 1971.6413915178655, "damping": 60.28597360916191, "mu_tangent": 0.2187791483984844}