{"stiffness": 2229.933244508517, "damping": 55.24770241995385, "mu_tangent": 0.22552365386836729}