{"stiffness": 9970.135328780958, "damping": 59.88326525728755, "mu_tangent": 0.26373246037300974}