{"stiffness": 1332.9201436504973, "damping": 74.07197060055334, "cube_mu_tangent": 0.2621235100763855, "table_mu_tangent": 0.2405481602647388, "mu_torsion": 0.21828052239427395, "mu_rolling": 4.049944122191734e-06}