{"stiffness": 2897.3182715154603, "damping": 62.336223381925215, "mu_tangent": 0.21930243116464773}