{"stiffness": 1689.1412569952151, "damping": 85.88264328187215, "mu_tangent": 0.2303672842366916}