{"stiffness": 2163.814631519525, "damping": 73.09854006391255, "mu_tangent": 0.22644514903957136}