{"stiffness": 12819.56811160012, "damping": 72.40253744179208, "mu_tangent": 0.22940937055527472, "blend": 0.801329834953453}