{"stiffness": 1196.3210778851233, "damping": 331.27511187692556, "mu_tangent": 0.24816264616927125}