{"stiffness": 4673.562172636605, "damping": 97.58665173572369, "cube_mu_tangent": 0.11623597853671752, "table_mu_tangent": 0.24852640734466483, "mu_torsion": 0.6742997509502291, "mu_rolling": 8.243718708714054e-05}