{"stiffness": 27352.263265768903, "damping": 85.36099233646817, "mu_tangent": 0.23897468255115772, "blend": 0.8063241134686188}