{"stiffness": 1474.9871679145394, "damping": 663.4517813328104, "mu_tangent": 0.23474171288698897}