{"stiffness": 2809.2682209464224, "damping": 218.2887230682224, "mu_tangent": 0.2275571156398515}