{"stiffness": 1150.9545892545657, "damping": 69.06142266314733, "mu_tangent": 0.21559514380098888}