{"stiffness": 6442.273243377568, "damping": 215.21470249833158, "mu_tangent": 0.20315586717047954}