{"stiffness": 1067.1036085994308, "damping": 43.025417302306344, "cube_mu_tangent": 0.13426905241948692, "table_mu_tangent": 0.25959379568739144, "mu_torsion": 0.42856044894644696, "mu_rolling": 0.013852563673787552}