{"stiffness": 686.8688077743604, "damping": 42.57292501863752, "cube_mu_tangent": 0.1077438170479741, "table_mu_tangent": 0.22962630324911698, "mu_torsion": 0.6383127178190288, "mu_rolling": 0.005864463648568491}