{"stiffness": 325.0909640190357, "damping": 56.730228360409, "cube_mu_tangent": 0.0946207671919291, "table_mu_tangent": 0.22827774132398665, "mu_torsion": 0.1365287218875002, "mu_rolling": 4.79881150706804e-06}