{"stiffness": 919.106869704035, "damping": 64.79532467021926, "cube_mu_tangent": 0.19321565643148192, "table_mu_tangent": 0.12754395725072748, "mu_torsion": 0.0757414357594996, "mu_rolling": 0.007677393030430162}