{"stiffness": 2629.7820364191284, "damping": 82.0040742318273, "mu_tangent": 0.22621137232038166}