{"stiffness": 2094.38318327884, "damping": 59.259004380941754, "mu_tangent": 0.21807703342767945}