{"stiffness": 5111.7306206264375, "damping": 573.0089338297428, "mu_tangent": 0.21905272637044992}