{"stiffness": 1204.0096788733672, "damping": 85.60552599987736, "mu_tangent": 0.22367390903065532}