{"stiffness": 2199.389185408106, "damping": 260.69761967111145, "restitution": 0.15630751419179859, "mu_tangent": 0.38544729143048606, "mu_torsion": 0.4468077106186719, "mu_rolling": 0.00024435039142494243}