{"stiffness": 9122.596693280955, "damping": 253.60326320844476, "restitution": 0.20286657639595912, "mu_tangent": 0.3508387422165799, "mu_torsion": 0.6080736317573033, "mu_rolling": 1.274432969872831e-05}