{"stiffness": 1511.478556037262, "damping": 362.66766281127, "restitution": 0.18564770679831358, "mu_tangent": 0.3914877096697292, "mu_torsion": 0.08539420389361159, "mu_rolling": 1.6774583869393743e-05}