{"stiffness": 3122.1663350359627, "damping": 292.5989360725565, "restitution": 0.1825701413894469, "mu_tangent": 0.3528779077143015, "mu_torsion": 0.14524271842710812, "mu_rolling": 4.572810406885549e-06}