{"stiffness": 3063.3338968481003, "damping": 607.1525999523419, "restitution": 0.10390610346548773, "mu_tangent": 0.4077870811600101, "mu_torsion": 0.31999563146359655, "mu_rolling": 0.0014190861955034756}