{"stiffness": 5751.314412742212, "damping": 137.78319513787358, "restitution": 0.045797495601306554, "mu_tangent": 0.40946230769363196, "mu_torsion": 0.6218391453572687, "mu_rolling": 0.00015711288030424692}