{"stiffness": 2696.036350142652, "damping": 578.7554619224801, "restitution": 0.15499044550385616, "mu_tangent": 0.37340199666737905, "mu_torsion": 0.299487975625305, "mu_rolling": 3.867084967723356e-06}