{"stiffness": 4182.587511786142, "damping": 505.5808201377347, "restitution": 0.06460902626859473, "mu_tangent": 0.4029036789675726, "mu_torsion": 0.314814570347874, "mu_rolling": 5.6310232755851635e-05}