{"stiffness": 1877.333830063742, "damping": 29.274552971051634, "restitution": 0.09133521920925221, "mu_tangent": 0.37639081196908425, "mu_torsion": 0.22864265743640394, "mu_rolling": 0.0010015957068830956}