{"stiffness": 1094.1805226474942, "damping": 177.83530513769645, "restitution": 0.05087704052718354, "mu_tangent": 0.42998159395169794, "mu_torsion": 0.32578615939822847, "mu_rolling": 2.3684494840854377e-06}