{"stiffness": 6703.80554577565, "damping": 675.0670399452663, "restitution": 0.19161315250630787, "mu_tangent": 0.3994740338427002, "mu_torsion": 0.3920469962638011, "mu_rolling": 2.6573065863893676e-05}