{"stiffness": 7891.036904889174, "damping": 309.53976214578347, "restitution": 0.05415621091640384, "mu_tangent": 0.37715035805313024, "mu_torsion": 0.8299419313220522, "mu_rolling": 7.077423656063142e-05}