{"stiffness": 4866.543496485512, "damping": 306.4447135095498, "restitution": 0.11428039658696029, "mu_tangent": 0.3880818554630735, "mu_torsion": 0.33495939738874775, "mu_rolling": 0.0021563910857422463}