{"stiffness": 2040.286491527882, "damping": 482.00845175235537, "restitution": 0.05638318587560798, "mu_tangent": 0.3868340803927402, "mu_torsion": 0.37197006127089055, "mu_rolling": 0.0005082485969474623}