{"stiffness": 7973.0591605677355, "damping": 718.5316474464564, "restitution": 0.04692626485998197, "mu_tangent": 0.3529536339324553, "mu_torsion": 0.2750671598137741, "mu_rolling": 6.649282863301196e-05}