{"stiffness": 3277.9794790093774, "damping": 160.45950527085031, "restitution": 0.05459876338595602, "mu_tangent": 0.46013749834918827, "mu_torsion": 0.40868171541251697, "mu_rolling": 9.712510288432477e-06}