{"stiffness": 1655.0466544361718, "damping": 70.02649390499646, "restitution": 0.2618477425635252, "mu_tangent": 0.3795244507255607, "mu_torsion": 0.3660510168512251, "mu_rolling": 0.002915362391983403}