{"stiffness": 2081.284228258202, "damping": 529.1263607999347, "restitution": 0.2778185322782886, "mu_tangent": 0.3809739972856569, "mu_torsion": 0.4346193304602881, "mu_rolling": 3.195142070448666e-05}