{"stiffness": 9487.549690042759, "damping": 569.4041053385132, "restitution": 0.040603359411451836, "mu_tangent": 0.4152493564713384, "mu_torsion": 0.2198394485216464, "mu_rolling": 0.005985309017207222}