{"stiffness": 9502.074020660999, "damping": 57.46693713933494, "restitution": 0.11919559092609971, "mu_tangent": 0.3656675397206301, "mu_torsion": 1.0, "mu_rolling": 3.102777623891896e-05}