{"stiffness": 7009.310379502616, "damping": 101.88854098979972, "restitution": 0.14686498011465612, "mu_tangent": 0.3539622159511233, "mu_torsion": 0.7324754141175629, "mu_rolling": 0.0035349786485608095}