{"stiffness": 2833.072204595304, "damping": 477.5914046206657, "restitution": 0.1602025874420384, "mu_tangent": 0.343264758361731, "mu_torsion": 0.5178178698818212, "mu_rolling": 3.083615028564881e-06}