{"stiffness": 5611.2199269286, "damping": 867.4548351881491, "restitution": 0.019601599351947527, "mu_tangent": 0.36976001866474917, "mu_torsion": 0.5791440910111689, "mu_rolling": 2.5854812028896795e-05}