{"stiffness": 6873.845679689296, "damping": 434.95879924146504, "restitution": 0.21174687704094883, "mu_tangent": 0.40529203704029937, "mu_torsion": 0.4824669095629252, "mu_rolling": 1.8139084404852672e-05}