{"stiffness": 2587.7854510032034, "damping": 62.02293321930885, "restitution": 0.0683115688022795, "mu_tangent": 0.33103785846751876, "mu_torsion": 0.13621661550471023, "mu_rolling": 2.2237268407077052e-05}