{"stiffness": 4576.636292013617, "damping": 761.0373659859955, "restitution": 0.13352500680533466, "mu_tangent": 0.4038698438355582, "mu_torsion": 0.05562852473643181, "mu_rolling": 5.312799820641064e-06}