{"stiffness": 6339.5474847987725, "damping": 612.7254399865923, "restitution": 0.1130492981910834, "mu_tangent": 0.40651380973919254, "mu_torsion": 0.7666234451708752, "mu_rolling": 3.20773998616994e-06}