{"stiffness": 2151.4514985351025, "damping": 210.67696025054232, "restitution": 0.25998352822321613, "mu_tangent": 0.3924792494049293, "mu_torsion": 0.42997642109432466, "mu_rolling": 1.623979503761109e-05}