{"stiffness": 3534.483235156994, "damping": 352.7713284366545, "restitution": 0.17986350984492835, "mu_tangent": 0.4227149592191258, "mu_torsion": 0.5664671057236093, "mu_rolling": 0.0001542944306598234}