{"mu": 0.09349472701452737, "stiffness": 7725.306185052215, "dissipation": 0.7127417855243323}