{"mu": 0.10067604264077123, "stiffness": 15393.880444551969, "dissipation": 0.7221942330687023}