{"mu": 0.11086595122042331, "stiffness": 6052.905199842338, "dissipation": 0.18450033978771188}