{"mu": 0.08322002977137756, "stiffness": 66219.92035510778, "dissipation": 0.48050421964177936}