{"mu": 0.10722203480078522, "stiffness": 6374.902587337613, "dissipation": 1.4983708266897449, "stiction_tol": 0.0006305414638614188}