{"mu": 0.10840609854576556, "stiffness": 50229.810169266595, "dissipation": 1.1496287396833225}