{"mu": 0.10062088473743715, "stiffness": 10544.649904515516, "dissipation": 0.823031432569823}