{"mu": 0.10318086481953297, "stiffness": 17778.127208758553, "dissipation": 0.509904944473438}