{"mu": 0.09465773175654424, "stiffness": 31026.940789557324, "dissipation": 0.04684812611814415}