{"mu": 0.0970273416101059, "stiffness": 47150.957287562574, "dissipation": 0.02950456065231144}