{"mu": 0.0940385197593322, "stiffness": 81447.98289594217, "dissipation": 1.0059670422505111, "stiction_tol": 0.004886547031996031}