{"mu": 0.0990621701617932, "stiffness": 28739.72748063293, "dissipation": 1.2672662065617453}