{"mu": 0.09871074347804551, "stiffness": 21646.943568053382, "dissipation": 0.7115580092689537}