{"mu": 0.11407033673599858, "stiffness": 22055.911273666356, "dissipation": 0.7685481603197011}