{"mu": 0.10052347714144999, "stiffness": 70449.0121859246, "dissipation": 0.5700131203077718}