{"mu": 0.10259451040374384, "stiffness": 11824.737294226397, "dissipation": 0.11770563972060435}