{"mu": 0.09669117706435093, "stiffness": 18583.89212731894, "dissipation": 0.3419045633929083}