{"mu": 0.11491226864298074, "stiffness": 11754.26095253736, "dissipation": 0.3796205953198291}