{"mu": 0.10521940100723767, "stiffness": 17256.99884009856, "dissipation": 0.45176339051931025}