{"mu": 0.09644920415907064, "stiffness": 41925.49484518219, "dissipation": 1.3673734417719299}