{"mu": 0.13197740724198698, "stiffness": 51108.81485466507, "dissipation": 0.6746891362757588}