{"mu": 0.10047870448030376, "stiffness": 21582.713290810552, "dissipation": 1.097947626564234}