{"mu": 0.10532042686907647, "stiffness": 31442.544077505783, "dissipation": 0.9243801864349376}