{"mu": 0.09931320610095351, "stiffness": 28200.925824790716, "dissipation": 0.14758289857149665}