{"stiffness": 1665.6373432328703, "damping": 275.74875352651935, "mu_tangent": 0.2549598865882554}