{"stiffness": 6744.639616118664, "damping": 95.41256749717151, "cube_mu_tangent": 0.26137699584096574, "table_mu_tangent": 0.07575532544069906, "mu_torsion": 0.7648888536414297, "mu_rolling": 4.4898677287507277e-05}