{"stiffness": 204.5866971125554, "damping": 521.4587666016361, "mu_tangent": 0.2506752212839165}