{"stiffness": 3946.2629284807417, "damping": 283.14743145893846, "mu_tangent": 0.1926860939586162}