{"stiffness": 3740.914772061937, "damping": 60.29151299188555, "cube_mu_tangent": 0.26602492155037405, "table_mu_tangent": 0.25323952053514787, "mu_torsion": 0.37953870883998453, "mu_rolling": 0.00021918313269636352}