{"stiffness": 7291.920718870882, "damping": 594.8846892220483, "mu_tangent": 0.23066090789942947}