{"stiffness": 7244.342981484201, "damping": 245.15987732327838, "mu_tangent": 0.2550987193890134}