{"stiffness": 3873.3978167346686, "damping": 61.02251761357374, "mu_tangent": 0.16909605286375454}