{"stiffness": 8685.876252456346, "damping": 618.8114161828842, "mu_tangent": 0.2380799652602307}