{"stiffness": 3557.900138199817, "damping": 387.52620382124223, "mu_tangent": 0.18816402565669807}