{"stiffness": 1235.3610028507492, "damping": 155.60149453760394, "mu_tangent": 0.22200579023269956}