{"stiffness": 2194.1421076249144, "damping": 359.62501088428775, "mu_tangent": 0.24326492110479656}