{"stiffness": 9383.650342655994, "damping": 111.3650561919741, "cube_mu_tangent": 0.15391140457317182, "table_mu_tangent": 0.2783951796267852, "mu_torsion": 0.5928176260642766, "mu_rolling": 2.4313749338079016e-05}