{"stiffness": 1462.406487194602, "damping": 29.11995495588401, "mu_tangent": 0.2511965144871561}