{"stiffness": 3655.314231316612, "damping": 532.6224680224211, "mu_tangent": 0.21432125555570414}