{"stiffness": 1642.762774014283, "damping": 74.54600911761743, "mu_tangent": 0.20215994193609418}