{"stiffness": 1834.4616972620818, "damping": 67.5816294946574, "mu_tangent": 0.2115505999393216}