{"stiffness": 2971.321063161874, "damping": 90.2647822152908, "mu_tangent": 0.21593152892711545}