{"stiffness": 3535.0298679226808, "damping": 258.66877827586666, "mu_tangent": 0.23047280009011387}