{"stiffness": 1439.3257184430263, "damping": 520.6123034351857, "mu_tangent": 0.2325348699668926}