{"stiffness": 917.1415859366997, "damping": 88.03420057306175, "mu_tangent": 0.2461666711999572}