{"stiffness": 1501.855477583061, "damping": 330.25564309164537, "mu_tangent": 0.22202905366310552}