{"stiffness": 4856.982157633373, "damping": 52.70066898830847, "cube_mu_tangent": 0.24246117601286682, "table_mu_tangent": 0.26273592349978625, "mu_torsion": 0.7054196059366535, "mu_rolling": 0.000356395293330059}