{"stiffness": 3454.330913177992, "damping": 551.0962149350788, "mu_tangent": 0.2059934343901733}