{"stiffness": 1718.5828503245486, "damping": 160.65403246354293, "mu_tangent": 0.14480133348376503}