{"stiffness": 491.6653238274525, "damping": 218.3687701057481, "mu_tangent": 0.24895700658669584}