# https://github.com/mikedh/trimesh

o mug.obj
v -0.01936795 0.01383424 0.01442093
v 0.03092239 -0.02009520 -0.01312383
v 0.03222234 0.01589326 0.03525320
v 0.03447895 0.00616025 0.05278500
v 0.01667726 -0.01093184 0.04865168
v 0.00862555 -0.01441813 0.04745534
v -0.01273037 0.00002208 0.02141537
v 0.00922613 -0.01040293 0.04308711
v -0.00829546 0.01760209 0.02155507
v -0.00047169 -0.00149469 0.02648929
v -0.00146418 0.00011422 0.02450629
v -0.01398651 0.01111590 0.01697782
v 0.01059145 -0.01374792 0.04770916
v 0.00396088 0.00368430 0.02197626
v -0.00489806 0.01756629 0.01973000
v 0.01085513 0.01625800 0.02545736
v 0.04842128 0.00289901 0.05037451
v -0.00189666 -0.02833436 0.05785025
v 0.03852196 0.00075829 0.05219806
v 0.02982138 0.01255318 0.05427127
v 0.02663871 -0.00211153 0.05059413
v 0.00593779 -0.00527727 0.03805539
v 0.01145968 0.00892713 0.03757524
v 0.01028980 0.00962885 0.03006159
v 0.00074500 0.00795423 0.02047096
v 0.00626735 0.01659121 0.02255520
v -0.01842200 -0.00525118 0.02256134
v 0.04901826 0.01250757 0.05423397
v 0.02965649 0.02135818 0.05708249
v 0.04150949 -0.00456811 0.05215901
v 0.00562444 -0.02489072 0.05596794
v 0.01204366 -0.00837012 0.04264862
v 0.01767298 -0.00278472 0.04482932
v 0.00593400 0.01935213 0.02477182
v -0.01111254 -0.01381819 0.03836437
v -0.02435123 -0.00118828 0.01791325
v 0.01480229 0.00563961 0.04259856
v 0.01175606 0.01083413 0.04356553
v -0.00087187 -0.01014455 0.03690253
v 0.02648951 -0.00486619 0.05091285
v 0.00270768 0.01180067 0.02068895
v 0.00565269 -0.01844646 0.05060674
v 0.02067655 0.01163633 0.05198718
v 0.01224851 0.02056788 0.02936650
v -0.01153853 -0.01765804 0.04516983
v 0.02291895 0.00254458 0.04913206
v 0.03990159 -0.02933682 0.05755814
v 0.04154937 0.00623307 0.05230563
v 0.02483254 0.03503930 0.05683976
v -0.00399994 -0.01536611 0.04328223
v 0.01254412 0.00391221 0.03977223
v -0.00904003 -0.01885601 0.04647795
v -0.00852661 0.01071098 0.01835529
v -0.01786483 -0.00603695 0.02447832
v -0.01539293 0.00094114 0.02038151
v -0.01943267 0.00942100 0.01520792
v 0.01096847 0.01824878 0.02313018
v -0.00159053 0.01494237 0.01965652
v 0.02315697 0.01280724 0.05341847
v 0.01083884 0.01639403 0.04942563
v 0.04924984 0.00846191 0.05165457
v -0.00735545 -0.00772097 0.03045863
v 0.04634790 -0.01901358 0.05574355
v 0.01075375 0.01192105 0.03435564
v -0.02063755 0.03140224 0.05336215
v -0.01176436 0.01432395 0.01932776
v 0.00481405 0.00382949 0.02237302
v 0.02462383 -0.01058793 0.05300554
v 0.03412426 -0.00307100 0.05127594
v -0.01099647 -0.02632102 0.05600250
v 0.04972379 -0.01167919 0.05302396
v -0.01302220 -0.01296444 0.03708801
v 0.01796339 0.02976034 0.05724643
v 0.01947351 0.01669418 0.05342198
v 0.00974886 0.02522187 0.05374654
v 0.00390957 0.01774503 0.04617140
v 0.03890067 -0.01714055 0.05525398
v 0.03143010 -0.02248492 0.05616317
v 0.02884555 -0.01867931 0.05529464
v 0.00085530 0.01850206 0.02385272
v 0.02106451 0.03532147 0.05754771
v 0.01620200 0.01765000 0.02326800
v 0.01518781 0.01953277 0.02420936
v 0.00105846 0.03015360 0.05643395
v 0.02521694 -0.03512939 0.05560802
v 0.02736923 -0.00738640 0.05224100
v -0.00956144 -0.00298113 0.02512585
v 0.00641992 -0.02630429 0.05653886
v 0.02451826 -0.02166605 0.05579650
v -0.00320926 -0.00898696 0.03309291
v 0.01536022 0.02961347 0.05698341
v 0.00595136 0.03301801 0.05765003
v 0.02805423 0.02491712 0.05767911
v 0.01327990 0.03741482 0.05761313
v -0.03171190 0.01167475 0.05182476
v 0.01512207 -0.03330298 -0.05706164
v 0.01513739 -0.02973330 -0.05560041
v 0.01699333 -0.02999680 -0.05700466
v 0.02366875 -0.02948968 -0.05183650
v 0.01984579 -0.03500007 -0.05548228
v 0.00498294 -0.03753485 -0.05210031
v 0.00739015 -0.03651004 -0.05429450
v 0.01778581 -0.02879755 -0.05150102
v 0.02074928 -0.03510766 -0.05416436
v 0.01263406 -0.03296382 -0.05369477
v 0.00423095 -0.03995200 -0.04987409
v 0.00479280 -0.02928897 -0.04952019
v 0.01611395 -0.03835331 -0.05005750
v 0.00573744 -0.03382057 -0.05318568
v 0.00898736 -0.03149883 -0.05061169
v 0.02231569 -0.03808597 -0.04885486
v 0.00173663 -0.02825369 -0.04920620
v -0.00624644 -0.03800117 -0.04955543
v 0.02382683 -0.02867663 -0.05012616
v 0.02893774 -0.03098007 -0.04955453
v -0.01006316 -0.03684096 -0.04938029
v -0.01467281 -0.03319794 -0.04924637
v 0.01366482 -0.03912598 -0.04909328
v -0.02354578 -0.01977914 -0.04951762
v -0.01309352 -0.02811544 -0.04975076
v 0.03279061 -0.02622087 -0.04923514
v -0.01643076 -0.02843855 -0.04917899
v 0.02573869 -0.02557833 -0.04895902
v 0.02398565 -0.03272574 -0.04971381
v 0.01384427 -0.02920887 -0.04994858
v -0.00814033 -0.02793775 -0.04971259
v 0.03106461 -0.02395492 -0.04872374
v -0.02971600 -0.00813200 -0.04819500
v 0.00934687 -0.02490424 -0.04822933
v -0.02772266 -0.01157392 -0.04832533
v -0.01379357 0.01075983 -0.04830478
v -0.00569800 -0.02680200 -0.04819500
v 0.04302119 -0.00704333 -0.04835921
v -0.02844137 0.01111033 -0.04781443
v -0.02882850 -0.00833862 -0.04651765
v 0.03084735 -0.01835286 -0.04790925
v -0.02724586 -0.02626554 -0.04827934
v 0.00029231 -0.04573462 -0.04699938
v 0.02250137 -0.02457117 -0.04780941
v 0.02542512 -0.02374036 -0.04793842
v 0.02436234 -0.02259400 -0.04695154
v 0.02318842 -0.02050124 -0.04800765
v 0.00736296 -0.04542988 -0.04788114
v -0.02606578 0.00937332 -0.04890180
v -0.00181711 -0.02473259 -0.04820992
v -0.03512552 -0.00368892 -0.04751794
v -0.00268104 -0.03915279 -0.04959626
v 0.03364426 -0.02856833 -0.04877211
v 0.01537072 -0.04103664 -0.04890097
v 0.00123300 -0.04387700 -0.04855300
v -0.01997827 0.02004999 -0.04823499
v 0.00351593 -0.02162277 -0.04746184
v 0.03731781 -0.00923330 -0.04857782
v 0.02483033 -0.03645310 -0.04874804
v 0.01329121 -0.02683765 -0.04856935
v 0.00992350 -0.03964558 -0.04914115
v -0.01930531 0.01217818 -0.04864374
v 0.03204705 -0.03566601 -0.04810368
v 0.03275892 -0.02298704 -0.04904341
v 0.03702895 -0.02989515 -0.04864081
v -0.02438000 -0.02680200 -0.04877500
v -0.02325078 -0.02454673 -0.04900455
v -0.02249955 -0.02673325 -0.04910646
v -0.01798778 -0.03052964 -0.04728916
v -0.01575290 -0.03317221 -0.04903493
v -0.01947984 -0.02767052 -0.04902603
v -0.02619665 -0.02007750 -0.04888301
v -0.01590983 -0.02262111 -0.04870421
v -0.02058092 -0.02351223 -0.04934741
v 0.03433285 -0.00701330 -0.04859107
v -0.01692517 -0.01406023 -0.04817686
v -0.02697540 -0.01396267 -0.04891262
v -0.02819411 -0.00407811 -0.04821352
v -0.03335186 -0.01157100 -0.04848752
v -0.02593444 -0.00607604 -0.04854998
v 0.02386039 -0.02126817 -0.04834434
v 0.03378842 -0.01281544 -0.04845037
v -0.00907491 -0.02570548 -0.04604925
v 0.04330323 -0.01715423 -0.04814195
v 0.04390765 -0.01159115 -0.04577351
v -0.00608144 -0.02587635 -0.04517376
v -0.00841518 -0.01963438 -0.04677072
v 0.02974930 -0.03685661 -0.04259612
v 0.03304776 -0.01529878 -0.04775294
v -0.01640852 -0.03631794 -0.04827022
v 0.03249309 -0.03583796 -0.04640043
v -0.03201672 0.01060514 -0.04751150
v 0.01581289 0.02149930 -0.04705920
v -0.03266512 -0.02446273 -0.04256285
v 0.02674451 -0.01957536 -0.04596658
v 0.02918786 0.02986228 -0.04742183
v 0.03387283 0.02933640 -0.04743520
v -0.01156662 0.03532061 -0.04728197
v 0.02175127 0.03924430 -0.04757248
v 0.01944168 -0.01397114 -0.04706027
v -0.01397924 -0.01337581 -0.04698843
v -0.00252222 0.02731389 -0.04705532
v 0.00580104 0.02735396 -0.04716600
v -0.00555457 -0.01174341 -0.04722843
v 0.01500908 -0.03671436 -0.04531053
v 0.01045264 -0.00815319 -0.04722945
v -0.00223309 -0.00998013 -0.04643977
v 0.03032293 0.01017506 -0.04667081
v -0.01052641 -0.03822065 -0.04538161
v 0.03168392 -0.00751606 -0.04534337
v 0.00076281 0.02042781 -0.04746744
v -0.01739551 0.02855015 -0.04717472
v -0.00333047 0.02285258 -0.04693329
v -0.00667055 0.02711270 -0.04661210
v 0.03242605 -0.00820392 -0.04802591
v -0.00437592 0.02375003 -0.04720109
v 0.00926899 -0.02818253 -0.04880715
v 0.04295253 0.01246598 -0.04676044
v 0.03310518 0.01685127 -0.04709610
v -0.01612647 -0.01193370 -0.04738443
v -0.02813933 -0.00082240 -0.04722304
v 0.01347757 0.02670898 -0.04698529
v 0.01637195 0.02297822 -0.04676908
v 0.01092220 0.02727472 -0.04747198
v 0.01223646 0.02899341 -0.04726509
v -0.00238942 0.02993027 -0.04668802
v 0.03417630 0.01541316 -0.04673760
v 0.03580233 0.01381100 -0.04694016
v 0.02452859 0.01489413 -0.04729656
v 0.01549288 0.03359022 -0.04680512
v 0.02346100 0.01375100 -0.04712800
v -0.01517522 -0.02538806 -0.04887274
v 0.01302650 -0.02135330 -0.04685447
v 0.02360010 -0.00652295 -0.04714400
v -0.01568648 -0.01937031 -0.04728686
v -0.00431635 -0.02890375 -0.04980878
v -0.00269591 -0.01254101 -0.04756208
v 0.01572368 -0.01153618 -0.04762321
v -0.02439308 0.02484632 -0.04737554
v 0.04108263 -0.02834569 -0.04800840
v -0.02962135 0.00704758 -0.04658722
v -0.03210973 -0.01787892 -0.04820024
v 0.01320777 -0.02584365 -0.04781935
v -0.02906792 0.01810181 -0.04774236
v -0.01490540 0.00727530 -0.04818441
v -0.00656017 -0.02064067 -0.04673927
v 0.00062178 -0.01418776 -0.04776100
v 0.02961576 0.00556767 -0.04742021
v 0.03850908 0.00338284 -0.04697448
v 0.03217666 0.00163743 -0.04678415
v 0.02522834 0.00999206 -0.04719383
v 0.03159365 0.01253675 -0.04687898
v 0.04033978 0.00151178 -0.04754639
v 0.02668275 0.01988874 -0.04768557
v 0.02936644 0.01802276 -0.04758003
v -0.02576877 0.02021617 -0.04833092
v 0.02031813 -0.02412202 -0.04827050
v -0.02836474 0.00046428 -0.04657493
v -0.01037822 0.00400186 -0.04789239
v -0.00537181 0.03702555 -0.04753133
v 0.04203429 0.02008475 -0.04732642
v 0.02068793 -0.02057441 -0.04675838
v -0.01625768 -0.00781340 -0.04746958
v 0.02447059 -0.01020585 -0.04774148
v 0.00484496 0.04001577 -0.04713739
v 0.00965322 0.02986496 -0.04690549
v 0.01752104 -0.03293448 -0.04830491
v -0.00996319 -0.01953992 -0.04744348
v -0.00566750 -0.01710100 -0.04712496
v 0.00116835 -0.01494005 -0.04759907
v 0.01786421 0.01571405 -0.04764159
v -0.00030996 0.01260800 -0.04773382
v 0.02113019 0.01284483 -0.04735590
v 0.00463554 0.01836301 -0.04762530
v -0.00051729 -0.00818631 -0.04751858
v -0.00638022 0.00169683 -0.04769106
v 0.02255186 0.00863771 -0.04734814
v 0.00270651 0.00282536 -0.04778204
v 0.01255350 -0.01009468 -0.04704933
v 0.01612255 -0.00492715 -0.04783434
v 0.02967144 -0.01242261 -0.04761927
v 0.00540055 0.00244589 -0.04780925
v 0.04476750 -0.00602164 -0.04745902
v -0.01620459 0.02019980 -0.04820550
v -0.01315315 0.01462891 -0.04816278
v -0.01227285 -0.00839168 -0.04757659
v 0.00620455 -0.00663064 -0.04771761
v -0.00740238 -0.00880100 -0.04706577
v -0.00723854 -0.00665291 -0.04767186
v 0.00000367 0.00697723 -0.04775879
v 0.00550100 -0.00545800 -0.04783300
v 0.01509895 0.01610865 -0.04774803
v 0.02816839 -0.00289295 -0.04748196
v -0.00687913 0.03277520 -0.04715230
v 0.01044966 0.00261757 -0.04765233
v 0.03397699 -0.00170830 -0.04809473
v 0.01044693 -0.00511502 -0.04814631
v 0.00567673 -0.00222661 -0.04785692
v 0.00918421 -0.01410695 -0.04730431
v -0.01968565 0.02854608 -0.04671978
v 0.01210015 0.00163614 -0.04761922
v -0.00323848 -0.00438878 -0.04779185
v -0.01562855 0.02290525 -0.04797939
v 0.01383729 -0.00724588 -0.04771146
v 0.01343685 0.01835803 -0.04775501
v 0.01339714 -0.01453879 -0.04644288
v -0.00325446 0.01552321 -0.04744797
v -0.00465437 0.01754696 -0.04710611
v -0.00606233 0.02188447 -0.04754600
v 0.01998370 -0.00939719 -0.04694069
v 0.00762551 0.01932721 -0.04758331
v 0.01038853 0.02095685 -0.04755411
v -0.04321446 0.00191338 -0.04080788
v -0.03265212 0.01808873 -0.04599778
v 0.01475506 -0.01072376 -0.04596402
v -0.01157400 -0.01030700 -0.04606100
v 0.03924270 -0.03246995 -0.04557437
v 0.01859267 -0.01546280 -0.04618287
v 0.03456844 0.01160243 -0.04648697
v 0.02364113 -0.03228218 -0.04677003
v -0.01997534 -0.03532212 -0.04575740
v 0.03210577 -0.01755544 -0.04250774
v 0.04547470 0.00322993 -0.04638166
v 0.01928392 -0.04297444 -0.04540974
v 0.02496943 0.03569962 -0.04579616
v 0.02185726 -0.03941622 -0.04716347
v -0.01457102 -0.03750572 -0.04548567
v -0.01077103 -0.02405823 -0.04546944
v 0.02298619 0.03206734 -0.04666433
v -0.03166765 -0.02416626 -0.04683313
v 0.03301170 -0.00576215 -0.04795592
v 0.03698870 0.01124172 -0.04639560
v 0.01531303 0.04031925 -0.04724848
v 0.02237554 -0.00783456 -0.04408295
v 0.04034590 0.02382866 -0.04617846
v 0.00191547 0.03039861 -0.04679806
v -0.02373800 -0.03213800 -0.04606100
v -0.02411644 -0.03003549 -0.04766924
v 0.02306876 0.01105119 -0.04704892
v -0.04055890 0.00621791 -0.04616169
v 0.04208767 -0.02235386 -0.04809202
v -0.01475971 -0.02195485 -0.04636394
v -0.01921877 -0.03048245 -0.04622519
v 0.02829121 -0.00333790 -0.04621974
v -0.01181700 -0.01957619 -0.04729681
v -0.01496049 0.03210160 -0.04709101
v 0.04719440 -0.00332822 -0.04663322
v -0.01420678 -0.01883046 -0.04445016
v 0.02835053 -0.00411384 -0.04686353
v 0.00090119 -0.02218470 -0.04679801
v -0.00339156 -0.01266161 -0.04684558
v -0.00189698 -0.02158965 -0.04623437
v 0.03989718 0.00609059 -0.04694082
v 0.02746600 -0.01841048 -0.04673729
v -0.03704077 0.00687800 -0.04599324
v 0.02421816 -0.01020861 -0.04604381
v 0.02303391 -0.00086506 -0.04693548
v 0.02912324 0.01466040 -0.04701176
v -0.00919293 0.03867529 -0.04700526
v 0.01892052 0.02029678 -0.04683683
v 0.01544545 0.02803434 -0.04706162
v 0.00111716 0.03673887 -0.04644716
v 0.00230000 -0.01719700 -0.04610800
v 0.02882512 -0.01200377 -0.04626689
v 0.02540061 0.03168262 -0.04596042
v -0.00391787 0.04004955 -0.04578121
v 0.00244145 -0.01324919 -0.04709803
v 0.02410954 0.02087159 -0.04522949
v 0.03179434 0.02095943 -0.04712004
v 0.01370648 -0.02887846 -0.04972049
v 0.02876766 0.03265983 -0.04348530
v 0.03244041 0.02998789 -0.04693664
v 0.04285319 0.01571898 -0.04652676
v 0.03648831 0.00332098 -0.04662282
v -0.03651592 0.00354536 -0.04639458
v 0.02336721 0.02035469 -0.04634314
v 0.01971087 0.03005942 -0.04731472
v 0.02433991 0.00041868 -0.04698565
v 0.02897900 0.00094500 -0.04703700
v 0.00301498 0.03166613 -0.04718671
v 0.00562988 -0.01991615 -0.04680542
v 0.00850403 -0.02018815 -0.04692476
v 0.01902476 -0.02052896 -0.04689854
v -0.02275210 -0.03413129 -0.04630635
v -0.03604627 -0.00171861 -0.04570698
v -0.01122774 -0.01040615 -0.04580478
v -0.01794130 -0.03623350 -0.04125004
v -0.03723326 0.00177757 -0.04424211
v 0.02332073 0.00575114 -0.04642491
v 0.04455028 0.00884097 -0.04573990
v 0.01400445 -0.00775987 -0.04687571
v 0.01688900 -0.03986570 -0.04676001
v -0.03417549 -0.01247982 -0.04465263
v 0.03308444 -0.03020994 -0.04452105
v 0.01123985 -0.02863016 -0.04509378
v 0.01937383 0.02569691 -0.04583004
v 0.03770407 -0.03145929 -0.04124987
v 0.02335045 0.00244767 -0.04710352
v 0.03170753 -0.00017028 -0.04357205
v 0.02315469 -0.02514195 -0.04474369
v -0.00132256 -0.02583940 -0.04396992
v 0.02592255 0.02108849 -0.04438202
v 0.01981009 0.03568801 -0.04501694
v 0.01411411 -0.03581047 -0.04387257
v -0.01576672 0.03300827 -0.04443814
v -0.03133324 -0.02516489 -0.04509219
v 0.03671780 0.00459286 -0.04496127
v 0.00066930 0.03951252 -0.04613197
v 0.01503685 -0.04460462 -0.04657172
v 0.04447106 0.00949595 -0.04466460
v -0.03074565 -0.01041178 -0.04585376
v 0.04923727 -0.00502852 -0.04497936
v -0.03208343 0.01900956 -0.04015917
v -0.02928041 0.01904198 -0.04704615
v -0.03024599 -0.00689111 -0.04764329
v -0.02752336 -0.02328528 -0.04422646
v -0.03477991 -0.00678633 -0.04361961
v -0.00779904 0.03517913 -0.04486448
v 0.03420079 0.01959104 -0.04124141
v -0.00757637 0.03891418 -0.04679600
v 0.01890045 0.04004350 -0.04479736
v 0.00872948 0.02023955 -0.04603135
v -0.04451994 0.00847453 -0.04420824
v 0.01214825 -0.04051307 -0.04514541
v -0.00541991 0.02397664 -0.04665884
v 0.02353036 0.01002706 -0.04385708
v 0.01510109 -0.00692671 -0.04228748
v 0.02044200 0.01481800 -0.04565500
v 0.00383405 0.02693128 -0.04648688
v 0.03897483 0.00940504 -0.04654240
v 0.00185864 -0.04076938 -0.04699991
v -0.02860375 0.01085969 -0.04558627
v 0.01772219 0.04070372 -0.04351476
v -0.02864429 0.01290879 -0.04527748
v 0.02364300 -0.03747400 -0.04554500
v 0.01208589 0.01983461 -0.04586050
v 0.00550157 0.01757989 -0.04454492
v 0.02668580 0.00506071 -0.04646343
v 0.00737357 0.02842777 -0.04570882
v 0.00203488 -0.00887389 -0.04743252
v 0.03538300 0.00948200 -0.04546200
v 0.02826513 -0.01805579 -0.04827877
v -0.00401378 -0.04436275 -0.04636847
v -0.00033086 0.01988501 -0.04528835
v -0.03337656 -0.01611913 -0.04498176
v -0.00377515 -0.02463849 -0.04376078
v 0.03324800 0.02409100 -0.04392600
v 0.00504488 0.02742552 -0.04374683
v 0.00300779 0.02290453 -0.04289161
v -0.03415546 0.01405036 -0.04611773
v 0.03315335 0.02201167 -0.04435313
v 0.01310665 0.04169342 -0.04157732
v -0.00246884 0.02934381 -0.04184910
v 0.03240805 -0.01776018 -0.04521509
v 0.00161541 0.02178195 -0.04299618
v 0.04903357 0.00304860 -0.04441203
v -0.03388804 -0.00997193 -0.04307429
v 0.04255280 -0.02313529 -0.04313829
v -0.02042949 -0.03184008 -0.04443420
v 0.04307356 -0.02006440 -0.03998967
v -0.02405482 0.02731783 -0.04660702
v 0.01298998 0.02164754 -0.04359041
v 0.02346848 0.03906109 -0.04148658
v 0.03478893 0.03020767 -0.04447108
v -0.03548871 -0.00529223 -0.04459988
v 0.00135351 -0.01124061 -0.04406746
v -0.03672380 0.00492891 -0.04384482
v -0.03018079 -0.00720928 -0.04363970
v -0.02830259 -0.01597232 -0.04506716
v -0.02878188 0.00902385 -0.04372550
v -0.03595686 -0.00296044 -0.04158691
v -0.01374278 0.03889664 -0.04597642
v 0.03328164 0.02459857 -0.04400302
v 0.04120429 0.02427342 -0.04337980
v 0.02280442 0.01362966 -0.04406587
v -0.00965597 0.03395864 -0.04369129
v 0.00728972 -0.04200740 -0.04267131
v 0.02147634 0.01552964 -0.04460251
v -0.00524246 -0.04026048 -0.04481319
v 0.03321139 0.01211241 -0.04401504
v 0.02365537 -0.02032159 -0.04447442
v 0.02181518 0.02452982 -0.04633202
v 0.01331219 0.02609547 -0.04547391
v 0.01055893 0.02401781 -0.04389804
v 0.02760907 0.03757662 -0.04519552
v -0.01467808 -0.01404188 -0.04490506
v -0.03185000 -0.01079400 -0.04454400
v -0.01157865 -0.01227204 -0.04416413
v 0.01974740 0.02042109 -0.04445614
v -0.03007412 -0.00293134 -0.04627510
v -0.03547832 -0.00107914 -0.04349718
v -0.03160661 -0.00077361 -0.04570399
v 0.03410131 0.00787322 -0.04392021
v -0.00092430 0.02239419 -0.04516650
v -0.02586335 0.02175881 -0.04618451
v -0.03389550 -0.01767375 -0.04076395
v 0.04594890 0.00775379 -0.04136429
v 0.03141239 0.00256889 -0.04356671
v -0.02538065 -0.02901663 -0.04146657
v 0.01457497 -0.04555714 -0.04173245
v -0.01829377 -0.03340919 -0.04264157
v -0.03034780 -0.01649819 -0.04234424
v -0.02163871 0.02321078 -0.04315141
v -0.00491625 -0.04107208 -0.04224728
v -0.02846436 -0.02169012 -0.04271518
v 0.04942298 -0.00733718 -0.04006563
v 0.02306776 0.00288387 -0.04093329
v 0.02460264 0.03433587 -0.04371355
v -0.00485449 -0.04165309 -0.04384135
v -0.03458282 0.00038041 -0.04209913
v 0.02067677 -0.02585316 -0.04294088
v 0.03603220 -0.03023321 -0.04099995
v 0.01638728 -0.03791828 -0.04106518
v 0.01996690 -0.03904504 -0.04011322
v 0.04319418 0.02079739 -0.03917348
v -0.01145893 0.03482338 -0.04346751
v -0.00744771 0.04013603 -0.04011229
v -0.03330022 0.01146256 -0.04097026
v 0.04815349 -0.00799815 -0.04313407
v 0.00529231 -0.04315203 -0.04326736
v 0.00402405 -0.00912161 -0.04543818
v -0.03101401 -0.00118388 -0.04406853
v 0.03324800 -0.03000400 -0.04314600
v 0.03538300 -0.02893600 -0.04379500
v 0.02290022 -0.03564226 -0.04193118
v 0.02676898 -0.00767915 -0.04275987
v 0.03403035 0.02248529 -0.04265193
v 0.02365324 0.03583120 -0.04268551
v -0.00519947 0.03009562 -0.04223736
v 0.02608512 0.03299672 -0.04187435
v 0.01113229 -0.04522578 -0.04815283
v -0.00698839 0.03226892 -0.04386747
v 0.01994269 -0.04011055 -0.04192032
v 0.01142540 -0.02715593 -0.04314462
v 0.00482978 -0.01826785 -0.04360002
v 0.02244901 -0.01978030 -0.04386145
v 0.02764930 0.01591049 -0.04389915
v 0.00880352 0.04198724 -0.04103772
v 0.00226449 -0.01883625 -0.04357057
v 0.00666609 -0.02692163 -0.04365395
v 0.01404915 -0.02867687 -0.04305430
v 0.01087537 -0.01732586 -0.04379723
v 0.00099333 -0.01280892 -0.04385706
v 0.01630089 -0.01812649 -0.04338713
v -0.02035813 -0.03516413 -0.03958094
v -0.02150314 -0.03142182 -0.04065944
v 0.04095250 0.02600526 -0.03995976
v 0.01136787 -0.00973686 -0.04139831
v -0.04376906 0.00253431 -0.04259857
v -0.02567959 0.02440104 -0.03959630
v 0.04509110 -0.00707354 -0.04134318
v 0.00029000 0.01970482 -0.04107496
v 0.00576349 0.04167965 -0.04153814
v 0.00592143 0.02247351 -0.04205632
v 0.02548202 -0.03682149 -0.04057301
v 0.04509253 -0.00555637 -0.04234451
v -0.04568060 0.00779626 -0.04256082
v 0.00941852 -0.04104486 -0.04126102
v -0.02256448 0.02437825 -0.04214899
v -0.03470983 -0.01383060 -0.04085127
v -0.03177524 -0.01864503 -0.03946335
v 0.00773057 -0.04636397 -0.03949938
v 0.03113791 0.03215308 -0.04179790
v 0.01347258 -0.04600434 -0.03870047
v 0.03516039 0.02156962 -0.04097290
v 0.03404897 -0.02987084 -0.04016980
v -0.03485825 -0.00920237 -0.04156137
v 0.00221792 -0.04626482 -0.04131807
v -0.00232749 -0.04250890 -0.04261036
v 0.02297774 -0.00156880 -0.04050513
v 0.00930286 0.02275470 -0.04271002
v 0.03414773 -0.03525473 -0.04081012
v 0.04528565 -0.01027935 -0.04300397
v 0.02745004 0.01997432 -0.04289312
v 0.03215902 0.01807948 -0.04229315
v 0.01466274 -0.03086679 -0.04280795
v -0.03038087 0.01095619 -0.04178435
v 0.02386174 -0.01023892 -0.04241074
v -0.03255029 -0.00788165 -0.04207065
v 0.02995702 -0.01758599 -0.04220849
v 0.03004700 0.03616200 -0.04228500
v -0.02886237 0.00636155 -0.04339600
v 0.03031834 0.02148065 -0.04277792
v 0.02072690 -0.00907522 -0.04157313
v 0.02232175 -0.00569433 -0.04284064
v -0.01363734 -0.03855322 -0.03936114
v 0.03422166 -0.01916874 -0.04163510
v 0.02471605 0.03644543 -0.04118671
v -0.02439320 0.02927519 -0.04013408
v 0.04182850 -0.02794100 -0.04154909
v 0.04396749 -0.01666407 -0.04203872
v 0.01878946 -0.00181423 -0.04035633
v -0.01789098 -0.03155663 -0.04661768
v 0.01292807 0.01987385 -0.04025656
v -0.03923741 0.00330392 -0.04057250
v -0.02944269 0.01262571 -0.03935693
v -0.03278373 0.01772396 -0.03534046
v -0.02975000 -0.01613000 -0.04072500
v 0.04913830 -0.00299307 -0.03926378
v 0.03913251 0.02837365 -0.04131469
v -0.00813569 0.03856226 -0.03896079
v 0.01680872 0.01976369 -0.04187766
v 0.04756669 0.00717975 -0.04055292
v 0.04934127 0.00320305 -0.03710716
v 0.04487318 0.01104018 -0.03975399
v 0.03078870 -0.03228805 -0.04188395
v 0.03212027 -0.03186696 -0.04162357
v -0.01916398 0.02718686 -0.04246821
v 0.01489821 -0.01222318 -0.04153391
v 0.03046499 0.03685156 -0.04075958
v -0.02906744 0.01541261 -0.04298776
v 0.01251388 0.00760083 -0.04157325
v 0.01576622 -0.00806237 -0.04043926
v -0.03712054 0.00377826 -0.04068905
v 0.01923438 -0.00196726 -0.04112170
v -0.01198027 0.01272365 -0.04015074
v -0.01050600 -0.00012200 -0.04106000
v 0.01614999 0.00140709 -0.04141942
v -0.00049613 0.01361548 -0.04179681
v 0.01324892 -0.00182993 -0.04065280
v -0.03532770 -0.01210776 -0.03851446
v 0.00108761 0.04014229 -0.03175043
v -0.01593154 0.03760539 -0.03843315
v -0.01528618 0.04003032 -0.04137059
v 0.04230004 0.02222746 -0.04299655
v -0.02846876 -0.02108094 -0.04339348
v -0.04558880 0.00703632 -0.04058572
v -0.00012898 -0.04151909 -0.04143722
v 0.02900245 0.03272333 -0.03216495
v 0.01275309 -0.03950982 -0.03739943
v 0.00624706 -0.04611740 -0.04189086
v 0.02775245 0.03849145 -0.04042832
v 0.01719855 -0.03900228 -0.04042427
v 0.02361105 0.00397260 -0.03912507
v 0.02617420 0.00183000 -0.03845898
v 0.02300689 -0.00832865 -0.03973775
v 0.04518543 0.00839147 -0.04164055
v 0.03706321 -0.02891849 -0.03970493
v -0.03283966 -0.01259486 -0.03878726
v 0.01314079 -0.04164509 -0.03951523
v -0.04604630 0.00209968 -0.04042290
v 0.04283341 -0.02303837 -0.03905356
v -0.03822129 -0.00780559 -0.03944794
v -0.04283211 -0.00774179 -0.03871029
v -0.04145500 -0.00118900 -0.03980000
v 0.02771853 -0.02218693 -0.03847703
v -0.03439201 0.00758488 -0.04133119
v -0.04712260 -0.00575859 -0.03850426
v -0.04440551 0.00299991 -0.03659160
v 0.04515240 -0.00891199 -0.03977422
v -0.02036090 0.02138108 -0.03196197
v 0.04518519 0.00985982 -0.03887099
v 0.04203630 -0.02735163 -0.03870842
v -0.00182083 -0.04233651 -0.03808979
v -0.03502744 -0.00974993 -0.03933986
v 0.00362226 0.04138770 -0.04028875
v 0.04905997 0.00131382 -0.03813497
v 0.01898590 -0.00961794 -0.03977152
v 0.03916920 0.02839339 -0.03876253
v 0.02204164 0.00100522 -0.03937452
v 0.02231989 0.03970477 -0.03934368
v -0.02520686 -0.02902201 -0.03493638
v -0.03305586 0.01245715 -0.03879395
v -0.03085306 0.01574953 -0.04021979
v -0.02758846 0.01893864 -0.03261129
v -0.02752259 -0.02689907 -0.04157220
v -0.02841095 -0.02230839 -0.04014196
v 0.01370202 -0.00691205 -0.03825229
v -0.02529363 0.02408278 -0.03650881
v -0.02039209 0.02813097 -0.03923442
v 0.01405894 -0.00029279 -0.03554260
v 0.00467107 0.01891019 -0.03989808
v -0.02427550 -0.03125652 -0.03935398
v 0.03932932 -0.01892616 -0.04004417
v -0.00319573 -0.04508768 -0.04023359
v -0.01605225 0.03195152 -0.03857513
v -0.01777371 0.03051731 -0.04103797
v -0.03588725 0.00959301 -0.04086529
v 0.03053127 0.03760566 -0.03902561
v -0.01159507 0.04099062 -0.04044843
v 0.03430727 0.03128127 -0.03420242
v 0.03750313 0.02014584 -0.04219642
v 0.01755286 0.02088206 -0.03856147
v 0.00157434 -0.04172208 -0.03835783
v 0.01444575 -0.04205920 -0.03856858
v 0.01101656 -0.04024945 -0.04074251
v 0.03201031 0.03016194 -0.04034736
v 0.02234503 -0.00919574 -0.03987685
v 0.02850206 -0.01319894 -0.03714619
v 0.01197976 0.01854845 -0.03960400
v 0.03590351 0.01439502 -0.03673054
v -0.05443910 -0.00052264 -0.03935389
v -0.04752158 0.00790477 -0.03876959
v -0.01579343 -0.00271587 -0.04032649
v -0.02272406 0.00430761 -0.03871582
v -0.02338413 0.01500269 -0.03497849
v 0.02133721 0.00868562 -0.03914148
v 0.02548716 0.02028762 -0.03862041
v -0.00745244 0.02730199 -0.03485486
v 0.01317744 -0.00759874 -0.03928422
v 0.01647207 0.02044343 -0.03768130
v -0.02962249 -0.01615705 -0.03933735
v 0.03247200 -0.03533900 -0.03752300
v -0.02206855 -0.03144063 -0.03634001
v 0.03240404 -0.03527465 -0.03515538
v 0.00296216 -0.04377596 -0.03948425
v -0.01705310 -0.03648450 -0.03841090
v 0.03038139 -0.03241230 -0.03542416
v 0.01325003 0.03822271 -0.03730358
v -0.01875592 -0.03047103 -0.03597159
v 0.03310612 -0.02956853 -0.03334605
v -0.01453928 0.04077226 -0.03960589
v 0.00329790 -0.04655262 -0.03560687
v 0.01438285 -0.00834084 -0.03606355
v 0.02633101 0.03019118 -0.03525303
v -0.02121850 0.03019332 -0.03656511
v -0.05570275 0.00709078 -0.03139618
v 0.03733521 0.02970961 -0.03650904
v -0.03426922 -0.01710486 -0.03386517
v -0.01273570 0.03947949 -0.03368057
v -0.03489245 -0.01046801 -0.03663525
v -0.05485841 0.00333408 -0.03916487
v -0.06302196 0.00247557 -0.03113724
v -0.01522896 0.03210024 -0.03603993
v 0.02285383 -0.00242744 -0.03950440
v -0.03069088 0.01069145 -0.02492014
v -0.03633874 0.00973125 -0.03640113
v 0.01943795 0.03997363 -0.03730945
v -0.01270126 0.03411449 -0.04277666
v 0.00912318 0.01975877 -0.03774171
v -0.02976637 -0.01330038 -0.04009079
v -0.01811908 -0.03322635 -0.03905089
v -0.05669586 0.00029521 -0.03903832
v 0.01271561 0.02026616 -0.03809024
v -0.05310179 0.00727128 -0.03798696
v 0.01583484 0.03704672 -0.03855531
v 0.01955795 0.03716754 -0.03776184
v 0.03081546 0.03709169 -0.03718143
v -0.03289126 -0.01317030 -0.03565729
v 0.04417324 -0.00925437 -0.03627349
v 0.01107619 0.01175824 -0.03407429
v 0.04434320 -0.00591248 -0.03631360
v 0.01785485 0.03741477 -0.03745235
v -0.05059935 0.00164769 -0.03859773
v 0.04370471 0.00954335 -0.03265324
v 0.04513481 -0.00070494 -0.03632339
v 0.03285308 0.03000663 -0.04018496
v 0.01810478 0.01266000 -0.03278703
v 0.01473016 0.04050968 -0.03424136
v 0.03341437 -0.02819250 -0.03376475
v -0.04517401 -0.00763187 -0.03517304
v 0.03464544 -0.02967324 -0.03182579
v -0.04029029 -0.00826137 -0.03422267
v 0.04324304 -0.01914952 -0.03478591
v 0.04328196 0.01738468 -0.03677554
v 0.02887014 -0.03415225 -0.03933410
v 0.02294543 0.03888717 -0.03600649
v 0.00948115 0.01232235 -0.03599210
v 0.02964361 -0.03368707 -0.03384391
v 0.03921171 0.02015452 -0.03710866
v 0.02367378 0.03640329 -0.03607668
v -0.00515355 -0.04289293 -0.03778788
v 0.04423839 -0.01652208 -0.03911889
v -0.03715467 0.00573687 -0.03721554
v -0.05950806 0.00112060 -0.03718787
v 0.03277342 -0.02638043 -0.03952339
v -0.02682312 -0.02326794 -0.03635068
v 0.00419436 -0.04640756 -0.03131273
v 0.01445376 -0.04424984 -0.03800640
v 0.01925746 0.02643565 -0.03677282
v 0.00388961 0.02182146 -0.03552321
v 0.03687305 -0.02540987 -0.03962291
v 0.00606933 -0.04151770 -0.03889383
v 0.00747301 0.01477758 -0.03784800
v 0.04495556 -0.01289293 -0.04071325
v -0.00580757 -0.04183070 -0.03821117
v -0.04206215 0.00414811 -0.03732122
v 0.03234886 -0.02679832 -0.03912920
v 0.00888604 -0.01156439 -0.03770188
v -0.01342621 -0.01509637 -0.03746132
v -0.00618008 -0.02624966 -0.03627424
v 0.02785159 -0.01671525 -0.03715963
v 0.00345099 -0.01186641 -0.03791529
v 0.01723579 0.00080546 -0.03724277
v 0.01606318 0.01697260 -0.03581192
v -0.02871968 0.01165556 -0.03628091
v -0.03855535 0.00902968 -0.03922929
v -0.05240558 -0.00617684 -0.03832216
v 0.04264271 -0.02152310 -0.03642735
v -0.00568113 0.01024179 -0.03251541
v 0.04095085 0.01481797 -0.03285565
v 0.02544560 -0.03676783 -0.03589863
v -0.02548440 -0.02759843 -0.03031489
v 0.00936269 -0.04226079 -0.03624601
v 0.03218943 0.02474552 -0.03499597
v -0.00580206 0.04077925 -0.03948080
v 0.02298673 -0.00663800 -0.03288462
v -0.03065470 -0.01026819 -0.04046220
v -0.00813974 -0.03935411 -0.03429690
v -0.05245174 0.00329220 -0.03404634
v 0.02450554 0.03871669 -0.03749673
v -0.04519748 0.00938073 -0.03053676
v -0.03090406 -0.01557479 -0.03342555
v 0.02596304 0.03741921 -0.03161631
v 0.00943037 0.04141375 -0.03793562
v 0.02338329 0.02815383 -0.03670794
v -0.02451399 0.02909505 -0.03745948
v -0.01724682 0.02975746 -0.03700466
v -0.01268886 0.00624248 -0.03595769
v -0.00425619 0.03980358 -0.03077200
v -0.06512671 -0.00041826 -0.03667659
v -0.06530945 -0.00405605 -0.03508750
v -0.05317998 0.00201170 -0.03636886
v 0.03104612 -0.03661939 -0.03568281
v -0.01702839 0.00018539 -0.03528516
v 0.03955168 0.02005652 -0.03984829
v -0.00706083 0.00131938 -0.03595821
v -0.00728918 0.00697925 -0.03638627
v -0.00061355 0.00558071 -0.03560422
v 0.00128846 0.00724032 -0.03572922
v 0.00510277 0.01160862 -0.03539418
v -0.00467968 0.00409027 -0.03606086
v 0.01403372 -0.03926093 -0.03602154
v -0.01678234 -0.03710853 -0.03487272
v -0.01671796 -0.03437613 -0.03467653
v 0.01301316 0.02223641 -0.03280024
v -0.04764702 0.00412953 -0.03427035
v -0.02299506 -0.02982738 -0.03215032
v 0.01498582 -0.03856020 -0.03159509
v -0.01243641 -0.03841334 -0.03371496
v 0.00418334 0.01606379 -0.03347411
v 0.01217833 -0.04449767 -0.03049837
v 0.03998397 0.01822097 -0.03515285
v -0.06363418 -0.00572912 -0.03664484
v -0.06081747 -0.00687126 -0.03515234
v -0.01101308 0.03215762 -0.03626324
v -0.02870952 -0.01814118 -0.03440365
v -0.05592696 0.00108959 -0.03028530
v 0.02049725 0.03535240 -0.03596076
v 0.03351506 -0.02137959 -0.03954874
v -0.03516640 -0.01453408 -0.02973441
v 0.03292999 -0.01846435 -0.03490811
v 0.04338031 -0.01634437 -0.03081087
v 0.02909034 -0.03387655 -0.03267201
v -0.01874662 0.02999716 -0.03615577
v -0.03143992 -0.00918477 -0.03115333
v -0.01714700 0.03032138 -0.03437954
v 0.00367587 0.01145427 -0.03325894
v -0.02470098 -0.02893905 -0.03338859
v -0.00480059 0.00236716 -0.03249567
v -0.01959577 -0.03324495 -0.03482712
v 0.01805081 0.02039453 -0.03456529
v -0.02313127 -0.01022149 -0.03481599
v 0.00229089 0.00416976 -0.03388594
v 0.00831719 -0.04213541 -0.03425515
v 0.02368139 -0.03442303 -0.03465056
v 0.04344832 -0.01334985 -0.03017489
v 0.01391453 0.03108922 -0.03010896
v 0.02791200 -0.03000400 -0.03464300
v 0.03094203 -0.03276528 -0.03689670
v 0.01036751 0.03695639 -0.03520263
v -0.02276632 0.00729446 -0.03631522
v 0.03374528 -0.01802069 -0.03358835
v -0.01439598 -0.02927382 -0.03061461
v 0.02844562 -0.02753978 -0.03631770
v 0.04189828 -0.01446281 -0.03251395
v 0.01355113 -0.03316605 -0.03512682
v 0.01697583 -0.03101368 -0.03529512
v -0.00023327 0.02368847 -0.03780215
v -0.00109805 -0.04532524 -0.03195730
v -0.02309813 0.03003555 -0.02861659
v 0.03552350 -0.01796012 -0.03108747
v 0.02243225 0.00159718 -0.03305427
v -0.03503449 -0.01198865 -0.03236883
v 0.00526667 -0.04167626 -0.03058538
v 0.03410016 0.02063329 -0.03265465
v 0.01347097 0.03594570 -0.03353484
v -0.02771522 0.01128642 -0.03277112
v 0.00541752 0.02299625 -0.03324031
v 0.02137704 0.03388315 -0.03273500
v 0.00745111 -0.03915276 -0.03411986
v -0.02700145 -0.00887907 -0.03166990
v 0.04066914 -0.02012118 -0.03462999
v -0.02607395 -0.02064564 -0.03015674
v -0.00235878 -0.04197254 -0.03729455
v 0.02246731 -0.03369490 -0.03156978
v 0.02295868 0.03314377 -0.03286906
v -0.03984398 -0.00831530 -0.02891569
v 0.00617363 -0.03856200 -0.03081743
v 0.02758441 0.03637793 -0.03177576
v 0.04187083 0.02239478 -0.03473658
v 0.00942481 0.03991907 -0.03229848
v -0.03040568 0.01914292 -0.03297747
v -0.02126293 -0.03224880 -0.03355886
v -0.01609265 0.03091541 -0.03007162
v -0.02829179 -0.01756096 -0.03537572
v 0.00434208 0.00856019 -0.03241796
v -0.00987968 -0.00642206 -0.03176073
v -0.06462706 -0.00597491 -0.03476696
v -0.02692140 -0.01185924 -0.03434715
v -0.02192482 -0.01624417 -0.03432749
v -0.00834701 -0.00214579 -0.03430702
v 0.04096543 -0.01926550 -0.03213493
v 0.01283827 0.04102049 -0.03613101
v -0.00897670 0.00882699 -0.03515020
v 0.03076325 0.03420354 -0.03184316
v 0.01433734 -0.00048247 -0.03247676
v 0.02572510 -0.03309340 -0.03377321
v -0.05601842 0.00682320 -0.03028022
v 0.01937500 0.00038200 -0.03218700
v 0.02049197 0.01164898 -0.03134226
v -0.01888033 -0.00246057 -0.03206192
v -0.03588276 -0.00982351 -0.03363551
v -0.01602190 0.00693641 -0.03245859
v -0.02851897 0.01981807 -0.03573156
v 0.03423674 0.01880153 -0.03108126
v 0.02296779 0.00086136 -0.03208992
v 0.02544737 0.03387920 -0.03454765
v 0.01145507 -0.03873449 -0.03215039
v 0.04110735 0.01349091 -0.03152827
v 0.01168710 -0.04436948 -0.02815420
v -0.00069654 0.00695489 -0.03205434
v -0.00389561 0.01286982 -0.03203772
v 0.03323699 -0.03057058 -0.03169695
v 0.02248405 -0.00851724 -0.03277842
v -0.00477514 -0.04071869 -0.03268276
v -0.00143424 -0.03857485 -0.02978114
v 0.04133321 -0.00104514 -0.03165701
v -0.02562038 0.01440847 -0.03102633
v -0.00525928 -0.03345240 -0.03348086
v -0.01373822 0.02456463 -0.03285643
v -0.05341962 -0.00708578 -0.03446368
v -0.02567638 -0.00833715 -0.03243128
v 0.02019982 -0.00561413 -0.03181072
v 0.00940485 0.01533074 -0.03371294
v 0.00442915 0.01873415 -0.03269741
v -0.01912732 0.00042789 -0.03236114
v -0.01293238 0.00843095 -0.03486576
v -0.01473004 0.02142883 -0.03436059
v 0.00188079 -0.03628717 -0.03364720
v -0.02287978 -0.01780337 -0.03338830
v -0.03005301 -0.01815446 -0.03261311
v -0.01692624 -0.03609800 -0.03210488
v -0.03521748 -0.01299887 -0.03090184
v 0.03240893 -0.02989781 -0.03182195
v 0.00745607 -0.04589924 -0.03072732
v 0.00133377 -0.02222590 -0.03065380
v -0.00376228 -0.00949072 -0.03157151
v -0.06444786 -0.00862808 -0.02656019
v -0.01327303 0.01603493 -0.03073834
v -0.01171911 -0.01481692 -0.03101040
v -0.02621840 0.00947352 -0.03138053
v 0.02324259 -0.00272663 -0.03154677
v 0.00048821 0.00232734 -0.03145121
v -0.00300663 0.00065002 -0.03106410
v -0.01477500 -0.03806400 -0.03112000
v 0.01852616 -0.03854335 -0.02622192
v -0.01700616 -0.02746302 -0.02946323
v -0.06615877 -0.00799045 -0.02905396
v -0.00629038 -0.02649955 -0.03067394
v 0.00658585 -0.01020563 -0.03122262
v -0.00674919 -0.03456422 -0.03063336
v -0.02741000 0.00734800 -0.03112000
v 0.01640506 0.00454709 -0.03146552
v 0.03983081 -0.02033341 -0.02886711
v -0.03183355 -0.01459134 -0.03036367
v 0.00184460 -0.04616935 -0.02908563
v -0.01942914 0.00254601 -0.03103592
v 0.03078582 0.00685710 -0.02938385
v 0.00257758 0.03937579 -0.03013019
v 0.01124455 0.01927579 -0.03099740
v -0.06898831 -0.00734498 -0.02647181
v 0.03954737 -0.02823510 -0.03240797
v -0.04928699 0.00877832 -0.02986703
v 0.00842392 -0.03744661 -0.03116549
v 0.04269706 -0.02190313 -0.03194639
v 0.02611783 -0.03526925 -0.03105839
v 0.03506356 0.02968127 -0.03080601
v -0.04427851 0.00976510 -0.02865156
v 0.04473963 0.00254253 -0.03384067
v -0.00674317 0.03919044 -0.03013236
v -0.01595869 0.03645259 -0.03443655
v 0.00583452 0.03947297 -0.03011379
v 0.00635307 0.03977833 -0.03079309
v 0.00899463 0.03963601 -0.03092598
v 0.01369455 0.04005449 -0.02714520
v 0.01609836 0.03983236 -0.03094355
v 0.04303201 -0.01876747 -0.03136714
v 0.00487578 0.01447475 -0.03172384
v 0.01519615 0.01145465 -0.03116216
v -0.01781886 -0.03450224 -0.03283569
v 0.00965150 0.00799017 -0.03127021
v -0.03563826 -0.01013645 -0.02759178
v -0.04885439 -0.00655028 -0.03682863
v 0.03357512 -0.02086844 -0.03159081
v -0.00888304 -0.01592993 -0.03135211
v -0.00943900 0.02015400 -0.03114600
v -0.00599408 0.00055129 -0.03153890
v -0.02553241 0.02238878 -0.03348296
v 0.01609379 0.03023310 -0.02981083
v -0.00631737 -0.01914462 -0.03138694
v -0.00934280 -0.01850089 -0.03114081
v -0.00742948 0.02087343 -0.03139664
v 0.01000708 0.03765056 -0.03102151
v -0.01498112 0.01131351 -0.03097413
v -0.00376814 -0.01737517 -0.03117940
v 0.00129169 0.03216305 -0.03304298
v 0.01803762 0.02166851 -0.03111215
v -0.01758438 0.00480633 -0.03117897
v -0.01713901 -0.00634304 -0.03166313
v -0.01525396 -0.00697607 -0.03159033
v -0.00741684 0.01460106 -0.03147175
v -0.00613439 0.02455631 -0.03073897
v 0.00068966 -0.01035550 -0.03138688
v -0.00748696 -0.00249400 -0.03304234
v -0.00302355 0.01808205 -0.03152558
v 0.00583002 -0.00032325 -0.03133727
v 0.01346348 -0.00663725 -0.03137348
v -0.00174030 0.01125897 -0.03205701
v 0.01617300 0.00094500 -0.03183400
v 0.01899987 0.00077129 -0.03227076
v 0.01178061 0.00198202 -0.03147539
v 0.00534474 0.00915469 -0.03157407
v 0.00706804 0.01161670 -0.03218532
v -0.02657349 -0.01813274 -0.02922053
v 0.03348485 -0.01977514 -0.03015503
v -0.02592287 0.01155528 -0.03145383
v -0.02533265 0.01224270 -0.03001009
v -0.01020760 0.02888824 -0.03023527
v -0.00325932 -0.04456732 -0.03305877
v 0.01425586 -0.04003838 -0.03342096
v -0.02864900 0.01934500 -0.03005300
v -0.02300736 -0.01976181 -0.03107117
v 0.02193577 0.03845478 -0.02672077
v 0.01654252 -0.02937152 -0.02989995
v 0.02257600 0.02150000 -0.03005300
v 0.00353901 0.03918736 -0.02864016
v 0.03577740 -0.00329475 -0.02879698
v 0.00323962 0.03591564 -0.03058182
v 0.03352634 0.03169288 -0.02944906
v -0.04258828 -0.00816010 -0.03024278
v -0.01585634 -0.01886735 -0.03008057
v 0.02035470 0.02594230 -0.02977671
v -0.01771614 0.01261211 -0.02881347
v 0.04477165 0.00488129 -0.03386597
v 0.04236224 0.01239714 -0.03078459
v 0.03967695 0.00545338 -0.03018679
v 0.02440367 0.01644307 -0.03049877
v -0.01714614 0.01846840 -0.03003063
v 0.02531479 0.02044359 -0.02874811
v -0.01542500 0.02429521 -0.03093230
v -0.00546601 0.03938775 -0.02798989
v -0.01487641 0.03359892 -0.02786132
v -0.01415625 -0.03062144 -0.02682878
v -0.03460088 -0.01291298 -0.03115540
v -0.00059139 -0.01641306 -0.03076122
v 0.04192236 -0.01035621 -0.03096425
v 0.00987835 -0.03028683 -0.02984115
v 0.01529251 -0.03058649 -0.02996556
v -0.02608424 -0.01262299 -0.03138733
v 0.03002176 -0.02385693 -0.03049946
v -0.06005857 0.00086493 -0.02975774
v 0.01321534 -0.02719781 -0.03029187
v -0.00929157 0.02243022 -0.03037275
v -0.02438000 0.00948200 -0.03053000
v 0.02364486 -0.03658621 -0.03152426
v 0.02341857 -0.02804929 -0.03073858
v 0.02688372 -0.03728840 -0.03001984
v 0.02402052 -0.00373460 -0.03102505
v -0.04743879 0.00408482 -0.03045108
v 0.00598267 0.02233526 -0.03073367
v 0.03371840 -0.01846920 -0.03121663
v 0.02601151 -0.02157355 -0.03094222
v 0.01235073 0.03071607 -0.02989924
v 0.03758744 -0.00737772 -0.02952441
v 0.00447092 -0.02355206 -0.03052581
v -0.01636023 0.01588725 -0.03047076
v 0.03538300 -0.01826400 -0.03103000
v -0.02453382 0.00602121 -0.03050011
v -0.00557660 0.02967586 -0.03057151
v 0.00336700 -0.01613000 -0.03040300
v 0.02769476 0.02922775 -0.03056859
v 0.01805920 -0.00891428 -0.03145828
v -0.01816499 -0.01383240 -0.03010115
v 0.01711448 0.01648114 -0.03106686
v 0.03029642 0.02578723 -0.03074472
v 0.04244341 -0.00104144 -0.02969299
v 0.02759684 -0.00742040 -0.03043260
v 0.03100967 0.02962630 -0.03147029
v -0.00274902 0.02323721 -0.03111355
v 0.01130388 -0.01825984 -0.03046946
v 0.02770579 0.00835610 -0.02996897
v -0.00629594 -0.03008616 -0.02947434
v 0.02783143 -0.02045916 -0.03097409
v 0.01828044 -0.03600995 -0.03048986
v 0.02365585 0.03238793 -0.03013256
v -0.00041820 0.03957351 -0.03027585
v 0.00062675 -0.01670205 -0.03052517
v 0.02727705 0.01327665 -0.03038564
v -0.02008228 0.01261741 -0.02985148
v 0.02680594 -0.03026706 -0.03073744
v 0.00499173 -0.03026427 -0.03046530
v 0.00550100 -0.03320500 -0.03054800
v 0.02322066 -0.00858267 -0.03078967
v -0.01669278 0.01201342 -0.03048363
v 0.00105204 0.02975055 -0.02967379
v 0.01697306 -0.03663925 -0.03168663
v 0.01787898 -0.01351596 -0.03098616
v 0.04068015 0.01275996 -0.03089465
v 0.02021922 -0.02274728 -0.03077133
v 0.01968691 -0.00988050 -0.03098758
v 0.01113158 0.01333935 -0.03154963
v -0.00113844 -0.03319399 -0.03024327
v -0.01858589 -0.01018620 -0.02992859
v 0.02360686 0.02911405 -0.03018332
v 0.03482113 -0.00562180 -0.02977608
v 0.02996695 -0.00426045 -0.03038806
v 0.03961293 -0.00521574 -0.03037202
v 0.00746910 -0.01844332 -0.03024981
v 0.02017871 0.01717588 -0.03124935
v -0.00961895 -0.02776300 -0.02951798
v -0.02745874 -0.00535846 -0.03144568
v -0.02589507 -0.00535682 -0.03020453
v 0.03183800 -0.02146600 -0.02898600
v -0.02676115 -0.00708265 -0.02983718
v -0.02341257 0.01186043 -0.02990392
v -0.02671160 0.01319825 -0.02564771
v -0.03346165 -0.01764243 -0.02681217
v -0.02393188 -0.02094508 -0.02478512
v 0.04274370 -0.00732974 -0.02957075
v 0.02370791 0.02234052 -0.02876673
v -0.02647275 0.00887010 -0.02985196
v -0.05506553 -0.00867490 -0.02939585
v -0.00282365 0.03419260 -0.02813122
v 0.02358640 0.03458453 -0.03012555
v 0.02735056 0.01777623 -0.02858239
v 0.02483203 0.03228673 -0.02975703
v -0.00614865 -0.04183496 -0.02954432
v -0.04849132 -0.00560435 -0.02939032
v -0.01802590 -0.02806094 -0.02901711
v -0.02545547 -0.00899477 -0.02616928
v -0.02680831 -0.00891779 -0.02993927
v -0.01763037 0.02985791 -0.03005286
v -0.01695112 0.02986869 -0.02767846
v -0.06574538 0.00133086 -0.02978065
v -0.02303012 -0.01702384 -0.03087206
v -0.05641779 -0.00870988 -0.02994059
v -0.00616231 -0.04397990 -0.02729812
v -0.04579139 0.00109947 -0.02803075
v 0.01159507 -0.02995118 -0.02981989
v -0.01518047 0.03245347 -0.03230300
v 0.00401067 0.03058501 -0.02930789
v -0.00183302 0.03221130 -0.02945139
v 0.00900365 0.02710794 -0.02965124
v 0.01847201 -0.02911096 -0.02979770
v -0.02878748 -0.01679413 -0.03091502
v 0.00768254 0.02814942 -0.02946078
v 0.00402059 0.02338484 -0.03003831
v -0.01791788 -0.01743020 -0.02986175
v 0.03343989 0.01889752 -0.03094251
v -0.01335466 -0.02330911 -0.02981418
v 0.03637075 0.01062375 -0.02955123
v 0.02552632 0.02364156 -0.02997816
v -0.02425668 0.02889231 -0.03304722
v 0.03847832 0.02488987 -0.02593309
v -0.00739260 -0.02889810 -0.02845821
v 0.02763164 0.03187032 -0.03102467
v -0.00771318 0.02880605 -0.02472490
v 0.04119570 -0.00706676 -0.02704115
v -0.02064163 -0.01861321 -0.02764623
v -0.01083052 -0.04058260 -0.02595598
v -0.02616454 0.00500025 -0.02732293
v 0.03052283 0.01057692 -0.02636162
v -0.02351186 -0.02979876 -0.02904422
v -0.01658097 -0.02380335 -0.02801123
v -0.02477324 0.02236508 -0.02886049
v -0.06643585 -0.00779532 -0.02825689
v 0.04061225 0.02210451 -0.02844371
v -0.02651480 0.01082650 -0.02954049
v -0.06636958 0.00129200 -0.02578127
v -0.02870471 0.01941428 -0.02768048
v -0.04783859 -0.00286539 -0.02611524
v 0.03927209 0.02429059 -0.02987155
v -0.00764311 -0.03844480 -0.02469724
v -0.01327141 0.03721718 -0.02806352
v -0.00846959 -0.03511832 -0.02610281
v 0.00118822 0.03849353 -0.02791066
v -0.01578931 -0.03021499 -0.03055381
v -0.00662902 0.03617213 -0.03433810
v -0.03422583 -0.01030991 -0.02660636
v -0.00837897 -0.04152258 -0.02768110
v -0.06706700 -0.00118900 -0.02880500
v -0.02399283 -0.01003160 -0.02701253
v -0.05941526 -0.00718105 -0.03559090
v -0.01679146 -0.01949864 -0.02852137
v -0.05234588 -0.00181499 -0.02836942
v 0.00380719 -0.04205407 -0.02723698
v -0.00685888 -0.04380939 -0.02335524
v 0.00699759 -0.02998047 -0.02747756
v 0.04318097 -0.01694869 -0.02925300
v 0.03091405 -0.03656950 -0.02536709
v -0.01084563 -0.04003315 -0.02905074
v -0.02279539 0.01261479 -0.02680347
v 0.01214029 -0.04547293 -0.02503242
v -0.02484880 -0.01966673 -0.02397209
v 0.01286885 -0.04062868 -0.02467252
v 0.01976451 -0.03835932 -0.02359990
v -0.02748632 -0.01612509 -0.02736284
v -0.05724308 0.00084911 -0.02868592
v -0.02285238 -0.02893969 -0.02459737
v -0.07154422 0.00044407 -0.02747608
v -0.01031449 0.03842204 -0.03033816
v 0.01831203 0.03921761 -0.02329906
v -0.00436103 0.03782246 -0.02849894
v -0.00638341 0.03932248 -0.02703874
v 0.02420165 0.03687382 -0.02308730
v 0.00382171 0.03481241 -0.02932556
v 0.01166384 -0.03047970 -0.02778167
v 0.04219097 0.01224856 -0.02868355
v 0.03690862 0.02753509 -0.02992238
v -0.00327094 0.03129859 -0.02583179
v -0.00930432 -0.04144619 -0.02266303
v 0.02090317 -0.02884789 -0.02664903
v 0.02425435 -0.02876660 -0.02799379
v 0.03145730 0.01401284 -0.02730092
v -0.02671228 0.02062846 -0.02768280
v -0.02600446 0.00115861 -0.02687219
v -0.02618894 0.00794761 -0.02328679
v -0.02226128 0.02996170 -0.02774190
v -0.01728313 0.02904891 -0.02507155
v -0.00714062 0.03090739 -0.02996793
v -0.00285947 0.03887225 -0.02857210
v 0.02779099 0.03545446 -0.02448605
v 0.02973154 -0.02461313 -0.02829353
v -0.04221225 -0.00515559 -0.02533555
v -0.05380034 0.00735989 -0.02783789
v 0.03153099 -0.02253260 -0.02888961
v -0.03774826 -0.00600064 -0.02592885
v 0.02834700 0.01644973 -0.02815047
v 0.02354900 0.02373763 -0.02847736
v -0.01845468 -0.03640179 -0.02848944
v -0.00620692 0.03121548 -0.02505369
v 0.00572757 0.04002547 -0.02200615
v -0.07299001 0.00045688 -0.02374276
v -0.02972003 -0.00857336 -0.02304984
v -0.00587869 0.03741453 -0.03017830
v 0.04273416 0.00494052 -0.02959026
v 0.00628164 0.02865681 -0.02700296
v -0.01739518 0.01651591 -0.02938514
v 0.02772443 0.02139958 -0.02439004
v -0.01349142 -0.03936692 -0.02484095
v -0.01742706 -0.03583436 -0.02518013
v 0.03369094 -0.02994538 -0.02724056
v 0.04019131 -0.02740790 -0.02628023
v 0.03569771 0.02758864 -0.01773243
v -0.01127982 -0.02920282 -0.02488265
v 0.01676831 0.03146992 -0.02466084
v -0.00117452 -0.03073530 -0.02571357
v 0.01792343 0.03067009 -0.02744486
v -0.07311240 -0.00535729 -0.02415883
v 0.04053968 -0.02686444 -0.02446944
v -0.02520652 0.02249998 -0.02474596
v -0.02358340 -0.02940720 -0.02648837
v 0.00365192 -0.03957588 -0.02461820
v 0.03039069 0.00934284 -0.02506438
v 0.04146454 -0.00752264 -0.02467343
v -0.01370042 -0.02956538 -0.02765633
v -0.01359585 0.03704871 -0.02424907
v 0.03986403 -0.00232557 -0.02464845
v -0.02796287 -0.01657631 -0.02567011
v -0.00914181 0.02957541 -0.02527085
v -0.02671606 -0.01491175 -0.02536252
v 0.04057521 0.00043032 -0.02579210
v -0.01785155 0.01864893 -0.02604730
v -0.04572400 -0.00439100 -0.02599100
v 0.04007758 -0.00267839 -0.02525549
v 0.02734135 0.01946510 -0.02881237
v -0.04038800 -0.00545800 -0.02604000
v -0.07304763 -0.00064779 -0.02578576
v 0.01596517 -0.03156345 -0.02648378
v 0.00252956 -0.03215209 -0.02666967
v -0.02079524 -0.03534247 -0.02533198
v -0.04086623 -0.00804850 -0.02402155
v -0.02244159 -0.03471560 -0.02214902
v 0.04439922 -0.00687928 -0.01939128
v -0.02764342 0.01939510 -0.02490132
v -0.01515045 -0.03843432 -0.02635315
v 0.00511176 -0.04660722 -0.02428603
v 0.00417690 0.02580345 -0.02652543
v -0.00317277 -0.04521900 -0.02274205
v -0.02789879 0.01829852 -0.02584783
v -0.01665933 -0.03736108 -0.02486341
v -0.01963622 -0.01198927 -0.02564668
v 0.03637380 0.02770898 -0.02416235
v -0.02669969 -0.02007402 -0.02041428
v 0.03441404 -0.02029904 -0.01845576
v 0.02579819 -0.02601102 -0.02485683
v 0.01287239 -0.03939521 -0.02207368
v -0.01754172 0.02096508 -0.02128746
v -0.06782369 -0.00279071 -0.02196834
v -0.01712437 -0.02835410 -0.02463543
v -0.01595567 -0.03019329 -0.02616875
v 0.03188104 0.01247588 -0.02659295
v -0.02871718 -0.01539549 -0.02565602
v 0.00055491 0.03742343 -0.02872189
v -0.01450738 0.03186121 -0.01986496
v -0.01539630 0.03169810 -0.02210589
v 0.00434392 0.03060776 -0.02187517
v -0.03989495 -0.00759769 -0.02516595
v -0.02043159 -0.01056261 -0.02493273
v 0.02853339 0.02276450 -0.02572189
v 0.03121898 0.00860605 -0.02477261
v -0.05999623 0.00235571 -0.01641609
v 0.02784152 -0.02422587 -0.02617958
v 0.03086465 0.02209465 -0.02365044
v 0.01700582 -0.02960131 -0.01950484
v 0.00764830 0.02589614 -0.02571280
v 0.02212466 0.02651495 -0.02599399
v -0.05052201 0.00685105 -0.02148883
v -0.05873068 -0.00714538 -0.02084856
v -0.03965996 0.00150943 -0.02074550
v -0.04784104 -0.00738140 -0.02733348
v -0.00206794 -0.03127273 -0.02489424
v -0.02101459 -0.01617137 -0.02358658
v 0.03867861 0.02315859 -0.02098836
v 0.02599497 0.02257884 -0.02076009
v 0.02384825 0.02269506 -0.02402246
v -0.01977459 -0.03386676 -0.01773523
v -0.02270548 -0.03243511 -0.03038916
v -0.02011250 -0.01295181 -0.02421668
v -0.03896078 -0.00148267 -0.02280765
v 0.03228217 -0.03190583 -0.01885087
v 0.03348852 -0.02676768 -0.02086570
v -0.04473614 -0.00735490 -0.02816201
v -0.01597301 0.02242808 -0.02602115
v -0.02679217 -0.00597494 -0.02456772
v -0.01472322 0.03167680 -0.02618413
v 0.04101371 -0.02031656 -0.02432534
v -0.02416191 0.01188211 -0.02075749
v -0.02628985 -0.00063311 -0.01552810
v -0.02560900 -0.01047479 -0.02076419
v 0.00735222 0.03104347 -0.02320641
v 0.00164956 -0.04643470 -0.01910597
v -0.01584200 -0.03854100 -0.02383400
v 0.02770771 -0.03296272 -0.02231322
v -0.01902771 -0.01560034 -0.02707527
v 0.02722664 -0.03746144 -0.02482438
v -0.00282672 -0.03881156 -0.02357312
v 0.03218100 0.00841500 -0.02381500
v 0.03979754 0.01204029 -0.02071821
v -0.01317242 -0.03181851 -0.02321980
v -0.02999647 0.00458531 -0.02851972
v 0.01441345 -0.03369555 -0.02467119
v 0.03357083 0.00789059 -0.02236093
v 0.02890022 0.03517794 -0.02264822
v 0.00839277 0.04041021 -0.02418105
v 0.02897900 -0.02372000 -0.02258200
v -0.01204049 0.02700554 -0.02343335
v 0.03161437 0.01452745 -0.02050677
v 0.03309594 -0.01983560 -0.02615317
v 0.04074175 0.02070101 -0.02528887
v -0.02556094 0.01369301 -0.02149720
v -0.07000693 0.00073010 -0.02015610
v 0.02326685 -0.02835760 -0.01911565
v 0.04045055 -0.02546668 -0.02077039
v 0.01841604 0.03096657 -0.02435187
v -0.02385477 -0.00999732 -0.02203036
v 0.01904693 0.03255023 -0.02473925
v -0.06026715 0.00202617 -0.02293306
v 0.01970436 0.03257635 -0.02386021
v -0.02607696 -0.02723696 -0.02200692
v 0.00647536 0.02909566 -0.02167227
v 0.00927483 0.02951989 -0.02135929
v -0.00757081 0.03577898 -0.02362705
v -0.02691539 -0.00647618 -0.02133191
v -0.06706037 -0.00752859 -0.02061834
v -0.02391260 -0.01274332 -0.02337697
v -0.02606734 0.00205258 -0.02005165
v -0.03712164 0.00593016 -0.02346410
v -0.00628711 0.03085614 -0.02292916
v 0.00443400 0.03082600 -0.02259500
v 0.00891735 0.02683008 -0.02736545
v 0.04217125 -0.01899798 -0.02402947
v 0.02372900 0.03829600 -0.02151500
v 0.01400017 -0.04563861 -0.02000134
v 0.00273850 0.03951606 -0.01974468
v -0.02457359 -0.01264814 -0.01870793
v -0.02063136 -0.01916382 -0.01826234
v -0.03734591 -0.00788219 -0.02070269
v -0.04215150 0.00718916 -0.02208614
v -0.01710479 -0.02690683 -0.02298887
v -0.06762790 0.00032219 -0.02059390
v -0.03341327 0.01112164 -0.01860547
v -0.02490680 -0.02912160 -0.02027105
v -0.03956383 0.00050556 -0.02192797
v 0.01390505 -0.03518994 -0.01951106
v 0.03977845 0.01380061 -0.02068357
v -0.03337779 0.01362658 -0.02083187
v 0.03218057 -0.03542513 -0.02138481
v -0.02717648 0.01582360 -0.01921904
v 0.03929370 0.00371036 -0.02247462
v 0.02044200 0.03355500 -0.02151500
v -0.01590274 0.02337482 -0.01631495
v 0.03316325 0.01733858 -0.02342872
v -0.03337531 -0.01154449 -0.02242294
v -0.00846109 0.03846085 -0.01910887
v -0.03502898 -0.01276466 -0.02229238
v -0.04253960 0.00376168 -0.02243241
v -0.02494483 0.02698777 -0.02162841
v -0.00808738 0.02757232 -0.02106748
v 0.03267540 -0.02080270 -0.01884420
v -0.06929031 -0.00757453 -0.02146409
v 0.00047814 0.03839232 -0.02074485
v -0.01875030 -0.02666889 -0.02403843
v 0.00338610 0.03652492 -0.02066264
v 0.03588610 -0.02409961 -0.02237001
v 0.03895385 -0.02254231 -0.02088217
v 0.03965100 -0.02221800 -0.02151500
v 0.04006004 -0.02003208 -0.02200667
v 0.02417085 0.02774301 -0.02073307
v 0.02378784 0.02898073 -0.02379249
v 0.01247315 0.03035312 -0.02044750
v 0.01391603 0.03188922 -0.02667590
v 0.01952016 -0.03600786 -0.02130784
v 0.01271365 0.03322686 -0.02129752
v 0.03333735 -0.02043934 -0.02174619
v 0.04229365 -0.00841872 -0.02361349
v 0.00931613 -0.03050544 -0.02039460
v -0.00975364 -0.04049253 -0.02145491
v 0.01297200 -0.04387700 -0.02227100
v -0.04166931 -0.00149533 -0.02183886
v 0.02362094 0.02686459 -0.02162732
v -0.02825643 -0.00635240 -0.02752024
v -0.03043026 -0.00142648 -0.02228186
v -0.01892175 -0.01942020 -0.01983038
v -0.01606819 -0.03048662 -0.02156191
v 0.00568151 0.02936392 -0.01977281
v 0.02715168 0.03706717 -0.01890776
v -0.01979870 0.01342089 -0.02026446
v -0.00699063 -0.03586319 -0.02017936
v -0.01432959 -0.03070563 -0.02112669
v 0.01425209 -0.03879583 -0.01951382
v 0.01439323 -0.03018098 -0.01913521
v -0.02398035 0.02921434 -0.02387295
v -0.01200719 -0.04025135 -0.02222379
v -0.00775387 0.03039966 -0.02218676
v -0.00658611 -0.03049427 -0.02094746
v -0.02946083 -0.01586789 -0.01753695
v -0.02781728 -0.01778897 -0.02252265
v 0.01350868 0.03881045 -0.01605262
v 0.03978196 -0.02680662 -0.01854967
v -0.00916039 -0.02980183 -0.02212973
v 0.03023526 -0.03055624 -0.02086458
v 0.04041176 -0.02275063 -0.01900893
v -0.01585910 -0.03869427 -0.01975782
v -0.00964062 0.03073641 -0.01379547
v 0.03917741 0.01139802 -0.01983970
v -0.03526791 -0.00969273 -0.02254733
v -0.03579543 -0.00931109 -0.01898280
v -0.00317264 -0.03192995 -0.02189952
v 0.02724258 -0.02727308 -0.01923387
v -0.01724525 -0.03588424 -0.02092104
v -0.02599714 -0.01914011 -0.02340920
v -0.03847038 -0.00778647 -0.01850057
v -0.06583183 0.00086488 -0.02122401
v 0.00142860 0.03498554 -0.01928037
v 0.00156781 0.03870192 -0.02265787
v -0.06270391 0.00124175 -0.01873747
v -0.02666695 0.01006294 -0.02125342
v -0.01413977 0.02501023 -0.02237481
v 0.02628822 -0.02912457 -0.01949498
v 0.00846272 0.03038976 -0.02016616
v -0.01807245 -0.03723573 -0.02224778
v -0.00318866 0.03248677 -0.02200417
v -0.03750344 0.00841184 -0.02035050
v 0.02710068 -0.03741586 -0.01893445
v 0.03090259 -0.03671613 -0.02778781
v -0.01653942 -0.03337456 -0.01753914
v -0.05483288 -0.00664910 -0.01960796
v 0.01057116 -0.03507306 -0.02200506
v -0.06098228 -0.00726808 -0.01932359
v -0.02894206 0.01871119 -0.02191378
v -0.00710583 0.03664492 -0.01818983
v -0.05635917 0.00608381 -0.02058503
v -0.02151932 0.02117470 -0.01872197
v 0.02954924 -0.02667018 -0.01912340
v -0.02527348 0.02258791 -0.02229998
v -0.01756716 -0.03649089 -0.01811654
v 0.03340611 0.03065812 -0.01851944
v 0.01863855 -0.04278523 -0.01961325
v -0.05336915 0.00668458 -0.02065279
v -0.00643394 -0.03047196 -0.01598123
v -0.07381761 0.00012900 -0.01922886
v 0.02239065 0.03365882 -0.01914167
v -0.01679117 0.02993942 -0.02300763
v 0.03262708 0.02179356 -0.01954741
v -0.07415660 -0.00269034 -0.01714679
v -0.04174716 0.00269232 -0.02017660
v 0.03948157 0.02111101 -0.02017886
v 0.01917713 0.03869210 -0.01287328
v -0.00241821 0.03132690 -0.01937404
v 0.00336700 -0.03155600 -0.01938100
v -0.03993775 -0.00614162 -0.02057438
v 0.02570366 0.03786285 -0.01887402
v 0.02698422 0.01677390 -0.01906157
v 0.00783547 -0.03949248 -0.01946139
v 0.00573933 -0.04062688 -0.02178544
v 0.00558098 0.03708208 -0.01950106
v -0.00372638 0.03393101 -0.02017466
v 0.01865020 -0.03860498 -0.02035204
v 0.00781548 0.03815641 -0.01943246
v -0.06838021 -0.00623042 -0.02001582
v 0.01149029 0.03688173 -0.01875257
v 0.01718920 -0.03712841 -0.02047730
v 0.02258342 -0.02987547 -0.01968605
v 0.02616695 -0.03458385 -0.02051246
v 0.01735384 0.03056202 -0.01668328
v 0.02088469 0.03094309 -0.01955751
v 0.04457124 -0.01513017 -0.01995953
v 0.01021255 -0.04019292 -0.01979447
v -0.04964236 -0.00675746 -0.01994046
v 0.00602400 0.02655700 -0.01831400
v -0.03386953 -0.01665422 -0.01941919
v 0.01352836 -0.04452485 -0.01326434
v -0.03521489 -0.01208393 -0.01804142
v -0.01876550 0.01761629 -0.01879704
v -0.03358485 0.01397166 -0.01606143
v 0.01274353 0.03612206 -0.01546814
v -0.01739081 0.02915059 -0.01671179
v -0.01151697 -0.03999795 -0.01986915
v -0.00996481 0.03798448 -0.01835690
v 0.02476130 0.01988314 -0.01824666
v 0.03679652 -0.02743797 -0.01559027
v -0.02422812 -0.03027220 -0.01360264
v -0.04511514 -0.00686165 -0.01861859
v -0.02630961 0.00457495 -0.01218923
v 0.02679283 0.02122673 -0.01825634
v 0.01960254 -0.03117199 -0.01833669
v 0.01118806 0.03967022 -0.01936230
v 0.01083216 0.03945280 -0.01713383
v 0.01956560 -0.02840663 -0.01498632
v -0.02692717 0.02114638 -0.01550386
v 0.01941423 -0.02957489 -0.01925748
v -0.02771898 -0.02454143 -0.01571155
v -0.03723420 -0.00052284 -0.01963247
v -0.04943653 0.00086750 -0.01089689
v 0.03224806 0.01828864 -0.01770008
v -0.01636393 0.02328989 -0.01647680
v -0.06920205 -0.00735955 -0.01547587
v 0.01580171 0.03067819 -0.01842149
v -0.00118347 0.03329293 -0.02125182
v -0.00927140 0.02520619 -0.01789503
v -0.01391648 0.02512901 -0.01840517
v -0.02907353 -0.01850639 -0.01924818
v -0.06493300 0.00094500 -0.01872400
v 0.01433443 0.02568197 -0.01991501
v 0.01654392 0.03577874 -0.01942961
v 0.03255583 0.01190926 -0.02001115
v 0.02868541 -0.02398898 -0.01998973
v 0.03304983 0.01788174 -0.01948756
v 0.02746764 0.02984035 -0.01898455
v 0.00945216 0.01804561 -0.01698484
v 0.01596702 0.01546781 -0.01768632
v 0.02032338 0.02150650 -0.01931318
v 0.03079621 0.02149853 -0.01800395
v -0.02457693 0.02738191 -0.01529597
v -0.02126549 0.01257787 -0.01719057
v 0.03759471 0.02534471 -0.01547609
v -0.02627054 -0.01164203 -0.01658466
v -0.01999157 0.01361779 -0.01681506
v -0.02182452 0.02967957 -0.01643543
v 0.01579220 -0.04223683 -0.01656655
v -0.05711521 -0.00671093 -0.01853847
v 0.02314634 0.03835365 -0.01468381
v 0.00508505 0.03010078 -0.01683152
v 0.01527792 -0.03466477 -0.01773125
v -0.01682482 0.02682820 -0.01442281
v 0.02964545 -0.02920901 -0.01614477
v 0.02154484 0.02400518 -0.01841252
v 0.01707008 -0.03940385 -0.01650530
v 0.03297119 0.02533368 -0.01827400
v 0.01742416 -0.04092174 -0.01731361
v 0.00731885 0.03936464 -0.01802238
v 0.00804076 -0.04644203 -0.02022216
v -0.00749832 0.02869673 -0.01485837
v 0.03416245 -0.02016924 -0.01735409
v 0.02153050 -0.04068686 -0.01724003
v 0.00701824 -0.04361910 -0.01670798
v -0.03403296 -0.01112484 -0.01785639
v 0.02365816 0.03087144 -0.01963081
v -0.03411430 -0.00849579 -0.01368294
v -0.02308055 -0.02882153 -0.01734367
v -0.07351603 -0.00661492 -0.01742088
v -0.04571162 -0.00679211 -0.01847061
v 0.01285135 0.03474715 -0.01875314
v -0.02710769 0.01000091 -0.02463197
v -0.00227799 -0.03108017 -0.01755142
v -0.02539752 -0.01964484 -0.01724810
v -0.02251275 -0.01216672 -0.01627284
v -0.03569962 0.01004143 -0.01903355
v -0.02710739 -0.01875238 -0.01733137
v 0.02226750 -0.03896775 -0.01839958
v -0.00589273 0.03495218 -0.01883402
v 0.01310831 0.03123634 -0.01641016
v 0.03400084 0.02217405 -0.01520975
v 0.03398283 0.02991202 -0.01370267
v -0.00698229 -0.03757191 -0.01876975
v 0.01297200 0.01588600 -0.01743900
v 0.00130824 -0.04265205 -0.02079015
v -0.00450275 0.03902010 -0.02116919
v 0.02355356 0.02583513 -0.01946370
v 0.01403878 0.01584453 -0.01786464
v 0.00550100 0.02975900 -0.01828000
v 0.02364300 0.02975900 -0.01830900
v 0.01758649 -0.03437709 -0.01634887
v -0.01544201 0.03089908 -0.01797351
v 0.02230265 0.01606714 -0.01763521
v -0.01759285 -0.02312188 -0.01868952
v 0.01417086 -0.03837541 -0.01607057
v -0.01519481 0.03391721 -0.01546337
v 0.00676592 0.02332901 -0.01800533
v 0.01502140 0.01398757 -0.01694215
v -0.02953841 0.00779366 -0.01120175
v -0.03323162 -0.01771819 -0.01484127
v -0.03532061 -0.01348684 -0.01251079
v -0.02386148 -0.03339644 -0.02060210
v 0.02718615 0.01233381 -0.01757538
v -0.00171710 0.03090893 -0.01030751
v 0.02153940 0.01366066 -0.01649626
v -0.03559130 0.00955021 -0.01329770
v 0.03390961 -0.02346391 -0.01484399
v -0.00189072 -0.03865964 -0.02009960
v 0.02143037 -0.04054866 -0.01433269
v 0.01256865 0.02382227 -0.01105570
v 0.03341252 -0.02820585 -0.01718267
v -0.01171833 0.02434732 -0.01608820
v -0.02551003 -0.02868591 -0.01757265
v -0.01580417 -0.03871455 -0.01414059
v 0.00888832 -0.04287397 -0.01570379
v 0.04103921 0.01806161 -0.01306072
v -0.01782387 0.02027064 -0.01463396
v -0.00921844 -0.04287228 -0.01631125
v 0.00763688 0.02044198 -0.01557260
v 0.01519199 -0.04463392 -0.02019018
v -0.00660051 -0.03762006 -0.01495762
v -0.03015021 -0.00397241 -0.01285264
v -0.01936672 0.02733441 -0.01889778
v -0.01382021 -0.03006716 -0.01799499
v 0.03231111 -0.03345379 -0.01603451
v -0.02887072 -0.00796890 -0.01868780
v -0.00616923 0.03877588 -0.01405016
v 0.01004956 0.03934764 -0.01748367
v 0.02201532 0.03766483 -0.01029306
v -0.02384636 -0.01125219 -0.01321713
v -0.00613683 -0.03314672 -0.01623430
v -0.05969670 0.00413241 -0.01534529
v 0.03125715 0.03376008 -0.01567238
v -0.00622354 -0.03371640 -0.01190029
v -0.02544700 -0.01079400 -0.01714000
v 0.04052426 0.01214425 -0.01556325
v 0.02622181 -0.02573552 -0.01576584
v 0.02248324 0.01232786 -0.01234323
v 0.02230500 0.02228900 -0.01511200
v -0.03436766 -0.01691732 -0.01422062
v 0.02444345 0.03819357 -0.01490889
v -0.01829240 -0.02772750 -0.01762293
v 0.00460355 -0.04005624 -0.01538541
v 0.02374552 0.02075397 -0.01725780
v 0.02711993 0.03433888 -0.01143263
v -0.00245279 -0.04503149 -0.01420341
v 0.01685242 -0.02894260 -0.01357731
v 0.04159381 -0.02001877 -0.01902325
v 0.03154296 0.02237015 -0.01358252
v -0.06394117 -0.00807004 -0.01806425
v -0.01973166 0.02999699 -0.01610134
v -0.01794005 0.02890327 -0.00533113
v -0.02556645 -0.02042754 -0.01241328
v -0.04515340 -0.00702239 -0.01574777
v -0.05509314 -0.00698603 -0.01624555
v -0.02599286 -0.01175966 -0.01378823
v 0.02205948 0.02884659 -0.01517918
v -0.00789170 0.03017997 -0.01601219
v 0.02252823 -0.02304282 -0.01096605
v 0.00730868 0.02143348 -0.01414148
v -0.02651165 -0.00906986 -0.01753659
v -0.01870316 -0.01956404 -0.01054516
v 0.01727474 0.03103605 -0.01528851
v 0.00445403 -0.03164172 -0.01900291
v 0.02897768 0.03284369 -0.01492687
v -0.01508313 0.03483338 -0.01580988
v 0.00346807 -0.03482402 -0.01493454
v -0.00677208 0.03077727 -0.00951833
v -0.03718936 0.00103881 -0.01379651
v 0.02889567 -0.02416425 -0.01539250
v 0.02365230 0.02113295 -0.01605768
v 0.03254452 -0.02105616 -0.01319150
v 0.03617776 -0.01972589 -0.01484113
v 0.01966000 0.02015400 -0.01511200
v 0.03647819 0.01380379 -0.01582336
v 0.01188909 -0.04094646 -0.01798374
v -0.01672126 0.02998649 -0.01638175
v -0.06825062 0.00202047 -0.01455799
v -0.02801384 -0.01831167 -0.01669721
v -0.01249610 -0.03218414 -0.01692348
v -0.02032818 -0.02820806 -0.01128881
v 0.00489938 -0.04389819 -0.01501454
v -0.02060533 -0.01842553 -0.01696678
v 0.02677273 0.03189925 -0.01512299
v 0.02424057 0.03435400 -0.01567144
v -0.00444053 -0.04200182 -0.01516955
v 0.04248691 0.00412237 -0.01563930
v 0.01514895 0.02673088 -0.01796172
v 0.01197070 -0.03052287 -0.01191075
v -0.02455645 0.01203006 -0.01000044
v 0.01371087 -0.04093180 -0.01057748
v 0.02736362 0.02107650 -0.01388623
v 0.01352660 -0.03032877 -0.01521464
v 0.04032998 0.02069606 -0.01550055
v -0.02106092 -0.03632475 -0.01655264
v 0.04126033 -0.02711180 -0.01229626
v 0.00869032 0.02817183 -0.01106578
v 0.03441066 0.02552665 -0.01322922
v -0.02003682 -0.01693520 -0.02111383
v -0.03204292 -0.01537032 -0.01083052
v -0.01878155 0.01746216 -0.01499674
v 0.02252803 -0.02691924 -0.01623758
v -0.03023080 0.01812223 -0.01744659
v 0.04126475 0.01062433 -0.01462168
v 0.00016500 -0.04323300 -0.01404500
v 0.00892224 0.03013132 -0.01728706
v -0.01725158 -0.03715617 -0.01228227
v 0.00488792 0.02989882 -0.01245716
v -0.02400875 0.02852564 -0.01605152
v 0.00335456 -0.04507275 -0.01224634
v -0.01348549 0.03699931 -0.01093719
v 0.03723437 0.02613396 -0.01264782
v -0.04238432 -0.00675775 -0.01118998
v -0.00950465 -0.04075400 -0.01069450
v -0.02630921 -0.02776338 -0.01543130
v -0.00501639 -0.03090345 -0.01664419
v -0.02813760 -0.00940034 -0.01587435
v 0.01361783 0.03215642 -0.01659716
v -0.07399294 -0.00653470 -0.01399059
v 0.01888279 0.03167597 -0.01341896
v -0.00998353 -0.03908654 -0.01229131
v -0.03900220 -0.00629742 -0.01441611
v -0.00471587 0.03937129 -0.01223822
v 0.04102349 -0.01945750 -0.01026752
v -0.04665081 0.00201245 -0.01354267
v -0.01523487 0.03200237 -0.01218597
v 0.01064662 -0.03374603 -0.00969566
v -0.03683087 -0.00687518 -0.01272178
v -0.03177048 0.01708207 -0.01591616
v -0.00303600 -0.03835800 -0.01404500
v 0.03236533 0.03176449 -0.01253731
v -0.02624902 -0.01834366 -0.01439076
v 0.01869398 0.03713860 -0.01272477
v -0.04742191 0.00331140 -0.01916552
v 0.02755868 0.03343325 -0.00690957
v -0.03724125 -0.00772590 -0.01506859
v 0.01326044 0.01368620 -0.01093463
v 0.03428315 -0.02804064 -0.01287883
v 0.01913615 0.02599485 -0.01114641
v 0.00127109 -0.04537416 -0.01349355
v -0.02233599 -0.01709015 -0.01347674
v -0.00429450 0.03264324 -0.01410300
v 0.00610108 -0.04578894 -0.01196090
v -0.03424293 -0.01778871 -0.01088500
v -0.02870209 -0.01142584 -0.01397191
v 0.00805784 0.02934987 -0.01472440
v -0.06074179 0.00453791 -0.01189149
v -0.01313132 -0.02955109 -0.01375878
v 0.00916331 0.01819139 -0.01346413
v -0.03086397 -0.00437644 -0.00693393
v 0.04148260 0.00998473 -0.01016492
v 0.01262670 0.03060600 -0.01502021
v -0.01789872 0.02827659 -0.01529805
v -0.03584358 -0.00843225 -0.01330085
v -0.01966698 0.03023103 -0.01315274
v -0.03241947 0.01227676 -0.01280202
v -0.00801565 0.02488306 -0.00769720
v 0.01927692 0.02834922 -0.01311121
v -0.03683538 -0.00270911 -0.01104669
v -0.01043873 0.02811285 -0.01136433
v 0.02179646 0.02155928 -0.01332225
v -0.02536247 -0.02898682 -0.01331943
v 0.01426208 0.02105111 -0.01152807
v 0.02333327 -0.03955214 -0.01447763
v -0.02578735 -0.00375303 -0.01013441
v 0.01558695 0.03493715 -0.01281101
v -0.00666696 -0.04496115 -0.01034509
v 0.03317943 -0.03031705 -0.01357735
v 0.03341234 -0.02943371 -0.01101280
v -0.00908100 -0.03534904 -0.01488047
v 0.00665245 0.03954534 -0.00894024
v 0.04031904 0.02170238 -0.00839188
v 0.01679310 0.03744049 -0.01434885
v -0.00691144 0.03760630 -0.01288443
v 0.02996279 0.03598286 -0.01364140
v 0.01658848 0.01824498 -0.01117364
v -0.02544718 -0.00856884 -0.01263573
v -0.02966155 -0.02146421 -0.01465215
v -0.01241927 -0.04071929 -0.01211816
v 0.02393613 0.03084841 -0.01725796
v -0.04160068 -0.00225821 -0.01467923
v -0.02333206 0.01925255 -0.01501416
v 0.00656800 0.03503600 -0.01297800
v 0.01302581 -0.04617586 -0.00813671
v -0.02937538 -0.02379535 -0.01216226
v 0.01626220 -0.04529893 -0.01386610
v 0.03880261 0.02488391 -0.00995307
v -0.04674201 -0.00331572 -0.01221034
v -0.06025604 -0.00773070 -0.01155745
v 0.01477485 -0.03155472 -0.00951930
v -0.02562476 0.02405601 -0.01461634
v 0.01748992 0.03579599 -0.01051050
v -0.01206994 -0.04001599 -0.01012721
v -0.02521529 -0.03234433 -0.00728388
v -0.03159475 0.01805130 -0.00448225
v -0.01795223 0.01986893 -0.00977937
v -0.00768973 0.02866998 -0.01153607
v 0.04096043 -0.02289027 -0.01197209
v 0.02053697 -0.02650638 -0.01416219
v -0.02612361 0.00121178 -0.00861159
v 0.01920034 0.01914927 -0.00999018
v 0.01696173 0.03036591 -0.01235051
v 0.02025189 0.01484417 -0.01094781
v 0.00379002 -0.03254747 -0.01031899
v -0.02043580 -0.02606631 -0.01222786
v -0.00144936 -0.03180834 -0.00717699
v 0.02345155 -0.03975650 -0.01078359
v -0.01598952 -0.03047836 -0.00868906
v 0.02495776 -0.02248157 -0.01683587
v -0.00560473 -0.04523507 -0.01094107
v -0.03460459 -0.00965684 -0.01143465
v -0.02808811 -0.02367854 -0.01292663
v 0.03293868 -0.03325009 -0.01230626
v 0.03124154 -0.03656599 -0.01429498
v -0.05060646 -0.00729416 -0.01352865
v 0.00328572 -0.03849728 -0.01172007
v 0.03083796 0.01144591 -0.01185069
v -0.02822004 -0.02390059 -0.00888335
v -0.00625852 -0.03268881 -0.01107004
v -0.02126827 -0.01549085 -0.01137041
v -0.02801350 -0.01225295 -0.01096352
v 0.00923143 -0.04577502 -0.01302485
v -0.01788534 -0.02760739 -0.01271098
v 0.02840944 0.03413597 -0.00842630
v 0.01954291 -0.04452593 -0.01559501
v 0.00741014 -0.03914817 -0.01307699
v 0.00562130 -0.03657186 -0.01143522
v 0.03844492 -0.02630198 -0.01165500
v 0.02279744 0.01294422 -0.01176139
v -0.01647549 0.02348432 -0.01111753
v 0.01387793 0.03838937 -0.01198987
v 0.02368484 0.01453209 -0.01229591
v -0.04452432 0.00359031 -0.01088095
v -0.02618867 0.00308876 -0.01329085
v -0.03304514 -0.01294905 -0.01274852
v 0.02502070 0.01234955 -0.01055922
v 0.02147771 -0.04348792 -0.01054401
v -0.02656678 0.00577513 -0.00884779
v 0.02838113 -0.02360815 -0.00899772
v 0.02421555 -0.02174649 -0.00979219
v -0.01497272 0.03460819 -0.00572537
v -0.02228852 -0.02548449 -0.00841451
v -0.01053919 0.03102478 -0.01163479
v 0.04175092 -0.02045820 -0.01098890
v -0.01479981 0.02403301 -0.00862348
v -0.05678562 -0.00712568 -0.00756742
v -0.01178667 0.03417020 -0.01642771
v -0.01734257 -0.03643517 -0.00599778
v -0.02538184 -0.01361716 -0.01138819
v 0.01213734 -0.03884303 -0.01036045
v -0.00311553 -0.04300793 -0.01000549
v -0.04666818 0.00325333 -0.01035348
v 0.02816606 0.03269835 -0.01107910
v 0.03483375 0.02712502 -0.01034679
v 0.00754765 -0.03190669 -0.00959607
v -0.00635301 0.03674410 -0.00884725
v -0.06874010 0.00275899 -0.00980059
v 0.00326820 -0.04501389 -0.01043056
v 0.02109678 -0.04124305 -0.01018253
v 0.03285131 0.03150853 -0.00914388
v 0.04353301 -0.01006748 -0.00815971
v -0.01228624 -0.03428782 -0.00324218
v -0.05524596 0.00110987 -0.01040214
v -0.03076652 -0.01273106 -0.01106902
v 0.03146414 -0.03023978 -0.01280612
v 0.02997980 0.03461355 -0.01142633
v 0.02571843 0.02089792 -0.01133312
v 0.02096618 0.02912771 -0.01157697
v 0.01643916 0.03212994 -0.01091463
v 0.02819378 -0.03265066 -0.00798357
v -0.03102433 0.00014326 -0.01213939
v -0.01002870 -0.04283023 -0.01259117
v -0.06417155 0.00320133 -0.00882678
v 0.03855188 -0.02158677 -0.01139318
v 0.02042229 -0.03953043 -0.01006555
v -0.03541245 0.00990142 -0.00909633
v 0.01201583 0.01810321 -0.01044500
v -0.03409719 0.01162493 -0.01070947
v -0.03730672 -0.00642111 -0.00993839
v 0.03731652 0.01772618 -0.01014068
v 0.01302796 0.02387852 -0.00933012
v -0.03318346 0.01234865 -0.00900638
v -0.01864862 -0.03789223 -0.00593806
v -0.00563311 -0.03148399 -0.00952278
v 0.01520199 -0.03744236 -0.00989503
v 0.04292492 0.00241506 -0.01080350
v -0.01848821 -0.02780445 -0.01073312
v -0.01489004 -0.02969446 -0.00794907
v 0.03153654 -0.01982805 -0.00801081
v -0.01730742 -0.03672266 -0.00225999
v 0.04234148 0.00050299 -0.00785475
v -0.02930893 -0.01904848 -0.01436742
v 0.01976898 -0.03671218 -0.00819457
v -0.00399030 -0.03299017 -0.00584692
v 0.02155487 0.01276852 -0.00952340
v -0.00076045 -0.04474795 -0.00892478
v 0.00307596 -0.03538794 -0.01039557
v -0.02516681 -0.03105900 -0.01251957
v 0.03733202 0.01978547 -0.00956630
v -0.00545698 -0.03197702 -0.00584118
v 0.02887907 -0.02777003 -0.00305720
v 0.02316390 -0.02617945 -0.01036743
v -0.02150255 -0.01725036 -0.01092474
v 0.01086704 0.03911575 -0.01179413
v 0.03329173 -0.02443289 -0.00221954
v -0.03779160 -0.00003113 -0.01035385
v -0.02805862 0.01638800 -0.01059466
v -0.04766026 -0.00340677 -0.01083998
v 0.01805295 -0.02761037 -0.01054673
v -0.01844980 -0.02198626 -0.01000124
v 0.01106480 -0.03316787 -0.01211519
v 0.02769618 0.01509986 -0.01053106
v -0.04587743 0.00664427 -0.00924814
v 0.04202157 -0.02727029 -0.00880611
v 0.02282361 -0.02717868 -0.01033925
v 0.03415991 0.02096343 -0.01063656
v 0.01857177 0.03846246 -0.00958255
v 0.01635841 0.03838768 -0.01169928
v 0.02647364 0.03736152 -0.01120650
v -0.02542732 -0.00792428 -0.01009356
v -0.01959420 -0.02597294 -0.00695054
v 0.03937102 0.01345555 -0.00950292
v -0.03621543 0.00766473 -0.00934753
v -0.02539214 0.01297303 -0.00794411
v -0.00542297 0.03241632 -0.01171699
v -0.03423200 -0.01826400 -0.00870900
v -0.00832819 0.03842926 -0.00458094
v -0.03402258 -0.01194526 -0.00838528
v 0.01939417 -0.03286385 -0.00906250
v -0.01640252 -0.03276911 -0.00401224
v 0.01620806 -0.02954097 -0.00984764
v -0.03444092 -0.01322705 -0.00603563
v -0.05714148 0.00533302 -0.00865773
v -0.01975065 0.02993438 -0.00638230
v -0.03684011 0.00208771 -0.01701565
v 0.03667536 -0.00761378 -0.00863199
v -0.03806334 0.00235285 -0.00941659
v 0.00543254 0.03056602 -0.00801901
v 0.03238683 -0.02920225 -0.00897087
v 0.00202528 0.03971534 -0.00219951
v -0.06643226 0.00294312 -0.01048619
v 0.04329458 -0.01931557 -0.00751702
v -0.01816434 0.03010965 -0.00942153
v -0.00235642 -0.04090895 -0.00803824
v 0.01236376 0.02929456 -0.00932622
v -0.04931113 -0.00780529 -0.00120899
v -0.02260170 -0.02859745 -0.00361810
v 0.01051831 0.03941312 -0.00717028
v 0.04256629 -0.02292084 -0.00908884
v 0.03009488 -0.02864008 -0.01142783
v -0.02752533 0.00909186 -0.01017376
v 0.04053204 -0.02906861 -0.00902319
v 0.03801241 -0.03410808 -0.00555360
v -0.01983325 0.01250736 -0.00724959
v 0.03404240 -0.03530054 -0.00705137
v -0.02036305 -0.01959381 -0.00567026
v 0.02161143 0.02843697 -0.01016757
v 0.03846875 -0.01534667 -0.00908860
v 0.03711670 0.02309943 -0.00971743
v -0.03046101 0.01055442 -0.01121858
v 0.04183645 0.01338881 -0.00593797
v -0.02526351 -0.01918160 -0.00967764
v 0.01991470 0.02347822 -0.01037726
v 0.02365562 0.01146658 -0.00961586
v 0.00926055 0.03015563 -0.00724455
v 0.01536113 0.02723737 -0.00955812
v 0.02897329 0.01109726 -0.01017610
v 0.03264501 0.00255217 -0.00897187
v 0.03421687 -0.00021542 -0.00890678
v 0.03659387 0.00846602 -0.00830776
v 0.03004140 0.02455792 -0.01381993
v 0.00920900 0.03401842 -0.01138005
v 0.00296732 0.03516826 -0.01624083
v -0.03423091 0.01211653 -0.00681993
v 0.02148919 0.02335799 -0.00392676
v 0.01860669 -0.03721598 -0.00737956
v 0.02827172 0.00563074 -0.00944848
v -0.00168010 0.03075068 -0.00896711
v 0.00124990 0.03106664 -0.00605190
v -0.02429642 -0.03541808 -0.00466416
v 0.03185473 0.00995656 -0.00924560
v 0.01308298 0.02854643 -0.00745008
v 0.01483688 0.01275230 -0.00857711
v 0.01853130 -0.02939314 -0.00774047
v -0.00703800 -0.03717293 -0.00373026
v -0.05959337 0.00611461 -0.00761023
v -0.03847160 -0.00154420 -0.00962485
v 0.02149992 0.03821425 -0.00966824
v -0.02574245 0.02352467 -0.00757125
v 0.03946600 -0.01399600 -0.00764200
v 0.01568937 0.02933107 -0.00665357
v -0.02919707 0.00683185 -0.00882106
v -0.05184826 0.00124125 -0.01022789
v 0.02386001 0.03728261 -0.00881233
v 0.04294400 -0.01880514 -0.01050709
v -0.05005923 -0.00794021 -0.00535261
v -0.00381219 0.03949038 -0.00692231
v 0.03386113 -0.03185133 -0.00717588
v -0.02796520 -0.01594493 -0.00673912
v 0.03521879 -0.01098328 -0.00814059
v 0.03218100 -0.02893600 -0.00804200
v 0.00913140 -0.04590644 -0.00988045
v -0.02794619 0.01925199 -0.00767320
v -0.00030284 -0.04382970 -0.00772734
v 0.00721454 -0.04066910 -0.00917497
v -0.03825300 0.00521400 -0.00850000
v 0.02606295 -0.02100336 -0.00941963
v -0.01815554 0.02130192 -0.00582802
v 0.00011254 -0.03999690 -0.00983165
v 0.03739962 0.02911825 -0.00632827
v 0.03626312 -0.03440663 -0.00834318
v -0.06734632 0.00404577 -0.00271287
v -0.00512179 0.03130343 -0.00634763
v 0.01951876 0.01241221 0.00092642
v -0.03345720 0.01444014 -0.00944643
v -0.02751651 -0.01439948 -0.01109938
v -0.00648632 -0.03788898 -0.00995421
v 0.02036257 0.01216154 -0.00923892
v 0.03929453 -0.03251410 -0.00823474
v 0.00911088 0.03947265 -0.00698582
v -0.03116349 -0.01778304 -0.00743997
v 0.02160200 -0.04174300 -0.00657500
v 0.04004244 -0.03124490 -0.00597993
v 0.02210059 -0.03913737 -0.00390829
v 0.02526014 -0.02186175 -0.00545006
v 0.02798849 -0.02019740 -0.00734304
v 0.04018588 0.02137686 -0.00166218
v -0.05021932 -0.00781421 -0.00242979
v 0.02210923 0.03259061 -0.00857409
v -0.02108444 -0.03317628 -0.00046363
v 0.03241884 -0.03638427 -0.01014085
v -0.02478650 -0.03007754 -0.00570111
v -0.07133642 0.00299633 -0.00860181
v 0.01309446 0.01900657 -0.00752594
v 0.02329373 0.02957617 -0.01230994
v 0.02203802 0.03335055 -0.00741926
v 0.02114001 0.01724891 -0.00631184
v -0.01380775 0.03161399 -0.00743383
v -0.01485698 0.03217027 -0.00662484
v 0.04295399 -0.00931881 -0.00593333
v -0.01474300 0.03260029 -0.00982432
v -0.01332312 0.03713526 -0.00384361
v -0.04436900 0.00301625 0.00263047
v -0.00055834 -0.04494656 -0.00731243
v 0.04284592 0.00759543 -0.00470662
v 0.02228760 0.03276154 -0.00961667
v 0.01354843 -0.03510167 -0.00188146
v -0.01967671 -0.02802163 -0.00789800
v -0.00614953 0.03894206 -0.00903301
v 0.04149920 0.01999255 -0.00787334
v 0.03434219 0.02867130 -0.00824959
v -0.00623800 0.03153700 -0.00657500
v 0.04349937 -0.01960821 -0.00585174
v 0.03518984 -0.00882761 -0.00460306
v 0.02448206 -0.03650559 -0.00159715
v 0.03166101 0.00834043 -0.00687239
v 0.03022810 0.00874353 -0.00577592
v -0.02211478 0.02334940 -0.00757014
v -0.00730500 -0.03747400 -0.00691600
v 0.00437921 -0.03950573 -0.00955587
v -0.00804018 -0.03599835 -0.00786873
v 0.04285300 -0.01292900 -0.00694300
v 0.03628174 -0.01767421 -0.00852690
v -0.01915501 0.02811038 -0.00651252
v 0.01840257 -0.02783727 -0.00246659
v -0.02758100 -0.01680900 -0.00550700
v 0.02364555 0.03659887 -0.00621354
v -0.02940437 0.00715163 -0.00336415
v 0.04201143 0.01134579 -0.00748544
v -0.01091053 -0.04139999 -0.00451798
v 0.04304444 -0.00272322 -0.00524798
v 0.03392633 -0.00154154 -0.00836236
v 0.00059931 0.03453280 -0.00540380
v 0.04322820 0.00211849 -0.00374955
v 0.04190918 -0.01467862 -0.00722375
v -0.03728097 0.00539033 -0.00770115
v -0.02667881 -0.01361015 -0.00592686
v 0.00459413 0.03966304 -0.00847104
v 0.01463154 -0.04402185 -0.00784815
v -0.03585764 -0.00896501 -0.00604621
v 0.02799269 0.03402774 -0.00545825
v -0.03717780 0.00890723 -0.00467606
v -0.02647855 -0.02708217 -0.00223889
v 0.02011578 -0.04478261 -0.00858331
v 0.01897901 0.03083549 0.00018165
v -0.02766047 0.01003035 -0.00057159
v -0.02458703 -0.02062215 -0.00382259
v -0.03979260 -0.00766084 -0.00982847
v -0.02280849 -0.02207487 -0.00815731
v -0.01335416 0.03134626 -0.00251111
v 0.04280365 0.00593514 -0.00518908
v -0.02777884 0.01030049 -0.00888432
v 0.00877753 -0.03159892 -0.00615835
v -0.03714848 -0.00659689 -0.00471361
v 0.03961677 0.02385985 -0.00540568
v -0.04785208 0.00153099 -0.00487447
v -0.01924339 0.01275682 -0.01026562
v 0.02478801 0.00915604 -0.00719939
v 0.01033213 -0.03806933 -0.00228179
v -0.00282539 -0.04556871 -0.00286978
v 0.01365544 -0.03881847 -0.00694655
v -0.01913395 0.01516297 -0.00041216
v -0.01822880 0.01698987 -0.00423835
v 0.02294725 -0.02876236 -0.00777909
v -0.01271743 -0.03946719 -0.00660701
v -0.00865718 0.03031613 -0.00663804
v -0.00690247 0.02914618 -0.00814429
v 0.03954893 -0.01114993 -0.00546666
v -0.02555940 -0.02072144 -0.00771926
v 0.03339375 0.00689983 -0.00664408
v -0.04745372 0.00248793 -0.00486750
v -0.00623616 0.03639274 -0.00335359
v -0.03378299 -0.01239148 -0.00353492
v -0.02427238 0.02882822 -0.00831405
v -0.02966988 -0.02340332 -0.00526138
v -0.02447996 0.02920461 -0.00481074
v 0.01478176 -0.02985931 -0.00724941
v 0.00026982 -0.04443872 -0.00467628
v 0.00049710 -0.04439483 -0.00639846
v 0.01457920 0.01363623 -0.00549889
v -0.03985860 0.00840435 -0.00209792
v 0.03544552 -0.00825107 -0.00165720
v 0.03150592 0.03239810 -0.00279511
v 0.01953662 -0.02666615 -0.00785651
v -0.00428198 0.03248499 -0.00359310
v -0.01947302 0.02993967 -0.00442307
v 0.03679360 -0.01530532 -0.00272977
v 0.03145286 0.03301508 0.00068103
v 0.02321307 -0.03125067 -0.00384205
v 0.00005183 0.03959194 -0.00614329
v -0.00651310 -0.04215343 -0.00432060
v -0.02502625 0.02113265 -0.00461907
v 0.02399419 -0.02382307 -0.00284048
v -0.04244643 -0.00814957 -0.00043288
v 0.02569695 0.03641496 -0.00556717
v 0.01988899 -0.04448710 0.00162252
v -0.06496335 0.00394358 -0.00603110
v 0.03959470 0.02623971 -0.00709918
v -0.00776169 0.02884805 -0.00517807
v -0.05943042 0.00715192 -0.00171882
v -0.02389728 0.02214451 -0.00441557
v 0.00463448 -0.03365048 -0.00766467
v -0.00355675 -0.04008457 -0.00283766
v -0.02846191 0.01832851 -0.00122838
v 0.04161038 -0.00953552 -0.00538310
v 0.03523694 -0.02449282 -0.00998885
v 0.03279592 -0.02018801 -0.00480405
v 0.03355128 -0.03375103 -0.00558843
v -0.02009254 0.01315803 -0.00054518
v -0.04774573 0.00798081 0.00093331
v -0.01392280 0.02331023 -0.00543917
v 0.03783060 0.00347508 -0.00447054
v 0.03680268 -0.01836102 -0.00354836
v 0.02552481 -0.02785136 -0.00532050
v 0.03627265 0.02840930 -0.00161047
v 0.03328514 -0.03315140 -0.00443709
v 0.03566939 -0.01423578 -0.00332491
v 0.02013593 0.02224415 -0.00813724
v -0.00718732 0.03698636 -0.00497826
v 0.00229251 -0.04527878 -0.00588988
v -0.07449251 0.00020106 0.00502824
v 0.00658274 -0.04596399 -0.00390640
v -0.02964789 0.01919439 -0.00466853
v -0.02684775 0.00442699 -0.00142773
v -0.02846110 0.01906694 -0.00368159
v 0.01423624 0.03941147 -0.00213849
v -0.00759755 -0.03065273 -0.00203130
v -0.01509625 -0.02982722 -0.00497112
v -0.03272911 -0.02025756 -0.01048376
v -0.07000309 -0.00808295 -0.00927427
v 0.01969036 -0.03854189 -0.00467383
v -0.06930404 -0.00725067 0.00293983
v -0.03479816 -0.01676438 -0.00087931
v -0.01672698 0.02612668 -0.00223063
v 0.03457890 -0.02702502 0.00406159
v -0.01366778 -0.03982070 -0.00319141
v -0.00603088 -0.03201392 -0.00333970
v 0.03767552 -0.00862743 -0.00261245
v 0.02260317 0.03397002 -0.00555213
v -0.07297856 0.00520367 -0.00227570
v 0.01282452 -0.04025563 -0.00104149
v -0.02691993 0.01145139 -0.00270662
v -0.01564669 0.03178502 -0.00413950
v -0.00351900 -0.03320500 -0.00337300
v -0.00031329 -0.04457125 -0.00209247
v 0.02431199 -0.03934188 -0.00565850
v 0.02255210 -0.02789815 -0.00392566
v 0.02632949 0.03480635 -0.00119245
v -0.01177822 0.02827391 0.00130585
v -0.05147126 -0.00731562 0.00040850
v 0.03732003 -0.02252335 0.00190374
v 0.02187187 -0.04194521 -0.00326122
v 0.03775231 0.00802604 -0.00169858
v 0.00261211 -0.03302943 -0.00398302
v 0.03485598 0.00815397 -0.00602076
v 0.02173317 0.01238999 -0.00132605
v 0.00905018 -0.03153069 -0.00224329
v -0.02520713 0.02206826 -0.00174339
v -0.02670075 -0.00157627 0.00129181
v 0.03129326 -0.03730279 -0.00356154
v -0.03718600 -0.00585200 -0.00337300
v -0.02332406 0.02143526 -0.00227815
v -0.00035295 -0.04383402 -0.00404928
v -0.03695498 -0.00199403 -0.00675926
v -0.01181862 0.03137454 -0.01010196
v 0.00626383 -0.03570227 -0.00152276
v -0.02784674 -0.02549791 -0.00659056
v 0.02471387 0.03196543 -0.00296307
v 0.02656999 0.00881113 -0.00181158
v -0.01862840 0.02014068 -0.00296723
v 0.03128345 0.00381133 -0.00114722
v -0.00093436 -0.03425372 -0.00552650
v -0.01657926 0.02284693 -0.00322171
v -0.02520845 0.02890824 -0.00249937
v -0.04846905 0.00741510 -0.00539367
v 0.03980183 -0.03194914 0.00153400
v -0.00668990 -0.03069471 -0.00703825
v -0.03489569 -0.01423558 -0.00161697
v 0.00966833 0.01678406 -0.00277170
v 0.02409966 -0.02705036 -0.00376731
v 0.02291402 0.01190525 -0.00724461
v 0.04320275 -0.01169048 -0.00366742
v 0.02920188 -0.02342116 -0.00610959
v -0.01274794 0.02586776 -0.00544301
v -0.02425720 0.03021289 0.00126193
v -0.01048328 -0.03018144 -0.00233227
v -0.03478757 -0.01648473 -0.00231504
v -0.01912131 -0.02643063 -0.00051274
v 0.04336885 0.00599286 0.00354251
v -0.00527224 -0.03176966 -0.00145882
v -0.06698483 -0.00814121 -0.00821982
v 0.03444040 -0.00418126 -0.00606430
v -0.00722988 0.03677437 0.00078752
v -0.02678780 0.01954649 -0.00203256
v -0.00936556 -0.04101245 -0.00028954
v 0.01538918 0.01305504 -0.00215234
v -0.02666826 -0.02383182 -0.00380698
v -0.02606962 0.02099966 -0.00565420
v 0.03170695 -0.02078842 -0.00108694
v 0.04100869 -0.01589701 -0.00322865
v -0.05704819 -0.00645518 0.00299521
v 0.04205071 0.01622149 0.00137307
v 0.02495811 -0.03820181 -0.00167220
v 0.04466261 -0.01857985 0.00169192
v 0.04108505 -0.01458443 -0.00191625
v -0.00823457 -0.04405834 -0.00265291
v 0.01063843 0.02032265 -0.00418542
v 0.01615251 -0.04329063 -0.01193109
v 0.03639965 0.02431206 0.00072582
v 0.03521425 -0.01643569 -0.00237520
v 0.03391524 0.03108432 0.00171678
v 0.04181701 0.01912053 -0.00223758
v 0.01146607 0.03954783 -0.00473274
v 0.04346987 -0.00550760 -0.00711794
v 0.04119192 0.02191882 0.00165893
v 0.03838525 0.02487991 -0.00206249
v 0.01187443 -0.03934211 -0.00819830
v -0.02729369 -0.01739774 0.00237131
v 0.01453190 -0.03044718 -0.00149724
v 0.02624630 0.02656586 -0.00376410
v -0.00391825 -0.03953003 -0.00157539
v -0.03392132 0.01364747 -0.00071314
v -0.02958049 0.01611017 0.00799984
v -0.01914689 -0.02389311 -0.00802467
v -0.00237697 -0.03423447 -0.00121026
v -0.02453375 -0.03084537 -0.00072117
v 0.01510979 -0.03259486 -0.00612387
v -0.03201944 -0.01792058 -0.00088642
v 0.03410086 -0.01809919 -0.00529754
v -0.00119040 -0.03918817 -0.00649301
v -0.02514782 -0.02342722 -0.00309952
v 0.03939079 -0.00217818 -0.00336958
v 0.00572512 0.03484359 -0.00879961
v -0.02328513 -0.03660364 -0.00256296
v -0.05603344 0.00146527 -0.00315269
v -0.03216723 -0.02461737 0.00274199
v 0.01304686 0.01478856 -0.00217461
v 0.02195495 -0.03676194 -0.00674841
v 0.02145557 -0.02863181 -0.00095932
v 0.02369479 -0.03508351 0.00042498
v 0.01724915 0.03928405 0.00282329
v 0.02121257 0.01371595 0.00270140
v -0.03424562 0.01125225 -0.00143221
v 0.02791200 0.03378200 -0.00123900
v 0.02888014 -0.02795394 -0.00113842
v 0.01121973 0.02013941 -0.00100065
v -0.01527947 0.03184458 0.00663570
v -0.04915533 0.00863568 0.00902397
v 0.03405304 0.00402330 -0.00171736
v -0.01503263 0.03176903 0.00050305
v -0.03373166 0.01208388 -0.00277889
v -0.01863156 -0.03636368 0.00347470
v -0.02655972 0.01405951 -0.00131767
v 0.03527000 0.02707767 0.00092128
v -0.02879074 -0.01449642 -0.00269078
v -0.00577726 -0.03308919 -0.00040361
v -0.04022841 -0.00333368 -0.00407795
v -0.04162347 0.00493257 -0.00051229
v 0.00266587 -0.03611335 0.00061249
v 0.02251358 -0.02917863 -0.00231276
v -0.01626000 -0.03533900 -0.00123900
v 0.03747718 -0.00824396 -0.00126861
v -0.01575501 -0.03257316 -0.00098945
v -0.04368418 0.00833270 -0.00047211
v -0.07317322 -0.00793628 -0.00956237
v 0.02242373 0.01741708 0.00741863
v -0.03719869 0.00213939 -0.00193555
v -0.00781170 0.02730454 -0.00190443
v 0.01597768 -0.03836088 -0.00176976
v 0.03792907 0.02350714 0.00276357
v 0.03951898 0.02436935 0.00248808
v -0.00314792 -0.04083968 0.00100501
v -0.00262127 0.03069885 0.00218339
v -0.01860006 -0.02493188 -0.00440326
v -0.03510905 -0.01161557 -0.00147629
v -0.06802750 0.00442692 -0.00343730
v 0.02827737 -0.02586820 -0.00239988
v -0.02916700 0.00841500 -0.00017100
v 0.01052214 -0.04004987 0.00173912
v 0.01228916 0.02989484 0.00034485
v -0.03727103 -0.00742778 -0.00026134
v -0.05309882 0.00008683 0.00063192
v 0.04091202 -0.00949115 -0.00700220
v 0.03387486 -0.03379953 0.00436490
v -0.03403677 0.01217384 0.00606857
v 0.00109575 -0.03311493 0.00045540
v 0.00316866 -0.04048964 -0.00535249
v 0.03550422 -0.01024607 -0.00034737
v 0.04052147 0.01080198 0.00028369
v 0.00034759 -0.03769591 -0.00465358
v -0.05508317 -0.00627948 0.00132870
v 0.00393452 0.03097667 -0.00372320
v -0.03281511 0.01699862 0.00205065
v -0.01711427 -0.02846660 -0.00687873
v 0.02405155 0.03717462 -0.00138708
v 0.02141765 -0.04123098 0.00040215
v 0.02118754 -0.04067031 -0.00100090
v 0.01772755 0.02628835 -0.00188521
v 0.03338942 0.00344922 -0.00023924
v -0.01785676 -0.02875922 0.00341002
v 0.01387289 0.02464713 -0.00043358
v 0.01562007 -0.02996676 -0.00141067
v 0.02244586 -0.03109971 0.00112932
v -0.07386400 0.00206764 -0.00793165
v -0.03376711 -0.02028200 0.00010859
v -0.03550411 -0.01180770 0.00227999
v -0.01407574 0.02325014 -0.00004094
v -0.02592450 0.00420035 0.00713078
v 0.02805953 0.03686760 -0.00137178
v 0.01703629 0.02077962 -0.00169025
v -0.02684491 0.00409310 -0.00027603
v -0.02671705 -0.02355942 0.00025758
v 0.02415455 0.02850994 -0.00049120
v -0.01351266 -0.03633025 -0.00025340
v 0.01742507 -0.04542926 -0.00376668
v -0.05347646 -0.00355644 -0.00037219
v -0.01681318 0.02867244 -0.00103504
v -0.06521545 0.00252136 -0.00015617
v -0.01486655 -0.03013124 -0.00089436
v 0.01145115 -0.03183502 -0.00105163
v 0.00575965 -0.03373869 -0.00098142
v -0.06208448 0.00321187 0.00036503
v 0.01949992 -0.02941336 0.00017123
v 0.02973184 0.02268337 0.00444729
v 0.01542705 0.03491012 0.00373138
v -0.07418363 0.00034048 0.00917292
v 0.02768398 0.03705175 0.00430452
v 0.01573389 0.02976705 -0.00024962
v -0.01068689 -0.03875468 -0.00004886
v 0.01555788 0.02093130 0.00320163
v -0.02744282 -0.01544941 -0.00225214
v 0.02269467 0.03811017 0.00034488
v 0.03553911 -0.01260360 0.00251490
v -0.02667814 -0.00111920 0.00360693
v -0.01585974 0.03131475 -0.00027167
v 0.03528865 -0.01113349 -0.00090910
v -0.00261776 -0.04142800 0.00906856
v -0.03948260 -0.00818613 0.00669385
v 0.00429756 0.03982399 0.00098381
v -0.02142724 -0.01922734 0.00188652
v -0.07319441 -0.00715831 0.00238583
v -0.03641270 -0.00922145 -0.00019866
v 0.02276458 0.02855511 -0.00098341
v 0.03425906 0.00692698 -0.00000155
v 0.02242271 0.03345080 -0.00006525
v -0.02180012 0.01748754 -0.00579620
v -0.02399877 0.01061214 0.00090806
v -0.02714224 -0.01350351 0.00129031
v -0.01482723 0.03558819 0.00306879
v 0.01461526 -0.04559902 -0.00348760
v -0.02936661 -0.01300301 0.00253858
v 0.00807319 0.03051477 0.00291365
v 0.00329860 -0.04582783 -0.00014763
v -0.03334770 -0.01372307 0.00114537
v -0.02848391 -0.01788348 0.00339763
v 0.04419160 -0.02032691 0.00076578
v 0.03633272 -0.03220981 -0.00229784
v -0.00917097 -0.03808327 0.00671112
v 0.03542952 0.02942791 -0.00062277
v 0.00477611 -0.04605013 0.00234971
v 0.03523130 0.02978321 0.00222006
v -0.01779283 0.03000308 0.00365085
v -0.01008684 0.02375208 -0.00123482
v 0.03756712 -0.00853875 0.00294900
v 0.03509303 -0.00663301 0.00504836
v -0.02520318 0.00507657 0.00222048
v 0.03438530 -0.00301212 -0.00049129
v 0.04393468 -0.01419441 0.00497165
v -0.05268434 0.00796109 0.00259645
v 0.00782715 -0.04096430 0.00068238
v -0.02853501 -0.02452508 0.00075383
v 0.01233221 -0.03829380 0.00099393
v -0.03680943 0.00853464 -0.00102158
v 0.01966033 -0.03860392 0.00587305
v 0.02068452 -0.03944018 0.00885581
v 0.01630876 -0.03819449 0.00190052
v 0.01429582 -0.03531108 0.00007700
v -0.00452607 0.03972682 0.00325647
v 0.03392066 -0.01669816 0.00094040
v -0.02418150 -0.01933278 -0.00071277
v -0.00205661 -0.04438230 0.00275505
v -0.01822589 0.02044665 0.00789344
v -0.01336371 0.03766523 0.00165599
v -0.02690459 0.00722452 -0.00065063
v -0.00657559 0.03912723 -0.00133125
v -0.04936624 -0.00327661 0.00108588
v -0.00745771 0.02937112 0.00045407
v 0.01765785 0.02337651 0.00028160
v -0.04665918 0.00064982 -0.00051238
v 0.01348642 -0.04607819 0.00701691
v 0.02745656 0.00866081 0.00305007
v -0.02482605 0.02169054 0.00256741
v -0.02420402 0.02361813 0.00198689
v -0.00445470 -0.03156971 0.00163411
v -0.00035566 0.03985238 0.00217458
v 0.04356632 -0.00667154 -0.00010942
v -0.02329597 -0.03704913 -0.00071749
v -0.01861755 0.02051644 -0.00177606
v -0.02888470 -0.02570193 -0.00008297
v 0.03298667 -0.02842321 0.00127707
v -0.01232243 -0.04007016 0.00305928
v 0.01557895 0.02317904 0.00158724
v -0.01927339 -0.03738499 0.00208673
v 0.01195563 0.03998766 0.00480315
v -0.07355388 0.00133763 0.00176578
v 0.02628873 -0.03506535 -0.00157741
v 0.02959739 0.00815636 0.00037659
v 0.02807563 0.00560805 0.00325777
v 0.01261658 0.03986791 0.00312489
v 0.00140372 -0.04495702 0.00102866
v -0.00388329 -0.03857987 0.00362480
v 0.03878604 -0.02846624 -0.00278986
v 0.03476932 -0.02640135 -0.00362365
v 0.02939219 0.00732855 0.00202914
v 0.02881776 -0.03768879 0.00275777
v 0.00493001 -0.03678666 -0.00034792
v 0.01791255 -0.03429320 0.00435939
v 0.04232911 0.01045408 0.00226238
v -0.01051975 -0.03984480 0.00173872
v -0.00045195 0.03985198 0.00457707
v -0.03361103 -0.01986994 0.00357115
v -0.02865533 0.01061029 0.00103220
v -0.02687998 0.01909966 0.00124104
v 0.02414157 0.03134181 0.00744299
v 0.02953494 0.03287130 0.00363021
v -0.00709602 0.02976904 0.00372588
v 0.03186040 0.00506515 0.00185390
v 0.02433407 0.03726082 0.00295243
v 0.01984046 0.01516422 -0.00037550
v 0.02475351 0.01050330 0.00143344
v 0.01320648 -0.03821020 0.00042098
v -0.02311016 0.00827457 0.00140106
v -0.03764049 0.00752939 0.00093813
v -0.00968535 0.02968530 0.00107401
v -0.00601801 -0.03811998 0.00036021
v 0.02477023 0.03587010 0.00098544
v -0.07201761 -0.00724938 0.00308097
v 0.04239220 -0.01027728 -0.00187234
v 0.02230138 0.01222571 0.00612127
v -0.00897136 -0.04408512 0.00620064
v -0.01549604 0.02411690 0.00291713
v 0.04285921 -0.00856068 0.00271976
v 0.01597233 0.03063269 0.00309629
v 0.00006332 0.03100534 -0.00072759
v -0.02554700 0.02487242 0.00274592
v 0.01342546 0.02037402 0.00015237
v 0.00671365 -0.03786014 0.00263145
v -0.00859905 -0.03098067 0.00164792
v -0.00545473 -0.03359618 0.00459439
v -0.04337366 0.00914715 0.00575747
v 0.01546830 0.03957103 0.00339642
v 0.00061605 -0.04428258 0.00180384
v -0.03400048 -0.01775836 0.00928252
v -0.02663050 -0.01891878 0.00592674
v -0.01924848 0.01919975 0.00334001
v -0.05467777 0.00774261 0.00101330
v 0.01490234 -0.03552822 0.00136835
v 0.03222943 -0.03032393 0.00009898
v 0.01528809 -0.04525524 0.00112331
v -0.06327553 -0.00729392 0.00185295
v -0.02632602 -0.00829941 -0.00026480
v 0.02241780 0.03149686 0.00213479
v 0.01811687 -0.04256251 0.00794588
v 0.03833451 0.02787662 0.00443038
v -0.01287341 0.03832678 0.00718372
v -0.00550696 0.03108010 -0.00114027
v -0.06788161 0.00089307 0.00920271
v 0.03076379 0.00756898 0.00659095
v 0.01722877 0.01267597 0.00435831
v -0.04666680 -0.00783606 0.00210903
v -0.03150242 0.01864417 0.00200922
v -0.01702243 0.02505344 0.01066208
v 0.03164301 -0.03733155 0.00474757
v -0.02788817 0.01899686 0.00456334
v 0.03387026 -0.03606325 0.00254502
v -0.00007715 -0.03698689 0.00586748
v -0.02480430 -0.02053380 0.00500906
v 0.01348375 -0.03852772 0.00520531
v 0.00198454 -0.03639425 0.00450207
v 0.02283915 -0.03067530 0.00767772
v 0.04387339 -0.00635980 0.00596029
v -0.02011538 -0.01994132 0.00059335
v -0.06131812 -0.00642124 0.00344242
v 0.02181116 0.01450965 -0.00527825
v 0.02609399 0.00773921 0.00027851
v -0.02331643 0.03037856 0.00564084
v -0.03078300 -0.01762100 0.00409700
v -0.02530202 0.02139212 0.00420709
v -0.01943309 -0.03746150 0.01006521
v 0.01441249 0.01417561 0.00452035
v 0.02165415 0.02094267 0.00439918
v 0.03404412 -0.00075987 0.00280410
v 0.02128011 0.02211123 0.00239977
v -0.01159881 0.02309712 0.00797621
v -0.00963615 0.02369751 0.00434685
v -0.02654111 -0.00321333 0.00676009
v -0.01367345 0.03305509 0.00434807
v 0.03471563 0.00434163 0.00443678
v -0.00688485 0.02735310 0.01050259
v 0.03966524 0.02549794 0.00446683
v -0.01358652 0.03748877 0.00284815
v -0.00831346 -0.04196851 0.00758569
v 0.01550980 -0.03135476 0.00385138
v -0.00952823 0.03623254 0.00488866
v -0.00511276 0.03260349 0.00520469
v 0.03606104 0.01568279 0.01071012
v 0.02281913 -0.03928653 0.00252742
v 0.01037840 0.03004178 0.00930735
v 0.02851599 0.03405985 0.00888689
v -0.06123290 -0.00479797 0.00421245
v 0.01739500 -0.04519522 0.00396482
v 0.04319373 0.00576199 0.00156077
v 0.00208346 -0.03544651 0.00516166
v -0.01077321 0.03061681 0.00288289
v 0.03498752 0.02879826 0.00642255
v 0.02396798 -0.03585700 0.00389910
v -0.02356570 -0.02916448 0.00459662
v 0.02470012 0.03659299 0.00602653
v 0.03889440 -0.02879397 0.00474421
v 0.03413459 -0.02323808 0.00637954
v -0.01561146 0.02269041 0.00507818
v -0.02754083 -0.01631411 0.00869762
v 0.03051420 0.03541757 0.00323828
v 0.04102374 0.02204644 0.00540972
v 0.03529259 -0.03563319 0.00422186
v -0.02931640 -0.02606511 0.00656984
v 0.03948485 0.02311910 0.00566582
v -0.03471584 -0.01504941 0.00917870
v -0.02517932 0.02300728 0.00638101
v 0.03279200 0.00336705 0.00217715
v 0.04282432 -0.00945882 0.00005980
v -0.05621825 -0.00746336 0.00453900
v 0.00018123 -0.04514075 0.00936411
v 0.04177564 -0.02784884 -0.00029929
v -0.02942972 0.01929094 0.00723968
v -0.01743319 0.02973545 0.00754667
v -0.00607129 0.02603535 0.01152937
v 0.02171162 0.02448629 0.00123161
v 0.02370415 0.03084410 0.00277961
v -0.00622487 0.03334601 0.00743420
v -0.03299522 -0.02231843 0.00166651
v -0.00639900 0.03616200 0.00516400
v -0.01157400 0.03842400 0.00516400
v -0.00597819 0.03957459 0.00331302
v 0.03856404 -0.01843259 0.00641634
v -0.01272457 -0.04036815 0.00533406
v -0.07197618 -0.00788760 0.00456365
v -0.01366856 0.02406197 0.00922708
v 0.03470924 -0.02504087 0.00662555
v 0.03731157 -0.01002298 0.00654803
v -0.00817308 -0.03098985 0.00396320
v -0.02369678 -0.03632482 0.00496939
v -0.03509582 -0.01391192 0.00313702
v -0.02676229 -0.02602341 0.00505894
v 0.02141564 -0.04484222 0.00746098
v 0.01438560 0.02456877 0.00729565
v 0.03282265 -0.03104988 0.00537196
v -0.07137472 0.00105982 0.00929660
v -0.07049625 -0.00490019 0.00528144
v 0.00394485 0.03055010 0.00540774
v 0.02843334 0.00653744 0.00903727
v 0.04328233 -0.02377220 0.00689816
v -0.01460625 -0.04021571 0.00540166
v -0.01822151 0.01842631 0.00637816
v 0.03534003 -0.03321230 0.00669473
v -0.01680515 0.02142863 0.00422203
v -0.06479710 -0.00697290 0.00531554
v 0.03434053 -0.01671473 0.00688105
v -0.02651400 0.00064400 0.00623200
v 0.03747648 0.02741520 0.00674323
v -0.05244599 -0.00793770 0.00517068
v -0.01613555 -0.03823849 0.00233589
v 0.03532831 -0.01186868 0.00622377
v 0.03205193 -0.03756214 0.00746440
v 0.02065030 0.02238365 0.00665577
v -0.01738595 -0.03745682 0.00704601
v 0.02185717 0.02340622 0.00688582
v -0.02545027 0.00702103 0.00597086
v -0.02923401 -0.01489497 0.00654104
v -0.02484566 0.00938850 0.00107342
v 0.01478104 -0.03256061 0.00480849
v -0.03000864 -0.02189958 0.00231868
v -0.00977410 -0.03103274 0.00656184
v -0.00125726 -0.04464739 0.00508150
v 0.02154747 0.01558370 0.00724330
v -0.03218214 -0.01921516 0.00677939
v -0.02696421 -0.01051820 0.00844038
v 0.01944513 0.01682345 0.00532858
v -0.02669639 -0.00807775 0.00424795
v -0.02671867 0.01883790 0.00699837
v 0.03953691 0.02645185 0.00532367
v -0.00321215 -0.03376259 0.00828757
v -0.02588978 -0.02874594 0.00325483
v -0.00803260 -0.03192095 0.00697898
v 0.01186087 -0.03977257 0.00786229
v -0.01385446 0.02327621 0.00657538
v -0.00623800 -0.03107100 0.00621700
v -0.01320125 0.03376986 0.00983267
v 0.02525468 0.02882240 0.01511552
v 0.03555153 0.01665584 0.01292645
v 0.04290936 0.01107071 0.00797589
v 0.01761078 0.01283810 0.00847534
v -0.03348411 0.01344282 0.00870134
v 0.03538300 -0.03317900 0.00729900
v -0.00261729 -0.03872802 0.01088404
v 0.00149785 -0.03518498 0.00830707
v -0.05714511 0.00258228 0.00545893
v 0.04339744 -0.02264832 0.01441275
v 0.03730369 -0.03101080 0.00986967
v 0.03837502 -0.03017001 0.00515653
v -0.02602336 0.00258263 0.00913673
v -0.00383034 -0.03933261 0.00601892
v -0.02695039 -0.01491684 0.01438314
v -0.01389221 0.02340913 0.00835711
v -0.02439729 0.02986804 0.00792263
v 0.03416668 -0.02778074 0.00659901
v 0.03698571 0.02586181 0.00891525
v 0.03820529 0.00975982 0.00881879
v -0.02539059 -0.02946434 0.00785802
v 0.01311835 0.04023086 0.01012409
v -0.06992317 -0.00611888 0.00864586
v -0.06665311 -0.00209515 0.00784505
v 0.01842558 0.02004729 0.00936818
v -0.00804827 0.02892780 0.00528789
v -0.01658565 -0.03546097 0.00373374
v 0.03411286 -0.02264052 0.00681085
v 0.03389754 -0.02123850 0.00686101
v 0.01116995 -0.04634035 0.00725576
v 0.03911971 0.02787848 0.00771596
v 0.02901950 0.00463247 0.00305304
v 0.04100028 -0.02846931 0.00745310
v 0.02383171 -0.02987124 0.00784300
v 0.04308764 -0.02433139 -0.00005203
v -0.02287171 0.01558540 0.01558658
v -0.01379848 -0.03937649 0.00429645
v -0.05483745 0.00775192 0.00264662
v 0.02225441 0.03865182 0.00619699
v 0.03437921 -0.00241411 0.00768199
v 0.04010950 -0.01614762 0.00658046
v -0.02419765 -0.03594541 0.00652986
v 0.04301548 -0.00972844 0.00685810
v -0.01526821 -0.03017247 0.00868006
v -0.01016785 -0.03188229 0.00215516
v -0.05471264 -0.00835524 0.01943887
v -0.00850932 0.03856501 0.00725904
v 0.02411168 0.03633063 0.00873277
v 0.04330528 0.01512065 0.01367486
v 0.03175988 -0.03025211 0.01101052
v -0.00574110 -0.03219756 0.01042624
v 0.02648254 0.00975946 0.00963743
v -0.07148105 -0.00764684 0.01125370
v -0.07423909 -0.00687362 0.00969353
v -0.03930998 -0.00832575 0.01207429
v 0.02363654 -0.03762211 0.01030783
v -0.00002228 -0.03214042 0.00759651
v 0.01415145 0.01684495 0.00892409
v 0.03274426 0.00871160 0.01033396
v 0.03538990 -0.01697131 0.00944396
v 0.03892444 -0.01332849 0.00634977
v 0.03537989 -0.03320523 0.00876199
v 0.02195572 -0.03016618 0.00577772
v 0.02350708 0.02936413 0.01339367
v -0.00160418 -0.04506206 0.00918574
v 0.03619546 -0.01279292 0.00947920
v 0.03285584 -0.02823706 0.01033219
v -0.00049449 0.03000776 0.01590947
v 0.02260390 0.03246349 0.00675209
v -0.03719018 -0.00534736 0.00638372
v 0.01178498 0.04027183 0.01102683
v 0.03539829 -0.00924885 0.01079591
v -0.00854277 0.03925967 0.00937312
v 0.03422298 -0.01910223 0.01028167
v -0.05545542 0.00271284 0.01028443
v 0.01548172 -0.04423569 0.00956943
v -0.02435525 -0.03023929 0.00606023
v -0.01527957 0.03767560 0.01231222
v 0.03275811 -0.03050799 0.00937096
v -0.02652196 0.02014352 0.00710307
v 0.02376647 0.03778046 0.00946950
v -0.02691303 -0.01363092 0.01190492
v -0.01186502 -0.04085306 0.00358924
v 0.00441402 -0.04073168 0.00523790
v 0.02613629 -0.03571368 0.01063719
v -0.03035263 0.00528232 -0.00904776
v 0.02387453 -0.03510895 0.00801810
v -0.02544035 -0.03167306 0.01220486
v -0.00697438 0.03854565 0.00739446
v 0.01683233 0.02093784 0.01073609
v 0.01816710 0.03081372 0.00966149
v 0.03337221 -0.02191711 0.00966657
v -0.03577607 -0.01159007 0.01201248
v -0.05913848 -0.00781115 0.01007604
v 0.01485762 -0.04588487 0.01087172
v 0.04447563 -0.01714396 0.00912470
v -0.02381621 -0.03635310 0.00927221
v 0.01342318 -0.04153900 0.00907365
v -0.05351548 -0.00790970 0.00772874
v -0.01553591 -0.03957574 0.00876938
v -0.02726528 -0.02718977 0.00876584
v -0.02282963 0.00790229 0.00933539
v -0.03886164 -0.00729467 0.00762003
v 0.04298068 -0.01012798 0.01338081
v -0.02770574 0.01909144 0.01020071
v 0.02767010 0.03463474 0.00565847
v -0.00516780 -0.03145090 0.01517923
v 0.02244914 0.01589227 0.00903255
v -0.00429499 -0.03861030 0.00787469
v -0.01445052 -0.04160945 0.01174872
v -0.02948737 -0.02698137 0.01192700
v 0.00939573 -0.04083368 0.00916088
v 0.02261283 -0.04298616 0.00836002
v -0.02262636 0.02596028 0.00926516
v 0.02235533 0.02631224 0.01350425
v -0.03060884 -0.02227600 0.01173738
v -0.01937319 -0.02038737 0.01026019
v 0.04016399 0.02406998 0.00934974
v 0.01440244 0.02538205 0.01088561
v -0.00284181 0.02991157 0.01050979
v 0.03908950 -0.03329180 0.00744093
v -0.02054930 -0.01946410 0.00774077
v 0.02360709 -0.03432857 0.00999924
v -0.01904400 -0.02834400 0.00943300
v 0.00653276 -0.03725503 0.00944470
v 0.03839624 -0.02776587 0.01013103
v 0.01082806 -0.03892575 0.00407311
v -0.01722300 -0.02893600 0.00943300
v -0.02716689 -0.00769434 0.01252083
v -0.02864900 -0.02476300 0.00943300
v 0.02791644 -0.03788906 0.00883739
v 0.01416087 -0.04407163 0.00598127
v -0.02737221 -0.02569676 0.00954619
v 0.04130437 -0.01232886 0.00960510
v -0.01435067 -0.03206465 0.00877844
v 0.02257600 0.03189300 0.00903500
v -0.01937120 0.01354973 0.01119365
v 0.01219284 -0.04616016 0.01162859
v -0.01124556 -0.04422806 0.00981452
v -0.01350979 0.02262026 0.01270639
v -0.05634494 0.00352008 0.01336034
v 0.03555583 -0.01607913 0.01081606
v -0.00034103 0.03421250 0.00637591
v 0.03538847 0.02913850 0.00717847
v 0.03731761 0.02918015 0.01304981
v -0.01799888 -0.02712932 0.01075564
v -0.02368405 0.03040534 0.01074662
v 0.00182815 0.03985926 0.00935812
v 0.02214471 0.02212347 0.01091281
v -0.00645775 -0.04598677 0.01353538
v 0.02016802 -0.04619959 0.01467725
v 0.03351703 0.00266090 0.00923690
v -0.00584203 -0.04587839 0.00861153
v 0.03217591 0.00840220 0.00984024
v 0.04396053 -0.00165751 0.00766462
v 0.03219607 -0.03750188 0.01094098
v 0.03495573 -0.03569065 0.00940835
v 0.01431094 -0.03870978 0.01094816
v -0.07361607 0.00096549 0.01189440
v 0.02303868 0.03108925 0.00864677
v -0.02652356 -0.02222315 0.01127343
v -0.06754044 -0.00657296 0.00777209
v -0.06731362 -0.00487992 0.00638827
v -0.06425576 -0.00096564 0.00930771
v -0.03806368 0.00175505 0.01654628
v -0.03729795 0.00108757 0.00520831
v 0.02966236 -0.02863193 0.01000714
v 0.01392911 -0.03941749 0.01277932
v 0.02694047 0.01464480 0.01065261
v -0.00634900 -0.03776871 0.01032872
v 0.01796766 0.02052724 0.01054842
v -0.00644676 -0.03580994 0.01100378
v 0.03584269 -0.01293862 0.01001302
v -0.02497559 0.00702244 0.00877451
v -0.01873074 0.03004640 0.00996457
v 0.03431500 -0.00118900 0.01026100
v 0.00694732 0.03485708 0.01227983
v 0.03766862 0.00076509 0.00545760
v -0.07438803 -0.00753730 0.01073322
v 0.04412747 -0.02036643 0.01143744
v -0.02421563 -0.02134679 0.01595725
v -0.06456497 0.00087652 0.01101306
v 0.00538002 0.03982682 0.01114195
v 0.04335741 -0.01765853 0.01269783
v 0.04215246 0.01988019 0.00961035
v 0.03488265 0.00725755 0.01559579
v 0.03452733 0.00691398 0.01254054
v -0.06813946 -0.00743120 0.01152117
v -0.00646745 -0.04542467 0.00649200
v -0.06559940 -0.00771031 0.01446176
v 0.02364300 -0.02992000 0.01156800
v -0.00886117 0.02652216 0.01547389
v 0.03778098 -0.02149794 0.01169572
v 0.03509025 -0.01163251 0.01225550
v 0.03362675 -0.01873593 0.01210518
v 0.03415804 -0.03477569 0.01053411
v -0.00997506 0.02966926 0.01187008
v -0.01607430 -0.03189140 0.01857305
v -0.02087014 0.01109969 0.00922928
v -0.01568774 -0.03027634 0.01311842
v 0.03466368 -0.03587370 0.01397449
v -0.03335173 -0.02232031 0.01144791
v 0.01255261 0.02187563 0.00948092
v -0.00616604 0.03264732 0.01220461
v 0.02191809 0.03230772 0.01630993
v -0.01786960 0.01866476 0.00854882
v 0.03149020 -0.02736602 0.01151989
v 0.03964094 -0.02689452 0.01080299
v -0.01862329 -0.02742405 0.01151066
v 0.01768305 -0.03160715 0.01042097
v -0.06653835 0.00038963 0.00975333
v 0.03137312 -0.02177228 0.01185040
v -0.00880516 0.03730977 0.01407653
v -0.03723299 -0.00751967 0.00951387
v 0.01215121 0.01923774 0.01013663
v 0.04220015 -0.02634560 0.01170558
v 0.01937615 0.02525213 0.00922533
v 0.02853423 0.01377829 0.01159014
v 0.02272013 -0.03066343 0.01251219
v -0.02762184 -0.01743243 0.01671180
v -0.02712557 -0.00420010 0.01484104
v -0.01770236 0.01855336 0.01413413
v -0.02744268 -0.02668556 0.01190690
v -0.02421252 -0.01929153 0.01259269
v 0.02495358 -0.02906290 0.01058192
v 0.04377598 0.00921768 0.01232213
v -0.00715177 0.02466260 0.01213242
v -0.02505902 -0.02947489 0.01191705
v 0.03698350 -0.01857034 0.01090161
v 0.00002686 -0.03184530 0.01383872
v 0.03977290 -0.03246049 0.01309122
v -0.02661988 0.00075691 0.01159249
v 0.01292105 0.02446796 0.01479607
v 0.01076800 0.02335600 0.01263500
v -0.02974270 0.01930557 0.01715584
v -0.06619306 -0.00185493 0.01439486
v 0.01844704 -0.04245390 0.01452211
v 0.01304000 0.02234054 0.01388419
v -0.06463733 -0.00413531 0.01259084
v 0.03316452 -0.03616449 0.01661437
v 0.01469539 -0.03269815 0.00953306
v 0.03298492 -0.02908243 0.01494412
v 0.04355801 -0.00722859 0.01180829
v -0.02375147 0.02944047 0.02000139
v -0.01953498 -0.02807949 0.01639636
v 0.02059659 0.02275503 0.01448412
v -0.00688487 0.03031345 0.01105889
v 0.04396543 -0.00064925 0.01319552
v -0.02468213 0.02167236 0.01059401
v 0.02018000 -0.03107100 0.01263500
v -0.01589756 -0.02970983 0.01165598
v -0.01580892 -0.02939989 0.01477098
v -0.07060055 0.00172767 0.02008486
v 0.03432560 -0.00027923 0.01099473
v -0.05501872 0.00687905 0.01031804
v 0.02117410 0.03241624 0.00804527
v 0.01543411 -0.03703526 0.00875234
v 0.01430295 -0.03638943 0.01127047
v 0.02404020 0.03784631 0.01194248
v -0.00732437 0.03946757 0.01220821
v -0.02911003 -0.01755637 0.01051963
v 0.02208018 -0.04573612 0.01744896
v -0.07431322 -0.00728223 0.01351132
v -0.01679256 0.03080427 0.01139304
v -0.01595751 0.02342287 0.01609437
v -0.02011100 0.01268400 0.01165000
v -0.01843746 -0.03751673 0.01160219
v 0.01880603 0.03375322 0.00808416
v -0.04378195 0.00107790 0.00603214
v 0.03936840 -0.03383665 0.01749047
v 0.03925169 -0.03312739 0.01184610
v -0.00491187 0.03000879 0.01201359
v 0.04383521 0.01215612 0.01433729
v 0.00404880 -0.03583229 0.01195467
v 0.02821648 -0.02814172 0.01713005
v -0.02451328 -0.01963518 0.00937579
v 0.03773761 -0.01223893 0.01357932
v 0.01444320 -0.03254275 0.01637681
v 0.00831356 0.04022206 0.01468984
v -0.03697767 -0.00870835 0.01447951
v 0.01425231 0.02895760 0.01886327
v 0.04262700 -0.02743285 0.01915480
v 0.00523805 -0.03551695 0.01696055
v 0.04052080 0.02328457 0.01415278
v 0.00787272 -0.03735012 0.01186792
v 0.03869819 0.02878604 0.01512057
v -0.04741341 0.00779593 0.01389580
v -0.01185865 0.03019060 0.01527617
v -0.01771108 -0.03779549 0.01459602
v -0.02696164 0.01756605 0.02054049
v 0.03127275 -0.03108152 0.02219480
v 0.01468957 -0.04540706 0.01706377
v 0.02614423 -0.02829917 0.01798574
v -0.01812041 -0.03669979 0.01166399
v 0.02248258 0.03212868 0.01293587
v -0.00807400 0.02975900 0.01370200
v -0.03329541 0.01672883 0.01421220
v -0.01597354 0.03604245 0.01471019
v 0.02625463 0.03750906 0.01333373
v 0.03073165 0.03363361 0.01206414
v 0.03027349 -0.02289548 0.01290274
v -0.02541938 0.02124902 0.01378475
v -0.01988217 0.01838688 0.01266093
v 0.04204731 0.02014019 0.01377415
v -0.03178086 0.01463573 0.01760609
v -0.03088480 0.01502360 0.01168036
v 0.00524559 0.02205206 0.01441581
v -0.00957358 0.03891247 0.01444000
v -0.05357830 -0.00110923 0.01306878
v 0.03580699 0.02207295 0.01413162
v 0.00642817 0.02089418 0.01035088
v -0.03264262 -0.01895339 0.01286502
v 0.00360466 0.02928206 0.01994684
v 0.02294600 -0.03854100 0.01476900
v 0.02668728 -0.02731661 0.01243323
v -0.01344305 -0.04350451 0.01703417
v 0.03794095 0.02080089 0.01703886
v -0.02641794 -0.01894506 0.01386299
v 0.04371320 -0.00441298 0.01305010
v 0.04006023 0.01046152 0.00693973
v -0.01790593 0.02494734 0.01918000
v 0.03519833 -0.01138466 0.01697758
v 0.01400850 -0.03830357 0.01704468
v 0.00004372 -0.03960553 0.01470777
v 0.01351619 0.02985357 0.00934039
v -0.02529283 0.02207565 0.01602025
v -0.00359067 -0.04460823 0.01567939
v 0.03490093 -0.00472547 0.01062931
v 0.02358798 0.03117129 0.02005553
v 0.02409659 0.01968437 0.01182431
v 0.00087900 -0.04399600 0.01401900
v 0.03785621 -0.03438400 0.01253779
v -0.03113272 -0.02633888 0.02202694
v 0.04407337 0.00300910 0.01035524
v -0.03236891 -0.02543693 0.01482829
v 0.02790075 0.01280356 0.01379969
v 0.02390369 0.03772247 0.01861721
v -0.01389153 -0.03227471 0.01210984
v -0.01505002 -0.02972849 0.02002509
v -0.00806479 -0.03780916 0.01266142
v -0.02893269 -0.01797611 0.01704818
v -0.00316803 -0.03920236 0.01537603
v 0.00176399 -0.03525437 0.01962495
v 0.01353311 0.02926876 0.01504771
v 0.03963742 -0.01953813 0.01636706
v -0.01798891 0.01588825 0.02084061
v -0.03273923 0.01782626 0.01502361
v -0.02479902 -0.02963647 0.01837047
v 0.03048385 0.02371689 0.01840514
v -0.03547935 -0.01684212 0.01870071
v 0.02267941 -0.04077002 0.01438499
v -0.02060036 0.03084625 0.01330753
v -0.05501914 -0.00287876 0.01425465
v 0.03926607 -0.01459507 0.01281438
v -0.01731414 0.02648750 0.01425336
v 0.00351769 -0.04529780 0.01731476
v -0.01612412 0.03268924 0.01116542
v -0.01237633 -0.03479693 0.00900828
v 0.04010119 0.01243525 0.01090381
v 0.00083158 -0.03995462 -0.00457628
v 0.00450600 0.03418795 0.03231029
v -0.02467279 -0.03503046 0.01503398
v 0.02519515 0.01578857 0.01269691
v -0.05152759 0.00406808 0.01538758
v 0.04384798 -0.00104608 0.01557796
v -0.05682093 -0.00128793 0.01747415
v -0.07388021 0.00058222 0.01862486
v -0.02642836 0.02059133 0.02022766
v 0.03281789 -0.03026247 0.02030654
v -0.02424194 -0.03465280 0.01712575
v 0.02360940 -0.03393234 0.01773332
v 0.04339928 0.01586734 0.01519222
v 0.03045568 0.01161171 0.01542436
v 0.01890596 -0.03097280 0.01958781
v 0.04285083 -0.02473095 0.01589317
v 0.02684500 0.02101800 0.01583600
v 0.01977302 0.03950374 0.01703146
v -0.06549027 0.00115485 0.01803288
v 0.02970643 0.03265797 0.01651145
v 0.02238693 -0.03114772 0.01526067
v 0.04367651 -0.01565449 0.01494238
v -0.01588630 0.03257752 0.01614709
v 0.04357400 0.00362316 0.01891426
v 0.02779660 -0.02474734 0.02179795
v 0.02548513 0.03710034 0.01705085
v 0.04132234 0.01183007 0.01895007
v -0.05554677 0.00318348 0.01741267
v 0.02236259 0.02522132 0.01128719
v -0.00102712 -0.04231181 0.01280990
v -0.00276596 -0.03850653 0.01779430
v 0.02272078 -0.03978608 0.01746324
v 0.02376502 -0.03807692 0.01406811
v -0.00596626 0.03209504 0.01709237
v 0.03365236 0.00943082 0.01507965
v 0.03374651 -0.02638343 0.01501130
v -0.03429384 -0.01871259 0.01634893
v 0.02141460 0.02252080 0.01514387
v -0.01330981 -0.04364138 0.01458380
v -0.00907198 0.02975108 0.01764866
v 0.00175542 -0.03660043 0.01739507
v -0.02061278 -0.03400819 0.01325119
v 0.00707482 0.02182459 0.01522576
v 0.04120605 0.02108420 0.01559369
v 0.02613870 -0.03791792 0.01605985
v 0.01513797 0.04008037 0.01314470
v -0.05053646 0.00740120 0.02708751
v -0.02354838 -0.03595205 0.01703173
v -0.00966758 0.03665333 0.01508111
v -0.03776657 -0.00418977 0.01929020
v -0.00828032 -0.04275127 0.01689921
v -0.02427013 -0.01938392 0.01886921
v 0.01935669 0.03341345 0.02100444
v 0.03471228 0.00124951 0.01600728
v -0.02375256 -0.01974281 0.01982293
v -0.00774967 -0.03028558 0.01973083
v -0.01812555 -0.02485456 0.01502278
v -0.02629352 0.00927395 0.00908330
v 0.01876114 0.02388661 0.02147698
v -0.00948994 -0.02984357 0.01578333
v 0.04045220 -0.01942805 0.01545055
v 0.04382876 -0.00986169 0.02022685
v -0.07396958 -0.00573922 0.01740768
v -0.01564004 0.03681263 0.01845033
v -0.01223756 0.02415300 0.01618529
v 0.02914051 0.03640292 0.01722750
v -0.01094784 0.02275679 0.01662873
v 0.03524391 -0.03108035 0.01864957
v -0.03198541 0.01494155 0.02209023
v 0.03345568 0.02296382 0.01738716
v 0.03960862 -0.02406694 0.01338396
v 0.01862169 -0.03858603 0.02113557
v 0.01576404 -0.03638186 0.01381286
v 0.00690702 0.02359097 0.01823180
v -0.05341460 -0.00382479 0.01548140
v -0.02828184 -0.02671823 0.01565787
v -0.04681850 0.00727351 0.01686471
v -0.01923711 0.02026910 0.01596525
v 0.03448992 0.00502324 0.01900042
v 0.02754904 0.02059702 0.01542889
v 0.00427111 0.03494125 0.00676009
v -0.02205018 0.02256590 0.01664239
v 0.01775174 0.02109866 0.01410846
v 0.02809239 -0.02547466 0.01597234
v 0.01559418 -0.04477698 0.02000283
v -0.00938726 -0.03776194 0.01947398
v 0.01449094 0.02508042 0.01881878
v 0.04385330 -0.00671413 0.01801650
v 0.02874675 0.01334850 0.02073292
v 0.01485690 0.02847788 0.02721784
v -0.01111928 -0.03526725 0.02162158
v 0.04453107 0.01056116 0.01902886
v -0.00612472 -0.03231812 0.01858919
v 0.03009758 -0.02573538 0.01935789
v 0.01119447 -0.03705828 0.01990406
v -0.01388173 -0.04076541 0.01950687
v 0.02149388 -0.04109891 0.01998774
v 0.02185560 0.02347086 0.01810955
v -0.05570256 -0.00460275 0.01931444
v -0.00599770 0.03976163 0.01319619
v -0.00623800 -0.04397600 0.01797100
v 0.01760221 0.03057071 0.01992048
v -0.05480338 0.00721857 0.01506481
v -0.01805989 -0.03629962 0.01854062
v -0.00788337 0.02669794 0.01839717
v 0.02506304 -0.03680401 0.01639744
v 0.03247908 0.02056559 0.01872819
v 0.03177719 0.03216879 0.01764116
v -0.02493825 -0.02943961 0.01540795
v -0.00231920 0.03350219 0.01850660
v -0.02660799 -0.02799476 0.01838726
v -0.02466968 0.02572092 0.01467862
v 0.00419095 -0.03419689 0.01831165
v -0.07324199 -0.00589551 0.01989656
v -0.04673243 0.00676703 0.02233333
v 0.02633533 0.03173174 0.01935991
v -0.01604436 0.03226528 0.01841817
v -0.02743089 0.01838940 0.01795891
v -0.02743684 0.01962136 0.01885035
v 0.03893507 0.02361922 0.01823554
v -0.01797632 -0.02777356 0.01933732
v -0.01691000 -0.03854100 0.01741100
v -0.05963146 -0.00348171 0.01888128
v 0.02258685 -0.04467654 0.01920675
v 0.03510657 0.02958838 0.01466982
v 0.01284094 -0.04027814 0.01631109
v -0.01429748 0.02681861 0.02040355
v -0.00952072 0.03068642 0.02248677
v 0.03453306 0.02831731 0.01712212
v -0.02745006 -0.01199700 0.02341899
v -0.01845251 0.02152057 0.01878802
v 0.03199586 -0.01982477 0.02036764
v -0.00685724 0.03820646 0.01719000
v -0.05487654 0.00129134 0.02052714
v -0.01405637 0.03823509 0.01794132
v -0.01767036 0.01946562 0.01898317
v -0.03439219 0.01457361 0.01362009
v -0.00727519 0.02401601 0.01889490
v 0.02459603 0.02126274 0.01880332
v 0.00686177 0.02931870 0.02031159
v -0.06584808 -0.00710908 0.01857553
v -0.00948509 -0.04275064 0.01951881
v 0.04272329 0.01870714 0.01810891
v 0.03414737 0.01819676 0.01848101
v 0.01413443 -0.04303054 0.02253528
v 0.03536313 -0.01959499 0.01906659
v -0.01452524 -0.03980091 0.01550351
v -0.00333006 -0.03122047 0.02161482
v 0.04329139 0.01694551 0.01689770
v 0.03159740 0.02344445 0.02422369
v 0.00256524 0.04078942 0.01906995
v -0.01953999 -0.02668834 0.01317482
v -0.00198416 -0.04521942 0.02022554
v 0.03987974 -0.03341904 0.02107865
v -0.01943396 -0.02041042 0.01780266
v 0.01068178 0.04016620 0.01429085
v 0.01467579 -0.03240827 0.02797752
v -0.05755877 -0.00470845 0.01867128
v -0.03415000 -0.02039900 0.01903800
v -0.01386492 0.03180313 0.02089621
v 0.03399523 -0.02891103 0.02005796
v -0.04923654 -0.00800606 0.01675234
v 0.03101209 0.02068207 0.01831629
v 0.00554864 0.04062578 0.01873630
v -0.00252444 -0.04088814 0.01920042
v -0.04665195 -0.00735760 0.01939223
v 0.02064762 -0.04602676 0.01715798
v -0.01050600 0.02655700 0.01861500
v -0.05247414 -0.00400122 0.01904288
v 0.02569773 -0.03635787 0.02182430
v 0.03630247 0.00709557 0.02075898
v -0.01824338 0.03113477 0.02113708
v 0.04344716 0.00625467 0.02041760
v -0.06167296 0.00327235 0.02010347
v -0.00658528 -0.04381671 0.02175347
v 0.02558367 -0.02824049 0.02365656
v 0.00065745 -0.03476510 0.02125847
v -0.00717097 0.02318701 0.02032266
v 0.01526715 0.02767662 0.01934338
v -0.04223891 -0.01048035 0.02094987
v 0.03406589 -0.01272826 0.02622052
v -0.03388976 -0.01910080 0.01984405
v 0.03420935 -0.03368334 0.02272092
v -0.02162492 0.02183341 0.02023937
v 0.02936035 0.01462806 0.01777909
v 0.00422630 -0.03526513 0.01924770
v 0.03918520 0.02345094 0.02140736
v -0.06458525 -0.00771766 0.02034580
v 0.02471100 0.02087800 0.02010500
v -0.01005027 -0.03837856 0.01905778
v -0.02435248 0.02544114 0.02002921
v 0.00296383 0.02366907 0.02056691
v -0.02012431 0.03108360 0.01817107
v 0.03571580 -0.03262536 0.02100656
v 0.03289926 0.01063076 0.01813288
v -0.01604599 -0.03931246 0.01908362
v 0.02106836 0.03916706 0.02100681
v -0.02526838 -0.03150203 0.02120913
v -0.00612475 -0.04599201 0.02057799
v -0.05191592 0.00696271 0.01989586
v 0.03223957 0.01396876 0.02001747
v 0.01438529 -0.04523444 0.02057419
v -0.01831795 -0.02242203 0.02278483
v -0.06225888 -0.00800177 0.02432420
v -0.00648266 0.03589361 0.02038255
v -0.01472187 0.03785613 0.01855836
v -0.02653031 -0.02824647 0.02128138
v -0.00179446 -0.03390521 0.02111649
v -0.00008891 -0.03207580 0.01962701
v -0.03319836 0.01841302 0.02285054
v -0.01536582 0.02270293 0.02142545
v 0.00324840 -0.04128089 0.02145596
v 0.02914827 0.03215855 0.02632133
v -0.01719217 -0.03535226 0.02104751
v -0.00433987 0.02969814 0.01984042
v 0.03262092 0.02623497 0.02421221
v -0.05999217 0.00176127 0.01836007
v -0.06600000 -0.00332400 0.01908600
v -0.03720708 -0.00934271 0.01911898
v -0.04339591 -0.00465732 0.01920769
v -0.03305579 0.00484817 0.01411210
v -0.00566865 -0.04627308 0.02246384
v -0.02000718 0.03053978 0.02192315
v 0.00189687 0.02884565 0.02020858
v 0.00367872 0.02621430 0.02253442
v 0.00194542 -0.04509187 0.02019163
v -0.06022863 0.00493300 0.02243686
v -0.02438000 -0.03459300 0.02117200
v -0.00076737 0.04042130 0.02066653
v -0.03311354 -0.02088166 0.02464532
v 0.04287098 0.01944703 0.02230858
v 0.03497389 -0.00053020 0.02279900
v 0.03789464 -0.03446448 0.02245958
v -0.01523980 -0.04015196 0.02421303
v -0.01145550 0.02506608 0.02201222
v 0.00636768 -0.04546990 0.01922964
v -0.01695195 0.03251344 0.02260001
v -0.01491858 0.02328039 0.01861798
v -0.00895867 0.02580979 0.02154336
v -0.03705510 -0.01430207 0.02197841
v -0.03741564 -0.01080050 0.02120150
v -0.00722269 -0.03777442 0.02055243
v 0.02255693 -0.03135841 0.02015945
v 0.03494991 0.00914059 0.02073943
v -0.01798783 0.01898309 0.03123359
v 0.02359918 -0.03372558 0.02005286
v -0.06281906 0.00202197 0.02168403
v 0.02156745 -0.03102423 0.02157982
v 0.01527245 0.02593155 0.02662337
v 0.02250934 0.02440052 0.02121985
v 0.04255907 -0.02056948 0.02114978
v 0.04425372 0.01457333 0.01901317
v -0.03497550 0.01399633 0.02397328
v 0.01400847 0.02899004 0.01970490
v 0.02344053 -0.04417569 0.02931641
v 0.02243650 -0.03943673 0.01993068
v 0.03896710 0.02884469 0.02249751
v 0.02495461 -0.03719513 0.02464291
v 0.03374864 0.02948103 0.02300003
v -0.00724557 0.03893877 0.02060469
v -0.01566727 -0.03149040 0.02501787
v -0.01333817 -0.03204493 0.02140843
v 0.00081496 -0.03222365 0.02088059
v -0.02482047 -0.02108844 0.02124543
v 0.02540512 0.02075902 0.02333424
v -0.01900539 0.02189754 0.02068546
v 0.02240601 0.02286980 0.01933720
v 0.03328600 0.01975764 0.02117346
v -0.00035284 0.02862219 0.02111559
v -0.04638507 0.00457853 0.02345974
v 0.03207246 0.01271921 0.02036956
v -0.03261354 -0.02019330 0.02042577
v -0.02006607 0.02695530 0.02014738
v -0.01730150 0.02802717 0.02341129
v -0.06509959 -0.00142437 0.02044351
v -0.00252622 0.02407752 0.01972863
v 0.01243151 -0.03376782 0.02021066
v 0.01651410 -0.03855745 0.02123115
v 0.03415690 -0.02117217 0.01971705
v -0.00837200 0.02655700 0.02065400
v 0.03719209 0.01693550 0.02235317
v 0.04072463 -0.01324569 0.01735928
v 0.03921551 -0.00348252 0.01767764
v 0.01506397 0.03450768 0.01500807
v 0.03229296 0.03145075 0.02246398
v 0.03992098 0.00562953 0.02226008
v -0.03502741 -0.01939200 0.02834772
v -0.01005547 -0.03682958 0.02687413
v 0.02044200 -0.03078000 0.02223900
v 0.02907854 0.03323907 0.02365983
v 0.03956595 -0.02541517 0.02113809
v 0.01920464 0.02610892 0.02760663
v -0.07219639 -0.00632876 0.02116062
v -0.04951306 0.00179367 0.02580007
v -0.01998325 -0.03749310 0.02424725
v -0.00776463 -0.03137443 0.02218484
v 0.03460638 0.02040120 0.02161780
v -0.02657093 -0.02318310 0.02036497
v 0.02668338 0.03686414 0.02299000
v -0.05837778 0.00211572 0.02255171
v 0.02349487 -0.03012863 0.02084209
v -0.01347808 -0.03972930 0.02288496
v -0.00834586 0.02292280 0.02156083
v 0.03131139 -0.03746419 0.02169341
v -0.00861056 0.02996594 0.02147558
v 0.00478953 0.04058561 0.02177920
v 0.02421171 0.02999419 0.02115264
v 0.03768065 -0.03448379 0.02761944
v 0.04311254 -0.01945072 0.02170890
v 0.02799309 -0.03416218 0.02236894
v -0.02007942 -0.03459919 0.02154792
v 0.03311687 -0.01589962 0.02159337
v 0.00775745 -0.03623339 0.01981701
v 0.01067472 -0.04602995 0.02376777
v -0.02230010 0.03040707 0.02131786
v 0.00725844 -0.03626557 0.02389931
v 0.02196278 0.03828276 0.03220442
v 0.02316457 0.03624233 0.01612227
v -0.02784606 -0.01792938 0.02203141
v 0.01872506 0.03352939 0.02565515
v -0.02803581 -0.01653588 0.01996120
v -0.01451349 0.02658905 0.02144019
v -0.01261809 0.02799854 0.02201268
v -0.02777147 -0.00571370 0.02200292
v -0.01997255 0.03084932 0.02227297
v -0.01622341 -0.03008913 0.02255240
v -0.00541830 -0.03885862 0.02616569
v -0.04008506 -0.01311900 0.02178006
v 0.00566930 -0.03284814 0.02125937
v -0.00575223 -0.04033444 0.02424559
v -0.00260171 0.04027449 0.02276631
v 0.03270690 0.02156750 0.02288462
v -0.06855530 -0.00665776 0.02552655
v 0.04130222 0.02197268 0.02277067
v -0.02841482 -0.02529298 0.03025214
v 0.03942213 0.02212866 0.02390861
v 0.02688431 -0.02834774 0.02804886
v 0.00908928 0.02936226 0.01797678
v 0.02942622 0.01387760 0.02796638
v -0.00728778 -0.04425909 0.02737848
v 0.03176930 -0.03764101 0.02360398
v -0.02818312 0.01847134 0.02451279
v -0.02507418 -0.02933376 0.02365597
v -0.02137721 0.02826670 0.02007179
v -0.02266624 -0.01977034 0.02590250
v -0.04523924 0.00700045 0.02423108
v 0.04434234 -0.00492980 0.02161498
v 0.04012841 0.02735346 0.02149700
v -0.02036381 -0.02050796 0.02342577
v 0.00908272 0.03967195 0.02920244
v 0.03415522 -0.03555052 0.02255383
v -0.05465016 -0.00940863 0.02534926
v 0.01550757 0.02897267 0.02700703
v 0.03221653 0.01281028 0.02359214
v -0.01929193 0.03053661 0.02666081
v -0.00087027 0.02260607 0.02429208
v -0.01855293 -0.02273693 0.02351929
v -0.01798077 0.02954753 0.02093943
v 0.01236783 0.03970947 0.02325283
v 0.00815199 -0.03402705 0.02693112
v -0.05913833 -0.00833745 0.01946974
v 0.01108291 -0.03511608 0.02572636
v 0.04811131 0.00018374 0.02410011
v 0.02195209 -0.03951954 0.02344093
v 0.01322549 -0.03892032 0.02336606
v -0.04421455 -0.01124793 0.02446187
v 0.04315044 0.00972640 0.02668076
v -0.07084964 0.00044044 0.02268030
v 0.04353444 0.00317713 0.02076812
v 0.01649293 -0.04147845 0.02124611
v 0.01712479 -0.04119113 0.02174136
v 0.03980209 -0.00323667 0.03804483
v 0.00801115 0.03422239 0.03439082
v 0.01093184 -0.04038535 0.02990351
v -0.03145777 -0.01088187 0.02333044
v -0.02558890 0.02183714 0.02777608
v -0.05138090 0.00388697 0.02500315
v 0.03536567 -0.00583047 0.01885100
v -0.00520251 0.04020215 0.02804308
v 0.02630506 0.03711976 0.02459241
v -0.06879982 -0.00707338 0.02492852
v -0.06707825 0.00138035 0.02370231
v 0.03527116 -0.00800263 0.03029518
v -0.05628871 -0.00961670 0.02234522
v 0.01749422 -0.03415365 0.02834596
v 0.02097324 0.02329270 0.02367051
v 0.01569813 -0.03195774 0.02396955
v 0.02006539 0.02361892 0.02675117
v 0.04297366 0.00612016 0.02357389
v 0.00374887 0.02745295 0.02475289
v 0.00561717 0.02918923 0.02336909
v -0.00846804 -0.03107369 0.02351518
v 0.00642356 0.03986984 0.02790748
v -0.05796951 0.00646104 0.01963076
v -0.01071378 0.02912034 0.02757758
v 0.04426023 0.01450871 0.02658566
v -0.00169750 -0.03183836 0.02759469
v 0.01476812 -0.04526623 0.02448852
v -0.01474815 -0.03036579 0.02253182
v 0.03187869 -0.02897408 0.02426861
v 0.04387689 -0.00377976 0.02469224
v 0.04040590 -0.02053130 0.02439408
v -0.02297154 -0.03111539 0.02200083
v -0.01131649 0.03883695 0.02535235
v 0.02641225 0.02114006 0.02679788
v -0.01230005 0.02338115 0.02372532
v 0.03465224 -0.02370742 0.02439639
v 0.03184192 0.01406234 0.02554920
v 0.03308685 -0.02974519 0.02408250
v 0.02329487 0.02849658 0.02463849
v 0.00191268 -0.03440713 0.02871922
v 0.04219067 -0.02844330 0.02589295
v 0.03713893 0.00518462 0.02240544
v -0.02609595 -0.01924126 0.02213585
v 0.02361567 -0.03000920 0.02507926
v -0.03217680 -0.02507010 0.02805189
v 0.02393277 0.03591416 0.02469310
v -0.00779208 0.03907385 0.02257424
v 0.03450198 -0.01818617 0.02335916
v -0.01218089 -0.04440646 0.02971702
v -0.01271274 -0.04442748 0.02046265
v 0.00141534 0.04025173 0.02524398
v 0.01811034 -0.03145576 0.02996835
v 0.01879330 -0.03340341 0.03585119
v -0.05675866 -0.00940731 0.02816118
v -0.06113546 0.00319455 0.02481035
v 0.03770252 -0.02784203 0.02463198
v 0.03136683 -0.02122765 0.02658755
v -0.02859538 0.01124524 0.02378891
v -0.03644780 -0.01767995 0.02482800
v -0.01773348 -0.02827172 0.02533048
v 0.02233561 -0.04573213 0.02385032
v -0.00684353 -0.04520180 0.02454501
v 0.02294094 0.02392888 0.02635247
v 0.01170798 0.02921409 0.02952288
v -0.01757420 -0.02589026 0.02835652
v 0.04368486 -0.00127736 0.02696155
v -0.00972490 0.02973985 0.02441310
v -0.02224029 0.03045543 0.02988874
v -0.00585836 0.02668002 0.02271808
v -0.04021820 0.00461035 0.02799739
v -0.04456394 -0.00937613 0.02206053
v 0.00237066 -0.03354880 0.02422365
v -0.01831921 -0.03733265 0.02256028
v 0.02786148 -0.02652935 0.02746759
v 0.00613301 -0.03432837 0.02607591
v -0.03188763 0.01912980 0.02050244
v 0.01157347 -0.03760065 0.02237946
v 0.02122700 0.03146147 0.03372046
v 0.03346552 0.01249072 0.02771953
v 0.03543272 -0.00834749 0.02222263
v -0.00591992 0.03174507 0.02454020
v 0.03478602 0.00232263 0.02680350
v -0.02210111 -0.01928960 0.03189827
v 0.03489969 0.00424107 0.02537320
v 0.02897900 0.02161100 0.02544100
v 0.03801644 0.00271271 0.02335423
v -0.03753554 -0.00980524 0.02050301
v -0.03737467 -0.01242673 0.02724314
v -0.06614797 0.00087771 0.02524847
v 0.04511353 -0.00986051 0.02416681
v 0.01721327 0.03404638 0.02335116
v -0.06478598 0.00077941 0.02830850
v -0.03427310 0.01186623 0.03081470
v 0.01109027 -0.04578191 0.02003997
v 0.01582036 -0.03477942 0.02289787
v 0.02996682 0.02463276 0.02706538
v 0.04361823 -0.01541955 0.02637588
v 0.04363165 -0.01455310 0.02447035
v -0.01427681 -0.03999245 0.02919170
v -0.01449554 0.02292736 0.02545843
v 0.03858400 0.02123100 0.02650800
v -0.04300176 0.00309062 0.02803977
v -0.03887352 -0.01485823 0.02508268
v -0.00411470 -0.03940712 0.02859419
v 0.03563004 0.00764768 0.02386625
v -0.05655526 0.00299406 0.02709231
v -0.05276237 -0.00912852 0.02847046
v 0.03938143 0.02227587 0.02989838
v -0.02465070 0.02708766 0.02569740
v -0.05174464 0.00256291 0.02853620
v 0.02492040 0.03104524 0.02352552
v 0.04175675 0.02272422 0.02659540
v -0.00483834 -0.03162993 0.02856168
v 0.03355000 -0.01613000 0.02650800
v -0.05421672 0.00211253 0.02653745
v -0.00985877 -0.03633508 0.03180198
v -0.04417236 0.00695010 0.03230834
v 0.03379432 0.01939315 0.02593555
v 0.00454712 -0.03547493 0.02444644
v 0.02523029 0.03709036 0.02638310
v 0.03374270 -0.02871393 0.02906132
v -0.03788103 0.01013810 0.02716414
v -0.00719894 0.03762310 0.02555683
v -0.00679400 0.03509500 0.02650800
v 0.03242366 -0.03828731 0.02993632
v -0.01020518 0.03893216 0.03290149
v 0.03377165 0.02907893 0.02814372
v 0.03466167 0.02859130 0.02526879
v -0.00730457 0.03950046 0.02972719
v -0.00598240 0.03940607 0.02400964
v 0.00176901 -0.03611299 0.02481318
v 0.03752017 -0.02669672 0.02640886
v -0.04482853 -0.01435150 0.02994958
v 0.01424458 -0.04505348 0.02566490
v 0.02490393 0.01609071 0.01662105
v -0.04546159 0.00440910 0.02697153
v 0.00021164 -0.04628015 0.02724272
v -0.05863718 0.00307065 0.02600238
v -0.02753616 -0.01473979 0.02560417
v -0.05709831 0.00413308 0.02517034
v 0.04161666 -0.02748064 0.02350121
v 0.03690486 -0.02337944 0.02942962
v 0.04553329 -0.01158233 0.02854938
v -0.01118292 -0.03110296 0.02536873
v -0.00729334 -0.03130438 0.02775917
v 0.00758260 0.03919260 0.04064234
v -0.01091741 0.03069095 0.02933131
v -0.01358649 -0.03355603 0.02459563
v 0.02214113 -0.03098880 0.02992995
v -0.00598864 -0.03277555 0.02766955
v -0.00508074 0.03287793 0.02969068
v 0.03764515 0.01163232 0.03065072
v -0.02463573 -0.03547205 0.02981920
v 0.03327070 -0.01922350 0.02611858
v 0.01459460 -0.04564714 0.02915507
v 0.03856104 0.00807206 0.02612720
v 0.01380128 -0.03982603 0.03003424
v 0.03431599 -0.01990880 0.02800628
v -0.04260829 -0.01172106 0.02732988
v 0.00123300 0.02733600 0.02757500
v -0.03371329 -0.01920755 0.02786380
v 0.00062896 -0.03256218 0.02599670
v 0.02492445 -0.03812899 0.02969375
v 0.00621948 -0.03595546 0.02925975
v -0.00337583 0.03063832 0.02996881
v -0.01949528 -0.02640591 0.02568091
v -0.02839275 -0.01504584 0.02687406
v -0.05282273 0.00622018 0.02820821
v 0.04136453 0.01232483 0.03106872
v -0.03528657 0.01279296 0.02869962
v -0.00750412 0.03779353 0.03158479
v -0.02426594 0.02942712 0.03110689
v -0.01158320 0.02205211 0.02838007
v 0.03507848 0.01986116 0.03153208
v 0.03350158 0.03008888 0.02512649
v 0.03578156 0.02979668 0.02405959
v -0.00612559 0.03216518 0.02760837
v 0.04336033 0.00986053 0.02759399
v 0.04667699 -0.01009382 0.02503090
v 0.03588812 -0.02274837 0.02642020
v 0.04392000 0.00201200 0.02676300
v 0.02582055 -0.03621551 0.02822872
v -0.02489446 -0.02081957 0.02784668
v -0.03457742 -0.02134804 0.02969736
v 0.01974286 0.02427489 0.03165093
v -0.01894351 0.02130064 0.02940690
v -0.01463899 -0.04129133 0.02989917
v 0.04207643 -0.02878515 0.03086981
v -0.04672274 -0.00990678 0.02973020
v 0.00019543 0.04013510 0.02828284
v 0.03544874 0.02068733 0.03577001
v -0.02528263 -0.02897074 0.02747758
v -0.05068580 0.00202007 0.02860978
v -0.00902571 -0.03678452 0.02788281
v 0.02292525 0.03294130 0.02649046
v -0.05023346 -0.00942324 0.03020718
v 0.02485502 0.02122197 0.02842065
v -0.00726223 -0.03757696 0.02414473
v 0.03523541 -0.01662704 0.03025474
v -0.02490472 -0.03277356 0.02921095
v 0.02846070 0.03201090 0.02842891
v -0.06236351 -0.00761839 0.02891719
v -0.02443054 0.02428018 0.02876849
v -0.03217470 0.01480752 0.03153592
v 0.03284112 -0.03145695 0.02923320
v -0.02383248 0.02982634 0.03060311
v 0.03087838 0.03177668 0.02751918
v -0.00851546 0.03724445 0.02827446
v -0.00322655 -0.03961936 0.02740962
v -0.02562868 0.02181694 0.03077830
v 0.02413479 0.03735384 0.02698643
v -0.00109052 -0.03460075 0.02916159
v 0.02166214 -0.03846883 0.02855672
v -0.02861725 -0.02666868 0.02781029
v 0.02052907 -0.04618626 0.02696236
v -0.06598770 -0.00525142 0.02860462
v 0.03435470 -0.03431749 0.02648584
v -0.06675308 -0.00651105 0.02765711
v -0.03934362 0.00853576 0.02636903
v -0.01550621 -0.02919948 0.03007775
v -0.05471701 0.00196256 0.03041185
v 0.04163830 -0.02934765 0.03244706
v 0.00157497 -0.04648179 0.02979042
v -0.04575960 0.00329210 0.03048249
v -0.01784712 0.01898515 0.02673737
v 0.03707257 -0.02859482 0.02994204
v -0.00603118 -0.04398362 0.03827953
v 0.04269643 -0.02412256 0.02318717
v -0.02727189 -0.02564985 0.03056989
v -0.00559334 -0.04062237 0.03217357
v 0.04037072 -0.02255612 0.02687049
v 0.01660284 -0.03817671 0.03022994
v 0.04228635 -0.02075711 0.02948605
v 0.02454712 0.02997005 0.03025073
v -0.00751752 -0.03087079 0.03087143
v 0.01509949 0.02831250 0.03025614
v 0.04382067 0.00221714 0.03074402
v -0.04145500 0.00907600 0.02971000
v -0.00367949 -0.03807683 0.03190508
v 0.01965571 -0.03815206 0.02863767
v -0.01702865 0.02569532 0.03125967
v -0.02466110 -0.02936884 0.03008715
v 0.01835949 -0.04494481 0.02973067
v -0.01324987 0.02399505 0.02897572
v 0.02004844 0.03296587 0.03029147
v 0.00209618 0.02882670 0.02971941
v 0.02655600 0.03485708 0.02969345
v -0.02659075 0.01554285 0.02879673
v 0.02407356 -0.03307876 0.02815017
v -0.01725812 -0.03572197 0.02957927
v 0.02896866 0.03302829 0.03073204
v 0.03713351 0.02894916 0.03069238
v -0.01249085 -0.04138610 0.03043694
v -0.00421339 -0.04589288 0.02918061
v -0.01612630 -0.03937813 0.02827972
v -0.02028223 -0.03705872 0.02957817
v 0.01830775 0.03368736 0.02974402
v -0.02789997 -0.00906190 0.02823021
v -0.03321856 -0.01922221 0.03085907
v -0.01771687 0.03069748 0.02980630
v -0.01062282 0.02890871 0.02934806
v 0.03247170 0.02241021 0.03038660
v -0.06099367 0.00175172 0.02771687
v -0.00998273 -0.03533006 0.02616770
v 0.03448837 -0.01650415 0.03106249
v -0.05974409 0.00101780 0.02965351
v 0.02721642 0.02077302 0.03070214
v 0.03650399 0.00733973 0.02966832
v -0.01840594 0.01947187 0.02527232
v -0.00976543 0.03659772 0.02222093
v 0.04055973 0.00204266 0.04039950
v -0.05190943 -0.00863137 0.03209090
v -0.03373572 0.01174338 0.03894641
v 0.04380519 -0.00011954 0.02940174
v 0.03555409 -0.02883275 0.03223602
v -0.02675737 -0.02147669 0.02941147
v 0.01893093 -0.03971914 0.03030822
v -0.00205027 0.03995947 0.03724240
v -0.04824841 -0.00766155 0.03079869
v 0.00343960 0.03967188 0.03992661
v -0.03591825 0.01258378 0.03368215
v -0.03473410 0.01293306 0.03084692
v -0.01862153 0.02700594 0.03144966
v 0.03077298 -0.02284347 0.03378321
v -0.05690479 -0.00336133 0.03099006
v 0.02267097 -0.03937281 0.02540652
v 0.03231204 -0.02381805 0.03050016
v -0.00887564 -0.03694749 0.03080361
v -0.04538691 0.00726243 0.03110671
v -0.00539108 -0.03894018 0.03200562
v 0.00656786 -0.03607896 0.03241410
v -0.01796171 -0.03855833 0.03336963
v -0.03446738 -0.01338180 0.03085312
v -0.00868631 0.02194931 0.03275041
v 0.01887669 0.03894562 0.02655953
v 0.02365706 0.03508968 0.02936552
v 0.02420412 0.03509168 0.03102271
v -0.00360866 0.02070168 0.03671123
v -0.00679757 -0.04548138 0.02975391
v -0.03924157 0.00824284 0.02809663
v -0.01861072 -0.02198519 0.02911179
v 0.03565535 -0.03308474 0.03064622
v 0.03491189 -0.01229486 0.03286675
v 0.02100402 0.03203190 0.02759744
v -0.00705143 0.02429645 0.03441181
v -0.00598644 0.03946910 0.03208913
v -0.03952711 -0.01604866 0.02870078
v 0.02247929 0.03164734 0.03247469
v 0.00258018 0.02805143 0.02825380
v 0.04371092 0.00605797 0.02551907
v -0.05639600 -0.00866000 0.03011200
v 0.02359730 -0.03050024 0.03099998
v 0.00446936 0.02860822 0.03034113
v 0.03992609 0.02756362 0.03023919
v -0.01804508 -0.03702384 0.02977227
v -0.02229568 -0.03360046 0.03006883
v -0.02968779 -0.01103214 0.02942855
v -0.06268139 -0.00024300 0.02905182
v 0.04389525 -0.00845304 0.03013744
v 0.03390749 -0.02647264 0.03074670
v -0.05746300 -0.00118900 0.03064200
v -0.01763781 -0.03076506 0.03043918
v -0.02778659 -0.01694929 0.03468478
v -0.01848826 0.02955788 0.03041390
v -0.04203468 -0.01035886 0.03132687
v 0.02160936 -0.04562157 0.03063485
v -0.05610339 -0.00623624 0.03584186
v -0.00137852 0.02286060 0.03060646
v -0.04416325 -0.01076109 0.03244783
v 0.04246063 0.02115664 0.02996807
v 0.04264180 -0.02447957 0.03068045
v -0.05142087 -0.00614663 0.03153660
v -0.01166325 -0.02992649 0.03140348
v -0.03770278 -0.01152705 0.03083717
v -0.03030909 -0.01845777 0.03210473
v 0.04136835 0.02252668 0.03346569
v -0.02438818 -0.03550230 0.03138269
v -0.02444557 -0.03282602 0.03442497
v -0.00953436 0.02399605 0.03337338
v -0.01425954 0.03348787 0.02742943
v 0.03280443 -0.02532031 0.02486309
v -0.02440585 -0.02019209 0.03176484
v 0.03008919 0.01703431 0.03174819
v 0.03206705 -0.02392717 0.03329171
v -0.00410300 0.03076500 0.03184400
v 0.02845553 -0.03772015 0.03744248
v -0.02633342 -0.02797757 0.03217799
v -0.01821924 -0.02611703 0.03121146
v -0.01405666 0.02286432 0.02961064
v 0.04257653 -0.01969378 0.03260071
v 0.03476607 0.01105787 0.03106130
v -0.00189374 0.03430917 0.03371938
v -0.03313877 0.01904061 0.03155453
v 0.01844139 0.03101852 0.03726839
v 0.02577592 0.03452333 0.03081710
v 0.03134447 0.01564508 0.03451191
v -0.02470260 0.02925741 0.03518329
v 0.04353000 0.00094500 0.03184400
v 0.02854285 0.03239505 0.03103225
v -0.02785564 0.01980831 0.02855035
v 0.03422405 0.02966964 0.02998745
v 0.03749127 -0.03139539 0.03387815
v 0.03271393 -0.02893907 0.03134880
v 0.00612037 -0.03240315 0.03258981
v -0.00327544 -0.03356257 0.03369332
v 0.03503971 0.00774144 0.02937596
v 0.03537709 0.00835303 0.03084563
v -0.01507073 0.03759913 0.02823465
v 0.00138434 -0.03600963 0.02919324
v -0.05033635 0.00129998 0.03147687
v -0.04741355 -0.00215581 0.03100613
v 0.00765759 -0.04212260 0.03425725
v 0.00130049 0.02770425 0.03170879
v 0.00178888 0.02817518 0.03230558
v 0.02566409 0.02113672 0.03285374
v 0.02299725 -0.03990158 0.02998795
v 0.01416058 0.02857631 0.03043371
v -0.03430470 0.01961656 0.03905927
v -0.02836742 -0.01786226 0.03129504
v -0.03703972 -0.01700533 0.03209162
v 0.00820033 -0.03685419 0.03248312
v -0.00759898 -0.04428195 0.03316963
v 0.04339243 0.00498618 0.03464325
v -0.00066116 -0.03144060 0.03579589
v 0.02102175 0.03237589 0.03531771
v -0.00287881 -0.04577586 0.03404641
v -0.02752300 -0.02786900 0.03291100
v 0.01185105 -0.03506740 0.02957041
v 0.04385569 0.01068586 0.03209924
v 0.02888852 -0.03866708 0.03019910
v -0.01486034 -0.04042341 0.03170539
v 0.00870300 -0.03252600 0.03291100
v -0.03774946 0.01004754 0.03190524
v 0.03225780 -0.03088522 0.03657205
v -0.04721695 -0.00314551 0.03478833
v -0.02741229 0.01070129 0.03366825
v 0.03557776 -0.01113845 0.03810933
v 0.04295031 0.01238167 0.03937335
v -0.02646938 0.01260611 0.03157552
v -0.01725633 -0.02869810 0.03004821
v 0.02272639 -0.04329193 0.03343122
v -0.01382331 0.03215629 0.02893417
v 0.03349869 0.02133240 0.03273943
v -0.02501149 0.02235469 0.03478995
v -0.00930986 0.03079104 0.03306460
v -0.00395390 0.03071423 0.03345201
v -0.04508284 -0.01103838 0.03409383
v 0.03203453 0.02239189 0.03454862
v 0.03462994 0.02827420 0.03183511
v 0.02553617 0.02897162 0.03208839
v -0.02138676 -0.03697148 0.03209275
v 0.02329550 0.03279833 0.04058614
v -0.02189651 -0.02898799 0.03230008
v -0.02719000 -0.01872418 0.03487977
v -0.00669749 0.03305360 0.02842106
v -0.01579184 0.03514361 0.03332418
v 0.03152539 0.01876204 0.03747371
v 0.02133345 -0.04434880 0.03286233
v -0.03326166 -0.01972539 0.03709438
v -0.01372772 0.03821420 0.03475341
v -0.01714025 0.02104521 0.03477783
v 0.04312382 -0.00190470 0.03779520
v 0.02748619 -0.02823000 0.03507400
v -0.03289834 -0.01918606 0.03967634
v 0.01067946 -0.03672251 0.03169315
v 0.00293059 -0.03349232 0.03679159
v -0.00974805 0.02954928 0.03312677
v -0.05288997 0.00092836 0.03400078
v 0.03486636 -0.00511066 0.03272349
v 0.03108293 0.01704977 0.03409414
v 0.04094112 0.01498000 0.03943772
v 0.01990894 -0.03844326 0.03178570
v 0.03424695 -0.00174321 0.03451808
v -0.02754598 -0.02734539 0.03355238
v 0.04414031 -0.01053580 0.03851668
v 0.03712137 -0.03522146 0.03358285
v -0.01978252 0.03033296 0.03849460
v 0.00793458 -0.04616779 0.03531275
v 0.03296529 0.02421039 0.03672043
v 0.02330596 -0.03168781 0.03581407
v -0.01420933 0.03234793 0.03563461
v 0.03840270 0.02403633 0.03987854
v -0.01131880 0.03490528 0.03831546
v -0.02893767 -0.02500722 0.03604141
v 0.01103721 0.02947911 0.03342518
v 0.00930684 0.03962896 0.03430933
v 0.00162664 -0.03278515 0.03264681
v 0.01553939 0.02540752 0.03106366
v 0.00301117 -0.03649832 0.03163650
v -0.00809567 0.02484581 0.03454979
v -0.00742014 0.03000549 0.03258864
v 0.03777184 -0.01299114 0.02715060
v 0.04312953 0.01231353 0.03635860
v 0.01835975 -0.04608402 0.03552291
v -0.00701507 0.03165535 0.03258090
v -0.02678475 -0.01857349 0.03758171
v -0.02962698 0.01105500 0.03628233
v -0.05596901 0.00087445 0.03268530
v 0.03195494 -0.02223617 0.03535537
v 0.03396371 0.01118124 0.03517231
v 0.02194041 -0.04527504 0.03694359
v -0.00684325 -0.04613626 0.03694351
v 0.02513961 -0.03718649 0.03246140
v -0.00713993 -0.03731620 0.03122499
v -0.02923914 0.02059147 0.03471685
v -0.00231392 -0.04071582 0.03288354
v -0.01416240 -0.04016924 0.03571960
v 0.03389262 -0.03682665 0.03440528
v -0.05335256 -0.00375929 0.03164184
v 0.01401604 0.02797671 0.03588190
v 0.02338414 0.02245629 0.03539847
v -0.01969867 -0.03749537 0.03304957
v -0.01708094 0.02773476 0.03462006
v 0.00045687 0.02140568 0.03514858
v 0.00424490 0.02520439 0.03610656
v -0.03453922 -0.02381908 0.03475382
v 0.02919878 0.03255276 0.03521718
v 0.00437584 -0.04494607 0.03966020
v 0.03665715 0.01815168 0.03443292
v -0.04225989 0.00896531 0.03415911
v -0.00316575 -0.04581541 0.03904456
v 0.01207013 -0.04610203 0.03355033
v 0.03643948 0.02818941 0.03394524
v -0.01903946 -0.02171646 0.03527080
v -0.01625213 -0.02868690 0.03824772
v 0.00253379 0.03984693 0.03572272
v 0.03184411 0.02310002 0.03353767
v 0.03421406 -0.02817982 0.03578302
v 0.00713617 0.02646009 0.03426773
v 0.00847810 -0.03351010 0.03823160
v 0.00983309 -0.03209308 0.03819449
v -0.02461930 -0.02021280 0.03507773
v 0.02073888 0.02428235 0.03316778
v -0.03857822 -0.01478965 0.03746435
v 0.02341708 -0.03007122 0.03427473
v -0.04765469 0.00093201 0.03793672
v 0.01381776 -0.04556822 0.03968394
v 0.04066103 0.02206973 0.03787813
v 0.04332859 -0.02028900 0.03885614
v 0.02294779 -0.03915173 0.03852944
v -0.04351110 0.00257644 0.03405203
v -0.00836919 0.02178504 0.03579511
v -0.00752005 -0.03809810 0.03578286
v 0.03882697 0.02289362 0.03672844
v 0.02378333 0.03028435 0.03556255
v 0.03282760 -0.03265792 0.03949434
v -0.00449693 -0.03937870 0.03706818
v 0.03885652 0.02633958 0.03597523
v -0.03976376 0.00657863 0.03563869
v 0.02603387 0.03562512 0.03490610
v 0.02756723 0.03256114 0.03827776
v 0.04311836 -0.02696421 0.03680302
v -0.04016499 0.00353253 0.03913589
v 0.01009992 -0.03814409 0.03857866
v -0.03209863 -0.02097986 0.03825127
v -0.02428450 -0.03063992 0.03637445
v 0.02099786 -0.03948070 0.03939197
v 0.04276715 0.00017724 0.03765581
v -0.00424191 0.03967245 0.03851071
v 0.01457603 -0.03173842 0.03724506
v 0.01628190 -0.03165154 0.03463176
v 0.03274329 -0.03727472 0.03859594
v 0.03511067 -0.03579402 0.03363001
v 0.03455203 -0.03496942 0.03550707
v -0.00955764 -0.03131762 0.04512254
v 0.00294849 0.02922282 0.03581667
v 0.00347352 0.02778418 0.03292092
v 0.00083922 0.02933020 0.03628577
v 0.02306487 0.02227477 0.04040137
v 0.03365475 0.02950175 0.03468243
v 0.03180903 -0.02945073 0.03629294
v -0.03307322 -0.00815556 0.03270433
v -0.00707034 0.03032960 0.03924502
v 0.02585055 0.02076232 0.03871832
v -0.01540060 0.02483140 0.03209724
v 0.00633148 0.02920096 0.03345272
v -0.02304294 -0.02919123 0.03437629
v 0.00353064 -0.04378636 0.03853569
v 0.00641000 0.02667961 0.03376948
v 0.01600330 0.03419574 0.03284862
v -0.01406345 -0.04420947 0.03619935
v -0.01637503 0.03174451 0.03422739
v 0.04384141 0.00501948 0.03985789
v -0.02367666 -0.03760133 0.03679368
v -0.02603126 0.02110141 0.03990426
v -0.00943900 0.02981000 0.03718000
v 0.02543676 -0.02851138 0.03836730
v 0.02122889 0.03184910 0.03782534
v -0.01445887 0.02177666 0.03597942
v -0.00590693 0.03165220 0.03739593
v -0.02140748 -0.03387176 0.03894256
v 0.03699313 -0.01917404 0.03736538
v -0.01669894 -0.03786714 0.03948871
v -0.01199348 -0.04174613 0.03637461
v -0.00539129 -0.04624319 0.03617292
v -0.03685063 -0.01403524 0.03808077
v 0.03647627 -0.01789875 0.03740220
v -0.00572413 0.02465943 0.04001131
v 0.02246798 0.03808338 0.03704272
v 0.03851420 -0.03419658 0.03681681
v 0.02757613 0.03437427 0.03912445
v -0.04566701 -0.00898030 0.03784990
v -0.00595653 -0.03221075 0.03310519
v -0.03005103 -0.02695924 0.03324669
v -0.01585363 0.02182377 0.03644285
v -0.01450772 0.03792628 0.03879664
v 0.00768690 0.02757547 0.03750423
v 0.03135527 -0.02590418 0.03815725
v -0.03353437 -0.02580092 0.04203334
v 0.01808380 -0.03326448 0.03685850
v 0.00485626 -0.03611134 0.03505126
v -0.02136227 -0.02577390 0.03763056
v 0.01428574 -0.03822488 0.03721570
v 0.04299709 -0.01949658 0.03303672
v 0.03674710 -0.01959385 0.04063643
v -0.03553078 0.01427783 0.04016848
v 0.03583223 0.02813197 0.03823617
v 0.03518874 0.01137245 0.03518668
v 0.02363392 0.02551765 0.03625806
v 0.03200413 0.02249906 0.03805556
v -0.02138957 0.02128817 0.03551382
v 0.01534273 -0.03294011 0.03883464
v 0.00394715 0.02454024 0.03759365
v 0.00681325 0.02341227 0.03707812
v -0.05416846 -0.00793822 0.03715962
v -0.03617856 -0.01846244 0.03718163
v 0.01059590 0.02752105 0.03828338
v 0.02028881 0.03219443 0.04225356
v -0.03983334 0.00796338 0.03893760
v -0.02673175 -0.02357089 0.03946634
v -0.01044037 -0.03917427 0.03952846
v -0.04542123 0.00112016 0.03871922
v -0.03836497 0.00871473 0.03718745
v 0.03488418 -0.01873426 0.03456618
v 0.03431500 -0.01939500 0.03824700
v 0.03439736 -0.01766343 0.03789208
v -0.00410300 -0.03910300 0.03824700
v 0.04312842 0.01842136 0.03342928
v 0.01914025 -0.04336123 0.03956045
v 0.02941351 0.01617735 0.03860146
v 0.02742840 0.01835336 0.03888137
v 0.03637581 -0.03543482 0.04233703
v -0.02836286 -0.02738100 0.03685026
v 0.02102086 -0.03104665 0.03721051
v -0.01889734 0.02935245 0.03859986
v -0.00620168 -0.03413132 0.03759762
v -0.01464853 0.03775781 0.04128250
v 0.04147377 -0.02915367 0.03827190
v 0.04180517 -0.02291134 0.03814812
v 0.02214018 -0.04480975 0.03979552
v 0.01177404 0.03346650 0.04001294
v 0.00789440 0.03448904 0.04131970
v 0.01795280 0.03332189 0.03764633
v 0.03423236 -0.01807780 0.03590369
v -0.02551999 -0.03545098 0.03804248
v 0.04049113 -0.02916014 0.03648446
v 0.02588684 -0.02797604 0.03681118
v 0.03892327 -0.02550683 0.03566163
v 0.03130439 -0.03402622 0.03844638
v -0.02557600 -0.02895524 0.03878040
v 0.01628279 0.02141773 0.03930737
v 0.03881944 0.00649778 0.04086967
v 0.01183171 -0.03324657 0.03844474
v 0.00564069 -0.04456209 0.03932588
v -0.01809135 -0.02778689 0.04128558
v -0.04079051 -0.01520507 0.03860487
v 0.03337422 0.00765166 0.03879484
v 0.04094714 -0.03128058 0.03937622
v -0.03908722 -0.01631217 0.03754256
v -0.00418422 -0.04640892 0.04538648
v -0.01131926 -0.03006449 0.03928954
v -0.01950590 -0.03488396 0.03907824
v 0.03416041 -0.00200465 0.03798517
v 0.04395997 -0.01604927 0.03979949
v -0.03720429 -0.01017330 0.03825285
v 0.03395232 -0.02457858 0.04070193
v 0.03402073 0.02745231 0.03495246
v -0.03557113 0.01594954 0.03520092
v -0.02593012 -0.02085885 0.03953188
v -0.02344424 -0.03149823 0.03970248
v -0.00249370 -0.04357841 0.03966885
v 0.02792991 -0.03784249 0.03927946
v 0.00016475 0.02889077 0.04247522
v 0.03108178 0.01456473 0.03816784
v -0.04413374 -0.00810432 0.03979365
v 0.04289576 0.00278940 0.03811826
v -0.02528010 0.02440272 0.03975337
v -0.02784718 0.01924156 0.03828180
v -0.02731188 0.02023145 0.03582982
v 0.04326626 -0.02309429 0.04210519
v 0.00579003 -0.03891179 0.04053235
v -0.02562075 -0.01999507 0.03911318
v -0.01797648 0.03035628 0.03889114
v 0.00568638 -0.04520107 0.03890889
v -0.01268584 -0.03949867 0.03866076
v 0.00431389 -0.03276823 0.03898581
v 0.02727941 -0.02944613 0.03991729
v -0.01932010 -0.02775397 0.03909925
v -0.02856343 0.01850548 0.03690726
v 0.04401533 -0.00533322 0.03931672
v -0.01606707 0.02660535 0.04014979
v -0.03910247 -0.00970319 0.03832449
v -0.02550759 0.02439966 0.03804338
v -0.03148946 -0.01237437 0.03929968
v -0.01364393 -0.03703602 0.03952044
v -0.04517575 -0.00673019 0.03953716
v -0.00025257 -0.03835186 0.03777676
v -0.05354653 -0.00183968 0.03835240
v 0.03218100 -0.03000400 0.03859300
v 0.01080903 0.02098247 0.03945835
v 0.01432575 0.03788408 0.04206310
v 0.01825142 0.03848335 0.04041171
v 0.01308853 0.02186339 0.03854713
v 0.03469093 -0.01491971 0.03558287
v 0.00330574 0.02569707 0.03981889
v 0.00512191 -0.04420469 0.03949468
v 0.02600065 0.03167408 0.03997470
v -0.01705014 -0.03881872 0.04726587
v 0.01099587 -0.04656382 0.04364854
v 0.03412726 0.02582692 0.04010153
v 0.03375817 0.00285422 0.03673981
v 0.00805964 -0.04391484 0.04028836
v -0.03025709 -0.02177277 0.04023247
v 0.03351566 0.00440561 0.04384930
v 0.03196032 -0.03758151 0.04167789
v 0.02390917 -0.03730278 0.03888691
v -0.01493625 -0.04348826 0.03949203
v 0.02438609 -0.03139420 0.04074773
v -0.02552749 -0.03152214 0.04674059
v 0.03230121 0.01443251 0.04105654
v 0.01381753 -0.04402912 0.04010498
v 0.03248545 0.01617249 0.04098710
v 0.01891053 -0.04634309 0.04246002
v 0.03421820 0.01320824 0.04041246
v -0.01762198 0.02960499 0.03977096
v -0.02696959 -0.01937990 0.04040719
v -0.03662039 0.01077562 0.03916184
v -0.03587928 -0.01340853 0.04037925
v 0.03615860 0.02051749 0.03974772
v 0.03361902 0.02119107 0.04003152
v -0.00644076 0.03932967 0.03790351
v -0.00437620 0.03712065 0.04038253
v 0.01458840 0.02709334 0.03984940
v 0.03677047 -0.01832640 0.03987952
v -0.02821628 0.02071569 0.04163113
v -0.02780320 -0.02472854 0.03938698
v -0.00819113 0.03922978 0.03188637
v -0.01392446 -0.03202461 0.04060441
v -0.01566268 -0.02993707 0.04116109
v 0.03011404 0.03221101 0.03928571
v 0.02775236 0.02089390 0.03981616
v 0.04236362 -0.02221433 0.03978737
v 0.02217085 0.03736421 0.04111732
v 0.04844860 0.00236440 0.04076036
v -0.01128503 0.03104526 0.03990170
v -0.01789738 -0.03002860 0.04210679
v 0.03102339 -0.02531754 0.03947142
v -0.00490371 -0.03325770 0.03960823
v -0.03832627 0.00328270 0.03934592
v -0.00173372 -0.03898423 0.04052324
v -0.03598882 -0.00955500 0.04080904
v 0.00486610 -0.04615022 0.04237141
v 0.00977738 0.03124856 0.04150073
v 0.00327181 0.02158676 0.03988736
v -0.02716834 -0.01678832 0.04231689
v 0.00111257 -0.04475362 0.03913625
v 0.02104494 0.02445185 0.03970507
v -0.01565047 0.03148551 0.04203233
v 0.00602058 0.02110754 0.04036999
v 0.01594348 0.03641111 0.04357709
v 0.00291117 -0.04481787 0.03908136
v 0.01216063 0.02121412 0.04060477
v -0.01371998 -0.04570814 0.04457744
v -0.00591840 -0.03961084 0.04357201
v 0.02281625 0.02218122 0.04244527
v 0.02197064 -0.04574668 0.04122532
v 0.01519789 0.03889406 0.04075027
v 0.03906450 -0.03392611 0.04047576
v -0.02873828 0.02050859 0.04750478
v -0.02590426 0.02668669 0.04345868
v 0.02308186 0.02390863 0.04406422
v 0.03154918 0.02219061 0.04249755
v 0.03354871 0.01713575 0.04528932
v -0.00710666 0.03146791 0.04369536
v 0.03338832 0.02667625 0.04482702
v 0.02424926 0.02929915 0.03982428
v -0.00646828 -0.03302107 0.04008447
v 0.03407836 0.01957473 0.04629812
v 0.00368017 0.03147076 0.04104932
v 0.03157305 0.03047340 0.04282973
v 0.03484513 0.02825436 0.03985380
v 0.03536510 0.01115252 0.03932300
v -0.01442937 0.02713321 0.04039538
v 0.01425933 0.03214619 0.04398075
v 0.03095043 0.01594464 0.04031082
v -0.00629646 -0.04005231 0.03945149
v -0.01079753 0.02651098 0.04084915
v 0.00995235 -0.03945075 0.04063937
v 0.04249162 -0.00684422 0.04094808
v -0.00647074 0.03648745 0.03963331
v -0.03320744 -0.01809419 0.04057976
v 0.02022117 0.03378453 0.04054929
v 0.02021176 -0.03082337 0.04084098
v 0.02015009 -0.03037129 0.04194416
v 0.00139714 -0.03842067 0.04067752
v -0.00622750 0.03241481 0.04146260
v -0.00524138 0.03129021 0.03994695
v -0.01867944 0.02150527 0.03996909
v -0.02148915 0.02647991 0.04006243
v 0.04750906 0.00902504 0.04176635
v -0.03231873 -0.02566491 0.04475894
v 0.00326288 0.03167473 0.04368808
v 0.03370589 -0.02583886 0.04298141
v 0.01140473 -0.03151768 0.04042588
v -0.03976460 -0.00743110 0.04384431
v 0.03335647 0.01085988 0.04095768
v -0.03500999 -0.01732862 0.04392339
v -0.02357028 -0.03801798 0.03868452
v 0.03447778 -0.02698527 0.04118302
v 0.02221767 0.03555619 0.04193116
v -0.00902136 -0.03523558 0.04083468
v -0.03479904 -0.01861754 0.04143525
v 0.02583533 -0.03289536 0.04172564
v -0.03313197 0.01930427 0.04438260
v -0.03658221 0.00891795 0.03973210
v -0.01122304 -0.03083043 0.04266838
v 0.00292610 0.03958629 0.04362757
v 0.03651270 0.02552333 0.04260552
v 0.04377531 -0.00913449 0.04319072
v 0.02409884 0.02891316 0.04533238
v 0.04264495 -0.02867535 0.04350674
v 0.03014962 0.01593068 0.04082254
v -0.01675771 -0.02958626 0.04085835
v 0.03205902 -0.02958510 0.04048709
v 0.00761194 0.03634685 0.04264143
v -0.02385178 -0.03449171 0.04724430
v -0.02846375 -0.02700738 0.04693490
v -0.00723166 -0.03612654 0.04219230
v -0.00589024 0.03907437 0.04573500
v 0.03580154 0.02599763 0.04297395
v -0.00765994 0.02576686 0.04212086
v -0.00207064 0.02797793 0.04227515
v 0.03634223 -0.01349937 0.04839420
v -0.02522104 0.02960628 0.04260620
v 0.02226110 0.02419524 0.04408146
v -0.01324483 0.03375641 0.04479828
v -0.00822902 -0.03980715 0.04274806
v 0.03648325 0.01131299 0.04241301
v -0.03583833 -0.00749212 0.04498155
v -0.03345613 0.01183521 0.04065635
v 0.02519430 0.02118022 0.04122656
v 0.02577800 0.02122100 0.04245700
v 0.02684500 0.01908700 0.04238000
v 0.00374105 0.03656178 0.04077393
v 0.00265638 0.02331610 0.04171269
v 0.00327140 -0.04653411 0.04591875
v -0.01811400 -0.03843973 0.04271382
v -0.02641271 -0.01884858 0.04452344
v 0.01418505 -0.04610579 0.04560699
v -0.02400015 0.03065014 0.04230930
v 0.02391248 0.03481771 0.04828737
v -0.00903273 -0.03761673 0.04208115
v 0.01495218 0.03133584 0.04276816
v -0.01575500 -0.02993053 0.04374818
v 0.02381689 -0.03408675 0.04364045
v -0.02008813 -0.02732159 0.04711848
v 0.04889604 0.00789689 0.04174588
v -0.01526208 0.03344584 0.04012831
v 0.04307178 0.01224343 0.04040373
v 0.02644468 0.01601550 0.04733886
v 0.02616192 0.02035862 0.04297088
v 0.03391901 -0.02058798 0.03958052
v 0.00396692 -0.03264955 0.04002601
v 0.03579362 -0.00854322 0.03776496
v 0.03427350 -0.03036289 0.04126436
v 0.01271708 -0.03165531 0.04055067
v 0.04871931 -0.00812272 0.04075715
v 0.04925355 -0.00953386 0.04532169
v 0.02964171 0.01412250 0.04401545
v -0.00783103 0.03375988 0.04221173
v 0.00943905 -0.03582572 0.04362744
v 0.02811582 -0.03011603 0.04741432
v -0.02512240 -0.02316152 0.04484058
v -0.00736522 -0.04538810 0.04592627
v 0.01885903 0.03759792 0.04727731
v -0.01533955 -0.03993490 0.04793200
v -0.01150044 -0.03193336 0.04526488
v -0.02596574 0.02545938 0.04449407
v 0.00633182 -0.04657498 0.04532009
v -0.02208797 -0.02091131 0.04403159
v 0.01894285 0.02227384 0.04374077
v -0.00746543 -0.03673814 0.04580103
v 0.02280493 -0.03417903 0.04508539
v -0.01510236 -0.03094465 0.04428180
v -0.03490325 -0.01192271 0.04493902
v 0.02257600 -0.03339400 0.04465000
v -0.03532633 -0.01180803 0.04620913
v -0.01122139 -0.04547531 0.04589221
v 0.02305308 -0.03605361 0.04645835
v 0.03875145 0.02171636 0.04185329
v -0.02764338 -0.02234196 0.04196365
v 0.02458757 -0.03810458 0.04669895
v 0.04772865 0.00706456 0.04823219
v 0.03693066 -0.02936044 0.04464959
v 0.04215240 -0.02280031 0.04733382
v -0.02831767 0.01804115 0.04513586
v 0.00413160 -0.03659936 0.04430625
v -0.01764971 -0.03841592 0.04749805
v 0.03181292 0.02747776 0.04461684
v 0.03314043 0.02121697 0.04570473
v 0.02092211 0.02977438 0.04943801
v -0.00264481 0.03839188 0.04915319
v -0.01967744 -0.02679063 0.04484812
v -0.01047325 0.02610656 0.04516898
v 0.00751941 -0.03781789 0.04562915
v 0.03012788 -0.02970658 0.04863383
v -0.04245538 -0.00654313 0.04151421
v 0.03994075 -0.03078597 0.04660492
v -0.03070185 -0.01992517 0.04402869
v 0.02325716 -0.04062532 0.04445455
v -0.02674103 -0.01952705 0.04688441
v 0.03345668 -0.02744041 0.04909399
v 0.00900545 0.03804470 0.04471300
v -0.03352495 0.01045786 0.04598302
v 0.01458917 0.03042714 0.04791137
v -0.03442640 -0.01328166 0.04685580
v -0.00220504 0.02357063 0.04426904
v 0.02693327 0.03049114 0.04619563
v 0.03288418 0.01059682 0.04815460
v 0.04171525 0.02045613 0.04575747
v -0.00002603 -0.04619325 0.04579616
v 0.01403900 0.02228900 0.04506400
v -0.01225931 0.03671431 0.04653987
v 0.00425975 0.02991219 0.04473793
v 0.03347851 0.02771890 0.04777090
v 0.03329779 0.02873285 0.04661390
v 0.00404049 0.03575008 0.04851410
v 0.04276517 -0.01103642 0.04844027
v 0.00394050 0.02834071 0.04751183
v 0.03265970 0.01313421 0.04128590
v 0.03788323 -0.00849793 0.04773563
v 0.01266649 0.03817153 0.04569599
v 0.03858915 0.02166709 0.04717085
v 0.03769297 0.02339229 0.04606322
v 0.03518541 -0.02016022 0.04976956
v 0.02359767 0.03061339 0.04624027
v 0.03015522 0.02502359 0.04699435
v 0.02679614 0.02935453 0.04703965
v -0.00388435 0.03470547 0.04547514
v 0.04215885 -0.01574777 0.04886650
v 0.04139931 -0.02864799 0.04672037
v 0.02858490 -0.03677986 0.04732803
v -0.01163549 0.03603255 0.04671990
v -0.02301631 -0.02400576 0.04645392
v 0.04278646 0.01107323 0.04684092
v -0.03181041 0.01878107 0.04653483
v -0.03126703 0.01839860 0.04739756
v 0.01699579 -0.03851469 0.04695253
v 0.01046653 -0.03976008 0.04651995
v 0.02021406 -0.04497084 0.04580905
v 0.02297686 -0.03874711 0.04797373
v -0.00142587 -0.03896604 0.04702983
v 0.00194226 -0.03670787 0.04599257
v 0.00885032 0.03000542 0.04661074
v 0.01277008 -0.02977011 0.04626176
v 0.04554841 -0.00910477 0.04686225
v 0.02510706 -0.03735041 0.04803196
v -0.03502656 0.00648166 0.04268354
v 0.02815974 0.02103202 0.04640196
v 0.00128469 0.02800806 0.04788341
v 0.02417347 0.02175899 0.04915419
v 0.02989551 0.01983960 0.04828054
v 0.02581811 -0.03102835 0.04748604
v -0.00540238 -0.03813088 0.04782731
v 0.03691818 -0.03275063 0.04774283
v 0.04392234 -0.01409094 0.04263828
v -0.00754580 0.03665221 0.04823806
v -0.00132052 0.03655250 0.04859009
v 0.00071871 0.03901509 0.04726134
v -0.03108443 -0.01770538 0.04789504
v -0.00096900 0.03628287 0.04774191
v -0.03585710 -0.00649757 0.04759802
v -0.02933156 0.00992857 0.04645616
v -0.01520519 0.03090915 0.04747278
v 0.04419764 0.01105912 0.04668863
v 0.04176059 0.01702224 0.04711617
v 0.04300153 -0.01079865 0.04890333
v 0.01866102 -0.04121553 0.04709317
v 0.00586224 0.02395559 0.04647583
v -0.00941485 -0.03225928 0.04738577
v -0.03257102 0.00152350 0.04242869
v 0.02292070 0.02723226 0.04932232
v 0.02372857 -0.03723056 0.04962700
v -0.02200858 0.02924735 0.04821520
v 0.02124935 0.03511465 0.04878442
v 0.00616094 0.03771432 0.04880902
v 0.01923040 0.02232404 0.04852596
v 0.00284729 0.03129667 0.05038362
v 0.03377632 0.00967474 0.04955168
v 0.03536553 -0.03418018 0.04805256
v 0.04506355 0.01138714 0.04903160
v 0.03388223 -0.03588326 0.04744570
v -0.02581156 0.02368477 0.04897519
v -0.00718689 -0.03186829 0.05036226
v -0.01631708 0.03186991 0.04812944
v 0.04679960 -0.00505998 0.04854282
v 0.00767253 0.03874391 0.04933775
v 0.03654246 -0.00461143 0.04792815
v 0.02352359 0.03352336 0.04906998
v 0.02751620 0.03296317 0.04876462
v 0.01180216 0.02298404 0.04722125
v -0.02163011 -0.02510569 0.04783551
v -0.01264491 0.03570668 0.04811227
v -0.01477233 -0.03024902 0.04761825
v 0.04401627 0.01397156 0.04826298
v -0.02632048 -0.02782265 0.04794954
v 0.03628868 -0.00142520 0.04793344
v 0.03580286 0.00263266 0.04837399
v 0.03003820 -0.03296932 0.04837765
v 0.00389039 0.03059465 0.04967244
v 0.03943102 0.02196275 0.04832123
v 0.00859525 0.03074055 0.04968602
v 0.01640360 0.03852194 0.04861566
v -0.01571543 -0.03711040 0.04789568
v -0.02031205 -0.02948523 0.04787731
v 0.04199324 -0.02642774 0.04820450
v 0.01078954 0.03397885 0.04986112
v 0.02063053 0.03726492 0.04895578
v -0.01370800 -0.03000400 0.04794900
v -0.00560726 0.03650373 0.04818973
v -0.00530079 0.03795072 0.04947331
v -0.00306535 0.03832648 0.05725802
v 0.04071776 -0.00269059 0.04950552
v 0.03444681 -0.03402951 0.05567130
v -0.01932424 -0.02608181 0.04906267
v 0.04169487 0.02100567 0.04841476
v 0.04057558 0.02105187 0.04772845
v 0.04148349 -0.00694098 0.04947223
v 0.04077127 0.00408052 0.05051923
v 0.03077515 0.01451170 0.04999921
v 0.03347938 -0.02705272 0.04989725
v 0.03680310 -0.01515393 0.04953524
v 0.04556958 0.00898446 0.04902179
v 0.01745113 0.02322155 0.04878400
v 0.03966498 -0.01143901 0.04910984
v 0.01471983 0.03009039 0.04978153
v 0.04410538 -0.00838364 0.04951684
v 0.03281373 0.02814607 0.04945413
v 0.04398018 -0.00134801 0.05036329
v 0.04680038 -0.00344946 0.04892505
v 0.04170584 -0.00330116 0.04979384
v -0.00901597 0.03198579 0.04930559
v -0.00226432 0.03039976 0.05027468
v 0.03350831 0.02713253 0.04938235
v 0.04037098 -0.02012197 0.04985361
v 0.00694078 0.03605945 0.04955446
v 0.03727692 0.00850231 0.05028007
v 0.03499020 0.00688974 0.04944059
v 0.03300629 0.01186887 0.04996259
v 0.03589037 0.01830903 0.04922032
v 0.03368318 0.02567363 0.04905104
v 0.02371914 0.02877723 0.04953610
v 0.03973141 -0.03176567 0.04853205
v 0.04145516 -0.03029323 0.04932616
v 0.04280480 -0.02786602 0.05062780
v 0.04354366 -0.02134856 0.05103770
v 0.04724171 0.01573379 0.05532189
v 0.04936503 0.00879333 0.05118393
v 0.04314304 -0.01458993 0.05056468
v 0.01314010 0.03879525 0.04930258
v 0.02998284 -0.03682243 0.04883767
v 0.03793643 -0.02039262 0.05002750
v 0.02623469 0.02457464 0.05172617
v 0.00347761 -0.03262556 0.04516209
v 0.01834776 -0.03168417 0.05000136
v 0.02669135 0.02191768 0.05028412
v -0.03263010 0.01743619 0.04814834
v -0.03387876 0.01145864 0.04791372
v 0.03958190 0.02293480 0.05353212
v -0.02494646 -0.01663020 0.05595711
v 0.04489804 -0.02207970 0.05593504
v -0.03168336 -0.01752908 0.04997996
v -0.03251381 -0.01744809 0.04877878
v 0.02823758 0.02565321 0.05140188
v 0.03133277 0.02149297 0.05216541
v 0.03476189 0.02358489 0.05729220
v -0.02430104 -0.01820158 0.05082280
v -0.03243050 -0.01272517 0.05381951
v -0.02916854 0.02006675 0.05499876
v 0.02737313 0.03153942 0.05625544
vn 0.24854608 -0.57585162 0.77885799
vn 0.18846105 -0.97572532 0.11154608
vn 0.72077705 0.49588427 0.48433382
vn -0.00887026 -0.20796702 0.97809562
vn -0.38056081 0.67624335 0.63076810
vn -0.29716153 0.68473983 0.66545202
vn -0.25422674 0.48237618 0.83826129
vn -0.34294612 0.65860862 0.66979298
vn 0.26899871 -0.87873005 0.39430089
vn -0.40485307 0.71062537 0.57541773
vn -0.15034216 0.62448187 0.76643305
vn -0.37399684 0.03927246 0.92659810
vn -0.36540784 0.65606923 0.66034103
vn -0.30751333 0.46294931 0.83133236
vn 0.06186477 -0.72572075 0.68520226
vn -0.78049277 0.50016287 0.37505751
vn 0.94389951 -0.31839327 -0.08763241
vn -0.05412796 -0.21115629 0.97595245
vn 0.02133036 -0.07629876 0.99685682
vn -0.11078289 -0.27628442 0.95466961
vn -0.30846308 0.02788302 0.95082757
vn -0.56555337 0.45336359 0.68892006
vn -0.98311943 -0.17018057 0.06719196
vn -0.94357736 0.20235398 0.26213476
vn -0.21817507 0.13761146 0.96615875
vn -0.34004629 -0.33145488 0.88006033
vn -0.08414126 0.81951903 0.56684107
vn 0.87827854 0.15992401 0.45061195
vn 0.12172618 0.12453095 0.98472066
vn 0.01641043 0.14892032 0.98871302
vn 0.19710572 0.56705479 0.79974883
vn -0.44812744 0.47192535 0.75925508
vn -0.57594437 0.12676636 0.80760038
vn -0.07376585 -0.87422472 0.47988513
vn -0.01778286 0.82841739 0.55982890
vn 0.50290071 0.38575046 0.77349044
vn -0.63092370 -0.39908124 0.66533409
vn -0.70638185 -0.58369117 0.40041141
vn -0.36294150 0.77603526 0.51579331
vn -0.34120014 0.23614932 0.90984392
vn -0.36645146 0.00972073 0.93038639
vn -0.12854390 0.66850972 0.73251022
vn -0.46423633 -0.37127613 0.80413846
vn -0.68356535 -0.72543250 -0.08053637
vn 0.08016773 0.81576394 0.57280218
vn -0.65301200 -0.24730555 0.71583189
vn 0.43627060 -0.40082686 0.80560896
vn 0.09527859 -0.22196935 0.97038734
vn 0.46807148 0.69547734 0.54517920
vn -0.21000398 0.75238439 0.62435250
vn -0.80185368 0.06824522 0.59361037
vn -0.01556114 0.74824235 0.66324297
vn -0.14906642 0.02484849 0.98851492
vn -0.03355797 0.86071613 0.50797796
vn -0.10076169 0.34777239 0.93214883
vn -0.14549162 0.25977227 0.95464682
vn -0.09787054 -0.22500196 0.96943049
vn -0.22142724 -0.16045354 0.96188598
vn -0.25144775 -0.28037881 0.92637020
vn -0.44352060 -0.50454884 0.74075633
vn 0.76022488 -0.29450596 0.57907199
vn -0.18801689 0.75618557 0.62676394
vn 0.84100567 -0.27817747 0.46403315
vn -0.98856009 -0.14000643 -0.05609946
vn -0.42294671 0.65206947 0.62922292
vn 0.00080747 -0.76467738 0.64441279
vn -0.61504900 0.43646543 0.65666784
vn -0.23402135 0.39347233 0.88905204
vn -0.05516709 0.03967378 0.99768862
vn -0.25666656 -0.05045309 0.96518224
vn 0.84971423 -0.31723427 0.42112723
vn 0.10229600 0.89569013 0.43275250
vn -0.08682017 -0.05006507 0.99496520
vn -0.23785530 -0.32597296 0.91496802
vn 0.00401626 -0.68216057 0.73119138
vn -0.24985524 -0.83180001 0.49566228
vn -0.00716758 0.21681497 0.97618640
vn -0.04967685 0.11936874 0.99160643
vn -0.03771388 0.23069992 0.97229379
vn 0.04606126 -0.97381587 0.22262305
vn 0.12137412 0.58289272 0.80343288
vn 0.00000000 0.00000000 0.00000000
vn -0.89231432 -0.26189386 0.36767752
vn -0.40169189 -0.51679291 0.75602164
vn -0.12999535 -0.66517811 0.73528177
vn -0.11192561 0.33744332 0.93466821
vn -0.17055157 0.69484376 0.69864462
vn 0.05206373 -0.24092454 0.96914639
vn -0.02127368 0.12686000 0.99169248
vn -0.31415339 0.77687474 0.54568606
vn -0.12072840 -0.24383411 0.96227313
vn -0.03763314 0.07272563 0.99664173
vn 0.50934534 -0.03616963 0.85980177
vn -0.01745774 0.66421420 0.74733843
vn -0.32876027 -0.49105016 0.80671335
vn -0.23200845 -0.20110566 -0.95169774
vn -0.46148856 0.77598896 -0.42996447
vn 0.08189985 0.56140228 -0.82348035
vn 0.74085183 0.34320568 -0.57736334
vn 0.50697794 -0.39377246 -0.76675721
vn -0.70696233 -0.38253901 -0.59486820
vn -0.28920536 -0.45513149 -0.84214939
vn 0.03727754 0.98899078 0.14320481
vn 0.76891036 -0.27161447 -0.57879395
vn -0.43185682 0.79149750 -0.43247127
vn -0.02226022 -0.44518868 -0.89516005
vn 0.10510417 0.75730430 -0.64454892
vn 0.09097673 -0.86976593 -0.48500563
vn -0.34442423 0.33484826 -0.87706818
vn -0.07198741 0.66223571 -0.74582952
vn 0.46153085 -0.64688533 -0.60706560
vn 0.00244634 0.69718109 -0.71689088
vn -0.16631933 -0.53744049 -0.82673793
vn 0.68368624 0.29130729 -0.66911374
vn 0.17638397 -0.02918026 -0.98388882
vn -0.13012691 -0.27214136 -0.95341810
vn -0.15859588 -0.11127992 -0.98105256
vn 0.00637896 -0.88947741 -0.45693462
vn -0.04585807 0.01354813 -0.99885609
vn -0.02356133 0.23508151 -0.97169005
vn -0.07540555 -0.17532397 -0.98161882
vn -0.13466670 -0.31932516 -0.93802789
vn -0.05123332 0.26405947 -0.96314472
vn 0.48348722 -0.20742714 -0.85041995
vn 0.04180696 0.92692014 -0.37292254
vn 0.00621233 0.49804817 -0.86712711
vn -0.08346426 0.06972773 -0.99406829
vn 0.38909203 0.41944174 -0.82016829
vn -0.00000000 -0.00000000 0.00000000
vn -0.12658732 0.20183935 -0.97120365
vn -0.14344662 0.05019708 -0.98838420
vn 0.34145103 0.86107788 -0.37677058
vn 0.35687579 -0.05715074 -0.93240199
vn -0.53370718 -0.05793991 -0.84368217
vn -0.81096019 -0.09567719 -0.57722564
vn -0.27021455 0.67004266 -0.69139492
vn -0.45664881 -0.50132924 -0.73494276
vn -0.17131427 -0.84649118 -0.50408739
vn -0.45964965 0.86446866 0.20350955
vn -0.50177832 0.32742157 -0.80063327
vn -0.73162402 0.20591107 -0.64986686
vn -0.39270460 -0.16175988 -0.90532692
vn 0.01133056 -0.76710961 -0.64141598
vn -0.20305923 -0.06471095 -0.97702582
vn 0.11212940 -0.92103061 -0.37300083
vn -0.59556336 -0.07907980 -0.79940645
vn -0.30656879 -0.31875101 -0.89689095
vn -0.04845869 -0.07370082 -0.99610238
vn -0.26206948 -0.15362063 -0.95274356
vn 0.20769415 -0.61246994 -0.76272125
vn 0.38394141 0.11387482 -0.91630864
vn 0.66266986 -0.70175969 -0.26153774
vn 0.04206515 -0.04559528 -0.99807394
vn 0.29610566 -0.64510038 -0.70439119
vn 0.00000000 0.00000000 0.00000000
vn 0.25850634 -0.63957658 -0.72395875
vn 0.06025770 0.01427859 -0.99808072
vn 0.37822286 -0.67730720 -0.63103282
vn -0.10568484 0.06984251 -0.99194392
vn 0.20910647 -0.37036395 -0.90504421
vn -0.18361086 -0.18616893 -0.96520888
vn -0.30188395 -0.09558313 -0.94854096
vn 0.39882490 -0.40675722 -0.82188032
vn -0.44335039 -0.42417429 -0.78963067
vn -0.48992776 -0.00568186 -0.87174452
vn -0.05012862 -0.29276307 -0.95487010
vn -0.18548676 -0.04900615 -0.98142400
vn 0.53288657 0.15862987 -0.83118498
vn 0.05265724 -0.02680196 -0.99825291
vn -0.14585484 0.06104898 -0.98742057
vn 0.34106528 0.02675531 -0.93965878
vn -0.09995276 0.12754905 -0.98678300
vn -0.43640171 0.02179223 -0.89948799
vn -0.61793238 -0.05698466 -0.78416346
vn -0.07215778 0.08440652 -0.99381527
vn -0.28317559 -0.43947382 -0.85245196
vn -0.52722481 -0.02732350 -0.84928642
vn 0.22592035 0.69290194 -0.68472396
vn 0.70403389 -0.11504254 -0.70078634
vn 0.94812494 -0.07378081 -0.30921755
vn 0.14589785 0.72687044 -0.67109849
vn 0.34726683 -0.87276292 0.34306069
vn 0.15402306 -0.98707277 -0.04431982
vn -0.92192244 0.25344480 -0.29295862
vn -0.40381561 -0.61309446 -0.67900525
vn 0.68329723 -0.69762348 -0.21546780
vn -0.09478035 -0.01922782 -0.99531250
vn 0.15264840 0.11565716 -0.98148963
vn -0.76706973 -0.56554333 0.30292702
vn -0.24628331 0.85073256 0.46432601
vn 0.04453917 0.45345093 -0.89016769
vn 0.17340429 0.51758108 -0.83787874
vn -0.09495800 0.21006947 -0.97306413
vn 0.50736619 0.45034442 -0.73469004
vn 0.12921087 -0.40019569 -0.90727502
vn 0.72379535 -0.02303995 -0.68962994
vn -0.54580846 0.82585542 -0.14161902
vn -0.26895525 0.55218535 -0.78914790
vn 0.84589196 -0.49674083 0.19420435
vn 0.35426856 0.79865711 0.48645719
vn -0.01800228 -0.75526326 -0.65517427
vn -0.09520333 -0.71154063 -0.69616539
vn 0.00000000 -0.00000000 0.00000000
vn -0.27288615 -0.93628502 -0.22114140
vn -0.80925766 -0.01546122 -0.58725037
vn -0.03133866 0.05941390 -0.99774139
vn -0.28770812 0.42552568 -0.85799297
vn 0.01079455 0.60690716 -0.79469943
vn 0.97331613 0.19262108 -0.12471096
vn -0.73316959 -0.00309380 -0.68003880
vn 0.00000000 0.00000000 0.00000000
vn 0.02764540 0.84459622 -0.53468959
vn 0.56720487 0.08074902 -0.81960859
vn -0.55027341 -0.39037711 -0.73810900
vn 0.57893357 0.11563666 -0.80713325
vn -0.54662333 0.13912063 -0.82574111
vn 0.48598702 -0.12187662 -0.86542632
vn 0.60074804 0.71001666 -0.36739370
vn 0.03484327 0.08988597 -0.99534238
vn 0.00710856 0.02357251 -0.99969686
vn -0.26478871 -0.38722306 -0.88314509
vn -0.64749884 -0.18190090 -0.74003873
vn -0.24314713 -0.24412316 -0.93876694
vn -0.48711467 -0.86849897 -0.09180868
vn 0.66148550 0.08326432 -0.74532140
vn 0.00000000 0.00000000 0.00000000
vn 0.23977597 0.28052937 -0.92941420
vn -0.81370548 0.55442409 0.17463482
vn -0.33854088 0.49756189 -0.79863774
vn 0.87498593 0.13582370 -0.46470586
vn 0.10861313 0.39326003 -0.91298945
vn -0.30058670 0.29741646 -0.90619594
vn -0.09272446 0.23782362 -0.96687233
vn -0.26131421 -0.11479888 -0.95840289
vn 0.69206852 -0.30980642 -0.65196714
vn -0.63331049 -0.36419942 -0.68284450
vn -0.63489244 -0.12903567 -0.76174890
vn -0.88712343 0.40903303 0.21378492
vn -0.41971887 0.28884506 -0.86046767
vn 0.02977266 -0.04239258 -0.99865733
vn -0.97077711 -0.19030603 0.14620332
vn 0.11687957 0.10335708 -0.98775325
vn 0.50618041 0.83022143 -0.23348183
vn -0.15113008 0.15864545 -0.97570042
vn -0.75432810 0.51642472 -0.40533273
vn 0.00000000 0.00000000 0.00000000
vn 0.00000000 -0.00000000 0.00000000
vn 0.09709105 0.08547439 -0.99159844
vn -0.07511714 0.00429741 -0.99716546
vn 0.15868060 -0.10812057 -0.98139208
vn -0.33241907 0.38585513 -0.86058897
vn 0.31771003 0.94787397 -0.02439821
vn -0.85446641 0.07893536 -0.51347480
vn 0.04942342 -0.01168456 -0.99870957
vn -0.04167298 0.16643058 -0.98517218
vn 0.63678322 0.16021066 -0.75421461
vn -0.60210977 -0.78462614 0.14773502
vn 0.11758126 -0.07397563 -0.99030412
vn -0.06926097 0.06121715 -0.99571852
vn -0.11559931 0.60057281 -0.79116945
vn -0.19213527 0.08186548 -0.97794789
vn -0.14632660 0.41851760 0.89634343
vn -0.54063828 -0.78244030 -0.30902656
vn -0.76156787 0.64625522 -0.04866784
vn 0.31995060 -0.08370443 -0.94372940
vn 0.27538837 0.10879649 -0.95515683
vn -0.03402069 0.01871368 -0.99924591
vn 0.41994523 0.35332371 -0.83594758
vn -0.00488341 0.02149369 -0.99975706
vn -0.06051003 -0.35541250 -0.93274889
vn 0.02179478 0.01099050 -0.99970205
vn 0.58400861 0.02170916 -0.81145712
vn -0.00877417 0.00164177 -0.99996016
vn -0.74662057 0.64629398 -0.15767629
vn 0.04187525 -0.09824025 -0.99428131
vn 0.91580531 -0.03137925 -0.40039478
vn 0.00577757 0.02587352 -0.99964853
vn 0.52888323 -0.18034299 -0.82931232
vn -0.03945410 0.07003271 -0.99676416
vn 0.06469946 0.00654355 -0.99788334
vn 0.00117967 -0.39281694 -0.91961593
vn 0.10970266 -0.46894174 -0.87638974
vn -0.03223283 -0.45260733 -0.89112718
vn 0.03246093 -0.18142200 -0.98286944
vn -0.00320756 0.00418157 -0.99998611
vn -0.06999848 -0.04648891 -0.99646324
vn 0.03934450 0.03609265 -0.99857365
vn 0.59972420 -0.06122214 -0.79786135
vn 0.18799453 -0.25679363 -0.94800585
vn 0.03003141 0.01967973 -0.99935520
vn -0.42996505 0.14163282 -0.89166709
vn 0.00663114 -0.11718773 -0.99308764
vn -0.07580162 -0.02300807 -0.99685743
vn 0.00000000 -0.00000000 -0.00000000
vn -0.16014222 0.67880642 -0.71664239
vn 0.01645416 0.02368461 -0.99958406
vn -0.00185636 -0.07640784 -0.99707492
vn -0.07202402 0.10137790 -0.99223740
vn 0.25931973 -0.49634866 -0.82848735
vn 0.05977117 0.05193848 -0.99685997
vn -0.65389217 -0.75332174 0.07022385
vn -0.10794088 0.05204795 -0.99279392
vn 0.00787157 -0.00797057 -0.99993725
vn 0.11746785 0.09043700 -0.98895018
vn -0.17007130 -0.70364178 -0.68990145
vn -0.00334274 0.01731651 -0.99984447
vn -0.02302429 0.02650855 -0.99938340
vn 0.04327119 -0.64300166 -0.76464140
vn -0.60762720 0.66391151 -0.43590217
vn -0.05652251 0.70046651 0.71144352
vn 0.07845897 -0.62547919 -0.77628601
vn 0.50128193 -0.82089122 -0.27359467
vn -0.25262808 -0.85464618 0.45360662
vn 0.00000000 -0.00000000 0.00000000
vn -0.82996569 0.31066483 0.46329722
vn -0.35872566 -0.93038626 -0.07548046
vn -0.61085126 0.44580003 -0.65431114
vn 0.33746606 0.12894958 -0.93246376
vn 0.65376277 -0.74966489 -0.10294072
vn 0.20950744 0.27729221 -0.93766500
vn 0.74051665 -0.66694367 -0.08259072
vn -0.25370952 -0.96419739 -0.07716779
vn 0.30674256 0.40910640 -0.85938406
vn 0.33512981 0.01539320 -0.94204621
vn -0.71889684 -0.42403086 -0.55080410
vn -0.63849262 0.15034353 -0.75480063
vn -0.25900525 -0.16603933 -0.95149736
vn 0.13007761 0.62563204 -0.76919722
vn 0.79418036 -0.60650951 -0.03773284
vn 0.69032871 0.51214905 -0.51102800
vn -0.12721856 -0.52470492 -0.84172453
vn -0.92561020 -0.35246181 -0.13790008
vn -0.53956423 -0.49135562 -0.68369591
vn 0.76272437 0.17023141 -0.62391731
vn -0.21190038 0.52376357 -0.82508784
vn 0.70971210 -0.13218517 -0.69197964
vn 0.04660681 0.53305442 -0.84479630
vn 0.05240021 -0.65123271 -0.75706682
vn 0.65381401 0.03878593 0.75566057
vn 0.00000000 -0.00000000 0.00000000
vn -0.50358496 0.22427720 -0.83432723
vn 0.49122660 0.01032693 -0.87097060
vn 0.45701044 0.12885075 -0.88007894
vn 0.91120841 -0.04603491 -0.40936538
vn 0.76296622 -0.63185626 0.13652913
vn -0.16371059 -0.04115952 0.98564940
vn 0.05872207 -0.10158658 0.99309208
vn -0.18141183 0.09299345 -0.97900049
vn 0.81023465 0.01639740 0.58587621
vn -0.70535677 0.42823281 -0.56487918
vn 0.02041058 -0.09505093 0.99526315
vn 0.73528483 -0.03816613 -0.67668276
vn 0.43193509 -0.90190053 0.00274067
vn -0.24463969 0.56543817 -0.78767448
vn 0.57723528 0.36146983 -0.73221512
vn 0.22512815 -0.45851100 -0.85970052
vn -0.04003210 0.08187664 -0.99583816
vn 0.03235820 0.17136284 0.98467646
vn 0.47069762 -0.13665951 0.87164668
vn 0.10273442 0.24544697 -0.96395094
vn -0.05288501 0.85721643 -0.51223350
vn 0.87138976 0.48908252 0.03844702
vn -0.31958043 -0.87665657 -0.35964096
vn -0.13222928 -0.53155100 -0.83664147
vn 0.52636381 0.76989271 -0.36084119
vn 0.57667780 0.39719403 -0.71391849
vn 0.10501604 0.66425895 -0.74008896
vn 0.94060169 0.11873143 -0.31807438
vn -0.43149317 0.62433859 -0.65116432
vn -0.36108176 -0.14651637 -0.92095218
vn -0.36299412 -0.29756093 0.88300213
vn 0.04757598 -0.00205073 -0.99886552
vn -0.98101111 0.18629201 -0.05396755
vn 0.11638930 0.05891916 0.99145452
vn -0.02812762 -0.10258000 -0.99432700
vn 0.00000000 0.00000000 0.00000000
vn -0.00000000 0.00000000 -0.00000000
vn -0.94627319 -0.01141715 0.32316666
vn -0.57304700 -0.64943437 -0.49985212
vn -0.96562510 -0.25076196 -0.06845882
vn 0.19256564 -0.62174623 -0.75917725
vn -0.58798723 -0.77681097 0.22546782
vn -0.50880926 -0.64125799 0.57437038
vn 0.97459971 0.04837227 -0.21866762
vn 0.84194732 0.34750944 -0.41274919
vn 0.11423001 -0.93635703 -0.33194431
vn -0.80680220 -0.09825419 0.58259448
vn -0.95304397 -0.16847970 -0.25163821
vn 0.27398692 -0.00132716 0.96173250
vn 0.48756235 0.82510786 -0.28544697
vn -0.24372784 -0.33968050 -0.90841285
vn 0.46932385 -0.50780450 0.72240551
vn 0.72742551 -0.04568285 -0.68466430
vn -0.61895200 0.15821798 -0.76932795
vn -0.84068346 -0.11032949 -0.53016858
vn 0.10367090 0.55482397 -0.82548332
vn 0.33650012 -0.83203933 -0.44099685
vn 0.03326277 -0.05408290 -0.99798228
vn 0.93282299 0.32168284 -0.16236203
vn -0.92379197 0.24732419 -0.29229975
vn -0.44120550 -0.89560709 -0.05679477
vn -0.56025740 0.30967170 -0.76825457
vn -0.03742491 0.65406809 -0.75550931
vn 0.34798038 -0.81772943 -0.45850653
vn 0.89665887 0.39975663 -0.19025641
vn 0.23606891 0.44820294 0.86219812
vn 0.84391725 -0.22266426 -0.48808227
vn -0.66198839 0.74950742 0.00316376
vn -0.68721127 0.57376447 -0.44557266
vn 0.82794646 0.41676302 -0.37525090
vn 0.00000000 0.00000000 0.00000000
vn -0.70831321 -0.63705630 0.30405867
vn 0.00000000 -0.00000000 0.00000000
vn 0.02386939 0.66773485 0.74401642
vn -0.04503100 0.65744740 -0.75215365
vn 0.32193200 0.93922818 -0.11920658
vn 0.04452655 -0.29847705 0.95337759
vn -0.33223868 0.65531760 -0.67836296
vn 0.78545809 -0.19469147 -0.58749538
vn 0.43082820 0.38783767 -0.81484293
vn 0.63210579 -0.06269421 -0.77234170
vn -0.18665291 -0.97774486 -0.09578974
vn 0.51383368 0.49748646 -0.69891500
vn -0.46099036 0.88109807 -0.10561283
vn -0.22865034 -0.04529724 -0.97245421
vn -0.08363593 -0.27887994 0.95667707
vn -0.86243314 -0.04748612 0.50393863
vn -0.02099987 0.99848234 0.05091182
vn -0.32495451 -0.59017124 0.73898746
vn 0.52445715 -0.84794020 -0.07708518
vn -0.17751028 -0.10424530 0.97858215
vn 0.10509788 0.41178144 0.90520190
vn -0.36490088 0.83397586 0.41392223
vn -0.71940622 0.21810164 -0.65945914
vn 0.08649421 -0.56228332 -0.82240879
vn -0.45013356 -0.27945929 -0.84810511
vn 0.44191345 0.57742371 -0.68650882
vn -0.67110684 -0.60241154 -0.43210640
vn 0.76417112 -0.26227372 0.58928346
vn -0.95843428 -0.19621951 -0.20712711
vn 0.11284187 0.37110187 -0.92171043
vn -0.00000000 -0.00000000 0.00000000
vn -0.24788757 -0.51479702 -0.82069226
vn -0.18844841 0.85670368 -0.48015206
vn -0.78446399 0.29971721 -0.54294184
vn -0.38501604 -0.80161242 0.45736220
vn 0.25708663 0.96554692 0.04031893
vn -0.02448610 -0.34783132 -0.93723733
vn -0.73698943 0.67540566 -0.02595697
vn 0.45853871 -0.76166321 0.45783339
vn 0.85697702 0.23066352 -0.46085219
vn -0.36216552 0.77739190 0.51429366
vn 0.98688539 -0.12940554 -0.09649577
vn 0.80489385 0.28498883 0.52050672
vn 0.88993668 -0.40192471 0.21556722
vn -0.58105169 0.57228133 -0.57868213
vn 0.40637562 -0.34798806 0.84484505
vn 0.32510621 0.92364686 -0.20293452
vn 0.43424617 0.85554543 -0.28190830
vn -0.91079273 -0.36842772 -0.18632666
vn -0.03790237 -0.43732604 -0.89850395
vn 0.00222149 0.05614686 0.99842005
vn -0.70419760 0.06702223 -0.70683361
vn -0.47665176 0.65104508 0.59071431
vn -0.96613104 0.04821001 -0.25350858
vn -0.79152324 -0.07564336 -0.60643965
vn -0.20626316 0.66708144 -0.71586162
vn -0.00000000 0.00000000 0.00000000
vn 0.83879120 0.47638477 -0.26360364
vn 0.50110049 0.17237884 -0.84804707
vn -0.45617279 0.48346412 0.74710697
vn -0.62509903 -0.04447458 0.77927737
vn 0.44361194 0.12743083 -0.88711320
vn -0.61042642 -0.75935989 -0.22528237
vn -0.37492806 -0.02535153 -0.92670721
vn -0.43162811 0.53964531 -0.72282786
vn -0.24528335 -0.13867504 -0.95948179
vn 0.85662900 -0.38506566 -0.34338198
vn 0.24668737 0.45518550 0.85554164
vn 0.34582788 0.54570570 -0.76328786
vn 0.86947830 -0.30253113 -0.39048995
vn 0.63471346 0.41330514 0.65293007
vn 0.20639834 -0.31198935 -0.92739547
vn 0.17498723 0.29742928 -0.93857088
vn 0.04911015 0.27513909 -0.96014930
vn -0.75567896 0.56496848 0.33130036
vn 0.38257346 0.47789252 0.79073149
vn -0.29981690 -0.09622725 -0.94913126
vn 0.07246048 0.99504625 0.06806204
vn -0.76346904 0.54584745 -0.34520367
vn -0.89807647 -0.20375377 0.38979874
vn 0.39065740 0.86520993 0.31432240
vn -0.17366842 -0.06931551 -0.98236177
vn -0.78892589 -0.61379060 -0.02927535
vn 0.47871600 -0.87171046 0.10465117
vn -0.80106932 0.39505178 0.44969105
vn 0.40587668 0.88387969 0.23242378
vn -0.00000000 0.00000000 -0.00000000
vn -0.64549409 -0.67334201 -0.36048288
vn 0.00000000 0.00000000 0.00000000
vn 0.79430350 -0.34690046 0.49874043
vn 0.78343738 -0.57223315 -0.24243576
vn -0.00384662 0.43250935 0.90162124
vn -0.92068663 0.28396830 0.26776508
vn -0.48600384 0.29675636 -0.82203158
vn -0.34152237 -0.02034578 -0.93965340
vn -0.21078343 0.25945576 0.94247178
vn 0.00696893 -0.90461855 -0.42616512
vn 0.13107145 -0.96368431 0.23266463
vn 0.96464522 0.26338799 -0.00929361
vn 0.34589698 -0.41551895 0.84124864
vn -0.11245957 0.98787145 -0.10706464
vn 0.99027967 0.04863137 -0.13031181
vn 0.67060514 -0.58498048 -0.45616508
vn -0.27531528 0.88074951 0.38533335
vn 0.27504792 -0.64221705 -0.71547600
vn -0.38711975 0.57096659 -0.72397200
vn 0.21219120 -0.97455382 0.07224777
vn -0.00000000 0.00000000 0.00000000
vn -0.71413742 0.54627647 -0.43770968
vn -0.20294346 0.01497497 -0.97907594
vn -0.29477825 -0.93013506 0.21898528
vn 0.82279503 -0.50021842 0.26979599
vn 0.39783794 -0.03829584 -0.91665610
vn 0.09193663 -0.00597899 0.99574691
vn 0.15995641 -0.64596416 -0.74642096
vn 0.57153632 -0.62743368 -0.52884138
vn 0.33566271 -0.77941166 0.52900663
vn 0.21760845 0.39096278 -0.89431240
vn 0.03775330 -0.00442081 -0.99927731
vn -0.55841488 0.24755181 -0.79176444
vn 0.03162548 0.17734477 -0.98364052
vn 0.40734925 0.86226315 -0.30094659
vn 0.04616057 0.00707402 -0.99890899
vn 0.08348795 0.61345881 -0.78530125
vn 0.40920270 0.30665344 -0.85937001
vn 0.01528212 0.13899556 -0.99017508
vn 0.25696986 -0.16606497 -0.95204460
vn 0.11376175 0.10078351 -0.98838300
vn 0.15193815 -0.59765760 0.78722309
vn 0.98799776 -0.05683192 0.14363341
vn 0.87661768 0.48087353 0.01738066
vn 0.29573495 -0.14554383 -0.94411749
vn -0.19983143 -0.68563110 -0.69998385
vn -0.92209504 -0.20667293 0.32714987
vn 0.00000000 0.00000000 0.00000000
vn 0.73677745 -0.23214459 0.63503376
vn -0.12886965 0.98677770 -0.09829742
vn -0.08233163 -0.98465079 -0.15389712
vn 0.20373812 -0.97872200 0.02437272
vn 0.00000000 0.00000000 0.00000000
vn -0.84301317 0.51556443 -0.15336923
vn 0.34438440 -0.91507705 0.20984131
vn 0.17554322 0.40249933 0.89843134
vn -0.97036957 -0.20694341 -0.12472900
vn -0.55403943 -0.59830725 0.57885123
vn 0.03758099 -0.99829859 -0.04458237
vn 0.60468203 0.68618217 -0.40436824
vn 0.47205549 -0.87488118 0.10838148
vn -0.52633367 -0.84295151 0.11138053
vn 0.66901804 -0.59811593 0.44121673
vn -0.37959562 -0.70051236 -0.60430919
vn -0.07001070 -0.99645383 -0.04667198
vn 0.27931792 0.95512819 0.09854762
vn 0.99681179 0.07420871 0.02931429
vn -0.01961923 -0.99516380 -0.09625023
vn 0.67780830 -0.67927021 0.28136790
vn 0.71286653 -0.45760580 -0.53143037
vn 0.32690699 -0.19209571 -0.92532754
vn 0.24294216 0.30943732 -0.91936263
vn 0.68274680 -0.06038348 -0.72815565
vn -0.61116309 0.36257105 -0.70357793
vn -0.14325289 0.06176764 -0.98775674
vn -0.34590340 -0.66156332 -0.66534564
vn -0.07447309 0.47200557 -0.87844437
vn 0.91810387 0.09915135 -0.38373727
vn -0.87141781 0.11079993 -0.47786438
vn 0.23100324 -0.81823132 -0.52643614
vn -0.04980976 -0.55983146 -0.82710805
vn 0.82308365 0.24834903 -0.51074071
vn -0.41446534 -0.90166789 -0.12334301
vn 0.09610092 -0.40469101 0.90938979
vn 0.14154127 -0.53167422 0.83503808
vn -0.66055085 0.74427706 -0.09861150
vn 0.85347247 -0.51304812 0.09146787
vn 0.96569898 -0.23673620 -0.10668390
vn -0.35325412 0.77624939 -0.52215746
vn -0.48909714 0.01824934 -0.87203839
vn 0.43678712 -0.36974540 -0.82006424
vn 0.44758868 -0.06331607 -0.89199520
vn -0.75434983 0.65389836 0.05807980
vn -0.71966974 0.69409796 0.01742083
vn 0.00000000 -0.00000000 -0.00000000
vn 0.78541897 -0.12190051 0.60684208
vn 0.66156306 0.72474051 -0.19257596
vn -0.35093700 -0.91732274 0.18804843
vn -0.66944656 -0.42518863 0.60914360
vn 0.49741498 0.78282233 0.37385496
vn 0.88602642 0.09140726 0.45453482
vn 0.96742721 0.23711376 -0.08866597
vn 0.00000000 0.00000000 -0.00000000
vn 0.55804365 0.75401963 -0.34647031
vn -0.32136277 0.06667985 0.94460561
vn 0.03429671 0.29179788 -0.95586491
vn 0.61861183 0.66423224 -0.41966050
vn -0.36881427 -0.61992093 0.69258506
vn -0.01729653 0.13586977 0.99057571
vn -0.13077138 -0.47577177 -0.86979312
vn -0.46085868 0.29147808 -0.83824209
vn -0.54638992 0.59168518 0.59276192
vn 0.20675442 -0.19478545 0.95880720
vn -0.00299992 -0.17536283 0.98449930
vn -0.02805944 0.02942083 0.99917320
vn 0.27317735 0.09252311 0.95750384
vn 0.14390173 0.07294881 0.98689957
vn -0.99643203 -0.02711394 -0.07992524
vn -0.03565765 0.95674147 0.28874607
vn -0.94937300 0.30051464 0.09155247
vn -0.74902981 0.63919113 -0.17432452
vn 0.92506791 0.34520747 -0.15837035
vn 0.00000000 -0.00000000 0.00000000
vn -0.63406733 0.73427439 -0.24248658
vn -0.05488815 -0.99130286 -0.11960740
vn -0.77747076 0.41091641 0.47611649
vn 0.20179687 -0.97607981 0.08090874
vn -0.06525340 -0.99021374 -0.12336430
vn 0.16066433 0.98404631 -0.07641884
vn -0.14470202 -0.82150884 -0.55152928
vn -0.34696888 -0.20564555 0.91505328
vn -0.43310319 -0.02134356 0.90109160
vn 0.17019861 -0.26342002 0.94954849
vn 0.86022860 0.50237700 -0.08731608
vn 0.18189875 -0.92144751 0.34328898
vn 0.82053371 0.56768250 0.06679082
vn 0.09166577 0.99446998 0.05125269
vn -0.78243194 -0.18102100 -0.59584532
vn 0.96964355 0.19297738 0.15017030
vn -0.26618151 -0.65921036 -0.70327029
vn -0.18004244 -0.76244857 -0.62149570
vn 0.08832333 -0.18809155 -0.97817205
vn 0.48654977 0.03015292 0.87313236
vn -0.11568299 -0.68848712 -0.71596294
vn -0.19078154 -0.44144868 -0.87676990
vn -0.04960089 0.56442721 0.82399131
vn 0.65802769 -0.19969275 0.72603193
vn 0.40018241 0.90042299 0.17056515
vn 0.94908289 0.30631408 0.07357546
vn 0.89126139 -0.44660627 0.07871450
vn 0.31443418 0.94113289 -0.12409686
vn -0.42765024 -0.74185833 -0.51648958
vn -0.14118105 0.98991763 -0.01144538
vn 0.93722050 -0.22192861 0.26900822
vn 0.55443327 -0.14816335 0.81893307
vn 0.73710895 0.66751097 0.10535413
vn 0.09439421 0.68204310 0.72519441
vn 0.27394047 0.96171660 0.00760235
vn -0.70799497 -0.68732895 0.16224067
vn 0.95022221 0.31123556 0.01449719
vn 0.67440664 -0.67888698 0.29032423
vn -0.81794252 0.44695453 0.36221772
vn -0.73705021 -0.65157416 0.17946612
vn -0.65310680 -0.40633736 0.63901601
vn -0.98153283 0.19102310 -0.01017243
vn -0.54640463 -0.82242253 -0.15831349
vn 0.57657619 -0.79208708 -0.20039448
vn -0.78129865 0.60431891 -0.15611239
vn -0.57492859 -0.50362908 -0.64483709
vn -0.71615562 -0.68338085 0.14181587
vn -0.29578391 -0.73433959 0.61094783
vn -0.49578961 -0.86840623 0.00795526
vn -0.83001137 -0.16360767 0.53321071
vn -0.78181024 0.59167818 0.19669692
vn -0.94935619 0.27341244 -0.15481752
vn 0.70898369 0.70463964 -0.02872458
vn 0.03970870 0.99531416 -0.08816429
vn 0.64941089 0.75456099 0.09435685
vn -0.46197028 -0.06027646 0.88484474
vn 0.35872230 -0.80243165 0.47688757
vn 0.01250300 -0.99751863 -0.06928395
vn 0.84020101 0.49831848 0.21387136
vn 0.27812998 -0.94789944 0.15533952
vn -0.05694495 -0.86411773 0.50005781
vn -0.07992169 0.16085397 0.98373702
vn -0.32898176 0.08295861 0.94068532
vn 0.23992136 -0.54028111 -0.80655692
vn -0.36256189 0.46235465 0.80918296
vn 0.23420428 -0.03928100 -0.97139351
vn -0.10364157 0.89368726 -0.43655641
vn 0.20628419 0.14454249 0.96775736
vn 0.54064230 -0.07101519 0.83824981
vn 0.68462033 -0.50816367 0.52255592
vn 0.03787434 -0.16109403 0.98621207
vn 0.02319745 -0.04659642 0.99864441
vn 0.17973733 -0.70462766 0.68643598
vn -0.31712334 0.67570052 0.66547847
vn 0.60460028 -0.73710403 -0.30188765
vn -0.69648703 0.70541884 0.13149170
vn 0.58026281 -0.78105529 0.23075464
vn 0.39106527 -0.79144840 0.46976311
vn 0.95262278 -0.30355684 -0.01905483
vn 0.01944729 0.99912556 0.03701230
vn -0.79783613 -0.59929288 0.06561674
vn 0.00000000 0.00000000 0.00000000
vn 0.05376713 -0.87184741 0.48681742
vn -0.04600546 -0.80642657 0.58954192
vn -0.48928681 -0.22952945 0.84137664
vn -0.59468245 0.79098890 0.14383789
vn -0.08838839 -0.99608405 0.00201637
vn -0.83622818 -0.43379404 0.33547750
vn -0.13032662 -0.72091119 0.68066293
vn -0.13447596 0.98487898 0.10922278
vn -0.55350888 0.82653928 -0.10227779
vn 0.59862865 0.79447705 0.10222502
vn -0.72931175 -0.68392824 -0.01861519
vn -0.43245340 0.81826358 0.37871991
vn -0.72537852 -0.68754020 0.03338372
vn -0.30557949 0.33147101 -0.89260750
vn -0.30560215 0.95021398 -0.06083361
vn -0.76541833 0.51320149 0.38827698
vn 0.99316136 0.06873986 0.09436812
vn 0.43564012 0.89756411 0.06779647
vn -0.68467925 0.72014625 -0.11226619
vn 0.14895615 0.98736444 0.05406973
vn 0.78918986 0.28636233 0.54330100
vn 0.25136849 0.16869780 0.95307656
vn -0.98110857 -0.15869169 0.11064773
vn -0.86544368 -0.47193023 0.16819361
vn -0.33013001 0.15589695 -0.93097278
vn -0.30482698 -0.15411998 0.93985506
vn -0.42461554 0.72864202 -0.53738483
vn -0.02182886 -0.63585868 0.77149675
vn -0.79443386 -0.43521718 0.42362820
vn 0.67882991 0.72594625 0.11041741
vn 0.65375031 0.72630874 0.21233499
vn 0.98566164 -0.02997812 0.16604951
vn 0.10212855 -0.97205009 0.21139625
vn 0.95604408 -0.06819707 0.28518217
vn 0.00060696 -0.97346903 -0.22881802
vn -0.24719736 0.44294076 -0.86179867
vn 0.91460511 0.12932212 0.38311002
vn 0.73294818 -0.29067648 0.61505622
vn -0.62506826 -0.76072763 0.17488037
vn 0.33983750 -0.54008017 -0.76995057
vn 0.18471796 0.97773187 0.09959755
vn -0.99270872 0.12044136 -0.00482376
vn -0.12689975 -0.99142530 -0.03118216
vn 0.33931760 -0.93961822 -0.04451041
vn -0.21923094 -0.97488099 -0.03930448
vn 0.97315419 -0.22630009 0.04194272
vn 0.98406230 0.14538564 0.10239340
vn -0.00000000 0.00000000 0.00000000
vn 0.40446392 0.90591097 0.12543626
vn 0.49966271 -0.47775403 -0.72255675
vn 0.00000000 0.00000000 0.00000000
vn -0.53816119 -0.82805983 -0.15716060
vn 0.88469296 -0.12018471 -0.45041537
vn -0.79781359 -0.60250833 -0.02184470
vn 0.97259138 -0.23195860 0.01616238
vn -0.26607735 0.17434641 -0.94805389
vn -0.28582489 0.76453897 -0.57774068
vn -0.33197102 0.50094464 0.79928074
vn -0.94619396 -0.22613561 0.23147285
vn 0.03240607 -0.99937192 0.01433898
vn 0.95410070 -0.22096715 0.20215187
vn 0.03288012 0.17898387 0.98330243
vn -0.56053077 -0.38875927 0.73121234
vn 0.09327388 0.99373713 -0.06153456
vn 0.15955205 -0.95916540 0.23354846
vn 0.03817396 -0.54307585 -0.83881546
vn 0.96572932 -0.25429899 0.05195092
vn -0.82946225 -0.50828841 -0.23159291
vn 0.39971087 -0.81038551 0.42837664
vn -0.27909344 0.62838664 0.72611093
vn -0.10525336 0.17983964 0.97804879
vn 0.15974408 0.24736845 0.95566243
vn -0.18510662 0.03157377 0.98221109
vn -0.02776419 -0.12252243 0.99207732
vn -0.00437313 0.21553987 0.97648525
vn -0.21117567 0.87880393 -0.42791177
vn 0.66167496 -0.26913699 -0.69982250
vn -0.60402732 0.74342943 0.28716492
vn 0.01632614 0.77484582 -0.63193940
vn -0.06198613 -0.64963458 -0.75771541
vn 0.93287622 -0.03628238 -0.35836511
vn -0.06544483 0.56227082 -0.82435945
vn -0.96969251 -0.24280300 -0.02726066
vn -0.04270036 -0.99880177 0.02391027
vn -0.89859621 -0.43596138 0.04962382
vn -0.23655753 0.96835364 -0.07957242
vn -0.85480762 -0.49502841 -0.15572669
vn -0.08045686 0.99514949 -0.05660558
vn 0.99751194 -0.05278207 -0.04673306
vn -0.73958024 -0.65311835 -0.16265759
vn -0.35917786 -0.93300400 -0.02224428
vn 0.39565696 -0.91618593 -0.06370951
vn 0.38955153 0.90752362 0.15700475
vn -0.14626416 0.97888904 -0.14276917
vn 0.64171510 0.76693816 0.00275550
vn 0.69435729 0.47600753 0.53970806
vn -0.01701606 0.98076205 0.19446399
vn 0.25527976 -0.45317144 0.85408892
vn -0.73951851 0.67234335 0.03266170
vn -0.69250725 0.71408603 -0.10254200
vn -0.25273381 0.25379204 -0.93365691
vn -0.00910813 0.98262822 0.18536135
vn -0.64975893 0.37784979 -0.65957780
vn -0.83103783 -0.24291731 -0.50036717
vn 0.75826141 0.64755594 0.07557072
vn 0.39440908 -0.91884087 0.01315023
vn -0.49164452 -0.08617234 -0.86652178
vn -0.86958467 -0.25605500 0.42220651
vn 0.37154235 -0.38339570 -0.84555545
vn 0.11267810 0.31717870 -0.94164819
vn 0.11222413 -0.06078438 -0.99182206
vn -0.00130312 0.02652146 -0.99964739
vn -0.36046485 -0.62370053 -0.69358686
vn 0.30588114 -0.27773192 -0.91066004
vn 0.09184188 -0.99577118 0.00219718
vn -0.76062969 -0.64622333 0.06195075
vn -0.94299376 0.24835753 -0.22154300
vn 0.05611992 -0.35020582 0.93499007
vn -0.00362462 -0.96617855 0.25784855
vn -0.38525541 -0.91866693 0.08734609
vn 0.47757947 -0.87768799 0.03976983
vn -0.30729574 -0.94971978 -0.06001388
vn -0.81472660 0.21455822 -0.53868853
vn 0.69341132 -0.68816812 0.21355417
vn -0.78024924 -0.51846093 -0.34987052
vn -0.39593431 -0.54999182 -0.73535367
vn -0.25257427 -0.92812027 -0.27349406
vn -0.35340850 0.86709802 0.35106047
vn 0.00000000 -0.00000000 -0.00000000
vn -0.65855218 0.68672550 0.30776144
vn -0.67257035 -0.69940817 0.24182088
vn -0.01672433 0.80750916 0.58961788
vn -0.98279670 -0.17489810 0.05934062
vn -0.35964486 -0.83734845 0.41170759
vn 0.98903496 -0.10358345 0.10526310
vn -0.60893372 0.69419531 0.38378718
vn 0.87190782 0.46556589 0.15174041
vn 0.12572025 -0.99158176 -0.03098443
vn -0.89482466 0.43294148 0.10885998
vn 0.08766431 0.60541864 -0.79106463
vn -0.55772925 -0.80031397 0.22008095
vn 0.44809597 -0.63599399 -0.62826877
vn 0.00000000 0.00000000 -0.00000000
vn 0.86530302 -0.06814503 0.49659535
vn 0.67162678 0.16821488 0.72154087
vn 0.65877360 -0.64738184 -0.38329375
vn -0.25354777 0.90932514 -0.32991107
vn 0.30409673 0.50793489 0.80593258
vn 0.99277156 0.01995427 0.11834892
vn -0.07768821 -0.35200117 -0.93276992
vn -0.37057195 0.52364420 0.76712006
vn 0.99201123 -0.00923711 0.12581092
vn 0.57308369 -0.57114869 0.58767701
vn 0.71482423 -0.40082025 0.57303530
vn -0.41309929 -0.47987983 0.77399246
vn 0.83042845 0.54190447 0.12933727
vn 0.09619877 0.56554960 0.81908452
vn -0.86445697 0.48914752 0.11596914
vn -0.03664852 0.38050670 0.92405170
vn -0.27538334 0.36083000 0.89104755
vn -0.14921396 -0.71876500 0.67905233
vn -0.28293515 -0.95909428 -0.00926588
vn -0.34713366 0.93776073 0.01015049
vn -0.21698761 -0.20870262 -0.95360348
vn 0.50205380 0.44704639 -0.74033203
vn -0.35266554 0.90501104 0.23786978
vn -0.58911584 0.70348699 -0.39755324
vn -0.47449457 -0.62103554 -0.62383471
vn -0.67959172 -0.52238524 -0.51504247
vn -0.47381408 0.77618528 0.41597672
vn -0.48816373 -0.18803289 0.85225572
vn -0.04380170 -0.90116794 -0.43125138
vn 0.11594143 -0.92871739 0.35219539
vn -0.57360242 -0.79799307 0.18489815
vn -0.90429724 0.03873331 -0.42514260
vn -0.97440910 -0.17732129 0.13814508
vn 0.99895951 0.02936452 0.03489434
vn 0.31143102 0.70376720 -0.63853147
vn -0.01326728 -0.87615662 0.48184392
vn -0.16570502 -0.95895030 0.23012206
vn -0.31387975 -0.87909725 -0.35870255
vn 0.11648733 0.28695147 0.95083624
vn 0.88400045 0.43670628 0.16682577
vn -0.13307739 0.98605164 0.09996285
vn -0.36048616 0.92960054 0.07676309
vn -0.15616132 -0.06873992 -0.98533673
vn -0.35357085 0.93401541 0.05101829
vn -0.92321901 -0.04913006 0.38112058
vn 0.88778124 -0.31467322 -0.33589469
vn -0.00796408 -0.27088081 -0.96257995
vn -0.70969641 -0.54202722 -0.45004166
vn -0.91126034 -0.06684058 0.40637044
vn 0.55387504 0.27960406 0.78424742
vn 0.31816452 -0.53155720 -0.78499572
vn -0.89522658 -0.44411790 -0.03645087
vn 0.08026724 0.99349726 0.08074872
vn -0.31478798 0.87424689 -0.36959558
vn 0.36782097 0.22746169 0.90164789
vn -0.60510987 0.39735990 -0.68988924
vn -0.42306277 0.55240303 0.71824006
vn -0.64770551 0.75282026 0.11721444
vn 0.00000000 -0.00000000 -0.00000000
vn 0.38222278 -0.28564926 -0.87881184
vn -0.45067675 -0.22330054 -0.86430743
vn -0.51104092 -0.85818796 -0.04848303
vn -0.76000592 0.35683768 -0.54319230
vn -0.48934973 0.86306425 0.12512772
vn -0.32580302 -0.47705673 -0.81625319
vn 0.66663230 -0.17871578 -0.72364498
vn 0.91148811 0.08715003 0.40198794
vn -0.32891582 -0.57102720 -0.75215844
vn 0.00000000 0.00000000 0.00000000
vn 0.76620152 -0.63955927 -0.06244326
vn 0.00000000 -0.00000000 0.00000000
vn 0.00778953 0.12535748 -0.99208106
vn 0.83935836 -0.50175147 -0.20910048
vn 0.61578900 -0.76676299 -0.18132409
vn -0.68310093 -0.51402511 0.51879794
vn 0.10821885 -0.97539132 0.19209492
vn -0.87003135 -0.00977244 -0.49289954
vn -0.65335252 -0.75636327 0.03232783
vn 0.23971333 0.73937384 0.62917712
vn 0.56186643 -0.59204612 0.57774346
vn 0.01017491 -0.96295554 -0.26946819
vn 0.78527026 0.16516072 0.59671815
vn 0.00000000 0.00000000 -0.00000000
vn 0.05134085 0.27941744 0.95879613
vn -0.45488068 0.39440033 0.79845598
vn -0.64823403 0.20957508 -0.73203206
vn -0.25608901 0.55827209 -0.78914555
vn 0.40366274 -0.49864157 0.76708081
vn 0.12458585 0.95895045 0.25473986
vn 0.81880107 0.10606571 0.56419400
vn 0.39094637 -0.92032009 0.01310994
vn -0.67405109 -0.73155353 -0.10239414
vn -0.99720910 -0.00829707 -0.07419679
vn -0.50819161 0.48797435 -0.70966352
vn 0.19854625 -0.97998022 0.01476978
vn 0.04892005 -0.02614475 -0.99846046
vn 0.04799857 -0.05272293 -0.99745498
vn -0.10477915 -0.99431513 -0.01894080
vn -0.17305577 0.12636823 -0.97677161
vn -0.12235841 -0.08998286 -0.98839845
vn 0.94531776 0.03611113 0.32414552
vn 0.60148198 -0.10571930 -0.79186038
vn 0.17011395 -0.42054445 -0.89118102
vn 0.24116513 -0.15581802 -0.95789359
vn -0.65653292 -0.67855340 0.32943862
vn 0.19286809 -0.98079900 -0.02890011
vn -0.89616364 0.35316398 0.26863717
vn -0.33013597 -0.91543265 -0.23020274
vn -0.11129608 -0.15202794 -0.98208996
vn 0.01039828 -0.06302304 -0.99795790
vn -0.01412663 0.99633910 0.08431392
vn 0.70966171 -0.53516581 0.45823337
vn -0.01521645 0.11776722 -0.99292464
vn -0.99732783 0.01790440 -0.07082823
vn 0.56266527 0.77970489 -0.27471456
vn -0.18437989 -0.98262125 -0.02143691
vn -0.34398864 0.23157583 -0.90996948
vn 0.02728827 0.06777619 -0.99732730
vn -0.02346393 0.95487803 0.29606990
vn -0.02461023 0.07221494 -0.99708542
vn -0.56790560 -0.74281297 -0.35455906
vn 0.34922710 -0.93431815 0.07134441
vn -0.18091656 0.98213142 0.05183690
vn 0.10441549 0.91487275 -0.39000674
vn 0.95550666 -0.29321509 0.03212377
vn -0.55022643 0.13615280 -0.82384057
vn 0.74516460 0.65192228 0.14045305
vn 0.04106377 0.98121673 0.18848738
vn 0.79382727 -0.13597661 0.59274668
vn -0.18641382 0.96916286 0.16116214
vn -0.92367888 0.33244563 0.19051832
vn -0.08122336 0.95952112 0.26967014
vn -0.06149062 0.98765106 0.14409822
vn -0.38730671 0.92187732 -0.01165019
vn 0.13670339 0.98726422 0.08137288
vn 0.15819325 0.98429517 0.07834488
vn 0.98851733 -0.13769297 0.06224252
vn 0.02348575 0.18033343 -0.98332511
vn -0.08353054 -0.36799311 -0.92606896
vn -0.91014165 0.08694391 -0.40507153
vn -0.03095470 -0.02748309 -0.99914288
vn -0.25287326 -0.95855624 0.13124428
vn -0.06554395 -0.95785187 -0.27968515
vn -0.85778035 0.05687873 -0.51085975
vn -0.02853780 -0.07162350 -0.99702340
vn -0.27886714 0.22062081 -0.93464409
vn 0.43777231 -0.44781203 -0.77962798
vn -0.42010900 0.90737883 -0.01311820
vn 0.07395663 -0.25281680 -0.96468341
vn -0.01166075 -0.05265868 -0.99854449
vn -0.13476535 -0.07764063 -0.98783108
vn 0.08105991 0.12564251 -0.98875844
vn -0.12183028 -0.80667377 -0.57830339
vn -0.27778416 0.26622953 -0.92301560
vn 0.11565390 -0.02708565 -0.99292021
vn 0.14177273 -0.52972011 0.83623986
vn 0.12237660 0.11928816 -0.98528894
vn -0.55361402 0.25976236 -0.79122376
vn -0.19233000 -0.37383401 -0.90733528
vn -0.08873957 -0.30795677 -0.94725282
vn -0.08883466 0.09925388 -0.99108883
vn -0.17338996 0.06751017 -0.98253667
vn 0.03381156 -0.06741062 -0.99715224
vn 0.60117174 -0.31546256 -0.73421789
vn 0.08360245 0.07562110 -0.99362572
vn 0.03480993 0.03272744 -0.99885794
vn -0.67322372 0.02642558 -0.73896652
vn -0.02854511 0.36480294 -0.93064708
vn 0.02789331 0.26012265 -0.96517261
vn -0.28104195 0.65316753 -0.70312701
vn -0.21049825 0.01346388 -0.97750151
vn 0.30168356 -0.10487278 -0.94762267
vn 0.07103944 -0.13866070 -0.98778875
vn -0.91762979 -0.37806355 -0.12257050
vn 0.90609833 -0.33454114 0.25897498
vn 0.46872227 0.21883035 0.85581114
vn 0.03471570 -0.38305189 -0.92307425
vn 0.37229651 -0.78270900 -0.49876039
vn -0.52350693 -0.85184564 -0.01730603
vn 0.88884994 -0.34859158 -0.29737131
vn 0.12723442 0.99105873 -0.04017454
vn 0.93839102 0.29143446 0.18571012
vn 0.53468822 0.84487082 0.01737220
vn 0.01905438 -0.04308711 -0.99888960
vn 0.56761403 0.09054117 -0.81830105
vn -0.18527248 0.97943915 0.07983138
vn 0.11008259 0.06348575 -0.99189283
vn 0.22412325 -0.94234624 0.24850015
vn 0.72698671 0.68439381 0.05563653
vn -0.34835316 -0.93347394 -0.08530224
vn -0.07459683 -0.17893908 -0.98102809
vn 0.18791139 -0.01300755 -0.98209985
vn -0.59457300 0.72924670 -0.33864761
vn 0.82626887 0.15664560 0.54105629
vn 0.98015824 0.04654170 0.19267512
vn -0.40253562 -0.03528169 -0.91472415
vn 0.28252451 0.20440119 -0.93722999
vn -0.15613704 0.01086384 -0.98767566
vn 0.55827250 0.50729262 -0.65649525
vn -0.83970161 -0.53743825 -0.07785461
vn 0.02323337 0.99838068 0.05192528
vn -0.78775313 -0.61586806 0.01231009
vn 0.68030949 0.64003180 0.35712505
vn 0.74380875 0.66637659 -0.05187273
vn 0.13994256 -0.04287207 -0.98923105
vn -0.93812873 -0.22378996 -0.26425846
vn 0.06936517 -0.00414097 -0.99758274
vn 0.37572799 0.21307631 -0.90190186
vn -0.90799015 0.40215804 0.11757044
vn -0.18690048 0.09228917 -0.97803421
vn 0.16419679 0.85976193 0.48357919
vn 0.00251917 -0.04729368 -0.99887785
vn -0.12635661 0.13259828 -0.98308276
vn 0.09369102 0.06948539 -0.99317359
vn 0.44186804 -0.87577279 -0.19435704
vn -0.05500514 0.02510000 -0.99817054
vn -0.05554454 -0.98098243 -0.18597925
vn 0.32245682 -0.07210618 -0.94383383
vn -0.44298714 -0.26675235 -0.85592382
vn -0.14784981 0.23293143 -0.96118853
vn 0.10516256 -0.10496806 -0.98889966
vn -0.01602553 -0.00432668 -0.99986222
vn -0.18870481 -0.07718618 -0.97899581
vn -0.24444466 0.22241675 -0.94381015
vn 0.05417986 -0.00502000 -0.99851857
vn -0.43663490 0.00672203 -0.89961368
vn 0.19008274 -0.38100077 -0.90482427
vn -0.38068598 -0.05036128 -0.92333197
vn 0.17306639 -0.86023254 -0.47963320
vn -0.28508450 0.05713119 -0.95679823
vn -0.09471553 -0.14361681 -0.98509044
vn 0.35410536 -0.67418900 -0.64813470
vn -0.63308172 -0.10471536 -0.76696951
vn -0.39833617 0.77051962 -0.49762217
vn -0.18957320 -0.10701020 -0.97601784
vn 0.91281953 -0.03880337 0.40651544
vn 0.08876374 0.00931068 -0.99600919
vn -0.77128610 -0.42666787 -0.47230527
vn 0.08710562 0.10256575 -0.99090508
vn -0.05808510 -0.09122915 -0.99413448
vn 0.33034790 0.08025249 -0.94044128
vn -0.76556268 -0.50165266 -0.40281310
vn 0.00232966 -0.00016262 -0.99999727
vn -0.14158008 0.70664840 -0.69325545
vn 0.37073827 -0.19793767 -0.90739948
vn 0.17252605 0.85380663 0.49117105
vn 0.11793245 -0.04038876 -0.99219992
vn -0.00451102 -0.07970892 -0.99680797
vn 0.32288988 0.31286511 -0.89322872
vn -0.05420044 0.06600974 -0.99634584
vn 0.06377780 0.07672591 -0.99501031
vn -0.01379927 0.60102603 -0.79911031
vn 0.38745622 -0.24318723 -0.88923431
vn -0.33848181 0.20947130 -0.91736135
vn 0.19648925 0.47538069 -0.85755768
vn -0.08262853 0.99647357 -0.01459290
vn 0.21774349 -0.17826776 -0.95958761
vn -0.68740296 -0.19441453 -0.69977151
vn -0.03717416 -0.03780662 -0.99859338
vn 0.06880581 -0.34586983 -0.93575628
vn 0.05479018 0.02397629 -0.99820998
vn -0.02520222 0.50220013 -0.86438410
vn -0.28708288 -0.15338162 -0.94554614
vn -0.10284044 -0.05844555 -0.99297934
vn 0.22011001 0.15500001 -0.96308181
vn 0.02477769 0.04842379 -0.99851951
vn -0.50614756 0.03127608 -0.86187961
vn 0.01979681 -0.05428977 -0.99832896
vn 0.36313050 0.25785047 -0.89534874
vn -0.13302844 -0.65336057 -0.74526733
vn 0.88037029 0.28727174 0.37738984
vn -0.40786172 0.27168632 -0.87168536
vn 0.88940235 -0.35719789 0.28525976
vn 0.32207027 -0.05778111 -0.94495084
vn 0.01342533 -0.10593393 -0.99428254
vn -0.96424904 -0.19503834 0.17939855
vn -0.55619177 -0.83052500 0.02964694
vn 0.79452800 0.58648362 0.15736013
vn 0.94406372 0.11158102 0.31031174
vn 0.78728058 0.31218373 -0.53172419
vn 0.65375474 -0.56187633 -0.50685276
vn 0.07226308 -0.99690131 -0.03107784
vn -0.62645725 0.55856603 0.54364998
vn 0.99631774 -0.05426112 0.06638285
vn 0.03007037 0.97773237 0.20769013
vn 0.13222995 0.45764569 -0.87924721
vn -0.83701326 0.52009413 -0.17003206
vn 0.22435004 0.81036900 0.54126625
vn 0.35600788 -0.93266013 0.05833926
vn -0.48955078 -0.85947691 0.14710363
vn -0.20806086 -0.92359107 -0.32200964
vn -0.64056909 0.76769470 -0.01777878
vn -0.40614759 0.91369363 0.01442514
vn -0.61048899 0.74018834 -0.28182338
vn 0.85540380 -0.00308645 -0.51795252
vn 0.04036283 -0.99214905 -0.11836852
vn -0.74329747 -0.64829169 -0.16500529
vn -0.13811920 -0.92411452 0.35628001
vn -0.08898889 0.01270314 -0.99595161
vn -0.45876276 -0.88720501 0.04903062
vn -0.46428978 -0.14043307 -0.87447902
vn 0.89314451 -0.40570553 0.19415435
vn -0.51598686 0.31282957 -0.79743038
vn 0.00305722 -0.50215649 -0.86477136
vn 0.94622227 -0.03901371 -0.32115625
vn -0.43524671 -0.50032635 -0.74848771
vn 0.09175630 0.30018190 -0.94945859
vn -0.15290725 -0.39217242 -0.90709435
vn -0.22424306 -0.28084724 -0.93318802
vn -0.25990131 -0.03164913 -0.96511639
vn -0.31858137 0.30200076 -0.89849955
vn -0.42430348 -0.21101191 -0.88059101
vn -0.75801259 0.65223848 -0.00137090
vn 0.83173508 0.54205444 0.11997396
vn -0.56085718 -0.82778377 0.01460304
vn -0.47217774 0.39803477 -0.78652177
vn -0.57671567 0.75905861 0.30204147
vn 0.27757926 0.72843929 0.62635929
vn 0.17597583 -0.97104104 -0.16159146
vn -0.00141420 -0.99619160 -0.08717965
vn -0.99869104 -0.03710576 0.03520477
vn 0.24184772 -0.88422298 0.39957403
vn -0.05118140 -0.99469998 0.08917626
vn -0.87293052 0.08118749 -0.48104148
vn -0.56895523 0.82214256 0.01927584
vn -0.21915114 -0.97289665 0.07378949
vn 0.84825703 0.49424328 0.19021982
vn -0.18286586 0.86751775 -0.46257219
vn -0.19422953 0.97841127 0.07061352
vn -0.61183183 0.78437270 -0.10208473
vn 0.47809006 0.15921909 -0.86375875
vn 0.71188637 0.69768472 0.08033572
vn 0.11633280 -0.98128113 0.15347321
vn -0.32753515 0.94439493 0.02896452
vn 0.39933539 0.89944917 0.17754559
vn -0.64202393 0.75712444 0.12069735
vn -0.98027673 -0.13400726 0.14525697
vn -0.82580111 -0.54434867 0.14743493
vn -0.22830611 0.96087576 -0.15682502
vn -0.76292703 0.29859606 -0.57339580
vn -0.20231015 -0.27454878 -0.94004977
vn 0.60166365 0.31865416 0.73243456
vn -0.10312501 -0.81725274 -0.56697723
vn -0.67845547 -0.55364355 -0.48288405
vn 0.97557605 -0.19294783 0.10498816
vn -0.56058621 0.82193137 -0.10085600
vn -0.53669563 -0.83895629 -0.09005632
vn 0.09420011 -0.47773942 0.87343654
vn 0.98354434 -0.11238912 0.14145391
vn 0.45183745 -0.89110243 0.04218265
vn -0.16822199 -0.98359876 -0.06507569
vn 0.76057049 0.19908082 0.61798006
vn 0.71358167 -0.66639267 -0.21615276
vn 0.87329541 -0.35406238 0.33465648
vn 0.88487031 -0.42498609 0.19076520
vn 0.15346173 -0.98707486 -0.04618147
vn -0.75743184 0.64795677 -0.08030579
vn -0.51817637 0.83750249 -0.17344403
vn 0.73897290 -0.66649251 -0.09852306
vn -0.53176625 0.53856447 -0.65358471
vn -0.31652469 0.92064796 0.22851579
vn 0.13312536 0.98974212 0.05184754
vn 0.51610716 -0.84660833 -0.12995283
vn -0.13607433 0.99015627 0.03277715
vn 0.64031079 0.66720347 -0.38058064
vn -0.80782655 -0.46190367 -0.36614378
vn 0.03635474 0.14928497 0.98812567
vn 0.96692576 0.12250436 0.22371245
vn 0.76981192 0.62173579 0.14434060
vn 0.20280656 0.91258139 0.35505591
vn -0.77141871 0.20436561 -0.60261752
vn 0.19769488 -0.87738893 0.43715603
vn 0.15644782 -0.06010679 0.98585559
vn -0.18024108 0.57479152 0.79820290
vn -0.66981245 0.74244530 -0.01123660
vn -0.99146508 0.00400098 -0.13031115
vn -0.98602623 -0.16629272 0.00994995
vn 0.04606883 0.98606648 0.15984541
vn -0.39562157 -0.91710510 0.04900822
vn -0.49337921 0.78279524 0.37922100
vn 0.38165527 0.38298179 0.84122779
vn 0.45650483 0.80984925 -0.36843932
vn 0.06642829 0.06381730 0.99574828
vn 0.58365607 0.40333999 0.70474282
vn -0.29796995 0.94948604 0.09843867
vn 0.56466264 -0.09230660 0.82014365
vn -0.65049098 -0.58092855 0.48926834
vn 0.49340379 0.63162943 0.59799412
vn 0.36547201 -0.38719783 -0.84646798
vn -0.53603953 -0.83027598 -0.15265457
vn -0.56585166 0.82180049 0.06675222
vn -0.13541229 0.98942944 0.05189306
vn -0.59960741 0.78969450 -0.12982125
vn 0.17444920 -0.97951853 0.10055305
vn 0.18257717 -0.75666626 0.62779117
vn 0.91800268 -0.00070348 0.39657356
vn -0.06411273 -0.80027979 0.59618942
vn -0.36850151 -0.47125744 -0.80132581
vn 0.18795315 0.93608136 -0.29736393
vn -0.40691076 -0.90888853 -0.09135249
vn -0.96659200 -0.25630376 0.00287833
vn 0.75696973 -0.64324192 0.11505070
vn 0.57560920 -0.80503073 0.14352550
vn 0.78630603 0.61377028 0.07077337
vn -0.05955019 -0.96452854 -0.25717401
vn 0.22788311 0.97296706 -0.03747515
vn 0.66368341 -0.35476951 0.65853089
vn 0.22356675 0.15738142 0.96189864
vn -0.75226995 -0.62647441 -0.20400914
vn 0.71159354 -0.68340180 0.16308468
vn -0.65313583 0.75558096 -0.05010984
vn -0.45820327 -0.88372305 -0.09530653
vn -0.54741839 -0.83598438 0.03825203
vn 0.93787587 0.19512938 -0.28690308
vn 0.72433385 0.65145080 -0.22572622
vn 0.75976758 -0.55909826 0.33190716
vn -0.67594626 0.73650749 0.02556127
vn 0.96023817 0.27449071 -0.05096579
vn 0.58035619 0.79581664 0.17280793
vn 0.49248710 0.83753971 0.23660874
vn -0.93883132 0.34395991 0.01695086
vn 0.88846626 -0.09654748 0.44867169
vn -0.43865556 -0.74727398 0.49916220
vn 0.66373854 0.28467641 -0.69167224
vn 0.98035815 -0.11290262 0.16171242
vn -0.72380509 -0.27299558 0.63370308
vn 0.29886237 -0.74890255 0.59146112
vn -0.87622008 0.13165668 -0.46357836
vn -0.11863334 0.55974651 0.82012803
vn 0.20669095 0.57917799 0.78856307
vn -0.48774453 -0.86015056 -0.14915192
vn 0.49441336 -0.83692852 0.23474685
vn -0.61011070 -0.79191172 0.02531306
vn 0.96068809 0.13387849 -0.24321788
vn -0.55981985 0.82719436 0.04848953
vn -0.42050843 -0.89662325 -0.13870621
vn 0.02030757 -0.99962691 -0.01826586
vn 0.91356530 0.33012459 -0.23752092
vn -0.30007369 -0.95391602 -0.00012298
vn -0.43531386 -0.87289112 0.22037000
vn -0.87944884 -0.47379770 0.04566691
vn -0.94330982 -0.01081495 -0.33173727
vn 0.76638907 0.63571312 0.09228558
vn -0.97262207 0.07202948 -0.22094811
vn 0.16741276 -0.98269512 0.07926703
vn 0.66206547 -0.74900122 -0.02581646
vn 0.77250801 -0.63487586 -0.01280733
vn -0.79022366 0.58642656 0.17790577
vn 0.00000000 0.00000000 0.00000000
vn -0.29208992 -0.95032101 -0.10758005
vn -0.90000827 0.02213254 0.43531054
vn 0.03339193 0.52369772 0.85124948
vn 0.76594286 0.64242027 0.02505454
vn -0.58985682 0.64289833 0.48862120
vn -0.59334379 0.16543613 0.78776522
vn -0.87579538 0.47492184 0.08620733
vn 0.27532131 0.91313038 0.30065110
vn 0.89148822 -0.13717604 0.43177712
vn -0.65330504 -0.54123963 -0.52938850
vn -0.59763249 -0.50981484 0.61880873
vn 0.61688781 0.66311170 -0.42394846
vn -0.16643610 0.98549330 0.03319610
vn 0.64291758 -0.72999356 0.23187578
vn -0.68125104 -0.67298803 0.28806966
vn -0.01034789 -0.99887281 -0.04632529
vn -0.35196690 0.92941218 -0.11096078
vn 0.80386256 0.02392386 0.59433377
vn 0.06365966 0.85728511 0.51089107
vn 0.09610662 -0.98552411 0.13966294
vn 0.97496116 0.21836562 0.04203796
vn 0.06432387 -0.99739005 0.03279525
vn -0.00000000 -0.00000000 0.00000000
vn 0.55434264 0.80275766 0.21973705
vn 0.87983189 0.46579275 0.09451432
vn 0.04935386 0.77539507 0.62954482
vn 0.80910236 0.55614133 -0.18989522
vn 0.70567870 0.70572532 0.06300274
vn -0.82218987 -0.51133495 -0.25008076
vn -0.84241065 -0.32070887 -0.43300128
vn -0.28043531 -0.58586350 0.76034202
vn 0.98163005 -0.19003132 0.01704550
vn -0.00006442 0.89721052 0.44160308
vn -0.09621517 -0.99425241 0.04695513
vn -0.82849769 0.55337529 -0.08583335
vn -0.71109461 0.70247425 -0.02956997
vn -0.16535569 0.83386167 -0.52662340
vn 0.76103670 -0.58072596 0.28910292
vn -0.21653164 0.97542918 0.04064438
vn -0.99960356 0.02481900 0.01329456
vn -0.92399179 -0.37624650 -0.06839407
vn 0.18539586 -0.97356568 0.13341002
vn -0.11039739 -0.99087219 0.07736100
vn -0.33771614 -0.93698348 -0.08949731
vn -0.64314037 0.74968739 0.15601050
vn -0.48596468 0.71076099 0.50858347
vn 0.15754333 -0.98746141 -0.01000299
vn -0.13628446 -0.98929741 -0.05212652
vn 0.64590511 0.61683943 -0.44979518
vn 0.90293923 -0.03021546 0.42870476
vn 0.53792691 0.84239624 0.03167366
vn 0.93431004 -0.20498138 0.29162884
vn 0.01222637 0.81016720 0.58607134
vn -0.44412502 0.88547938 -0.13667202
vn 0.58785901 0.79961045 -0.12265773
vn -0.04736771 0.99812166 0.03885161
vn 0.59915622 -0.79991955 -0.03377179
vn 0.63203689 -0.32981293 0.70125088
vn 0.87960906 0.23242045 0.41505256
vn 0.37256585 -0.92791691 0.01284120
vn 0.94839250 0.24722383 0.19857503
vn -0.25268509 -0.78612198 0.56405893
vn 0.18257500 0.96010133 -0.21182968
vn 0.12605924 -0.98807424 0.08842146
vn 0.99019910 -0.13760148 0.02390743
vn 0.38438959 0.91043146 -0.15283720
vn 0.05513864 -0.98585610 -0.15826398
vn -0.29623148 -0.78529134 0.54365837
vn 0.42191413 0.90661221 -0.00653946
vn -0.49876935 -0.75505156 0.42558933
vn -0.93791296 -0.33981853 -0.06958917
vn -0.24564175 0.89707417 -0.36731195
vn -0.18979689 0.45211514 -0.87153258
vn 0.52980543 -0.84800608 -0.01385289
vn -0.99975524 0.00363094 0.02182388
vn -0.12365949 -0.99197610 0.02630112
vn 0.84648928 0.46854583 0.25282545
vn -0.99955569 -0.02905658 -0.00664397
vn -0.41336719 -0.03921915 0.90971942
vn -0.37244633 0.92804160 -0.00474630
vn -0.94803081 -0.17882627 -0.26317058
vn -0.26687070 0.65879338 0.70339982
vn 0.90941133 -0.41585708 0.00582327
vn 0.19121494 0.98100845 -0.03254651
vn 0.53699589 -0.81655549 -0.21183141
vn -0.11330781 0.98995326 -0.08458067
vn 0.97007926 0.16016547 -0.18246441
vn 0.30656954 -0.94115785 0.14225686
vn -0.91252591 -0.40828939 -0.02441820
vn -0.19323242 0.68363600 0.70377770
vn -0.14150455 0.34161512 0.92912624
vn -0.13140478 0.98428055 -0.11800244
vn -0.15323226 0.97768741 0.14369135
vn -0.73597769 -0.67445439 0.05872067
vn -0.06762975 -0.59179662 0.80324528
vn -0.05139490 0.99867323 -0.00321513
vn 0.99703857 -0.03770497 0.06702559
vn -0.06952224 0.91211862 0.40398798
vn 0.89850934 -0.43778776 0.03198185
vn -0.40292473 -0.87822583 -0.25762578
vn 0.99747602 0.07013377 -0.01108317
vn -0.46340278 -0.78075113 0.41914858
vn -0.86760347 0.48340802 -0.11653709
vn -0.88808534 -0.24402058 0.38956178
vn 0.72327988 0.68744790 0.06543399
vn -0.22802590 0.97100911 0.07173215
vn -0.99802704 -0.05959871 -0.01974877
vn 0.83289608 0.50212255 0.23271670
vn -0.96978592 0.24312575 -0.02012793
vn -0.92918621 0.36957491 0.00523110
vn 0.35827990 -0.92579325 0.12059177
vn -0.13300029 -0.99069013 -0.02905149
vn -0.34465281 0.67916513 -0.64803485
vn 0.63975700 0.76855744 0.00551679
vn 0.01937347 -0.97211776 0.23369155
vn -0.51843656 0.80725394 0.28207198
vn -0.42992595 0.89941533 0.07883996
vn -0.43043675 0.87125583 0.23587599
vn 0.03038338 -0.99408998 0.10422075
vn -0.47135752 0.63467302 -0.61238243
vn -0.75062199 -0.54801367 0.36911738
vn -0.41586664 0.90653457 -0.07245701
vn -0.12286708 -0.14070258 0.98239832
vn -0.17173764 0.96323623 -0.20659658
vn 0.62988478 -0.63464827 0.44773511
vn 0.26487368 -0.95456926 -0.13652645
vn 0.81846902 0.03035510 -0.57374822
vn 0.14836330 -0.98144660 -0.12145331
vn -0.04157688 0.90845308 -0.41591389
vn 0.93635588 0.05817286 -0.34619876
vn 0.89606633 -0.38467681 0.22156012
vn 0.92062686 -0.23130622 -0.31455306
vn 0.48325783 0.85975496 0.16517653
vn 0.99357646 0.10075155 0.05152621
vn -0.79968431 -0.51072741 -0.31569372
vn -0.78922264 0.33968183 -0.51160911
vn 0.61731135 0.77046344 0.15909992
vn 0.49981111 0.86321261 -0.07108340
vn -0.71887815 0.68486394 -0.11906130
vn -0.43766037 0.89839555 0.03659013
vn 0.27717717 0.91992802 -0.27731797
vn 0.33906695 -0.93750546 0.07821204
vn 0.17113682 -0.96862792 -0.18020027
vn -0.63665579 0.77108706 0.00970311
vn -0.20752441 -0.97735622 0.04133333
vn -0.46924243 0.86535203 -0.17600400
vn -0.82300063 -0.56708236 -0.03297820
vn 0.68019273 0.64005599 0.35730403
vn -0.66073253 -0.74771528 0.06598775
vn 0.41800271 0.83079774 0.36748992
vn 0.49674309 -0.86535278 -0.06641438
vn -0.12447841 -0.98383846 -0.12871287
vn -0.53649552 0.66727862 -0.51663508
vn 0.89387383 0.44829394 -0.00470243
vn -0.51750850 -0.85461043 0.04273131
vn 0.15946574 0.98710871 -0.01367758
vn 0.99719253 -0.07257691 0.01842950
vn -0.20466074 -0.97366638 0.10043781
vn -0.23920846 -0.96657108 0.09230202
vn 0.90005580 0.15897765 0.40574088
vn 0.35353475 0.23587578 -0.90519379
vn -0.00732685 0.96700215 -0.25466283
vn -0.83535724 -0.54748059 0.04942951
vn 0.67233806 -0.73393683 -0.09642744
vn -0.19187977 0.98127676 0.01667584
vn 0.48823087 -0.86944598 -0.07546070
vn -0.45423851 0.88484932 -0.10348456
vn -0.21655618 0.97385694 -0.06860096
vn -0.26430972 -0.96440914 0.00744240
vn 0.76272659 0.41174771 0.49871032
vn -0.31206927 0.27319997 -0.90993106
vn -0.52764381 0.01660444 0.84930342
vn -0.50792150 -0.85237939 -0.12435890
vn -0.22827690 0.70985386 -0.66633111
vn -0.03791024 -0.46523850 0.88437320
vn 0.23862824 -0.96750107 -0.08365546
vn 0.60928307 -0.79290418 -0.00878050
vn -0.96737051 0.25332520 -0.00454250
vn 0.03908375 -0.99322883 0.10940270
vn 0.03914260 0.96335542 0.26535671
vn 0.31860784 -0.92084462 0.22479818
vn -0.90222559 0.33403958 -0.27277562
vn -0.19360416 -0.96579872 0.17248265
vn -0.51950079 0.83267640 0.19175227
vn 0.91418133 -0.39113386 0.10623930
vn -0.20541853 0.81670764 -0.53925120
vn -0.79012551 0.55210047 -0.26624567
vn -0.76305514 -0.63967695 0.09252162
vn 0.78373280 0.62045871 0.02817596
vn 0.40608233 -0.42705168 -0.80791337
vn -0.02821959 0.86939534 0.49331066
vn -0.37680800 -0.90527568 0.19619294
vn -0.81007839 0.58038478 -0.08322565
vn -0.57398505 -0.66939230 0.47165147
vn -0.91368327 0.31066565 0.26204912
vn -0.34850837 -0.56302905 -0.74935986
vn -0.99233038 -0.05964661 -0.10827140
vn 0.41090960 0.74449368 0.52619622
vn 0.96541694 0.25736175 0.04165403
vn -0.05037343 0.86983159 0.49077034
vn 0.78269637 0.61361033 0.10425333
vn -0.06734820 -0.99521838 -0.07074323
vn 0.87834510 0.23718393 -0.41503455
vn 0.42681477 0.89980704 -0.09042366
vn 0.23491545 0.02997816 0.97155342
vn -0.39497034 -0.83391127 0.38547429
vn -0.88431539 -0.11102664 0.45349684
vn 0.18004595 -0.83668042 0.51725171
vn -0.33645586 0.58586245 -0.73726701
vn 0.04508795 -0.91941780 -0.39068911
vn -0.01636042 -0.95502382 0.29607742
vn 0.00000000 0.00000000 0.00000000
vn -0.06563314 -0.95882185 0.27632039
vn 0.02587123 0.99965349 0.00485643
vn -0.15037702 0.88832725 -0.43389105
vn -0.41949046 0.79564400 -0.43701074
vn 0.09398382 0.97965221 -0.17733750
vn -0.00064865 0.99712883 0.07572102
vn 0.92200279 -0.36134815 -0.13906246
vn -0.43818007 -0.28932323 0.85105246
vn 0.00784031 -0.99919233 0.03941097
vn 0.96102529 0.22975649 0.15376069
vn -0.92459566 -0.38087077 -0.00776664
vn 0.49371165 -0.86946523 -0.01670394
vn -0.96136311 0.26984616 -0.05444274
vn -0.95989809 0.27583537 -0.05010490
vn -0.98282764 0.13711300 -0.12349032
vn 0.97124663 -0.01874435 -0.23733656
vn -0.49974930 0.82045970 -0.27766260
vn -0.10096067 -0.99422874 -0.03627883
vn -0.22226271 0.97370642 0.04995088
vn 0.50269271 0.10037113 0.85861847
vn -0.41583700 -0.87418796 0.25074886
vn -0.12681293 0.98567748 -0.11116825
vn -0.12617058 -0.99200799 -0.00106762
vn -0.98965523 -0.14000073 -0.03134214
vn -0.75896112 -0.11408191 0.64106422
vn -0.13481296 0.72438507 0.67608560
vn 0.09135634 0.98798411 0.12466519
vn -0.09554421 0.86396061 0.49441214
vn 0.46776014 -0.82660810 0.31292092
vn -0.86373416 0.50389328 -0.00740692
vn 0.42921593 -0.89585407 0.11497465
vn -0.99576337 -0.08357862 -0.03833950
vn -0.94834288 -0.16487465 0.27103900
vn -0.10570878 0.91305667 -0.39389487
vn -0.60385796 -0.78248349 -0.15190507
vn -0.47630622 0.85540275 -0.20351539
vn -0.10308737 -0.99400565 -0.03641105
vn 0.17198153 0.98353797 -0.05545649
vn 0.57679648 -0.81653384 0.02404807
vn -0.60410296 0.77986279 0.16393182
vn 0.94913499 0.29517735 0.10960432
vn -0.26069781 -0.94487197 -0.19812525
vn 0.19413872 0.96803459 -0.15880553
vn -0.08953349 -0.45470742 0.88612917
vn -0.20118113 -0.89331764 0.40188276
vn 0.66215572 0.72986718 -0.16983434
vn 0.71660113 -0.59824360 0.35859087
vn -0.61783214 -0.78627941 -0.00693804
vn -0.43834495 -0.73599700 0.51590902
vn 0.62855760 0.57530854 0.52338841
vn -0.42327164 0.53173739 0.73355059
vn -0.28270865 0.06419378 0.95705537
vn -0.82166051 0.16964505 0.54414572
vn -0.93438286 0.35541810 -0.02463019
vn -0.33508156 0.93902713 0.07712579
vn 0.77106928 0.63462276 -0.05202037
vn -0.98547215 0.16393842 0.04437155
vn -0.98507242 -0.16654275 0.04354125
vn -0.28269940 0.95904102 0.01792697
vn -0.21355782 0.79797413 0.56358703
vn -0.33917262 -0.89290763 0.29610453
vn 0.13665269 0.98479999 0.10721488
vn 0.66650664 0.74239679 0.06794047
vn -0.38927670 0.89491613 0.21814853
vn -0.92585298 -0.37430449 -0.05188852
vn -0.77255961 -0.22708283 0.59294607
vn 0.15742893 -0.88716776 0.43376204
vn -0.28558455 -0.95053739 -0.12214803
vn -0.87207873 -0.24574276 0.42318930
vn -0.28377653 0.78608406 0.54912907
vn 0.01761935 0.99655745 0.08101117
vn 0.07582698 -0.99665414 0.03050900
vn -0.97335545 -0.21741883 -0.07285750
vn 0.14496995 -0.97978061 0.13789009
vn 0.68200887 -0.71155512 -0.16897693
vn -0.57289210 0.77813030 -0.25750315
vn 0.14824447 0.98895070 -0.00028323
vn -0.71283014 0.39182136 0.58167793
vn -0.22596114 -0.92786745 -0.29665394
vn 0.09934730 -0.99278376 0.06716046
vn -0.71829339 -0.66609890 -0.20091504
vn -0.04973675 -0.99854500 -0.02083617
vn 0.85169793 -0.52403295 -0.00032776
vn -0.33363930 0.94269619 0.00294979
vn -0.04120990 -0.99905653 0.01370374
vn 0.78168990 -0.60027226 0.16921616
vn -0.53343497 -0.78204811 -0.32225440
vn -0.67744234 0.68989490 -0.25518014
vn -0.93704735 -0.01965875 0.34864854
vn 0.44838829 -0.74504846 -0.49381245
vn -0.80205134 -0.34489896 -0.48760472
vn -0.64615432 0.75932150 0.07691199
vn 0.00000000 0.00000000 0.00000000
vn 0.89700898 0.44179544 -0.01384505
vn 0.13005833 -0.99129262 0.02058579
vn 0.41573713 0.55184444 0.72293177
vn -0.01935641 0.99009576 0.13905294
vn 0.39287433 0.75552213 -0.52424811
vn 0.68782147 -0.30582443 0.65831075
vn 0.16855251 0.36793572 0.91444702
vn 0.00000000 0.00000000 -0.00000000
vn 0.95324773 0.12737902 0.27403166
vn -0.57446650 0.60569644 0.55056340
vn -0.48042960 0.87545363 0.05261511
vn 0.09105013 0.24363505 0.96558368
vn -0.98032084 -0.16400030 -0.10988608
vn 0.63794730 -0.74074725 0.21051544
vn -0.83004271 -0.54631917 0.11209136
vn 0.72305665 0.34895031 0.59617343
vn 0.22097014 0.79163862 0.56963190
vn 0.79251789 -0.60036438 -0.10713547
vn -0.65128211 -0.71192304 -0.26267318
vn -0.99322811 -0.10208608 0.05546485
vn -0.86126464 -0.50145913 -0.08223119
vn 0.27127698 0.79579057 0.54141127
vn 0.15784437 0.98446862 0.07685506
vn 0.12486844 0.75309459 0.64595387
vn -0.92562793 0.37773647 0.02298007
vn 0.79915197 0.48649698 -0.35309603
vn -0.12408790 -0.99220933 -0.01108318
vn 0.46500845 -0.87891227 0.10620903
vn 0.01769113 -0.84341839 -0.53696596
vn 0.92589224 -0.35639452 -0.12532561
vn -0.04699799 0.98441562 0.16946113
vn -0.78060503 -0.62120029 -0.06903614
vn -0.51047312 -0.85963059 0.02127094
vn -0.18859268 0.33782737 -0.92212010
vn 0.98734247 0.09495971 -0.12703343
vn -0.93348703 0.35860643 0.00184434
vn -0.60850926 -0.78557084 -0.11222714
vn 0.83562718 0.54698250 -0.05037223
vn 0.43971748 -0.45883215 -0.77208911
vn 0.01665716 -0.99944737 -0.02876605
vn 0.97747249 0.19669531 0.07654071
vn 0.81985535 -0.56847993 0.06832104
vn 0.89006459 -0.43846085 -0.12464793
vn 0.91691028 -0.35299148 -0.18620566
vn 0.73377328 -0.67145779 0.10354326
vn -0.51345417 0.84655315 0.14040148
vn 0.00211585 0.98516337 -0.17160613
vn -0.05714742 0.82047267 -0.56882226
vn -0.96366856 -0.23615617 0.12479254
vn -0.95535478 0.19464997 0.22228053
vn 0.00000000 0.00000000 -0.00000000
vn 0.79209266 0.60852283 -0.04784551
vn -0.32930934 0.94321258 0.04365066
vn -0.88831188 0.04114820 -0.45739353
vn 0.97394366 0.11506992 -0.19542942
vn -0.33444779 0.88431393 -0.32578144
vn -0.00578234 0.96434322 -0.26459159
vn 0.95492838 0.16781794 0.24484469
vn -0.74285597 -0.18323689 -0.64388605
vn 0.21448669 0.97442456 0.06702413
vn -0.67260567 -0.72713758 0.13737736
vn -0.82535852 -0.51601661 -0.22915097
vn 0.63127632 0.53729607 0.55928807
vn -0.58195563 -0.80695994 0.10071394
vn -0.14177918 -0.98986486 0.00813780
vn 0.27626976 -0.93232897 0.23331890
vn 0.54317678 -0.83957366 -0.00866333
vn -0.89050770 0.31819841 0.32518581
vn 0.00959122 -0.99943301 0.03227480
vn 0.08684684 0.99151795 -0.09669429
vn -0.90224346 0.29228100 0.31706239
vn -0.12633404 0.97322316 0.19203228
vn -0.02232969 -0.99949874 -0.02244227
vn 0.03222671 -0.99846737 -0.04499272
vn -0.79823216 0.53389238 0.27889845
vn 0.71128498 -0.54757548 0.44072073
vn -0.66814966 0.74297562 -0.03953818
vn 0.69874067 -0.71031319 0.08495086
vn 0.84724349 0.31976594 -0.42417946
vn -0.96405278 -0.25635019 0.06990579
vn -0.86335439 -0.48561883 -0.13708961
vn 0.25604809 0.86311585 -0.43528198
vn 0.06801173 -0.99222381 -0.10424164
vn -0.88822847 -0.08030463 0.45232880
vn -0.93767745 0.34373130 0.05108609
vn 0.08736106 0.97969119 0.18048052
vn -0.55227325 0.78953936 0.26762261
vn -0.99274302 -0.07776700 -0.09172560
vn -0.42053205 0.82275979 -0.38238608
vn 0.17383676 0.95500877 -0.24028948
vn 0.29111398 0.90873990 -0.29907263
vn 0.04925434 -0.99604234 0.07398429
vn -0.44485151 -0.47024755 -0.76221675
vn -0.90693737 0.09359286 -0.41073713
vn 0.98582478 0.15983317 0.05101823
vn -0.70272653 0.69302171 -0.16092337
vn -0.10594648 0.97793841 -0.18003281
vn 0.65620981 -0.45020224 0.60556306
vn 0.73291846 0.67819985 0.05362365
vn 0.72261349 -0.65550325 0.21942023
vn -0.66464837 0.68855282 -0.29006474
vn -0.38066224 -0.92211737 0.06925183
vn -0.32617071 0.94415937 -0.04664495
vn -0.56399180 -0.71487257 0.41336480
vn 0.24481968 0.96372973 0.10624659
vn 0.95798396 0.20683158 -0.19871446
vn 0.07398463 -0.99610649 -0.04793881
vn 0.27168612 -0.96191804 0.03000571
vn -0.06986473 0.98746176 -0.14155632
vn 0.96277135 0.26105583 -0.07015112
vn 0.00068841 0.99816665 0.06052162
vn 0.21138977 -0.97711886 0.02351785
vn 0.92514854 0.35900065 -0.12336417
vn -0.49100249 -0.86665992 -0.08841458
vn 0.67169948 -0.68450854 -0.28331586
vn -0.15995664 0.78979555 -0.59214598
vn 0.00000000 0.00000000 0.00000000
vn -0.88289628 -0.46361659 0.07452392
vn 0.87787979 0.46125898 0.12871375
vn -0.97907090 0.20267276 0.01854504
vn 0.24609216 -0.78448143 0.56923416
vn -0.58075417 0.80901093 -0.09069687
vn 0.94389583 0.30352060 -0.13013803
vn 0.21010361 0.88499306 0.41550422
vn -0.88544480 0.44112240 -0.14628236
vn -0.39801685 -0.91540655 0.06011190
vn 0.50414720 0.86205900 0.05186413
vn -0.72183329 0.69205712 0.00369460
vn -0.71449844 -0.66409598 0.22015567
vn -0.61189060 0.79093375 0.00370044
vn 0.45885235 0.88153971 -0.11109574
vn 0.40360179 -0.84584614 -0.34878345
vn 0.44734678 0.87894725 0.16532571
vn -0.85986794 -0.50863783 -0.04375704
vn 0.37806743 -0.78857239 0.48499341
vn 0.76307714 -0.43067187 -0.48190768
vn -0.43894830 0.27630161 -0.85497474
vn -0.79247330 -0.60173513 -0.09950327
vn 0.22716102 0.85182055 -0.47201654
vn 0.80951376 -0.58697740 0.01204197
vn 0.83709954 0.06446781 0.54323868
vn -0.29018899 0.95681539 -0.01716568
vn -0.56510562 -0.61175419 -0.55354535
vn -0.50276261 0.85843171 0.10161087
vn -0.19214911 0.97251894 -0.13147481
vn -0.02682763 0.95077918 0.30870574
vn -0.94589602 -0.32347198 0.02542841
vn -0.74543620 0.65953868 -0.09661054
vn -0.25470208 -0.96668218 -0.02554223
vn 0.87097281 0.49057648 -0.02722295
vn -0.92517647 -0.36053404 0.11859051
vn -0.28220755 -0.66420176 0.69223906
vn 0.03929543 0.84276400 0.53684700
vn -0.51780485 0.84501754 0.13350462
vn -0.91678361 -0.38676150 0.09961607
vn 0.70798408 0.70484663 -0.04415629
vn 0.79542703 -0.52647513 -0.30019955
vn 0.99558832 -0.05413908 -0.07663462
vn 0.08039364 -0.97980884 0.18306147
vn 0.66868300 0.74347520 -0.01037647
vn 0.98475794 -0.13588362 0.10856994
vn -0.13166595 -0.99129156 0.00226422
vn -0.92126059 -0.37821985 -0.09071202
vn 0.16559632 -0.81839003 -0.55028685
vn -0.98237971 0.18670126 -0.00852899
vn 0.00000000 -0.00000000 0.00000000
vn 0.58021544 -0.80998305 -0.08530829
vn 0.60091862 0.74633941 -0.28613685
vn 0.99818214 0.05373518 -0.02729355
vn 0.98689658 0.12554197 -0.10136250
vn -0.24722511 0.94663420 0.20679323
vn 0.00737324 -0.98024085 -0.19767023
vn -0.51053682 -0.85628504 -0.07828212
vn -0.04284093 0.99813473 -0.04349394
vn 0.98362605 -0.12423657 0.13055672
vn -0.74153999 0.67080097 0.01202081
vn 0.87310978 -0.45942537 0.16311851
vn -0.87752802 0.07738629 -0.47323983
vn 0.18280644 -0.94147080 -0.28322172
vn 0.59760741 0.66487622 0.44811271
vn -0.42886070 -0.90328769 -0.01224116
vn -0.74217747 -0.66224677 0.10296514
vn 0.43836467 -0.89427819 -0.09001630
vn -0.99253753 -0.12145960 0.01080788
vn 0.63444164 0.35368715 -0.68730576
vn -0.40781366 -0.91302297 -0.00877907
vn 0.96479636 -0.24953013 -0.08308247
vn 0.74166571 -0.57743915 -0.34131509
vn 0.20542924 0.97829776 0.02706140
vn 0.04855605 0.99832289 -0.03152339
vn 0.59279671 0.76227605 0.25986012
vn -0.43145196 -0.85988341 0.27285476
vn -0.88155667 0.45576455 0.12303053
vn 0.50500718 0.84394201 0.18091335
vn -0.74341678 -0.63766484 0.20177971
vn -0.72216953 -0.66382283 0.19444902
vn 0.19390303 -0.56812696 -0.79977082
vn -0.55830966 -0.82319877 0.10312186
vn 0.34190919 0.92023778 -0.19042199
vn 0.90699693 -0.03511892 0.41967039
vn 0.41508410 -0.85330311 -0.31556140
vn -0.36864147 -0.88655811 0.27949630
vn 0.35105383 -0.92876297 -0.11899809
vn -0.50591530 -0.74429233 -0.43598008
vn -0.01371910 -0.99855196 -0.05201703
vn 0.81395215 0.54204251 -0.20897804
vn 0.65493364 0.22214983 0.72229591
vn 0.11825108 -0.99277522 0.02034813
vn -0.38117280 0.86991768 -0.31297047
vn -0.93367275 0.34301859 0.10292445
vn 0.56395367 0.28134738 -0.77640190
vn 0.21922682 -0.88921290 0.40154703
vn -0.98748108 -0.15625430 -0.02158026
vn -0.66463064 0.74701449 -0.01534517
vn -0.96160970 0.26682223 -0.06413017
vn -0.62966814 -0.72447470 0.28045400
vn 0.44143432 0.73237345 -0.51842537
vn 0.61900761 -0.67162962 0.40711574
vn -0.99940849 0.01858753 -0.02893411
vn -0.03709268 0.01488146 0.99920102
vn -0.65630679 0.48287648 0.57973417
vn -0.80986294 -0.54296134 -0.22206983
vn -0.13299672 -0.95944510 -0.24854974
vn 0.68409382 0.66120037 0.30794435
vn -0.13170276 -0.98741267 -0.08758201
vn 0.38721730 -0.92132961 0.03484988
vn -0.98900543 -0.14783264 -0.00371039
vn 0.57283521 -0.64078864 0.51112595
vn -0.27320920 -0.93232560 -0.23690864
vn -0.76695738 -0.46546282 -0.44172472
vn 0.65243096 -0.36577440 -0.66373408
vn 0.95849976 -0.21337319 -0.18907696
vn 0.66822825 -0.73777134 -0.09573120
vn -0.00065092 -0.99997873 0.00649022
vn -0.05740361 -0.91598777 -0.39707836
vn -0.31318152 0.50255141 -0.80582840
vn -0.98861754 -0.04485457 0.14360857
vn -0.39819684 0.60390306 -0.69046388
vn -0.72771115 -0.31584892 -0.60883162
vn 0.85486603 0.43547910 0.28206740
vn 0.10045397 -0.99493052 0.00471758
vn -0.86504281 -0.50010118 0.03999677
vn 0.42609337 0.84410914 0.32545997
vn 0.61008436 -0.75929639 -0.22642009
vn -0.55918212 -0.49832585 0.66256072
vn -0.20335925 0.94080169 -0.27117744
vn -0.79412871 -0.16585193 0.58468174
vn -0.50479302 0.49321806 -0.70846310
vn -0.98915086 0.13574226 -0.05616599
vn 0.37071609 0.90195485 -0.22146565
vn -0.21163078 -0.49125440 -0.84491510
vn 0.17532200 0.74073840 -0.64851278
vn -0.99943216 -0.03353992 -0.00322971
vn 0.92037732 0.39028099 0.02421448
vn 0.21607602 0.63922687 0.73803805
vn 0.86096514 -0.50431640 -0.06636263
vn -0.97234010 -0.23349505 0.00589787
vn -0.24448864 0.96950821 -0.01670752
vn 0.52101340 -0.85312054 -0.02702549
vn -0.94854948 0.31324967 -0.04613599
vn 0.72042134 0.68791071 -0.08815866
vn 0.27360683 0.96179918 -0.00903541
vn 0.38118027 -0.48905082 -0.78455777
vn 0.97199981 0.23131550 0.04134607
vn -0.19936169 -0.97940768 -0.03186705
vn 0.41025383 -0.90612193 0.10312533
vn -0.53870247 -0.65514003 0.52970859
vn -0.71074526 0.50297423 -0.49179071
vn 0.98057264 -0.19145533 -0.04268660
vn 0.47454147 0.88017785 0.00986631
vn -0.27718271 0.59457699 -0.75475025
vn -0.85255350 0.45813634 -0.25152262
vn 0.87101253 0.45184211 0.19281048
vn 0.76363098 -0.62637181 0.15660806
vn -0.85030097 -0.52097870 -0.07462875
vn -0.12948587 0.97232038 -0.19449035
vn -0.66497099 -0.71365264 -0.22025779
vn 0.47423276 0.88035172 0.00917305
vn 0.76439874 0.64468680 -0.00857276
vn 0.94719254 -0.13079030 0.29278011
vn 0.43521162 0.89141725 0.12635720
vn 0.06709601 0.99553152 0.06644631
vn -0.23471639 -0.79043027 -0.56579872
vn -0.90525642 0.14798204 0.39826137
vn 0.66539822 0.68320705 0.30078785
vn 0.32504324 0.69128968 0.64534136
vn 0.44145074 -0.83098081 -0.33851460
vn -0.34452249 -0.73930017 0.57856677
vn -0.38523873 0.90141182 0.19760528
vn 0.96089262 0.13249592 -0.24316704
vn -0.61422727 -0.78762377 0.04872018
vn 0.02999453 0.94930804 -0.31291304
vn -0.19461825 0.69100471 -0.69615819
vn -0.30118175 -0.93388042 0.19276131
vn -0.86531758 0.49392327 -0.08523666
vn 0.89449125 0.26390877 -0.36088442
vn -0.51405114 0.83646701 0.18993254
vn -0.61984261 -0.51881588 -0.58874886
vn -0.34479123 -0.05413672 0.93711697
vn 0.72993340 -0.65916874 0.18081426
vn -0.14476728 -0.93303587 -0.32937290
vn 0.30222978 -0.92511985 0.22980520
vn -0.21594781 -0.83633214 -0.50389989
vn 0.63145340 -0.66353826 -0.40122760
vn 0.97854560 0.16609859 0.12190061
vn -0.72900956 -0.65137361 -0.21037463
vn 0.83377393 -0.48516915 0.26349940
vn 0.15373585 -0.98451801 -0.08419960
vn 0.93942023 -0.34240965 -0.01566098
vn 0.83185122 -0.19688284 0.51890336
vn 0.94386443 -0.12932231 -0.30396656
vn -0.33387333 0.86809452 0.36734249
vn 0.45468326 0.88569677 -0.09383164
vn -0.23160018 0.71396158 0.66077244
vn 0.96724035 -0.25385814 -0.00146468
vn 0.03222013 0.97450276 -0.22205009
vn -0.95644663 0.26949609 -0.11216818
vn -0.75681716 -0.00234463 0.65362244
vn -0.74927619 -0.61147812 -0.25432204
vn -0.04906156 -0.99869276 -0.01434365
vn -0.73642909 0.67195148 0.07844372
vn -0.12862657 -0.81394879 -0.56651794
vn 0.08710476 0.99496160 -0.04964047
vn 0.98397982 0.17692013 0.02197700
vn -0.58990404 -0.04781346 -0.80605651
vn 0.24504219 -0.96183954 -0.12173342
vn 0.89990086 0.24598385 -0.36009775
vn 0.48274585 -0.72742954 -0.48765018
vn -0.94896283 -0.10920813 -0.29587688
vn -0.17499557 0.97297997 -0.15062049
vn -0.06856563 0.16063776 0.98462900
vn 0.27669349 0.74653053 -0.60508915
vn 0.91786283 -0.38407023 -0.10008940
vn -0.78107013 -0.35541732 -0.51342768
vn -0.27730041 -0.21885026 0.93552608
vn 0.29077741 0.80156202 -0.52244313
vn 0.38890753 0.83017666 -0.39944668
vn 0.56678715 0.80465450 0.17687132
vn -0.99429414 -0.10164476 -0.03236517
vn -0.38336342 0.21169992 -0.89900814
vn -0.78432252 0.12741898 0.60712650
vn -0.83187309 0.45787462 -0.31358889
vn -0.25090235 0.58483652 -0.77137167
vn -0.95460488 0.20416079 0.21690527
vn -0.90098700 -0.43371263 -0.01076044
vn -0.19386276 0.97156081 0.13596626
vn -0.54206002 -0.82780816 0.14458419
vn 0.35239337 -0.20204869 -0.91378074
vn -0.94228955 0.30372553 0.14085882
vn 0.12112191 -0.87671473 -0.46551130
vn -0.32495469 0.94295602 -0.07237675
vn -0.42941738 0.09437414 -0.89816159
vn 0.08529171 0.99634465 0.00476148
vn -0.97718847 0.14982457 0.15051674
vn 0.36433291 0.14059612 0.92059452
vn -0.40834339 0.27805727 -0.86944801
vn 0.39802067 0.91022061 -0.11435899
vn 0.00000000 -0.00000000 -0.00000000
vn -0.03605650 0.99916138 -0.01940248
vn -0.02715625 0.97789382 -0.20733119
vn 0.97182083 -0.05531154 -0.22913951
vn -0.34634453 0.93752155 0.03314839
vn -0.57540531 -0.71100155 -0.40420974
vn -0.05323977 0.99669210 0.06140349
vn -0.06859493 -0.99681963 0.04056311
vn 0.21377261 -0.97638047 0.03134420
vn 0.03652649 0.99792550 -0.05301426
vn 0.92714233 0.08412079 -0.36514490
vn -0.51372010 -0.85584491 0.06017605
vn -0.34469430 -0.93332800 0.10042254
vn 0.46320961 -0.74418440 -0.48127584
vn 0.56536866 -0.82130391 -0.07627695
vn -0.49047713 0.86731242 -0.08486082
vn 0.60085899 -0.73481767 -0.31466086
vn -0.42030625 -0.90676630 -0.03342966
vn 0.22564155 -0.76111426 -0.60810441
vn -0.25723530 0.65519365 0.71031773
vn -0.35897124 -0.03390623 0.93273256
vn 0.06372587 0.98955903 0.12927467
vn 0.99321476 0.07761342 -0.08660602
vn -0.67492258 -0.56924049 -0.46951546
vn 0.76381253 -0.05792516 0.64283364
vn 0.41545232 0.66270682 0.62307226
vn 0.03785957 0.96776706 -0.24898508
vn 0.33200121 -0.07638358 0.94018123
vn -0.00801144 0.21553294 0.97646371
vn 0.42832974 0.48281726 0.76382009
vn 0.52003594 0.08761779 0.84963859
vn -0.87489082 0.09487402 0.47493680
vn -0.66382817 -0.69005363 -0.28837156
vn -0.23800010 -0.96988959 -0.05167337
vn 0.22959227 -0.95952325 -0.16310278
vn -0.91047540 0.41297998 0.02195620
vn 0.95530115 -0.25734578 -0.14550899
vn -0.20826328 -0.93602332 -0.28370187
vn 0.46041349 0.53587406 0.70771351
vn 0.00968554 0.99902770 0.04300978
vn 0.08504309 0.99345201 -0.07629407
vn -0.87427838 -0.48503389 -0.01947903
vn -0.17034731 0.15231316 0.97354121
vn 0.75608651 0.55321628 0.34969262
vn 0.38561440 0.92240034 -0.02188926
vn -0.46294452 0.36250201 0.80887246
vn -0.57545427 -0.71637414 -0.39453829
vn -0.01209210 0.59135225 -0.80632270
vn 0.64737129 -0.29860960 0.70124369
vn 0.18107929 0.97045292 -0.15947233
vn -0.97978250 0.18269921 0.08153062
vn 0.03783484 0.93895038 -0.34196595
vn -0.79872068 0.60134568 0.02070393
vn 0.83603006 -0.54345665 -0.07555532
vn -0.36922529 0.88395018 -0.28688808
vn 0.32566755 0.92163095 0.21103802
vn 0.91147683 -0.40084205 -0.09238854
vn -0.02126062 -0.99976155 -0.00498232
vn -0.10234305 0.99474916 0.00012900
vn 0.18003481 0.97731686 -0.11153122
vn -0.91654794 -0.39880452 0.02991369
vn 0.71165997 -0.09613653 0.69591512
vn 0.00000000 0.00000000 -0.00000000
vn -0.06460661 -0.99708261 -0.04064786
vn -0.58645986 0.80362000 0.10129029
vn -0.14186221 -0.79486523 -0.58996980
vn 0.00744351 0.99682701 0.07924970
vn 0.97050887 -0.22103112 -0.09621738
vn 0.33584652 -0.94083144 0.04520295
vn -0.89570535 0.44272405 -0.04131998
vn -0.39956494 -0.74534708 -0.53367180
vn 0.44199710 0.87557519 -0.19495292
vn -0.19435416 -0.21477162 -0.95713093
vn -0.29056646 0.88222627 0.37046989
vn 0.07169708 0.98221525 -0.17353023
vn 0.08301377 0.99653971 0.00416092
vn -0.97226832 0.23106010 -0.03613243
vn -0.60595445 0.53604799 -0.58776846
vn -0.03672412 -0.99736252 -0.06260473
vn 0.06666325 0.78422178 0.61688913
vn 0.53027668 -0.52106933 -0.66879997
vn 0.16706234 0.96874740 -0.18335388
vn 0.88753821 0.44077577 0.13413669
vn 0.92947667 0.36438056 -0.05744496
vn 0.93770018 -0.34673324 -0.02223602
vn -0.15043326 -0.98842958 0.01941153
vn 0.51185553 -0.82143422 -0.25149501
vn 0.27555403 -0.95753839 -0.08479505
vn 0.37680912 0.83427150 -0.40249962
vn -0.18580964 -0.98154630 0.04518442
vn 0.22901384 0.81497210 0.53232804
vn 0.65457821 0.75580757 0.01680108
vn 0.66323658 -0.72736079 -0.17624846
vn -0.77042990 -0.60453785 0.20241482
vn -0.24258844 0.75807581 -0.60536923
vn 0.71118908 0.69596471 -0.09921297
vn -0.18945358 -0.93901709 -0.28697429
vn 0.84864126 -0.51223278 0.13200603
vn 0.24949741 -0.38244065 -0.88965735
vn 0.46706885 0.85597858 0.22169205
vn -0.51756894 0.84735537 -0.11879083
vn 0.75735487 -0.61967736 0.20594556
vn -0.53984526 -0.83709102 -0.08857609
vn -0.57777082 0.81457569 -0.05145206
vn 0.63127453 -0.77527572 -0.02097693
vn 0.73859656 -0.65211233 -0.17095214
vn 0.94573727 0.32011388 -0.05575051
vn 0.39327892 0.85503538 -0.33800324
vn -0.04757855 0.99816380 -0.03748743
vn 0.60511471 -0.68423029 -0.40701977
vn -0.40660617 0.90934383 -0.08812051
vn 0.93682164 0.33572054 -0.09826967
vn 0.81449713 0.52964087 -0.23680153
vn -0.52416265 0.85146277 -0.01626855
vn 0.99256022 -0.01316960 -0.12104040
vn 0.94363405 -0.32751979 0.04780763
vn -0.31249028 0.94935454 -0.03279904
vn 0.00000000 0.00000000 0.00000000
vn -0.00000000 0.00000000 -0.00000000
vn 0.78485977 -0.59129224 0.18538778
vn -0.61380231 -0.78720645 0.05960481
vn 0.88017162 0.12992622 0.45652721
vn -0.01662413 0.98571709 0.16758715
vn -0.00000000 0.00000000 0.00000000
vn -0.04277999 -0.93642416 0.34825231
vn 0.67964353 -0.73134430 0.05674665
vn 0.25811190 -0.91387904 -0.31337413
vn -0.89522742 -0.42274108 0.14091786
vn 0.86391401 0.48051654 0.15085238
vn 0.82670534 -0.55926944 0.06144899
vn 0.96448068 0.14733811 -0.21924527
vn -0.65233502 -0.15378451 -0.74216531
vn 0.54028915 0.40174037 -0.73938644
vn 0.88989746 0.15333866 0.42961583
vn 0.29827223 -0.95448066 0.00058049
vn 0.97905452 -0.06992307 -0.19121454
vn 0.69910200 0.37839939 0.60668797
vn -0.73435141 -0.61805953 -0.28058943
vn -0.91484170 0.39423097 -0.08744485
vn 0.01694327 0.99967997 -0.01878524
vn 0.40027282 0.91638631 0.00421930
vn -0.73133321 -0.68088759 -0.03929168
vn -0.41661831 0.89064607 -0.18215039
vn -0.54177654 0.83079305 -0.12751895
vn -0.93548645 -0.34705293 0.06647832
vn 0.07617649 -0.89452259 -0.44048438
vn -0.24570364 0.96911926 0.02091829
vn -0.55005112 0.56133832 0.61833895
vn -0.66041770 -0.69177158 -0.29206255
vn 0.06992902 -0.78562351 -0.61474029
vn 0.94327938 -0.12577430 -0.30725369
vn 0.26043654 0.96386979 0.05592707
vn 0.97563216 0.03309973 -0.21690156
vn -0.62043792 0.57692693 0.53123640
vn 0.27716316 -0.96081185 -0.00460121
vn -0.88478707 -0.31600822 0.34247722
vn 0.36405825 -0.91069980 -0.19516011
vn -0.54992663 0.75869738 0.34922627
vn -0.71378648 0.69994067 0.02432930
vn 0.75329302 0.60930956 0.24757118
vn -0.22713125 -0.97181411 0.06315643
vn 0.03818984 -0.99794651 0.05142280
vn 0.81847104 -0.57014073 -0.07102601
vn -0.94373654 0.32897230 -0.03374276
vn -0.99148148 -0.05409901 0.11848109
vn 0.74289199 -0.58159633 -0.33144713
vn -0.13536909 -0.98964697 -0.04768733
vn 0.86689208 0.49449668 -0.06301714
vn -0.95580794 0.27419157 0.10606680
vn -0.87922254 -0.13267626 0.45756391
vn -0.98432884 0.03363951 0.17310437
vn -0.86846002 -0.16649504 -0.46696531
vn -0.60079349 -0.68253565 0.41616376
vn -0.94017359 -0.11908776 0.31920485
vn -0.81247200 -0.26365646 -0.51997549
vn -0.68540728 0.72494915 -0.06830513
vn 0.52742045 -0.84607628 -0.07734724
vn -0.45611295 0.88013064 -0.13164735
vn 0.32567263 -0.94535081 0.01578532
vn 0.00000000 0.00000000 0.00000000
vn -0.21870886 -0.75562975 -0.61740596
vn 0.85212152 0.52210614 -0.03597336
vn 0.38834493 0.91818346 0.07827741
vn 0.99664624 0.08173948 0.00386270
vn 0.50705003 0.85886087 -0.07251396
vn 0.91339676 -0.29067620 0.28498019
vn 0.59282163 -0.79809421 0.10774114
vn 0.28504425 0.95688971 -0.05578397
vn 0.74038629 0.04407636 0.67073498
vn 0.72903989 0.67206436 -0.12973179
vn 0.99704206 0.07315034 -0.02358292
vn -0.04129163 0.99914525 -0.00194240
vn 0.27625854 0.95974972 0.05061313
vn -0.37802835 0.92457780 0.04743891
vn 0.55838828 -0.65275097 -0.51197530
vn 0.05380037 -0.99393091 0.09595238
vn 0.21401443 0.92001498 0.32828382
vn 0.59363723 -0.80289597 -0.05434064
vn -0.27492196 0.93435219 -0.22672429
vn 0.90914441 0.35391517 -0.21954612
vn -0.85675321 0.06101115 -0.51210505
vn -0.33797678 0.93103281 0.13765757
vn 0.65039189 0.52027982 0.55344313
vn -0.65676273 0.13530838 -0.74185872
vn -0.70719091 -0.70604567 0.03715551
vn 0.92996640 0.31735264 -0.18560657
vn 0.06472462 -0.90316888 0.42437801
vn -0.18702833 0.97167838 0.14443518
vn 0.97974145 -0.15079990 -0.13178043
vn 0.26533269 0.81203243 0.51980949
vn -0.68136734 0.72854399 -0.07044291
vn -0.08234092 0.99223272 -0.09324266
vn 0.72994851 0.68003921 -0.06871566
vn -0.80156356 -0.40568921 -0.43921764
vn 0.06242192 -0.67589339 0.73435116
vn -0.28578683 -0.79864246 0.52961883
vn 0.64691577 0.58984389 0.48330545
vn 0.99726450 -0.06960021 -0.02488625
vn 0.83551798 0.53629803 -0.11955807
vn 0.06814530 -0.67131163 -0.73803585
vn -0.30949383 -0.92557056 0.21801998
vn -0.28744539 -0.93457866 -0.20961366
vn -0.97265995 0.22449280 0.05946093
vn -0.07373498 -0.99674725 -0.03252805
vn -0.31360873 0.94825352 0.04964704
vn -0.99268202 0.03432537 0.11577637
vn 0.44931071 0.86763633 0.21290158
vn 0.09182030 0.99515361 -0.03518996
vn -0.30786761 -0.89345984 -0.32702761
vn 0.17499757 -0.92669171 0.33259333
vn -0.75710364 -0.62389778 -0.19376699
vn -0.02476685 -0.99918885 -0.03175272
vn -0.23706848 -0.97098121 -0.03152825
vn 0.02239983 -0.96129978 0.27459238
vn -0.98066066 -0.19507563 -0.01581648
vn -0.94101251 -0.27006957 0.20385751
vn 0.35535730 -0.88709656 -0.29458595
vn -0.60578733 -0.79325529 -0.06138211
vn -0.93097683 -0.35894786 0.06662261
vn -0.73214044 -0.66589555 -0.14336489
vn 0.87208399 -0.48621562 -0.05535236
vn -0.49765509 0.86555171 0.05621070
vn 0.99714409 0.07210323 0.02246734
vn -0.95932358 0.27440857 0.06631894
vn -0.82620014 0.56326117 0.01140940
vn 0.66676850 0.74425368 0.03881020
vn -0.50370539 -0.55799718 0.65948467
vn 0.17272609 -0.98308119 0.06096786
vn -0.53836124 0.64651614 0.54054052
vn -0.62341776 -0.77963720 -0.05929697
vn 0.67940521 -0.73300319 -0.03338991
vn -0.20344984 -0.97868681 -0.02793369
vn -0.86445434 0.47802316 -0.15560381
vn 0.99947843 -0.00175010 0.03224614
vn -0.73321890 0.67673830 0.06644786
vn -0.25056141 -0.96016824 -0.12367674
vn -0.71066562 0.69567465 0.10483873
vn 0.30618282 0.95196924 -0.00257807
vn 0.29351267 -0.89756292 -0.32898499
vn -0.86291913 0.47817910 0.16344824
vn -0.99803698 -0.06254318 -0.00324745
vn 0.52558631 -0.84198723 0.12172319
vn -0.99931807 0.03325204 -0.01605299
vn -0.15185146 0.95477238 0.25563810
vn -0.88154576 0.45003123 0.14264977
vn -0.94887780 -0.08391875 0.30428369
vn 0.23992547 0.97064515 -0.01684525
vn -0.17761151 0.90702909 -0.38177530
vn -0.96664774 -0.23332307 0.10560538
vn -0.22306319 0.96223113 0.15605792
vn 0.97289170 0.01914268 -0.23046755
vn -0.98411438 0.16934587 -0.05329973
vn 0.30156502 0.95112347 -0.06650326
vn 0.23453626 0.96690149 0.10047016
vn -0.88878112 0.38535055 0.24813923
vn -0.89902137 0.43602053 -0.04057914
vn -0.06774936 0.97877222 -0.19342950
vn 0.87313370 -0.48744735 -0.00571164
vn -0.52827305 -0.84907396 0.00100131
vn -0.99303963 -0.06075927 -0.10089903
vn 0.92545403 0.35727726 0.12604678
vn -0.62892822 0.41849300 0.65521973
vn 0.50068513 0.86524047 0.02594846
vn 0.29902791 0.69191251 -0.65714487
vn -0.70187468 0.70140309 0.12411946
vn 0.74411931 -0.66685317 -0.03991618
vn -0.57594420 0.81746981 0.00560240
vn -0.06474392 -0.99359284 -0.09263640
vn -0.99554192 -0.08012788 -0.04975756
vn -0.24935537 0.96244257 0.10736012
vn 0.98908795 0.12797695 -0.07298582
vn -0.26637567 -0.90927982 0.31977212
vn 0.03223450 -0.99938190 0.01402722
vn 0.94750524 0.30220807 0.10442270
vn -0.88160055 -0.28147859 -0.37888028
vn -0.74281950 0.66534203 0.07442562
vn 0.85423542 0.46998633 0.22224916
vn 0.41594211 0.90835289 -0.04344174
vn -0.55805999 0.82961748 0.01743251
vn -0.74062577 0.63817961 0.21023855
vn -0.66176632 -0.38430729 -0.64371830
vn -0.89835131 0.40854953 -0.16140695
vn -0.08244247 -0.96055827 -0.26557683
vn 0.99683786 0.06388518 -0.04725420
vn 0.37584913 -0.92311422 0.08122538
vn 0.99817665 -0.04122971 -0.04408506
vn -0.90552315 0.36629351 -0.21414221
vn -0.49923498 -0.86561367 -0.03843707
vn 0.93599165 -0.34327636 0.07798051
vn -0.42750306 0.89877763 0.09715917
vn 0.82633572 0.54877260 -0.12656189
vn 0.64959416 -0.70948724 0.27323118
vn 0.64891939 0.75967893 0.04232673
vn 0.99031512 0.13478339 -0.03330774
vn 0.06660428 0.99627788 -0.05471981
vn 0.93370754 0.29208368 0.20706847
vn 0.90615585 0.42294316 0.00081285
vn -0.83283470 -0.54663828 0.08702270
vn -0.91981574 -0.00764858 0.39227606
vn -0.98025110 -0.08736192 -0.17741388
vn 0.34606372 -0.79116333 -0.50428215
vn -0.66119364 -0.74968281 -0.02826038
vn -0.63373577 -0.77264156 0.03746987
vn -0.96829728 0.24573421 -0.04488955
vn 0.74709899 -0.66457843 0.01336460
vn -0.85303362 0.06389927 -0.51792908
vn 0.34550545 0.93546613 0.07435796
vn -0.53871321 0.80813998 0.23811310
vn -0.51038626 0.80333011 0.30686575
vn 0.92540880 0.37730763 0.03546135
vn 0.52768499 -0.84019386 0.12499131
vn 0.76793070 0.10148291 0.63244261
vn -0.61371982 0.72266940 -0.31795741
vn -0.78856298 -0.13945804 -0.59893228
vn -0.17078076 -0.98500648 -0.02441664
vn -0.48202535 -0.85733288 -0.18064301
vn 0.50376404 0.40595709 -0.76250943
vn -0.72889671 -0.67681369 -0.10311556
vn 0.60767773 0.78214963 0.13773068
vn 0.28680506 0.93563256 -0.20575368
vn 0.17437516 -0.87247143 -0.45649415
vn 0.99488919 -0.04603543 -0.08986788
vn 0.14579756 0.98797806 -0.05140455
vn 0.11491468 -0.97202370 0.20485248
vn -0.81508843 0.57738520 -0.04750985
vn -0.45735214 -0.88859654 -0.03500303
vn 0.03556783 -0.98165479 -0.18732007
vn 0.63879391 -0.41788362 -0.64599971
vn -0.53969707 0.83987536 -0.05776206
vn -0.14679061 0.98784352 0.05116350
vn -0.90209725 -0.26584260 -0.33992392
vn -0.29029086 0.94796494 0.13074287
vn -0.68586662 0.72447425 -0.06873167
vn 0.79789739 0.60168938 -0.03646426
vn -0.99848440 0.04794634 -0.02701956
vn 0.95409146 0.24600238 0.17085759
vn 0.70737841 -0.70565079 -0.04089924
vn -0.03994329 0.99822580 -0.04415637
vn 0.84427918 0.45837879 0.27763564
vn 0.80365817 -0.55669584 0.21029335
vn -0.24054623 -0.95641192 -0.16557097
vn 0.37602865 0.77804953 0.50323094
vn -0.88750924 0.45958769 0.03326422
vn -0.92657014 -0.37233146 -0.05326413
vn -0.76337865 0.55184982 -0.33573028
vn -0.00528591 0.98762198 -0.15676380
vn -0.52303688 -0.85177883 -0.03008732
vn 0.86386349 -0.50034076 -0.05830094
vn -0.99988557 -0.01184360 0.00941188
vn -0.94102980 -0.28857583 0.17659812
vn -0.01228965 -0.99992251 -0.00198285
vn 0.24583734 0.93841465 -0.24277964
vn 0.21117507 0.96273069 0.16898139
vn -0.83769656 -0.54610248 0.00604626
vn 0.00453970 0.99605267 0.08864797
vn -0.88696223 0.41520152 0.20225157
vn -0.97198322 -0.23209900 -0.03713056
vn 0.52369054 0.81982959 -0.23157648
vn -0.58428512 0.78200438 -0.21697936
vn 0.79807465 -0.59187309 0.11297392
vn -0.45407803 0.86490056 -0.21391623
vn 0.08397584 0.99599380 -0.03073116
vn -0.80824926 -0.58513698 0.06593817
vn 0.15559834 -0.98760396 -0.02067766
vn -0.88677114 0.07720118 0.45571584
vn 0.26987236 0.96272046 0.01839108
vn -0.15001912 0.85319182 0.49955779
vn -0.59003829 -0.80216484 -0.09157722
vn 0.08708777 0.98835510 0.12477946
vn 0.99721656 -0.05019343 -0.05513386
vn -0.98851842 0.15041690 -0.01435575
vn 0.26694679 -0.91922420 0.28942406
vn -0.06898856 -0.99236918 -0.10219586
vn 0.08980301 0.99558539 -0.02729741
vn -0.86982086 0.49314430 0.01484514
vn -0.63129533 -0.76905826 -0.10007795
vn 0.64839153 0.76121424 0.01188674
vn 0.84429635 0.52254891 0.11877001
vn 0.29165122 0.95416907 0.06708917
vn -0.59891770 -0.59946416 -0.53098051
vn 0.86037931 0.28692190 -0.42121641
vn -0.37297132 -0.92747783 0.02602432
vn 0.61631520 -0.52664127 -0.58549513
vn 0.51110521 -0.79331359 -0.33079453
vn 0.49002244 0.84691526 0.20642808
vn -0.80495416 0.56131532 -0.19228601
vn -0.91116926 -0.40654418 -0.06702541
vn -0.96080739 -0.27426995 -0.04031330
vn -0.34122657 0.87209471 0.35073530
vn -0.97375543 0.22043101 -0.05666152
vn 0.48591168 0.84632050 -0.21824630
vn -0.92005959 -0.17068001 -0.35264526
vn -0.95148019 0.29280180 0.09461787
vn -0.99460580 0.03963680 -0.09585521
vn -0.07515600 -0.90611999 0.41629094
vn 0.17508268 0.95528590 -0.23827484
vn 0.15123952 -0.98844641 -0.01001517
vn 0.25768260 0.10397850 0.96061863
vn -0.91811714 -0.39612172 0.01218604
vn -0.09212234 0.91570874 0.39114062
vn -0.38350022 -0.73017989 -0.56547759
vn 0.21279764 -0.53846340 -0.81533695
vn 0.07045741 -0.57172808 -0.81741223
vn -0.33190755 0.81089899 0.48195457
vn 0.21656655 -0.91393483 -0.34325219
vn -0.75674863 -0.65305017 0.02927438
vn -0.11575521 -0.99323728 0.00896889
vn -0.97319219 0.22815397 -0.02902977
vn 0.27946634 0.95894197 0.04825836
vn -0.19210700 0.97883020 -0.07061400
vn 0.83968969 -0.52902759 -0.12268264
vn -0.95637888 -0.09114955 0.27754495
vn -0.99977232 -0.01893720 -0.00983338
vn 0.72479441 0.68800837 0.03629811
vn 0.95038143 0.04142698 -0.30831632
vn -0.99927537 0.03637588 0.01120363
vn -0.73925942 0.66674726 0.09457061
vn 0.99815252 -0.01277460 -0.05940001
vn -0.90033690 -0.41829258 0.12010325
vn 0.37459133 -0.92704985 0.01612212
vn -0.01210884 0.99977847 -0.01721574
vn -0.18399417 -0.98290612 -0.00645759
vn -0.61648710 -0.73459689 0.28339208
vn -0.89514601 -0.43103630 -0.11367204
vn 0.67376246 -0.73366833 0.08817554
vn -0.52953719 0.60252673 -0.59711967
vn 0.55721993 -0.82992558 -0.02700888
vn 0.82203175 -0.53693781 -0.18963541
vn 0.59125210 0.03040453 0.80591347
vn -0.99501842 0.09932762 0.00850688
vn -0.97011129 0.23975281 -0.03745220
vn 0.23568076 -0.97168704 -0.01669966
vn 0.99232855 0.12291352 0.01327840
vn 0.06338747 0.99749213 0.03148779
vn -0.23389690 -0.97215202 -0.01458366
vn 0.59640704 -0.67906897 -0.42797661
vn -0.07470813 -0.76661120 -0.63775070
vn 0.96917792 -0.23854369 -0.06157164
vn -0.69721087 0.69722191 0.16666914
vn 0.11789637 -0.99020425 0.07480636
vn 0.84293250 0.52468263 0.11905013
vn -0.10175997 -0.99480030 0.00415620
vn 0.88996737 0.44634748 0.09344517
vn -0.67258685 0.73940832 0.03003773
vn -0.49932950 0.86633771 0.01135910
vn -0.85086448 -0.46820558 -0.23835514
vn 0.99327952 0.11565744 0.00437549
vn -0.75485993 0.65156891 0.07512953
vn 0.98434307 0.17548272 -0.01656925
vn 0.98160272 0.19068505 -0.00976307
vn -0.06284074 0.99575775 -0.06721268
vn -0.12576825 0.99186617 0.01959178
vn 0.99298313 0.11822787 0.00258403
vn -0.87528295 -0.41196461 -0.25330796
vn -0.93385050 0.34423406 0.09708837
vn -0.34015784 -0.94013851 -0.02079002
vn -0.98239019 -0.17740023 -0.05864016
vn -0.02119281 -0.99967887 0.01389304
vn 0.69096943 0.69406795 -0.20206664
vn -0.05800797 0.99803833 0.02354912
vn 0.94253607 -0.33334039 -0.02258201
vn 0.86090689 -0.48598121 0.15053764
vn 0.98471111 0.00256242 0.17417654
vn -0.45886256 0.86808920 -0.18938397
vn -0.50844521 0.85699961 -0.08387571
vn -0.79863119 -0.22016999 0.56010124
vn -0.72853376 0.68500062 0.00356584
vn -0.98771563 0.06576557 -0.14174882
vn -0.76437327 0.53618189 0.35810959
vn -0.78931798 -0.05968521 -0.61107676
vn -0.41678562 0.89148236 0.17762023
vn 0.15951437 -0.98713449 -0.01098427
vn 0.77802467 0.59784162 -0.19303632
vn -0.05394288 0.99230396 0.11145858
vn 0.18204676 -0.96523453 0.18756676
vn -0.21864996 -0.97164503 0.08998963
vn -0.02896484 0.99941465 -0.01820420
vn 0.99419695 -0.10672612 -0.01348916
vn -0.62628113 -0.77956904 -0.00663746
vn -0.57713636 0.79241492 0.19746449
vn 0.41673732 -0.86565138 -0.27744855
vn 0.52502192 -0.84721457 -0.08111389
vn -0.04074876 -0.60538170 0.79489152
vn -0.07234682 -0.78235968 -0.61861076
vn 0.21162165 -0.96982047 -0.12109720
vn -0.03441543 0.99853085 -0.04185367
vn -0.78151446 0.60739993 0.14247974
vn -0.56725046 0.82353460 0.00420419
vn -0.43481699 0.22921550 -0.87085845
vn 0.83724741 0.52991881 -0.13491790
vn 0.08370561 0.99523044 -0.05009739
vn -0.19363316 -0.86591841 0.46118490
vn 0.06555877 -0.98879309 0.13412785
vn -0.92697006 -0.34556390 0.14598663
vn -0.01346669 0.85266885 0.52227817
vn -0.40362206 -0.90139913 -0.15674452
vn 0.19655542 -0.98033851 -0.01738871
vn -0.25637782 -0.96657363 0.00241366
vn -0.59585196 0.78986480 0.14516899
vn 0.99449876 0.08753754 -0.05752738
vn 0.93583612 -0.16262751 0.31267083
vn -0.00857327 0.99936569 -0.03456476
vn -0.95908108 -0.27312054 0.07462341
vn 0.64438529 0.72900324 0.23091528
vn -0.95472680 0.29516935 0.03703773
vn -0.81478790 0.57967326 -0.00997962
vn -0.97809569 0.17712018 0.10934930
vn -0.64276934 0.76582921 -0.01879348
vn -0.99522801 0.01240160 -0.09678538
vn -0.78516399 0.61231264 0.09268626
vn -0.76148805 -0.63619342 -0.12407211
vn 0.57236323 0.81852965 -0.04908715
vn 0.61796131 -0.78564893 -0.02965773
vn -0.79855775 0.26960747 0.53816106
vn -0.73889397 0.42714260 -0.52113808
vn 0.93823885 0.27278451 0.21282969
vn -0.05428269 -0.97764438 0.20313753
vn -0.72502706 -0.68738956 0.04279426
vn -0.19828631 -0.97998821 -0.01748255
vn -0.45543780 0.77990542 -0.42932965
vn 0.31693373 0.94290905 -0.10235006
vn -0.52239076 -0.82511737 -0.21514930
vn -0.84462602 -0.09178128 -0.52743064
vn 0.63491582 -0.77258095 0.00075475
vn -0.28631894 0.95767200 -0.02976249
vn 0.00714551 0.99857527 0.05288083
vn -0.98144051 -0.19022999 0.02422978
vn 0.78854040 -0.46771338 -0.39930969
vn -0.24558248 -0.96403550 -0.10161103
vn 0.06932358 -0.99442980 -0.07939535
vn 0.31732058 0.94830984 0.00401312
vn -0.17061155 0.94465663 -0.28020628
vn 0.12702532 0.99036902 -0.05507972
vn -0.60311577 -0.79756192 -0.01209715
vn -0.83337923 -0.55266195 -0.00661995
vn -0.86422297 -0.50306965 0.00629259
vn 0.96065207 -0.19602719 -0.19677637
vn -0.07822812 0.99511813 -0.06016859
vn 0.35313432 0.93382234 0.05720136
vn 0.15766554 0.98435890 -0.07860749
vn 0.21135685 -0.97739981 0.00423023
vn 0.13207159 -0.94550051 0.29763380
vn -0.99103891 0.10727563 -0.07958534
vn 0.24917439 0.96027767 -0.12561414
vn -0.65237570 0.75350627 -0.08145083
vn -0.19950444 0.68759854 -0.69814485
vn -0.41267202 0.90659632 -0.08823216
vn -0.28820007 0.93741956 0.19541055
vn 0.07091243 0.90290840 0.42394321
vn -0.57642851 -0.74595461 0.33358942
vn 0.25784020 0.96478770 -0.05199161
vn -0.03227020 -0.99947475 -0.00297557
vn -0.51571274 0.85649838 0.02123433
vn -0.85424460 -0.40603913 -0.32465117
vn 0.25667897 -0.96198176 -0.09331134
vn 0.96565204 0.23749229 0.10542083
vn 0.39590984 -0.91518409 -0.07545521
vn 0.41435081 -0.90858175 0.05284512
vn 0.98066002 -0.19326151 0.03091783
vn 0.70846619 -0.70568919 -0.00885581
vn -0.00496974 -0.99782435 0.06574089
vn 0.69915750 -0.71447464 0.02654769
vn 0.98980985 -0.13749188 -0.03704656
vn -0.79795437 -0.60235235 -0.02098752
vn -0.32802140 -0.94073168 -0.08617354
vn 0.26884044 -0.64190700 -0.71810878
vn 0.98227444 0.04028613 -0.18306814
vn -0.14206433 0.98985519 0.00210300
vn -0.30654901 -0.72045090 -0.62207573
vn -0.43491848 0.89937414 0.04440806
vn 0.12647999 -0.99142635 -0.03281175
vn 0.63598933 0.74586964 -0.19797992
vn 0.95834276 0.28472267 0.02263100
vn 0.97984815 0.19974044 -0.00116488
vn 0.98676584 0.13103438 0.09551525
vn -0.12044413 0.99240163 0.02514397
vn -0.51815227 0.85172558 0.07798564
vn -0.99908993 0.02987718 -0.03044127
vn 0.06661048 -0.99102695 -0.11588195
vn -0.62574796 -0.74164358 0.24166980
vn -0.68448089 -0.70699455 -0.17788935
vn 0.00000000 0.00000000 -0.00000000
vn -0.78297052 0.62155602 -0.02500550
vn 0.13273054 0.96756880 0.21492611
vn 0.70944827 -0.70371143 -0.03838468
vn 0.58632961 -0.79589016 0.15091865
vn -0.27982071 -0.95750085 -0.06994634
vn -0.71890173 -0.69054430 0.07955424
vn 0.33689934 -0.93175208 -0.13541378
vn 0.04736519 0.99622818 0.07270459
vn -0.65339687 -0.75687393 0.01464184
vn -0.86661056 -0.48170244 0.13018796
vn 0.21410716 -0.97668977 -0.01533687
vn 0.99546980 0.04326932 -0.08466193
vn -0.77962979 0.60629532 -0.15679086
vn 0.32090048 0.94285375 -0.08972007
vn 0.95757684 0.12116655 -0.26146752
vn 0.74217184 0.66240364 0.10199203
vn -0.04458871 -0.99578990 -0.08008943
vn -0.97966124 0.19367762 -0.05246742
vn -0.93689042 -0.34961802 0.00188936
vn 0.98928163 0.13889562 0.04505408
vn -0.89213172 0.42093005 -0.16406978
vn -0.26419403 0.94951648 0.16917439
vn 0.76751002 0.64103614 0.00101656
vn 0.80594893 0.58136507 -0.11162874
vn 0.46705471 -0.88371415 -0.03015292
vn 0.52318527 -0.84204239 -0.13130801
vn 0.58338784 0.62489001 -0.51881703
vn -0.96889581 -0.24449103 -0.03827593
vn -0.42976436 -0.90288080 0.01043331
vn 0.74205046 0.22345595 0.63200360
vn 0.79526488 -0.59081691 0.13597483
vn -0.09534459 -0.95962517 -0.26462982
vn -0.50577772 -0.85430847 0.11977452
vn 0.92510588 -0.37937213 -0.01599657
vn -0.52146303 0.79386194 0.31282509
vn -0.87813089 0.43084087 -0.20799587
vn -0.97790938 0.00427662 -0.20898552
vn 0.97297185 -0.22987663 0.02196618
vn 0.15993732 0.96789841 0.19388841
vn -0.88709958 -0.45586137 -0.07242059
vn -0.91077527 -0.39870540 -0.10734251
vn -0.98804984 -0.12178526 0.09447679
vn -0.06998058 0.98357942 -0.16635579
vn -0.27778408 0.95693339 -0.08434744
vn -0.76733836 0.51322495 -0.38443723
vn -0.45939696 0.79089569 -0.40427521
vn -0.71051214 -0.66520998 0.22949550
vn 0.85074435 -0.51055371 -0.12477566
vn -0.02742922 0.65401289 -0.75598596
vn -0.68784744 0.69564707 0.20722223
vn 0.04308497 -0.99828729 -0.03957498
vn -0.38832240 -0.91694250 0.09177239
vn -0.98670183 -0.16200449 0.01319230
vn -0.96068979 -0.25199928 0.11649677
vn 0.64570952 -0.75154582 -0.13504851
vn 0.57641525 -0.71921561 0.38791026
vn 0.91741812 0.39563471 -0.04262820
vn 0.22036051 0.97470328 0.03734653
vn -0.49659926 -0.76921012 0.40212555
vn 0.03794345 0.99743083 0.06076212
vn 0.65248811 0.55762947 -0.51313608
vn 0.95090894 -0.30923691 0.01203034
vn -0.73814473 -0.56698773 -0.36560535
vn -0.99971726 -0.02377625 -0.00029482
vn -0.76116564 0.57840464 0.29338530
vn -0.85953944 0.50114082 -0.10024883
vn -0.36133873 -0.64304849 -0.67522068
vn 0.80043948 -0.59065922 -0.10207020
vn -0.96371922 0.26440255 -0.03655901
vn -0.68593882 0.22171624 -0.69305833
vn -0.08043143 -0.99111734 -0.10591130
vn -0.81272408 -0.52450416 -0.25372222
vn 0.47040997 0.87566249 0.10922300
vn 0.28082210 -0.95867401 -0.04564077
vn 0.57749786 -0.21093871 0.78867045
vn -0.91071015 -0.37338266 -0.17661375
vn 0.91873788 -0.13221955 0.37207352
vn -0.11700169 -0.99202915 -0.04678438
vn 0.91357643 0.40663368 0.00521194
vn 0.07031293 -0.91103644 0.40628648
vn 0.96004860 -0.26578729 0.08754310
vn 0.89127998 0.44155070 0.10321328
vn 0.63663069 -0.32490522 -0.69938398
vn -0.65882380 -0.65958219 -0.36180456
vn -0.00000000 -0.00000000 -0.00000000
vn 0.32924177 -0.83442734 0.44196253
vn -0.99958781 0.01135335 -0.02636879
vn -0.81512949 -0.53969632 0.21045617
vn -0.99546769 0.05040531 -0.08064358
vn -0.99467866 0.09907680 0.02825145
vn 0.66101409 -0.54353159 -0.51733335
vn 0.35108493 0.93099821 -0.09990845
vn -0.67442224 -0.73549447 -0.06482691
vn 0.52591684 0.03265732 -0.84990881
vn -0.30368195 0.28937670 0.90776561
vn 0.80614486 0.58837765 -0.06278694
vn -0.00000000 0.00000000 0.00000000
vn 0.54066598 -0.83828817 0.07037932
vn -0.70422608 -0.70951691 0.02552239
vn -0.63937703 -0.75447841 0.14818686
vn 0.98508650 0.13087566 -0.11169664
vn 0.34175107 0.73487544 -0.58580226
vn -0.45579203 -0.88855709 0.05215282
vn -0.59794527 0.80142871 0.01317114
vn -0.03394697 -0.88224091 -0.46957276
vn -0.85913814 -0.28623975 -0.42420331
vn -0.49808637 0.80684664 0.31766094
vn 0.97885823 -0.19393854 0.06499539
vn -0.86206575 0.50531893 -0.03867074
vn -0.83265263 0.55172971 -0.04779043
vn -0.99533866 0.04273361 -0.08645691
vn -0.83371822 0.54843931 0.06425146
vn -0.93269065 -0.30221745 -0.19685723
vn 0.88857874 0.45628031 0.04728741
vn -0.83263160 0.55306191 0.02910581
vn 0.31042219 -0.94552279 -0.09810561
vn 0.83877493 -0.34426703 -0.42182559
vn -0.30164868 0.95037365 -0.07614465
vn -0.37042547 -0.92877626 -0.01263432
vn 0.10243449 0.99353921 -0.04885714
vn -0.34064116 -0.83027853 -0.44113622
vn 0.49258809 -0.65523382 0.57273521
vn -0.60740171 0.35758221 -0.70936459
vn 0.47795763 -0.84797843 -0.22910497
vn -0.98702959 0.11594844 -0.11103399
vn 0.98467260 -0.01017407 0.17411594
vn 0.99599369 0.01981440 0.08720068
vn 0.01637041 -0.99966087 0.02025248
vn 0.68619323 0.71021919 -0.15724998
vn 0.55769505 0.82902931 -0.04106858
vn 0.91286809 -0.40804073 -0.01321411
vn 0.49704631 -0.83474978 0.23693411
vn 0.94517992 -0.31656554 -0.08013224
vn 0.91442137 0.14608452 -0.37748228
vn -0.19512212 -0.97932814 -0.05332683
vn -0.40213063 0.90018089 0.16722838
vn 0.36370644 0.93088966 -0.03408913
vn 0.98408113 0.17636325 -0.02191664
vn -0.81789588 0.53679504 -0.20711691
vn -0.78967858 -0.61290715 -0.02743315
vn 0.90729582 -0.29191245 -0.30265727
vn -0.61088195 -0.72460465 0.31901621
vn 0.64885454 -0.01422156 -0.76077955
vn 0.02886559 -0.98666412 -0.16018957
vn 0.08890303 0.96111551 -0.26144448
vn -0.78545187 -0.60832144 -0.11406309
vn 0.97697979 0.16815747 -0.13127662
vn -0.44460965 0.89230216 -0.07822479
vn -0.19066089 -0.62773382 0.75471762
vn 0.54631326 0.55195005 -0.62999442
vn -0.27300693 -0.88310601 -0.38156388
vn -0.65447598 -0.42168750 -0.62756740
vn 0.81859050 -0.50986181 0.26448163
vn 0.73163208 -0.66110273 -0.16630600
vn -0.50458571 -0.86251868 0.03814158
vn 0.72994988 0.35974937 -0.58116569
vn 0.02383902 0.96894558 -0.24612227
vn 0.96086569 -0.17384241 -0.21567554
vn 0.82357717 -0.29063586 -0.48708464
vn -0.72383505 0.68696156 0.06439446
vn -0.22540655 -0.92195365 -0.31494978
vn 0.55116976 -0.82000761 -0.15427061
vn 0.98888559 -0.13545497 0.06129633
vn -0.11813221 0.86335546 0.49057327
vn 0.42842044 -0.81396774 0.39231677
vn 0.04105354 0.99816688 0.04446887
vn 0.94564075 0.32520686 -0.00201581
vn -0.99305801 0.07646098 -0.08938410
vn -0.09635409 0.99519645 -0.01731791
vn 0.99789991 -0.04964953 -0.04160156
vn -0.00384121 0.99310858 -0.11713497
vn 0.92085819 -0.35539579 0.16035594
vn -0.58557153 0.74749240 0.31362573
vn -0.38007507 0.92283271 0.06263169
vn -0.34365949 0.88329947 -0.31887334
vn -0.71472314 0.69715065 -0.05614090
vn 0.67979717 0.73117800 -0.05704858
vn -0.89633134 0.40974306 0.16941297
vn 0.53014749 0.83058731 -0.17049442
vn -0.99983513 0.00807480 -0.01626363
vn -0.92557613 0.35761845 0.12416870
vn 0.11380324 0.99266162 0.04088674
vn -0.42044299 0.90159402 -0.10176399
vn 0.96119897 -0.27461123 -0.02617646
vn 0.99517259 0.09035726 0.03830253
vn -0.99963934 -0.01273581 -0.02364302
vn -0.81272712 0.58262200 0.00512268
vn -0.40862454 0.49844632 -0.76457651
vn -0.31469783 0.94907564 -0.01485597
vn 0.48382247 -0.13878744 0.86409135
vn -0.95392493 -0.28958556 -0.07853294
vn -0.04911695 -0.99659293 -0.06625745
vn 0.07246299 -0.99734488 -0.00723285
vn 0.96678450 -0.17439334 0.18685474
vn -0.51476375 -0.85707538 0.02097778
vn 0.94132894 0.33746518 -0.00413268
vn -0.12970011 -0.99034354 -0.04896474
vn -0.67359690 -0.72408249 -0.14822876
vn -0.96408557 -0.22051902 -0.14802151
vn -0.36314100 0.52591954 -0.76911459
vn 0.91912255 0.05551068 0.39004142
vn 0.99869493 -0.03281604 -0.03913502
vn -0.63940886 0.54534804 -0.54198877
vn -0.57503113 -0.81042494 0.11202952
vn -0.05851634 -0.98177215 0.18082942
vn 0.50681472 -0.46163194 -0.72803489
vn 0.25065298 -0.91021720 0.32966307
vn -0.97978645 -0.19988165 -0.00811438
vn -0.29864736 -0.94934396 -0.09775377
vn -0.22359208 0.97465649 0.00716223
vn 0.96276097 -0.26876368 -0.02928128
vn 0.73807896 -0.61706668 -0.27288854
vn 0.98256556 -0.18525394 -0.01568141
vn 0.57434527 0.81774154 0.03776605
vn -0.76358994 -0.64522670 -0.02475695
vn 0.84384483 0.39088267 0.36760936
vn 0.39166462 -0.90784732 0.14970662
vn -0.07039246 0.99728558 0.02159584
vn 0.75659751 -0.65363304 -0.01800154
vn -0.39285207 -0.91874596 0.03966257
vn 0.94736408 0.30915587 -0.08321021
vn -0.05373522 -0.99773305 0.04051268
vn -0.29676395 -0.94738617 0.11996085
vn -0.59400872 -0.22476424 0.77242131
vn -0.93487341 -0.34959688 0.06159323
vn -0.43336428 -0.90118675 0.00760528
vn -0.99856201 0.01338263 -0.05191172
vn 0.61761997 0.75222268 -0.22957919
vn 0.00902159 -0.99974266 -0.02081407
vn 0.67576174 0.73699145 0.01377199
vn -0.08721297 0.53893380 -0.83782114
vn -0.49064842 -0.35133932 -0.79738623
vn -0.24736244 0.67208928 0.69793110
vn 0.95698398 0.28802990 0.03493471
vn -0.85862444 0.50199299 -0.10376471
vn 0.03904179 -0.99804328 0.04884013
vn -0.50606684 -0.83921885 -0.19901779
vn 0.71434803 0.67936383 -0.16784421
vn -0.91250329 0.29462942 -0.28378028
vn 0.57580219 -0.48068213 0.66135960
vn 0.23056958 -0.97300673 -0.00977624
vn 0.79940540 0.37485700 -0.46950319
vn 0.40311635 0.91438285 -0.03743276
vn -0.66677975 0.68690979 0.28906696
vn -0.56623684 0.82343599 0.03645565
vn 0.11529455 0.99093624 -0.06893868
vn 0.75537439 0.30866857 -0.57804259
vn -0.06602166 -0.99747995 -0.02597852
vn 0.20754434 -0.97604989 -0.06520702
vn 0.89772883 0.38139496 -0.22050131
vn -0.06814407 -0.99364369 -0.08960251
vn -0.37814560 0.56008866 -0.73709334
vn 0.99962920 -0.01342562 -0.02369011
vn 0.34907870 -0.93631080 0.03829021
vn 0.50608569 -0.86194980 0.03032834
vn 0.31834947 -0.94231798 -0.10339463
vn -0.56104805 0.82748894 0.02207121
vn 0.94855358 0.28613150 -0.13555392
vn -0.99055588 0.11036613 -0.08135331
vn -0.20122474 -0.94099712 -0.27209011
vn 0.64238080 -0.76421169 -0.05768361
vn -0.96078691 -0.23702063 0.14390880
vn -0.36800490 -0.74021368 -0.56272204
vn -0.99791392 -0.04889059 -0.04216061
vn -0.06357883 -0.81990448 0.56895903
vn 0.59819794 -0.80054411 0.03589368
vn 0.07751225 0.64234748 -0.76248381
vn -0.23230845 -0.88057653 0.41305902
vn -0.32630887 0.55028136 -0.76857852
vn -0.79515273 -0.16906463 0.58236525
vn 0.88015259 -0.10076852 0.46387189
vn -0.89148037 0.29062284 -0.34756454
vn -0.08616983 0.88266412 -0.46203767
vn 0.96607914 0.13863018 -0.21788247
vn -0.00130877 -0.99957105 -0.02925751
vn -0.93541596 -0.34932317 0.05450046
vn -0.64214766 -0.75626816 -0.12531899
vn 0.99649799 -0.04026656 0.07328271
vn 0.92790596 0.37228242 0.01990781
vn -0.16855774 0.93194512 -0.32103984
vn -0.00393752 0.99873121 -0.05020428
vn 0.95343131 0.15102091 0.26107744
vn 0.96248816 0.26963351 -0.03023765
vn 0.20533568 -0.97642765 0.06653050
vn -0.57768199 -0.81624065 -0.00589226
vn 0.05993434 -0.96975604 -0.23660323
vn -0.19574678 -0.97210454 -0.12921287
vn -0.04545520 -0.99847057 -0.03146981
vn 0.55565751 -0.83023633 -0.04418553
vn -0.91424464 -0.40513470 0.00475547
vn -0.82025968 -0.11539231 0.56023091
vn 0.99929676 0.02434321 0.02852020
vn 0.81961145 -0.52083578 0.23867795
vn 0.38709282 0.86095438 0.33002530
vn 0.08398711 0.88019972 0.46711307
vn -0.34604812 0.93486232 0.07926620
vn -0.79079279 0.57382243 -0.21301309
vn -0.21191860 0.97486938 0.06870377
vn -0.61375216 -0.76494573 -0.19536203
vn -0.97485358 0.22282575 0.00303025
vn 0.69965282 -0.38889243 0.59937351
vn -0.63465649 -0.77100805 -0.05251394
vn 0.72757546 0.60385853 -0.32555925
vn -0.74381958 -0.66066141 0.10128637
vn -0.22869107 0.95493877 0.18918864
vn -0.93309210 0.17148334 0.31612118
vn -0.15731251 0.97063122 -0.18201044
vn 0.27771149 -0.95692188 -0.08471620
vn 0.23554006 0.93540134 -0.26371427
vn 0.78503327 -0.41693436 0.45813590
vn 0.60710587 -0.79437321 -0.01984089
vn -0.97323839 -0.20134571 0.11075620
vn 0.42296912 0.90304144 0.07492185
vn 0.82675182 -0.55474738 0.09347070
vn 0.11674853 -0.95760349 -0.26337299
vn 0.72731005 0.65421125 -0.20743125
vn 0.91413746 -0.40445464 0.02773359
vn -0.59117701 -0.71364661 -0.37579018
vn -0.99537556 0.02951220 -0.09141400
vn -0.96371785 0.26477052 -0.03383023
vn -0.72937307 -0.68191636 -0.05481798
vn 0.32121346 -0.94692441 -0.01249255
vn 0.50848033 -0.85038836 0.13523092
vn 0.99584061 0.04955536 -0.07645752
vn -0.70599281 0.69590524 -0.13149164
vn -0.73679518 -0.66956521 -0.09388979
vn -0.42676360 -0.05041343 0.90295699
vn -0.31367868 -0.94853816 0.04337103
vn 0.88458375 -0.46051484 -0.07374058
vn -0.98796941 0.05741181 -0.14359779
vn 0.90509154 -0.30517883 -0.29609995
vn -0.01008509 -0.74543210 0.66650527
vn -0.30686813 0.94796041 -0.08487057
vn 0.73550654 -0.54890465 0.39715717
vn -0.59367710 0.79992239 0.08758806
vn 0.25240241 0.70639155 -0.66128965
vn -0.50560801 0.83697205 -0.20937603
vn 0.57054895 -0.82045893 -0.03634613
vn 0.83369947 -0.55187453 -0.01948554
vn 0.66101057 -0.64762011 -0.37901611
vn 0.99134282 -0.13101296 0.00866095
vn -0.80104121 0.59859929 0.00344638
vn 0.01820043 -0.99772616 0.06489423
vn -0.69787072 -0.17183537 0.69530501
vn -0.01168024 0.99761250 0.06806519
vn 0.99955832 -0.01952033 0.02240827
vn -0.58057506 0.73882037 -0.34216524
vn 0.35436114 -0.88579651 -0.29965435
vn -0.34442010 -0.93747723 0.05011225
vn -0.47621890 -0.87546950 0.08227219
vn -0.19570623 0.96800264 0.15706676
vn 0.98100716 0.14262806 -0.13146175
vn -0.96445547 0.26267893 -0.02873032
vn -0.99015973 -0.08574705 -0.11059458
vn -0.07989973 0.99520112 0.05648692
vn 0.81505591 0.57843945 -0.03304046
vn -0.07214341 0.99736302 -0.00789470
vn -0.13858427 0.98794932 -0.06892415
vn 0.58995540 -0.76565293 0.25637515
vn 0.68609377 -0.72689306 -0.03003007
vn -0.72673419 -0.68486094 0.05313108
vn -0.24949473 0.93838282 -0.23914443
vn -0.72822138 0.47125488 0.49760673
vn -0.49023163 0.68028755 -0.54486861
vn 0.61493256 -0.71920958 -0.32341233
vn -0.38412259 -0.92238597 -0.04066893
vn 0.76081467 0.62946642 0.15790208
vn 0.67179412 -0.73980607 -0.03714339
vn 0.92913913 -0.36863593 -0.02842591
vn 0.04971480 0.99873640 0.00735082
vn 0.98492314 0.11616855 -0.12818456
vn -0.02450358 -0.99567081 0.08966161
vn -0.90416206 -0.27393452 -0.32779697
vn 0.71648091 -0.69530513 0.05662051
vn -0.88031285 -0.10922452 0.46164846
vn 0.60945104 -0.78121361 0.13518404
vn 0.02844859 0.99775674 -0.06059845
vn -0.97888509 -0.19627405 -0.05710056
vn -0.11844351 0.99118539 0.05935192
vn 0.96909546 -0.24667793 0.00199644
vn -0.54042649 -0.83543205 0.09996249
vn 0.55652487 -0.73147557 -0.39398421
vn -0.35299213 -0.91638765 0.18875973
vn 0.65153264 0.75717835 -0.04675654
vn -0.12081265 0.97202062 0.20144533
vn 0.87040830 0.34449818 -0.35172488
vn -0.53506712 -0.84471861 0.01239526
vn -0.99576075 0.05972886 -0.06994993
vn -0.61722492 0.78677344 0.00457774
vn 0.40144691 -0.88319221 0.24251164
vn 0.74010415 -0.67030277 0.05422227
vn -0.26556318 0.62208631 -0.73653569
vn 0.37215585 0.92816306 -0.00365511
vn -0.88780120 0.35312310 -0.29514931
vn -0.88808435 0.45941953 -0.01548793
vn -0.95598325 0.25702092 0.14154955
vn 0.24000186 0.97065050 0.01538533
vn 0.75421909 0.65662235 -0.00081526
vn 0.84797250 -0.21697615 0.48359487
vn -0.87918380 0.46538973 -0.10221667
vn 0.74633167 -0.59742074 0.29338968
vn 0.91146961 0.41135770 0.00282550
vn 0.47190358 -0.88066524 0.04166234
vn 0.63288185 -0.77367371 0.02982533
vn 0.97909426 0.13780209 0.14961620
vn -0.13112235 0.98971252 0.05723677
vn 0.11123489 0.84485905 0.52329723
vn 0.56101849 0.63285364 0.53362396
vn 0.83471708 0.21911772 0.50520771
vn 0.01391222 -0.97421330 -0.22519969
vn -0.10555869 0.97428130 0.19908117
vn 0.85033582 -0.51234838 -0.12011715
vn 0.66637538 -0.74558411 -0.00694158
vn -0.88743245 -0.46078155 0.01200023
vn -0.14285773 0.98707507 0.07262559
vn -0.99196961 -0.10382788 0.07222233
vn 0.99833057 -0.05506900 -0.01742070
vn -0.93970910 0.33939045 0.04196346
vn 0.69611751 -0.71592820 0.05354636
vn 0.98942299 -0.12986549 0.06463049
vn -0.27717891 -0.95132901 0.13470325
vn 0.19211536 0.97301322 0.12781613
vn -0.07738414 0.99627805 0.03797034
vn -0.96452746 0.23152431 -0.12681986
vn 0.90797597 0.36076749 0.21313482
vn 0.99196822 0.12375077 -0.02616858
vn 0.86954517 0.48746950 0.07914974
vn 0.77826646 0.41129614 -0.47448583
vn -0.58309883 -0.81239579 0.00297153
vn 0.46435787 -0.88449856 -0.04510068
vn 0.07383431 -0.99702789 -0.02199728
vn 0.99953841 0.02800156 -0.01178457
vn -0.78463181 -0.61977487 -0.01523278
vn 0.64304675 0.76465966 0.04226685
vn 0.72197864 0.68770925 -0.07617628
vn 0.70291079 0.71127702 0.00118986
vn -0.38455079 -0.89297678 -0.23390843
vn 0.90332745 -0.32470792 0.28029320
vn 0.30115116 -0.95256525 -0.04390248
vn -0.43280788 -0.90115367 0.02448271
vn 0.79860018 0.58731273 0.13153518
vn 0.02760525 0.99676652 0.07546162
vn -0.60783237 0.34149663 -0.71688205
vn -0.60297503 0.76434765 -0.22845960
vn -0.70243416 0.71095915 -0.03351627
vn -0.51479067 -0.83928263 -0.17491494
vn -0.75572100 -0.64928132 0.08555424
vn -0.90369704 -0.40513578 -0.13855199
vn 0.98498133 -0.17145491 0.02037159
vn -0.07016623 0.98779943 -0.13902869
vn 0.58053110 0.53874865 0.61051907
vn -0.49736103 -0.57585943 0.64885894
vn 0.32071047 -0.84947819 0.41896490
vn -0.12931913 -0.99050007 -0.04675653
vn -0.77481893 -0.52834292 -0.34714463
vn 0.37352520 0.68919395 0.62087892
vn -0.81011834 -0.55390280 0.19209364
vn 0.23632552 0.97027223 0.05217321
vn -0.01952056 -0.99279171 0.11825212
vn -0.84445346 -0.53306892 0.05230565
vn 0.70110011 0.13765812 -0.69964911
vn 0.31463907 -0.94831146 -0.04132362
vn 0.99859669 0.01810888 0.04976673
vn 0.72626096 0.68591784 -0.04540635
vn -0.81372581 0.51439050 0.27065240
vn -0.80096202 0.59807385 -0.02770415
vn 0.29824305 0.95383461 0.03536402
vn -0.80871963 -0.54659281 0.21727601
vn 0.96157538 0.27312282 0.02786941
vn 0.86931141 0.42570764 -0.25113875
vn 0.51023371 0.84169189 -0.17668144
vn 0.15003500 -0.98714658 0.05505570
vn 0.97466248 -0.22200399 -0.02733643
vn 0.33306769 0.94289390 0.00412376
vn 0.22453627 0.97434686 0.01522043
vn -0.02980797 0.99683750 -0.07366469
vn -0.95847009 0.28222553 -0.04103460
vn 0.84962040 -0.52735437 0.00652191
vn 0.99858097 -0.04085845 -0.03415589
vn -0.88411620 0.46638133 0.02875757
vn 0.99664696 0.06779482 0.04581152
vn 0.81254240 -0.58252895 -0.02085371
vn -0.08414312 0.99291920 -0.08385342
vn -0.96096229 0.08381649 0.26367835
vn 0.46144773 -0.88313999 0.08443780
vn 0.97206924 -0.09266258 -0.21562707
vn -0.77515973 -0.62966113 0.05151946
vn 0.19318889 -0.96703342 -0.16590482
vn 0.77743315 -0.58278195 0.23656477
vn 0.29142860 -0.93734770 -0.19091534
vn -0.50276120 -0.86428002 -0.01584990
vn 0.13826125 0.96340371 -0.22964564
vn 0.15322145 0.54399355 -0.82498133
vn -0.91619140 -0.39642979 -0.05862370
vn -0.91565700 0.22923005 0.33019061
vn -0.67697247 -0.73195635 -0.07712436
vn -0.26900520 0.87405874 -0.40454606
vn 0.54891829 -0.82486219 0.13524451
vn 0.72642840 0.68720668 -0.00698269
vn 0.03651221 0.98235122 -0.18344736
vn 0.54018878 0.83938688 -0.06021424
vn 0.02352956 -0.99195410 0.12439220
vn 0.09558814 0.99540957 0.00476493
vn -0.11106318 0.92699823 0.35824469
vn -0.65770459 -0.74370875 0.11967445
vn 0.61851718 -0.78575010 0.00576905
vn -0.57297548 -0.30239563 -0.76174535
vn 0.29629625 0.95508747 -0.00405737
vn -0.24449134 -0.96554070 0.08919162
vn -0.38088113 -0.92430637 -0.02423449
vn 0.99509713 0.05489992 -0.08226600
vn -0.21531148 -0.97507467 -0.05357573
vn -0.05311633 -0.89098476 -0.45091553
vn -0.97160659 -0.23264039 0.04311720
vn -0.96186602 -0.27345235 -0.00612907
vn 0.25130975 0.96216381 -0.10528162
vn -0.21276678 -0.97420571 0.07519001
vn -0.85005919 0.44722269 -0.27819282
vn 0.98606221 -0.07951712 -0.14614494
vn -0.96271675 -0.18288928 0.19931878
vn -0.87969586 0.38787957 -0.27510841
vn 0.56771100 0.66098846 0.49071222
vn 0.61612359 0.78234781 0.09123393
vn -0.03375745 0.98669338 0.15904910
vn -0.74929259 0.66208779 -0.01415536
vn 0.53486880 -0.84352528 0.04879000
vn 0.85757413 -0.10608111 0.50330249
vn -0.97875440 0.08937082 -0.18453369
vn -0.47248545 -0.87121567 -0.13319445
vn -0.16860558 0.97884208 -0.11593249
vn 0.39140758 -0.26433295 -0.88143531
vn -0.75144617 0.65591945 -0.07140260
vn -0.70575700 -0.66012455 0.25718209
vn -0.15348894 0.97963431 0.12945177
vn 0.63228152 0.45077340 -0.63009795
vn 0.96985907 -0.21919515 -0.10642781
vn 0.57849537 0.60811589 -0.54363422
vn 0.07139969 -0.99740922 -0.00877065
vn 0.92118801 -0.08430033 -0.37987643
vn -0.05597531 0.98271927 -0.17643582
vn 0.86134087 -0.35524320 0.36317236
vn -0.82228101 -0.26614337 -0.50301258
vn 0.81364717 0.30444273 -0.49527055
vn 0.80608325 0.47077296 -0.35861207
vn 0.99555788 -0.05217869 -0.07837026
vn 0.30887052 0.94956888 -0.05401792
vn -0.08623481 0.96716679 0.23906475
vn 0.07331745 0.86545043 -0.49560075
vn 0.99642219 -0.07520317 -0.03856566
vn -0.31833327 0.88690942 -0.33474709
vn -0.61221082 0.73817714 -0.28335918
vn -0.54935272 -0.82835041 0.10975964
vn -0.43402158 0.85007133 -0.29833540
vn -0.57784411 0.60498946 -0.54779917
vn 0.68222098 -0.45618067 -0.57137880
vn -0.35975960 0.42521787 -0.83051959
vn -0.45556020 0.89018315 0.00623391
vn 0.37177068 0.92576156 0.06893552
vn -0.41625225 0.90829295 0.04168911
vn -0.46335758 0.88392795 -0.06301691
vn -0.20389274 0.97898958 -0.00267476
vn -0.43946278 -0.86441747 0.24424353
vn -0.06233450 0.52982110 0.84581559
vn 0.08127371 0.19895554 -0.97663262
vn 0.69120025 0.71840637 0.07832309
vn -0.44383031 -0.89459317 0.05213178
vn 0.27315210 -0.96190873 -0.01093296
vn -0.85592975 -0.50546618 0.10903308
vn -0.98243665 0.18657777 0.00264038
vn -0.74757970 -0.66260466 0.04560315
vn -0.83411563 -0.33798209 0.43591195
vn -0.09593276 0.99496809 0.02890355
vn -0.19691770 0.97818453 0.06616984
vn -0.49650792 0.85460013 -0.15211344
vn -0.16790280 -0.97044495 0.17333565
vn -0.10131888 0.91655842 -0.38685287
vn -0.75552224 -0.65373449 -0.04263054
vn -0.56946160 -0.82108944 -0.03905910
vn -0.65635210 -0.75435767 -0.01210085
vn -0.96862223 -0.08678927 -0.23289181
vn 0.98223170 -0.17826862 -0.05866168
vn 0.43680589 0.89884614 0.03572450
vn 0.60370387 0.79311985 0.08063832
vn 0.36418742 -0.93117637 0.01667580
vn 0.56370879 0.81964314 0.10206626
vn 0.28558876 -0.89962884 0.33031349
vn -0.99716709 0.01496545 -0.07371454
vn -0.41443409 0.86583990 -0.28029565
vn 0.84182870 -0.53902063 -0.02794983
vn -0.92877250 0.35670734 -0.10070510
vn 0.42372294 0.74477051 -0.51553443
vn -0.47400848 0.87792985 -0.06749175
vn -0.55197576 -0.82284547 -0.13508549
vn -0.91475347 -0.39977030 0.05839343
vn -0.68965214 0.48222916 0.54021751
vn 0.35588604 0.92985321 -0.09337095
vn -0.01349898 0.99974369 0.01817503
vn 0.00563593 -0.99912893 0.04134749
vn 0.31212964 0.94859354 0.05239639
vn 0.95028974 0.30214298 -0.07522645
vn -0.70652467 -0.68931356 0.16021766
vn 0.97557948 0.21558146 -0.04206313
vn -0.68959336 0.48452104 -0.53823820
vn -0.09969760 -0.99500370 -0.00529374
vn -0.15267276 -0.98609477 -0.06563636
vn 0.95001494 0.30126883 -0.08190664
vn 0.48358232 -0.72106176 -0.49620367
vn -0.01367569 0.99989648 -0.00447233
vn 0.58655836 0.80952644 0.02482389
vn -0.12923957 -0.88888266 -0.43952787
vn 0.74102836 -0.67074226 0.03133355
vn -0.68789274 -0.72580527 -0.00320885
vn 0.00603393 0.99989565 0.01312589
vn 0.37693731 -0.92493523 -0.04912319
vn 0.82601705 0.50949673 -0.24105792
vn -0.96292880 0.04847416 0.26536463
vn 0.29945235 0.95255628 -0.05445027
vn -0.02484746 -0.98281483 0.18291425
vn 0.07244672 -0.99730618 0.01148291
vn 0.36986145 0.62741312 -0.68524105
vn 0.07903724 0.99666145 -0.02047100
vn -0.77153028 -0.31287004 -0.55394347
vn 0.21464223 -0.97167969 -0.09882958
vn 0.09747674 -0.98920085 0.10945305
vn -0.94428490 0.00227452 -0.32912133
vn -0.00000000 0.00000000 0.00000000
vn -0.69727004 0.71641555 0.02373288
vn 0.04927704 -0.01704626 0.99863967
vn -0.53668379 0.70659069 0.46119421
vn 0.88631424 -0.27035559 0.37597197
vn -0.64348726 0.17291808 -0.74566982
vn -0.30677156 0.90760020 -0.28662359
vn 0.56016872 -0.82183534 -0.10391189
vn 0.40706353 0.90694095 0.10843148
vn 0.03131828 0.93743755 0.34674198
vn 0.10492281 -0.98338257 -0.14815510
vn -0.23561456 -0.69221257 -0.68214920
vn 0.97714780 -0.20845544 -0.04157529
vn -0.34148989 -0.93954665 -0.02523394
vn 0.32260514 0.92559202 0.19800339
vn 0.16311075 0.66031500 0.73306138
vn 0.02913728 -0.75350962 -0.65679089
vn -0.80797965 -0.58678651 -0.05338990
vn -0.97544766 -0.22002667 -0.00949364
vn -0.28614078 -0.95779662 0.02736945
vn 0.00000000 0.00000000 0.00000000
vn 0.41796818 -0.90569864 -0.07079956
vn -0.84566388 0.23427443 0.47954989
vn -0.50913558 0.81238595 0.28427105
vn -0.29027333 0.95577207 0.04734071
vn -0.60215937 0.69310776 0.39623947
vn 0.44744229 0.87907816 -0.16436846
vn -0.56390899 -0.82450457 -0.04689202
vn 0.25754916 0.96565761 0.03426101
vn -0.97655723 -0.21413873 -0.02192200
vn -0.04168602 -0.99818041 -0.04356772
vn 0.13849855 0.98942226 -0.04314790
vn 0.84238638 -0.16033842 -0.51446747
vn 0.61739535 -0.78158465 -0.08915387
vn -0.94147356 -0.32168864 -0.10071719
vn -0.11832766 -0.99071161 0.06700053
vn -0.98286665 -0.18192609 -0.02959805
vn -0.64768345 0.75009461 -0.13365714
vn -0.95053210 -0.31062433 -0.00112015
vn 0.37254655 0.92734479 0.03522364
vn -0.19691955 -0.98024579 -0.01846294
vn -0.70120207 0.71261780 -0.02217040
vn -0.38242927 0.92118052 0.07193267
vn 0.08466934 0.99414058 0.06719824
vn 0.03977637 0.99918949 0.00618112
vn -0.89708054 0.43977865 0.04290969
vn -0.20378345 0.92952931 -0.30732322
vn 0.95533073 -0.29108167 0.05113379
vn -0.31987825 0.92916197 -0.18529958
vn 0.93725533 -0.04562232 -0.34564585
vn -0.84821642 -0.30103306 -0.43578435
vn 0.55603053 -0.61327664 -0.56100072
vn 0.65908451 0.72406972 0.20329941
vn -0.25388572 -0.96589763 -0.05083124
vn 0.50274297 0.61027302 0.61222247
vn -0.05077163 0.79213886 0.60822551
vn -0.99090588 0.03107617 0.13091911
vn -0.27330319 -0.95201831 -0.13771893
vn -0.50408788 0.85495696 0.12224566
vn -0.80240645 -0.59649282 0.01844466
vn -0.11733862 0.99272230 -0.02709396
vn -0.59618096 0.79691066 -0.09747644
vn 0.93337387 0.35721700 -0.03477410
vn 0.99769280 0.06743076 -0.00788539
vn 0.42381252 -0.90563032 0.01471975
vn -0.76135048 -0.64624649 -0.05206651
vn -0.75455751 -0.34964383 -0.55533067
vn -0.04220732 -0.99719068 -0.06188118
vn -0.92450241 0.37062197 0.08907659
vn -0.25235826 0.96635960 0.04964315
vn 0.27046492 -0.82822020 -0.49081567
vn -0.96794664 -0.20572426 -0.14407229
vn -0.99337899 -0.11488325 -0.00011639
vn -0.58427321 -0.53140872 -0.61337558
vn 0.84094356 -0.43504555 -0.32179077
vn 0.80663191 0.57770672 -0.12489955
vn -0.09732262 -0.12219364 -0.98772315
vn 0.92614841 0.37710074 -0.00664485
vn -0.36489156 0.92518692 -0.10432315
vn -0.20421795 -0.97603100 0.07522312
vn 0.93189987 0.25950886 0.25341229
vn 0.60345749 -0.79727504 0.01384085
vn 0.95354524 -0.29325627 -0.06893646
vn 0.97686226 0.20516804 -0.06038379
vn -0.78125057 -0.59085137 -0.20135094
vn 0.11036288 0.99360789 0.02373579
vn 0.94259610 -0.32988045 0.05187945
vn 0.60135481 -0.76574226 -0.22805959
vn 0.62093505 0.78286190 0.03958420
vn 0.72934722 -0.65862682 -0.18510361
vn 0.81565363 0.14535516 0.55998307
vn -0.27195877 0.93729932 -0.21796425
vn -0.17448889 0.98051346 -0.09026059
vn -0.57940271 -0.58627612 -0.56619149
vn -0.38968502 -0.92047582 -0.02949311
vn 0.45053356 0.86799698 -0.20880795
vn -0.10790721 0.52066989 0.84691139
vn 0.06769251 0.98217159 0.17537588
vn 0.62610131 0.77806655 0.05108419
vn 0.93050012 -0.03949044 0.36415662
vn 0.26312240 -0.91327756 0.31095127
vn 0.39305878 -0.89712691 -0.20166332
vn 0.93999724 0.23372461 -0.24855180
vn 0.13442079 0.73691199 0.66248907
vn -0.15768057 0.02307414 0.98722055
vn -0.78193929 -0.58344735 0.21945419
vn 0.18154644 -0.60592565 -0.77452889
vn -0.05641791 0.45553486 0.88842840
vn 0.91885079 -0.17955460 0.35138778
vn -0.00144607 -0.99231855 -0.12370049
vn -0.74869156 0.51167815 0.42148121
vn 0.30177527 -0.93987802 -0.15987807
vn -0.74201364 -0.66034810 0.11556880
vn -0.99951012 -0.00394626 -0.03104766
vn -0.98316977 -0.15153434 0.10205173
vn -0.12780681 -0.99148917 -0.02479217
vn 0.60494123 0.78918345 0.10599809
vn 0.36246190 0.92894638 0.07536580
vn -0.39990888 -0.90255487 -0.15958572
vn 0.92877961 -0.12795363 0.34784524
vn 0.02928485 -0.99956592 0.00322048
vn -0.04592816 0.43887898 0.89737163
vn -0.71023520 -0.04783028 0.70233769
vn -0.68373817 -0.72965355 0.01038384
vn -0.67513271 -0.56552503 0.47368476
vn -0.12335494 0.93822431 -0.32329351
vn 0.44013079 -0.67417960 0.59309928
vn 0.96701883 -0.11544646 -0.22703896
vn -0.53538543 0.72269648 0.43711810
vn -0.97633207 0.21571451 0.01558647
vn 0.59601442 0.79902503 0.07953494
vn 0.59056810 -0.00175643 -0.80698589
vn 0.82331027 -0.56392774 -0.06438711
vn 0.71358864 -0.32259668 -0.62187028
vn -0.03392489 0.99801423 0.05307261
vn 0.25506081 -0.95973638 -0.11768626
vn -0.04178482 0.99896964 -0.01771119
vn 0.05935746 0.99423696 0.08927241
vn -0.76875575 -0.63937792 0.01450753
vn 0.65520312 -0.75545127 0.00150125
vn 0.98153637 -0.18664986 -0.04181120
vn -0.68756753 0.72612037 -0.00032226
vn 0.77752309 0.56548339 0.27511157
vn 0.98367893 -0.15991914 -0.08247198
vn -0.05816210 -0.83994274 0.53954923
vn -0.11144442 -0.99125531 -0.07066154
vn -0.50595032 0.84268581 0.18410565
vn -0.23689990 -0.88267407 -0.40591246
vn 0.35700753 0.93352346 0.03285691
vn 0.78078979 -0.62459476 0.01576966
vn -0.28374918 -0.95874846 -0.01696468
vn -0.40430448 -0.91439436 -0.02051433
vn -0.02959937 0.99949780 -0.01131503
vn -0.03170786 -0.99917301 -0.02545399
vn 0.31634647 -0.89414494 0.31690651
vn -0.99716285 -0.04282263 -0.06190695
vn 0.00000000 0.00000000 -0.00000000
vn -0.47297529 -0.87909848 -0.05899349
vn -0.83668414 -0.46855970 0.28356914
vn 0.00000000 0.00000000 0.00000000
vn 0.59992884 -0.68197304 0.41832781
vn -0.92966949 -0.08996188 0.35724151
vn -0.12575248 0.99203104 0.00779308
vn 0.67248179 0.69799982 -0.24609852
vn -0.77968106 -0.22170031 0.58561628
vn 0.91759355 0.39179705 -0.06720979
vn 0.92929493 0.36585128 -0.05063377
vn -0.93269638 0.36055385 0.00885309
vn 0.09052121 -0.99547371 -0.02894825
vn 0.02277830 0.99800723 0.05884482
vn 0.21619642 0.84784266 -0.48417139
vn -0.98377149 -0.17050580 0.05586973
vn 0.29905271 -0.94750993 -0.11310352
vn -0.09010856 -0.99272206 -0.07989597
vn -0.47643593 -0.83756466 0.26738407
vn 0.43082200 -0.53509998 0.72667766
vn -0.12803934 -0.99022429 -0.05533332
vn -0.24234603 0.96827276 0.06096126
vn 0.99208716 -0.03772153 -0.11975040
vn 0.90198542 0.40058296 0.16110742
vn -0.58569915 -0.77103343 -0.24992791
vn 0.07016155 0.99682091 0.03775483
vn 0.46091490 -0.88552291 -0.05836636
vn 0.10037969 -0.99489759 0.01013381
vn -0.52460546 0.84813602 0.07385391
vn 0.82020706 0.56997829 -0.04883774
vn 0.68691215 0.68536087 -0.24172750
vn -0.13396854 0.97887467 0.15445650
vn -0.97981211 0.18090996 -0.08508716
vn -0.61275621 -0.28290000 0.73790068
vn 0.08620676 0.99520454 0.04622039
vn 0.50284298 -0.18896897 -0.84346883
vn -0.10684006 -0.99079194 -0.08316569
vn 0.21747041 0.96782434 0.12658067
vn 0.95718680 0.22995456 0.17582471
vn -0.00000000 0.00000000 0.00000000
vn 0.26935540 -0.95545249 -0.12065736
vn -0.69498639 -0.60689574 -0.38557941
vn -0.93478286 0.16250465 -0.31586902
vn -0.59064284 0.48733192 0.64315522
vn 0.96140889 0.27455024 0.01775136
vn 0.00000000 0.00000000 0.00000000
vn -0.78832979 0.59647200 0.15085522
vn -0.88063229 -0.06102151 0.46985438
vn -0.10855517 -0.99174134 0.06830004
vn -0.20289443 0.95138392 0.23173798
vn 0.93777636 -0.00620157 -0.34718445
vn -0.58591372 0.79715947 -0.14574598
vn 0.22263444 -0.95483861 -0.19676671
vn 0.99842889 0.04674147 -0.03090300
vn -0.20120564 0.97943884 -0.01469203
vn 0.51175858 0.84915224 0.13055123
vn -0.46715021 -0.78458490 0.40767292
vn -0.26595746 0.85886780 0.43773591
vn 0.99928880 -0.02961227 -0.02334561
vn 0.02005806 -0.98796178 -0.15339231
vn -0.33399650 0.94217414 -0.02746319
vn -0.22316724 0.88271482 -0.41353469
vn 0.22332667 -0.97423140 0.03159724
vn -0.58164646 0.76170464 -0.28547056
vn -0.11709871 0.06001615 -0.99130518
vn -0.47017304 0.88255115 -0.00638668
vn -0.28357127 0.94436662 0.16661038
vn -0.00000000 -0.00000000 0.00000000
vn 0.04130361 0.99725434 0.06146374
vn -0.57136996 0.81535350 -0.09346145
vn -0.27677790 -0.94160185 -0.19178098
vn 0.99528998 0.09138819 0.03234272
vn -0.25077903 -0.96150555 -0.11232525
vn -0.26105984 -0.83446570 0.48529862
vn -0.46223579 -0.88276524 0.08404529
vn -0.32645684 -0.94311895 0.06286958
vn 0.99263317 0.01400504 0.12034634
vn -0.61688946 -0.34147475 -0.70911380
vn 0.75551735 0.64425493 0.11886596
vn -0.05300548 0.99682486 -0.05941908
vn -0.91704549 0.36348697 0.16402682
vn -0.23571033 0.97174447 0.01238279
vn -0.82594734 -0.44296925 -0.34869647
vn 0.25243581 -0.05696504 -0.96593537
vn 0.33549832 -0.90006205 0.27808126
vn 0.99093771 0.04892369 0.12509565
vn -0.47942113 -0.87561292 0.05879958
vn 0.94763003 -0.31935775 -0.00282170
vn -0.92841381 -0.36470618 0.07097319
vn -0.58134036 -0.77181673 -0.25757004
vn 0.78372574 -0.48629632 -0.38638045
vn -0.71638157 -0.68788513 -0.11666836
vn 0.39825156 -0.91190295 0.09913982
vn -0.10699022 0.99275272 -0.05472769
vn -0.41227679 0.55558887 -0.72204492
vn -0.49006115 -0.86758852 -0.08444071
vn -0.58010735 -0.81440006 0.01509985
vn 0.00608175 0.99796616 0.06345519
vn 0.17979755 -0.98369168 0.00484895
vn -0.41645863 0.88426638 -0.21127038
vn -0.08811320 -0.92605329 0.36696236
vn -0.66698636 0.66883172 0.32831895
vn -0.17047129 0.80118676 -0.57361948
vn 0.70217090 -0.69357034 -0.16098512
vn -0.82634282 0.48553687 -0.28532700
vn -0.86249740 -0.49731047 -0.09370453
vn -0.35061933 -0.93574756 -0.03798154
vn 0.61608323 -0.78490606 -0.06606006
vn -0.17940971 -0.95666031 0.22937571
vn 0.97736417 0.19269413 -0.08733989
vn 0.15146009 0.98812249 -0.02595751
vn -0.88620607 0.46299261 -0.01663247
vn 0.98127672 -0.02203276 0.19133883
vn -0.05428410 0.98427476 0.16809652
vn -0.22161674 0.97512158 0.00489200
vn 0.19395623 -0.96894798 0.15336491
vn -0.63388080 0.74399675 -0.21133851
vn -0.45116437 -0.70688586 -0.54475966
vn -0.60452779 -0.78527490 -0.13375155
vn -0.95107131 -0.25136291 0.17966650
vn 0.74773995 0.64413264 -0.16117728
vn -0.20051862 0.58197983 0.78809375
vn -0.48520589 0.87105487 -0.07641114
vn -0.46586805 -0.87163289 -0.15239114
vn -0.86481809 0.49582160 -0.07906079
vn 0.92772240 0.35115044 -0.12658798
vn 0.99582936 -0.08626203 0.02971110
vn -0.46407120 0.86043677 -0.21044353
vn 0.99835778 -0.05607298 -0.01172903
vn -0.05591667 -0.98902307 -0.13677243
vn 0.93413107 -0.25929359 -0.24528753
vn -0.49323363 0.33972994 -0.80081468
vn -0.98686097 -0.13263446 -0.09226872
vn -0.52963508 -0.76959380 -0.35666801
vn -0.80852816 -0.58741090 -0.03508055
vn -0.57745290 0.70245195 0.41606417
vn 0.96485481 -0.17160570 -0.19901428
vn -0.24230112 -0.97016613 -0.00823669
vn -0.49355708 0.58217622 0.64612094
vn 0.01165237 0.99458957 0.10322695
vn 0.05583262 -0.99841280 -0.00738948
vn -0.17295549 0.98491420 -0.00551450
vn -0.65580775 -0.75491531 -0.00436676
vn 0.86634819 -0.46235274 -0.18886705
vn 0.97337700 -0.20519703 -0.10213423
vn 0.93249433 -0.14515671 0.33073231
vn -0.12768355 0.98758059 0.09155044
vn -0.56538004 0.82481370 -0.00526886
vn -0.31757450 0.94823259 -0.00117946
vn 0.76735380 -0.47246188 -0.43352960
vn 0.24122570 0.97004197 -0.02878791
vn 0.95032959 0.26268147 -0.16694947
vn -0.40664646 0.77017097 0.49140140
vn -0.20744516 -0.95631615 0.20597553
vn -0.97956949 0.17059405 -0.10649547
vn -0.99617841 0.07962951 -0.03588478
vn 0.35543135 -0.09412685 -0.92995091
vn -0.71731440 0.67726238 0.16363288
vn 0.95388375 0.28682256 -0.08853597
vn 0.26554381 -0.87414480 -0.40664156
vn 0.96925185 0.20084887 -0.14216393
vn 0.68284817 0.20876029 -0.70009822
vn 0.61577151 0.76704904 0.18016999
vn -0.87830552 0.11849563 0.46318269
vn 0.98675383 0.08174153 -0.14012567
vn -0.34378405 -0.91779122 -0.19867510
vn 0.00979042 0.78890012 0.61444345
vn 0.22407463 -0.96897132 0.10433187
vn -0.65359237 0.48219329 -0.58335808
vn -0.53799178 -0.84071143 -0.06139328
vn -0.99045681 -0.11983199 -0.06808519
vn 0.35550145 -0.93466253 -0.00496692
vn -0.16261994 0.98610448 0.03395144
vn 0.80132931 0.58762581 -0.11210373
vn -0.92092617 -0.13521789 -0.36552854
vn -0.28130184 0.95951330 0.01426579
vn -0.23502136 0.96968455 -0.06690911
vn 0.98750109 -0.07838665 0.13673748
vn 0.45067622 0.68604472 -0.57116862
vn -0.69933307 -0.70931576 -0.08834261
vn 0.97897606 0.20365303 -0.01145950
vn 0.85188601 -0.23333850 0.46887457
vn 0.50984510 -0.84188659 -0.17687550
vn -0.01783337 -0.99880309 -0.04554508
vn -0.19014087 0.85075119 0.48996822
vn -0.91783178 0.02503872 -0.39617912
vn -0.15418383 0.87140846 0.46569802
vn 0.69755508 0.71645023 -0.01076934
vn -0.22284193 0.94835652 0.22574627
vn 0.99981705 -0.01604242 -0.01041709
vn -0.61210611 -0.67273444 0.41563745
vn 0.44288475 -0.89623584 0.02478728
vn 0.34013457 0.89469251 0.28954066
vn 0.75944063 0.63719423 -0.13127618
vn 0.70166347 0.70647813 -0.09250417
vn -0.91230753 -0.39107750 -0.12146344
vn 0.61842434 0.72032507 -0.31413871
vn 0.05285759 -0.99073046 0.12513686
vn -0.13764760 0.92221883 -0.36133859
vn -0.91351783 -0.39076423 -0.11308619
vn 0.42373815 -0.84955251 -0.31417592
vn 0.56712183 -0.76160903 -0.31356739
vn 0.10447027 0.80045866 -0.59021343
vn 0.18993433 0.98179341 -0.00257920
vn 0.05674133 -0.99834361 -0.00951073
vn 0.78392801 0.59659431 0.17184910
vn 0.53530088 -0.76087745 0.36676762
vn 0.13170705 -0.98875746 -0.07079498
vn -0.48911424 -0.85431955 -0.17579923
vn -0.04392785 -0.98678584 0.15596168
vn -0.16783509 -0.93449145 0.31393806
vn 0.21367894 0.96930815 0.12158548
vn 0.39470945 0.91573512 -0.07505762
vn -0.00044973 0.60461940 -0.79651439
vn -0.32924821 0.72142114 0.60921848
vn -0.96847837 0.19691482 -0.15255882
vn -0.76837394 0.60290362 -0.21472938
vn -0.35325038 -0.93527672 -0.02171712
vn -0.83848111 0.54137445 -0.06215413
vn 0.06319767 0.98854567 0.13705294
vn -0.76075951 -0.62024911 0.19114396
vn 0.78102504 0.61907180 0.08215837
vn -0.33204450 0.94028516 0.07490173
vn -0.82970665 0.48735347 0.27216442
vn 0.99957119 -0.02308567 -0.01801374
vn -0.00000000 0.00000000 0.00000000
vn -0.20263169 -0.72259883 0.66090191
vn 0.99971457 0.02362924 -0.00352712
vn -0.67844838 0.73434965 -0.02093758
vn 0.98892738 -0.14180122 -0.04376141
vn -0.91753787 -0.19671536 -0.34558260
vn -0.17387528 0.97917737 0.10478103
vn 0.27879017 0.94910521 -0.14654471
vn -0.87459895 -0.36825608 0.31537935
vn 0.92117090 -0.38352138 0.06599642
vn -0.69280991 -0.70202927 0.16483122
vn 0.02222133 0.99916918 0.03416380
vn -0.94586023 0.27249367 0.17633952
vn -0.73473912 -0.67481109 0.06919839
vn -0.46664795 0.18091231 -0.86574270
vn -0.92005219 -0.34954215 0.17698659
vn 0.96734653 -0.13334619 0.21554462
vn 0.03873393 -0.93843549 0.34327615
vn 0.76311664 0.63005647 -0.14381182
vn -0.44479079 -0.84771736 0.28902670
vn -0.40335942 0.91006304 0.09532282
vn -0.56210922 0.63724874 0.52720705
vn -0.81961872 0.52170228 -0.23675280
vn -0.26598405 -0.68736298 0.67585843
vn -0.70925152 -0.09264798 -0.69884092
vn 0.63616155 -0.76920158 -0.06022793
vn 0.95921757 0.27657945 0.05835628
vn -0.51545466 0.85689903 -0.00552707
vn 0.52867168 0.84301077 0.09919224
vn 0.57099433 -0.82014527 0.03643104
vn 0.33165210 0.94006013 0.07933371
vn -0.92527669 0.37921080 -0.00788751
vn 0.85692414 0.50862847 0.08353501
vn 0.43785627 0.89879858 0.02104733
vn -0.52761461 -0.84011904 -0.12578881
vn 0.67737576 -0.62366847 -0.39012782
vn 0.10378352 -0.98007833 0.16933827
vn -0.71795578 0.18918066 0.66988818
vn 0.04837835 0.98561344 0.16194348
vn -0.58809167 -0.53218291 0.60903985
vn 0.84124456 0.37989142 -0.38469481
vn -0.25901762 -0.96532612 -0.03248610
vn -0.25644505 0.83311444 0.49005740
vn 0.83035459 -0.55025028 0.08795382
vn 0.04599693 -0.99785965 -0.04648001
vn 0.02070314 0.69365129 0.72001338
vn -0.92329976 -0.38396821 0.00927167
vn -0.74606651 -0.66518022 0.03033215
vn -0.49862011 0.76839120 -0.40118942
vn 0.99428885 -0.10231333 0.03035885
vn -0.97882146 -0.18044497 -0.09668591
vn -0.97607997 0.21328165 0.04217625
vn -0.93203656 -0.31483409 0.17940835
vn 0.11671076 -0.99155892 0.05647572
vn 0.90393371 -0.31078361 0.29379821
vn -0.99975118 -0.02024601 -0.00936385
vn -0.45638928 -0.88909673 0.03486873
vn 0.04322293 0.98635728 -0.15884296
vn 0.98035074 0.13187200 0.14670448
vn -0.32261717 0.90692208 -0.27094372
vn 0.36929311 -0.91849931 -0.14135633
vn -0.13721221 -0.94321463 -0.30252102
vn -0.56060926 -0.82777304 -0.02256229
vn -0.60495024 -0.75634580 -0.24895025
vn -0.75919181 -0.38615303 0.52394049
vn -0.83908821 -0.52629588 0.13763582
vn -0.71624674 -0.68294492 -0.14344632
vn 0.56637227 0.82409046 -0.00986705
vn 0.91937786 -0.27599735 -0.28030309
vn -0.99319665 0.00821196 0.11615931
vn 0.99499045 0.09819688 0.01874525
vn -0.81589773 0.08618119 -0.57173743
vn 0.00000000 0.00000000 0.00000000
vn 0.23576666 0.83147055 0.50306143
vn 0.39612537 0.91325491 0.09513238
vn -0.08643190 -0.99582363 0.02940780
vn -0.80246701 -0.59450623 -0.05107877
vn 0.62510350 -0.73358571 -0.26664136
vn -0.55076576 -0.83408823 -0.03088536
vn -0.99435864 0.08126268 -0.06817096
vn 0.73829768 -0.65715495 -0.15186809
vn -0.67854380 0.70833085 -0.19453976
vn 0.37066643 0.43056156 0.82293568
vn 0.58542585 0.80986011 0.03745907
vn -0.29460645 0.84663883 0.44318138
vn -0.88391833 -0.11895356 0.45225926
vn 0.85970893 0.49744657 0.11596322
vn -0.36050131 0.55690112 0.74826463
vn -0.07532190 0.99111345 -0.10963914
vn -0.71134999 -0.67715062 0.18827698
vn -0.12644519 -0.99103834 0.04306533
vn 0.50055052 -0.86540734 -0.02278820
vn -0.47591204 -0.59308309 0.64943065
vn 0.06392708 -0.97988841 0.18902917
vn 0.97365094 0.19002809 0.12606815
vn 0.99973039 -0.00800298 0.02179656
vn -0.32194913 -0.93598939 -0.14238193
vn -0.99485837 -0.08404501 -0.05650889
vn -0.65378937 -0.26986234 -0.70691850
vn -0.04460598 0.99781492 0.04874107
vn -0.10872680 -0.37576744 0.92031370
vn 0.05890292 0.99753594 0.03811172
vn -0.83240819 0.48447468 -0.26903697
vn 0.46932536 -0.88302460 0.00112615
vn 0.17600775 -0.98436721 -0.00651665
vn 0.71867319 -0.68486811 -0.12026856
vn -0.75710131 -0.06321693 0.65023167
vn 0.73117115 -0.65959194 0.17414714
vn -0.71113422 0.69293292 -0.11887842
vn 0.78254454 0.61188389 0.11498759
vn -0.29647056 0.79687137 0.52640406
vn -0.72787199 -0.65516124 -0.20240089
vn -0.84847976 0.16172526 -0.50391173
vn -0.50341383 -0.85868117 0.09613096
vn 0.93911124 0.25352219 0.23194091
vn 0.19555373 0.97688166 -0.08637686
vn 0.11092782 0.99274162 0.04646604
vn 0.57737625 -0.76643762 -0.28144278
vn -0.32941629 -0.94158808 0.06997714
vn 0.06462507 0.99528907 -0.07227225
vn -0.25587121 -0.95806208 -0.12902317
vn -0.59748828 0.63553096 -0.48898686
vn -0.83916117 -0.54385393 0.00560669
vn -0.82226372 0.56419667 0.07459555
vn 0.98044452 -0.16768640 -0.10300396
vn -0.77713238 0.15316733 0.61041382
vn 0.02441946 -0.96211152 0.27156050
vn -0.14858059 0.98644261 0.06967635
vn 0.71543898 -0.61306893 -0.33510230
vn 0.96173874 -0.16421914 -0.21929586
vn 0.31738600 0.94119873 -0.11580620
vn 0.99397420 -0.07630934 -0.07869032
vn -0.38716389 -0.81905919 0.42337474
vn 0.98453395 -0.13227836 0.11487100
vn -0.21945237 0.97328055 -0.06756938
vn 0.72351597 0.67805001 0.12950992
vn -0.75215912 -0.04646032 -0.65734169
vn -0.19185992 0.35331637 -0.91561854
vn 0.33432072 0.61824886 0.71133537
vn -0.25886847 0.27268214 0.92662375
vn 0.96992002 0.23236248 0.07254532
vn 0.81731573 0.12294572 0.56292037
vn -0.56588565 -0.08482060 0.82010907
vn 0.39659701 0.84160251 -0.36662792
vn -0.45427391 0.55690650 -0.69533472
vn 0.03418230 -0.31284123 -0.94919015
vn -0.03581089 -0.99222622 0.11918348
vn 0.24123237 -0.97042085 0.00950320
vn -0.85067181 -0.33702470 0.40344989
vn -0.41533581 0.88375161 0.21559049
vn 0.94164449 -0.33191297 0.05603069
vn 0.94360052 0.33027454 0.02316876
vn 0.99666479 -0.05923560 -0.05612880
vn 0.92978648 0.07451140 0.36047905
vn -0.20816715 -0.97722544 0.04119308
vn -0.72702441 -0.67125296 0.14441246
vn 0.29117698 -0.94455677 -0.15175137
vn 0.90501781 0.37192284 0.20643681
vn -0.81504310 -0.57934497 -0.00800927
vn -0.98572732 0.12927099 0.10784559
vn -0.52228812 -0.67592219 0.51994645
vn 0.88766363 -0.44939608 -0.10048111
vn 0.14422119 0.95756217 0.24954948
vn 0.81644891 -0.46354734 -0.34428918
vn -0.79372619 0.04826620 -0.60635725
vn 0.04501433 0.94021764 0.33758627
vn 0.41985254 0.90757516 0.00558352
vn -0.27953479 -0.95461639 -0.10280005
vn -0.77659000 -0.59223543 -0.21486081
vn -0.67534373 0.70507548 -0.21628549
vn 0.07816095 0.99003180 0.11716611
vn -0.42681515 -0.68703840 -0.58805362
vn 0.28287904 0.95320142 -0.10670753
vn 0.28516770 -0.92771156 0.24089550
vn -0.58963970 0.79644737 -0.13415144
vn -0.34703593 0.91370424 -0.21144889
vn -0.03606455 -0.96434477 -0.26218031
vn -0.44898714 0.68474442 0.57405194
vn -0.91225366 0.40265683 -0.07523785
vn 0.98867082 -0.08159504 0.12598514
vn -0.00079231 0.99982298 0.01879868
vn -0.43455441 0.81454128 0.38429802
vn 0.79558402 0.57678929 -0.18536499
vn -0.78481230 0.61953011 0.01587744
vn 0.16199362 -0.98447673 -0.06755462
vn 0.32122582 -0.87145362 0.37065153
vn 0.96599304 0.16585861 0.19836425
vn 0.60326933 -0.75056358 0.26966724
vn -0.31560922 -0.83955632 0.44219453
vn -0.70966550 0.70447891 0.00918336
vn 0.98832631 -0.00365457 -0.15230804
vn 0.35552293 0.68465110 0.63628320
vn -0.59086170 0.14846982 0.79299380
vn -0.13821402 0.95380515 0.26674448
vn 0.28484257 -0.94915110 0.13407795
vn 0.71875664 -0.13852653 0.68132172
vn 0.02215244 0.99800119 0.05918529
vn 0.64664803 -0.53903215 -0.53971351
vn 0.26263654 0.96488967 0.00315763
vn -0.73036705 0.67891557 0.07508405
vn -0.54203963 -0.83224802 0.11643143
vn -0.93234447 -0.35996252 -0.03407015
vn -0.14567379 -0.94299428 -0.29923393
vn 0.18888937 0.98148704 -0.03168599
vn 0.99175968 -0.12721334 -0.01514947
vn 0.03385008 -0.99911549 -0.02494795
vn -0.82301427 -0.56631593 -0.04397464
vn -0.00116917 -0.99984419 -0.01761316
vn -0.00000000 0.00000000 -0.00000000
vn -0.35090179 -0.92401420 0.15187391
vn 0.99904920 0.01519384 0.04086364
vn -0.05056494 -0.99865277 0.01165438
vn -0.04454801 -0.99867881 0.02561470
vn -0.18733335 -0.96013118 0.20749540
vn -0.58172638 0.81203054 -0.04691294
vn 0.12519083 0.93621819 0.32836376
vn -0.45108564 0.26997155 -0.85066862
vn -0.50271326 0.86434393 -0.01374562
vn 0.98672221 -0.13258723 -0.09380781
vn 0.92994166 0.36574818 0.03790485
vn -0.97345633 0.22703015 0.02898406
vn -0.04753058 -0.99883182 0.00870849
vn 0.87844759 -0.47592266 0.04274867
vn 0.72897553 0.68336314 -0.04011858
vn 0.78033210 0.59375003 0.19632301
vn -0.67960599 0.43234193 0.59263493
vn 0.51579035 0.78924646 -0.33324217
vn 0.37666081 0.92625594 0.01328819
vn -0.63712381 -0.57452008 0.51380923
vn 0.25870665 0.95918932 -0.11413465
vn -0.54879030 -0.46778572 0.69282445
vn -0.86410032 -0.49699701 0.07952737
vn 0.01132684 -0.95580951 -0.29376840
vn 0.53043244 0.66308068 0.52817179
vn 0.76995005 -0.32882901 0.54685318
vn -0.86292518 -0.48001150 0.15795286
vn -0.85327001 -0.51296581 0.09378897
vn -0.97326740 0.22959039 0.00623101
vn 0.09160352 -0.99503558 -0.03889708
vn 0.13318047 -0.99044850 -0.03570350
vn 0.98553319 0.12999617 -0.10874434
vn -0.27634793 0.96105391 0.00268336
vn -0.24289377 0.96988160 0.01822928
vn 0.97654959 0.21342129 -0.02832402
vn -0.60837819 -0.37983000 0.69685375
vn 0.93061031 0.07557925 0.35812320
vn -0.17247655 -0.39034508 -0.90436860
vn -0.89066748 -0.28564379 0.35372173
vn 0.51991297 -0.79265897 -0.31840583
vn -0.16936457 0.95584194 0.24017043
vn 0.97023420 0.21599467 -0.10950755
vn -0.91063482 -0.25610819 0.32427276
vn 0.74419441 0.49370327 -0.44992417
vn -0.81080059 -0.50700565 0.29248534
vn 0.98959928 0.14067595 0.03005888
vn -0.39525292 -0.91509723 -0.07982600
vn 0.99777196 0.01287740 0.06546205
vn 0.40939805 -0.91232321 0.00771988
vn -0.00193217 0.99963488 -0.02695131
vn -0.04016342 -0.99764783 0.05554915
vn 0.78308626 -0.51671521 -0.34609435
vn 0.99708643 -0.03489407 -0.06783113
vn 0.98088881 0.19216632 0.03048371
vn 0.44911372 -0.51899864 0.72728074
vn 0.46076103 -0.87577177 -0.14395514
vn 0.89526726 0.44530468 0.01415193
vn -0.02071205 0.98344401 -0.18002469
vn 0.15178517 0.98777484 0.03552651
vn -0.30818543 -0.92484469 0.22289915
vn 0.69567807 0.68621986 0.21244842
vn 0.82912988 -0.11499110 -0.54710209
vn -0.59312519 -0.29522636 0.74902864
vn -0.89655249 0.27150369 0.34997054
vn -0.85341026 0.51424290 -0.08511858
vn 0.99709211 0.03835764 0.06584843
vn 0.16504365 -0.95960879 -0.22784108
vn -0.62472785 0.76631365 0.14992833
vn -0.68681393 -0.72678218 0.00861887
vn 0.21578958 0.97449766 0.06155626
vn -0.57434134 0.63431755 0.51746813
vn 0.42912673 -0.90020941 0.07398154
vn 0.96181178 0.20292837 0.18367955
vn 0.70591521 -0.70310275 -0.08561677
vn -0.12830081 -0.99091480 -0.04033317
vn 0.84519561 -0.35441086 0.40004664
vn -0.89658210 -0.42389862 0.12825950
vn 0.29575006 0.94113335 -0.16370682
vn 0.53280057 0.83719231 0.12342039
vn -0.64431099 -0.69291692 -0.32361936
vn 0.63888665 -0.76552950 0.07608174
vn 0.98619111 0.07650306 0.14688219
vn 0.54949574 -0.83484514 0.03298531
vn 0.67045037 0.74092997 0.03897540
vn -0.37042639 -0.85517354 -0.36257759
vn -0.67468948 -0.70126699 0.23025793
vn -0.46733902 0.81411082 0.34469960
vn -0.98051452 0.15031683 0.12647581
vn -0.84985027 -0.52345538 -0.06122891
vn 0.34677820 0.93425402 -0.08315235
vn 0.18712879 -0.98215369 -0.01889282
vn -0.56793918 -0.81753854 -0.09526708
vn -0.59122027 0.75752504 0.27679308
vn 0.38738018 -0.92191515 -0.00300798
vn 0.03103143 -0.99949960 0.00613195
vn 0.26689048 0.96324505 -0.03047047
vn -0.85978091 -0.48276673 -0.16647245
vn -0.57944929 -0.80718620 -0.11264527
vn 0.05166704 0.99838216 0.02373981
vn -0.81962103 -0.57169217 -0.03727519
vn 0.91367308 -0.14749237 0.37874463
vn -0.60930164 -0.19637864 0.76823625
vn 0.24292157 0.12114590 -0.96245145
vn 0.06517715 -0.85315169 -0.51757524
vn 0.88729554 -0.10313086 0.44952269
vn -0.84008781 0.47570050 0.26069426
vn 0.30439029 0.90762445 0.28907509
vn 0.88513151 -0.46525079 -0.00916062
vn -0.26503764 0.81314034 0.51822566
vn 0.02512401 -0.99908976 -0.03447367
vn 0.44708986 0.85360806 0.26732739
vn 0.99271740 -0.12025680 0.00710336
vn 0.92373349 -0.36943297 0.10117175
vn -0.69048221 0.71869426 0.08193218
vn 0.37233984 0.91131007 -0.17571852
vn -0.95236876 -0.30260848 -0.03770762
vn -0.88683679 -0.19946428 0.41681472
vn 0.67417739 0.39433098 -0.62449013
vn -0.25335888 0.80325285 -0.53906784
vn 0.90653746 -0.32276702 0.27205015
vn 0.82930571 0.47553854 0.29345381
vn 0.77433891 -0.57808340 -0.25733021
vn 0.69878942 0.71323188 0.05471409
vn 0.15524246 0.76189776 0.62881761
vn 0.93536225 -0.34895139 -0.05770946
vn -0.39257556 0.32806936 0.85921762
vn -0.06271162 -0.92788319 -0.36755957
vn 0.79536155 0.43449252 -0.42263017
vn -0.56644311 -0.62760035 0.53409737
vn -0.79727156 -0.34353044 -0.49633144
vn 0.94737472 0.11525751 0.29865840
vn -0.13242126 0.99093134 0.02279677
vn 0.28871080 -0.92775797 -0.23645554
vn 0.14472958 -0.98851075 0.04358721
vn 0.40527274 -0.91415603 -0.00852971
vn 0.60908464 -0.77408393 0.17265567
vn 0.97960733 -0.11951749 -0.16150870
vn -0.30892800 -0.69208448 -0.65236689
vn -0.64308139 0.30222482 -0.70363804
vn -0.71983762 0.67564805 0.15916502
vn 0.82010398 0.39768772 -0.41142914
vn 0.29741077 0.93626458 0.18696384
vn 0.55823579 0.82732649 -0.06247941
vn -0.17252337 -0.97609669 0.13217770
vn 0.73398390 -0.21996355 -0.64256024
vn -0.78633845 0.53920419 -0.30154713
vn 0.50518779 0.86228685 -0.03530851
vn 0.09102148 -0.99578705 -0.01110149
vn -0.15949694 0.96350716 -0.21497601
vn 0.82503934 -0.33375368 0.45598089
vn -0.24716397 0.87738247 0.41122983
vn 0.24612473 -0.33807082 0.90836707
vn -0.13697529 -0.98871599 -0.06065030
vn -0.80788710 -0.56697111 -0.16081727
vn -0.79733453 0.60084213 0.05697704
vn 0.76983262 -0.07414258 -0.63392478
vn -0.50962326 -0.84114865 -0.18097814
vn -0.43511845 0.85530321 -0.28129762
vn 0.36435870 -0.93104773 0.01982068
vn 0.60622651 -0.75984627 -0.23478302
vn 0.00000000 0.00000000 0.00000000
vn -0.21040703 0.96563608 -0.15256425
vn -0.22899869 0.94662854 0.22683477
vn 0.25291429 0.89649930 -0.36376278
vn -0.37081765 -0.92854522 0.01726416
vn -0.50434615 -0.85526246 -0.11900034
vn 0.57074800 0.74947391 -0.33546324
vn -0.00536818 -0.99917685 -0.04020961
vn -0.70483918 0.70936647 0.00096433
vn -0.85892307 0.37109243 0.35290447
vn -0.09577438 -0.98958419 0.10747274
vn 0.03366626 0.99165281 0.12446400
vn 0.72431071 -0.68764432 -0.05019245
vn 0.53413946 0.50176346 0.68038846
vn -0.32795170 -0.84052385 0.43123931
vn -0.90297735 -0.38685823 0.18700965
vn -0.36209201 -0.92898315 -0.07667910
vn -0.25023645 0.95686937 -0.14758973
vn -0.36944564 0.92839976 0.03979697
vn 0.24848744 -0.89804094 -0.36301028
vn -0.37139431 0.88408365 0.28365890
vn -0.72554203 -0.65925547 0.19741069
vn -0.27752530 0.85804341 -0.43213564
vn -0.05490040 -0.13187545 -0.98974482
vn 0.45536995 0.82506108 0.33453315
vn -0.12113877 -0.96204932 -0.24451277
vn 0.95290365 -0.18562832 -0.23982652
vn -0.99536794 -0.07520323 -0.05989277
vn -0.95277318 0.25690601 0.16193384
vn 0.60532135 0.75883331 0.24032908
vn -0.86983862 0.44025575 0.22261096
vn 0.99167453 -0.12786540 -0.01523399
vn 0.86637449 -0.09488954 -0.49029707
vn 0.26541738 0.94387429 0.19660860
vn -0.07748656 0.19142585 -0.97844365
vn -0.84476322 -0.23047619 0.48296567
vn 0.16559492 0.70723705 0.68730930
vn -0.46596333 -0.68277125 0.56276247
vn -0.88208529 -0.43894940 0.17102327
vn -0.30305202 -0.68426608 0.66327928
vn -0.12026032 0.94387418 0.30763451
vn -0.61445759 0.51996709 0.59336000
vn -0.91168352 0.34522063 0.22283596
vn 0.82846271 0.20596686 -0.52079476
vn -0.31733242 0.34486066 0.88338625
vn -0.57131704 0.80561745 0.15677168
vn 0.67942091 -0.61349438 0.40250699
vn 0.97751471 -0.07782579 0.19597992
vn 0.99528791 -0.09448128 -0.02180061
vn 0.10390591 -0.99147258 0.07864915
vn 0.97733005 0.18351171 0.10559085
vn -0.49559197 0.74208435 -0.45133072
vn 0.61898960 0.71027426 -0.33520494
vn 0.74572907 0.63621781 -0.19777525
vn 0.51771821 -0.84728979 0.11860804
vn -0.43495237 -0.89222876 -0.12142600
vn -0.74149179 -0.36047984 -0.56590124
vn 0.62362425 -0.48694784 0.61153463
vn -0.30941340 0.91950270 -0.24244201
vn -0.72978041 0.63938230 0.24209672
vn 0.79316474 -0.54240643 -0.27692050
vn -0.73900863 0.67369548 -0.00080455
vn 0.98485372 -0.17298472 -0.01180853
vn -0.34946061 -0.85940450 0.37323074
vn -0.00192504 -0.86286771 0.50542617
vn -0.09436556 -0.99065289 0.09849866
vn 0.90419405 0.41542856 -0.09925839
vn -0.98433055 -0.13857171 -0.10904697
vn 0.73297721 -0.67546417 -0.08057640
vn 0.61348421 -0.76008613 -0.21425733
vn -0.71784677 0.49758017 0.48693942
vn -0.72717528 0.60130241 0.33113672
vn -0.55276848 -0.81474136 -0.17505292
vn -0.00615259 0.99205216 0.12567677
vn -0.78405593 -0.44108309 0.43669441
vn -0.01830723 -0.03940058 -0.99905577
vn -0.42807637 -0.67548880 0.60038780
vn -0.92950552 -0.35934088 -0.08302784
vn -0.21168891 -0.65199059 0.72807698
vn 0.99462465 0.08329976 -0.06150573
vn 0.87948944 -0.46789948 -0.08699654
vn -0.00881950 -0.93836346 0.34553761
vn -0.06565674 -0.84652741 0.52828074
vn -0.21131849 -0.97211793 -0.10164266
vn 0.39324609 0.84190029 -0.36954216
vn 0.87350024 0.48651041 0.01746302
vn 0.99280478 -0.10211272 -0.06254322
vn -0.64767888 -0.70280538 0.29423915
vn 0.89395305 -0.02078167 -0.44767853
vn 0.42141996 -0.81109912 -0.40561489
vn -0.95609135 0.29007246 -0.04180069
vn 0.00000000 0.00000000 0.00000000
vn 0.64453014 0.47465554 -0.59940222
vn 0.45606350 0.87763950 -0.14749573
vn -0.29311747 -0.87362848 -0.38840111
vn -0.01943563 -0.82300915 0.56769552
vn 0.53728101 0.84327398 -0.01476857
vn -0.63074456 -0.42687983 0.64802385
vn 0.90629661 -0.30886478 0.28849437
vn -0.75769297 -0.30936384 -0.57462629
vn 0.78270939 -0.62227475 -0.01183841
vn -0.64370929 0.58296573 -0.49577143
vn 0.99188687 0.04046478 0.12051153
vn -0.06518136 -0.47332767 -0.87847157
vn 0.61936113 -0.56349485 0.54668579
vn -0.56481805 0.61437411 0.55093105
vn -0.22022691 -0.87716846 0.42670317
vn -0.00000000 0.00000000 0.00000000
vn -0.59444639 -0.44729250 -0.66825363
vn 0.22537035 -0.60332414 -0.76498901
vn -0.04061390 -0.88927298 0.45557006
vn 0.80047205 -0.58563864 -0.12756129
vn 0.80066094 0.32579609 0.50279117
vn 0.01144804 -0.97631318 -0.21605906
vn 0.38218842 -0.91726122 0.11208871
vn -0.67340833 -0.73373208 0.09032411
vn -0.20648684 -0.02199593 0.97820211
vn 0.45115901 0.75691249 -0.47279914
vn -0.50757431 -0.20307936 0.83733332
vn 0.40459612 -0.79359153 0.45443862
vn -0.46519130 0.30676719 0.83035592
vn -0.09066166 -0.99143219 0.09403545
vn -0.08657618 0.90997068 0.40553414
vn -0.92887130 0.25445949 0.26916253
vn 0.11530870 0.97802819 0.17368004
vn 0.22710210 0.79929782 0.55637006
vn 0.97782992 -0.18533799 -0.09746015
vn -0.36999344 -0.80121461 0.47027652
vn 0.53849990 0.50664896 -0.67329391
vn 0.07657624 0.99172917 -0.10300160
vn -0.56629046 -0.51534179 0.64322465
vn 0.01483279 -0.93827888 0.34556147
vn 0.56807952 -0.82281691 0.01606196
vn 0.99505854 0.05056745 0.08544840
vn 0.10576989 0.53103596 -0.84072203
vn 0.63111130 0.66623583 -0.39727616
vn 0.97290644 0.17813125 -0.14738492
vn 0.21777907 -0.97371769 0.06667931
vn 0.88430924 -0.37683950 -0.27566130
vn -0.89066438 -0.44489178 -0.09374571
vn 0.85180530 -0.32296171 -0.41246026
vn -0.86824244 -0.39505540 0.30014380
vn 0.52349315 0.47900370 0.70463493
vn -0.13385022 0.86890304 -0.47654132
vn 0.72686509 -0.68556090 0.04090700
vn 0.10808631 -0.98894968 0.10146859
vn 0.14690922 0.70210908 -0.69674997
vn -0.39242747 0.14902132 -0.90763061
vn -0.44946779 -0.88412837 0.12765477
vn -0.89508104 0.29384346 0.33538926
vn -0.74047498 0.06667925 0.66876803
vn -0.88581139 0.09604924 0.45399640
vn 0.97196836 -0.17366899 -0.15848214
vn -0.17981635 0.98313794 0.03325466
vn 0.08175324 -0.76705431 -0.63635218
vn -0.14970869 -0.96721414 0.20514413
vn -0.95704744 0.21632754 0.19303523
vn -0.18804983 0.98203253 0.01579154
vn -0.52127273 0.70178178 -0.48556882
vn -0.17455504 0.98430081 0.02612383
vn 0.44358557 0.60702214 -0.65936027
vn 0.02920428 -0.62747994 -0.77808485
vn 0.50275439 0.85372676 0.13560475
vn -0.15785678 0.83761164 -0.52296078
vn -0.81958620 -0.13950494 -0.55571291
vn 0.66004046 0.72529072 0.19570376
vn 0.61053329 -0.71614347 -0.33821242
vn 0.15429544 0.98702579 -0.04441852
vn -0.23625313 0.32665765 -0.91513892
vn 0.36738969 -0.25765401 -0.89366617
vn 0.34468178 -0.27467903 -0.89763350
vn -0.54191380 0.22357944 0.81014917
vn 0.38340805 -0.15162556 -0.91104772
vn 0.00168049 -0.52988851 0.84806565
vn -0.15429245 -0.92690966 -0.34209988
vn -0.04856640 0.99703472 -0.05969146
vn -0.02827708 0.99930749 -0.02418560
vn -0.85244190 -0.45453824 0.25833659
vn 0.38525307 -0.74652431 -0.54247722
vn -0.28871918 -0.93294841 0.21505465
vn -0.00245893 0.98262613 0.18557975
vn 0.13612241 0.98970162 -0.04428767
vn -0.18873260 0.06532875 0.97985313
vn -0.15597919 -0.97219842 0.17464456
vn -0.42862946 0.89022837 -0.15417603
vn -0.49845772 -0.81941886 0.28300642
vn -0.79216656 0.43502556 -0.42804778
vn 0.04648653 0.99755806 0.05212404
vn 0.68153811 -0.72930493 0.06016739
vn -0.06352204 0.95012728 0.30532458
vn 0.69423253 -0.71427940 0.08857840
vn -0.71112628 0.69494266 -0.10655569
vn -0.94460816 0.32444056 0.04953528
vn 0.41741681 -0.89581461 0.15257585
vn -0.82602161 0.49506489 0.26944213
vn -0.15280867 -0.60852649 0.77868159
vn 0.28848426 0.78948162 0.54175234
vn 0.61100866 0.15312930 0.77667228
vn 0.39950984 -0.91634333 -0.02658536
vn -0.87864738 -0.39087612 -0.27421641
vn 0.48518972 -0.03689433 0.87363021
vn 0.71881693 0.68236740 -0.13295469
vn 0.47091741 0.78002736 0.41206082
vn 0.72513597 0.59595224 0.34499095
vn -0.96523911 -0.18610541 -0.18351631
vn 0.26104207 -0.87016264 -0.41794022
vn -0.09300309 0.95165991 0.29273511
vn 0.23119875 -0.31538063 0.92037068
vn -0.95817086 -0.01297287 -0.28590262
vn -0.03206666 -0.81352936 -0.58063905
vn -0.05913377 -0.42827354 -0.90171225
vn -0.49900348 0.55637727 0.66440940
vn 0.06524783 -0.90802418 -0.41380528
vn 0.45226460 -0.37312581 0.81008263
vn -0.46603168 -0.45343413 0.75974467
vn -0.56468639 -0.39057303 0.72703645
vn 0.00000000 0.00000000 0.00000000
vn -0.17927479 -0.18855492 -0.96556077
vn -0.61921731 0.34743144 -0.70417421
vn 0.36639083 0.58585644 -0.72286236
vn 0.02180686 0.81444203 -0.57983502
vn 0.46989629 -0.59593928 -0.65119418
vn 0.25818306 0.79488732 -0.54908621
vn -0.64471001 -0.44024172 0.62492898
vn 0.85314017 0.51971517 0.04525470
vn 0.96249027 -0.25431791 0.09452449
vn 0.03924071 -0.34185544 0.93893292
vn -0.27066719 0.05458642 0.96112413
vn 0.98708553 0.02872158 0.15759832
vn -0.29254114 -0.64093631 0.70966212
vn -0.46830232 -0.88314525 0.02733849
vn 0.03530553 -0.33863790 -0.94025417
vn 0.77568740 -0.48365150 0.40545073
vn 0.72012923 0.36588714 -0.58952565
vn -0.58955236 -0.48698573 0.64441672
vn -0.00077759 0.68267415 0.73072252
vn -0.73247586 0.33411921 0.59316394
vn -0.67900020 0.41732325 0.60398678
vn -0.01183325 -0.96055665 -0.27783249
vn 0.04885671 0.99688184 0.06196461
vn -0.00000000 0.00000000 0.00000000
vn 0.91095161 0.29225253 0.29112820
vn 0.91248529 -0.18396065 0.36541630
vn 0.90880369 -0.38836881 0.15246479
vn 0.49436505 0.12116484 0.86076843
vn -0.38789153 -0.82855268 -0.40378290
vn 0.50041169 -0.78535718 -0.36442043
vn 0.46619733 -0.63179743 0.61926735
vn -0.53662894 -0.46428532 0.70460522
vn -0.69260566 -0.39966502 0.60047088
vn -0.98927508 0.03114243 -0.14270585
vn -0.19427254 0.95161203 0.23810232
vn 0.63402052 -0.33689000 0.69607694
vn -0.01547232 -0.99668586 -0.07986174
vn 0.30547192 -0.70229642 0.64301371
vn 0.80204099 -0.31239141 -0.50905978
vn -0.84900804 0.50531784 0.15439959
vn -0.56420854 -0.79853806 0.20977534
vn -0.51830190 -0.69941854 0.49211467
vn 0.44767768 0.66648993 -0.59613410
vn -0.58049332 -0.60274255 0.54747505
vn 0.44224503 -0.34932244 0.82607092
vn 0.87473518 -0.47110754 -0.11356077
vn 0.48997163 0.86701633 0.09061171
vn 0.00000000 0.00000000 0.00000000
vn 0.00000000 0.00000000 -0.00000000
vn 0.40153482 -0.91356198 -0.06460886
vn 0.10112178 0.74237481 -0.66230962
vn 0.01444553 -0.78811272 0.61536141
vn -0.41471731 -0.90978729 -0.01722325
vn -0.68005256 -0.72135150 -0.13107451
vn -0.10568404 -0.75903756 0.64241175
vn -0.38245296 0.91881251 0.09753613
vn 0.68711561 0.20588808 -0.69676556
vn 0.90502652 -0.02878178 -0.42438027
vn 0.03705540 0.92123271 -0.38724306
vn 0.00000000 0.00000000 0.00000000
vn 0.82901859 0.30377802 0.46951794
vn -0.04988436 -0.05891215 0.99701600
vn 0.80581140 0.37611469 -0.45739014
vn -0.83518963 -0.34016392 0.43214209
vn 0.94799152 0.29477590 -0.12008019
vn 0.80012992 0.57415442 -0.17360535
vn 0.36025485 0.87757773 0.31634440
vn 0.93443103 -0.31834337 -0.15967511
vn 0.50971146 -0.22648063 0.83000045
vn 0.99421606 0.00659700 -0.10719562
vn -0.71080499 0.68761592 -0.14812366
vn -0.07060396 0.46396095 0.88303755
vn 0.00000000 0.00000000 0.00000000
vn 0.42054699 -0.26722865 -0.86702311
vn 0.60452058 0.75300878 0.25987046
vn -0.25239984 -0.95673563 -0.14474548
vn -0.05722788 0.65044636 0.75739323
vn 0.31960454 -0.94576044 -0.05822471
vn 0.52184568 0.59205444 -0.61412428
vn -0.04544063 -0.72525720 0.68697682
vn -0.72454111 0.68237164 0.09700062
vn -0.28572103 -0.29153931 0.91289009
vn 0.43507699 -0.10307814 -0.89447354
vn -0.77148127 0.45907845 0.44052653
vn 0.13210175 -0.82292519 0.55257873
vn -0.56549560 -0.70695669 -0.42476695
vn 0.02452888 0.99562841 -0.09012437
vn -0.21577707 0.23801322 -0.94698995
vn 0.00000000 0.00000000 0.00000000
vn 0.70454641 -0.14606053 -0.69446431
vn -0.11168062 0.96109837 0.25262100
vn -0.00000000 -0.00000000 -0.00000000
vn 0.00000000 0.00000000 0.00000000
vn -0.05286086 -0.76870897 0.63741058
vn 0.19298122 -0.06938895 0.97874584
vn -0.33170983 0.94325045 -0.01572196
vn 0.60240203 0.60058568 -0.52574580
vn 0.66539565 -0.44096474 0.60232776
vn 0.66215643 -0.26977442 -0.69912132
vn -0.15652278 0.74670925 0.64647189
vn 0.40186187 -0.14170411 0.90466954
vn -0.79148453 -0.59061847 0.15723254
vn 0.21152975 0.80277254 0.55750464
vn -0.18253698 -0.60845772 0.77230787
vn 0.26190745 0.53399233 0.80390091
vn 0.51938564 0.55875656 0.64655214
vn -0.14678559 0.20222710 -0.96827589
vn -0.13154677 0.98460352 0.11511452
vn -0.85993933 -0.42777811 -0.27840662
vn 0.40423954 0.79973767 -0.44385816
vn 0.12612834 0.67141745 0.73026725
vn 0.45161297 -0.58801321 -0.67103367
vn -0.51796535 0.25409917 0.81678975
vn 0.38816947 -0.30935545 0.86811501
vn -0.13750147 0.87893784 0.45668548
vn 0.91893208 -0.38424536 0.08899064
vn -0.89844338 -0.43178615 0.07975091
vn 0.80428021 -0.57583555 0.14678819
vn 0.99797919 0.04343121 0.04638175
vn -0.17852108 0.78487739 -0.59337822
vn -0.16611487 0.59531213 0.78613569
vn 0.08508026 0.30179956 0.94956747
vn 0.02266008 0.79916000 -0.60069112
vn 0.02872384 0.74872806 0.66225466
vn 0.97241800 0.17115506 -0.15845877
vn 0.81563527 0.55632188 0.15888699
vn -0.07444164 -0.79387609 0.60350576
vn -0.01257394 0.99341486 -0.11388072
vn -0.54326116 0.37531262 0.75100449
vn -0.07012292 -0.58450062 0.80835747
vn 0.00000000 0.00000000 -0.00000000
vn 0.00000000 0.00000000 -0.00000000
vn 0.50484453 -0.79193033 -0.34347978
vn 0.08342707 0.69487018 0.71427961
vn 0.35473465 0.65982279 -0.66241771
vn 0.45330761 0.48665344 0.74678018
vn 0.70862219 0.00547065 -0.70556691
vn -0.58073316 0.12941116 0.80374234
vn -0.17046021 0.63155963 0.75635689
vn -0.19559549 0.91035108 0.36469620
vn 0.65040473 -0.20007808 -0.73276357
vn 0.57556422 0.70392778 0.41618687
vn -0.05578041 -0.48704776 0.87159224
vn -0.25286032 0.01492976 0.96738760
vn -0.17309127 -0.72486902 0.66678656
vn 0.61128133 -0.38309144 -0.69251432
vn 0.60675578 -0.29645983 0.73753576
vn -0.31804703 -0.93662882 -0.14687590
vn -0.07213614 -0.13063185 0.98880316
vn 0.56366290 -0.13913805 -0.81420190
vn -0.17183275 0.20427963 0.96371331
vn -0.86036975 -0.28013485 0.42577970
vn -0.79034828 0.31104322 -0.52782735
vn -0.10475251 0.29284644 0.95040406
vn -0.03025591 0.14750973 0.98859772
vn 0.37424020 -0.65628683 0.65515790
vn 0.26585034 -0.01775856 0.96385073
vn 0.25614358 -0.07520849 0.96370854
vn 0.48565317 -0.00430196 0.87414100
vn -0.35514192 -0.02049491 0.93458770
vn -0.05358775 -0.98783772 0.14596231
vn -0.39837630 0.44524498 -0.80190600
vn 0.55671315 -0.76688223 -0.31931508
vn -0.11658582 0.19610112 0.97362832
vn -0.63155635 0.54302584 0.55340719
vn -0.09377997 0.67844833 -0.72863789
vn 0.50277215 0.58866874 -0.63300022
vn -0.19983254 -0.07764421 0.97674886
vn 0.57666572 -0.62028198 -0.53170191
vn -0.00009142 -0.24126447 0.97045940
vn -0.54252757 0.78691932 -0.29397588
vn 0.99234447 -0.02635995 0.12065494
vn -0.63716965 0.42591470 -0.64234843
vn 0.03521207 -0.90160319 -0.43112851
vn -0.20524873 0.97797887 0.03781917
vn -0.48675786 -0.81535582 -0.31346719
vn -0.05252820 -0.87121482 0.48808353
vn -0.96280050 0.24820241 0.10682113
vn -0.65017289 0.50135627 -0.57089150
vn 0.51115850 0.82893760 0.22711110
vn 0.37964958 0.89207557 0.24508645
vn 0.81825508 0.12078195 0.56202343
vn 0.08691238 -0.19082889 -0.97776816
vn -0.08449997 -0.12601792 0.98842260
vn 0.37071316 0.63185255 -0.68068650
vn -0.33119027 -0.39708237 0.85594311
vn -0.82676025 -0.07183344 0.55794933
vn 0.48121749 -0.36036128 -0.79910542
vn -0.38416534 -0.89989970 0.20639166
vn -0.60199306 0.79478148 0.07698545
vn -0.15256184 -0.21085151 -0.96553950
vn 0.15374787 -0.88203736 -0.44538938
vn 0.25558572 0.87150019 -0.41852523
vn -0.17112914 0.14715699 -0.97419692
vn 0.65210821 0.34845351 -0.67330159
vn 0.65353042 -0.75430597 0.06261387
vn 0.76758531 0.25557003 -0.58778971
vn 0.48308613 -0.80347156 0.34793856
vn -0.78385214 0.61457177 0.08875446
vn -0.29303545 -0.67977705 0.67233428
vn -0.26323321 0.71995311 -0.64216493
vn -0.55031453 0.17583331 -0.81623315
vn 0.37422522 0.92610296 -0.04784143
vn 0.74813783 0.20749942 -0.63026485
vn -0.10306596 -0.42768112 -0.89803467
vn 0.07349200 0.69259457 -0.71757347
vn 0.14328817 0.72684637 -0.67168657
vn -0.24000704 -0.47512158 0.84655544
vn -0.52628362 0.67494395 -0.51718103
vn -0.07930360 -0.23807225 0.96800441
vn 0.43071844 0.06837951 -0.89989214
vn -0.28908853 -0.23670726 0.92757614
vn 0.69431928 0.08140873 -0.71504780
vn 0.67149325 0.23140810 -0.70395107
vn -0.03672781 0.20389824 -0.97830291
vn -0.10755348 0.37942704 -0.91894906
vn 0.29030700 0.50886411 -0.81041913
vn -0.36324485 0.34325482 -0.86615778
vn 0.02128666 0.75488781 -0.65550841
vn -0.23303129 0.05295422 0.97102640
vn 0.06915804 0.06359410 0.99557670
vn 0.48980546 0.00140997 -0.87183062
vn 0.30389280 -0.14872455 -0.94102613
vn 0.42002494 0.90283189 -0.09205235
vn -0.11245180 -0.43078586 0.89542065
vn -0.04047159 -0.94850469 -0.31416700
vn -0.28398616 0.95191790 0.11490941
vn -0.19526189 0.57294593 0.79599356
vn 0.32333656 0.11583322 -0.93916779
vn 0.28398876 -0.81687151 0.50206706
vn -0.50483483 -0.60069455 0.61992568
vn 0.45824328 0.58452238 -0.66958695
vn 0.28735430 0.54834015 0.78533470
vn 0.23746063 0.15654263 -0.95870061
vn 0.10403196 0.00818577 -0.99454027
vn 0.28465737 0.23841721 -0.92850817
vn 0.55942072 -0.17030430 -0.81119967
vn 0.31786056 -0.19276496 -0.92833525
vn 0.24951121 0.08191262 -0.96490128
vn 0.17237501 0.62069806 -0.76486651
vn 0.08573309 -0.21578839 -0.97266911
vn 0.04646865 0.08649011 -0.99516839
vn -0.29954833 0.32130266 -0.89835149
vn 0.60645245 0.55222029 -0.57207358
vn -0.06476841 0.13546337 -0.98866310
vn -0.38771176 0.26407990 -0.88314291
vn 0.24844993 0.08874244 -0.96457110
vn 0.16811715 0.11940124 -0.97850905
vn 0.06550077 0.27686467 -0.95867388
vn 0.53071159 0.36945005 -0.76279215
vn -0.27891881 -0.02284167 -0.96004300
vn 0.17300767 -0.25057606 -0.95251246
vn 0.05258490 -0.00371296 -0.99860955
vn 0.55716090 0.25488974 -0.79031826
vn 0.48148574 0.28957650 -0.82723451
vn -0.13877403 -0.08277388 -0.98685878
vn 0.12484006 0.22212966 -0.96699192
vn 0.49612698 0.01689826 -0.86808552
vn 0.57086738 -0.68516890 -0.45238701
vn 0.77546390 -0.57212808 -0.26706777
vn 0.93226922 -0.34473042 -0.10970431
vn 0.92980806 -0.02454059 -0.36722572
vn 0.77892825 0.24323424 0.57802066
vn 0.92646212 0.18700590 -0.32664466
vn 0.81881728 -0.27336483 -0.50478702
vn 0.00300514 0.78129755 -0.62415150
vn 0.19650032 -0.94621417 0.25703380
vn -0.00586958 -0.30081680 -0.95366388
vn 0.69847122 -0.13487253 -0.70281388
vn 0.66609149 -0.69362685 0.27423332
vn -0.20677184 -0.87467090 -0.43840189
vn 0.23957688 0.50827536 -0.82719954
vn -0.88367626 0.34346734 -0.31803529
vn -0.97325526 0.19165007 -0.12666672
vn 0.51770778 0.83054584 0.20535884
vn 0.61885266 -0.04887672 0.78398498
vn 0.80285556 -0.11262755 0.58543829
vn -0.38545017 -0.85057009 0.35771314
vn -0.71523682 -0.67192260 -0.19224026
vn -0.03961507 -0.77255949 -0.63370536
vn -0.46160487 0.66440981 0.58777593
vn 0.00890818 0.61996472 0.78457912
vn 0.07222494 -0.00355642 0.99738203
vn -0.34070952 0.15478092 0.92734022
vn -0.47766060 0.22765969 0.84853487
vn 0.70536097 0.34344855 0.62008789
f 4317//4317 4274//4274 4261//4261
f 4274//4274 3685//3685 4261//4261
f 4261//4261 4144//4144 4188//4188
f 4436//4436 76//76 65//65
f 4436//4436 95//95 76//76
f 95//95 36//36 1//1
f 3606//3606 2732//2732 2344//2344
f 2732//2732 2966//2966 2344//2344
f 2966//2966 3237//3237 2344//2344
f 2966//2966 3457//3457 3237//3237
f 3457//3457 3445//3445 3237//3237
f 3606//3606 3021//3021 2732//2732
f 3445//3445 3919//3919 3237//3237
f 3445//3445 3710//3710 3919//3919
f 3606//3606 3286//3286 3021//3021
f 3445//3445 3645//3645 3710//3710
f 3445//3445 3340//3340 3645//3645
f 3635//3635 2947//2947 3445//3445
f 2344//2344 2492//2492 2509//2509
f 3445//3445 3783//3783 3786//3786
f 2947//2947 3074//3074 3445//3445
f 4196//4196 4108//4108 4315//4315
f 4112//4112 4329//4329 4338//4338
f 3003//3003 2693//2693 3261//3261
f 3606//3606 2344//2344 3362//3362
f 2352//2352 2281//2281 2344//2344
f 95//95 4435//4435 36//36
f 4126//4126 4253//4253 4330//4330
f 3560//3560 3936//3936 4261//4261
f 2926//2926 2062//2062 3236//3236
f 2926//2926 1952//1952 2062//2062
f 2926//2926 2294//2294 1952//1952
f 1908//1908 1692//1692 1743//1743
f 1908//1908 2//2 1692//1692
f 2062//2062 2822//2822 3236//3236
f 3196//3196 3458//3458 3236//3236
f 2294//2294 2005//2005 1952//1952
f 1385//1385 782//782 974//974
f 2565//2565 2279//2279 1918//1918
f 1357//1357 1176//1176 660//660
f 1168//1168 1349//1349 1694//1694
f 1168//1168 964//964 1349//1349
f 1388//1388 1393//1393 1385//1385
f 1385//1385 1403//1403 1470//1470
f 1065//1065 644//644 833//833
f 759//759 644//644 1065//1065
f 2529//2529 2630//2630 2209//2209
f 32//32 5//5 68//68
f 31//31 88//88 42//42
f 13//13 5//5 8//8
f 35//35 39//39 72//72
f 35//35 8//8 39//39
f 56//56 1//1 36//36
f 67//67 14//14 10//10
f 8//8 22//22 39//39
f 13//13 8//8 6//6
f 50//50 42//42 8//8
f 5//5 32//32 8//8
f 9//9 15//15 76//76
f 45//45 50//50 35//35
f 4434//4434 45//45 35//35
f 10//10 11//11 62//62
f 56//56 12//12 1//1
f 17//17 30//30 71//71
f 54//54 36//36 72//72
f 90//90 72//72 39//39
f 43//43 46//46 21//21
f 7//7 87//87 11//11
f 53//53 12//12 7//7
f 22//22 51//51 10//10
f 10//10 51//51 67//67
f 46//46 38//38 37//37
f 55//55 27//27 7//7
f 67//67 51//51 24//24
f 55//55 7//7 12//12
f 90//90 62//62 72//72
f 95//95 1//1 66//66
f 21//21 4//4 20//20
f 80//80 15//15 26//26
f 29//29 20//20 4//4
f 30//30 17//17 19//19
f 62//62 87//87 7//7
f 23//23 51//51 38//38
f 91//91 74//74 59//59
f 39//39 22//22 10//10
f 46//46 51//51 33//33
f 68//68 5//5 88//88
f 9//9 66//66 53//53
f 15//15 58//58 26//26
f 62//62 54//54 72//72
f 42//42 50//50 18//18
f 69//69 4//4 40//40
f 12//12 66//66 1//1
f 59//59 43//43 21//21
f 11//11 53//53 7//7
f 25//25 53//53 14//14
f 36//36 27//27 12//12
f 75//75 76//76 91//91
f 41//41 58//58 53//53
f 51//51 32//32 33//33
f 19//19 69//69 30//30
f 11//11 87//87 62//62
f 16//16 41//41 14//14
f 42//42 6//6 8//8
f 76//76 95//95 9//9
f 37//37 51//51 46//46
f 16//16 64//64 44//44
f 15//15 9//9 53//53
f 69//69 19//19 4//4
f 63//63 30//30 69//69
f 38//38 46//46 43//43
f 19//19 61//61 48//48
f 86//86 40//40 68//68
f 21//21 20//20 59//59
f 4//4 28//28 29//29
f 33//33 40//40 46//46
f 14//14 11//11 10//10
f 40//40 86//86 69//69
f 29//29 59//59 20//20
f 38//38 64//64 23//23
f 91//91 60//60 43//43
f 60//60 76//76 38//38
f 4414//4414 29//29 28//28
f 63//63 69//69 77//77
f 32//32 40//40 33//33
f 4433//4433 29//29 4414//4414
f 43//43 59//59 74//74
f 83//83 57//57 16//16
f 35//35 72//72 4435//4435
f 22//22 8//8 32//32
f 18//18 52//52 70//70
f 18//18 31//31 42//42
f 90//90 10//10 62//62
f 76//76 84//84 4379//4379
f 41//41 53//53 25//25
f 12//12 53//53 66//66
f 32//32 51//51 22//22
f 68//68 79//79 77//77
f 62//62 7//7 54//54
f 9//9 95//95 66//66
f 89//89 88//88 85//85
f 69//69 68//68 77//77
f 68//68 40//40 32//32
f 26//26 41//41 16//16
f 43//43 74//74 91//91
f 34//34 44//44 80//80
f 58//58 15//15 53//53
f 83//83 16//16 82//82
f 11//11 14//14 53//53
f 57//57 26//26 16//16
f 25//25 14//14 41//41
f 64//64 24//24 51//51
f 76//76 80//80 44//44
f 45//45 52//52 50//50
f 4225//4225 17//17 71//71
f 50//50 8//8 35//35
f 55//55 12//12 27//27
f 12//12 56//56 36//36
f 89//89 68//68 88//88
f 50//50 52//52 18//18
f 15//15 80//80 76//76
f 44//44 26//26 57//57
f 16//16 14//14 67//67
f 27//27 54//54 7//7
f 51//51 37//37 38//38
f 36//36 4435//4435 72//72
f 23//23 64//64 51//51
f 10//10 90//90 39//39
f 89//89 78//78 79//79
f 36//36 54//54 27//27
f 79//79 68//68 89//89
f 4428//4428 78//78 47//47
f 61//61 17//17 4415//4415
f 4//4 21//21 40//40
f 26//26 44//44 34//34
f 91//91 76//76 60//60
f 16//16 44//44 83//83
f 68//68 69//69 86//86
f 19//19 48//48 4//4
f 6//6 42//42 88//88
f 44//44 64//64 76//76
f 46//46 40//40 21//21
f 29//29 93//93 59//59
f 65//65 76//76 4379//4379
f 73//73 81//81 91//91
f 34//34 80//80 26//26
f 91//91 93//93 73//73
f 28//28 4//4 48//48
f 26//26 58//58 41//41
f 5//5 13//13 88//88
f 4428//4428 77//77 78//78
f 79//79 78//78 77//77
f 16//16 83//83 82//82
f 64//64 16//16 24//24
f 59//59 93//93 91//91
f 16//16 67//67 24//24
f 92//92 91//91 94//94
f 38//38 76//76 64//64
f 60//60 38//38 43//43
f 75//75 92//92 76//76
f 83//83 44//44 57//57
f 76//76 92//92 84//84
f 49//49 81//81 93//93
f 91//91 92//92 75//75
f 28//28 48//48 61//61
f 17//17 61//61 19//19
f 63//63 71//71 30//30
f 77//77 4428//4428 63//63
f 85//85 78//78 89//89
f 31//31 18//18 88//88
f 13//13 6//6 88//88
f 35//35 4435//4435 4434//4434
f 4427//4427 4434//4434 4435//4435
f 81//81 73//73 93//93
f 81//81 94//94 91//91
f 70//70 52//52 45//45
f 47//47 78//78 85//85
f 4379//4379 84//84 92//92
f 45//45 4434//4434 70//70
f 4381//4381 47//47 85//85
f 4383//4383 4362//4362 4368//4368
f 1506//1506 1467//1467 1417//1417
f 2831//2831 3445//3445 3074//3074
f 2294//2294 1882//1882 1892//1892
f 1795//1795 1822//1822 1820//1820
f 1782//1782 1795//1795 1820//1820
f 1694//1694 1836//1836 1855//1855
f 1624//1624 1617//1617 1657//1657
f 1555//1555 1399//1399 1694//1694
f 646//646 1171//1171 1330//1330
f 997//997 955//955 1156//1156
f 959//959 964//964 868//868
f 355//355 188//188 218//218
f 2342//2342 1977//1977 2094//2094
f 2342//2342 1955//1955 2019//2019
f 1839//1839 1868//1868 1649//1649
f 1883//1883 1868//1868 1947//1947
f 1947//1947 1868//1868 2035//2035
f 1393//1393 1477//1477 1395//1395
f 1009//1009 949//949 956//956
f 943//943 949//949 1009//1009
f 833//833 644//644 739//739
f 910//910 408//408 592//592
f 345//345 264//264 242//242
f 264//264 345//345 145//145
f 241//241 264//264 145//145
f 95//95 4436//4436 4425//4425
f 61//61 4415//4415 28//28
f 2966//2966 3489//3489 3457//3457
f 3307//3307 3267//3267 3295//3295
f 2760//2760 2926//2926 3236//3236
f 2283//2283 1940//1940 2108//2108
f 2108//2108 1922//1922 1975//1975
f 2353//2353 1827//1827 1907//1907
f 2036//2036 2028//2028 1963//1963
f 2028//2028 2023//2023 1963//1963
f 775//775 896//896 936//936
f 646//646 545//545 490//490
f 142//142 259//259 437//437
f 4429//4429 4427//4427 4435//4435
f 4432//4432 4423//4423 93//93
f 4391//4391 4393//4393 4258//4258
f 4391//4391 4258//4258 4339//4339
f 4166//4166 3962//3962 4099//4099
f 4104//4104 4181//4181 4044//4044
f 3841//3841 3884//3884 3869//3869
f 3797//3797 4133//4133 3892//3892
f 3661//3661 3697//3697 3624//3624
f 3355//3355 3730//3730 3424//3424
f 3370//3370 3105//3105 3355//3355
f 3421//3421 3370//3370 3424//3424
f 3523//3523 3286//3286 3606//3606
f 3310//3310 3489//3489 2966//2966
f 2529//2529 2712//2712 3178//3178
f 2680//2680 2711//2711 2385//2385
f 2836//2836 2711//2711 2680//2680
f 1328//1328 1456//1456 1481//1481
f 1456//1456 1328//1328 1448//1448
f 1359//1359 1456//1456 1466//1466
f 1328//1328 1229//1229 1340//1340
f 949//949 1012//1012 1013//1013
f 1013//1013 956//956 949//949
f 777//777 653//653 709//709
f 253//253 517//517 505//505
f 350//350 673//673 445//445
f 673//673 350//350 462//462
f 236//236 462//462 487//487
f 487//487 462//462 383//383
f 350//350 335//335 462//462
f 109//109 102//102 101//101
f 4408//4408 4407//4407 4406//4406
f 4387//4387 4408//4408 4406//4406
f 4406//4406 4407//4407 4404//4404
f 4341//4341 4350//4350 65//65
f 3626//3626 3836//3836 4054//4054
f 3927//3927 3336//3336 3644//3644
f 3106//3106 3623//3623 3369//3369
f 3422//3422 3487//3487 3560//3560
f 3457//3457 3509//3509 3445//3445
f 3201//3201 3211//3211 3105//3105
f 2546//2546 2413//2413 2414//2414
f 2645//2645 2413//2413 2546//2546
f 2448//2448 2294//2294 2926//2926
f 2494//2494 2280//2280 2470//2470
f 2108//2108 1975//1975 2106//2106
f 2108//2108 2106//2106 2283//2283
f 2342//2342 2094//2094 2127//2127
f 1827//1827 2353//2353 1907//1907
f 1535//1535 1578//1578 1445//1445
f 1393//1393 1522//1522 1748//1748
f 1775//1775 1393//1393 1395//1395
f 1349//1349 1553//1553 1694//1694
f 1244//1244 691//691 646//646
f 888//888 1027//1027 660//660
f 1017//1017 902//902 1013//1013
f 1013//1013 987//987 1017//1017
f 922//922 921//921 880//880
f 812//812 845//845 1010//1010
f 639//639 989//989 643//643
f 650//650 574//574 716//716
f 434//434 479//479 478//478
f 334//334 246//246 224//224
f 433//433 243//243 203//203
f 245//245 243//243 433//433
f 256//256 222//222 192//192
f 192//192 222//222 364//364
f 4208//4208 4258//4258 4342//4342
f 4342//4342 4258//4258 4370//4370
f 4393//4393 4370//4370 4258//4258
f 4194//4194 4209//4209 4239//4239
f 4072//4072 3989//3989 4349//4349
f 4096//4096 3938//3938 4103//4103
f 4045//4045 4230//4230 4103//4103
f 3630//3630 3602//3602 3271//3271
f 3647//3647 3755//3755 3290//3290
f 3329//3329 3293//3293 3345//3345
f 3292//3292 3208//3208 3240//3240
f 2906//2906 3094//3094 2441//2441
f 3254//3254 2922//2922 2879//2879
f 3098//3098 3094//3094 2906//2906
f 2959//2959 2983//2983 3128//3128
f 3051//3051 2716//2716 2993//2993
f 2875//2875 3020//3020 2993//2993
f 2709//2709 2993//2993 3020//3020
f 2693//2693 2856//2856 2831//2831
f 2856//2856 2759//2759 2831//2831
f 2831//2831 2367//2367 3445//3445
f 2670//2670 3445//3445 2367//2367
f 3445//3445 2670//2670 2889//2889
f 2461//2461 2615//2615 2715//2715
f 2239//2239 1920//1920 2298//2298
f 2257//2257 2151//2151 2160//2160
f 2224//2224 2058//2058 2057//2057
f 1109//1109 1137//1137 1118//1118
f 1154//1154 1109//1109 1079//1079
f 1156//1156 1006//1006 946//946
f 1055//1055 1137//1137 1109//1109
f 1141//1141 1109//1109 1154//1154
f 1109//1109 1141//1141 1055//1055
f 934//934 1046//1046 646//646
f 1439//1439 994//994 1171//1171
f 684//684 631//631 683//683
f 339//339 433//433 373//373
f 127//127 124//124 123//123
f 4331//4331 4341//4341 4352//4352
f 4331//4331 4115//4115 4341//4341
f 4115//4115 4207//4207 4341//4341
f 4166//4166 4023//4023 3962//3962
f 4148//4148 4083//4083 4112//4112
f 3421//3421 3654//3654 3649//3649
f 3424//3424 3730//3730 3421//3421
f 3355//3355 3584//3584 3654//3654
f 3697//3697 3565//3565 3776//3776
f 3460//3460 3642//3642 3637//3637
f 3615//3615 3267//3267 3325//3325
f 3307//3307 3418//3418 3267//3267
f 3458//3458 3196//3196 3382//3382
f 3095//3095 2843//2843 3187//3187
f 3037//3037 3259//3259 3031//3031
f 2800//2800 3050//3050 2861//2861
f 2688//2688 2941//2941 2775//2775
f 2943//2943 2688//2688 2801//2801
f 2650//2650 2523//2523 2688//2688
f 2688//2688 2676//2676 2650//2650
f 2688//2688 2329//2329 2676//2676
f 2583//2583 2586//2586 2688//2688
f 2329//2329 2688//2688 2586//2586
f 2583//2583 2688//2688 2842//2842
f 2147//2147 2582//2582 2957//2957
f 2629//2629 2801//2801 2688//2688
f 2598//2598 2372//2372 2279//2279
f 2372//2372 2598//2598 2402//2402
f 2319//2319 2003//2003 2286//2286
f 1952//1952 2234//2234 1932//1932
f 1952//1952 2005//2005 2159//2159
f 1619//1619 1797//1797 1763//1763
f 1385//1385 1753//1753 1493//1493
f 1357//1357 1122//1122 1334//1334
f 1122//1122 1174//1174 1334//1334
f 1174//1174 1591//1591 1334//1334
f 1388//1388 1591//1591 721//721
f 1242//1242 1345//1345 1396//1396
f 1330//1330 1171//1171 1294//1294
f 1220//1220 1694//1694 1399//1399
f 1168//1168 1260//1260 964//964
f 1042//1042 1033//1033 964//964
f 1033//1033 1111//1111 964//964
f 848//848 896//896 690//690
f 794//794 771//771 757//757
f 538//538 461//461 530//530
f 441//441 461//461 538//538
f 461//461 483//483 381//381
f 350//350 187//187 370//370
f 350//350 370//370 335//335
f 253//253 236//236 487//487
f 146//146 383//383 370//370
f 335//335 370//370 383//383
f 335//335 383//383 308//308
f 254//254 271//271 284//284
f 238//238 155//155 129//129
f 4223//4223 4305//4305 4150//4150
f 3797//3797 3323//3323 3874//3874
f 3457//3457 3888//3888 3780//3780
f 3685//3685 3715//3715 3560//3560
f 3423//3423 3567//3567 3545//3545
f 3541//3541 3435//3435 3545//3545
f 3432//3432 2990//2990 3601//3601
f 3584//3584 3522//3522 3281//3281
f 3187//3187 3492//3492 3302//3302
f 3522//3522 3355//3355 3105//3105
f 2693//2693 2514//2514 2863//2863
f 2737//2737 2906//2906 2547//2547
f 2737//2737 2649//2649 2906//2906
f 2906//2906 2649//2649 2762//2762
f 2666//2666 2526//2526 2821//2821
f 2441//2441 2625//2625 2623//2623
f 2514//2514 2441//2441 2623//2623
f 2801//2801 2270//2270 2147//2147
f 2330//2330 2523//2523 2174//2174
f 2359//2359 2378//2378 2322//2322
f 2308//2308 2358//2358 2403//2403
f 2403//2403 2212//2212 2308//2308
f 2090//2090 2273//2273 2291//2291
f 2273//2273 2342//2342 2291//2291
f 2059//2059 2590//2590 2164//2164
f 2127//2127 2094//2094 2164//2164
f 2342//2342 2127//2127 2164//2164
f 2094//2094 2176//2176 2146//2146
f 2172//2172 2094//2094 2146//2146
f 1629//1629 1782//1782 1820//1820
f 1856//1856 1844//1844 1628//1628
f 1581//1581 1692//1692 2//2
f 1328//1328 1691//1691 1626//1626
f 1691//1691 1328//1328 1689//1689
f 1581//1581 2//2 1406//1406
f 1406//1406 2//2 1828//1828
f 1721//1721 1828//1828 1678//1678
f 1334//1334 1562//1562 1434//1434
f 1393//1393 1477//1477 1176//1176
f 1521//1521 1039//1039 1434//1434
f 1039//1039 1334//1334 1434//1434
f 1122//1122 1357//1357 660//660
f 1464//1464 1591//1591 1223//1223
f 1393//1393 721//721 658//658
f 960//960 1229//1229 1411//1411
f 960//960 1232//1232 1229//1229
f 1149//1149 1152//1152 1069//1069
f 1069//1069 1147//1147 1212//1212
f 1147//1147 1069//1069 1152//1152
f 1097//1097 935//935 1108//1108
f 1197//1197 825//825 794//794
f 993//993 943//943 1010//1010
f 1010//1010 943//943 893//893
f 943//943 1009//1009 1051//1051
f 719//719 1146//1146 977//977
f 243//243 393//393 433//433
f 393//393 272//272 384//384
f 393//393 243//243 373//373
f 305//305 393//393 352//352
f 356//356 220//220 328//328
f 125//125 252//252 99//99
f 4431//4431 4423//4423 4432//4432
f 4386//4386 4390//4390 17//17
f 4404//4404 4386//4386 4405//4405
f 4346//4346 4406//4406 4404//4404
f 3825//3825 4041//4041 3865//3865
f 3852//3852 4036//4036 4046//4046
f 3404//3404 3103//3103 3265//3265
f 3251//3251 3411//3411 3454//3454
f 2994//2994 3042//3042 2956//2956
f 3042//3042 2994//2994 3334//3334
f 2994//2994 3042//3042 3036//3036
f 3034//3034 3213//3213 2994//2994
f 2732//2732 2798//2798 2966//2966
f 2248//2248 2883//2883 2991//2991
f 2749//2749 2724//2724 2783//2783
f 2749//2749 2824//2824 2864//2864
f 2682//2682 2661//2661 2747//2747
f 2661//2661 2715//2715 2747//2747
f 2423//2423 2700//2700 2791//2791
f 2500//2500 2208//2208 2655//2655
f 1924//1924 2194//2194 2459//2459
f 2166//2166 2438//2438 2194//2194
f 2194//2194 1924//1924 2166//2166
f 2375//2375 2445//2445 2341//2341
f 2375//2375 2341//2341 2350//2350
f 2445//2445 2375//2375 2350//2350
f 2138//2138 2028//2028 2179//2179
f 1929//1929 1842//1842 1940//1940
f 1922//1922 2108//2108 1981//1981
f 1672//1672 1981//1981 2108//2108
f 1981//1981 1672//1672 2128//2128
f 1906//1906 1940//1940 1842//1842
f 1940//1940 1906//1906 2353//2353
f 1668//1668 1711//1711 1935//1935
f 1780//1780 1820//1820 1886//1886
f 1470//1470 1374//1374 1595//1595
f 1396//1396 1345//1345 1452//1452
f 1418//1418 1252//1252 1361//1361
f 1418//1418 1361//1361 1254//1254
f 1243//1243 1418//1418 1420//1420
f 1243//1243 1312//1312 1377//1377
f 1152//1152 1149//1149 1243//1243
f 1149//1149 1066//1066 1243//1243
f 1152//1152 1243//1243 1147//1147
f 1153//1153 1101//1101 1243//1243
f 1147//1147 1243//1243 1101//1101
f 1243//1243 1066//1066 1153//1153
f 743//743 1115//1115 1043//1043
f 786//786 915//915 1104//1104
f 1040//1040 740//740 1041//1041
f 1042//1042 1104//1104 1113//1113
f 975//975 1040//1040 1082//1082
f 1104//1104 923//923 1113//1113
f 845//845 943//943 993//993
f 1010//1010 845//845 993//993
f 915//915 786//786 1104//1104
f 929//929 1016//1016 902//902
f 857//857 924//924 690//690
f 512//512 675//675 715//715
f 720//720 655//655 868//868
f 461//461 441//441 483//483
f 297//297 273//273 270//270
f 270//270 273//273 435//435
f 4388//4388 4402//4402 4373//4373
f 4226//4226 4217//4217 4406//4406
f 4087//4087 4067//4067 4257//4257
f 4069//4069 4063//4063 4145//4145
f 4063//4063 4011//4011 4066//4066
f 4060//4060 3974//3974 4057//4057
f 3560//3560 4261//4261 3889//3889
f 3551//3551 3775//3775 3751//3751
f 3551//3551 3678//3678 3775//3775
f 3805//3805 3630//3630 3713//3713
f 3271//3271 3713//3713 3630//3630
f 3542//3542 3544//3544 3664//3664
f 3359//3359 3214//3214 3587//3587
f 3456//3456 3285//3285 3692//3692
f 3466//3466 3187//3187 3370//3370
f 3187//3187 3260//3260 3370//3370
f 3095//3095 3187//3187 3492//3492
f 3259//3259 3262//3262 3028//3028
f 3089//3089 3293//3293 3482//3482
f 3337//3337 2672//2672 2877//2877
f 2593//2593 2692//2692 2690//2690
f 2210//2210 2472//2472 2194//2194
f 2160//2160 2452//2452 2217//2217
f 2217//2217 2257//2257 2482//2482
f 1965//1965 2015//2015 1732//1732
f 1681//1681 1975//1975 1922//1922
f 1681//1681 1929//1929 2283//2283
f 1681//1681 2283//2283 1975//1975
f 2283//2283 1929//1929 1940//1940
f 1745//1745 2060//2060 2058//2058
f 1860//1860 2060//2060 2058//2058
f 2060//2060 1745//1745 2058//2058
f 1745//1745 1962//1962 2058//2058
f 2224//2224 1745//1745 2058//2058
f 2133//2133 1953//1953 1962//1962
f 2079//2079 1662//1662 2028//2028
f 1812//1812 1640//1640 2036//2036
f 1740//1740 1640//1640 1812//1812
f 1753//1753 1308//1308 1882//1882
f 1331//1331 1641//1641 1645//1645
f 1336//1336 1564//1564 1382//1382
f 1236//1236 1197//1197 1282//1282
f 893//893 943//943 991//991
f 997//997 991//991 943//943
f 996//996 943//943 1001//1001
f 997//997 943//943 996//996
f 922//922 880//880 884//884
f 880//880 921//921 701//701
f 794//794 921//921 1197//1197
f 757//757 921//921 794//794
f 1133//1133 921//921 757//757
f 797//797 688//688 969//969
f 969//969 688//688 730//730
f 644//644 795//795 739//739
f 644//644 822//822 795//795
f 727//727 382//382 702//702
f 591//591 572//572 658//658
f 572//572 513//513 658//658
f 107//107 535//535 212//212
f 152//152 358//358 345//345
f 145//145 345//345 347//347
f 241//241 145//145 347//347
f 347//347 264//264 241//241
f 266//266 275//275 296//296
f 275//275 266//266 272//272
f 275//275 272//272 393//393
f 393//393 305//305 275//275
f 253//253 146//146 236//236
f 236//236 146//146 370//370
f 251//251 157//157 144//144
f 239//239 251//251 144//144
f 239//239 144//144 134//134
f 258//258 240//240 254//254
f 131//131 254//254 240//240
f 144//144 157//157 240//240
f 4350//4350 4436//4436 65//65
f 4373//4373 4412//4412 4411//4411
f 4410//4410 4373//4373 4411//4411
f 4410//4410 4322//4322 4373//4373
f 3974//3974 4281//4281 4030//4030
f 4202//4202 4111//4111 4274//4274
f 4111//4111 3685//3685 4274//4274
f 4127//4127 3932//3932 4126//4126
f 4145//4145 3960//3960 3904//3904
f 3986//3986 4078//4078 3904//3904
f 3709//3709 3924//3924 3938//3938
f 3856//3856 3757//3757 3782//3782
f 3466//3466 3847//3847 3738//3738
f 4071//4071 3820//3820 4068//4068
f 3623//3623 3832//3832 3741//3741
f 3623//3623 3764//3764 3832//3832
f 3551//3551 3775//3775 3768//3768
f 3775//3775 3812//3812 3768//3768
f 3678//3678 3551//3551 3768//3768
f 3664//3664 3630//3630 3805//3805
f 3545//3545 3567//3567 3618//3618
f 3541//3541 3545//3545 3444//3444
f 3310//3310 3523//3523 3611//3611
f 3528//3528 3519//3519 3529//3529
f 3472//3472 3421//3421 3166//3166
f 3281//3281 3283//3283 3584//3584
f 3283//3283 3450//3450 3584//3584
f 3043//3043 3383//3383 3561//3561
f 2879//2879 3094//3094 3254//3254
f 3094//3094 2879//2879 3152//3152
f 2693//2693 3094//3094 3152//3152
f 3128//3128 2983//2983 3025//3025
f 3157//3157 3139//3139 2896//2896
f 2827//2827 2997//2997 2417//2417
f 2604//2604 2749//2749 2799//2799
f 2731//2731 2749//2749 2686//2686
f 2427//2427 2590//2590 2700//2700
f 2718//2718 2392//2392 2791//2791
f 2392//2392 2423//2423 2791//2791
f 2427//2427 2700//2700 2753//2753
f 1972//1972 2235//2235 2778//2778
f 2210//2210 2194//2194 2608//2608
f 2438//2438 2579//2579 2194//2194
f 2194//2194 2471//2471 2578//2578
f 2194//2194 2675//2675 2459//2459
f 2277//2277 2638//2638 2581//2581
f 2415//2415 2263//2263 2692//2692
f 2102//2102 2652//2652 2371//2371
f 2322//2322 2378//2378 2507//2507
f 2378//2378 2249//2249 2507//2507
f 2702//2702 2322//2322 2507//2507
f 2702//2702 2373//2373 2322//2322
f 2520//2520 2390//2390 2407//2407
f 2283//2283 2106//2106 2439//2439
f 2353//2353 2187//2187 2378//2378
f 1843//1843 1754//1754 2100//2100
f 1908//1908 1743//1743 2082//2082
f 1610//1610 1614//1614 1912//1912
f 1727//1727 1570//1570 1623//1623
f 1496//1496 1623//1623 1570//1570
f 1761//1761 1944//1944 1623//1623
f 1623//1623 1944//1944 1687//1687
f 1418//1418 1254//1254 1552//1552
f 1354//1354 1220//1220 1234//1234
f 1220//1220 1354//1354 1553//1553
f 964//964 1260//1260 1307//1307
f 1254//1254 1416//1416 1363//1363
f 1104//1104 1157//1157 1155//1155
f 1157//1157 1104//1104 964//964
f 964//964 1155//1155 1157//1157
f 1094//1094 1155//1155 964//964
f 972//972 940//940 839//839
f 881//881 1062//1062 1096//1096
f 1061//1061 881//881 1096//1096
f 1019//1019 984//984 1107//1107
f 1018//1018 1107//1107 987//987
f 1018//1018 1019//1019 1107//1107
f 772//772 759//759 1065//1065
f 644//644 772//772 1065//1065
f 710//710 682//682 790//790
f 673//673 782//782 722//722
f 782//782 673//673 759//759
f 782//782 759//759 590//590
f 568//568 770//770 586//586
f 521//521 580//580 565//565
f 394//394 521//521 565//565
f 217//217 219//219 220//220
f 219//219 198//198 261//261
f 261//261 198//198 434//434
f 434//434 198//198 424//424
f 355//355 477//477 218//218
f 217//217 218//218 188//188
f 218//218 188//188 355//355
f 355//355 188//188 218//218
f 355//355 266//266 188//188
f 196//196 199//199 264//264
f 196//196 264//264 263//263
f 378//378 259//259 257//257
f 125//125 238//238 252//252
f 378//378 252//252 228//228
f 228//228 252//252 238//238
f 4208//4208 4409//4409 4356//4356
f 4368//4368 4407//4407 4408//4408
f 4226//4226 4406//4406 4287//4287
f 4141//4141 4258//4258 3975//3975
f 4275//4275 4137//4137 3799//3799
f 4129//4129 4257//4257 4132//4132
f 4179//4179 4226//4226 4287//4287
f 4163//4163 4287//4287 4276//4276
f 4226//4226 4179//4179 4217//4217
f 4196//4196 4162//4162 4108//4108
f 4108//4108 4162//4162 4049//4049
f 4053//4053 4162//4162 4264//4264
f 4028//4028 3614//3614 4143//4143
f 3752//3752 3993//3993 4105//4105
f 3894//3894 4143//4143 4113//4113
f 3924//3924 4045//4045 3903//3903
f 4007//4007 3903//3903 4045//4045
f 3938//3938 4002//4002 4007//4007
f 3899//3899 4003//4003 3609//3609
f 3324//3324 3609//3609 4003//4003
f 3939//3939 3981//3981 3737//3737
f 3671//3671 3981//3981 3846//3846
f 3653//3653 3845//3845 3608//3608
f 3705//3705 3653//3653 3650//3650
f 4025//4025 3269//3269 3557//3557
f 3269//3269 3085//3085 3557//3557
f 3445//3445 3557//3557 3480//3480
f 3348//3348 3505//3505 3370//3370
f 3284//3284 3348//3348 3370//3370
f 2986//2986 3426//3426 3323//3323
f 3233//3233 3044//3044 3316//3316
f 3104//3104 3385//3385 3363//3363
f 3048//3048 3140//3140 2919//2919
f 2915//2915 3293//3293 3089//3089
f 2971//2971 3049//3049 3048//3048
f 2971//2971 3048//3048 2713//2713
f 3008//3008 2713//2713 3048//3048
f 2827//2827 3015//3015 2995//2995
f 2827//2827 2999//2999 2829//2829
f 2827//2827 2995//2995 2997//2997
f 2966//2966 2798//2798 3023//3023
f 3023//3023 2798//2798 3044//3044
f 3035//3035 2732//2732 2839//2839
f 2599//2599 2861//2861 2746//2746
f 2701//2701 2829//2829 2708//2708
f 2829//2829 2701//2701 2827//2827
f 2668//2668 2719//2719 2853//2853
f 2719//2719 2343//2343 2853//2853
f 2736//2736 2853//2853 2343//2343
f 2691//2691 2882//2882 2539//2539
f 2702//2702 2653//2653 2708//2708
f 2708//2708 2651//2651 2702//2702
f 2918//2918 2414//2414 2513//2513
f 2918//2918 2645//2645 2414//2414
f 2700//2700 2501//2501 2540//2540
f 2455//2455 2540//2540 2501//2501
f 2427//2427 2241//2241 2590//2590
f 2501//2501 2700//2700 2423//2423
f 2497//2497 2700//2700 2590//2590
f 2700//2700 2264//2264 2791//2791
f 2260//2260 2350//2350 2341//2341
f 2193//2193 1849//1849 2232//2232
f 2232//2232 1849//1849 2027//2027
f 1815//1815 2027//2027 1849//1849
f 1882//1882 2012//2012 1753//1753
f 1677//1677 1687//1687 1944//1944
f 1557//1557 1756//1756 1617//1617
f 1448//1448 1328//1328 1340//1340
f 1516//1516 1315//1315 1128//1128
f 838//838 852//852 1195//1195
f 1176//1176 592//592 1385//1385
f 1113//1113 1070//1070 1033//1033
f 1096//1096 1089//1089 1056//1056
f 1096//1096 1068//1068 1089//1089
f 1062//1062 1068//1068 1096//1096
f 1068//1068 1062//1062 1105//1105
f 940//940 972//972 1096//1096
f 806//806 967//967 1140//1140
f 861//861 1113//1113 923//923
f 861//861 1052//1052 1113//1113
f 970//970 1102//1102 862//862
f 684//684 837//837 858//858
f 791//791 715//715 805//805
f 618//618 977//977 715//715
f 400//400 977//977 618//618
f 673//673 642//642 609//609
f 383//383 462//462 308//308
f 477//477 484//484 391//391
f 215//215 483//483 196//196
f 196//196 481//481 343//343
f 196//196 343//343 171//171
f 130//130 410//410 464//464
f 383//383 146//146 380//380
f 224//224 249//249 353//353
f 226//226 224//224 334//334
f 243//243 433//433 203//203
f 334//334 224//224 246//246
f 272//272 268//268 334//334
f 245//245 369//369 244//244
f 244//244 248//248 245//245
f 251//251 490//490 295//295
f 251//251 239//239 409//409
f 131//131 240//240 280//280
f 131//131 280//280 254//254
f 4249//4249 4314//4314 4340//4340
f 4225//4225 4394//4394 4353//4353
f 4203//4203 4309//4309 4321//4321
f 4189//4189 4188//4188 3945//3945
f 3970//3970 3954//3954 3974//3974
f 3680//3680 3919//3919 3710//3710
f 3752//3752 3950//3950 3993//3993
f 3839//3839 3586//3586 3981//3981
f 3652//3652 4001//4001 3981//3981
f 3755//3755 3647//3647 3929//3929
f 3430//3430 3766//3766 3335//3335
f 3191//3191 3356//3356 3238//3238
f 3335//3335 3554//3554 3430//3430
f 3171//3171 3430//3430 3071//3071
f 3430//3430 3280//3280 3314//3314
f 3145//3145 3232//3232 3123//3123
f 3123//3123 3166//3166 3006//3006
f 2724//2724 2749//2749 2864//2864
f 2724//2724 2932//2932 2824//2824
f 2778//2778 2927//2927 2989//2989
f 2824//2824 2749//2749 2882//2882
f 2882//2882 2848//2848 2539//2539
f 2876//2876 2539//2539 2848//2848
f 2780//2780 2539//2539 2876//2876
f 2806//2806 2682//2682 2874//2874
f 2874//2874 2682//2682 2828//2828
f 2682//2682 2747//2747 2828//2828
f 2463//2463 2679//2679 3062//3062
f 2491//2491 2759//2759 2856//2856
f 2491//2491 2831//2831 2759//2759
f 2772//2772 2598//2598 2817//2817
f 2389//2389 2488//2488 2682//2682
f 2647//2647 2682//2682 2488//2488
f 2208//2208 2607//2607 2655//2655
f 2340//2340 2397//2397 2529//2529
f 2396//2396 2331//2331 2222//2222
f 2162//2162 2222//2222 2280//2280
f 2280//2280 2222//2222 2331//2331
f 2315//2315 2004//2004 2702//2702
f 2004//2004 2388//2388 2702//2702
f 2280//2280 2494//2494 2388//2388
f 2702//2702 1881//1881 2373//2373
f 2388//2388 2004//2004 2702//2702
f 2004//2004 1881//1881 2702//2702
f 2179//2179 2412//2412 2204//2204
f 2204//2204 2511//2511 2222//2222
f 2204//2204 2440//2440 2119//2119
f 2150//2150 2440//2440 2204//2204
f 2235//2235 1971//1971 2593//2593
f 2288//2288 2438//2438 2166//2166
f 2333//2333 2541//2541 1975//1975
f 2106//2106 1975//1975 2439//2439
f 2290//2290 2106//2106 1940//1940
f 2290//2290 2256//2256 2371//2371
f 1916//1916 2231//2231 2161//2161
f 1837//1837 2040//2040 2134//2134
f 2111//2111 1979//1979 2105//2105
f 1623//1623 1687//1687 2032//2032
f 1952//1952 1871//1871 1541//1541
f 1952//1952 1541//1541 2012//2012
f 1308//1308 1892//1892 1882//1882
f 1810//1810 2008//2008 2133//2133
f 1537//1537 2022//2022 2257//2257
f 1697//1697 2363//2363 1876//1876
f 1547//1547 1580//1580 1677//1677
f 1612//1612 1617//1617 1624//1624
f 1617//1617 1558//1558 1607//1607
f 1607//1607 1603//1603 1617//1617
f 1403//1403 1385//1385 1316//1316
f 1516//1516 1128//1128 1317//1317
f 1229//1229 1219//1219 1340//1340
f 1219//1219 1309//1309 1292//1292
f 1359//1359 1219//1219 1292//1292
f 1219//1219 1359//1359 1218//1218
f 1213//1213 1218//1218 1194//1194
f 1213//1213 1275//1275 1218//1218
f 960//960 1333//1333 1021//1021
f 1021//1021 1333//1333 1355//1355
f 1232//1232 960//960 1021//1021
f 1229//1229 1355//1355 1309//1309
f 1219//1219 1229//1229 1309//1309
f 1249//1249 1248//1248 747//747
f 747//747 1248//1248 919//919
f 1242//1242 1396//1396 1040//1040
f 859//859 953//953 1156//1156
f 823//823 1169//1169 788//788
f 865//865 708//708 962//962
f 932//932 907//907 1118//1118
f 1118//1118 907//907 1005//1005
f 1258//1258 986//986 823//823
f 719//719 803//803 842//842
f 501//501 594//594 645//645
f 770//770 501//501 645//645
f 610//610 422//422 587//587
f 615//615 695//695 422//422
f 516//516 422//422 608//608
f 543//543 516//516 608//608
f 608//608 604//604 543//543
f 604//604 608//608 579//579
f 565//565 493//493 394//394
f 493//493 565//565 502//502
f 391//391 566//566 478//478
f 478//478 566//566 434//434
f 443//443 434//434 566//566
f 391//391 484//484 597//597
f 597//597 566//566 391//391
f 196//196 483//483 481//481
f 343//343 481//481 483//483
f 130//130 464//464 135//135
f 351//351 437//437 359//359
f 214//214 364//364 222//222
f 363//363 353//353 364//364
f 226//226 334//334 224//224
f 487//487 485//485 216//216
f 260//260 328//328 261//261
f 336//336 133//133 179//179
f 160//160 133//133 336//336
f 160//160 159//159 133//133
f 4347//4347 4265//4265 4322//4322
f 4253//4253 4084//4084 4271//4271
f 4084//4084 4315//4315 4271//4271
f 4141//4141 4117//4117 4058//4058
f 4015//4015 4178//4178 4265//4265
f 4015//4015 4265//4265 4125//4125
f 4113//4113 4152//4152 4063//4063
f 4152//4152 4113//4113 4107//4107
f 4028//4028 4107//4107 4113//4113
f 4028//4028 4143//4143 4107//4107
f 4143//4143 3614//3614 4194//4194
f 4063//4063 4109//4109 3865//3865
f 3975//3975 4210//4210 4141//4141
f 3857//3857 4090//4090 4060//4060
f 4311//4311 3974//3974 4090//4090
f 4090//4090 3974//3974 4060//4060
f 4048//4048 4040//4040 3992//3992
f 3952//3952 4261//4261 3936//3936
f 3839//3839 3981//3981 4285//4285
f 3551//3551 3834//3834 3427//3427
f 3730//3730 3654//3654 3421//3421
f 3355//3355 3654//3654 3730//3730
f 3383//3383 3556//3556 3561//3561
f 3565//3565 3412//3412 3776//3776
f 3426//3426 3966//3966 3450//3450
f 3673//3673 3387//3387 3630//3630
f 3387//3387 3414//3414 3630//3630
f 3258//3258 3072//3072 3109//3109
f 2896//2896 3291//3291 3035//3035
f 2980//2980 3329//3329 2931//2931
f 2940//2940 2931//2931 3329//3329
f 2825//2825 3228//3228 3142//3142
f 3142//3142 3228//3228 3381//3381
f 2808//2808 3101//3101 2949//2949
f 3310//3310 2966//2966 3023//3023
f 2798//2798 3233//3233 3410//3410
f 2910//2910 3398//3398 3035//3035
f 3104//3104 3022//3022 3385//3385
f 2999//2999 3046//3046 3181//3181
f 2997//2997 2995//2995 3107//3107
f 2997//2997 3206//3206 3163//3163
f 2722//2722 2984//2984 3215//3215
f 2722//2722 3215//3215 2807//2807
f 2779//2779 2774//2774 2881//2881
f 2838//2838 2536//2536 2933//2933
f 2562//2562 2867//2867 2898//2898
f 3015//3015 2827//2827 2701//2701
f 2514//2514 2623//2623 2863//2863
f 2441//2441 2451//2451 2547//2547
f 2512//2512 2480//2480 2645//2645
f 2600//2600 2295//2295 2480//2480
f 2480//2480 2295//2295 2859//2859
f 2859//2859 2295//2295 2585//2585
f 2630//2630 2756//2756 2591//2591
f 2366//2366 2625//2625 2500//2500
f 2457//2457 2625//2625 2366//2366
f 2366//2366 2500//2500 2421//2421
f 2342//2342 2423//2423 2321//2321
f 1845//1845 2475//2475 2318//2318
f 1989//1989 2129//2129 2214//2214
f 2032//2032 1687//1687 2071//2071
f 1970//1970 2111//2111 2011//2011
f 1852//1852 1942//1942 1956//1956
f 1925//1925 1852//1852 1956//1956
f 1871//1871 1952//1952 1932//1932
f 1871//1871 1932//1932 1852//1852
f 1927//1927 1852//1852 1925//1925
f 1716//1716 1679//1679 1727//1727
f 1758//1758 1982//1982 1780//1780
f 1820//1820 1780//1780 1982//1982
f 1896//1896 1679//1679 1629//1629
f 1679//1679 1716//1716 1629//1629
f 1768//1768 1679//1679 1896//1896
f 1651//1651 1308//1308 1892//1892
f 2014//2014 1743//1743 1667//1667
f 1667//1667 1743//1743 1692//1692
f 1694//1694 1553//1553 1836//1836
f 1500//1500 1622//1622 1553//1553
f 1500//1500 1612//1612 1622//1622
f 1301//1301 1302//1302 1490//1490
f 1225//1225 1490//1490 1439//1439
f 1369//1369 1301//1301 1302//1302
f 1332//1332 1302//1302 1048//1048
f 1303//1303 1243//1243 1216//1216
f 1331//1331 1118//1118 1428//1428
f 835//835 1021//1021 960//960
f 859//859 1049//1049 957//957
f 1101//1101 1075//1075 1148//1148
f 1094//1094 1087//1087 1043//1043
f 1042//1042 1113//1113 1033//1033
f 959//959 1043//1043 1087//1087
f 959//959 1087//1087 964//964
f 712//712 969//969 730//730
f 833//833 904//904 1057//1057
f 1204//1204 833//833 1057//1057
f 718//718 1057//1057 904//904
f 690//690 1347//1347 1117//1117
f 928//928 848//848 690//690
f 953//953 936//936 1028//1028
f 741//741 975//975 1082//1082
f 1082//1082 737//737 741//741
f 1125//1125 737//737 1082//1082
f 737//737 1125//1125 852//852
f 838//838 770//770 852//852
f 683//683 653//653 684//684
f 684//684 653//653 777//777
f 671//671 672//672 603//603
f 672//672 665//665 545//545
f 556//556 189//189 662//662
f 809//809 183//183 567//567
f 550//550 183//183 787//787
f 194//194 320//320 398//398
f 328//328 194//194 398//398
f 456//456 234//234 490//490
f 207//207 341//341 289//289
f 208//208 197//197 206//206
f 143//143 156//156 526//526
f 526//526 404//404 495//495
f 113//113 126//126 231//231
f 116//116 120//120 126//126
f 4436//4436 4350//4350 4424//4424
f 4217//4217 4318//4318 4423//4423
f 4408//4408 4387//4387 4423//4423
f 4217//4217 4423//4423 4387//4387
f 4362//4362 4407//4407 4368//4368
f 4404//4404 4407//4407 4362//4362
f 4415//4415 4348//4348 4414//4414
f 4348//4348 4390//4390 4362//4362
f 4390//4390 4348//4348 4415//4415
f 4404//4404 4362//4362 4390//4390
f 4415//4415 17//17 4250//4250
f 4390//4390 4250//4250 17//17
f 4415//4415 4250//4250 4390//4390
f 4390//4390 4386//4386 4404//4404
f 4371//4371 4065//4065 4233//4233
f 4065//4065 4361//4361 4255//4255
f 4327//4327 4329//4329 4112//4112
f 4434//4434 4268//4268 4184//4184
f 4145//4145 4063//4063 4038//4038
f 3904//3904 4078//4078 4145//4145
f 4078//4078 4069//4069 4145//4145
f 4066//4066 4109//4109 4063//4063
f 4152//4152 4038//4038 4063//4063
f 3941//3941 3978//3978 4194//4194
f 3941//3941 3854//3854 3978//3978
f 3885//3885 4247//4247 4277//4277
f 3964//3964 4137//4137 4138//4138
f 3964//3964 4138//4138 3829//3829
f 4138//4138 4187//4187 3829//3829
f 4138//4138 4137//4137 4187//4187
f 4024//4024 4067//4067 4087//4087
f 4137//4137 4097//4097 3898//3898
f 3925//3925 4118//4118 4063//4063
f 4118//4118 4113//4113 4063//4063
f 3904//3904 3664//3664 3986//3986
f 3390//3390 4063//4063 3986//3986
f 3990//3990 4007//4007 3843//3843
f 3662//3662 3875//3875 4005//4005
f 3875//3875 3662//3662 4003//4003
f 3508//3508 3662//3662 3875//3875
f 3918//3918 3508//3508 3875//3875
f 3461//3461 4004//4004 3810//3810
f 3786//3786 4330//4330 4253//4253
f 3844//3844 4330//4330 3783//3783
f 3786//3786 3783//3783 4330//4330
f 3783//3783 3445//3445 3844//3844
f 3591//3591 3668//3668 3669//3669
f 3503//3503 3277//3277 3709//3709
f 3775//3775 3173//3173 3907//3907
f 3763//3763 3271//3271 3664//3664
f 3630//3630 3664//3664 3271//3271
f 3627//3627 3664//3664 3619//3619
f 3435//3435 3652//3652 3586//3586
f 3529//3529 3728//3728 3674//3674
f 3444//3444 3671//3671 3461//3461
f 3582//3582 3598//3598 3683//3683
f 3312//3312 3532//3532 3537//3537
f 3357//3357 3324//3324 3512//3512
f 3088//3088 3380//3380 3673//3673
f 3295//3295 3267//3267 3545//3545
f 3325//3325 3620//3620 3615//3615
f 3428//3428 3528//3528 3615//3615
f 3618//3618 3307//3307 3528//3528
f 3428//3428 2939//2939 3528//3528
f 2939//2939 3428//3428 3170//3170
f 3328//3328 3435//3435 3148//3148
f 3423//3423 3418//3418 3307//3307
f 3567//3567 3423//3423 3307//3307
f 3148//3148 3444//3444 3041//3041
f 3110//3110 3461//3461 3295//3295
f 3041//3041 3444//3444 3461//3461
f 2919//2919 3448//3448 3414//3414
f 3414//3414 3218//3218 3101//3101
f 2739//2739 3337//3337 3146//3146
f 3146//3146 3337//3337 3335//3335
f 3317//3317 3259//3259 2950//2950
f 2950//2950 3259//3259 3037//3037
f 3037//3037 3259//3259 3028//3028
f 2864//2864 2932//2932 3110//3110
f 3037//3037 3031//3031 2935//2935
f 3129//3129 2665//2665 3000//3000
f 2664//2664 3228//3228 2981//2981
f 2999//2999 3228//3228 2664//2664
f 2561//2561 2984//2984 2440//2440
f 2722//2722 2440//2440 2984//2984
f 2846//2846 2796//2796 2499//2499
f 2821//2821 2569//2569 2896//2896
f 2618//2618 2819//2819 2680//2680
f 2821//2821 2681//2681 2820//2820
f 2569//2569 2821//2821 2820//2820
f 2618//2618 2680//2680 2385//2385
f 2896//2896 2569//2569 2820//2820
f 2569//2569 2626//2626 2820//2820
f 2626//2626 2819//2819 2820//2820
f 2400//2400 2680//2680 2191//2191
f 2191//2191 2680//2680 2606//2606
f 2812//2812 2093//2093 2991//2991
f 2716//2716 2466//2466 2811//2811
f 2644//2644 2301//2301 2325//2325
f 2301//2301 2543//2543 2325//2325
f 2572//2572 2538//2538 2665//2665
f 2331//2331 2671//2671 2470//2470
f 2519//2519 2542//2542 2569//2569
f 2820//2820 2191//2191 2519//2519
f 2287//2287 2645//2645 2641//2641
f 2600//2600 2480//2480 2364//2364
f 2480//2480 2512//2512 2192//2192
f 2458//2458 2585//2585 2295//2295
f 2350//2350 2341//2341 2445//2445
f 2350//2350 2260//2260 2341//2341
f 1965//1965 2529//2529 2209//2209
f 2591//2591 2350//2350 2630//2630
f 2209//2209 2630//2630 2350//2350
f 2260//2260 2350//2350 2591//2591
f 2471//2471 2194//2194 2472//2472
f 2416//2416 2669//2669 2471//2471
f 2298//2298 2304//2304 2459//2459
f 2204//2204 2469//2469 2511//2511
f 2412//2412 2469//2469 2204//2204
f 2396//2396 2222//2222 2511//2511
f 2314//2314 2414//2414 2413//2413
f 2336//2336 2298//2298 2258//2258
f 2152//2152 2258//2258 2298//2298
f 2472//2472 1924//1924 2459//2459
f 2471//2471 2472//2472 2459//2459
f 1920//1920 2459//2459 2304//2304
f 2471//2471 2459//2459 1920//1920
f 2167//2167 2343//2343 2416//2416
f 2343//2343 2017//2017 2517//2517
f 2017//2017 2465//2465 2517//2517
f 1920//1920 2304//2304 2298//2298
f 2148//2148 2319//2319 2362//2362
f 2080//2080 1881//1881 2004//2004
f 2455//2455 2590//2590 2059//2059
f 2497//2497 2590//2590 2241//2241
f 2164//2164 2590//2590 2423//2423
f 2164//2164 2423//2423 2342//2342
f 2171//2171 1989//1989 2291//2291
f 1907//1907 2187//2187 2322//2322
f 2187//2187 2353//2353 2322//2322
f 2353//2353 1827//1827 2322//2322
f 1949//1949 2322//2322 1827//1827
f 2040//2040 2287//2287 2134//2134
f 2034//2034 1993//1993 2310//2310
f 2154//2154 2086//2086 1754//1754
f 1726//1726 1867//1867 1902//1902
f 2223//2223 2006//2006 2113//2113
f 1763//1763 1951//1951 1947//1947
f 1948//1948 1904//1904 1950//1950
f 1928//1928 2143//2143 1934//1934
f 1928//1928 1948//1948 1950//1950
f 1708//1708 1950//1950 2136//2136
f 1904//1904 1809//1809 1950//1950
f 2108//2108 1861//1861 1672//1672
f 1904//1904 1869//1869 1614//1614
f 1732//1732 1807//1807 1927//1927
f 1830//1830 1868//1868 1883//1883
f 1659//1659 1763//1763 1620//1620
f 1280//1280 1396//1396 1706//1706
f 1432//1432 1616//1616 1467//1467
f 1630//1630 1327//1327 1328//1328
f 1292//1292 1456//1456 1359//1359
f 1194//1194 1683//1683 1253//1253
f 1237//1237 1469//1469 1216//1216
f 1266//1266 1441//1441 1353//1353
f 1266//1266 1353//1353 1163//1163
f 795//795 1065//1065 833//833
f 842//842 890//890 719//719
f 840//840 866//866 1138//1138
f 603//603 1138//1138 890//890
f 840//840 1138//1138 1171//1171
f 994//994 1439//1439 1159//1159
f 926//926 934//934 694//694
f 934//934 611//611 694//694
f 735//735 737//737 852//852
f 770//770 735//735 852//852
f 758//758 770//770 838//838
f 812//812 804//804 813//813
f 810//810 804//804 812//812
f 597//597 693//693 678//678
f 694//694 547//547 864//864
f 692//692 597//597 610//610
f 564//564 499//499 701//701
f 414//414 682//682 693//693
f 204//204 581//581 702//702
f 204//204 702//702 382//382
f 420//420 209//209 524//524
f 432//432 417//417 439//439
f 331//331 375//375 434//434
f 489//489 444//444 424//424
f 197//197 489//489 424//424
f 289//289 209//209 304//304
f 289//289 527//527 209//209
f 328//328 225//225 356//356
f 327//327 256//256 213//213
f 367//367 364//364 191//191
f 474//474 147//147 438//438
f 147//147 138//138 438//438
f 281//281 258//258 254//254
f 174//174 130//130 237//237
f 169//169 168//168 227//227
f 4415//4415 4414//4414 28//28
f 4208//4208 4375//4375 49//49
f 4383//4383 4414//4414 4362//4362
f 4395//4395 4401//4401 4408//4408
f 4409//4409 49//49 4357//4357
f 49//49 4409//4409 4208//4208
f 4356//4356 4258//4258 4208//4208
f 4258//4258 4356//4356 4409//4409
f 4409//4409 4357//4357 4395//4395
f 4135//4135 4257//4257 4130//4130
f 4130//4130 4257//4257 4319//4319
f 4277//4277 4333//4333 4302//4302
f 4302//4302 4390//4390 4332//4332
f 4272//4272 4258//4258 4141//4141
f 4336//4336 4358//4358 4111//4111
f 4239//4239 4234//4234 3912//3912
f 3989//3989 4347//4347 4349//4349
f 4029//4029 4299//4299 4249//4249
f 4249//4249 4212//4212 4246//4246
f 4249//4249 4308//4308 4267//4267
f 4276//4276 4068//4068 4163//4163
f 4071//4071 4068//4068 4276//4276
f 4149//4149 3975//3975 3799//3799
f 4000//4000 4149//4149 4117//4117
f 3975//3975 4149//4149 3741//3741
f 4141//4141 4000//4000 4117//4117
f 4000//4000 4141//4141 3998//3998
f 3874//3874 4294//4294 3797//3797
f 3797//3797 4294//4294 4133//4133
f 4032//4032 4162//4162 4053//4053
f 4051//4051 4315//4315 4108//4108
f 4108//4108 4022//4022 4085//4085
f 4148//4148 4051//4051 4108//4108
f 4108//4108 4085//4085 4148//4148
f 3973//3973 4085//4085 4016//4016
f 4013//4013 4049//4049 4162//4162
f 4013//4013 4162//4162 4032//4032
f 3892//3892 4064//4064 3898//3898
f 3892//3892 3799//3799 4064//4064
f 3892//3892 3695//3695 3799//3799
f 3966//3966 3892//3892 4133//4133
f 3848//3848 3997//3997 4123//4123
f 3960//3960 3819//3819 3904//3904
f 3960//3960 4145//4145 3901//3901
f 3812//3812 3901//3901 4038//4038
f 3869//3869 3884//3884 3825//3825
f 3956//3956 3863//3863 3951//3951
f 3972//3972 3659//3659 3949//3949
f 3998//3998 3927//3927 4000//4000
f 3755//3755 3929//3929 3803//3803
f 3505//3505 3561//3561 3804//3804
f 3762//3762 3654//3654 3584//3584
f 3818//3818 3561//3561 3556//3556
f 3416//3416 3508//3508 3750//3750
f 3416//3416 3810//3810 3353//3353
f 3616//3616 3663//3663 3314//3314
f 3146//3146 3526//3526 3554//3554
f 3637//3637 3277//3277 3460//3460
f 3230//3230 3460//3460 3277//3277
f 3327//3327 3311//3311 3120//3120
f 3419//3419 3311//3311 3327//3327
f 3120//3120 3311//3311 3460//3460
f 3587//3587 3311//3311 3540//3540
f 3563//3563 3136//3136 3203//3203
f 3323//3323 3498//3498 2986//2986
f 3450//3450 3323//3323 3426//3426
f 3189//3189 3187//3187 3302//3302
f 3189//3189 3302//3302 3385//3385
f 3217//3217 3284//3284 3370//3370
f 3287//3287 3217//3217 3370//3370
f 3260//3260 3187//3187 3211//3211
f 3287//3287 3370//3370 3211//3211
f 2961//2961 3247//3247 3159//3159
f 2941//2941 3060//3060 3136//3136
f 2961//2961 3159//3159 3165//3165
f 3136//3136 3275//3275 3145//3145
f 2676//2676 2941//2941 3145//3145
f 3145//3145 2941//2941 3136//3136
f 2659//2659 3016//3016 3043//3043
f 3121//3121 2849//2849 3154//3154
f 3254//3254 3081//3081 2922//2922
f 2957//2957 3124//3124 3141//3141
f 3141//3141 2943//2943 2802//2802
f 3141//3141 3273//3273 2943//2943
f 2676//2676 3145//3145 3141//3141
f 3141//3141 3145//3145 2676//2676
f 2986//2986 3036//3036 2952//2952
f 2862//2862 2986//2986 2952//2952
f 2676//2676 3145//3145 2967//2967
f 3099//3099 2895//2895 2890//2890
f 2885//2885 2880//2880 2758//2758
f 2873//2873 2621//2621 2667//2667
f 2783//2783 2668//2668 2865//2865
f 2690//2690 2888//2888 2778//2778
f 2928//2928 2778//2778 2888//2888
f 2778//2778 2928//2928 2927//2927
f 2799//2799 2749//2749 2886//2886
f 2886//2886 2783//2783 2850//2850
f 2731//2731 2799//2799 2852//2852
f 2749//2749 2731//2731 2852//2852
f 2869//2869 2749//2749 2852//2852
f 2850//2850 2865//2865 3087//3087
f 2865//2865 2850//2850 2783//2783
f 2783//2783 2886//2886 2749//2749
f 2749//2749 2869//2869 2958//2958
f 2987//2987 2325//2325 2806//2806
f 2765//2765 2325//2325 2987//2987
f 2766//2766 2417//2417 2470//2470
f 2766//2766 2827//2827 2417//2417
f 2694//2694 2417//2417 2997//2997
f 2561//2561 2740//2740 2984//2984
f 2605//2605 2984//2984 2740//2740
f 2643//2643 2592//2592 3046//3046
f 2643//2643 2440//2440 2722//2722
f 2740//2740 2499//2499 2796//2796
f 2740//2740 2796//2796 2767//2767
f 2470//2470 2535//2535 2766//2766
f 2688//2688 2523//2523 2629//2629
f 2629//2629 2523//2523 2676//2676
f 2650//2650 2676//2676 2523//2523
f 2306//2306 2309//2309 2394//2394
f 2595//2595 2306//2306 2421//2421
f 2211//2211 2355//2355 2155//2155
f 2017//2017 2416//2416 2471//2471
f 2515//2515 2159//2159 2695//2695
f 2031//2031 2381//2381 2159//2159
f 2377//2377 2381//2381 2031//2031
f 2335//2335 2377//2377 2031//2031
f 2199//2199 2377//2377 2335//2335
f 2525//2525 2444//2444 2131//2131
f 2178//2178 2444//2444 1946//1946
f 1946//1946 2252//2252 2178//2178
f 2178//2178 2131//2131 2444//2444
f 2455//2455 2273//2273 2090//2090
f 2273//2273 2455//2455 2059//2059
f 2342//2342 2197//2197 2291//2291
f 1961//1961 2241//2241 2263//2263
f 2497//2497 2241//2241 2264//2264
f 2241//2241 2094//2094 2259//2259
f 2210//2210 2259//2259 2094//2094
f 2091//2091 2426//2426 2251//2251
f 2251//2251 2426//2426 2141//2141
f 2017//2017 2167//2167 2416//2416
f 2123//2123 1920//1920 2173//2173
f 2003//2003 2206//2206 2143//2143
f 1889//1889 2017//2017 1884//1884
f 1788//1788 2017//2017 1974//1974
f 1920//1920 1934//1934 1969//1969
f 1934//1934 2239//2239 1921//1921
f 2143//2143 2239//2239 1934//1934
f 2123//2123 1934//1934 1920//1920
f 1928//1928 1934//1934 1948//1948
f 1948//1948 1934//1934 2123//2123
f 1818//1818 1678//1678 2143//2143
f 2239//2239 2143//2143 2206//2206
f 1818//1818 2143//2143 1928//1928
f 2003//2003 2143//2143 2136//2136
f 2136//2136 1950//1950 2003//2003
f 1950//1950 1809//1809 2003//2003
f 1996//1996 1987//1987 1989//1989
f 1988//1988 1989//1989 1987//1987
f 1793//1793 1946//1946 2068//2068
f 1742//1742 1793//1793 2068//2068
f 1775//1775 1897//1897 1979//1979
f 1652//1652 1750//1750 1484//1484
f 1636//1636 1294//1294 1521//1521
f 1451//1451 1301//1301 1611//1611
f 1301//1301 1490//1490 1611//1611
f 1225//1225 1611//1611 1490//1490
f 1439//1439 1524//1524 1225//1225
f 1332//1332 1301//1301 1451//1451
f 1548//1548 1353//1353 1441//1441
f 1353//1353 1465//1465 1163//1163
f 1163//1163 1465//1465 1547//1547
f 1369//1369 1227//1227 1605//1605
f 1129//1129 1408//1408 1462//1462
f 1408//1408 1129//1129 1469//1469
f 1605//1605 1210//1210 1401//1401
f 1385//1385 974//974 969//969
f 1138//1138 1490//1490 1139//1139
f 1046//1046 1225//1225 1138//1138
f 1225//1225 1046//1046 1330//1330
f 1230//1230 1144//1144 1134//1134
f 1036//1036 883//883 1329//1329
f 883//883 908//908 988//988
f 939//939 836//836 1185//1185
f 1151//1151 961//961 1185//1185
f 1003//1003 995//995 1038//1038
f 1003//1003 853//853 995//995
f 1066//1066 1069//1069 853//853
f 1066//1066 853//853 1003//1003
f 1149//1149 1069//1069 1066//1066
f 966//966 1066//1066 1003//1003
f 1107//1107 1066//1066 966//966
f 984//984 1066//1066 1107//1107
f 746//746 1329//1329 1317//1317
f 988//988 841//841 877//877
f 1050//1050 869//869 1185//1185
f 1185//1185 869//869 939//939
f 959//959 868//868 1016//1016
f 905//905 929//929 1016//1016
f 1015//1015 959//959 1016//1016
f 902//902 959//959 1015//1015
f 902//902 1016//1016 929//929
f 902//902 1015//1015 1016//1016
f 902//902 1017//1017 959//959
f 949//949 892//892 1018//1018
f 1013//1013 1012//1012 987//987
f 1012//1012 1018//1018 987//987
f 759//759 590//590 644//644
f 590//590 772//772 644//644
f 728//728 730//730 717//717
f 566//566 589//589 549//549
f 568//568 546//546 551//551
f 546//546 568//568 551//551
f 524//524 209//209 527//527
f 448//448 420//420 524//524
f 417//417 549//549 439//439
f 439//439 549//549 450//450
f 444//444 489//489 448//448
f 420//420 448//448 489//489
f 493//493 475//475 488//488
f 470//470 532//532 475//475
f 470//470 475//475 421//421
f 421//421 334//334 470//470
f 194//194 416//416 320//320
f 328//328 416//416 194//194
f 416//416 328//328 428//428
f 230//230 343//343 168//168
f 168//168 343//343 337//337
f 227//227 168//168 337//337
f 377//377 129//129 376//376
f 152//152 376//376 129//129
f 228//228 129//129 377//377
f 315//315 252//252 262//262
f 238//238 125//125 262//262
f 129//129 155//155 238//238
f 125//125 365//365 399//399
f 212//212 390//390 365//365
f 116//116 126//126 113//113
f 4315//4315 4338//4338 95//95
f 4416//4416 4334//4334 71//71
f 4408//4408 4431//4431 4395//4395
f 4431//4431 4409//4409 4395//4395
f 4420//4420 4409//4409 4431//4431
f 4339//4339 4409//4409 4420//4420
f 4408//4408 4423//4423 4431//4431
f 4423//4423 4318//4318 4420//4420
f 4318//4318 4339//4339 4420//4420
f 4367//4367 4403//4403 4369//4369
f 4318//4318 4391//4391 4339//4339
f 4318//4318 4344//4344 4391//4391
f 4343//4343 4367//4367 4345//4345
f 4268//4268 4434//4434 4327//4327
f 4434//4434 4359//4359 4382//4382
f 4434//4434 4363//4363 4359//4359
f 4112//4112 4268//4268 4327//4327
f 4292//4292 3983//3983 4190//4190
f 4298//4298 4178//4178 4252//4252
f 4037//4037 4252//4252 4178//4178
f 4265//4265 4178//4178 4298//4298
f 4171//4171 4084//4084 4253//4253
f 4186//4186 3994//3994 4280//4280
f 4137//4137 4256//4256 4132//4132
f 4137//4137 4294//4294 4256//4256
f 4198//4198 3916//3916 4218//4218
f 3667//3667 4174//4174 3533//3533
f 3998//3998 4058//4058 3533//3533
f 4043//4043 4152//4152 4105//4105
f 4105//4105 4152//4152 4107//4107
f 4029//4029 4075//4075 3893//3893
f 4073//4073 4075//4075 4029//4029
f 3829//3829 3891//3891 3885//3885
f 3826//3826 4024//4024 4087//4087
f 3795//3795 4129//4129 3874//3874
f 3967//3967 3826//3826 4087//4087
f 3795//3795 3967//3967 4087//4087
f 3795//3795 3967//3967 4129//4129
f 4129//4129 3967//3967 4098//4098
f 3578//3578 4086//4086 4247//4247
f 4086//4086 3578//3578 3818//3818
f 4086//4086 3818//3818 4247//4247
f 3804//3804 4087//4087 4079//4079
f 4098//4098 3804//3804 4079//4079
f 4198//4198 3921//3921 3916//3916
f 4114//4114 3916//3916 3966//3966
f 3804//3804 4098//4098 3967//3967
f 3988//3988 3921//3921 4098//4098
f 3932//3932 4036//4036 4035//4035
f 4036//4036 3932//3932 4046//4046
f 4046//4046 3932//3932 4035//4035
f 4036//4036 3852//3852 3932//3932
f 3862//3862 4111//4111 3970//3970
f 3861//3861 3685//3685 4111//4111
f 3920//3920 3692//3692 3945//3945
f 3889//3889 4261//4261 3685//3685
f 3892//3892 3898//3898 3797//3797
f 3829//3829 3796//3796 3891//3891
f 3796//3796 3829//3829 4024//4024
f 3654//3654 3762//3762 3804//3804
f 3584//3584 3921//3921 3762//3762
f 3796//3796 3639//3639 3563//3563
f 3498//3498 3746//3746 3588//3588
f 3874//3874 3323//3323 3483//3483
f 3561//3561 3578//3578 3313//3313
f 3456//3456 3692//3692 3726//3726
f 3631//3631 3456//3456 3726//3726
f 3512//3512 3777//3777 3357//3357
f 3274//3274 3550//3550 3673//3673
f 3602//3602 3448//3448 3271//3271
f 3164//3164 3413//3413 3500//3500
f 3312//3312 3500//3500 3532//3532
f 3506//3506 3551//3551 3427//3427
f 3585//3585 3346//3346 3343//3343
f 3196//3196 3344//3344 3490//3490
f 3219//3219 3365//3365 3171//3171
f 3219//3219 3137//3137 3373//3373
f 3171//3171 3365//3365 3361//3361
f 3171//3171 3361//3361 3430//3430
f 3616//3616 3314//3314 3223//3223
f 2978//2978 3143//3143 3290//3290
f 3038//3038 3078//3078 3325//3325
f 2979//2979 3467//3467 3197//3197
f 3197//3197 3328//3328 2979//2979
f 3215//3215 3169//3169 3238//3238
f 3340//3340 3445//3445 2878//2878
f 3196//3196 2822//2822 3066//3066
f 3196//3196 3066//3066 3235//3235
f 3067//3067 3158//3158 3191//3191
f 2807//2807 3215//3215 3437//3437
f 2344//2344 3093//3093 3131//3131
f 2880//2880 3314//3314 2975//2975
f 3092//3092 3314//3314 2880//2880
f 3288//3288 3092//3092 2880//2880
f 2909//2909 3137//3137 2902//2902
f 3005//3005 3125//3125 3019//3019
f 3214//3214 3019//3019 3027//3027
f 2969//2969 3053//3053 2512//2512
f 3087//3087 2886//2886 2850//2850
f 3087//3087 3077//3077 2886//2886
f 2958//2958 3100//3100 2749//2749
f 2972//2972 2749//2749 2950//2950
f 2960//2960 2863//2863 3094//3094
f 2693//2693 2863//2863 2960//2960
f 2906//2906 2531//2531 3098//3098
f 3128//3128 2906//2906 2959//2959
f 2762//2762 2892//2892 2906//2906
f 2794//2794 2879//2879 2863//2863
f 3003//3003 2794//2794 2693//2693
f 2794//2794 2923//2923 2693//2693
f 2856//2856 2923//2923 2794//2794
f 2856//2856 2693//2693 2923//2923
f 3074//3074 2947//2947 2649//2649
f 2147//2147 2802//2802 2801//2801
f 2802//2802 2147//2147 3141//3141
f 2147//2147 2957//2957 3141//3141
f 2801//2801 2802//2802 2943//2943
f 2952//2952 2404//2404 2862//2862
f 2817//2817 2952//2952 3036//3036
f 2775//2775 2676//2676 2967//2967
f 2732//2732 2798//2798 2912//2912
f 2839//2839 2732//2732 2666//2666
f 2634//2634 2389//2389 2682//2682
f 2461//2461 2715//2715 2505//2505
f 2599//2599 2252//2252 2564//2564
f 2441//2441 2217//2217 2451//2451
f 2383//2383 2279//2279 2565//2565
f 2358//2358 2426//2426 2091//2091
f 1864//1864 1779//1779 2243//2243
f 1770//1770 1980//1980 2088//2088
f 1905//1905 1910//1910 2273//2273
f 1840//1840 2035//2035 1868//1868
f 1839//1839 1922//1922 1868//1868
f 1925//1925 1778//1778 2006//2006
f 1747//1747 1898//1898 2006//2006
f 1747//1747 1830//1830 2099//2099
f 1732//1732 1927//1927 1925//1925
f 2297//2297 1889//1889 1884//1884
f 1697//1697 1960//1960 1892//1892
f 1960//1960 1697//1697 1876//1876
f 2052//2052 1876//1876 2363//2363
f 1863//1863 1743//1743 2014//2014
f 1980//1980 1770//1770 1655//1655
f 1706//1706 1723//1723 1770//1770
f 1542//1542 1694//1694 1711//1711
f 1855//1855 1851//1851 1694//1694
f 1851//1851 1663//1663 1694//1694
f 1594//1594 1868//1868 1382//1382
f 1594//1594 1649//1649 1868//1868
f 1649//1649 1680//1680 1564//1564
f 1702//1702 1382//1382 1868//1868
f 1564//1564 1336//1336 1751//1751
f 1751//1751 1336//1336 1596//1596
f 1673//1673 1459//1459 1732//1732
f 1589//1589 1673//1673 1516//1516
f 1454//1454 1586//1586 1459//1459
f 1554//1554 1406//1406 1828//1828
f 1554//1554 1828//1828 1456//1456
f 1456//1456 1828//1828 1721//1721
f 1757//1757 1328//1328 1626//1626
f 1328//1328 1757//1757 1630//1630
f 1328//1328 1481//1481 1689//1689
f 1689//1689 1481//1481 1456//1456
f 1662//1662 1502//1502 1501//1501
f 1502//1502 1604//1604 1583//1583
f 1259//1259 1502//1502 1662//1662
f 1461//1461 1546//1546 1410//1410
f 1469//1469 1504//1504 1408//1408
f 1605//1605 1598//1598 1369//1369
f 1605//1605 1408//1408 1598//1598
f 1284//1284 1432//1432 1367//1367
f 1303//1303 1432//1432 1284//1284
f 1433//1433 1228//1228 1211//1211
f 1029//1029 1499//1499 1211//1211
f 1356//1356 1320//1320 1494//1494
f 1392//1392 1345//1345 1356//1356
f 1289//1289 1320//1320 1160//1160
f 1272//1272 1310//1310 1306//1306
f 1396//1396 1268//1268 1082//1082
f 1123//1123 1020//1020 1444//1444
f 1458//1458 879//879 788//788
f 1296//1296 953//953 1409//1409
f 1135//1135 1296//1296 1205//1205
f 788//788 1169//1169 1258//1258
f 712//712 1231//1231 969//969
f 904//904 1231//1231 712//712
f 1195//1195 1256//1256 971//971
f 1156//1156 955//955 1116//1116
f 1108//1108 957//957 1088//1088
f 972//972 1061//1061 1096//1096
f 1061//1061 972//972 1063//1063
f 1043//1043 906//906 743//743
f 1043//1043 959//959 906//906
f 928//928 690//690 1117//1117
f 1005//1005 1109//1109 1118//1118
f 1117//1117 1137//1137 928//928
f 1117//1117 1120//1120 1137//1137
f 1006//1006 1109//1109 1005//1005
f 1109//1109 1006//1006 1079//1079
f 1055//1055 928//928 1137//1137
f 1055//1055 1137//1137 877//877
f 1025//1025 1133//1133 757//757
f 810//810 1006//1006 1005//1005
f 810//810 893//893 1006//1006
f 932//932 810//810 907//907
f 1005//1005 907//907 810//810
f 884//884 880//880 768//768
f 698//698 700//700 809//809
f 794//794 499//499 771//771
f 825//825 581//581 794//794
f 563//563 708//708 670//670
f 757//757 670//670 1025//1025
f 670//670 708//708 865//865
f 865//865 1025//1025 670//670
f 689//689 896//896 775//775
f 471//471 596//596 413//413
f 471//471 1184//1184 596//596
f 596//596 1146//1146 724//724
f 554//554 603//603 545//545
f 603//603 554//554 646//646
f 554//554 545//545 646//646
f 545//545 456//456 490//490
f 579//579 539//539 604//604
f 530//530 516//516 543//543
f 537//537 530//530 543//543
f 543//543 604//604 539//539
f 539//539 537//537 543//543
f 200//200 399//399 508//508
f 528//528 509//509 508//508
f 387//387 528//528 508//508
f 495//495 319//319 528//528
f 528//528 387//387 680//680
f 553//553 419//419 681//681
f 472//472 419//419 553//553
f 319//319 495//495 404//404
f 396//396 231//231 441//441
f 323//323 483//483 441//441
f 178//178 441//441 181//181
f 323//323 441//441 178//178
f 483//483 323//323 343//343
f 339//339 373//373 352//352
f 329//329 352//352 580//580
f 298//298 207//207 289//289
f 279//279 298//298 289//289
f 304//304 280//280 289//289
f 289//289 280//280 279//279
f 280//280 240//240 279//279
f 295//295 207//207 298//298
f 151//151 251//251 295//295
f 234//234 456//456 295//295
f 490//490 234//234 295//295
f 109//109 112//112 107//107
f 4312//4312 88//88 18//18
f 4317//4317 4400//4400 4345//4345
f 4399//4399 4324//4324 4400//4400
f 4399//4399 4352//4352 4324//4324
f 4400//4400 4261//4261 4399//4399
f 4317//4317 4367//4367 4286//4286
f 4345//4345 4367//4367 4317//4317
f 4400//4400 4317//4317 4261//4261
f 4360//4360 4324//4324 4352//4352
f 4352//4352 4399//4399 4261//4261
f 4293//4293 3975//3975 4409//4409
f 3975//3975 4258//4258 4409//4409
f 4293//4293 4409//4409 4339//4339
f 4316//4316 4319//4319 4257//4257
f 4206//4206 4306//4306 4066//4066
f 4066//4066 4306//4306 4236//4236
f 4306//4306 4310//4310 4203//4203
f 4203//4203 4236//4236 4306//4306
f 4203//4203 4310//4310 4309//4309
f 4207//4207 4191//4191 4341//4341
f 4191//4191 4127//4127 4341//4341
f 4341//4341 4127//4127 4350//4350
f 4127//4127 4235//4235 4350//4350
f 4126//4126 4350//4350 4235//4235
f 4339//4339 4128//4128 4177//4177
f 4319//4319 4218//4218 4079//4079
f 4034//4034 4127//4127 4191//4191
f 4126//4126 4235//4235 4127//4127
f 4092//4092 4126//4126 3932//3932
f 4239//4239 3912//3912 4134//4134
f 4018//4018 4173//4173 4096//4096
f 4249//4249 4267//4267 3887//3887
f 4023//4023 4166//4166 4181//4181
f 3898//3898 3948//3948 3799//3799
f 4148//4148 3843//3843 4083//4083
f 3843//3843 4039//4039 4083//4083
f 4039//4039 4230//4230 3959//3959
f 4007//4007 3990//3990 3843//3843
f 3843//3843 3990//3990 3977//3977
f 3831//3831 4070//4070 3990//3990
f 3859//3859 3679//3679 3940//3940
f 3940//3940 3854//3854 3928//3928
f 3798//3798 4165//4165 3931//3931
f 3832//3832 3975//3975 3741//3741
f 4110//4110 3832//3832 3923//3923
f 3876//3876 4057//4057 3974//3974
f 3954//3954 3876//3876 3974//3974
f 3743//3743 3817//3817 3730//3730
f 3466//3466 3//3 3847//3847
f 3738//3738 3847//3847 3965//3965
f 3847//3847 3655//3655 3965//3965
f 3730//3730 4031//4031 3743//3743
f 3958//3958 3836//3836 3752//3752
f 3836//3836 3756//3756 3752//3752
f 3756//3756 3836//3836 3626//3626
f 3598//3598 3333//3333 3634//3634
f 3683//3683 3598//3598 3634//3634
f 3683//3683 3634//3634 3742//3742
f 3839//3839 3435//3435 3586//3586
f 3428//3428 3575//3575 3609//3609
f 3229//3229 3306//3306 3634//3634
f 3306//3306 3229//3229 3634//3634
f 3634//3634 3229//3229 3588//3588
f 3313//3313 3578//3578 3488//3488
f 3505//3505 3649//3649 3561//3561
f 3505//3505 3348//3348 3649//3649
f 3328//3328 3501//3501 3435//3435
f 3267//3267 3418//3418 3545//3545
f 3423//3423 3545//3545 3418//3418
f 3563//3563 3203//3203 3515//3515
f 3498//3498 3323//3323 3797//3797
f 3370//3370 3421//3421 3281//3281
f 3715//3715 3406//3406 3372//3372
f 3292//3292 3715//3715 3372//3372
f 3194//3194 3319//3319 3715//3715
f 3422//3422 3456//3456 3631//3631
f 3422//3422 3631//3631 3648//3648
f 3422//3422 3560//3560 3715//3715
f 3715//3715 3292//3292 3194//3194
f 3715//3715 3319//3319 3422//3422
f 3358//3358 3025//3025 2947//2947
f 3085//3085 3025//3025 3358//3358
f 3124//3124 3306//3306 3301//3301
f 3141//3141 3563//3563 3273//3273
f 3145//3145 3275//3275 3232//3232
f 3306//3306 3036//3036 3229//3229
f 3132//3132 3229//3229 3036//3036
f 2986//2986 3229//3229 3132//3132
f 3229//3229 2986//2986 3498//3498
f 3450//3450 2986//2986 3323//3323
f 3266//3266 2772//2772 3450//3450
f 3123//3123 3232//3232 3166//3166
f 3006//3006 3166//3166 3323//3323
f 3123//3123 3313//3313 2974//2974
f 2950//2950 3041//3041 3192//3192
f 2899//2899 3084//3084 3177//3177
f 3210//3210 3084//3084 3199//3199
f 3026//3026 3199//3199 3084//3084
f 3088//3088 2434//2434 3272//3272
f 3048//3048 3272//3272 2434//2434
f 2894//2894 3113//3113 3048//3048
f 3142//3142 3161//3161 2949//2949
f 3329//3329 2980//2980 3111//3111
f 2940//2940 3329//3329 3202//3202
f 3414//3414 3183//3183 2919//2919
f 3414//3414 2808//2808 3183//3183
f 3101//3101 2808//2808 3414//3414
f 2949//2949 3161//3161 3218//3218
f 2949//2949 3218//3218 3481//3481
f 3091//3091 3023//3023 3174//3174
f 3119//3119 2798//2798 3410//3410
f 2798//2798 2732//2732 3233//3233
f 3044//3044 3233//3233 3023//3023
f 3035//3035 3233//3233 2732//2732
f 3233//3233 3035//3035 3263//3263
f 2910//2910 3035//3035 2839//2839
f 3104//3104 2905//2905 3022//3022
f 2905//2905 3104//3104 2976//2976
f 2964//2964 3059//3059 2895//2895
f 2725//2725 2777//2777 2929//2929
f 2679//2679 2728//2728 3062//3062
f 3172//3172 2840//2840 2936//2936
f 2657//2657 3039//3039 3014//3014
f 2854//2854 2306//2306 2921//2921
f 2918//2918 2969//2969 2645//2645
f 2645//2645 2969//2969 2512//2512
f 2585//2585 2880//2880 2768//2768
f 2591//2591 2756//2756 2703//2703
f 2591//2591 2751//2751 2626//2626
f 2703//2703 2751//2751 2591//2591
f 2419//2419 2687//2687 3013//3013
f 2665//2665 2538//2538 2931//2931
f 2538//2538 2572//2572 2665//2665
f 2538//2538 2665//2665 2535//2535
f 2535//2535 2665//2665 2931//2931
f 2535//2535 2664//2664 2827//2827
f 2535//2535 2827//2827 2766//2766
f 2664//2664 2671//2671 2396//2396
f 2643//2643 3046//3046 2396//2396
f 2289//2289 2671//2671 3017//3017
f 2654//2654 2784//2784 2429//2429
f 2155//2155 2752//2752 2570//2570
f 2449//2449 2570//2570 2752//2752
f 2516//2516 2914//2914 2476//2476
f 2733//2733 2522//2522 2355//2355
f 2506//2506 2784//2784 2538//2538
f 2518//2518 2570//2570 2449//2449
f 2740//2740 2561//2561 2150//2150
f 2417//2417 2388//2388 2470//2470
f 2460//2460 2265//2265 2740//2740
f 2643//2643 2511//2511 2592//2592
f 2810//2810 2643//2643 2722//2722
f 2440//2440 2643//2643 2810//2810
f 2321//2321 2423//2423 2291//2291
f 2444//2444 2454//2454 1959//1959
f 2058//2058 2252//2252 2556//2556
f 2004//2004 2315//2315 2249//2249
f 2378//2378 2186//2186 2249//2249
f 2186//2186 2378//2378 2245//2245
f 1972//1972 2584//2584 2534//2534
f 2219//2219 2474//2474 2262//2262
f 2051//2051 2652//2652 2102//2102
f 2480//2480 2192//2192 2364//2364
f 2600//2600 2134//2134 2295//2295
f 2134//2134 2600//2600 2364//2364
f 2295//2295 2134//2134 2458//2458
f 1966//1966 2652//2652 2051//2051
f 1813//1813 2285//2285 2051//2051
f 1999//1999 2285//2285 1813//1813
f 2188//2188 2364//2364 2192//2192
f 2134//2134 2364//2364 2188//2188
f 2343//2343 2175//2175 2017//2017
f 2167//2167 2017//2017 2175//2175
f 2175//2175 2343//2343 2167//2167
f 2336//2336 2239//2239 2298//2298
f 2239//2239 2173//2173 1920//1920
f 2173//2173 2239//2239 2123//2123
f 2123//2123 2239//2239 2319//2319
f 2319//2319 2239//2239 2206//2206
f 2123//2123 2319//2319 2148//2148
f 2299//2299 2297//2297 2148//2148
f 2123//2123 2148//2148 2297//2297
f 2084//2084 2143//2143 2298//2298
f 2143//2143 2084//2084 2136//2136
f 2319//2319 2206//2206 2003//2003
f 2084//2084 2361//2361 2136//2136
f 2045//2045 1908//1908 2258//2258
f 1920//1920 1757//1757 2471//2471
f 1757//1757 1920//1920 2017//2017
f 2017//2017 1920//1920 1884//1884
f 2103//2103 2374//2374 2409//2409
f 1323//1323 2049//2049 1909//1909
f 2166//2166 1908//1908 2288//2288
f 1691//1691 1908//1908 2166//2166
f 1868//1868 1939//1939 1649//1649
f 1788//1788 1757//1757 2017//2017
f 1884//1884 1920//1920 1969//1969
f 2050//2050 1832//1832 1974//1974
f 1880//1880 1280//1280 2273//2273
f 1391//1391 1930//1930 1809//1809
f 1930//1930 1746//1746 1809//1809
f 1683//1683 1874//1874 1823//1823
f 1683//1683 1823//1823 1825//1825
f 1735//1735 1825//1825 1903//1903
f 1642//1642 1671//1671 2083//2083
f 1642//1642 2083//2083 1480//1480
f 1628//1628 1783//1783 1826//1826
f 1528//1528 1847//1847 1328//1328
f 1328//1328 1847//1847 1817//1817
f 1639//1639 1805//1805 1519//1519
f 1841//1841 1380//1380 1519//1519
f 1762//1762 1579//1579 1841//1841
f 1579//1579 1380//1380 1841//1841
f 1253//1253 1825//1825 1592//1592
f 1735//1735 1592//1592 1825//1825
f 1653//1653 1916//1916 1686//1686
f 1487//1487 1767//1767 1447//1447
f 1487//1487 1650//1650 1735//1735
f 1650//1650 1487//1487 1435//1435
f 1653//1653 1735//1735 1650//1650
f 1435//1435 1653//1653 1650//1650
f 1789//1789 1653//1653 1435//1435
f 1640//1640 1525//1525 1602//1602
f 1424//1424 1217//1217 1525//1525
f 1217//1217 1637//1637 1525//1525
f 1338//1338 1665//1665 1285//1285
f 1285//1285 1665//1665 1193//1193
f 1193//1193 1665//1665 1786//1786
f 1568//1568 1476//1476 1315//1315
f 1669//1669 1476//1476 1568//1568
f 1591//1591 1464//1464 1347//1347
f 1347//1347 1464//1464 1618//1618
f 1683//1683 1497//1497 1253//1253
f 1340//1340 1419//1419 1511//1511
f 1248//1248 1249//1249 1328//1328
f 1229//1229 1328//1328 1411//1411
f 1328//1328 1327//1327 1248//1248
f 1248//1248 1327//1327 1394//1394
f 1218//1218 1311//1311 1194//1194
f 1194//1194 1311//1311 1423//1423
f 1683//1683 1194//1194 1423//1423
f 1020//1020 1458//1458 1444//1444
f 788//788 1290//1290 1458//1458
f 1262//1262 1296//1296 1049//1049
f 1049//1049 1296//1296 1297//1297
f 1296//1296 1183//1183 1297//1297
f 1386//1386 1296//1296 1409//1409
f 1346//1346 1049//1049 1431//1431
f 1297//1297 1431//1431 1049//1049
f 1247//1247 1431//1431 1297//1297
f 1135//1135 1205//1205 1258//1258
f 1258//1258 1389//1389 788//788
f 788//788 1389//1389 1366//1366
f 788//788 1366//1366 1290//1290
f 1389//1389 1258//1258 1621//1621
f 1324//1324 1621//1621 1258//1258
f 1350//1350 1162//1162 1228//1228
f 1130//1130 1211//1211 1132//1132
f 981//981 1208//1208 982//982
f 1188//1188 1341//1341 1109//1109
f 1136//1136 1188//1188 1109//1109
f 1136//1136 1137//1137 1055//1055
f 1055//1055 1020//1020 1203//1203
f 1020//1020 1151//1151 1203//1203
f 1602//1602 921//921 922//922
f 708//708 763//763 962//962
f 1085//1085 1101//1101 1153//1153
f 1075//1075 1101//1101 1085//1085
f 984//984 1014//1014 1153//1153
f 1153//1153 1014//1014 1085//1085
f 1046//1046 1024//1024 1059//1059
f 845//845 949//949 950//950
f 1144//1144 1191//1191 1134//1134
f 989//989 1317//1317 1128//1128
f 1142//1142 1189//1189 1128//1128
f 954//954 830//830 944//944
f 1207//1207 976//976 715//715
f 715//715 977//977 1207//1207
f 994//994 910//910 660//660
f 888//888 660//660 910//910
f 925//925 1108//1108 935//935
f 1108//1108 925//925 957//957
f 840//840 1159//1159 866//866
f 934//934 926//926 1046//1046
f 603//603 646//646 1046//1046
f 1171//1171 994//994 664//664
f 1159//1159 664//664 994//994
f 1176//1176 888//888 592//592
f 776//776 925//925 935//935
f 859//859 776//776 936//936
f 776//776 859//859 925//925
f 693//693 686//686 414//414
f 630//630 693//693 629//629
f 693//693 630//630 686//686
f 659//659 660//660 658//658
f 445//445 673//673 592//592
f 592//592 673//673 722//722
f 658//658 781//781 591//591
f 781//781 658//658 721//721
f 622//622 797//797 782//782
f 673//673 609//609 759//759
f 590//590 759//759 609//609
f 855//855 561//561 706//706
f 561//561 567//567 392//392
f 561//561 855//855 567//567
f 422//422 666//666 587//587
f 666//666 422//422 663//663
f 663//663 422//422 695//695
f 663//663 695//695 709//709
f 770//770 758//758 586//586
f 565//565 631//631 684//684
f 565//565 502//502 720//720
f 565//565 720//720 631//631
f 631//631 653//653 683//683
f 586//586 758//758 455//455
f 669//669 637//637 455//455
f 637//637 648//648 585//585
f 637//637 582//582 767//767
f 382//382 454//454 540//540
f 416//416 458//458 320//320
f 461//461 516//516 530//530
f 270//270 435//435 461//461
f 202//202 270//270 461//461
f 202//202 461//461 283//283
f 381//381 283//283 461//461
f 381//381 483//483 311//311
f 374//374 245//245 433//433
f 245//245 374//374 339//339
f 374//374 433//433 339//339
f 393//393 373//373 433//433
f 393//393 384//384 433//433
f 372//372 356//356 225//225
f 477//477 391//391 372//372
f 372//372 391//391 478//478
f 356//356 217//217 220//220
f 356//356 372//372 478//478
f 478//478 217//217 356//356
f 478//478 218//218 217//217
f 261//261 328//328 220//220
f 220//220 219//219 261//261
f 261//261 434//434 260//260
f 434//434 375//375 260//260
f 353//353 250//250 364//364
f 191//191 249//249 477//477
f 224//224 477//477 249//249
f 224//224 355//355 477//477
f 355//355 218//218 477//477
f 249//249 250//250 353//353
f 250//250 249//249 364//364
f 364//364 249//249 191//191
f 133//133 318//318 342//342
f 407//407 278//278 342//342
f 133//133 342//342 278//278
f 133//133 278//278 407//407
f 133//133 407//407 568//568
f 133//133 170//170 318//318
f 180//180 133//133 568//568
f 133//133 180//180 179//179
f 291//291 248//248 170//170
f 118//118 108//108 111//111
f 149//149 118//118 111//111
f 4233//4233 4337//4337 4361//4361
f 4349//4349 4418//4418 4072//4072
f 4072//4072 4418//4418 4299//4299
f 4320//4320 4314//4314 4246//4246
f 4314//4314 4249//4249 4246//4246
f 4340//4340 4246//4246 4249//4249
f 4308//4308 4249//4249 4246//4246
f 4189//4189 4030//4030 4296//4296
f 4123//4123 4267//4267 4308//4308
f 4307//4307 4335//4335 4206//4206
f 4206//4206 4305//4305 4306//4306
f 4310//4310 4306//4306 4262//4262
f 4224//4224 4313//4313 4225//4225
f 4323//4323 4297//4297 4252//4252
f 4091//4091 3962//3962 4285//4285
f 4227//4227 3920//3920 4189//4189
f 4242//4242 4085//4085 4273//4273
f 4085//4085 4242//4242 4148//4148
f 4273//4273 4085//4085 4164//4164
f 3973//3973 4164//4164 4085//4085
f 4112//4112 4083//4083 4205//4205
f 4237//4237 4205//4205 4083//4083
f 3940//3940 4065//4065 4204//4204
f 4149//4149 3799//3799 4167//4167
f 3799//3799 4100//4100 4167//4167
f 4355//4355 4288//4288 4221//4221
f 3784//3784 4221//4221 4190//4190
f 4146//4146 3388//3388 3839//3839
f 4285//4285 4146//4146 3839//3839
f 4012//4012 4045//4045 4180//4180
f 4045//4045 3872//3872 4180//4180
f 4052//4052 4095//4095 4168//4168
f 4096//4096 4019//4019 3938//3938
f 3959//3959 4230//4230 4045//4045
f 4007//4007 4045//4045 4103//4103
f 4007//4007 4103//4103 4027//4027
f 3938//3938 4007//4007 4027//4027
f 3938//3938 4027//4027 4103//4103
f 4002//4002 4076//4076 4007//4007
f 4007//4007 4076//4076 4184//4184
f 3843//3843 4148//4148 3811//3811
f 3806//3806 3811//3811 4070//4070
f 3902//3902 3806//3806 4070//4070
f 3771//3771 4043//4043 4105//4105
f 4006//4006 4029//4029 3893//3893
f 3909//3909 4072//4072 4029//4029
f 4330//4330 3844//3844 3660//3660
f 3867//3867 3900//3900 3976//3976
f 3883//3883 3979//3979 3900//3900
f 3896//3896 3780//3780 3980//3980
f 3780//3780 3900//3900 3980//3980
f 3780//3780 3896//3896 3687//3687
f 3986//3986 3544//3544 3390//3390
f 3228//3228 4113//4113 3759//3759
f 3853//3853 4113//4113 3228//3228
f 3950//3950 3752//3752 4105//4105
f 3910//3910 3855//3855 3512//3512
f 3850//3850 3788//3788 3763//3763
f 3850//3850 4073//4073 3788//3788
f 3746//3746 3917//3917 3748//3748
f 3748//3748 3917//3917 3796//3796
f 3232//3232 3796//3796 3917//3917
f 3727//3727 3657//3657 3830//3830
f 3690//3690 3197//3197 3399//3399
f 3467//3467 3399//3399 3197//3197
f 3652//3652 3197//3197 3983//3983
f 3530//3530 3961//3961 3737//3737
f 3620//3620 3325//3325 3737//3737
f 3618//3618 3529//3529 3620//3620
f 3428//3428 3615//3615 3718//3718
f 3529//3529 3662//3662 3620//3620
f 3705//3705 3479//3479 3605//3605
f 3605//3605 3603//3603 3705//3705
f 3705//3705 3603//3603 3589//3589
f 2693//2693 3656//3656 3261//3261
f 3394//3394 3399//3399 3467//3467
f 3652//3652 3501//3501 3197//3197
f 3328//3328 3197//3197 3501//3501
f 3501//3501 3652//3652 3435//3435
f 3620//3620 3718//3718 3615//3615
f 3618//3618 3528//3528 3529//3529
f 3597//3597 3025//3025 3747//3747
f 3463//3463 3747//3747 3025//3025
f 3635//3635 3358//3358 2947//2947
f 3226//3226 3747//3747 3463//3463
f 3531//3531 3532//3532 3787//3787
f 3312//3312 3408//3408 3532//3532
f 3531//3531 3107//3107 3651//3651
f 3170//3170 3428//3428 3324//3324
f 3295//3295 3545//3545 3435//3435
f 3148//3148 3435//3435 3541//3541
f 3148//3148 3541//3541 3444//3444
f 3307//3307 3618//3618 3567//3567
f 3728//3728 3295//3295 3461//3461
f 3381//3381 3294//3294 3088//3088
f 3380//3380 3088//3088 3673//3673
f 3088//3088 3387//3387 3673//3673
f 3101//3101 3387//3387 3386//3386
f 3293//3293 3376//3376 3378//3378
f 3332//3332 3376//3376 3293//3293
f 3332//3332 3506//3506 3329//3329
f 3228//3228 3390//3390 3381//3381
f 3414//3414 3448//3448 3602//3602
f 3101//3101 3218//3218 3387//3387
f 3218//3218 3414//3414 3387//3387
f 3414//3414 3218//3218 3161//3161
f 3131//3131 3216//3216 3063//3063
f 3119//3119 3410//3410 3063//3063
f 3190//3190 3263//3263 3243//3243
f 3233//3233 3316//3316 3150//3150
f 3263//3263 3316//3316 3233//3233
f 3233//3233 3316//3316 3190//3190
f 3190//3190 3316//3316 3263//3263
f 3035//3035 3398//3398 3263//3263
f 3269//3269 2962//2962 3085//3085
f 2962//2962 3269//3269 3153//3153
f 3153//3153 3269//3269 3226//3226
f 3334//3334 2986//2986 2862//2862
f 2849//2849 3184//3184 3056//3056
f 3184//3184 2849//2849 3251//3251
f 2849//2849 3121//3121 3251//3251
f 3184//3184 3251//3251 3056//3056
f 2909//2909 2996//2996 3137//3137
f 2857//2857 2855//2855 2995//2995
f 3125//3125 2902//2902 3005//3005
f 3125//3125 3005//3005 3223//3223
f 3314//3314 3092//3092 3127//3127
f 3125//3125 3127//3127 3092//3092
f 3127//3127 3125//3125 3223//3223
f 3005//3005 3019//3019 3214//3214
f 2998//2998 3335//3335 3198//3198
f 3222//3222 3151//3151 3080//3080
f 3151//3151 3039//3039 3080//3080
f 2955//2955 3039//3039 3151//3151
f 3039//3039 3176//3176 2945//2945
f 3143//3143 3012//3012 3056//3056
f 2945//2945 3056//3056 3012//3012
f 2978//2978 3012//3012 3143//3143
f 2983//2983 2959//2959 3025//3025
f 2892//2892 3135//3135 2906//2906
f 2947//2947 3134//3134 2762//2762
f 2762//2762 2594//2594 2352//2352
f 2352//2352 2954//2954 3004//3004
f 2649//2649 2947//2947 2762//2762
f 2993//2993 2716//2716 2875//2875
f 2661//2661 2993//2993 2498//2498
f 2557//2557 2844//2844 2811//2811
f 2844//2844 2557//2557 2843//2843
f 2811//2811 2709//2709 2716//2716
f 2811//2811 2809//2809 2709//2709
f 2709//2709 2809//2809 2620//2620
f 2730//2730 2746//2746 2704//2704
f 3016//3016 2565//2565 2977//2977
f 2248//2248 2991//2991 2093//2093
f 2716//2716 2677//2677 2466//2466
f 2498//2498 2709//2709 2450//2450
f 2694//2694 2605//2605 2622//2622
f 2740//2740 2767//2767 2605//2605
f 1991//1991 2384//2384 3097//3097
f 2343//2343 2669//2669 2416//2416
f 2343//2343 2668//2668 2669//2669
f 2517//2517 2616//2616 2343//2343
f 2539//2539 2298//2298 2459//2459
f 2720//2720 2298//2298 2539//2539
f 2362//2362 2720//2720 2539//2539
f 2362//2362 2539//2539 2299//2299
f 2298//2298 2720//2720 2382//2382
f 2720//2720 2362//2362 2476//2476
f 2516//2516 2562//2562 2640//2640
f 2435//2435 2433//2433 2537//2537
f 2356//2356 2733//2733 2355//2355
f 2338//2338 2429//2429 2784//2784
f 2061//2061 1860//1860 2442//2442
f 2442//2442 1860//1860 2408//2408
f 2408//2408 1860//1860 2309//2309
f 2394//2394 2309//2309 1860//1860
f 2374//2374 2518//2518 2409//2409
f 2412//2412 2181//2181 2419//2419
f 2179//2179 2181//2181 2412//2412
f 2161//2161 2318//2318 2225//2225
f 2318//2318 2231//2231 2284//2284
f 2470//2470 2289//2289 2349//2349
f 1814//1814 2281//2281 2352//2352
f 1897//1897 2310//2310 2481//2481
f 2310//2310 2101//2101 2302//2302
f 2044//2044 2045//2045 2258//2258
f 2242//2242 2336//2336 2258//2258
f 2242//2242 2239//2239 2336//2336
f 2152//2152 2044//2044 2258//2258
f 2143//2143 2044//2044 2152//2152
f 2143//2143 2152//2152 2298//2298
f 2160//2160 2077//2077 2083//2083
f 2077//2077 1480//1480 2083//2083
f 1901//1901 1926//1926 2310//2310
f 2176//2176 2082//2082 2288//2288
f 1743//1743 2288//2288 2082//2082
f 2075//2075 1996//1996 1989//1989
f 1987//1987 1996//1996 2230//2230
f 1753//1753 2012//2012 1541//1541
f 1748//1748 1522//1522 2034//2034
f 1897//1897 2034//2034 1522//1522
f 2014//2014 1667//1667 852//852
f 1817//1817 1360//1360 1449//1449
f 1581//1581 1406//1406 1291//1291
f 1598//1598 1469//1469 1677//1677
f 1547//1547 1548//1548 1631//1631
f 1381//1381 1462//1462 1408//1408
f 1381//1381 1408//1408 1605//1605
f 1504//1504 1598//1598 1408//1408
f 1369//1369 1598//1598 1478//1478
f 1369//1369 1478//1478 1866//1866
f 1137//1137 1680//1680 1370//1370
f 1362//1362 1594//1594 1336//1336
f 1372//1372 1336//1336 1382//1382
f 1443//1443 1596//1596 1444//1444
f 1343//1343 1640//1640 1602//1602
f 1179//1179 1602//1602 1525//1525
f 1604//1604 1424//1424 1705//1705
f 1637//1637 1217//1217 1193//1193
f 1330//1330 1294//1294 1398//1398
f 1480//1480 1269//1269 1294//1294
f 1521//1521 1294//1294 1269//1269
f 1171//1171 1257//1257 1404//1404
f 1225//1225 1482//1482 1257//1257
f 1404//1404 1257//1257 1482//1482
f 1070//1070 1271//1271 1033//1033
f 1195//1195 1333//1333 1256//1256
f 953//953 1296//1296 1170//1170
f 1347//1347 1428//1428 1117//1117
f 1118//1118 1117//1117 1428//1428
f 1377//1377 1418//1418 1243//1243
f 1059//1059 945//945 1072//1072
f 1080//1080 1107//1107 1003//1003
f 985//985 1107//1107 1080//1080
f 985//985 1017//1017 1107//1107
f 1107//1107 1017//1017 987//987
f 954//954 1172//1172 967//967
f 938//938 1197//1197 1236//1236
f 1002//1002 1034//1034 1148//1148
f 864//864 1148//1148 1075//1075
f 1024//1024 694//694 1075//1075
f 818//818 509//509 824//824
f 916//916 1026//1026 824//824
f 935//935 970//970 862//862
f 818//818 1026//1026 914//914
f 1026//1026 850//850 914//914
f 876//876 884//884 768//768
f 876//876 914//914 884//884
f 914//914 850//850 870//870
f 1104//1104 828//828 786//786
f 733//733 901//901 676//676
f 790//790 1155//1155 1084//1084
f 913//913 710//710 624//624
f 710//710 913//913 882//882
f 790//790 624//624 710//710
f 638//638 748//748 639//639
f 641//641 582//582 777//777
f 706//706 561//561 747//747
f 700//700 567//567 855//855
f 695//695 615//615 778//778
f 774//774 695//695 778//778
f 778//778 615//615 689//689
f 699//699 379//379 540//540
f 668//668 379//379 699//699
f 189//189 556//556 491//491
f 783//783 728//728 687//687
f 643//643 783//783 717//717
f 636//636 643//643 622//622
f 619//619 400//400 618//618
f 603//603 672//672 545//545
f 505//505 572//572 577//577
f 335//335 418//418 590//590
f 218//218 597//597 484//484
f 457//457 479//479 566//566
f 443//443 566//566 444//444
f 424//424 444//444 566//566
f 566//566 549//549 417//417
f 527//527 448//448 524//524
f 443//443 448//448 331//331
f 443//443 444//444 448//448
f 584//584 672//672 295//295
f 584//584 295//295 456//456
f 584//584 456//456 545//545
f 498//498 603//603 554//554
f 372//372 398//398 320//320
f 225//225 398//398 372//372
f 398//398 225//225 328//328
f 422//422 305//305 608//608
f 386//386 305//305 422//422
f 485//485 253//253 216//216
f 128//128 410//410 130//130
f 281//281 483//483 258//258
f 215//215 258//258 483//483
f 215//215 171//171 258//258
f 171//171 215//215 196//196
f 343//343 230//230 171//171
f 175//175 173//173 258//258
f 130//130 175//175 258//258
f 258//258 171//171 119//119
f 172//172 130//130 258//258
f 173//173 175//175 135//135
f 175//175 130//130 135//135
f 174//174 128//128 130//130
f 4436//4436 4424//4424 4425//4425
f 4315//4315 95//95 4425//4425
f 95//95 4338//4338 4435//4435
f 4329//4329 4435//4435 4338//4338
f 4304//4304 4126//4126 4330//4330
f 4424//4424 4304//4304 4330//4330
f 4424//4424 4330//4330 4425//4425
f 4330//4330 4271//4271 4425//4425
f 4330//4330 4338//4338 4271//4271
f 4338//4338 4315//4315 4271//4271
f 4271//4271 4315//4315 4425//4425
f 4204//4204 4065//4065 4255//4255
f 4165//4165 4255//4255 4183//4183
f 4183//4183 4002//4002 4165//4165
f 4120//4120 4233//4233 4065//4065
f 4197//4197 4271//4271 4315//4315
f 4172//4172 4315//4315 4084//4084
f 4175//4175 3829//3829 4187//4187
f 4137//4137 4132//4132 4187//4187
f 4064//4064 4137//4137 3898//3898
f 3799//3799 4137//4137 4064//4064
f 4067//4067 3829//3829 4187//4187
f 3829//3829 4175//4175 4187//4187
f 4067//4067 4187//4187 4132//4132
f 4257//4257 4067//4067 4132//4132
f 4294//4294 3874//3874 4129//4129
f 4087//4087 4257//4257 4135//4135
f 4247//4247 4081//4081 4291//4291
f 4081//4081 4247//4247 3818//3818
f 3973//3973 4169//4169 4164//4164
f 4171//4171 4025//4025 3963//3963
f 3660//3660 4338//4338 4330//4330
f 4315//4315 4338//4338 3660//3660
f 3980//3980 4172//4172 4084//4084
f 4043//4043 3813//3813 4152//4152
f 4054//4054 4152//4152 3813//3813
f 4054//4054 3813//3813 3752//3752
f 3752//3752 4105//4105 4054//4054
f 4107//4107 4054//4054 4105//4105
f 4054//4054 4107//4107 3894//3894
f 4143//4143 3984//3984 4107//4107
f 3894//3894 4107//4107 3984//3984
f 4134//4134 4105//4105 3993//3993
f 3890//3890 4143//4143 4134//4134
f 4209//4209 3978//3978 4168//4168
f 3978//3978 4052//4052 4168//4168
f 3894//3894 3984//3984 4143//4143
f 4028//4028 4143//4143 3614//3614
f 3941//3941 4194//4194 3614//3614
f 3854//3854 4042//4042 3978//3978
f 3911//3911 4222//4222 3749//3749
f 3699//3699 3827//3827 4073//4073
f 3957//3957 3991//3991 3440//3440
f 3908//3908 3991//3991 3907//3907
f 3907//3907 4010//4010 3775//3775
f 3878//3878 3775//3775 4010//4010
f 4043//4043 3813//3813 3751//3751
f 4043//4043 3771//3771 3813//3813
f 4046//4046 3660//3660 3591//3591
f 3780//3780 3980//3980 3668//3668
f 3888//3888 3504//3504 3896//3896
f 3888//3888 3900//3900 3780//3780
f 3504//3504 3888//3888 3900//3900
f 3888//3888 3883//3883 3900//3900
f 3871//3871 4039//4039 3470//3470
f 3879//3879 3470//3470 4039//4039
f 3879//3879 4039//4039 3959//3959
f 3843//3843 3616//3616 3990//3990
f 3660//3660 3480//3480 3668//3668
f 3668//3668 3480//3480 3780//3780
f 3480//3480 3557//3557 3780//3780
f 3523//3523 3687//3687 3896//3896
f 3780//3780 3687//3687 3457//3457
f 3710//3710 3704//3704 3766//3766
f 3704//3704 3919//3919 3680//3680
f 3766//3766 3704//3704 3680//3680
f 3716//3716 3196//3196 3712//3712
f 3689//3689 3604//3604 3910//3910
f 3592//3592 3910//3910 3604//3604
f 3192//3192 3882//3882 3699//3699
f 3636//3636 3192//3192 3699//3699
f 3031//3031 3536//3536 3439//3439
f 3376//3376 3173//3173 3775//3775
f 3378//3378 3376//3376 3775//3775
f 3927//3927 3478//3478 3336//3336
f 3753//3753 3492//3492 3655//3655
f 3440//3440 3259//3259 3401//3401
f 3173//3173 3403//3403 3439//3439
f 3069//3069 3336//3336 3478//3478
f 3927//3927 3300//3300 3478//3478
f 3069//3069 3478//3478 3300//3300
f 3389//3389 3018//3018 3927//3927
f 3300//3300 3927//3927 3018//3018
f 3018//3018 3739//3739 3126//3126
f 3141//3141 3124//3124 3563//3563
f 3563//3563 3124//3124 3275//3275
f 2725//2725 3231//3231 3468//3468
f 3258//3258 3181//3181 3191//3191
f 3191//3191 3181//3181 3169//3169
f 2995//2995 2855//2855 3107//3107
f 3258//3258 3102//3102 3107//3107
f 3102//3102 3258//3258 3206//3206
f 3169//3169 3013//3013 3242//3242
f 3522//3522 3201//3201 3281//3281
f 2986//2986 3132//3132 3036//3036
f 2721//2721 2658//2658 2986//2986
f 2658//2658 3323//3323 2986//2986
f 3450//3450 2772//2772 2986//2986
f 2721//2721 2986//2986 2772//2772
f 3086//3086 3145//3145 3123//3123
f 2967//2967 3086//3086 3123//3123
f 3114//3114 2772//2772 3283//3283
f 3096//3096 3179//3179 3201//3201
f 3116//3116 2965//2965 3149//3149
f 2870//2870 3116//3116 3149//3149
f 2861//2861 3221//3221 3149//3149
f 3364//3364 2941//2941 2943//2943
f 3364//3364 3060//3060 2941//2941
f 2919//2919 3183//3183 2808//2808
f 2815//2815 3088//3088 2825//2825
f 2825//2825 2980//2980 2942//2942
f 2931//2931 2538//2538 2942//2942
f 2555//2555 2878//2878 2889//2889
f 2619//2619 2970//2970 2567//2567
f 3001//3001 2982//2982 2567//2567
f 3168//3168 2536//2536 2838//2838
f 2790//2790 2880//2880 2818//2818
f 2880//2880 2787//2787 2773//2773
f 2701//2701 2909//2909 2908//2908
f 2902//2902 2785//2785 2908//2908
f 2781//2781 2902//2902 2576//2576
f 2576//2576 2902//2902 3125//3125
f 2678//2678 2885//2885 2758//2758
f 3088//3088 2433//2433 2434//2434
f 2537//2537 2815//2815 2654//2654
f 2537//2537 2755//2755 2789//2789
f 2654//2654 2942//2942 2784//2784
f 2784//2784 2782//2782 2538//2538
f 2155//2155 2808//2808 2752//2752
f 2733//2733 2789//2789 2949//2949
f 2731//2731 2627//2627 2717//2717
f 2557//2557 2835//2835 2843//2843
f 2163//2163 2762//2762 2282//2282
f 2649//2649 2201//2201 3074//3074
f 2325//2325 2552//2552 2550//2550
f 2615//2615 2461//2461 2634//2634
f 2174//2174 2523//2523 2029//2029
f 2330//2330 2029//2029 2523//2523
f 2217//2217 2547//2547 2451//2451
f 2482//2482 2547//2547 2217//2217
f 2482//2482 1814//1814 2530//2530
f 2309//2309 2202//2202 2058//2058
f 2202//2202 1860//1860 2058//2058
f 1860//1860 2202//2202 2394//2394
f 2109//2109 2202//2202 2309//2309
f 2202//2202 1671//1671 2394//2394
f 2394//2394 1671//1671 2306//2306
f 2306//2306 1671//1671 2421//2421
f 2145//2145 2421//2421 1671//1671
f 1671//1671 2193//2193 2376//2376
f 2452//2452 2083//2083 1671//1671
f 2244//2244 2145//2145 1953//1953
f 1629//1629 2305//2305 2266//2266
f 1629//1629 2505//2505 2305//2305
f 2100//2100 2142//2142 1879//1879
f 1873//1873 2275//2275 2174//2174
f 2070//2070 1873//1873 2174//2174
f 2070//2070 2174//2174 1935//1935
f 1873//1873 2070//2070 1935//1935
f 2116//2116 2121//2121 2122//2122
f 2121//2121 2116//2116 1973//1973
f 2121//2121 1973//1973 2168//2168
f 1943//1943 2312//2312 1926//1926
f 2111//2111 2087//2087 2011//2011
f 1857//1857 2105//2105 1970//1970
f 1956//1956 2095//2095 2006//2006
f 2088//2088 2248//2248 1770//1770
f 1770//1770 2064//2064 2110//2110
f 1910//1910 1770//1770 2110//2110
f 1910//1910 2110//2110 2093//2093
f 2291//2291 1910//1910 2093//2093
f 1910//1910 2291//2291 1989//1989
f 2000//2000 1996//1996 1989//1989
f 1996//1996 2075//2075 1989//1989
f 1989//1989 2075//2075 2076//2076
f 2015//2015 1965//1965 2047//2047
f 1492//1492 2180//2180 2363//2363
f 2418//2418 2070//2070 1879//1879
f 1873//1873 2070//2070 2029//2029
f 1806//1806 1873//1873 2029//2029
f 2065//2065 1648//1648 2055//2055
f 1873//1873 1791//1791 2114//2114
f 1947//1947 2035//2035 2018//2018
f 2107//2107 1898//1898 2099//2099
f 1898//1898 1747//1747 2099//2099
f 2107//2107 1925//1925 2006//2006
f 1898//1898 2107//2107 2006//2006
f 1930//1930 1823//1823 1874//1874
f 1903//1903 1825//1825 1919//1919
f 1487//1487 1907//1907 1767//1767
f 1735//1735 1903//1903 2236//2236
f 2226//2226 1837//1837 1781//1781
f 1837//1837 1734//1734 1781//1781
f 1878//1878 1628//1628 2267//2267
f 1930//1930 1686//1686 1846//1846
f 1686//1686 1916//1916 1846//1846
f 2276//2276 1845//1845 1662//1662
f 1835//1835 1662//1662 1845//1845
f 1519//1519 2098//2098 2267//2267
f 1803//1803 1841//1841 1519//1519
f 1677//1677 1779//1779 1548//1548
f 1793//1793 1646//1646 1401//1401
f 1946//1946 1793//1793 1526//1526
f 1635//1635 1713//1713 1791//1791
f 1630//1630 1787//1787 1327//1327
f 1327//1327 1787//1787 1832//1832
f 1832//1832 1833//1833 1644//1644
f 1471//1471 1833//1833 1783//1783
f 1471//1471 1783//1783 1597//1597
f 1577//1577 1567//1567 1628//1628
f 1614//1614 1575//1575 1628//1628
f 1614//1614 1710//1710 1695//1695
f 1519//1519 1695//1695 1710//1710
f 1628//1628 1582//1582 1783//1783
f 1695//1695 1437//1437 1614//1614
f 1583//1583 1695//1695 1515//1515
f 1662//1662 1501//1501 1583//1583
f 1583//1583 1501//1501 1634//1634
f 1639//1639 1485//1485 1844//1844
f 1639//1639 1844//1844 1805//1805
f 1639//1639 1519//1519 1380//1380
f 1583//1583 1634//1634 1695//1695
f 1583//1583 1604//1604 1701//1701
f 1579//1579 1762//1762 1729//1729
f 1579//1579 1729//1729 1338//1338
f 1225//1225 1642//1642 1480//1480
f 1482//1482 1225//1225 1480//1480
f 1448//1448 1340//1340 1456//1456
f 1511//1511 1466//1466 1456//1456
f 1419//1419 1466//1466 1511//1511
f 1311//1311 1509//1509 1391//1391
f 1393//1393 1388//1388 721//721
f 1595//1595 1388//1388 1470//1470
f 1385//1385 1470//1470 1388//1388
f 1374//1374 1470//1470 1403//1403
f 1403//1403 1390//1390 1954//1954
f 1403//1403 1316//1316 1390//1390
f 1426//1426 1390//1390 1316//1316
f 1378//1378 1667//1667 1333//1333
f 1449//1449 1256//1256 1333//1333
f 1333//1333 960//960 1411//1411
f 1256//1256 1449//1449 1360//1360
f 1333//1333 1291//1291 1355//1355
f 1309//1309 1355//1355 1352//1352
f 1369//1369 1302//1302 1332//1332
f 1301//1301 1332//1332 1302//1302
f 1490//1490 1138//1138 1439//1439
f 1310//1310 1272//1272 1220//1220
f 1272//1272 1234//1234 1220//1220
f 884//884 1259//1259 922//922
f 922//922 1343//1343 1602//1602
f 1179//1179 921//921 1602//1602
f 921//921 1179//1179 1197//1197
f 1133//1133 1193//1193 1186//1186
f 1143//1143 1025//1025 1285//1285
f 962//962 1285//1285 865//865
f 1285//1285 1025//1025 865//865
f 870//870 884//884 914//914
f 1026//1026 916//916 827//827
f 715//715 976//976 805//805
f 1146//1146 596//596 1184//1184
f 886//886 1215//1215 1178//1178
f 1013//1013 709//709 1086//1086
f 956//956 1013//1013 1086//1086
f 1114//1114 956//956 1086//1086
f 956//956 1114//1114 942//942
f 943//943 950//950 949//949
f 950//950 943//943 845//845
f 510//510 1356//1356 750//750
f 713//713 676//676 973//973
f 676//676 901//901 624//624
f 676//676 1035//1035 973//973
f 713//713 973//973 1215//1215
f 624//624 901//901 913//913
f 624//624 790//790 1084//1084
f 660//660 1022//1022 924//924
f 690//690 924//924 1022//1022
f 660//660 873//873 1022//1022
f 947//947 690//690 1022//1022
f 936//936 953//953 859//859
f 944//944 830//830 1189//1189
f 967//967 806//806 807//807
f 819//819 825//825 938//938
f 986//986 1236//1236 1324//1324
f 928//928 1055//1055 848//848
f 896//896 848//848 1055//1055
f 896//896 1055//1055 1141//1141
f 726//726 877//877 793//793
f 726//726 895//895 877//877
f 877//877 895//895 1055//1055
f 895//895 726//726 1055//1055
f 1055//1055 726//726 891//891
f 697//697 891//891 726//726
f 650//650 883//883 748//748
f 639//639 748//748 1329//1329
f 639//639 1329//1329 746//746
f 793//793 877//877 841//841
f 883//883 650//650 908//908
f 961//961 798//798 716//716
f 686//686 630//630 786//786
f 861//861 786//786 630//630
f 801//801 882//882 765//765
f 874//874 856//856 766//766
f 801//801 765//765 847//847
f 864//864 766//766 1002//1002
f 888//888 910//910 592//592
f 781//781 660//660 591//591
f 781//781 873//873 660//660
f 721//721 873//873 781//781
f 1000//1000 933//933 909//909
f 804//804 810//810 933//933
f 933//933 810//810 909//909
f 650//650 716//716 908//908
f 650//650 716//716 734//734
f 778//778 689//689 775//775
f 641//641 777//777 1102//1102
f 777//777 709//709 774//774
f 774//774 778//778 777//777
f 935//935 778//778 775//775
f 777//777 778//778 935//935
f 935//935 775//775 776//776
f 891//891 556//556 662//662
f 490//490 994//994 646//646
f 994//994 490//490 910//910
f 660//660 606//606 591//591
f 459//459 676//676 713//713
f 558//558 733//733 676//676
f 913//913 624//624 525//525
f 710//710 801//801 682//682
f 693//693 682//682 801//801
f 560//560 790//790 522//522
f 522//522 790//790 742//742
f 509//509 628//628 508//508
f 680//680 419//419 635//635
f 553//553 768//768 472//472
f 609//609 642//642 505//505
f 590//590 418//418 782//782
f 418//418 552//552 782//782
f 622//622 782//782 552//552
f 636//636 622//622 552//552
f 462//462 590//590 308//308
f 636//636 544//544 308//308
f 750//750 256//256 510//510
f 558//558 676//676 459//459
f 595//595 459//459 713//713
f 742//742 682//682 414//414
f 447//447 328//328 260//260
f 260//260 548//548 533//533
f 260//260 651//651 548//548
f 403//403 651//651 260//260
f 552//552 418//418 636//636
f 418//418 335//335 636//636
f 335//335 590//590 462//462
f 335//335 308//308 544//544
f 335//335 544//544 636//636
f 514//514 407//407 501//501
f 568//568 407//407 514//514
f 364//364 522//522 446//446
f 578//578 364//364 446//446
f 364//364 414//414 522//522
f 414//414 364//364 214//214
f 364//364 397//397 363//363
f 397//397 364//364 578//578
f 141//141 476//476 190//190
f 567//567 312//312 392//392
f 197//197 208//208 489//489
f 489//489 208//208 420//420
f 304//304 208//208 206//206
f 206//206 302//302 303//303
f 208//208 211//211 420//420
f 208//208 304//304 420//420
f 144//144 216//216 236//236
f 216//216 253//253 236//236
f 144//144 240//240 216//216
f 173//173 240//240 258//258
f 173//173 216//216 240//240
f 485//485 146//146 253//253
f 239//239 445//445 309//309
f 187//187 445//445 239//239
f 187//187 350//350 445//445
f 236//236 239//239 134//134
f 236//236 187//187 239//239
f 134//134 144//144 236//236
f 187//187 236//236 370//370
f 125//125 98//98 97//97
f 99//99 104//104 98//98
f 4348//4348 4362//4362 4414//4414
f 17//17 4396//4396 4386//4386
f 4396//4396 4398//4398 4386//4386
f 4341//4341 65//65 4352//4352
f 4309//4309 4351//4351 4321//4321
f 4337//4337 4321//4321 4351//4351
f 4313//4313 4394//4394 4225//4225
f 4225//4225 4334//4334 4313//4313
f 4285//4285 4334//4334 4416//4416
f 4297//4297 4334//4334 4285//4285
f 4323//4323 4416//4416 4297//4297
f 4225//4225 71//71 4334//4334
f 4319//4319 4079//4079 4130//4130
f 4218//4218 4316//4316 4129//4129
f 3916//3916 4318//4318 4218//4218
f 4318//4318 3916//3916 4122//4122
f 4218//4218 4319//4319 4316//4316
f 4218//4218 4318//4318 4217//4217
f 4302//4302 4216//4216 4277//4277
f 4216//4216 4302//4302 4332//4332
f 4157//4157 4332//4332 4390//4390
f 4157//4157 4390//4390 4214//4214
f 4214//4214 4390//4390 4250//4250
f 4241//4241 4096//4096 4211//4211
f 4213//4213 4103//4103 4230//4230
f 4007//4007 4184//4184 4158//4158
f 4002//4002 4183//4183 4076//4076
f 4169//4169 4158//4158 4266//4266
f 4082//4082 3824//3824 4115//4115
f 4046//4046 4035//4035 4253//4253
f 4035//4035 4036//4036 4253//4253
f 3852//3852 4092//4092 3932//3932
f 4025//4025 4171//4171 3765//3765
f 3992//3992 4040//4040 3824//3824
f 3971//3971 4111//4111 4057//4057
f 3970//3970 4111//4111 3971//3971
f 4189//4189 3915//3915 3913//3913
f 3937//3937 3842//3842 3920//3920
f 3838//3838 3920//3920 3842//3842
f 3933//3933 3920//3920 4048//4048
f 3366//3366 4058//4058 4124//4124
f 3833//3833 4058//4058 3366//3366
f 3533//3533 4058//4058 3833//3833
f 3667//3667 3533//3533 3873//3873
f 3853//3853 3894//3894 4113//4113
f 4134//4134 3993//3993 3851//3851
f 3851//3851 3890//3890 4134//4134
f 4052//4052 3978//3978 3503//3503
f 3677//3677 3614//3614 4143//4143
f 3890//3890 3677//3677 4143//4143
f 3819//3819 3664//3664 3904//3904
f 3901//3901 3812//3812 3960//3960
f 3678//3678 3877//3877 4010//4010
f 3958//3958 3877//3877 3678//3678
f 4038//4038 3768//3768 3812//3812
f 3678//3678 4038//4038 3958//3958
f 3805//3805 3848//3848 3841//3841
f 3542//3542 3841//3841 3869//3869
f 3560//3560 3681//3681 3685//3685
f 3755//3755 3807//3807 3513//3513
f 3697//3697 3770//3770 3905//3905
f 3809//3809 3661//3661 3905//3905
f 3745//3745 3905//3905 3661//3661
f 3707//3707 3613//3613 3529//3529
f 3613//3613 3707//3707 3508//3508
f 3780//3780 3509//3509 3687//3687
f 3481//3481 3825//3825 3524//3524
f 3474//3474 3475//3475 3196//3196
f 3382//3382 3576//3576 3458//3458
f 3490//3490 3694//3694 3196//3196
f 3520//3520 3196//3196 3694//3694
f 3196//3196 3520//3520 3382//3382
f 3425//3425 3199//3199 3026//3026
f 3636//3636 3274//3274 3431//3431
f 2935//2935 3031//3031 3439//3439
f 3259//3259 3482//3482 3401//3401
f 2935//2935 3439//3439 3403//3403
f 3376//3376 3293//3293 3173//3173
f 3237//3237 3391//3391 3335//3335
f 3429//3429 3492//3492 3187//3187
f 3095//3095 3469//3469 3248//3248
f 3422//3422 3255//3255 3456//3456
f 3292//3292 3406//3406 3208//3208
f 3292//3292 3372//3372 3406//3406
f 3251//3251 3255//3255 3422//3422
f 3083//3083 3422//3422 3319//3319
f 3083//3083 3254//3254 3422//3422
f 3253//3253 3290//3290 3755//3755
f 3789//3789 3133//3133 3727//3727
f 3133//3133 3789//3789 3176//3176
f 3385//3385 3040//3040 3189//3189
f 3123//3123 3284//3284 3201//3201
f 3201//3201 3284//3284 3217//3217
f 3201//3201 3217//3217 3287//3287
f 3211//3211 3201//3201 3287//3287
f 3260//3260 3211//3211 3370//3370
f 3105//3105 3370//3370 3201//3201
f 3167//3167 3116//3116 3245//3245
f 3347//3347 3245//3245 3116//3116
f 2512//2512 3053//3053 3007//3007
f 3171//3171 3073//3073 3137//3137
f 2838//2838 3280//3280 3168//3168
f 3068//3068 3171//3171 3071//3071
f 3068//3068 2877//2877 2975//2975
f 3122//3122 3028//3028 3048//3048
f 3049//3049 3061//3061 3048//3048
f 3048//3048 3061//3061 3122//3122
f 2383//2383 2565//2565 3006//3006
f 2658//2658 2383//2383 3323//3323
f 3323//3323 2383//2383 3006//3006
f 3008//3008 3048//3048 2919//2919
f 2914//2914 2915//2915 3089//3089
f 2825//2825 3088//3088 2980//2980
f 3142//3142 2755//2755 2980//2980
f 2755//2755 2825//2825 2980//2980
f 3142//3142 2949//2949 2755//2755
f 2931//2931 2942//2942 2980//2980
f 2980//2980 2825//2825 3142//3142
f 2967//2967 2974//2974 3060//3060
f 2765//2765 2987//2987 3020//3020
f 2842//2842 2961//2961 2706//2706
f 2839//2839 2868//2868 2910//2910
f 2617//2617 2910//2910 2868//2868
f 2816//2816 3024//3024 2910//2910
f 2874//2874 2747//2747 2776//2776
f 2828//2828 2747//2747 2874//2874
f 2895//2895 2747//2747 2872//2872
f 2715//2715 2872//2872 2747//2747
f 2645//2645 2859//2859 2773//2773
f 2645//2645 2480//2480 2859//2859
f 2585//2585 2768//2768 2859//2859
f 2529//2529 3178//3178 2630//2630
f 2756//2756 2630//2630 2703//2703
f 2751//2751 3377//3377 2626//2626
f 2811//2811 2527//2527 2557//2557
f 2589//2589 2689//2689 2809//2809
f 2689//2689 2620//2620 2809//2809
f 2982//2982 2748//2748 2104//2104
f 2589//2589 2809//2809 2551//2551
f 2450//2450 2709//2709 2620//2620
f 2925//2925 2521//2521 2913//2913
f 2521//2521 2748//2748 2913//2913
f 2033//2033 2528//2528 2661//2661
f 2556//2556 2408//2408 2309//2309
f 2408//2408 2556//2556 2306//2306
f 2312//2312 2201//2201 2649//2649
f 2105//2105 3074//3074 2201//2201
f 2481//2481 3237//3237 2105//2105
f 2639//2639 2637//2637 2105//2105
f 2277//2277 2513//2513 2414//2414
f 2106//2106 2371//2371 2277//2277
f 2322//2322 2701//2701 2359//2359
f 2353//2353 2576//2576 1966//1966
f 2652//2652 1966//1966 2576//2576
f 2371//2371 2652//2652 2613//2613
f 2285//2285 2734//2734 2049//2049
f 2285//2285 2456//2456 2576//2576
f 2087//2087 3237//3237 2743//2743
f 2316//2316 2062//2062 2926//2926
f 2687//2687 1803//1803 2449//2449
f 2687//2687 2419//2419 1803//1803
f 2318//2318 2538//2538 2572//2572
f 2538//2538 2318//2318 2572//2572
f 2475//2475 2538//2538 2318//2318
f 2535//2535 2318//2318 2538//2538
f 2284//2284 2572//2572 2318//2318
f 2318//2318 2535//2535 2349//2349
f 2349//2349 2535//2535 2470//2470
f 2671//2671 2289//2289 2470//2470
f 2331//2331 2470//2470 2280//2280
f 2671//2671 2331//2331 2396//2396
f 2334//2334 2365//2365 2401//2401
f 2413//2413 2645//2645 2287//2287
f 2365//2365 2237//2237 2612//2612
f 2192//2192 2612//2612 2237//2237
f 2439//2439 2247//2247 2283//2283
f 2320//2320 2684//2684 2322//2322
f 2106//2106 2290//2290 2371//2371
f 2430//2430 2134//2134 2641//2641
f 2287//2287 2641//2641 2134//2134
f 2256//2256 2226//2226 2371//2371
f 2371//2371 2226//2226 2102//2102
f 2458//2458 2134//2134 2430//2430
f 2576//2576 2353//2353 2359//2359
f 2353//2353 2378//2378 2359//2359
f 2165//2165 2472//2472 2210//2210
f 1908//1908 2242//2242 2258//2258
f 2172//2172 2146//2146 2288//2288
f 2288//2288 2146//2146 2269//2269
f 1933//1933 2593//2593 1971//1971
f 2318//2318 2161//2161 2231//2231
f 2162//2162 2280//2280 2004//2004
f 1963//1963 2222//2222 2162//2162
f 2388//2388 2004//2004 2280//2280
f 2036//2036 2080//2080 2004//2004
f 2036//2036 2004//2004 2388//2388
f 2036//2036 2388//2388 2124//2124
f 2124//2124 2388//2388 2089//2089
f 2089//2089 2254//2254 2150//2150
f 2254//2254 2089//2089 2388//2388
f 2089//2089 1812//1812 2265//2265
f 2137//2137 2222//2222 2138//2138
f 2314//2314 1769//1769 2410//2410
f 1890//1890 2743//2743 1641//1641
f 1907//1907 2322//2322 1881//1881
f 1738//1738 2385//2385 2180//2180
f 1633//1633 2124//2124 1867//1867
f 1323//1323 1909//1909 1867//1867
f 1902//1902 1867//1867 2456//2456
f 2089//2089 2195//2195 2124//2124
f 1867//1867 2124//2124 2195//2195
f 2283//2283 2333//2333 1975//1975
f 2128//2128 2108//2108 2106//2106
f 2277//2277 2128//2128 2106//2106
f 2128//2128 2277//2277 2390//2390
f 2106//2106 2108//2108 1940//1940
f 2128//2128 2290//2290 2108//2108
f 1940//1940 1861//1861 2290//2290
f 2108//2108 2290//2290 1861//1861
f 2128//2128 1837//1837 2290//2290
f 2290//2290 1837//1837 2256//2256
f 2256//2256 1837//1837 2226//2226
f 2187//2187 1907//1907 2378//2378
f 2067//2067 2353//2353 1966//1966
f 2181//2181 1841//1841 2021//2021
f 1841//1841 2181//2181 1762//1762
f 1845//1845 2318//2318 2079//2079
f 2349//2349 2079//2079 2318//2318
f 2079//2079 2349//2349 2289//2289
f 2079//2079 2289//2289 2346//2346
f 2289//2289 3017//3017 2346//2346
f 1963//1963 2004//2004 2036//2036
f 1963//1963 2162//2162 2004//2004
f 1963//1963 2023//2023 2222//2222
f 1653//1653 2080//2080 2004//2004
f 2078//2078 2004//2004 2080//2080
f 2078//2078 2036//2036 2004//2004
f 2036//2036 2078//2078 2080//2080
f 2124//2124 1812//1812 2036//2036
f 1733//1733 2089//2089 2150//2150
f 1733//1733 1812//1812 2089//2089
f 1861//1861 1940//1940 1700//1700
f 2353//2353 2067//2067 1940//1940
f 2067//2067 1700//1700 1940//1940
f 2067//2067 1966//1966 1700//1700
f 1949//1949 1827//1827 1867//1867
f 1781//1781 2051//2051 2102//2102
f 1781//1781 2102//2102 2226//2226
f 2049//2049 1323//1323 2285//2285
f 1529//1529 2051//2051 1323//1323
f 1323//1323 2051//2051 2285//2285
f 1837//1837 1719//1719 2040//2040
f 1945//1945 2188//2188 2192//2192
f 1763//1763 2188//2188 1945//1945
f 2188//2188 1837//1837 2134//2134
f 2080//2080 1789//1789 1881//1881
f 1789//1789 1699//1699 1881//1881
f 2051//2051 1700//1700 1966//1966
f 1700//1700 2051//2051 1781//1781
f 1917//1917 2051//2051 1529//1529
f 2051//2051 1917//1917 1813//1813
f 1911//1911 1719//1719 1837//1837
f 1797//1797 2188//2188 1763//1763
f 2192//2192 1763//1763 1945//1945
f 2188//2188 1804//1804 1837//1837
f 1732//1732 1925//1925 2107//2107
f 1830//1830 1883//1883 1947//1947
f 1830//1830 1947//1947 1854//1854
f 1620//1620 2099//2099 1830//1830
f 2099//2099 1620//1620 1947//1947
f 1620//1620 1763//1763 1947//1947
f 1854//1854 1947//1947 1951//1951
f 2040//2040 1854//1854 1951//1951
f 1854//1854 2040//2040 1719//1719
f 1625//1625 1895//1895 1897//1897
f 1895//1895 1625//1625 1942//1942
f 1625//1625 1954//1954 1942//1942
f 1688//1688 1956//1956 1954//1954
f 1688//1688 1925//1925 1956//1956
f 1916//1916 1653//1653 1913//1913
f 1259//1259 1835//1835 2028//2028
f 1749//1749 2028//2028 2036//2036
f 1525//1525 1733//1733 1424//1424
f 1525//1525 1740//1740 1733//1733
f 1662//1662 1701//1701 1729//1729
f 1724//1724 1729//1729 1604//1604
f 1705//1705 1729//1729 1724//1724
f 1605//1605 1742//1742 1381//1381
f 1646//1646 1742//1742 1605//1605
f 1742//1742 1646//1646 1793//1793
f 1526//1526 1793//1793 1401//1401
f 1791//1791 1494//1494 1806//1806
f 1494//1494 1791//1791 1713//1713
f 1516//1516 1673//1673 1834//1834
f 1568//1568 1674//1674 1808//1808
f 1568//1568 1808//1808 1669//1669
f 1450//1450 1525//1525 1633//1633
f 1383//1383 1430//1430 1702//1702
f 1596//1596 1290//1290 1539//1539
f 1510//1510 1311//1311 1533//1533
f 1536//1536 1610//1610 1311//1311
f 1311//1311 1610//1610 1536//1536
f 1311//1311 1391//1391 1610//1610
f 1205//1205 1587//1587 1389//1389
f 1516//1516 1674//1674 1474//1474
f 1474//1474 1674//1674 1315//1315
f 1258//1258 1205//1205 1323//1323
f 1324//1324 1279//1279 1621//1621
f 1444//1444 1619//1619 1123//1123
f 1123//1123 1619//1619 1518//1518
f 1516//1516 1474//1474 1315//1315
f 1383//1383 1165//1165 1718//1718
f 1383//1383 1458//1458 1200//1200
f 1342//1342 1472//1472 1471//1471
f 1251//1251 1643//1643 1296//1296
f 1472//1472 1394//1394 1196//1196
f 1028//1028 1124//1124 953//953
f 953//953 1124//1124 1409//1409
f 824//824 1293//1293 1201//1201
f 1293//1293 916//916 1201//1201
f 824//824 1201//1201 916//916
f 1199//1199 916//916 1293//1293
f 916//916 1199//1199 941//941
f 941//941 1199//1199 1579//1579
f 1039//1039 1095//1095 1334//1334
f 1198//1198 1334//1334 1095//1095
f 904//904 833//833 1204//1204
f 1140//1140 1175//1175 718//718
f 1175//1175 1140//1140 1206//1206
f 852//852 1125//1125 1261//1261
f 867//867 1113//1113 1052//1052
f 1070//1070 1113//1113 867//867
f 867//867 1052//1052 861//861
f 867//867 1067//1067 1070//1070
f 1070//1070 1089//1089 1083//1083
f 1068//1068 1083//1083 1089//1089
f 1068//1068 1099//1099 1083//1083
f 948//948 912//912 964//964
f 912//912 868//868 964//964
f 951//951 825//825 1197//1197
f 1197//1197 938//938 951//951
f 825//825 951//951 938//938
f 986//986 938//938 1236//1236
f 785//785 813//813 900//900
f 755//755 811//811 828//828
f 682//682 742//742 790//790
f 651//651 617//617 800//800
f 614//614 547//547 694//694
f 607//607 610//610 597//597
f 578//578 522//522 414//414
f 569//569 414//414 570//570
f 569//569 578//578 414//414
f 750//750 368//368 256//256
f 600//600 368//368 750//750
f 251//251 408//408 490//490
f 505//505 577//577 253//253
f 445//445 408//408 309//309
f 236//236 606//606 513//513
f 363//363 473//473 484//484
f 484//484 355//355 218//218
f 473//473 355//355 484//484
f 431//431 218//218 457//457
f 597//597 218//218 431//431
f 479//479 434//434 566//566
f 478//478 457//457 218//218
f 478//478 479//479 457//457
f 417//417 457//457 566//566
f 434//434 424//424 566//566
f 417//417 431//431 457//457
f 221//221 448//448 527//527
f 448//448 221//221 331//331
f 331//331 434//434 443//443
f 177//177 159//159 184//184
f 127//127 136//136 184//184
f 159//159 127//127 184//184
f 156//156 143//143 106//106
f 101//101 156//156 106//106
f 109//109 147//147 112//112
f 147//147 109//109 106//106
f 113//113 112//112 147//147
f 112//112 113//113 231//231
f 4437//4437 49//49 93//93
f 4430//4430 4429//4429 4435//4435
f 4430//4430 4329//4329 4327//4327
f 4430//4430 4435//4435 4329//4329
f 4434//4434 4382//4382 70//70
f 4327//4327 4434//4434 4427//4427
f 4429//4429 4327//4327 4427//4427
f 4184//4184 4268//4268 4266//4266
f 4213//4213 4301//4301 4359//4359
f 4260//4260 4213//4213 4359//4359
f 4117//4117 4124//4124 4289//4289
f 4167//4167 4208//4208 4232//4232
f 4159//4159 4110//4110 4136//4136
f 4318//4318 4122//4122 4238//4238
f 4119//4119 4057//4057 4358//4358
f 4358//4358 4057//4057 4116//4116
f 4202//4202 4336//4336 4111//4111
f 4124//4124 4117//4117 4059//4059
f 4100//4100 4059//4059 4232//4232
f 4117//4117 4149//4149 4232//4232
f 4198//4198 4199//4199 4218//4218
f 4079//4079 4218//4218 4179//4179
f 4179//4179 4218//4218 4217//4217
f 4200//4200 4217//4217 4218//4218
f 4200//4200 4218//4218 4217//4217
f 4218//4218 4199//4199 4198//4198
f 3818//3818 4277//4277 4216//4216
f 4332//4332 3930//3930 4216//4216
f 3912//3912 4173//4173 4018//4018
f 3909//3909 3989//3989 4072//4072
f 4072//4072 4299//4299 4029//4029
f 4249//4249 4073//4073 4029//4029
f 4073//4073 4249//4249 3887//3887
f 3887//3887 4267//4267 4123//4123
f 3997//3997 3887//3887 4123//4123
f 4088//4088 4094//4094 4186//4186
f 4186//4186 4094//4094 3994//3994
f 3513//3513 3994//3994 4094//4094
f 4227//4227 3830//3830 4147//4147
f 4052//4052 4019//4019 4095//4095
f 4095//4095 4019//4019 4096//4096
f 4255//4255 3859//3859 4204//4204
f 3940//3940 4204//4204 3859//3859
f 3859//3859 4255//4255 4165//4165
f 4065//4065 3940//3940 4074//4074
f 3940//3940 3928//3928 4074//4074
f 4002//4002 3931//3931 4165//4165
f 3928//3928 4120//4120 4074//4074
f 4074//4074 4120//4120 4065//4065
f 3956//3956 4169//4169 3863//3863
f 3956//3956 3951//3951 3990//3990
f 4055//4055 4053//4053 3883//3883
f 4055//4055 3883//3883 3845//3845
f 3714//3714 4055//4055 3845//3845
f 3714//3714 3972//3972 4055//4055
f 3949//3949 4055//4055 3972//3972
f 3949//3949 4053//4053 4055//4055
f 4052//4052 3709//3709 4019//4019
f 3938//3938 4019//4019 3709//3709
f 3831//3831 3902//3902 4070//4070
f 3875//3875 3662//3662 3955//3955
f 3850//3850 4006//4006 3781//3781
f 3918//3918 3955//3955 3810//3810
f 3620//3620 4099//4099 3737//3737
f 3737//3737 3962//3962 3939//3939
f 4003//4003 4015//4015 3324//3324
f 3981//3981 3944//3944 4285//4285
f 3671//3671 3846//3846 4219//4219
f 3662//3662 3731//3731 3955//3955
f 3662//3662 4005//4005 3620//3620
f 3607//3607 4096//4096 3872//3872
f 3959//3959 4045//4045 3871//3871
f 3924//3924 3903//3903 3938//3938
f 3821//3821 3903//3903 4007//4007
f 3821//3821 4007//4007 3990//3990
f 3821//3821 3990//3990 3951//3951
f 3725//3725 3938//3938 3903//3903
f 3938//3938 3725//3725 4002//4002
f 3831//3831 3806//3806 3902//3902
f 3863//3863 4169//4169 3973//3973
f 3706//3706 3822//3822 3530//3530
f 3709//3709 4052//4052 3503//3503
f 3794//3794 3712//3712 3949//3949
f 3716//3716 3712//3712 3794//3794
f 3794//3794 3949//3949 3576//3576
f 4016//4016 4013//4013 3520//3520
f 3452//3452 3871//3871 3688//3688
f 3735//3735 3871//3871 3452//3452
f 3879//3879 3959//3959 3470//3470
f 3843//3843 3766//3766 3801//3801
f 3722//3722 3766//3766 3843//3843
f 3801//3801 3663//3663 3843//3843
f 3843//3843 3663//3663 3616//3616
f 3731//3731 3662//3662 3707//3707
f 3707//3707 3662//3662 3508//3508
f 3750//3750 3508//3508 3918//3918
f 3750//3750 3918//3918 3416//3416
f 3947//3947 3823//3823 3324//3324
f 3749//3749 3689//3689 3911//3911
f 3689//3689 3910//3910 3911//3911
f 3910//3910 3592//3592 3893//3893
f 3893//3893 3592//3592 3781//3781
f 3955//3955 3731//3731 3461//3461
f 3955//3955 3461//3461 3810//3810
f 3416//3416 3918//3918 3810//3810
f 3353//3353 3810//3810 4004//4004
f 3353//3353 4004//4004 3882//3882
f 3951//3951 3863//3863 3432//3432
f 3758//3758 3611//3611 3757//3757
f 3856//3856 3719//3719 3757//3757
f 3757//3757 3666//3666 3758//3758
f 3666//3666 3757//3757 3719//3719
f 3666//3666 3719//3719 3659//3659
f 3304//3304 3978//3978 3778//3778
f 3356//3356 3769//3769 3614//3614
f 3640//3640 3941//3941 3769//3769
f 3777//3777 3850//3850 3550//3550
f 3569//3569 3274//3274 3850//3850
f 3850//3850 3274//3274 3636//3636
f 3664//3664 3600//3600 3763//3763
f 3627//3627 3600//3600 3664//3664
f 3088//3088 3627//3627 3619//3619
f 3381//3381 3960//3960 3775//3775
f 3721//3721 3475//3475 3767//3767
f 3475//3475 3446//3446 3767//3767
f 3196//3196 3475//3475 3712//3712
f 3712//3712 3475//3475 3721//3721
f 3576//3576 3382//3382 3520//3520
f 3536//3536 3259//3259 3440//3440
f 3781//3781 3274//3274 3569//3569
f 3238//3238 3686//3686 3356//3356
f 3436//3436 3356//3356 3686//3686
f 3146//3146 3554//3554 3645//3645
f 3445//3445 3509//3509 3557//3557
f 3557//3557 3509//3509 3780//3780
f 3457//3457 3687//3687 3509//3509
f 3606//3606 3362//3362 3504//3504
f 3504//3504 3362//3362 3131//3131
f 3611//3611 3489//3489 3310//3310
f 3398//3398 3605//3605 3476//3476
f 3406//3406 3240//3240 3696//3696
f 3692//3692 3240//3240 3406//3406
f 3285//3285 3240//3240 3692//3692
f 3321//3321 3454//3454 3468//3468
f 3454//3454 3321//3321 3144//3144
f 3454//3454 3411//3411 3339//3339
f 3422//3422 3648//3648 3251//3251
f 3208//3208 3406//3406 3241//3241
f 3326//3326 3186//3186 3274//3274
f 3605//3605 3204//3204 3220//3220
f 3384//3384 3309//3309 3397//3397
f 3397//3397 3605//3605 3349//3349
f 2935//2935 3403//3403 3173//3173
f 3329//3329 3345//3345 3506//3506
f 3459//3459 3129//3129 3506//3506
f 3202//3202 3506//3506 3129//3129
f 3224//3224 3109//3109 3312//3312
f 3072//3072 3164//3164 3312//3312
f 3225//3225 3279//3279 3164//3164
f 3109//3109 3072//3072 3312//3312
f 3278//3278 2996//2996 3072//3072
f 3107//3107 3072//3072 3258//3258
f 3072//3072 3107//3107 3278//3278
f 2927//2927 3249//3249 2858//2858
f 3320//3320 2813//2813 2897//2897
f 2813//2813 3320//3320 3061//3061
f 3313//3313 3123//3123 3284//3284
f 3123//3123 3348//3348 3284//3284
f 3348//3348 3123//3123 3179//3179
f 3160//3160 3297//3297 3123//3123
f 3201//3201 3179//3179 3123//3123
f 3096//3096 3348//3348 3179//3179
f 3096//3096 3421//3421 3348//3348
f 3155//3155 3421//3421 3096//3096
f 3281//3281 3155//3155 3283//3283
f 3155//3155 3281//3281 3205//3205
f 3187//3187 3043//3043 3211//3211
f 3727//3727 3133//3133 3039//3039
f 3133//3133 3176//3176 3039//3039
f 3128//3128 3207//3207 2901//2901
f 3128//3128 3025//3025 3207//3207
f 3094//3094 3147//3147 3254//3254
f 3094//3094 3282//3282 3147//3147
f 3094//3094 3098//3098 3282//3282
f 3040//3040 2883//2883 3189//3189
f 2991//2991 3040//3040 3385//3385
f 3043//3043 3051//3051 3211//3211
f 3051//3051 3030//3030 3211//3211
f 3522//3522 3020//3020 3201//3201
f 2929//2929 2904//2904 3056//3056
f 2953//2953 3056//3056 2904//2904
f 2953//2953 2849//2849 3056//3056
f 2904//2904 2849//2849 2953//2953
f 2884//2884 2849//2849 2596//2596
f 2596//2596 2849//2849 2558//2558
f 2854//2854 2849//2849 2904//2904
f 2849//2849 2854//2854 3081//3081
f 2922//2922 3081//3081 2854//2854
f 2849//2849 2884//2884 3154//3154
f 3154//3154 2884//2884 2797//2797
f 2849//2849 3081//3081 2607//2607
f 2607//2607 3081//3081 2797//2797
f 3154//3154 2797//2797 3083//3083
f 2797//2797 3081//3081 3083//3083
f 2911//2911 2809//2809 3070//3070
f 2952//2952 2913//2913 2862//2862
f 2748//2748 2862//2862 2913//2913
f 2982//2982 3001//3001 2938//2938
f 2903//2903 2747//2747 3099//3099
f 2615//2615 2776//2776 2895//2895
f 2895//2895 2776//2776 2890//2890
f 2776//2776 2747//2747 2903//2903
f 2747//2747 2895//2895 3099//3099
f 2860//2860 2615//2615 2895//2895
f 2860//2860 2895//2895 2968//2968
f 2891//2891 2968//2968 2895//2895
f 2968//2968 2895//2895 2872//2872
f 2964//2964 2895//2895 2968//2968
f 2725//2725 2970//2970 2619//2619
f 2849//2849 2485//2485 2558//2558
f 2884//2884 2553//2553 2797//2797
f 2682//2682 2765//2765 2661//2661
f 2778//2778 2989//2989 2814//2814
f 3061//3061 2713//2713 2788//2788
f 2770//2770 2808//2808 2614//2614
f 2516//2516 2915//2915 2914//2914
f 2433//2433 2815//2815 2537//2537
f 2641//2641 2645//2645 2585//2585
f 2652//2652 2818//2818 2613//2613
f 2652//2652 2758//2758 2818//2818
f 2430//2430 2585//2585 2458//2458
f 2652//2652 2576//2576 2678//2678
f 2758//2758 2652//2652 2678//2678
f 2885//2885 2734//2734 2456//2456
f 2482//2482 2737//2737 2547//2547
f 2762//2762 2533//2533 2594//2594
f 2737//2737 2482//2482 2649//2649
f 2530//2530 2352//2352 2594//2594
f 2121//2121 2863//2863 2623//2623
f 2794//2794 2863//2863 2856//2856
f 2641//2641 2585//2585 2430//2430
f 2684//2684 2701//2701 2322//2322
f 2285//2285 2576//2576 2734//2734
f 2576//2576 2456//2456 2734//2734
f 2645//2645 2546//2546 2414//2414
f 2699//2699 2456//2456 2611//2611
f 2548//2548 2456//2456 2462//2462
f 2631//2631 2460//2460 2694//2694
f 2548//2548 2611//2611 2456//2456
f 1641//1641 2743//2743 1769//1769
f 2316//2316 2926//2926 2760//2760
f 2247//2247 2439//2439 2536//2536
f 2388//2388 2417//2417 2478//2478
f 2388//2388 2478//2478 2254//2254
f 2460//2460 2631//2631 2265//2265
f 2089//2089 2265//2265 2631//2631
f 2511//2511 2643//2643 2396//2396
f 2265//2265 2499//2499 2740//2740
f 2218//2218 2555//2555 2393//2393
f 2444//2444 2479//2479 2454//2454
f 2444//2444 2437//2437 2479//2479
f 2444//2444 2252//2252 2603//2603
f 2525//2525 2252//2252 2444//2444
f 2603//2603 2252//2252 2442//2442
f 1946//1946 2442//2442 2252//2252
f 2147//2147 2368//2368 2582//2582
f 2185//2185 2272//2272 2300//2300
f 2356//2356 2267//2267 2733//2733
f 2346//2346 3017//3017 2429//2429
f 2230//2230 2358//2358 1987//1987
f 2551//2551 2426//2426 2358//2358
f 2076//2076 2228//2228 1989//1989
f 2240//2240 2215//2215 2228//2228
f 2240//2240 2228//2228 2117//2117
f 2212//2212 2214//2214 2308//2308
f 2171//2171 2308//2308 1989//1989
f 2129//2129 1989//1989 2308//2308
f 1989//1989 2228//2228 2076//2076
f 2214//2214 2129//2129 2308//2308
f 1866//1866 2178//2178 2058//2058
f 1935//1935 1918//1918 2279//2279
f 2107//2107 2153//2153 1732//1732
f 1947//1947 2132//2132 2099//2099
f 2192//2192 2246//2246 1763//1763
f 2033//2033 2002//2002 2255//2255
f 2061//2061 1730//1730 1860//1860
f 1866//1866 2058//2058 2060//2060
f 2057//2057 2109//2109 2224//2224
f 2058//2058 2109//2109 2057//2057
f 2058//2058 2202//2202 2109//2109
f 2058//2058 1962//1962 2202//2202
f 1671//1671 1953//1953 2145//2145
f 2193//2193 1671//1671 1849//1849
f 1962//1962 1671//1671 2202//2202
f 1962//1962 1953//1953 1671//1671
f 2133//2133 2135//2135 1953//1953
f 2008//2008 2233//2233 2133//2133
f 1664//1664 1754//1754 2086//2086
f 2055//2055 1648//1648 2086//2086
f 1381//1381 2149//2149 1959//1959
f 1742//1742 2149//2149 1381//1381
f 1544//1544 2250//2250 2189//2189
f 1544//1544 2189//2189 2324//2324
f 1626//1626 1893//1893 1971//1971
f 1828//1828 2026//2026 1859//1859
f 1626//1626 1971//1971 1757//1757
f 1735//1735 2236//2236 1487//1487
f 1653//1653 1838//1838 1903//1903
f 1833//1833 1832//1832 2050//2050
f 1894//1894 1628//1628 1826//1826
f 1628//1628 1878//1878 1856//1856
f 2297//2297 1610//1610 1912//1912
f 1614//1614 1391//1391 1809//1809
f 1904//1904 1614//1614 1809//1809
f 1614//1614 1628//1628 1894//1894
f 1513//1513 1512//1512 1585//1585
f 1512//1512 1545//1545 1737//1737
f 1545//1545 1599//1599 1737//1737
f 1716//1716 1551//1551 1629//1629
f 1551//1551 1716//1716 1765//1765
f 1560//1560 1555//1555 1711//1711
f 1612//1612 1663//1663 1574//1574
f 1559//1559 1617//1617 1612//1612
f 1617//1617 1559//1559 1558//1558
f 1551//1551 1558//1558 1559//1559
f 1551//1551 1607//1607 1558//1558
f 1607//1607 1551//1551 1557//1557
f 1551//1551 1467//1467 1616//1616
f 1551//1551 1616//1616 1557//1557
f 1641//1641 1331//1331 1428//1428
f 1230//1230 1498//1498 1278//1278
f 1320//1320 1563//1563 1494//1494
f 1694//1694 1542//1542 1555//1555
f 1606//1606 1321//1321 1556//1556
f 1380//1380 1293//1293 1639//1639
f 1362//1362 1325//1325 1718//1718
f 1341//1341 1319//1319 1718//1718
f 1372//1372 1362//1362 1336//1336
f 1136//1136 1680//1680 1137//1137
f 1336//1336 1680//1680 1136//1136
f 1055//1055 1267//1267 1336//1336
f 1400//1400 1299//1299 1185//1185
f 1336//1336 1267//1267 1444//1444
f 1203//1203 1444//1444 1267//1267
f 1265//1265 1444//1444 1203//1203
f 1299//1299 1400//1400 1444//1444
f 1329//1329 1278//1278 1459//1459
f 1230//1230 1326//1326 1426//1426
f 1326//1326 1230//1230 1233//1233
f 1075//1075 1008//1008 1024//1024
f 1059//1059 1024//1024 1008//1008
f 1053//1053 1145//1145 1102//1102
f 970//970 1053//1053 1102//1102
f 1098//1098 1097//1097 1053//1053
f 935//935 1053//1053 970//970
f 935//935 1098//1098 1053//1053
f 935//935 1097//1097 1098//1098
f 942//942 1001//1001 1051//1051
f 1108//1108 942//942 1071//1071
f 1093//1093 942//942 1051//1051
f 955//955 942//942 1108//1108
f 949//949 849//849 892//892
f 917//917 843//843 1014//1014
f 845//845 817//817 949//949
f 817//817 849//849 949//949
f 892//892 816//816 843//843
f 892//892 849//849 816//816
f 796//796 752//752 799//799
f 756//756 624//624 913//913
f 913//913 525//525 756//756
f 731//731 738//738 853//853
f 669//669 837//837 582//582
f 684//684 777//777 837//837
f 777//777 582//582 837//837
f 773//773 990//990 761//761
f 747//747 633//633 585//585
f 561//561 633//633 747//747
f 990//990 773//773 745//745
f 773//773 706//706 745//745
f 706//706 773//773 860//860
f 672//672 671//671 977//977
f 977//977 671//671 719//719
f 603//603 719//719 671//671
f 719//719 603//603 803//803
f 672//672 711//711 840//840
f 672//672 1171//1171 665//665
f 672//672 840//840 1171//1171
f 711//711 672//672 802//802
f 584//584 802//802 672//672
f 584//584 545//545 802//802
f 545//545 664//664 802//802
f 512//512 715//715 791//791
f 595//595 654//654 542//542
f 713//713 654//654 595//595
f 886//886 620//620 542//542
f 620//620 886//886 510//510
f 659//659 606//606 660//660
f 445//445 592//592 408//408
f 658//658 606//606 659//659
f 513//513 606//606 658//658
f 606//606 572//572 591//591
f 572//572 642//642 513//513
f 642//642 673//673 462//462
f 505//505 642//642 572//572
f 580//580 521//521 329//329
f 575//575 573//573 521//521
f 579//579 329//329 521//521
f 579//579 521//521 573//573
f 575//575 521//521 317//317
f 522//522 742//742 414//414
f 677//677 560//560 522//522
f 442//442 522//522 468//468
f 442//442 468//468 522//522
f 409//409 408//408 251//251
f 465//465 606//606 427//427
f 427//427 236//236 465//465
f 465//465 236//236 577//577
f 236//236 253//253 577//577
f 287//287 188//188 266//266
f 287//287 300//300 188//188
f 217//217 188//188 219//219
f 307//307 306//306 219//219
f 188//188 300//300 219//219
f 307//307 219//219 300//300
f 206//206 198//198 219//219
f 269//269 206//206 219//219
f 269//269 219//219 306//306
f 306//306 307//307 300//300
f 289//289 255//255 331//331
f 331//331 527//527 289//289
f 331//331 221//221 527//527
f 198//198 206//206 424//424
f 424//424 206//206 197//197
f 588//588 185//185 338//338
f 379//379 338//338 185//185
f 231//231 126//126 132//132
f 165//165 120//120 117//117
f 117//117 120//120 116//116
f 99//99 252//252 114//114
f 103//103 125//125 99//99
f 125//125 105//105 365//365
f 110//110 212//212 365//365
f 110//110 107//107 212//212
f 4421//4421 18//18 4310//4310
f 4310//4310 18//18 70//70
f 4337//4337 4351//4351 70//70
f 4382//4382 4337//4337 70//70
f 4310//4310 70//70 4351//4351
f 4390//4390 4101//4101 4250//4250
f 3658//3658 4101//4101 4390//4390
f 4390//4390 4302//4302 3658//3658
f 4130//4130 4384//4384 4290//4290
f 4130//4130 4302//4302 4384//4384
f 4258//4258 4192//4192 4339//4339
f 4311//4311 4258//4258 4272//4272
f 4140//4140 4261//4261 4048//4048
f 4048//4048 4261//4261 4156//4156
f 4155//4155 4156//4156 4261//4261
f 4155//4155 3932//3932 4156//4156
f 3932//3932 4034//4034 4156//4156
f 4040//4040 4082//4082 4115//4115
f 3824//3824 4082//4082 4048//4048
f 4040//4040 4048//4048 4082//4082
f 3992//3992 3824//3824 4048//4048
f 3992//3992 4048//4048 4156//4156
f 3620//3620 4005//4005 3996//3996
f 4003//4003 3899//3899 3995//3995
f 3875//3875 4003//4003 4005//4005
f 4005//4005 4003//4003 4099//4099
f 4003//4003 3749//3749 4222//4222
f 4003//4003 3995//3995 4015//4015
f 3944//3944 4091//4091 4285//4285
f 3981//3981 4001//4001 3983//3983
f 3981//3981 3983//3983 3982//3982
f 3846//3846 3981//3981 4219//4219
f 3913//3913 3862//3862 3970//3970
f 3739//3739 4147//4147 3937//3937
f 4102//4102 3920//3920 3838//3838
f 3933//3933 3838//3838 3920//3920
f 3838//3838 3933//3933 4048//4048
f 3680//3680 3710//3710 3766//3766
f 3576//3576 3949//3949 3782//3782
f 3721//3721 3767//3767 3943//3943
f 3881//3881 3767//3767 3973//3973
f 3712//3712 3721//3721 4049//4049
f 4049//4049 3721//3721 4022//4022
f 3949//3949 3712//3712 4049//4049
f 3794//3794 3949//3949 4049//4049
f 3694//3694 3716//3716 3881//3881
f 3716//3716 3794//3794 3881//3881
f 3881//3881 3794//3794 4049//4049
f 3782//3782 3883//3883 3888//3888
f 3608//3608 3815//3815 3883//3883
f 3822//3822 3706//3706 4047//4047
f 3805//3805 3788//3788 3848//3848
f 3960//3960 3619//3619 3819//3819
f 3986//3986 3664//3664 3544//3544
f 3812//3812 3969//3969 3775//3775
f 3775//3775 3678//3678 3812//3812
f 3812//3812 3678//3678 4010//4010
f 3775//3775 3960//3960 3812//3812
f 3768//3768 4038//4038 3678//3678
f 3805//3805 3841//3841 3664//3664
f 3542//3542 3664//3664 3841//3841
f 3571//3571 3973//3973 3303//3303
f 3571//3571 3863//3863 3973//3973
f 3432//3432 3863//3863 3571//3571
f 3611//3611 3758//3758 3782//3782
f 3782//3782 3758//3758 3666//3666
f 3782//3782 3666//3666 3576//3576
f 3856//3856 3782//3782 3719//3719
f 3719//3719 3782//3782 3949//3949
f 3659//3659 3719//3719 3949//3949
f 3714//3714 3659//3659 3972//3972
f 3714//3714 3845//3845 3672//3672
f 4009//4009 3655//3655 3299//3299
f 3857//3857 3308//3308 4114//4114
f 3720//3720 3607//3607 3532//3532
f 3959//3959 3735//3735 3553//3553
f 3709//3709 3787//3787 3800//3800
f 3766//3766 3722//3722 3646//3646
f 3411//3411 3648//3648 3922//3922
f 3647//3647 3711//3711 3371//3371
f 3711//3711 3670//3670 3371//3371
f 3392//3392 3590//3590 3670//3670
f 3769//3769 3356//3356 3640//3640
f 3645//3645 3704//3704 3710//3710
f 3554//3554 3704//3704 3645//3645
f 3605//3605 3589//3589 3603//3603
f 3605//3605 3220//3220 3589//3589
f 3419//3419 3587//3587 3311//3311
f 3643//3643 3311//3311 3587//3587
f 3250//3250 3574//3574 3642//3642
f 3311//3311 3643//3643 3540//3540
f 3574//3574 3250//3250 3436//3436
f 3437//3437 3436//3436 3250//3250
f 3473//3473 3299//3299 3655//3655
f 3443//3443 3519//3519 3528//3528
f 3519//3519 3443//3443 3529//3529
f 3529//3529 3443//3443 3728//3728
f 3508//3508 3443//3443 3613//3613
f 3613//3613 3443//3443 3749//3749
f 3443//3443 3210//3210 3749//3749
f 3425//3425 3443//3443 3508//3508
f 3425//3425 3508//3508 3416//3416
f 3689//3689 3199//3199 3604//3604
f 3592//3592 3425//3425 3781//3781
f 3199//3199 3425//3425 3592//3592
f 3592//3592 3604//3604 3199//3199
f 3882//3882 3192//3192 3353//3353
f 3636//3636 3431//3431 3192//3192
f 3210//3210 3689//3689 3749//3749
f 2948//2948 3781//3781 3425//3425
f 3781//3781 3326//3326 3274//3274
f 3149//3149 3221//3221 3510//3510
f 3468//3468 3802//3802 3221//3221
f 3364//3364 3273//3273 3350//3350
f 2974//2974 3352//3352 3203//3203
f 3301//3301 3306//3306 3229//3229
f 3447//3447 3137//3137 3342//3342
f 3137//3137 3447//3447 3359//3359
f 2996//2996 3278//3278 3415//3415
f 2996//2996 3415//3415 3342//3342
f 3277//3277 3535//3535 2855//2855
f 2855//2855 3230//3230 3277//3277
f 2902//2902 3359//3359 3005//3005
f 3214//3214 3359//3359 3223//3223
f 3005//3005 3359//3359 3419//3419
f 3198//3198 3335//3335 3303//3303
f 3198//3198 3446//3446 3007//3007
f 3446//3446 3198//3198 3303//3303
f 3297//3297 3313//3313 3284//3284
f 3123//3123 3297//3297 3284//3284
f 2772//2772 3266//3266 3283//3283
f 3421//3421 3155//3155 3281//3281
f 3205//3205 3281//3281 3155//3155
f 3268//3268 3165//3165 3412//3412
f 3268//3268 3412//3412 3108//3108
f 3187//3187 3383//3383 3043//3043
f 3297//3297 3043//3043 3561//3561
f 3187//3187 3189//3189 3383//3383
f 3308//3308 3114//3114 3266//3266
f 3114//3114 3283//3283 3266//3266
f 3075//3075 3402//3402 3283//3283
f 2862//2862 3691//3691 3069//3069
f 2748//2748 3118//3118 3691//3691
f 2982//2982 3118//3118 2748//2748
f 3103//3103 2938//2938 3195//3195
f 3075//3075 3283//3283 3114//3114
f 3075//3075 3099//3099 3103//3103
f 2979//2979 3394//3394 3467//3467
f 3002//3002 3298//3298 3077//3077
f 3298//3298 3002//3002 3162//3162
f 2677//2677 3043//3043 2977//2977
f 2677//2677 3051//3051 3043//3043
f 2883//2883 3040//3040 2991//2991
f 2905//2905 2991//2991 3385//3385
f 2905//2905 3385//3385 3022//3022
f 3051//3051 2993//2993 3030//3030
f 2925//2925 3069//3069 3300//3300
f 2384//2384 3018//3018 2834//2834
f 3126//3126 2800//2800 3018//3018
f 3097//3097 3018//3018 2800//2800
f 3124//3124 2957//2957 3082//3082
f 2916//2916 2738//2738 2994//2994
f 2738//2738 3034//3034 2994//2994
f 2956//2956 3042//3042 3082//3082
f 3036//3036 2568//2568 2484//2484
f 2568//2568 3042//3042 2705//2705
f 2568//2568 3036//3036 3042//3042
f 2916//2916 2994//2994 2956//2956
f 2705//2705 3042//3042 3334//3334
f 3062//3062 3034//3034 2696//2696
f 2728//2728 3172//3172 3062//3062
f 2840//2840 3180//3180 2936//2936
f 2907//2907 2720//2720 2539//2539
f 2720//2720 2907//2907 2867//2867
f 2914//2914 3089//3089 2476//2476
f 2714//2714 2887//2887 2764//2764
f 2651//2651 2708//2708 3000//3000
f 2996//2996 2909//2909 2701//2701
f 2708//2708 3076//3076 2701//2701
f 2708//2708 2829//2829 3109//3109
f 2814//2814 2858//2858 2853//2853
f 2853//2853 2897//2897 2814//2814
f 2813//2813 2814//2814 2897//2897
f 2633//2633 3061//3061 2788//2788
f 2633//2633 2813//2813 3061//3061
f 2713//2713 2780//2780 2742//2742
f 2713//2713 2744//2744 2780//2780
f 3049//3049 2713//2713 3061//3061
f 2713//2713 3008//3008 2566//2566
f 2566//2566 3008//3008 2919//2919
f 2566//2566 2919//2919 2770//2770
f 2770//2770 2919//2919 2808//2808
f 2956//2956 3082//3082 2386//2386
f 2916//2916 2956//2956 2738//2738
f 2738//2738 2705//2705 3334//3334
f 2738//2738 3334//3334 2862//2862
f 2738//2738 2862//2862 2404//2404
f 2696//2696 3034//3034 2738//2738
f 3062//3062 2696//2696 2300//2300
f 2365//2365 2937//2937 2871//2871
f 2750//2750 2937//2937 2365//2365
f 2612//2612 2587//2587 2365//2365
f 2803//2803 3171//3171 2774//2774
f 2536//2536 3168//3168 2866//2866
f 2779//2779 2881//2881 2933//2933
f 2918//2918 2513//2513 2975//2975
f 2513//2513 2371//2371 2975//2975
f 2629//2629 2676//2676 2801//2801
f 2676//2676 2574//2574 2801//2801
f 2772//2772 2817//2817 2721//2721
f 2636//2636 2597//2597 2874//2874
f 2634//2634 2636//2636 2874//2874
f 2634//2634 2682//2682 2325//2325
f 2706//2706 2660//2660 2842//2842
f 2734//2734 3058//3058 2951//2951
f 2631//2631 2311//2311 2548//2548
f 2699//2699 2548//2548 2754//2754
f 2605//2605 2757//2757 2622//2622
f 2694//2694 2757//2757 2635//2635
f 2605//2605 2767//2767 2757//2757
f 2423//2423 2392//2392 2609//2609
f 2609//2609 2392//2392 2632//2632
f 2438//2438 2392//2392 2718//2718
f 2263//2263 2621//2621 2692//2692
f 2873//2873 2692//2692 2621//2621
f 2452//2452 1671//1671 2421//2421
f 2406//2406 2405//2405 2693//2693
f 2812//2812 2540//2540 2093//2093
f 2403//2403 2677//2677 2348//2348
f 2486//2486 2589//2589 2557//2557
f 2403//2403 2486//2486 2527//2527
f 2527//2527 2486//2486 2557//2557
f 2403//2403 2527//2527 2473//2473
f 2557//2557 2291//2291 2835//2835
f 2358//2358 2589//2589 2551//2551
f 2105//2105 2337//2337 2087//2087
f 2425//2425 2370//2370 2367//2367
f 2367//2367 2370//2370 2218//2218
f 2481//2481 2310//2310 2344//2344
f 2302//2302 2281//2281 2310//2310
f 2302//2302 2101//2101 2344//2344
f 2432//2432 2344//2344 2101//2101
f 2117//2117 2228//2228 2544//2544
f 2047//2047 2209//2209 2015//2015
f 2350//2350 1865//1865 2015//2015
f 1865//1865 2350//2350 2260//2260
f 1865//1865 2542//2542 1674//1674
f 1865//1865 2260//2260 2542//2542
f 2191//2191 2400//2400 2189//2189
f 1815//1815 2116//2116 2027//2027
f 1480//1480 2077//2077 2160//2160
f 1480//1480 2160//2160 2457//2457
f 2257//2257 2160//2160 2008//2008
f 2022//2022 2163//2163 1926//1926
f 2022//2022 1814//1814 2182//2182
f 2023//2023 2028//2028 2138//2138
f 1762//1762 2179//2179 1877//1877
f 2028//2028 1877//1877 2179//2179
f 2063//2063 1915//1915 2222//2222
f 1870//1870 2222//2222 1915//1915
f 2150//2150 2222//2222 1870//1870
f 2150//2150 2204//2204 2222//2222
f 1335//1335 2218//2218 1819//1819
f 1335//1335 1784//1784 2218//2218
f 2096//2096 1868//1868 2035//2035
f 1626//1626 2165//2165 1893//1893
f 1924//1924 2472//2472 2165//2165
f 1858//1858 2242//2242 1689//1689
f 1859//1859 2143//2143 1678//1678
f 1974//1974 1971//1971 2038//2038
f 1974//1974 2017//2017 1971//1971
f 1974//1974 2038//2038 2030//2030
f 1832//1832 1788//1788 1974//1974
f 1869//1869 1710//1710 1614//1614
f 2120//2120 1869//1869 1904//1904
f 1930//1930 1874//1874 1746//1746
f 1846//1846 1916//1916 1930//1930
f 1835//1835 1845//1845 2028//2028
f 2028//2028 1845//1845 2079//2079
f 1869//1869 2120//2120 1710//1710
f 1662//1662 2024//2024 2276//2276
f 2079//2079 2024//2024 1662//1662
f 1844//1844 1856//1856 2409//2409
f 2409//2409 1856//1856 2103//2103
f 2098//2098 1519//1519 1710//1710
f 1844//1844 2409//2409 1805//1805
f 1519//1519 1805//1805 2409//2409
f 1803//1803 1519//1519 2409//2409
f 2021//2021 1841//1841 1803//1803
f 2128//2128 2018//2018 1981//1981
f 2018//2018 1751//1751 1981//1981
f 1797//1797 1911//1911 1837//1837
f 1804//1804 1831//1831 1837//1837
f 1700//1700 1824//1824 1861//1861
f 1842//1842 1824//1824 1700//1700
f 1906//1906 1842//1842 2353//2353
f 1431//1431 1827//1827 2353//2353
f 1739//1739 1737//1737 1785//1785
f 1737//1737 1523//1523 1785//1785
f 2097//2097 1790//1790 1578//1578
f 1658//1658 1780//1780 1663//1663
f 1690//1690 1780//1780 1886//1886
f 1392//1392 1635//1635 1980//1980
f 1392//1392 1980//1980 1655//1655
f 1723//1723 1655//1655 1770//1770
f 1493//1493 1852//1852 1316//1316
f 1316//1316 1852//1852 1800//1800
f 1753//1753 1852//1852 1493//1493
f 1744//1744 1852//1852 1753//1753
f 1753//1753 1541//1541 1744//1744
f 1709//1709 1334//1334 1388//1388
f 1591//1591 1388//1388 1334//1334
f 1223//1223 1970//1970 1464//1464
f 1464//1464 1970//1970 1618//1618
f 1531//1531 1970//1970 1223//1223
f 1373//1373 1853//1853 1531//1531
f 1393//1393 1775//1775 1522//1522
f 1979//1979 1388//1388 1775//1775
f 1388//1388 1522//1522 1775//1775
f 1522//1522 1388//1388 1897//1897
f 1595//1595 1897//1897 1388//1388
f 1595//1595 1625//1625 1897//1897
f 1374//1374 1625//1625 1595//1595
f 1954//1954 1625//1625 1374//1374
f 852//852 1514//1514 2014//2014
f 1817//1817 1411//1411 1328//1328
f 1350//1350 1652//1652 1484//1484
f 1556//1556 1799//1799 1585//1585
f 1489//1489 1585//1585 1704//1704
f 1556//1556 1585//1585 1609//1609
f 1609//1609 1585//1585 1799//1799
f 1606//1606 1556//1556 1609//1609
f 1606//1606 1609//1609 1799//1799
f 1250//1250 1563//1563 1320//1320
f 1497//1497 1825//1825 1253//1253
f 1497//1497 1683//1683 1825//1825
f 1253//1253 1592//1592 1455//1455
f 1455//1455 1592//1592 1735//1735
f 1686//1686 1455//1455 1653//1653
f 1455//1455 1735//1735 1653//1653
f 1487//1487 1447//1447 1442//1442
f 1447//1447 1767//1767 1643//1643
f 1435//1435 1487//1487 1442//1442
f 1833//1833 1394//1394 1327//1327
f 1452//1452 1345//1345 1392//1392
f 1396//1396 1452//1452 1706//1706
f 1354//1354 1500//1500 1553//1553
f 1356//1356 1494//1494 1392//1392
f 1585//1585 1416//1416 1415//1415
f 1415//1415 1427//1427 1585//1585
f 1427//1427 1415//1415 1606//1606
f 1347//1347 1429//1429 1428//1428
f 1217//1217 1424//1424 1604//1604
f 1166//1166 1179//1179 1525//1525
f 1166//1166 1525//1525 1440//1440
f 763//763 1283//1283 1338//1338
f 1357//1357 1095//1095 1480//1480
f 1095//1095 1269//1269 1480//1480
f 1384//1384 988//988 1453//1453
f 836//836 1402//1402 1185//1185
f 836//836 1123//1123 1402//1402
f 1718//1718 1190//1190 1430//1430
f 1190//1190 1718//1718 1165//1165
f 1613//1613 1296//1296 1386//1386
f 1296//1296 1613//1613 1170//1170
f 1627//1627 922//922 1259//1259
f 957//957 1181//1181 1435//1435
f 1604//1604 1186//1186 1217//1217
f 1197//1197 1179//1179 1166//1166
f 763//763 1338//1338 962//962
f 1244//1244 1269//1269 1095//1095
f 1172//1172 944//944 967//967
f 967//967 944//944 1371//1371
f 1197//1197 1246//1246 1282//1282
f 1256//1256 1249//1249 637//637
f 1232//1232 1119//1119 1355//1355
f 1119//1119 1021//1021 1355//1355
f 1232//1232 1355//1355 1229//1229
f 1116//1116 955//955 1108//1108
f 1108//1108 1088//1088 1116//1116
f 1088//1088 1161//1161 1116//1116
f 1156//1156 1116//1116 859//859
f 999//999 1069//1069 1034//1034
f 716//716 1050//1050 961//961
f 961//961 1050//1050 1185//1185
f 798//798 961//961 1151//1151
f 1006//1006 1156//1156 1079//1079
f 1037//1037 1079//1079 1156//1156
f 936//936 1141//1141 1028//1028
f 1080//1080 1003//1003 1115//1115
f 1003//1003 1107//1107 966//966
f 957//957 925//925 859//859
f 700//700 919//919 1472//1472
f 903//903 1061//1061 972//972
f 787//787 1061//1061 550//550
f 550//550 1061//1061 509//509
f 509//509 1061//1061 952//952
f 1102//1102 1090//1090 881//881
f 509//509 952//952 824//824
f 861//861 858//858 867//867
f 878//878 835//835 960//960
f 990//990 1021//1021 835//835
f 919//919 706//706 747//747
f 990//990 745//745 940//940
f 745//745 919//919 940//940
f 745//745 706//706 919//919
f 706//706 903//903 940//940
f 903//903 839//839 940//940
f 855//855 706//706 919//919
f 919//919 706//706 940//940
f 855//855 919//919 700//700
f 972//972 839//839 903//903
f 1184//1184 1226//1226 1241//1241
f 808//808 795//795 833//833
f 808//808 833//833 739//739
f 712//712 760//760 904//904
f 904//904 760//760 718//718
f 806//806 1140//1140 718//718
f 690//690 896//896 689//689
f 701//701 850//850 789//789
f 827//827 559//559 764//764
f 768//768 880//880 679//679
f 649//649 880//880 701//701
f 613//613 607//607 615//615
f 614//614 615//615 607//607
f 611//611 614//614 694//694
f 690//690 611//611 691//691
f 611//611 615//615 614//614
f 615//615 611//611 690//690
f 615//615 690//690 612//612
f 612//612 690//690 689//689
f 505//505 466//466 609//609
f 574//574 562//562 466//466
f 488//488 394//394 493//493
f 493//493 421//421 475//475
f 421//421 502//502 384//384
f 384//384 502//502 393//393
f 502//502 421//421 493//493
f 393//393 502//502 352//352
f 179//179 586//586 455//455
f 455//455 453//453 336//336
f 575//575 317//317 190//190
f 136//136 190//190 317//317
f 313//313 305//305 310//310
f 257//257 141//141 313//313
f 313//313 141//141 305//305
f 310//310 301//301 313//313
f 182//182 264//264 196//196
f 182//182 196//196 263//263
f 263//263 196//196 340//340
f 178//178 227//227 323//323
f 303//303 304//304 206//206
f 304//304 209//209 420//420
f 420//420 211//211 208//208
f 300//300 287//287 296//296
f 266//266 268//268 272//272
f 296//296 287//287 266//266
f 126//126 120//120 178//178
f 158//158 160//160 567//567
f 158//158 183//183 154//154
f 321//321 111//111 154//154
f 168//168 171//171 230//230
f 169//169 171//171 168//168
f 169//169 119//119 171//171
f 258//258 119//119 172//172
f 167//167 172//172 119//119
f 237//237 130//130 172//172
f 128//128 174//174 410//410
f 146//146 485//485 410//410
f 174//174 146//146 410//410
f 63//63 4416//4416 71//71
f 4428//4428 4416//4416 63//63
f 4375//4375 81//81 49//49
f 4375//4375 4370//4370 81//81
f 4370//4370 4417//4417 81//81
f 4352//4352 4379//4379 4360//4360
f 4352//4352 65//65 4379//4379
f 4353//4353 4397//4397 4225//4225
f 4193//4193 3994//3994 4215//4215
f 4285//4285 4416//4416 4323//4323
f 4071//4071 4364//4364 4355//4355
f 4190//4190 4221//4221 4288//4288
f 4190//4190 3983//3983 3784//3784
f 4292//4292 4219//4219 3983//3983
f 4021//4021 4252//4252 3886//3886
f 3886//3886 4252//4252 4037//4037
f 4012//4012 4103//4103 4213//4213
f 4012//4012 4213//4213 4260//4260
f 4180//4180 4103//4103 4012//4012
f 4180//4180 4096//4096 4103//4103
f 4173//4173 4241//4241 4096//4096
f 4095//4095 4241//4241 4168//4168
f 4096//4096 4241//4241 4095//4095
f 4096//4096 4241//4241 4211//4211
f 3963//3963 4084//4084 4171//4171
f 4315//4315 3660//3660 4197//4197
f 3864//3864 3948//3948 3898//3898
f 3948//3948 3897//3897 3799//3799
f 3897//3897 4100//4100 3799//3799
f 4277//4277 3818//3818 3985//3985
f 3785//3785 3985//3985 3818//3818
f 3668//3668 3963//3963 4025//4025
f 3963//3963 3668//3668 4084//4084
f 3668//3668 3980//3980 4084//4084
f 3780//3780 3976//3976 3980//3980
f 3867//3867 3976//3976 3780//3780
f 3896//3896 3980//3980 3900//3900
f 3896//3896 3900//3900 3888//3888
f 3867//3867 3504//3504 3900//3900
f 3577//3577 3665//3665 3667//3667
f 3814//3814 3922//3922 3648//3648
f 3428//3428 3609//3609 3324//3324
f 3618//3618 3620//3620 3545//3545
f 3671//3671 3444//3444 3545//3545
f 3707//3707 3529//3529 3731//3731
f 3529//3529 3674//3674 3731//3731
f 3728//3728 3731//3731 3674//3674
f 3461//3461 3731//3731 3728//3728
f 3671//3671 4004//4004 3461//3461
f 3529//3529 3613//3613 3662//3662
f 3085//3085 3358//3358 3557//3557
f 3557//3557 3358//3358 3591//3591
f 3459//3459 3427//3427 3549//3549
f 3752//3752 3413//3413 3771//3771
f 3413//3413 3752//3752 3500//3500
f 3413//3413 3549//3549 3427//3427
f 3413//3413 3427//3427 3771//3771
f 3537//3537 3752//3752 3599//3599
f 3532//3532 3950//3950 3622//3622
f 3532//3532 3500//3500 3537//3537
f 3537//3537 3500//3500 3752//3752
f 3531//3531 3950//3950 3532//3532
f 3531//3531 3651//3651 3950//3950
f 3720//3720 3532//3532 3622//3622
f 3910//3910 3324//3324 3823//3823
f 3324//3324 3910//3910 3512//3512
f 3265//3265 3572//3572 3404//3404
f 3547//3547 3696//3696 3692//3692
f 3802//3802 3564//3564 3538//3538
f 3564//3564 3454//3454 3842//3842
f 3454//3454 3648//3648 3842//3842
f 3454//3454 3411//3411 3648//3648
f 3144//3144 3648//3648 3411//3411
f 3144//3144 3534//3534 3648//3648
f 3411//3411 3251//3251 3648//3648
f 3306//3306 3315//3315 3396//3396
f 3502//3502 3044//3044 3393//3393
f 3410//3410 3243//3243 3527//3527
f 3316//3316 3044//3044 3502//3502
f 3150//3150 3316//3316 3502//3502
f 3243//3243 3263//3263 3442//3442
f 3398//3398 3476//3476 3263//3263
f 3398//3398 3384//3384 3605//3605
f 2910//2910 3384//3384 3398//3398
f 2897//2897 3357//3357 3320//3320
f 3061//3061 3357//3357 3274//3274
f 3673//3673 3272//3272 3274//3274
f 3272//3272 3673//3673 3271//3271
f 2910//2910 3024//3024 3384//3384
f 3384//3384 3024//3024 3309//3309
f 3385//3385 3379//3379 3363//3363
f 3363//3363 3078//3078 3104//3104
f 3078//3078 3485//3485 3325//3325
f 3213//3213 3598//3598 2994//2994
f 2994//2994 3082//3082 3042//3042
f 2929//2929 3231//3231 2725//2725
f 2945//2945 3176//3176 3144//3144
f 3185//3185 3091//3091 3115//3115
f 3091//3091 3174//3174 3115//3115
f 2847//2847 3377//3377 3204//3204
f 2847//2847 3204//3204 3157//3157
f 2896//2896 3035//3035 2893//2893
f 2710//2710 3309//3309 2920//2920
f 2567//2567 3270//3270 3001//3001
f 3106//3106 2567//2567 3354//3354
f 2970//2970 3354//3354 2567//2567
f 2903//2903 3054//3054 3114//3114
f 3114//3114 3054//3054 3099//3099
f 2964//2964 3090//3090 3059//3059
f 3037//3037 3028//3028 2780//2780
f 3037//3037 2476//2476 3089//3089
f 2930//2930 2883//2883 2660//2660
f 3016//3016 2977//2977 3043//3043
f 2805//2805 3180//3180 2840//2840
f 2805//2805 3167//3167 3180//3180
f 3116//3116 2917//2917 2965//2965
f 2735//2735 3151//3151 2965//2965
f 2746//2746 2861//2861 3116//3116
f 3116//3116 2861//2861 3149//3149
f 2465//2465 2948//2948 2707//2707
f 2886//2886 2841//2841 3011//3011
f 2934//2934 2723//2723 2799//2799
f 3011//3011 2934//2934 2799//2799
f 2799//2799 2886//2886 3011//3011
f 2837//2837 3267//3267 2667//2667
f 2841//2841 2886//2886 3077//3077
f 2423//2423 2835//2835 2291//2291
f 2609//2609 2934//2934 2423//2423
f 2684//2684 2635//2635 2951//2951
f 2311//2311 2951//2951 2548//2548
f 2745//2745 2699//2699 3019//3019
f 2754//2754 3019//3019 2699//2699
f 2821//2821 2526//2526 2868//2868
f 2464//2464 2180//2180 2385//2385
f 2991//2991 2905//2905 2812//2812
f 2540//2540 2761//2761 2700//2700
f 2615//2615 2874//2874 2776//2776
f 2615//2615 2634//2634 2874//2874
f 2647//2647 2301//2301 2682//2682
f 2644//2644 2325//2325 2301//2301
f 2301//2301 2325//2325 2682//2682
f 2682//2682 2325//2325 2765//2765
f 2452//2452 2421//2421 2588//2588
f 2588//2588 2421//2421 2771//2771
f 2593//2593 2690//2690 2235//2235
f 2235//2235 2690//2690 2778//2778
f 2438//2438 2731//2731 2686//2686
f 2210//2210 2608//2608 2749//2749
f 2438//2438 2685//2685 2579//2579
f 2438//2438 2686//2686 2685//2685
f 2471//2471 2669//2669 2578//2578
f 2343//2343 2624//2624 2668//2668
f 2616//2616 2517//2517 2736//2736
f 2260//2260 2591//2591 2542//2542
f 2542//2542 2626//2626 2569//2569
f 2626//2626 2542//2542 2591//2591
f 2519//2519 2569//2569 2820//2820
f 2191//2191 2820//2820 2819//2819
f 2618//2618 2191//2191 2819//2819
f 2400//2400 2191//2191 2618//2618
f 2191//2191 2606//2606 2496//2496
f 2385//2385 2400//2400 2618//2618
f 2617//2617 2377//2377 2199//2199
f 2090//2090 2540//2540 2455//2455
f 2381//2381 2695//2695 2159//2159
f 2381//2381 2666//2666 2695//2695
f 2492//2492 2432//2432 2326//2326
f 2492//2492 2140//2140 2323//2323
f 2140//2140 2492//2492 2317//2317
f 2357//2357 2177//2177 2369//2369
f 2505//2505 2238//2238 2305//2305
f 2238//2238 2266//2266 2305//2305
f 2619//2619 2351//2351 2503//2503
f 2332//2332 2503//2503 2032//2032
f 2032//2032 2525//2525 2332//2332
f 2525//2525 2144//2144 2252//2252
f 2125//2125 2224//2224 2446//2446
f 2224//2224 2109//2109 2446//2446
f 1776//1776 2327//2327 2158//2158
f 2243//2243 2327//2327 2493//2493
f 2301//2301 2488//2488 2543//2543
f 2255//2255 2139//2139 2296//2296
f 1936//1936 2272//2272 2185//2185
f 2039//2039 2272//2272 1967//1967
f 1790//1790 2272//2272 2039//2039
f 2272//2272 1790//1790 2097//2097
f 1959//1959 2398//2398 2097//2097
f 2149//2149 2444//2444 1959//1959
f 2016//2016 2444//2444 2149//2149
f 2444//2444 2016//2016 2068//2068
f 2068//2068 1946//1946 2444//2444
f 2178//2178 2525//2525 2131//2131
f 2032//2032 2525//2525 2178//2178
f 2356//2356 1878//1878 2267//2267
f 2066//2066 2161//2161 2225//2225
f 2079//2079 2346//2346 2429//2429
f 2179//2179 2204//2204 2119//2119
f 1829//1829 2265//2265 1786//1786
f 2218//2218 1784//1784 1939//1939
f 2096//2096 2390//2390 2520//2520
f 2096//2096 2018//2018 2390//2390
f 2128//2128 2390//2390 2085//2085
f 1947//1947 2018//2018 2314//2314
f 2085//2085 2390//2390 2018//2018
f 2179//2179 2119//2119 2138//2138
f 2023//2023 2138//2138 2222//2222
f 2137//2137 2138//2138 2222//2222
f 2138//2138 2063//2063 2222//2222
f 2063//2063 2138//2138 2119//2119
f 2063//2063 2119//2119 1915//1915
f 1915//1915 2119//2119 1665//1665
f 1665//1665 2119//2119 1829//1829
f 2265//2265 1829//1829 2119//2119
f 1786//1786 2265//2265 1812//1812
f 1939//1939 2555//2555 2218//2218
f 2520//2520 2555//2555 1939//1939
f 1868//1868 2520//2520 1939//1939
f 2520//2520 1868//1868 2096//2096
f 2096//2096 2035//2035 2018//2018
f 1840//1840 2314//2314 2035//2035
f 2018//2018 2035//2035 2314//2314
f 2018//2018 2128//2128 2085//2085
f 2006//2006 2223//2223 2326//2326
f 1691//1691 1689//1689 1908//1908
f 2003//2003 1809//1809 2286//2286
f 2161//2161 2066//2066 1746//1746
f 2161//2161 2213//2213 1825//1825
f 1977//1977 2342//2342 2019//2019
f 2082//2082 2176//2176 1977//1977
f 2038//2038 1971//1971 2042//2042
f 1673//1673 1732//1732 2015//2015
f 1673//1673 2015//2015 1865//1865
f 2519//2519 1808//1808 1674//1674
f 2191//2191 2189//2189 2250//2250
f 2124//2124 1798//1798 1812//1812
f 1798//1798 2124//2124 1633//1633
f 1813//1813 1714//1714 1999//1999
f 1714//1714 1902//1902 2293//2293
f 1801//1801 1943//1943 1926//1926
f 1733//1733 1740//1740 1812//1812
f 1891//1891 1812//1812 1798//1798
f 2028//2028 1662//1662 1877//1877
f 1729//1729 1877//1877 1662//1662
f 1877//1877 1729//1729 1762//1762
f 1759//1759 1729//1729 1915//1915
f 1705//1705 1915//1915 1729//1729
f 1915//1915 1705//1705 1870//1870
f 1705//1705 2150//2150 1870//1870
f 1759//1759 1915//1915 1338//1338
f 1338//1338 1915//1915 1665//1665
f 1939//1939 1784//1784 1680//1680
f 1657//1657 2002//2002 1914//1914
f 1756//1756 1557//1557 1896//1896
f 1615//1615 1860//1860 1730//1730
f 1615//1615 1866//1866 2060//2060
f 1860//1860 1615//1615 2060//2060
f 1774//1774 1962//1962 1670//1670
f 1962//1962 1774//1774 2133//2133
f 1670//1670 2133//2133 1774//1774
f 1689//1689 1656//1656 1858//1858
f 1483//1483 1867//1867 1827//1827
f 1714//1714 1726//1726 1902//1902
f 1588//1588 1738//1738 1492//1492
f 1738//1738 1544//1544 2324//2324
f 1827//1827 1473//1473 1483//1483
f 1714//1714 1633//1633 1726//1726
f 1813//1813 1621//1621 1714//1714
f 1571//1571 1614//1614 1610//1610
f 1628//1628 1567//1567 2267//2267
f 1567//1567 1519//1519 2267//2267
f 1930//1930 1475//1475 1686//1686
f 1611//1611 2224//2224 1451//1451
f 1772//1772 1671//1671 1642//1642
f 1548//1548 1864//1864 1631//1631
f 1335//1335 1331//1331 1370//1370
f 1645//1645 1641//1641 1736//1736
f 1649//1649 1594//1594 1718//1718
f 1383//1383 1702//1702 1718//1718
f 1718//1718 1702//1702 1839//1839
f 1336//1336 1654//1654 1680//1680
f 1718//1718 1594//1594 1362//1362
f 1336//1336 1594//1594 1382//1382
f 1382//1382 1564//1564 1336//1336
f 1336//1336 1564//1564 1654//1654
f 1654//1654 1564//1564 1680//1680
f 1382//1382 1702//1702 1383//1383
f 1444//1444 1596//1596 1336//1336
f 1443//1443 1698//1698 1596//1596
f 1205//1205 1389//1389 1323//1323
f 967//967 1588//1588 1492//1492
f 1714//1714 1483//1483 1633//1633
f 1483//1483 1714//1714 1468//1468
f 1621//1621 1468//1468 1714//1714
f 1450//1450 1633//1633 1483//1483
f 1418//1418 1590//1590 1420//1420
f 1467//1467 1725//1725 1417//1417
f 1725//1725 1467//1467 1551//1551
f 1432//1432 1517//1517 1616//1616
f 1551//1551 1559//1559 1574//1574
f 1559//1559 1612//1612 1574//1574
f 1597//1597 1505//1505 1471//1471
f 1510//1510 1419//1419 1311//1311
f 1509//1509 1311//1311 1419//1419
f 1505//1505 1597//1597 1485//1485
f 1437//1437 1505//1505 1614//1614
f 1293//1293 1505//1505 1437//1437
f 1505//1505 1485//1485 1695//1695
f 1639//1639 1695//1695 1485//1485
f 1639//1639 1293//1293 1695//1695
f 1437//1437 1695//1695 1293//1293
f 1310//1310 1321//1321 1416//1416
f 1289//1289 1250//1250 1320//1320
f 1313//1313 1585//1585 1427//1427
f 1416//1416 1606//1606 1415//1415
f 1235//1235 1313//1313 1606//1606
f 1313//1313 1427//1427 1606//1606
f 1399//1399 1555//1555 1491//1491
f 1354//1354 1045//1045 1555//1555
f 1555//1555 1045//1045 1491//1491
f 1310//1310 1491//1491 1321//1321
f 1491//1491 1245//1245 1321//1321
f 1416//1416 1321//1321 1606//1606
f 1322//1322 1606//1606 1321//1321
f 1235//1235 1606//1606 1322//1322
f 1045//1045 1245//1245 1491//1491
f 1254//1254 1361//1361 1313//1313
f 1118//1118 1335//1335 1222//1222
f 1331//1331 1335//1335 1118//1118
f 1109//1109 1362//1362 1136//1136
f 1137//1137 1240//1240 877//877
f 1109//1109 1288//1288 1305//1305
f 1341//1341 1188//1188 1372//1372
f 1109//1109 1305//1305 1362//1362
f 1136//1136 1372//1372 1188//1188
f 1257//1257 1171//1171 1225//1225
f 1176//1176 1281//1281 1221//1221
f 1357//1357 1286//1286 1176//1176
f 1176//1176 1286//1286 658//658
f 1072//1072 1039//1039 1244//1244
f 1234//1234 1272//1272 1131//1131
f 1040//1040 1396//1396 1082//1082
f 797//797 969//969 974//974
f 1072//1072 1046//1046 1059//1059
f 1044//1044 1046//1046 1072//1072
f 1046//1046 1044//1044 1330//1330
f 1044//1044 646//646 1330//1330
f 1244//1244 646//646 1044//1044
f 994//994 1171//1171 646//646
f 1171//1171 994//994 1221//1221
f 994//994 660//660 1221//1221
f 1221//1221 660//660 1176//1176
f 660//660 1027//1027 1176//1176
f 888//888 1176//1176 1027//1027
f 658//658 660//660 1176//1176
f 1103//1103 1078//1078 1106//1106
f 709//709 1078//1078 1103//1103
f 709//709 1103//1103 1086//1086
f 1106//1106 1099//1099 1103//1103
f 1086//1086 1103//1103 1058//1058
f 752//752 1029//1029 799//799
f 913//913 901//901 885//885
f 1130//1130 913//913 799//799
f 913//913 885//885 799//799
f 799//799 1029//1029 1130//1130
f 875//875 834//834 882//882
f 882//882 801//801 710//710
f 871//871 828//828 1104//1104
f 647//647 750//750 740//740
f 740//740 750//750 1041//1041
f 716//716 616//616 869//869
f 734//734 716//716 798//798
f 616//616 836//836 869//869
f 714//714 836//836 616//616
f 891//891 662//662 879//879
f 702//702 820//820 1183//1183
f 647//647 740//740 1040//1040
f 647//647 1040//1040 599//599
f 599//599 1040//1040 975//975
f 599//599 975//975 741//741
f 834//834 765//765 882//882
f 752//752 796//796 756//756
f 796//796 624//624 756//756
f 796//796 656//656 752//752
f 796//796 752//752 756//756
f 899//899 744//744 723//723
f 731//731 732//732 738//738
f 738//738 732//732 853//853
f 853//853 732//732 834//834
f 731//731 834//834 732//732
f 731//731 765//765 834//834
f 856//856 874//874 704//704
f 731//731 704//704 874//874
f 587//587 666//666 779//779
f 774//774 709//709 695//695
f 567//567 700//700 698//698
f 809//809 567//567 698//698
f 597//597 692//692 693//693
f 692//692 610//610 693//693
f 610//610 629//629 693//693
f 622//622 717//717 688//688
f 622//622 643//643 739//739
f 643//643 717//717 739//739
f 622//622 739//739 795//795
f 622//622 795//795 717//717
f 687//687 717//717 783//783
f 728//728 717//717 687//687
f 582//582 637//637 669//669
f 835//835 582//582 641//641
f 835//835 761//761 990//990
f 761//761 835//835 773//773
f 835//835 641//641 773//773
f 633//633 561//561 389//389
f 507//507 392//392 633//633
f 561//561 392//392 507//507
f 407//407 594//594 501//501
f 501//501 770//770 514//514
f 568//568 514//514 770//770
f 617//617 361//361 791//791
f 675//675 512//512 415//415
f 469//469 595//595 542//542
f 620//620 469//469 542//542
f 204//204 474//474 581//581
f 394//394 488//488 402//402
f 402//402 369//369 394//394
f 384//384 393//393 433//433
f 459//459 192//192 558//558
f 191//191 366//366 558//558
f 330//330 192//192 595//595
f 595//595 192//192 459//459
f 480//480 366//366 320//320
f 366//366 191//191 360//360
f 360//360 320//320 366//366
f 336//336 453//453 585//585
f 336//336 585//585 235//235
f 403//403 260//260 357//357
f 375//375 357//357 260//260
f 331//331 357//357 375//375
f 331//331 255//255 357//357
f 357//357 255//255 403//403
f 403//403 255//255 361//361
f 255//255 415//415 361//361
f 193//193 675//675 354//354
f 467//467 675//675 193//193
f 255//255 289//289 415//415
f 415//415 289//289 354//354
f 193//193 354//354 289//289
f 289//289 341//341 193//193
f 193//193 341//341 467//467
f 620//620 256//256 330//330
f 312//312 235//235 585//585
f 136//136 449//449 184//184
f 136//136 317//317 449//449
f 280//280 304//304 303//303
f 303//303 302//302 271//271
f 254//254 303//303 271//271
f 303//303 254//254 280//280
f 302//302 297//297 271//271
f 297//297 285//285 273//273
f 127//127 158//158 115//115
f 154//154 115//115 158//158
f 127//127 115//115 124//124
f 124//124 115//115 154//154
f 111//111 124//124 154//154
f 123//123 124//124 114//114
f 99//99 114//114 124//124
f 124//124 111//111 99//99
f 4351//4351 4309//4309 4310//4310
f 4418//4418 85//85 4340//4340
f 4340//4340 4299//4299 4418//4418
f 4347//4347 4381//4381 85//85
f 4349//4349 4347//4347 85//85
f 4349//4349 85//85 4418//4418
f 4340//4340 4314//4314 4299//4299
f 4391//4391 4358//4358 4393//4393
f 4336//4336 4369//4369 4374//4374
f 4336//4336 4374//4374 4393//4393
f 4358//4358 4336//4336 4393//4393
f 4369//4369 4336//4336 4367//4367
f 4286//4286 4367//4367 4336//4336
f 4270//4270 4343//4343 4284//4284
f 4270//4270 4284//4284 4201//4201
f 4186//4186 4326//4326 4174//4174
f 4259//4259 4326//4326 4186//4186
f 4242//4242 4273//4273 4148//4148
f 4164//4164 4148//4148 4273//4273
f 4268//4268 4237//4237 4230//4230
f 4112//4112 4205//4205 4268//4268
f 4237//4237 4268//4268 4205//4205
f 4230//4230 4248//4248 4268//4268
f 4248//4248 4070//4070 4268//4268
f 4070//4070 4266//4266 4268//4268
f 4230//4230 4237//4237 4301//4301
f 4237//4237 4359//4359 4301//4301
f 4230//4230 4301//4301 4213//4213
f 4158//4158 4184//4184 4266//4266
f 4012//4012 4260//4260 4237//4237
f 4237//4237 4260//4260 4359//4359
f 4009//4009 3658//3658 4302//4302
f 4130//4130 4195//4195 4302//4302
f 4195//4195 4130//4130 4287//4287
f 4192//4192 4258//4258 4114//4114
f 4090//4090 4114//4114 4311//4311
f 4311//4311 4114//4114 4258//4258
f 4311//4311 4281//4281 3974//3974
f 4224//4224 4225//4225 4313//4313
f 4146//4146 4285//4285 4176//4176
f 4125//4125 4265//4265 4347//4347
f 4023//4023 4166//4166 3962//3962
f 3989//3989 4125//4125 4347//4347
f 4023//4023 4160//4160 4166//4166
f 4222//4222 3893//3893 4075//4075
f 4075//4075 4044//4044 4181//4181
f 4222//4222 4075//4075 4170//4170
f 4170//4170 4075//4075 4212//4212
f 4214//4214 4101//4101 4157//4157
f 4101//4101 3658//3658 3930//3930
f 4287//4287 4130//4130 4081//4081
f 4142//4142 4079//4079 4179//4179
f 4142//4142 4077//4077 4079//4079
f 4077//4077 4142//4142 4179//4179
f 4081//4081 4077//4077 4287//4287
f 4077//4077 4179//4179 4287//4287
f 4139//4139 4287//4287 4163//4163
f 4287//4287 4139//4139 4195//4195
f 3980//3980 3976//3976 4172//4172
f 3976//3976 4106//4106 4315//4315
f 4315//4315 4172//4172 3976//3976
f 3900//3900 4106//4106 3976//3976
f 4106//4106 3900//3900 4264//4264
f 4053//4053 4264//4264 3979//3979
f 3979//3979 4264//4264 3900//3900
f 3883//3883 4053//4053 3979//3979
f 3809//3809 3905//3905 4047//4047
f 3658//3658 3388//3388 4047//4047
f 3982//3982 4219//4219 3981//3981
f 4104//4104 4219//4219 4023//4023
f 4044//4044 3671//3671 4104//4104
f 4219//4219 4104//4104 3671//3671
f 3671//3671 4044//4044 4004//4004
f 4003//4003 4222//4222 4099//4099
f 4099//4099 4222//4222 4166//4166
f 3955//3955 4181//4181 3875//3875
f 3955//3955 4023//4023 4181//4181
f 4023//4023 3955//3955 4104//4104
f 3955//3955 4181//4181 4104//4104
f 4056//4056 3875//3875 4181//4181
f 3918//3918 4181//4181 3955//3955
f 3875//3875 4056//4056 3918//3918
f 3918//3918 4056//4056 4181//4181
f 3947//3947 4125//4125 3823//3823
f 3911//3911 3893//3893 4222//4222
f 4006//4006 3893//3893 3781//3781
f 4044//4044 3934//3934 4004//4004
f 4075//4075 3934//3934 4044//4044
f 3389//3389 3927//3927 3998//3998
f 3389//3389 3998//3998 4201//4201
f 4201//4201 3998//3998 3999//3999
f 3018//3018 3389//3389 4201//4201
f 4089//4089 3018//3018 4201//4201
f 3018//3018 4089//4089 3739//3739
f 3739//3739 4089//4089 4147//4147
f 4143//4143 4028//4028 4113//4113
f 3769//3769 3941//3941 3614//3614
f 3942//3942 4017//4017 3849//3849
f 3849//3849 4120//4120 3436//3436
f 3436//3436 4120//4120 3928//3928
f 4021//4021 3822//3822 4323//4323
f 3822//3822 4021//4021 3886//3886
f 3820//3820 4355//4355 3816//3816
f 3820//3820 4020//4020 4355//4355
f 4071//4071 4020//4020 3820//3820
f 4221//4221 3816//3816 4355//4355
f 3399//3399 4221//4221 3784//3784
f 3690//3690 3784//3784 4061//4061
f 3859//3859 4165//4165 3798//3798
f 3778//3778 3854//3854 3940//3940
f 3978//3978 3854//3854 3778//3778
f 3941//3941 3640//3640 3854//3854
f 3574//3574 3854//3854 3640//3640
f 3574//3574 3928//3928 3854//3854
f 3778//3778 3940//3940 3679//3679
f 3724//3724 4002//4002 3725//3725
f 3724//3724 3798//3798 3931//3931
f 3724//3724 3931//3931 4002//4002
f 3928//3928 3574//3574 3436//3436
f 3760//3760 3761//3761 4189//4189
f 3793//3793 3564//3564 3937//3937
f 3937//3937 3564//3564 3842//3842
f 3726//3726 3837//3837 3838//3838
f 3715//3715 3685//3685 3861//3861
f 3530//3530 3822//3822 3886//3886
f 3399//3399 3820//3820 3816//3816
f 3399//3399 3816//3816 4221//4221
f 3690//3690 3399//3399 3784//3784
f 3690//3690 4061//4061 3197//3197
f 3197//3197 4061//4061 3983//3983
f 3983//3983 4001//4001 3652//3652
f 3530//3530 3886//3886 3961//3961
f 3196//3196 3716//3716 3546//3546
f 3794//3794 3576//3576 3520//3520
f 3490//3490 3546//3546 3694//3694
f 3694//3694 3546//3546 3716//3716
f 3694//3694 3881//3881 4016//4016
f 3694//3694 4016//4016 3520//3520
f 3520//3520 4013//4013 3794//3794
f 3219//3219 3688//3688 3470//3470
f 3470//3470 3688//3688 3871//3871
f 3570//3570 3959//3959 3553//3553
f 3470//3470 3729//3729 3361//3361
f 3361//3361 3729//3729 3570//3570
f 3570//3570 3729//3729 3959//3959
f 3959//3959 3729//3729 3470//3470
f 3663//3663 3801//3801 3766//3766
f 3612//3612 3261//3261 3656//3656
f 3392//3392 3670//3670 3573//3573
f 3597//3597 3590//3590 3392//3392
f 3358//3358 3747//3747 4046//4046
f 3269//3269 4025//4025 3740//3740
f 3867//3867 3687//3687 3606//3606
f 3504//3504 3625//3625 3606//3606
f 3676//3676 3504//3504 3131//3131
f 3888//3888 3457//3457 3489//3489
f 3063//3063 3555//3555 3757//3757
f 3757//3757 3555//3555 3608//3608
f 3273//3273 3701//3701 3717//3717
f 3796//3796 3515//3515 3495//3495
f 3468//3468 3552//3552 3915//3915
f 3564//3564 3552//3552 3468//3468
f 3240//3240 3633//3633 3696//3696
f 3406//3406 3715//3715 3696//3696
f 3547//3547 3406//3406 3696//3696
f 3406//3406 3547//3547 3692//3692
f 3633//3633 3240//3240 3915//3915
f 3468//3468 3915//3915 3240//3240
f 3468//3468 3564//3564 3802//3802
f 3468//3468 3454//3454 3564//3564
f 3144//3144 3411//3411 3454//3454
f 3176//3176 3534//3534 3144//3144
f 3789//3789 3534//3534 3176//3176
f 3458//3458 3576//3576 3583//3583
f 3368//3368 3441//3441 3400//3400
f 3306//3306 3634//3634 3433//3433
f 3682//3682 3375//3375 4059//4059
f 3438//3438 3533//3533 3409//3409
f 3377//3377 3589//3589 3220//3220
f 3583//3583 3494//3494 3368//3368
f 3400//3400 3441//3441 3589//3589
f 3605//3605 3384//3384 3349//3349
f 3384//3384 3397//3397 3349//3349
f 3237//3237 3335//3335 3337//3337
f 3335//3335 3526//3526 3146//3146
f 3335//3335 3554//3554 3526//3526
f 3335//3335 3430//3430 3554//3554
f 3257//3257 3475//3475 3474//3474
f 3256//3256 3475//3475 3257//3257
f 3007//3007 3446//3446 3256//3256
f 3256//3256 3446//3446 3475//3475
f 3490//3490 3344//3344 3196//3196
f 3490//3490 3196//3196 3546//3546
f 3082//3082 2994//2994 3315//3315
f 3315//3315 2994//2994 3396//3396
f 3306//3306 3082//3082 3315//3315
f 3124//3124 3082//3082 3306//3306
f 2970//2970 3240//3240 3406//3406
f 3406//3406 3240//3240 3241//3241
f 2725//2725 3468//3468 3240//3240
f 3292//3292 3240//3240 3285//3285
f 3456//3456 3292//3292 3285//3285
f 3050//3050 3468//3468 3221//3221
f 3126//3126 3468//3468 3050//3050
f 3056//3056 3468//3468 3231//3231
f 3468//3468 3056//3056 3321//3321
f 3144//3144 3321//3321 3056//3056
f 3292//3292 3456//3456 3154//3154
f 3194//3194 3292//3292 3154//3154
f 3154//3154 3456//3456 3121//3121
f 3255//3255 3296//3296 3456//3456
f 3296//3296 3121//3121 3456//3456
f 3056//3056 3454//3454 3143//3143
f 3143//3143 3454//3454 3339//3339
f 3251//3251 3121//3121 3296//3296
f 3454//3454 3056//3056 3251//3251
f 3251//3251 3296//3296 3255//3255
f 3241//3241 3240//3240 3208//3208
f 2667//2667 3267//3267 3615//3615
f 3615//3615 3528//3528 2939//2939
f 3839//3839 3298//3298 3435//3435
f 3298//3298 3162//3162 3435//3435
f 3435//3435 3162//3162 3295//3295
f 2979//2979 3328//3328 3148//3148
f 3052//3052 3110//3110 3087//3087
f 3087//3087 3110//3110 3162//3162
f 3326//3326 2948//2948 3186//3186
f 2667//2667 3615//3615 3032//3032
f 2888//2888 3170//3170 2927//2927
f 3162//3162 3110//3110 3295//3295
f 3041//3041 2950//2950 3100//3100
f 2895//2895 3090//3090 2890//2890
f 3059//3059 3090//3090 2895//2895
f 2964//2964 2890//2890 3090//3090
f 2725//2725 3240//3240 2970//2970
f 3221//3221 2861//2861 3050//3050
f 3231//3231 2929//2929 3056//3056
f 3056//3056 2945//2945 3144//3144
f 2742//2742 3122//3122 2948//2948
f 2434//2434 2894//2894 3048//3048
f 2894//2894 3101//3101 3113//3113
f 2894//2894 2733//2733 3101//3101
f 3101//3101 2733//2733 2949//2949
f 3017//3017 2981//2981 3228//3228
f 3198//3198 2969//2969 2998//2998
f 3091//3091 3023//3023 2966//2966
f 3105//3105 3020//3020 3522//3522
f 3030//3030 2993//2993 3211//3211
f 3211//3211 2993//2993 3105//3105
f 2993//2993 3020//3020 3105//3105
f 2844//2844 2843//2843 3095//3095
f 2809//2809 3095//3095 3070//3070
f 2925//2925 2913//2913 3069//3069
f 2700//2700 2761//2761 3038//3038
f 2841//2841 2700//2700 3038//3038
f 2985//2985 2979//2979 2729//2729
f 2851//2851 2729//2729 2979//2979
f 3014//3014 2955//2955 2735//2735
f 2921//2921 2945//2945 2854//2854
f 2588//2588 3128//3128 2674//2674
f 2906//2906 3128//3128 2588//2588
f 3098//3098 2531//2531 3012//3012
f 2441//2441 2547//2547 2906//2906
f 2922//2922 2441//2441 3094//3094
f 2863//2863 2922//2922 3094//3094
f 2863//2863 2879//2879 2922//2922
f 2648//2648 2786//2786 2878//2878
f 2822//2822 2871//2871 2937//2937
f 3236//3236 2712//2712 2760//2760
f 2565//2565 3016//3016 2659//2659
f 2843//2843 2835//2835 3187//3187
f 2670//2670 2555//2555 2889//2889
f 2352//2352 2662//2662 3153//3153
f 2615//2615 2860//2860 2715//2715
f 2715//2715 2860//2860 2872//2872
f 2968//2968 2872//2872 2860//2860
f 2503//2503 2725//2725 2619//2619
f 2725//2725 2503//2503 2777//2777
f 2332//2332 2777//2777 2503//2503
f 2525//2525 2777//2777 2332//2332
f 2800//2800 2861//2861 2564//2564
f 2564//2564 2861//2861 2599//2599
f 2777//2777 2493//2493 2929//2929
f 2929//2929 2493//2493 2904//2904
f 2573//2573 2904//2904 2493//2493
f 2573//2573 2854//2854 2904//2904
f 2683//2683 2485//2485 2849//2849
f 2582//2582 2386//2386 2957//2957
f 2386//2386 3082//3082 2957//2957
f 2577//2577 2956//2956 2386//2386
f 2705//2705 2577//2577 2568//2568
f 2763//2763 2568//2568 2577//2577
f 2956//2956 2577//2577 2738//2738
f 2738//2738 2577//2577 2705//2705
f 2882//2882 2459//2459 2824//2824
f 2691//2691 2459//2459 2882//2882
f 2459//2459 2691//2691 2539//2539
f 2299//2299 2539//2539 2744//2744
f 2744//2744 2539//2539 2780//2780
f 2539//2539 2720//2720 2476//2476
f 2382//2382 2720//2720 2867//2867
f 2562//2562 2382//2382 2867//2867
f 2898//2898 2640//2640 2562//2562
f 2640//2640 2898//2898 2516//2516
f 2714//2714 2572//2572 2665//2665
f 2714//2714 2708//2708 2653//2653
f 2714//2714 2764//2764 2708//2708
f 2572//2572 2651//2651 2665//2665
f 1769//1769 2743//2743 2410//2410
f 2951//2951 2049//2049 2734//2734
f 2425//2425 2831//2831 2491//2491
f 2425//2425 2367//2367 2831//2831
f 2218//2218 2393//2393 2628//2628
f 2693//2693 2405//2405 2514//2514
f 2405//2405 2457//2457 2514//2514
f 2504//2504 2452//2452 2588//2588
f 2533//2533 2482//2482 2594//2594
f 2530//2530 2594//2594 2482//2482
f 2482//2482 2312//2312 2649//2649
f 2163//2163 2482//2482 2533//2533
f 2762//2762 2163//2163 2533//2533
f 2863//2863 2121//2121 2168//2168
f 2168//2168 2406//2406 2863//2863
f 2491//2491 2863//2863 2406//2406
f 2491//2491 2856//2856 2863//2863
f 1936//1936 2300//2300 2696//2696
f 2840//2840 1959//1959 2479//2479
f 2444//2444 2603//2603 2437//2437
f 2442//2442 2746//2746 2603//2603
f 2520//2520 2646//2646 2648//2648
f 2646//2646 2520//2520 2407//2407
f 2390//2390 2277//2277 2407//2407
f 2414//2414 2638//2638 2277//2277
f 2340//2340 2727//2727 2823//2823
f 2340//2340 2760//2760 2397//2397
f 2153//2153 2340//2340 2529//2529
f 2047//2047 1965//1965 2209//2209
f 2015//2015 2209//2209 2350//2350
f 2519//2519 1674//1674 2542//2542
f 1808//1808 2519//2519 2191//2191
f 1808//1808 2191//2191 2250//2250
f 2191//2191 2496//2496 2400//2400
f 1965//1965 2153//2153 2529//2529
f 2334//2334 2401//2401 2099//2099
f 2413//2413 2132//2132 1947//1947
f 2365//2365 2132//2132 2413//2413
f 2132//2132 2365//2365 2413//2413
f 2132//2132 2413//2413 2287//2287
f 2365//2365 2334//2334 2237//2237
f 2237//2237 2246//2246 2192//2192
f 1975//1975 2541//2541 2399//2399
f 2247//2247 2333//2333 2283//2283
f 1974//1974 1972//1972 2534//2534
f 2262//2262 2205//2205 2219//2219
f 2566//2566 2205//2205 2262//2262
f 2205//2205 2566//2566 2043//2043
f 2211//2211 1878//1878 2356//2356
f 2200//2200 1710//1710 2120//2120
f 1845//1845 2276//2276 2118//2118
f 1856//1856 2211//2211 2155//2155
f 1856//1856 2155//2155 2103//2103
f 2103//2103 2155//2155 2374//2374
f 2098//2098 1710//1710 2200//2200
f 2021//2021 1803//1803 2419//2419
f 2181//2181 2021//2021 2419//2419
f 1762//1762 2181//2181 2179//2179
f 2114//2114 2275//2275 1873//1873
f 2271//2271 1980//1980 2069//2069
f 1989//1989 2214//2214 1941//1941
f 2248//2248 2064//2064 1770//1770
f 2048//2048 2065//2065 2055//2055
f 2048//2048 2521//2521 2065//2065
f 1821//1821 2010//2010 2048//2048
f 1982//1982 2357//2357 2010//2010
f 1982//1982 2177//2177 2357//2357
f 2457//2457 1801//1801 1480//1480
f 2405//2405 1801//1801 2457//2457
f 1943//1943 1801//1801 2405//2405
f 1618//1618 2011//2011 2743//2743
f 1901//1901 1395//1395 1926//1926
f 2180//2180 1492//1492 1738//1738
f 1633//1633 1867//1867 1726//1726
f 1483//1483 1323//1323 1867//1867
f 1714//1714 2293//2293 1999//1999
f 1848//1848 1822//1822 1851//1851
f 1848//1848 1851//1851 1657//1657
f 1657//1657 1851//1851 1855//1855
f 1848//1848 1657//1657 1822//1822
f 1657//1657 1914//1914 1822//1822
f 1572//1572 1398//1398 1671//1671
f 1398//1398 1849//1849 1671//1671
f 1566//1566 2133//2133 1670//1670
f 1728//1728 2133//2133 1566//1566
f 2133//2133 1728//1728 1561//1561
f 1636//1636 1815//1815 1849//1849
f 1720//1720 2116//2116 1815//1815
f 1537//1537 2257//2257 2008//2008
f 1193//1193 1786//1786 1637//1637
f 1812//1812 1891//1891 1786//1786
f 1637//1637 1786//1786 1891//1891
f 1370//1370 1784//1784 1335//1335
f 1680//1680 1784//1784 1370//1370
f 1680//1680 1796//1796 1939//1939
f 1702//1702 1922//1922 1839//1839
f 1675//1675 1868//1868 1649//1649
f 1649//1649 1796//1796 1680//1680
f 1564//1564 1675//1675 1649//1649
f 1718//1718 1839//1839 1649//1649
f 1675//1675 1564//1564 1868//1868
f 1564//1564 1751//1751 1868//1868
f 1836//1836 1622//1622 1855//1855
f 1622//1622 1657//1657 1855//1855
f 1622//1622 1624//1624 1657//1657
f 1682//1682 1739//1739 1512//1512
f 1512//1512 1737//1737 1682//1682
f 1682//1682 1737//1737 1739//1739
f 1599//1599 1821//1821 1737//1737
f 1821//1821 1599//1599 1771//1771
f 1727//1727 1679//1679 1570//1570
f 1780//1780 1777//1777 1758//1758
f 1991//1991 1992//1992 1508//1508
f 2054//2054 1556//1556 1576//1576
f 1794//1794 1652//1652 1433//1433
f 1350//1350 1433//1433 1652//1652
f 1789//1789 1435//1435 1699//1699
f 1346//1346 1699//1699 1435//1435
f 1455//1455 1686//1686 1475//1475
f 1502//1502 1583//1583 1501//1501
f 1501//1501 1583//1583 1515//1515
f 1753//1753 1314//1314 1486//1486
f 1475//1475 1276//1276 1455//1455
f 1318//1318 1253//1253 1455//1455
f 1251//1251 1447//1447 1643//1643
f 957//957 1442//1442 1088//1088
f 1442//1442 957//957 1435//1435
f 1196//1196 1394//1394 1833//1833
f 1196//1196 1471//1471 1472//1472
f 1196//1196 1833//1833 1471//1471
f 1342//1342 1471//1471 1505//1505
f 1340//1340 1219//1219 1419//1419
f 1219//1219 1275//1275 1419//1419
f 1039//1039 1521//1521 1244//1244
f 1198//1198 1095//1095 1357//1357
f 1198//1198 1357//1357 1334//1334
f 1286//1286 1477//1477 658//658
f 1591//1591 1174//1174 721//721
f 1167//1167 1531//1531 1223//1223
f 1531//1531 1167//1167 1222//1222
f 1055//1055 1336//1336 1136//1136
f 1055//1055 1203//1203 1267//1267
f 1185//1185 1299//1299 1151//1151
f 1151//1151 1299//1299 1265//1265
f 1265//1265 1299//1299 1444//1444
f 1151//1151 1265//1265 1203//1203
f 988//988 1384//1384 1233//1233
f 988//988 1233//1233 883//883
f 1230//1230 1426//1426 1144//1144
f 1177//1177 1144//1144 1426//1426
f 1270//1270 1134//1134 1426//1426
f 1134//1134 1177//1177 1426//1426
f 1233//1233 1230//1230 1273//1273
f 1233//1233 1273//1273 883//883
f 883//883 1273//1273 1304//1304
f 1304//1304 1273//1273 1230//1230
f 1278//1278 883//883 1304//1304
f 1230//1230 1270//1270 1426//1426
f 1134//1134 1270//1270 1230//1230
f 883//883 1278//1278 1329//1329
f 877//877 1453//1453 988//988
f 877//877 1240//1240 1453//1453
f 1049//1049 859//859 1262//1262
f 859//859 1116//1116 1262//1262
f 1296//1296 953//953 1183//1183
f 1135//1135 953//953 1296//1296
f 1183//1183 1247//1247 1297//1297
f 986//986 1247//1247 1183//1183
f 1258//1258 1323//1323 986//986
f 1135//1135 1258//1258 823//823
f 823//823 1258//1258 1169//1169
f 823//823 1324//1324 1258//1258
f 937//937 1151//1151 1123//1123
f 937//937 1123//1123 714//714
f 995//995 1110//1110 1038//1038
f 1155//1155 911//911 1104//1104
f 1115//1115 1003//1003 1031//1031
f 1094//1094 1081//1081 1155//1155
f 959//959 985//985 906//906
f 959//959 1017//1017 985//985
f 1093//1093 1009//1009 956//956
f 1076//1076 956//956 942//942
f 1076//1076 1093//1093 956//956
f 1093//1093 1076//1076 942//942
f 1009//1009 1093//1093 1051//1051
f 1001//1001 943//943 1051//1051
f 1226//1226 831//831 890//890
f 719//719 890//890 831//831
f 812//812 1010//1010 897//897
f 893//893 897//897 1010//1010
f 812//812 897//897 810//810
f 893//893 810//810 897//897
f 703//703 855//855 754//754
f 703//703 754//754 855//855
f 855//855 754//754 751//751
f 903//903 860//860 641//641
f 641//641 851//851 903//903
f 1061//1061 851//851 881//881
f 641//641 881//881 851//851
f 663//663 902//902 666//666
f 663//663 1013//1013 902//902
f 1013//1013 663//663 709//709
f 631//631 1078//1078 653//653
f 653//653 1078//1078 709//709
f 699//699 823//823 657//657
f 699//699 657//657 668//668
f 989//989 783//783 643//643
f 772//772 590//590 759//759
f 622//622 688//688 797//797
f 717//717 730//730 688//688
f 730//730 728//728 712//712
f 795//795 808//808 717//717
f 717//717 808//808 739//739
f 806//806 728//728 829//829
f 829//829 728//728 1189//1189
f 783//783 1189//1189 728//728
f 581//581 819//819 702//702
f 1183//1183 727//727 702//702
f 260//260 899//899 447//447
f 533//533 800//800 899//899
f 548//548 800//800 533//533
f 651//651 800//800 548//548
f 361//361 617//617 651//651
f 495//495 559//559 526//526
f 557//557 526//526 559//559
f 472//472 515//515 701//701
f 526//526 557//557 626//626
f 143//143 626//626 708//708
f 504//504 499//499 564//564
f 499//499 504//504 757//757
f 474//474 499//499 581//581
f 581//581 499//499 794//794
f 422//422 610//610 615//615
f 517//517 486//486 505//505
f 505//505 486//486 466//466
f 574//574 485//485 463//463
f 412//412 485//485 574//574
f 135//135 574//574 463//463
f 466//466 412//412 574//574
f 412//412 466//466 460//460
f 574//574 135//135 793//793
f 464//464 497//497 621//621
f 440//440 491//491 174//174
f 174//174 491//491 555//555
f 526//526 626//626 143//143
f 623//623 426//426 472//472
f 515//515 472//472 426//426
f 426//426 623//623 499//499
f 474//474 426//426 499//499
f 426//426 474//474 564//564
f 474//474 504//504 564//564
f 113//113 474//474 204//204
f 474//474 438//438 504//504
f 152//152 362//362 358//358
f 358//358 362//362 345//345
f 362//362 202//202 345//345
f 345//345 202//202 346//346
f 346//346 264//264 345//345
f 264//264 347//347 345//345
f 199//199 346//346 202//202
f 199//199 264//264 346//346
f 196//196 264//264 199//199
f 483//483 281//281 311//311
f 281//281 381//381 311//311
f 170//170 248//248 318//318
f 256//256 327//327 223//223
f 222//222 256//256 223//223
f 247//247 314//314 203//203
f 263//263 340//340 196//196
f 264//264 182//182 263//263
f 227//227 178//178 120//120
f 535//535 107//107 112//112
f 231//231 396//396 112//112
f 126//126 181//181 132//132
f 441//441 231//231 181//181
f 132//132 181//181 231//231
f 181//181 126//126 178//178
f 113//113 185//185 116//116
f 113//113 204//204 185//185
f 147//147 474//474 113//113
f 138//138 106//106 143//143
f 106//106 150//150 147//147
f 106//106 138//138 150//150
f 150//150 138//138 147//147
f 111//111 104//104 99//99
f 104//104 111//111 100//100
f 108//108 100//100 111//111
f 4412//4412 4428//4428 47//47
f 4413//4413 4416//4416 4428//4428
f 4373//4373 4413//4413 4428//4428
f 4373//4373 4428//4428 4412//4412
f 4411//4411 4412//4412 47//47
f 4410//4410 4411//4411 47//47
f 4410//4410 47//47 4347//4347
f 4381//4381 4347//4347 47//47
f 4422//4422 4340//4340 85//85
f 4422//4422 85//85 4312//4312
f 88//88 4312//4312 85//85
f 18//18 4421//4421 4312//4312
f 4405//4405 4346//4346 4404//4404
f 4246//4246 4340//4340 4422//4422
f 4335//4335 4308//4308 4246//4246
f 4307//4307 4308//4308 4335//4335
f 4206//4206 4335//4335 4305//4305
f 4305//4305 4335//4335 4246//4246
f 4285//4285 3962//3962 4297//4297
f 3962//3962 4166//4166 4297//4297
f 4166//4166 4252//4252 4297//4297
f 4265//4265 4298//4298 4252//4252
f 4193//4193 4280//4280 3994//3994
f 4115//4115 4331//4331 4261//4261
f 4219//4219 4269//4269 4023//4023
f 4219//4219 4292//4292 4269//4269
f 4023//4023 4269//4269 4160//4160
f 4181//4181 4160//4160 4269//4269
f 4166//4166 4160//4160 4181//4181
f 4263//4263 4181//4181 4269//4269
f 4251//4251 4322//4322 4265//4265
f 4181//4181 4263//4263 4229//4229
f 4212//4212 4320//4320 4246//4246
f 4422//4422 4150//4150 4246//4246
f 4243//4243 4240//4240 4246//4246
f 4195//4195 4009//4009 4302//4302
f 4250//4250 4101//4101 4214//4214
f 4167//4167 4100//4100 4208//4208
f 4232//4232 4059//4059 4117//4117
f 4058//4058 4117//4117 4289//4289
f 4017//4017 4231//4231 3849//3849
f 4120//4120 3849//3849 4245//4245
f 4007//4007 4158//4158 3990//3990
f 4148//4148 4169//4169 3811//3811
f 3811//3811 4169//4169 4266//4266
f 3811//3811 4266//4266 4070//4070
f 4169//4169 4148//4148 4164//4164
f 4169//4169 3956//3956 4158//4158
f 3990//3990 4158//4158 3956//3956
f 4087//4087 4135//4135 4079//4079
f 4098//4098 4218//4218 4129//4129
f 3966//3966 4133//4133 4128//4128
f 4128//4128 4133//4133 4177//4177
f 3966//3966 4192//4192 4114//4114
f 3966//3966 4128//4128 4192//4192
f 3921//3921 4218//4218 4098//4098
f 3921//3921 4198//4198 4218//4218
f 3818//3818 4216//4216 3785//3785
f 4101//4101 3930//3930 4157//4157
f 4157//4157 3930//3930 4332//4332
f 3785//3785 4216//4216 3930//3930
f 3822//3822 4176//4176 4285//4285
f 3822//3822 4285//4285 4323//4323
f 4021//4021 4323//4323 4252//4252
f 3660//3660 4046//4046 4253//4253
f 3660//3660 4253//4253 4197//4197
f 3871//3871 4237//4237 4039//4039
f 4237//4237 3871//3871 4012//4012
f 4039//4039 4237//4237 4083//4083
f 4026//4026 4039//4039 4083//4083
f 4039//4039 4026//4026 4083//4083
f 4039//4039 3843//3843 4230//4230
f 3843//3843 3977//3977 4230//4230
f 4093//4093 4230//4230 3977//3977
f 3990//3990 4093//4093 3977//3977
f 4230//4230 4093//4093 4248//4248
f 4093//4093 3990//3990 4248//4248
f 3990//3990 4070//4070 4248//4248
f 3872//3872 4096//4096 4180//4180
f 4045//4045 4012//4012 3871//3871
f 4032//4032 4053//4053 3949//3949
f 4112//4112 4338//4338 4051//4051
f 4338//4338 4315//4315 4051//4051
f 4022//4022 3721//3721 4085//4085
f 4051//4051 4148//4148 4112//4112
f 3881//3881 4049//4049 4013//4013
f 4085//4085 3943//3943 3881//3881
f 4085//4085 3881//3881 4016//4016
f 4016//4016 3881//3881 4013//4013
f 3994//3994 3807//3807 3953//3953
f 3807//3807 3755//3755 3953//3953
f 3953//3953 3755//3755 3994//3994
f 4118//4118 3825//3825 3865//3865
f 3836//3836 3958//3958 4152//4152
f 3836//3836 4152//4152 4054//4054
f 3894//3894 3677//3677 4054//4054
f 3677//3677 3626//3626 4054//4054
f 3677//3677 3894//3894 3853//3853
f 3677//3677 3890//3890 3851//3851
f 3617//3617 3614//3614 3677//3677
f 3536//3536 3440//3440 3991//3991
f 3888//3888 3611//3611 3782//3782
f 3782//3782 3757//3757 3883//3883
f 3757//3757 3608//3608 3883//3883
f 3608//3608 3845//3845 3815//3815
f 3845//3845 3883//3883 3815//3815
f 3661//3661 3809//3809 4047//4047
f 3661//3661 4047//4047 3453//3453
f 3453//3453 4047//4047 3706//3706
f 3573//3573 3670//3670 3968//3968
f 3968//3968 3670//3670 3791//3791
f 4036//4036 3791//3791 3597//3597
f 3747//3747 3740//3740 3852//3852
f 4046//4046 3747//3747 3852//3852
f 3852//3852 3740//3740 3765//3765
f 4025//4025 3765//3765 3740//3740
f 3635//3635 3445//3445 3786//3786
f 3635//3635 3786//3786 4253//4253
f 4025//4025 3557//3557 3668//3668
f 3668//3668 3557//3557 3669//3669
f 3480//3480 3844//3844 3445//3445
f 3844//3844 3480//3480 3660//3660
f 3471//3471 3492//3492 3469//3469
f 3469//3469 3399//3399 3248//3248
f 3691//3691 3632//3632 3336//3336
f 3106//3106 3451//3451 3764//3764
f 3106//3106 3764//3764 3623//3623
f 3308//3308 3623//3623 3106//3106
f 3265//3265 3106//3106 3623//3623
f 3832//3832 3696//3696 3700//3700
f 3597//3597 3392//3392 3025//3025
f 3358//3358 3635//3635 3747//3747
f 3226//3226 3740//3740 3747//3747
f 3269//3269 3740//3740 3226//3226
f 4036//4036 3635//3635 4253//4253
f 3704//3704 3237//3237 3919//3919
f 3391//3391 3237//3237 3554//3554
f 3554//3554 3237//3237 3704//3704
f 3335//3335 3391//3391 3554//3554
f 3280//3280 3570//3570 3553//3553
f 3579//3579 3223//3223 3359//3359
f 3335//3335 3548//3548 3303//3303
f 3169//3169 3524//3524 3238//3238
f 3238//3238 3524//3524 3641//3641
f 3191//3191 3238//3238 3356//3356
f 3686//3686 3238//3238 3641//3641
f 3436//3436 3449//3449 3356//3356
f 3449//3449 3238//3238 3356//3356
f 3449//3449 3436//3436 3215//3215
f 3146//3146 3645//3645 3340//3340
f 3381//3381 3544//3544 3161//3161
f 3381//3381 3551//3551 3464//3464
f 3332//3332 3329//3329 3462//3462
f 3506//3506 3462//3462 3329//3329
f 3506//3506 3332//3332 3551//3551
f 3544//3544 3381//3381 3390//3390
f 3630//3630 3414//3414 3602//3602
f 3414//3414 3161//3161 3521//3521
f 3542//3542 3218//3218 3521//3521
f 3218//3218 3414//3414 3521//3521
f 3330//3330 3218//3218 3869//3869
f 3188//3188 3290//3290 3253//3253
f 3290//3290 3338//3338 3411//3411
f 3290//3290 3188//3188 3374//3374
f 2901//2901 3371//3371 3331//3331
f 2901//2901 3455//3455 3371//3371
f 3254//3254 3487//3487 3422//3422
f 3612//3612 3656//3656 3003//3003
f 3152//3152 3003//3003 3656//3656
f 3200//3200 3392//3392 3573//3573
f 3126//3126 3739//3739 3564//3564
f 3136//3136 3563//3563 3275//3275
f 3313//3313 3297//3297 3561//3561
f 3281//3281 3201//3201 3370//3370
f 3191//3191 3346//3346 3585//3585
f 3191//3191 3343//3343 3346//3346
f 3250//3250 3206//3206 3318//3318
f 3112//3112 3356//3356 3158//3158
f 3318//3318 3356//3356 3112//3112
f 3013//3013 3524//3524 3242//3242
f 3242//3242 3524//3524 3169//3169
f 3238//3238 3449//3449 3215//3215
f 3158//3158 3356//3356 3191//3191
f 3437//3437 3215//3215 3436//3436
f 3218//3218 3330//3330 3481//3481
f 3481//3481 3524//3524 3252//3252
f 3252//3252 3524//3524 3013//3013
f 3329//3329 3506//3506 3202//3202
f 3000//3000 3193//3193 3518//3518
f 3057//3057 3000//3000 3518//3518
f 3224//3224 3518//3518 3193//3193
f 3518//3518 3343//3343 3047//3047
f 3228//3228 3047//3047 3343//3343
f 3258//3258 3191//3191 3585//3585
f 3107//3107 3304//3304 3651//3651
f 2855//2855 3535//3535 3304//3304
f 2855//2855 3304//3304 3107//3107
f 3206//3206 3258//3258 3318//3318
f 3318//3318 3258//3258 3585//3585
f 3368//3368 3400//3400 2703//2703
f 3377//3377 3400//3400 3589//3589
f 3131//3131 3362//3362 2344//2344
f 3310//3310 3023//3023 3150//3150
f 3410//3410 3233//3233 3243//3243
f 3190//3190 3243//3243 3233//3233
f 2672//2672 3337//3337 2739//2739
f 3066//3066 2822//2822 2937//2937
f 2822//2822 3196//3196 3236//3236
f 3182//3182 2712//2712 3236//3236
f 2712//2712 3182//3182 3178//3178
f 2410//2410 2743//2743 2638//2638
f 2638//2638 2743//2743 3237//3237
f 2638//2638 3337//3337 2918//2918
f 2638//2638 3237//3237 3337//3337
f 2944//2944 3093//3093 2344//2344
f 3119//3119 3093//3093 2944//2944
f 3119//3119 3131//3131 3093//3093
f 3119//3119 3216//3216 3131//3131
f 3119//3119 3063//3063 3216//3216
f 2799//2799 2979//2979 3148//3148
f 3148//3148 2852//2852 2799//2799
f 2869//2869 2852//2852 3148//3148
f 2749//2749 3100//3100 2950//2950
f 3087//3087 3084//3084 3052//3052
f 2899//2899 3052//3052 3084//3084
f 3087//3087 2858//2858 3084//3084
f 2858//2858 2989//2989 2927//2927
f 2899//2899 3026//3026 2853//2853
f 2899//2899 2707//2707 3026//3026
f 3026//3026 2707//2707 2948//2948
f 2853//2853 3026//3026 3084//3084
f 3005//3005 2734//2734 3125//3125
f 3058//3058 2734//2734 3005//3005
f 2859//2859 3288//3288 2773//2773
f 2708//2708 3109//3109 3000//3000
f 2708//2708 3072//3072 3076//3076
f 2708//2708 2764//2764 3072//3072
f 2989//2989 2858//2858 2814//2814
f 3084//3084 2858//2858 2897//2897
f 2853//2853 3084//3084 2897//2897
f 2780//2780 3122//3122 2742//2742
f 3122//3122 2780//2780 3028//3028
f 3049//3049 2971//2971 2713//2713
f 2795//2795 2752//2752 2949//2949
f 2949//2949 2752//2752 2808//2808
f 2795//2795 3481//3481 3013//3013
f 3481//3481 2795//2795 2949//2949
f 2795//2795 3013//3013 2687//2687
f 2931//2931 2940//2940 3129//3129
f 3129//3129 3057//3057 2931//2931
f 2651//2651 3000//3000 2665//2665
f 2535//2535 2931//2931 3047//3047
f 3047//3047 2931//2931 3057//3057
f 2535//2535 3047//3047 2664//2664
f 2664//2664 3047//3047 2999//2999
f 2664//2664 2981//2981 2671//2671
f 2671//2671 2981//2981 3017//3017
f 2827//2827 2664//2664 2999//2999
f 2999//2999 2664//2664 2396//2396
f 3046//3046 2999//2999 2396//2396
f 2509//2509 2307//2307 2344//2344
f 2581//2581 2918//2918 2975//2975
f 2727//2727 2822//2822 2823//2823
f 2712//2712 2397//2397 2760//2760
f 2365//2365 2587//2587 2750//2750
f 2695//2695 3119//3119 2307//2307
f 2912//2912 2695//2695 2732//2732
f 2695//2695 2666//2666 2732//2732
f 2831//2831 2637//2637 2406//2406
f 2639//2639 2406//2406 2637//2637
f 2105//2105 2831//2831 3074//3074
f 2831//2831 2105//2105 2637//2637
f 2670//2670 2367//2367 2218//2218
f 2218//2218 2628//2628 2670//2670
f 2670//2670 2628//2628 2555//2555
f 2393//2393 2555//2555 2628//2628
f 2282//2282 2662//2662 2344//2344
f 2282//2282 2963//2963 2662//2662
f 2344//2344 2662//2662 2352//2352
f 2264//2264 2604//2604 2698//2698
f 2210//2210 2604//2604 2264//2264
f 2604//2604 2210//2210 2749//2749
f 2823//2823 2822//2822 2492//2492
f 2468//2468 2510//2510 2272//2272
f 2468//2468 3062//3062 2510//2510
f 3172//3172 2398//2398 1959//1959
f 2442//2442 2704//2704 2746//2746
f 2746//2746 2252//2252 2601//2601
f 2601//2601 2252//2252 2599//2599
f 2169//2169 2307//2307 2509//2509
f 2428//2428 2695//2695 2307//2307
f 2428//2428 2515//2515 2695//2695
f 2526//2526 2381//2381 2377//2377
f 2526//2526 2666//2666 2381//2381
f 2617//2617 2526//2526 2377//2377
f 2464//2464 2617//2617 2199//2199
f 2180//2180 2464//2464 2363//2363
f 2455//2455 2501//2501 2590//2590
f 2590//2590 2501//2501 2423//2423
f 2264//2264 2700//2700 2497//2497
f 2252//2252 2144//2144 2564//2564
f 2446//2446 2485//2485 2525//2525
f 2493//2493 2309//2309 2573//2573
f 2485//2485 2446//2446 2327//2327
f 2582//2582 2368//2368 2386//2386
f 2125//2125 2446//2446 2525//2525
f 2109//2109 2493//2493 2446//2446
f 2493//2493 2109//2109 2309//2309
f 2327//2327 2446//2446 2493//2493
f 2243//2243 2493//2493 2208//2208
f 1776//1776 2422//2422 2327//2327
f 1946//1946 2061//2061 2442//2442
f 2157//2157 2330//2330 2274//2274
f 2330//2330 2157//2157 2029//2029
f 2046//2046 2274//2274 2069//2069
f 2271//2271 2069//2069 2274//2274
f 2261//2261 1980//1980 2271//2271
f 2100//2100 2147//2147 2142//2142
f 2065//2065 2227//2227 1754//1754
f 2054//2054 2597//2597 1994//1994
f 1918//1918 1935//1935 2046//2046
f 1882//1882 2294//2294 2115//2115
f 2515//2515 2234//2234 2159//2159
f 2156//2156 2159//2159 2005//2005
f 2159//2159 2156//2156 2031//2031
f 2076//2076 2075//2075 1989//1989
f 1987//1987 2358//2358 1988//1988
f 1988//1988 2358//2358 2091//2091
f 2104//2104 2521//2521 2048//2048
f 2104//2104 2048//2048 2387//2387
f 2010//2010 2387//2387 2048//2048
f 2001//2001 2360//2360 2505//2505
f 1919//1919 2236//2236 1653//1653
f 1878//1878 2041//2041 1856//1856
f 1912//1912 1904//1904 2297//2297
f 1875//1875 2178//2178 1793//1793
f 2032//2032 1875//1875 1944//1944
f 1806//1806 2029//2029 2157//2157
f 1806//1806 2157//2157 2114//2114
f 1791//1791 1806//1806 2114//2114
f 1843//1843 2100//2100 1879//1879
f 1880//1880 2094//2094 2014//2014
f 1955//1955 1989//1989 1988//1988
f 1955//1955 1988//1988 2091//2091
f 1977//1977 2019//2019 2288//2288
f 1977//1977 2288//2288 2082//2082
f 1908//1908 2082//2082 2288//2288
f 1709//1709 1973//1973 2116//2116
f 1709//1709 1979//1979 1943//1943
f 1943//1943 1979//1979 2111//2111
f 1618//1618 1970//1970 2011//2011
f 1853//1853 1819//1819 1531//1531
f 1897//1897 1775//1775 2034//2034
f 2034//2034 1775//1775 1901//1901
f 1796//1796 1649//1649 1939//1939
f 2314//2314 1736//1736 1769//1769
f 1736//1736 2314//2314 1840//1840
f 1736//1736 1840//1840 1764//1764
f 1868//1868 1764//1764 1840//1840
f 1830//1830 1764//1764 1868//1868
f 1922//1922 1760//1760 1868//1868
f 1760//1760 1702//1702 1868//1868
f 1868//1868 1751//1751 2035//2035
f 2035//2035 1751//1751 2018//2018
f 1688//1688 1778//1778 1925//1925
f 1747//1747 2006//2006 1778//1778
f 1773//1773 1830//1830 1747//1747
f 1807//1807 1800//1800 1852//1852
f 1574//1574 1795//1795 1782//1782
f 1707//1707 1782//1782 1629//1629
f 1693//1693 1795//1795 1574//1574
f 1822//1822 1795//1795 1693//1693
f 1616//1616 1679//1679 1638//1638
f 1768//1768 1896//1896 1557//1557
f 1681//1681 1702//1702 1613//1613
f 1593//1593 1383//1383 1672//1672
f 1383//1383 1751//1751 1672//1672
f 1596//1596 1593//1593 1751//1751
f 1751//1751 1593//1593 1672//1672
f 1593//1593 1596//1596 1672//1672
f 1672//1672 1596//1596 1539//1539
f 1431//1431 2353//2353 1842//1842
f 1661//1661 1842//1842 1613//1613
f 1463//1463 1892//1892 1308//1308
f 1239//1239 1488//1488 1697//1697
f 1697//1697 1488//1488 2363//2363
f 2363//2363 1488//1488 1492//1492
f 1692//1692 1581//1581 1667//1667
f 1715//1715 1360//1360 1817//1817
f 1360//1360 1715//1715 1446//1446
f 1446//1446 1715//1715 1528//1528
f 1574//1574 1707//1707 1551//1551
f 1417//1417 1771//1771 1599//1599
f 1725//1725 1771//1771 1417//1417
f 1608//1608 1432//1432 1570//1570
f 1725//1725 1551//1551 1765//1765
f 1432//1432 1608//1608 1570//1570
f 1432//1432 1570//1570 1517//1517
f 1679//1679 1616//1616 1570//1570
f 1517//1517 1570//1570 1616//1616
f 1494//1494 1563//1563 1806//1806
f 1560//1560 1576//1576 1556//1556
f 1711//1711 1555//1555 1542//1542
f 1560//1560 1556//1556 1321//1321
f 1560//1560 1321//1321 1532//1532
f 1574//1574 1321//1321 1606//1606
f 1663//1663 1321//1321 1574//1574
f 1532//1532 1555//1555 1560//1560
f 1321//1321 1555//1555 1532//1532
f 1500//1500 1354//1354 1555//1555
f 1500//1500 1555//1555 1527//1527
f 1555//1555 1321//1321 1527//1527
f 1321//1321 1663//1663 1527//1527
f 1663//1663 1612//1612 1527//1527
f 1527//1527 1612//1612 1500//1500
f 1469//1469 1546//1546 1496//1496
f 1504//1504 1469//1469 1598//1598
f 1677//1677 1469//1469 1441//1441
f 1451//1451 1677//1677 1441//1441
f 1332//1332 1451//1451 1441//1441
f 1163//1163 1677//1677 1441//1441
f 1405//1405 1677//1677 1163//1163
f 1405//1405 1547//1547 1677//1677
f 1163//1163 1547//1547 1405//1405
f 1677//1677 1548//1548 1441//1441
f 1353//1353 1548//1548 1465//1465
f 1465//1465 1548//1548 1547//1547
f 1379//1379 1660//1660 1499//1499
f 1029//1029 1208//1208 1660//1660
f 981//981 1445//1445 1208//1208
f 1340//1340 1511//1511 1456//1456
f 1218//1218 1538//1538 1311//1311
f 1419//1419 1510//1510 1466//1466
f 1874//1874 1423//1423 1438//1438
f 1311//1311 1438//1438 1423//1423
f 1502//1502 1192//1192 1604//1604
f 1295//1295 1507//1507 1371//1371
f 967//967 1371//1371 1407//1407
f 1255//1255 1492//1492 1274//1274
f 1247//1247 1457//1457 1431//1431
f 986//986 1323//1323 1247//1247
f 1247//1247 1323//1323 1457//1457
f 1277//1277 1468//1468 1279//1279
f 1222//1222 1373//1373 1531//1531
f 1222//1222 1335//1335 1373//1373
f 658//658 1477//1477 1393//1393
f 1374//1374 1403//1403 1954//1954
f 1271//1271 1396//1396 1264//1264
f 1271//1271 1268//1268 1396//1396
f 1033//1033 1271//1271 1280//1280
f 1070//1070 1280//1280 1261//1261
f 1070//1070 1033//1033 1280//1280
f 1226//1226 1266//1266 1163//1163
f 1048//1048 1302//1302 1263//1263
f 1139//1139 1302//1302 890//890
f 1082//1082 1268//1268 1271//1271
f 1220//1220 1298//1298 1694//1694
f 1298//1298 1168//1168 1694//1694
f 964//964 1087//1087 1168//1168
f 1248//1248 1394//1394 919//919
f 1146//1146 1184//1184 1369//1369
f 886//886 1173//1173 1356//1356
f 1035//1035 676//676 1350//1350
f 1025//1025 1143//1143 1133//1133
f 1133//1133 1143//1143 1193//1193
f 1120//1120 1117//1117 1118//1118
f 1137//1137 1120//1120 1118//1118
f 1004//1004 963//963 1095//1095
f 1118//1118 963//963 932//932
f 958//958 690//690 1127//1127
f 1347//1347 958//958 1127//1127
f 1118//1118 1074//1074 963//963
f 949//949 1018//1018 1012//1012
f 984//984 843//843 1014//1014
f 1018//1018 892//892 984//984
f 984//984 892//892 843//843
f 917//917 1014//1014 843//843
f 785//785 918//918 1014//1014
f 785//785 1007//1007 918//918
f 1007//1007 785//785 1000//1000
f 785//785 933//933 1000//1000
f 792//792 1099//1099 920//920
f 920//920 1106//1106 1078//1078
f 920//920 1099//1099 1106//1106
f 847//847 765//765 821//821
f 777//777 863//863 1102//1102
f 863//863 777//777 862//862
f 1102//1102 881//881 641//641
f 863//863 862//862 1102//1102
f 862//862 777//777 935//935
f 936//936 776//776 775//775
f 729//729 847//847 821//821
f 874//874 766//766 821//821
f 930//930 766//766 931//931
f 831//831 1226//1226 1184//1184
f 743//743 780//780 847//847
f 720//720 868//868 792//792
f 792//792 631//631 720//720
f 758//758 749//749 455//455
f 758//758 983//983 749//749
f 669//669 455//455 878//878
f 784//784 455//455 749//749
f 455//455 784//784 878//878
f 878//878 784//784 835//835
f 784//784 637//637 835//835
f 637//637 767//767 835//835
f 754//754 855//855 751//751
f 809//809 787//787 183//183
f 509//509 818//818 628//628
f 625//625 508//508 818//818
f 508//508 628//628 818//818
f 625//625 419//419 508//508
f 625//625 914//914 681//681
f 768//768 681//681 914//914
f 1184//1184 471//471 724//724
f 719//719 831//831 724//724
f 638//638 466//466 650//650
f 562//562 650//650 466//466
f 639//639 609//609 466//466
f 639//639 590//590 609//609
f 466//466 638//638 639//639
f 590//590 640//640 308//308
f 639//639 640//640 590//590
f 640//640 639//639 308//308
f 636//636 308//308 643//643
f 308//308 639//639 643//643
f 716//716 574//574 793//793
f 650//650 562//562 574//574
f 634//634 452//452 650//650
f 650//650 555//555 616//616
f 508//508 506//506 520//520
f 143//143 563//563 138//138
f 143//143 708//708 563//563
f 138//138 563//563 670//670
f 138//138 670//670 438//438
f 438//438 757//757 504//504
f 757//757 438//438 670//670
f 135//135 464//464 793//793
f 793//793 464//464 726//726
f 726//726 464//464 697//697
f 200//200 508//508 520//520
f 387//387 419//419 680//680
f 515//515 426//426 701//701
f 426//426 564//564 701//701
f 520//520 506//506 315//315
f 329//329 579//579 305//305
f 608//608 305//305 579//579
f 422//422 516//516 386//386
f 386//386 516//516 201//201
f 180//180 568//568 586//586
f 180//180 586//586 179//179
f 394//394 326//326 210//210
f 210//210 205//205 394//394
f 521//521 205//205 317//317
f 394//394 205//205 521//521
f 580//580 352//352 565//565
f 477//477 371//371 363//363
f 385//385 213//213 405//405
f 451//451 407//407 342//342
f 451//451 318//318 385//385
f 409//409 239//239 408//408
f 239//239 309//309 408//408
f 606//606 429//429 427//427
f 427//427 429//429 236//236
f 236//236 429//429 606//606
f 213//213 256//256 368//368
f 192//192 367//367 558//558
f 191//191 558//558 367//367
f 256//256 192//192 330//330
f 364//364 367//367 192//192
f 320//320 324//324 372//372
f 477//477 320//320 360//360
f 477//477 324//324 320//320
f 360//360 191//191 477//477
f 372//372 324//324 477//477
f 338//338 164//164 588//588
f 588//588 338//338 454//454
f 189//189 137//137 661//661
f 137//137 333//333 661//661
f 127//127 159//159 121//121
f 114//114 252//252 123//123
f 123//123 252//252 139//139
f 336//336 235//235 160//160
f 148//148 159//159 160//160
f 159//159 148//148 121//121
f 148//148 127//127 121//121
f 158//158 148//148 160//160
f 127//127 148//148 158//158
f 4392//4392 4288//4288 4334//4334
f 4334//4334 4297//4297 4392//4392
f 4392//4392 4190//4190 4288//4288
f 4392//4392 4389//4389 4190//4190
f 4392//4392 4297//4297 4389//4389
f 4292//4292 4389//4389 4297//4297
f 4389//4389 4292//4292 4190//4190
f 4373//4373 4297//4297 4416//4416
f 4297//4297 4373//4373 4402//4402
f 4434//4434 4184//4184 4363//4363
f 4376//4376 4337//4337 4382//4382
f 4361//4361 4376//4376 4382//4382
f 4213//4213 4382//4382 4359//4359
f 4382//4382 4213//4213 4361//4361
f 4372//4372 4361//4361 4213//4213
f 4361//4361 4337//4337 4376//4376
f 4371//4371 4233//4233 4361//4361
f 4065//4065 4371//4371 4361//4361
f 4255//4255 4361//4361 4372//4372
f 4183//4183 4255//4255 4372//4372
f 4213//4213 4359//4359 4372//4372
f 4372//4372 4359//4359 4363//4363
f 4183//4183 4372//4372 4363//4363
f 4076//4076 4363//4363 4184//4184
f 4183//4183 4363//4363 4076//4076
f 4430//4430 4327//4327 4429//4429
f 4233//4233 4321//4321 4337//4337
f 4245//4245 4321//4321 4233//4233
f 4278//4278 4203//4203 4321//4321
f 4278//4278 4321//4321 4017//4017
f 4017//4017 4321//4321 4231//4231
f 4231//4231 4321//4321 4245//4245
f 4233//4233 4120//4120 4245//4245
f 4280//4280 4193//4193 4300//4300
f 4384//4384 4277//4277 4290//4290
f 4277//4277 4247//4247 4290//4290
f 4283//4283 4132//4132 4282//4282
f 4132//4132 4283//4283 4282//4282
f 4220//4220 4228//4228 4161//4161
f 4220//4220 4254//4254 4228//4228
f 4080//4080 4123//4123 4307//4307
f 4080//4080 4307//4307 4206//4206
f 4080//4080 4206//4206 3884//3884
f 3884//3884 4206//4206 4066//4066
f 4066//4066 4203//4203 4109//4109
f 4066//4066 4236//4236 4203//4203
f 4310//4310 4220//4220 4421//4421
f 4220//4220 4310//4310 4254//4254
f 3533//3533 4182//4182 3999//3999
f 3998//3998 3533//3533 3999//3999
f 3665//3665 4186//4186 3667//3667
f 4223//4223 4150//4150 4161//4161
f 4161//4161 4228//4228 4223//4223
f 3388//3388 4146//4146 4047//4047
f 4047//4047 4176//4176 3822//3822
f 4047//4047 4146//4146 4176//4176
f 4020//4020 4071//4071 4355//4355
f 3784//3784 3983//3983 4061//4061
f 3934//3934 4075//4075 4004//4004
f 3882//3882 4004//4004 4075//4075
f 3827//3827 3882//3882 4075//4075
f 3827//3827 4075//4075 4073//4073
f 3907//3907 3991//3991 3969//3969
f 3907//3907 3969//3969 4010//4010
f 3957//3957 3969//3969 3991//3991
f 3878//3878 4010//4010 3877//3877
f 4043//4043 3751//3751 3877//3877
f 3813//3813 4043//4043 3877//3877
f 3658//3658 4009//4009 3299//3299
f 3897//3897 3948//3948 3864//3864
f 3897//3897 3946//3946 4100//4100
f 3946//3946 3333//3333 4100//4100
f 4100//4100 3333//3333 4059//4059
f 4193//4193 3828//3828 3830//3830
f 3828//3828 4193//4193 4215//4215
f 3994//3994 3929//3929 4215//4215
f 3828//3828 4102//4102 3789//3789
f 3828//3828 4115//4115 4102//4102
f 3828//3828 4215//4215 4115//4115
f 4215//4215 3929//3929 4115//4115
f 4115//4115 3929//3929 4040//4040
f 3465//3465 3935//3935 4149//4149
f 3465//3465 4149//4149 3772//3772
f 3772//3772 4149//4149 4000//4000
f 4110//4110 4141//4141 3832//3832
f 3826//3826 3967//3967 3795//3795
f 3866//3866 3818//3818 3578//3578
f 3743//3743 3//3 3804//3804
f 3921//3921 3858//3858 3916//3916
f 3578//3578 3561//3561 3866//3866
f 3795//3795 4087//4087 3790//3790
f 3790//3790 4087//4087 3804//3804
f 3//3 3466//3466 3804//3804
f 3804//3804 3817//3817 3743//3743
f 3654//3654 3967//3967 3795//3795
f 3967//3967 3654//3654 3804//3804
f 3858//3858 3450//3450 3916//3916
f 3966//3966 3916//3916 3450//3450
f 3584//3584 3450//3450 3858//3858
f 3921//3921 3804//3804 3762//3762
f 3584//3584 3858//3858 3921//3921
f 3730//3730 3817//3817 3804//3804
f 3921//3921 3730//3730 3804//3804
f 3730//3730 3921//3921 4031//4031
f 3985//3985 3785//3785 3412//3412
f 3412//3412 3840//3840 3776//3776
f 3776//3776 3840//3840 3785//3785
f 3746//3746 3864//3864 3917//3917
f 3796//3796 3701//3701 3639//3639
f 3796//3796 3870//3870 3701//3701
f 3870//3870 3796//3796 3917//3917
f 3796//3796 4024//4024 3917//3917
f 3917//3917 4024//4024 3232//3232
f 3897//3897 3864//3864 3898//3898
f 3746//3746 3898//3898 3864//3864
f 3695//3695 3683//3683 3799//3799
f 3981//3981 3620//3620 3737//3737
f 3899//3899 3718//3718 3961//3961
f 3718//3718 3899//3899 3609//3609
f 3620//3620 3961//3961 3718//3718
f 3620//3620 3737//3737 3961//3961
f 3428//3428 3718//3718 3575//3575
f 3575//3575 3718//3718 3609//3609
f 3613//3613 4003//4003 3662//3662
f 3613//3613 3749//3749 4003//4003
f 3620//3620 3981//3981 3545//3545
f 3652//3652 3981//3981 3586//3586
f 3671//3671 3545//3545 3981//3981
f 3820//3820 3492//3492 4068//4068
f 3492//3492 3820//3820 3469//3469
f 3469//3469 3820//3820 3399//3399
f 3632//3632 4000//4000 3336//3336
f 3691//3691 4000//4000 3632//3632
f 3691//3691 3772//3772 4000//4000
f 3336//3336 4000//4000 3644//3644
f 3644//3644 4000//4000 3927//3927
f 3465//3465 3772//3772 3691//3691
f 3369//3369 3741//3741 3465//3465
f 3308//3308 3857//3857 3623//3623
f 3741//3741 3369//3369 3623//3623
f 3835//3835 3623//3623 3857//3857
f 3265//3265 3623//3623 3835//3835
f 3451//3451 3832//3832 3764//3764
f 3700//3700 3923//3923 3832//3832
f 4114//4114 3308//3308 3880//3880
f 3404//3404 3572//3572 3308//3308
f 3308//3308 3572//3572 3880//3880
f 3516//3516 3693//3693 3395//3395
f 4147//4147 3558//3558 3802//3802
f 3595//3595 3558//3558 3830//3830
f 3723//3723 3701//3701 3829//3829
f 3717//3717 3701//3701 3723//3723
f 3228//3228 3759//3759 3390//3390
f 3432//3432 3571//3571 3246//3246
f 3601//3601 3951//3951 3432//3432
f 3410//3410 3608//3608 3555//3555
f 3523//3523 3310//3310 3497//3497
f 3310//3310 3580//3580 3497//3497
f 3493//3493 3650//3650 3608//3608
f 3608//3608 3650//3650 3653//3653
f 3650//3650 3479//3479 3705//3705
f 3088//3088 3960//3960 3381//3381
f 3542//3542 3161//3161 3544//3544
f 3464//3464 3551//3551 3332//3332
f 3332//3332 3462//3462 3376//3376
f 3521//3521 3161//3161 3542//3542
f 3542//3542 3869//3869 3218//3218
f 3825//3825 3330//3330 3869//3869
f 3330//3330 3825//3825 3481//3481
f 3224//3224 3599//3599 3518//3518
f 3343//3343 3491//3491 3596//3596
f 3304//3304 3535//3535 3503//3503
f 3651//3651 3585//3585 3581//3581
f 3585//3585 3651//3651 3304//3304
f 3585//3585 3304//3304 3318//3318
f 3343//3343 3191//3191 3356//3356
f 3486//3486 3356//3356 3318//3318
f 3470//3470 3361//3361 3219//3219
f 3365//3365 3219//3219 3361//3361
f 3219//3219 3373//3373 3688//3688
f 3373//3373 3137//3137 3688//3688
f 3688//3688 3137//3137 3452//3452
f 3361//3361 3570//3570 3430//3430
f 3430//3430 3570//3570 3280//3280
f 3766//3766 3430//3430 3663//3663
f 3314//3314 3663//3663 3430//3430
f 3601//3601 2990//2990 3351//3351
f 3288//3288 3351//3351 2990//2990
f 3787//3787 3415//3415 3531//3531
f 3342//3342 3415//3415 3787//3787
f 3452//3452 3137//3137 3553//3553
f 3342//3342 3787//3787 3447//3447
f 3363//3363 3477//3477 3078//3078
f 3485//3485 3737//3737 3325//3325
f 3468//3468 3126//3126 3564//3564
f 3416//3416 3026//3026 3425//3425
f 3425//3425 3026//3026 2948//2948
f 3461//3461 3192//3192 3041//3041
f 3416//3416 3353//3353 2932//2932
f 3431//3431 2950//2950 3192//3192
f 3317//3317 2950//2950 3431//3431
f 3264//3264 3536//3536 3305//3305
f 3305//3305 3536//3536 3031//3031
f 3536//3536 3264//3264 3259//3259
f 3324//3324 2858//2858 3249//3249
f 3357//3357 2897//2897 3367//3367
f 2897//2897 2858//2858 3367//3367
f 3320//3320 3357//3357 3061//3061
f 3448//3448 3048//3048 3271//3271
f 3227//3227 3254//3254 3282//3282
f 3254//3254 3147//3147 3282//3282
f 3200//3200 3282//3282 3207//3207
f 3200//3200 3573//3573 3282//3282
f 3656//3656 2693//2693 3152//3152
f 3282//3282 3360//3360 3207//3207
f 3207//3207 3392//3392 3200//3200
f 3207//3207 3025//3025 3392//3392
f 3137//3137 3219//3219 3171//3171
f 3430//3430 3068//3068 3071//3071
f 3068//3068 2975//2975 3280//3280
f 3335//3335 2877//2877 3430//3430
f 3068//3068 3430//3430 2877//2877
f 2877//2877 3335//3335 2998//2998
f 3280//3280 2975//2975 3314//3314
f 2838//2838 3068//3068 3280//3280
f 3288//3288 2990//2990 3092//3092
f 2996//2996 3342//3342 3137//3137
f 2978//2978 3282//3282 3098//3098
f 3198//3198 3053//3053 3288//3288
f 3288//3288 3053//3053 3175//3175
f 3053//3053 2990//2990 3175//3175
f 3023//3023 3091//3091 3115//3115
f 3091//3091 3185//3185 3115//3115
f 3178//3178 3182//3182 3368//3368
f 3368//3368 2703//2703 3178//3178
f 3178//3178 2703//2703 2630//2630
f 3150//3150 3023//3023 3233//3233
f 2896//2896 3139//3139 3291//3291
f 3293//3293 2915//2915 2935//2935
f 2940//2940 3202//3202 3129//3129
f 3109//3109 3224//3224 3000//3000
f 3076//3076 2996//2996 2701//2701
f 2959//2959 3135//3135 3025//3025
f 2906//2906 3135//3135 2959//2959
f 3085//3085 2282//2282 3134//3134
f 2762//2762 3134//3134 2282//2282
f 3004//3004 3463//3463 2892//2892
f 3004//3004 3153//3153 3463//3463
f 2879//2879 3003//3003 3152//3152
f 2282//2282 3085//3085 2962//2962
f 2920//2920 3079//3079 3024//3024
f 2855//2855 2946//2946 3120//3120
f 3327//3327 3120//3120 2951//2951
f 2946//2946 2951//2951 3120//3120
f 2548//2548 2946//2946 3460//3460
f 3163//3163 3212//3212 2946//2946
f 3019//3019 3064//3064 3027//3027
f 2548//2548 3064//3064 3019//3019
f 2851//2851 2979//2979 2799//2799
f 2841//2841 3038//3038 3325//3325
f 2841//2841 3267//3267 2837//2837
f 2841//2841 3325//3325 3267//3267
f 3325//3325 2841//2841 3298//3298
f 3298//3298 2841//2841 3077//3077
f 3087//3087 3002//3002 3077//3077
f 2667//2667 3032//3032 2873//2873
f 2873//2873 3032//3032 2690//2690
f 2690//2690 3032//3032 2939//2939
f 2888//2888 2690//2690 2939//2939
f 2928//2928 2888//2888 2927//2927
f 2975//2975 2818//2818 2880//2880
f 2880//2880 2773//2773 3288//3288
f 2902//2902 2908//2908 2909//2909
f 2866//2866 3168//3168 2803//2803
f 2803//2803 3168//3168 3137//3137
f 2768//2768 2880//2880 3092//3092
f 2880//2880 2885//2885 3092//3092
f 2885//2885 3125//3125 3092//3092
f 2734//2734 2885//2885 3125//3125
f 3125//3125 2745//2745 3019//3019
f 2745//2745 3125//3125 2885//2885
f 2834//2834 3018//3018 3097//3097
f 2605//2605 2767//2767 2984//2984
f 2984//2984 2767//2767 3067//3067
f 2419//2419 3013//3013 2592//2592
f 2988//2988 2592//2592 3013//3013
f 3046//3046 2592//2592 2988//2988
f 2810//2810 2722//2722 2807//2807
f 2796//2796 3055//3055 2767//2767
f 3055//3055 2796//2796 3437//3437
f 3437//3437 2846//2846 2810//2810
f 2846//2846 3437//3437 2796//2796
f 2821//2821 2839//2839 2666//2666
f 2868//2868 2839//2839 2821//2821
f 2868//2868 2526//2526 2617//2617
f 2464//2464 2910//2910 2617//2617
f 2464//2464 2816//2816 2910//2910
f 2385//2385 2816//2816 2464//2464
f 2812//2812 2905//2905 2976//2976
f 2812//2812 2976//2976 2540//2540
f 2540//2540 2976//2976 2900//2900
f 2900//2900 2761//2761 2540//2540
f 3300//3300 2384//2384 2925//2925
f 2384//2384 3300//3300 3018//3018
f 2384//2384 2834//2834 3097//3097
f 3014//3014 2306//2306 2657//2657
f 2921//2921 2595//2595 2832//2832
f 2421//2421 2804//2804 2832//2832
f 2531//2531 2906//2906 2832//2832
f 2906//2906 2771//2771 2832//2832
f 2553//2553 2673//2673 2797//2797
f 2673//2673 2607//2607 2797//2797
f 2604//2604 2799//2799 2698//2698
f 2697//2697 2809//2809 2985//2985
f 2424//2424 2985//2985 2729//2729
f 2906//2906 2588//2588 2771//2771
f 2406//2406 2693//2693 2831//2831
f 2692//2692 2873//2873 2690//2690
f 2438//2438 2627//2627 2731//2731
f 2608//2608 2579//2579 2749//2749
f 2579//2579 2685//2685 2749//2749
f 2749//2749 2685//2685 2686//2686
f 2194//2194 2579//2579 2608//2608
f 2578//2578 2783//2783 2194//2194
f 2669//2669 2783//2783 2578//2578
f 2669//2669 2668//2668 2783//2783
f 2724//2724 2675//2675 2783//2783
f 2194//2194 2783//2783 2675//2675
f 2459//2459 2675//2675 2724//2724
f 2459//2459 2724//2724 2824//2824
f 2663//2663 2668//2668 2624//2624
f 2663//2663 2719//2719 2668//2668
f 2719//2719 2663//2663 2343//2343
f 2624//2624 2343//2343 2663//2663
f 2343//2343 2616//2616 2736//2736
f 2517//2517 2707//2707 2736//2736
f 2465//2465 2707//2707 2517//2517
f 2598//2598 2483//2483 2484//2484
f 2817//2817 2521//2521 2726//2726
f 2521//2521 2817//2817 2598//2598
f 2483//2483 2598//2598 2658//2658
f 2658//2658 2598//2598 2279//2279
f 2772//2772 2402//2402 2598//2598
f 2402//2402 2772//2772 2597//2597
f 2268//2268 2676//2676 2329//2329
f 2634//2634 2597//2597 2636//2636
f 2597//2597 2634//2634 2552//2552
f 2552//2552 2634//2634 2550//2550
f 2550//2550 2634//2634 2325//2325
f 2842//2842 2660//2660 2261//2261
f 2261//2261 2660//2660 1980//1980
f 2477//2477 2660//2660 2248//2248
f 2977//2977 2565//2565 1941//1941
f 1980//1980 2660//2660 2477//2477
f 2348//2348 2677//2677 2977//2977
f 2571//2571 2248//2248 2093//2093
f 2264//2264 2698//2698 2791//2791
f 2309//2309 2306//2306 2854//2854
f 2545//2545 2421//2421 2244//2244
f 2595//2595 2421//2421 2500//2500
f 2545//2545 2244//2244 2674//2674
f 2504//2504 2588//2588 2674//2674
f 2500//2500 2580//2580 2531//2531
f 2655//2655 2366//2366 2500//2500
f 2580//2580 2500//2500 2625//2625
f 2677//2677 2403//2403 2466//2466
f 2466//2466 2450//2450 2811//2811
f 2450//2450 2489//2489 2498//2498
f 2228//2228 2489//2489 2450//2450
f 2368//2368 2354//2354 2386//2386
f 2484//2484 2577//2577 2207//2207
f 2386//2386 2354//2354 2487//2487
f 2487//2487 2354//2354 2495//2495
f 2391//2391 2404//2404 2354//2354
f 1936//1936 2696//2696 2391//2391
f 2272//2272 2510//2510 2300//2300
f 2272//2272 2463//2463 2468//2468
f 2097//2097 2398//2398 2272//2272
f 1959//1959 2454//2454 2479//2479
f 2410//2410 2414//2414 2314//2314
f 2330//2330 2275//2275 2046//2046
f 2046//2046 2329//2329 2330//2330
f 1879//1879 2420//2420 2418//2418
f 2174//2174 2418//2418 2313//2313
f 2268//2268 2313//2313 2676//2676
f 2279//2279 2372//2372 2054//2054
f 2477//2477 2248//2248 1980//1980
f 2064//2064 2093//2093 2110//2110
f 2064//2064 2571//2571 2093//2093
f 2093//2093 2540//2540 2090//2090
f 2227//2227 2065//2065 2598//2598
f 2372//2372 2402//2402 2054//2054
f 2597//2597 2054//2054 2402//2402
f 2329//2329 2046//2046 2268//2268
f 1935//1935 2268//2268 2046//2046
f 2325//2325 2056//2056 2177//2177
f 2056//2056 2325//2325 2543//2543
f 1980//1980 2248//2248 2088//2088
f 1941//1941 2348//2348 2977//2977
f 1941//1941 2214//2214 2348//2348
f 2214//2214 2212//2212 2348//2348
f 2348//2348 2212//2212 2403//2403
f 2248//2248 2571//2571 2064//2064
f 2053//2053 2266//2266 2238//2238
f 2053//2053 2238//2238 2296//2296
f 1957//1957 1623//1623 2351//2351
f 2351//2351 1623//1623 1998//1998
f 2351//2351 1998//1998 2503//2503
f 2092//2092 2144//2144 1761//1761
f 1998//1998 1997//1997 2032//2032
f 1998//1998 2032//2032 2503//2503
f 2178//2178 1875//1875 2032//2032
f 2061//2061 1946//1946 1730//1730
f 2069//2069 1791//1791 2046//2046
f 1791//1791 1918//1918 2046//2046
f 2029//2029 2070//2070 2418//2418
f 2031//2031 2052//2052 2335//2335
f 2052//2052 2363//2363 2199//2199
f 1960//1960 2156//2156 1892//1892
f 2156//2156 1960//1960 2031//2031
f 1876//1876 2031//2031 1960//1960
f 2052//2052 2031//2031 1876//1876
f 1910//1910 1989//1989 1955//1955
f 1910//1910 1955//1955 2273//2273
f 2000//2000 1989//1989 1941//1941
f 1996//1996 2000//2000 1986//1986
f 2117//2117 1996//1996 1986//1986
f 1983//1983 1914//1914 2240//2240
f 2117//2117 1983//1983 2240//2240
f 1843//1843 1938//1938 1754//1754
f 1938//1938 1660//1660 2013//2013
f 1648//1648 2013//2013 1660//1660
f 1938//1938 2013//2013 1754//1754
f 1936//1936 1937//1937 2272//2272
f 1850//1850 2272//2272 1937//1937
f 1850//1850 1445//1445 2272//2272
f 2013//2013 1648//1648 2007//2007
f 2007//2007 1648//1648 1936//1936
f 2065//2065 1936//1936 1648//1648
f 1811//1811 1936//1936 2065//2065
f 1936//1936 1811//1811 1937//1937
f 1905//1905 1770//1770 1910//1910
f 1706//1706 1770//1770 1280//1280
f 1280//1280 1770//1770 1905//1905
f 2273//2273 1280//1280 1905//1905
f 1834//1834 1673//1673 1865//1865
f 1834//1834 1865//1865 1516//1516
f 1516//1516 1865//1865 1674//1674
f 2250//2250 1544//1544 1808//1808
f 1669//1669 1808//1808 1544//1544
f 1924//1924 1691//1691 2166//2166
f 1691//1691 1924//1924 1626//1626
f 1626//1626 1924//1924 2165//2165
f 1828//1828 2//2 2045//2045
f 1678//1678 1828//1828 1859//1859
f 1818//1818 1721//1721 1678//1678
f 1528//1528 1715//1715 1847//1847
f 1389//1389 1529//1529 1323//1323
f 1613//1613 1929//1929 1681//1681
f 1702//1702 1760//1760 1922//1922
f 1922//1922 1383//1383 1702//1702
f 1539//1539 2128//2128 1672//1672
f 1797//1797 1831//1831 2188//2188
f 1831//1831 1804//1804 2188//2188
f 2028//2028 1627//1627 1259//1259
f 1627//1627 1749//1749 1343//1343
f 1627//1627 2028//2028 1749//1749
f 1343//1343 2036//2036 1640//1640
f 1343//1343 1749//1749 2036//2036
f 1259//1259 1662//1662 1835//1835
f 1583//1583 1701//1701 1662//1662
f 2080//2080 1653//1653 1789//1789
f 1705//1705 1424//1424 2150//2150
f 1424//1424 1733//1733 2150//2150
f 1640//1640 1740//1740 1525//1525
f 1798//1798 1637//1637 1891//1891
f 1633//1633 1525//1525 1798//1798
f 1637//1637 1798//1798 1525//1525
f 1701//1701 1604//1604 1729//1729
f 1729//1729 1759//1759 1338//1338
f 1705//1705 1724//1724 1604//1604
f 1786//1786 1665//1665 1829//1829
f 1551//1551 1707//1707 1629//1629
f 1574//1574 1782//1782 1707//1707
f 1851//1851 1822//1822 1574//1574
f 1574//1574 1822//1822 1693//1693
f 1661//1661 1700//1700 1587//1587
f 1661//1661 1842//1842 1700//1700
f 1632//1632 1389//1389 1781//1781
f 1389//1389 1700//1700 1781//1781
f 1587//1587 1700//1700 1389//1389
f 1539//1539 1734//1734 1837//1837
f 1734//1734 1632//1632 1781//1781
f 1621//1621 1917//1917 1529//1529
f 1917//1917 1621//1621 1813//1813
f 1698//1698 1911//1911 1619//1619
f 1698//1698 1619//1619 1549//1549
f 1659//1659 1619//1619 1763//1763
f 1911//1911 1797//1797 1619//1619
f 1644//1644 1327//1327 1832//1832
f 1327//1327 1644//1644 1833//1833
f 1456//1456 1656//1656 1689//1689
f 1456//1456 1721//1721 1656//1656
f 1573//1573 1721//1721 1466//1466
f 1359//1359 1721//1721 1818//1818
f 1359//1359 1466//1466 1721//1721
f 1359//1359 1818//1818 1536//1536
f 1666//1666 1712//1712 1311//1311
f 1438//1438 1712//1712 1708//1708
f 1641//1641 1429//1429 1347//1347
f 1429//1429 1641//1641 1428//1428
f 1426//1426 1316//1316 1800//1800
f 1498//1498 1426//1426 1459//1459
f 1582//1582 1597//1597 1783//1783
f 1614//1614 1571//1571 1391//1391
f 1505//1505 1628//1628 1575//1575
f 1505//1505 1577//1577 1628//1628
f 1628//1628 1485//1485 1582//1582
f 1485//1485 1597//1597 1582//1582
f 1485//1485 1628//1628 1844//1844
f 1505//1505 1575//1575 1614//1614
f 1695//1695 1577//1577 1505//1505
f 1577//1577 1695//1695 1567//1567
f 1519//1519 1567//1567 1695//1695
f 1515//1515 1695//1695 1501//1501
f 1501//1501 1695//1695 1634//1634
f 1389//1389 1734//1734 1539//1539
f 1734//1734 1389//1389 1632//1632
f 1621//1621 1529//1529 1389//1389
f 1279//1279 1468//1468 1621//1621
f 1444//1444 1549//1549 1619//1619
f 1170//1170 1613//1613 1190//1190
f 1593//1593 1290//1290 1383//1383
f 1458//1458 1290//1290 1596//1596
f 1698//1698 1549//1549 1596//1596
f 1290//1290 1366//1366 1539//1539
f 1366//1366 1389//1389 1539//1539
f 1296//1296 1661//1661 1587//1587
f 1346//1346 1643//1643 1699//1699
f 1346//1346 1436//1436 1643//1643
f 1667//1667 1378//1378 852//852
f 1414//1414 1667//1667 1581//1581
f 1413//1413 1817//1817 1449//1449
f 1817//1817 1413//1413 1412//1412
f 1411//1411 1817//1817 1412//1412
f 1360//1360 1446//1446 1256//1256
f 1256//1256 1446//1446 1528//1528
f 1421//1421 1406//1406 1355//1355
f 1200//1200 1672//1672 1124//1124
f 1319//1319 1372//1372 1718//1718
f 1718//1718 1372//1372 1383//1383
f 1372//1372 1382//1382 1383//1383
f 1444//1444 1400//1400 1443//1443
f 1954//1954 1326//1326 1540//1540
f 1233//1233 1540//1540 1326//1326
f 1540//1540 1233//1233 1688//1688
f 1384//1384 1688//1688 1233//1233
f 1326//1326 1954//1954 1390//1390
f 1326//1326 1390//1390 1426//1426
f 1230//1230 1426//1426 1498//1498
f 1304//1304 1230//1230 1278//1278
f 1240//1240 1645//1645 1453//1453
f 1453//1453 1645//1645 1454//1454
f 1057//1057 1308//1308 1204//1204
f 1057//1057 1364//1364 1308//1308
f 1206//1206 1387//1387 1460//1460
f 1206//1206 1358//1358 1387//1387
f 1206//1206 1239//1239 1358//1358
f 1396//1396 1280//1280 1264//1264
f 1271//1271 1264//1264 1280//1280
f 1378//1378 1195//1195 852//852
f 922//922 1627//1627 1343//1343
f 1604//1604 1133//1133 1186//1186
f 1133//1133 1604//1604 1192//1192
f 1186//1186 1193//1193 1217//1217
f 1166//1166 1440//1440 1197//1197
f 962//962 1338//1338 1285//1285
f 1296//1296 1116//1116 1251//1251
f 1346//1346 957//957 1049//1049
f 1029//1029 1211//1211 1130//1130
f 1029//1029 723//723 1208//1208
f 982//982 1208//1208 723//723
f 1351//1351 1534//1534 981//981
f 1238//1238 1351//1351 1032//1032
f 1194//1194 1253//1253 1276//1276
f 1088//1088 1442//1442 1161//1161
f 1447//1447 1161//1161 1442//1442
f 1116//1116 1161//1161 1447//1447
f 1116//1116 1447//1447 1251//1251
f 1116//1116 1296//1296 1262//1262
f 1394//1394 1472//1472 919//919
f 809//809 1472//1472 1342//1342
f 809//809 1342//1342 1063//1063
f 1063//1063 1342//1342 1505//1505
f 1094//1094 964//964 1168//1168
f 1087//1087 1094//1094 1168//1168
f 1235//1235 1110//1110 1158//1158
f 1038//1038 1110//1110 1235//1235
f 1003//1003 1038//1038 1235//1235
f 1158//1158 1272//1272 1235//1235
f 1115//1115 1031//1031 1126//1126
f 1031//1031 1235//1235 1126//1126
f 1031//1031 1003//1003 1235//1235
f 1081//1081 1094//1094 1158//1158
f 1094//1094 1272//1272 1158//1158
f 1272//1272 1094//1094 1131//1131
f 1043//1043 1045//1045 1131//1131
f 1094//1094 1043//1043 1131//1131
f 1115//1115 1126//1126 1045//1045
f 1043//1043 1115//1115 1045//1045
f 1041//1041 750//750 1214//1214
f 1042//1042 964//964 1104//1104
f 1041//1041 1242//1242 1040//1040
f 1021//1021 1119//1119 1232//1232
f 946//946 1006//1006 893//893
f 997//997 893//893 991//991
f 893//893 997//997 946//946
f 1156//1156 946//946 997//997
f 1103//1103 1105//1105 1058//1058
f 1115//1115 847//847 1080//1080
f 743//743 847//847 1115//1115
f 930//930 1080//1080 847//847
f 930//930 736//736 1080//1080
f 985//985 1080//1080 736//736
f 743//743 906//906 985//985
f 743//743 985//985 736//736
f 843//843 931//931 826//826
f 799//799 885//885 796//796
f 733//733 796//796 885//885
f 733//733 885//885 901//901
f 882//882 913//913 1130//1130
f 656//656 1029//1029 752//752
f 723//723 1029//1029 656//656
f 744//744 982//982 723//723
f 995//995 834//834 875//875
f 853//853 834//834 995//995
f 704//704 731//731 872//872
f 731//731 853//853 872//872
f 887//887 899//899 800//800
f 773//773 641//641 860//860
f 860//860 854//854 706//706
f 854//854 903//903 706//706
f 854//854 860//860 903//903
f 816//816 753//753 736//736
f 843//843 816//816 736//736
f 779//779 902//902 868//868
f 902//902 779//779 666//666
f 1092//1092 617//617 791//791
f 805//805 1092//1092 791//791
f 1215//1215 654//654 713//713
f 542//542 1215//1215 886//886
f 654//654 1215//1215 542//542
f 729//729 725//725 930//930
f 930//930 725//725 766//766
f 725//725 729//729 766//766
f 1184//1184 724//724 831//831
f 667//667 766//766 864//864
f 667//667 931//931 766//766
f 816//816 931//931 667//667
f 816//816 826//826 931//931
f 685//685 780//780 743//743
f 685//685 743//743 736//736
f 685//685 736//736 769//769
f 769//769 736//736 753//753
f 816//816 769//769 753//753
f 674//674 733//733 558//558
f 733//733 674//674 796//796
f 627//627 796//796 674//674
f 480//480 796//796 627//627
f 458//458 796//796 480//480
f 656//656 796//796 458//458
f 796//796 583//583 624//624
f 583//583 796//796 756//756
f 583//583 756//756 525//525
f 497//497 697//697 464//464
f 502//502 629//629 655//655
f 629//629 610//610 655//655
f 629//629 502//502 630//630
f 502//502 565//565 630//630
f 630//630 565//565 684//684
f 565//565 352//352 502//502
f 720//720 502//502 655//655
f 696//696 597//597 678//678
f 566//566 597//597 696//696
f 566//566 696//696 589//589
f 589//589 685//685 549//549
f 864//864 549//549 667//667
f 685//685 667//667 549//549
f 612//612 689//689 615//615
f 637//637 453//453 455//455
f 585//585 453//453 637//637
f 392//392 585//585 633//633
f 312//312 585//585 392//392
f 767//767 582//582 835//835
f 573//573 506//506 579//579
f 506//506 539//539 579//579
f 539//539 536//536 537//537
f 506//506 536//536 539//539
f 537//537 529//529 530//530
f 536//536 529//529 537//537
f 530//530 529//529 535//535
f 341//341 619//619 467//467
f 341//341 400//400 619//619
f 341//341 672//672 400//400
f 207//207 672//672 341//341
f 672//672 207//207 295//295
f 158//158 567//567 186//186
f 183//183 186//186 567//567
f 186//186 183//183 158//158
f 550//550 154//154 183//183
f 262//262 520//520 315//315
f 430//430 154//154 550//550
f 154//154 430//430 528//528
f 528//528 430//430 550//550
f 321//321 154//154 528//528
f 319//319 321//321 528//528
f 387//387 508//508 419//419
f 136//136 437//437 190//190
f 190//190 437//437 349//349
f 136//136 127//127 437//437
f 257//257 259//259 142//142
f 176//176 142//142 437//437
f 176//176 437//437 141//141
f 257//257 142//142 141//141
f 123//123 437//437 127//127
f 437//437 123//123 140//140
f 141//141 437//437 140//140
f 142//142 176//176 141//141
f 123//123 141//141 140//140
f 123//123 139//139 141//141
f 141//141 139//139 395//395
f 252//252 315//315 139//139
f 395//395 139//139 315//315
f 235//235 312//312 160//160
f 160//160 312//312 567//567
f 177//177 210//210 170//170
f 170//170 133//133 153//153
f 177//177 170//170 153//153
f 153//153 133//133 177//177
f 133//133 159//159 177//177
f 97//97 105//105 125//125
f 105//105 110//110 365//365
f 105//105 109//109 110//110
f 110//110 109//109 107//107
f 98//98 103//103 99//99
f 98//98 125//125 103//103
f 105//105 96//96 109//109
f 109//109 96//96 102//102
f 4417//4417 94//94 81//81
f 4417//4417 4354//4354 94//94
f 4354//4354 92//92 94//94
f 92//92 4354//4354 4379//4379
f 4360//4360 4379//4379 4378//4378
f 4383//4383 4426//4426 4414//4414
f 4426//4426 4433//4433 4414//4414
f 4426//4426 4395//4395 4431//4431
f 4395//4395 49//49 4437//4437
f 4395//4395 4437//4437 93//93
f 4426//4426 4431//4431 4433//4433
f 4432//4432 4433//4433 4431//4431
f 4393//4393 4417//4417 4370//4370
f 4374//4374 4417//4417 4393//4393
f 4369//4369 4417//4417 4374//4374
f 4417//4417 4403//4403 4354//4354
f 4417//4417 4369//4369 4403//4403
f 4367//4367 4343//4343 4403//4403
f 4345//4345 4284//4284 4343//4343
f 4284//4284 4345//4345 4325//4325
f 4378//4378 4379//4379 4259//4259
f 4400//4400 4325//4325 4345//4345
f 4325//4325 4400//4400 4377//4377
f 4377//4377 4400//4400 4324//4324
f 4100//4100 4232//4232 4208//4208
f 4375//4375 4208//4208 4232//4232
f 4370//4370 4375//4375 4232//4232
f 4232//4232 4208//4208 4370//4370
f 4208//4208 4342//4342 4370//4370
f 4403//4403 4270//4270 4354//4354
f 4270//4270 4403//4403 4343//4343
f 4174//4174 4379//4379 4354//4354
f 4326//4326 4379//4379 4174//4174
f 4259//4259 4379//4379 4326//4326
f 4186//4186 4378//4378 4259//4259
f 4328//4328 4284//4284 4325//4325
f 4307//4307 4123//4123 4308//4308
f 4305//4305 4246//4246 4150//4150
f 4305//4305 4223//4223 4228//4228
f 4228//4228 4306//4306 4305//4305
f 4306//4306 4228//4228 4262//4262
f 4262//4262 4228//4228 4254//4254
f 4310//4310 4262//4262 4254//4254
f 4252//4252 4166//4166 4265//4265
f 4322//4322 4251//4251 4166//4166
f 4166//4166 4251//4251 4265//4265
f 4222//4222 4322//4322 4166//4166
f 4322//4322 4222//4222 4347//4347
f 4347//4347 4222//4222 4299//4299
f 4170//4170 4299//4299 4222//4222
f 4170//4170 4212//4212 4299//4299
f 4312//4312 4150//4150 4422//4422
f 4150//4150 4151//4151 4422//4422
f 4161//4161 4150//4150 4312//4312
f 4421//4421 4220//4220 4312//4312
f 4220//4220 4161//4161 4312//4312
f 4122//4122 3916//3916 4238//4238
f 4391//4391 4238//4238 4008//4008
f 4201//4201 4159//4159 4136//4136
f 4116//4116 4057//4057 4111//4111
f 4057//4057 4119//4119 4060//4060
f 4154//4154 3913//3913 3915//3915
f 4030//4030 3913//3913 4062//4062
f 4189//4189 3913//3913 4030//4030
f 3970//3970 4062//4062 3913//3913
f 4062//4062 3970//3970 3974//3974
f 3737//3737 4099//4099 3962//3962
f 3886//3886 4037//4037 3961//3961
f 3961//3961 4037//4037 3899//3899
f 4178//4178 3899//3899 4037//4037
f 3996//3996 4099//4099 3620//3620
f 4005//4005 4099//4099 3996//3996
f 3995//3995 3899//3899 4178//4178
f 4015//4015 3995//3995 4178//4178
f 3324//3324 4015//4015 3947//3947
f 3947//3947 4015//4015 4125//4125
f 3981//3981 3939//3939 4091//4091
f 4091//4091 3939//3939 3962//3962
f 3981//3981 4091//4091 3944//3944
f 4219//4219 3982//3982 3983//3983
f 3895//3895 3964//3964 3829//3829
f 3578//3578 3885//3885 3891//3891
f 3578//3578 4247//4247 3885//3885
f 3885//3885 4277//4277 3717//3717
f 3717//3717 4277//4277 3985//3985
f 3964//3964 3917//3917 4137//4137
f 3864//3864 4137//4137 3917//3917
f 3864//3864 4097//4097 4137//4137
f 3917//3917 3964//3964 3870//3870
f 3895//3895 3701//3701 3964//3964
f 3870//3870 3964//3964 3701//3701
f 4067//4067 4024//4024 3829//3829
f 4097//4097 3864//3864 3898//3898
f 3957//3957 3775//3775 3969//3969
f 3969//3969 3812//3812 4010//4010
f 3925//3925 3759//3759 4113//4113
f 3390//3390 3759//3759 4063//4063
f 4088//4088 3906//3906 3665//3665
f 3802//3802 3937//3937 4147//4147
f 3558//3558 4147//4147 3830//3830
f 3895//3895 3829//3829 3701//3701
f 3723//3723 3829//3829 3885//3885
f 3723//3723 3885//3885 3717//3717
f 4042//4042 3854//3854 3978//3978
f 4113//4113 4118//4118 3925//3925
f 3825//3825 4113//4113 3610//3610
f 3825//3825 4118//4118 4113//4113
f 3610//3610 4113//4113 3868//3868
f 3641//3641 3773//3773 4017//4017
f 4017//4017 3773//3773 3868//3868
f 3942//3942 3641//3641 4017//4017
f 3849//3849 3641//3641 3942//3942
f 3686//3686 3849//3849 3436//3436
f 3803//3803 3994//3994 3755//3755
f 3929//3929 3994//3994 3803//3803
f 3699//3699 3882//3882 3827//3827
f 3439//3439 3536//3536 3991//3991
f 3908//3908 3439//3439 3991//3991
f 3957//3957 3440//3440 3775//3775
f 3401//3401 3775//3775 3440//3440
f 3439//3439 3908//3908 3173//3173
f 3907//3907 3173//3173 3908//3908
f 3877//3877 3779//3779 3878//3878
f 3775//3775 3878//3878 3779//3779
f 3779//3779 3751//3751 3775//3775
f 3779//3779 3877//3877 3751//3751
f 3751//3751 3813//3813 3551//3551
f 3551//3551 3813//3813 3834//3834
f 3752//3752 3813//3813 3958//3958
f 3834//3834 3813//3813 3771//3771
f 4105//4105 3752//3752 3771//3771
f 3427//3427 3834//3834 3771//3771
f 3621//3621 3898//3898 3746//3746
f 3621//3621 3797//3797 3898//3898
f 3695//3695 3892//3892 3966//3966
f 3796//3796 3495//3495 3891//3891
f 3891//3891 3495//3495 3578//3578
f 3232//3232 4024//4024 3826//3826
f 3232//3232 3826//3826 3795//3795
f 3649//3649 3232//3232 3795//3795
f 3649//3649 3795//3795 3790//3790
f 3649//3649 3795//3795 3874//3874
f 3818//3818 3866//3866 3561//3561
f 3804//3804 3561//3561 3790//3790
f 3466//3466 3505//3505 3804//3804
f 3795//3795 3649//3649 3654//3654
f 3532//3532 3607//3607 3787//3787
f 3709//3709 3629//3629 3787//3787
f 3703//3703 3629//3629 3709//3709
f 3643//3643 3703//3703 3709//3709
f 3734//3734 3629//3629 3903//3903
f 3616//3616 3629//3629 3734//3734
f 3903//3903 3629//3629 3703//3703
f 3540//3540 3903//3903 3703//3703
f 3635//3635 3597//3597 3747//3747
f 3597//3597 3635//3635 4036//4036
f 3357//3357 3550//3550 3274//3274
f 3357//3357 3777//3777 3550//3550
f 3763//3763 3088//3088 3673//3673
f 3088//3088 3763//3763 3600//3600
f 3673//3673 3630//3630 3271//3271
f 3401//3401 3482//3482 3775//3775
f 3378//3378 3775//3775 3482//3482
f 3088//3088 3619//3619 3960//3960
f 3775//3775 3551//3551 3381//3381
f 3088//3088 3600//3600 3627//3627
f 3417//3417 3453//3453 3706//3706
f 3530//3530 3363//3363 3706//3706
f 3477//3477 3530//3530 3566//3566
f 3484//3484 3485//3485 3530//3530
f 3484//3484 3530//3530 3737//3737
f 3385//3385 3543//3543 3405//3405
f 3385//3385 3453//3453 3379//3379
f 3424//3424 3370//3370 3505//3505
f 3370//3370 3424//3424 3466//3466
f 3370//3370 3355//3355 3424//3424
f 3492//3492 3466//3466 3738//3738
f 3429//3429 3655//3655 3492//3492
f 3308//3308 3106//3106 3265//3265
f 3407//3407 3451//3451 3156//3156
f 3451//3451 3407//3407 3832//3832
f 3406//3406 3832//3832 3407//3407
f 3406//3406 3696//3696 3832//3832
f 3404//3404 3402//3402 3075//3075
f 3103//3103 3404//3404 3075//3075
f 3151//3151 3755//3755 3420//3420
f 3124//3124 3562//3562 3275//3275
f 3562//3562 3124//3124 3301//3301
f 3084//3084 3307//3307 3295//3295
f 3084//3084 3528//3528 3307//3307
f 3084//3084 3295//3295 3443//3443
f 3295//3295 3728//3728 3443//3443
f 3528//3528 3084//3084 3443//3443
f 3443//3443 3084//3084 3210//3210
f 3177//3177 3084//3084 3443//3443
f 3177//3177 3443//3443 3425//3425
f 3177//3177 3425//3425 2899//2899
f 3026//3026 3416//3416 2899//2899
f 3249//3249 2927//2927 3170//3170
f 3210//3210 3199//3199 3689//3689
f 3026//3026 2899//2899 3425//3425
f 3326//3326 3781//3781 2948//2948
f 3192//3192 3461//3461 3110//3110
f 2932//2932 3192//3192 3110//3110
f 2899//2899 3416//3416 2932//2932
f 3192//3192 2932//2932 3353//3353
f 3259//3259 3317//3317 3274//3274
f 3274//3274 3317//3317 3431//3431
f 3262//3262 3259//3259 3274//3274
f 3259//3259 3264//3264 3031//3031
f 3031//3031 3264//3264 3305//3305
f 3043//3043 3297//3297 2659//2659
f 2659//2659 3297//3297 3160//3160
f 3299//3299 3473//3473 3187//3187
f 3262//3262 3274//3274 3028//3028
f 3186//3186 3122//3122 3274//3274
f 3028//3028 3274//3274 3048//3048
f 3122//3122 3061//3061 3274//3274
f 3048//3048 3274//3274 3272//3272
f 3272//3272 3271//3271 3048//3048
f 3048//3048 3448//3448 3140//3140
f 3140//3140 3448//3448 2919//2919
f 3482//3482 3293//3293 3378//3378
f 3272//3272 3113//3113 3088//3088
f 3088//3088 3294//3294 2980//2980
f 3113//3113 3101//3101 3088//3088
f 3101//3101 3387//3387 3088//3088
f 3113//3113 3272//3272 3048//3048
f 2980//2980 3294//3294 3381//3381
f 3387//3387 3101//3101 3386//3386
f 3161//3161 3142//3142 3381//3381
f 3329//3329 3111//3111 3293//3293
f 3111//3111 3332//3332 3293//3293
f 2980//2980 3464//3464 3111//3111
f 3111//3111 3464//3464 3332//3332
f 3464//3464 2980//2980 3381//3381
f 3168//3168 3553//3553 3137//3137
f 3553//3553 3168//3168 3280//3280
f 2902//2902 3137//3137 3359//3359
f 3127//3127 3223//3223 3314//3314
f 3005//3005 3327//3327 3058//3058
f 3005//3005 3419//3419 3327//3327
f 3005//3005 3214//3214 3223//3223
f 3198//3198 3288//3288 2969//2969
f 3288//3288 2990//2990 3246//3246
f 3053//3053 3198//3198 3007//3007
f 2990//2990 3288//3288 3175//3175
f 3481//3481 3252//3252 3013//3013
f 3057//3057 3129//3129 3000//3000
f 3047//3047 3057//3057 3518//3518
f 3228//3228 2999//2999 3047//3047
f 3181//3181 3047//3047 2999//2999
f 3181//3181 3258//3258 3047//3047
f 3046//3046 3169//3169 3181//3181
f 2829//2829 3258//3258 3109//3109
f 2999//2999 3258//3258 2829//2829
f 2997//2997 3107//3107 3102//3102
f 3206//3206 2997//2997 3102//3102
f 3047//3047 3258//3258 2999//2999
f 3206//3206 3250//3250 3163//3163
f 3087//3087 3162//3162 3002//3002
f 2939//2939 3032//3032 3615//3615
f 3170//3170 2888//2888 2939//2939
f 2869//2869 3148//3148 2958//2958
f 2958//2958 3148//3148 3041//3041
f 3052//3052 2864//2864 3110//3110
f 2958//2958 3041//3041 3100//3100
f 2976//2976 3104//3104 2900//2900
f 3078//3078 2761//2761 3104//3104
f 2911//2911 3248//3248 3394//3394
f 3104//3104 2761//2761 2900//2900
f 3038//3038 2761//2761 3078//3078
f 3299//3299 2934//2934 3298//3298
f 2934//2934 3011//3011 3298//3298
f 2841//2841 3298//3298 3011//3011
f 2841//2841 3325//3325 3298//3298
f 3070//3070 3248//3248 2911//2911
f 2911//2911 3394//3394 2985//2985
f 3394//3394 2979//2979 2985//2985
f 2693//2693 2960//2960 3094//3094
f 2963//2963 2282//2282 2962//2962
f 2918//2918 2998//2998 2969//2969
f 2859//2859 2969//2969 3288//3288
f 2859//2859 3053//3053 2969//2969
f 2859//2859 2990//2990 3053//3053
f 2992//2992 2990//2990 2859//2859
f 2768//2768 3092//3092 2992//2992
f 2992//2992 3092//3092 2990//2990
f 2859//2859 2768//2768 2992//2992
f 2966//2966 3023//3023 3010//3010
f 3010//3010 3091//3091 2966//2966
f 3091//3091 3010//3010 3023//3023
f 2804//2804 3009//3009 2832//2832
f 2922//2922 3012//3012 2531//2531
f 2441//2441 2922//2922 2531//2531
f 2581//2581 2638//2638 2918//2918
f 2654//2654 2429//2429 2769//2769
f 2769//2769 2429//2429 3228//3228
f 2520//2520 2878//2878 2555//2555
f 2520//2520 2648//2648 2878//2878
f 2646//2646 2786//2786 2648//2648
f 2871//2871 2822//2822 2727//2727
f 2871//2871 2727//2727 2760//2760
f 2365//2365 2760//2760 2727//2727
f 2760//2760 2365//2365 2871//2871
f 2192//2192 2587//2587 2612//2612
f 2192//2192 2512//2512 2587//2587
f 2399//2399 2541//2541 2779//2779
f 2779//2779 2333//2333 2774//2774
f 2333//2333 2779//2779 2541//2541
f 2247//2247 2774//2774 2333//2333
f 2247//2247 2803//2803 2774//2774
f 2803//2803 2247//2247 2536//2536
f 2399//2399 2779//2779 2439//2439
f 2933//2933 2536//2536 2779//2779
f 2439//2439 2779//2779 2536//2536
f 2513//2513 2277//2277 2371//2371
f 2714//2714 2345//2345 2572//2572
f 2653//2653 2610//2610 2714//2714
f 1972//1972 2778//2778 2584//2584
f 2465//2465 2074//2074 2575//2575
f 2297//2297 2575//2575 2074//2074
f 2713//2713 2566//2566 2474//2474
f 2702//2702 2572//2572 2284//2284
f 2610//2610 2453//2453 2714//2714
f 2453//2453 2610//2610 2507//2507
f 2572//2572 2702//2702 2508//2508
f 2702//2702 2507//2507 2610//2610
f 2532//2532 1974//1974 2534//2534
f 1974//1974 2474//2474 2219//2219
f 1974//1974 2532//2532 2474//2474
f 2299//2299 2575//2575 2297//2297
f 2566//2566 2262//2262 2474//2474
f 3228//3228 2429//2429 2741//2741
f 3017//3017 2741//2741 2429//2429
f 2241//2241 2427//2427 2263//2263
f 2426//2426 2551//2551 2424//2424
f 2392//2392 2141//2141 2424//2424
f 2141//2141 2392//2392 2347//2347
f 2347//2347 2392//2392 2395//2395
f 2351//2351 2411//2411 1984//1984
f 1994//1994 2597//2597 2552//2552
f 2369//2369 2447//2447 2357//2357
f 2447//2447 2369//2369 2461//2461
f 2369//2369 2389//2389 2461//2461
f 2461//2461 2389//2389 2634//2634
f 2447//2447 2360//2360 2357//2357
f 2360//2360 2447//2447 2461//2461
f 2505//2505 2360//2360 2461//2461
f 2177//2177 1994//1994 2325//2325
f 2325//2325 1994//1994 2552//2552
f 2369//2369 2488//2488 2389//2389
f 2238//2238 2505//2505 2715//2715
f 2230//2230 1996//1996 2689//2689
f 2689//2689 1996//1996 2117//2117
f 2384//2384 2048//2048 2055//2055
f 2387//2387 2010//2010 2339//2339
f 2010//2010 2001//2001 2339//2339
f 2010//2010 2357//2357 2360//2360
f 2010//2010 2360//2360 2001//2001
f 1964//1964 1984//1984 2339//2339
f 2001//2001 1964//1964 2339//2339
f 2326//2326 2432//2432 2095//2095
f 2140//2140 2317//2317 2006//2006
f 2062//2062 2006//2006 2317//2317
f 2006//2006 2062//2062 2316//2316
f 2130//2130 2115//2115 2448//2448
f 2234//2234 2307//2307 2169//2169
f 2234//2234 2428//2428 2307//2307
f 2428//2428 2234//2234 2515//2515
f 2448//2448 2115//2115 2294//2294
f 1941//1941 2565//2565 1918//1918
f 2171//2171 2291//2291 2308//2308
f 2823//2823 2223//2223 2340//2340
f 2223//2223 2220//2220 2340//2340
f 2220//2220 2113//2113 2340//2340
f 2113//2113 2099//2099 2340//2340
f 2340//2340 2316//2316 2760//2760
f 2107//2107 2340//2340 2153//2153
f 2340//2340 2099//2099 2401//2401
f 2413//2413 1947//1947 2314//2314
f 1951//1951 2287//2287 2040//2040
f 1975//1975 2399//2399 2439//2439
f 2113//2113 2006//2006 2316//2316
f 2113//2113 2220//2220 2223//2223
f 2099//2099 2113//2113 2316//2316
f 2107//2107 2099//2099 2340//2340
f 2099//2099 2316//2316 2340//2340
f 1732//1732 2153//2153 1965//1965
f 2237//2237 2334//2334 2099//2099
f 2287//2287 1951//1951 2132//2132
f 1951//1951 2237//2237 2132//2132
f 2132//2132 2237//2237 2099//2099
f 2237//2237 1951//1951 2246//2246
f 1763//1763 2246//2246 1951//1951
f 1819//1819 2218//2218 2370//2370
f 2282//2282 2310//2310 1926//1926
f 1814//1814 2034//2034 2281//2281
f 2034//2034 2310//2310 2281//2281
f 1897//1897 1901//1901 2310//2310
f 1895//1895 2310//2310 1993//1993
f 1895//1895 2101//2101 2310//2310
f 2432//2432 2101//2101 2140//2140
f 1852//1852 2140//2140 2101//2101
f 2095//2095 2006//2006 2326//2326
f 2006//2006 2095//2095 2140//2140
f 2095//2095 2432//2432 2140//2140
f 2140//2140 1852//1852 2323//2323
f 2144//2144 2525//2525 2032//2032
f 2071//2071 2525//2525 2032//2032
f 2071//2071 1687//1687 2525//2525
f 2126//2126 2525//2525 1687//1687
f 2525//2525 2126//2126 2158//2158
f 2158//2158 2125//2125 2525//2525
f 1776//1776 2158//2158 2126//2126
f 2327//2327 2125//2125 2158//2158
f 2125//2125 2327//2327 2243//2243
f 2170//2170 2422//2422 1776//1776
f 2056//2056 2488//2488 2369//2369
f 2488//2488 2056//2056 2543//2543
f 2002//2002 2139//2139 2255//2255
f 2037//2037 2215//2215 2240//2240
f 2002//2002 2215//2215 2037//2037
f 2002//2002 2033//2033 2215//2215
f 2369//2369 2177//2177 2056//2056
f 1629//1629 1900//1900 2505//2505
f 2032//2032 1761//1761 2144//2144
f 2034//2034 1901//1901 1993//1993
f 1901//1901 1897//1897 1993//1993
f 1897//1897 1895//1895 1993//1993
f 2101//2101 1895//1895 1942//1942
f 1942//1942 1852//1852 2101//2101
f 1956//1956 1942//1942 2025//2025
f 2025//2025 1942//1942 2095//2095
f 2095//2095 1942//1942 1954//1954
f 1954//1954 1956//1956 2095//2095
f 2095//2095 1956//1956 2006//2006
f 2025//2025 2095//2095 1956//1956
f 1932//1932 2323//2323 1852//1852
f 1932//1932 2234//2234 2323//2323
f 2010//2010 1725//1725 1964//1964
f 1964//1964 2001//2001 2010//2010
f 1985//1985 2010//2010 2001//2001
f 1982//1982 2010//2010 1985//1985
f 1982//1982 1985//1985 2001//2001
f 1984//1984 1716//1716 2351//2351
f 2351//2351 1716//1716 1957//1957
f 1623//1623 1957//1957 1716//1716
f 1716//1716 1984//1984 1964//1964
f 2177//2177 1982//1982 1994//1994
f 1982//1982 1758//1758 1994//1994
f 1982//1982 2001//2001 1900//1900
f 1900//1900 1629//1629 1982//1982
f 1820//1820 1982//1982 1629//1629
f 2053//2053 2139//2139 1896//1896
f 1754//1754 1799//1799 2065//2065
f 1739//1739 2065//2065 1799//1799
f 1935//1935 1978//1978 1873//1873
f 1935//1935 1918//1918 1978//1978
f 1918//1918 1935//1935 1899//1899
f 1931//1931 1711//1711 1886//1886
f 1931//1931 1935//1935 1711//1711
f 1927//1927 1807//1807 1852//1852
f 1852//1852 1744//1744 1871//1871
f 1871//1871 1744//1744 1541//1541
f 1651//1651 1892//1892 1766//1766
f 1308//1308 1651//1651 1892//1892
f 1651//1651 1766//1766 1892//1892
f 1832//1832 1787//1787 1788//1788
f 1969//1969 1573//1573 1884//1884
f 1858//1858 1721//1721 1921//1921
f 1721//1721 1934//1934 1921//1921
f 1721//1721 1573//1573 1934//1934
f 1928//1928 1536//1536 1818//1818
f 1950//1950 1712//1712 1928//1928
f 1708//1708 1712//1712 1950//1950
f 1991//1991 1802//1802 1992//1992
f 1866//1866 1478//1478 1793//1793
f 1887//1887 1799//1799 2054//2054
f 1799//1799 1556//1556 2054//2054
f 1598//1598 1875//1875 1793//1793
f 1598//1598 1944//1944 1875//1875
f 1687//1687 1677//1677 1451//1451
f 1677//1677 1580//1580 1451//1451
f 1677//1677 1451//1451 1580//1580
f 2224//2224 1862//1862 1451//1451
f 1580//1580 1776//1776 1816//1816
f 1677//1677 1580//1580 1779//1779
f 1864//1864 1548//1548 1779//1779
f 1547//1547 1776//1776 1580//1580
f 2054//2054 1576//1576 1990//1990
f 1585//1585 1703//1703 1684//1684
f 1585//1585 1799//1799 1703//1703
f 1739//1739 1799//1799 1585//1585
f 1676//1676 1606//1606 1799//1799
f 1777//1777 1606//1606 1676//1676
f 1606//1606 1777//1777 1780//1780
f 1576//1576 1600//1600 1717//1717
f 1717//1717 1600//1600 1576//1576
f 1576//1576 1668//1668 1990//1990
f 1560//1560 1668//1668 1576//1576
f 1711//1711 1668//1668 1560//1560
f 1711//1711 1663//1663 1886//1886
f 1606//1606 1658//1658 1574//1574
f 1606//1606 1780//1780 1658//1658
f 1574//1574 1658//1658 1663//1663
f 1495//1495 1648//1648 1569//1569
f 1445//1445 1792//1792 1937//1937
f 1737//1737 1590//1590 1523//1523
f 1534//1534 1535//1535 1445//1445
f 1647//1647 1578//1578 1535//1535
f 2097//2097 1578//1578 1381//1381
f 1603//1603 1607//1607 1557//1557
f 1603//1603 1557//1557 1617//1617
f 1946//1946 1263//1263 1730//1730
f 1263//1263 1302//1302 1685//1685
f 1301//1301 1615//1615 1302//1302
f 1301//1301 1866//1866 1615//1615
f 1302//1302 1615//1615 1685//1685
f 1670//1670 1524//1524 1439//1439
f 1696//1696 1611//1611 1524//1524
f 1225//1225 1524//1524 1611//1611
f 1330//1330 1524//1524 1225//1225
f 1330//1330 1572//1572 1524//1524
f 1524//1524 1772//1772 1225//1225
f 1225//1225 1772//1772 1642//1642
f 1439//1439 1566//1566 1670//1670
f 1404//1404 1728//1728 1439//1439
f 1208//1208 1569//1569 1660//1660
f 1208//1208 1495//1495 1569//1569
f 1552//1552 1792//1792 1445//1445
f 1552//1552 1445//1445 1523//1523
f 1552//1552 1523//1523 1508//1508
f 1508//1508 1590//1590 1418//1418
f 1535//1535 1534//1534 1647//1647
f 1647//1647 1534//1534 1578//1578
f 1534//1534 1351//1351 1578//1578
f 1590//1590 1508//1508 1523//1523
f 1992//1992 1506//1506 1508//1508
f 1506//1506 1992//1992 1503//1503
f 1503//1503 1992//1992 1410//1410
f 1278//1278 1498//1498 1459//1459
f 1384//1384 1454//1454 1459//1459
f 1459//1459 1673//1673 1530//1530
f 1459//1459 1530//1530 1329//1329
f 1589//1589 1329//1329 1530//1530
f 1516//1516 1317//1317 1589//1589
f 1329//1329 1589//1589 1317//1317
f 1586//1586 1454//1454 1645//1645
f 1185//1185 1584//1584 1400//1400
f 1400//1400 1584//1584 1443//1443
f 1453//1453 1454//1454 1384//1384
f 1584//1584 1185//1185 1520//1520
f 1185//1185 1402//1402 1520//1520
f 1123//1123 1520//1520 1402//1402
f 1123//1123 1518//1518 1520//1520
f 1383//1383 1718//1718 1430//1430
f 1190//1190 1613//1613 1430//1430
f 1430//1430 1613//1613 1702//1702
f 1029//1029 1660//1660 1379//1379
f 1228//1228 1433//1433 1350//1350
f 1211//1211 1499//1499 1433//1433
f 1499//1499 1029//1029 1379//1379
f 1220//1220 1553//1553 1298//1298
f 1298//1298 1553//1553 1168//1168
f 1260//1260 1168//1168 1553//1553
f 1349//1349 1344//1344 1553//1553
f 1344//1344 1307//1307 1553//1553
f 1307//1307 1260//1260 1553//1553
f 1234//1234 1045//1045 1354//1354
f 964//964 1344//1344 1349//1349
f 964//964 1307//1307 1344//1344
f 1552//1552 1254//1254 1363//1363
f 1365//1365 1363//1363 1416//1416
f 1218//1218 1275//1275 1219//1219
f 1275//1275 1213//1213 1348//1348
f 1348//1348 1213//1213 1475//1475
f 1213//1213 1194//1194 1475//1475
f 1475//1475 1194//1194 1276//1276
f 1126//1126 1322//1322 1045//1045
f 1045//1045 1322//1322 1321//1321
f 1126//1126 1235//1235 1322//1322
f 1045//1045 1321//1321 1245//1245
f 1234//1234 1131//1131 1045//1045
f 750//750 1345//1345 1214//1214
f 1214//1214 1242//1242 1041//1041
f 1214//1214 1345//1345 1242//1242
f 1227//1227 1047//1047 1605//1605
f 1241//1241 1209//1209 1369//1369
f 1180//1180 1526//1526 1207//1207
f 1215//1215 1160//1160 1178//1178
f 886//886 1178//1178 1160//1160
f 886//886 1160//1160 1173//1173
f 1173//1173 1160//1160 1356//1356
f 1356//1356 1160//1160 1320//1320
f 1063//1063 1202//1202 1061//1061
f 1202//1202 952//952 1061//1061
f 952//952 1293//1293 824//824
f 884//884 1192//1192 1259//1259
f 827//827 916//916 941//941
f 941//941 1579//1579 763//763
f 763//763 1579//1579 1283//1283
f 1127//1127 1591//1591 1347//1347
f 1591//1591 1127//1127 1223//1223
f 1127//1127 1167//1167 1223//1223
f 1167//1167 1127//1127 1222//1222
f 1222//1222 1127//1127 1074//1074
f 1074//1074 1118//1118 1222//1222
f 1112//1112 1111//1111 1070//1070
f 1083//1083 1112//1112 1070//1070
f 1111//1111 1112//1112 964//964
f 1064//1064 948//948 964//964
f 1083//1083 1064//1064 964//964
f 1083//1083 964//964 1112//1112
f 1099//1099 1064//1064 1083//1083
f 1099//1099 948//948 1064//1064
f 1385//1385 722//722 782//782
f 782//782 797//797 974//974
f 736//736 931//931 843//843
f 930//930 931//931 736//736
f 984//984 1019//1019 1018//1018
f 1016//1016 929//929 905//905
f 1016//1016 868//868 902//902
f 630//630 684//684 861//861
f 657//657 844//844 788//788
f 1151//1151 937//937 556//556
f 714//714 556//556 937//937
f 927//927 1189//1189 783//783
f 603//603 842//842 803//803
f 603//603 890//890 842//842
f 664//664 665//665 1171//1171
f 711//711 1159//1159 840//840
f 802//802 1159//1159 711//711
f 664//664 1159//1159 802//802
f 665//665 664//664 545//545
f 646//646 611//611 934//934
f 691//691 611//611 646//646
f 857//857 691//691 924//924
f 690//690 691//691 857//857
f 697//697 556//556 891//891
f 650//650 748//748 638//638
f 639//639 746//746 989//989
f 716//716 793//793 841//841
f 716//716 650//650 616//616
f 634//634 650//650 798//798
f 798//798 650//650 734//734
f 634//634 798//798 497//497
f 798//798 1151//1151 697//697
f 556//556 697//697 1151//1151
f 616//616 555//555 714//714
f 714//714 555//555 556//556
f 661//661 762//762 662//662
f 762//762 661//661 788//788
f 788//788 661//661 657//657
f 338//338 727//727 823//823
f 823//823 727//727 705//705
f 699//699 338//338 823//823
f 338//338 699//699 541//541
f 494//494 668//668 657//657
f 494//494 657//657 661//661
f 550//550 509//509 528//528
f 681//681 419//419 625//625
f 635//635 1026//1026 680//680
f 1026//1026 635//635 789//789
f 635//635 419//419 789//789
f 553//553 681//681 768//768
f 472//472 789//789 419//419
f 701//701 789//789 472//472
f 452//452 634//634 497//497
f 497//497 697//697 593//593
f 497//497 798//798 697//697
f 593//593 697//697 497//497
f 556//556 555//555 491//491
f 464//464 621//621 497//497
f 189//189 661//661 662//662
f 588//588 727//727 338//338
f 496//496 727//727 588//588
f 496//496 382//382 727//727
f 541//541 699//699 454//454
f 454//454 699//699 540//540
f 599//599 451//451 598//598
f 571//571 506//506 508//508
f 399//399 571//571 508//508
f 236//236 642//642 462//462
f 642//642 236//236 513//513
f 571//571 536//536 506//506
f 365//365 571//571 399//399
f 538//538 530//530 534//534
f 396//396 441//441 538//538
f 396//396 538//538 534//534
f 534//534 530//530 396//396
f 383//383 486//486 487//487
f 486//486 517//517 487//487
f 517//517 485//485 487//487
f 380//380 486//486 383//383
f 380//380 466//466 486//486
f 380//380 146//146 466//466
f 146//146 460//460 466//466
f 135//135 463//463 485//485
f 410//410 412//412 452//452
f 482//482 406//406 452//452
f 410//410 452//452 406//406
f 406//406 482//482 497//497
f 482//482 452//452 497//497
f 388//388 650//650 452//452
f 650//650 388//388 555//555
f 262//262 200//200 520//520
f 149//149 419//419 387//387
f 412//412 410//410 485//485
f 146//146 412//412 460//460
f 464//464 410//410 497//497
f 410//410 406//406 497//497
f 174//174 412//412 146//146
f 412//412 174//174 452//452
f 174//174 388//388 452//452
f 237//237 440//440 174//174
f 440//440 237//237 491//491
f 174//174 555//555 388//388
f 323//323 227//227 343//343
f 337//337 343//343 227//227
f 477//477 355//355 371//371
f 353//353 363//363 371//371
f 353//353 371//371 224//224
f 224//224 371//371 355//355
f 213//213 425//425 327//327
f 385//385 318//318 213//213
f 348//348 425//425 213//213
f 348//348 213//213 318//318
f 318//318 248//248 348//348
f 248//248 244//244 348//348
f 348//348 244//244 369//369
f 333//333 379//379 332//332
f 325//325 189//189 237//237
f 379//379 185//185 316//316
f 299//299 296//296 275//275
f 290//290 300//300 296//296
f 273//273 306//306 300//300
f 300//300 290//290 277//277
f 273//273 300//300 277//277
f 292//292 277//277 290//290
f 273//273 277//277 292//292
f 206//206 269//269 267//267
f 206//206 267//267 302//302
f 273//273 269//269 306//306
f 267//267 269//269 273//273
f 285//285 267//267 273//273
f 297//297 267//267 285//285
f 297//297 302//302 267//267
f 125//125 399//399 200//200
f 125//125 200//200 262//262
f 111//111 321//321 319//319
f 404//404 111//111 319//319
f 149//149 387//387 118//118
f 419//419 118//118 387//387
f 526//526 419//419 149//149
f 156//156 118//118 419//419
f 526//526 156//156 419//419
f 149//149 111//111 404//404
f 149//149 404//404 526//526
f 157//157 279//279 240//240
f 298//298 279//279 295//295
f 157//157 295//295 279//279
f 157//157 151//151 295//295
f 251//251 151//151 157//157
f 4350//4350 4126//4126 4424//4424
f 4304//4304 4424//4424 4126//4126
f 4373//4373 4416//4416 4413//4413
f 4292//4292 4297//4297 4402//4402
f 4402//4402 4419//4419 4292//4292
f 4419//4419 4388//4388 4292//4292
f 4388//4388 4419//4419 4402//4402
f 4269//4269 4292//4292 4388//4388
f 4397//4397 17//17 4225//4225
f 17//17 4397//4397 4396//4396
f 4398//4398 4380//4380 4386//4386
f 4355//4355 4386//4386 4380//4380
f 4355//4355 4364//4364 4386//4386
f 4380//4380 4398//4398 4355//4355
f 4397//4397 4353//4353 4396//4396
f 4394//4394 4396//4396 4353//4353
f 4313//4313 4334//4334 4394//4394
f 4396//4396 4385//4385 4398//4398
f 4355//4355 4398//4398 4385//4385
f 4385//4385 4396//4396 4394//4394
f 4394//4394 4334//4334 4385//4385
f 4288//4288 4385//4385 4334//4334
f 4385//4385 4288//4288 4355//4355
f 4284//4284 4328//4328 4296//4296
f 4296//4296 4328//4328 4325//4325
f 4378//4378 4186//4186 4324//4324
f 4186//4186 4280//4280 4324//4324
f 4325//4325 4377//4377 4296//4296
f 4296//4296 4377//4377 4324//4324
f 4296//4296 4324//4324 4280//4280
f 4300//4300 4296//4296 4280//4280
f 4300//4300 4193//4193 4296//4296
f 4247//4247 4291//4291 4290//4290
f 4384//4384 4290//4290 4368//4368
f 4290//4290 4384//4384 4368//4368
f 4368//4368 4384//4384 4383//4383
f 4384//4384 4333//4333 4277//4277
f 4384//4384 4302//4302 4333//4333
f 4106//4106 4264//4264 4315//4315
f 4196//4196 4315//4315 4264//4264
f 4196//4196 4264//4264 4162//4162
f 4244//4244 4273//4273 4242//4242
f 4242//4242 4273//4273 4244//4244
f 4132//4132 4256//4256 4294//4294
f 4275//4275 3799//3799 4177//4177
f 4295//4295 4275//4275 4177//4177
f 4177//4177 3799//3799 4293//4293
f 3975//3975 4293//4293 3799//3799
f 4294//4294 4137//4137 4295//4295
f 4137//4137 4275//4275 4295//4295
f 4295//4295 4133//4133 4294//4294
f 4177//4177 4133//4133 4295//4295
f 4339//4339 4177//4177 4293//4293
f 4129//4129 4132//4132 4294//4294
f 4257//4257 4129//4129 4316//4316
f 4081//4081 4290//4290 4291//4291
f 4290//4290 4081//4081 4130//4130
f 4079//4079 4135//4135 4130//4130
f 4197//4197 4253//4253 4271//4271
f 4110//4110 3923//3923 4136//4136
f 3913//3913 4136//4136 3923//3923
f 4008//4008 4238//4238 3916//3916
f 4060//4060 4391//4391 4008//4008
f 4136//4136 3913//3913 4201//4201
f 4207//4207 4115//4115 3824//3824
f 3744//3744 4191//4191 4207//4207
f 4191//4191 3744//3744 4050//4050
f 4050//4050 4034//4034 4191//4191
f 3952//3952 4155//4155 4261//4261
f 3670//3670 4156//4156 4034//4034
f 3670//3670 4034//4034 4050//4050
f 3857//3857 4114//4114 4090//4090
f 3945//3945 3692//3692 4189//4189
f 4048//4048 3814//3814 3838//3838
f 3814//3814 4048//4048 3922//3922
f 4096//4096 3607//3607 4018//4018
f 3720//3720 4018//4018 3607//3607
f 4018//4018 3720//3720 3622//3622
f 3910//3910 3823//3823 3911//3911
f 3910//3910 3909//3909 3855//3855
f 3909//3909 3512//3512 3855//3855
f 3777//3777 3733//3733 3850//3850
f 4073//4073 3850//3850 3699//3699
f 3828//3828 3727//3727 3830//3830
f 3789//3789 3727//3727 3828//3828
f 3647//3647 3824//3824 3929//3929
f 3455//3455 3824//3824 3647//3647
f 3628//3628 3860//3860 3670//3670
f 3860//3860 3628//3628 4048//4048
f 3559//3559 3744//3744 3593//3593
f 3590//3590 4050//4050 3744//3744
f 3560//3560 3736//3736 3952//3952
f 3282//3282 3952//3952 3736//3736
f 3282//3282 3808//3808 3952//3952
f 3573//3573 3808//3808 3282//3282
f 3569//3569 3850//3850 3781//3781
f 3512//3512 3733//3733 3777//3777
f 3636//3636 3699//3699 3850//3850
f 3550//3550 3850//3850 3673//3673
f 3673//3673 3850//3850 3763//3763
f 3271//3271 3763//3763 3788//3788
f 3271//3271 3788//3788 3805//3805
f 3713//3713 3271//3271 3805//3805
f 3619//3619 3664//3664 3819//3819
f 3708//3708 3672//3672 3845//3845
f 3708//3708 3845//3845 3653//3653
f 3672//3672 3708//3708 3653//3653
f 3705//3705 3672//3672 3653//3653
f 3705//3705 3589//3589 3672//3672
f 3672//3672 3698//3698 3714//3714
f 3698//3698 3368//3368 3714//3714
f 3441//3441 3698//3698 3672//3672
f 3589//3589 3441//3441 3672//3672
f 3576//3576 3666//3666 3583//3583
f 3659//3659 3583//3583 3666//3666
f 3583//3583 3659//3659 3494//3494
f 3494//3494 3659//3659 3368//3368
f 3714//3714 3368//3368 3659//3659
f 3368//3368 3698//3698 3441//3441
f 3748//3748 3514//3514 3746//3746
f 3562//3562 3746//3746 3514//3514
f 3594//3594 3746//3746 3562//3562
f 3229//3229 3746//3746 3594//3594
f 3514//3514 3796//3796 3563//3563
f 3796//3796 3514//3514 3748//3748
f 3796//3796 3514//3514 3515//3515
f 3232//3232 3514//3514 3796//3796
f 3229//3229 3638//3638 3746//3746
f 3638//3638 3229//3229 3746//3746
f 3229//3229 3634//3634 3746//3746
f 3588//3588 3229//3229 3746//3746
f 3634//3634 3588//3588 3746//3746
f 3229//3229 3588//3588 3746//3746
f 3582//3582 3683//3683 3691//3691
f 3691//3691 3683//3683 3695//3695
f 3498//3498 3621//3621 3746//3746
f 3582//3582 3691//3691 3966//3966
f 3966//3966 3691//3691 3695//3695
f 3649//3649 3166//3166 3232//3232
f 3483//3483 3166//3166 3874//3874
f 3649//3649 3790//3790 3561//3561
f 3874//3874 3166//3166 3649//3649
f 3649//3649 3166//3166 3421//3421
f 3543//3543 3383//3383 3405//3405
f 3383//3383 3543//3543 3556//3556
f 3556//3556 3543//3543 3539//3539
f 3568//3568 3405//3405 3697//3697
f 3385//3385 3568//3568 3453//3453
f 3453//3453 3568//3568 3661//3661
f 3661//3661 3568//3568 3697//3697
f 3385//3385 3405//3405 3568//3568
f 3505//3505 3466//3466 3424//3424
f 3492//3492 3539//3539 3543//3543
f 3539//3539 3492//3492 3738//3738
f 3584//3584 3355//3355 3522//3522
f 3410//3410 3555//3555 3063//3063
f 3410//3410 3527//3527 3608//3608
f 3497//3497 3286//3286 3523//3523
f 3286//3286 3497//3497 3393//3393
f 3150//3150 3580//3580 3310//3310
f 3393//3393 3497//3497 3502//3502
f 3497//3497 3580//3580 3150//3150
f 3497//3497 3150//3150 3502//3502
f 3608//3608 3527//3527 3493//3493
f 3527//3527 3243//3243 3493//3493
f 3243//3243 3525//3525 3493//3493
f 3493//3493 3525//3525 3650//3650
f 3525//3525 3243//3243 3650//3650
f 3243//3243 3442//3442 3650//3650
f 3263//3263 3650//3650 3442//3442
f 3263//3263 3479//3479 3650//3650
f 3476//3476 3479//3479 3263//3263
f 3476//3476 3605//3605 3479//3479
f 3453//3453 3363//3363 3379//3379
f 3417//3417 3363//3363 3453//3453
f 3417//3417 3706//3706 3363//3363
f 3530//3530 3477//3477 3363//3363
f 3530//3530 3477//3477 3566//3566
f 3078//3078 3477//3477 3530//3530
f 3078//3078 3530//3530 3485//3485
f 3485//3485 3484//3484 3737//3737
f 3248//3248 3399//3399 3394//3394
f 3293//3293 3376//3376 3345//3345
f 3462//3462 3506//3506 3376//3376
f 3506//3506 3345//3345 3376//3376
f 3459//3459 3506//3506 3427//3427
f 3279//3279 3459//3459 3549//3549
f 3129//3129 3459//3459 3279//3279
f 3413//3413 3279//3279 3549//3549
f 3279//3279 3413//3413 3164//3164
f 3312//3312 3164//3164 3500//3500
f 3224//3224 3537//3537 3599//3599
f 3312//3312 3537//3537 3224//3224
f 3312//3312 3532//3532 3408//3408
f 3415//3415 3107//3107 3531//3531
f 3278//3278 3107//3107 3415//3415
f 3170//3170 3324//3324 3249//3249
f 3357//3357 3367//3367 3324//3324
f 3367//3367 2858//2858 3324//3324
f 3360//3360 3239//3239 3371//3371
f 3239//3239 3341//3341 3371//3371
f 3341//3341 3239//3239 3371//3371
f 3411//3411 3338//3338 3339//3339
f 3290//3290 3143//3143 3338//3338
f 3371//3371 3239//3239 3331//3331
f 3590//3590 3207//3207 3360//3360
f 3207//3207 3496//3496 2901//2901
f 3496//3496 3207//3207 3590//3590
f 3254//3254 3227//3227 3487//3487
f 3227//3227 3282//3282 3487//3487
f 3282//3282 3736//3736 3487//3487
f 2767//2767 3112//3112 3158//3158
f 2994//2994 3433//3433 3334//3334
f 3433//3433 2994//2994 3036//3036
f 3333//3333 3213//3213 3034//3034
f 2936//2936 3375//3375 3172//3172
f 3180//3180 3375//3375 2936//2936
f 3167//3167 3322//3322 3180//3180
f 3182//3182 3236//3236 3458//3458
f 3474//3474 3235//3235 3256//3256
f 3474//3474 3256//3256 3257//3257
f 3235//3235 3007//3007 3256//3256
f 3196//3196 3235//3235 3474//3474
f 3135//3135 2892//2892 3025//3025
f 3135//3135 3134//3134 3025//3025
f 3025//3025 3134//3134 2947//2947
f 3085//3085 3134//3134 3025//3025
f 3134//3134 3135//3135 3025//3025
f 3463//3463 3025//3025 2892//2892
f 3153//3153 3226//3226 3463//3463
f 3037//3037 3089//3089 3259//3259
f 3482//3482 3259//3259 3089//3089
f 2948//2948 3122//3122 3186//3186
f 2935//2935 3173//3173 3293//3293
f 2887//2887 3129//3129 3279//3279
f 2887//2887 3225//3225 3164//3164
f 2887//2887 3279//3279 3225//3225
f 2887//2887 3072//3072 2764//2764
f 2887//2887 3164//3164 3072//3072
f 3000//3000 3224//3224 3193//3193
f 3076//3076 3072//3072 2996//2996
f 2767//2767 3158//3158 3067//3067
f 2988//2988 3013//3013 3169//3169
f 2988//2988 3169//3169 3046//3046
f 3067//3067 3191//3191 3117//3117
f 2984//2984 3169//3169 3215//3215
f 2807//2807 3437//3437 2810//2810
f 2786//2786 3340//3340 2878//2878
f 2786//2786 3146//3146 3340//3340
f 2967//2967 3145//3145 3086//3086
f 3114//3114 3054//3054 2806//2806
f 2987//2987 2806//2806 3114//3114
f 2806//2806 3054//3054 3114//3114
f 3033//3033 3096//3096 2987//2987
f 2987//2987 3096//3096 3020//3020
f 2706//2706 3165//3165 3029//3029
f 2706//2706 2961//2961 3165//3165
f 3099//3099 3054//3054 2903//2903
f 2895//2895 2890//2890 2891//2891
f 2891//2891 2890//2890 2968//2968
f 2964//2964 2968//2968 2890//2890
f 3050//3050 2800//2800 3126//3126
f 2352//2352 2892//2892 2762//2762
f 2352//2352 3004//3004 2892//2892
f 2954//2954 3153//3153 3004//3004
f 2794//2794 3003//3003 2879//2879
f 3445//3445 2889//2889 2878//2878
f 3153//3153 2954//2954 2352//2352
f 2662//2662 2962//2962 3153//3153
f 2662//2662 2963//2963 2962//2962
f 2948//2948 2465//2465 2742//2742
f 2821//2821 2896//2896 2893//2893
f 2710//2710 2845//2845 2847//2847
f 3167//3167 2603//2603 3116//3116
f 2746//2746 3116//3116 2603//2603
f 3116//3116 2746//2746 2917//2917
f 2730//2730 2917//2917 2746//2746
f 2730//2730 2965//2965 2917//2917
f 2524//2524 2965//2965 2730//2730
f 2965//2965 2524//2524 2735//2735
f 2870//2870 2746//2746 3116//3116
f 2746//2746 2870//2870 2657//2657
f 2657//2657 2870//2870 3065//3065
f 2688//2688 2943//2943 2941//2941
f 2775//2775 2941//2941 2676//2676
f 2688//2688 2775//2775 2842//2842
f 2842//2842 2775//2775 2961//2961
f 3060//3060 2775//2775 2967//2967
f 2961//2961 2775//2775 3060//3060
f 3088//3088 2815//2815 2433//2433
f 2654//2654 2755//2755 2537//2537
f 2654//2654 2825//2825 2942//2942
f 2784//2784 2942//2942 2782//2782
f 2782//2782 2942//2942 2538//2538
f 2654//2654 2815//2815 2825//2825
f 2825//2825 2755//2755 2654//2654
f 2769//2769 2825//2825 2654//2654
f 2733//2733 2894//2894 2522//2522
f 2614//2614 2808//2808 2155//2155
f 2789//2789 2755//2755 2949//2949
f 2449//2449 2752//2752 2795//2795
f 2449//2449 2795//2795 2687//2687
f 2510//2510 3062//3062 2300//2300
f 2463//2463 2728//2728 2679//2679
f 2728//2728 2463//2463 3172//3172
f 2805//2805 2479//2479 3167//3167
f 2603//2603 3167//3167 2479//2479
f 2468//2468 2463//2463 3062//3062
f 2272//2272 3172//3172 2463//2463
f 2398//2398 3172//3172 2272//2272
f 2840//2840 3172//3172 1959//1959
f 2479//2479 2805//2805 2840//2840
f 2437//2437 2603//2603 2479//2479
f 2442//2442 2730//2730 2704//2704
f 2602//2602 2730//2730 2442//2442
f 2602//2602 2524//2524 2730//2730
f 2442//2442 2524//2524 2602//2602
f 2746//2746 2601//2601 2599//2599
f 2252//2252 2746//2746 2563//2563
f 2563//2563 2746//2746 2657//2657
f 2442//2442 2560//2560 2524//2524
f 2330//2330 2523//2523 2650//2650
f 2330//2330 2559//2559 2650//2650
f 2559//2559 2330//2330 2650//2650
f 2583//2583 2274//2274 2586//2586
f 2274//2274 2330//2330 2586//2586
f 2329//2329 2586//2586 2330//2330
f 2274//2274 2842//2842 2271//2271
f 2274//2274 2583//2583 2842//2842
f 2271//2271 2842//2842 2261//2261
f 2270//2270 2574//2574 2420//2420
f 2574//2574 2270//2270 2801//2801
f 2418//2418 2420//2420 2574//2574
f 2523//2523 2330//2330 2650//2650
f 2418//2418 2574//2574 2313//2313
f 2313//2313 2574//2574 2676//2676
f 2568//2568 2763//2763 2484//2484
f 1992//1992 3097//3097 2800//2800
f 2252//2252 2563//2563 2556//2556
f 2556//2556 2563//2563 2657//2657
f 2383//2383 2658//2658 2279//2279
f 2309//2309 2058//2058 2556//2556
f 2432//2432 2492//2492 2344//2344
f 2323//2323 2509//2509 2492//2492
f 2326//2326 2823//2823 2492//2492
f 2823//2823 2326//2326 2223//2223
f 2509//2509 2323//2323 2169//2169
f 2234//2234 2169//2169 2323//2323
f 2317//2317 2492//2492 2062//2062
f 2062//2062 2130//2130 2926//2926
f 2130//2130 2448//2448 2926//2926
f 2362//2362 2319//2319 2476//2476
f 2361//2361 2382//2382 2562//2562
f 2361//2361 2562//2562 2516//2516
f 2318//2318 2572//2572 2345//2345
f 2714//2714 2453//2453 2249//2249
f 2315//2315 2702//2702 2284//2284
f 2249//2249 2453//2453 2507//2507
f 1991//1991 2048//2048 2384//2384
f 3097//3097 2292//2292 1991//1991
f 2292//2292 3097//3097 1992//1992
f 2163//2163 1814//1814 2482//2482
f 2352//2352 2530//2530 1814//1814
f 1943//1943 2405//2405 2406//2406
f 1943//1943 2406//2406 2168//2168
f 1897//1897 2481//2481 2105//2105
f 2259//2259 2264//2264 2241//2241
f 2210//2210 2264//2264 2259//2259
f 2426//2426 2424//2424 2141//2141
f 2197//2197 2321//2321 2291//2291
f 2321//2321 2197//2197 2342//2342
f 2141//2141 2347//2347 2073//2073
f 2395//2395 2073//2073 2347//2347
f 2395//2395 2392//2392 2176//2176
f 2176//2176 2392//2392 2146//2146
f 2438//2438 2269//2269 2392//2392
f 2146//2146 2392//2392 2269//2269
f 2288//2288 2269//2269 2438//2438
f 2415//2415 1961//1961 2263//2263
f 1961//1961 2415//2415 2072//2072
f 2072//2072 2415//2415 2692//2692
f 2422//2422 2170//2170 2366//2366
f 2122//2122 2121//2121 2457//2457
f 2083//2083 2452//2452 2160//2160
f 2257//2257 2253//2253 2482//2482
f 2182//2182 2163//2163 2184//2184
f 2182//2182 1814//1814 2163//2163
f 2147//2147 2100//2100 2368//2368
f 2368//2368 2100//2100 2154//2154
f 2354//2354 2154//2154 2100//2100
f 2052//2052 2199//2199 2335//2335
f 2363//2363 2464//2464 2199//2199
f 2291//2291 2093//2093 2090//2090
f 1809//1809 1746//1746 2286//2286
f 2066//2066 2286//2286 1746//1746
f 2062//2062 2012//2012 2130//2130
f 2012//2012 2115//2115 2130//2130
f 1952//1952 2012//2012 2062//2062
f 2115//2115 2012//2012 1882//1882
f 2159//2159 2234//2234 1952//1952
f 2005//2005 1892//1892 2156//2156
f 2005//2005 2294//2294 1892//1892
f 1974//1974 2030//2030 1972//1972
f 1833//1833 2050//2050 2205//2205
f 1783//1783 2205//2205 1826//1826
f 1826//1826 2043//2043 1894//1894
f 1904//1904 1912//1912 1995//1995
f 1912//1912 1614//1614 1995//1995
f 1614//1614 1894//1894 1995//1995
f 1821//1821 2048//2048 1888//1888
f 1888//1888 2048//2048 1991//1991
f 1737//1737 1888//1888 1991//1991
f 2216//2216 1708//1708 2136//2136
f 2216//2216 2112//2112 1708//1708
f 1708//1708 2112//2112 1874//1874
f 1874//1874 2161//2161 1746//1746
f 1823//1823 1930//1930 2161//2161
f 1823//1823 2161//2161 1825//1825
f 1930//1930 1916//1916 2161//2161
f 1913//1913 2231//2231 1916//1916
f 1487//1487 2236//2236 1907//1907
f 1913//1913 1653//1653 1919//1919
f 1653//1653 1903//1903 1919//1919
f 1903//1903 1838//1838 2236//2236
f 1653//1653 2236//2236 1838//1838
f 1961//1961 1863//1863 2014//2014
f 1893//1893 1863//1863 1961//1961
f 1863//1863 1893//1893 1743//1743
f 1893//1893 1961//1961 1968//1968
f 1715//1715 1817//1817 1968//1968
f 1817//1817 1893//1893 1968//1968
f 1933//1933 1715//1715 1968//1968
f 1971//1971 1715//1715 1933//1933
f 1847//1847 1971//1971 1817//1817
f 1971//1971 1847//1847 1715//1715
f 1893//1893 1817//1817 1971//1971
f 1791//1791 2069//2069 1635//1635
f 1980//1980 1635//1635 2069//2069
f 1652//1652 1885//1885 1879//1879
f 1879//1879 1885//1885 1843//1843
f 1652//1652 1879//1879 1750//1750
f 1601//1601 1750//1750 2070//2070
f 1750//1750 1879//1879 2070//2070
f 1731//1731 1873//1873 1806//1806
f 1601//1601 2070//2070 1873//1873
f 1664//1664 1684//1684 1872//1872
f 1563//1563 1731//1731 1806//1806
f 1748//1748 1814//1814 1722//1722
f 1521//1521 2116//2116 1720//1720
f 1334//1334 2116//2116 1562//1562
f 1334//1334 1709//1709 2116//2116
f 1979//1979 1709//1709 1388//1388
f 1531//1531 1857//1857 1970//1970
f 1335//1335 1853//1853 1373//1373
f 1335//1335 1819//1819 1853//1853
f 1748//1748 2034//2034 1814//1814
f 1395//1395 1901//1901 1775//1775
f 1514//1514 1280//1280 1880//1880
f 1514//1514 1880//1880 2014//2014
f 1830//1830 1773//1773 1586//1586
f 1747//1747 1755//1755 1773//1773
f 1586//1586 1773//1773 1755//1755
f 1426//1426 1800//1800 1732//1732
f 1459//1459 1741//1741 1732//1732
f 1800//1800 1807//1807 1732//1732
f 1830//1830 1586//1586 1764//1764
f 1854//1854 1584//1584 1830//1830
f 1584//1584 1854//1854 1719//1719
f 1698//1698 1584//1584 1719//1719
f 1698//1698 1719//1719 1911//1911
f 1685//1685 1730//1730 1263//1263
f 1685//1685 1615//1615 1730//1730
f 1611//1611 1745//1745 2224//2224
f 1611//1611 1696//1696 1745//1745
f 1696//1696 1962//1962 1745//1745
f 1524//1524 1962//1962 1696//1696
f 1670//1670 1962//1962 1524//1524
f 1524//1524 1572//1572 1772//1772
f 1772//1772 1572//1572 1671//1671
f 1728//1728 1566//1566 1439//1439
f 1404//1404 1561//1561 1728//1728
f 1398//1398 1543//1543 1849//1849
f 1543//1543 1294//1294 1849//1849
f 1704//1704 1585//1585 1664//1664
f 1489//1489 1704//1704 1552//1552
f 1792//1792 1552//1552 1752//1752
f 1590//1590 1737//1737 1508//1508
f 1737//1737 1991//1991 1508//1508
f 1849//1849 1294//1294 1636//1636
f 1720//1720 1815//1815 1521//1521
f 1537//1537 1810//1810 1561//1561
f 2008//2008 1810//1810 1537//1537
f 1281//1281 1477//1477 1537//1537
f 1393//1393 1748//1748 1722//1722
f 1565//1565 2116//2116 1521//1521
f 1557//1557 1679//1679 1768//1768
f 1679//1679 1557//1557 1638//1638
f 1557//1557 1616//1616 1638//1638
f 1303//1303 1570//1570 1432//1432
f 1496//1496 1570//1570 1303//1303
f 1761//1761 1461//1461 1992//1992
f 1461//1461 1761//1761 1546//1546
f 1761//1761 1496//1496 1546//1546
f 1761//1761 1623//1623 1496//1496
f 1677//1677 1944//1944 1598//1598
f 1926//1926 1480//1480 1801//1801
f 1395//1395 1357//1357 1926//1926
f 1357//1357 1480//1480 1926//1926
f 1347//1347 1618//1618 2743//2743
f 1890//1890 1347//1347 2743//2743
f 1466//1466 1884//1884 1573//1573
f 1466//1466 1510//1510 1884//1884
f 2297//2297 1884//1884 1510//1510
f 1218//1218 1359//1359 1536//1536
f 1538//1538 1218//1218 1536//1536
f 1538//1538 1536//1536 1311//1311
f 1536//1536 1666//1666 1311//1311
f 1712//1712 1438//1438 1311//1311
f 1510//1510 1533//1533 2297//2297
f 1610//1610 1533//1533 1311//1311
f 1533//1533 1610//1610 2297//2297
f 1391//1391 1571//1571 1610//1610
f 1708//1708 1874//1874 1438//1438
f 1391//1391 1475//1475 1930//1930
f 1683//1683 1423//1423 1874//1874
f 1486//1486 1479//1479 1308//1308
f 1308//1308 1753//1753 1486//1486
f 1460//1460 1550//1550 1463//1463
f 1463//1463 1550//1550 1892//1892
f 1550//1550 1460//1460 1892//1892
f 1892//1892 1460//1460 1697//1697
f 1387//1387 1697//1697 1460//1460
f 1387//1387 1358//1358 1697//1697
f 1239//1239 1697//1697 1358//1358
f 1544//1544 1407//1407 1371//1371
f 1407//1407 1738//1738 967//967
f 1407//1407 1544//1544 1738//1738
f 1274//1274 1492//1492 1488//1488
f 1255//1255 967//967 1492//1492
f 1588//1588 967//967 1738//1738
f 1468//1468 1473//1473 1457//1457
f 1473//1473 1468//1468 1483//1483
f 1468//1468 1450//1450 1483//1483
f 1457//1457 1323//1323 1483//1483
f 1457//1457 1483//1483 1468//1468
f 1440//1440 1525//1525 1450//1450
f 1493//1493 1316//1316 1385//1385
f 1314//1314 1753//1753 1385//1385
f 904//904 1479//1479 1486//1486
f 1204//1204 1308//1308 1479//1479
f 1364//1364 1463//1463 1308//1308
f 1175//1175 1463//1463 1364//1364
f 1463//1463 1175//1175 1460//1460
f 1063//1063 1505//1505 1202//1202
f 1202//1202 1505//1505 952//952
f 1391//1391 1509//1509 1419//1419
f 1293//1293 952//952 1505//1505
f 1192//1192 1502//1502 1259//1259
f 1293//1293 1380//1380 1425//1425
f 1199//1199 1425//1425 1380//1380
f 1199//1199 1293//1293 1425//1425
f 1579//1579 1199//1199 1380//1380
f 1338//1338 1283//1283 1579//1579
f 1420//1420 1337//1337 1243//1243
f 1243//1243 1376//1376 1410//1410
f 1337//1337 1303//1303 1243//1243
f 1243//1243 1376//1376 1303//1303
f 1376//1376 1243//1243 1303//1303
f 1418//1418 1377//1377 1417//1417
f 1417//1417 1377//1377 1368//1368
f 1377//1377 1312//1312 1368//1368
f 1284//1284 1367//1367 1368//1368
f 1243//1243 1303//1303 1284//1284
f 1284//1284 1368//1368 1312//1312
f 1410//1410 1376//1376 1303//1303
f 1303//1303 1376//1376 1243//1243
f 1469//1469 1216//1216 1546//1546
f 1496//1496 1303//1303 1216//1216
f 1469//1469 1496//1496 1216//1216
f 1237//1237 1375//1375 1469//1469
f 1469//1469 1375//1375 1441//1441
f 1375//1375 1237//1237 1441//1441
f 1237//1237 1163//1163 1441//1441
f 1369//1369 1866//1866 1301//1301
f 1143//1143 1285//1285 1193//1193
f 1370//1370 1331//1331 1137//1137
f 1645//1645 1137//1137 1331//1331
f 1240//1240 1137//1137 1645//1645
f 1109//1109 1325//1325 1288//1288
f 1305//1305 1288//1288 1362//1362
f 1288//1288 1325//1325 1362//1362
f 1109//1109 1341//1341 1325//1325
f 1341//1341 1718//1718 1325//1325
f 1341//1341 1372//1372 1319//1319
f 1136//1136 1362//1362 1372//1372
f 1172//1172 954//954 944//944
f 1206//1206 967//967 1255//1255
f 1488//1488 1239//1239 1274//1274
f 1255//1255 1274//1274 1206//1206
f 1236//1236 1287//1287 1247//1247
f 1236//1236 1247//1247 1277//1277
f 1279//1279 1324//1324 1277//1277
f 1236//1236 1277//1277 1324//1324
f 969//969 1314//1314 1385//1385
f 1314//1314 969//969 1486//1486
f 969//969 1231//1231 1486//1486
f 904//904 1486//1486 1231//1231
f 1177//1177 1191//1191 1144//1144
f 1479//1479 904//904 1204//1204
f 718//718 1364//1364 1057//1057
f 1364//1364 718//718 1175//1175
f 1175//1175 1206//1206 1460//1460
f 1206//1206 1274//1274 1239//1239
f 1082//1082 1271//1271 1125//1125
f 1271//1271 1164//1164 1125//1125
f 1070//1070 1164//1164 1271//1271
f 1125//1125 1164//1164 1261//1261
f 1261//1261 1164//1164 1070//1070
f 1111//1111 1033//1033 1070//1070
f 1378//1378 1333//1333 1195//1195
f 1350//1350 624//624 1162//1162
f 1228//1228 1162//1162 1211//1211
f 1132//1132 1211//1211 1162//1162
f 882//882 1130//1130 1091//1091
f 1091//1091 1130//1130 1132//1132
f 836//836 714//714 1123//1123
f 1079//1079 1037//1037 1154//1154
f 1154//1154 1037//1037 1190//1190
f 1037//1037 1156//1156 1190//1190
f 1165//1165 1154//1154 1190//1190
f 1190//1190 1156//1156 1170//1170
f 953//953 1170//1170 1156//1156
f 1141//1141 1154//1154 1165//1165
f 1200//1200 1028//1028 1165//1165
f 1141//1141 1165//1165 1028//1028
f 1124//1124 1028//1028 1200//1200
f 1151//1151 1020//1020 1123//1123
f 879//879 1458//1458 1020//1020
f 1071//1071 942//942 1114//1114
f 1097//1097 1086//1086 1058//1058
f 1086//1086 1097//1097 1114//1114
f 1114//1114 1097//1097 1071//1071
f 1108//1108 1071//1071 1097//1097
f 1030//1030 1105//1105 1062//1062
f 1062//1062 1150//1150 1030//1030
f 1058//1058 1105//1105 1030//1030
f 1062//1062 881//881 1150//1150
f 1090//1090 1150//1150 881//881
f 1030//1030 1090//1090 1054//1054
f 1102//1102 1054//1054 1090//1090
f 1053//1053 1097//1097 1058//1058
f 1046//1046 926//926 1024//1024
f 926//926 694//694 1024//1024
f 1085//1085 918//918 1075//1075
f 1066//1066 984//984 1153//1153
f 1011//1011 918//918 1085//1085
f 1014//1014 1011//1011 1085//1085
f 918//918 1008//1008 1075//1075
f 998//998 1059//1059 1008//1008
f 1011//1011 1014//1014 918//918
f 1007//1007 1008//1008 918//918
f 1007//1007 998//998 1008//1008
f 998//998 1007//1007 1000//1000
f 998//998 992//992 1059//1059
f 992//992 945//945 1059//1059
f 998//998 1000//1000 992//992
f 945//945 992//992 1000//1000
f 996//996 1001//1001 942//942
f 997//997 996//996 955//955
f 955//955 996//996 942//942
f 844//844 823//823 788//788
f 657//657 823//823 844//844
f 986//986 889//889 823//823
f 889//889 1324//1324 823//823
f 1128//1128 927//927 989//989
f 783//783 989//989 927//927
f 1189//1189 927//927 1128//1128
f 891//891 832//832 1020//1020
f 891//891 1020//1020 832//832
f 879//879 1020//1020 891//891
f 662//662 762//762 879//879
f 762//762 788//788 879//879
f 1135//1135 705//705 953//953
f 705//705 1135//1135 823//823
f 820//820 986//986 1183//1183
f 727//727 1183//1183 953//953
f 727//727 953//953 705//705
f 986//986 1324//1324 889//889
f 846//846 1324//1324 986//986
f 858//858 861//861 684//684
f 625//625 818//818 914//914
f 818//818 824//824 1026//1026
f 827//827 680//680 1026//1026
f 827//827 764//764 680//680
f 789//789 850//850 1026//1026
f 914//914 876//876 768//768
f 701//701 870//870 850//850
f 941//941 559//559 827//827
f 557//557 559//559 941//941
f 763//763 708//708 557//557
f 826//826 816//816 843//843
f 817//817 1014//1014 843//843
f 817//817 813//813 1014//1014
f 813//813 785//785 1014//1014
f 804//804 900//900 813//813
f 804//804 785//785 900//900
f 804//804 933//933 785//785
f 814//814 816//816 815//815
f 815//815 816//816 849//849
f 815//815 849//849 814//814
f 816//816 814//814 843//843
f 843//843 814//814 817//817
f 814//814 849//849 817//817
f 812//812 813//813 817//817
f 845//845 812//812 817//817
f 712//712 728//728 760//760
f 806//806 760//760 728//728
f 760//760 806//806 718//718
f 645//645 599//599 741//741
f 645//645 741//741 737//737
f 735//735 645//645 737//737
f 770//770 645//645 735//735
f 495//495 528//528 680//680
f 559//559 495//495 764//764
f 680//680 764//764 495//495
f 557//557 941//941 763//763
f 626//626 557//557 708//708
f 472//472 679//679 623//623
f 472//472 768//768 679//679
f 880//880 623//623 679//679
f 499//499 649//649 701//701
f 880//880 499//499 623//623
f 649//649 499//499 880//880
f 757//757 771//771 499//499
f 605//605 674//674 558//558
f 523//523 583//583 525//525
f 523//523 525//525 503//503
f 498//498 554//554 603//603
f 490//490 408//408 910//910
f 572//572 606//606 465//465
f 465//465 577//577 572//572
f 597//597 431//431 607//607
f 417//417 607//607 431//431
f 607//607 417//417 432//432
f 614//614 607//607 432//432
f 432//432 439//439 614//614
f 500//500 411//411 621//621
f 621//621 411//411 500//500
f 541//541 454//454 338//338
f 454//454 496//496 588//588
f 382//382 496//496 454//454
f 333//333 494//494 661//661
f 415//415 791//791 361//361
f 415//415 512//512 791//791
f 675//675 415//415 354//354
f 471//471 413//413 596//596
f 596//596 724//724 511//511
f 471//471 596//596 511//511
f 471//471 511//511 724//724
f 469//469 330//330 595//595
f 330//330 469//469 620//620
f 510//510 256//256 620//620
f 342//342 318//318 451//451
f 223//223 327//327 475//475
f 222//222 414//414 214//214
f 223//223 475//475 222//222
f 436//436 475//475 327//327
f 327//327 425//425 436//436
f 436//436 425//425 488//488
f 436//436 488//488 475//475
f 314//314 247//247 203//203
f 423//423 266//266 473//473
f 473//473 266//266 355//355
f 470//470 268//268 473//473
f 268//268 423//423 473//473
f 268//268 266//266 423//423
f 326//326 291//291 170//170
f 248//248 291//291 245//245
f 243//243 245//245 339//339
f 291//291 394//394 245//245
f 326//326 394//394 291//291
f 326//326 170//170 210//210
f 243//243 288//288 373//373
f 288//288 243//243 339//339
f 288//288 339//339 344//344
f 352//352 373//373 288//288
f 352//352 288//288 259//259
f 259//259 288//288 344//344
f 437//437 344//344 276//276
f 344//344 437//437 259//259
f 229//229 352//352 259//259
f 305//305 352//352 229//229
f 259//259 305//305 229//229
f 4388//4388 4263//4263 4269//4269
f 4347//4347 4322//4322 4410//4410
f 4322//4322 4347//4347 4373//4373
f 4366//4366 4263//4263 4388//4388
f 4373//4373 4347//4347 4388//4388
f 4299//4299 4388//4388 4347//4347
f 4388//4388 4299//4299 4366//4366
f 4320//4320 4229//4229 4263//4263
f 4314//4314 4263//4263 4366//4366
f 4314//4314 4366//4366 4299//4299
f 4263//4263 4314//4314 4320//4320
f 4171//4171 4303//4303 4126//4126
f 4126//4126 4303//4303 4304//4304
f 4253//4253 4126//4126 4304//4304
f 4303//4303 4253//4253 4304//4304
f 4171//4171 4253//4253 4303//4303
f 4159//4159 4201//4201 4284//4284
f 4281//4281 4159//4159 4284//4284
f 4281//4281 4284//4284 4296//4296
f 4281//4281 4296//4296 4030//4030
f 4286//4286 4274//4274 4317//4317
f 4189//4189 4296//4296 4227//4227
f 3920//3920 4131//4131 4189//4189
f 4261//4261 4189//4189 4131//4131
f 4115//4115 4261//4261 4131//4131
f 4188//4188 4189//4189 4261//4261
f 4336//4336 4202//4202 4286//4286
f 4202//4202 4274//4274 4286//4286
f 4149//4149 4167//4167 4232//4232
f 4193//4193 4227//4227 4296//4296
f 4181//4181 4229//4229 4320//4320
f 4075//4075 4181//4181 4320//4320
f 4075//4075 4320//4320 4212//4212
f 4246//4246 4240//4240 4243//4243
f 4151//4151 4150//4150 4422//4422
f 4234//4234 4173//4173 3912//3912
f 4173//4173 4234//4234 4241//4241
f 4241//4241 4234//4234 4168//4168
f 4168//4168 4234//4234 4239//4239
f 4124//4124 4058//4058 4289//4289
f 3998//3998 4141//4141 4058//4058
f 4270//4270 3533//3533 4174//4174
f 3533//3533 4270//4270 4182//4182
f 4201//4201 4182//4182 4270//4270
f 3999//3999 4182//4182 4201//4201
f 4270//4270 4174//4174 4354//4354
f 4186//4186 4174//4174 3667//3667
f 3906//3906 4186//4186 3665//3665
f 4088//4088 4186//4186 3906//3906
f 3932//3932 4127//4127 4034//4034
f 3852//3852 4126//4126 4092//4092
f 3852//3852 3765//3765 4126//4126
f 3765//3765 4171//4171 4126//4126
f 4033//4033 3930//3930 3658//3658
f 4047//4047 3905//3905 3658//3658
f 4081//4081 3818//3818 4139//4139
f 4079//4079 4031//4031 4098//4098
f 3987//3987 4098//4098 4031//4031
f 4031//4031 4079//4079 4077//4077
f 4031//4031 4077//4077 4081//4081
f 4081//4081 4139//4139 4163//4163
f 4139//4139 4009//4009 4195//4195
f 3847//3847 4081//4081 4163//4163
f 4098//4098 3987//3987 3988//3988
f 4014//4014 4163//4163 4068//4068
f 3877//3877 3958//3958 3813//3813
f 3958//3958 4038//4038 4152//4152
f 3901//3901 4145//4145 4038//4038
f 3848//3848 4123//4123 4080//4080
f 3848//3848 4080//4080 3841//3841
f 3841//3841 4080//4080 3884//3884
f 4063//4063 4078//4078 3986//3986
f 4063//4063 4069//4069 4078//4078
f 3884//3884 4066//4066 3825//3825
f 3759//3759 3925//3925 4063//4063
f 4063//4063 4041//4041 4011//4011
f 3825//3825 4066//4066 4041//4041
f 4011//4011 4041//4041 4066//4066
f 3865//3865 4041//4041 4063//4063
f 3921//3921 3988//3988 3987//3987
f 3412//3412 3785//3785 3840//3840
f 3785//3785 3930//3930 3776//3776
f 3905//3905 4033//4033 3658//3658
f 4108//4108 4049//4049 4022//4022
f 3943//3943 4085//4085 3721//3721
f 3881//3881 3943//3943 3767//3767
f 4016//4016 3881//3881 3973//3973
f 4032//4032 3794//3794 4013//4013
f 3794//3794 4032//4032 3949//3949
f 4031//4031 3921//3921 3987//3987
f 3785//3785 3818//3818 3556//3556
f 3539//3539 3785//3785 3556//3556
f 3776//3776 3930//3930 3770//3770
f 4033//4033 3770//3770 3930//3930
f 3770//3770 4033//4033 3905//3905
f 3970//3970 3926//3926 3954//3954
f 3876//3876 3954//3954 3926//3926
f 3880//3880 3916//3916 4114//4114
f 3880//3880 3835//3835 3916//3916
f 3916//3916 3835//3835 4008//4008
f 4008//4008 3835//3835 4060//4060
f 3876//3876 3926//3926 4057//4057
f 4057//4057 3926//3926 3971//3971
f 3926//3926 3970//3970 3971//3971
f 3842//3842 3937//3937 3802//3802
f 3880//3880 3572//3572 3835//3835
f 4060//4060 3835//3835 3857//3857
f 3914//3914 3913//3913 3923//3923
f 3915//3915 3793//3793 4154//4154
f 3915//3915 4189//4189 3761//3761
f 3793//3793 3937//3937 4154//4154
f 3660//3660 3668//3668 3591//3591
f 3351//3351 3831//3831 3990//3990
f 3607//3607 3872//3872 4045//4045
f 3787//3787 3607//3607 4045//4045
f 3959//3959 3871//3871 3735//3735
f 3924//3924 3787//3787 4045//4045
f 3787//3787 3924//3924 3800//3800
f 3616//3616 3734//3734 3990//3990
f 3734//3734 3774//3774 3821//3821
f 3734//3734 3601//3601 3990//3990
f 3601//3601 3351//3351 3990//3990
f 3734//3734 3821//3821 3601//3601
f 3951//3951 3601//3601 3821//3821
f 3734//3734 3821//3821 3774//3774
f 3734//3734 3903//3903 3821//3821
f 3709//3709 3800//3800 3924//3924
f 3540//3540 3725//3725 3903//3903
f 3811//3811 3646//3646 3843//3843
f 3722//3722 3843//3843 3646//3646
f 3646//3646 3811//3811 3806//3806
f 3303//3303 3973//3973 3767//3767
f 3675//3675 3503//3503 3978//3978
f 3524//3524 3868//3868 3773//3773
f 3610//3610 3868//3868 3524//3524
f 3641//3641 3524//3524 3773//3773
f 3686//3686 3641//3641 3849//3849
f 3591//3591 3358//3358 4046//4046
f 3557//3557 3591//3591 3669//3669
f 3776//3776 3770//3770 3697//3697
f 3697//3697 3905//3905 3624//3624
f 3661//3661 3624//3624 3745//3745
f 3745//3745 3624//3624 3905//3905
f 3738//3738 3965//3965 3539//3539
f 3754//3754 3655//3655 3847//3847
f 3754//3754 3753//3753 3655//3655
f 3753//3753 3754//3754 3847//3847
f 3492//3492 3753//3753 4068//4068
f 3780//3780 3687//3687 3867//3867
f 3625//3625 3867//3867 3606//3606
f 3867//3867 3625//3625 3504//3504
f 3606//3606 3687//3687 3523//3523
f 3131//3131 3063//3063 3676//3676
f 3063//3063 3611//3611 3676//3676
f 3504//3504 3523//3523 3896//3896
f 3676//3676 3611//3611 3504//3504
f 3611//3611 3523//3523 3504//3504
f 3489//3489 3611//3611 3888//3888
f 3757//3757 3611//3611 3063//3063
f 3599//3599 3756//3756 3518//3518
f 3599//3599 3752//3752 3756//3756
f 3626//3626 3518//3518 3756//3756
f 3518//3518 3626//3626 3343//3343
f 3491//3491 3677//3677 3596//3596
f 3596//3596 3228//3228 3343//3343
f 3596//3596 3853//3853 3228//3228
f 3596//3596 3677//3677 3853//3853
f 3950//3950 3651//3651 3851//3851
f 3581//3581 3851//3851 3651//3651
f 3677//3677 3343//3343 3626//3626
f 3585//3585 3343//3343 3851//3851
f 3851//3851 3343//3343 3677//3677
f 3851//3851 3675//3675 3585//3585
f 3581//3581 3304//3304 3851//3851
f 3851//3851 3304//3304 3675//3675
f 3675//3675 3304//3304 3503//3503
f 3585//3585 3978//3978 3581//3581
f 3585//3585 3675//3675 3978//3978
f 3581//3581 3978//3978 3304//3304
f 3486//3486 3318//3318 3304//3304
f 3491//3491 3343//3343 3677//3677
f 3677//3677 3343//3343 3617//3617
f 3356//3356 3617//3617 3343//3343
f 3617//3617 3356//3356 3614//3614
f 3486//3486 3304//3304 3778//3778
f 3356//3356 3486//3486 3640//3640
f 3524//3524 3825//3825 3610//3610
f 3553//3553 3735//3735 3452//3452
f 3447//3447 3629//3629 3359//3359
f 3616//3616 3223//3223 3579//3579
f 3587//3587 3419//3419 3359//3359
f 3335//3335 3766//3766 3646//3646
f 3335//3335 3646//3646 3548//3548
f 3446//3446 3303//3303 3767//3767
f 3333//3333 3598//3598 3213//3213
f 3396//3396 3634//3634 3306//3306
f 3507//3507 3634//3634 3396//3396
f 3598//3598 3433//3433 3507//3507
f 3433//3433 3634//3634 3507//3507
f 3582//3582 3433//3433 3598//3598
f 4059//4059 3375//3375 4124//4124
f 3366//3366 4124//4124 3375//3375
f 3301//3301 3229//3229 3562//3562
f 3562//3562 3229//3229 3594//3594
f 3515//3515 3514//3514 3563//3563
f 3275//3275 3562//3562 3514//3514
f 3275//3275 3514//3514 3232//3232
f 3498//3498 3588//3588 3229//3229
f 3426//3426 2986//2986 3582//3582
f 3797//3797 3621//3621 3498//3498
f 3966//3966 3426//3426 3582//3582
f 3488//3488 2974//2974 3313//3313
f 3166//3166 3483//3483 3323//3323
f 3166//3166 3649//3649 3348//3348
f 3166//3166 3348//3348 3472//3472
f 3421//3421 3472//3472 3348//3348
f 3402//3402 3266//3266 3450//3450
f 3283//3283 3402//3402 3450//3450
f 3412//3412 3565//3565 3108//3108
f 3108//3108 3565//3565 3697//3697
f 3189//3189 3108//3108 3697//3697
f 3383//3383 3189//3189 3405//3405
f 3189//3189 3697//3697 3405//3405
f 3385//3385 3302//3302 3543//3543
f 3492//3492 3543//3543 3302//3302
f 3429//3429 3473//3473 3655//3655
f 3471//3471 3095//3095 3492//3492
f 3095//3095 3471//3471 3469//3469
f 3118//3118 3465//3465 3691//3691
f 3465//3465 2938//2938 3369//3369
f 3308//3308 3265//3265 3195//3195
f 3404//3404 3308//3308 3402//3402
f 3658//3658 3299//3299 3388//3388
f 3299//3299 3298//3298 3388//3388
f 3298//3298 3839//3839 3388//3388
f 3246//3246 3351//3351 3288//3288
f 2990//2990 3432//3432 3246//3246
f 3182//3182 3458//3458 3583//3583
f 3368//3368 3182//3182 3583//3583
f 3429//3429 3187//3187 3473//3473
f 3187//3187 3466//3466 3492//3492
f 3070//3070 3095//3095 3248//3248
f 3691//3691 3336//3336 3069//3069
f 2938//2938 3465//3465 3118//3118
f 2938//2938 3270//3270 3369//3369
f 3369//3369 3270//3270 3106//3106
f 3114//3114 3308//3308 3195//3195
f 3195//3195 3265//3265 3103//3103
f 3451//3451 3106//3106 3354//3354
f 3451//3451 3354//3354 3156//3156
f 2970//2970 3407//3407 3156//3156
f 3407//3407 2970//2970 3406//3406
f 3266//3266 3402//3402 3308//3308
f 3116//3116 3517//3517 3347//3347
f 3116//3116 3149//3149 3517//3517
f 3517//3517 3149//3149 3276//3276
f 3276//3276 3149//3149 3434//3434
f 2965//2965 3434//3434 3149//3149
f 3434//3434 2965//2965 3151//3151
f 3149//3149 3657//3657 2870//2870
f 2870//2870 3657//3657 3065//3065
f 3065//3065 3657//3657 2657//2657
f 2943//2943 3273//3273 3364//3364
f 3364//3364 3350//3350 3060//3060
f 3136//3136 3060//3060 3203//3203
f 3060//3060 2974//2974 3203//3203
f 3159//3159 3247//3247 3165//3165
f 3247//3247 2961//2961 3350//3350
f 3060//3060 3350//3350 2961//2961
f 3069//3069 2952//2952 2862//2862
f 2952//2952 3069//3069 2913//2913
f 2748//2748 3691//3691 2862//2862
f 2938//2938 3118//3118 2982//2982
f 2776//2776 3114//3114 3195//3195
f 3195//3195 2890//2890 2776//2776
f 3195//3195 2938//2938 2890//2890
f 2890//2890 2938//2938 3103//3103
f 2938//2938 3001//3001 3270//3270
f 2567//2567 3106//3106 3270//3270
f 2970//2970 3156//3156 3354//3354
f 2903//2903 3114//3114 2776//2776
f 3114//3114 3099//3099 3075//3075
f 2890//2890 3103//3103 3099//3099
f 3123//3123 3006//3006 2565//2565
f 3123//3123 2974//2974 2967//2967
f 3123//3123 2659//2659 3160//3160
f 2659//2659 3123//3123 2565//2565
f 3045//3045 2772//2772 2806//2806
f 2987//2987 3283//3283 3155//3155
f 2806//2806 2772//2772 3114//3114
f 3114//3114 3283//3283 2987//2987
f 3033//3033 3155//3155 3096//3096
f 2987//2987 3155//3155 3033//3033
f 3096//3096 3201//3201 3020//3020
f 3165//3165 3268//3268 3029//3029
f 3029//3029 3268//3268 2706//2706
f 3108//3108 2706//2706 3268//3268
f 2930//2930 2706//2706 3108//3108
f 2883//2883 2930//2930 3108//3108
f 2883//2883 3108//3108 3189//3189
f 3187//3187 2835//2835 3299//3299
f 2835//2835 2423//2423 3299//3299
f 2423//2423 2934//2934 3299//3299
f 3235//3235 2937//2937 3007//3007
f 2750//2750 3007//3007 2937//2937
f 2587//2587 3007//3007 2750//2750
f 2512//2512 3007//3007 2587//2587
f 3171//3171 3068//3068 2774//2774
f 2803//2803 3073//3073 3171//3171
f 3073//3073 2803//2803 3137//3137
f 2774//2774 3068//3068 2881//2881
f 2881//2881 3068//3068 2933//2933
f 2838//2838 2933//2933 3068//3068
f 2918//2918 2877//2877 2998//2998
f 2972//2972 2950//2950 2882//2882
f 2882//2882 2950//2950 3037//3037
f 2780//2780 2876//2876 3037//3037
f 2539//2539 3037//3037 2907//2907
f 2907//2907 3037//3037 2867//2867
f 2867//2867 3037//3037 2935//2935
f 2476//2476 3037//3037 2539//2539
f 2867//2867 2935//2935 2898//2898
f 2915//2915 2516//2516 2935//2935
f 2898//2898 2935//2935 2516//2516
f 2714//2714 3129//3129 2887//2887
f 2665//2665 3129//3129 2714//2714
f 2355//2355 2522//2522 2434//2434
f 2522//2522 2894//2894 2434//2434
f 3228//3228 2825//2825 2769//2769
f 2741//2741 3017//3017 3228//3228
f 2836//2836 2920//2920 2711//2711
f 2951//2951 2855//2855 2684//2684
f 2946//2946 2855//2855 2951//2951
f 3058//3058 3327//3327 2951//2951
f 2951//2951 2635//2635 2946//2946
f 2924//2924 2951//2951 2946//2946
f 2951//2951 2924//2924 2548//2548
f 2924//2924 2946//2946 2548//2548
f 2997//2997 3163//3163 2694//2694
f 2605//2605 2694//2694 2767//2767
f 2767//2767 2694//2694 3163//3163
f 2635//2635 2757//2757 2946//2946
f 2946//2946 2757//2757 3163//3163
f 2767//2767 3163//3163 2757//2757
f 2548//2548 3019//3019 2754//2754
f 3377//3377 2751//2751 2703//2703
f 2626//2626 3377//3377 2847//2847
f 2821//2821 2893//2893 2681//2681
f 2681//2681 2893//2893 2820//2820
f 3157//3157 2896//2896 2893//2893
f 2820//2820 2893//2893 2896//2896
f 2819//2819 2626//2626 2847//2847
f 2819//2819 2845//2845 2680//2680
f 2819//2819 2847//2847 2845//2845
f 2680//2680 2845//2845 2710//2710
f 2710//2710 2920//2920 2680//2680
f 2680//2680 2920//2920 2836//2836
f 2385//2385 3024//3024 2816//2816
f 2385//2385 2711//2711 3024//3024
f 2711//2711 2920//2920 3024//3024
f 2700//2700 2841//2841 2753//2753
f 2718//2718 2791//2791 3011//3011
f 2791//2791 2698//2698 3011//3011
f 2698//2698 2799//2799 3011//3011
f 2809//2809 2833//2833 2985//2985
f 2985//2985 2833//2833 2911//2911
f 2809//2809 2911//2911 2833//2833
f 2424//2424 2851//2851 2632//2632
f 2424//2424 2729//2729 2851//2851
f 2934//2934 2609//2609 2723//2723
f 2830//2830 2723//2723 2851//2851
f 2723//2723 2632//2632 2851//2851
f 2830//2830 2799//2799 2723//2723
f 2830//2830 2851//2851 2799//2799
f 3011//3011 2799//2799 2627//2627
f 2799//2799 2717//2717 2627//2627
f 2731//2731 2717//2717 2799//2799
f 2753//2753 2841//2841 2263//2263
f 2263//2263 2841//2841 2837//2837
f 2263//2263 2837//2837 2667//2667
f 2975//2975 2371//2371 2818//2818
f 2613//2613 2818//2818 2371//2371
f 2645//2645 2773//2773 2585//2585
f 2758//2758 2790//2790 2818//2818
f 2880//2880 2790//2790 2787//2787
f 2790//2790 2585//2585 2787//2787
f 2787//2787 2585//2585 2773//2773
f 2536//2536 2866//2866 2803//2803
f 2902//2902 2359//2359 2785//2785
f 2701//2701 2785//2785 2359//2359
f 2359//2359 2902//2902 2781//2781
f 2785//2785 2701//2701 2908//2908
f 2359//2359 2781//2781 2576//2576
f 2701//2701 2792//2792 3015//3015
f 2792//2792 2995//2995 3015//3015
f 2995//2995 2792//2792 2857//2857
f 2701//2701 2684//2684 2792//2792
f 2792//2792 2684//2684 2857//2857
f 2857//2857 2684//2684 2855//2855
f 2576//2576 3125//3125 2885//2885
f 2678//2678 2576//2576 2885//2885
f 2790//2790 2758//2758 2880//2880
f 2585//2585 2790//2790 2880//2880
f 2456//2456 2745//2745 2885//2885
f 2699//2699 2745//2745 2456//2456
f 2735//2735 2408//2408 3014//3014
f 2306//2306 3014//3014 2408//2408
f 2556//2556 2657//2657 2306//2306
f 2306//2306 2595//2595 2921//2921
f 2500//2500 2531//2531 2832//2832
f 2500//2500 2832//2832 2595//2595
f 2421//2421 2545//2545 2804//2804
f 2545//2545 2674//2674 2804//2804
f 2625//2625 2531//2531 2580//2580
f 2655//2655 2673//2673 2553//2553
f 2441//2441 2531//2531 2625//2625
f 2551//2551 2697//2697 2424//2424
f 2985//2985 2424//2424 2697//2697
f 2551//2551 2809//2809 2697//2697
f 2424//2424 2632//2632 2392//2392
f 2609//2609 2632//2632 2723//2723
f 2438//2438 2718//2718 3011//3011
f 2438//2438 3011//3011 2627//2627
f 2427//2427 2753//2753 2263//2263
f 2263//2263 2667//2667 2621//2621
f 2407//2407 2739//2739 2646//2646
f 2407//2407 2672//2672 2739//2739
f 2277//2277 2672//2672 2407//2407
f 2410//2410 2638//2638 2414//2414
f 2581//2581 2672//2672 2277//2277
f 2727//2727 2340//2340 2365//2365
f 2401//2401 2365//2365 2340//2340
f 2712//2712 2529//2529 2397//2397
f 2473//2473 2527//2527 2450//2450
f 2450//2450 2527//2527 2811//2811
f 2544//2544 2450//2450 2467//2467
f 2467//2467 2450//2450 2620//2620
f 2467//2467 2620//2620 2689//2689
f 2925//2925 2404//2404 2521//2521
f 2404//2404 2925//2925 2384//2384
f 2104//2104 2748//2748 2521//2521
f 2502//2502 2982//2982 2104//2104
f 2982//2982 2339//2339 1984//1984
f 2411//2411 2982//2982 1984//1984
f 2411//2411 2567//2567 2982//2982
f 2351//2351 2567//2567 2411//2411
f 2351//2351 2619//2619 2567//2567
f 2062//2062 2492//2492 2822//2822
f 2573//2573 2309//2309 2854//2854
f 2485//2485 2683//2683 2493//2493
f 2558//2558 2327//2327 2596//2596
f 2208//2208 2493//2493 2607//2607
f 2607//2607 2493//2493 2683//2683
f 2596//2596 2327//2327 2554//2554
f 2327//2327 2422//2422 2554//2554
f 2422//2422 2553//2553 2554//2554
f 2553//2553 2422//2422 2655//2655
f 2366//2366 2655//2655 2422//2422
f 2647//2647 2488//2488 2301//2301
f 2715//2715 2661//2661 2549//2549
f 2715//2715 2549//2549 2238//2238
f 2238//2238 2549//2549 2296//2296
f 2661//2661 2255//2255 2549//2549
f 2296//2296 2549//2549 2255//2255
f 2255//2255 2528//2528 2033//2033
f 2528//2528 2255//2255 2661//2661
f 2560//2560 2408//2408 2524//2524
f 2442//2442 2408//2408 2560//2560
f 2537//2537 2328//2328 2435//2435
f 2328//2328 2537//2537 2490//2490
f 2355//2355 2434//2434 2566//2566
f 2190//2190 2434//2434 2433//2433
f 2200//2200 2490//2490 2537//2537
f 2537//2537 2789//2789 2200//2200
f 2506//2506 2475//2475 2784//2784
f 2475//2475 2506//2506 2538//2538
f 2784//2784 2431//2431 2338//2338
f 2374//2374 2155//2155 2570//2570
f 2098//2098 2733//2733 2267//2267
f 2098//2098 2789//2789 2733//2733
f 2098//2098 2200//2200 2789//2789
f 2374//2374 2570//2570 2518//2518
f 2409//2409 2518//2518 2449//2449
f 1803//1803 2409//2409 2449//2449
f 2145//2145 2244//2244 2421//2421
f 2421//2421 2376//2376 2193//2193
f 2366//2366 2208//2208 2500//2500
f 2421//2421 2193//2193 2366//2366
f 2376//2376 2421//2421 1671//1671
f 2674//2674 2244//2244 2504//2504
f 2233//2233 2504//2504 2244//2244
f 2504//2504 2233//2233 2217//2217
f 2366//2366 2193//2193 2232//2232
f 2232//2232 2457//2457 2366//2366
f 2457//2457 2160//2160 2514//2514
f 2160//2160 2441//2441 2514//2514
f 2121//2121 2625//2625 2457//2457
f 2121//2121 2623//2623 2625//2625
f 2217//2217 2452//2452 2504//2504
f 2160//2160 2221//2221 2441//2441
f 2441//2441 2221//2221 2217//2217
f 2299//2299 2148//2148 2362//2362
f 2298//2298 2382//2382 2084//2084
f 2382//2382 2361//2361 2084//2084
f 2286//2286 2476//2476 2319//2319
f 2278//2278 2361//2361 2516//2516
f 2379//2379 2278//2278 2516//2516
f 2380//2380 2216//2216 2379//2379
f 2225//2225 2318//2318 2380//2380
f 2345//2345 2714//2714 2249//2249
f 1738//1738 2400//2400 2385//2385
f 2324//2324 2400//2400 1738//1738
f 2189//2189 2400//2400 2324//2324
f 1881//1881 2322//2322 2373//2373
f 1867//1867 2322//2322 1949//1949
f 1867//1867 2320//2320 2322//2322
f 2320//2320 1867//1867 2684//2684
f 2195//2195 2684//2684 1867//1867
f 2049//2049 2311//2311 1909//1909
f 1909//1909 2311//2311 2462//2462
f 1867//1867 1909//1909 2456//2456
f 2456//2456 1909//1909 2462//2462
f 2195//2195 2631//2631 2684//2684
f 2631//2631 2195//2195 2089//2089
f 2285//2285 1999//1999 2456//2456
f 2293//2293 2456//2456 1999//1999
f 1902//1902 2456//2456 2293//2293
f 1992//1992 2800//2800 2092//2092
f 2092//2092 2800//2800 2564//2564
f 2144//2144 2092//2092 2564//2564
f 2058//2058 2178//2178 2252//2252
f 2136//2136 2361//2361 2278//2278
f 2136//2136 2278//2278 2379//2379
f 2161//2161 2216//2216 2380//2380
f 2318//2318 2213//2213 2380//2380
f 2213//2213 2345//2345 1825//1825
f 2213//2213 2318//2318 2345//2345
f 1825//1825 2249//2249 1919//1919
f 2203//2203 2249//2249 2315//2315
f 2203//2203 2315//2315 2284//2284
f 2186//2186 2196//2196 2249//2249
f 2249//2249 2196//2196 2004//2004
f 2136//2136 2379//2379 2216//2216
f 1874//1874 2112//2112 2216//2216
f 2161//2161 1874//1874 2216//2216
f 2213//2213 2161//2161 2380//2380
f 1825//1825 2345//2345 2249//2249
f 1913//1913 2284//2284 2231//2231
f 1913//1913 2249//2249 2203//2203
f 1913//1913 2203//2203 2284//2284
f 2236//2236 2378//2378 1907//1907
f 2236//2236 1919//1919 2196//2196
f 2236//2236 2196//2196 2186//2186
f 2249//2249 1913//1913 1919//1919
f 2196//2196 1919//1919 2004//2004
f 2004//2004 1919//1919 1653//1653
f 2245//2245 2236//2236 2186//2186
f 2236//2236 2245//2245 2378//2378
f 1689//1689 2242//2242 1908//1908
f 2242//2242 1858//1858 2239//2239
f 2465//2465 2017//2017 1889//1889
f 2073//2073 2176//2176 2019//2019
f 2073//2073 2395//2395 2176//2176
f 2019//2019 2176//2176 2288//2288
f 2094//2094 1743//1743 2210//2210
f 2210//2210 1743//1743 2165//2165
f 2692//2692 1961//1961 2072//2072
f 1961//1961 2593//2593 1968//1968
f 1961//1961 2692//2692 2593//2593
f 1968//1968 2593//2593 1933//1933
f 2038//2038 2042//2042 2235//2235
f 2235//2235 2042//2042 1971//1971
f 2038//2038 2235//2235 1972//1972
f 1743//1743 2094//2094 2172//2172
f 1743//1743 2172//2172 2288//2288
f 2030//2030 2038//2038 1972//1972
f 1974//1974 2219//2219 2050//2050
f 2205//2205 2050//2050 2219//2219
f 1833//1833 2205//2205 1783//1783
f 1826//1826 2205//2205 2043//2043
f 1878//1878 2211//2211 2041//2041
f 2041//2041 2211//2211 1856//1856
f 1948//1948 2123//2123 2297//2297
f 1904//1904 1948//1948 2297//2297
f 1995//1995 1894//1894 2190//2190
f 2328//2328 1904//1904 2190//2190
f 1904//1904 1995//1995 2190//2190
f 2120//2120 1904//1904 2328//2328
f 2190//2190 1894//1894 2043//2043
f 2465//2465 1889//1889 2074//2074
f 1889//1889 2297//2297 2074//2074
f 2276//2276 2024//2024 2429//2429
f 2024//2024 2079//2079 2429//2429
f 1893//1893 2165//2165 1743//1743
f 2//2 1908//1908 2045//2045
f 1828//1828 2045//2045 2026//2026
f 2026//2026 2045//2045 2044//2044
f 1859//1859 2026//2026 2044//2044
f 2143//2143 1859//1859 2044//2044
f 1921//1921 2239//2239 1858//1858
f 1971//1971 2017//2017 2471//2471
f 1971//1971 2471//2471 1757//1757
f 1958//1958 2020//2020 1884//1884
f 1958//1958 1884//1884 2020//2020
f 1872//1872 1754//1754 1664//1664
f 1976//1976 1887//1887 2054//2054
f 1976//1976 1994//1994 1758//1758
f 1976//1976 2054//2054 1994//1994
f 1978//1978 1791//1791 1873//1873
f 1918//1918 1791//1791 1978//1978
f 1918//1918 1899//1899 1941//1941
f 1941//1941 1899//1899 1935//1935
f 2000//2000 1941//1941 1935//1935
f 1935//1935 1986//1986 2000//2000
f 1986//1986 1935//1935 1931//1931
f 1886//1886 1855//1855 1931//1931
f 1820//1820 1855//1855 1886//1886
f 1855//1855 1820//1820 1983//1983
f 1983//1983 1820//1820 1914//1914
f 2117//2117 1986//1986 1855//1855
f 1855//1855 1986//1986 1931//1931
f 2117//2117 1855//1855 1983//1983
f 1652//1652 1794//1794 1885//1885
f 1794//1794 1433//1433 1843//1843
f 1660//1660 1938//1938 1499//1499
f 1499//1499 1843//1843 1433//1433
f 1499//1499 1938//1938 1843//1843
f 1885//1885 1794//1794 1843//1843
f 1664//1664 2086//2086 1704//1704
f 1569//1569 1648//1648 1660//1660
f 1648//1648 1704//1704 2086//2086
f 1752//1752 1648//1648 1495//1495
f 1752//1752 1704//1704 1648//1648
f 1752//1752 1495//1495 1937//1937
f 1792//1792 1752//1752 1937//1937
f 1552//1552 1704//1704 1752//1752
f 1937//1937 1523//1523 1850//1850
f 1523//1523 1445//1445 1850//1850
f 1785//1785 1937//1937 1811//1811
f 1785//1785 1523//1523 1937//1937
f 1739//1739 1785//1785 1811//1811
f 1578//1578 1923//1923 1445//1445
f 1890//1890 1641//1641 1347//1347
f 1641//1641 1769//1769 1736//1736
f 1661//1661 1124//1124 1824//1824
f 1672//1672 1861//1861 1124//1124
f 1124//1124 1861//1861 1824//1824
f 1630//1630 1757//1757 1787//1787
f 1787//1787 1757//1757 1788//1788
f 1934//1934 1573//1573 1969//1969
f 1656//1656 1721//1721 1858//1858
f 1536//1536 1928//1928 1666//1666
f 1666//1666 1928//1928 1712//1712
f 1521//1521 1815//1815 1636//1636
f 2133//2133 1561//1561 1810//1810
f 1477//1477 2022//2022 1537//1537
f 1722//1722 2022//2022 1477//1477
f 1722//1722 1814//1814 2022//2022
f 1711//1711 1694//1694 1663//1663
f 1663//1663 1690//1690 1886//1886
f 1690//1690 1663//1663 1780//1780
f 1663//1663 1851//1851 1574//1574
f 1452//1452 1392//1392 1655//1655
f 1452//1452 1655//1655 1723//1723
f 1706//1706 1452//1452 1723//1723
f 1836//1836 1553//1553 1622//1622
f 1622//1622 1612//1612 1624//1624
f 1398//1398 1572//1572 1330//1330
f 1543//1543 1398//1398 1294//1294
f 1482//1482 1561//1561 1404//1404
f 1561//1561 1482//1482 1537//1537
f 1482//1482 1281//1281 1537//1537
f 1477//1477 1393//1393 1722//1722
f 1434//1434 1565//1565 1521//1521
f 1565//1565 1434//1434 2116//2116
f 1562//1562 2116//2116 1434//1434
f 1495//1495 1208//1208 1937//1937
f 1445//1445 1937//1937 1208//1208
f 1534//1534 1445//1445 981//981
f 1508//1508 1418//1418 1552//1552
f 1351//1351 1238//1238 1578//1578
f 1381//1381 1578//1578 1238//1238
f 1506//1506 1590//1590 1508//1508
f 1506//1506 1420//1420 1590//1590
f 1420//1420 1506//1506 1417//1417
f 1410//1410 1467//1467 1503//1503
f 1506//1506 1503//1503 1467//1467
f 1386//1386 1661//1661 1613//1613
f 1200//1200 1165//1165 1383//1383
f 1200//1200 1290//1290 1593//1593
f 1200//1200 1593//1593 1672//1672
f 1383//1383 1290//1290 1458//1458
f 1596//1596 1444//1444 1458//1458
f 1444//1444 1596//1596 1549//1549
f 1458//1458 1290//1290 1200//1200
f 1431//1431 1661//1661 1296//1296
f 1431//1431 1842//1842 1661//1661
f 1431//1431 1296//1296 1643//1643
f 1409//1409 1661//1661 1386//1386
f 1409//1409 1124//1124 1661//1661
f 1205//1205 1296//1296 1587//1587
f 1431//1431 1436//1436 1346//1346
f 1436//1436 1431//1431 1643//1643
f 1473//1473 1431//1431 1457//1457
f 1280//1280 1422//1422 1261//1261
f 852//852 1261//1261 1514//1514
f 1261//1261 1422//1422 1514//1514
f 1514//1514 1422//1422 1280//1280
f 1552//1552 1365//1365 1397//1397
f 1365//1365 1416//1416 1397//1397
f 1416//1416 1585//1585 1397//1397
f 1365//1365 1552//1552 1363//1363
f 1252//1252 1545//1545 1361//1361
f 1418//1418 1545//1545 1252//1252
f 1313//1313 1361//1361 1585//1585
f 1253//1253 1455//1455 1276//1276
f 1253//1253 1318//1318 1455//1455
f 1435//1435 1181//1181 1346//1346
f 957//957 1346//1346 1181//1181
f 1348//1348 1419//1419 1275//1275
f 1348//1348 1391//1391 1419//1419
f 1348//1348 1475//1475 1391//1391
f 1171//1171 1480//1480 1294//1294
f 1244//1244 1521//1521 1269//1269
f 1480//1480 1171//1171 1257//1257
f 1480//1480 1257//1257 1482//1482
f 1221//1221 1257//1257 1171//1171
f 1257//1257 1221//1221 1281//1281
f 1482//1482 1257//1257 1281//1281
f 1286//1286 1477//1477 1281//1281
f 1357//1357 1477//1477 1286//1286
f 1357//1357 1395//1395 1477//1477
f 1286//1286 1281//1281 1477//1477
f 1176//1176 1477//1477 1281//1281
f 1385//1385 1393//1393 1176//1176
f 1302//1302 1139//1139 1490//1490
f 1224//1224 1439//1439 1138//1138
f 1439//1439 1224//1224 866//866
f 1439//1439 866//866 1159//1159
f 1404//1404 1439//1439 1171//1171
f 890//890 1441//1441 1266//1266
f 1048//1048 1369//1369 1332//1332
f 890//890 1332//1332 1441//1441
f 1332//1332 890//890 1302//1302
f 1147//1147 1101//1101 1216//1216
f 1034//1034 1546//1546 1148//1148
f 1237//1237 1226//1226 1163//1163
f 1226//1226 890//890 1266//1266
f 979//979 1351//1351 980//980
f 978//978 1351//1351 979//979
f 978//978 1032//1032 1351//1351
f 1034//1034 1069//1069 1212//1212
f 1032//1032 965//965 1182//1182
f 965//965 617//617 1182//1182
f 1227//1227 1092//1092 805//805
f 1227//1227 805//805 1047//1047
f 617//617 1300//1300 1182//1182
f 1092//1092 1300//1300 617//617
f 1300//1300 1227//1227 1241//1241
f 1300//1300 1092//1092 1227//1227
f 1241//1241 1227//1227 1209//1209
f 1300//1300 1241//1241 1129//1129
f 1241//1241 1226//1226 1129//1129
f 805//805 976//976 1047//1047
f 976//976 1210//1210 1047//1047
f 1210//1210 976//976 1207//1207
f 1054//1054 1058//1058 1030//1030
f 1102//1102 1145//1145 1058//1058
f 1030//1030 1150//1150 1090//1090
f 1102//1102 1058//1058 1054//1054
f 1053//1053 1058//1058 1145//1145
f 1356//1356 510//510 886//886
f 624//624 1350//1350 676//676
f 1084//1084 1155//1155 1081//1081
f 1077//1077 624//624 1084//1084
f 1077//1077 1162//1162 624//624
f 875//875 882//882 1091//1091
f 1162//1162 1110//1110 1132//1132
f 1091//1091 1132//1132 1110//1110
f 1110//1110 1162//1162 1158//1158
f 995//995 875//875 1091//1091
f 1091//1091 1110//1110 995//995
f 1158//1158 1084//1084 1081//1081
f 1158//1158 1077//1077 1084//1084
f 1158//1158 1162//1162 1077//1077
f 1105//1105 1099//1099 1068//1068
f 1105//1105 1103//1103 1099//1099
f 1195//1195 983//983 838//838
f 971//971 983//983 1195//1195
f 960//960 898//898 878//878
f 971//971 1256//1256 784//784
f 784//784 1256//1256 637//637
f 968//968 1249//1249 747//747
f 1073//1073 1067//1067 867//867
f 1073//1073 867//867 960//960
f 1021//1021 1067//1067 960//960
f 1067//1067 1073//1073 960//960
f 1089//1089 1070//1070 1067//1067
f 990//990 1067//1067 1021//1021
f 1056//1056 1067//1067 990//990
f 1056//1056 1089//1089 1067//1067
f 1096//1096 990//990 940//940
f 1056//1056 990//990 1096//1096
f 871//871 1104//1104 911//911
f 871//871 911//911 1155//1155
f 936//936 896//896 1141//1141
f 1055//1055 891//891 1020//1020
f 748//748 1036//1036 1329//1329
f 748//748 883//883 1036//1036
f 746//746 1317//1317 989//989
f 841//841 988//988 716//716
f 908//908 716//716 988//988
f 1050//1050 716//716 869//869
f 836//836 939//939 869//869
f 795//795 822//822 1065//1065
f 822//822 644//644 1065//1065
f 631//631 920//920 1078//1078
f 758//758 838//838 983//983
f 971//971 749//749 983//983
f 648//648 637//637 1249//1249
f 747//747 585//585 968//968
f 960//960 867//867 898//898
f 868//868 912//912 948//948
f 868//868 1099//1099 792//792
f 868//868 948//948 1099//1099
f 631//631 792//792 920//920
f 784//784 749//749 971//971
f 585//585 648//648 1249//1249
f 968//968 585//585 1249//1249
f 878//878 867//867 669//669
f 878//878 898//898 867//867
f 669//669 858//858 837//837
f 669//669 867//867 858//858
f 871//871 1155//1155 790//790
f 790//790 811//811 871//871
f 811//811 755//755 871//871
f 755//755 828//828 871//871
f 647//647 600//600 750//750
f 811//811 786//786 828//828
f 707//707 715//715 675//675
f 619//619 715//715 707//707
f 724//724 1146//1146 719//719
f 549//549 864//864 450//450
f 450//450 864//864 547//547
f 439//439 450//450 614//614
f 614//614 450//450 547//547
f 610//610 607//607 613//613
f 707//707 675//675 467//467
f 467//467 619//619 707//707
f 366//366 576//576 605//605
f 605//605 576//576 674//674
f 558//558 366//366 605//605
f 480//480 320//320 458//458
f 416//416 656//656 458//458
f 480//480 627//627 674//674
f 674//674 576//576 480//480
f 366//366 480//480 576//576
f 503//503 624//624 583//583
f 523//523 503//503 583//583
f 525//525 624//624 503//503
f 476//476 575//575 190//190
f 575//575 531//531 573//573
f 506//506 573//573 531//531
f 575//575 476//476 531//531
f 531//531 476//476 506//506
f 476//476 141//141 506//506
f 395//395 506//506 141//141
f 519//519 389//389 633//633
f 389//389 519//519 633//633
f 561//561 518//518 389//389
f 389//389 507//507 633//633
f 507//507 389//389 561//561
f 389//389 518//518 602//602
f 602//602 518//518 561//561
f 561//561 389//389 602//602
f 601//601 389//389 602//602
f 602//602 389//389 601//601
f 395//395 315//315 506//506
f 571//571 365//365 536//536
f 529//529 212//212 535//535
f 365//365 390//390 536//536
f 536//536 390//390 529//529
f 390//390 212//212 529//529
f 396//396 530//530 535//535
f 112//112 396//396 535//535
f 268//268 470//470 334//334
f 384//384 272//272 421//421
f 334//334 421//421 272//272
f 488//488 425//425 402//402
f 425//425 348//348 402//402
f 348//348 369//369 402//402
f 245//245 394//394 369//369
f 487//487 517//517 253//253
f 487//487 216//216 517//517
f 216//216 173//173 517//517
f 517//517 173//173 485//485
f 135//135 485//485 173//173
f 313//313 378//378 257//257
f 313//313 301//301 233//233
f 299//299 386//386 201//201
f 310//310 274//274 301//301
f 301//301 274//274 294//294
f 516//516 461//461 435//435
f 305//305 386//386 275//275
f 275//275 386//386 299//299
f 292//292 290//290 296//296
f 292//292 293//293 273//273
f 435//435 273//273 293//293
f 292//292 296//296 299//299
f 292//292 299//299 201//201
f 282//282 292//292 516//516
f 286//286 292//292 282//282
f 286//286 293//293 292//292
f 293//293 286//286 435//435
f 435//435 286//286 282//282
f 292//292 201//201 516//516
f 282//282 516//516 435//435
f 195//195 233//233 305//305
f 305//305 233//233 310//310
f 310//310 233//233 274//274
f 301//301 274//274 233//233
f 301//301 294//294 274//274
f 305//305 259//259 195//195
f 313//313 195//195 259//259
f 313//313 233//233 195//195
f 259//259 378//378 313//313
f 96//96 100//100 108//108
f 102//102 96//96 108//108
f 108//108 118//118 102//102
f 118//118 156//156 102//102
f 101//101 102//102 156//156
f 109//109 101//101 106//106
f 29//29 4433//4433 4432//4432
f 4431//4431 4395//4395 93//93
f 29//29 4432//4432 93//93
f 93//93 4420//4420 4431//4431
f 4420//4420 93//93 4423//4423
f 4324//4324 4360//4360 4378//4378
f 4383//4383 4384//4384 4426//4426
f 4426//4426 4368//4368 4408//4408
f 4368//4368 4426//4426 4384//4384
f 4401//4401 4426//4426 4408//4408
f 4395//4395 4426//4426 4401//4401
f 4357//4357 49//49 4395//4395
f 4287//4287 4406//4406 4276//4276
f 4276//4276 4406//4406 4346//4346
f 4217//4217 4387//4387 4406//4406
f 4276//4276 4346//4346 4405//4405
f 4365//4365 4276//4276 4405//4405
f 4386//4386 4365//4365 4405//4405
f 4071//4071 4276//4276 4365//4365
f 4364//4364 4365//4365 4386//4386
f 4364//4364 4071//4071 4365//4365
f 4261//4261 4331//4331 4352//4352
f 4272//4272 4141//4141 4311//4311
f 4110//4110 4311//4311 4141//4141
f 4110//4110 4159//4159 4311//4311
f 4159//4159 4281//4281 4311//4311
f 4128//4128 4339//4339 4192//4192
f 4238//4238 4344//4344 4318//4318
f 4344//4344 4238//4238 4391//4391
f 4279//4279 4358//4358 4391//4391
f 4060//4060 4279//4279 4391//4391
f 4279//4279 4060//4060 4358//4358
f 4119//4119 4358//4358 4060//4060
f 4116//4116 4111//4111 4358//4358
f 4299//4299 4212//4212 4249//4249
f 4185//4185 4143//4143 4239//4239
f 4143//4143 4121//4121 4239//4239
f 4239//4239 4121//4121 4194//4194
f 4203//4203 4278//4278 3868//3868
f 3868//3868 4278//4278 4017//4017
f 4245//4245 3849//3849 4231//4231
f 4185//4185 4239//4239 4134//4134
f 4143//4143 4185//4185 4134//4134
f 4209//4209 4168//4168 4239//4239
f 4121//4121 4143//4143 4194//4194
f 3978//3978 4209//4209 4194//4194
f 3865//3865 4203//4203 4118//4118
f 3865//3865 4109//4109 4203//4203
f 4118//4118 4203//4203 4113//4113
f 4113//4113 4203//4203 3868//3868
f 4201//4201 3913//3913 4089//4089
f 4154//4154 4089//4089 3913//3913
f 4154//4154 4147//4147 4089//4089
f 4030//4030 4062//4062 3974//3974
f 3937//3937 4147//4147 4154//4154
f 4147//4147 3937//3937 4153//4153
f 4147//4147 4153//4153 4227//4227
f 4153//4153 3920//3920 4227//4227
f 4153//4153 3937//3937 3920//3920
f 3830//3830 4227//4227 4193//4193
f 4102//4102 4131//4131 3920//3920
f 4131//4131 4102//4102 4115//4115
f 3920//3920 3945//3945 4188//4188
f 4048//4048 3920//3920 4140//4140
f 4144//4144 3920//3920 4188//4188
f 3920//3920 4144//4144 4140//4140
f 4261//4261 4140//4140 4144//4144
f 3743//3743 4031//4031 3//3
f 3//3 4081//4081 3847//3847
f 3//3 4031//4031 4081//4081
f 3785//3785 3539//3539 3818//3818
f 3965//3965 3818//3818 3539//3539
f 3965//3965 4139//4139 3818//3818
f 3655//3655 4009//4009 3965//3965
f 3965//3965 4009//4009 4139//4139
f 4014//4014 3847//3847 4163//4163
f 3847//3847 4068//4068 3753//3753
f 3847//3847 4014//4014 4068//4068
f 3465//3465 4149//4149 3935//3935
f 4149//4149 3465//3465 3741//3741
f 3832//3832 4210//4210 3975//3975
f 4141//4141 4210//4210 3832//3832
f 3950//3950 4105//4105 4134//4134
f 3950//3950 4134//4134 3912//3912
f 3851//3851 3993//3993 3950//3950
f 4018//4018 3622//3622 3912//3912
f 3950//3950 3912//3912 3622//3622
f 3823//3823 4125//4125 3989//3989
f 3909//3909 3911//3911 3989//3989
f 3823//3823 3989//3989 3911//3911
f 3911//3911 3909//3909 3910//3910
f 3910//3910 3893//3893 3911//3911
f 3850//3850 4029//4029 4006//4006
f 3512//3512 4029//4029 3733//3733
f 3512//3512 3909//3909 4029//4029
f 4029//4029 3850//3850 3733//3733
f 4073//4073 3887//3887 3788//3788
f 3788//3788 3887//3887 3848//3848
f 3997//3997 3848//3848 3887//3887
f 3929//3929 3824//3824 4040//4040
f 3628//3628 3922//3922 4048//4048
f 3860//3860 3992//3992 3670//3670
f 3670//3670 3992//3992 4156//4156
f 3992//3992 3860//3860 4048//4048
f 3593//3593 3824//3824 3455//3455
f 3593//3593 4207//4207 3824//3824
f 3744//3744 4207//4207 3593//3593
f 3952//3952 3936//3936 3560//3560
f 3952//3952 3808//3808 4155//4155
f 3573//3573 4155//4155 3808//3808
f 4155//4155 3573//3573 3968//3968
f 3597//3597 4050//4050 3590//3590
f 3791//3791 3670//3670 4050//4050
f 3791//3791 4050//4050 3597//3597
f 3791//3791 4155//4155 3968//3968
f 3932//3932 4155//4155 3791//3791
f 3791//3791 4036//4036 3932//3932
f 3838//3838 3792//3792 4102//4102
f 3814//3814 3792//3792 3838//3838
f 3792//3792 3789//3789 4102//4102
f 3837//3837 3920//3920 3838//3838
f 3913//3913 3914//3914 3862//3862
f 3715//3715 3862//3862 3914//3914
f 3862//3862 3715//3715 4111//4111
f 4111//4111 3715//3715 3861//3861
f 3837//3837 3692//3692 3920//3920
f 3685//3685 3681//3681 3889//3889
f 3726//3726 3692//3692 3837//3837
f 3681//3681 3560//3560 3889//3889
f 3409//3409 3833//3833 3366//3366
f 3533//3533 3833//3833 3409//3409
f 3577//3577 3873//3873 3533//3533
f 3873//3873 3577//3577 3667//3667
f 3693//3693 3665//3665 3395//3395
f 3665//3665 3693//3693 4088//4088
f 3693//3693 3516//3516 4088//4088
f 4094//4094 4088//4088 3516//3516
f 3513//3513 3807//3807 3994//3994
f 3634//3634 3897//3897 3898//3898
f 3742//3742 3634//3634 3898//3898
f 3333//3333 3946//3946 3897//3897
f 3897//3897 3634//3634 3333//3333
f 3684//3684 3799//3799 3683//3683
f 3742//3742 3898//3898 3683//3683
f 3799//3799 3684//3684 3898//3898
f 3684//3684 3683//3683 3898//3898
f 4059//4059 3333//3333 3682//3682
f 3572//3572 3265//3265 3835//3835
f 3564//3564 3739//3739 3538//3538
f 3552//3552 3793//3793 3915//3915
f 3793//3793 3552//3552 3732//3732
f 3564//3564 3732//3732 3552//3552
f 3923//3923 3700//3700 3914//3914
f 3696//3696 3914//3914 3700//3700
f 3633//3633 3914//3914 3696//3696
f 3761//3761 3633//3633 3915//3915
f 3633//3633 3761//3761 3914//3914
f 3761//3761 3760//3760 3914//3914
f 3760//3760 3696//3696 3914//3914
f 4189//4189 3692//3692 3760//3760
f 3696//3696 3760//3760 3692//3692
f 3914//3914 3696//3696 3715//3715
f 3538//3538 3739//3739 3937//3937
f 3842//3842 3802//3802 3937//3937
f 3538//3538 3937//3937 3802//3802
f 3564//3564 3793//3793 3732//3732
f 3648//3648 3838//3838 3842//3842
f 3648//3648 3534//3534 3792//3792
f 3789//3789 3792//3792 3534//3534
f 3648//3648 3792//3792 3814//3814
f 3838//3838 3648//3648 3726//3726
f 3648//3648 3631//3631 3726//3726
f 3709//3709 3637//3637 3702//3702
f 3709//3709 3702//3702 3859//3859
f 3637//3637 3642//3642 3702//3702
f 3702//3702 3642//3642 3859//3859
f 3859//3859 3642//3642 3679//3679
f 3798//3798 3709//3709 3859//3859
f 3643//3643 3709//3709 3798//3798
f 3574//3574 3486//3486 3778//3778
f 3642//3642 3574//3574 3778//3778
f 3574//3574 3640//3640 3486//3486
f 3642//3642 3778//3778 3679//3679
f 3643//3643 3587//3587 3703//3703
f 3725//3725 3540//3540 3724//3724
f 3643//3643 3798//3798 3540//3540
f 3724//3724 3540//3540 3798//3798
f 3351//3351 3246//3246 3831//3831
f 3447//3447 3787//3787 3629//3629
f 3535//3535 3277//3277 3503//3503
f 3709//3709 3277//3277 3637//3637
f 3579//3579 3359//3359 3629//3629
f 3579//3579 3629//3629 3616//3616
f 3703//3703 3587//3587 3540//3540
f 3831//3831 3246//3246 3806//3806
f 3806//3806 3246//3246 3646//3646
f 3246//3246 3571//3571 3646//3646
f 3548//3548 3646//3646 3303//3303
f 3303//3303 3646//3646 3571//3571
f 3290//3290 3411//3411 3922//3922
f 3670//3670 3290//3290 3628//3628
f 3290//3290 3711//3711 3647//3647
f 3290//3290 3670//3670 3711//3711
f 3360//3360 3371//3371 3670//3670
f 3647//3647 3371//3371 3455//3455
f 2901//2901 3593//3593 3455//3455
f 2901//2901 3559//3559 3593//3593
f 2901//2901 3496//3496 3559//3559
f 3590//3590 3360//3360 3670//3670
f 3559//3559 3496//3496 3744//3744
f 3744//3744 3496//3496 3590//3590
f 3560//3560 3487//3487 3736//3736
f 3290//3290 3922//3922 3628//3628
f 3003//3003 3261//3261 3612//3612
f 3533//3533 3438//3438 3577//3577
f 3517//3517 3516//3516 3395//3395
f 3151//3151 3420//3420 4094//4094
f 4094//4094 3420//3420 3513//3513
f 3420//3420 3755//3755 3513//3513
f 3595//3595 3510//3510 3558//3558
f 3802//3802 3558//3558 3511//3511
f 3563//3563 3639//3639 3701//3701
f 3515//3515 3203//3203 3495//3495
f 3273//3273 3717//3717 3499//3499
f 3488//3488 3578//3578 3495//3495
f 3985//3985 3247//3247 3717//3717
f 3347//3347 3577//3577 3438//3438
f 3665//3665 3577//3577 3347//3347
f 3665//3665 3347//3347 3395//3395
f 3434//3434 3516//3516 3517//3517
f 3434//3434 4094//4094 3516//3516
f 3151//3151 4094//4094 3434//3434
f 3221//3221 3558//3558 3510//3510
f 3558//3558 3221//3221 3511//3511
f 3802//3802 3511//3511 3221//3221
f 3595//3595 3149//3149 3510//3510
f 3149//3149 3830//3830 3657//3657
f 3149//3149 3595//3595 3830//3830
f 3701//3701 3273//3273 3563//3563
f 3350//3350 3499//3499 3717//3717
f 3499//3499 3350//3350 3273//3273
f 3352//3352 3495//3495 3203//3203
f 2974//2974 3495//3495 3352//3352
f 2974//2974 3488//3488 3495//3495
f 3985//3985 3165//3165 3247//3247
f 3165//3165 3985//3985 3412//3412
f 3247//3247 3350//3350 3717//3717
f 2994//2994 3507//3507 3396//3396
f 3598//3598 3507//3507 2994//2994
f 3036//3036 3306//3306 3433//3433
f 3333//3333 3062//3062 3682//3682
f 3180//3180 3409//3409 3366//3366
f 3438//3438 3409//3409 3167//3167
f 3438//3438 3167//3167 3347//3347
f 3517//3517 3395//3395 3347//3347
f 3334//3334 3582//3582 2986//2986
f 3334//3334 3433//3433 3582//3582
f 3333//3333 3034//3034 3062//3062
f 3062//3062 3375//3375 3682//3682
f 3172//3172 3375//3375 3062//3062
f 3180//3180 3366//3366 3375//3375
f 3322//3322 3409//3409 3180//3180
f 3409//3409 3322//3322 3167//3167
f 3245//3245 3347//3347 3167//3167
f 3276//3276 3434//3434 3517//3517
f 2710//2710 3397//3397 3309//3309
f 3024//3024 3130//3130 3309//3309
f 3230//3230 3120//3120 3460//3460
f 3642//3642 3212//3212 3250//3250
f 3163//3163 3250//3250 3212//3212
f 3460//3460 3212//3212 3642//3642
f 3318//3318 3112//3112 3250//3250
f 2973//2973 3250//3250 3112//3112
f 2973//2973 3437//3437 3250//3250
f 3587//3587 3244//3244 3311//3311
f 3027//3027 3311//3311 3244//3244
f 3244//3244 3214//3214 3027//3027
f 3244//3244 3587//3587 3214//3214
f 3064//3064 3311//3311 3027//3027
f 3393//3393 3044//3044 3286//3286
f 3044//3044 3021//3021 3286//3286
f 3154//3154 3319//3319 3194//3194
f 3083//3083 3319//3319 3154//3154
f 3081//3081 3254//3254 3083//3083
f 3222//3222 3755//3755 3151//3151
f 3755//3755 3222//3222 3080//3080
f 3080//3080 3039//3039 3755//3755
f 3039//3039 3253//3253 3755//3755
f 2657//2657 3657//3657 3727//3727
f 3039//3039 3133//3133 3253//3253
f 3253//3253 3133//3133 3188//3188
f 3133//3133 3209//3209 3188//3188
f 3374//3374 3188//3188 3239//3239
f 3143//3143 3339//3339 3338//3338
f 3360//3360 3374//3374 3239//3239
f 3290//3290 3374//3374 2978//2978
f 3289//3289 3282//3282 3374//3374
f 3282//3282 2978//2978 3374//3374
f 3360//3360 3289//3289 3374//3374
f 3282//3282 3289//3289 3360//3360
f 3239//3239 3188//3188 3331//3331
f 3209//3209 3331//3331 3188//3188
f 3209//3209 2901//2901 3331//3331
f 3174//3174 3023//3023 3115//3115
f 3400//3400 3377//3377 2703//2703
f 3377//3377 3220//3220 3204//3204
f 2893//2893 3291//3291 3234//3234
f 2893//2893 3035//3035 3291//3291
f 2893//2893 3234//3234 3157//3157
f 3157//3157 3234//3234 3291//3291
f 3291//3291 3139//3139 3157//3157
f 3157//3157 3204//3204 3605//3605
f 3397//3397 3157//3157 3605//3605
f 2710//2710 2847//2847 3397//3397
f 3157//3157 3397//3397 2847//2847
f 3024//3024 3079//3079 3130//3130
f 3169//3169 2984//2984 3191//3191
f 3067//3067 3117//3117 2984//2984
f 2984//2984 3117//3117 3191//3191
f 3079//3079 2920//2920 3130//3130
f 3130//3130 2920//2920 3309//3309
f 3230//3230 2855//2855 3120//3120
f 2946//2946 3138//3138 3460//3460
f 3460//3460 3138//3138 3212//3212
f 2548//2548 3460//3460 3311//3311
f 2946//2946 3212//3212 3138//3138
f 3112//3112 2767//2767 2973//2973
f 3055//3055 2973//2973 2767//2767
f 2548//2548 3311//3311 3064//3064
f 3055//3055 3437//3437 2973//2973
f 2646//2646 3146//3146 2786//2786
f 2739//2739 3146//3146 2646//2646
f 3337//3337 2877//2877 2918//2918
f 2975//2975 2672//2672 2581//2581
f 2975//2975 2877//2877 2672//2672
f 2937//2937 3235//3235 3066//3066
f 3151//3151 2735//2735 2955//2955
f 3014//3014 3039//3039 2955//2955
f 3727//3727 3039//3039 2657//2657
f 2945//2945 3014//3014 3039//3039
f 2945//2945 2921//2921 3014//3014
f 3014//3014 2921//2921 3039//3039
f 3039//3039 2921//2921 3133//3133
f 2921//2921 2832//2832 3133//3133
f 2832//2832 3009//3009 3133//3133
f 3133//3133 3009//3009 3209//3209
f 2854//2854 2945//2945 3012//3012
f 2854//2854 3012//3012 2922//2922
f 3012//3012 2978//2978 3098//3098
f 2804//2804 3209//3209 3009//3009
f 3209//3209 2804//2804 2901//2901
f 2804//2804 3128//3128 2901//2901
f 2674//2674 3128//3128 2804//2804
f 2344//2344 2307//2307 2944//2944
f 2307//2307 3119//3119 2944//2944
f 2912//2912 3119//3119 2695//2695
f 3044//3044 2732//2732 3021//3021
f 2732//2732 3044//3044 2798//2798
f 3119//3119 2912//2912 2798//2798
f 2865//2865 2668//2668 3087//3087
f 2864//2864 3052//3052 2724//2724
f 2824//2824 2932//2932 2864//2864
f 2899//2899 2724//2724 3052//3052
f 2707//2707 2899//2899 2736//2736
f 2724//2724 2899//2899 2932//2932
f 2668//2668 2858//2858 3087//3087
f 2858//2858 2668//2668 2853//2853
f 2736//2736 2899//2899 2853//2853
f 2749//2749 2972//2972 2882//2882
f 2848//2848 2882//2882 3037//3037
f 2848//2848 3037//3037 2876//2876
f 3051//3051 2677//2677 2716//2716
f 2875//2875 2826//2826 3020//3020
f 3020//3020 2826//2826 2709//2709
f 2661//2661 2765//2765 3020//3020
f 2993//2993 2661//2661 3020//3020
f 2716//2716 2709//2709 2875//2875
f 2709//2709 2826//2826 2875//2875
f 2709//2709 2498//2498 2993//2993
f 3095//3095 2811//2811 2844//2844
f 2811//2811 3095//3095 2809//2809
f 2483//2483 3036//3036 2484//2484
f 2483//2483 2817//2817 3036//3036
f 2404//2404 2952//2952 2726//2726
f 2817//2817 2793//2793 2952//2952
f 2793//2793 2726//2726 2952//2952
f 2817//2817 2483//2483 2721//2721
f 2721//2721 2483//2483 2658//2658
f 2817//2817 2726//2726 2793//2793
f 2676//2676 2629//2629 2775//2775
f 2676//2676 2775//2775 2629//2629
f 2597//2597 2772//2772 3045//3045
f 2806//2806 2874//2874 3045//3045
f 2874//2874 2597//2597 3045//3045
f 2682//2682 2806//2806 2325//2325
f 2706//2706 2930//2930 2660//2660
f 2660//2660 2883//2883 2248//2248
f 2485//2485 2777//2777 2525//2525
f 2777//2777 2485//2485 2493//2493
f 2485//2485 2327//2327 2558//2558
f 2683//2683 2849//2849 2607//2607
f 2554//2554 2884//2884 2596//2596
f 2554//2554 2553//2553 2884//2884
f 2655//2655 2607//2607 2673//2673
f 2033//2033 2661//2661 2498//2498
f 2524//2524 2408//2408 2735//2735
f 2832//2832 2771//2771 2421//2421
f 2656//2656 2610//2610 2653//2653
f 2610//2610 2656//2656 2653//2653
f 2508//2508 2651//2651 2572//2572
f 2508//2508 2702//2702 2651//2651
f 2702//2702 2610//2610 2642//2642
f 2610//2610 2653//2653 2642//2642
f 2642//2642 2653//2653 2702//2702
f 2584//2584 2778//2778 2814//2814
f 2584//2584 2814//2814 2813//2813
f 2633//2633 2584//2584 2813//2813
f 2534//2534 2584//2584 2633//2633
f 2532//2532 2534//2534 2633//2633
f 2788//2788 2532//2532 2633//2633
f 2532//2532 2788//2788 2474//2474
f 2474//2474 2788//2788 2713//2713
f 2575//2575 2299//2299 2744//2744
f 2742//2742 2465//2465 2713//2713
f 2575//2575 2713//2713 2465//2465
f 2713//2713 2575//2575 2744//2744
f 2614//2614 2355//2355 2770//2770
f 2566//2566 2770//2770 2355//2355
f 2355//2355 2614//2614 2155//2155
f 2400//2400 2496//2496 2680//2680
f 2496//2496 2606//2606 2680//2680
f 2631//2631 2635//2635 2684//2684
f 2049//2049 2951//2951 2311//2311
f 2462//2462 2311//2311 2631//2631
f 2631//2631 2548//2548 2462//2462
f 2694//2694 2635//2635 2631//2631
f 2694//2694 2622//2622 2757//2757
f 2548//2548 2699//2699 2611//2611
f 2763//2763 2577//2577 2484//2484
f 2487//2487 2577//2577 2386//2386
f 2495//2495 2577//2577 2487//2487
f 2738//2738 2391//2391 2696//2696
f 2391//2391 2738//2738 2404//2404
f 2495//2495 2207//2207 2577//2577
f 2726//2726 2521//2521 2404//2404
f 2494//2494 2470//2470 2388//2388
f 2254//2254 2740//2740 2150//2150
f 2150//2150 2561//2561 2440//2440
f 2478//2478 2417//2417 2694//2694
f 2478//2478 2694//2694 2460//2460
f 2478//2478 2740//2740 2254//2254
f 2478//2478 2460//2460 2740//2740
f 2412//2412 2419//2419 2592//2592
f 2412//2412 2592//2592 2511//2511
f 2469//2469 2412//2412 2511//2511
f 2440//2440 2846//2846 2119//2119
f 2440//2440 2810//2810 2846//2846
f 2119//2119 2846//2846 2265//2265
f 2265//2265 2846//2846 2499//2499
f 2033//2033 2498//2498 2215//2215
f 2489//2489 2215//2215 2498//2498
f 2228//2228 2215//2215 2489//2489
f 2358//2358 2486//2486 2403//2403
f 2358//2358 2230//2230 2486//2486
f 2230//2230 2589//2589 2486//2486
f 2291//2291 2557//2557 2308//2308
f 2589//2589 2358//2358 2557//2557
f 2358//2358 2308//2308 2557//2557
f 2450//2450 2466//2466 2473//2473
f 2403//2403 2473//2473 2466//2466
f 2689//2689 2589//2589 2230//2230
f 2117//2117 2467//2467 2689//2689
f 2467//2467 2117//2117 2544//2544
f 2544//2544 2228//2228 2450//2450
f 2404//2404 2384//2384 2055//2055
f 2387//2387 2502//2502 2104//2104
f 2387//2387 2982//2982 2502//2502
f 2339//2339 2982//2982 2387//2387
f 2406//2406 2639//2639 2491//2491
f 2105//2105 2491//2491 2639//2639
f 2337//2337 2105//2105 3237//3237
f 2370//2370 2425//2425 2491//2491
f 2105//2105 2443//2443 2491//2491
f 2337//2337 3237//3237 2087//2087
f 2443//2443 2183//2183 2491//2491
f 2183//2183 2370//2370 2491//2491
f 1926//1926 2163//2163 2282//2282
f 2344//2344 2310//2310 2282//2282
f 2344//2344 3237//3237 2481//2481
f 2281//2281 2302//2302 2344//2344
f 2211//2211 2356//2356 2355//2355
f 2286//2286 2516//2516 2476//2476
f 2066//2066 2516//2516 2286//2286
f 2379//2379 2516//2516 2436//2436
f 2516//2516 2066//2066 2436//2436
f 2066//2066 2379//2379 2436//2436
f 2328//2328 2433//2433 2435//2435
f 2328//2328 2490//2490 2120//2120
f 2120//2120 2490//2490 2200//2200
f 2566//2566 2434//2434 2043//2043
f 2190//2190 2043//2043 2434//2434
f 2433//2433 2328//2328 2190//2190
f 2379//2379 2066//2066 2380//2380
f 2225//2225 2380//2380 2066//2066
f 2276//2276 2431//2431 2118//2118
f 2118//2118 2431//2431 2784//2784
f 2118//2118 2475//2475 1845//1845
f 2118//2118 2784//2784 2475//2475
f 2276//2276 2338//2338 2431//2431
f 2276//2276 2429//2429 2338//2338
f 2114//2114 2157//2157 2046//2046
f 2046//2046 2157//2157 2274//2274
f 2114//2114 2046//2046 2275//2275
f 2270//2270 2142//2142 2147//2147
f 2420//2420 1879//1879 2270//2270
f 2142//2142 2270//2270 1879//1879
f 2029//2029 2418//2418 2174//2174
f 2174//2174 2275//2275 2330//2330
f 1935//1935 2174//2174 2268//2268
f 2268//2268 2174//2174 2313//2313
f 2100//2100 2484//2484 2303//2303
f 1754//1754 2484//2484 2100//2100
f 2484//2484 2207//2207 2303//2303
f 2100//2100 2303//2303 2207//2207
f 2484//2484 1754//1754 2598//2598
f 2198//2198 2404//2404 2055//2055
f 1754//1754 2227//2227 2598//2598
f 2598//2598 2065//2065 2521//2521
f 2354//2354 2368//2368 2154//2154
f 2086//2086 2391//2391 2354//2354
f 2086//2086 2354//2354 2404//2404
f 2495//2495 2354//2354 2207//2207
f 2100//2100 2207//2207 2354//2354
f 1936//1936 2391//2391 2086//2086
f 2300//2300 1936//1936 2185//2185
f 2135//2135 2244//2244 1953//1953
f 2244//2244 2135//2135 2233//2233
f 2133//2133 2233//2233 2135//2135
f 2366//2366 2243//2243 2208//2208
f 1864//1864 2243//2243 2170//2170
f 2170//2170 2243//2243 2366//2366
f 2027//2027 2457//2457 2232//2232
f 2457//2457 2027//2027 2229//2229
f 2116//2116 2229//2229 2027//2027
f 2116//2116 2457//2457 2229//2229
f 2122//2122 2457//2457 2116//2116
f 2221//2221 2160//2160 2217//2217
f 2160//2160 2151//2151 2217//2217
f 2151//2151 2257//2257 2217//2217
f 2008//2008 2217//2217 2233//2233
f 2160//2160 2217//2217 2008//2008
f 2257//2257 2022//2022 2253//2253
f 2022//2022 2182//2182 2184//2184
f 2253//2253 2022//2022 2482//2482
f 2022//2022 2184//2184 2163//2163
f 2482//2482 2022//2022 2312//2312
f 1926//1926 2312//2312 2022//2022
f 2111//2111 2201//2201 2312//2312
f 1943//1943 2111//2111 2312//2312
f 1709//1709 2168//2168 1973//1973
f 2168//2168 1709//1709 1943//1943
f 2111//2111 2105//2105 2201//2201
f 1979//1979 1897//1897 2105//2105
f 1970//1970 2105//2105 2111//2111
f 2111//2111 2105//2105 2087//2087
f 1857//1857 2443//2443 2105//2105
f 1531//1531 2443//2443 1857//1857
f 1531//1531 2183//2183 2443//2443
f 1819//1819 2183//2183 1531//1531
f 2011//2011 2087//2087 2743//2743
f 2370//2370 2183//2183 1819//1819
f 2007//2007 1936//1936 2086//2086
f 2100//2100 1754//1754 2154//2154
f 2013//2013 2154//2154 1754//1754
f 2013//2013 2086//2086 2154//2154
f 2013//2013 2007//2007 2086//2086
f 1754//1754 2100//2100 2154//2154
f 2198//2198 2086//2086 2404//2404
f 2055//2055 2086//2086 2198//2198
f 1761//1761 1992//1992 2092//2092
f 1866//1866 1793//1793 2178//2178
f 2279//2279 2054//2054 1990//1990
f 1668//1668 1935//1935 1990//1990
f 2279//2279 1990//1990 1935//1935
f 2059//2059 1880//1880 2273//2273
f 1955//1955 2342//2342 2273//2273
f 2164//2164 1880//1880 2059//2059
f 2094//2094 1880//1880 2081//2081
f 2094//2094 1880//1880 2164//2164
f 2081//2081 1880//1880 2094//2094
f 2094//2094 2241//2241 1961//1961
f 2014//2014 2094//2094 1961//1961
f 2009//2009 2094//2094 1977//1977
f 2094//2094 2009//2009 2176//2176
f 1977//1977 2176//2176 2009//2009
f 2091//2091 2251//2251 1955//1955
f 2141//2141 1955//1955 2251//2251
f 1955//1955 2141//2141 2073//2073
f 1955//1955 2073//2073 2019//2019
f 2053//2053 2296//2296 2139//2139
f 1900//1900 2001//2001 2505//2505
f 1629//1629 2266//2266 1896//1896
f 2053//2053 1896//1896 2266//2266
f 1998//1998 1623//1623 1997//1997
f 1623//1623 2032//2032 1997//1997
f 1761//1761 2032//2032 1944//1944
f 1923//1923 2272//2272 1445//1445
f 1923//1923 1967//1967 2272//2272
f 1578//1578 1967//1967 1923//1923
f 1578//1578 1790//1790 1967//1967
f 1790//1790 2039//2039 1967//1967
f 1381//1381 1959//1959 2097//2097
f 2149//2149 1742//1742 2016//2016
f 2068//2068 2016//2016 1742//1742
f 1862//1862 2125//2125 1451//1451
f 1862//1862 2224//2224 2125//2125
f 1687//1687 1451//1451 2126//2126
f 1816//1816 2126//2126 1451//1451
f 1776//1776 2126//2126 1816//1816
f 1580//1580 1816//1816 2243//2243
f 2243//2243 1816//1816 2125//2125
f 1816//1816 1451//1451 2125//2125
f 1580//1580 2243//2243 1779//1779
f 1631//1631 1776//1776 1547//1547
f 1631//1631 2170//2170 1776//1776
f 2170//2170 1631//1631 1864//1864
f 1820//1820 1822//1822 1914//1914
f 1657//1657 1617//1617 2002//2002
f 2002//2002 1756//1756 2139//2139
f 1756//1756 2002//2002 1617//1617
f 2240//2240 1914//1914 2037//2037
f 1914//1914 2002//2002 2037//2037
f 1756//1756 1896//1896 2139//2139
f 2292//2292 1802//1802 1991//1991
f 1802//1802 2292//2292 1992//1992
f 1739//1739 1811//1811 2065//2065
f 1821//1821 1888//1888 1737//1737
f 1887//1887 1976//1976 1758//1758
f 1758//1758 1777//1777 1887//1887
f 1771//1771 2010//2010 1821//1821
f 1725//1725 2010//2010 1771//1771
f 1716//1716 1727//1727 1623//1623
f 1765//1765 1964//1964 1725//1725
f 1716//1716 1964//1964 1765//1765
f 1681//1681 1922//1922 1702//1702
f 1929//1929 1613//1613 1842//1842
f 1981//1981 1383//1383 1922//1922
f 1383//1383 1981//1981 1751//1751
f 1797//1797 1837//1837 1831//1831
f 2128//2128 1539//1539 1837//1837
f 1661//1661 1824//1824 1842//1842
f 1767//1767 1881//1881 1643//1643
f 1767//1767 1907//1907 1881//1881
f 1699//1699 1643//1643 1881//1881
f 1473//1473 1827//1827 1431//1431
f 1601//1601 1484//1484 1750//1750
f 1484//1484 1873//1873 1250//1250
f 1731//1731 1563//1563 1873//1873
f 1250//1250 1873//1873 1563//1563
f 1873//1873 1484//1484 1601//1601
f 1585//1585 1684//1684 1664//1664
f 1703//1703 1872//1872 1684//1684
f 1703//1703 1754//1754 1872//1872
f 1799//1799 1754//1754 1703//1703
f 1585//1585 1512//1512 1739//1739
f 1799//1799 1887//1887 1676//1676
f 1777//1777 1676//1676 1887//1887
f 1384//1384 1778//1778 1688//1688
f 1384//1384 1747//1747 1778//1778
f 1459//1459 1586//1586 1755//1755
f 1426//1426 1732//1732 1741//1741
f 1645//1645 1736//1736 1586//1586
f 1736//1736 1764//1764 1586//1586
f 1520//1520 1620//1620 1830//1830
f 1619//1619 1659//1659 1620//1620
f 1954//1954 1540//1540 1688//1688
f 1747//1747 1384//1384 1755//1755
f 1384//1384 1459//1459 1755//1755
f 1741//1741 1459//1459 1426//1426
f 1673//1673 1589//1589 1530//1530
f 1520//1520 1830//1830 1584//1584
f 1443//1443 1584//1584 1698//1698
f 1518//1518 1620//1620 1520//1520
f 1518//1518 1619//1619 1620//1620
f 1410//1410 1992//1992 1461//1461
f 1401//1401 1646//1646 1605//1605
f 1478//1478 1598//1598 1793//1793
f 1263//1263 1946//1946 1526//1526
f 1392//1392 1494//1494 1713//1713
f 1392//1392 1713//1713 1635//1635
f 1674//1674 1568//1568 1315//1315
f 1315//1315 1476//1476 1669//1669
f 1295//1295 1371//1371 1507//1507
f 1315//1315 1669//1669 944//944
f 1544//1544 1371//1371 1669//1669
f 944//944 1669//1669 1371//1371
f 1397//1397 1585//1585 1489//1489
f 1397//1397 1489//1489 1552//1552
f 1585//1585 1361//1361 1513//1513
f 1512//1512 1513//1513 1361//1361
f 1512//1512 1361//1361 1545//1545
f 1545//1545 1418//1418 1599//1599
f 1417//1417 1599//1599 1418//1418
f 1368//1368 1420//1420 1417//1417
f 1337//1337 1420//1420 1368//1368
f 1368//1368 1467//1467 1337//1337
f 1410//1410 1303//1303 1467//1467
f 1337//1337 1467//1467 1303//1303
f 1467//1467 1368//1368 1432//1432
f 1367//1367 1432//1432 1368//1368
f 1333//1333 1667//1667 1414//1414
f 1414//1414 1581//1581 1333//1333
f 1449//1449 1333//1333 1413//1413
f 1333//1333 1411//1411 1413//1413
f 1413//1413 1411//1411 1412//1412
f 1333//1333 1581//1581 1291//1291
f 1355//1355 1291//1291 1421//1421
f 1421//1421 1291//1291 1406//1406
f 1554//1554 1355//1355 1406//1406
f 1355//1355 1554//1554 1352//1352
f 1352//1352 1554//1554 1309//1309
f 1456//1456 1309//1309 1554//1554
f 1456//1456 1292//1292 1309//1309
f 1256//1256 1528//1528 1328//1328
f 1249//1249 1256//1256 1328//1328
f 1220//1220 1399//1399 1310//1310
f 1310//1310 1399//1399 1491//1491
f 1235//1235 1306//1306 1416//1416
f 1416//1416 1306//1306 1310//1310
f 1282//1282 1339//1339 1236//1236
f 1236//1236 1339//1339 1287//1287
f 1287//1287 1339//1339 1468//1468
f 1468//1468 1277//1277 1247//1247
f 1247//1247 1287//1287 1468//1468
f 1246//1246 1450//1450 1282//1282
f 1450//1450 1246//1246 1440//1440
f 1197//1197 1440//1440 1246//1246
f 1468//1468 1339//1339 1450//1450
f 1339//1339 1282//1282 1450//1450
f 1032//1032 1462//1462 1238//1238
f 1238//1238 1462//1462 1381//1381
f 1032//1032 1182//1182 1462//1462
f 1182//1182 1300//1300 1462//1462
f 1034//1034 1212//1212 1410//1410
f 1546//1546 1034//1034 1410//1410
f 1129//1129 1462//1462 1300//1300
f 1605//1605 1047//1047 1210//1210
f 1401//1401 1210//1210 1526//1526
f 1207//1207 1526//1526 1210//1210
f 1369//1369 1209//1209 1227//1227
f 1241//1241 1369//1369 1184//1184
f 1180//1180 1263//1263 1526//1526
f 1356//1356 1345//1345 750//750
f 1289//1289 973//973 1250//1250
f 1035//1035 1350//1350 1484//1484
f 1035//1035 1250//1250 973//973
f 1035//1035 1484//1484 1250//1250
f 973//973 1289//1289 1215//1215
f 1160//1160 1215//1215 1289//1289
f 1416//1416 1254//1254 1313//1313
f 1416//1416 1313//1313 1235//1235
f 1235//1235 1272//1272 1306//1306
f 1153//1153 1312//1312 1243//1243
f 1312//1312 1153//1153 1284//1284
f 1147//1147 1410//1410 1212//1212
f 1147//1147 1243//1243 1410//1410
f 1243//1243 1147//1147 1216//1216
f 1148//1148 1546//1546 1216//1216
f 1469//1469 1129//1129 1216//1216
f 1101//1101 1148//1148 1216//1216
f 1153//1153 1243//1243 1284//1284
f 1216//1216 1129//1129 1237//1237
f 1226//1226 1237//1237 1129//1129
f 870//870 1192//1192 884//884
f 870//870 701//701 1192//1192
f 701//701 921//921 1192//1192
f 1192//1192 921//921 1133//1133
f 1177//1177 1134//1134 1191//1191
f 1315//1315 1142//1142 1128//1128
f 944//944 1142//1142 1315//1315
f 1189//1189 1142//1142 944//944
f 1140//1140 1187//1187 1206//1206
f 967//967 1187//1187 1140//1140
f 1187//1187 967//967 1206//1206
f 977//977 1180//1180 1207//1207
f 977//977 1263//1263 1180//1180
f 1263//1263 977//977 1048//1048
f 977//977 1146//1146 1048//1048
f 1146//1146 1369//1369 1048//1048
f 1138//1138 1139//1139 890//890
f 866//866 1224//1224 1138//1138
f 1138//1138 603//603 1046//1046
f 1138//1138 1225//1225 1171//1171
f 1000//1000 1072//1072 945//945
f 1100//1100 1072//1072 1000//1000
f 1072//1072 1100//1100 1039//1039
f 1044//1044 1072//1072 1244//1244
f 924//924 1244//1244 1095//1095
f 1095//1095 1039//1039 1100//1100
f 1000//1000 1004//1004 1100//1100
f 1095//1095 1100//1100 1004//1004
f 963//963 1074//1074 1095//1095
f 1244//1244 924//924 691//691
f 1121//1121 924//924 1095//1095
f 660//660 924//924 1122//1122
f 1074//1074 1121//1121 1095//1095
f 1023//1023 924//924 1121//1121
f 1121//1121 1174//1174 1023//1023
f 1174//1174 924//924 1023//1023
f 1060//1060 1174//1174 1121//1121
f 1074//1074 1060//1060 1121//1121
f 1060//1060 1074//1074 1174//1174
f 924//924 1174//1174 1122//1122
f 1022//1022 873//873 1174//1174
f 721//721 1174//1174 873//873
f 947//947 1022//1022 1174//1174
f 947//947 1174//1174 1127//1127
f 1174//1174 1074//1074 1127//1127
f 744//744 981//981 982//982
f 899//899 981//981 744//744
f 899//899 1351//1351 981//981
f 899//899 887//887 1351//1351
f 887//887 980//980 1351//1351
f 800//800 980//980 887//887
f 800//800 979//979 980//980
f 979//979 1032//1032 978//978
f 856//856 704//704 999//999
f 704//704 872//872 999//999
f 872//872 1069//1069 999//999
f 1069//1069 872//872 853//853
f 1034//1034 856//856 999//999
f 800//800 1032//1032 979//979
f 1032//1032 800//800 965//965
f 617//617 965//965 800//800
f 1000//1000 909//909 1004//1004
f 1004//1004 909//909 810//810
f 1004//1004 810//810 932//932
f 1004//1004 932//932 963//963
f 690//690 947//947 1127//1127
f 1347//1347 690//690 958//958
f 722//722 1385//1385 592//592
f 923//923 1104//1104 786//786
f 923//923 786//786 861//861
f 856//856 1034//1034 766//766
f 731//731 821//821 765//765
f 874//874 821//821 731//731
f 729//729 930//930 847//847
f 766//766 1034//1034 1002//1002
f 1148//1148 864//864 1002//1002
f 1075//1075 694//694 864//864
f 1472//1472 809//809 700//700
f 972//972 787//787 1063//1063
f 787//787 809//809 1063//1063
f 903//903 851//851 1061//1061
f 1061//1061 787//787 972//972
f 830//830 954//954 829//829
f 894//894 967//967 807//807
f 967//967 894//894 954//954
f 894//894 829//829 954//954
f 820//820 819//819 986//986
f 986//986 819//819 938//938
f 846//846 986//986 1324//1324
f 811//811 686//686 786//786
f 829//829 1189//1189 830//830
f 807//807 806//806 829//829
f 807//807 829//829 894//894
f 581//581 825//825 819//819
f 820//820 702//702 819//819
f 645//645 652//652 599//599
f 847//847 696//696 801//801
f 780//780 696//696 847//847
f 685//685 696//696 780//780
f 729//729 821//821 766//766
f 645//645 594//594 652//652
f 678//678 801//801 696//696
f 678//678 693//693 801//801
f 685//685 589//589 696//696
f 685//685 769//769 667//667
f 816//816 667//667 769//769
f 655//655 610//610 868//868
f 610//610 587//587 868//868
f 868//868 587//587 779//779
f 618//618 715//715 619//619
f 672//672 977//977 400//400
f 790//790 560//560 811//811
f 677//677 811//811 560//560
f 677//677 686//686 811//811
f 686//686 677//677 414//414
f 632//632 600//600 647//647
f 599//599 652//652 451//451
f 451//451 652//652 594//594
f 598//598 492//492 599//599
f 492//492 632//632 599//599
f 599//599 632//632 647//647
f 615//615 610//610 613//613
f 656//656 416//416 723//723
f 428//428 723//723 416//416
f 328//328 723//723 428//428
f 723//723 328//328 899//899
f 328//328 447//447 899//899
f 899//899 260//260 533//533
f 651//651 403//403 361//361
f 385//385 632//632 492//492
f 213//213 600//600 405//405
f 632//632 385//385 600//600
f 405//405 600//600 385//385
f 594//594 407//407 451//451
f 385//385 492//492 598//598
f 385//385 598//598 451//451
f 475//475 414//414 222//222
f 475//475 570//570 414//414
f 475//475 569//569 570//570
f 578//578 446//446 522//522
f 522//522 414//414 677//677
f 569//569 397//397 578//578
f 475//475 532//532 569//569
f 470//470 569//569 532//532
f 397//397 569//569 470//470
f 363//363 397//397 470//470
f 473//473 363//363 470//470
f 484//484 477//477 363//363
f 213//213 368//368 600//600
f 668//668 494//494 333//333
f 137//137 189//189 401//401
f 382//382 322//322 204//204
f 185//185 204//204 322//322
f 540//540 379//379 382//382
f 238//238 262//262 378//378
f 262//262 252//252 378//378
f 228//228 238//238 378//378
f 377//377 129//129 228//228
f 152//152 129//129 376//376
f 376//376 129//129 377//377
f 333//333 332//332 668//668
f 379//379 668//668 332//332
f 491//491 237//237 189//189
f 325//325 137//137 401//401
f 325//325 401//401 189//189
f 185//185 322//322 382//382
f 382//382 316//316 185//185
f 316//316 382//382 379//379
f 352//352 229//229 339//339
f 352//352 329//329 229//229
f 351//351 229//229 329//329
f 351//351 339//339 229//229
f 177//177 317//317 210//210
f 210//210 317//317 205//205
f 184//184 317//317 177//177
f 317//317 184//184 449//449
f 437//437 276//276 359//359
f 344//344 359//359 276//276
f 339//339 359//359 344//344
f 359//359 339//339 351//351
f 351//351 329//329 305//305
f 437//437 351//351 349//349
f 305//305 190//190 351//351
f 349//349 351//351 190//190
f 305//305 141//141 190//190
f 179//179 455//455 336//336
f 297//297 270//270 202//202
f 254//254 284//284 281//281
f 284//284 297//297 283//283
f 297//297 284//284 271//271
f 283//283 297//297 202//202
f 381//381 284//284 283//283
f 284//284 381//381 281//281
f 202//202 362//362 242//242
f 232//232 202//202 242//242
f 264//264 202//202 232//232
f 264//264 199//199 202//202
f 242//242 362//362 265//265
f 345//345 362//362 152//152
f 362//362 345//345 265//265
f 242//242 265//265 345//345
f 264//264 232//232 242//242
f 237//237 172//172 167//167
f 237//237 137//137 325//325
f 169//169 163//163 119//119
f 162//162 119//119 163//163
f 119//119 137//137 167//167
f 119//119 162//162 137//137
f 137//137 237//237 167//167
f 122//122 227//227 120//120
f 122//122 166//166 227//227
f 227//227 166//166 169//169
f 333//333 169//169 166//166
f 166//166 122//122 338//338
f 333//333 166//166 379//379
f 164//164 122//122 120//120
f 588//588 164//164 120//120
f 185//185 117//117 116//116
f 120//120 165//165 588//588
f 117//117 185//185 165//165
f 185//185 588//588 165//165
f 164//164 338//338 122//122
f 166//166 338//338 379//379
f 169//169 333//333 163//163
f 162//162 163//163 137//137
f 161//161 137//137 163//163
f 163//163 333//333 161//161
f 137//137 161//161 333//333
f 98//98 96//96 97//97
f 100//100 96//96 98//98
f 100//100 98//98 104//104
f 97//97 96//96 105//105

