{"mass":0.269,"centerOfMass":[0,0,0.056],"transformation":[1,0,0,0,0,1,0,0,0,0,1,0,0,0,0.1265,1],"inertia":[0.00015176,0,0,0,0.00015176,0,0,0,0.000049476],"collisionModel":{"pointA":[0,0.005,0,0,0,0,0,0,0],"pointB":[0,-0.005,0,0,0,0,0,0,0],"radius":[0.005,0,0]}}