{"mu_static": 0.2415452873968448, "mu_ratio": 0.3868797214571337, "pen_allow": 2.293847438485643e-05, "stiction_tol": 3.6462637949242373e-05}