{"mu": 0.12073584996716503, "stiffness": 94580.94508993848, "dissipation": 1.8974450933474993, "stiction_tol": 0.015086443315824757}