{"mu": 0.13917572147259663, "mu_ratio": 0.8454108692511924, "stiffness": 7297.484020344557, "dissipation": 0.04844473055522336, "stiction_tol": 0.00021319589584609867}