{"mu": 0.37079137244036475, "mu_ratio": 0.26147510418378606, "stiffness": 92128.23036703086, "dissipation": 1.8377383289964817, "stiction_tol": 0.02009259126577249}