{"mu": 0.10563088963194854, "stiffness": 23210.761135789282, "dissipation": 0.5953324496106109, "stiction_tol": 0.0038681759085301046}