{"mu": 0.12634703965374022, "stiffness": 19788.265096229996, "dissipation": 0.6350675242584312, "stiction_tol": 7.86205149424286e-05}