{"mu": 0.10528518884441287, "stiffness": 7780.980093204406, "dissipation": 1.8954680673404383, "stiction_tol": 2.836010365727143e-05}