{"mu_static": 0.2485715427282093, "mu_ratio": 0.4356151696635647, "pen_allow": 2.37943641851514e-06, "stiction_tol": 0.0005722471578465454}