{"mu_static": 0.18533392669711013, "mu_ratio": 0.6142327423279159, "pen_allow": 3.8615494609009395e-06, "stiction_tol": 0.0015444953662813968}