# https://github.com/mikedh/trimesh

o mesh55
v -0.00202784 -0.00318802 -0.01749998
v -0.02575784 -0.00318802 -0.01749998
v -0.02575784 -0.00318802 0.01750002
v -0.00202784 -0.00318802 0.01750002
v -0.02575784 0.05368028 -0.01749998
v -0.02575784 0.05368028 0.01750002
v -0.00202784 -0.00323602 0.01798772
v -0.02576984 -0.00320002 0.01774502
v -0.00202784 -0.00337832 0.01845672
v -0.02580584 -0.00323602 0.01798772
v -0.02586584 -0.00329562 0.01822572
v -0.00202784 -0.00360932 0.01888892
v -0.02594884 -0.00337832 0.01845672
v -0.02605284 -0.00348322 0.01867852
v -0.00202784 -0.00392022 0.01926782
v -0.02617984 -0.00360932 0.01888892
v -0.00202784 -0.00429912 0.01957872
v -0.02648984 -0.00392022 0.01926782
v -0.00202784 -0.00473132 0.01980972
v -0.02686884 -0.00429912 0.01957872
v -0.00202784 -0.00520032 0.01995202
v -0.02730184 -0.00473132 0.01980972
v -0.00202784 -0.00568802 0.02000002
v -0.02777084 -0.00520032 0.01995202
v -0.02825784 -0.00568802 0.02000002
v 0.00316216 -0.00553432 0.02000002
v 0.00300816 -0.00303902 0.01750002
v 0.00744516 -0.00513902 0.02000002
v 0.00713416 -0.00265842 0.01750002
v 0.01158916 -0.00446502 0.02000002
v 0.01109216 -0.00201502 0.01750002
v 0.00781016 -0.00254842 0.01750002
v 0.01526316 -0.00356262 0.02000002
v 0.01456316 -0.00116272 0.01750002
v 0.01835816 -0.00251612 0.02000002
v 0.01745316 -0.00018572 0.01750002
v 0.01495716 -0.00102952 0.01750002
v 0.02123716 -0.00123682 0.02000002
v 0.02010816 0.00099398 0.01750002
v 0.02389116 0.00028968 0.02000002
v 0.02252516 0.00238368 0.01750002
v 0.02054116 0.00124288 0.01750002
v 0.02537416 0.00133348 0.02000002
v 0.02386316 0.00332488 0.01750002
v 0.02643216 0.00218388 0.02000002
v 0.02611616 0.00255518 0.01995202
v 0.02581216 0.00291228 0.01980972
v 0.02553216 0.00324138 0.01957872
v 0.02528616 0.00352988 0.01926782
v 0.02508516 0.00376658 0.01888892
v 0.02493516 0.00394248 0.01845672
v 0.02484316 0.00405078 0.01798772
v 0.02441916 0.00377158 0.01750002
v 0.02481116 0.00408738 0.01750002
v 0.00313216 -0.00504752 0.01995202
v 0.00310316 -0.00457942 0.01980972
v 0.00307616 -0.00414802 0.01957872
v 0.00305316 -0.00376992 0.01926782
v 0.00303416 -0.00345962 0.01888892
v 0.00302016 -0.00322902 0.01845672
v 0.00301116 -0.00308702 0.01798772
v 0.00738416 -0.00465512 0.01995202
v 0.00732616 -0.00418982 0.01980972
v 0.00727216 -0.00376092 0.01957872
v 0.00722516 -0.00338502 0.01926782
v 0.00718616 -0.00307652 0.01888892
v 0.00715716 -0.00284732 0.01845672
v 0.00714016 -0.00270612 0.01798772
v 0.01149216 -0.00398702 0.01995202
v 0.01139916 -0.00352742 0.01980972
v 0.01131316 -0.00310392 0.01957872
v 0.01123716 -0.00273262 0.01926782
v 0.01117516 -0.00242792 0.01888892
v 0.01112916 -0.00220152 0.01845672
v 0.01110116 -0.00206212 0.01798772
v 0.01512716 -0.00309442 0.01995202
v 0.01499516 -0.00264422 0.01980972
v 0.01487416 -0.00222932 0.01957872
v 0.01476816 -0.00186562 0.01926782
v 0.01468116 -0.00156722 0.01888892
v 0.01461616 -0.00134542 0.01845672
v 0.01457616 -0.00120882 0.01798772
v 0.01818216 -0.00206152 0.01995202
v 0.01801216 -0.00162432 0.01980972
v 0.01785516 -0.00122142 0.01957872
v 0.01771816 -0.00086832 0.01926782
v 0.01760616 -0.00057852 0.01888892
v 0.01752216 -0.00036312 0.01845672
v 0.01747016 -0.00023052 0.01798772
v 0.02101716 -0.00080162 0.01995202
v 0.02080516 -0.00038312 0.01980972
v 0.02061016 0.00000248 0.01957872
v 0.02043916 0.00034058 0.01926782
v 0.02029816 0.00061798 0.01888892
v 0.02019416 0.00082418 0.01845672
v 0.02013016 0.00095108 0.01798772
v 0.02362416 0.00069818 0.01995202
v 0.02336816 0.00109098 0.01980972
v 0.02313216 0.00145298 0.01957872
v 0.02292516 0.00177038 0.01926782
v 0.02275516 0.00203078 0.01888892
v 0.02262916 0.00222428 0.01845672
v 0.02255116 0.00234348 0.01798772
v 0.02507916 0.00172198 0.01995202
v 0.02479616 0.00209558 0.01980972
v 0.02453516 0.00243988 0.01957872
v 0.02430616 0.00274168 0.01926782
v 0.02411816 0.00298928 0.01888892
v 0.02397816 0.00317338 0.01845672
v 0.02389216 0.00328668 0.01798772
v -0.02825784 0.05618028 0.02000002
v -0.02730184 0.05522328 0.01980972
v -0.02648984 0.05441228 0.01926782
v -0.02617984 0.05410228 0.01888892
v -0.02605284 0.05397528 0.01867852
v -0.02594884 0.05387028 0.01845672
v -0.02586584 0.05378828 0.01822572
v -0.02580584 0.05372828 0.01798772
v -0.02576984 0.05369228 0.01774502
v -0.02686884 0.05479128 0.01957872
v -0.02777084 0.05569228 0.01995202
v -0.00326484 0.05618028 0.02000002
v -0.00326484 0.05569228 0.01995202
v -0.00326484 0.05522328 0.01980972
v -0.00326484 0.05479128 0.01957872
v -0.00326484 0.05441228 0.01926782
v -0.00326484 0.05410228 0.01888892
v -0.00326484 0.05387028 0.01845672
v -0.00326484 0.05372828 0.01798772
v -0.00326484 0.05368028 0.01750002
v -0.00326484 0.05368028 -0.01749998
v 0.02355116 0.05087628 0.02000002
v 0.02587116 0.04878028 0.01995202
v 0.02559016 0.04840528 0.01980972
v 0.02533116 0.04805928 0.01957872
v 0.02510416 0.04775628 0.01926782
v 0.02491816 0.04750728 0.01888892
v 0.02477916 0.04732228 0.01845672
v 0.02469416 0.04720828 0.01798772
v 0.02231516 0.04870328 0.01750002
v 0.02466516 0.04717028 0.01750002
v 0.02059816 0.05233628 0.02000002
v 0.02059016 0.04955528 0.01750002
v 0.01961216 0.05003928 0.01750002
v 0.01688916 0.05368628 0.02000002
v 0.01615716 0.05129628 0.01750002
v 0.01275916 0.05474028 0.02000002
v 0.01224716 0.05229328 0.01750002
v 0.01428516 0.05177328 0.01750002
v 0.00816316 0.05550928 0.02000002
v 0.00784316 0.05303028 0.01750002
v 0.00703116 0.05564628 0.02000002
v 0.00675016 0.05316228 0.01750002
v 0.00139516 0.05608028 0.02000002
v 0.00128416 0.05358328 0.01750002
v 0.00652916 0.05317928 0.01750002
v 0.02616416 0.04917128 0.02000002
v 0.02331016 0.05045228 0.01995202
v 0.02307816 0.05004428 0.01980972
v 0.02286416 0.04966828 0.01957872
v 0.02267716 0.04933928 0.01926782
v 0.02252316 0.04906928 0.01888892
v 0.02240916 0.04886828 0.01845672
v 0.02233916 0.04874428 0.01798772
v 0.02040516 0.05188828 0.01995202
v 0.02022116 0.05145728 0.01980972
v 0.02005016 0.05106028 0.01957872
v 0.01990116 0.05071228 0.01926782
v 0.01977816 0.05042628 0.01888892
v 0.01968716 0.05021428 0.01845672
v 0.01963116 0.05008328 0.01798772
v 0.01674716 0.05322028 0.01995202
v 0.01660916 0.05277228 0.01980972
v 0.01648316 0.05235828 0.01957872
v 0.01637216 0.05199628 0.01926782
v 0.01628016 0.05169928 0.01888892
v 0.01621316 0.05147828 0.01845672
v 0.01617116 0.05134228 0.01798772
v 0.01265916 0.05426328 0.01995202
v 0.01256316 0.05380428 0.01980972
v 0.01247516 0.05338128 0.01957872
v 0.01239716 0.05301028 0.01926782
v 0.01233416 0.05270628 0.01888892
v 0.01228616 0.05248028 0.01845672
v 0.01225716 0.05234028 0.01798772
v 0.00810116 0.05502528 0.01995202
v 0.00804116 0.05456028 0.01980972
v 0.00798516 0.05413228 0.01957872
v 0.00793716 0.05375628 0.01926782
v 0.00789716 0.05344828 0.01888892
v 0.00786716 0.05321928 0.01845672
v 0.00784916 0.05307728 0.01798772
v 0.00697616 0.05516228 0.01995202
v 0.00692416 0.05469628 0.01980972
v 0.00687516 0.05426628 0.01957872
v 0.00683216 0.05389028 0.01926782
v 0.00679816 0.05358128 0.01888892
v 0.00677216 0.05335128 0.01845672
v 0.00675616 0.05321028 0.01798772
v 0.00137316 0.05559328 0.01995202
v 0.00135216 0.05512528 0.01980972
v 0.00133316 0.05469328 0.01957872
v 0.00131616 0.05431428 0.01926782
v 0.00130316 0.05400428 0.01888892
v 0.00129216 0.05377328 0.01845672
v 0.00128616 0.05363128 0.01798772
v 0.03585616 0.02591328 0.02000002
v 0.03573116 0.02943228 0.02000002
v 0.03536916 0.02591328 0.01995202
v 0.03490016 0.02591328 0.01980972
v 0.03446716 0.02591328 0.01957872
v 0.03408916 0.02591328 0.01926782
v 0.03377816 0.02591328 0.01888892
v 0.03354716 0.02591328 0.01845672
v 0.03340416 0.02591328 0.01798772
v 0.03323816 0.02924828 0.01750002
v 0.03534216 0.03280128 0.02000002
v 0.03287416 0.03240728 0.01750002
v 0.03467216 0.03600828 0.02000002
v 0.03225316 0.03537428 0.01750002
v 0.03270816 0.03320028 0.01750002
v 0.03374516 0.03891828 0.02000002
v 0.03140816 0.03803128 0.01750002
v 0.03256916 0.04156228 0.02000002
v 0.03034716 0.04041528 0.01750002
v 0.03127716 0.03832428 0.01750002
v 0.03111816 0.04399628 0.02000002
v 0.02935116 0.04208828 0.01750002
v 0.02905416 0.04258628 0.01750002
v 0.03084816 0.04438328 0.02000002
v 0.02881416 0.04293028 0.01750002
v 0.02909616 0.04653328 0.02000002
v 0.02726316 0.04483428 0.01750002
v 0.02710116 0.04842828 0.02000002
v 0.02549716 0.04651128 0.01750002
v 0.02700016 0.04508328 0.01750002
v 0.03335616 0.02591328 0.01750002
v 0.03524416 0.02939628 0.01995202
v 0.03477716 0.02936228 0.01980972
v 0.03434616 0.02933028 0.01957872
v 0.03396816 0.02930228 0.01926782
v 0.03365816 0.02927928 0.01888892
v 0.03342716 0.02926228 0.01845672
v 0.03328516 0.02925228 0.01798772
v 0.03486116 0.03272428 0.01995202
v 0.03439716 0.03265028 0.01980972
v 0.03397116 0.03258228 0.01957872
v 0.03359716 0.03252228 0.01926782
v 0.03329016 0.03247328 0.01888892
v 0.03306116 0.03243728 0.01845672
v 0.03292116 0.03241428 0.01798772
v 0.03420016 0.03588428 0.01995202
v 0.03374616 0.03576528 0.01980972
v 0.03332816 0.03565628 0.01957872
v 0.03296216 0.03556028 0.01926782
v 0.03266116 0.03548128 0.01888892
v 0.03243816 0.03542228 0.01845672
v 0.03230016 0.03538628 0.01798772
v 0.03328916 0.03874528 0.01995202
v 0.03285116 0.03857828 0.01980972
v 0.03244716 0.03842528 0.01957872
v 0.03209316 0.03829128 0.01926782
v 0.03180216 0.03818028 0.01888892
v 0.03158616 0.03809828 0.01845672
v 0.03145316 0.03804828 0.01798772
v 0.03213516 0.04133828 0.01995202
v 0.03171816 0.04112328 0.01980972
v 0.03133416 0.04092528 0.01957872
v 0.03099816 0.04075128 0.01926782
v 0.03072216 0.04060828 0.01888892
v 0.03051616 0.04050228 0.01845672
v 0.03039016 0.04043728 0.01798772
v 0.03071616 0.04372128 0.01995202
v 0.03032816 0.04345728 0.01980972
v 0.02997216 0.04321328 0.01957872
v 0.02965916 0.04299928 0.01926782
v 0.02940216 0.04282428 0.01888892
v 0.02921116 0.04269428 0.01845672
v 0.02909416 0.04261328 0.01798772
v 0.03045116 0.04410028 0.01995202
v 0.03007016 0.04382728 0.01980972
v 0.02971816 0.04357628 0.01957872
v 0.02941016 0.04335528 0.01926782
v 0.02915716 0.04317528 0.01888892
v 0.02896916 0.04304028 0.01845672
v 0.02885316 0.04295828 0.01798772
v 0.02873816 0.04620228 0.01995202
v 0.02839416 0.04588328 0.01980972
v 0.02807716 0.04558928 0.01957872
v 0.02780016 0.04533228 0.01926782
v 0.02757216 0.04512028 0.01888892
v 0.02740216 0.04496328 0.01845672
v 0.02729816 0.04486628 0.01798772
v 0.02678816 0.04805428 0.01995202
v 0.02648716 0.04769528 0.01980972
v 0.02621016 0.04736328 0.01957872
v 0.02596716 0.04707328 0.01926782
v 0.02576716 0.04683428 0.01888892
v 0.02561916 0.04665728 0.01845672
v 0.02552816 0.04654828 0.01798772
v 0.02059516 0.04956328 -0.01749998
v 0.02135016 0.04922428 -0.01749998
v 0.02367416 0.04786828 -0.01749998
v 0.02466516 0.04717028 -0.01749998
v 0.01462916 0.05173228 -0.01749998
v 0.01429416 0.05180528 -0.01749998
v 0.01594416 0.05136128 -0.01749998
v 0.01876916 0.05038628 -0.01749998
v 0.00653016 0.05318528 -0.01749998
v 0.00659016 0.05318028 -0.01749998
v 0.01074616 0.05258428 -0.01749998
v 0.00230116 0.05353228 -0.01749998
v 0.02857616 0.00424268 0.02000002
v 0.02673916 0.00593818 0.01750002
v 0.03043416 0.00651678 0.02000002
v 0.02794016 0.00740738 0.01750002
v 0.02840716 0.00797948 0.01750002
v 0.03184816 0.00870958 0.02000002
v 0.02967916 0.00995298 0.01750002
v 0.03324016 0.01151598 0.02000002
v 0.03035916 0.01132508 0.01750002
v 0.03094016 0.01249468 0.01750002
v 0.03433416 0.01455178 0.02000002
v 0.03194016 0.01527068 0.01750002
v 0.03487616 0.01660258 0.02000002
v 0.03244016 0.01716288 0.01750002
v 0.03211616 0.01593758 0.01750002
v 0.03552316 0.02029328 0.02000002
v 0.03304216 0.02060228 0.01750002
v 0.03582916 0.02426128 0.02000002
v 0.03333116 0.02434428 0.01750002
v 0.03313316 0.02178128 0.01750002
v 0.02821816 0.00457348 0.01995202
v 0.02787316 0.00489158 0.01980972
v 0.02755616 0.00518468 0.01957872
v 0.02727716 0.00544158 0.01926782
v 0.02704916 0.00565248 0.01888892
v 0.02687916 0.00580908 0.01845672
v 0.02677416 0.00590558 0.01798772
v 0.03003916 0.00680218 0.01995202
v 0.02965916 0.00707658 0.01980972
v 0.02930816 0.00732948 0.01957872
v 0.02900116 0.00755108 0.01926782
v 0.02874916 0.00773298 0.01888892
v 0.02856116 0.00786818 0.01845672
v 0.02844616 0.00795138 0.01798772
v 0.03142416 0.00895218 0.01995202
v 0.03101816 0.00918538 0.01980972
v 0.03064316 0.00940038 0.01957872
v 0.03031416 0.00958878 0.01926782
v 0.03004416 0.00974348 0.01888892
v 0.02984416 0.00985838 0.01845672
v 0.02972016 0.00992908 0.01798772
v 0.03279116 0.01170698 0.01995202
v 0.03236016 0.01189058 0.01980972
v 0.03196216 0.01205978 0.01957872
v 0.03161316 0.01220808 0.01926782
v 0.03132716 0.01232978 0.01888892
v 0.03111516 0.01242018 0.01845672
v 0.03098416 0.01247588 0.01798772
v 0.03386716 0.01469198 0.01995202
v 0.03341816 0.01482688 0.01980972
v 0.03300416 0.01495118 0.01957872
v 0.03264116 0.01506008 0.01926782
v 0.03234316 0.01514948 0.01888892
v 0.03212216 0.01521588 0.01845672
v 0.03198616 0.01525678 0.01798772
v 0.03440116 0.01671188 0.01995202
v 0.03394416 0.01681698 0.01980972
v 0.03352316 0.01691388 0.01957872
v 0.03315316 0.01699878 0.01926782
v 0.03285016 0.01706848 0.01888892
v 0.03262516 0.01712028 0.01845672
v 0.03248716 0.01715208 0.01798772
v 0.03503916 0.02035428 0.01995202
v 0.03457416 0.02041128 0.01980972
v 0.03414516 0.02046528 0.01957872
v 0.03376916 0.02051228 0.01926782
v 0.03346016 0.02055028 0.01888892
v 0.03323116 0.02057928 0.01845672
v 0.03309016 0.02059628 0.01798772
v 0.03534216 0.02427728 0.01995202
v 0.03487316 0.02429328 0.01980972
v 0.03444116 0.02430728 0.01957872
v 0.03406316 0.02431928 0.01926782
v 0.03375216 0.02433028 0.01888892
v 0.03352116 0.02433728 0.01845672
v 0.03337916 0.02434228 0.01798772
v 0.03322516 0.02941328 -0.01749998
v 0.03278216 0.03294828 -0.01749998
v 0.03335616 0.02591328 -0.01749998
v 0.03272316 0.03320228 -0.01749998
v 0.03158716 0.03754328 -0.01749998
v 0.03203516 0.03616128 -0.01749998
v 0.03126116 0.03831828 -0.01749998
v 0.02936216 0.04209528 -0.01749998
v 0.03053116 0.04005128 -0.01749998
v 0.02699116 0.04507628 -0.01749998
v 0.02818116 0.04376828 -0.01749998
v 0.02923516 0.04231728 -0.01749998
v 0.02654416 0.04556828 -0.01749998
v 0.02591216 0.00508918 -0.01749998
v 0.02768816 0.00703688 -0.01749998
v 0.02794616 0.00740018 -0.01749998
v 0.02923216 0.00920688 -0.01749998
v 0.03036316 0.01132358 -0.01749998
v 0.02962716 0.00986348 -0.01749998
v 0.03184616 0.01496328 -0.01749998
v 0.03212916 0.01593428 -0.01749998
v 0.03086216 0.01231498 -0.01749998
v 0.03282916 0.01913308 -0.01749998
v 0.03314816 0.02178128 -0.01749998
v 0.03215116 0.01601078 -0.01749998
v 0.03322716 0.02243828 -0.01749998
v 0.02481116 0.00408738 -0.01749998
v 0.00780816 -0.00252762 -0.01749998
v 0.00505316 -0.00288312 -0.01749998
v 0.00322316 -0.00302552 -0.01749998
v 0.00954316 -0.00230382 -0.01749998
v 0.01358116 -0.00143562 -0.01749998
v 0.01494816 -0.00100032 -0.01749998
v 0.02054016 0.00124428 -0.01749998
v 0.02009216 0.00098598 -0.01749998
v 0.01719716 -0.00028382 -0.01749998
v 0.02259816 0.00243168 -0.01749998
v 0.02440816 0.00378578 -0.01749998
v 0.02616416 0.04917128 -0.01999998
v 0.02828416 0.04736428 -0.01999998
v 0.02587116 0.04878028 -0.01995194
v 0.02559016 0.04840528 -0.01980968
v 0.02533116 0.04805928 -0.01957865
v 0.02510416 0.04775628 -0.01926775
v 0.02491816 0.04750728 -0.01888891
v 0.02477916 0.04732228 -0.01845669
v 0.02469416 0.04720828 -0.01798771
v 0.03013316 0.04532928 -0.01999998
v 0.03132216 0.04369328 -0.01999998
v 0.03277316 0.04115728 -0.01999998
v 0.03394316 0.03838028 -0.01999998
v 0.03443316 0.03686628 -0.01999998
v 0.03524416 0.03338428 -0.01999998
v 0.03571816 0.02960728 -0.01999998
v 0.03585616 0.02591328 -0.01999998
v 0.03536916 0.02591328 -0.01995194
v 0.03490016 0.02591328 -0.01980968
v 0.03446716 0.02591328 -0.01957865
v 0.03408916 0.02591328 -0.01926775
v 0.03377816 0.02591328 -0.01888891
v 0.03354716 0.02591328 -0.01845669
v 0.03340416 0.02591328 -0.01798771
v 0.02794516 0.04701328 -0.01995194
v 0.02761816 0.04667628 -0.01980968
v 0.02731716 0.04636628 -0.01957865
v 0.02705416 0.04609428 -0.01926775
v 0.02683716 0.04587128 -0.01888891
v 0.02667716 0.04570528 -0.01845669
v 0.02657816 0.04560328 -0.01798771
v 0.02975216 0.04502428 -0.01995194
v 0.02938616 0.04473128 -0.01980968
v 0.02904916 0.04446128 -0.01957865
v 0.02875316 0.04422528 -0.01926775
v 0.02851016 0.04403128 -0.01888891
v 0.02832916 0.04388628 -0.01845669
v 0.02821816 0.04379828 -0.01798771
v 0.03091516 0.04342528 -0.01995194
v 0.03052316 0.04316628 -0.01980968
v 0.03016216 0.04292928 -0.01957865
v 0.02984616 0.04272028 -0.01926775
v 0.02958716 0.04254928 -0.01888891
v 0.02939416 0.04242228 -0.01845669
v 0.02927516 0.04234328 -0.01798771
v 0.03233616 0.04094128 -0.01995194
v 0.03191516 0.04073428 -0.01980968
v 0.03152716 0.04054328 -0.01957865
v 0.03118816 0.04037528 -0.01926775
v 0.03090916 0.04023828 -0.01888891
v 0.03070216 0.04013528 -0.01845669
v 0.03057416 0.04007328 -0.01798771
v 0.03348316 0.03821728 -0.01995194
v 0.03304116 0.03806028 -0.01980968
v 0.03263416 0.03791528 -0.01957865
v 0.03227716 0.03778828 -0.01926775
v 0.03198416 0.03768428 -0.01888891
v 0.03176616 0.03760728 -0.01845669
v 0.03163216 0.03755928 -0.01798771
v 0.03396516 0.03672928 -0.01995194
v 0.03351516 0.03659628 -0.01980968
v 0.03310116 0.03647528 -0.01957865
v 0.03273716 0.03636828 -0.01926775
v 0.03243916 0.03628028 -0.01888891
v 0.03221716 0.03621528 -0.01845669
v 0.03208116 0.03617528 -0.01798771
v 0.03476416 0.03329928 -0.01995194
v 0.03430216 0.03321728 -0.01980968
v 0.03387616 0.03314228 -0.01957865
v 0.03350316 0.03307628 -0.01926775
v 0.03319716 0.03302228 -0.01888891
v 0.03297016 0.03298128 -0.01845669
v 0.03283016 0.03295728 -0.01798771
v 0.03523116 0.02956928 -0.01995194
v 0.03476416 0.02953328 -0.01980968
v 0.03433316 0.02949928 -0.01957865
v 0.03395516 0.02947028 -0.01926775
v 0.03364516 0.02944628 -0.01888891
v 0.03341516 0.02942828 -0.01845669
v 0.03327316 0.02941728 -0.01798771
v 0.03571916 0.02224628 -0.01999998
v 0.03529516 0.01872228 -0.01999998
v 0.03456416 0.01535578 -0.01999998
v 0.03423216 0.01421728 -0.01999998
v 0.03315516 0.01131838 -0.01999998
v 0.03179016 0.00861028 -0.01999998
v 0.03135216 0.00788168 -0.01999998
v 0.02963316 0.00546688 -0.01999998
v 0.02765616 0.00329738 -0.01999998
v 0.02643216 0.00218388 -0.01999998
v 0.02611616 0.00255518 -0.01995194
v 0.02581216 0.00291228 -0.01980968
v 0.02553216 0.00324138 -0.01957865
v 0.02528616 0.00352988 -0.01926775
v 0.02508516 0.00376658 -0.01888891
v 0.02493516 0.00394248 -0.01845669
v 0.02484316 0.00405078 -0.01798771
v 0.03523316 0.02228328 -0.01995194
v 0.03476516 0.02231928 -0.01980968
v 0.03433416 0.02235228 -0.01957865
v 0.03395716 0.02238128 -0.01926775
v 0.03364716 0.02240528 -0.01888891
v 0.03341616 0.02242328 -0.01845669
v 0.03327416 0.02243428 -0.01798771
v 0.03481416 0.01880238 -0.01995194
v 0.03435116 0.01887948 -0.01980968
v 0.03392516 0.01895048 -0.01957865
v 0.03355116 0.01901268 -0.01926775
v 0.03324516 0.01906378 -0.01888891
v 0.03301716 0.01910178 -0.01845669
v 0.03287616 0.01912518 -0.01798771
v 0.03409316 0.01548358 -0.01995194
v 0.03364116 0.01560648 -0.01980968
v 0.03322316 0.01571968 -0.01957865
v 0.03285816 0.01581898 -0.01926775
v 0.03255816 0.01590038 -0.01888891
v 0.03233516 0.01596098 -0.01845669
v 0.03219816 0.01599828 -0.01798771
v 0.03376616 0.01436278 -0.01995194
v 0.03331916 0.01450278 -0.01980968
v 0.03290616 0.01463168 -0.01957865
v 0.03254416 0.01474478 -0.01926775
v 0.03224816 0.01483758 -0.01888891
v 0.03202716 0.01490648 -0.01845669
v 0.03189116 0.01494898 -0.01798771
v 0.03270816 0.01151288 -0.01995194
v 0.03227816 0.01169978 -0.01980968
v 0.03188116 0.01187208 -0.01957865
v 0.03153416 0.01202308 -0.01926775
v 0.03124916 0.01214708 -0.01888891
v 0.03103716 0.01223918 -0.01845669
v 0.03090616 0.01229588 -0.01798771
v 0.03136816 0.00885478 -0.01995194
v 0.03096216 0.00908988 -0.01980968
v 0.03058916 0.00930658 -0.01957865
v 0.03026116 0.00949648 -0.01926775
v 0.02999216 0.00965228 -0.01888891
v 0.02979216 0.00976808 -0.01845669
v 0.02966916 0.00983938 -0.01798771
v 0.03093816 0.00814028 -0.01995194
v 0.03054116 0.00838888 -0.01980968
v 0.03017416 0.00861798 -0.01957865
v 0.02985316 0.00881878 -0.01926775
v 0.02958916 0.00898358 -0.01888891
v 0.02939316 0.00910608 -0.01845669
v 0.02927316 0.00918148 -0.01798771
v 0.02925416 0.00577318 -0.01995194
v 0.02888916 0.00606768 -0.01980968
v 0.02855216 0.00633908 -0.01957865
v 0.02825716 0.00657708 -0.01926775
v 0.02801516 0.00677228 -0.01888891
v 0.02783616 0.00691738 -0.01845669
v 0.02772516 0.00700668 -0.01798771
v 0.02731516 0.00364698 -0.01995194
v 0.02698816 0.00398308 -0.01980968
v 0.02668716 0.00429288 -0.01957865
v 0.02642316 0.00456438 -0.01926775
v 0.02620616 0.00478728 -0.01888891
v 0.02604516 0.00495278 -0.01845669
v 0.02594616 0.00505478 -0.01798771
v -0.00326484 0.05618028 -0.01999998
v 0.00244016 0.05602828 -0.01999998
v -0.00326484 0.05569228 -0.01995194
v -0.00326484 0.05522328 -0.01980968
v -0.00326484 0.05479128 -0.01957865
v -0.00326484 0.05441228 -0.01926775
v -0.00326484 0.05410228 -0.01888891
v -0.00326484 0.05387028 -0.01845669
v -0.00326484 0.05372828 -0.01798771
v 0.00686516 0.05566528 -0.01999998
v 0.01118716 0.05504528 -0.01999998
v 0.01526816 0.05414828 -0.01999998
v 0.01666216 0.05375528 -0.01999998
v 0.01968716 0.05271128 -0.01999998
v 0.02249016 0.05144828 -0.01999998
v 0.02505616 0.04995228 -0.01999998
v 0.00241316 0.05554128 -0.01995194
v 0.00238716 0.05507328 -0.01980968
v 0.00236316 0.05464128 -0.01957865
v 0.00234216 0.05426328 -0.01926775
v 0.00232516 0.05395328 -0.01888891
v 0.00231216 0.05372228 -0.01845669
v 0.00230416 0.05358028 -0.01798771
v 0.00681216 0.05518028 -0.01995194
v 0.00676016 0.05471428 -0.01980968
v 0.00671216 0.05428428 -0.01957865
v 0.00667116 0.05390828 -0.01926775
v 0.00663716 0.05359928 -0.01888891
v 0.00661116 0.05336928 -0.01845669
v 0.00659616 0.05322828 -0.01798771
v 0.01110116 0.05456528 -0.01995194
v 0.01101816 0.05410328 -0.01980968
v 0.01094216 0.05367828 -0.01957865
v 0.01087516 0.05330528 -0.01926775
v 0.01082116 0.05299928 -0.01888891
v 0.01078016 0.05277228 -0.01845669
v 0.01075516 0.05263228 -0.01798771
v 0.01514316 0.05367728 -0.01995194
v 0.01502316 0.05322428 -0.01980968
v 0.01491316 0.05280628 -0.01957865
v 0.01481616 0.05243928 -0.01926775
v 0.01473616 0.05213928 -0.01888891
v 0.01467716 0.05191628 -0.01845669
v 0.01464116 0.05177828 -0.01798771
v 0.01652216 0.05328828 -0.01995194
v 0.01638716 0.05283928 -0.01980968
v 0.01626316 0.05242528 -0.01957865
v 0.01615416 0.05206228 -0.01926775
v 0.01606516 0.05176428 -0.01888891
v 0.01599816 0.05154328 -0.01845669
v 0.01595716 0.05140728 -0.01798771
v 0.01950816 0.05225728 -0.01995194
v 0.01933516 0.05182128 -0.01980968
v 0.01917716 0.05141928 -0.01957865
v 0.01903816 0.05106728 -0.01926775
v 0.01892416 0.05077828 -0.01888891
v 0.01883916 0.05056328 -0.01845669
v 0.01878716 0.05043028 -0.01798771
v 0.02226716 0.05101428 -0.01995194
v 0.02205416 0.05059728 -0.01980968
v 0.02185616 0.05021228 -0.01957865
v 0.02168416 0.04987528 -0.01926775
v 0.02154216 0.04959928 -0.01888891
v 0.02143716 0.04939328 -0.01845669
v 0.02137216 0.04926628 -0.01798771
v 0.02478616 0.04954528 -0.01995194
v 0.02452716 0.04915428 -0.01980968
v 0.02428816 0.04879428 -0.01957865
v 0.02407916 0.04847928 -0.01926775
v 0.02390716 0.04821928 -0.01888891
v 0.02377916 0.04802728 -0.01845669
v 0.02370016 0.04790828 -0.01798771
v 0.02397216 0.00034268 -0.01999998
v 0.02122016 -0.00124552 -0.01999998
v 0.01808316 -0.00262172 -0.01999998
v 0.01422016 -0.00385262 -0.01999998
v 0.00996216 -0.00476832 -0.01999998
v 0.00528116 -0.00537282 -0.01999998
v 0.00338416 -0.00552032 -0.01999998
v -0.00202784 -0.00568802 -0.01999998
v -0.00202784 -0.00520032 -0.01995194
v -0.00202784 -0.00473132 -0.01980968
v -0.00202784 -0.00429912 -0.01957865
v -0.00202784 -0.00392022 -0.01926775
v -0.00202784 -0.00360932 -0.01888891
v -0.00202784 -0.00337832 -0.01845669
v -0.00202784 -0.00323602 -0.01798771
v 0.02370416 0.00075018 -0.01995194
v 0.02344616 0.00114208 -0.01980968
v 0.02320916 0.00150328 -0.01957865
v 0.02300116 0.00181978 -0.01926775
v 0.02283016 0.00207958 -0.01888891
v 0.02270316 0.00227268 -0.01845669
v 0.02262516 0.00239148 -0.01798771
v 0.02100016 -0.00081022 -0.01995194
v 0.02078816 -0.00039152 -0.01980968
v 0.02059316 -0.00000572 -0.01957865
v 0.02042316 0.00033238 -0.01926775
v 0.02028216 0.00060988 -0.01888891
v 0.02017816 0.00081608 -0.01845669
v 0.02011416 0.00094308 -0.01798771
v 0.01791016 -0.00216562 -0.01995194
v 0.01774416 -0.00172702 -0.01980968
v 0.01759116 -0.00132282 -0.01957865
v 0.01745716 -0.00096852 -0.01926775
v 0.01734716 -0.00067782 -0.01888891
v 0.01726516 -0.00046172 -0.01845669
v 0.01721416 -0.00032872 -0.01798771
v 0.01409516 -0.00338112 -0.01995194
v 0.01397516 -0.00292772 -0.01980968
v 0.01386516 -0.00250982 -0.01957865
v 0.01376816 -0.00214352 -0.01926775
v 0.01368816 -0.00184302 -0.01888891
v 0.01362916 -0.00161962 -0.01845669
v 0.01359316 -0.00148212 -0.01798771
v 0.00988116 -0.00428752 -0.01995194
v 0.00980216 -0.00382522 -0.01980968
v 0.00972916 -0.00339912 -0.01957865
v 0.00966616 -0.00302562 -0.01926775
v 0.00961416 -0.00271912 -0.01888891
v 0.00957516 -0.00249142 -0.01845669
v 0.00955116 -0.00235112 -0.01798771
v 0.00523616 -0.00488712 -0.01995194
v 0.00519416 -0.00442002 -0.01980968
v 0.00515416 -0.00398962 -0.01957865
v 0.00512016 -0.00361232 -0.01926775
v 0.00509216 -0.00330272 -0.01888891
v 0.00507116 -0.00307272 -0.01845669
v 0.00505816 -0.00293102 -0.01798771
v 0.00335216 -0.00503362 -0.01995194
v 0.00332216 -0.00456562 -0.01980968
v 0.00329416 -0.00413432 -0.01957865
v 0.00327016 -0.00375622 -0.01926775
v 0.00325016 -0.00344592 -0.01888891
v 0.00323516 -0.00321542 -0.01845669
v 0.00322616 -0.00307342 -0.01798771
v -0.02576984 0.05369228 -0.01774502
v -0.02580584 0.05372828 -0.01798771
v -0.02586584 0.05378828 -0.01822569
v -0.02594884 0.05387028 -0.01845669
v -0.02605284 0.05397528 -0.01867847
v -0.02617984 0.05410228 -0.01888891
v -0.02648984 0.05441228 -0.01926775
v -0.02686884 0.05479128 -0.01957865
v -0.02730184 0.05522328 -0.01980968
v -0.02777084 0.05569228 -0.01995194
v -0.02825784 0.05618028 -0.01999998
v -0.02825784 -0.00568802 -0.01999998
v -0.02777084 -0.00520032 -0.01995194
v -0.02730184 -0.00473132 -0.01980968
v -0.02686884 -0.00429912 -0.01957865
v -0.02648984 -0.00392022 -0.01926775
v -0.02617984 -0.00360932 -0.01888891
v -0.02605284 -0.00348322 -0.01867847
v -0.02594884 -0.00337832 -0.01845669
v -0.02586584 -0.00329562 -0.01822569
v -0.02580584 -0.00323602 -0.01798771
v -0.02576984 -0.00320002 -0.01774502
v 0.01197116 0.06550528 0.02000002
v 0.00401116 0.06620028 0.02000002
v 0.04875316 0.02778328 0.02000002
v 0.04850916 0.03234528 0.02000002
v 0.01689516 0.06471528 0.02000002
v 0.01004416 0.06573328 0.02000002
v -0.00225584 0.06634928 0.02000002
v -0.04054284 0.06634928 0.02000002
v 0.04876016 0.02682528 0.02000002
v 0.04792016 0.03659728 0.02000002
v 0.01760816 -0.01170212 0.02000002
v 0.04747816 0.01573628 0.02000002
v 0.04698516 0.04056128 0.02000002
v 0.03662616 0.05641728 0.02000002
v 0.03535616 0.05738328 0.02000002
v 0.02254916 0.06336128 0.02000002
v 0.02158716 0.06363128 0.02000002
v 0.03105316 -0.00585482 0.02000002
v 0.03416416 -0.00380192 0.02000002
v 0.03972016 0.00112608 0.02000002
v 0.04644416 0.01231808 0.02000002
v 0.04569516 0.04425628 0.02000002
v 0.04244416 0.05022528 0.02000002
v 0.04124816 0.05181728 0.02000002
v 0.03907316 0.05423328 0.02000002
v 0.03249716 0.05922828 0.02000002
v 0.02608116 0.06220328 0.02000002
v -0.02825784 -0.01553172 0.02000002
v 0.00673416 -0.01553172 0.02000002
v 0.02244116 -0.00999192 0.02000002
v 0.04030916 0.00178728 0.02000002
v 0.04242116 0.00449378 0.02000002
v 0.04423116 0.00739838 0.02000002
v 0.04819916 0.01929668 0.02000002
v 0.04862216 0.02299628 0.02000002
v 0.04421916 0.04735428 0.02000002
v 0.02940216 0.06082928 0.02000002
v 0.04273616 -0.07738072 0.02000002
v 0.02701716 -0.00802762 0.02000002
v 0.03710416 -0.00144562 0.02000002
v 0.04574616 0.01052368 0.02000002
v 0.05730916 -0.07738072 0.02000002
v -0.04054284 -0.07738072 0.02000002
v -0.02825784 -0.07738072 0.02000002
v 0.03693116 0.05679828 0.01995202
v 0.03722516 0.05716428 0.01980972
v 0.03749516 0.05750128 0.01957872
v 0.03773216 0.05779628 0.01926782
v 0.03792716 0.05803928 0.01888892
v 0.03807116 0.05821928 0.01845672
v 0.03816016 0.05833028 0.01798772
v 0.03819016 0.05836828 0.01750002
v 0.04283016 0.05379128 0.01750002
v 0.04319516 0.05338528 0.01750002
v 0.04449216 0.05165728 0.01750002
v 0.04641516 0.04854928 0.01750002
v 0.04800516 0.04521128 0.01750002
v 0.04647016 0.04843328 0.01750002
v 0.04904416 0.04223728 0.01750002
v 0.04938616 0.04125828 0.01750002
v 0.05037816 0.03705228 0.01750002
v 0.05099816 0.03258128 0.01750002
v 0.05064816 0.03510228 0.01750002
v 0.05125316 0.02782128 0.01750002
v 0.04924816 0.02682528 0.01995202
v 0.04971716 0.02682528 0.01980972
v 0.05014916 0.02682528 0.01957872
v 0.05052816 0.02682528 0.01926782
v 0.05083916 0.02682528 0.01888892
v 0.05107016 0.02682528 0.01845672
v 0.05121216 0.02682528 0.01798772
v 0.05126016 0.02682528 0.01750002
v 0.04083616 0.05600528 0.01750002
v 0.03941716 0.05457828 0.01995202
v 0.03974816 0.05491128 0.01980972
v 0.04005216 0.05521728 0.01957872
v 0.04032016 0.05548628 0.01926782
v 0.04053916 0.05570628 0.01888892
v 0.04070216 0.05587028 0.01845672
v 0.04080216 0.05597128 0.01798772
v 0.04162816 0.05212328 0.01995202
v 0.04199316 0.05241728 0.01980972
v 0.04233016 0.05268828 0.01957872
v 0.04262516 0.05292628 0.01926782
v 0.04286716 0.05312128 0.01888892
v 0.04304716 0.05326628 0.01845672
v 0.04315816 0.05335528 0.01798772
v 0.04284316 0.05050428 0.01995202
v 0.04322816 0.05077328 0.01980972
v 0.04358216 0.05102128 0.01957872
v 0.04389216 0.05123828 0.01926782
v 0.04414716 0.05141628 0.01888892
v 0.04433616 0.05154828 0.01845672
v 0.04464816 0.04758728 0.01995202
v 0.04506016 0.04781128 0.01980972
v 0.04543916 0.04801828 0.01957872
v 0.04577216 0.04819928 0.01926782
v 0.04604516 0.04834828 0.01888892
v 0.04445316 0.05163028 0.01798772
v 0.04624816 0.04845828 0.01845672
v 0.04614516 0.04444228 0.01995202
v 0.04657916 0.04462128 0.01980972
v 0.04697816 0.04478728 0.01957872
v 0.04732816 0.04493128 0.01926782
v 0.04761616 0.04505028 0.01888892
v 0.04637316 0.04852628 0.01798772
v 0.04782916 0.04513828 0.01845672
v 0.04796116 0.04519328 0.01798772
v 0.04745316 0.04069728 0.01995202
v 0.04790416 0.04082828 0.01980972
v 0.04831916 0.04094828 0.01957872
v 0.04868316 0.04105428 0.01926782
v 0.04898116 0.04114028 0.01888892
v 0.04920316 0.04120528 0.01845672
v 0.04934016 0.04124428 0.01798772
v 0.04840016 0.03668528 0.01995202
v 0.04886116 0.03677128 0.01980972
v 0.04928616 0.03685028 0.01957872
v 0.04965816 0.03691928 0.01926782
v 0.04996416 0.03697528 0.01888892
v 0.05019116 0.03701828 0.01845672
v 0.04899416 0.03239128 0.01995202
v 0.04946116 0.03243528 0.01980972
v 0.04989116 0.03247628 0.01957872
v 0.05026916 0.03251228 0.01926782
v 0.05057816 0.03254128 0.01888892
v 0.05033116 0.03704328 0.01798772
v 0.05080816 0.03256328 0.01845672
v 0.05095016 0.03257628 0.01798772
v 0.04924116 0.02779128 0.01995202
v 0.04970916 0.02779828 0.01980972
v 0.05014216 0.02780428 0.01957872
v 0.05052016 0.02781028 0.01926782
v 0.05083116 0.02781428 0.01888892
v 0.05106216 0.02781828 0.01845672
v 0.05120516 0.02782028 0.01798772
v -0.00225584 0.06683728 0.01995202
v -0.00225584 0.06730628 0.01980972
v -0.00225584 0.06773828 0.01957872
v -0.00225584 0.06811728 0.01926782
v -0.00225584 0.06842828 0.01888892
v -0.00225584 0.06865928 0.01845672
v -0.00225584 0.06880128 0.01798772
v -0.00225584 0.06884928 0.01750002
v 0.01025516 0.06822328 0.01750002
v 0.01031216 0.06821928 0.01750002
v 0.01229216 0.06798528 0.01750002
v 0.02224216 0.06604428 0.01750002
v 0.01980416 0.06660728 0.01750002
v 0.02324616 0.06576228 0.01750002
v 0.03045216 0.06309828 0.01750002
v 0.02764216 0.06426128 0.01750002
v 0.03681816 0.05941128 0.01750002
v 0.03402316 0.06121528 0.01750002
v 0.03374716 0.06139328 0.01750002
v 0.02694616 0.06454928 0.01750002
v 0.01737116 0.06717028 0.01750002
v 0.00413416 0.06869728 0.01750002
v 0.00403516 0.06668728 0.01995202
v 0.00405816 0.06715628 0.01980972
v 0.00407916 0.06758828 0.01957872
v 0.00409816 0.06796628 0.01926782
v 0.00411316 0.06827628 0.01888892
v 0.00412416 0.06850728 0.01845672
v 0.00413116 0.06864928 0.01798772
v 0.01009616 0.06621828 0.01995202
v 0.01014716 0.06668528 0.01980972
v 0.01019316 0.06711428 0.01957872
v 0.01023416 0.06749128 0.01926782
v 0.01026716 0.06780028 0.01888892
v 0.01029216 0.06803028 0.01845672
v 0.01030716 0.06817128 0.01798772
v 0.01203416 0.06598928 0.01995202
v 0.01209416 0.06645428 0.01980972
v 0.01214916 0.06688328 0.01957872
v 0.01219816 0.06725828 0.01926782
v 0.01223816 0.06756728 0.01888892
v 0.01226716 0.06779628 0.01845672
v 0.01228616 0.06793728 0.01798772
v 0.01698816 0.06519428 0.01995202
v 0.01707716 0.06565428 0.01980972
v 0.01715916 0.06607928 0.01957872
v 0.01723116 0.06645128 0.01926782
v 0.01729116 0.06675628 0.01888892
v 0.01733516 0.06698328 0.01845672
v 0.01736216 0.06712228 0.01798772
v 0.02171516 0.06410228 0.01995202
v 0.02183816 0.06455428 0.01980972
v 0.02195116 0.06497228 0.01957872
v 0.02205016 0.06533728 0.01926782
v 0.02213216 0.06563728 0.01888892
v 0.02219216 0.06586028 0.01845672
v 0.02223016 0.06599728 0.01798772
v 0.02268516 0.06383028 0.01995202
v 0.02281616 0.06428028 0.01980972
v 0.02293616 0.06469528 0.01957872
v 0.02304216 0.06505928 0.01926782
v 0.02312816 0.06535728 0.01888892
v 0.02319316 0.06557928 0.01845672
v 0.02323216 0.06571628 0.01798772
v 0.02625016 0.06266128 0.01995202
v 0.02641216 0.06310128 0.01980972
v 0.02656216 0.06350628 0.01957872
v 0.02669316 0.06386228 0.01926782
v 0.02680116 0.06415328 0.01888892
v 0.02688016 0.06437028 0.01845672
v 0.02693016 0.06450428 0.01798772
v 0.02960716 0.06127228 0.01995202
v 0.02980416 0.06169728 0.01980972
v 0.02998516 0.06209028 0.01957872
v 0.03014416 0.06243428 0.01926782
v 0.03027516 0.06271628 0.01888892
v 0.03037216 0.06292528 0.01845672
v 0.03043216 0.06305428 0.01798772
v 0.03274116 0.05965028 0.01995202
v 0.03297616 0.06005628 0.01980972
v 0.03319216 0.06043128 0.01957872
v 0.03338116 0.06075928 0.01926782
v 0.03353716 0.06102828 0.01888892
v 0.03365216 0.06122828 0.01845672
v 0.03372316 0.06135128 0.01798772
v 0.03564216 0.05777828 0.01995202
v 0.03591616 0.05815928 0.01980972
v 0.03616916 0.05851028 0.01957872
v 0.03639016 0.05881728 0.01926782
v 0.03657216 0.05906928 0.01888892
v 0.03670716 0.05925628 0.01845672
v 0.03679016 0.05937228 0.01798772
v 0.05111516 0.02281128 0.01750002
v 0.04990316 0.01512848 0.01750002
v 0.05061816 0.01865958 0.01750002
v 0.04804916 0.00955188 0.01750002
v 0.04875116 0.01135678 0.01750002
v 0.04447016 0.00306148 0.01750002
v 0.04573716 0.00509498 0.01750002
v 0.04219816 0.00014878 0.01750002
v 0.04175816 -0.00034422 0.01750002
v 0.04156516 -0.00056152 0.01750002
v 0.03876316 -0.00331632 0.01750002
v 0.03661816 -0.00503532 0.01750002
v 0.03563116 -0.00582582 0.01750002
v 0.03234116 -0.00799772 0.01750002
v 0.02810216 -0.01027982 0.01750002
v 0.03029816 -0.00909762 0.01750002
v 0.02333216 -0.01232762 0.01750002
v 0.01790616 -0.01180962 0.01999202
v 0.01832816 -0.01196202 0.01992532
v 0.01761716 -0.01170552 0.02000002
v 0.01900816 -0.01220772 0.01981782
v 0.01903716 -0.01221802 0.01980842
v 0.01949916 -0.01238492 0.01965622
v 0.01967116 -0.01244692 0.01956702
v 0.02024916 -0.01265552 0.01926652
v 0.02026416 -0.01266112 0.01925852
v 0.02053816 -0.01276012 0.01905142
v 0.02070016 -0.01281872 0.01888272
v 0.02105216 -0.01294582 0.01846912
v 0.02105916 -0.01294812 0.01845642
v 0.02093116 -0.01290192 0.01864342
v 0.02123116 -0.01301022 0.01811202
v 0.02126716 -0.01302312 0.01798692
v 0.02131316 -0.01303982 0.01782592
v 0.02134516 -0.01305132 0.01750002
v 0.02268616 -0.01256272 0.01750002
v 0.04642016 0.00619048 0.01750002
v 0.04879816 0.01147668 0.01750002
v 0.05066916 0.01890908 0.01750002
v 0.04910816 0.02296028 0.01995202
v 0.04957616 0.02292528 0.01980972
v 0.05000716 0.02289328 0.01957872
v 0.05038516 0.02286528 0.01926782
v 0.05069516 0.02284228 0.01888892
v 0.05092516 0.02282528 0.01845672
v 0.05106716 0.02281528 0.01798772
v 0.04868116 0.01922108 0.01995202
v 0.04914416 0.01914838 0.01980972
v 0.04957116 0.01908128 0.01957872
v 0.04994516 0.01902258 0.01926782
v 0.05025216 0.01897438 0.01888892
v 0.05048116 0.01893858 0.01845672
v 0.05062116 0.01891648 0.01798772
v 0.04795116 0.01561768 0.01995202
v 0.04840616 0.01550368 0.01980972
v 0.04882516 0.01539858 0.01957872
v 0.04919316 0.01530648 0.01926782
v 0.04949416 0.01523088 0.01888892
v 0.04971816 0.01517468 0.01845672
v 0.04985616 0.01514018 0.01798772
v 0.04690316 0.01215398 0.01995202
v 0.04734516 0.01199608 0.01980972
v 0.04775216 0.01185068 0.01957872
v 0.04810916 0.01172318 0.01926782
v 0.04840116 0.01161848 0.01888892
v 0.04861916 0.01154078 0.01845672
v 0.04875316 0.01149288 0.01798772
v 0.04619516 0.01033408 0.01995202
v 0.04662716 0.01015178 0.01980972
v 0.04702516 0.00998378 0.01957872
v 0.04737516 0.00983658 0.01926782
v 0.04766116 0.00971568 0.01888892
v 0.04787416 0.00962588 0.01845672
v 0.04800516 0.00957058 0.01798772
v 0.04465816 0.00716278 0.01995202
v 0.04506816 0.00693618 0.01980972
v 0.04544716 0.00672728 0.01957872
v 0.04577916 0.00654428 0.01926782
v 0.04605116 0.00639408 0.01888892
v 0.04625316 0.00628248 0.01845672
v 0.04637816 0.00621368 0.01798772
v 0.04282116 0.00421438 0.01995202
v 0.04320616 0.00394568 0.01980972
v 0.04356016 0.00369808 0.01957872
v 0.04387016 0.00348098 0.01926782
v 0.04412516 0.00330288 0.01888892
v 0.04431416 0.00317048 0.01845672
v 0.04443116 0.00308898 0.01798772
v 0.04067816 0.00146758 0.01995202
v 0.04103216 0.00116028 0.01980972
v 0.04135816 0.00087698 0.01957872
v 0.04164516 0.00062868 0.01926782
v 0.04187916 0.00042488 0.01888892
v 0.04205416 0.00027348 0.01845672
v 0.04008016 0.00079688 0.01995202
v 0.04042616 0.00048028 0.01980972
v 0.04074516 0.00018848 0.01957872
v 0.04102416 -0.00006722 0.01926782
v 0.04125416 -0.00027712 0.01888892
v 0.04216116 0.00018028 0.01798772
v 0.04142416 -0.00043302 0.01845672
v 0.04152916 -0.00052912 0.01798772
v 0.03742816 -0.00181062 0.01995202
v 0.03773916 -0.00216152 0.01980972
v 0.03802616 -0.00248492 0.01957872
v 0.03827716 -0.00276842 0.01926782
v 0.03848316 -0.00300102 0.01888892
v 0.03863716 -0.00317392 0.01845672
v 0.03445016 -0.00419682 0.01995202
v 0.03472516 -0.00457642 0.01980972
v 0.03497916 -0.00492632 0.01957872
v 0.03520216 -0.00523302 0.01926782
v 0.03538416 -0.00548472 0.01888892
v 0.03873116 -0.00328042 0.01798772
v 0.03552016 -0.00567172 0.01845672
v 0.03560316 -0.00578692 0.01798772
v 0.03130516 -0.00627292 0.01995202
v 0.03154616 -0.00667492 0.01980972
v 0.03176916 -0.00704532 0.01957872
v 0.03196416 -0.00737012 0.01926782
v 0.03212416 -0.00763652 0.01888892
v 0.03224316 -0.00783462 0.01845672
v 0.02722916 -0.00846702 0.01995202
v 0.02743216 -0.00888952 0.01980972
v 0.02762016 -0.00927892 0.01957872
v 0.02778416 -0.00962022 0.01926782
v 0.02791916 -0.00990032 0.01888892
v 0.03231616 -0.00795652 0.01798772
v 0.02801916 -0.01010842 0.01845672
v 0.02808116 -0.01023662 0.01798772
v 0.02261516 -0.01044762 0.01995202
v 0.02278216 -0.01088572 0.01980972
v 0.02293616 -0.01128952 0.01957872
v 0.02307116 -0.01164352 0.01926782
v 0.02318216 -0.01193402 0.01888892
v 0.02326516 -0.01214982 0.01845672
v 0.02331516 -0.01228272 0.01798772
v 0.03961116 0.05716328 -0.01749998
v 0.04211816 0.05465328 -0.01749998
v 0.04281516 0.05378228 -0.01749998
v 0.04433516 0.05188128 -0.01749998
v 0.04499716 0.05091428 -0.01749998
v 0.04645116 0.04842228 -0.01749998
v 0.04679116 0.04783928 -0.01749998
v 0.04826716 0.04456028 -0.01749998
v 0.04896416 0.04262128 -0.01749998
v 0.04906816 0.04224728 -0.01749998
v 0.05000216 0.03887628 -0.01749998
v 0.05069316 0.03510828 -0.01749998
v 0.05071416 0.03499128 -0.01749998
v 0.05112716 0.03097028 -0.01749998
v 0.05126016 0.02682528 -0.01749998
v 0.03819016 0.05836828 -0.01749998
v -0.04303084 0.06883728 0.01774502
v -0.04299484 0.06880128 0.01798772
v -0.04304284 0.06884928 0.01750002
v -0.04293584 0.06874228 0.01822572
v -0.04285284 0.06865928 0.01845672
v -0.04274784 0.06855428 0.01867852
v -0.04262184 0.06842828 0.01888892
v -0.04231084 0.06811728 0.01926782
v -0.04193184 0.06773828 0.01957872
v -0.04149984 0.06730628 0.01980972
v -0.04103084 0.06683728 0.01995202
v 0.01025316 0.06819728 -0.01749998
v 0.00486416 0.06865928 -0.01749998
v -0.00225584 0.06884928 -0.01749998
v 0.01419016 0.06771828 -0.01749998
v 0.01130316 0.06810728 -0.01749998
v 0.01981116 0.06664128 -0.01749998
v 0.01951616 0.06672028 -0.01749998
v 0.02443116 0.06540528 -0.01749998
v 0.02765116 0.06428228 -0.01749998
v 0.02763316 0.06429028 -0.01749998
v 0.03401016 0.06119128 -0.01749998
v 0.03149516 0.06259928 -0.01749998
v 0.03500616 0.06063328 -0.01749998
v 0.05815716 -0.07785907 0.01990482
v 0.05900616 -0.07833743 0.01980972
v 0.05977216 -0.07876965 0.01957872
v 0.06044416 -0.07914848 0.01926782
v 0.06099516 -0.07945939 0.01888892
v 0.06121816 -0.07958552 0.01867852
v 0.06140416 -0.07969042 0.01845672
v 0.06155116 -0.07977307 0.01822572
v 0.06165716 -0.07983268 0.01798772
v 0.06172016 -0.07986868 0.01774502
v 0.06174216 -0.07988072 0.01750002
v 0.05061816 0.01865958 -0.01749998
v 0.05066916 0.01890908 -0.01749998
v 0.05111516 0.02281128 -0.01749998
v 0.04879816 0.01147668 -0.01749998
v 0.04990316 0.01512848 -0.01749998
v 0.04875116 0.01135678 -0.01749998
v 0.04573716 0.00509498 -0.01749998
v 0.04642016 0.00619048 -0.01749998
v 0.04804916 0.00955188 -0.01749998
v 0.04175816 -0.00034422 -0.01749998
v 0.04219816 0.00014878 -0.01749998
v 0.04447016 0.00306148 -0.01749998
v 0.03661816 -0.00503532 -0.01749998
v 0.03876316 -0.00331632 -0.01749998
v 0.04156516 -0.00056152 -0.01749998
v 0.03029816 -0.00909762 -0.01749998
v 0.03234116 -0.00799772 -0.01749998
v 0.03563116 -0.00582582 -0.01749998
v 0.02268616 -0.01256272 -0.01749998
v 0.02333216 -0.01232762 -0.01749998
v 0.02810216 -0.01027982 -0.01749998
v 0.02134516 -0.01305132 -0.01749998
v 0.04924816 0.02682528 -0.01995194
v 0.04876016 0.02682528 -0.01999998
v 0.04863216 0.03080528 -0.01999998
v 0.04971716 0.02682528 -0.01980968
v 0.05014916 0.02682528 -0.01957865
v 0.05052816 0.02682528 -0.01926775
v 0.05083916 0.02682528 -0.01888891
v 0.05107016 0.02682528 -0.01845669
v 0.05121216 0.02682528 -0.01798771
v 0.04823916 0.03464128 -0.01999998
v 0.04756416 0.03832028 -0.01999998
v 0.04659016 0.04183828 -0.01999998
v 0.04593816 0.04365028 -0.01999998
v 0.04456716 0.04669628 -0.01999998
v 0.04290916 0.04953928 -0.01999998
v 0.04229816 0.05043128 -0.01999998
v 0.04025616 0.05298628 -0.01999998
v 0.03693116 0.05679828 -0.01995194
v 0.03794116 0.05530228 -0.01999998
v 0.03722516 0.05716428 -0.01980968
v 0.03749516 0.05750128 -0.01957865
v 0.03773216 0.05779628 -0.01926775
v 0.03792716 0.05803928 -0.01888891
v 0.03807116 0.05821928 -0.01845669
v 0.03816016 0.05833028 -0.01798771
v 0.03662616 0.05641728 -0.01999998
v 0.04911916 0.03083728 -0.01995194
v 0.04958716 0.03086828 -0.01980968
v 0.05001816 0.03089728 -0.01957865
v 0.05039616 0.03092228 -0.01926775
v 0.05070616 0.03094228 -0.01888891
v 0.05093716 0.03095728 -0.01845669
v 0.05107916 0.03096728 -0.01798771
v 0.04872216 0.03470928 -0.01995194
v 0.04918616 0.03477528 -0.01980968
v 0.04961416 0.03483528 -0.01957865
v 0.04998916 0.03488828 -0.01926775
v 0.05029716 0.03493228 -0.01888891
v 0.05052616 0.03496428 -0.01845669
v 0.05066716 0.03498428 -0.01798771
v 0.04804016 0.03842928 -0.01995194
v 0.04849716 0.03853328 -0.01980968
v 0.04891816 0.03862928 -0.01957865
v 0.04928816 0.03871428 -0.01926775
v 0.04959116 0.03878328 -0.01888891
v 0.04981616 0.03883428 -0.01845669
v 0.04995516 0.03886628 -0.01798771
v 0.04705316 0.04199128 -0.01995194
v 0.04749816 0.04213828 -0.01980968
v 0.04790916 0.04227328 -0.01957865
v 0.04826916 0.04239228 -0.01926775
v 0.04856416 0.04248928 -0.01888891
v 0.04878316 0.04256128 -0.01845669
v 0.04891816 0.04260628 -0.01798771
v 0.04639216 0.04382828 -0.01995194
v 0.04682916 0.04399828 -0.01980968
v 0.04723216 0.04415628 -0.01957865
v 0.04758516 0.04429428 -0.01926775
v 0.04787416 0.04440728 -0.01888891
v 0.04808916 0.04449128 -0.01845669
v 0.04822216 0.04454328 -0.01798771
v 0.04500116 0.04691928 -0.01995194
v 0.04541816 0.04713428 -0.01980968
v 0.04580216 0.04733128 -0.01957865
v 0.04613916 0.04750428 -0.01926775
v 0.04641616 0.04764628 -0.01888891
v 0.04662116 0.04775228 -0.01845669
v 0.04674816 0.04781728 -0.01798771
v 0.04331616 0.04980728 -0.01995194
v 0.04370816 0.05006528 -0.01980968
v 0.04406916 0.05030328 -0.01957865
v 0.04438616 0.05051128 -0.01926775
v 0.04464516 0.05068228 -0.01888891
v 0.04483816 0.05080928 -0.01845669
v 0.04495716 0.05088728 -0.01798771
v 0.04269516 0.05071428 -0.01995194
v 0.04307716 0.05098628 -0.01980968
v 0.04343016 0.05123728 -0.01957865
v 0.04373816 0.05145628 -0.01926775
v 0.04399116 0.05163728 -0.01888891
v 0.04418016 0.05177128 -0.01845669
v 0.04429516 0.05185328 -0.01798771
v 0.04061916 0.05331128 -0.01995194
v 0.04096816 0.05362428 -0.01980968
v 0.04129016 0.05391228 -0.01957865
v 0.04157316 0.05416528 -0.01926775
v 0.04180416 0.05437228 -0.01888891
v 0.04197716 0.05452628 -0.01845669
v 0.04208316 0.05462128 -0.01798771
v 0.03826716 0.05566528 -0.01995194
v 0.03858016 0.05601428 -0.01980968
v 0.03886916 0.05633628 -0.01957865
v 0.03912216 0.05661828 -0.01926775
v 0.03933016 0.05684928 -0.01888891
v 0.03948416 0.05702128 -0.01845669
v 0.03957916 0.05712728 -0.01798771
v -0.04303084 -0.07986868 0.01774502
v -0.04299484 -0.07983268 0.01798772
v -0.04304284 -0.07988072 0.01750002
v -0.04293584 -0.07977307 0.01822572
v -0.04285284 -0.07969042 0.01845672
v -0.04274784 -0.07958552 0.01867852
v -0.04262184 -0.07945939 0.01888892
v -0.04231084 -0.07914848 0.01926782
v -0.04193184 -0.07876965 0.01957872
v -0.04149984 -0.07833743 0.01980972
v -0.04103084 -0.07786845 0.01995202
v -0.04304284 0.06884928 -0.01749998
v 0.03367216 0.05851928 -0.01999998
v 0.03038416 0.06035928 -0.01999998
v 0.02673416 0.06195728 -0.01999998
v 0.02368416 0.06301928 -0.01999998
v 0.01896516 0.06428228 -0.01999998
v 0.01381516 0.06524628 -0.01999998
v 0.01100916 0.06562428 -0.01999998
v -0.00225584 0.06683728 -0.01995194
v 0.00472516 0.06616328 -0.01999998
v -0.00225584 0.06730628 -0.01980968
v -0.00225584 0.06773828 -0.01957865
v -0.00225584 0.06811728 -0.01926775
v -0.00225584 0.06842828 -0.01888891
v -0.00225584 0.06865928 -0.01845669
v -0.00225584 0.06880128 -0.01798771
v -0.00225584 0.06634928 -0.01999998
v 0.03393216 0.05893128 -0.01995194
v 0.03418316 0.05932828 -0.01980968
v 0.03441316 0.05969328 -0.01957865
v 0.03461516 0.06001428 -0.01926775
v 0.03478116 0.06027728 -0.01888891
v 0.03490516 0.06047228 -0.01845669
v 0.03498116 0.06059228 -0.01798771
v 0.03060116 0.06079628 -0.01995194
v 0.03080916 0.06121628 -0.01980968
v 0.03100116 0.06160328 -0.01957865
v 0.03117016 0.06194228 -0.01926775
v 0.03130816 0.06222128 -0.01888891
v 0.03141016 0.06242828 -0.01845669
v 0.03147416 0.06255528 -0.01798771
v 0.02691016 0.06241228 -0.01995194
v 0.02707816 0.06285028 -0.01980968
v 0.02723416 0.06325328 -0.01957865
v 0.02737016 0.06360628 -0.01926775
v 0.02748216 0.06389728 -0.01888891
v 0.02756516 0.06411228 -0.01845669
v 0.02761616 0.06424528 -0.01798771
v 0.02383016 0.06348428 -0.01995194
v 0.02397016 0.06393228 -0.01980968
v 0.02409916 0.06434428 -0.01957865
v 0.02421216 0.06470628 -0.01926775
v 0.02430516 0.06500228 -0.01888891
v 0.02437516 0.06522328 -0.01845669
v 0.01907216 0.06475728 -0.01995194
v 0.01917616 0.06521528 -0.01980968
v 0.01927116 0.06563628 -0.01957865
v 0.01935416 0.06600628 -0.01926775
v 0.01942316 0.06630928 -0.01888891
v 0.02441716 0.06535928 -0.01798771
v 0.01947416 0.06653528 -0.01845669
v 0.01950516 0.06667328 -0.01798771
v 0.01388816 0.06572828 -0.01995194
v 0.01395916 0.06619228 -0.01980968
v 0.01402316 0.06661928 -0.01957865
v 0.01408016 0.06699428 -0.01926775
v 0.01412716 0.06730128 -0.01888891
v 0.01416216 0.06753028 -0.01845669
v 0.01106616 0.06610928 -0.01995194
v 0.01112116 0.06657428 -0.01980968
v 0.01117216 0.06700428 -0.01957865
v 0.01121716 0.06738028 -0.01926775
v 0.01125316 0.06768928 -0.01888891
v 0.01418316 0.06767028 -0.01798771
v 0.01128016 0.06791828 -0.01845669
v 0.00475216 0.06665028 -0.01995194
v 0.00477816 0.06711828 -0.01980968
v 0.00480216 0.06755028 -0.01957865
v 0.00482316 0.06792828 -0.01926775
v 0.00484116 0.06823828 -0.01888891
v 0.01129716 0.06805928 -0.01798771
v 0.00485316 0.06846928 -0.01845669
v 0.00486116 0.06861128 -0.01798771
v 0.04245616 -0.07786845 0.01995202
v 0.04218616 -0.07833743 0.01980972
v 0.04193816 -0.07876965 0.01957872
v 0.04172016 -0.07914848 0.01926782
v 0.04154116 -0.07945939 0.01888892
v 0.04140816 -0.07969042 0.01845672
v 0.04136116 -0.07977307 0.01822572
v 0.04130616 -0.07986868 0.01774502
v 0.04132716 -0.07983268 0.01798772
v 0.04129916 -0.07988072 0.01750002
v 0.06174216 -0.07988072 -0.01749998
v 0.04862216 0.02299628 -0.01999998
v 0.04819916 0.01929668 -0.01999998
v 0.04747816 0.01573628 -0.01999998
v 0.04644416 0.01231808 -0.01999998
v 0.04574616 0.01052368 -0.01999998
v 0.04423116 0.00739838 -0.01999998
v 0.04242116 0.00449378 -0.01999998
v 0.04030916 0.00178728 -0.01999998
v 0.03972016 0.00112608 -0.01999998
v 0.03710416 -0.00144562 -0.01999998
v 0.03416416 -0.00380192 -0.01999998
v 0.03105316 -0.00585482 -0.01999998
v 0.02701716 -0.00802762 -0.01999998
v 0.02244116 -0.00999192 -0.01999998
v 0.02131816 -0.01304172 -0.01779765
v 0.02126616 -0.01302272 -0.01798681
v 0.02123116 -0.01301022 -0.01811199
v 0.02114416 -0.01297882 -0.01830839
v 0.02105116 -0.01294532 -0.01845414
v 0.02093116 -0.01290192 -0.01864342
v 0.02071416 -0.01282342 -0.01888838
v 0.02070016 -0.01281852 -0.01890373
v 0.02026416 -0.01266112 -0.01925852
v 0.02024916 -0.01265572 -0.01926699
v 0.01981216 -0.01249792 -0.01951871
v 0.01967616 -0.01244882 -0.01956938
v 0.01903616 -0.01221772 -0.01980744
v 0.01900816 -0.01220772 -0.01981775
v 0.01872716 -0.01210612 -0.01988524
v 0.01833116 -0.01196302 -0.01992622
v 0.01761716 -0.01170552 -0.01999997
v 0.01760816 -0.01170212 -0.01999998
v 0.05106716 0.02281528 -0.01798771
v 0.05092516 0.02282528 -0.01845669
v 0.05069516 0.02284228 -0.01888891
v 0.05038516 0.02286528 -0.01926775
v 0.05000716 0.02289328 -0.01957865
v 0.04957616 0.02292528 -0.01980968
v 0.04910816 0.02296028 -0.01995194
v 0.05062116 0.01891648 -0.01798771
v 0.05048116 0.01893858 -0.01845669
v 0.05025216 0.01897438 -0.01888891
v 0.04994516 0.01902258 -0.01926775
v 0.04957116 0.01908128 -0.01957865
v 0.04914416 0.01914838 -0.01980968
v 0.04868116 0.01922108 -0.01995194
v 0.04985616 0.01514018 -0.01798771
v 0.04971816 0.01517468 -0.01845669
v 0.04949416 0.01523088 -0.01888891
v 0.04919316 0.01530648 -0.01926775
v 0.04882516 0.01539858 -0.01957865
v 0.04840616 0.01550368 -0.01980968
v 0.04795116 0.01561768 -0.01995194
v 0.04875316 0.01149288 -0.01798771
v 0.04861916 0.01154078 -0.01845669
v 0.04840116 0.01161848 -0.01888891
v 0.04810916 0.01172318 -0.01926775
v 0.04775216 0.01185068 -0.01957865
v 0.04734516 0.01199608 -0.01980968
v 0.04690316 0.01215398 -0.01995194
v 0.04800516 0.00957058 -0.01798771
v 0.04787416 0.00962588 -0.01845669
v 0.04766116 0.00971568 -0.01888891
v 0.04737516 0.00983658 -0.01926775
v 0.04702516 0.00998378 -0.01957865
v 0.04662716 0.01015178 -0.01980968
v 0.04619516 0.01033408 -0.01995194
v 0.04637816 0.00621368 -0.01798771
v 0.04625316 0.00628248 -0.01845669
v 0.04605116 0.00639408 -0.01888891
v 0.04577916 0.00654428 -0.01926775
v 0.04544716 0.00672728 -0.01957865
v 0.04506816 0.00693618 -0.01980968
v 0.04465816 0.00716278 -0.01995194
v 0.04443116 0.00308898 -0.01798771
v 0.04431416 0.00317048 -0.01845669
v 0.04412516 0.00330288 -0.01888891
v 0.04387016 0.00348098 -0.01926775
v 0.04356016 0.00369808 -0.01957865
v 0.04320616 0.00394568 -0.01980968
v 0.04282116 0.00421438 -0.01995194
v 0.04216116 0.00018028 -0.01798771
v 0.04205416 0.00027348 -0.01845669
v 0.04187916 0.00042488 -0.01888891
v 0.04164516 0.00062868 -0.01926775
v 0.04135816 0.00087698 -0.01957865
v 0.04103216 0.00116028 -0.01980968
v 0.04067816 0.00146758 -0.01995194
v 0.04152916 -0.00052912 -0.01798771
v 0.04142416 -0.00043302 -0.01845669
v 0.04125416 -0.00027712 -0.01888891
v 0.04102416 -0.00006722 -0.01926775
v 0.04074516 0.00018848 -0.01957865
v 0.04042616 0.00048028 -0.01980968
v 0.04008016 0.00079688 -0.01995194
v 0.03873116 -0.00328042 -0.01798771
v 0.03863716 -0.00317392 -0.01845669
v 0.03848316 -0.00300102 -0.01888891
v 0.03827716 -0.00276842 -0.01926775
v 0.03802616 -0.00248492 -0.01957865
v 0.03773916 -0.00216152 -0.01980968
v 0.03742816 -0.00181062 -0.01995194
v 0.03560316 -0.00578692 -0.01798771
v 0.03552016 -0.00567172 -0.01845669
v 0.03538416 -0.00548472 -0.01888891
v 0.03520216 -0.00523302 -0.01926775
v 0.03497916 -0.00492632 -0.01957865
v 0.03472516 -0.00457642 -0.01980968
v 0.03445016 -0.00419682 -0.01995194
v 0.03231616 -0.00795652 -0.01798771
v 0.03224316 -0.00783462 -0.01845669
v 0.03212416 -0.00763652 -0.01888891
v 0.03196416 -0.00737012 -0.01926775
v 0.03176916 -0.00704532 -0.01957865
v 0.03154616 -0.00667492 -0.01980968
v 0.03130516 -0.00627292 -0.01995194
v 0.02808116 -0.01023662 -0.01798771
v 0.02801916 -0.01010842 -0.01845669
v 0.02791916 -0.00990032 -0.01888891
v 0.02778416 -0.00962022 -0.01926775
v 0.02762016 -0.00927892 -0.01957865
v 0.02743216 -0.00888952 -0.01980968
v 0.02722916 -0.00846702 -0.01995194
v 0.02331516 -0.01228272 -0.01798771
v 0.02326516 -0.01214982 -0.01845669
v 0.02318216 -0.01193402 -0.01888891
v 0.02307116 -0.01164352 -0.01926775
v 0.02293616 -0.01128952 -0.01957865
v 0.02278216 -0.01088572 -0.01980968
v 0.02261516 -0.01044762 -0.01995194
v -0.02576984 -0.07986868 0.01774502
v -0.02580584 -0.07983268 0.01798772
v -0.02575784 -0.07988072 0.01750002
v -0.02586584 -0.07977307 0.01822572
v -0.02594884 -0.07969042 0.01845672
v -0.02605284 -0.07958552 0.01867852
v -0.02617984 -0.07945939 0.01888892
v -0.02648984 -0.07914848 0.01926782
v -0.02686884 -0.07876965 0.01957872
v -0.02730184 -0.07833743 0.01980972
v -0.02777084 -0.07786845 0.01995202
v -0.04304284 -0.07988072 -0.01749998
v -0.04054284 0.06634928 -0.01999998
v -0.04103084 0.06683728 -0.01995194
v -0.04149984 0.06730628 -0.01980968
v -0.04193184 0.06773828 -0.01957865
v -0.04231084 0.06811728 -0.01926775
v -0.04262184 0.06842828 -0.01888891
v -0.04274784 0.06855428 -0.01867847
v -0.04285284 0.06865928 -0.01845669
v -0.04293584 0.06874228 -0.01822569
v -0.04299484 0.06880128 -0.01798771
v -0.04303084 0.06883728 -0.01774502
v 0.00645316 -0.01601952 0.01995202
v 0.00618416 -0.01648852 0.01980972
v 0.00593516 -0.01692072 0.01957872
v 0.00571716 -0.01729952 0.01926782
v 0.00553916 -0.01761042 0.01888892
v 0.00540616 -0.01784142 0.01845672
v 0.00535816 -0.01792412 0.01822572
v 0.00530316 -0.01801972 0.01774502
v 0.00532416 -0.01798372 0.01798772
v 0.00529616 -0.01803172 0.01750002
v 0.04129916 -0.07988072 -0.01749998
v 0.06172016 -0.07986868 -0.01774502
v 0.06165716 -0.07983268 -0.01798771
v 0.06155116 -0.07977307 -0.01822569
v 0.06140416 -0.07969042 -0.01845669
v 0.06121816 -0.07958552 -0.01867847
v 0.06099516 -0.07945939 -0.01888891
v 0.06044416 -0.07914848 -0.01926775
v 0.05977216 -0.07876965 -0.01957865
v 0.05900616 -0.07833743 -0.01980968
v 0.05815716 -0.07785907 -0.01990483
v 0.05730916 -0.07738072 -0.01999998
v -0.02575784 -0.01803172 0.01750002
v -0.02576984 -0.01801972 0.01774502
v -0.02580584 -0.01798372 0.01798772
v -0.02586584 -0.01792412 0.01822572
v -0.02594884 -0.01784142 0.01845672
v -0.02605284 -0.01773652 0.01867852
v -0.02617984 -0.01761042 0.01888892
v -0.02648984 -0.01729952 0.01926782
v -0.02686884 -0.01692072 0.01957872
v -0.02730184 -0.01648852 0.01980972
v -0.02777084 -0.01601952 0.01995202
v -0.02575784 -0.07988072 -0.01749998
v -0.04054284 -0.07738072 -0.01999998
v -0.04149984 -0.07833743 -0.01980968
v -0.04193184 -0.07876965 -0.01957865
v -0.04262184 -0.07945939 -0.01888891
v -0.04274784 -0.07958552 -0.01867847
v -0.04293584 -0.07977307 -0.01822569
v -0.04285284 -0.07969042 -0.01845669
v -0.04299484 -0.07983268 -0.01798771
v -0.04303084 -0.07986868 -0.01774502
v -0.04231084 -0.07914848 -0.01926775
v -0.04103084 -0.07786845 -0.01995194
v -0.02575784 -0.01803172 -0.01749998
v -0.02777084 -0.07786845 -0.01995194
v -0.02686884 -0.07876965 -0.01957865
v -0.02617984 -0.07945939 -0.01888891
v -0.02605284 -0.07958552 -0.01867847
v -0.02594884 -0.07969042 -0.01845669
v -0.02586584 -0.07977307 -0.01822569
v -0.02580584 -0.07983268 -0.01798771
v -0.02576984 -0.07986868 -0.01774502
v -0.02648984 -0.07914848 -0.01926775
v -0.02730184 -0.07833743 -0.01980968
v -0.02825784 -0.07738072 -0.01999998
v 0.00529616 -0.01803172 -0.01749998
v -0.02777084 -0.01601952 -0.01995194
v -0.02730184 -0.01648852 -0.01980968
v -0.02686884 -0.01692072 -0.01957865
v -0.02648984 -0.01729952 -0.01926775
v -0.02617984 -0.01761042 -0.01888891
v -0.02605284 -0.01773652 -0.01867847
v -0.02594884 -0.01784142 -0.01845669
v -0.02586584 -0.01792412 -0.01822569
v -0.02576984 -0.01801972 -0.01774502
v -0.02580584 -0.01798372 -0.01798771
v -0.02825784 -0.01553172 -0.01999998
v 0.00673416 -0.01553172 -0.01999998
v 0.04273616 -0.07738072 -0.01999998
v 0.04130616 -0.07986868 -0.01774502
v 0.04132716 -0.07983268 -0.01798771
v 0.04136116 -0.07977307 -0.01822569
v 0.04140816 -0.07969042 -0.01845669
v 0.04154116 -0.07945939 -0.01888891
v 0.04172016 -0.07914848 -0.01926775
v 0.04193816 -0.07876965 -0.01957865
v 0.04218616 -0.07833743 -0.01980968
v 0.04245616 -0.07786845 -0.01995194
v 0.00530316 -0.01801972 -0.01774502
v 0.00532416 -0.01798372 -0.01798771
v 0.00535816 -0.01792412 -0.01822569
v 0.00540616 -0.01784142 -0.01845669
v 0.00553916 -0.01761042 -0.01888891
v 0.00571716 -0.01729952 -0.01926775
v 0.00593516 -0.01692072 -0.01957865
v 0.00618416 -0.01648852 -0.01980968
v 0.00645316 -0.01601952 -0.01995194
vn -0.01542563 0.99867949 -0.04900337
vn 0.70685048 0.70647917 -0.03534943
vn 0.70685032 0.70647904 0.03535521
vn -0.01477764 0.99868699 0.04905022
vn 0.70686022 -0.70646878 -0.03536224
vn 0.70686006 -0.70646865 0.03536802
vn -0.01451056 0.98064722 0.19524466
vn 0.70013426 0.69980625 0.14171534
vn -0.01366293 0.92365223 0.38298810
vn 0.67897708 0.67900231 0.27918810
vn 0.64650035 0.64642289 0.40518483
vn -0.01229225 0.83115315 0.55590768
vn 0.60641836 0.60447242 0.51659449
vn 0.55660589 0.55802567 0.61546505
vn -0.01044848 0.70660587 0.70753019
vn 0.48880569 0.48791703 0.72319151
vn -0.00820396 0.55486597 0.83189931
vn 0.38799452 0.38814812 0.83594336
vn -0.00564312 0.38190274 0.92418529
vn 0.27910901 0.27949363 0.91868464
vn -0.00286208 0.19419513 0.98095875
vn 0.17502294 0.17499148 0.96888851
vn -0.00071236 0.04857194 0.99881943
vn 0.07428357 0.07420882 0.99447222
vn 0.01229098 0.01229580 0.99984886
vn -0.00292161 0.04796978 0.99884451
vn -0.06051714 0.99696604 0.04895285
vn -0.00605473 0.04756891 0.99884961
vn -0.12639906 0.99076344 0.04910270
vn -0.00954102 0.04682778 0.99885741
vn -0.19940461 0.97871126 0.04860108
vn -0.16005647 0.98588876 0.04904360
vn -0.01334488 0.04581687 0.99886072
vn -0.27956244 0.95887631 0.04900062
vn -0.01731085 0.04436172 0.99886554
vn -0.36315958 0.93044081 0.04893892
vn -0.31969044 0.94625275 0.04902811
vn -0.02147738 0.04227754 0.99887503
vn -0.45224567 0.89052882 0.04931817
vn -0.02559364 0.04011569 0.99886721
vn -0.53679836 0.84228832 0.04896854
vn -0.49785743 0.86586718 0.04911228
vn -0.02888441 0.03837781 0.99884575
vn -0.60047486 0.79813152 0.04915297
vn -0.03146282 0.03582650 0.99886263
vn -0.12703288 0.14459253 0.98130304
vn -0.25115517 0.28577911 0.92479802
vn -0.36547810 0.41578783 0.83279424
vn -0.46607174 0.53013712 0.70833026
vn -0.54852183 0.62391277 0.55664770
vn -0.60970559 0.69359960 0.38363874
vn -0.64753851 0.73644161 0.19582551
vn -0.62594789 0.77830018 0.04937668
vn -0.65955251 0.75002175 0.04957680
vn -0.01174470 0.19285041 0.98115788
vn -0.02315631 0.38031277 0.92456800
vn -0.03366505 0.55318650 0.83237694
vn -0.04290391 0.70488054 0.70802731
vn -0.05047295 0.82935927 0.55643121
vn -0.05611410 0.92187877 0.38339372
vn -0.05956342 0.97888620 0.19553520
vn -0.02436907 0.19148531 0.98119291
vn -0.04809152 0.37779436 0.92463973
vn -0.06994550 0.54960153 0.83249372
vn -0.08914950 0.70037509 0.70818578
vn -0.10489926 0.82414700 0.55657692
vn -0.11658643 0.91618950 0.38341153
vn -0.12384792 0.97284979 0.19551211
vn -0.03847322 0.18883370 0.98125514
vn -0.07599487 0.37295405 0.92473242
vn -0.11057633 0.54262129 0.83266740
vn -0.14090276 0.69158565 0.70841775
vn -0.16582135 0.81398441 0.55671595
vn -0.18434110 0.90495722 0.38349810
vn -0.19575519 0.96098560 0.19541386
vn -0.05383986 0.18481323 0.98129778
vn -0.10636928 0.36521826 0.92482495
vn -0.15483680 0.53162443 0.83270705
vn -0.19736151 0.67769000 0.70836763
vn -0.23224378 0.79752578 0.55679031
vn -0.25817581 0.88660120 0.38377541
vn -0.27419465 0.94158599 0.19553292
vn -0.06991858 0.17914919 0.98133428
vn -0.13820720 0.35411232 0.92493418
vn -0.20122272 0.51566222 0.83282765
vn -0.25657357 0.65756261 0.70836532
vn -0.30198020 0.77375563 0.55687538
vn -0.33569166 0.86015368 0.38398796
vn -0.35648727 0.91357969 0.19567569
vn -0.08694137 0.17110975 0.98140850
vn -0.17207762 0.33872771 0.92501504
vn -0.25059816 0.49332698 0.83296402
vn -0.31948923 0.62884128 0.70886196
vn -0.37608945 0.74035501 0.55716352
vn -0.41820601 0.82335509 0.38365366
vn -0.44408088 0.87434497 0.19573717
vn -0.10342633 0.16218973 0.98132435
vn -0.20447019 0.32072144 0.92484036
vn -0.29756418 0.46680966 0.83279307
vn -0.37925680 0.59505177 0.70857439
vn -0.44638731 0.70051150 0.55679620
vn -0.49631727 0.77871515 0.38376018
vn -0.52708032 0.82698759 0.19564730
vn -0.11618537 0.15440499 0.98115241
vn -0.22916786 0.30455125 0.92451643
vn -0.33323818 0.44283074 0.83237807
vn -0.42458384 0.56425120 0.70806013
vn -0.49946297 0.66386939 0.55660954
vn -0.55519163 0.73798407 0.38359062
vn -0.58953553 0.78375983 0.19536733
vn 0.01228618 -0.01229305 0.99984895
vn 0.17504054 -0.17500120 0.96888358
vn 0.38817545 -0.38817545 0.83584666
vn 0.48831592 -0.48831592 0.72325315
vn 0.55670231 -0.55686252 0.61643059
vn 0.60685498 -0.60440295 0.51616287
vn 0.64610056 -0.64717031 0.40462903
vn 0.67910143 -0.67863426 0.27977989
vn 0.70014464 -0.69979847 0.14170246
vn 0.27908342 -0.27957238 0.91866845
vn 0.07428831 -0.07418159 0.99447390
vn -0.00051610 -0.04867087 0.99881474
vn -0.00206043 -0.19441939 0.98091633
vn -0.00406085 -0.38221144 0.92406597
vn -0.00592392 -0.55507263 0.83178079
vn -0.00757491 -0.70720094 0.70697203
vn -0.00888175 -0.83117355 0.55594212
vn -0.00983731 -0.92349623 0.38348135
vn -0.01045771 -0.98076421 0.19491588
vn -0.01065057 -0.99873971 0.04904646
vn -0.01317271 -0.99871734 -0.04888914
vn -0.02338739 -0.04097065 0.99888660
vn -0.11244916 -0.15612426 0.98131565
vn -0.22225936 -0.30872052 0.92482021
vn -0.32348410 -0.44946513 0.83266988
vn -0.41233162 -0.57291219 0.70834614
vn -0.48525396 -0.67404232 0.55695201
vn -0.53929932 -0.74953668 0.38386328
vn -0.57283471 -0.79604589 0.19537486
vn -0.49488087 -0.86763107 0.04805469
vn -0.58367022 -0.81053695 0.04856874
vn -0.01860511 -0.04349783 0.99888027
vn -0.44256774 -0.89540591 0.04880630
vn -0.39297765 -0.91825612 0.04872635
vn -0.01402253 -0.04542393 0.99886938
vn -0.29446027 -0.95442587 0.04862514
vn -0.00985111 -0.04672959 0.99885900
vn -0.20607073 -0.97732730 0.04864365
vn -0.24672804 -0.96785640 0.04877762
vn -0.00687654 -0.04781770 0.99883241
vn -0.14233794 -0.98863764 0.04832732
vn -0.00478986 -0.04816819 0.99882775
vn -0.09821415 -0.99393854 0.04939800
vn -0.00236279 -0.04813393 0.99883810
vn -0.04889841 -0.99760398 0.04894122
vn -0.07674098 -0.99583991 0.04912940
vn -0.02779042 -0.03855635 0.99886991
vn -0.09488225 -0.16623950 0.98150995
vn -0.18799334 -0.32939158 0.92528898
vn -0.27413017 -0.48030132 0.83316463
vn -0.34972984 -0.61271920 0.70870602
vn -0.41153335 -0.72116484 0.55728052
vn -0.45761625 -0.80188895 0.38413732
vn -0.48605886 -0.85178332 0.19547879
vn -0.07545070 -0.17640875 0.98142098
vn -0.14941859 -0.34920464 0.92505687
vn -0.21758320 -0.50870506 0.83299262
vn -0.27733532 -0.64850515 0.70889082
vn -0.32647786 -0.76351395 0.55718816
vn -0.36306759 -0.84903515 0.38382449
vn -0.38562619 -0.90162212 0.19588261
vn -0.05671516 -0.18366039 0.98135226
vn -0.11203032 -0.36298657 0.92503511
vn -0.16321254 -0.52868732 0.83297742
vn -0.20815529 -0.67424808 0.70856256
vn -0.24494296 -0.79363971 0.55690121
vn -0.27239915 -0.88233424 0.38377727
vn -0.28914756 -0.93703767 0.19584200
vn -0.03971828 -0.18846928 0.98127559
vn -0.07847565 -0.37234639 0.92477010
vn -0.11421858 -0.54175690 0.83273860
vn -0.14560080 -0.69074800 0.70828497
vn -0.17142759 -0.81298907 0.55647225
vn -0.19037991 -0.90339115 0.38423942
vn -0.20221769 -0.95946207 0.19631744
vn -0.02766741 -0.19181198 0.98104163
vn -0.05456930 -0.37790100 0.92423645
vn -0.07908527 -0.54899416 0.83207628
vn -0.10078104 -0.69936008 0.70762890
vn -0.11856313 -0.82273322 0.55592520
vn -0.13151215 -0.91394654 0.38393525
vn -0.13999227 -0.97068477 0.19537973
vn -0.01916945 -0.19290429 0.98103031
vn -0.03762092 -0.37953076 0.92441390
vn -0.05461095 -0.55190036 0.83211997
vn -0.06961125 -0.70324746 0.70752900
vn -0.08172851 -0.82689785 0.55638152
vn -0.09092382 -0.91912928 0.38332000
vn -0.09672195 -0.97598449 0.19519003
vn -0.00949386 -0.19335495 0.98108294
vn -0.01869355 -0.38080382 0.92446687
vn -0.02715804 -0.55333605 0.83251526
vn -0.03463208 -0.70551680 0.70784649
vn -0.04084508 -0.83011736 0.55609068
vn -0.04531621 -0.92247483 0.38338836
vn -0.04811664 -0.97956392 0.19529287
vn -0.04828632 -0.00046004 0.99883343
vn -0.04760613 -0.00357864 0.99885977
vn -0.19358377 -0.00183784 0.98108203
vn -0.38100008 -0.00362589 0.92456790
vn -0.55452025 -0.00534797 0.83215305
vn -0.70663428 -0.00682288 0.70754607
vn -0.83090854 -0.00801252 0.55635133
vn -0.92337991 -0.00900304 0.38378181
vn -0.98055247 -0.00961779 0.19602132
vn -0.99602274 -0.07490526 0.04824835
vn -0.04705522 -0.00761869 0.99886323
vn -0.98599589 -0.15958692 0.04841607
vn -0.04585067 -0.01205561 0.99887556
vn -0.96596640 -0.25392226 0.04931942
vn -0.97765791 -0.20452907 0.04850641
vn -0.04422169 -0.01682289 0.99888009
vn -0.93319767 -0.35598583 0.04915487
vn -0.04184296 -0.02166564 0.99888927
vn -0.88694269 -0.45925127 0.04920291
vn -0.91231354 -0.40649985 0.04941543
vn -0.04028881 -0.02606303 0.99884810
vn -0.85806813 -0.51121578 0.04875979
vn -0.83896414 -0.54195302 0.04925533
vn -0.03825481 -0.02883180 0.99885199
vn -0.79738170 -0.60148845 0.04892927
vn -0.03451880 -0.03198905 0.99889196
vn -0.73188550 -0.67970652 0.04840093
vn -0.03122490 -0.03599603 0.99886400
vn -0.65454598 -0.75442896 0.04905619
vn -0.68764933 -0.72441207 0.04863686
vn -0.99874811 -0.00971350 0.04906988
vn -0.19233500 -0.01448082 0.98122248
vn -0.37969150 -0.02865160 0.92466937
vn -0.55217473 -0.04160311 0.83268977
vn -0.70386699 -0.05300239 0.70835161
vn -0.82810064 -0.06237662 0.55709828
vn -0.92066979 -0.06939430 0.38412443
vn -0.97806682 -0.07373967 0.19480184
vn -0.18968976 -0.03072167 0.98136332
vn -0.37548116 -0.06078801 0.92483443
vn -0.54680597 -0.08849701 0.83256922
vn -0.69668904 -0.11272226 0.70846177
vn -0.81956471 -0.13260312 0.55743169
vn -0.91149613 -0.14742589 0.38397971
vn -0.96826581 -0.15653638 0.19482730
vn -0.18557687 -0.04879785 0.98141734
vn -0.36750959 -0.09662381 0.92498678
vn -0.53547287 -0.14078669 0.83273520
vn -0.68240807 -0.17940070 0.70861458
vn -0.80322400 -0.21113868 0.55700240
vn -0.89307867 -0.23471586 0.38382153
vn -0.94829441 -0.24932215 0.19640817
vn -0.17928708 -0.06819460 0.98143041
vn -0.35508380 -0.13502736 0.92503141
vn -0.51726049 -0.19673760 0.83290810
vn -0.65918144 -0.25074697 0.70894696
vn -0.77597655 -0.29509102 0.55747796
vn -0.86310489 -0.32822323 0.38382217
vn -0.91654461 -0.34871880 0.19580905
vn -0.16997400 -0.08803301 0.98150855
vn -0.33702309 -0.17459161 0.92516658
vn -0.49130659 -0.25450052 0.83297498
vn -0.62644686 -0.32445301 0.70872744
vn -0.73706468 -0.38176025 0.55766904
vn -0.81984265 -0.42465287 0.38409369
vn -0.87085515 -0.45094029 0.19561225
vn -0.16200566 -0.10474108 0.98121530
vn -0.32019105 -0.20668638 0.92453147
vn -0.46542137 -0.30071635 0.83243776
vn -0.59289582 -0.38319049 0.70826520
vn -0.69802391 -0.45069151 0.55645286
vn -0.77574375 -0.50115302 0.38349352
vn -0.82382193 -0.53207187 0.19549155
vn -0.15405421 -0.11625725 0.98119904
vn -0.30404011 -0.22946425 0.92461115
vn -0.44188313 -0.33399021 0.83258023
vn -0.56352552 -0.42561487 0.70801905
vn -0.66309778 -0.50063039 0.55648050
vn -0.73685428 -0.55667975 0.38360581
vn -0.78266859 -0.59103983 0.19519685
vn -0.14024454 -0.13000517 0.98154476
vn -0.27811650 -0.25778666 0.92530927
vn -0.40578815 -0.37600694 0.83303947
vn -0.51739571 -0.47943157 0.70883499
vn -0.60864672 -0.56411080 0.55796791
vn -0.67707868 -0.62757829 0.38433051
vn -0.71923817 -0.66672723 0.19537463
vn -0.12616980 -0.14542846 0.98129086
vn -0.24929249 -0.28733278 0.92482059
vn -0.36302053 -0.41832739 0.83259732
vn -0.46238597 -0.53297211 0.70861834
vn -0.54441395 -0.62719348 0.55699353
vn -0.60549632 -0.69750626 0.38322217
vn -0.64277115 -0.74067162 0.19557809
vn -0.41002322 -0.91076350 -0.04889583
vn -0.45670141 -0.88830605 -0.04833401
vn -0.53987092 -0.84034687 -0.04854414
vn -0.61210305 -0.78928207 -0.04861758
vn -0.24190780 -0.96906701 -0.04888500
vn -0.21395244 -0.97561588 -0.04896946
vn -0.29858740 -0.95313387 -0.04879944
vn -0.36843806 -0.92839180 -0.04839475
vn -0.08227577 -0.99538433 -0.04940369
vn -0.11224195 -0.99245769 -0.04928975
vn -0.17803849 -0.98277862 -0.04948214
vn -0.05426088 -0.99732113 -0.04905417
vn -0.03466940 0.03199955 0.99888641
vn -0.73389804 0.67752875 0.04846095
vn -0.03827025 0.02783253 0.99887974
vn -0.77359110 0.63184010 0.04832075
vn -0.80788310 0.58731078 0.04889725
vn -0.04105567 0.02331673 0.99888476
vn -0.86868922 0.49299368 0.04833490
vn -0.04343645 0.01852902 0.99888435
vn -0.89468511 0.44399891 0.04902577
vn -0.91861847 0.39212032 0.04880325
vn -0.04552566 0.01417708 0.99886257
vn -0.95363086 0.29697190 0.04894772
vn -0.04662888 0.01024400 0.99885975
vn -0.97558824 0.21408465 0.04894231
vn -0.96565596 0.25514880 0.04906793
vn -0.04714680 0.00593353 0.99887035
vn -0.99099825 0.12454893 0.04909213
vn -0.04808247 0.00223498 0.99884087
vn -0.99773547 0.04624886 0.04883626
vn -0.99583190 0.07699603 0.04889201
vn -0.14065574 0.12982003 0.98151043
vn -0.27894074 0.25749549 0.92514222
vn -0.40628847 0.37497946 0.83325871
vn -0.51820511 0.47835264 0.70897265
vn -0.61020252 0.56322918 0.55715865
vn -0.67837719 0.62610291 0.38444704
vn -0.72059585 0.66511778 0.19585699
vn -0.15512005 0.11280082 0.98143453
vn -0.30703127 0.22325477 0.92514275
vn -0.44727150 0.32529732 0.83314456
vn -0.57057382 0.41497837 0.70868786
vn -0.67146714 0.48819379 0.55749322
vn -0.74671347 0.54304669 0.38408239
vn -0.79318397 0.57676518 0.19545107
vn -0.16683102 0.09476265 0.98142114
vn -0.33033192 0.18762343 0.92502880
vn -0.48083974 0.27306451 0.83320401
vn -0.61317617 0.34812313 0.70910173
vn -0.72214692 0.41005402 0.55709922
vn -0.80290943 0.45595309 0.38398338
vn -0.85277951 0.48420221 0.19574303
vn -0.17638586 0.07525053 0.98144046
vn -0.34922928 0.14895442 0.92512242
vn -0.50846579 0.21685741 0.83332791
vn -0.64866118 0.27669397 0.70899867
vn -0.76406204 0.32594108 0.55675094
vn -0.84944778 0.36234036 0.38359865
vn -0.90197848 0.38488019 0.19570915
vn -0.18381503 0.05727304 0.98129090
vn -0.36317300 0.11318034 0.92482192
vn -0.52850425 0.16475294 0.83279033
vn -0.67362087 0.20994313 0.70863165
vn -0.79309852 0.24711311 0.55671343
vn -0.88184510 0.27476121 0.38321730
vn -0.93632924 0.29173343 0.19539489
vn -0.18810986 0.04128344 0.98127996
vn -0.37170764 0.08156190 0.92476002
vn -0.54057118 0.11855790 0.83290265
vn -0.68908824 0.15110079 0.70874956
vn -0.81146256 0.17793662 0.55665705
vn -0.90233740 0.19785333 0.38293768
vn -0.95800091 0.21009466 0.19517813
vn -0.19081527 0.02401481 0.98133217
vn -0.37720917 0.04748909 0.92490974
vn -0.54900285 0.06907759 0.83296108
vn -0.69984852 0.08810168 0.70883718
vn -0.82395528 0.10377992 0.55707039
vn -0.91636956 0.11532155 0.38336376
vn -0.97297967 0.12243862 0.19575327
vn -0.19304778 0.00900407 0.98114804
vn -0.38062490 0.01778638 0.92455845
vn -0.55396910 0.02586469 0.83213535
vn -0.70559086 0.03297826 0.70785166
vn -0.82986453 0.03878920 0.55661500
vn -0.92264740 0.04319036 0.38321844
vn -0.97966209 0.04570585 0.19537954
vn -0.99552563 -0.08076345 -0.04905086
vn -0.98322608 -0.17544073 -0.04987003
vn -0.99880800 -0.00027298 -0.04881081
vn -0.97287494 -0.22595243 -0.04959698
vn -0.93628659 -0.34782309 -0.04885210
vn -0.96229520 -0.26754411 -0.04907245
vn -0.92059822 -0.38750680 -0.04834657
vn -0.86689416 -0.49611077 -0.04866844
vn -0.89538899 -0.44256243 -0.04916352
vn -0.73902018 -0.67187698 -0.04930015
vn -0.77468965 -0.63049001 -0.04835584
vn -0.83885903 -0.54215955 -0.04877043
vn -0.69504545 -0.71725706 -0.04953915
vn -0.70578008 0.70671744 -0.04924358
vn -0.77782022 0.62659586 -0.04871689
vn -0.81383345 0.57904327 -0.04882638
vn -0.83546920 0.54734068 -0.04908559
vn -0.89208062 0.44923485 -0.04878742
vn -0.87446070 0.48256649 -0.04947786
vn -0.94823985 0.31387711 -0.04819064
vn -0.95931999 0.27797042 -0.04937202
vn -0.91560453 0.39908357 -0.04899639
vn -0.98496428 0.16587896 -0.04826537
vn -0.99172143 0.11908695 -0.04803029
vn -0.96844236 0.24427158 -0.04950539
vn -0.99575082 0.07848105 -0.04817701
vn -0.63599697 0.77008876 -0.04971062
vn -0.12792641 0.99059059 -0.04863255
vn -0.10245875 0.99353166 -0.04895957
vn -0.05424525 0.99732305 -0.04903242
vn -0.16891769 0.98442944 -0.04863632
vn -0.25683931 0.96523249 -0.04857780
vn -0.30317043 0.95170725 -0.04838378
vn -0.49900299 0.86520918 -0.04908248
vn -0.45074252 0.89129573 -0.04922493
vn -0.35275337 0.93444172 -0.04882342
vn -0.54954522 0.83401280 -0.04922090
vn -0.59851652 0.79960199 -0.04913890
vn -0.02913840 -0.03759389 -0.99886819
vn -0.03274417 -0.03380242 -0.99889199
vn -0.11791230 -0.15199902 -0.98132206
vn -0.23317433 -0.30052667 -0.92483158
vn -0.33947041 -0.43752777 -0.83266397
vn -0.43282432 -0.55765566 -0.70829603
vn -0.50908911 -0.65610993 -0.55708889
vn -0.56598614 -0.72960526 -0.38384354
vn -0.60116103 -0.77485684 -0.19545408
vn -0.03673118 -0.02986885 -0.99887871
vn -0.03980032 -0.02576426 -0.99887544
vn -0.04232137 -0.02092513 -0.99888490
vn -0.04473246 -0.01660225 -0.99886104
vn -0.04601980 -0.01280447 -0.99885846
vn -0.04673473 -0.00834999 -0.99887244
vn -0.04748305 -0.00384870 -0.99886463
vn -0.04797034 -0.00000598 -0.99884876
vn -0.19290300 -0.00000940 -0.98121783
vn -0.38036353 -0.00000245 -0.92483706
vn -0.55405336 -0.00004437 -0.83248116
vn -0.70627536 -0.00010611 -0.70793721
vn -0.83070849 -0.00006954 -0.55670764
vn -0.92329004 -0.00000834 -0.38410350
vn -0.98056805 -0.00007413 -0.19617926
vn -0.13293837 -0.13722453 -0.98157874
vn -0.26384231 -0.27236543 -0.92531308
vn -0.38482415 -0.39731879 -0.83309552
vn -0.49063807 -0.50652557 -0.70901772
vn -0.57767932 -0.59649815 -0.55720424
vn -0.64253435 -0.66326050 -0.38371228
vn -0.68220396 -0.70427156 -0.19646708
vn -0.14879038 -0.12108444 -0.98142752
vn -0.29469369 -0.23983589 -0.92500507
vn -0.42935224 -0.34935467 -0.83283130
vn -0.54721990 -0.44527065 -0.70872027
vn -0.64383333 -0.52385759 -0.55772025
vn -0.71616139 -0.58277331 -0.38404182
vn -0.76065643 -0.61919411 -0.19493703
vn -0.16090403 -0.10409619 -0.98146517
vn -0.31886876 -0.20619760 -0.92509743
vn -0.46468213 -0.30049129 -0.83293187
vn -0.59261042 -0.38317151 -0.70851428
vn -0.69744157 -0.45111171 -0.55684243
vn -0.77519402 -0.50137015 -0.38432045
vn -0.82352186 -0.53237668 -0.19592555
vn -0.17159682 -0.08483063 -0.98150817
vn -0.34002514 -0.16810433 -0.92526960
vn -0.49580324 -0.24515835 -0.83311256
vn -0.63243610 -0.31261164 -0.70873024
vn -0.74429630 -0.36788017 -0.55739321
vn -0.82772275 -0.40900194 -0.38417764
vn -0.87905157 -0.43459366 -0.19595076
vn -0.18044796 -0.06704099 -0.98129712
vn -0.35663320 -0.13255266 -0.92479325
vn -0.51911831 -0.19301913 -0.83262224
vn -0.66151811 -0.24591721 -0.70846208
vn -0.77855339 -0.28939873 -0.55686892
vn -0.86554285 -0.32176001 -0.38380474
vn -0.91926666 -0.34177068 -0.19529879
vn -0.18548018 -0.05157577 -0.98129356
vn -0.36684471 -0.10196580 -0.92467721
vn -0.53362018 -0.14829454 -0.83262130
vn -0.67991840 -0.18885856 -0.70855022
vn -0.80031854 -0.22230478 -0.55684003
vn -0.88985596 -0.24728640 -0.38341337
vn -0.94495645 -0.26263359 -0.19514329
vn -0.18892253 -0.03373910 -0.98141222
vn -0.37382011 -0.06672301 -0.92509814
vn -0.54459229 -0.09722664 -0.83304635
vn -0.69460706 -0.12400840 -0.70862046
vn -0.81776520 -0.14602382 -0.55671996
vn -0.90924291 -0.16228114 -0.38333037
vn -0.96529610 -0.17228960 -0.19626445
vn -0.19193945 -0.01560140 -0.98128275
vn -0.37920965 -0.03086265 -0.92479595
vn -0.55166653 -0.04481763 -0.83285978
vn -0.70331293 -0.05716739 -0.70857803
vn -0.82804730 -0.06733539 -0.55660005
vn -0.92050159 -0.07478602 -0.38351516
vn -0.97739706 -0.07936930 -0.19594769
vn -0.04766998 0.00374987 -0.99885610
vn -0.04695253 0.00790397 -0.99886585
vn -0.04647441 0.01182615 -0.99884947
vn -0.04549365 0.01503810 -0.99885143
vn -0.04341136 0.01893472 -0.99887784
vn -0.04194152 0.02316992 -0.99885137
vn -0.04003491 0.02619058 -0.99885497
vn -0.03676343 0.02965967 -0.99888375
vn -0.03359794 0.03366016 -0.99886845
vn -0.03032996 0.03667740 -0.99886679
vn -0.12247285 0.14817387 -0.98134851
vn -0.24216715 0.29310473 -0.92490253
vn -0.35245894 0.42670694 -0.83288288
vn -0.44939508 0.54409124 -0.70852578
vn -0.52902687 0.64041553 -0.55677510
vn -0.58803761 0.71203287 -0.38369384
vn -0.62444420 0.75607676 -0.19600349
vn -0.19194236 0.01511669 -0.98128977
vn -0.37918808 0.02987947 -0.92483707
vn -0.55244119 0.04349233 -0.83241645
vn -0.70394057 0.05543640 -0.70809214
vn -0.82778012 0.06518725 -0.55725281
vn -0.92038180 0.07242847 -0.38425443
vn -0.97779575 0.07695238 -0.19492000
vn -0.18949356 0.03190886 -0.98136335
vn -0.37494955 0.06309650 -0.92489549
vn -0.54583491 0.09190121 -0.83283757
vn -0.69606489 0.11721324 -0.70834648
vn -0.81925666 0.13785873 -0.55660892
vn -0.91036658 0.15320679 -0.38439610
vn -0.96701549 0.16280913 -0.19589340
vn -0.18717929 0.04758450 -0.98117258
vn -0.36894117 0.09376342 -0.92471122
vn -0.53702320 0.13640696 -0.83246575
vn -0.68453289 0.17399354 -0.70791311
vn -0.80525355 0.20467620 -0.55648395
vn -0.89517336 0.22746520 -0.38330699
vn -0.95045597 0.24151015 -0.19571996
vn -0.18330907 0.06064697 -0.98118282
vn -0.36148079 0.11961839 -0.92467458
vn -0.52567167 0.17404908 -0.83269215
vn -0.67039362 0.22203560 -0.70800606
vn -0.78880212 0.26114807 -0.55641073
vn -0.87650425 0.29040385 -0.38393475
vn -0.93100916 0.30848063 -0.19509393
vn -0.17580818 0.07667429 -0.98143392
vn -0.34785208 0.15172223 -0.92519149
vn -0.50706586 0.22106637 -0.83307495
vn -0.64683728 0.28192918 -0.70860248
vn -0.76118844 0.33182452 -0.55721149
vn -0.84624992 0.36888674 -0.38442638
vn -0.89891842 0.39178271 -0.19609180
vn -0.16880596 0.09322323 -0.98123085
vn -0.33371921 0.18405184 -0.92453037
vn -0.48521510 0.26777329 -0.83238439
vn -0.61806718 0.34117063 -0.70823412
vn -0.72726971 0.40151251 -0.55665651
vn -0.80850853 0.44639036 -0.38347047
vn -0.85862305 0.47381178 -0.19562427
vn -0.16141178 0.10565752 -0.98121492
vn -0.31850800 0.20861702 -0.92467919
vn -0.46321374 0.30373401 -0.83257353
vn -0.59034803 0.38708811 -0.70827396
vn -0.69452589 0.45558309 -0.55684634
vn -0.77245208 0.50651377 -0.38309475
vn -0.82026764 0.53763399 -0.19521960
vn -0.14902951 0.12024481 -0.98149447
vn -0.29514657 0.23815823 -0.92529409
vn -0.43012361 0.34706798 -0.83338916
vn -0.54879532 0.44274033 -0.70908723
vn -0.64647292 0.52146040 -0.55691275
vn -0.71878376 0.57978064 -0.38367215
vn -0.76328098 0.61566954 -0.19583963
vn -0.13587851 0.13603872 -0.98134117
vn -0.26885112 0.26904660 -0.92484215
vn -0.39147492 0.39166692 -0.83267305
vn -0.49879732 0.49910793 -0.70858487
vn -0.58715337 0.58751328 -0.55684743
vn -0.65284168 0.65323985 -0.38350416
vn -0.69319368 0.69364471 -0.19580485
vn -0.00064120 -0.04862944 -0.99881668
vn -0.00261529 -0.04813691 -0.99883732
vn -0.00256919 -0.19426062 -0.98094659
vn -0.00507416 -0.38205447 -0.92412588
vn -0.00737968 -0.55498781 -0.83182575
vn -0.00940868 -0.70707916 -0.70707180
vn -0.01105297 -0.83108581 -0.55603435
vn -0.01226584 -0.92344783 -0.38352791
vn -0.01304121 -0.98072746 -0.19494504
vn -0.00538085 -0.04780962 -0.99884197
vn -0.00854896 -0.04716073 -0.99885073
vn -0.01173345 -0.04675389 -0.99883752
vn -0.01439892 -0.04599339 -0.99883796
vn -0.01756564 -0.04426778 -0.99886526
vn -0.02171271 -0.04215711 -0.99887504
vn -0.02577531 -0.04009393 -0.99886341
vn -0.01049233 -0.19321602 -0.98110014
vn -0.02065581 -0.38051974 -0.92454208
vn -0.03006022 -0.55352260 -0.83229148
vn -0.03829674 -0.70556382 -0.70761081
vn -0.04505588 -0.82974024 -0.55632823
vn -0.05007665 -0.92215645 -0.38356201
vn -0.05315293 -0.97927740 -0.19542398
vn -0.02163317 -0.19206863 -0.98114303
vn -0.04264354 -0.37849502 -0.92462049
vn -0.06202132 -0.55093375 -0.83224116
vn -0.07905403 -0.70202249 -0.70775341
vn -0.09300812 -0.82546635 -0.55673584
vn -0.10330641 -0.91783517 -0.38328369
vn -0.10974694 -0.97457881 -0.19532471
vn -0.03439099 -0.18967373 -0.98124469
vn -0.06789365 -0.37470619 -0.92465438
vn -0.09879494 -0.54522835 -0.83244556
vn -0.12591926 -0.69465407 -0.70823729
vn -0.14822636 -0.81767495 -0.55627027
vn -0.16468445 -0.90888896 -0.38314474
vn -0.17485048 -0.96483562 -0.19626393
vn -0.04705070 -0.18766872 -0.98110483
vn -0.09269183 -0.36978825 -0.92448087
vn -0.13472080 -0.53729676 -0.83256381
vn -0.17164693 -0.68494781 -0.70808462
vn -0.20205369 -0.80633477 -0.55587638
vn -0.22462692 -0.89587433 -0.38334311
vn -0.23833801 -0.95131543 -0.19543273
vn -0.05783850 -0.18458997 -0.98111225
vn -0.11402377 -0.36377748 -0.92448068
vn -0.16573296 -0.52889893 -0.83234518
vn -0.21107087 -0.67385744 -0.70807149
vn -0.24846495 -0.79294281 -0.55633342
vn -0.27614602 -0.88146858 -0.38308812
vn -0.29315231 -0.93597067 -0.19498877
vn -0.07095465 -0.17874309 -0.98133396
vn -0.14028683 -0.35356024 -0.92483229
vn -0.20429994 -0.51483589 -0.83258966
vn -0.26036793 -0.65621592 -0.70822962
vn -0.30629944 -0.77208767 -0.55683146
vn -0.34046632 -0.85814574 -0.38427670
vn -0.36181525 -0.91147677 -0.19570342
vn -0.08794152 -0.17080636 -0.98137224
vn -0.17391578 -0.33762544 -0.92507425
vn -0.25333467 -0.49188137 -0.83299116
vn -0.32321015 -0.62764743 -0.70823294
vn -0.38024781 -0.73840598 -0.55692748
vn -0.42272877 -0.82071838 -0.38434585
vn -0.44888503 -0.87190487 -0.19566331
vn -0.10405207 -0.16191976 -0.98130279
vn -0.20562080 -0.32009430 -0.92480253
vn -0.29948952 -0.46628147 -0.83239871
vn -0.38144633 -0.59385222 -0.70840541
vn -0.44876174 -0.69867571 -0.55719400
vn -0.49901434 -0.77697036 -0.38379909
vn -0.52982592 -0.82519004 -0.19582106
vn -0.02598929 0.03941916 -0.99888472
vn -0.02137890 0.04225566 -0.99887807
vn -0.01675085 0.04437170 -0.99887465
vn -0.01223148 0.04595945 -0.99886842
vn -0.00808741 0.04709618 -0.99885762
vn -0.00495518 0.04802193 -0.99883399
vn -0.00263128 0.04827321 -0.99883070
vn -0.00074534 0.04859075 -0.99881849
vn -0.00299323 0.19415632 -0.98096604
vn -0.00590191 0.38185440 -0.92420365
vn -0.00858283 0.55485633 -0.83190191
vn -0.01093501 0.70655238 -0.70757626
vn -0.01286572 0.83111809 -0.55594712
vn -0.01429927 0.92363897 -0.38299684
vn -0.01518262 0.98063579 -0.19525093
vn -0.10538236 0.15984156 -0.98150152
vn -0.20888272 0.31687409 -0.92518043
vn -0.30443713 0.46179713 -0.83310350
vn -0.38816487 0.58881072 -0.70896401
vn -0.45689305 0.69317670 -0.55745386
vn -0.50814648 0.77095668 -0.38394396
vn -0.53968967 0.81872134 -0.19603680
vn -0.08653673 0.17104783 -0.98145506
vn -0.17136745 0.33876214 -0.92513427
vn -0.24978782 0.49379137 -0.83293225
vn -0.31843091 0.62941145 -0.70883213
vn -0.37475106 0.74090771 -0.55733061
vn -0.41681970 0.82399457 -0.38378938
vn -0.44259143 0.87507165 -0.19586332
vn -0.06778056 0.17956348 -0.98140856
vn -0.13416113 0.35541764 -0.92502924
vn -0.19539326 0.51769658 -0.83295362
vn -0.24911948 0.66007024 -0.70869370
vn -0.29322247 0.77695044 -0.55710735
vn -0.32597160 0.86384166 -0.38408346
vn -0.34619953 0.91748939 -0.19585481
vn -0.04942625 0.18571089 -0.98136054
vn -0.09776319 0.36734755 -0.92493142
vn -0.14234796 0.53485175 -0.83286894
vn -0.18143121 0.68179790 -0.70868494
vn -0.21353783 0.80257068 -0.55702953
vn -0.23747026 0.89241425 -0.38367262
vn -0.25218526 0.94772003 -0.19552325
vn -0.03260737 0.18981116 -0.98127900
vn -0.06439576 0.37492530 -0.92481577
vn -0.09371651 0.54577283 -0.83267595
vn -0.11948357 0.69565445 -0.70837036
vn -0.14061697 0.81869139 -0.55675064
vn -0.15630319 0.91015213 -0.38365663
vn -0.16596171 0.96653692 -0.19560953
vn -0.01988032 0.19254995 -0.98108577
vn -0.03920223 0.37931630 -0.92443622
vn -0.05699408 0.55155682 -0.83218793
vn -0.07262471 0.70262422 -0.70784522
vn -0.08544004 0.82664555 -0.55619883
vn -0.09495286 0.91877380 -0.38319532
vn -0.10081901 0.97550121 -0.19553238
vn -0.01052276 0.19341565 -0.98106048
vn -0.02071364 0.38090194 -0.92438339
vn -0.03009497 0.55375586 -0.83213505
vn -0.03832371 0.70532151 -0.70785087
vn -0.04506680 0.82981440 -0.55621673
vn -0.05007662 0.92231916 -0.38317060
vn -0.05318973 0.97928958 -0.19535293
vn 0.70014474 -0.69979854 -0.14170157
vn 0.67909759 -0.67863052 -0.27979828
vn 0.64609735 -0.64716716 -0.40463920
vn 0.60684513 -0.60439361 -0.51618539
vn 0.55672261 -0.55688305 -0.61639371
vn 0.48830421 -0.48830421 -0.72326897
vn 0.38816140 -0.38816140 -0.83585971
vn 0.27910409 -0.27959308 -0.91865588
vn 0.17501860 -0.17497925 -0.96889151
vn 0.07430865 -0.07420184 -0.99447087
vn 0.01229638 -0.01230327 -0.99984870
vn 0.01230119 0.01230601 -0.99984861
vn 0.07430390 0.07422909 -0.99446919
vn 0.17500099 0.17496953 -0.96889644
vn 0.27912968 0.27951432 -0.91867207
vn 0.38798048 0.38813407 -0.83595639
vn 0.48879398 0.48790529 -0.72320735
vn 0.55662622 0.55804604 -0.61542820
vn 0.60640852 0.60446305 -0.51661700
vn 0.64649715 0.64641973 -0.40519498
vn 0.67897324 0.67899860 -0.27920645
vn 0.70013436 0.69980632 -0.14171445
vn 0.00685252 0.04916655 0.99876709
vn 0.00252100 0.04981189 0.99875544
vn 0.04969672 0.00151910 0.99876320
vn 0.05016398 0.00481382 0.99872939
vn 0.00960828 0.04913495 0.99874593
vn 0.00482796 0.04942307 0.99876626
vn 0.00059131 0.04937286 0.99878024
vn -0.03678149 0.03678149 0.99864621
vn 0.04967720 -0.00072337 0.99876506
vn 0.04961056 0.00926649 0.99872565
vn 0.00000000 0.00000000 1.00000000
vn 0.04896943 -0.01233959 0.99872405
vn 0.04865979 0.01419671 0.99871451
vn 0.03196167 0.03874556 0.99873782
vn 0.02883608 0.04114540 0.99873697
vn 0.01445041 0.04750091 0.99876666
vn 0.01230716 0.04817826 0.99876293
vn 0.02583370 -0.04324996 0.99873022
vn 0.02972441 -0.04080005 0.99872509
vn 0.03624349 -0.03453206 0.99874619
vn 0.04751620 -0.01638775 0.99873603
vn 0.04698390 0.01932704 0.99870866
vn 0.04173286 0.02848159 0.99872277
vn 0.03891456 0.03204011 0.99872874
vn 0.03583377 0.03598036 0.99870985
vn 0.02534921 0.04372778 0.99872183
vn 0.01741547 0.04703713 0.99874131
vn 0.01228938 -0.01229488 0.99984889
vn -0.01416301 -0.02462201 0.99959650
vn 0.01731441 -0.04795354 0.99869949
vn 0.03841053 -0.03202138 0.99874885
vn 0.04151895 -0.02901095 0.99871645
vn 0.04437489 -0.02448989 0.99871473
vn 0.04973595 -0.00786275 0.99873145
vn 0.05013782 -0.00376967 0.99873519
vn 0.04450442 0.02425880 0.99871461
vn 0.02119722 0.04562972 0.99873350
vn -0.02825732 -0.04909951 0.99839409
vn 0.02190360 -0.04538219 0.99872954
vn 0.03358264 -0.03781407 0.99872033
vn 0.04611873 -0.02012698 0.99873318
vn 0.07185003 -0.03738795 0.99671446
vn -0.03677722 -0.03680600 0.99864546
vn 0.03686815 -0.03679019 0.99864269
vn 0.12553091 0.15222468 0.98034159
vn 0.24486643 0.29688878 0.92298293
vn 0.35487239 0.43019963 0.83005654
vn 0.45054329 0.54641400 0.70600459
vn 0.52941103 0.64216898 0.55438521
vn 0.58805303 0.71323581 0.38142930
vn 0.62392780 0.75677723 0.19494184
vn 0.63514624 0.77079147 0.04969670
vn 0.74258120 0.66794808 0.04917850
vn 0.77149322 0.63438485 0.04851877
vn 0.82484108 0.56325990 0.04873894
vn 0.87743523 0.47719559 0.04890584
vn 0.92367101 0.38004913 0.04893382
vn 0.90196150 0.42905289 0.04877560
vn 0.94292628 0.32932134 0.04937087
vn 0.95876498 0.27984608 0.04955685
vn 0.98180843 0.18331491 0.04947566
vn 0.99418551 0.09544808 0.04984809
vn 0.98931990 0.13715469 0.04934304
vn 0.99833275 0.03004298 0.04928633
vn 0.19636133 -0.00285801 0.98052744
vn 0.38399648 -0.00542930 0.92331859
vn 0.55639540 -0.00798065 0.83087933
vn 0.70772209 -0.01000942 0.70642002
vn 0.83182678 -0.01164922 0.55491306
vn 0.92411301 -0.01298340 0.38189865
vn 0.98076581 -0.01410458 0.19467789
vn 0.99869317 -0.01451924 0.04900156
vn 0.70475001 0.70771467 0.04967253
vn 0.13988374 0.14046188 0.98015458
vn 0.27229780 0.27337432 0.92256186
vn 0.39354178 0.39523131 0.83001029
vn 0.50006536 0.50218024 0.70551374
vn 0.58754450 0.58998514 0.55381315
vn 0.65222544 0.65500658 0.38153422
vn 0.69213933 0.69509618 0.19438223
vn 0.15276880 0.12571115 0.98023385
vn 0.29728492 0.24471027 0.92289683
vn 0.43026471 0.35415992 0.83032706
vn 0.54711278 0.45022181 0.70566842
vn 0.64272003 0.52886678 0.55426608
vn 0.71374487 0.58723067 0.38174390
vn 0.75759748 0.62313470 0.19429154
vn 0.16326429 0.11145748 0.98026629
vn 0.31791437 0.21703272 0.92294488
vn 0.46066303 0.31441673 0.83001909
vn 0.58534077 0.39953499 0.70551257
vn 0.68764177 0.46936057 0.55393994
vn 0.76335675 0.52106809 0.38180430
vn 0.17414905 0.09493307 0.98013255
vn 0.33871213 0.18463536 0.92259627
vn 0.48985516 0.26712187 0.82987218
vn 0.62222087 0.33927500 0.70550242
vn 0.73091430 0.39863335 0.55394561
vn 0.81009075 0.55309764 0.19451472
vn 0.81157959 0.44256900 0.38140693
vn 0.18336277 0.07541882 0.98014800
vn 0.35650481 0.14662572 0.92271622
vn 0.51612724 0.21233797 0.82977422
vn 0.65529012 0.26958526 0.70563351
vn 0.76992644 0.31671303 0.55399110
vn 0.86126171 0.46957003 0.19424791
vn 0.85479000 0.35161756 0.38170559
vn 0.90707775 0.37325886 0.19464783
vn 0.19012629 0.05548333 0.98019059
vn 0.36996848 0.10795676 0.92275059
vn 0.53540264 0.15622501 0.83002274
vn 0.68066206 0.19857858 0.70517070
vn 0.79934767 0.23314990 0.55379096
vn 0.88717855 0.25889164 0.38195462
vn 0.94163983 0.27464153 0.19464443
vn 0.19453665 0.03631322 0.98022285
vn 0.37863306 0.07070318 0.92284239
vn 0.54833937 0.10236636 0.82996690
vn 0.69665484 0.13014345 0.70550317
vn 0.81816567 0.15282272 0.55430150
vn 0.90859496 0.16975906 0.38162424
vn 0.19672623 0.01886739 0.98027691
vn 0.38327796 0.03670623 0.92290338
vn 0.55444542 0.05316997 0.83051986
vn 0.70514170 0.06760835 0.70583588
vn 0.82871481 0.07938180 0.55401290
vn 0.96427817 0.18005338 0.19428946
vn 0.91991482 0.08819695 0.38207071
vn 0.97630465 0.09365012 0.19508686
vn 0.19660394 0.00604249 0.98046437
vn 0.38372586 0.01179098 0.92337178
vn 0.55633838 0.01698841 0.83078216
vn 0.70785286 0.02179171 0.70602369
vn 0.83150711 0.02557729 0.55492497
vn 0.92344338 0.02825978 0.38269270
vn 0.98025885 0.02968314 0.19547759
vn 0.00234058 0.19577213 0.98064662
vn 0.00456630 0.38341100 0.92356654
vn 0.00659468 0.55604022 0.83112922
vn 0.00839152 0.70735663 0.70680703
vn 0.00990118 0.83165318 0.55520713
vn 0.01100887 0.92403606 0.38214678
vn 0.01166755 0.98080385 0.19464757
vn 0.01187559 0.99872753 0.04901308
vn 0.07383677 0.99606690 0.04897825
vn 0.09369157 0.99440439 0.04880367
vn 0.13741722 0.98928403 0.04933169
vn 0.24765811 0.96758232 0.04949670
vn 0.22496684 0.97309521 0.04975571
vn 0.29043418 0.95563391 0.04911021
vn 0.42079330 0.90579459 0.04969061
vn 0.38198626 0.92285663 0.04921516
vn 0.57367966 0.81759513 0.04929349
vn 0.54119655 0.83943894 0.04948303
vn 0.50097806 0.86405056 0.04937218
vn 0.34678060 0.93666088 0.04908783
vn 0.19176446 0.98014854 0.05035117
vn 0.05037560 0.99751792 0.04919662
vn 0.00992438 0.19628491 0.98049668
vn 0.01936227 0.38334358 0.92340284
vn 0.02810794 0.55608045 0.83065304
vn 0.03581026 0.70751135 0.70579410
vn 0.04203139 0.83105209 0.55460417
vn 0.04663602 0.92289872 0.38220810
vn 0.04951054 0.97960893 0.19471789
vn 0.01905749 0.19514380 0.98058947
vn 0.03741529 0.38210546 0.92336099
vn 0.05417668 0.55385827 0.83084650
vn 0.06893829 0.70437094 0.70647654
vn 0.08097355 0.82780875 0.55513598
vn 0.08999162 0.91975166 0.38204502
vn 0.09538276 0.97626179 0.19446092
vn 0.02712085 0.19444314 0.98053879
vn 0.05298650 0.38007216 0.92343791
vn 0.07683886 0.55132293 0.83074594
vn 0.09768823 0.70095236 0.70648624
vn 0.11477005 0.82374054 0.55522910
vn 0.12752545 0.91530395 0.38204180
vn 0.13531069 0.97139454 0.19515036
vn 0.03785515 0.19356910 0.98035605
vn 0.07376243 0.37720093 0.92318934
vn 0.10680900 0.54639988 0.83068587
vn 0.13588355 0.69503657 0.70601687
vn 0.15971751 0.81659633 0.55467175
vn 0.17744122 0.90717516 0.38150734
vn 0.18834901 0.96258831 0.19480346
vn 0.04866965 0.19050479 0.98047906
vn 0.09497510 0.37180265 0.92344059
vn 0.13797241 0.53931962 0.83072135
vn 0.17540602 0.68600078 0.70614139
vn 0.20625457 0.80604516 0.55475242
vn 0.22907146 0.89532086 0.38200370
vn 0.24294590 0.95020159 0.19517744
vn 0.05714102 0.18795460 0.98051414
vn 0.11174092 0.36737953 0.92333431
vn 0.16196230 0.53241611 0.83084373
vn 0.20600471 0.67743148 0.70615058
vn 0.24218674 0.79609198 0.55460179
vn 0.26880550 0.88397285 0.38253837
vn 0.28528121 0.93837533 0.19510606
vn 0.06851968 0.18506511 0.98033462
vn 0.13364070 0.36093964 0.92296411
vn 0.19340409 0.52236474 0.83049981
vn 0.24590810 0.66433185 0.70582746
vn 0.28902586 0.78067714 0.55408236
vn 0.32073587 0.86653113 0.38242947
vn 0.34054124 0.91976708 0.19509017
vn 0.08333842 0.17935060 0.98024898
vn 0.16217950 0.34906046 0.92295970
vn 0.23469683 0.50527306 0.83043153
vn 0.29843150 0.64246750 0.70581453
vn 0.35078915 0.75508296 0.55389232
vn 0.38954460 0.83837390 0.38129281
vn 0.41333850 0.88948593 0.19484883
vn 0.09926064 0.17126110 0.98021271
vn 0.19303116 0.33305980 0.92293561
vn 0.27957193 0.48238347 0.83014801
vn 0.35539155 0.61316899 0.70549318
vn 0.41754163 0.72027708 0.55394938
vn 0.46363876 0.79984892 0.38115719
vn 0.49187322 0.84862468 0.19467123
vn 0.11327195 0.16157520 0.98033817
vn 0.22069720 0.31481309 0.92313892
vn 0.32007621 0.45633761 0.83024527
vn 0.40697796 0.58011689 0.70557305
vn 0.47801221 0.68150852 0.55412135
vn 0.53068266 0.75670426 0.38180437
vn 0.56319932 0.80299819 0.19493698
vn 0.99598433 -0.07482585 0.04915585
vn 0.96852428 -0.24397300 0.04937506
vn 0.97875776 -0.19901129 0.04927230
vn 0.91559011 -0.39914278 0.04878311
vn 0.93042814 -0.36322726 0.04867681
vn 0.81877220 -0.57205187 0.04866976
vn 0.84767898 -0.52827398 0.04865128
vn 0.76671750 -0.64007018 0.04954232
vn 0.74596800 -0.66415494 0.04929451
vn 0.72392458 -0.68810806 0.04940140
vn 0.66328541 -0.74675666 0.04906068
vn 0.62451543 -0.77946361 0.04916263
vn 0.58793972 -0.80742591 0.04889061
vn 0.51237522 -0.85735421 0.04914672
vn 0.43416006 -0.89950214 0.04899950
vn 0.47346793 -0.87944018 0.04912317
vn 0.36793241 -0.92856082 0.04899526
vn 0.05040254 -0.01752136 0.99857528
vn 0.13875792 -0.04409438 0.98934419
vn 0.00533945 -0.00191124 0.99998392
vn 0.17123992 -0.06393485 0.98315270
vn 0.27706107 -0.08868798 0.95675054
vn 0.31441768 -0.10954415 0.94294305
vn 0.41426542 -0.13587339 0.89995699
vn 0.41537540 -0.14920835 0.89732945
vn 0.45698322 -0.15782478 0.87536146
vn 0.58361494 -0.20326039 0.78617989
vn 0.65917661 -0.22505691 0.71752044
vn 0.78590117 -0.26548381 0.55846011
vn 0.82066200 -0.28486338 0.49534507
vn 0.69454033 -0.24522170 0.67637271
vn 0.86769078 -0.30143623 0.39528333
vn 0.90226921 -0.31266924 0.29689766
vn 0.92274009 -0.32498427 0.20720989
vn 0.94183490 -0.33180856 0.05338629
vn 0.34368944 -0.93800293 0.04503407
vn 0.87442561 -0.48268558 0.04893344
vn 0.94370398 -0.32717268 0.04879389
vn 0.98637706 -0.15686362 0.04953885
vn 0.19680160 -0.01477702 0.98033197
vn 0.38361740 -0.02881734 0.92304239
vn 0.55556045 -0.04174186 0.83042772
vn 0.70629762 -0.05309802 0.70592087
vn 0.83010494 -0.06246338 0.55409757
vn 0.92172218 -0.06929685 0.38160996
vn 0.97808802 -0.07344687 0.19480603
vn 0.19531511 -0.03089147 0.98025391
vn 0.38031794 -0.06014866 0.92289783
vn 0.55067819 -0.08711625 0.83015919
vn 0.69994261 -0.11071939 0.70556471
vn 0.82181015 -0.12993917 0.55474669
vn 0.91287025 -0.14437418 0.38186909
vn 0.96884264 -0.15340488 0.19445020
vn 0.19189715 -0.04835125 0.98022326
vn 0.37359369 -0.09412196 0.92280486
vn 0.54050964 -0.13613992 0.83025012
vn 0.68721713 -0.17307820 0.70553282
vn 0.80741476 -0.20345536 0.55379357
vn 0.89632156 -0.22585580 0.38157151
vn 0.95111513 -0.23957125 0.19489902
vn 0.18654238 -0.06436439 0.98033625
vn 0.36364177 -0.12552567 0.92304278
vn 0.52660210 -0.18184360 0.83043551
vn 0.66981622 -0.23126522 0.70559381
vn 0.78678547 -0.27157963 0.55426810
vn 0.87352584 -0.30149271 0.38217109
vn 0.92719961 -0.32021579 0.19432636
vn 0.18107410 -0.07900256 0.98029116
vn 0.35284476 -0.15395246 0.92292969
vn 0.51047870 -0.22265720 0.83056322
vn 0.64924985 -0.28306629 0.70593775
vn 0.76299642 -0.33267472 0.55422378
vn 0.84719287 -0.36943210 0.38181692
vn 0.89918560 -0.39206168 0.19430106
vn 0.17372070 -0.09587316 0.98011706
vn 0.33743820 -0.18617397 0.92275387
vn 0.48810807 -0.26930837 0.83019487
vn 0.62055823 -0.34247212 0.70542209
vn 0.72902716 -0.40236213 0.55373650
vn 0.80922915 -0.44661523 0.38168445
vn 0.85874795 -0.47394458 0.19475237
vn 0.16238963 -0.11344232 0.98018388
vn 0.31598078 -0.22076706 0.92272317
vn 0.45745416 -0.31970490 0.82977374
vn 0.58103232 -0.40603372 0.70536378
vn 0.68248136 -0.47688472 0.55389544
vn 0.75765699 -0.52944436 0.38163405
vn 0.80409110 -0.56180426 0.19445688
vn 0.15135455 -0.12625169 0.98038376
vn 0.29538877 -0.24642327 0.92304986
vn 0.42760434 -0.35657974 0.83066564
vn 0.54385883 -0.45380422 0.70588902
vn 0.63902950 -0.53305128 0.55452469
vn 0.70969220 -0.59207639 0.38181479
vn 0.14270536 -0.13593897 0.98038553
vn 0.27845642 -0.26513074 0.92312931
vn 0.40347284 -0.38419062 0.83042594
vn 0.51284729 -0.48841977 0.70599844
vn 0.60268752 -0.57373355 0.55461479
vn 0.75303026 -0.62848313 0.19481886
vn 0.66938526 -0.63739359 0.38164484
vn 0.71050438 -0.67614999 0.19494798
vn 0.13156919 -0.14813667 0.98017604
vn 0.25588220 -0.28811761 0.92277437
vn 0.37040205 -0.41702969 0.82999311
vn 0.47074558 -0.53000855 0.70532938
vn 0.55271607 -0.62227714 0.55432491
vn 0.61381991 -0.69098086 0.38179913
vn 0.11653510 -0.15998890 0.98021586
vn 0.22673664 -0.31131717 0.92286083
vn 0.32810071 -0.45045688 0.83032435
vn 0.41719886 -0.57273666 0.70563292
vn 0.49004389 -0.67285222 0.55419029
vn 0.65141786 -0.73340735 0.19434103
vn 0.54418972 -0.74716293 0.38158236
vn 0.57747184 -0.79297324 0.19421566
vn 0.10147066 -0.16981330 0.98023831
vn 0.19752560 -0.33057294 0.92287874
vn 0.28593408 -0.47849186 0.83023324
vn 0.36347946 -0.60829051 0.70559573
vn 0.42696827 -0.71451880 0.55422105
vn 0.47414566 -0.79345840 0.38158835
vn 0.08597942 -0.17813312 0.98024289
vn 0.16734797 -0.34674961 0.92290810
vn 0.24232077 -0.50205392 0.83019426
vn 0.30798322 -0.63813518 0.70564143
vn 0.36182638 -0.74963529 0.55419185
vn 0.50315518 -0.84201293 0.19454844
vn 0.40177525 -0.83238368 0.38172511
vn 0.42638707 -0.88334088 0.19468681
vn 0.07007576 -0.18319272 0.98057627
vn 0.13977884 -0.35863448 0.92295351
vn 0.20248037 -0.51813595 0.83098546
vn 0.25891073 -0.65932509 0.70587227
vn 0.30445512 -0.77372568 0.55556786
vn 0.33979799 -0.85946599 0.38191037
vn 0.36123255 -0.91188205 0.19489015
vn 0.67668367 0.73461415 -0.04940906
vn 0.74447497 0.66586471 -0.04879759
vn 0.77997153 0.62385359 -0.04950862
vn 0.80277914 0.59416403 -0.05014743
vn 0.84381955 0.53433774 -0.04951504
vn 0.86273288 0.50320930 -0.04972304
vn 0.88797393 0.45721293 -0.04958469
vn 0.92620219 0.37384434 -0.04888675
vn 0.95172804 0.30304404 -0.04876526
vn 0.96230682 0.26739422 -0.04965802
vn 0.97341796 0.22361199 -0.04954960
vn 0.98281095 0.17806840 -0.04872669
vn 0.98900636 0.13973069 -0.04839171
vn 0.99652791 0.06699064 -0.04944060
vn 0.99878855 -0.00212802 -0.04916197
vn 0.61319008 0.78836774 -0.04974168
vn -0.70067695 0.70085651 0.13361123
vn -0.68243482 0.68268880 0.26118714
vn -0.70669685 0.70669685 0.03404591
vn -0.65330070 0.65344492 0.38237146
vn -0.61471280 0.61503618 0.49382049
vn -0.57083056 0.57093861 0.59006912
vn -0.51424388 0.51461247 0.68609565
vn -0.42968223 0.42968223 0.79419542
vn -0.32569875 0.32569875 0.88760388
vn -0.22334163 0.22334163 0.94880822
vn -0.12315689 0.12315689 0.98471557
vn 0.08531763 0.99511368 -0.04969564
vn 0.05597521 0.99721117 -0.04936254
vn 0.01323736 0.99870497 -0.04912390
vn 0.15838358 0.98612833 -0.04965439
vn 0.10960633 0.99274639 -0.04940702
vn 0.25784139 0.96492804 -0.04931226
vn 0.22169249 0.97386922 -0.04930703
vn 0.29362966 0.95463535 -0.04952744
vn 0.40287455 0.91393550 -0.04913253
vn 0.36752820 0.92871894 -0.04903221
vn 0.48802501 0.87139919 -0.04995035
vn 0.44469239 0.89427037 -0.05029094
vn 0.53422543 0.84388998 -0.04952669
vn 0.08485948 -0.04789280 0.99524125
vn 0.19720426 -0.11090228 0.97406938
vn 0.30517229 -0.17227962 0.93658401
vn 0.42083086 -0.23708137 0.87561054
vn 0.52680877 -0.29695452 0.79642359
vn 0.60657610 -0.34228384 0.71757034
vn 0.68042065 -0.38411606 0.62408541
vn 0.75184931 -0.42421918 0.50473824
vn 0.81449873 -0.45840410 0.35560863
vn 0.85551126 -0.48331971 0.18574858
vn 0.87009548 -0.49038158 0.04959591
vn 0.97875790 -0.19901133 -0.04926930
vn 0.98637721 -0.15686364 -0.04953583
vn 0.99598448 -0.07482586 -0.04915285
vn 0.94370411 -0.32717273 -0.04879091
vn 0.96852442 -0.24397304 -0.04937205
vn 0.93042827 -0.36322732 -0.04867384
vn 0.84767911 -0.52827405 -0.04864831
vn 0.87442574 -0.48268565 -0.04893045
vn 0.91559024 -0.39914284 -0.04878013
vn 0.74596812 -0.66415504 -0.04929151
vn 0.76671762 -0.64007027 -0.04953929
vn 0.81877232 -0.57205195 -0.04866679
vn 0.62451552 -0.77946372 -0.04915963
vn 0.66328551 -0.74675677 -0.04905768
vn 0.72392468 -0.68810817 -0.04939839
vn 0.47346800 -0.87944031 -0.04912017
vn 0.51237529 -0.85735433 -0.04914372
vn 0.58793981 -0.80742602 -0.04888763
vn 0.34388781 -0.93794813 -0.04465957
vn 0.36793247 -0.92856096 -0.04899227
vn 0.43416012 -0.89950227 -0.04899651
vn 0.94202471 -0.33192607 -0.04913797
vn 0.19711001 -0.00040092 -0.98038130
vn 0.05010516 -0.00009925 -0.99874394
vn 0.05001478 0.00336370 -0.99874281
vn 0.38459001 -0.00077639 -0.92308717
vn 0.55703472 -0.00110530 -0.83048847
vn 0.70804330 -0.00138437 -0.70616766
vn 0.83210660 -0.00160602 -0.55461340
vn 0.92429602 -0.00182959 -0.38167201
vn 0.98091622 -0.00198264 -0.19442078
vn 0.04979710 0.00711211 -0.99873403
vn 0.04911463 0.01127892 -0.99872946
vn 0.04789622 0.01521409 -0.99873644
vn 0.04661920 0.01886054 -0.99873466
vn 0.04506458 0.02320089 -0.99871462
vn 0.04246918 0.02685922 -0.99873668
vn 0.04037133 0.02991907 -0.99873670
vn 0.03790039 0.03389409 -0.99870654
vn 0.12117551 0.15594460 -0.98030494
vn 0.03412200 0.03700951 -0.99873219
vn 0.23635377 0.30399570 -0.92288868
vn 0.34235270 0.44036297 -0.82998499
vn 0.43467029 0.55920885 -0.70593711
vn 0.51086786 0.65707078 -0.55432122
vn 0.56745312 0.72978648 -0.38132485
vn 0.60200759 0.77432776 -0.19494455
vn 0.03089641 0.03977989 -0.99873068
vn 0.19670229 0.01323014 -0.98037400
vn 0.38378232 0.02582536 -0.92306239
vn 0.55591521 0.03743039 -0.83039584
vn 0.70674072 0.04761133 -0.70586876
vn 0.83014430 0.05587983 -0.55474128
vn 0.92193515 0.06199178 -0.38235140
vn 0.97862964 0.06582769 -0.19480952
vn 0.19556226 0.02791739 -0.98029385
vn 0.38102304 0.05440203 -0.92296363
vn 0.55175718 0.07877627 -0.83027604
vn 0.70114866 0.10005050 -0.70596066
vn 0.82369143 0.11754386 -0.55472143
vn 0.91485099 0.13058983 -0.38209157
vn 0.97108044 0.13851820 -0.19446207
vn 0.19277019 0.04428963 -0.98024389
vn 0.37552333 0.08628941 -0.92278728
vn 0.54306855 0.12471751 -0.83037467
vn 0.69024558 0.15853243 -0.70599469
vn 0.81139927 0.18643626 -0.55396096
vn 0.90078111 0.20699140 -0.38176951
vn 0.95589911 0.21967637 -0.19493379
vn 0.18818424 0.05980911 -0.98031095
vn 0.36654849 0.11649527 -0.92307695
vn 0.53071447 0.16862884 -0.83060608
vn 0.67507284 0.21457393 -0.70585741
vn 0.79347439 0.25227482 -0.55385540
vn 0.88091517 0.28008236 -0.38150010
vn 0.93465786 0.29721650 -0.19513338
vn 0.18306187 0.07402754 -0.98031030
vn 0.35649082 0.14406303 -0.92312520
vn 0.51634755 0.20872537 -0.83055339
vn 0.65692236 0.26562966 -0.70561597
vn 0.77189599 0.31204201 -0.55390105
vn 0.85681664 0.34621698 -0.38209823
vn 0.90933772 0.36742637 -0.19519930
vn 0.17619648 0.09071312 -0.98016628
vn 0.34288768 0.17660721 -0.92262556
vn 0.49612674 0.25552384 -0.82979867
vn 0.62994916 0.32434833 -0.70566438
vn 0.74012995 0.38104158 -0.55408932
vn 0.82172372 0.42316233 -0.38171164
vn 0.87197512 0.44899059 -0.19510726
vn 0.16667938 0.10544581 -0.98035665
vn 0.32493882 0.20562315 -0.92311098
vn 0.47065699 0.29771326 -0.83057138
vn 0.59866954 0.37893503 -0.70569330
vn 0.70331507 0.44524450 -0.55417078
vn 0.78098997 0.49412912 -0.38195692
vn 0.82877341 0.52460334 -0.19474594
vn 0.15857452 0.11749233 -0.98033141
vn 0.30885408 0.22875252 -0.92319090
vn 0.44782713 0.33175959 -0.83029298
vn 0.56939476 0.42183348 -0.70558211
vn 0.66856590 0.49501381 -0.55496033
vn 0.74288592 0.55004947 -0.38153125
vn 0.78825513 0.58384726 -0.19436110
vn 0.14796641 0.13232571 -0.98009992
vn 0.28749618 0.25718700 -0.92260544
vn 0.41565329 0.37172355 -0.83009274
vn 0.52841992 0.47254389 -0.70531883
vn 0.62052892 0.55501698 -0.55398557
vn 0.68891322 0.61604493 -0.38195185
vn 0.73122933 0.65395763 -0.19401826
vn 0.13395227 0.14527226 -0.98028198
vn 0.26081348 0.28290475 -0.92300662
vn 0.37758670 0.40975285 -0.83037997
vn 0.48006316 0.52096603 -0.70578591
vn 0.56411225 0.61208355 -0.55419410
vn 0.62629525 0.67976055 -0.38168030
vn 0.66462354 0.72133788 -0.19480041
vn -0.70079340 -0.70075270 0.13354500
vn -0.68222416 -0.68259710 0.26197593
vn -0.70667828 -0.70671274 0.03410159
vn -0.65372475 -0.65277690 0.38278750
vn -0.61482185 -0.61525878 0.49340726
vn -0.57085558 -0.57103954 0.58994725
vn -0.51441432 -0.51421443 0.68626629
vn -0.42969968 -0.42975161 0.79414844
vn -0.32566782 -0.32578500 0.88758357
vn -0.22335623 -0.22324718 0.94882701
vn -0.12316035 -0.12316470 0.98471416
vn -0.70669698 0.70669698 -0.03404045
vn 0.02718236 0.04292850 -0.99870830
vn 0.02251672 0.04528159 -0.99872047
vn 0.01836229 0.04679583 -0.99873569
vn 0.01476019 0.04803792 -0.99873645
vn 0.01115266 0.04909410 -0.99873189
vn 0.00793630 0.04925333 -0.99875479
vn 0.00544219 0.04946641 -0.99876096
vn 0.00262243 0.19585758 -0.98062885
vn 0.00280445 0.04990745 -0.99874991
vn 0.00512952 0.38348371 -0.92353339
vn 0.00742040 0.55612191 -0.83106760
vn 0.00943273 0.70736629 -0.70678423
vn 0.01111342 0.83165242 -0.55518533
vn 0.01234846 0.92403596 -0.38210609
vn 0.01308686 0.98078933 -0.19463047
vn 0.00066439 0.04945834 -0.99877597
vn 0.10598662 0.16743078 -0.98017028
vn 0.20630754 0.32594300 -0.92260412
vn 0.29839338 0.47144887 -0.82987791
vn 0.37895614 0.59870723 -0.70564998
vn 0.44519018 0.70336591 -0.55414988
vn 0.49445545 0.78109836 -0.38131243
vn 0.52476707 0.82877722 -0.19428805
vn 0.08819907 0.17736338 -0.98018526
vn 0.17164113 0.34512662 -0.92272799
vn 0.24837750 0.49940606 -0.83000133
vn 0.31550262 0.63431899 -0.70576024
vn 0.37068474 0.74527146 -0.55422314
vn 0.41164130 0.82772903 -0.38133461
vn 0.43680755 0.87813374 -0.19514174
vn 0.07210349 0.18373753 -0.98032729
vn 0.14053374 0.35817395 -0.92301771
vn 0.20365251 0.51905929 -0.83012234
vn 0.25864375 0.65911251 -0.70616862
vn 0.30391257 0.77466176 -0.55455956
vn 0.33761424 0.86047820 -0.38156768
vn 0.35835765 0.91303530 -0.19479817
vn 0.05793715 0.18851442 -0.98035993
vn 0.11303215 0.36777536 -0.92301951
vn 0.16372787 0.53256049 -0.83040502
vn 0.20812381 0.67714169 -0.70580706
vn 0.24448286 0.79535015 -0.55465870
vn 0.27161179 0.88309177 -0.38259112
vn 0.04368596 0.19235773 -0.98035200
vn 0.08523006 0.37526352 -0.92299140
vn 0.12342196 0.54342321 -0.83033622
vn 0.15685491 0.69063469 -0.70598885
vn 0.18430253 0.81126431 -0.55487188
vn 0.28826685 0.93753756 -0.19474482
vn 0.20470698 0.90135023 -0.38165798
vn 0.21724141 0.95663155 -0.19406764
vn 0.03125390 0.19402225 -0.98049914
vn 0.06105201 0.37929095 -0.92326108
vn 0.08846719 0.54950649 -0.83079250
vn 0.11252553 0.69889875 -0.70631335
vn 0.13222176 0.82120300 -0.55510633
vn 0.14685320 0.91244333 -0.38194411
vn 0.02151632 0.19552236 -0.98046318
vn 0.04204431 0.38153636 -0.92339714
vn 0.06096982 0.55304041 -0.83092056
vn 0.07757778 0.70358866 -0.70636016
vn 0.09111865 0.82705895 -0.55468088
vn 0.15581582 0.96842912 -0.19459308
vn 0.10118641 0.91879386 -0.38154835
vn 0.01104902 0.19661778 -0.98041796
vn 0.02153690 0.38351482 -0.92328357
vn 0.03121086 0.55592004 -0.83064962
vn 0.03969925 0.70722401 -0.70587405
vn 0.04668464 0.83075785 -0.55467282
vn 0.10744175 0.97492233 -0.19489155
vn 0.05181765 0.92261502 -0.38222566
vn 0.05500370 0.97930695 -0.19476267
vn -0.09746837 -0.17244789 0.98018449
vn -0.18108674 -0.31538272 0.93152635
vn -0.26117108 -0.45439771 0.85165274
vn -0.33552836 -0.58367882 0.73941852
vn -0.40097292 -0.69742542 0.59398527
vn -0.44695053 -0.77653310 0.44410761
vn -0.47155005 -0.82015493 0.32401611
vn -0.49545289 -0.86148640 0.11120979
vn -0.48600006 -0.84588039 0.21975054
vn -0.49829504 -0.86655089 0.02813544
vn 0.87009939 -0.49037429 -0.04959934
vn 0.05017929 -0.00377279 -0.99873310
vn 0.04977710 -0.00786925 -0.99872935
vn 0.04900993 -0.01234979 -0.99872194
vn 0.04755551 -0.01640130 -0.99873393
vn 0.04615688 -0.02014363 -0.99873108
vn 0.04441159 -0.02451015 -0.99871260
vn 0.04155329 -0.02903495 -0.99871432
vn 0.03844231 -0.03204787 -0.99874678
vn 0.03627348 -0.03456062 -0.99874411
vn 0.03361042 -0.03784535 -0.99871821
vn 0.02974900 -0.04083380 -0.99872298
vn 0.02585507 -0.04328574 -0.99872812
vn 0.02192172 -0.04541973 -0.99872743
vn 0.01730151 -0.04796180 -0.99869932
vn 0.92467891 -0.32545167 -0.19761106
vn 0.90477518 -0.31338528 -0.28839475
vn 0.87985893 -0.30354112 -0.36566521
vn 0.81053456 -0.28567987 -0.51129320
vn 0.78147081 -0.26953736 -0.56271927
vn 0.72303775 -0.25219837 -0.64312705
vn 0.68022485 -0.23186590 -0.69536491
vn 0.61042190 -0.21101228 -0.76345198
vn 0.47881589 -0.16765996 -0.86175721
vn 0.44817094 -0.15537386 -0.88034185
vn 0.34638126 -0.12337087 -0.92994605
vn 0.31123769 -0.11001428 -0.94394277
vn 0.30905545 -0.11059230 -0.94459201
vn 0.23190821 -0.07745776 -0.96964884
vn 0.11698442 -0.04556184 -0.99208808
vn 0.09044475 -0.03242036 -0.99537363
vn 0.02066492 -0.00738270 -0.99975920
vn 0.00021259 -0.00007726 -0.99999997
vn 0.97808033 -0.07348052 -0.19483195
vn 0.92174977 -0.06927576 -0.38154715
vn 0.83006883 -0.06240413 -0.55415834
vn 0.70626184 -0.05311847 -0.70595513
vn 0.55559162 -0.04176306 -0.83040581
vn 0.38359898 -0.02882711 -0.92304974
vn 0.19680853 -0.01479038 -0.98033038
vn 0.96885114 -0.15334285 -0.19445679
vn 0.91287098 -0.14441218 -0.38185299
vn 0.82176024 -0.13005588 -0.55479327
vn 0.69993711 -0.11068908 -0.70557492
vn 0.55069559 -0.08707743 -0.83015173
vn 0.38031134 -0.06013946 -0.92290115
vn 0.19532139 -0.03087248 -0.98025326
vn 0.95111245 -0.23959694 -0.19488051
vn 0.89632036 -0.22581153 -0.38160054
vn 0.80741646 -0.20336817 -0.55382311
vn 0.68720622 -0.17310183 -0.70553765
vn 0.54051204 -0.13617020 -0.83024359
vn 0.37359681 -0.09410895 -0.92280492
vn 0.19188856 -0.04835076 -0.98022497
vn 0.92719339 -0.32022837 -0.19433527
vn 0.87350809 -0.30155449 -0.38216293
vn 0.78676929 -0.27159704 -0.55428253
vn 0.66982585 -0.23118011 -0.70561256
vn 0.52661573 -0.18180504 -0.83043531
vn 0.36361756 -0.12555342 -0.92304854
vn 0.18654209 -0.06438616 -0.98033488
vn 0.89920296 -0.39202607 -0.19429255
vn 0.84719638 -0.36938469 -0.38185502
vn 0.76300637 -0.33268977 -0.55420104
vn 0.64918862 -0.28312345 -0.70597114
vn 0.51047930 -0.22269874 -0.83055172
vn 0.35282974 -0.15390319 -0.92294365
vn 0.18109141 -0.07900353 -0.98028789
vn 0.85873448 -0.47397461 -0.19473870
vn 0.80921194 -0.44662330 -0.38171148
vn 0.72904251 -0.40233973 -0.55373257
vn 0.62050481 -0.34243678 -0.70548624
vn 0.48812945 -0.26937210 -0.83016162
vn 0.33742606 -0.18619228 -0.92275462
vn 0.17372815 -0.09584218 -0.98011877
vn 0.80406508 -0.56182996 -0.19449022
vn 0.75767472 -0.52945770 -0.38158035
vn 0.68244523 -0.47687285 -0.55395017
vn 0.58103016 -0.40601980 -0.70537357
vn 0.45750433 -0.31962789 -0.82977575
vn 0.31598525 -0.22078147 -0.92271819
vn 0.16236498 -0.11346807 -0.98018499
vn 0.75311023 -0.62839772 -0.19478522
vn 0.70963841 -0.59207541 -0.38191628
vn 0.63911159 -0.53308601 -0.55439669
vn 0.54376256 -0.45367847 -0.70604400
vn 0.42760191 -0.35675154 -0.83059313
vn 0.29540413 -0.24634930 -0.92306469
vn 0.15137087 -0.12623106 -0.98038389
vn 0.71044750 -0.67622409 -0.19489825
vn 0.66940023 -0.63731177 -0.38175520
vn 0.60274325 -0.57379619 -0.55448942
vn 0.51267841 -0.48834316 -0.70617406
vn 0.40363925 -0.38420779 -0.83033712
vn 0.27839911 -0.26514405 -0.92314276
vn 0.14268938 -0.13594292 -0.98038730
vn 0.65142428 -0.73339705 -0.19435836
vn 0.61379583 -0.69102360 -0.38176048
vn 0.55265946 -0.62227179 -0.55438735
vn 0.47077748 -0.52998403 -0.70532651
vn 0.37041759 -0.41702560 -0.82998823
vn 0.25587126 -0.28810850 -0.92278025
vn 0.13156964 -0.14813806 -0.98017577
vn 0.57747916 -0.79296717 -0.19421864
vn 0.54420183 -0.74715001 -0.38159040
vn 0.49005475 -0.67283444 -0.55420227
vn 0.41716807 -0.57272934 -0.70565707
vn 0.32808136 -0.45049233 -0.83031276
vn 0.22672991 -0.31130659 -0.92286606
vn 0.11653687 -0.15998893 -0.98021564
vn 0.50316548 -0.84200922 -0.19453782
vn 0.47414849 -0.79344799 -0.38160647
vn 0.42696373 -0.71451585 -0.55422836
vn 0.36346399 -0.60824923 -0.70563928
vn 0.28595968 -0.47851615 -0.83021043
vn 0.19752253 -0.33056055 -0.92288383
vn 0.10147145 -0.16981208 -0.98023844
vn 0.42635677 -0.88335453 -0.19469124
vn 0.40176650 -0.83239184 -0.38171653
vn 0.36183793 -0.74961438 -0.55421259
vn 0.30797474 -0.63810316 -0.70567408
vn 0.24233489 -0.50207006 -0.83018037
vn 0.16733884 -0.34674547 -0.92291131
vn 0.08597964 -0.17813054 -0.98024334
vn 0.36118818 -0.91188352 -0.19496548
vn 0.33918100 -0.85957728 -0.38220826
vn 0.30516749 -0.77403760 -0.55474192
vn 0.25944330 -0.65861851 -0.70633620
vn 0.20293738 -0.51812207 -0.83088263
vn 0.14006982 -0.35848463 -0.92296761
vn 0.07036502 -0.18298155 -0.98059498
vn 0.70084468 -0.70068573 0.13362724
vn 0.68241773 -0.68201246 0.26299249
vn 0.70667828 -0.70671274 0.03410159
vn 0.65270676 -0.65293737 0.38424820
vn 0.61504122 -0.61567452 0.49261464
vn 0.57201329 -0.57037777 0.58946586
vn 0.51331468 -0.51442740 0.68692976
vn 0.43035476 -0.42969037 0.79382679
vn 0.32562191 -0.32569561 0.88763322
vn 0.22292507 -0.22330896 0.94891386
vn 0.12316941 -0.12318081 0.98471102
vn -0.70667841 -0.70671287 -0.03409613
vn -0.03681197 0.03681197 -0.99864396
vn -0.12313751 0.12313751 -0.98472042
vn -0.22335214 0.22335214 -0.94880327
vn -0.32570636 0.32570636 -0.88759830
vn -0.42965302 0.42965302 -0.79422702
vn -0.51426043 0.51462852 -0.68607120
vn -0.57083389 0.57094181 -0.59006281
vn -0.61470730 0.61503060 -0.49383429
vn -0.65329670 0.65344087 -0.38238521
vn -0.68243187 0.68268593 -0.26120234
vn -0.70067711 0.70085673 -0.13360929
vn -0.07094085 -0.12347351 0.98980891
vn -0.15584616 -0.27079196 0.94993878
vn -0.23855588 -0.41509828 0.87794334
vn -0.31761499 -0.55268437 0.77049380
vn -0.38911800 -0.67617518 0.62559916
vn -0.44115492 -0.76704094 0.46586536
vn -0.46912418 -0.81674099 0.33594145
vn -0.49502224 -0.86121147 0.11518588
vn -0.48567435 -0.84404390 0.22739903
vn -0.49820223 -0.86658987 0.02857500
vn -0.49829516 -0.86655097 -0.02813094
vn 0.85550395 -0.48337312 -0.18564327
vn 0.81441114 -0.45847938 -0.35571218
vn 0.75186482 -0.42427452 -0.50466863
vn 0.68027467 -0.38425736 -0.62415755
vn 0.60658282 -0.34233391 -0.71754078
vn 0.52673723 -0.29712345 -0.79640790
vn 0.42073804 -0.23714911 -0.87563680
vn 0.30512117 -0.17236811 -0.93658438
vn 0.19723515 -0.11098470 -0.97405374
vn 0.08462563 -0.04825962 -0.99524344
vn 0.07195042 -0.03716537 -0.99671554
vn 0.70659660 -0.70673998 0.03521161
vn 0.69989292 -0.70001839 0.14185963
vn 0.67868364 -0.67935142 0.27905227
vn 0.64628930 -0.64655706 0.40530743
vn 0.60622228 -0.60464239 0.51662571
vn 0.55655794 -0.55810240 0.61543884
vn 0.48880569 -0.48791703 0.72319151
vn 0.38798789 -0.38820390 0.83592053
vn 0.27912254 -0.27950075 0.91867837
vn 0.17502294 -0.17499148 0.96888851
vn 0.07428515 -0.07419974 0.99447278
vn 0.70667841 -0.70671287 -0.03409613
vn -0.03680770 -0.03683650 -0.99864321
vn -0.22336675 -0.22325769 -0.94882206
vn -0.32567542 -0.32579260 -0.88757800
vn -0.51443069 -0.51423082 -0.68624174
vn -0.57085879 -0.57104275 -0.58994103
vn -0.65372072 -0.65277281 -0.38280135
vn -0.61481633 -0.61525326 -0.49342103
vn -0.68222123 -0.68259418 -0.26199119
vn -0.70079358 -0.70075290 -0.13354301
vn -0.42967047 -0.42972241 -0.79418004
vn -0.12314098 -0.12314533 -0.98471901
vn 0.70667066 -0.70667066 -0.03511620
vn 0.12315005 -0.12316145 -0.98471586
vn 0.32562951 -0.32570320 -0.88762765
vn 0.51316878 -0.51454061 -0.68695397
vn 0.57200958 -0.57044987 -0.58939969
vn 0.61490758 -0.61574562 -0.49269261
vn 0.65267814 -0.65299996 -0.38419045
vn 0.68231589 -0.68207831 -0.26308594
vn 0.70079358 -0.70075290 -0.13354301
vn 0.43032559 -0.42966116 -0.79385841
vn 0.22293556 -0.22331947 -0.94890893
vn 0.03689870 -0.03682068 -0.99864044
vn -0.49812630 -0.86663159 -0.02863336
vn 0.07430549 -0.07422000 -0.99446975
vn 0.17500099 -0.17496953 -0.96889644
vn 0.27914321 -0.27952144 -0.91866579
vn 0.38797385 -0.38818985 -0.83593357
vn 0.48879398 -0.48790529 -0.72320735
vn 0.55658339 -0.55804908 -0.61546418
vn 0.60636023 -0.60454703 -0.51657542
vn 0.64630984 -0.64648201 -0.40539438
vn 0.69994662 -0.69994662 -0.14194874
vn 0.67878673 -0.67927553 -0.27898626
vn 0.01229959 -0.01230510 -0.99984864
vn -0.01417476 -0.02464244 -0.99959583
vn -0.02828070 -0.04914013 -0.99839143
vn -0.49551708 -0.86144190 -0.11126844
vn -0.48608750 -0.84584180 -0.21970566
vn -0.47159606 -0.82010226 -0.32408245
vn -0.44705754 -0.77650483 -0.44404933
vn -0.40096718 -0.69741543 -0.59400087
vn -0.33551076 -0.58364822 -0.73945066
vn -0.26117858 -0.45441077 -0.85164347
vn -0.18109142 -0.31538957 -0.93152312
vn -0.09745962 -0.17242762 -0.98018893
vn -0.49495608 -0.86125808 -0.11512162
vn -0.48558137 -0.84407705 -0.22747456
vn -0.46907361 -0.81678974 -0.33589355
vn -0.44115775 -0.76704587 -0.46585457
vn -0.38910537 -0.67615318 -0.62563079
vn -0.31760343 -0.55266427 -0.77051299
vn -0.23857008 -0.41512300 -0.87792779
vn -0.15583248 -0.27076822 -0.94994779
vn -0.07095254 -0.12349389 -0.98980553
f 1//1 2//2 3//3
f 3//3 4//4 1//1
f 2//2 5//5 6//6
f 6//6 3//3 2//2
f 7//7 4//4 3//3
f 3//3 8//8 7//7
f 9//9 7//7 10//10
f 10//10 11//11 9//9
f 12//12 9//9 13//13
f 13//13 14//14 12//12
f 15//15 12//12 16//16
f 17//17 15//15 18//18
f 19//19 17//17 20//20
f 21//21 19//19 22//22
f 23//23 21//21 24//24
f 24//24 25//25 23//23
f 22//22 24//24 21//21
f 20//20 22//22 19//19
f 18//18 20//20 17//17
f 16//16 18//18 15//15
f 14//14 16//16 12//12
f 11//11 13//13 9//9
f 8//8 10//10 7//7
f 23//23 26//26 55//55
f 21//21 55//55 56//56
f 19//19 56//56 57//57
f 17//17 57//57 58//58
f 15//15 58//58 59//59
f 12//12 59//59 60//60
f 9//9 60//60 61//61
f 7//7 61//61 27//27
f 26//26 28//28 62//62
f 56//56 55//55 62//62
f 57//57 56//56 63//63
f 58//58 57//57 64//64
f 59//59 58//58 65//65
f 60//60 59//59 66//66
f 61//61 60//60 67//67
f 61//61 68//68 29//29
f 28//28 30//30 69//69
f 63//63 62//62 69//69
f 64//64 63//63 70//70
f 65//65 64//64 71//71
f 66//66 65//65 72//72
f 67//67 66//66 73//73
f 68//68 67//67 74//74
f 75//75 31//31 32//32
f 32//32 68//68 75//75
f 30//30 33//33 76//76
f 70//70 69//69 76//76
f 71//71 70//70 77//77
f 72//72 71//71 78//78
f 73//73 72//72 79//79
f 74//74 73//73 80//80
f 75//75 74//74 81//81
f 75//75 82//82 34//34
f 33//33 35//35 83//83
f 77//77 76//76 83//83
f 78//78 77//77 84//84
f 79//79 78//78 85//85
f 80//80 79//79 86//86
f 81//81 80//80 87//87
f 82//82 81//81 88//88
f 89//89 36//36 37//37
f 37//37 82//82 89//89
f 35//35 38//38 90//90
f 84//84 83//83 90//90
f 85//85 84//84 91//91
f 86//86 85//85 92//92
f 87//87 86//86 93//93
f 88//88 87//87 94//94
f 89//89 88//88 95//95
f 89//89 96//96 39//39
f 38//38 40//40 97//97
f 91//91 90//90 97//97
f 92//92 91//91 98//98
f 93//93 92//92 99//99
f 94//94 93//93 100//100
f 95//95 94//94 101//101
f 96//96 95//95 102//102
f 103//103 41//41 42//42
f 42//42 96//96 103//103
f 40//40 43//43 104//104
f 98//98 97//97 104//104
f 99//99 98//98 105//105
f 100//100 99//99 106//106
f 101//101 100//100 107//107
f 102//102 101//101 108//108
f 103//103 102//102 109//109
f 103//103 110//110 44//44
f 43//43 45//45 46//46
f 104//104 46//46 47//47
f 105//105 47//47 48//48
f 106//106 48//48 49//49
f 107//107 49//49 50//50
f 108//108 50//50 51//51
f 109//109 51//51 52//52
f 110//110 52//52 53//53
f 52//52 54//54 53//53
f 53//53 44//44 110//110
f 52//52 110//110 109//109
f 51//51 109//109 108//108
f 50//50 108//108 107//107
f 49//49 107//107 106//106
f 48//48 106//106 105//105
f 47//47 105//105 104//104
f 46//46 104//104 43//43
f 44//44 41//41 103//103
f 109//109 110//110 103//103
f 108//108 109//109 102//102
f 107//107 108//108 101//101
f 106//106 107//107 100//100
f 105//105 106//106 99//99
f 104//104 105//105 98//98
f 104//104 97//97 40//40
f 42//42 39//39 96//96
f 102//102 103//103 96//96
f 101//101 102//102 95//95
f 100//100 101//101 94//94
f 99//99 100//100 93//93
f 98//98 99//99 92//92
f 97//97 98//98 91//91
f 97//97 90//90 38//38
f 39//39 36//36 89//89
f 95//95 96//96 89//89
f 94//94 95//95 88//88
f 93//93 94//94 87//87
f 92//92 93//93 86//86
f 91//91 92//92 85//85
f 90//90 91//91 84//84
f 90//90 83//83 35//35
f 37//37 34//34 82//82
f 88//88 89//89 82//82
f 87//87 88//88 81//81
f 86//86 87//87 80//80
f 85//85 86//86 79//79
f 84//84 85//85 78//78
f 83//83 84//84 77//77
f 83//83 76//76 33//33
f 34//34 31//31 75//75
f 81//81 82//82 75//75
f 80//80 81//81 74//74
f 79//79 80//80 73//73
f 78//78 79//79 72//72
f 77//77 78//78 71//71
f 76//76 77//77 70//70
f 76//76 69//69 30//30
f 32//32 29//29 68//68
f 74//74 75//75 68//68
f 73//73 74//74 67//67
f 72//72 73//73 66//66
f 71//71 72//72 65//65
f 70//70 71//71 64//64
f 69//69 70//70 63//63
f 69//69 62//62 28//28
f 29//29 27//27 61//61
f 67//67 68//68 61//61
f 66//66 67//67 60//60
f 65//65 66//66 59//59
f 64//64 65//65 58//58
f 63//63 64//64 57//57
f 62//62 63//63 56//56
f 62//62 55//55 26//26
f 27//27 4//4 7//7
f 61//61 7//7 9//9
f 60//60 9//9 12//12
f 59//59 12//12 15//15
f 58//58 15//15 17//17
f 57//57 17//17 19//19
f 56//56 19//19 21//21
f 55//55 21//21 23//23
f 111//111 25//25 24//24
f 24//24 22//22 112//112
f 112//112 22//22 20//20
f 20//20 18//18 113//113
f 18//18 16//16 114//114
f 115//115 16//16 14//14
f 14//14 116//116 115//115
f 14//14 13//13 116//116
f 117//117 13//13 11//11
f 11//11 118//118 117//117
f 11//11 10//10 118//118
f 119//119 10//10 8//8
f 8//8 6//6 119//119
f 119//119 118//118 10//10
f 8//8 3//3 6//6
f 117//117 116//116 13//13
f 115//115 114//114 16//16
f 114//114 113//113 18//18
f 113//113 120//120 20//20
f 20//20 120//120 112//112
f 112//112 121//121 24//24
f 24//24 121//121 111//111
f 122//122 111//111 121//121
f 123//123 121//121 112//112
f 124//124 112//112 120//120
f 125//125 120//120 113//113
f 126//126 113//113 114//114
f 127//127 115//115 116//116
f 127//127 114//114 115//115
f 128//128 117//117 118//118
f 128//128 116//116 117//117
f 129//129 119//119 6//6
f 129//129 118//118 119//119
f 6//6 130//130 129//129
f 118//118 129//129 128//128
f 116//116 128//128 127//127
f 114//114 127//127 126//126
f 113//113 126//126 125//125
f 120//120 125//125 124//124
f 112//112 124//124 123//123
f 121//121 123//123 122//122
f 5//5 131//131 130//130
f 130//130 6//6 5//5
f 132//132 158//158 133//133
f 158//158 159//159 134//134
f 159//159 160//160 135//135
f 160//160 161//161 136//136
f 161//161 162//162 137//137
f 162//162 163//163 138//138
f 163//163 164//164 139//139
f 164//164 140//140 141//141
f 142//142 165//165 158//158
f 159//159 158//158 165//165
f 160//160 159//159 166//166
f 161//161 160//160 167//167
f 162//162 161//161 168//168
f 163//163 162//162 169//169
f 164//164 163//163 170//170
f 164//164 171//171 143//143
f 171//171 144//144 143//143
f 145//145 172//172 165//165
f 166//166 165//165 172//172
f 167//167 166//166 173//173
f 168//168 167//167 174//174
f 169//169 168//168 175//175
f 170//170 169//169 176//176
f 171//171 170//170 177//177
f 178//178 146//146 144//144
f 147//147 179//179 172//172
f 173//173 172//172 179//179
f 174//174 173//173 180//180
f 175//175 174//174 181//181
f 176//176 175//175 182//182
f 177//177 176//176 183//183
f 178//178 177//177 184//184
f 185//185 148//148 149//149
f 149//149 178//178 185//185
f 150//150 186//186 179//179
f 180//180 179//179 186//186
f 181//181 180//180 187//187
f 182//182 181//181 188//188
f 183//183 182//182 189//189
f 184//184 183//183 190//190
f 185//185 184//184 191//191
f 192//192 151//151 148//148
f 152//152 193//193 186//186
f 187//187 186//186 193//193
f 188//188 187//187 194//194
f 189//189 188//188 195//195
f 190//190 189//189 196//196
f 191//191 190//190 197//197
f 192//192 191//191 198//198
f 199//199 153//153 151//151
f 154//154 200//200 193//193
f 194//194 193//193 200//200
f 195//195 194//194 201//201
f 196//196 195//195 202//202
f 197//197 196//196 203//203
f 198//198 197//197 204//204
f 199//199 198//198 205//205
f 206//206 155//155 156//156
f 156//156 199//199 206//206
f 122//122 123//123 200//200
f 123//123 124//124 201//201
f 124//124 125//125 202//202
f 125//125 126//126 203//203
f 126//126 127//127 204//204
f 127//127 128//128 205//205
f 128//128 129//129 206//206
f 129//129 130//130 155//155
f 155//155 206//206 129//129
f 206//206 205//205 128//128
f 205//205 204//204 127//127
f 204//204 203//203 126//126
f 203//203 202//202 125//125
f 202//202 201//201 124//124
f 201//201 200//200 123//123
f 200//200 154//154 122//122
f 156//156 153//153 199//199
f 205//205 206//206 199//199
f 204//204 205//205 198//198
f 203//203 204//204 197//197
f 202//202 203//203 196//196
f 201//201 202//202 195//195
f 200//200 201//201 194//194
f 193//193 152//152 154//154
f 151//151 192//192 199//199
f 198//198 199//199 192//192
f 197//197 198//198 191//191
f 196//196 197//197 190//190
f 195//195 196//196 189//189
f 194//194 195//195 188//188
f 193//193 194//194 187//187
f 186//186 150//150 152//152
f 148//148 185//185 192//192
f 191//191 192//192 185//185
f 190//190 191//191 184//184
f 189//189 190//190 183//183
f 188//188 189//189 182//182
f 187//187 188//188 181//181
f 186//186 187//187 180//180
f 179//179 147//147 150//150
f 149//149 146//146 178//178
f 184//184 185//185 178//178
f 183//183 184//184 177//177
f 182//182 183//183 176//176
f 181//181 182//182 175//175
f 180//180 181//181 174//174
f 179//179 180//180 173//173
f 172//172 145//145 147//147
f 144//144 171//171 178//178
f 177//177 178//178 171//171
f 176//176 177//177 170//170
f 175//175 176//176 169//169
f 174//174 175//175 168//168
f 173//173 174//174 167//167
f 172//172 173//173 166//166
f 165//165 142//142 145//145
f 143//143 140//140 164//164
f 170//170 171//171 164//164
f 169//169 170//170 163//163
f 168//168 169//169 162//162
f 167//167 168//168 161//161
f 166//166 167//167 160//160
f 165//165 166//166 159//159
f 158//158 132//132 142//142
f 141//141 139//139 164//164
f 139//139 138//138 163//163
f 138//138 137//137 162//162
f 137//137 136//136 161//161
f 136//136 135//135 160//160
f 135//135 134//134 159//159
f 134//134 133//133 158//158
f 133//133 157//157 132//132
f 207//207 208//208 238//238
f 209//209 238//238 239//239
f 210//210 239//239 240//240
f 211//211 240//240 241//241
f 212//212 241//241 242//242
f 213//213 242//242 243//243
f 214//214 243//243 244//244
f 215//215 244//244 216//216
f 208//208 217//217 245//245
f 239//239 238//238 245//245
f 240//240 239//239 246//246
f 241//241 240//240 247//247
f 242//242 241//241 248//248
f 243//243 242//242 249//249
f 244//244 243//243 250//250
f 244//244 251//251 218//218
f 217//217 219//219 252//252
f 246//246 245//245 252//252
f 247//247 246//246 253//253
f 248//248 247//247 254//254
f 249//249 248//248 255//255
f 250//250 249//249 256//256
f 251//251 250//250 257//257
f 258//258 220//220 221//221
f 221//221 251//251 258//258
f 219//219 222//222 259//259
f 253//253 252//252 259//259
f 254//254 253//253 260//260
f 255//255 254//254 261//261
f 256//256 255//255 262//262
f 257//257 256//256 263//263
f 258//258 257//257 264//264
f 258//258 265//265 223//223
f 222//222 224//224 266//266
f 260//260 259//259 266//266
f 261//261 260//260 267//267
f 262//262 261//261 268//268
f 263//263 262//262 269//269
f 264//264 263//263 270//270
f 265//265 264//264 271//271
f 272//272 225//225 226//226
f 226//226 265//265 272//272
f 224//224 227//227 273//273
f 267//267 266//266 273//273
f 268//268 267//267 274//274
f 269//269 268//268 275//275
f 270//270 269//269 276//276
f 271//271 270//270 277//277
f 272//272 271//271 278//278
f 272//272 279//279 228//228
f 279//279 229//229 228//228
f 227//227 230//230 280//280
f 274//274 273//273 280//280
f 275//275 274//274 281//281
f 276//276 275//275 282//282
f 277//277 276//276 283//283
f 278//278 277//277 284//284
f 279//279 278//278 285//285
f 279//279 286//286 231//231
f 230//230 232//232 287//287
f 281//281 280//280 287//287
f 282//282 281//281 288//288
f 283//283 282//282 289//289
f 284//284 283//283 290//290
f 285//285 284//284 291//291
f 286//286 285//285 292//292
f 286//286 293//293 233//233
f 234//234 294//294 287//287
f 288//288 287//287 294//294
f 289//289 288//288 295//295
f 290//290 289//289 296//296
f 291//291 290//290 297//297
f 292//292 291//291 298//298
f 293//293 292//292 299//299
f 300//300 235//235 236//236
f 236//236 293//293 300//300
f 157//157 133//133 294//294
f 133//133 134//134 295//295
f 134//134 135//135 296//296
f 135//135 136//136 297//297
f 136//136 137//137 298//298
f 137//137 138//138 299//299
f 138//138 139//139 300//300
f 139//139 141//141 235//235
f 235//235 300//300 139//139
f 300//300 299//299 138//138
f 299//299 298//298 137//137
f 298//298 297//297 136//136
f 297//297 296//296 135//135
f 296//296 295//295 134//134
f 295//295 294//294 133//133
f 294//294 234//234 157//157
f 236//236 233//233 293//293
f 299//299 300//300 293//293
f 298//298 299//299 292//292
f 297//297 298//298 291//291
f 296//296 297//297 290//290
f 295//295 296//296 289//289
f 294//294 295//295 288//288
f 287//287 232//232 234//234
f 233//233 231//231 286//286
f 292//292 293//293 286//286
f 291//291 292//292 285//285
f 290//290 291//291 284//284
f 289//289 290//290 283//283
f 288//288 289//289 282//282
f 287//287 288//288 281//281
f 287//287 280//280 230//230
f 231//231 229//229 279//279
f 285//285 286//286 279//279
f 284//284 285//285 278//278
f 283//283 284//284 277//277
f 282//282 283//283 276//276
f 281//281 282//282 275//275
f 280//280 281//281 274//274
f 280//280 273//273 227//227
f 228//228 225//225 272//272
f 278//278 279//279 272//272
f 277//277 278//278 271//271
f 276//276 277//277 270//270
f 275//275 276//276 269//269
f 274//274 275//275 268//268
f 273//273 274//274 267//267
f 273//273 266//266 224//224
f 226//226 223//223 265//265
f 271//271 272//272 265//265
f 270//270 271//271 264//264
f 269//269 270//270 263//263
f 268//268 269//269 262//262
f 267//267 268//268 261//261
f 266//266 267//267 260//260
f 266//266 259//259 222//222
f 223//223 220//220 258//258
f 264//264 265//265 258//258
f 263//263 264//264 257//257
f 262//262 263//263 256//256
f 261//261 262//262 255//255
f 260//260 261//261 254//254
f 259//259 260//260 253//253
f 259//259 252//252 219//219
f 221//221 218//218 251//251
f 257//257 258//258 251//251
f 256//256 257//257 250//250
f 255//255 256//256 249//249
f 254//254 255//255 248//248
f 253//253 254//254 247//247
f 252//252 253//253 246//246
f 252//252 245//245 217//217
f 218//218 216//216 244//244
f 250//250 251//251 244//244
f 249//249 250//250 243//243
f 248//248 249//249 242//242
f 247//247 248//248 241//241
f 246//246 247//247 240//240
f 245//245 246//246 239//239
f 245//245 238//238 208//208
f 216//216 237//237 215//215
f 244//244 215//215 214//214
f 243//243 214//214 213//213
f 242//242 213//213 212//212
f 241//241 212//212 211//211
f 240//240 211//211 210//210
f 239//239 210//210 209//209
f 238//238 209//209 207//207
f 143//143 301//301 302//302
f 140//140 302//302 303//303
f 303//303 141//141 140//140
f 303//303 304//304 141//141
f 146//146 149//149 305//305
f 149//149 306//306 305//305
f 146//146 307//307 308//308
f 308//308 144//144 146//146
f 301//301 143//143 144//144
f 144//144 308//308 301//301
f 156//156 309//309 310//310
f 310//310 151//151 153//153
f 151//151 310//310 311//311
f 311//311 148//148 151//151
f 306//306 149//149 148//148
f 148//148 311//311 306//306
f 131//131 312//312 155//155
f 156//156 155//155 312//312
f 312//312 309//309 156//156
f 155//155 130//130 131//131
f 310//310 153//153 156//156
f 305//305 307//307 146//146
f 302//302 140//140 143//143
f 45//45 313//313 333//333
f 46//46 333//333 334//334
f 47//47 334//334 335//335
f 48//48 335//335 336//336
f 49//49 336//336 337//337
f 50//50 337//337 338//338
f 51//51 338//338 339//339
f 52//52 339//339 314//314
f 315//315 340//340 333//333
f 334//334 333//333 340//340
f 335//335 334//334 341//341
f 336//336 335//335 342//342
f 337//337 336//336 343//343
f 338//338 337//337 344//344
f 339//339 338//338 345//345
f 339//339 346//346 316//316
f 346//346 317//317 316//316
f 318//318 347//347 340//340
f 341//341 340//340 347//347
f 342//342 341//341 348//348
f 343//343 342//342 349//349
f 344//344 343//343 350//350
f 345//345 344//344 351//351
f 346//346 345//345 352//352
f 353//353 319//319 317//317
f 320//320 354//354 347//347
f 348//348 347//347 354//354
f 349//349 348//348 355//355
f 350//350 349//349 356//356
f 351//351 350//350 357//357
f 352//352 351//351 358//358
f 353//353 352//352 359//359
f 353//353 360//360 321//321
f 360//360 322//322 321//321
f 323//323 361//361 354//354
f 355//355 354//354 361//361
f 356//356 355//355 362//362
f 357//357 356//356 363//363
f 358//358 357//357 364//364
f 359//359 358//358 365//365
f 360//360 359//359 366//366
f 367//367 324//324 322//322
f 325//325 368//368 361//361
f 362//362 361//361 368//368
f 363//363 362//362 369//369
f 364//364 363//363 370//370
f 365//365 364//364 371//371
f 366//366 365//365 372//372
f 367//367 366//366 373//373
f 374//374 326//326 327//327
f 327//327 367//367 374//374
f 328//328 375//375 368//368
f 369//369 368//368 375//375
f 370//370 369//369 376//376
f 371//371 370//370 377//377
f 372//372 371//371 378//378
f 373//373 372//372 379//379
f 374//374 373//373 380//380
f 381//381 329//329 326//326
f 330//330 382//382 375//375
f 376//376 375//375 382//382
f 377//377 376//376 383//383
f 378//378 377//377 384//384
f 379//379 378//378 385//385
f 380//380 379//379 386//386
f 381//381 380//380 387//387
f 388//388 331//331 332//332
f 332//332 381//381 388//388
f 207//207 209//209 382//382
f 209//209 210//210 383//383
f 210//210 211//211 384//384
f 211//211 212//212 385//385
f 212//212 213//213 386//386
f 213//213 214//214 387//387
f 214//214 215//215 388//388
f 215//215 237//237 331//331
f 331//331 388//388 215//215
f 388//388 387//387 214//214
f 387//387 386//386 213//213
f 386//386 385//385 212//212
f 385//385 384//384 211//211
f 384//384 383//383 210//210
f 383//383 382//382 209//209
f 382//382 330//330 207//207
f 332//332 329//329 381//381
f 387//387 388//388 381//381
f 386//386 387//387 380//380
f 385//385 386//386 379//379
f 384//384 385//385 378//378
f 383//383 384//384 377//377
f 382//382 383//383 376//376
f 375//375 328//328 330//330
f 326//326 374//374 381//381
f 380//380 381//381 374//374
f 379//379 380//380 373//373
f 378//378 379//379 372//372
f 377//377 378//378 371//371
f 376//376 377//377 370//370
f 375//375 376//376 369//369
f 368//368 325//325 328//328
f 327//327 324//324 367//367
f 373//373 374//374 367//367
f 372//372 373//373 366//366
f 371//371 372//372 365//365
f 370//370 371//371 364//364
f 369//369 370//370 363//363
f 368//368 369//369 362//362
f 361//361 323//323 325//325
f 322//322 360//360 367//367
f 366//366 367//367 360//360
f 365//365 366//366 359//359
f 364//364 365//365 358//358
f 363//363 364//364 357//357
f 362//362 363//363 356//356
f 361//361 362//362 355//355
f 354//354 320//320 323//323
f 321//321 319//319 353//353
f 359//359 360//360 353//353
f 358//358 359//359 352//352
f 357//357 358//358 351//351
f 356//356 357//357 350//350
f 355//355 356//356 349//349
f 354//354 355//355 348//348
f 347//347 318//318 320//320
f 317//317 346//346 353//353
f 352//352 353//353 346//346
f 351//351 352//352 345//345
f 350//350 351//351 344//344
f 349//349 350//350 343//343
f 348//348 349//349 342//342
f 347//347 348//348 341//341
f 340//340 315//315 318//318
f 316//316 314//314 339//339
f 345//345 346//346 339//339
f 344//344 345//345 338//338
f 343//343 344//344 337//337
f 342//342 343//343 336//336
f 341//341 342//342 335//335
f 340//340 341//341 334//334
f 333//333 313//313 315//315
f 314//314 54//54 52//52
f 339//339 52//52 51//51
f 338//338 51//51 50//50
f 337//337 50//50 49//49
f 336//336 49//49 48//48
f 335//335 48//48 47//47
f 334//334 47//47 46//46
f 333//333 46//46 45//45
f 389//389 216//216 218//218
f 218//218 390//390 389//389
f 391//391 237//237 216//216
f 216//216 389//389 391//391
f 221//221 392//392 390//390
f 223//223 393//393 394//394
f 392//392 221//221 220//220
f 220//220 394//394 392//392
f 395//395 393//393 223//223
f 223//223 226//226 395//395
f 396//396 397//397 225//225
f 226//226 225//225 397//397
f 397//397 395//395 226//226
f 233//233 398//398 399//399
f 399//399 231//231 233//233
f 399//399 400//400 231//231
f 400//400 229//229 231//231
f 228//228 229//229 400//400
f 400//400 396//396 228//228
f 401//401 236//236 235//235
f 235//235 304//304 401//401
f 401//401 398//398 236//236
f 235//235 141//141 304//304
f 233//233 236//236 398//398
f 225//225 228//228 396//396
f 394//394 220//220 223//223
f 218//218 221//221 390//390
f 54//54 314//314 402//402
f 403//403 402//402 314//314
f 316//316 404//404 403//403
f 314//314 316//316 403//403
f 317//317 319//319 405//405
f 404//404 316//316 317//317
f 406//406 407//407 319//319
f 319//319 321//321 406//406
f 407//407 405//405 319//319
f 322//322 324//324 408//408
f 409//409 408//408 324//324
f 324//324 327//327 409//409
f 321//321 322//322 410//410
f 410//410 406//406 321//321
f 326//326 329//329 411//411
f 412//412 411//411 329//329
f 329//329 332//332 412//412
f 327//327 326//326 413//413
f 413//413 409//409 327//327
f 414//414 332//332 331//331
f 331//331 391//391 414//414
f 414//414 412//412 332//332
f 331//331 237//237 391//391
f 411//411 413//413 326//326
f 408//408 410//410 322//322
f 405//405 404//404 317//317
f 402//402 415//415 54//54
f 1//1 4//4 27//27
f 29//29 416//416 417//417
f 417//417 27//27 29//29
f 417//417 418//418 27//27
f 27//27 418//418 1//1
f 32//32 31//31 419//419
f 420//420 419//419 31//31
f 34//34 421//421 420//420
f 31//31 34//34 420//420
f 34//34 37//37 421//421
f 422//422 423//423 39//39
f 423//423 424//424 36//36
f 36//36 39//39 423//423
f 37//37 36//36 424//424
f 424//424 421//421 37//37
f 425//425 41//41 44//44
f 44//44 426//426 425//425
f 422//422 42//42 41//41
f 41//41 425//425 422//422
f 54//54 415//415 426//426
f 426//426 53//53 54//54
f 44//44 53//53 426//426
f 39//39 42//42 422//422
f 419//419 416//416 32//32
f 29//29 32//32 416//416
f 427//427 428//428 451//451
f 429//429 451//451 452//452
f 430//430 452//452 453//453
f 431//431 453//453 454//454
f 432//432 454//454 455//455
f 433//433 455//455 456//456
f 434//434 456//456 457//457
f 435//435 457//457 401//401
f 436//436 458//458 451//451
f 452//452 451//451 458//458
f 453//453 452//452 459//459
f 454//454 453//453 460//460
f 455//455 454//454 461//461
f 456//456 455//455 462//462
f 457//457 456//456 463//463
f 464//464 399//399 398//398
f 398//398 457//457 464//464
f 437//437 465//465 458//458
f 459//459 458//458 465//465
f 460//460 459//459 466//466
f 461//461 460//460 467//467
f 462//462 461//461 468//468
f 463//463 462//462 469//469
f 464//464 463//463 470//470
f 471//471 400//400 399//399
f 438//438 472//472 465//465
f 466//466 465//465 472//472
f 467//467 466//466 473//473
f 468//468 467//467 474//474
f 469//469 468//468 475//475
f 470//470 469//469 476//476
f 471//471 470//470 477//477
f 478//478 397//397 396//396
f 396//396 471//471 478//478
f 439//439 479//479 472//472
f 473//473 472//472 479//479
f 474//474 473//473 480//480
f 475//475 474//474 481//481
f 476//476 475//475 482//482
f 477//477 476//476 483//483
f 478//478 477//477 484//484
f 478//478 485//485 395//395
f 485//485 393//393 395//395
f 440//440 486//486 479//479
f 480//480 479//479 486//486
f 481//481 480//480 487//487
f 482//482 481//481 488//488
f 483//483 482//482 489//489
f 484//484 483//483 490//490
f 485//485 484//484 491//491
f 492//492 394//394 393//393
f 441//441 493//493 486//486
f 487//487 486//486 493//493
f 488//488 487//487 494//494
f 489//489 488//488 495//495
f 490//490 489//489 496//496
f 491//491 490//490 497//497
f 492//492 491//491 498//498
f 492//492 499//499 392//392
f 499//499 390//390 392//392
f 442//442 500//500 493//493
f 494//494 493//493 500//500
f 495//495 494//494 501//501
f 496//496 495//495 502//502
f 497//497 496//496 503//503
f 498//498 497//497 504//504
f 499//499 498//498 505//505
f 506//506 389//389 390//390
f 443//443 444//444 500//500
f 444//444 445//445 501//501
f 445//445 446//446 502//502
f 446//446 447//447 503//503
f 447//447 448//448 504//504
f 448//448 449//449 505//505
f 449//449 450//450 506//506
f 450//450 391//391 389//389
f 389//389 506//506 450//450
f 506//506 505//505 449//449
f 505//505 504//504 448//448
f 504//504 503//503 447//447
f 503//503 502//502 446//446
f 502//502 501//501 445//445
f 501//501 500//500 444//444
f 500//500 442//442 443//443
f 390//390 499//499 506//506
f 505//505 506//506 499//499
f 504//504 505//505 498//498
f 503//503 504//504 497//497
f 502//502 503//503 496//496
f 501//501 502//502 495//495
f 500//500 501//501 494//494
f 493//493 441//441 442//442
f 392//392 394//394 492//492
f 498//498 499//499 492//492
f 497//497 498//498 491//491
f 496//496 497//497 490//490
f 495//495 496//496 489//489
f 494//494 495//495 488//488
f 493//493 494//494 487//487
f 486//486 440//440 441//441
f 393//393 485//485 492//492
f 491//491 492//492 485//485
f 490//490 491//491 484//484
f 489//489 490//490 483//483
f 488//488 489//489 482//482
f 487//487 488//488 481//481
f 486//486 487//487 480//480
f 479//479 439//439 440//440
f 395//395 397//397 478//478
f 484//484 485//485 478//478
f 483//483 484//484 477//477
f 482//482 483//483 476//476
f 481//481 482//482 475//475
f 480//480 481//481 474//474
f 479//479 480//480 473//473
f 472//472 438//438 439//439
f 396//396 400//400 471//471
f 477//477 478//478 471//471
f 476//476 477//477 470//470
f 475//475 476//476 469//469
f 474//474 475//475 468//468
f 473//473 474//474 467//467
f 472//472 473//473 466//466
f 465//465 437//437 438//438
f 399//399 464//464 471//471
f 470//470 471//471 464//464
f 469//469 470//470 463//463
f 468//468 469//469 462//462
f 467//467 468//468 461//461
f 466//466 467//467 460//460
f 465//465 466//466 459//459
f 458//458 436//436 437//437
f 398//398 401//401 457//457
f 463//463 464//464 457//457
f 462//462 463//463 456//456
f 461//461 462//462 455//455
f 460//460 461//461 454//454
f 459//459 460//460 453//453
f 458//458 459//459 452//452
f 451//451 428//428 436//436
f 401//401 304//304 435//435
f 457//457 435//435 434//434
f 456//456 434//434 433//433
f 455//455 433//433 432//432
f 454//454 432//432 431//431
f 453//453 431//431 430//430
f 452//452 430//430 429//429
f 451//451 429//429 427//427
f 443//443 507//507 524//524
f 444//444 524//524 525//525
f 445//445 525//525 526//526
f 446//446 526//526 527//527
f 447//447 527//527 528//528
f 448//448 528//528 529//529
f 449//449 529//529 530//530
f 450//450 530//530 414//414
f 507//507 508//508 531//531
f 525//525 524//524 531//531
f 526//526 525//525 532//532
f 527//527 526//526 533//533
f 528//528 527//527 534//534
f 529//529 528//528 535//535
f 530//530 529//529 536//536
f 537//537 411//411 412//412
f 412//412 530//530 537//537
f 508//508 509//509 538//538
f 532//532 531//531 538//538
f 533//533 532//532 539//539
f 534//534 533//533 540//540
f 535//535 534//534 541//541
f 536//536 535//535 542//542
f 537//537 536//536 543//543
f 537//537 544//544 413//413
f 509//509 510//510 545//545
f 539//539 538//538 545//545
f 540//540 539//539 546//546
f 541//541 540//540 547//547
f 542//542 541//541 548//548
f 543//543 542//542 549//549
f 544//544 543//543 550//550
f 551//551 408//408 409//409
f 409//409 544//544 551//551
f 510//510 511//511 552//552
f 546//546 545//545 552//552
f 547//547 546//546 553//553
f 548//548 547//547 554//554
f 549//549 548//548 555//555
f 550//550 549//549 556//556
f 551//551 550//550 557//557
f 551//551 558//558 410//410
f 511//511 512//512 559//559
f 553//553 552//552 559//559
f 554//554 553//553 560//560
f 555//555 554//554 561//561
f 556//556 555//555 562//562
f 557//557 556//556 563//563
f 558//558 557//557 564//564
f 565//565 407//407 406//406
f 406//406 558//558 565//565
f 512//512 513//513 566//566
f 560//560 559//559 566//566
f 561//561 560//560 567//567
f 562//562 561//561 568//568
f 563//563 562//562 569//569
f 564//564 563//563 570//570
f 565//565 564//564 571//571
f 565//565 572//572 405//405
f 513//513 514//514 573//573
f 567//567 566//566 573//573
f 568//568 567//567 574//574
f 569//569 568//568 575//575
f 570//570 569//569 576//576
f 571//571 570//570 577//577
f 572//572 571//571 578//578
f 572//572 579//579 404//404
f 579//579 403//403 404//404
f 515//515 580//580 573//573
f 574//574 573//573 580//580
f 575//575 574//574 581//581
f 576//576 575//575 582//582
f 577//577 576//576 583//583
f 578//578 577//577 584//584
f 579//579 578//578 585//585
f 586//586 402//402 403//403
f 516//516 517//517 580//580
f 517//517 518//518 581//581
f 518//518 519//519 582//582
f 519//519 520//520 583//583
f 520//520 521//521 584//584
f 521//521 522//522 585//585
f 522//522 523//523 586//586
f 523//523 415//415 402//402
f 402//402 586//586 523//523
f 586//586 585//585 522//522
f 585//585 584//584 521//521
f 584//584 583//583 520//520
f 583//583 582//582 519//519
f 582//582 581//581 518//518
f 581//581 580//580 517//517
f 580//580 515//515 516//516
f 403//403 579//579 586//586
f 585//585 586//586 579//579
f 584//584 585//585 578//578
f 583//583 584//584 577//577
f 582//582 583//583 576//576
f 581//581 582//582 575//575
f 580//580 581//581 574//574
f 573//573 514//514 515//515
f 404//404 405//405 572//572
f 578//578 579//579 572//572
f 577//577 578//578 571//571
f 576//576 577//577 570//570
f 575//575 576//576 569//569
f 574//574 575//575 568//568
f 573//573 574//574 567//567
f 573//573 566//566 513//513
f 405//405 407//407 565//565
f 571//571 572//572 565//565
f 570//570 571//571 564//564
f 569//569 570//570 563//563
f 568//568 569//569 562//562
f 567//567 568//568 561//561
f 566//566 567//567 560//560
f 566//566 559//559 512//512
f 406//406 410//410 558//558
f 564//564 565//565 558//558
f 563//563 564//564 557//557
f 562//562 563//563 556//556
f 561//561 562//562 555//555
f 560//560 561//561 554//554
f 559//559 560//560 553//553
f 559//559 552//552 511//511
f 410//410 408//408 551//551
f 557//557 558//558 551//551
f 556//556 557//557 550//550
f 555//555 556//556 549//549
f 554//554 555//555 548//548
f 553//553 554//554 547//547
f 552//552 553//553 546//546
f 552//552 545//545 510//510
f 409//409 413//413 544//544
f 550//550 551//551 544//544
f 549//549 550//550 543//543
f 548//548 549//549 542//542
f 547//547 548//548 541//541
f 546//546 547//547 540//540
f 545//545 546//546 539//539
f 545//545 538//538 509//509
f 413//413 411//411 537//537
f 543//543 544//544 537//537
f 542//542 543//543 536//536
f 541//541 542//542 535//535
f 540//540 541//541 534//534
f 539//539 540//540 533//533
f 538//538 539//539 532//532
f 538//538 531//531 508//508
f 412//412 414//414 530//530
f 536//536 537//537 530//530
f 535//535 536//536 529//529
f 534//534 535//535 528//528
f 533//533 534//534 527//527
f 532//532 533//533 526//526
f 531//531 532//532 525//525
f 531//531 524//524 507//507
f 414//414 391//391 450//450
f 530//530 450//450 449//449
f 529//529 449//449 448//448
f 528//528 448//448 447//447
f 527//527 447//447 446//446
f 526//526 446//446 445//445
f 525//525 445//445 444//444
f 524//524 444//444 443//443
f 587//587 588//588 603//603
f 589//589 603//603 604//604
f 590//590 604//604 605//605
f 591//591 605//605 606//606
f 592//592 606//606 607//607
f 593//593 607//607 608//608
f 594//594 608//608 609//609
f 595//595 609//609 312//312
f 588//588 596//596 610//610
f 604//604 603//603 610//610
f 605//605 604//604 611//611
f 606//606 605//605 612//612
f 607//607 606//606 613//613
f 608//608 607//607 614//614
f 609//609 608//608 615//615
f 609//609 616//616 309//309
f 616//616 310//310 309//309
f 596//596 597//597 617//617
f 611//611 610//610 617//617
f 612//612 611//611 618//618
f 613//613 612//612 619//619
f 614//614 613//613 620//620
f 615//615 614//614 621//621
f 616//616 615//615 622//622
f 616//616 623//623 311//311
f 597//597 598//598 624//624
f 618//618 617//617 624//624
f 619//619 618//618 625//625
f 620//620 619//619 626//626
f 621//621 620//620 627//627
f 622//622 621//621 628//628
f 623//623 622//622 629//629
f 623//623 630//630 306//306
f 630//630 305//305 306//306
f 598//598 599//599 631//631
f 625//625 624//624 631//631
f 626//626 625//625 632//632
f 627//627 626//626 633//633
f 628//628 627//627 634//634
f 629//629 628//628 635//635
f 630//630 629//629 636//636
f 630//630 637//637 307//307
f 599//599 600//600 638//638
f 632//632 631//631 638//638
f 633//633 632//632 639//639
f 634//634 633//633 640//640
f 635//635 634//634 641//641
f 636//636 635//635 642//642
f 637//637 636//636 643//643
f 637//637 644//644 308//308
f 600//600 601//601 645//645
f 639//639 638//638 645//645
f 640//640 639//639 646//646
f 641//641 640//640 647//647
f 642//642 641//641 648//648
f 643//643 642//642 649//649
f 644//644 643//643 650//650
f 644//644 651//651 301//301
f 651//651 302//302 301//301
f 601//601 602//602 652//652
f 646//646 645//645 652//652
f 647//647 646//646 653//653
f 648//648 647//647 654//654
f 649//649 648//648 655//655
f 650//650 649//649 656//656
f 651//651 650//650 657//657
f 651//651 658//658 303//303
f 602//602 427//427 429//429
f 652//652 429//429 430//430
f 653//653 430//430 431//431
f 654//654 431//431 432//432
f 655//655 432//432 433//433
f 656//656 433//433 434//434
f 657//657 434//434 435//435
f 658//658 435//435 304//304
f 304//304 303//303 658//658
f 435//435 658//658 657//657
f 434//434 657//657 656//656
f 433//433 656//656 655//655
f 432//432 655//655 654//654
f 431//431 654//654 653//653
f 430//430 653//653 652//652
f 429//429 652//652 602//602
f 303//303 302//302 651//651
f 657//657 658//658 651//651
f 656//656 657//657 650//650
f 655//655 656//656 649//649
f 654//654 655//655 648//648
f 653//653 654//654 647//647
f 652//652 653//653 646//646
f 652//652 645//645 601//601
f 301//301 308//308 644//644
f 650//650 651//651 644//644
f 649//649 650//650 643//643
f 648//648 649//649 642//642
f 647//647 648//648 641//641
f 646//646 647//647 640//640
f 645//645 646//646 639//639
f 645//645 638//638 600//600
f 308//308 307//307 637//637
f 643//643 644//644 637//637
f 642//642 643//643 636//636
f 641//641 642//642 635//635
f 640//640 641//641 634//634
f 639//639 640//640 633//633
f 638//638 639//639 632//632
f 638//638 631//631 599//599
f 307//307 305//305 630//630
f 636//636 637//637 630//630
f 635//635 636//636 629//629
f 634//634 635//635 628//628
f 633//633 634//634 627//627
f 632//632 633//633 626//626
f 631//631 632//632 625//625
f 631//631 624//624 598//598
f 306//306 311//311 623//623
f 629//629 630//630 623//623
f 628//628 629//629 622//622
f 627//627 628//628 621//621
f 626//626 627//627 620//620
f 625//625 626//626 619//619
f 624//624 625//625 618//618
f 624//624 617//617 597//597
f 311//311 310//310 616//616
f 622//622 623//623 616//616
f 621//621 622//622 615//615
f 620//620 621//621 614//614
f 619//619 620//620 613//613
f 618//618 619//619 612//612
f 617//617 618//618 611//611
f 617//617 610//610 596//596
f 309//309 312//312 609//609
f 615//615 616//616 609//609
f 614//614 615//615 608//608
f 613//613 614//614 607//607
f 612//612 613//613 606//606
f 611//611 612//612 605//605
f 610//610 611//611 604//604
f 610//610 603//603 588//588
f 312//312 131//131 595//595
f 609//609 595//595 594//594
f 608//608 594//594 593//593
f 607//607 593//593 592//592
f 606//606 592//592 591//591
f 605//605 591//591 590//590
f 604//604 590//590 589//589
f 603//603 589//589 587//587
f 659//659 674//674 517//517
f 674//674 675//675 518//518
f 675//675 676//676 519//519
f 676//676 677//677 520//520
f 677//677 678//678 521//521
f 678//678 679//679 522//522
f 679//679 680//680 523//523
f 680//680 425//425 426//426
f 426//426 523//523 680//680
f 660//660 681//681 674//674
f 675//675 674//674 681//681
f 676//676 675//675 682//682
f 677//677 676//676 683//683
f 678//678 677//677 684//684
f 679//679 678//678 685//685
f 680//680 679//679 686//686
f 680//680 687//687 422//422
f 687//687 423//423 422//422
f 661//661 688//688 681//681
f 682//682 681//681 688//688
f 683//683 682//682 689//689
f 684//684 683//683 690//690
f 685//685 684//684 691//691
f 686//686 685//685 692//692
f 687//687 686//686 693//693
f 694//694 424//424 423//423
f 662//662 695//695 688//688
f 689//689 688//688 695//695
f 690//690 689//689 696//696
f 691//691 690//690 697//697
f 692//692 691//691 698//698
f 693//693 692//692 699//699
f 694//694 693//693 700//700
f 694//694 701//701 421//421
f 701//701 420//420 421//421
f 663//663 702//702 695//695
f 696//696 695//695 702//702
f 697//697 696//696 703//703
f 698//698 697//697 704//704
f 699//699 698//698 705//705
f 700//700 699//699 706//706
f 701//701 700//700 707//707
f 708//708 419//419 420//420
f 664//664 709//709 702//702
f 703//703 702//702 709//709
f 704//704 703//703 710//710
f 705//705 704//704 711//711
f 706//706 705//705 712//712
f 707//707 706//706 713//713
f 708//708 707//707 714//714
f 715//715 417//417 416//416
f 416//416 708//708 715//715
f 665//665 716//716 709//709
f 710//710 709//709 716//716
f 711//711 710//710 717//717
f 712//712 711//711 718//718
f 713//713 712//712 719//719
f 714//714 713//713 720//720
f 715//715 714//714 721//721
f 722//722 418//418 417//417
f 666//666 667//667 716//716
f 667//667 668//668 717//717
f 668//668 669//669 718//718
f 669//669 670//670 719//719
f 670//670 671//671 720//720
f 671//671 672//672 721//721
f 672//672 673//673 722//722
f 673//673 1//1 418//418
f 418//418 722//722 673//673
f 722//722 721//721 672//672
f 721//721 720//720 671//671
f 720//720 719//719 670//670
f 719//719 718//718 669//669
f 718//718 717//717 668//668
f 717//717 716//716 667//667
f 716//716 665//665 666//666
f 417//417 715//715 722//722
f 721//721 722//722 715//715
f 720//720 721//721 714//714
f 719//719 720//720 713//713
f 718//718 719//719 712//712
f 717//717 718//718 711//711
f 716//716 717//717 710//710
f 709//709 664//664 665//665
f 416//416 419//419 708//708
f 714//714 715//715 708//708
f 713//713 714//714 707//707
f 712//712 713//713 706//706
f 711//711 712//712 705//705
f 710//710 711//711 704//704
f 709//709 710//710 703//703
f 702//702 663//663 664//664
f 420//420 701//701 708//708
f 707//707 708//708 701//701
f 706//706 707//707 700//700
f 705//705 706//706 699//699
f 704//704 705//705 698//698
f 703//703 704//704 697//697
f 702//702 703//703 696//696
f 695//695 662//662 663//663
f 421//421 424//424 694//694
f 700//700 701//701 694//694
f 699//699 700//700 693//693
f 698//698 699//699 692//692
f 697//697 698//698 691//691
f 696//696 697//697 690//690
f 695//695 696//696 689//689
f 688//688 661//661 662//662
f 423//423 687//687 694//694
f 693//693 694//694 687//687
f 692//692 693//693 686//686
f 691//691 692//692 685//685
f 690//690 691//691 684//684
f 689//689 690//690 683//683
f 688//688 689//689 682//682
f 681//681 660//660 661//661
f 422//422 425//425 680//680
f 686//686 687//687 680//680
f 685//685 686//686 679//679
f 684//684 685//685 678//678
f 683//683 684//684 677//677
f 682//682 683//683 676//676
f 681//681 682//682 675//675
f 674//674 659//659 660//660
f 426//426 415//415 523//523
f 523//523 522//522 679//679
f 522//522 521//521 678//678
f 521//521 520//520 677//677
f 520//520 519//519 676//676
f 519//519 518//518 675//675
f 518//518 517//517 674//674
f 517//517 516//516 659//659
f 595//595 131//131 5//5
f 5//5 723//723 595//595
f 594//594 595//595 724//724
f 724//724 725//725 594//594
f 593//593 594//594 726//726
f 726//726 727//727 593//593
f 592//592 593//593 728//728
f 591//591 592//592 729//729
f 590//590 591//591 730//730
f 589//589 590//590 731//731
f 587//587 589//589 732//732
f 732//732 733//733 587//587
f 731//731 732//732 589//589
f 730//730 731//731 590//590
f 729//729 730//730 591//591
f 728//728 729//729 592//592
f 727//727 728//728 593//593
f 725//725 726//726 594//594
f 723//723 724//724 595//595
f 666//666 734//734 735//735
f 667//667 735//735 736//736
f 668//668 736//736 737//737
f 669//669 737//737 738//738
f 670//670 738//738 739//739
f 671//671 740//740 741//741
f 671//671 739//739 740//740
f 672//672 742//742 743//743
f 672//672 741//741 742//742
f 673//673 744//744 2//2
f 673//673 743//743 744//744
f 2//2 1//1 673//673
f 743//743 673//673 672//672
f 741//741 672//672 671//671
f 739//739 671//671 670//670
f 738//738 670//670 669//669
f 737//737 669//669 668//668
f 736//736 668//668 667//667
f 735//735 667//667 666//666
f 744//744 724//724 723//723
f 723//723 2//2 744//744
f 723//723 5//5 2//2
f 742//742 726//726 725//725
f 725//725 743//743 742//742
f 742//742 741//741 726//726
f 740//740 728//728 727//727
f 727//727 741//741 740//740
f 740//740 739//739 728//728
f 738//738 729//729 728//728
f 737//737 730//730 729//729
f 731//731 730//730 737//737
f 732//732 731//731 736//736
f 734//734 733//733 732//732
f 732//732 735//735 734//734
f 736//736 735//735 732//732
f 737//737 736//736 731//731
f 729//729 738//738 737//737
f 728//728 739//739 738//738
f 727//727 726//726 741//741
f 725//725 724//724 743//743
f 744//744 743//743 724//724
f 150//150 147//147 745//745
f 746//746 154//154 152//152
f 747//747 748//748 208//208
f 147//147 749//749 745//745
f 152//152 750//750 746//746
f 751//751 122//122 154//154
f 751//751 752//752 111//111
f 207//207 753//753 747//747
f 748//748 754//754 217//217
f 152//152 150//150 750//750
f 111//111 122//122 751//751
f 755//755 28//28 26//26
f 756//756 328//328 325//325
f 217//217 208//208 748//748
f 754//754 757//757 219//219
f 232//232 758//758 759//759
f 142//142 760//760 761//761
f 749//749 147//147 145//145
f 154//154 746//746 751//751
f 755//755 30//30 28//28
f 762//762 43//43 40//40
f 762//762 763//763 45//45
f 318//318 315//315 764//764
f 765//765 325//325 323//323
f 325//325 765//765 756//756
f 219//219 217//217 754//754
f 757//757 766//766 222//222
f 767//767 227//227 224//224
f 768//768 230//230 227//227
f 232//232 769//769 758//758
f 759//759 770//770 157//157
f 142//142 771//771 760//760
f 745//745 750//750 150//150
f 772//772 773//773 23//23
f 755//755 33//33 30//30
f 755//755 774//774 35//35
f 45//45 43//43 762//762
f 313//313 45//45 763//763
f 764//764 775//775 318//318
f 320//320 318//318 776//776
f 323//323 320//320 777//777
f 756//756 778//778 328//328
f 330//330 328//328 778//778
f 779//779 753//753 207//207
f 222//222 219//219 757//757
f 766//766 780//780 224//224
f 227//227 767//767 768//768
f 230//230 768//768 769//769
f 157//157 234//234 759//759
f 157//157 770//770 781//781
f 132//132 781//781 771//771
f 145//145 761//761 749//749
f 755//755 773//773 782//782
f 773//773 755//755 23//23
f 35//35 33//33 755//755
f 774//774 783//783 38//38
f 763//763 784//784 313//313
f 315//315 313//313 784//784
f 776//776 777//777 320//320
f 323//323 785//785 765//765
f 207//207 330//330 779//779
f 224//224 222//222 766//766
f 769//769 232//232 230//230
f 781//781 132//132 157//157
f 761//761 145//145 142//142
f 752//752 772//772 25//25
f 23//23 25//25 772//772
f 38//38 35//35 774//774
f 40//40 783//783 762//762
f 775//775 776//776 318//318
f 778//778 779//779 330//330
f 224//224 780//780 767//767
f 771//771 142//142 132//132
f 782//782 786//786 755//755
f 787//787 788//788 772//772
f 40//40 38//38 783//783
f 777//777 785//785 323//323
f 759//759 234//234 232//232
f 772//772 752//752 787//787
f 784//784 764//764 315//315
f 25//25 111//111 752//752
f 208//208 207//207 747//747
f 26//26 23//23 755//755
f 789//789 758//758 769//769
f 790//790 789//789 818//818
f 791//791 790//790 819//819
f 792//792 791//791 820//820
f 793//793 792//792 821//821
f 794//794 793//793 822//822
f 795//795 794//794 823//823
f 796//796 795//795 824//824
f 818//818 769//769 768//768
f 819//819 818//818 825//825
f 820//820 819//819 826//826
f 821//821 820//820 827//827
f 822//822 821//821 828//828
f 823//823 822//822 829//829
f 824//824 823//823 830//830
f 824//824 831//831 797//797
f 831//831 798//798 797//797
f 832//832 825//825 768//768
f 826//826 825//825 832//832
f 827//827 826//826 833//833
f 828//828 827//827 834//834
f 829//829 828//828 835//835
f 830//830 829//829 836//836
f 831//831 830//830 837//837
f 799//799 798//798 831//831
f 838//838 832//832 767//767
f 833//833 832//832 838//838
f 834//834 833//833 839//839
f 835//835 834//834 840//840
f 836//836 835//835 841//841
f 837//837 836//836 842//842
f 843//843 837//837 844//844
f 800//800 799//799 843//843
f 845//845 838//838 780//780
f 839//839 838//838 845//845
f 840//840 839//839 846//846
f 841//841 840//840 847//847
f 842//842 841//841 848//848
f 844//844 842//842 849//849
f 850//850 844//844 851//851
f 852//852 801//801 802//802
f 802//802 850//850 852//852
f 853//853 845//845 766//766
f 846//846 845//845 853//853
f 847//847 846//846 854//854
f 848//848 847//847 855//855
f 849//849 848//848 856//856
f 851//851 849//849 857//857
f 852//852 851//851 858//858
f 852//852 859//859 803//803
f 859//859 804//804 803//803
f 860//860 853//853 757//757
f 854//854 853//853 860//860
f 855//855 854//854 861//861
f 856//856 855//855 862//862
f 857//857 856//856 863//863
f 858//858 857//857 864//864
f 859//859 858//858 865//865
f 805//805 804//804 859//859
f 866//866 860//860 754//754
f 861//861 860//860 866//866
f 862//862 861//861 867//867
f 863//863 862//862 868//868
f 864//864 863//863 869//869
f 865//865 864//864 870//870
f 871//871 865//865 872//872
f 873//873 806//806 807//807
f 807//807 871//871 873//873
f 874//874 866//866 748//748
f 867//867 866//866 874//874
f 868//868 867//867 875//875
f 869//869 868//868 876//876
f 870//870 869//869 877//877
f 872//872 870//870 878//878
f 873//873 872//872 879//879
f 808//808 806//806 873//873
f 809//809 874//874 747//747
f 810//810 875//875 874//874
f 811//811 876//876 875//875
f 812//812 877//877 876//876
f 813//813 878//878 877//877
f 814//814 879//879 878//878
f 815//815 880//880 879//879
f 816//816 808//808 880//880
f 880//880 815//815 816//816
f 879//879 814//814 815//815
f 878//878 813//813 814//814
f 877//877 812//812 813//813
f 876//876 811//811 812//812
f 875//875 810//810 811//811
f 874//874 809//809 810//810
f 747//747 753//753 809//809
f 873//873 880//880 808//808
f 879//879 880//880 873//873
f 878//878 879//879 872//872
f 877//877 878//878 870//870
f 876//876 877//877 869//869
f 875//875 876//876 868//868
f 874//874 875//875 867//867
f 748//748 747//747 874//874
f 807//807 805//805 871//871
f 872//872 873//873 871//871
f 870//870 872//872 865//865
f 869//869 870//870 864//864
f 868//868 869//869 863//863
f 867//867 868//868 862//862
f 866//866 867//867 861//861
f 754//754 748//748 866//866
f 859//859 871//871 805//805
f 865//865 871//871 859//859
f 864//864 865//865 858//858
f 863//863 864//864 857//857
f 862//862 863//863 856//856
f 861//861 862//862 855//855
f 860//860 861//861 854//854
f 757//757 754//754 860//860
f 803//803 801//801 852//852
f 858//858 859//859 852//852
f 857//857 858//858 851//851
f 856//856 857//857 849//849
f 855//855 856//856 848//848
f 854//854 855//855 847//847
f 853//853 854//854 846//846
f 766//766 757//757 853//853
f 802//802 800//800 850//850
f 851//851 852//852 850//850
f 849//849 851//851 844//844
f 848//848 849//849 842//842
f 847//847 848//848 841//841
f 846//846 847//847 840//840
f 845//845 846//846 839//839
f 780//780 766//766 845//845
f 843//843 850//850 800//800
f 844//844 850//850 843//843
f 842//842 844//844 837//837
f 841//841 842//842 836//836
f 840//840 841//841 835//835
f 839//839 840//840 834//834
f 838//838 839//839 833//833
f 767//767 780//780 838//838
f 831//831 843//843 799//799
f 837//837 843//843 831//831
f 836//836 837//837 830//830
f 835//835 836//836 829//829
f 834//834 835//835 828//828
f 833//833 834//834 827//827
f 832//832 833//833 826//826
f 768//768 767//767 832//832
f 797//797 817//817 824//824
f 830//830 831//831 824//824
f 829//829 830//830 823//823
f 828//828 829//829 822//822
f 827//827 828//828 821//821
f 826//826 827//827 820//820
f 825//825 826//826 819//819
f 768//768 825//825 818//818
f 824//824 817//817 796//796
f 823//823 824//824 795//795
f 822//822 823//823 794//794
f 821//821 822//822 793//793
f 820//820 821//821 792//792
f 819//819 820//820 791//791
f 818//818 819//819 790//790
f 769//769 818//818 789//789
f 881//881 751//751 746//746
f 882//882 881//881 903//903
f 883//883 882//882 904//904
f 884//884 883//883 905//905
f 885//885 884//884 906//906
f 886//886 885//885 907//907
f 887//887 886//886 908//908
f 888//888 887//887 909//909
f 903//903 746//746 750//750
f 904//904 903//903 910//910
f 905//905 904//904 911//911
f 906//906 905//905 912//912
f 907//907 906//906 913//913
f 908//908 907//907 914//914
f 909//909 908//908 915//915
f 909//909 916//916 889//889
f 916//916 890//890 889//889
f 910//910 750//750 745//745
f 911//911 910//910 917//917
f 912//912 911//911 918//918
f 913//913 912//912 919//919
f 914//914 913//913 920//920
f 915//915 914//914 921//921
f 916//916 915//915 922//922
f 890//890 916//916 923//923
f 917//917 745//745 749//749
f 918//918 917//917 924//924
f 919//919 918//918 925//925
f 920//920 919//919 926//926
f 921//921 920//920 927//927
f 922//922 921//921 928//928
f 923//923 922//922 929//929
f 891//891 923//923 930//930
f 924//924 749//749 761//761
f 925//925 924//924 931//931
f 926//926 925//925 932//932
f 927//927 926//926 933//933
f 928//928 927//927 934//934
f 929//929 928//928 935//935
f 930//930 929//929 936//936
f 937//937 892//892 893//893
f 893//893 930//930 937//937
f 931//931 761//761 760//760
f 932//932 931//931 938//938
f 933//933 932//932 939//939
f 934//934 933//933 940//940
f 935//935 934//934 941//941
f 936//936 935//935 942//942
f 937//937 936//936 943//943
f 892//892 937//937 944//944
f 938//938 760//760 771//771
f 939//939 938//938 945//945
f 940//940 939//939 946//946
f 941//941 940//940 947//947
f 942//942 941//941 948//948
f 943//943 942//942 949//949
f 944//944 943//943 950//950
f 894//894 944//944 951//951
f 945//945 771//771 781//781
f 946//946 945//945 952//952
f 947//947 946//946 953//953
f 948//948 947//947 954//954
f 949//949 948//948 955//955
f 950//950 949//949 956//956
f 951//951 950//950 957//957
f 958//958 895//895 896//896
f 896//896 951//951 958//958
f 952//952 781//781 770//770
f 953//953 952//952 959//959
f 954//954 953//953 960//960
f 955//955 954//954 961//961
f 956//956 955//955 962//962
f 957//957 956//956 963//963
f 958//958 957//957 964//964
f 895//895 958//958 965//965
f 959//959 770//770 759//759
f 960//960 959//959 966//966
f 961//961 960//960 967//967
f 962//962 961//961 968//968
f 963//963 962//962 969//969
f 964//964 963//963 970//970
f 965//965 964//964 971//971
f 972//972 897//897 898//898
f 898//898 965//965 972//972
f 966//966 759//759 758//758
f 967//967 966//966 789//789
f 968//968 967//967 790//790
f 969//969 968//968 791//791
f 970//970 969//969 792//792
f 971//971 970//970 793//793
f 972//972 971//971 794//794
f 897//897 972//972 795//795
f 795//795 796//796 897//897
f 794//794 795//795 972//972
f 793//793 794//794 971//971
f 792//792 793//793 970//970
f 791//791 792//792 969//969
f 790//790 791//791 968//968
f 789//789 790//790 967//967
f 758//758 789//789 966//966
f 898//898 899//899 965//965
f 971//971 972//972 965//965
f 970//970 971//971 964//964
f 969//969 970//970 963//963
f 968//968 969//969 962//962
f 967//967 968//968 961//961
f 966//966 967//967 960//960
f 759//759 966//966 959//959
f 965//965 899//899 895//895
f 964//964 965//965 958//958
f 963//963 964//964 957//957
f 962//962 963//963 956//956
f 961//961 962//962 955//955
f 960//960 961//961 954//954
f 959//959 960//960 953//953
f 770//770 959//959 952//952
f 896//896 900//900 951//951
f 957//957 958//958 951//951
f 956//956 957//957 950//950
f 955//955 956//956 949//949
f 954//954 955//955 948//948
f 953//953 954//954 947//947
f 952//952 953//953 946//946
f 781//781 952//952 945//945
f 951//951 900//900 894//894
f 950//950 951//951 944//944
f 949//949 950//950 943//943
f 948//948 949//949 942//942
f 947//947 948//948 941//941
f 946//946 947//947 940//940
f 945//945 946//946 939//939
f 771//771 945//945 938//938
f 944//944 894//894 892//892
f 943//943 944//944 937//937
f 942//942 943//943 936//936
f 941//941 942//942 935//935
f 940//940 941//941 934//934
f 939//939 940//940 933//933
f 938//938 939//939 932//932
f 760//760 938//938 931//931
f 893//893 901//901 930//930
f 936//936 937//937 930//930
f 935//935 936//936 929//929
f 934//934 935//935 928//928
f 933//933 934//934 927//927
f 932//932 933//933 926//926
f 931//931 932//932 925//925
f 761//761 931//931 924//924
f 930//930 901//901 891//891
f 929//929 930//930 923//923
f 928//928 929//929 922//922
f 927//927 928//928 921//921
f 926//926 927//927 920//920
f 925//925 926//926 919//919
f 924//924 925//925 918//918
f 749//749 924//924 917//917
f 923//923 891//891 890//890
f 922//922 923//923 916//916
f 921//921 922//922 915//915
f 920//920 921//921 914//914
f 919//919 920//920 913//913
f 918//918 919//919 912//912
f 917//917 918//918 911//911
f 745//745 917//917 910//910
f 889//889 902//902 909//909
f 915//915 916//916 909//909
f 914//914 915//915 908//908
f 913//913 914//914 907//907
f 912//912 913//913 906//906
f 911//911 912//912 905//905
f 910//910 911//911 904//904
f 750//750 910//910 903//903
f 909//909 902//902 888//888
f 908//908 909//909 887//887
f 907//907 908//908 886//886
f 906//906 907//907 885//885
f 905//905 906//906 884//884
f 904//904 905//905 883//883
f 903//903 904//904 882//882
f 746//746 903//903 881//881
f 809//809 753//753 779//779
f 810//810 809//809 1012//1012
f 811//811 810//810 1013//1013
f 812//812 811//811 1014//1014
f 813//813 812//812 1015//1015
f 814//814 813//813 1016//1016
f 815//815 814//814 1017//1017
f 816//816 815//815 1018//1018
f 1012//1012 779//779 778//778
f 1013//1013 1012//1012 1019//1019
f 1014//1014 1013//1013 1020//1020
f 1015//1015 1014//1014 1021//1021
f 1016//1016 1015//1015 1022//1022
f 1017//1017 1016//1016 1023//1023
f 1018//1018 1017//1017 1024//1024
f 973//973 1018//1018 1025//1025
f 1019//1019 778//778 756//756
f 1020//1020 1019//1019 1026//1026
f 1021//1021 1020//1020 1027//1027
f 1022//1022 1021//1021 1028//1028
f 1023//1023 1022//1022 1029//1029
f 1024//1024 1023//1023 1030//1030
f 1025//1025 1024//1024 1031//1031
f 1032//1032 974//974 975//975
f 975//975 1025//1025 1032//1032
f 1026//1026 756//756 765//765
f 1027//1027 1026//1026 1033//1033
f 1028//1028 1027//1027 1034//1034
f 1029//1029 1028//1028 1035//1035
f 1030//1030 1029//1029 1036//1036
f 1031//1031 1030//1030 1037//1037
f 1032//1032 1031//1031 1038//1038
f 974//974 1032//1032 1039//1039
f 1033//1033 765//765 785//785
f 1034//1034 1033//1033 1040//1040
f 1035//1035 1034//1034 1041//1041
f 1036//1036 1035//1035 1042//1042
f 1037//1037 1036//1036 1043//1043
f 1038//1038 1037//1037 1044//1044
f 1039//1039 1038//1038 1045//1045
f 1046//1046 976//976 977//977
f 977//977 1039//1039 1046//1046
f 1040//1040 785//785 777//777
f 1041//1041 1040//1040 1047//1047
f 1042//1042 1041//1041 1048//1048
f 1043//1043 1042//1042 1049//1049
f 1044//1044 1043//1043 1050//1050
f 1045//1045 1044//1044 1051//1051
f 1046//1046 1045//1045 1052//1052
f 976//976 1046//1046 1053//1053
f 1047//1047 777//777 776//776
f 1048//1048 1047//1047 1054//1054
f 1049//1049 1048//1048 1055//1055
f 1050//1050 1049//1049 1056//1056
f 1051//1051 1050//1050 1057//1057
f 1052//1052 1051//1051 1058//1058
f 1053//1053 1052//1052 1059//1059
f 1060//1060 978//978 979//979
f 979//979 1053//1053 1060//1060
f 1061//1061 1054//1054 776//776
f 1055//1055 1054//1054 1061//1061
f 1056//1056 1055//1055 1062//1062
f 1057//1057 1056//1056 1063//1063
f 1058//1058 1057//1057 1064//1064
f 1059//1059 1058//1058 1065//1065
f 1060//1060 1059//1059 1066//1066
f 980//980 978//978 1060//1060
f 1067//1067 1061//1061 775//775
f 1062//1062 1061//1061 1067//1067
f 1063//1063 1062//1062 1068//1068
f 1064//1064 1063//1063 1069//1069
f 1065//1065 1064//1064 1070//1070
f 1066//1066 1065//1065 1071//1071
f 1072//1072 1066//1066 1073//1073
f 1072//1072 1074//1074 981//981
f 1074//1074 982//982 981//981
f 1075//1075 1067//1067 764//764
f 1068//1068 1067//1067 1075//1075
f 1069//1069 1068//1068 1076//1076
f 1070//1070 1069//1069 1077//1077
f 1071//1071 1070//1070 1078//1078
f 1073//1073 1071//1071 1079//1079
f 1074//1074 1073//1073 1080//1080
f 983//983 982//982 1074//1074
f 1081//1081 1075//1075 784//784
f 1076//1076 1075//1075 1081//1081
f 1077//1077 1076//1076 1082//1082
f 1078//1078 1077//1077 1083//1083
f 1079//1079 1078//1078 1084//1084
f 1080//1080 1079//1079 1085//1085
f 1086//1086 1080//1080 1087//1087
f 1086//1086 1088//1088 984//984
f 1088//1088 985//985 984//984
f 1089//1089 1081//1081 763//763
f 1082//1082 1081//1081 1089//1089
f 1083//1083 1082//1082 1090//1090
f 1084//1084 1083//1083 1091//1091
f 1085//1085 1084//1084 1092//1092
f 1087//1087 1085//1085 1093//1093
f 1088//1088 1087//1087 1094//1094
f 986//986 985//985 1088//1088
f 1095//1095 1089//1089 762//762
f 1090//1090 1089//1089 1095//1095
f 1091//1091 1090//1090 1096//1096
f 1092//1092 1091//1091 1097//1097
f 1093//1093 1092//1092 1098//1098
f 1094//1094 1093//1093 1099//1099
f 1100//1100 1094//1094 1101//1101
f 1102//1102 987//987 988//988
f 988//988 1100//1100 1102//1102
f 1103//1103 1095//1095 783//783
f 1096//1096 1095//1095 1103//1103
f 1097//1097 1096//1096 1104//1104
f 1098//1098 1097//1097 1105//1105
f 1099//1099 1098//1098 1106//1106
f 1101//1101 1099//1099 1107//1107
f 1102//1102 1101//1101 1108//1108
f 989//989 987//987 1102//1102
f 774//774 990//990 991//991
f 774//774 755//755 992//992
f 992//992 990//990 774//774
f 1103//1103 993//993 994//994
f 1103//1103 991//991 993//993
f 1104//1104 995//995 996//996
f 1104//1104 994//994 995//995
f 1105//1105 997//997 998//998
f 1105//1105 996//996 997//997
f 1106//1106 999//999 1000//1000
f 1106//1106 998//998 999//999
f 1107//1107 1001//1001 1002//1002
f 1107//1107 1003//1003 1001//1001
f 1107//1107 1000//1000 1003//1003
f 1108//1108 1004//1004 1005//1005
f 1108//1108 1002//1002 1004//1004
f 1006//1006 1007//1007 1008//1008
f 1008//1008 1109//1109 1006//1006
f 1109//1109 1005//1005 1006//1006
f 1008//1008 989//989 1109//1109
f 1005//1005 1109//1109 1108//1108
f 1002//1002 1108//1108 1107//1107
f 1000//1000 1107//1107 1106//1106
f 998//998 1106//1106 1105//1105
f 996//996 1105//1105 1104//1104
f 994//994 1104//1104 1103//1103
f 991//991 1103//1103 774//774
f 1102//1102 1109//1109 989//989
f 1108//1108 1109//1109 1102//1102
f 1107//1107 1108//1108 1101//1101
f 1106//1106 1107//1107 1099//1099
f 1105//1105 1106//1106 1098//1098
f 1104//1104 1105//1105 1097//1097
f 1103//1103 1104//1104 1096//1096
f 783//783 774//774 1103//1103
f 988//988 986//986 1100//1100
f 1101//1101 1102//1102 1100//1100
f 1099//1099 1101//1101 1094//1094
f 1098//1098 1099//1099 1093//1093
f 1097//1097 1098//1098 1092//1092
f 1096//1096 1097//1097 1091//1091
f 1095//1095 1096//1096 1090//1090
f 762//762 783//783 1095//1095
f 1088//1088 1100//1100 986//986
f 1094//1094 1100//1100 1088//1088
f 1093//1093 1094//1094 1087//1087
f 1092//1092 1093//1093 1085//1085
f 1091//1091 1092//1092 1084//1084
f 1090//1090 1091//1091 1083//1083
f 1089//1089 1090//1090 1082//1082
f 763//763 762//762 1089//1089
f 984//984 983//983 1086//1086
f 1087//1087 1088//1088 1086//1086
f 1085//1085 1087//1087 1080//1080
f 1084//1084 1085//1085 1079//1079
f 1083//1083 1084//1084 1078//1078
f 1082//1082 1083//1083 1077//1077
f 1081//1081 1082//1082 1076//1076
f 784//784 763//763 1081//1081
f 1074//1074 1086//1086 983//983
f 1080//1080 1086//1086 1074//1074
f 1079//1079 1080//1080 1073//1073
f 1078//1078 1079//1079 1071//1071
f 1077//1077 1078//1078 1070//1070
f 1076//1076 1077//1077 1069//1069
f 1075//1075 1076//1076 1068//1068
f 764//764 784//784 1075//1075
f 981//981 980//980 1072//1072
f 1073//1073 1074//1074 1072//1072
f 1071//1071 1073//1073 1066//1066
f 1070//1070 1071//1071 1065//1065
f 1069//1069 1070//1070 1064//1064
f 1068//1068 1069//1069 1063//1063
f 1067//1067 1068//1068 1062//1062
f 775//775 764//764 1067//1067
f 1060//1060 1072//1072 980//980
f 1066//1066 1072//1072 1060//1060
f 1065//1065 1066//1066 1059//1059
f 1064//1064 1065//1065 1058//1058
f 1063//1063 1064//1064 1057//1057
f 1062//1062 1063//1063 1056//1056
f 1061//1061 1062//1062 1055//1055
f 776//776 775//775 1061//1061
f 979//979 1009//1009 1053//1053
f 1059//1059 1060//1060 1053//1053
f 1058//1058 1059//1059 1052//1052
f 1057//1057 1058//1058 1051//1051
f 1056//1056 1057//1057 1050//1050
f 1055//1055 1056//1056 1049//1049
f 1054//1054 1055//1055 1048//1048
f 776//776 1054//1054 1047//1047
f 1053//1053 1009//1009 976//976
f 1052//1052 1053//1053 1046//1046
f 1051//1051 1052//1052 1045//1045
f 1050//1050 1051//1051 1044//1044
f 1049//1049 1050//1050 1043//1043
f 1048//1048 1049//1049 1042//1042
f 1047//1047 1048//1048 1041//1041
f 777//777 1047//1047 1040//1040
f 977//977 1010//1010 1039//1039
f 1045//1045 1046//1046 1039//1039
f 1044//1044 1045//1045 1038//1038
f 1043//1043 1044//1044 1037//1037
f 1042//1042 1043//1043 1036//1036
f 1041//1041 1042//1042 1035//1035
f 1040//1040 1041//1041 1034//1034
f 785//785 1040//1040 1033//1033
f 1039//1039 1010//1010 974//974
f 1038//1038 1039//1039 1032//1032
f 1037//1037 1038//1038 1031//1031
f 1036//1036 1037//1037 1030//1030
f 1035//1035 1036//1036 1029//1029
f 1034//1034 1035//1035 1028//1028
f 1033//1033 1034//1034 1027//1027
f 765//765 1033//1033 1026//1026
f 975//975 1011//1011 1025//1025
f 1031//1031 1032//1032 1025//1025
f 1030//1030 1031//1031 1024//1024
f 1029//1029 1030//1030 1023//1023
f 1028//1028 1029//1029 1022//1022
f 1027//1027 1028//1028 1021//1021
f 1026//1026 1027//1027 1020//1020
f 756//756 1026//1026 1019//1019
f 1025//1025 1011//1011 973//973
f 1024//1024 1025//1025 1018//1018
f 1023//1023 1024//1024 1017//1017
f 1022//1022 1023//1023 1016//1016
f 1021//1021 1022//1022 1015//1015
f 1020//1020 1021//1021 1014//1014
f 1019//1019 1020//1020 1013//1013
f 778//778 1019//1019 1012//1012
f 1018//1018 973//973 816//816
f 1017//1017 1018//1018 815//815
f 1016//1016 1017//1017 814//814
f 1015//1015 1016//1016 813//813
f 1014//1014 1015//1015 812//812
f 1013//1013 1014//1014 811//811
f 1012//1012 1013//1013 810//810
f 779//779 1012//1012 809//809
f 796//796 817//817 1110//1110
f 1111//1111 1110//1110 817//817
f 797//797 1112//1112 1111//1111
f 817//817 797//797 1111//1111
f 1113//1113 1112//1112 798//798
f 799//799 1114//1114 1113//1113
f 1112//1112 797//797 798//798
f 800//800 1115//1115 1114//1114
f 1114//1114 799//799 800//800
f 800//800 802//802 1115//1115
f 1116//1116 802//802 801//801
f 801//801 1117//1117 1116//1116
f 803//803 1118//1118 1117//1117
f 803//803 1119//1119 1118//1118
f 1117//1117 801//801 803//803
f 804//804 805//805 1120//1120
f 1119//1119 803//803 804//804
f 1121//1121 1120//1120 805//805
f 805//805 807//807 1121//1121
f 1122//1122 807//807 806//806
f 806//806 1123//1123 1122//1122
f 808//808 1124//1124 1123//1123
f 1123//1123 806//806 808//808
f 808//808 816//816 1124//1124
f 1122//1122 1121//1121 807//807
f 1120//1120 1119//1119 804//804
f 1116//1116 1115//1115 802//802
f 798//798 799//799 1113//1113
f 1110//1110 1125//1125 796//796
f 888//888 1126//1126 1127//1127
f 888//888 1128//1128 1126//1126
f 887//887 1129//1129 1130//1130
f 887//887 1127//1127 1129//1129
f 886//886 1131//1131 1132//1132
f 886//886 1130//1130 1131//1131
f 885//885 1132//1132 1133//1133
f 884//884 1133//1133 1134//1134
f 883//883 1134//1134 1135//1135
f 882//882 1135//1135 1136//1136
f 881//881 1136//1136 752//752
f 752//752 751//751 881//881
f 1136//1136 881//881 882//882
f 1135//1135 882//882 883//883
f 1134//1134 883//883 884//884
f 1133//1133 884//884 885//885
f 1132//1132 885//885 886//886
f 1130//1130 886//886 887//887
f 1127//1127 887//887 888//888
f 889//889 1137//1137 1138//1138
f 1139//1139 888//888 902//902
f 902//902 1138//1138 1139//1139
f 1137//1137 889//889 890//890
f 890//890 1140//1140 1141//1141
f 890//890 1141//1141 1137//1137
f 893//893 1142//1142 1143//1143
f 1140//1140 891//891 901//901
f 901//901 1143//1143 1140//1140
f 1143//1143 901//901 893//893
f 1142//1142 893//893 892//892
f 892//892 1144//1144 1142//1142
f 896//896 1145//1145 1146//1146
f 900//900 1146//1146 1144//1144
f 1144//1144 894//894 900//900
f 1146//1146 900//900 896//896
f 899//899 1147//1147 1148//1148
f 1148//1148 895//895 899//899
f 1145//1145 896//896 895//895
f 895//895 1148//1148 1145//1145
f 1149//1149 898//898 897//897
f 897//897 1125//1125 1149//1149
f 897//897 796//796 1125//1125
f 1149//1149 1147//1147 898//898
f 899//899 898//898 1147//1147
f 892//892 894//894 1144//1144
f 890//890 891//891 1140//1140
f 1138//1138 902//902 889//889
f 786//786 990//990 992//992
f 991//991 990//990 786//786
f 786//786 1150//1150 991//991
f 994//994 993//993 1150//1150
f 1150//1150 1151//1151 994//994
f 996//996 995//995 1151//1151
f 1151//1151 1152//1152 996//996
f 997//997 996//996 1152//1152
f 1000//1000 999//999 1153//1153
f 1153//1153 1154//1154 1000//1000
f 999//999 998//998 1153//1153
f 1002//1002 1001//1001 1154//1154
f 1154//1154 1155//1155 1002//1002
f 1155//1155 1156//1156 1002//1002
f 1001//1001 1003//1003 1154//1154
f 1005//1005 1004//1004 1156//1156
f 1156//1156 1157//1157 1005//1005
f 1157//1157 1158//1158 1005//1005
f 1007//1007 1006//1006 1158//1158
f 1158//1158 1159//1159 1007//1007
f 1159//1159 1160//1160 1007//1007
f 1006//1006 1005//1005 1158//1158
f 1004//1004 1002//1002 1156//1156
f 1003//1003 1000//1000 1154//1154
f 998//998 997//997 1153//1153
f 1152//1152 1153//1153 997//997
f 995//995 994//994 1151//1151
f 993//993 991//991 1150//1150
f 992//992 755//755 786//786
f 1161//1161 1162//1162 1011//1011
f 973//973 1011//1011 1162//1162
f 1162//1162 1163//1163 973//973
f 816//816 973//973 1163//1163
f 1163//1163 1124//1124 816//816
f 974//974 1010//1010 1164//1164
f 975//975 974//974 1165//1165
f 1165//1165 1161//1161 975//975
f 977//977 1166//1166 1164//1164
f 1164//1164 1010//1010 977//977
f 1167//1167 1168//1168 1009//1009
f 976//976 1009//1009 1168//1168
f 1168//1168 1169//1169 976//976
f 976//976 1169//1169 1166//1166
f 1166//1166 977//977 976//976
f 1170//1170 1171//1171 980//980
f 978//978 980//980 1171//1171
f 1171//1171 1172//1172 978//978
f 979//979 978//978 1172//1172
f 1172//1172 1167//1167 979//979
f 1173//1173 1174//1174 983//983
f 982//982 983//983 1174//1174
f 1174//1174 1175//1175 982//982
f 981//981 982//982 1175//1175
f 1175//1175 1170//1170 981//981
f 986//986 988//988 1176//1176
f 985//985 986//986 1177//1177
f 1177//1177 1178//1178 985//985
f 984//984 985//985 1178//1178
f 1178//1178 1173//1173 984//984
f 1176//1176 988//988 987//987
f 1179//1179 1180//1180 989//989
f 989//989 1180//1180 1181//1181
f 1181//1181 987//987 989//989
f 989//989 1008//1008 1179//1179
f 1007//1007 1182//1182 1179//1179
f 1179//1179 1008//1008 1007//1007
f 987//987 1181//1181 1176//1176
f 1176//1176 1177//1177 986//986
f 983//983 984//984 1173//1173
f 980//980 981//981 1170//1170
f 1009//1009 979//979 1167//1167
f 1164//1164 1165//1165 974//974
f 1011//1011 975//975 1161//1161
f 1183//1183 1184//1184 1185//1185
f 1186//1186 1183//1183 1209//1209
f 1187//1187 1186//1186 1210//1210
f 1188//1188 1187//1187 1211//1211
f 1189//1189 1188//1188 1212//1212
f 1190//1190 1189//1189 1213//1213
f 1191//1191 1190//1190 1214//1214
f 1124//1124 1191//1191 1215//1215
f 1209//1209 1185//1185 1192//1192
f 1210//1210 1209//1209 1216//1216
f 1211//1211 1210//1210 1217//1217
f 1212//1212 1211//1211 1218//1218
f 1213//1213 1212//1212 1219//1219
f 1214//1214 1213//1213 1220//1220
f 1215//1215 1214//1214 1221//1221
f 1123//1123 1215//1215 1222//1222
f 1216//1216 1192//1192 1193//1193
f 1217//1217 1216//1216 1223//1223
f 1218//1218 1217//1217 1224//1224
f 1219//1219 1218//1218 1225//1225
f 1220//1220 1219//1219 1226//1226
f 1221//1221 1220//1220 1227//1227
f 1222//1222 1221//1221 1228//1228
f 1229//1229 1120//1120 1121//1121
f 1121//1121 1222//1222 1229//1229
f 1223//1223 1193//1193 1194//1194
f 1224//1224 1223//1223 1230//1230
f 1225//1225 1224//1224 1231//1231
f 1226//1226 1225//1225 1232//1232
f 1227//1227 1226//1226 1233//1233
f 1228//1228 1227//1227 1234//1234
f 1229//1229 1228//1228 1235//1235
f 1229//1229 1236//1236 1119//1119
f 1236//1236 1118//1118 1119//1119
f 1230//1230 1194//1194 1195//1195
f 1231//1231 1230//1230 1237//1237
f 1232//1232 1231//1231 1238//1238
f 1233//1233 1232//1232 1239//1239
f 1234//1234 1233//1233 1240//1240
f 1235//1235 1234//1234 1241//1241
f 1236//1236 1235//1235 1242//1242
f 1118//1118 1236//1236 1243//1243
f 1237//1237 1195//1195 1196//1196
f 1238//1238 1237//1237 1244//1244
f 1239//1239 1238//1238 1245//1245
f 1240//1240 1239//1239 1246//1246
f 1241//1241 1240//1240 1247//1247
f 1242//1242 1241//1241 1248//1248
f 1243//1243 1242//1242 1249//1249
f 1117//1117 1243//1243 1250//1250
f 1244//1244 1196//1196 1197//1197
f 1245//1245 1244//1244 1251//1251
f 1246//1246 1245//1245 1252//1252
f 1247//1247 1246//1246 1253//1253
f 1248//1248 1247//1247 1254//1254
f 1249//1249 1248//1248 1255//1255
f 1250//1250 1249//1249 1256//1256
f 1257//1257 1114//1114 1115//1115
f 1115//1115 1250//1250 1257//1257
f 1251//1251 1197//1197 1198//1198
f 1252//1252 1251//1251 1258//1258
f 1253//1253 1252//1252 1259//1259
f 1254//1254 1253//1253 1260//1260
f 1255//1255 1254//1254 1261//1261
f 1256//1256 1255//1255 1262//1262
f 1257//1257 1256//1256 1263//1263
f 1114//1114 1257//1257 1264//1264
f 1258//1258 1198//1198 1199//1199
f 1259//1259 1258//1258 1265//1265
f 1260//1260 1259//1259 1266//1266
f 1261//1261 1260//1260 1267//1267
f 1262//1262 1261//1261 1268//1268
f 1263//1263 1262//1262 1269//1269
f 1264//1264 1263//1263 1270//1270
f 1264//1264 1271//1271 1112//1112
f 1271//1271 1111//1111 1112//1112
f 1272//1272 1265//1265 1199//1199
f 1266//1266 1265//1265 1272//1272
f 1267//1267 1266//1266 1273//1273
f 1268//1268 1267//1267 1274//1274
f 1269//1269 1268//1268 1275//1275
f 1270//1270 1269//1269 1276//1276
f 1271//1271 1270//1270 1277//1277
f 1110//1110 1111//1111 1271//1271
f 1200//1200 1272//1272 1201//1201
f 1202//1202 1273//1273 1272//1272
f 1203//1203 1274//1274 1273//1273
f 1204//1204 1275//1275 1274//1274
f 1205//1205 1276//1276 1275//1275
f 1206//1206 1277//1277 1276//1276
f 1207//1207 1278//1278 1277//1277
f 1125//1125 1110//1110 1278//1278
f 1278//1278 1207//1207 1125//1125
f 1277//1277 1206//1206 1207//1207
f 1276//1276 1205//1205 1206//1206
f 1275//1275 1204//1204 1205//1205
f 1274//1274 1203//1203 1204//1204
f 1273//1273 1202//1202 1203//1203
f 1272//1272 1200//1200 1202//1202
f 1201//1201 1208//1208 1200//1200
f 1271//1271 1278//1278 1110//1110
f 1277//1277 1278//1278 1271//1271
f 1276//1276 1277//1277 1270//1270
f 1275//1275 1276//1276 1269//1269
f 1274//1274 1275//1275 1268//1268
f 1273//1273 1274//1274 1267//1267
f 1272//1272 1273//1273 1266//1266
f 1199//1199 1201//1201 1272//1272
f 1112//1112 1113//1113 1264//1264
f 1270//1270 1271//1271 1264//1264
f 1269//1269 1270//1270 1263//1263
f 1268//1268 1269//1269 1262//1262
f 1267//1267 1268//1268 1261//1261
f 1266//1266 1267//1267 1260//1260
f 1265//1265 1266//1266 1259//1259
f 1199//1199 1265//1265 1258//1258
f 1264//1264 1113//1113 1114//1114
f 1263//1263 1264//1264 1257//1257
f 1262//1262 1263//1263 1256//1256
f 1261//1261 1262//1262 1255//1255
f 1260//1260 1261//1261 1254//1254
f 1259//1259 1260//1260 1253//1253
f 1258//1258 1259//1259 1252//1252
f 1198//1198 1258//1258 1251//1251
f 1115//1115 1116//1116 1250//1250
f 1256//1256 1257//1257 1250//1250
f 1255//1255 1256//1256 1249//1249
f 1254//1254 1255//1255 1248//1248
f 1253//1253 1254//1254 1247//1247
f 1252//1252 1253//1253 1246//1246
f 1251//1251 1252//1252 1245//1245
f 1197//1197 1251//1251 1244//1244
f 1250//1250 1116//1116 1117//1117
f 1249//1249 1250//1250 1243//1243
f 1248//1248 1249//1249 1242//1242
f 1247//1247 1248//1248 1241//1241
f 1246//1246 1247//1247 1240//1240
f 1245//1245 1246//1246 1239//1239
f 1244//1244 1245//1245 1238//1238
f 1196//1196 1244//1244 1237//1237
f 1243//1243 1117//1117 1118//1118
f 1242//1242 1243//1243 1236//1236
f 1241//1241 1242//1242 1235//1235
f 1240//1240 1241//1241 1234//1234
f 1239//1239 1240//1240 1233//1233
f 1238//1238 1239//1239 1232//1232
f 1237//1237 1238//1238 1231//1231
f 1195//1195 1237//1237 1230//1230
f 1119//1119 1120//1120 1229//1229
f 1235//1235 1236//1236 1229//1229
f 1234//1234 1235//1235 1228//1228
f 1233//1233 1234//1234 1227//1227
f 1232//1232 1233//1233 1226//1226
f 1231//1231 1232//1232 1225//1225
f 1230//1230 1231//1231 1224//1224
f 1194//1194 1230//1230 1223//1223
f 1121//1121 1122//1122 1222//1222
f 1228//1228 1229//1229 1222//1222
f 1227//1227 1228//1228 1221//1221
f 1226//1226 1227//1227 1220//1220
f 1225//1225 1226//1226 1219//1219
f 1224//1224 1225//1225 1218//1218
f 1223//1223 1224//1224 1217//1217
f 1193//1193 1223//1223 1216//1216
f 1222//1222 1122//1122 1123//1123
f 1221//1221 1222//1222 1215//1215
f 1220//1220 1221//1221 1214//1214
f 1219//1219 1220//1220 1213//1213
f 1218//1218 1219//1219 1212//1212
f 1217//1217 1218//1218 1211//1211
f 1216//1216 1217//1217 1210//1210
f 1192//1192 1216//1216 1209//1209
f 1215//1215 1123//1123 1124//1124
f 1214//1214 1215//1215 1191//1191
f 1213//1213 1214//1214 1190//1190
f 1212//1212 1213//1213 1189//1189
f 1211//1211 1212//1212 1188//1188
f 1210//1210 1211//1211 1187//1187
f 1209//1209 1210//1210 1186//1186
f 1185//1185 1209//1209 1183//1183
f 1126//1126 1279//1279 1280//1280
f 1126//1126 1281//1281 1279//1279
f 1280//1280 1127//1127 1126//1126
f 1282//1282 1283//1283 1130//1130
f 1130//1130 1129//1129 1282//1282
f 1127//1127 1280//1280 1282//1282
f 1284//1284 1285//1285 1132//1132
f 1132//1132 1131//1131 1284//1284
f 1130//1130 1283//1283 1284//1284
f 1132//1132 1285//1285 1286//1286
f 1133//1133 1286//1286 1287//1287
f 1134//1134 1287//1287 1288//1288
f 1288//1288 1289//1289 1136//1136
f 1136//1136 1289//1289 787//787
f 787//787 752//752 1136//1136
f 1136//1136 1135//1135 1288//1288
f 1288//1288 1135//1135 1134//1134
f 1287//1287 1134//1134 1133//1133
f 1286//1286 1133//1133 1132//1132
f 1131//1131 1130//1130 1284//1284
f 1129//1129 1127//1127 1282//1282
f 1126//1126 1128//1128 1281//1281
f 1139//1139 1290//1290 1128//1128
f 1128//1128 888//888 1139//1139
f 1307//1307 1200//1200 1208//1208
f 1308//1308 1202//1202 1200//1200
f 1309//1309 1203//1203 1202//1202
f 1310//1310 1204//1204 1203//1203
f 1311//1311 1205//1205 1204//1204
f 1312//1312 1206//1206 1205//1205
f 1313//1313 1207//1207 1206//1206
f 1149//1149 1125//1125 1207//1207
f 1314//1314 1307//1307 1291//1291
f 1308//1308 1307//1307 1314//1314
f 1309//1309 1308//1308 1315//1315
f 1310//1310 1309//1309 1316//1316
f 1311//1311 1310//1310 1317//1317
f 1312//1312 1311//1311 1318//1318
f 1313//1313 1312//1312 1319//1319
f 1320//1320 1148//1148 1147//1147
f 1147//1147 1313//1313 1320//1320
f 1321//1321 1314//1314 1292//1292
f 1315//1315 1314//1314 1321//1321
f 1316//1316 1315//1315 1322//1322
f 1317//1317 1316//1316 1323//1323
f 1318//1318 1317//1317 1324//1324
f 1319//1319 1318//1318 1325//1325
f 1320//1320 1319//1319 1326//1326
f 1320//1320 1327//1327 1145//1145
f 1327//1327 1146//1146 1145//1145
f 1328//1328 1321//1321 1293//1293
f 1322//1322 1321//1321 1328//1328
f 1323//1323 1322//1322 1329//1329
f 1324//1324 1323//1323 1330//1330
f 1325//1325 1324//1324 1331//1331
f 1326//1326 1325//1325 1332//1332
f 1327//1327 1326//1326 1333//1333
f 1144//1144 1146//1146 1327//1327
f 1334//1334 1328//1328 1294//1294
f 1329//1329 1328//1328 1334//1334
f 1330//1330 1329//1329 1335//1335
f 1331//1331 1330//1330 1336//1336
f 1332//1332 1331//1331 1337//1337
f 1333//1333 1332//1332 1338//1338
f 1339//1339 1333//1333 1340//1340
f 1339//1339 1341//1341 1142//1142
f 1341//1341 1143//1143 1142//1142
f 1342//1342 1334//1334 1295//1295
f 1335//1335 1334//1334 1342//1342
f 1336//1336 1335//1335 1343//1343
f 1337//1337 1336//1336 1344//1344
f 1338//1338 1337//1337 1345//1345
f 1340//1340 1338//1338 1346//1346
f 1341//1341 1340//1340 1347//1347
f 1140//1140 1143//1143 1341//1341
f 1348//1348 1342//1342 1296//1296
f 1343//1343 1342//1342 1348//1348
f 1344//1344 1343//1343 1349//1349
f 1345//1345 1344//1344 1350//1350
f 1346//1346 1345//1345 1351//1351
f 1347//1347 1346//1346 1352//1352
f 1353//1353 1347//1347 1354//1354
f 1141//1141 1140//1140 1353//1353
f 1355//1355 1348//1348 1297//1297
f 1349//1349 1348//1348 1355//1355
f 1350//1350 1349//1349 1356//1356
f 1351//1351 1350//1350 1357//1357
f 1352//1352 1351//1351 1358//1358
f 1354//1354 1352//1352 1359//1359
f 1360//1360 1354//1354 1361//1361
f 1362//1362 1138//1138 1137//1137
f 1137//1137 1360//1360 1362//1362
f 1298//1298 1355//1355 1299//1299
f 1300//1300 1356//1356 1355//1355
f 1301//1301 1357//1357 1356//1356
f 1302//1302 1358//1358 1357//1357
f 1303//1303 1359//1359 1358//1358
f 1304//1304 1361//1361 1359//1359
f 1305//1305 1362//1362 1361//1361
f 1139//1139 1138//1138 1362//1362
f 1362//1362 1305//1305 1139//1139
f 1361//1361 1304//1304 1305//1305
f 1359//1359 1303//1303 1304//1304
f 1358//1358 1302//1302 1303//1303
f 1357//1357 1301//1301 1302//1302
f 1356//1356 1300//1300 1301//1301
f 1355//1355 1298//1298 1300//1300
f 1299//1299 1306//1306 1298//1298
f 1137//1137 1141//1141 1360//1360
f 1361//1361 1362//1362 1360//1360
f 1359//1359 1361//1361 1354//1354
f 1358//1358 1359//1359 1352//1352
f 1357//1357 1358//1358 1351//1351
f 1356//1356 1357//1357 1350//1350
f 1355//1355 1356//1356 1349//1349
f 1297//1297 1299//1299 1355//1355
f 1353//1353 1360//1360 1141//1141
f 1354//1354 1360//1360 1353//1353
f 1352//1352 1354//1354 1347//1347
f 1351//1351 1352//1352 1346//1346
f 1350//1350 1351//1351 1345//1345
f 1349//1349 1350//1350 1344//1344
f 1348//1348 1349//1349 1343//1343
f 1296//1296 1297//1297 1348//1348
f 1341//1341 1353//1353 1140//1140
f 1347//1347 1353//1353 1341//1341
f 1346//1346 1347//1347 1340//1340
f 1345//1345 1346//1346 1338//1338
f 1344//1344 1345//1345 1337//1337
f 1343//1343 1344//1344 1336//1336
f 1342//1342 1343//1343 1335//1335
f 1295//1295 1296//1296 1342//1342
f 1142//1142 1144//1144 1339//1339
f 1340//1340 1341//1341 1339//1339
f 1338//1338 1340//1340 1333//1333
f 1337//1337 1338//1338 1332//1332
f 1336//1336 1337//1337 1331//1331
f 1335//1335 1336//1336 1330//1330
f 1334//1334 1335//1335 1329//1329
f 1294//1294 1295//1295 1334//1334
f 1327//1327 1339//1339 1144//1144
f 1333//1333 1339//1339 1327//1327
f 1332//1332 1333//1333 1326//1326
f 1331//1331 1332//1332 1325//1325
f 1330//1330 1331//1331 1324//1324
f 1329//1329 1330//1330 1323//1323
f 1328//1328 1329//1329 1322//1322
f 1293//1293 1294//1294 1328//1328
f 1145//1145 1148//1148 1320//1320
f 1326//1326 1327//1327 1320//1320
f 1325//1325 1326//1326 1319//1319
f 1324//1324 1325//1325 1318//1318
f 1323//1323 1324//1324 1317//1317
f 1322//1322 1323//1323 1316//1316
f 1321//1321 1322//1322 1315//1315
f 1292//1292 1293//1293 1321//1321
f 1147//1147 1149//1149 1313//1313
f 1319//1319 1320//1320 1313//1313
f 1318//1318 1319//1319 1312//1312
f 1317//1317 1318//1318 1311//1311
f 1316//1316 1317//1317 1310//1310
f 1315//1315 1316//1316 1309//1309
f 1314//1314 1315//1315 1308//1308
f 1291//1291 1292//1292 1314//1314
f 1207//1207 1313//1313 1149//1149
f 1206//1206 1312//1312 1313//1313
f 1205//1205 1311//1311 1312//1312
f 1204//1204 1310//1310 1311//1311
f 1203//1203 1309//1309 1310//1310
f 1202//1202 1308//1308 1309//1309
f 1200//1200 1307//1307 1308//1308
f 1208//1208 1291//1291 1307//1307
f 1363//1363 1150//1150 786//786
f 1364//1364 1151//1151 1150//1150
f 1365//1365 1152//1152 1151//1151
f 1366//1366 1153//1153 1152//1152
f 1367//1367 1154//1154 1153//1153
f 1368//1368 1155//1155 1154//1154
f 1368//1368 1156//1156 1155//1155
f 1369//1369 1157//1157 1156//1156
f 1369//1369 1158//1158 1157//1157
f 1156//1156 1368//1368 1369//1369
f 1370//1370 1159//1159 1158//1158
f 1370//1370 1160//1160 1159//1159
f 1158//1158 1371//1371 1370//1370
f 1370//1370 1372//1372 1160//1160
f 1369//1369 1371//1371 1158//1158
f 1154//1154 1367//1367 1368//1368
f 1153//1153 1366//1366 1367//1367
f 1152//1152 1365//1365 1366//1366
f 1151//1151 1364//1364 1365//1365
f 1150//1150 1363//1363 1364//1364
f 786//786 782//782 1363//1363
f 1007//1007 1160//1160 1373//1373
f 1373//1373 1182//1182 1007//1007
f 1124//1124 1163//1163 1406//1406
f 1191//1191 1406//1406 1407//1407
f 1190//1190 1407//1407 1408//1408
f 1189//1189 1408//1408 1409//1409
f 1188//1188 1409//1409 1410//1410
f 1187//1187 1410//1410 1411//1411
f 1186//1186 1411//1411 1412//1412
f 1183//1183 1412//1412 1374//1374
f 1163//1163 1162//1162 1413//1413
f 1407//1407 1406//1406 1413//1413
f 1408//1408 1407//1407 1414//1414
f 1409//1409 1408//1408 1415//1415
f 1410//1410 1409//1409 1416//1416
f 1411//1411 1410//1410 1417//1417
f 1412//1412 1411//1411 1418//1418
f 1412//1412 1419//1419 1375//1375
f 1420//1420 1413//1413 1161//1161
f 1413//1413 1162//1162 1161//1161
f 1414//1414 1413//1413 1420//1420
f 1415//1415 1414//1414 1421//1421
f 1416//1416 1415//1415 1422//1422
f 1417//1417 1416//1416 1423//1423
f 1418//1418 1417//1417 1424//1424
f 1419//1419 1418//1418 1425//1425
f 1419//1419 1426//1426 1376//1376
f 1165//1165 1164//1164 1427//1427
f 1421//1421 1420//1420 1427//1427
f 1422//1422 1421//1421 1428//1428
f 1423//1423 1422//1422 1429//1429
f 1424//1424 1423//1423 1430//1430
f 1425//1425 1424//1424 1431//1431
f 1426//1426 1425//1425 1432//1432
f 1426//1426 1433//1433 1377//1377
f 1434//1434 1427//1427 1166//1166
f 1427//1427 1164//1164 1166//1166
f 1428//1428 1427//1427 1434//1434
f 1429//1429 1428//1428 1435//1435
f 1430//1430 1429//1429 1436//1436
f 1431//1431 1430//1430 1437//1437
f 1432//1432 1431//1431 1438//1438
f 1433//1433 1432//1432 1439//1439
f 1433//1433 1440//1440 1378//1378
f 1169//1169 1168//1168 1441//1441
f 1435//1435 1434//1434 1441//1441
f 1436//1436 1435//1435 1442//1442
f 1437//1437 1436//1436 1443//1443
f 1438//1438 1437//1437 1444//1444
f 1439//1439 1438//1438 1445//1445
f 1440//1440 1439//1439 1446//1446
f 1440//1440 1447//1447 1379//1379
f 1448//1448 1441//1441 1167//1167
f 1441//1441 1168//1168 1167//1167
f 1442//1442 1441//1441 1448//1448
f 1443//1443 1442//1442 1449//1449
f 1444//1444 1443//1443 1450//1450
f 1445//1445 1444//1444 1451//1451
f 1446//1446 1445//1445 1452//1452
f 1447//1447 1446//1446 1453//1453
f 1447//1447 1454//1454 1380//1380
f 1171//1171 1455//1455 1448//1448
f 1449//1449 1448//1448 1455//1455
f 1450//1450 1449//1449 1456//1456
f 1451//1451 1450//1450 1457//1457
f 1452//1452 1451//1451 1458//1458
f 1453//1453 1452//1452 1459//1459
f 1454//1454 1453//1453 1460//1460
f 1461//1461 1381//1381 1380//1380
f 1455//1455 1171//1171 1170//1170
f 1170//1170 1462//1462 1455//1455
f 1456//1456 1455//1455 1462//1462
f 1457//1457 1456//1456 1463//1463
f 1458//1458 1457//1457 1464//1464
f 1459//1459 1458//1458 1465//1465
f 1460//1460 1459//1459 1466//1466
f 1461//1461 1460//1460 1467//1467
f 1468//1468 1382//1382 1381//1381
f 1174//1174 1469//1469 1462//1462
f 1463//1463 1462//1462 1469//1469
f 1464//1464 1463//1463 1470//1470
f 1465//1465 1464//1464 1471//1471
f 1466//1466 1465//1465 1472//1472
f 1467//1467 1466//1466 1473//1473
f 1468//1468 1467//1467 1474//1474
f 1475//1475 1383//1383 1382//1382
f 1469//1469 1174//1174 1173//1173
f 1173//1173 1476//1476 1469//1469
f 1470//1470 1469//1469 1476//1476
f 1471//1471 1470//1470 1477//1477
f 1472//1472 1471//1471 1478//1478
f 1473//1473 1472//1472 1479//1479
f 1474//1474 1473//1473 1480//1480
f 1475//1475 1474//1474 1481//1481
f 1482//1482 1384//1384 1383//1383
f 1177//1177 1483//1483 1476//1476
f 1477//1477 1476//1476 1483//1483
f 1478//1478 1477//1477 1484//1484
f 1479//1479 1478//1478 1485//1485
f 1480//1480 1479//1479 1486//1486
f 1481//1481 1480//1480 1487//1487
f 1482//1482 1481//1481 1488//1488
f 1489//1489 1385//1385 1384//1384
f 1490//1490 1483//1483 1176//1176
f 1483//1483 1177//1177 1176//1176
f 1484//1484 1483//1483 1490//1490
f 1485//1485 1484//1484 1491//1491
f 1486//1486 1485//1485 1492//1492
f 1487//1487 1486//1486 1493//1493
f 1488//1488 1487//1487 1494//1494
f 1489//1489 1488//1488 1495//1495
f 1496//1496 1386//1386 1385//1385
f 1180//1180 1497//1497 1490//1490
f 1491//1491 1490//1490 1497//1497
f 1492//1492 1491//1491 1498//1498
f 1493//1493 1492//1492 1499//1499
f 1494//1494 1493//1493 1500//1500
f 1495//1495 1494//1494 1501//1501
f 1496//1496 1495//1495 1502//1502
f 1503//1503 1387//1387 1386//1386
f 1388//1388 1497//1497 1179//1179
f 1497//1497 1180//1180 1179//1179
f 1179//1179 1182//1182 1388//1388
f 1498//1498 1497//1497 1389//1389
f 1389//1389 1390//1390 1498//1498
f 1390//1390 1391//1391 1498//1498
f 1499//1499 1498//1498 1392//1392
f 1392//1392 1393//1393 1499//1499
f 1500//1500 1499//1499 1394//1394
f 1394//1394 1395//1395 1500//1500
f 1501//1501 1500//1500 1396//1396
f 1396//1396 1397//1397 1501//1501
f 1397//1397 1398//1398 1501//1501
f 1502//1502 1501//1501 1399//1399
f 1399//1399 1400//1400 1502//1502
f 1503//1503 1502//1502 1401//1401
f 1401//1401 1402//1402 1503//1503
f 1387//1387 1503//1503 1403//1403
f 1403//1403 1404//1404 1387//1387
f 1404//1404 1405//1405 1387//1387
f 1402//1402 1403//1403 1503//1503
f 1400//1400 1401//1401 1502//1502
f 1398//1398 1399//1399 1501//1501
f 1395//1395 1396//1396 1500//1500
f 1393//1393 1394//1394 1499//1499
f 1391//1391 1392//1392 1498//1498
f 1388//1388 1389//1389 1497//1497
f 1386//1386 1496//1496 1503//1503
f 1502//1502 1503//1503 1496//1496
f 1501//1501 1502//1502 1495//1495
f 1500//1500 1501//1501 1494//1494
f 1499//1499 1500//1500 1493//1493
f 1498//1498 1499//1499 1492//1492
f 1497//1497 1498//1498 1491//1491
f 1490//1490 1181//1181 1180//1180
f 1385//1385 1489//1489 1496//1496
f 1495//1495 1496//1496 1489//1489
f 1494//1494 1495//1495 1488//1488
f 1493//1493 1494//1494 1487//1487
f 1492//1492 1493//1493 1486//1486
f 1491//1491 1492//1492 1485//1485
f 1490//1490 1491//1491 1484//1484
f 1176//1176 1181//1181 1490//1490
f 1384//1384 1482//1482 1489//1489
f 1488//1488 1489//1489 1482//1482
f 1487//1487 1488//1488 1481//1481
f 1486//1486 1487//1487 1480//1480
f 1485//1485 1486//1486 1479//1479
f 1484//1484 1485//1485 1478//1478
f 1483//1483 1484//1484 1477//1477
f 1476//1476 1178//1178 1177//1177
f 1383//1383 1475//1475 1482//1482
f 1481//1481 1482//1482 1475//1475
f 1480//1480 1481//1481 1474//1474
f 1479//1479 1480//1480 1473//1473
f 1478//1478 1479//1479 1472//1472
f 1477//1477 1478//1478 1471//1471
f 1476//1476 1477//1477 1470//1470
f 1173//1173 1178//1178 1476//1476
f 1382//1382 1468//1468 1475//1475
f 1474//1474 1475//1475 1468//1468
f 1473//1473 1474//1474 1467//1467
f 1472//1472 1473//1473 1466//1466
f 1471//1471 1472//1472 1465//1465
f 1470//1470 1471//1471 1464//1464
f 1469//1469 1470//1470 1463//1463
f 1462//1462 1175//1175 1174//1174
f 1381//1381 1461//1461 1468//1468
f 1467//1467 1468//1468 1461//1461
f 1466//1466 1467//1467 1460//1460
f 1465//1465 1466//1466 1459//1459
f 1464//1464 1465//1465 1458//1458
f 1463//1463 1464//1464 1457//1457
f 1462//1462 1463//1463 1456//1456
f 1170//1170 1175//1175 1462//1462
f 1380//1380 1454//1454 1461//1461
f 1460//1460 1461//1461 1454//1454
f 1459//1459 1460//1460 1453//1453
f 1458//1458 1459//1459 1452//1452
f 1457//1457 1458//1458 1451//1451
f 1456//1456 1457//1457 1450//1450
f 1455//1455 1456//1456 1449//1449
f 1448//1448 1172//1172 1171//1171
f 1380//1380 1379//1379 1447//1447
f 1453//1453 1454//1454 1447//1447
f 1452//1452 1453//1453 1446//1446
f 1451//1451 1452//1452 1445//1445
f 1450//1450 1451//1451 1444//1444
f 1449//1449 1450//1450 1443//1443
f 1448//1448 1449//1449 1442//1442
f 1167//1167 1172//1172 1448//1448
f 1379//1379 1378//1378 1440//1440
f 1446//1446 1447//1447 1440//1440
f 1445//1445 1446//1446 1439//1439
f 1444//1444 1445//1445 1438//1438
f 1443//1443 1444//1444 1437//1437
f 1442//1442 1443//1443 1436//1436
f 1441//1441 1442//1442 1435//1435
f 1441//1441 1434//1434 1169//1169
f 1378//1378 1377//1377 1433//1433
f 1439//1439 1440//1440 1433//1433
f 1438//1438 1439//1439 1432//1432
f 1437//1437 1438//1438 1431//1431
f 1436//1436 1437//1437 1430//1430
f 1435//1435 1436//1436 1429//1429
f 1434//1434 1435//1435 1428//1428
f 1166//1166 1169//1169 1434//1434
f 1377//1377 1376//1376 1426//1426
f 1432//1432 1433//1433 1426//1426
f 1431//1431 1432//1432 1425//1425
f 1430//1430 1431//1431 1424//1424
f 1429//1429 1430//1430 1423//1423
f 1428//1428 1429//1429 1422//1422
f 1427//1427 1428//1428 1421//1421
f 1427//1427 1420//1420 1165//1165
f 1376//1376 1375//1375 1419//1419
f 1425//1425 1426//1426 1419//1419
f 1424//1424 1425//1425 1418//1418
f 1423//1423 1424//1424 1417//1417
f 1422//1422 1423//1423 1416//1416
f 1421//1421 1422//1422 1415//1415
f 1420//1420 1421//1421 1414//1414
f 1161//1161 1165//1165 1420//1420
f 1375//1375 1374//1374 1412//1412
f 1418//1418 1419//1419 1412//1412
f 1417//1417 1418//1418 1411//1411
f 1416//1416 1417//1417 1410//1410
f 1415//1415 1416//1416 1409//1409
f 1414//1414 1415//1415 1408//1408
f 1413//1413 1414//1414 1407//1407
f 1413//1413 1406//1406 1163//1163
f 1374//1374 1184//1184 1183//1183
f 1412//1412 1183//1183 1186//1186
f 1411//1411 1186//1186 1187//1187
f 1410//1410 1187//1187 1188//1188
f 1409//1409 1188//1188 1189//1189
f 1408//1408 1189//1189 1190//1190
f 1407//1407 1190//1190 1191//1191
f 1406//1406 1191//1191 1124//1124
f 1504//1504 1505//1505 1280//1280
f 1280//1280 1279//1279 1504//1504
f 1281//1281 1506//1506 1504//1504
f 1282//1282 1507//1507 1508//1508
f 1282//1282 1505//1505 1507//1507
f 1508//1508 1283//1283 1282//1282
f 1284//1284 1509//1509 1510//1510
f 1284//1284 1508//1508 1509//1509
f 1510//1510 1285//1285 1284//1284
f 1285//1285 1510//1510 1511//1511
f 1511//1511 1512//1512 1287//1287
f 1287//1287 1512//1512 1513//1513
f 1513//1513 1514//1514 1289//1289
f 1514//1514 788//788 787//787
f 787//787 1289//1289 1514//1514
f 1289//1289 1288//1288 1513//1513
f 1513//1513 1288//1288 1287//1287
f 1287//1287 1286//1286 1511//1511
f 1511//1511 1286//1286 1285//1285
f 1284//1284 1283//1283 1508//1508
f 1282//1282 1280//1280 1505//1505
f 1279//1279 1281//1281 1504//1504
f 1290//1290 1515//1515 1281//1281
f 1281//1281 1128//1128 1290//1290
f 1298//1298 1306//1306 1516//1516
f 1300//1300 1298//1298 1517//1517
f 1301//1301 1300//1300 1518//1518
f 1302//1302 1301//1301 1519//1519
f 1303//1303 1302//1302 1520//1520
f 1304//1304 1303//1303 1521//1521
f 1521//1521 1522//1522 1304//1304
f 1305//1305 1304//1304 1523//1523
f 1523//1523 1524//1524 1305//1305
f 1139//1139 1305//1305 1525//1525
f 1525//1525 1526//1526 1139//1139
f 1526//1526 1290//1290 1139//1139
f 1524//1524 1525//1525 1305//1305
f 1522//1522 1523//1523 1304//1304
f 1520//1520 1521//1521 1303//1303
f 1519//1519 1520//1520 1302//1302
f 1518//1518 1519//1519 1301//1301
f 1517//1517 1518//1518 1300//1300
f 1516//1516 1517//1517 1298//1298
f 1527//1527 1363//1363 782//782
f 1363//1363 1527//1527 1528//1528
f 1364//1364 1528//1528 1529//1529
f 1365//1365 1529//1529 1530//1530
f 1366//1366 1530//1530 1531//1531
f 1532//1532 1368//1368 1367//1367
f 1368//1368 1532//1532 1533//1533
f 1533//1533 1371//1371 1369//1369
f 1533//1533 1369//1369 1368//1368
f 1534//1534 1370//1370 1371//1371
f 1534//1534 1372//1372 1370//1370
f 1371//1371 1535//1535 1534//1534
f 1534//1534 1536//1536 1372//1372
f 1533//1533 1535//1535 1371//1371
f 1367//1367 1531//1531 1532//1532
f 1531//1531 1367//1367 1366//1366
f 1530//1530 1366//1366 1365//1365
f 1529//1529 1365//1365 1364//1364
f 1528//1528 1364//1364 1363//1363
f 782//782 773//773 1527//1527
f 1537//1537 1373//1373 1160//1160
f 1160//1160 1372//1372 1537//1537
f 1388//1388 1538//1538 1539//1539
f 1388//1388 1373//1373 1538//1538
f 1539//1539 1389//1389 1388//1388
f 1391//1391 1540//1540 1541//1541
f 1391//1391 1539//1539 1540//1540
f 1541//1541 1392//1392 1391//1391
f 1391//1391 1390//1390 1539//1539
f 1393//1393 1542//1542 1543//1543
f 1393//1393 1541//1541 1542//1542
f 1543//1543 1394//1394 1393//1393
f 1394//1394 1543//1543 1544//1544
f 1544//1544 1397//1397 1396//1396
f 1396//1396 1395//1395 1544//1544
f 1398//1398 1544//1544 1545//1545
f 1545//1545 1399//1399 1398//1398
f 1399//1399 1545//1545 1546//1546
f 1546//1546 1402//1402 1401//1401
f 1402//1402 1546//1546 1547//1547
f 1547//1547 1403//1403 1402//1402
f 1404//1404 1547//1547 1548//1548
f 1548//1548 1405//1405 1404//1404
f 1404//1404 1403//1403 1547//1547
f 1401//1401 1400//1400 1546//1546
f 1546//1546 1400//1400 1399//1399
f 1398//1398 1397//1397 1544//1544
f 1544//1544 1395//1395 1394//1394
f 1393//1393 1392//1392 1541//1541
f 1390//1390 1389//1389 1539//1539
f 1388//1388 1182//1182 1373//1373
f 1549//1549 1550//1550 1505//1505
f 1505//1505 1504//1504 1549//1549
f 1504//1504 1506//1506 1549//1549
f 1551//1551 1552//1552 1508//1508
f 1508//1508 1507//1507 1551//1551
f 1507//1507 1505//1505 1551//1551
f 1553//1553 1554//1554 1510//1510
f 1510//1510 1509//1509 1553//1553
f 1509//1509 1508//1508 1553//1553
f 1511//1511 1510//1510 1555//1555
f 1556//1556 1557//1557 1512//1512
f 1513//1513 1512//1512 1557//1557
f 1558//1558 1559//1559 1514//1514
f 1559//1559 772//772 788//788
f 788//788 1514//1514 1559//1559
f 1514//1514 1513//1513 1558//1558
f 1557//1557 1558//1558 1513//1513
f 1512//1512 1511//1511 1556//1556
f 1555//1555 1556//1556 1511//1511
f 1554//1554 1555//1555 1510//1510
f 1552//1552 1553//1553 1508//1508
f 1550//1550 1551//1551 1505//1505
f 1515//1515 1560//1560 1506//1506
f 1506//1506 1281//1281 1515//1515
f 1517//1517 1516//1516 1561//1561
f 1562//1562 1518//1518 1517//1517
f 1563//1563 1519//1519 1518//1518
f 1520//1520 1519//1519 1563//1563
f 1564//1564 1521//1521 1520//1520
f 1565//1565 1522//1522 1521//1521
f 1565//1565 1523//1523 1522//1522
f 1521//1521 1564//1564 1565//1565
f 1566//1566 1524//1524 1523//1523
f 1566//1566 1525//1525 1524//1524
f 1523//1523 1567//1567 1566//1566
f 1526//1526 1525//1525 1568//1568
f 1568//1568 1569//1569 1526//1526
f 1515//1515 1290//1290 1526//1526
f 1569//1569 1515//1515 1526//1526
f 1566//1566 1568//1568 1525//1525
f 1565//1565 1567//1567 1523//1523
f 1520//1520 1570//1570 1564//1564
f 1563//1563 1570//1570 1520//1520
f 1518//1518 1562//1562 1563//1563
f 1517//1517 1571//1571 1562//1562
f 1561//1561 1571//1571 1517//1517
f 773//773 772//772 1559//1559
f 1527//1527 1559//1559 1558//1558
f 1528//1528 1558//1558 1557//1557
f 1529//1529 1557//1557 1556//1556
f 1530//1530 1556//1556 1555//1555
f 1531//1531 1554//1554 1553//1553
f 1531//1531 1555//1555 1554//1554
f 1533//1533 1552//1552 1551//1551
f 1551//1551 1535//1535 1533//1533
f 1532//1532 1553//1553 1552//1552
f 1534//1534 1550//1550 1549//1549
f 1549//1549 1536//1536 1534//1534
f 1535//1535 1551//1551 1550//1550
f 1534//1534 1535//1535 1550//1550
f 1533//1533 1532//1532 1552//1552
f 1553//1553 1532//1532 1531//1531
f 1555//1555 1531//1531 1530//1530
f 1556//1556 1530//1530 1529//1529
f 1557//1557 1529//1529 1528//1528
f 1558//1558 1528//1528 1527//1527
f 1559//1559 1527//1527 773//773
f 1560//1560 1572//1572 1549//1549
f 1549//1549 1506//1506 1560//1560
f 1573//1573 1571//1571 1561//1561
f 1562//1562 1571//1571 1573//1573
f 1574//1574 1563//1563 1562//1562
f 1570//1570 1563//1563 1574//1574
f 1575//1575 1564//1564 1570//1570
f 1565//1565 1564//1564 1575//1575
f 1575//1575 1576//1576 1565//1565
f 1577//1577 1567//1567 1565//1565
f 1566//1566 1567//1567 1577//1577
f 1577//1577 1578//1578 1566//1566
f 1579//1579 1568//1568 1566//1566
f 1580//1580 1569//1569 1568//1568
f 1580//1580 1515//1515 1569//1569
f 1568//1568 1579//1579 1580//1580
f 1580//1580 1560//1560 1515//1515
f 1578//1578 1579//1579 1566//1566
f 1576//1576 1577//1577 1565//1565
f 1570//1570 1581//1581 1575//1575
f 1574//1574 1581//1581 1570//1570
f 1562//1562 1582//1582 1574//1574
f 1573//1573 1582//1582 1562//1562
f 1561//1561 1583//1583 1573//1573
f 1572//1572 1584//1584 1536//1536
f 1536//1536 1549//1549 1572//1572
f 1585//1585 1573//1573 1583//1583
f 1573//1573 1585//1585 1586//1586
f 1582//1582 1586//1586 1587//1587
f 1574//1574 1587//1587 1588//1588
f 1581//1581 1588//1588 1589//1589
f 1575//1575 1589//1589 1590//1590
f 1590//1590 1577//1577 1576//1576
f 1590//1590 1576//1576 1575//1575
f 1577//1577 1591//1591 1592//1592
f 1592//1592 1579//1579 1578//1578
f 1592//1592 1578//1578 1577//1577
f 1593//1593 1580//1580 1579//1579
f 1593//1593 1560//1560 1580//1580
f 1579//1579 1594//1594 1593//1593
f 1593//1593 1572//1572 1560//1560
f 1592//1592 1594//1594 1579//1579
f 1590//1590 1591//1591 1577//1577
f 1589//1589 1575//1575 1581//1581
f 1588//1588 1581//1581 1574//1574
f 1587//1587 1574//1574 1582//1582
f 1586//1586 1582//1582 1573//1573
f 1583//1583 1595//1595 1585//1585
f 1184//1184 443//443 442//442
f 1374//1374 507//507 443//443
f 1375//1375 1376//1376 508//508
f 1405//1405 666//666 665//665
f 1193//1193 1192//1192 441//441
f 443//443 1184//1184 1374//1374
f 507//507 1374//1374 1375//1375
f 508//508 1376//1376 1377//1377
f 509//509 1377//1377 1378//1378
f 665//665 664//664 1405//1405
f 1306//1306 587//587 733//733
f 1306//1306 1299//1299 588//588
f 1194//1194 440//440 439//439
f 440//440 1194//1194 1193//1193
f 1192//1192 1185//1185 442//442
f 508//508 507//507 1375//1375
f 1378//1378 510//510 509//509
f 510//510 1378//1378 1379//1379
f 1405//1405 662//662 661//661
f 664//664 663//663 1405//1405
f 588//588 587//587 1306//1306
f 1299//1299 1297//1297 596//596
f 1294//1294 600//600 599//599
f 1195//1195 439//439 438//438
f 441//441 440//440 1193//1193
f 442//442 1185//1185 1184//1184
f 1379//1379 511//511 510//510
f 511//511 1379//1379 1380//1380
f 1381//1381 513//513 512//512
f 1382//1382 1383//1383 514//514
f 1383//1383 1384//1384 515//515
f 1384//1384 1385//1385 516//516
f 1387//1387 661//661 660//660
f 663//663 662//662 1405//1405
f 596//596 588//588 1299//1299
f 597//597 596//596 1297//1297
f 1296//1296 1295//1295 598//598
f 599//599 1295//1295 1294//1294
f 1197//1197 1196//1196 438//438
f 439//439 1195//1195 1194//1194
f 1377//1377 509//509 508//508
f 512//512 1380//1380 1381//1381
f 513//513 1381//1381 1382//1382
f 516//516 515//515 1384//1384
f 1385//1385 1386//1386 659//659
f 661//661 1387//1387 1405//1405
f 1595//1595 734//734 666//666
f 1297//1297 1296//1296 597//597
f 599//599 598//598 1295//1295
f 1292//1292 602//602 601//601
f 1291//1291 427//427 602//602
f 1201//1201 436//436 428//428
f 1199//1199 1198//1198 437//437
f 437//437 1198//1198 1197//1197
f 442//442 441//441 1192//1192
f 514//514 513//513 1382//1382
f 659//659 516//516 1385//1385
f 660//660 1386//1386 1387//1387
f 666//666 1596//1596 1595//1595
f 1405//1405 1548//1548 1597//1597
f 598//598 597//597 1296//1296
f 1293//1293 601//601 600//600
f 602//602 1292//1292 1291//1291
f 428//428 427//427 1291//1291
f 428//428 1208//1208 1201//1201
f 438//438 437//437 1197//1197
f 1380//1380 512//512 511//511
f 660//660 659//659 1386//1386
f 1597//1597 1596//1596 1405//1405
f 1516//1516 733//733 734//734
f 600//600 1294//1294 1293//1293
f 1291//1291 1208//1208 428//428
f 437//437 436//436 1199//1199
f 515//515 514//514 1383//1383
f 1561//1561 1516//1516 1595//1595
f 734//734 1595//1595 1516//1516
f 601//601 1293//1293 1292//1292
f 438//438 1196//1196 1195//1195
f 666//666 1405//1405 1596//1596
f 1201//1201 1199//1199 436//436
f 733//733 1516//1516 1306//1306
f 1595//1595 1583//1583 1561//1561
f 1584//1584 1537//1537 1372//1372
f 1372//1372 1536//1536 1584//1584
f 1598//1598 1599//1599 1539//1539
f 1539//1539 1538//1538 1598//1598
f 1373//1373 1537//1537 1598//1598
f 1600//1600 1601//1601 1541//1541
f 1541//1541 1540//1540 1600//1600
f 1539//1539 1599//1599 1600//1600
f 1601//1601 1602//1602 1543//1543
f 1543//1543 1542//1542 1601//1601
f 1602//1602 1603//1603 1544//1544
f 1603//1603 1604//1604 1545//1545
f 1604//1604 1605//1605 1546//1546
f 1605//1605 1606//1606 1547//1547
f 1606//1606 1597//1597 1548//1548
f 1548//1548 1547//1547 1606//1606
f 1547//1547 1546//1546 1605//1605
f 1546//1546 1545//1545 1604//1604
f 1545//1545 1544//1544 1603//1603
f 1544//1544 1543//1543 1602//1602
f 1542//1542 1541//1541 1601//1601
f 1540//1540 1539//1539 1600//1600
f 1538//1538 1373//1373 1598//1598
f 1584//1584 1607//1607 1599//1599
f 1599//1599 1598//1598 1584//1584
f 1598//1598 1537//1537 1584//1584
f 1608//1608 1609//1609 1601//1601
f 1601//1601 1600//1600 1608//1608
f 1600//1600 1599//1599 1608//1608
f 1602//1602 1601//1601 1610//1610
f 1611//1611 1612//1612 1603//1603
f 1604//1604 1603//1603 1612//1612
f 1605//1605 1604//1604 1613//1613
f 1614//1614 1615//1615 1606//1606
f 1615//1615 1596//1596 1597//1597
f 1597//1597 1606//1606 1615//1615
f 1606//1606 1605//1605 1614//1614
f 1613//1613 1614//1614 1605//1605
f 1612//1612 1613//1613 1604//1604
f 1603//1603 1602//1602 1611//1611
f 1610//1610 1611//1611 1602//1602
f 1609//1609 1610//1610 1601//1601
f 1607//1607 1608//1608 1599//1599
f 1607//1607 1584//1584 1572//1572
f 1593//1593 1608//1608 1607//1607
f 1572//1572 1593//1593 1607//1607
f 1609//1609 1608//1608 1594//1594
f 1592//1592 1610//1610 1609//1609
f 1594//1594 1592//1592 1609//1609
f 1611//1611 1610//1610 1591//1591
f 1591//1591 1590//1590 1611//1611
f 1612//1612 1611//1611 1589//1589
f 1613//1613 1612//1612 1588//1588
f 1614//1614 1613//1613 1587//1587
f 1615//1615 1614//1614 1586//1586
f 1596//1596 1615//1615 1585//1585
f 1585//1585 1595//1595 1596//1596
f 1586//1586 1585//1585 1615//1615
f 1587//1587 1586//1586 1614//1614
f 1588//1588 1587//1587 1613//1613
f 1589//1589 1588//1588 1612//1612
f 1590//1590 1589//1589 1611//1611
f 1592//1592 1591//1591 1610//1610
f 1593//1593 1594//1594 1608//1608

