# https://github.com/mikedh/trimesh
v 0.00497606 0.05050900 0.00000000
v 0.00087307 0.05079250 0.00000000
v 0.00990132 0.04977070 0.00000000
v 0.00611705 0.05043020 0.00000000
v 0.02590600 0.04369790 0.00000000
v -0.02738650 0.04278570 0.00000000
v -0.03560380 0.03623540 0.00000000
v -0.03166790 0.03972110 0.00000000
v 0.01130500 0.04952610 0.00000000
v 0.01473020 0.04855530 0.00000000
v 0.00000039 0.05077750 0.00000000
v -0.00261816 0.05073240 0.00000000
v -0.03591680 0.03591690 0.00000000
v 0.02125300 0.04614050 0.00000000
v 0.01636140 0.04809290 0.00000000
v -0.03685580 0.03496120 0.00000000
v -0.04026170 0.03097770 0.00000000
v -0.04577360 0.02203200 0.00000000
v -0.04687040 0.01941400 0.00000000
v -0.04780870 0.01717430 0.00000000
v -0.04932720 0.01214330 0.00000000
v -0.04650240 -0.02044900 0.00000000
v -0.04836860 -0.01552730 0.00000000
v -0.04475470 -0.02392330 0.00000000
v 0.03026040 0.04080130 0.00000000
v 0.00261816 -0.05073240 0.00000000
v 0.00497234 -0.05048850 0.00000000
v 0.00783837 -0.05019150 0.00000000
v 0.01299310 -0.04911010 0.00000000
v 0.05049130 -0.00497375 0.00000000
v 0.04577360 -0.02203200 0.00000000
v 0.04325230 -0.02664340 0.00000000
v 0.04687040 -0.01941400 0.00000000
v 0.04975790 -0.00989792 0.00000000
v 0.05031940 -0.00697057 0.00000000
v 0.04932720 -0.01214330 0.00000000
v 0.04854740 -0.01472680 0.00000000
v 0.03220580 -0.03924470 0.00000000
v 0.03560380 -0.03623540 0.00000000
v 0.03921950 0.03218780 0.00000000
v 0.04130000 0.02957950 0.00000000
v 0.03434230 0.03743310 0.00000000
v 0.03802250 0.03368850 0.00000000
v 0.02391600 0.04474260 0.00000000
v -0.00497234 0.05048850 0.00000000
v -0.01299310 0.04911010 0.00000000
v -0.00783837 0.05019150 0.00000000
v -0.01472760 0.04855380 0.00000000
v -0.01799740 0.04750500 0.00000000
v -0.02281880 0.04538640 0.00000000
v -0.04218700 0.02818730 0.00000000
v -0.04399805 0.02527940 0.00000000
v -0.04325230 0.02664340 0.00000000
v -0.04413980 -0.02514560 0.00000000
v -0.04130000 -0.02957950 0.00000000
v -0.01636140 -0.04809290 0.00000000
v -0.02125300 -0.04614050 0.00000000
v -0.01130500 -0.04952610 0.00000000
v 0.01472760 -0.04855380 0.00000000
v 0.04026170 -0.03097770 0.00000000
v 0.04218700 -0.02818730 0.00000000
v 0.03029130 0.04078070 0.00000000
v -0.02392220 0.04475810 0.00000000
v -0.04975790 0.00989792 0.00000000
v -0.05070530 0.00248975 0.00000000
v -0.05031940 0.00697057 0.00000000
v -0.03921950 -0.03218780 0.00000000
v 0.02281880 -0.04538640 0.00000000
v 0.01799740 -0.04750500 0.00000000
v 0.02392220 -0.04475810 0.00000000
v 0.02738650 -0.04278570 0.00000000
v 0.03591680 -0.03591690 0.00000000
v 0.03685580 -0.03496120 0.00000000
v 0.05080000 0.00000000 0.00000000
v 0.05052830 0.00524535 0.00000000
v 0.04971490 0.01044350 0.00000000
v 0.04914635 0.01259040 0.00000000
v 0.04857780 0.01473730 0.00000000
v -0.05052830 -0.00524535 0.00000000
v -0.05080000 0.00000000 0.00000000
v -0.04971490 -0.01044350 0.00000000
v -0.04857780 -0.01473730 0.00000000
v -0.03802250 -0.03368850 0.00000000
v -0.03434230 -0.03743310 0.00000000
v -0.02590600 -0.04369790 0.00000000
v -0.00611705 -0.05043020 0.00000000
v -0.00087307 -0.05079250 0.00000000
v 0.04780870 -0.01717430 0.00000000
v 0.05077030 -0.00173468 0.00000000
v 0.04836860 0.01552730 0.00000000
v 0.04650240 0.02044900 0.00000000
v 0.04475470 0.02392330 0.00000000
v 0.04413980 0.02514560 0.00000000
v -0.05077030 0.00173468 0.00000000
v -0.03218400 -0.03921670 0.00000000
v -0.03026040 -0.04080130 0.00000000
v -0.03029130 -0.04078070 0.00000000
v 0.03166790 -0.03972110 0.00000000
v -0.02818510 -0.04218180 0.00000000
v 0.09996070 -0.00229010 0.08890000
v 0.09998690 0.00000000 0.08890000
v 0.09865490 0.00086251 0.08890000
v -0.09996070 0.00229010 0.08890000
v -0.09998690 0.00000000 0.08890000
v -0.09997380 0.00114505 0.08890000
v -0.00000012 0.09855625 0.08890000
v 0.00347134 0.09992670 0.08890000
v -0.07068350 0.07068330 0.08890000
v -0.06863500 0.07270910 0.08890000
v -0.09109265 0.03783990 0.08890000
v -0.09237060 0.03826130 0.08890000
v -0.09227660 0.03850190 0.08890000
v -0.09780910 0.02075490 0.08890000
v -0.09804450 0.01950250 0.08890000
v -0.09835675 0.01784160 0.08890000
v -0.09931490 0.01157270 0.08890000
v -0.09948000 0.00979806 0.08890000
v -0.09974590 0.00693811 0.08890000
v -0.09983990 0.00490489 0.08890000
v -0.09866900 0.01618070 0.08890000
v -0.09888110 0.01466780 0.08890000
v -0.09429565 0.02898140 0.08890000
v -0.09545620 0.02975730 0.08890000
v -0.09673760 0.02528310 0.08890000
v -0.09697240 0.02429060 0.08890000
v -0.09571830 0.02386470 0.08890000
v -0.09279975 0.03344885 0.08890000
v -0.09413210 0.03368120 0.08890000
v -0.09396830 0.03416640 0.08890000
v -0.08202445 0.05475705 0.08890000
v -0.08312390 0.05554140 0.08890000
v -0.08090860 0.05874680 0.08890000
v -0.08601940 0.05097100 0.08890000
v -0.08709760 0.04905090 0.08890000
v -0.09038530 0.04275380 0.08890000
v -0.08917830 0.04214440 0.08890000
v -0.08829800 0.04691310 0.08890000
v -0.08761475 0.04531415 0.08890000
v -0.08575280 0.05139800 0.08890000
v -0.08465375 0.05315805 0.08890000
v -0.08355470 0.05491810 0.08890000
v -0.07727450 0.06341720 0.08890000
v -0.07509700 0.06601390 0.08890000
v -0.08029560 0.05955100 0.08890000
v -0.07923320 0.05870860 0.08890000
v -0.07808770 0.06244750 0.08890000
v -0.07308885 0.06618005 0.08890000
v -0.07406790 0.06713100 0.08890000
v -0.07194440 0.06943620 0.08890000
v -0.03693615 0.09140065 0.08890000
v -0.03747700 0.09269760 0.08890000
v -0.03825690 0.09236100 0.08890000
v -0.05669115 0.08233440 0.08890000
v -0.05398900 0.08415800 0.08890000
v -0.06157870 0.07877470 0.08890000
v -0.06615365 0.07494460 0.08890000
v -0.06517800 0.07582360 0.08890000
v -0.06056240 0.07953170 0.08890000
v -0.05784710 0.08155430 0.08890000
v -0.04593190 0.08881240 0.08890000
v -0.04712280 0.08816090 0.08890000
v -0.04856900 0.08736980 0.08890000
v -0.05268990 0.08494935 0.08890000
v -0.05001520 0.08657870 0.08890000
v -0.04175020 0.09085330 0.08890000
v -0.04274130 0.09036950 0.08890000
v -0.01508690 0.09884220 0.08890000
v -0.01729635 0.09845210 0.08890000
v -0.02869770 0.09578010 0.08890000
v -0.02902240 0.09567450 0.08890000
v -0.03270175 0.09299625 0.08890000
v -0.03368030 0.09413080 0.08890000
v -0.03312360 0.09434100 0.08890000
v -0.02421010 0.09701170 0.08890000
v -0.02429430 0.09698860 0.08890000
v -0.02194000 0.09752235 0.08890000
v -0.01966990 0.09803300 0.08890000
v -0.00583307 0.09981670 0.08890000
v -0.00781620 0.09965440 0.08890000
v -0.01047170 0.09943700 0.08890000
v -0.01257085 0.09916645 0.08890000
v -0.00118270 0.09997990 0.08890000
v -0.00304411 0.09991455 0.08890000
v 0.07351520 0.06777100 0.08890000
v 0.07210400 0.06923205 0.08890000
v 0.03959030 0.09181500 0.08890000
v 0.04116580 0.09109170 0.08890000
v 0.03676465 0.09295620 0.08890000
v 0.03825470 0.09235440 0.08890000
v 0.02190960 0.09755690 0.08890000
v 0.01950120 0.09803920 0.08890000
v 0.00966990 0.09806760 0.08890000
v 0.01274570 0.09917120 0.08890000
v 0.00490478 0.09984340 0.08890000
v 0.00811662 0.09965690 0.08890000
v 0.01734570 0.09847090 0.08890000
v 0.03088370 0.09509770 0.08890000
v 0.02901710 0.09565630 0.08890000
v 0.02867450 0.09429915 0.08890000
v 0.02527045 0.09527540 0.08890000
v 0.02642460 0.09643200 0.08890000
v 0.02428830 0.09696430 0.08890000
v 0.03527460 0.09355800 0.08890000
v 0.03309570 0.09284355 0.08890000
v 0.03367630 0.09411840 0.08890000
v 0.05499385 0.08183590 0.08890000
v 0.05590230 0.08289940 0.08890000
v 0.05955990 0.08030720 0.08890000
v 0.04795400 0.08773710 0.08890000
v 0.04650730 0.08691470 0.08890000
v 0.04381910 0.08987370 0.08890000
v 0.05198420 0.08541100 0.08890000
v 0.06689670 0.07431170 0.08890000
v 0.06516325 0.07580060 0.08890000
v 0.06153265 0.07877630 0.08890000
v 0.06218925 0.07652340 0.08890000
v 0.07028180 0.07111860 0.08890000
v 0.06871195 0.07259935 0.08890000
v 0.09313420 0.03637860 0.08890000
v 0.09235130 0.03825310 0.08890000
v 0.08479020 0.05299060 0.08890000
v 0.08311560 0.05553630 0.08890000
v 0.08267390 0.05620775 0.08890000
v 0.07727570 0.06341880 0.08890000
v 0.07949690 0.06064340 0.08890000
v 0.07407340 0.06713650 0.08890000
v 0.07658860 0.06427720 0.08890000
v 0.08223220 0.05687920 0.08890000
v 0.08029220 0.05954900 0.08890000
v 0.08934910 0.04487890 0.08890000
v 0.08815690 0.04712090 0.08890000
v 0.08716370 0.04898850 0.08890000
v 0.08526475 0.05219045 0.08890000
v 0.08573930 0.05139030 0.08890000
v 0.09134030 0.04067350 0.08890000
v 0.09036270 0.04273830 0.08890000
v 0.09825880 0.01850920 0.08890000
v 0.09804760 0.01950260 0.08890000
v 0.09766930 0.02128220 0.08890000
v 0.09611270 0.02756320 0.08890000
v 0.09565870 0.02901760 0.08890000
v 0.09472590 0.03200620 0.08890000
v 0.09411810 0.03367590 0.08890000
v 0.09729100 0.02306180 0.08890000
v 0.09696970 0.02428940 0.08890000
v 0.09654120 0.02592630 0.08890000
v 0.09820400 0.00940972 0.08890000
v 0.09949500 0.00979921 0.08890000
v 0.09955390 0.00929501 0.08890000
v 0.09901360 0.01391760 0.08890000
v 0.09764500 0.01408820 0.08890000
v 0.09889010 0.01466870 0.08890000
v 0.09853960 0.00471027 0.08890000
v 0.09987860 0.00465287 0.08890000
v 0.09986090 0.00490574 0.08890000
v -0.00347133 -0.09992670 0.08890000
v 0.00000012 -0.09855625 0.08890000
v 0.07068350 -0.07068330 0.08890000
v 0.06863500 -0.07270910 0.08890000
v 0.09109265 -0.03783990 0.08890000
v 0.09227660 -0.03850190 0.08890000
v 0.09237060 -0.03826130 0.08890000
v 0.09780910 -0.02075490 0.08890000
v 0.09804450 -0.01950250 0.08890000
v 0.09835675 -0.01784160 0.08890000
v 0.09931490 -0.01157270 0.08890000
v 0.09948000 -0.00979806 0.08890000
v 0.09961295 -0.00836809 0.08890000
v 0.09974590 -0.00693812 0.08890000
v 0.09983990 -0.00490489 0.08890000
v 0.09990030 -0.00359750 0.08890000
v 0.09866900 -0.01618070 0.08890000
v 0.09888110 -0.01466780 0.08890000
v 0.09909800 -0.01312025 0.08890000
v 0.09429565 -0.02898140 0.08890000
v 0.09545620 -0.02975730 0.08890000
v 0.09673760 -0.02528300 0.08890000
v 0.09697240 -0.02429060 0.08890000
v 0.09571830 -0.02386470 0.08890000
v 0.09279975 -0.03344885 0.08890000
v 0.09396830 -0.03416640 0.08890000
v 0.09413210 -0.03368120 0.08890000
v 0.08202445 -0.05475705 0.08890000
v 0.08312390 -0.05554140 0.08890000
v 0.08090860 -0.05874680 0.08890000
v 0.08601950 -0.05097100 0.08890000
v 0.08709765 -0.04905090 0.08890000
v 0.08917830 -0.04214440 0.08890000
v 0.09038530 -0.04275380 0.08890000
v 0.08761475 -0.04531415 0.08890000
v 0.08829800 -0.04691310 0.08890000
v 0.08575280 -0.05139800 0.08890000
v 0.08355470 -0.05491810 0.08890000
v 0.08244465 -0.05414910 0.08890000
v 0.07625225 -0.06251925 0.08890000
v 0.07727450 -0.06341720 0.08890000
v 0.07509700 -0.06601380 0.08890000
v 0.08029560 -0.05955100 0.08890000
v 0.07808770 -0.06244750 0.08890000
v 0.07406790 -0.06713100 0.08890000
v 0.07308885 -0.06618005 0.08890000
v 0.07194440 -0.06943620 0.08890000
v 0.03693615 -0.09140065 0.08890000
v 0.03825690 -0.09236100 0.08890000
v 0.03747700 -0.09269760 0.08890000
v 0.05398900 -0.08415800 0.08890000
v 0.05669115 -0.08233440 0.08890000
v 0.06157870 -0.07877470 0.08890000
v 0.06615365 -0.07494460 0.08890000
v 0.06517800 -0.07582360 0.08890000
v 0.05784710 -0.08155430 0.08890000
v 0.06056240 -0.07953170 0.08890000
v 0.04593190 -0.08881240 0.08890000
v 0.04712280 -0.08816090 0.08890000
v 0.04856900 -0.08736980 0.08890000
v 0.05268990 -0.08494935 0.08890000
v 0.05001520 -0.08657870 0.08890000
v 0.04175020 -0.09085330 0.08890000
v 0.04274130 -0.09036950 0.08890000
v 0.01508690 -0.09884220 0.08890000
v 0.01729635 -0.09845210 0.08890000
v 0.02869770 -0.09578010 0.08890000
v 0.02902240 -0.09567450 0.08890000
v 0.03270175 -0.09299625 0.08890000
v 0.03312360 -0.09434100 0.08890000
v 0.03368030 -0.09413080 0.08890000
v 0.02429430 -0.09698860 0.08890000
v 0.02421010 -0.09701170 0.08890000
v 0.01966990 -0.09803300 0.08890000
v 0.02194000 -0.09752235 0.08890000
v 0.00583307 -0.09981670 0.08890000
v 0.00781620 -0.09965440 0.08890000
v 0.01047170 -0.09943700 0.08890000
v 0.01257085 -0.09916645 0.08890000
v 0.00118270 -0.09997990 0.08890000
v 0.00304411 -0.09991455 0.08890000
v -0.07351520 -0.06777100 0.08890000
v -0.07210400 -0.06923205 0.08890000
v -0.03959030 -0.09181500 0.08890000
v -0.04116580 -0.09109170 0.08890000
v -0.03825470 -0.09235440 0.08890000
v -0.03676465 -0.09295620 0.08890000
v -0.02190960 -0.09755690 0.08890000
v -0.01950120 -0.09803920 0.08890000
v -0.00966990 -0.09806760 0.08890000
v -0.01274570 -0.09917120 0.08890000
v -0.00484065 -0.09842405 0.08890000
v -0.00811661 -0.09965690 0.08890000
v -0.01734570 -0.09847090 0.08890000
v -0.03088370 -0.09509770 0.08890000
v -0.02867475 -0.09429905 0.08890000
v -0.02901710 -0.09565630 0.08890000
v -0.02527070 -0.09527530 0.08890000
v -0.02642460 -0.09643200 0.08890000
v -0.02428830 -0.09696430 0.08890000
v -0.03527460 -0.09355800 0.08890000
v -0.03309595 -0.09284350 0.08890000
v -0.03367630 -0.09411840 0.08890000
v -0.05499385 -0.08183590 0.08890000
v -0.05590230 -0.08289940 0.08890000
v -0.05955990 -0.08030720 0.08890000
v -0.04795400 -0.08773710 0.08890000
v -0.04650730 -0.08691470 0.08890000
v -0.04381910 -0.08987370 0.08890000
v -0.05198420 -0.08541100 0.08890000
v -0.06689670 -0.07431170 0.08890000
v -0.06516325 -0.07580060 0.08890000
v -0.06153265 -0.07877630 0.08890000
v -0.06218950 -0.07652325 0.08890000
v -0.07028180 -0.07111860 0.08890000
v -0.06871195 -0.07259935 0.08890000
v -0.09313420 -0.03637860 0.08890000
v -0.09235130 -0.03825310 0.08890000
v -0.08479020 -0.05299060 0.08890000
v -0.08267390 -0.05620775 0.08890000
v -0.08311560 -0.05553630 0.08890000
v -0.07949690 -0.06064340 0.08890000
v -0.07727570 -0.06341880 0.08890000
v -0.07658860 -0.06427720 0.08890000
v -0.07407340 -0.06713650 0.08890000
v -0.08223220 -0.05687920 0.08890000
v -0.08029220 -0.05954900 0.08890000
v -0.08934910 -0.04487890 0.08890000
v -0.08815690 -0.04712090 0.08890000
v -0.08716370 -0.04898850 0.08890000
v -0.08526475 -0.05219045 0.08890000
v -0.08573930 -0.05139030 0.08890000
v -0.09134030 -0.04067350 0.08890000
v -0.09036270 -0.04273830 0.08890000
v -0.09685465 -0.01873260 0.08890000
v -0.09825880 -0.01850920 0.08890000
v -0.09766930 -0.02128220 0.08890000
v -0.09804760 -0.01950260 0.08890000
v -0.09611270 -0.02756320 0.08890000
v -0.09565870 -0.02901760 0.08890000
v -0.09472590 -0.03200620 0.08890000
v -0.09411810 -0.03367590 0.08890000
v -0.09729100 -0.02306180 0.08890000
v -0.09654120 -0.02592630 0.08890000
v -0.09696970 -0.02428940 0.08890000
v -0.09823280 -0.00918931 0.08890000
v -0.09955390 -0.00929502 0.08890000
v -0.09817990 -0.00966223 0.08890000
v -0.09901360 -0.01391760 0.08890000
v -0.09763830 -0.01408725 0.08890000
v -0.09889010 -0.01466870 0.08890000
v -0.09987860 -0.00465286 0.08890000
v -0.09986090 -0.00490574 0.08890000
v -0.09855000 -0.00470446 0.08890000
v 0.07749400 -0.00414442 0.03689373
v -0.07848708 0.00362838 0.03865698
v -0.07711920 0.00000000 0.03618020
v 0.09599788 -0.00216282 0.07657122
v -0.09797990 0.00475526 0.08278370
v -0.09809860 0.00000000 0.08278370
v 0.06452830 -0.00603553 0.01744011
v -0.00194872 -0.07477777 0.04062009
v -0.00361076 -0.06916150 0.03071160
v 0.06997390 -0.00648586 0.02533630
v 0.05163717 -0.05387222 0.03641499
v 0.05208990 -0.04896370 0.03071160
v 0.06986521 -0.03142811 0.03677114
v 0.06813050 -0.02649890 0.03071160
v 0.07512189 -0.01814104 0.03685652
v 0.07235960 -0.01350900 0.03071160
v 0.07667753 -0.01119930 0.03688008
v 0.07343250 -0.00678718 0.03071160
v 0.08311550 -0.00638736 0.04733153
v 0.08203750 -0.01401265 0.04732327
v 0.07284202 -0.02490532 0.03681823
v 0.07058550 -0.02010070 0.03071160
v 0.08015850 -0.02151844 0.04731020
v 0.07748980 -0.02884801 0.04729620
v 0.06193486 -0.04349786 0.03662971
v 0.06128310 -0.03847050 0.03071160
v 0.06621742 -0.03764517 0.03670764
v 0.06501900 -0.03264180 0.03071160
v 0.07405736 -0.03590661 0.04727847
v 0.06988609 -0.04263714 0.04726009
v 0.05705778 -0.04892524 0.03653152
v 0.05695900 -0.04392840 0.03071160
v 0.06502449 -0.04894802 0.04723749
v 0.05951529 -0.05478493 0.04721407
v 0.02556234 -0.06769456 0.03524848
v 0.02816860 -0.06397410 0.03071160
v 0.03918979 -0.06182144 0.03545986
v 0.04090840 -0.05757520 0.03071160
v 0.04493828 -0.05837106 0.03559931
v 0.04672220 -0.05352700 0.03071160
v 0.05342161 -0.06007249 0.04718322
v 0.04680061 -0.06476435 0.04714726
v 0.03252797 -0.06507237 0.03535535
v 0.03470390 -0.06106850 0.03071160
v 0.03973212 -0.06880333 0.04710513
v 0.03228095 -0.07215060 0.04704630
v 0.01098891 -0.07098271 0.03507491
v 0.01435720 -0.06791460 0.03071160
v 0.01835927 -0.06966722 0.03514772
v 0.02136460 -0.06626320 0.03071160
v 0.02453786 -0.07477336 0.04697942
v 0.01657420 -0.07665237 0.04690123
v 0.00351411 -0.07163751 0.03504631
v 0.00721292 -0.06891140 0.03071160
v 0.00848031 -0.07777833 0.04682607
v 0.04452520 -0.05115060 0.02533630
v 0.04964000 -0.04678990 0.02533630
v 0.06023179 -0.03032194 0.02235229
v 0.06492330 -0.02532250 0.02533630
v 0.06542720 -0.01864857 0.02243203
v 0.06895200 -0.01290930 0.02533630
v 0.06860120 -0.00000000 0.02277093
v 0.06540130 -0.01230960 0.02005850
v 0.05984158 -0.02354472 0.01738879
v 0.05272217 -0.04080725 0.02225618
v 0.05839960 -0.03676260 0.02533630
v 0.05380560 -0.03416810 0.01734496
v 0.04571279 -0.04346898 0.01729774
v 0.01816077 -0.05683799 0.01384436
v 0.02546710 -0.05829380 0.02005850
v 0.03137500 -0.05564610 0.02005850
v 0.03921428 -0.05007298 0.01874124
v 0.00610550 -0.05903655 0.01366589
v 0.01298060 -0.06188430 0.02005850
v -0.00000000 -0.06549843 0.02411920
v -0.00697819 -0.06565641 0.02495452
v -0.05806796 -0.05197454 0.04169225
v -0.05458980 -0.04650210 0.03071160
v -0.03244114 -0.06888127 0.04160971
v -0.03147380 -0.06259670 0.03071160
v -0.01751746 -0.07348135 0.04154336
v -0.01788220 -0.06716980 0.03071160
v -0.00978138 -0.07473420 0.04152612
v -0.01079790 -0.06849550 0.03071160
v -0.02510385 -0.07152534 0.04157801
v -0.02479620 -0.06519720 0.03071160
v -0.04613716 -0.06161912 0.04166303
v -0.03948287 -0.06556633 0.04164115
v -0.03785130 -0.05939340 0.03071160
v -0.04237619 -0.05677417 0.03088567
v -0.05235681 -0.05707047 0.04168077
v -0.04946510 -0.05130710 0.03071160
v -0.04672220 -0.05352700 0.03071160
v -0.07488508 -0.02712777 0.04171518
v -0.06944180 -0.02332790 0.03071160
v -0.06777516 -0.04032788 0.04170770
v -0.06322690 -0.03559900 0.03071160
v -0.06322823 -0.04637093 0.04170163
v -0.05919200 -0.04124920 0.03071160
v -0.07167813 -0.03388565 0.04171291
v -0.06665490 -0.02960600 0.03071160
v -0.07911315 -0.01289142 0.04171841
v -0.07298460 -0.01016030 0.03071160
v -0.07737425 -0.02010106 0.04171776
v -0.07155910 -0.01682510 0.03071160
v -0.08014122 -0.00570490 0.04184490
v -0.07403403 -0.00164591 0.03108555
v -0.08029480 0.00000000 0.04173820
v -0.05127580 -0.04804794 0.02861519
v -0.05608293 -0.04309496 0.02865985
v -0.02701581 -0.06090097 0.02499543
v -0.03327981 -0.05811503 0.02504254
v -0.01380386 -0.06468727 0.02495038
v -0.02050455 -0.06309728 0.02496434
v -0.04304053 -0.04980343 0.02211085
v -0.03790570 -0.05181394 0.01994710
v -0.04855869 -0.04193169 0.01859338
v -0.06709206 -0.02593415 0.02875308
v -0.06950340 -0.01963660 0.02877305
v -0.06034907 -0.03772276 0.02869831
v -0.06403214 -0.03198295 0.02873109
v -0.05656745 -0.03225368 0.01906077
v -0.06232775 -0.02120494 0.01932447
v -0.07124047 -0.01315264 0.02878716
v -0.07228779 -0.00654430 0.02880021
v -0.06562092 -0.00927649 0.01946512
v -0.07031650 0.00000000 0.02533630
v -0.06669450 0.00000000 0.02005850
v -0.00577610 -0.05667390 0.00981103
v 0.05653523 -0.00546327 0.00702906
v 0.03856893 -0.04513413 0.01215232
v 0.05372065 -0.02754891 0.01224331
v 0.05834034 -0.01697175 0.01228377
v 0.06171030 -0.01170980 0.01488210
v 0.05902260 0.00000000 0.00981103
v 0.05788180 -0.01111010 0.00981103
v 0.05241507 -0.02123026 0.00700550
v 0.04704105 -0.03705787 0.01219750
v 0.04711441 -0.03079060 0.00699702
v 0.04026369 -0.03922027 0.00730919
v 0.02255480 -0.05261340 0.00981103
v 0.03170529 -0.04986178 0.01212428
v 0.03490490 -0.04990690 0.01488210
v 0.01149700 -0.05585410 0.00981103
v -0.00000000 -0.05694840 0.00981103
v 0.03127019 -0.04212526 0.00222630
v 0.04847210 -0.02539600 0.00484908
v 0.05304064 -0.01324918 0.00448262
v 0.04247880 -0.03417730 0.00484908
v -0.04986651 -0.03551297 0.01384534
v -0.02778580 -0.05022380 0.00981103
v -0.01710770 -0.05449600 0.00981103
v -0.01149700 -0.05585410 0.00981103
v -0.02255480 -0.05261340 0.00981103
v -0.03511850 -0.04574130 0.00981103
v -0.03275090 -0.04735080 0.00981103
v -0.04158357 -0.04348759 0.01306767
v -0.04300427 -0.03793904 0.00870923
v -0.06068473 -0.01458368 0.01432949
v -0.05639225 -0.02558123 0.01415382
v -0.05009026 -0.02917155 0.00906433
v -0.05519195 -0.01917994 0.00927489
v -0.06339768 -0.00358936 0.01558641
v -0.05811470 -0.00839693 0.00939673
v -0.05902260 0.00000000 0.00981103
v -0.03571834 -0.04251942 0.00656370
v -0.04012468 -0.03602013 0.00402789
v -0.04675313 -0.02761934 0.00428856
v -0.05156500 -0.01807418 0.00451493
v -0.05550142 -0.00306717 0.00552151
v -0.05391870 -0.01051030 0.00484908
v 0.00194872 0.07477777 0.04062009
v 0.00361076 0.06916150 0.03071160
v -0.06661320 0.00309600 0.02005850
v -0.06093540 0.00287907 0.01231919
v -0.05163717 0.05387222 0.03641499
v -0.05208990 0.04896370 0.03071160
v -0.07182399 0.00315150 0.02771877
v -0.06986521 0.03142811 0.03677114
v -0.06813050 0.02649890 0.03071160
v -0.07512189 0.01814104 0.03685652
v -0.07235960 0.01350900 0.03071160
v -0.07667753 0.01119930 0.03688008
v -0.07343250 0.00678718 0.03071160
v -0.08305299 0.00691807 0.04733453
v -0.08203750 0.01401265 0.04732327
v -0.07284202 0.02490532 0.03681823
v -0.07058550 0.02010070 0.03071160
v -0.08015850 0.02151844 0.04731020
v -0.07748980 0.02884801 0.04729620
v -0.06193486 0.04349786 0.03662971
v -0.06128310 0.03847050 0.03071160
v -0.06621742 0.03764517 0.03670764
v -0.06501900 0.03264180 0.03071160
v -0.07405736 0.03590661 0.04727847
v -0.06988609 0.04263714 0.04726009
v -0.05705778 0.04892524 0.03653152
v -0.05695900 0.04392840 0.03071160
v -0.06502449 0.04894802 0.04723749
v -0.05951529 0.05478493 0.04721407
v -0.06023179 0.03032194 0.02235229
v -0.06492330 0.02532250 0.02533630
v -0.06542720 0.01864857 0.02243203
v -0.06895200 0.01290930 0.02533630
v -0.06808029 0.00614668 0.02246178
v -0.06357640 0.01200799 0.01742491
v -0.05984158 0.02354472 0.01738879
v -0.05272217 0.04080725 0.02225618
v -0.05839960 0.03676260 0.02533630
v -0.05380560 0.03416810 0.01734496
v -0.04964000 0.04678990 0.02533630
v -0.04571279 0.04346898 0.01729774
v -0.04452520 0.05115060 0.02533630
v -0.02556234 0.06769456 0.03524848
v -0.02816860 0.06397410 0.03071160
v -0.03918979 0.06182144 0.03545986
v -0.04090840 0.05757520 0.03071160
v -0.04493828 0.05837106 0.03559931
v -0.04672220 0.05352700 0.03071160
v -0.05342161 0.06007249 0.04718322
v -0.04680061 0.06476435 0.04714726
v -0.03252797 0.06507237 0.03535535
v -0.03470390 0.06106850 0.03071160
v -0.03973212 0.06880333 0.04710513
v -0.03228095 0.07215060 0.04704630
v -0.01098891 0.07098271 0.03507491
v -0.01435720 0.06791460 0.03071160
v -0.01835927 0.06966722 0.03514772
v -0.02136460 0.06626320 0.03071160
v -0.02453786 0.07477336 0.04697942
v -0.01657420 0.07665237 0.04690123
v -0.00351411 0.07163751 0.03504631
v -0.00721292 0.06891140 0.03071160
v -0.00848031 0.07777833 0.04682607
v -0.00000000 0.06924510 0.03071160
v -0.01816077 0.05683799 0.01384436
v -0.02546710 0.05829380 0.02005850
v -0.03137500 0.05564610 0.02005850
v -0.03921428 0.05007298 0.01874124
v -0.00610550 0.05903655 0.01366589
v -0.01298060 0.06188430 0.02005850
v 0.00315085 0.06128417 0.01697009
v -0.05491200 0.00264347 0.00484908
v -0.05372065 0.02754891 0.01224331
v -0.05834034 0.01697175 0.01228377
v -0.06071657 0.00573451 0.01232317
v -0.05569725 0.01084245 0.00701990
v -0.05241507 0.02123026 0.00700550
v -0.04704105 0.03705787 0.01219750
v -0.04711441 0.03079060 0.00699702
v -0.04026369 0.03922027 0.00730919
v -0.04847210 0.02539600 0.00484908
v -0.05260400 0.01563880 0.00484908
v -0.05471270 0.00528057 0.00484908
v -0.04247880 0.03417730 0.00484908
v -0.03856893 0.04513413 0.01215232
v -0.03127019 0.04212526 0.00222630
v -0.02255480 0.05261340 0.00981103
v -0.03170529 0.04986178 0.01212428
v -0.03490490 0.04990690 0.01488210
v -0.01149700 0.05585410 0.00981103
v 0.00000000 0.05694840 0.00981103
v 0.00577610 0.05667390 0.00981103
v 0.05806796 0.05197454 0.04169225
v 0.05458980 0.04650210 0.03071160
v 0.03244114 0.06888127 0.04160971
v 0.03147380 0.06259670 0.03071160
v 0.01751746 0.07348135 0.04154336
v 0.01788220 0.06716980 0.03071160
v 0.00978138 0.07473420 0.04152612
v 0.01079790 0.06849550 0.03071160
v 0.00721292 0.06891140 0.03071160
v 0.02510385 0.07152534 0.04157801
v 0.02479620 0.06519720 0.03071160
v 0.04613716 0.06161912 0.04166303
v 0.03948287 0.06556633 0.04164115
v 0.03785130 0.05939340 0.03071160
v 0.04237619 0.05677417 0.03088567
v 0.05235681 0.05707047 0.04168077
v 0.04946510 0.05130710 0.03071160
v 0.04672220 0.05352700 0.03071160
v 0.02701581 0.06090097 0.02499543
v 0.03327981 0.05811503 0.02504254
v 0.01380386 0.06468727 0.02495038
v 0.02050455 0.06309728 0.02496434
v 0.04304053 0.04980343 0.02211085
v 0.03790570 0.05181394 0.01994710
v 0.05127580 0.04804794 0.02861519
v 0.04855869 0.04193169 0.01859338
v 0.05608293 0.04309496 0.02865985
v 0.07488508 0.02712777 0.04171518
v 0.06944180 0.02332790 0.03071160
v 0.06777516 0.04032788 0.04170770
v 0.06322690 0.03559900 0.03071160
v 0.06322823 0.04637093 0.04170163
v 0.05919200 0.04124920 0.03071160
v 0.07167813 0.03388565 0.04171291
v 0.06665490 0.02960600 0.03071160
v 0.07911315 0.01289142 0.04171841
v 0.07298460 0.01016030 0.03071160
v 0.07737425 0.02010106 0.04171776
v 0.07155910 0.01682510 0.03071160
v 0.08008820 0.00554839 0.04171946
v 0.07385140 0.00169587 0.03080164
v 0.08029480 0.00000000 0.04173820
v 0.06709206 0.02593415 0.02875308
v 0.06950340 0.01963660 0.02877305
v 0.06034907 0.03772276 0.02869831
v 0.06403214 0.03198295 0.02873109
v 0.05656745 0.03225368 0.01906077
v 0.06232775 0.02120494 0.01932447
v 0.07124047 0.01315264 0.02878716
v 0.07228779 0.00654430 0.02880021
v 0.06562092 0.00927649 0.01946512
v 0.04986651 0.03551297 0.01384534
v 0.02778580 0.05022380 0.00981103
v 0.01710770 0.05449600 0.00981103
v 0.01149700 0.05585410 0.00981103
v 0.02255480 0.05261340 0.00981103
v 0.03511850 0.04574130 0.00981103
v 0.03275090 0.04735080 0.00981103
v 0.04158357 0.04348759 0.01306767
v 0.03949045 0.04104320 0.00841378
v 0.04012468 0.03602013 0.00402789
v 0.03485590 0.04164510 0.00484908
v 0.04558710 0.03612750 0.00981103
v 0.06068473 0.01458368 0.01432949
v 0.05639225 0.02558123 0.01415382
v 0.05009026 0.02917155 0.00906433
v 0.05519195 0.01917994 0.00927489
v 0.06351420 0.00296778 0.01566799
v 0.05811470 0.00839693 0.00939673
v 0.04675313 0.02761934 0.00428856
v 0.05156500 0.01807418 0.00451493
v 0.05596836 0.00260837 0.00603419
v 0.05391870 0.01051030 0.00484908
v -0.09139718 0.00214765 0.06470938
v -0.08878140 0.00415189 0.05890540
v 0.00000000 0.09383850 0.07672160
v 0.00459353 0.09053495 0.07044945
v -0.09600479 0.00229850 0.07664672
v -0.09370810 0.00445358 0.07071810
v -0.06629392 0.06785683 0.07665749
v -0.08871060 0.03591040 0.07672160
v -0.09371202 0.02053772 0.07666096
v -0.09530827 0.01156285 0.07664443
v -0.09121048 0.02933277 0.07663711
v -0.07851769 0.05400767 0.07667899
v -0.08234640 0.04824250 0.07672160
v -0.08577601 0.04227143 0.07677558
v -0.07275055 0.06122440 0.07666889
v -0.03464671 0.08745292 0.07656142
v -0.05135397 0.07928458 0.07668628
v -0.05939668 0.07367690 0.07658895
v -0.04320486 0.08377670 0.07664212
v -0.01625149 0.09252026 0.07673667
v -0.02575259 0.09029557 0.07647464
v -0.00663840 0.09347644 0.07640300
v -0.09068526 0.01088622 0.06462879
v -0.09382200 0.00000000 0.07071810
v -0.08921916 0.01920181 0.06475024
v -0.08681535 0.02749675 0.06475217
v -0.08357858 0.03551739 0.06475187
v -0.07953423 0.04320606 0.06475360
v -0.07472957 0.05047295 0.06475386
v -0.06920199 0.05726188 0.06475516
v -0.06301784 0.06348983 0.06475147
v -0.05622013 0.06911717 0.06475112
v -0.04889221 0.07406866 0.06474282
v -0.04108557 0.07831216 0.06473320
v -0.03289277 0.08178948 0.06470765
v -0.02437722 0.08447401 0.06466875
v -0.01563703 0.08632782 0.06460154
v -0.00674365 0.08734780 0.06453084
v -0.00000000 0.08769020 0.06477790
v 0.06786950 0.06635390 0.07672160
v 0.06975302 0.06085587 0.07090588
v 0.03594861 0.08406141 0.07110699
v 0.02088842 0.09158538 0.07666278
v 0.00940416 0.09338630 0.07672160
v 0.01371128 0.08970375 0.07051933
v 0.02991747 0.08917786 0.07670112
v 0.05331580 0.07802390 0.07672160
v 0.04523480 0.08275790 0.07672160
v 0.04009418 0.08227730 0.07109491
v 0.04823064 0.07807375 0.07108872
v 0.06088470 0.07253790 0.07672160
v 0.06326618 0.06713124 0.07085986
v 0.05587390 0.07313102 0.07106590
v 0.08954133 0.03394895 0.07670763
v 0.08111574 0.05021553 0.07668409
v 0.07420180 0.05953030 0.07672160
v 0.07554627 0.05404834 0.07096378
v 0.08573909 0.04227485 0.07670061
v 0.09457198 0.01640411 0.07668637
v 0.09249739 0.02529132 0.07670365
v 0.09385723 0.00590752 0.07104101
v 0.09346427 0.01024287 0.07106733
v 0.06340792 0.05922450 0.05879920
v 0.02189285 0.08180926 0.05851201
v 0.01762026 0.08271077 0.05845597
v 0.00897765 0.08390414 0.05834585
v 0.03028278 0.07939938 0.05861189
v 0.02649650 0.08391390 0.06477790
v 0.04985547 0.06995640 0.05875317
v 0.04231957 0.07429499 0.05870764
v 0.05691117 0.06491277 0.05878130
v 0.08414903 0.02735729 0.05884586
v 0.08444000 0.03355760 0.06477790
v 0.07680228 0.04257544 0.05882831
v 0.07447764 0.04614805 0.05882211
v 0.06928619 0.05294382 0.05881182
v 0.08087548 0.03513223 0.05883779
v 0.08059070 0.04133670 0.06477790
v 0.08818867 0.01114038 0.05886189
v 0.08966790 0.01710750 0.06477790
v 0.08659429 0.01933082 0.05885419
v 0.08747550 0.02545500 0.06477790
v 0.08893962 0.00000000 0.05888850
v 0.00421850 0.08144340 0.05310510
v -0.00000000 0.08154180 0.05310510
v -0.08469004 0.00382422 0.05021435
v -0.08331650 0.00000000 0.04738120
v -0.05778380 0.06041840 0.05310510
v -0.07785420 0.03486350 0.05310510
v -0.08357720 0.01981300 0.05310510
v -0.08524020 0.01196460 0.05310510
v -0.08888970 0.00000000 0.05890540
v -0.08110660 0.02747060 0.05310510
v -0.06914200 0.04857430 0.05310510
v -0.07385270 0.04192080 0.05310510
v -0.06376830 0.05476000 0.05310510
v -0.02896890 0.07677500 0.05310510
v -0.04421920 0.06994060 0.05310510
v -0.05124650 0.06549490 0.05310510
v -0.03676960 0.07371280 0.05310510
v -0.01261530 0.08065910 0.05310510
v -0.02089170 0.07909790 0.05310510
v -0.00421850 0.08144340 0.05310510
v 0.06376830 0.05476000 0.05310510
v 0.03676960 0.07371280 0.05310510
v 0.03290860 0.07533480 0.05310510
v 0.01261530 0.08065910 0.05310510
v 0.02496010 0.07803030 0.05310510
v 0.05124650 0.06549490 0.05310510
v 0.04421920 0.06994060 0.05310510
v 0.05778380 0.06041840 0.05310510
v 0.07957640 0.03120470 0.05310510
v 0.06914200 0.04857430 0.05310510
v 0.07594460 0.03843840 0.05310510
v 0.08451120 0.01590800 0.05310510
v 0.08244130 0.02367020 0.05310510
v 0.08607710 0.00400105 0.05310510
v 0.08576260 0.00799246 0.05310510
v -0.00470773 -0.09372530 0.07672160
v 0.09132580 -0.00430274 0.06477790
v 0.08607710 -0.00400105 0.05310510
v 0.06629392 -0.06785683 0.07665749
v 0.08871060 -0.03591040 0.07672160
v 0.09371206 -0.02053773 0.07666108
v 0.09532101 -0.01156521 0.07668094
v 0.09121051 -0.02933272 0.07663713
v 0.07851769 -0.05400767 0.07667899
v 0.08234640 -0.04824250 0.07672160
v 0.08577601 -0.04227143 0.07677558
v 0.07275066 -0.06122389 0.07666829
v 0.09075978 -0.01073423 0.06474988
v 0.08921916 -0.01920181 0.06475024
v 0.08681535 -0.02749675 0.06475217
v 0.08357858 -0.03551739 0.06475187
v 0.07953423 -0.04320606 0.06475360
v 0.07472957 -0.05047295 0.06475386
v 0.06920199 -0.05726188 0.06475516
v 0.06301784 -0.06348983 0.06475147
v 0.03464671 -0.08745292 0.07656142
v 0.05135397 -0.07928458 0.07668628
v 0.05939668 -0.07367690 0.07658895
v 0.04320486 -0.08377670 0.07664212
v 0.01625149 -0.09252026 0.07673667
v 0.02575259 -0.09029557 0.07647464
v 0.00663840 -0.09347644 0.07640300
v 0.05622013 -0.06911717 0.06475112
v 0.04889221 -0.07406866 0.06474282
v 0.04108557 -0.07831216 0.06473320
v 0.03289277 -0.08178948 0.06470765
v 0.02437722 -0.08447401 0.06466875
v 0.01563703 -0.08632782 0.06460154
v 0.00674365 -0.08734780 0.06453084
v -0.00013382 -0.09092913 0.07101015
v 0.05778380 -0.06041840 0.05310510
v 0.07785420 -0.03486350 0.05310510
v 0.08357720 -0.01981300 0.05310510
v 0.08524020 -0.01196460 0.05310510
v 0.08110660 -0.02747060 0.05310510
v 0.06914200 -0.04857430 0.05310510
v 0.07385270 -0.04192080 0.05310510
v 0.06376830 -0.05476000 0.05310510
v 0.02896890 -0.07677500 0.05310510
v 0.04421920 -0.06994060 0.05310510
v 0.05124650 -0.06549490 0.05310510
v 0.03676960 -0.07371280 0.05310510
v 0.01261530 -0.08065910 0.05310510
v 0.02089170 -0.07909790 0.05310510
v 0.00421850 -0.08144340 0.05310510
v -0.00000000 -0.08154180 0.05310510
v -0.00462854 -0.08419354 0.05828862
v -0.06786950 -0.06635390 0.07672160
v -0.07112110 -0.06301800 0.07672160
v -0.03594861 -0.08406141 0.07110699
v -0.02088842 -0.09158538 0.07666278
v -0.00940416 -0.09338630 0.07672160
v -0.01371128 -0.08970375 0.07051933
v -0.02991747 -0.08917786 0.07670112
v -0.05331580 -0.07802390 0.07672160
v -0.04523480 -0.08275790 0.07672160
v -0.04009418 -0.08227730 0.07109491
v -0.04823064 -0.07807375 0.07108872
v -0.06088470 -0.07253790 0.07672160
v -0.06326618 -0.06713124 0.07085986
v -0.05587390 -0.07313102 0.07106590
v -0.02189285 -0.08180926 0.05851201
v -0.01762026 -0.08271077 0.05845597
v -0.00894592 -0.08726760 0.06477790
v -0.03028278 -0.07939938 0.05861189
v -0.02649650 -0.08391390 0.06477790
v -0.04985547 -0.06995640 0.05875317
v -0.04231957 -0.07429499 0.05870764
v -0.05691117 -0.06491277 0.05878130
v -0.06618765 -0.06045075 0.06475411
v -0.08954133 -0.03394895 0.07670763
v -0.08111574 -0.05021553 0.07668409
v -0.07420180 -0.05953030 0.07672160
v -0.07554627 -0.05404834 0.07096378
v -0.08573909 -0.04227485 0.07670061
v -0.09457198 -0.01640411 0.07668637
v -0.09249739 -0.02529132 0.07670365
v -0.09377710 -0.00487241 0.07068125
v -0.09346426 -0.01024291 0.07106733
v -0.08414903 -0.02735729 0.05884586
v -0.08444000 -0.03355760 0.06477790
v -0.07680228 -0.04257544 0.05882831
v -0.07447764 -0.04614805 0.05882211
v -0.06928619 -0.05294382 0.05881182
v -0.08087548 -0.03513223 0.05883779
v -0.08059070 -0.04133670 0.06477790
v -0.08818867 -0.01114038 0.05886189
v -0.08966790 -0.01710750 0.06477790
v -0.08659429 -0.01933082 0.05885419
v -0.08747550 -0.02545500 0.06477790
v -0.06376830 -0.05476000 0.05310510
v -0.06084900 -0.05765880 0.05310510
v -0.03676960 -0.07371280 0.05310510
v -0.03290860 -0.07533480 0.05310510
v -0.01261530 -0.08065910 0.05310510
v -0.00842693 -0.08114880 0.05310510
v -0.02496010 -0.07803030 0.05310510
v -0.05124650 -0.06549490 0.05310510
v -0.04421920 -0.06994060 0.05310510
v -0.05778380 -0.06041840 0.05310510
v -0.07957640 -0.03120470 0.05310510
v -0.06914200 -0.04857430 0.05310510
v -0.07594460 -0.03843840 0.05310510
v -0.08451120 -0.01590800 0.05310510
v -0.08244130 -0.02367020 0.05310510
v -0.08615757 -0.00198511 0.05305491
v -0.08576260 -0.00799246 0.05310510
v 0.00484065 0.09842405 0.08890000
v 0.00477652 0.09700470 0.08890000
v 0.00697955 0.09689580 0.08890000
v 0.06278900 0.07424180 0.08890000
v 0.04588910 0.08566420 0.08890000
v 0.04648810 0.08535640 0.08890000
v 0.04263180 0.08733800 0.08890000
v 0.03869070 0.08914630 0.08890000
v 0.04212575 0.08757020 0.08890000
v 0.04161970 0.08780240 0.08890000
v 0.03466790 0.09077920 0.08890000
v 0.03725120 0.08973060 0.08890000
v 0.03280060 0.09146400 0.08890000
v 0.01428470 0.09607400 0.08890000
v 0.01447595 0.09747635 0.08890000
v 0.01559880 0.09589110 0.08890000
v 0.00954197 0.09665470 0.08890000
v 0.01130020 0.09648920 0.08890000
v 0.00000000 0.09714610 0.08890000
v 0.00263963 0.09711030 0.08890000
v -0.00440085 0.09704660 0.08890000
v -0.02705340 0.09329970 0.08890000
v -0.02825750 0.09293980 0.08890000
v -0.02584930 0.09365960 0.08890000
v -0.09332260 0.02762240 0.08890000
v -0.09449490 0.02832150 0.08890000
v -0.08699875 -0.04646125 0.08890000
v -0.08584060 -0.04580160 0.08890000
v 0.09332260 -0.02762240 0.08890000
v 0.09449490 -0.02832150 0.08890000
v 0.08584060 0.04580160 0.08890000
v 0.08699875 0.04646125 0.08890000
v 0.06536480 0.07197230 0.08890000
v 0.06175420 0.07509270 0.08890000
v 0.05004930 0.08332140 0.08890000
v 0.05072305 0.08453570 0.08890000
v 0.03251510 0.09156870 0.08890000
v -0.03001670 0.09241400 0.08890000
v -0.03227990 0.09165150 0.08890000
v -0.03639530 0.09010370 0.08890000
v -0.03279790 0.09145670 0.08890000
v -0.04815250 0.08443270 0.08890000
v -0.04588380 0.08565490 0.08890000
v -0.04510805 0.08607285 0.08890000
v -0.04433230 0.08649080 0.08890000
v -0.05003940 0.08330510 0.08890000
v -0.05187230 0.08220970 0.08890000
v -0.07625225 0.06251925 0.08890000
v -0.07523000 0.06162130 0.08890000
v -0.07348590 0.06371760 0.08890000
v -0.07817080 0.05786620 0.08890000
v -0.07625370 0.06039090 0.08890000
v -0.08092500 0.05397270 0.08890000
v -0.07887050 0.05694470 0.08890000
v -0.08133460 0.05338010 0.08890000
v -0.08487770 0.04756690 0.08890000
v -0.09163120 0.03273130 0.08890000
v -0.09049040 0.03580310 0.08890000
v -0.09313510 0.02820550 0.08890000
v -0.09199760 0.03174480 0.08890000
v -0.09441700 0.02361160 0.08890000
v -0.08384040 -0.04936600 0.08890000
v -0.08265110 -0.05132560 0.08890000
v -0.00477652 -0.09700470 0.08890000
v -0.00698008 -0.09689580 0.08890000
v 0.09163120 -0.03273130 0.08890000
v 0.09049040 -0.03580310 0.08890000
v 0.09313510 -0.02820550 0.08890000
v 0.09199760 -0.03174480 0.08890000
v 0.09441700 -0.02361160 0.08890000
v 0.08384020 0.04936650 0.08890000
v 0.08265090 0.05132600 0.08890000
v 0.06604730 0.07137080 0.08890000
v 0.06101210 0.07570290 0.08890000
v 0.05884240 0.07911515 0.08890000
v 0.05798590 0.07802160 0.08890000
v 0.02833190 0.09294200 0.08890000
v 0.02397240 0.09559475 0.08890000
v 0.02365650 0.09422520 0.08890000
v 0.01924720 0.09665145 0.08890000
v 0.01899320 0.09526370 0.08890000
v -0.01309750 0.09626290 0.08890000
v -0.01738820 0.09558440 0.08890000
v -0.02163840 0.09471660 0.08890000
v -0.02365280 0.09421100 0.08890000
v -0.05548810 0.07982410 0.08890000
v -0.05407500 0.08075640 0.08890000
v -0.05798110 0.07801450 0.08890000
v -0.05900160 0.07727380 0.08890000
v -0.07210980 0.06522910 0.08890000
v -0.07056830 0.06692250 0.08890000
v -0.08263950 0.05134430 0.08890000
v -0.08347110 0.04994080 0.08890000
v -0.09446420 0.02343880 0.08890000
v -0.09500300 0.02115810 0.08890000
v -0.09586300 0.01685430 0.08890000
v -0.09522315 0.02005625 0.08890000
v -0.09544330 0.01895440 0.08890000
v -0.09709720 0.00649341 0.08890000
v -0.09720530 0.00476751 0.08890000
v -0.09698910 0.00821930 0.08890000
v -0.09732970 -0.00000015 0.08890000
v -0.09729480 0.00194746 0.08890000
v -0.09725990 0.00389508 0.08890000
v -0.09686480 -0.00952525 0.08890000
v -0.09691170 -0.00908359 0.08890000
v -0.09626300 -0.01425690 0.08890000
v -0.09666630 -0.01139610 0.08890000
v -0.08348620 -0.04994970 0.08890000
v -0.08091920 -0.05396930 0.08890000
v -0.08024480 -0.05499880 0.08890000
v -0.06278940 -0.07424150 0.08890000
v -0.04588910 -0.08566420 0.08890000
v -0.04648850 -0.08535610 0.08890000
v -0.04263230 -0.08733770 0.08890000
v -0.03869120 -0.08914610 0.08890000
v -0.04212600 -0.08757005 0.08890000
v -0.04161970 -0.08780240 0.08890000
v -0.03725120 -0.08973060 0.08890000
v -0.03466840 -0.09077900 0.08890000
v -0.03280060 -0.09146400 0.08890000
v -0.01428470 -0.09607400 0.08890000
v -0.01447595 -0.09747635 0.08890000
v -0.01559940 -0.09589110 0.08890000
v -0.00954197 -0.09665470 0.08890000
v -0.01130070 -0.09648920 0.08890000
v -0.00264016 -0.09711020 0.08890000
v -0.00000000 -0.09714610 0.08890000
v 0.00440085 -0.09704660 0.08890000
v 0.02705340 -0.09329970 0.08890000
v 0.02825750 -0.09293980 0.08890000
v 0.02584930 -0.09365960 0.08890000
v 0.04510805 -0.08607285 0.08890000
v 0.04588380 -0.08565490 0.08890000
v 0.04433230 -0.08649080 0.08890000
v 0.04815250 -0.08443270 0.08890000
v 0.05003940 -0.08330510 0.08890000
v 0.05187230 -0.08220970 0.08890000
v 0.07523000 -0.06162130 0.08890000
v 0.07348590 -0.06371760 0.08890000
v 0.07817080 -0.05786620 0.08890000
v 0.07923320 -0.05870860 0.08890000
v 0.07625370 -0.06039090 0.08890000
v 0.08133460 -0.05338010 0.08890000
v 0.08092500 -0.05397270 0.08890000
v 0.07887050 -0.05694470 0.08890000
v 0.08487770 -0.04756690 0.08890000
v 0.09446420 -0.02343880 0.08890000
v 0.09500300 -0.02115810 0.08890000
v 0.09585470 -0.01690110 0.08890000
v 0.09522345 -0.02005630 0.08890000
v 0.09544390 -0.01895450 0.08890000
v 0.08348620 0.04994970 0.08890000
v 0.08091920 0.05396930 0.08890000
v 0.08024450 0.05499920 0.08890000
v 0.07214620 0.06522490 0.08890000
v 0.07356720 0.06358710 0.08890000
v 0.07498820 0.06194930 0.08890000
v 0.06916590 0.06836540 0.08890000
v 0.06882810 0.06869100 0.08890000
v 0.05752230 0.07837680 0.08890000
v 0.05408540 0.08077240 0.08890000
v 0.05393690 0.08087590 0.08890000
v 0.05474090 0.08200220 0.08890000
v 0.02826390 0.09296090 0.08890000
v 0.01987160 0.09510130 0.08890000
v -0.00954255 0.09666360 0.08890000
v -0.01428450 0.09607510 0.08890000
v -0.01899150 0.09525700 0.08890000
v -0.04161840 0.08780050 0.08890000
v -0.04101565 0.08809135 0.08890000
v -0.04041290 0.08838220 0.08890000
v -0.06092060 0.07577630 0.08890000
v -0.06174670 0.07508370 0.08890000
v -0.06258030 0.07617685 0.08890000
v -0.08990870 0.03717790 0.08890000
v -0.08880220 0.03979310 0.08890000
v -0.09722140 -0.00475606 0.08890000
v -0.09545050 -0.01895600 0.08890000
v -0.09606020 -0.01569500 0.08890000
v -0.08883800 -0.03965440 0.08890000
v -0.08798940 -0.04154370 0.08890000
v -0.08968660 -0.03776510 0.08890000
v -0.08913780 -0.04222610 0.08890000
v -0.08791290 -0.04171390 0.08890000
v -0.06536480 -0.07197230 0.08890000
v -0.06175420 -0.07509270 0.08890000
v -0.05072305 -0.08453565 0.08890000
v -0.05004930 -0.08332130 0.08890000
v -0.03251560 -0.09156860 0.08890000
v 0.03001670 -0.09241400 0.08890000
v 0.03227990 -0.09165150 0.08890000
v 0.03639530 -0.09010370 0.08890000
v 0.03279790 -0.09145670 0.08890000
v 0.05407500 -0.08075640 0.08890000
v 0.05548810 -0.07982410 0.08890000
v 0.05900160 -0.07727380 0.08890000
v 0.05798110 -0.07801450 0.08890000
v 0.07210980 -0.06522910 0.08890000
v 0.07056830 -0.06692250 0.08890000
v 0.08263950 -0.05134430 0.08890000
v 0.08305530 -0.05064255 0.08890000
v 0.08347110 -0.04994080 0.08890000
v 0.08990870 -0.03717790 0.08890000
v 0.08880220 -0.03979310 0.08890000
v 0.08883790 0.03965465 0.08890000
v 0.08798940 0.04154370 0.08890000
v 0.08968640 0.03776560 0.08890000
v 0.08913770 0.04222635 0.08890000
v 0.08791270 0.04171440 0.08890000
v 0.05025750 0.08320230 0.08890000
v 0.02411630 0.09411880 0.08890000
v -0.00876727 0.09675110 0.08890000
v -0.06428580 0.07295500 0.08890000
v -0.06881770 0.06868090 0.08890000
v -0.06975060 0.06968210 0.08890000
v -0.06750160 0.07000270 0.08890000
v -0.09684880 0.00952351 0.08890000
v -0.09668645 0.01103181 0.08890000
v -0.09652410 0.01254010 0.08890000
v -0.09733740 -0.00042976 0.08890000
v -0.09060050 -0.03545970 0.08890000
v -0.08991770 -0.03718200 0.08890000
v -0.09128330 -0.03373740 0.08890000
v -0.08596360 -0.04558230 0.08890000
v -0.06604770 -0.07137050 0.08890000
v -0.06101260 -0.07570260 0.08890000
v -0.05798590 -0.07802160 0.08890000
v -0.05884240 -0.07911515 0.08890000
v -0.02833240 -0.09294180 0.08890000
v -0.02397240 -0.09559475 0.08890000
v -0.02365650 -0.09422520 0.08890000
v -0.01899320 -0.09526370 0.08890000
v -0.01924720 -0.09665145 0.08890000
v 0.01309750 -0.09626290 0.08890000
v 0.01738820 -0.09558440 0.08890000
v 0.02163840 -0.09471660 0.08890000
v 0.02365280 -0.09421100 0.08890000
v 0.04101565 -0.08809135 0.08890000
v 0.04161840 -0.08780050 0.08890000
v 0.04041290 -0.08838220 0.08890000
v 0.06092060 -0.07577630 0.08890000
v 0.06258030 -0.07617685 0.08890000
v 0.06174670 -0.07508370 0.08890000
v 0.09651500 -0.01260950 0.08890000
v 0.09626160 -0.01425640 0.08890000
v 0.09685410 0.00952443 0.08890000
v 0.09714890 0.00605377 0.08890000
v 0.09627640 0.01425880 0.08890000
v 0.09678270 0.01036430 0.08890000
v 0.08991770 0.03718200 0.08890000
v 0.09060040 0.03545995 0.08890000
v 0.09128310 0.03373790 0.08890000
v 0.08596340 0.04558280 0.08890000
v 0.07524070 0.06163050 0.08890000
v 0.07646480 0.06008540 0.08890000
v 0.07768890 0.05854030 0.08890000
v -0.00477720 0.09702110 0.08890000
v -0.06624495 0.07301690 0.08890000
v -0.06536060 0.07196820 0.08890000
v -0.08797130 0.04153500 0.08890000
v -0.08693150 0.04371520 0.08890000
v -0.09526300 -0.01995890 0.08890000
v -0.09499740 -0.02118280 0.08890000
v -0.09439710 -0.02360670 0.08890000
v -0.09394190 -0.02544460 0.08890000
v -0.09216670 -0.03118090 0.08890000
v -0.09163090 -0.03273160 0.08890000
v -0.09270250 -0.02963020 0.08890000
v -0.07214660 -0.06522450 0.08890000
v -0.07356755 -0.06358670 0.08890000
v -0.07498850 -0.06194890 0.08890000
v -0.06916630 -0.06836500 0.08890000
v -0.06882810 -0.06869100 0.08890000
v -0.05752280 -0.07837650 0.08890000
v -0.05408540 -0.08077240 0.08890000
v -0.05393730 -0.08087570 0.08890000
v -0.05474110 -0.08200210 0.08890000
v -0.02826390 -0.09296090 0.08890000
v -0.01987210 -0.09510120 0.08890000
v 0.00954255 -0.09666360 0.08890000
v 0.01428450 -0.09607510 0.08890000
v 0.01899150 -0.09525700 0.08890000
v 0.06428580 -0.07295500 0.08890000
v 0.06975060 -0.06968210 0.08890000
v 0.06881770 -0.06868090 0.08890000
v 0.06750160 -0.07000270 0.08890000
v 0.08797130 -0.04153500 0.08890000
v 0.08693150 -0.04371520 0.08890000
v 0.09708680 -0.00697691 0.08890000
v 0.09667220 -0.01134610 0.08890000
v 0.09720060 0.00476767 0.08890000
v 0.09732290 0.00172502 0.08890000
v 0.09755755 0.01466130 0.08890000
v 0.09622500 0.01465390 0.08890000
v 0.09216665 0.03118115 0.08890000
v 0.09163090 0.03273160 0.08890000
v 0.09270240 0.02963070 0.08890000
v 0.07817360 0.05786880 0.08890000
v -0.03725310 0.08973610 0.08890000
v -0.08582370 0.04579270 0.08890000
v -0.05025800 -0.08320210 0.08890000
v -0.02411680 -0.09411860 0.08890000
v 0.00876727 -0.09675110 0.08890000
v 0.06536060 -0.07196820 0.08890000
v 0.06624495 -0.07301690 0.08890000
v 0.09684510 -0.00952343 0.08890000
v 0.09547540 0.01892050 0.08890000
v 0.09499730 0.02118330 0.08890000
v 0.09439710 0.02360670 0.08890000
v 0.09394170 0.02544510 0.08890000
v -0.09626110 0.01425630 0.08890000
v -0.09312520 -0.02820290 0.08890000
v -0.07524080 -0.06163050 0.08890000
v -0.07646505 -0.06008520 0.08890000
v -0.07768930 -0.05853990 0.08890000
v 0.00477720 -0.09702110 0.08890000
v 0.03725310 -0.08973610 0.08890000
v 0.08582370 -0.04579270 0.08890000
v 0.09312520 0.02820280 0.08890000
v -0.07817360 -0.05786880 0.08890000
v 0.09719630 -0.00476727 0.08890000
v 0.09730290 -0.00261916 0.08890000
v 0.09731500 0.00000011 0.08890000
v 0.04965310 0.00000000 0.00254000
v 0.04963220 -0.00143299 0.00254000
v 0.04957200 -0.00242424 0.00254000
v 0.04944500 -0.00451858 0.00254000
v 0.04940450 -0.00484427 0.00254000
v 0.04906330 -0.00759472 0.00254000
v 0.04910580 -0.00725238 0.00254000
v 0.04848510 -0.01065700 0.00254000
v 0.04821310 -0.01181650 0.00254000
v 0.04867720 -0.00963984 0.00254000
v 0.04815900 -0.01200930 0.00254000
v 0.04737740 -0.01479120 0.00254000
v 0.04750260 -0.01434560 0.00254000
v 0.04672900 -0.01664480 0.00254000
v 0.04635870 -0.01770350 0.00254000
v 0.04585150 -0.01890590 0.00254000
v 0.04515840 -0.02054890 0.00254000
v 0.04487150 -0.02112490 0.00254000
v 0.04377560 -0.02332570 0.00254000
v 0.04220930 -0.02602940 0.00254000
v 0.04152930 -0.02709140 0.00254000
v 0.04257440 -0.02539920 0.00254000
v 0.04127700 -0.02744960 0.00254000
v 0.03974960 -0.02961800 0.00254000
v 0.03987880 -0.02943460 0.00254000
v 0.03837010 -0.03133730 0.00254000
v 0.03781780 -0.03202560 0.00254000
v 0.03677670 -0.03316900 0.00254000
v 0.03573610 -0.03431180 0.00254000
v 0.03510140 -0.03492660 0.00254000
v 0.03350550 -0.03647240 0.00254000
v 0.03334720 -0.03660750 0.00254000
v 0.03112590 -0.03850340 0.00254000
v 0.03013070 -0.03927940 0.00254000
v 0.03149820 -0.03818560 0.00254000
v 0.02957660 -0.03967350 0.00254000
v 0.02760510 -0.04107600 0.00254000
v 0.02497570 -0.04270920 0.00254000
v 0.02552790 -0.04236620 0.00254000
v 0.02340490 -0.04355400 0.00254000
v 0.02224570 -0.04417750 0.00254000
v 0.02122990 -0.04464470 0.00254000
v 0.01941700 -0.04547850 0.00254000
v 0.01900700 -0.04563670 0.00254000
v 0.01649080 -0.04660750 0.00254000
v 0.01533820 -0.04699520 0.00254000
v 0.01673450 -0.04651340 0.00254000
v 0.01441650 -0.04726140 0.00254000
v 0.01234990 -0.04785830 0.00254000
v 0.01207070 -0.04792040 0.00254000
v 0.00932044 -0.04853220 0.00254000
v 0.00969120 -0.04844970 0.00254000
v 0.00625027 -0.04901680 0.00254000
v 0.00728753 -0.04885310 0.00254000
v 0.00486812 -0.04914740 0.00254000
v 0.00314257 -0.04931050 0.00254000
v 0.00243749 -0.04933270 0.00254000
v -0.00000000 -0.04940960 0.00254000
v -0.00151238 -0.04938670 0.00254000
v -0.00243679 -0.04932980 0.00254000
v -0.00461558 -0.04919570 0.00254000
v -0.00486949 -0.04916410 0.00254000
v -0.00728954 -0.04886350 0.00254000
v -0.00769744 -0.04881280 0.00254000
v -0.01075270 -0.04823830 0.00254000
v -0.00968938 -0.04843820 0.00254000
v -0.01206650 -0.04790500 0.00254000
v -0.01377920 -0.04747060 0.00254000
v -0.01441720 -0.04726540 0.00254000
v -0.01677360 -0.04650750 0.00254000
v -0.01782130 -0.04612040 0.00254000
v -0.01900220 -0.04562620 0.00254000
v -0.02068480 -0.04492200 0.00254000
v -0.02123250 -0.04465140 0.00254000
v -0.02346410 -0.04354920 0.00254000
v -0.02552770 -0.04236470 0.00254000
v -0.02615600 -0.04200410 0.00254000
v -0.02875430 -0.04028790 0.00254000
v -0.02758130 -0.04106270 0.00254000
v -0.02957310 -0.03966960 0.00254000
v -0.03125690 -0.03839810 0.00254000
v -0.03211270 -0.03769250 0.00254000
v -0.03333510 -0.03659420 0.00254000
v -0.03150500 -0.03819350 0.00254000
v -0.03441780 -0.03562140 0.00254000
v -0.03510030 -0.03492620 0.00254000
v -0.03658310 -0.03341600 0.00254000
v -0.03678790 -0.03317950 0.00254000
v -0.03837800 -0.03134320 0.00254000
v -0.03860920 -0.03107620 0.00254000
v -0.03986690 -0.02942520 0.00254000
v -0.04049230 -0.02860420 0.00254000
v -0.04126620 -0.02744280 0.00254000
v -0.04222680 -0.02600130 0.00254000
v -0.04279710 -0.02506040 0.00254000
v -0.04377120 -0.02328760 0.00254000
v -0.04258720 -0.02540660 0.00254000
v -0.04428710 -0.02234870 0.00254000
v -0.04486430 -0.02112190 0.00254000
v -0.04560150 -0.01955540 0.00254000
v -0.04585760 -0.01890880 0.00254000
v -0.04673880 -0.01668360 0.00254000
v -0.04749920 -0.01434390 0.00254000
v -0.04769780 -0.01373320 0.00254000
v -0.04847410 -0.01070680 0.00254000
v -0.04814110 -0.01200480 0.00254000
v -0.04878490 -0.00920247 0.00254000
v -0.04869390 -0.00964291 0.00254000
v -0.04926640 -0.00615493 0.00254000
v -0.04909340 -0.00725008 0.00254000
v -0.04939020 -0.00484319 0.00254000
v -0.04955610 -0.00308621 0.00254000
v -0.04957680 -0.00242502 0.00254000
v -0.04965310 0.00000000 0.00254000
v -0.04963220 0.00143299 0.00254000
v -0.04957200 0.00242424 0.00254000
v -0.04944500 0.00451858 0.00254000
v -0.04940450 0.00484427 0.00254000
v -0.04906330 0.00759472 0.00254000
v -0.04910580 0.00725238 0.00254000
v -0.04848510 0.01065700 0.00254000
v -0.04821310 0.01181650 0.00254000
v -0.04867720 0.00963984 0.00254000
v -0.04815900 0.01200930 0.00254000
v -0.04737740 0.01479120 0.00254000
v -0.04750260 0.01434560 0.00254000
v -0.04672900 0.01664480 0.00254000
v -0.04635870 0.01770350 0.00254000
v -0.04585150 0.01890590 0.00254000
v -0.04515840 0.02054890 0.00254000
v -0.04487150 0.02112490 0.00254000
v -0.04377560 0.02332570 0.00254000
v -0.04220930 0.02602940 0.00254000
v -0.04152930 0.02709140 0.00254000
v -0.04257440 0.02539920 0.00254000
v -0.04127700 0.02744960 0.00254000
v -0.03974960 0.02961800 0.00254000
v -0.03987880 0.02943460 0.00254000
v -0.03837010 0.03133730 0.00254000
v -0.03781780 0.03202560 0.00254000
v -0.03677670 0.03316900 0.00254000
v -0.03573610 0.03431180 0.00254000
v -0.03510140 0.03492660 0.00254000
v -0.03350550 0.03647240 0.00254000
v -0.03334720 0.03660750 0.00254000
v -0.03112590 0.03850340 0.00254000
v -0.03013070 0.03927940 0.00254000
v -0.03149820 0.03818560 0.00254000
v -0.02957660 0.03967350 0.00254000
v -0.02760510 0.04107600 0.00254000
v -0.02497570 0.04270920 0.00254000
v -0.02552790 0.04236620 0.00254000
v -0.02340490 0.04355400 0.00254000
v -0.02224570 0.04417750 0.00254000
v -0.02122990 0.04464470 0.00254000
v -0.01941700 0.04547850 0.00254000
v -0.01673450 0.04651340 0.00254000
v -0.01649080 0.04660750 0.00254000
v -0.01533820 0.04699520 0.00254000
v -0.01441650 0.04726140 0.00254000
v -0.01234990 0.04785830 0.00254000
v -0.01207070 0.04792040 0.00254000
v -0.00932044 0.04853220 0.00254000
v -0.00969120 0.04844970 0.00254000
v -0.00728753 0.04885310 0.00254000
v -0.00625027 0.04901680 0.00254000
v -0.00486812 0.04914740 0.00254000
v -0.00314257 0.04931050 0.00254000
v -0.00243749 0.04933270 0.00254000
v -0.00000000 0.04940960 0.00254000
v 0.00151238 0.04938670 0.00254000
v 0.00243679 0.04932980 0.00254000
v 0.00461558 0.04919570 0.00254000
v 0.00486949 0.04916410 0.00254000
v 0.00728954 0.04886350 0.00254000
v 0.00769744 0.04881280 0.00254000
v 0.00968938 0.04843820 0.00254000
v 0.01075270 0.04823830 0.00254000
v 0.01206650 0.04790500 0.00254000
v 0.01377920 0.04747060 0.00254000
v 0.01441720 0.04726540 0.00254000
v 0.01673690 0.04651930 0.00254000
v 0.01677360 0.04650750 0.00254000
v 0.01782130 0.04612040 0.00254000
v 0.01900220 0.04562620 0.00254000
v 0.02068480 0.04492200 0.00254000
v 0.02123250 0.04465140 0.00254000
v 0.02346410 0.04354920 0.00254000
v 0.02552770 0.04236470 0.00254000
v 0.02615600 0.04200410 0.00254000
v 0.02875430 0.04028790 0.00254000
v 0.02758130 0.04106270 0.00254000
v 0.02957310 0.03966960 0.00254000
v 0.03125690 0.03839810 0.00254000
v 0.03211270 0.03769250 0.00254000
v 0.03333510 0.03659420 0.00254000
v 0.03150500 0.03819350 0.00254000
v 0.03441780 0.03562140 0.00254000
v 0.03510030 0.03492620 0.00254000
v 0.03658310 0.03341600 0.00254000
v 0.03678790 0.03317950 0.00254000
v 0.03837800 0.03134320 0.00254000
v 0.03860920 0.03107620 0.00254000
v 0.03986690 0.02942520 0.00254000
v 0.04049230 0.02860420 0.00254000
v 0.04126620 0.02744280 0.00254000
v 0.04222680 0.02600130 0.00254000
v 0.04279710 0.02506040 0.00254000
v 0.04377120 0.02328760 0.00254000
v 0.04258720 0.02540660 0.00254000
v 0.04428710 0.02234870 0.00254000
v 0.04486430 0.02112190 0.00254000
v 0.04560150 0.01955540 0.00254000
v 0.04585760 0.01890880 0.00254000
v 0.04673880 0.01668360 0.00254000
v 0.04749920 0.01434390 0.00254000
v 0.04769780 0.01373320 0.00254000
v 0.04847410 0.01070680 0.00254000
v 0.04814110 0.01200480 0.00254000
v 0.04878490 0.00920247 0.00254000
v 0.04869390 0.00964291 0.00254000
v 0.04926640 0.00615493 0.00254000
v 0.04909340 0.00725008 0.00254000
v 0.04939020 0.00484319 0.00254000
v 0.04955610 0.00308621 0.00254000
v 0.04957680 0.00242502 0.00254000
v -0.01900700 0.04563670 0.00254000
v 0.07838895 -0.00179494 0.04354308
v 0.07505480 0.00000000 0.03768000
v -0.07838895 0.00179494 0.04354308
v -0.07505480 0.00000000 0.03768000
v 0.06504602 -0.00150164 0.02212987
v 0.06114410 0.00000000 0.01673690
v -0.00000000 -0.07183848 0.04053368
v -0.00359121 -0.06853613 0.03475887
v 0.07201187 -0.00164586 0.03265605
v 0.06838500 0.00000000 0.02701870
v 0.05379588 -0.05295357 0.04294562
v 0.07496340 -0.00343825 0.03767990
v 0.07141090 -0.02962521 0.04305184
v 0.07624119 -0.01601628 0.04306956
v 0.07756192 -0.00895401 0.04307495
v 0.07447331 -0.00858359 0.03762129
v 0.07418121 -0.02293521 0.04306128
v 0.07320395 -0.01535447 0.03761416
v 0.07122379 -0.02198790 0.03760294
v 0.06382966 -0.04210274 0.04301285
v 0.06794614 -0.03604002 0.04303537
v 0.06855919 -0.02840374 0.03758820
v 0.06523092 -0.03455184 0.03756916
v 0.05909414 -0.04776366 0.04298426
v 0.06127856 -0.04036199 0.03754617
v 0.05672891 -0.04578808 0.03751423
v 0.07123617 -0.00821641 0.03225103
v 0.07002078 -0.01469721 0.03224300
v 0.06812436 -0.02104496 0.03222898
v 0.06557499 -0.02718259 0.03221319
v 0.06238874 -0.03306566 0.03219117
v 0.05860538 -0.03862400 0.03216414
v 0.05425171 -0.04381418 0.03212937
v 0.05164145 -0.05076214 0.03747507
v 0.02819908 -0.06844952 0.04334612
v 0.04169329 -0.06173853 0.04282059
v 0.04797271 -0.05763214 0.04289396
v 0.04604832 -0.05524554 0.03742114
v 0.03500231 -0.06523768 0.04271934
v 0.04002038 -0.05918250 0.03735306
v 0.03359985 -0.06254101 0.03726626
v 0.01330963 -0.07201236 0.04277996
v 0.02077885 -0.07046571 0.04283619
v 0.02686847 -0.06527583 0.03715570
v 0.01987904 -0.06737253 0.03703393
v 0.00571126 -0.07288027 0.04275665
v 0.01272800 -0.06882390 0.03693482
v 0.00545671 -0.06963692 0.03688493
v 0.04938191 -0.04857293 0.03208735
v 0.04403206 -0.05286081 0.03203396
v 0.03826678 -0.05662636 0.03196818
v 0.03212427 -0.05983746 0.03188163
v 0.02568862 -0.06245820 0.03178583
v 0.01900910 -0.06446878 0.03168112
v 0.01216928 -0.06585773 0.03158773
v 0.00521730 -0.06663668 0.03154291
v 0.06830160 -0.00314293 0.02701830
v 0.06785547 -0.00785141 0.02697214
v 0.06669519 -0.01404216 0.02696123
v 0.06488860 -0.02010345 0.02694732
v 0.06245767 -0.02596445 0.02692810
v 0.05942110 -0.03158168 0.02690424
v 0.05581609 -0.03688828 0.02687554
v 0.05166632 -0.04184347 0.02683810
v 0.06433348 -0.00748698 0.02178813
v 0.06323375 -0.01338599 0.02177759
v 0.06151755 -0.01916360 0.02175986
v 0.05921241 -0.02474818 0.02174035
v 0.05632955 -0.03010061 0.02171222
v 0.05290826 -0.03515653 0.02168029
v 0.04897326 -0.03987502 0.02164155
v 0.04702598 -0.04638563 0.02679418
v 0.04192846 -0.05047780 0.02673934
v 0.03643727 -0.05407259 0.02667672
v 0.03058929 -0.05714018 0.02659983
v 0.02446214 -0.05964138 0.02650972
v 0.01810115 -0.06156279 0.02641424
v 0.01158666 -0.06289365 0.02633409
v 0.00000000 -0.06531615 0.02893568
v 0.00496755 -0.06363065 0.02628070
v 0.04457500 -0.04419954 0.02159801
v 0.03974183 -0.04809722 0.02154469
v 0.03453259 -0.05151999 0.02148044
v 0.02898833 -0.05443931 0.02140429
v 0.02318389 -0.05682422 0.02132584
v 0.01715240 -0.05865588 0.02123782
v 0.01098106 -0.05992393 0.02116497
v 0.00471072 -0.06063046 0.02112286
v -0.00325483 -0.06245681 0.02411161
v -0.05411954 -0.05064374 0.04028685
v -0.05434257 -0.04605927 0.03485237
v -0.02926135 -0.06603963 0.03996896
v -0.03132723 -0.06201350 0.03476950
v -0.01502753 -0.07070339 0.04100199
v -0.01779723 -0.06654757 0.03474482
v -0.00755786 -0.07175047 0.04100803
v -0.01074577 -0.06786534 0.03474381
v -0.00383082 -0.07317500 0.04313700
v -0.01145620 -0.07246790 0.04313700
v -0.02235750 -0.06898207 0.04101578
v -0.02467931 -0.06458954 0.03475149
v -0.01897110 -0.07106080 0.04313720
v -0.02630440 -0.06896730 0.04313740
v -0.04250444 -0.05956210 0.04025185
v -0.04366803 -0.05509593 0.03480935
v -0.03605668 -0.06317909 0.04023288
v -0.03767834 -0.05883878 0.03479001
v -0.03338480 -0.06620840 0.04313770
v -0.04014520 -0.06281070 0.04313810
v -0.04854460 -0.05536952 0.04026979
v -0.04924083 -0.05082206 0.03483018
v -0.04651980 -0.05880820 0.04313860
v -0.05244850 -0.05423940 0.04313910
v -0.02675130 -0.06056761 0.02939022
v -0.01363342 -0.06430443 0.02937598
v -0.00684818 -0.06525331 0.02937886
v -0.02028953 -0.06273826 0.02938205
v -0.03885822 -0.05451138 0.02943611
v -0.03295976 -0.05781633 0.02940805
v -0.04438538 -0.05067939 0.02946416
v -0.04948752 -0.04635819 0.02949023
v -0.07077170 -0.02739370 0.04035206
v -0.06912324 -0.02309726 0.03492782
v -0.06366417 -0.03978008 0.04031948
v -0.06294247 -0.03525393 0.03489831
v -0.05917832 -0.04543150 0.04030906
v -0.05892449 -0.04085228 0.03487427
v -0.05787330 -0.04914990 0.04313960
v -0.06274290 -0.04358840 0.04314020
v -0.06754092 -0.03374751 0.04033348
v -0.06635438 -0.02931575 0.03491758
v -0.06700960 -0.03761000 0.04314090
v -0.07063290 -0.03127170 0.04314150
v -0.07515704 -0.01396403 0.04037183
v -0.07265165 -0.01006123 0.03495674
v -0.07331720 -0.02077794 0.04036275
v -0.07123149 -0.01665800 0.03494377
v -0.07357680 -0.02463580 0.04314200
v -0.07581250 -0.01776510 0.04314250
v -0.07627159 -0.00701787 0.04038101
v -0.07731700 -0.01072660 0.04314280
v -0.07655368 -0.00351456 0.04038649
v -0.06473494 -0.02508358 0.02958359
v -0.05822510 -0.03641978 0.02953824
v -0.05411617 -0.04158937 0.02951593
v -0.06177657 -0.03089989 0.02956166
v -0.06875747 -0.01278815 0.02961899
v -0.06706941 -0.01902720 0.02960290
v -0.06977775 -0.00642839 0.02962817
v -0.07003659 -0.00322105 0.02963396
v -0.04927702 -0.04199600 0.02424442
v -0.00000000 -0.05923242 0.01850165
v -0.02839893 -0.05652293 0.02413917
v -0.01612845 -0.06064167 0.02409313
v -0.00974046 -0.06185007 0.02410609
v -0.02236981 -0.05886575 0.02411422
v -0.03959067 -0.05022518 0.02418779
v -0.03415544 -0.05363079 0.02415818
v -0.04464761 -0.04633438 0.02421693
v -0.02401977 -0.05495558 0.01894839
v -0.01224043 -0.05833815 0.01892512
v -0.00614816 -0.05919971 0.01892921
v -0.01821839 -0.05692375 0.01894078
v -0.03489737 -0.04947207 0.01900727
v -0.02959585 -0.05246367 0.01897026
v -0.03986560 -0.04600016 0.01904172
v -0.04445074 -0.04208234 0.01907091
v -0.06270272 -0.02106930 0.02434985
v -0.05708492 -0.03215106 0.02430333
v -0.05343587 -0.03725281 0.02427272
v -0.06018434 -0.02673810 0.02432884
v -0.06590902 -0.00917967 0.02438438
v -0.06461800 -0.01519669 0.02436859
v -0.06838500 0.00000000 0.02701870
v -0.05817430 -0.02278377 0.01919852
v -0.05231312 -0.03307151 0.01913844
v -0.04861565 -0.03775986 0.01910729
v -0.05550877 -0.02806341 0.01916806
v -0.06179488 -0.01161907 0.01923991
v -0.06027260 -0.01728520 0.01921779
v -0.06271296 -0.00584267 0.01925040
v -0.06294672 -0.00292861 0.01925677
v -0.00289161 -0.05638593 0.01386901
v 0.05751424 -0.00135734 0.01200027
v 0.05335340 0.00000000 0.00686502
v 0.06106950 -0.00284914 0.01673640
v 0.06067224 -0.00712330 0.01670206
v 0.05963329 -0.01273400 0.01669000
v 0.05801388 -0.01822636 0.01667143
v 0.05583615 -0.02353630 0.01664829
v 0.05311651 -0.02862311 0.01661967
v 0.04988898 -0.03342611 0.01658610
v 0.04617583 -0.03790886 0.01654530
v 0.05687418 -0.00676232 0.01171769
v 0.05589930 -0.01208330 0.01170486
v 0.05437986 -0.01729221 0.01168553
v 0.05233733 -0.02232621 0.01166140
v 0.04978506 -0.02714787 0.01163030
v 0.04675849 -0.03169883 0.01159561
v 0.04327521 -0.03594619 0.01155303
v 0.04202657 -0.04201631 0.01650013
v 0.03746397 -0.04571848 0.01644379
v 0.03255578 -0.04896943 0.01638583
v 0.02732918 -0.05174236 0.01631444
v 0.02185346 -0.05400664 0.01623730
v 0.01616769 -0.05574679 0.01615613
v 0.01035343 -0.05695204 0.01609032
v 0.00444058 -0.05762232 0.01604898
v 0.03938212 -0.03983737 0.01150548
v 0.03510583 -0.04334251 0.01145008
v 0.03050426 -0.04641977 0.01139155
v 0.02560402 -0.04904464 0.01132124
v 0.02047394 -0.05119038 0.01125200
v 0.01515125 -0.05283905 0.01117968
v 0.00970247 -0.05398155 0.01111938
v 0.00416242 -0.05461492 0.01107847
v 0.03764490 -0.03679750 0.00672980
v 0.04925740 -0.01993590 0.00682597
v 0.05231790 -0.01016640 0.00685481
v 0.05309350 -0.00510815 0.00686242
v 0.05328830 -0.00255707 0.00686436
v 0.05276980 -0.00764677 0.00685923
v 0.05103440 -0.01512510 0.00684251
v 0.05173890 -0.01266120 0.00684922
v 0.05020660 -0.01755210 0.00683475
v 0.04429970 -0.02892830 0.00678240
v 0.04700460 -0.02455170 0.00680571
v 0.04818910 -0.02227090 0.00681626
v 0.04570700 -0.02677270 0.00679440
v 0.04116910 -0.03302300 0.00675679
v 0.04278570 -0.03101330 0.00676982
v 0.03945410 -0.03495270 0.00674342
v 0.02034650 -0.04802840 0.00662838
v 0.02955590 -0.04324470 0.00667563
v 0.03376100 -0.04021520 0.00670238
v 0.03574560 -0.03855290 0.00671607
v 0.03169610 -0.04178050 0.00668887
v 0.02507000 -0.04585700 0.00665060
v 0.02734550 -0.04460450 0.00666282
v 0.02273510 -0.04699930 0.00663908
v 0.01036860 -0.05097100 0.00659610
v 0.01543040 -0.04973810 0.00660993
v 0.01790980 -0.04894190 0.00661862
v 0.01291470 -0.05041500 0.00660239
v 0.00520887 -0.05171500 0.00658753
v 0.00779807 -0.05140450 0.00659112
v 0.00007836 -0.05320677 0.00856959
v 0.00260739 -0.05190170 0.00658536
v -0.00260739 -0.05190170 0.00658536
v -0.04379745 -0.03794615 0.01403535
v -0.02522762 -0.05103619 0.01389844
v -0.01432911 -0.05475245 0.01386008
v -0.00865099 -0.05583194 0.01385304
v -0.01987110 -0.05314680 0.01387178
v -0.03517696 -0.04536353 0.01395972
v -0.03034513 -0.04843242 0.01392592
v -0.03967428 -0.04185634 0.01399455
v -0.02102488 -0.04927653 0.00878103
v -0.01056924 -0.05228371 0.00868863
v -0.01602949 -0.05102593 0.00879382
v -0.03050600 -0.04443537 0.00887993
v -0.02598987 -0.04711056 0.00894533
v -0.03627930 -0.04254570 0.01160160
v -0.03903600 -0.03775682 0.00900962
v -0.05575391 -0.01905038 0.01416460
v -0.05074977 -0.02906109 0.01410773
v -0.04750043 -0.03366659 0.01407154
v -0.05350756 -0.02417280 0.01413553
v -0.05860858 -0.00830428 0.01420234
v -0.05745955 -0.01374388 0.01418636
v -0.06114410 0.00000000 0.01673690
v -0.05108670 -0.02038880 0.00914248
v -0.04585325 -0.02973740 0.00904715
v -0.04423440 -0.03492750 0.01164970
v -0.04858501 -0.02548562 0.00914486
v -0.05420219 -0.01067798 0.00921308
v -0.05284334 -0.01589927 0.00924708
v -0.05497069 -0.00536181 0.00913041
v -0.05521638 -0.00256126 0.00916727
v -0.03945410 -0.03495270 0.00674342
v -0.02273510 -0.04699930 0.00663908
v -0.01291470 -0.05041500 0.00660239
v -0.00520887 -0.05171500 0.00658753
v -0.00655081 -0.05321673 0.00917612
v -0.01790980 -0.04894190 0.00661862
v -0.03169610 -0.04178050 0.00668887
v -0.02734550 -0.04460450 0.00666282
v -0.03462491 -0.03959752 0.00678802
v -0.05020660 -0.01755210 0.00683475
v -0.04570700 -0.02677270 0.00679440
v -0.04184877 -0.03227856 0.00680964
v -0.04818910 -0.02227090 0.00681626
v -0.05276980 -0.00764677 0.00685923
v -0.05173890 -0.01266120 0.00684922
v -0.05335340 0.00000000 0.00686502
v 0.00000000 0.06887405 0.03519479
v 0.00331299 0.06376636 0.02633593
v -0.06504602 0.00150164 0.02212987
v -0.05379588 0.05295357 0.04294562
v -0.05301770 0.04961170 0.03765240
v -0.07201187 0.00164586 0.03265605
v -0.07141090 0.02962521 0.04305184
v -0.07496340 0.00343825 0.03767990
v -0.07624119 0.01601628 0.04306956
v -0.07756192 0.00895401 0.04307495
v -0.07447331 0.00858359 0.03762129
v -0.07418121 0.02293521 0.04306128
v -0.07320395 0.01535447 0.03761416
v -0.07122379 0.02198790 0.03760294
v -0.07123617 0.00821641 0.03225103
v -0.07002078 0.01469721 0.03224300
v -0.06812436 0.02104496 0.03222898
v -0.06855919 0.02840374 0.03758820
v -0.06382966 0.04210274 0.04301285
v -0.06794614 0.03604002 0.04303537
v -0.06523092 0.03455184 0.03756916
v -0.05909414 0.04776366 0.04298426
v -0.06127856 0.04036199 0.03754617
v -0.05672891 0.04578808 0.03751423
v -0.06557499 0.02718259 0.03221319
v -0.06238874 0.03306566 0.03219117
v -0.05860538 0.03862400 0.03216414
v -0.05425171 0.04381418 0.03212937
v -0.06830160 0.00314293 0.02701830
v -0.06785547 0.00785141 0.02697214
v -0.06669519 0.01404216 0.02696123
v -0.06488860 0.02010345 0.02694732
v -0.06433348 0.00748698 0.02178813
v -0.06323375 0.01338599 0.02177759
v -0.06151755 0.01916360 0.02175986
v -0.06245767 0.02596445 0.02692810
v -0.05942110 0.03158168 0.02690424
v -0.05581609 0.03688828 0.02687554
v -0.05166632 0.04184347 0.02683810
v -0.05921241 0.02474818 0.02174035
v -0.05632955 0.03010061 0.02171222
v -0.05290826 0.03515653 0.02168029
v -0.04897326 0.03987502 0.02164155
v -0.04938191 0.04857293 0.03208735
v -0.02505317 0.06547640 0.03642506
v -0.02868220 0.06485920 0.03763520
v -0.02988050 0.06766960 0.04313760
v -0.05034930 0.05199070 0.03765000
v -0.04169329 0.06173853 0.04282059
v -0.04797271 0.05763214 0.04289396
v -0.04604832 0.05524554 0.03742114
v -0.03500231 0.06523768 0.04271934
v -0.04002038 0.05918250 0.03735306
v -0.03359985 0.06254101 0.03726626
v -0.04403206 0.05286081 0.03203396
v -0.03826678 0.05662636 0.03196818
v -0.03212427 0.05983746 0.03188163
v -0.01330553 0.07201581 0.04278790
v -0.02077064 0.07046451 0.04283313
v -0.01909275 0.06467298 0.03206445
v -0.00571086 0.07288603 0.04277000
v -0.01223547 0.06610869 0.03204235
v -0.00525474 0.06691195 0.03203178
v -0.02337716 0.05617057 0.02038989
v -0.02611860 0.05924210 0.02690100
v -0.02742790 0.06204990 0.03222160
v -0.04702598 0.04638563 0.02679418
v -0.04192846 0.05047780 0.02673934
v -0.03643727 0.05407259 0.02667672
v -0.03058929 0.05714018 0.02659983
v -0.04457500 0.04419954 0.02159801
v -0.03974183 0.04809722 0.02154469
v -0.03453259 0.05151999 0.02148044
v -0.02898833 0.05443931 0.02140429
v -0.01723430 0.05881832 0.02153668
v -0.01104700 0.06012299 0.02151551
v -0.00474945 0.06085474 0.02150776
v -0.04316070 0.04105600 0.01662990
v -0.05751424 0.00135734 0.01200027
v -0.06106950 0.00284914 0.01673640
v -0.06067224 0.00712330 0.01670206
v -0.05963329 0.01273400 0.01669000
v -0.05801388 0.01822636 0.01667143
v -0.05687418 0.00676232 0.01171769
v -0.05589930 0.01208330 0.01170486
v -0.05437986 0.01729221 0.01168553
v -0.05583615 0.02353630 0.01664829
v -0.05311651 0.02862311 0.01661967
v -0.04988898 0.03342611 0.01658610
v -0.04617583 0.03790886 0.01654530
v -0.05233733 0.02232621 0.01166140
v -0.04978506 0.02714787 0.01163030
v -0.04675849 0.03169883 0.01159561
v -0.04327521 0.03594619 0.01155303
v -0.04925740 0.01993590 0.00682597
v -0.05231790 0.01016640 0.00685481
v -0.05309350 0.00510815 0.00686242
v -0.05328830 0.00255707 0.00686436
v -0.05276980 0.00764677 0.00685923
v -0.05103440 0.01512510 0.00684251
v -0.05173890 0.01266120 0.00684922
v -0.05020660 0.01755210 0.00683475
v -0.04429970 0.02892830 0.00678240
v -0.04700460 0.02455170 0.00680571
v -0.04818910 0.02227090 0.00681626
v -0.04570700 0.02677270 0.00679440
v -0.04116910 0.03302300 0.00675679
v -0.04278570 0.03101330 0.00676982
v -0.03945410 0.03495270 0.00674342
v -0.03938212 0.03983737 0.01150548
v -0.03764490 0.03679750 0.00672980
v -0.01924970 0.05179770 0.01152890
v -0.02475500 0.05643580 0.02167740
v -0.04098550 0.04301970 0.01661960
v -0.03746397 0.04571848 0.01644379
v -0.03255578 0.04896943 0.01638583
v -0.02732918 0.05174236 0.01631444
v -0.03510583 0.04334251 0.01145008
v -0.03050426 0.04641977 0.01139155
v -0.02560402 0.04904464 0.01132124
v -0.01114500 0.05395040 0.01150960
v -0.01658520 0.05264230 0.01152150
v -0.01388150 0.05336040 0.01151500
v -0.00559901 0.05473980 0.01150230
v -0.00838206 0.05441040 0.01150540
v -0.00014257 0.05734986 0.01532160
v -0.00280271 0.05493790 0.01150050
v -0.02955590 0.04324470 0.00667563
v -0.03376100 0.04021520 0.00670238
v -0.03574560 0.03855290 0.00671607
v -0.03169610 0.04178050 0.00668887
v -0.02507000 0.04585700 0.00665060
v -0.02734550 0.04460450 0.00666282
v -0.02186820 0.05082870 0.01153730
v -0.02273510 0.04699930 0.00663908
v 0.00280271 0.05493790 0.01150050
v 0.05411954 0.05064374 0.04028685
v 0.05434257 0.04605927 0.03485237
v 0.02921169 0.06619812 0.04019691
v 0.03132723 0.06201350 0.03476950
v 0.01439640 0.06799189 0.03598556
v 0.01652665 0.06192582 0.02634573
v 0.00720261 0.06899258 0.03599127
v 0.00996667 0.06314558 0.02632848
v 0.00383082 0.07317500 0.04313700
v 0.01145620 0.07246790 0.04313700
v 0.02145572 0.06634877 0.03600949
v 0.02414490 0.06323870 0.03221870
v 0.01897110 0.07106080 0.04313720
v 0.02669990 0.06043373 0.02914470
v 0.02630440 0.06896730 0.04313740
v 0.04250444 0.05956210 0.04025185
v 0.04366803 0.05509593 0.03480935
v 0.03605668 0.06317909 0.04023288
v 0.03767834 0.05883878 0.03479001
v 0.03338480 0.06620840 0.04313770
v 0.04014520 0.06281070 0.04313810
v 0.04854460 0.05536952 0.04026979
v 0.04924083 0.05082206 0.03483018
v 0.04651980 0.05880820 0.04313860
v 0.05244850 0.05423940 0.04313910
v 0.03885822 0.05451138 0.02943611
v 0.03295976 0.05781633 0.02940805
v 0.04438538 0.05067939 0.02946416
v 0.04948752 0.04635819 0.02949023
v 0.02839893 0.05652293 0.02413917
v 0.01143187 0.05672354 0.01599862
v 0.00633898 0.06079280 0.02165400
v 0.01877580 0.05845580 0.02166680
v 0.02179150 0.05751500 0.02167180
v 0.02397862 0.05480822 0.01870098
v 0.03959067 0.05022518 0.02418779
v 0.03415544 0.05363079 0.02415818
v 0.04464761 0.04633438 0.02421693
v 0.03489737 0.04947207 0.01900727
v 0.02959585 0.05246367 0.01897026
v 0.03986560 0.04600016 0.01904172
v 0.04445074 0.04208234 0.01907091
v 0.04927702 0.04199600 0.02424442
v 0.07077170 0.02739370 0.04035206
v 0.06912324 0.02309726 0.03492782
v 0.06366417 0.03978008 0.04031948
v 0.06294247 0.03525393 0.03489831
v 0.05917832 0.04543150 0.04030906
v 0.05892449 0.04085228 0.03487427
v 0.05787330 0.04914990 0.04313960
v 0.06274290 0.04358840 0.04314020
v 0.06754092 0.03374751 0.04033348
v 0.06635438 0.02931575 0.03491758
v 0.06700960 0.03761000 0.04314090
v 0.07063290 0.03127170 0.04314150
v 0.05822510 0.03641978 0.02953824
v 0.05411617 0.04158937 0.02951593
v 0.06177657 0.03089989 0.02956166
v 0.06473494 0.02508358 0.02958359
v 0.07515704 0.01396403 0.04037183
v 0.07265165 0.01006123 0.03495674
v 0.07331720 0.02077794 0.04036275
v 0.07123149 0.01665800 0.03494377
v 0.07357680 0.02463580 0.04314200
v 0.07581250 0.01776510 0.04314250
v 0.07627159 0.00701787 0.04038101
v 0.07731700 0.01072660 0.04314280
v 0.07655368 0.00351456 0.04038649
v 0.06875747 0.01278815 0.02961899
v 0.06706941 0.01902720 0.02960290
v 0.06977775 0.00642839 0.02962817
v 0.07003659 0.00322105 0.02963396
v 0.06270272 0.02106930 0.02434985
v 0.05708492 0.03215106 0.02430333
v 0.05343587 0.03725281 0.02427272
v 0.06018434 0.02673810 0.02432884
v 0.05231312 0.03307151 0.01913844
v 0.04861565 0.03775986 0.01910729
v 0.05550877 0.02806341 0.01916806
v 0.05817430 0.02278377 0.01919852
v 0.06590902 0.00917967 0.02438438
v 0.06461800 0.01519669 0.02436859
v 0.06179488 0.01161907 0.01923991
v 0.06027260 0.01728520 0.01921779
v 0.06271296 0.00584267 0.01925040
v 0.06294672 0.00292861 0.01925677
v 0.04379745 0.03794615 0.01403535
v 0.02522762 0.05103619 0.01389844
v 0.01388150 0.05336040 0.01151500
v 0.00559901 0.05473980 0.01150230
v 0.00838206 0.05441040 0.01150540
v 0.01794307 0.05238791 0.01174413
v 0.03517696 0.04536353 0.01395972
v 0.03034513 0.04843242 0.01392592
v 0.03967428 0.04185634 0.01399455
v 0.03050600 0.04443537 0.00887993
v 0.02598987 0.04711056 0.00894533
v 0.03627930 0.04254570 0.01160160
v 0.03903600 0.03775682 0.00900962
v 0.02034650 0.04802840 0.00662838
v 0.02198474 0.04811999 0.00768606
v 0.03169610 0.04178050 0.00668887
v 0.02734550 0.04460450 0.00666282
v 0.03462491 0.03959752 0.00678802
v 0.03945410 0.03495270 0.00674342
v 0.05575391 0.01905038 0.01416460
v 0.05074977 0.02906109 0.01410773
v 0.04750043 0.03366659 0.01407154
v 0.05350756 0.02417280 0.01413553
v 0.04585325 0.02973740 0.00904715
v 0.04423440 0.03492750 0.01164970
v 0.04858501 0.02548562 0.00914486
v 0.05108670 0.02038880 0.00914248
v 0.05860858 0.00830428 0.01420234
v 0.05745955 0.01374388 0.01418636
v 0.05420219 0.01067798 0.00921308
v 0.05284334 0.01589927 0.00924708
v 0.05497069 0.00536181 0.00913041
v 0.05521638 0.00256126 0.00916727
v 0.05020660 0.01755210 0.00683475
v 0.04570700 0.02677270 0.00679440
v 0.04184877 0.03227856 0.00680964
v 0.04818910 0.02227090 0.00681626
v 0.05276980 0.00764677 0.00685923
v 0.05173890 0.01266120 0.00684922
v -0.08766815 0.00000000 0.06236907
v -0.09238183 -0.00000000 0.07402810
v -0.09565110 0.00000000 0.08347050
v -0.09246512 0.00440413 0.07454844
v -0.08742673 0.03573888 0.08059356
v -0.08370446 0.03842154 0.07463926
v -0.09287084 0.01827600 0.08060290
v -0.08980893 0.02182387 0.07458435
v -0.09422971 0.00937334 0.08057516
v -0.09157759 0.01317572 0.07456320
v -0.09553580 0.00463243 0.08347150
v -0.09461700 0.01385390 0.08347980
v -0.09052571 0.02724699 0.08052777
v -0.08717489 0.03026496 0.07460618
v -0.09278870 0.02294300 0.08349580
v -0.09006840 0.03181410 0.08351830
v -0.07869295 0.05175577 0.08065825
v -0.07438398 0.05355963 0.07469959
v -0.08349847 0.04387704 0.08061892
v -0.07942612 0.04621061 0.07466720
v -0.08648230 0.04038130 0.08354630
v -0.08206420 0.04856340 0.08357820
v -0.07313990 0.05907254 0.08064588
v -0.07685640 0.05628080 0.08361270
v -0.07013974 0.06249650 0.08067219
v -0.06696804 0.06577230 0.08068549
v -0.06220311 0.06665279 0.07475830
v -0.03629356 0.08593005 0.08073091
v -0.03121121 0.08473970 0.07480183
v -0.05257839 0.07741876 0.08079795
v -0.04762598 0.07718460 0.07479566
v -0.06012392 0.07182677 0.08062030
v -0.05518210 0.07227057 0.07478723
v -0.06427550 0.07003020 0.08368310
v -0.05702220 0.07592860 0.08371650
v -0.04466937 0.08211704 0.08088457
v -0.03961034 0.08136007 0.07481099
v -0.04921800 0.08109650 0.08374700
v -0.04093680 0.08548390 0.08377380
v -0.01849430 0.09163994 0.08151499
v -0.01359311 0.08900096 0.07473827
v -0.02748333 0.08933484 0.08132832
v -0.02251036 0.08730010 0.07478717
v -0.03225940 0.08904700 0.08379610
v -0.02326850 0.09175090 0.08381330
v -0.00930464 0.09276532 0.08109538
v -0.00231550 0.09279102 0.08026244
v -0.01405240 0.09356840 0.08382500
v -0.00469915 0.09448180 0.08383090
v -0.06387915 0.06144347 0.06884231
v -0.08778670 0.00410481 0.06288211
v -0.08344617 0.03321546 0.06874447
v -0.08858082 0.01692351 0.06870155
v -0.08987958 0.00850036 0.06868760
v -0.08642871 0.02518784 0.06872033
v -0.07510588 0.04824923 0.06879356
v -0.07965795 0.04092564 0.06876466
v -0.06982892 0.05510999 0.06881888
v -0.06693457 0.05834574 0.06882915
v -0.07945458 0.03581099 0.06293852
v -0.08525919 0.02033923 0.06290527
v -0.08694225 0.01227959 0.06289278
v -0.08275482 0.02820873 0.06292029
v -0.07059920 0.04992505 0.06297826
v -0.07539007 0.04307420 0.06295983
v -0.05903077 0.06213421 0.06301602
v -0.03457515 0.08033046 0.06888281
v -0.05019391 0.07227855 0.06887309
v -0.05731332 0.06718596 0.06886334
v -0.04259100 0.07667885 0.06888921
v -0.01762460 0.08526521 0.06883777
v -0.02622604 0.08320167 0.06886584
v -0.00885499 0.08649312 0.06878651
v -0.00443347 0.08679813 0.06876759
v -0.02961168 0.07899674 0.06302445
v -0.04519104 0.07195376 0.06303343
v -0.05236324 0.06736984 0.06302853
v -0.03758265 0.07584402 0.06303519
v -0.01289554 0.08296886 0.06295831
v -0.02135511 0.08137941 0.06299825
v 0.00459800 0.09143650 0.07781920
v 0.00469915 0.09448180 0.08383090
v 0.00000000 0.09459640 0.08383160
v 0.03849516 0.08634225 0.08325499
v 0.02091370 0.09253256 0.08420133
v 0.01142608 0.09359135 0.08313065
v 0.01148106 0.09039446 0.07686110
v 0.03225940 0.08904700 0.08379610
v 0.02779760 0.09050810 0.08380530
v 0.02053141 0.08902425 0.07718870
v 0.02939863 0.08672166 0.07738143
v 0.05318450 0.07860730 0.08373220
v 0.05467065 0.07622453 0.08110832
v 0.04921800 0.08109650 0.08374700
v 0.04467166 0.08219555 0.08103241
v 0.03797433 0.08355065 0.07750613
v 0.04816280 0.07848080 0.07774850
v 0.06260424 0.07143179 0.08350868
v 0.05580150 0.07347870 0.07772270
v 0.06119434 0.06920962 0.07757240
v 0.06931274 0.06535611 0.08391280
v 0.08923662 0.03394298 0.08335953
v 0.08087625 0.05035697 0.08334192
v 0.07546579 0.05804768 0.08348411
v 0.06784292 0.06301673 0.07755953
v 0.07383985 0.05621143 0.07753785
v 0.08648230 0.04038130 0.08354630
v 0.08437460 0.04452550 0.08356180
v 0.07912077 0.04887575 0.07751645
v 0.08364456 0.04106021 0.07748902
v 0.09430457 0.01615249 0.08356736
v 0.09214813 0.02526276 0.08335999
v 0.08735904 0.03286667 0.07746685
v 0.09023666 0.02434704 0.07744292
v 0.09535943 0.00696864 0.08329470
v 0.09224493 0.01560794 0.07742579
v 0.09565110 0.00000000 0.08347050
v 0.09336663 0.00671068 0.07741128
v 0.00226152 0.08958044 0.07396993
v 0.01120518 0.08737141 0.07092462
v 0.02003768 0.08603743 0.07122009
v 0.02869626 0.08381470 0.07141275
v 0.03707076 0.08075248 0.07154138
v 0.04509428 0.07687093 0.07159923
v 0.05267272 0.07224257 0.07163284
v 0.05975004 0.06690019 0.07164025
v 0.00220312 0.08639860 0.06780000
v 0.01090946 0.08436491 0.06508246
v 0.01951069 0.08305656 0.06532622
v 0.02794480 0.08091275 0.06551639
v 0.03610308 0.07795526 0.06564048
v 0.04392040 0.07421593 0.06571493
v 0.05130476 0.06974855 0.06575382
v 0.05820266 0.06458704 0.06576263
v 0.06624411 0.06091656 0.07163733
v 0.07210332 0.05433617 0.07162018
v 0.07726347 0.04724368 0.07160384
v 0.08168423 0.03968780 0.07158214
v 0.08531488 0.03176643 0.07156470
v 0.08812792 0.02353069 0.07154591
v 0.09009116 0.01508456 0.07153222
v 0.09362980 0.00000000 0.07751570
v 0.09118796 0.00648407 0.07151973
v 0.08231240 0.03263600 0.06581540
v 0.07407790 0.04740060 0.06584930
v 0.06887010 0.05413790 0.06586810
v 0.06453064 0.05881310 0.06577006
v 0.07156020 0.05082990 0.06585860
v 0.07857260 0.04020990 0.06583150
v 0.07641710 0.04385770 0.06584020
v 0.08053940 0.03646630 0.06582320
v 0.08738780 0.01663220 0.06579140
v 0.08525990 0.02475150 0.06580180
v 0.08388700 0.02872800 0.06580820
v 0.08642790 0.02071620 0.06579620
v 0.08867330 0.00835534 0.06578490
v 0.08813670 0.01250870 0.06578760
v 0.09144690 0.00000000 0.07161830
v 0.08899610 0.00418240 0.06578320
v -0.00000000 0.08240310 0.06015460
v -0.08256931 0.00000000 0.05148479
v -0.06031852 0.05713166 0.05723454
v -0.08249338 0.00349447 0.05148411
v -0.07881523 0.03088277 0.05718508
v -0.08367227 0.01573348 0.05715809
v -0.08490225 0.00790288 0.05715095
v -0.08163627 0.02341824 0.05717029
v -0.07092910 0.04486300 0.05721180
v -0.07523374 0.03805356 0.05719776
v -0.06594065 0.05124203 0.05722253
v -0.06320563 0.05425181 0.05722848
v -0.07476507 0.03296744 0.05152567
v -0.08017851 0.01857074 0.05150423
v -0.08173182 0.01108187 0.05149443
v -0.07784932 0.02589072 0.05151616
v -0.06646350 0.04612025 0.05155215
v -0.07095788 0.03973339 0.05153879
v -0.05559038 0.05750762 0.05157365
v -0.03263875 0.07468888 0.05722796
v -0.04738975 0.06720841 0.05724588
v -0.05411494 0.06247211 0.05724447
v -0.04020861 0.07129728 0.05724746
v -0.01663659 0.07928762 0.05719777
v -0.02475653 0.07736697 0.05722326
v -0.00835832 0.08042256 0.05713645
v -0.00418499 0.08070685 0.05711994
v -0.02790930 0.07323829 0.05155808
v -0.04256913 0.06667143 0.05158182
v -0.04931807 0.06239343 0.05158083
v -0.03540886 0.07029798 0.05157339
v -0.01218775 0.07694040 0.05148198
v -0.02014233 0.07546235 0.05153215
v -0.05733170 0.05390420 0.04871060
v -0.07493390 0.02914650 0.04869560
v -0.07956570 0.01485330 0.04869080
v -0.08073980 0.00746158 0.04868940
v -0.07762330 0.02210470 0.04869280
v -0.06742540 0.04233300 0.04870260
v -0.07152320 0.03591090 0.04869890
v -0.06267940 0.04835000 0.04870650
v -0.06007760 0.05118860 0.04870860
v -0.03102220 0.07048130 0.04872470
v -0.04504040 0.06341080 0.04871830
v -0.05143290 0.05894060 0.04871460
v -0.03821480 0.06727000 0.04872170
v -0.01581440 0.07483800 0.04872890
v -0.02353130 0.07301190 0.04872710
v -0.00794537 0.07594050 0.04873000
v -0.00397735 0.07621720 0.04873030
v -0.00000000 0.07630960 0.04873040
v 0.00207423 0.08009484 0.05579088
v 0.06121960 0.05820450 0.06008880
v 0.00424827 0.08230330 0.06015430
v 0.01689130 0.08081360 0.06014980
v 0.00848654 0.08200440 0.06015340
v 0.01270440 0.08150750 0.06015190
v 0.02513310 0.07884100 0.06014400
v 0.02103740 0.07992390 0.06014720
v 0.02916820 0.07756790 0.06014030
v 0.04810020 0.06847120 0.06011490
v 0.04081290 0.07263920 0.06012630
v 0.03507056 0.07516728 0.05982175
v 0.04451030 0.07064020 0.06012080
v 0.05492400 0.06364350 0.06010230
v 0.05157410 0.06613690 0.06010870
v 0.05814180 0.06099720 0.06009560
v 0.03210660 0.07329400 0.05439230
v 0.01636770 0.07782540 0.05440120
v 0.00822338 0.07897220 0.05440350
v 0.01231050 0.07849370 0.05440260
v 0.02435420 0.07592600 0.05439750
v 0.02038540 0.07696880 0.05439950
v 0.02826450 0.07470010 0.05439510
v 0.04661260 0.06594030 0.05437860
v 0.03954970 0.06995400 0.05438600
v 0.03587120 0.07171050 0.05438930
v 0.04313310 0.06802910 0.05438240
v 0.05322680 0.06129120 0.05437050
v 0.04997970 0.06369250 0.05437460
v 0.05634610 0.05874280 0.05436620
v 0.06414970 0.05527200 0.06008190
v 0.05932960 0.05605350 0.05436190
v 0.07999610 0.03147110 0.06003670
v 0.07198890 0.04570940 0.06006130
v 0.06692580 0.05220670 0.06007500
v 0.06954100 0.04901660 0.06006810
v 0.07635930 0.03877490 0.06004840
v 0.07426330 0.04229270 0.06005470
v 0.07827190 0.03516480 0.06004240
v 0.08493290 0.01603810 0.06001940
v 0.08286290 0.02386770 0.06002690
v 0.08152760 0.02770240 0.06003150
v 0.08399910 0.01997640 0.06002280
v 0.08618370 0.00805683 0.06001470
v 0.08566160 0.01206180 0.06001670
v 0.08910400 0.00000000 0.06578260
v 0.08649780 0.00403296 0.06001350
v 0.07753600 0.03030790 0.05432870
v 0.06977080 0.04402020 0.05434430
v 0.06486170 0.05027740 0.05435300
v 0.06217030 0.05322930 0.05435740
v 0.06739730 0.04720510 0.05434860
v 0.07400890 0.03734190 0.05433610
v 0.07197630 0.04072970 0.05434010
v 0.07586370 0.03386510 0.05433230
v 0.08232490 0.01544520 0.05431770
v 0.08031680 0.02298540 0.05432250
v 0.07902140 0.02667850 0.05432540
v 0.08141890 0.01923790 0.05431990
v 0.08353850 0.00775890 0.05431480
v 0.08303190 0.01161580 0.05431600
v 0.08660290 0.00000000 0.06001300
v 0.08384340 0.00388380 0.05431400
v 0.05733170 0.05390420 0.04871060
v 0.03102220 0.07048130 0.04872470
v 0.01581440 0.07483800 0.04872890
v 0.00794537 0.07594050 0.04873000
v 0.00397735 0.07621720 0.04873030
v 0.01189430 0.07548050 0.04872950
v 0.02353130 0.07301190 0.04872710
v 0.01969640 0.07401440 0.04872810
v 0.02730970 0.07183320 0.04872600
v 0.04504040 0.06341080 0.04871830
v 0.03821480 0.06727000 0.04872170
v 0.03466000 0.06895890 0.04872330
v 0.04167780 0.06541920 0.04872010
v 0.05143290 0.05894060 0.04871460
v 0.04829460 0.06124950 0.04871650
v 0.05444780 0.05649020 0.04871260
v 0.07493390 0.02914650 0.04869560
v 0.06742540 0.04233300 0.04870260
v 0.06267940 0.04835000 0.04870650
v 0.06007760 0.05118860 0.04870860
v 0.06513070 0.04539570 0.04870460
v 0.07152320 0.03591090 0.04869890
v 0.06955780 0.03916880 0.04870070
v 0.07331680 0.03256740 0.04869720
v 0.07956570 0.01485330 0.04869080
v 0.07762330 0.02210470 0.04869280
v 0.07637050 0.02565620 0.04869410
v 0.07868940 0.01850080 0.04869170
v 0.08073980 0.00746158 0.04868940
v 0.08024970 0.01117070 0.04869000
v 0.08394530 0.00000000 0.05431380
v 0.08103480 0.00373496 0.04868910
v 0.08649780 -0.00403296 0.06001350
v 0.09133630 -0.00433214 0.07161900
v 0.09351670 -0.00448215 0.07751660
v 0.09381590 -0.01842040 0.08348690
v 0.09183080 -0.01782340 0.07752960
v 0.09082430 -0.02219960 0.07753710
v 0.09519070 -0.00925416 0.08347470
v 0.09317840 -0.00895403 0.07751930
v 0.09261600 -0.01340470 0.07752360
v 0.09553580 -0.00463243 0.08347150
v 0.09461700 -0.01385390 0.08347980
v 0.09153850 -0.02741120 0.08350630
v 0.08959920 -0.02652330 0.07754590
v 0.08815890 -0.03078390 0.07755610
v 0.09278870 -0.02294300 0.08349580
v 0.09006840 -0.03181410 0.08351830
v 0.08650670 -0.03497100 0.07756730
v 0.08838180 -0.03614090 0.08353170
v 0.08464610 -0.03907460 0.07757960
v 0.07955630 -0.05248500 0.08359520
v 0.07786290 -0.05078850 0.07762080
v 0.07521910 -0.05446210 0.07763540
v 0.08437460 -0.04452550 0.08356180
v 0.08258170 -0.04308520 0.07759270
v 0.08031890 -0.04699310 0.07760650
v 0.08648230 -0.04038130 0.08354630
v 0.08206420 -0.04856340 0.08357820
v 0.07397110 -0.05994210 0.08363030
v 0.07239400 -0.05800570 0.07765030
v 0.06939470 -0.06141050 0.07766520
v 0.07685640 -0.05628080 0.08361270
v 0.07090770 -0.06345990 0.08364810
v 0.06622820 -0.06466780 0.07768010
v 0.08448310 -0.03380270 0.07166040
v 0.08266460 -0.03776960 0.07167040
v 0.08899610 -0.00418240 0.06578320
v 0.08968760 -0.01722730 0.07162960
v 0.08870350 -0.02145730 0.07163570
v 0.09100540 -0.00865441 0.07162120
v 0.09045540 -0.01295630 0.07162470
v 0.08750580 -0.02563670 0.07164290
v 0.08609800 -0.02975520 0.07165120
v 0.08738780 -0.01663220 0.06579140
v 0.08642790 -0.02071620 0.06579620
v 0.08867330 -0.00835534 0.06578490
v 0.08813670 -0.01250870 0.06578760
v 0.08525990 -0.02475150 0.06580180
v 0.08388700 -0.02872800 0.06580820
v 0.08231240 -0.03263600 0.06581540
v 0.08053940 -0.03646630 0.06582320
v 0.07603640 -0.04909360 0.07170390
v 0.07345330 -0.05264510 0.07171590
v 0.08064720 -0.04164660 0.07168110
v 0.07843610 -0.04542450 0.07169230
v 0.07069330 -0.05607090 0.07172800
v 0.06776320 -0.05936260 0.07174020
v 0.06467010 -0.06251180 0.07175230
v 0.07407790 -0.04740060 0.06584930
v 0.07156020 -0.05082990 0.06585860
v 0.07857260 -0.04020990 0.06583150
v 0.07641710 -0.04385770 0.06584020
v 0.06887010 -0.05413790 0.06586810
v 0.06601450 -0.05731640 0.06587760
v 0.06300020 -0.06035730 0.06588710
v 0.06142080 -0.06551070 0.07176430
v 0.06767350 -0.06682540 0.08366570
v 0.06290170 -0.06776970 0.07769470
v 0.05318450 -0.07860730 0.08373220
v 0.05204520 -0.07607150 0.07773590
v 0.04816280 -0.07848080 0.07774850
v 0.06072210 -0.07306710 0.08370010
v 0.05942330 -0.07070910 0.07770890
v 0.05580150 -0.07347870 0.07772270
v 0.06427550 -0.07003020 0.08368310
v 0.05702220 -0.07592860 0.08371650
v 0.04513200 -0.08339060 0.08376090
v 0.04416380 -0.08070130 0.07776020
v 0.04005810 -0.08272740 0.07777100
v 0.04921800 -0.08109650 0.08374700
v 0.04093680 -0.08548390 0.08377380
v 0.03585560 -0.08455400 0.07778090
v 0.03002010 -0.08043660 0.06595740
v 0.03156620 -0.08617610 0.07778980
v 0.03500790 -0.08173770 0.07183480
v 0.05983390 -0.06325320 0.06589640
v 0.05081750 -0.07353680 0.07179800
v 0.04702600 -0.07586620 0.07180820
v 0.05802330 -0.06835250 0.07177590
v 0.05448600 -0.07103010 0.07178720
v 0.04312080 -0.07801290 0.07181780
v 0.03911150 -0.07997180 0.07182670
v 0.04950220 -0.07100340 0.06592280
v 0.04580820 -0.07325260 0.06593080
v 0.05652320 -0.06599720 0.06590550
v 0.05307650 -0.06858290 0.06591430
v 0.04200350 -0.07532550 0.06593830
v 0.03809770 -0.07721710 0.06594530
v 0.03410010 -0.07892220 0.06595170
v 0.01828120 -0.08978150 0.07780980
v 0.01738500 -0.08380230 0.06597040
v 0.01307580 -0.08452190 0.06597320
v 0.02720010 -0.08759030 0.07779760
v 0.02586730 -0.08175680 0.06596250
v 0.02165220 -0.08287970 0.06596680
v 0.02276810 -0.08879320 0.07780430
v 0.00918511 -0.09110450 0.07781730
v 0.00873466 -0.08503730 0.06597520
v 0.00437249 -0.08534720 0.06597640
v 0.01375000 -0.09055240 0.07781420
v 0.00459800 -0.09143650 0.07781920
v -0.00000000 -0.08545070 0.06597680
v 0.06121960 -0.05820450 0.06008880
v 0.05814180 -0.06099720 0.06009560
v 0.08113340 0.00000000 0.04868900
v 0.08103480 -0.00373496 0.04868910
v 0.07999610 -0.03147110 0.06003670
v 0.07827190 -0.03516480 0.06004240
v 0.08384340 -0.00388380 0.05431400
v 0.08493290 -0.01603810 0.06001940
v 0.08399910 -0.01997640 0.06002280
v 0.08618370 -0.00805683 0.06001470
v 0.08566160 -0.01206180 0.06001670
v 0.08286290 -0.02386770 0.06002690
v 0.08152760 -0.02770240 0.06003150
v 0.08232490 -0.01544520 0.05431770
v 0.08141890 -0.01923790 0.05431990
v 0.08353850 -0.00775890 0.05431480
v 0.08303190 -0.01161580 0.05431600
v 0.08031680 -0.02298540 0.05432250
v 0.07902140 -0.02667850 0.05432540
v 0.07753600 -0.03030790 0.05432870
v 0.07586370 -0.03386510 0.05433230
v 0.07198890 -0.04570940 0.06006130
v 0.06954100 -0.04901660 0.06006810
v 0.07635930 -0.03877490 0.06004840
v 0.07426330 -0.04229270 0.06005470
v 0.06692580 -0.05220670 0.06007500
v 0.06414970 -0.05527200 0.06008190
v 0.06977080 -0.04402020 0.05434430
v 0.06739730 -0.04720510 0.05434860
v 0.07400890 -0.03734190 0.05433610
v 0.07197630 -0.04072970 0.05434010
v 0.06486170 -0.05027740 0.05435300
v 0.06217030 -0.05322930 0.05435740
v 0.05932960 -0.05605350 0.05436190
v 0.07493390 -0.02914650 0.04869560
v 0.07331680 -0.03256740 0.04869720
v 0.07956570 -0.01485330 0.04869080
v 0.07868940 -0.01850080 0.04869170
v 0.08073980 -0.00746158 0.04868940
v 0.08024970 -0.01117070 0.04869000
v 0.07762330 -0.02210470 0.04869280
v 0.07637050 -0.02565620 0.04869410
v 0.06742540 -0.04233300 0.04870260
v 0.06513070 -0.04539570 0.04870460
v 0.07152320 -0.03591090 0.04869890
v 0.06955780 -0.03916880 0.04870070
v 0.06267940 -0.04835000 0.04870650
v 0.06007760 -0.05118860 0.04870860
v 0.05733170 -0.05390420 0.04871060
v 0.05444780 -0.05649020 0.04871260
v 0.02826450 -0.07470010 0.05439510
v 0.03313270 -0.07610760 0.06013610
v 0.05634610 -0.05874280 0.05436620
v 0.04810020 -0.06847120 0.06011490
v 0.04451030 -0.07064020 0.06012080
v 0.05492400 -0.06364350 0.06010230
v 0.05157410 -0.06613690 0.06010870
v 0.04081290 -0.07263920 0.06012630
v 0.03701730 -0.07446330 0.06013140
v 0.04661260 -0.06594030 0.05437860
v 0.04313310 -0.06802910 0.05438240
v 0.05322680 -0.06129120 0.05437050
v 0.04997970 -0.06369250 0.05437460
v 0.03954970 -0.06995400 0.05438600
v 0.03587120 -0.07171050 0.05438930
v 0.03210660 -0.07329400 0.05439230
v 0.01636770 -0.07782540 0.05440120
v 0.01231050 -0.07849370 0.05440260
v 0.02435420 -0.07592600 0.05439750
v 0.02038540 -0.07696880 0.05439950
v 0.00822338 -0.07897220 0.05440350
v 0.00411652 -0.07926000 0.05440410
v -0.00000000 -0.07935610 0.05440430
v 0.03102220 -0.07048130 0.04872470
v 0.04504040 -0.06341080 0.04871830
v 0.04167780 -0.06541920 0.04872010
v 0.05143290 -0.05894060 0.04871460
v 0.04829460 -0.06124950 0.04871650
v 0.03821480 -0.06727000 0.04872170
v 0.03466000 -0.06895890 0.04872330
v -0.00437249 -0.08534720 0.06597640
v -0.00459800 -0.09143650 0.07781920
v -0.00000000 -0.09154740 0.07781980
v -0.04093680 -0.08548390 0.08377380
v -0.03664260 -0.08737110 0.08378550
v -0.03585560 -0.08455400 0.07778090
v -0.05702220 -0.07592860 0.08371650
v -0.05318450 -0.07860730 0.08373220
v -0.05204520 -0.07607150 0.07773590
v -0.04921800 -0.08109650 0.08374700
v -0.04513200 -0.08339060 0.08376090
v -0.04416380 -0.08070130 0.07776020
v -0.04005810 -0.08272740 0.07777100
v -0.04816280 -0.07848080 0.07774850
v -0.06427550 -0.07003020 0.08368310
v -0.06072210 -0.07306710 0.08370010
v -0.05942330 -0.07070910 0.07770890
v -0.05580150 -0.07347870 0.07772270
v -0.06767350 -0.06682540 0.08366570
v -0.06290170 -0.06776970 0.07769470
v -0.03500790 -0.08173770 0.07183480
v -0.02276810 -0.08879320 0.07780430
v -0.01828120 -0.08978150 0.07780980
v -0.01738500 -0.08380230 0.06597040
v -0.01375000 -0.09055240 0.07781420
v -0.00918511 -0.09110450 0.07781730
v -0.00873466 -0.08503730 0.06597520
v -0.01307580 -0.08452190 0.06597320
v -0.03156620 -0.08617610 0.07778980
v -0.02720010 -0.08759030 0.07779760
v -0.02586730 -0.08175680 0.06596250
v -0.02165220 -0.08287970 0.06596680
v -0.03002010 -0.08043660 0.06595740
v -0.03410010 -0.07892220 0.06595170
v -0.03911150 -0.07997180 0.07182670
v -0.05081750 -0.07353680 0.07179800
v -0.04312080 -0.07801290 0.07181780
v -0.04702600 -0.07586620 0.07180820
v -0.05802330 -0.06835250 0.07177590
v -0.05448600 -0.07103010 0.07178720
v -0.06622820 -0.06466780 0.07768010
v -0.06142080 -0.06551070 0.07176430
v -0.04950220 -0.07100340 0.06592280
v -0.04200350 -0.07532550 0.06593830
v -0.03809770 -0.07721710 0.06594530
v -0.04580820 -0.07325260 0.06593080
v -0.05652320 -0.06599720 0.06590550
v -0.05307650 -0.06858290 0.06591430
v -0.06467010 -0.06251180 0.07175230
v -0.05983390 -0.06325320 0.06589640
v -0.06939470 -0.06141050 0.07766520
v -0.07090770 -0.06345990 0.08364810
v -0.08206420 -0.04856340 0.08357820
v -0.07955630 -0.05248500 0.08359520
v -0.07786290 -0.05078850 0.07762080
v -0.07685640 -0.05628080 0.08361270
v -0.07397110 -0.05994210 0.08363030
v -0.07239400 -0.05800570 0.07765030
v -0.07521910 -0.05446210 0.07763540
v -0.08648230 -0.04038130 0.08354630
v -0.08437460 -0.04452550 0.08356180
v -0.08258170 -0.04308520 0.07759270
v -0.08031890 -0.04699310 0.07760650
v -0.08838180 -0.03614090 0.08353170
v -0.08464610 -0.03907460 0.07757960
v -0.09006840 -0.03181410 0.08351830
v -0.08650670 -0.03497100 0.07756730
v -0.09461700 -0.01385390 0.08347980
v -0.09381590 -0.01842040 0.08348690
v -0.09183080 -0.01782340 0.07752960
v -0.09278870 -0.02294300 0.08349580
v -0.09153850 -0.02741120 0.08350630
v -0.08959920 -0.02652330 0.07754590
v -0.08815890 -0.03078390 0.07755610
v -0.09082430 -0.02219960 0.07753710
v -0.09553580 -0.00463243 0.08347150
v -0.09519070 -0.00925416 0.08347470
v -0.09317840 -0.00895403 0.07751930
v -0.09261600 -0.01340470 0.07752360
v -0.09351670 -0.00448215 0.07751660
v -0.08448310 -0.03380270 0.07166040
v -0.06776320 -0.05936260 0.07174020
v -0.06300020 -0.06035730 0.06588710
v -0.07603640 -0.04909360 0.07170390
v -0.07069330 -0.05607090 0.07172800
v -0.07345330 -0.05264510 0.07171590
v -0.08064720 -0.04164660 0.07168110
v -0.07843610 -0.04542450 0.07169230
v -0.08266460 -0.03776960 0.07167040
v -0.07407790 -0.04740060 0.06584930
v -0.06887010 -0.05413790 0.06586810
v -0.06601450 -0.05731640 0.06587760
v -0.07156020 -0.05082990 0.06585860
v -0.07857260 -0.04020990 0.06583150
v -0.07641710 -0.04385770 0.06584020
v -0.08053940 -0.03646630 0.06582320
v -0.08609800 -0.02975520 0.07165120
v -0.08231240 -0.03263600 0.06581540
v -0.08968760 -0.01722730 0.07162960
v -0.08750580 -0.02563670 0.07164290
v -0.08870350 -0.02145730 0.07163570
v -0.09100540 -0.00865441 0.07162120
v -0.09045540 -0.01295630 0.07162470
v -0.09133630 -0.00433214 0.07161900
v -0.08738780 -0.01663220 0.06579140
v -0.08525990 -0.02475150 0.06580180
v -0.08388700 -0.02872800 0.06580820
v -0.08642790 -0.02071620 0.06579620
v -0.08867330 -0.00835534 0.06578490
v -0.08813670 -0.01250870 0.06578760
v -0.08899610 -0.00418240 0.06578320
v -0.06121960 -0.05820450 0.06008880
v -0.03313270 -0.07610760 0.06013610
v -0.01636770 -0.07782540 0.05440120
v -0.00822338 -0.07897220 0.05440350
v -0.00411652 -0.07926000 0.05440410
v -0.01231050 -0.07849370 0.05440260
v -0.02435420 -0.07592600 0.05439750
v -0.02038540 -0.07696880 0.05439950
v -0.02826450 -0.07470010 0.05439510
v -0.03210660 -0.07329400 0.05439230
v -0.03701730 -0.07446330 0.06013140
v -0.04810020 -0.06847120 0.06011490
v -0.04081290 -0.07263920 0.06012630
v -0.04451030 -0.07064020 0.06012080
v -0.05492400 -0.06364350 0.06010230
v -0.05157410 -0.06613690 0.06010870
v -0.05814180 -0.06099720 0.06009560
v -0.04661260 -0.06594030 0.05437860
v -0.03954970 -0.06995400 0.05438600
v -0.03587120 -0.07171050 0.05438930
v -0.04313310 -0.06802910 0.05438240
v -0.05322680 -0.06129120 0.05437050
v -0.04997970 -0.06369250 0.05437460
v -0.05634610 -0.05874280 0.05436620
v -0.03102220 -0.07048130 0.04872470
v -0.04504040 -0.06341080 0.04871830
v -0.03821480 -0.06727000 0.04872170
v -0.03466000 -0.06895890 0.04872330
v -0.04167780 -0.06541920 0.04872010
v -0.05143290 -0.05894060 0.04871460
v -0.04829460 -0.06124950 0.04871650
v -0.05932960 -0.05605350 0.05436190
v -0.05444780 -0.05649020 0.04871260
v -0.06217030 -0.05322930 0.05435740
v -0.05733170 -0.05390420 0.04871060
v -0.07999610 -0.03147110 0.06003670
v -0.06414970 -0.05527200 0.06008190
v -0.07198890 -0.04570940 0.06006130
v -0.06692580 -0.05220670 0.06007500
v -0.06954100 -0.04901660 0.06006810
v -0.07635930 -0.03877490 0.06004840
v -0.07426330 -0.04229270 0.06005470
v -0.07827190 -0.03516480 0.06004240
v -0.06977080 -0.04402020 0.05434430
v -0.06486170 -0.05027740 0.05435300
v -0.06739730 -0.04720510 0.05434860
v -0.07400890 -0.03734190 0.05433610
v -0.07197630 -0.04072970 0.05434010
v -0.07586370 -0.03386510 0.05433230
v -0.08152760 -0.02770240 0.06003150
v -0.07753600 -0.03030790 0.05432870
v -0.08493290 -0.01603810 0.06001940
v -0.08286290 -0.02386770 0.06002690
v -0.08399910 -0.01997640 0.06002280
v -0.08618370 -0.00805683 0.06001470
v -0.08566160 -0.01206180 0.06001670
v -0.08649780 -0.00403296 0.06001350
v -0.08232490 -0.01544520 0.05431770
v -0.08031680 -0.02298540 0.05432250
v -0.07902140 -0.02667850 0.05432540
v -0.08141890 -0.01923790 0.05431990
v -0.08353850 -0.00775890 0.05431480
v -0.08303190 -0.01161580 0.05431600
v -0.08384340 -0.00388380 0.05431400
v -0.07493390 -0.02914650 0.04869560
v -0.06742540 -0.04233300 0.04870260
v -0.06267940 -0.04835000 0.04870650
v -0.06007760 -0.05118860 0.04870860
v -0.06513070 -0.04539570 0.04870460
v -0.07152320 -0.03591090 0.04869890
v -0.06955780 -0.03916880 0.04870070
v -0.07331680 -0.03256740 0.04869720
v -0.07956570 -0.01485330 0.04869080
v -0.07762330 -0.02210470 0.04869280
v -0.07637050 -0.02565620 0.04869410
v -0.07868940 -0.01850080 0.04869170
v -0.08073980 -0.00746158 0.04868940
v -0.08024970 -0.01117070 0.04869000
v -0.08103480 -0.00373496 0.04868910
v 0.03664260 -0.08737110 0.08378550
v -0.02034650 0.04802840 0.00662838
f 3 10 1
f 10 11 2
f 8 6 5
f 11 10 15
f 2 1 10
f 7 8 5
f 30 33 31
f 14 44 11
f 16 7 5
f 20 18 5
f 22 23 5
f 28 26 25
f 31 32 30
f 37 33 34
f 43 41 38
f 15 14 11
f 47 12 5
f 49 46 5
f 17 16 5
f 18 52 5
f 54 22 5
f 56 57 25
f 29 28 25
f 32 60 30
f 42 43 38
f 38 25 62
f 12 11 5
f 50 49 5
f 52 17 5
f 66 21 5
f 55 54 5
f 57 85 25
f 69 29 25
f 71 68 25
f 73 39 30
f 37 88 33
f 74 89 38
f 77 75 38
f 62 42 38
f 46 47 5
f 21 20 5
f 80 94 5
f 81 79 5
f 83 55 5
f 58 56 25
f 87 86 25
f 68 69 25
f 25 38 98
f 60 73 30
f 75 74 38
f 91 90 38
f 41 93 38
f 6 50 5
f 23 81 5
f 96 84 5
f 86 58 25
f 98 71 25
f 89 30 38
f 93 91 38
f 94 66 5
f 84 83 5
f 26 87 25
f 90 77 38
f 79 80 5
f 99 96 5
f 39 38 30
f 99 25 85
f 44 5 11
f 413 101 100
f 414 415 105
f 419 471 410
f 471 713 410
f 428 427 410
f 429 425 426
f 432 431 424
f 433 423 430
f 438 437 422
f 439 435 436
f 442 441 434
f 443 421 440
f 450 449 420
f 451 447 448
f 454 453 446
f 455 445 452
f 460 459 444
f 461 457 458
f 464 463 456
f 417 484 462
f 465 466 420
f 466 421 420
f 467 468 422
f 468 423 422
f 469 470 424
f 470 425 424
f 470 419 426
f 419 427 426
f 419 416 471
f 470 472 416
f 468 469 430
f 469 431 430
f 468 473 469
f 474 475 434
f 475 435 434
f 475 467 436
f 467 437 436
f 475 476 467
f 466 474 440
f 474 441 440
f 466 477 474
f 478 479 444
f 479 445 444
f 480 481 446
f 481 447 446
f 465 449 448
f 465 447 481
f 465 481 477
f 479 480 452
f 480 453 452
f 482 483 456
f 483 457 456
f 483 478 458
f 478 459 458
f 484 482 462
f 482 463 462
f 418 485 484
f 417 492 485
f 492 490 522
f 490 494 523
f 494 488 520
f 488 497 521
f 497 496 499
f 496 500 502
f 500 486 518
f 486 507 519
f 507 505 529
f 505 509 530
f 509 503 527
f 503 513 528
f 513 511 533
f 511 515 534
f 516 515 412
f 515 517 412
f 487 519 518
f 489 521 520
f 491 523 522
f 493 522 485
f 495 520 523
f 525 499 524
f 499 502 524
f 498 525 521
f 524 502 501
f 501 518 524
f 524 518 526
f 504 528 527
f 506 530 529
f 508 529 519
f 518 519 526
f 519 529 531
f 510 527 530
f 529 530 531
f 530 527 532
f 512 534 533
f 514 533 528
f 527 528 532
f 528 533 535
f 516 536 534
f 533 534 535
f 534 536 537
f 484 485 538
f 481 540 477
f 467 541 473
f 469 542 543
f 472 543 416
f 416 539 544
f 543 545 539
f 473 546 542
f 474 547 476
f 476 548 541
f 477 549 547
f 552 480 551
f 481 552 540
f 552 551 540
f 479 550 551
f 483 553 478
f 484 554 482
f 540 555 549
f 541 556 546
f 545 557 539
f 539 30 89
f 89 744 539
f 35 539 557
f 557 37 36
f 557 546 88
f 546 33 88
f 547 558 548
f 546 556 31
f 556 548 32
f 548 61 32
f 548 558 60
f 558 549 73
f 549 72 73
f 478 59 69
f 69 550 478
f 551 70 71
f 39 549 555
f 555 71 98
f 68 551 550
f 482 27 28
f 28 553 482
f 29 478 553
f 26 482 554
f 87 554 538
f 520 521 560
f 522 523 561
f 485 522 562
f 523 520 563
f 521 525 565
f 524 526 566
f 564 525 566
f 525 524 566
f 526 531 559
f 566 559 567
f 531 532 569
f 559 569 570
f 532 535 568
f 569 568 571
f 535 537 572
f 568 572 573
f 57 563 560
f 58 562 561
f 86 538 562
f 56 561 563
f 565 564 97
f 85 560 565
f 575 567 576
f 97 564 575
f 575 95 97
f 84 575 576
f 567 570 577
f 576 67 83
f 576 577 55
f 570 571 578
f 577 24 54
f 577 578 22
f 571 573 580
f 578 82 23
f 578 580 81
f 573 574 579
f 580 579 79
f 583 584 572
f 593 587 411
f 411 594 593
f 411 587 516
f 595 591 592
f 598 597 590
f 599 589 596
f 604 603 588
f 605 601 602
f 608 607 600
f 609 586 606
f 610 611 588
f 611 589 588
f 612 613 590
f 613 591 590
f 613 614 592
f 614 593 592
f 593 614 587
f 587 583 537
f 613 615 614
f 611 612 596
f 612 597 596
f 611 616 612
f 617 618 600
f 618 601 600
f 618 610 602
f 610 603 602
f 618 619 610
f 620 617 606
f 617 607 606
f 620 621 617
f 622 620 585
f 620 586 585
f 629 628 585
f 630 626 627
f 633 632 625
f 634 624 631
f 639 638 623
f 640 636 637
f 643 642 635
f 581 644 641
f 645 646 623
f 646 624 623
f 647 648 625
f 648 626 625
f 622 628 627
f 622 626 648
f 622 648 621
f 646 647 631
f 647 632 631
f 649 650 635
f 650 636 635
f 650 645 637
f 645 638 637
f 651 649 641
f 649 642 641
f 648 665 621
f 584 652 579
f 610 653 616
f 612 654 615
f 614 655 584
f 584 583 614
f 615 656 655
f 616 657 654
f 617 658 619
f 619 659 653
f 621 660 658
f 653 661 657
f 654 662 656
f 655 663 652
f 652 584 655
f 579 652 94
f 652 65 94
f 656 64 66
f 66 663 656
f 656 662 21
f 662 657 20
f 657 19 20
f 658 664 659
f 657 661 18
f 661 659 53
f 659 51 53
f 659 664 17
f 664 660 16
f 660 13 16
f 665 666 660
f 669 647 668
f 648 669 665
f 669 668 665
f 646 667 668
f 650 670 645
f 651 671 649
f 645 48 49
f 49 667 645
f 668 63 6
f 7 660 666
f 666 6 8
f 50 668 667
f 649 45 47
f 47 670 649
f 46 645 670
f 12 649 671
f 651 644 582
f 581 679 681
f 679 677 693
f 677 682 694
f 682 675 691
f 675 685 692
f 685 684 687
f 684 688 690
f 688 673 697
f 676 692 691
f 678 694 693
f 651 681 680
f 680 693 651
f 683 691 694
f 696 687 695
f 687 690 695
f 686 696 692
f 695 690 689
f 689 697 695
f 695 697 698
f 674 699 697
f 673 704 699
f 704 702 717
f 702 706 718
f 706 700 715
f 700 710 716
f 710 708 721
f 708 712 722
f 712 714 713
f 701 716 715
f 703 718 717
f 705 717 699
f 697 699 698
f 699 717 719
f 707 715 718
f 717 718 719
f 718 715 720
f 709 722 721
f 711 721 716
f 715 716 720
f 716 721 723
f 713 471 722
f 721 722 723
f 2 671 672
f 691 692 725
f 693 694 726
f 651 693 727
f 694 691 728
f 692 696 730
f 695 698 731
f 729 696 731
f 696 695 731
f 14 728 725
f 9 727 726
f 4 672 727
f 15 726 728
f 730 729 25
f 5 725 730
f 62 729 734
f 729 732 734
f 42 734 733
f 732 735 733
f 698 719 724
f 731 724 735
f 719 720 737
f 724 737 738
f 720 723 736
f 737 736 739
f 723 471 740
f 736 740 741
f 735 738 742
f 733 40 43
f 733 742 41
f 738 739 743
f 742 92 93
f 742 743 91
f 739 741 745
f 743 78 90
f 743 745 76
f 741 544 744
f 745 744 75
f 107 749 748
f 108 109 752
f 759 753 112
f 754 114 113
f 755 117 116
f 755 750 414
f 414 117 755
f 415 414 750
f 754 755 120
f 755 121 120
f 756 754 124
f 754 125 124
f 753 756 129
f 131 132 757
f 758 759 133
f 135 137 759
f 757 758 139
f 139 141 757
f 142 143 760
f 760 757 144
f 144 146 760
f 752 760 148
f 148 149 752
f 763 752 156
f 159 762 763
f 764 161 160
f 164 764 762
f 761 764 165
f 764 166 165
f 766 761 173
f 765 766 174
f 174 177 765
f 180 767 765
f 182 748 767
f 753 759 772
f 768 746 751
f 751 755 768
f 769 751 746
f 755 754 770
f 754 756 771
f 756 753 772
f 759 758 773
f 758 757 774
f 757 760 775
f 760 752 776
f 752 763 777
f 763 762 778
f 762 764 779
f 764 761 780
f 761 766 781
f 766 765 782
f 765 767 783
f 767 748 784
f 184 786 785
f 787 189 186
f 788 191 190
f 193 790 789
f 749 194 195
f 195 789 749
f 788 790 196
f 791 198 197
f 791 788 201
f 788 202 201
f 787 791 203
f 791 205 203
f 792 212 207
f 793 211 209
f 794 186 211
f 795 209 212
f 213 797 796
f 798 207 215
f 215 796 798
f 217 785 797
f 799 220 219
f 800 222 221
f 225 802 801
f 227 801 786
f 800 802 228
f 803 231 230
f 803 800 232
f 800 234 232
f 799 803 235
f 803 236 235
f 804 238 237
f 805 241 240
f 805 799 242
f 799 243 242
f 804 805 244
f 805 245 244
f 806 807 249
f 807 804 250
f 804 252 250
f 254 101 413
f 788 809 810
f 789 811 749
f 788 810 790
f 791 812 813
f 791 813 809
f 793 815 794
f 792 814 795
f 796 816 798
f 785 808 797
f 799 817 818
f 800 819 820
f 801 821 786
f 800 820 802
f 803 822 823
f 803 823 819
f 799 818 822
f 804 824 825
f 805 826 827
f 805 827 817
f 804 825 826
f 413 828 806
f 749 829 830
f 594 831 747
f 747 768 594
f 837 747 831
f 768 770 595
f 770 771 598
f 771 772 599
f 772 773 604
f 773 774 605
f 774 775 608
f 775 776 609
f 776 777 629
f 777 778 630
f 778 779 633
f 779 780 634
f 780 781 639
f 781 782 640
f 782 783 643
f 783 784 830
f 833 585 609
f 834 588 599
f 835 590 595
f 836 592 594
f 594 411 831
f 831 411 517
f 838 596 598
f 839 600 605
f 840 602 604
f 841 606 608
f 842 623 634
f 843 625 630
f 844 627 629
f 845 631 633
f 846 635 640
f 847 637 639
f 848 641 643
f 830 581 641
f 830 829 581
f 786 849 808
f 794 850 851
f 790 852 811
f 813 853 809
f 787 851 812
f 798 854 814
f 795 855 815
f 797 856 816
f 802 858 821
f 823 859 819
f 818 857 822
f 827 861 817
f 825 860 826
f 806 862 863
f 807 863 824
f 808 849 673
f 851 850 675
f 810 809 677
f 811 852 679
f 829 811 679
f 852 810 677
f 853 812 682
f 809 853 682
f 812 851 675
f 814 854 684
f 815 855 685
f 850 815 685
f 855 814 684
f 816 856 688
f 854 816 688
f 856 808 673
f 857 817 700
f 820 819 702
f 821 858 704
f 849 821 704
f 858 820 702
f 859 822 706
f 819 859 706
f 822 857 700
f 860 824 708
f 861 826 710
f 817 861 710
f 826 860 708
f 863 862 712
f 824 863 712
f 862 828 714
f 256 864 898
f 828 865 866
f 258 259 867
f 874 868 261
f 869 264 263
f 870 267 266
f 870 413 269
f 413 270 269
f 869 870 272
f 870 273 272
f 871 869 277
f 869 278 277
f 868 871 281
f 284 285 872
f 873 874 286
f 289 291 874
f 872 873 292
f 292 293 872
f 296 297 875
f 875 872 298
f 298 299 875
f 867 875 300
f 300 302 867
f 868 874 879
f 413 870 876
f 870 869 877
f 869 871 878
f 871 868 879
f 874 873 880
f 873 872 881
f 872 875 882
f 875 867 883
f 886 867 309
f 311 885 886
f 887 314 313
f 317 887 885
f 884 887 318
f 887 319 318
f 889 884 325
f 888 889 328
f 328 329 888
f 333 890 888
f 335 898 890
f 867 886 891
f 886 885 892
f 885 887 893
f 887 884 894
f 884 889 895
f 889 888 896
f 888 890 897
f 866 410 714
f 865 876 428
f 876 877 429
f 877 878 432
f 878 879 433
f 879 880 438
f 880 881 439
f 881 882 442
f 882 883 443
f 900 422 433
f 901 424 429
f 902 426 428
f 903 430 432
f 904 434 439
f 905 436 438
f 906 440 442
f 899 420 443
f 883 891 450
f 891 892 451
f 892 893 454
f 893 894 455
f 894 895 460
f 895 896 461
f 896 897 464
f 897 898 914
f 907 444 455
f 908 446 451
f 909 448 450
f 910 452 454
f 911 456 461
f 912 458 460
f 913 462 464
f 914 417 462
f 337 917 916
f 864 915 898
f 918 341 339
f 919 344 343
f 346 921 920
f 348 920 864
f 919 921 349
f 922 352 350
f 922 919 354
f 919 355 354
f 918 922 356
f 922 358 356
f 923 365 360
f 924 364 362
f 925 339 364
f 926 362 365
f 366 928 927
f 929 360 368
f 368 927 929
f 370 916 928
f 919 930 931
f 920 932 915
f 919 931 921
f 922 933 934
f 922 934 930
f 924 936 925
f 923 935 926
f 927 937 929
f 916 938 928
f 939 373 372
f 940 376 374
f 377 942 941
f 379 941 917
f 940 942 381
f 943 384 383
f 943 940 385
f 940 387 385
f 939 943 388
f 943 389 388
f 944 393 391
f 945 395 394
f 945 939 396
f 939 397 396
f 944 945 398
f 945 400 398
f 946 947 402
f 947 944 404
f 944 406 404
f 946 407 415
f 407 105 415
f 939 948 949
f 940 950 951
f 941 952 938
f 940 951 942
f 943 953 954
f 943 954 950
f 939 949 953
f 944 955 956
f 945 957 958
f 945 958 948
f 944 956 957
f 946 750 769
f 938 959 960
f 914 915 417
f 925 961 962
f 921 963 964
f 932 964 915
f 934 965 930
f 918 962 933
f 929 966 935
f 926 967 936
f 928 968 937
f 938 960 968
f 962 961 488
f 931 930 490
f 964 963 492
f 915 964 492
f 963 931 490
f 965 933 494
f 930 965 494
f 933 962 488
f 935 966 496
f 936 967 497
f 961 936 497
f 967 935 496
f 937 968 500
f 966 937 500
f 968 960 486
f 960 959 486
f 942 970 952
f 954 971 950
f 949 969 953
f 958 973 948
f 956 972 957
f 946 974 975
f 947 975 955
f 974 946 837
f 946 746 837
f 969 948 503
f 951 950 505
f 952 970 507
f 959 952 507
f 970 951 505
f 971 953 509
f 950 971 509
f 953 969 503
f 972 955 511
f 973 957 513
f 948 973 513
f 957 972 511
f 975 974 515
f 955 975 515
f 515 974 832
f 832 517 515
f 515 511 955
f 511 513 957
f 513 503 948
f 503 509 953
f 509 505 950
f 505 507 970
f 507 486 959
f 975 947 946
f 973 958 957
f 972 956 955
f 971 954 953
f 970 942 951
f 959 938 952
f 969 949 948
f 486 500 968
f 500 496 966
f 496 497 967
f 497 488 961
f 488 494 933
f 494 490 930
f 490 492 963
f 492 417 915
f 968 928 938
f 966 929 937
f 967 926 935
f 961 925 936
f 965 934 933
f 963 921 931
f 964 932 921
f 962 918 925
f 769 746 946
f 955 944 947
f 957 945 944
f 948 939 945
f 953 943 939
f 950 940 943
f 938 917 941
f 952 941 942
f 415 750 946
f 404 402 947
f 402 407 946
f 398 393 944
f 396 395 945
f 394 400 945
f 391 406 944
f 388 373 939
f 385 384 943
f 383 389 943
f 381 376 940
f 379 377 941
f 377 381 942
f 374 387 940
f 372 397 939
f 938 916 917
f 937 927 928
f 936 924 926
f 935 923 929
f 933 922 918
f 930 919 922
f 915 864 920
f 932 920 921
f 370 337 916
f 368 366 927
f 366 370 928
f 365 923 926
f 364 924 925
f 362 926 924
f 360 929 923
f 356 341 918
f 354 352 922
f 350 358 922
f 349 344 919
f 348 346 920
f 346 349 921
f 343 355 919
f 339 925 918
f 337 379 917
f 914 898 915
f 462 913 914
f 456 911 464
f 458 912 461
f 444 907 460
f 452 910 455
f 446 908 454
f 448 909 451
f 420 899 450
f 914 913 897
f 464 911 896
f 913 464 897
f 461 912 895
f 460 907 894
f 912 460 895
f 911 461 896
f 455 910 893
f 454 908 892
f 910 454 893
f 451 909 891
f 450 899 883
f 909 450 891
f 908 451 892
f 907 455 894
f 440 906 443
f 434 904 442
f 436 905 439
f 422 900 438
f 430 903 433
f 424 901 432
f 426 902 429
f 410 866 428
f 443 906 882
f 442 904 881
f 906 442 882
f 439 905 880
f 438 900 879
f 905 438 880
f 904 439 881
f 433 903 878
f 432 901 877
f 903 432 878
f 429 902 876
f 428 866 865
f 902 428 876
f 901 429 877
f 900 433 879
f 714 828 866
f 899 443 883
f 898 897 890
f 897 896 888
f 896 895 889
f 895 894 884
f 894 893 887
f 893 892 885
f 892 891 886
f 891 883 867
f 335 256 898
f 333 331 890
f 331 335 890
f 329 320 888
f 325 322 889
f 322 328 889
f 320 333 888
f 318 305 884
f 317 314 887
f 313 319 887
f 311 306 885
f 309 308 886
f 308 311 886
f 306 317 885
f 305 325 884
f 883 882 875
f 882 881 872
f 881 880 873
f 880 879 874
f 879 878 871
f 878 877 869
f 877 876 870
f 876 865 413
f 302 258 867
f 299 296 875
f 297 300 875
f 293 284 872
f 291 286 874
f 286 292 873
f 285 298 872
f 281 261 868
f 277 276 871
f 276 281 871
f 272 264 869
f 269 267 870
f 266 273 870
f 263 278 869
f 261 289 874
f 865 828 413
f 259 309 867
f 256 348 864
f 714 712 862
f 712 708 824
f 708 710 826
f 710 700 817
f 700 706 822
f 706 702 819
f 702 704 858
f 704 673 849
f 673 688 856
f 688 684 854
f 684 685 855
f 685 675 850
f 675 682 812
f 682 677 809
f 677 679 852
f 679 581 829
f 862 806 828
f 863 807 806
f 861 827 826
f 860 825 824
f 859 823 822
f 858 802 820
f 849 786 821
f 857 818 817
f 856 797 808
f 854 798 816
f 855 795 814
f 850 794 815
f 853 813 812
f 852 790 810
f 829 749 811
f 851 787 794
f 641 848 830
f 635 846 643
f 637 847 640
f 623 842 639
f 631 845 634
f 625 843 633
f 627 844 630
f 585 833 629
f 606 841 609
f 600 839 608
f 602 840 605
f 588 834 604
f 596 838 599
f 590 835 598
f 592 836 595
f 517 832 831
f 830 848 783
f 643 846 782
f 848 643 783
f 640 847 781
f 639 842 780
f 847 639 781
f 846 640 782
f 634 845 779
f 633 843 778
f 845 633 779
f 630 844 777
f 629 833 776
f 844 629 777
f 843 630 778
f 842 634 780
f 609 841 775
f 608 839 774
f 841 608 775
f 605 840 773
f 604 834 772
f 840 604 773
f 839 605 774
f 599 838 771
f 598 835 770
f 838 598 771
f 595 836 768
f 831 974 837
f 747 746 768
f 836 594 768
f 835 595 770
f 834 599 772
f 833 609 776
f 832 974 831
f 830 784 749
f 824 804 807
f 826 805 804
f 817 799 805
f 822 803 799
f 819 800 803
f 821 801 802
f 816 796 797
f 815 793 795
f 814 792 798
f 812 791 787
f 809 788 791
f 811 789 790
f 808 785 786
f 413 806 254
f 250 249 807
f 249 254 806
f 244 238 804
f 242 241 805
f 240 245 805
f 237 252 804
f 235 220 799
f 232 231 803
f 230 236 803
f 228 222 800
f 227 225 801
f 225 228 802
f 221 234 800
f 219 243 799
f 217 184 785
f 215 213 796
f 213 217 797
f 212 792 795
f 211 793 794
f 209 795 793
f 207 798 792
f 203 189 787
f 201 198 791
f 197 205 791
f 196 191 788
f 195 193 789
f 193 196 790
f 190 202 788
f 186 794 787
f 184 227 786
f 784 748 749
f 784 783 767
f 783 782 765
f 782 781 766
f 781 780 761
f 780 779 764
f 779 778 762
f 778 777 763
f 777 776 752
f 776 775 760
f 775 774 757
f 774 773 758
f 773 772 759
f 772 771 756
f 771 770 754
f 770 768 755
f 751 750 755
f 182 107 748
f 180 178 767
f 178 182 767
f 177 167 765
f 173 169 766
f 169 174 766
f 167 180 765
f 165 151 761
f 164 161 764
f 160 166 764
f 159 154 762
f 156 155 763
f 155 159 763
f 154 164 762
f 151 173 761
f 149 108 752
f 146 142 760
f 143 148 760
f 141 131 757
f 137 133 759
f 133 139 758
f 132 144 757
f 129 112 753
f 124 123 756
f 123 129 756
f 120 114 754
f 118 117 414
f 116 121 755
f 113 125 754
f 112 135 759
f 109 156 752
f 751 769 750
f 107 194 749
f 747 837 746
f 74 75 744
f 75 76 745
f 76 78 743
f 90 91 743
f 745 743 739
f 744 745 741
f 91 92 742
f 93 41 742
f 743 742 738
f 41 40 733
f 43 42 733
f 742 733 735
f 544 741 740
f 741 739 736
f 740 736 723
f 739 738 737
f 738 735 724
f 735 732 731
f 737 724 719
f 736 737 720
f 42 62 734
f 62 25 729
f 733 734 732
f 5 14 725
f 25 5 730
f 15 9 726
f 4 2 672
f 9 4 727
f 14 15 728
f 731 732 729
f 730 725 692
f 729 730 696
f 728 726 694
f 727 672 651
f 726 727 693
f 725 728 691
f 2 12 671
f 724 731 698
f 471 723 722
f 723 720 716
f 720 719 718
f 719 698 699
f 722 709 708
f 713 722 712
f 721 711 710
f 716 701 700
f 711 716 710
f 709 721 708
f 715 707 706
f 718 703 702
f 707 718 706
f 717 705 704
f 699 674 673
f 705 699 704
f 703 717 702
f 701 715 700
f 686 687 696
f 697 689 688
f 690 687 684
f 689 690 688
f 687 686 685
f 692 676 675
f 686 692 685
f 691 683 682
f 694 678 677
f 683 694 682
f 693 680 679
f 681 582 581
f 680 681 679
f 678 693 677
f 676 691 675
f 582 681 651
f 674 697 673
f 672 671 651
f 12 45 649
f 46 48 645
f 47 46 670
f 50 63 668
f 8 7 666
f 7 13 660
f 666 665 668
f 666 668 6
f 49 50 667
f 670 650 649
f 668 647 646
f 660 621 665
f 669 648 647
f 667 646 645
f 16 17 664
f 17 51 659
f 664 658 660
f 53 18 661
f 18 19 657
f 661 653 659
f 20 21 662
f 21 64 656
f 662 654 657
f 66 65 663
f 94 80 579
f 65 652 663
f 663 655 656
f 659 619 658
f 658 617 621
f 657 616 653
f 653 610 619
f 656 615 654
f 654 612 616
f 574 572 584
f 655 614 615
f 579 574 584
f 641 644 651
f 637 636 650
f 635 642 649
f 631 624 646
f 621 620 622
f 627 626 622
f 625 632 647
f 623 638 645
f 642 643 641
f 638 639 637
f 636 640 635
f 632 633 631
f 628 629 627
f 626 630 625
f 624 634 623
f 585 628 622
f 619 618 617
f 606 586 620
f 616 611 610
f 602 601 618
f 600 607 617
f 615 613 612
f 596 589 611
f 537 536 587
f 583 587 614
f 592 591 613
f 590 597 612
f 588 603 610
f 607 608 606
f 603 604 602
f 601 605 600
f 597 598 596
f 516 412 411
f 593 594 592
f 591 595 590
f 589 599 588
f 536 516 587
f 586 609 585
f 572 537 583
f 582 644 581
f 80 79 579
f 79 81 580
f 81 82 578
f 23 22 578
f 580 578 571
f 579 580 573
f 22 24 577
f 54 55 577
f 578 577 570
f 55 67 576
f 83 84 576
f 577 576 567
f 84 95 575
f 85 57 560
f 97 85 565
f 56 58 561
f 86 87 538
f 58 86 562
f 57 56 563
f 574 573 572
f 573 571 568
f 572 568 535
f 571 570 569
f 570 567 559
f 569 559 531
f 568 569 532
f 567 575 566
f 566 575 564
f 565 560 521
f 564 565 525
f 563 561 523
f 562 538 485
f 561 562 522
f 560 563 520
f 559 566 526
f 87 26 554
f 26 27 482
f 29 59 478
f 28 29 553
f 68 70 551
f 98 39 555
f 39 72 549
f 555 540 551
f 555 551 71
f 69 68 550
f 73 60 558
f 60 61 548
f 558 547 549
f 32 31 556
f 31 33 546
f 556 541 548
f 88 37 557
f 36 35 557
f 557 542 546
f 35 30 539
f 89 74 744
f 557 545 542
f 553 483 482
f 551 480 479
f 549 477 540
f 552 481 480
f 550 479 478
f 548 476 547
f 547 474 477
f 546 473 541
f 541 467 476
f 545 543 542
f 542 469 473
f 539 416 543
f 544 740 416
f 543 472 469
f 744 544 539
f 538 554 484
f 537 535 534
f 535 532 528
f 532 531 530
f 531 526 519
f 498 499 525
f 534 512 511
f 516 534 515
f 533 514 513
f 528 504 503
f 514 528 513
f 512 533 511
f 527 510 509
f 530 506 505
f 510 530 509
f 529 508 507
f 519 487 486
f 508 519 507
f 506 529 505
f 504 527 503
f 518 501 500
f 502 499 496
f 501 502 500
f 499 498 497
f 521 489 488
f 498 521 497
f 520 495 494
f 523 491 490
f 495 523 494
f 522 493 492
f 485 418 417
f 493 485 492
f 491 522 490
f 489 520 488
f 487 518 486
f 458 457 483
f 456 463 482
f 452 445 479
f 477 466 465
f 448 447 465
f 446 453 480
f 444 459 478
f 476 475 474
f 440 421 466
f 473 468 467
f 436 435 475
f 434 441 474
f 472 470 469
f 430 423 468
f 416 419 470
f 426 425 470
f 424 431 469
f 422 437 467
f 420 449 465
f 463 464 462
f 459 460 458
f 457 461 456
f 453 454 452
f 449 450 448
f 447 451 446
f 445 455 444
f 441 442 440
f 437 438 436
f 435 439 434
f 431 432 430
f 427 428 426
f 425 429 424
f 423 433 422
f 421 443 420
f 410 427 419
f 418 484 417
f 740 471 416
f 105 118 414
f 100 270 413
f 412 517 411
f 713 714 410
f 210 211 984
f 211 187 984
f 987 983 187
f 988 986 188
f 978 195 976
f 996 106 183
f 1008 218 214
f 1009 214 216
f 187 188 987
f 991 196 990
f 195 978 192
f 995 107 106
f 170 1013 997
f 172 1016 171
f 1021 1017 162
f 140 1030 130
f 124 1036 1001
f 385 1037 1002
f 277 1045 1005
f 232 1046 1007
f 979 1008 214
f 209 981 1011
f 983 984 187
f 188 204 988
f 197 199 204
f 993 193 192
f 1060 1059 176
f 175 169 997
f 1013 170 171
f 160 162 1019
f 1022 1021 163
f 1062 1022 163
f 1063 1061 153
f 1025 143 1023
f 132 1029 145
f 1068 140 134
f 1033 111 127
f 1035 128 122
f 126 113 1072
f 385 386 1037
f 1038 1084 386
f 1085 1038 386
f 363 364 1092
f 364 340 1092
f 1094 1091 340
f 1096 1095 342
f 256 1102 347
f 1104 257 336
f 1112 1111 315
f 1042 262 280
f 1044 282 275
f 279 263 1126
f 232 233 1046
f 1047 1128 233
f 1129 1047 233
f 1134 1132 185
f 1135 185 218
f 1009 979 214
f 208 1136 1050
f 981 209 210
f 1140 199 200
f 190 1141 1053
f 196 991 1055
f 107 995 976
f 1142 179 181
f 1143 181 168
f 1144 168 176
f 997 1060 175
f 1016 172 150
f 166 160 1019
f 162 163 1021
f 163 153 1062
f 1064 1063 158
f 158 1150 1148
f 143 1025 147
f 1027 146 145
f 1067 1030 140
f 1031 1068 134
f 128 1035 127
f 113 115 1072
f 1074 117 118
f 1078 119 103
f 1083 403 405
f 1084 1037 386
f 1086 1085 375
f 1161 371 367
f 1162 367 369
f 1095 1094 342
f 1099 349 1098
f 348 1040 345
f 1102 256 257
f 323 1166 1105
f 326 1169 324
f 1111 1108 315
f 1113 1112 316
f 1170 1113 316
f 1173 1171 307
f 299 1118 295
f 1118 299 1117
f 1121 285 283
f 294 292 1177
f 1177 292 287
f 282 1044 280
f 263 265 1126
f 1128 1046 233
f 1130 1129 223
f 1132 224 227
f 1132 226 185
f 1048 1135 218
f 1136 208 206
f 212 1186 1139
f 986 987 188
f 190 1055 1141
f 193 993 990
f 1057 1142 181
f 1058 1143 168
f 1059 1144 176
f 169 170 997
f 165 166 1146
f 1061 1062 153
f 1148 1064 158
f 157 1189 1150
f 146 1027 1023
f 1068 1067 140
f 1152 136 110
f 1071 1072 115
f 119 1078 1074
f 104 1196 1078
f 406 1155 405
f 1155 406 390
f 1156 373 388
f 383 1200 1159
f 386 375 1085
f 1087 1161 367
f 362 1089 1163
f 1091 1092 340
f 342 357 1096
f 350 351 357
f 1101 346 345
f 327 322 1105
f 1213 1212 330
f 1166 323 324
f 319 313 1108
f 315 316 1112
f 1171 1170 307
f 307 312 1173
f 312 1218 1217
f 297 1115 301
f 285 1121 1117
f 1122 1177 287
f 1180 288 260
f 1125 1126 265
f 1221 1125 265
f 1181 220 235
f 230 1229 1184
f 233 223 1129
f 1008 1048 218
f 1233 183 179
f 1143 1057 181
f 176 175 1060
f 152 165 1146
f 1017 1019 162
f 1192 109 1191
f 1029 132 130
f 111 1033 110
f 124 126 1036
f 117 1074 1194
f 103 104 1078
f 1196 104 409
f 392 1238 390
f 1240 1239 392
f 1197 397 372
f 1248 1246 338
f 1249 338 371
f 1162 1087 367
f 361 1250 1204
f 1089 362 363
f 1254 351 353
f 343 1255 1206
f 349 1099 1209
f 1040 348 347
f 1256 332 334
f 1257 334 321
f 1258 321 330
f 330 327 1213
f 1169 326 303
f 318 319 1214
f 316 307 1170
f 1217 1172 312
f 310 1259 1218
f 1115 297 295
f 262 1042 260
f 277 279 1045
f 265 274 1221
f 1266 274 268
f 1223 255 247
f 1225 248 251
f 1227 243 219
f 229 225 1231
f 1274 1130 223
f 224 1132 1231
f 1135 1134 185
f 212 1011 1186
f 1188 1233 179
f 1144 1058 168
f 152 1275 150
f 153 158 1063
f 1189 157 1234
f 1066 149 147
f 1276 134 138
f 118 119 1074
f 409 408 401
f 1239 1238 392
f 1241 1240 399
f 1242 395 396
f 373 1156 1197
f 383 1002 1200
f 1246 378 379
f 1246 380 338
f 1201 1249 371
f 1250 361 359
f 365 1277 1253
f 340 342 1094
f 343 1209 1255
f 346 1101 1098
f 1210 1256 334
f 1211 1257 321
f 1212 1258 330
f 322 323 1105
f 304 318 1214
f 313 315 1108
f 1262 259 1260
f 274 1266 1220
f 268 1282 1266
f 248 1225 247
f 237 1283 1269
f 1285 1284 239
f 1271 241 242
f 220 1181 1227
f 230 1007 1229
f 223 229 1274
f 227 226 1132
f 1142 1188 179
f 1019 1146 166
f 149 1066 1191
f 1287 1071 115
f 121 116 1194
f 392 399 1240
f 1288 1241 399
f 397 1197 1242
f 388 1159 1156
f 1161 1201 371
f 1292 336 332
f 1257 1210 334
f 1105 1213 327
f 304 1293 303
f 1172 1173 312
f 1259 310 1281
f 1175 302 301
f 1294 287 290
f 1265 1282 268
f 255 1223 253
f 1284 1283 239
f 1286 1285 246
f 1295 1286 246
f 243 1227 1271
f 235 1184 1181
f 225 224 1231
f 1233 996 183
f 109 1192 1234
f 1194 1287 121
f 395 1242 1288
f 372 373 1197
f 1296 1086 375
f 382 377 1290
f 378 1246 1290
f 1249 1248 338
f 365 1163 1277
f 1279 1292 332
f 1258 1211 321
f 1108 1214 319
f 302 1175 1260
f 1220 1221 274
f 1297 1265 268
f 1299 1298 271
f 239 246 1285
f 241 1271 1295
f 219 220 1227
f 1276 1031 134
f 116 117 1194
f 396 397 1242
f 1290 1296 382
f 379 380 1246
f 1256 1279 332
f 259 1262 1281
f 1298 1297 271
f 237 239 1283
f 242 243 1271
f 1146 1275 152
f 399 395 1288
f 377 378 1290
f 1292 1104 336
f 1294 1122 287
f 271 102 1299
f 246 241 1295
f 115 121 1287
f 268 271 1297
f 1231 1274 229
f 1214 1293 304
f 375 382 1296
f 1538 1528 1535
f 1541 1527 1538
f 1540 1541 1542
f 1543 1540 1544
f 1539 1543 1545
f 1547 1539 1548
f 1546 1547 1549
f 1550 1546 1551
f 1537 1550 1552
f 1542 1538 1535
f 1544 1542 1553
f 1545 1544 1554
f 1548 1545 1555
f 1549 1548 1556
f 1551 1549 1557
f 1552 1551 1558
f 1560 1552 1559
f 1563 1537 1560
f 1562 1563 1564
f 1565 1562 1566
f 1561 1565 1567
f 1569 1561 1570
f 1568 1569 1571
f 1572 1568 1573
f 1533 1572 1574
f 1564 1560 1575
f 1566 1564 1576
f 1567 1566 1577
f 1570 1567 1578
f 1571 1570 1579
f 1573 1571 1580
f 1574 1573 1581
f 1533 1574 1582
f 1583 1536 1531
f 1553 1535 1583
f 1554 1553 1584
f 1555 1554 1585
f 1556 1555 1586
f 1557 1556 1587
f 1558 1557 1588
f 1559 1558 1589
f 1575 1559 1590
f 1584 1583 1531
f 1585 1584 1591
f 1586 1585 1592
f 1587 1586 1593
f 1588 1587 1594
f 1589 1588 1595
f 1590 1589 1596
f 1598 1590 1597
f 1576 1575 1598
f 1577 1576 1599
f 1578 1577 1600
f 1579 1578 1601
f 1580 1579 1602
f 1581 1580 1603
f 1582 1581 1604
f 1605 1582 1606
f 1599 1598 1607
f 1600 1599 1608
f 1601 1600 1609
f 1602 1601 1610
f 1603 1602 1611
f 1604 1603 1612
f 1606 1604 1613
f 1605 1606 1614
f 1533 1605 1534
f 1624 1534 1622
f 1625 1623 1620
f 1628 1621 1626
f 1629 1627 1618
f 1634 1619 1632
f 1635 1633 1630
f 1638 1631 1636
f 1639 1637 1616
f 1618 1640 1619
f 1620 1641 1621
f 1622 1642 1623
f 1626 1643 1627
f 1630 1644 1631
f 1632 1645 1633
f 1636 1646 1637
f 1616 1647 1617
f 1654 1617 1652
f 1655 1653 1650
f 1658 1651 1656
f 1659 1657 1648
f 1664 1649 1662
f 1665 1663 1660
f 1667 1661 1666
f 1648 1669 1649
f 1650 1670 1651
f 1652 1671 1653
f 1656 1672 1657
f 1660 1673 1661
f 1662 1674 1663
f 1666 1675 1676
f 1668 1676 1827
f 1605 1678 1615
f 1534 1615 1642
f 1623 1681 1641
f 1621 1680 1643
f 1627 1682 1640
f 1619 1679 1645
f 1633 1684 1644
f 1631 1683 1646
f 1637 1685 1647
f 1640 1686 1679
f 1641 1687 1680
f 1642 1688 1681
f 1643 1689 1682
f 1644 1690 1683
f 1645 1691 1684
f 1646 1692 1685
f 1647 1693 1677
f 1617 1677 1671
f 1653 1696 1670
f 1651 1695 1672
f 1657 1697 1669
f 1649 1694 1674
f 1663 1699 1673
f 1661 1698 1675
f 1669 1701 1694
f 1670 1702 1695
f 1671 1703 1696
f 1672 1704 1697
f 1673 1705 1698
f 1674 1706 1699
f 1675 1707 1708
f 1676 1708 1824
f 1712 1532 1710
f 1591 1531 1712
f 1592 1591 1713
f 1593 1592 1714
f 1594 1593 1715
f 1595 1594 1716
f 1596 1595 1717
f 1597 1596 1718
f 1607 1597 1719
f 1713 1712 1710
f 1714 1713 1720
f 1715 1714 1721
f 1716 1715 1722
f 1717 1716 1723
f 1718 1717 1724
f 1719 1718 1725
f 1727 1719 1726
f 1608 1607 1727
f 1609 1608 1728
f 1610 1609 1729
f 1611 1610 1730
f 1612 1611 1731
f 1613 1612 1732
f 1614 1613 1733
f 1678 1614 1734
f 1728 1727 1735
f 1729 1728 1736
f 1730 1729 1737
f 1731 1730 1738
f 1732 1731 1739
f 1733 1732 1740
f 1734 1733 1741
f 1678 1734 1742
f 1720 1710 1747
f 1721 1720 1748
f 1722 1721 1750
f 1723 1722 1751
f 1724 1723 1754
f 1725 1724 1755
f 1726 1725 1757
f 1735 1726 1758
f 1736 1735 1762
f 1737 1736 1763
f 1738 1737 1765
f 1739 1738 1766
f 1740 1739 1769
f 1741 1740 1770
f 1742 1741 1772
f 1773 1742 1774
f 1678 1773 1709
f 1615 1709 1688
f 1681 1779 1687
f 1680 1778 1689
f 1682 1780 1686
f 1679 1777 1691
f 1684 1782 1690
f 1683 1781 1692
f 1685 1783 1693
f 1686 1784 1777
f 1687 1785 1778
f 1688 1810 1779
f 1689 1786 1780
f 1690 1787 1781
f 1691 1788 1782
f 1692 1789 1783
f 1693 1790 1776
f 1677 1776 1703
f 1696 1793 1702
f 1695 1792 1704
f 1697 1794 1701
f 1694 1791 1706
f 1699 1796 1705
f 1698 1795 1707
f 1701 1798 1791
f 1702 1799 1792
f 1703 1800 1793
f 1704 1801 1794
f 1705 1802 1795
f 1706 1803 1796
f 1707 1804 1805
f 1708 1805 1900
f 1709 1775 1809
f 1779 1810 1785
f 1778 1808 1786
f 1780 1811 1784
f 1777 1807 1788
f 1782 1813 1787
f 1781 1812 1814
f 1783 1814 1790
f 1776 1806 1817
f 1793 1817 1799
f 1792 1816 1801
f 1794 1818 1798
f 1791 1815 1803
f 1796 1820 1802
f 1795 1819 1804
f 1829 1530 1827
f 1831 1529 1829
f 1830 1831 1832
f 1833 1830 1834
f 1828 1833 1835
f 1832 1829 1827
f 1834 1832 1836
f 1835 1834 1837
f 1839 1835 1838
f 1841 1828 1839
f 1840 1841 1842
f 1843 1840 1844
f 1825 1843 1845
f 1842 1839 1846
f 1844 1842 1847
f 1845 1844 1848
f 1826 1845 1849
f 1850 1700 1824
f 1836 1827 1850
f 1837 1836 1851
f 1838 1837 1852
f 1846 1838 1853
f 1851 1850 1824
f 1852 1851 1854
f 1853 1852 1855
f 1857 1853 1856
f 1847 1846 1857
f 1848 1847 1858
f 1849 1848 1859
f 1865 1849 1860
f 1858 1857 1861
f 1859 1858 1862
f 1860 1859 1863
f 1888 1860 1864
f 1866 1868 1867
f 1869 1826 1865
f 1871 1825 1869
f 1870 1871 1872
f 1873 1870 1874
f 1868 1873 1875
f 1872 1869 1865
f 1874 1872 1876
f 1875 1874 1877
f 1867 1875 1878
f 1879 1880 1881
f 1882 1879 1883
f 1822 1882 1884
f 1885 1866 1886
f 1866 1887 1886
f 1876 1865 1888
f 1877 1876 1889
f 1878 1877 1890
f 1887 1878 1891
f 1889 1888 1892
f 1890 1889 1893
f 1891 1890 1894
f 1886 1891 1895
f 1881 1866 1885
f 1883 1881 1896
f 1884 1883 1897
f 1822 1884 1898
f 1901 1797 1900
f 1854 1824 1901
f 1855 1854 1902
f 1856 1855 1903
f 1861 1856 1904
f 1902 1901 1900
f 1903 1902 1905
f 1904 1903 1906
f 1908 1904 1907
f 1862 1861 1908
f 1863 1862 1909
f 1864 1863 1910
f 1892 1864 1911
f 1909 1908 1912
f 1910 1909 1913
f 1911 1910 1914
f 1899 1911 1915
f 1905 1900 1919
f 1906 1905 1920
f 1907 1906 1922
f 1912 1907 1923
f 1913 1912 1926
f 1914 1913 1927
f 1915 1914 1929
f 1931 1915 1930
f 1935 1899 1931
f 1893 1892 1935
f 1894 1893 1936
f 1895 1894 1937
f 1934 1895 1938
f 1936 1935 1931
f 1937 1936 1939
f 1938 1937 1940
f 1885 1938 1941
f 1896 1885 1933
f 1897 1896 1944
f 1898 1897 1946
f 1947 1898 1948
f 1939 1931 1951
f 1940 1939 1952
f 1941 1940 1954
f 1955 1941 1956
f 1822 1947 1823
f 1966 1823 1964
f 1967 1965 1962
f 1970 1963 1968
f 1969 1971 1960
f 1960 1972 1969
f 1960 1971 1961
f 1977 1961 1975
f 1978 1976 1973
f 1981 1974 1979
f 1982 1980 1958
f 1973 1983 1974
f 1975 1984 1976
f 1979 1985 1980
f 1962 1988 1963
f 1964 1989 1965
f 1968 1990 1991
f 1991 1992 1971
f 1971 1969 1991
f 1971 1992 1987
f 1961 1987 1984
f 1976 1994 1983
f 1974 1993 1985
f 1980 1995 1986
f 1983 1996 1993
f 1984 1997 1994
f 1985 1998 1995
f 1958 1986 1959
f 2007 1959 2005
f 2008 2006 2003
f 2011 2004 2009
f 2012 2010 2001
f 2003 2013 2004
f 2005 2014 2006
f 2009 2015 2010
f 2001 2016 2002
f 2021 2002 2019
f 2022 2020 2017
f 2024 2018 2023
f 2017 2026 2018
f 2019 2027 2020
f 2023 2028 2029
f 2025 2029 1535
f 1986 1999 2000
f 1959 2000 2014
f 2006 2032 2013
f 2004 2031 2015
f 2010 2033 2016
f 2013 2034 2031
f 2014 2035 2032
f 2015 2036 2033
f 2016 2037 2030
f 2002 2030 2027
f 2020 2039 2026
f 2018 2038 2028
f 2026 2040 2038
f 2027 2041 2039
f 2028 2042 2043
f 2029 2043 1531
f 1989 2047 2048
f 1823 1957 2047
f 1965 2048 1988
f 1963 2046 2049
f 2049 2058 1992
f 1992 1991 2049
f 1992 2058 2045
f 1987 2045 1997
f 1994 2051 1996
f 1993 2050 1998
f 1995 2052 1999
f 1996 2053 2050
f 1997 2054 2051
f 1998 2055 2052
f 2045 2058 2054
f 2051 2060 2053
f 2050 2059 2061
f 2052 2061 2056
f 1999 2056 2044
f 2000 2044 2035
f 2032 2065 2034
f 2031 2064 2036
f 2033 2066 2037
f 2034 2067 2064
f 2035 2068 2065
f 2036 2069 2066
f 2037 2070 2063
f 2030 2063 2041
f 2039 2072 2040
f 2038 2071 2042
f 2040 2073 2071
f 2041 2074 2072
f 2042 2075 2076
f 2043 2076 1710
f 2044 2062 2079
f 2065 2079 2067
f 2064 2078 2069
f 2066 2080 2070
f 2063 2077 2074
f 2072 2082 2073
f 2071 2081 2075
f 2085 2084 2086
f 2093 2086 2091
f 2094 2092 2089
f 2097 2090 2095
f 2098 2096 2087
f 2103 2088 2101
f 2104 2102 2099
f 2106 2100 2105
f 2116 2109 2114
f 2117 2115 2112
f 2120 2113 2118
f 2121 2119 2110
f 2126 2111 2124
f 2127 2125 2122
f 2130 2123 2128
f 2108 2132 2109
f 2084 2083 2133
f 2087 2134 2088
f 2089 2135 2090
f 2091 2136 2092
f 2095 2137 2096
f 2099 2138 2100
f 2101 2139 2102
f 2105 2140 2141
f 2107 2141 2132
f 2086 2133 2136
f 2092 2144 2135
f 2090 2143 2137
f 2096 2145 2134
f 2088 2142 2139
f 2102 2147 2138
f 2100 2146 2140
f 2110 2149 2111
f 2112 2150 2113
f 2114 2151 2115
f 2118 2152 2119
f 2122 2153 2123
f 2124 2154 2125
f 2128 2155 2156
f 2129 2156 2201
f 2109 2148 2151
f 2115 2159 2150
f 2113 2158 2152
f 2119 2160 2149
f 2111 2157 2154
f 2125 2162 2153
f 2123 2161 2155
f 2163 2129 2201
f 2164 2165 2129
f 2168 2164 2163
f 2167 2168 2169
f 2170 2171 2173
f 2171 2167 2172
f 2166 2170 2173
f 2177 2166 2178
f 2174 2176 2179
f 2180 2175 2181
f 2183 2180 2182
f 2186 2183 2187
f 2185 2186 2188
f 2189 2190 2192
f 2190 2185 2191
f 2184 2189 2192
f 2194 2184 2195
f 2193 2194 2196
f 2197 2193 2198
f 2199 2197 2200
f 2169 2163 2201
f 2172 2169 2202
f 2173 2172 2203
f 2178 2173 2204
f 2181 2175 2207
f 2179 2177 2206
f 2177 2178 2205
f 2175 2179 2206
f 2182 2181 2207
f 2187 2182 2208
f 2202 2201 2209
f 2203 2202 2210
f 2204 2203 2211
f 2205 2204 2212
f 2206 2205 2213
f 2207 2206 2214
f 2208 2207 2215
f 2217 2208 2216
f 2188 2187 2217
f 2191 2188 2218
f 2192 2191 2219
f 2195 2192 2220
f 2196 2195 2221
f 2198 2196 2222
f 2200 2198 2223
f 2224 2200 2225
f 2218 2217 2229
f 2219 2218 2230
f 2220 2219 2232
f 2221 2220 2233
f 2222 2221 2236
f 2223 2222 2237
f 2225 2223 2239
f 2240 2225 2241
f 2132 2244 2148
f 2083 2243 2245
f 2134 2246 2142
f 2135 2247 2143
f 2136 2248 2144
f 2137 2249 2145
f 2138 2250 2146
f 2139 2251 2147
f 2140 2252 2253
f 2141 2253 2244
f 2133 2245 2248
f 2144 2256 2247
f 2143 2255 2249
f 2145 2257 2246
f 2142 2254 2251
f 2147 2259 2250
f 2146 2258 2252
f 2149 2261 2157
f 2150 2262 2158
f 2151 2263 2159
f 2152 2264 2160
f 2153 2265 2161
f 2154 2266 2162
f 2155 2267 2268
f 2156 2268 2242
f 2148 2260 2263
f 2159 2271 2262
f 2158 2270 2264
f 2160 2272 2261
f 2157 2269 2266
f 2162 2274 2265
f 2161 2273 2267
f 2244 2275 2260
f 2245 2243 1529
f 2246 2276 2254
f 2247 2277 2255
f 2248 2278 2256
f 2249 2279 2257
f 2250 2280 2258
f 2251 2281 2259
f 2252 2282 2283
f 2253 2283 2275
f 2254 2276 1828
f 2255 2277 1830
f 2256 2278 1831
f 2278 2245 1529
f 2277 2256 1831
f 2257 2279 1833
f 2279 2255 1830
f 2276 2257 1833
f 2258 2280 1840
f 2259 2281 1841
f 2281 2254 1828
f 2280 2259 1841
f 2283 2282 1843
f 2282 2258 1840
f 2275 2283 1843
f 2260 2275 1825
f 2261 2284 2269
f 2262 2285 2270
f 2263 2286 2271
f 2264 2287 2272
f 2265 2288 2273
f 2266 2289 2274
f 2267 2290 2291
f 2268 2291 2292
f 2269 2284 1868
f 2270 2285 1870
f 2271 2286 1871
f 2286 2260 1825
f 2285 2271 1871
f 2272 2287 1873
f 2287 2270 1870
f 2284 2272 1873
f 2273 2288 1879
f 2274 2289 1880
f 2289 2269 1866
f 2288 2274 1880
f 2291 2290 1882
f 2290 2273 1879
f 2292 2291 1882
f 2295 2242 2293
f 2210 2209 2295
f 2211 2210 2298
f 2212 2211 2300
f 2213 2212 2301
f 2214 2213 2304
f 2215 2214 2305
f 2216 2215 2307
f 2229 2216 2308
f 2300 2296 2310
f 2298 2297 2311
f 2297 2295 2293
f 2296 2298 2312
f 2301 2299 2313
f 2299 2300 2314
f 2304 2301 2315
f 2307 2302 2316
f 2305 2303 2317
f 2303 2304 2318
f 2302 2305 2319
f 2308 2306 2320
f 2306 2307 2321
f 2294 2308 2322
f 2323 2294 2324
f 2236 2226 2325
f 2232 2227 2326
f 2230 2228 2327
f 2228 2229 2323
f 2227 2230 2328
f 2233 2231 2329
f 2231 2232 2330
f 2226 2233 2331
f 2239 2234 2332
f 2237 2235 2333
f 2235 2236 2334
f 2234 2237 2335
f 2241 2238 2336
f 2238 2239 2337
f 2338 2241 2339
f 2334 2325 2340
f 2330 2326 2341
f 2328 2327 2342
f 2327 2323 2343
f 2326 2328 2344
f 2331 2329 2345
f 2329 2330 2346
f 2325 2331 2347
f 2337 2332 2348
f 2335 2333 2349
f 2333 2334 2350
f 2332 2335 2351
f 2339 2336 2352
f 2336 2337 2353
f 2354 2339 2355
f 2343 2324 2356
f 2292 1822 1966
f 2318 2309 2357
f 2314 2310 2358
f 2312 2311 2359
f 2311 2293 2360
f 2310 2312 2361
f 2315 2313 2362
f 2313 2314 2363
f 2309 2315 2364
f 2321 2316 2365
f 2319 2317 2366
f 2317 2318 2367
f 2316 2319 2368
f 2322 2320 2369
f 2320 2321 2370
f 2324 2322 2371
f 2357 1960 1977
f 2358 1962 1970
f 2359 1964 1967
f 2360 1966 1964
f 2361 1967 1962
f 2362 1968 1972
f 2363 1970 1968
f 2364 1972 1960
f 2365 1973 1981
f 2366 1975 1978
f 2367 1977 1975
f 2368 1978 1973
f 2369 1979 1982
f 2370 1981 1979
f 2371 1982 1958
f 2356 1958 2007
f 2350 2340 2372
f 2346 2341 2373
f 2344 2342 2374
f 2342 2343 2375
f 2341 2344 2376
f 2347 2345 2377
f 2345 2346 2378
f 2340 2347 2379
f 2353 2348 2380
f 2351 2349 2381
f 2349 2350 2382
f 2348 2351 2383
f 2355 2352 2384
f 2352 2353 2385
f 2386 2355 2387
f 2372 2001 2021
f 2373 2003 2011
f 2374 2005 2008
f 2375 2007 2005
f 2376 2008 2003
f 2377 2009 2012
f 2378 2011 2009
f 2379 2012 2001
f 2380 2017 2024
f 2381 2019 2022
f 2382 2021 2019
f 2383 2022 2017
f 2384 2023 2025
f 2385 2024 2023
f 2387 2025 1527
f 2338 2354 2388
f 2224 2240 2389
f 2199 2224 2390
f 2391 2392 2393
f 2394 2395 2396
f 2397 2390 2395
f 2398 2396 2392
f 2399 2400 2401
f 2402 2393 2400
f 2403 2401 2404
f 2405 2404 2406
f 2407 2408 2409
f 2410 2411 2412
f 2413 2406 2411
f 2414 2412 2408
f 2415 2416 2417
f 2418 2409 2416
f 2419 2417 2420
f 2404 2421 2422
f 2240 2338 2423
f 2392 2424 2425
f 2395 2426 2427
f 2390 2389 2426
f 2396 2427 2424
f 2400 2428 2429
f 2393 2425 2428
f 2401 2429 2421
f 2424 2430 2431
f 2426 2432 2433
f 2389 2423 2432
f 2427 2433 2430
f 2428 2434 2435
f 2425 2431 2434
f 2429 2435 2436
f 2421 2436 2437
f 2408 2438 2439
f 2411 2440 2441
f 2406 2422 2440
f 2412 2441 2438
f 2416 2442 2443
f 2409 2439 2442
f 2417 2443 2444
f 2438 2445 2446
f 2440 2447 2448
f 2422 2437 2447
f 2441 2448 2445
f 2442 2449 2450
f 2439 2446 2449
f 2443 2450 2451
f 2420 2444 2452
f 2453 2420 2454
f 2455 2456 2457
f 2458 2459 2460
f 2461 2454 2459
f 2462 2460 2456
f 2463 2464 2465
f 2466 2457 2464
f 2467 2465 2468
f 2469 2470 2471
f 2470 2468 2471
f 2444 2451 2472
f 2456 2473 2474
f 2459 2475 2476
f 2454 2452 2475
f 2460 2476 2473
f 2464 2477 2478
f 2457 2474 2477
f 2465 2478 2471
f 2473 2479 2480
f 2475 2481 2482
f 2452 2472 2481
f 2476 2482 2479
f 2477 2483 2484
f 2474 2480 2483
f 2478 2484 2485
f 2486 2487 2488
f 2489 2490 2491
f 2470 2469 2490
f 2492 2491 2487
f 2493 2494 2495
f 2496 2488 2494
f 2497 2495 2498
f 2451 2499 2500
f 2386 2501 2502
f 2436 2503 2504
f 2354 2386 2505
f 2430 2506 2507
f 2432 2508 2509
f 2423 2388 2508
f 2433 2509 2506
f 2434 2510 2511
f 2431 2507 2510
f 2435 2511 2503
f 2506 2512 2513
f 2508 2514 2515
f 2388 2505 2514
f 2509 2515 2512
f 2510 2516 2517
f 2507 2513 2516
f 2511 2517 2518
f 2503 2518 2519
f 2445 2520 2521
f 2447 2522 2523
f 2437 2504 2522
f 2448 2523 2520
f 2449 2524 2525
f 2446 2521 2524
f 2450 2525 2499
f 2520 2526 2527
f 2522 2528 2529
f 2504 2519 2528
f 2523 2529 2526
f 2524 2530 2531
f 2521 2527 2530
f 2525 2531 2532
f 2518 2533 2534
f 2502 2501 1527
f 2512 2535 2536
f 2514 2537 2538
f 2505 2502 2537
f 2515 2538 2535
f 2516 2539 2540
f 2513 2536 2539
f 2517 2540 2533
f 2536 2535 1540
f 2538 2537 1541
f 2537 2502 1527
f 2535 2538 1541
f 2540 2539 1543
f 2539 2536 1540
f 2533 2540 1543
f 2534 2533 1539
f 2526 2541 2542
f 2528 2543 2544
f 2519 2534 2543
f 2529 2544 2541
f 2530 2545 2546
f 2527 2542 2545
f 2531 2546 2547
f 2542 2541 1546
f 2544 2543 1547
f 2543 2534 1539
f 2541 2544 1547
f 2546 2545 1550
f 2545 2542 1546
f 2547 2546 1550
f 2532 2547 2548
f 2549 2469 2550
f 2469 2485 2550
f 2499 2532 2551
f 2479 2552 2553
f 2481 2554 2555
f 2472 2500 2554
f 2482 2555 2552
f 2483 2556 2557
f 2480 2553 2556
f 2484 2557 2550
f 2552 2558 2559
f 2554 2560 2561
f 2500 2551 2560
f 2555 2561 2558
f 2556 2562 2563
f 2553 2559 2562
f 2557 2563 2564
f 2487 2565 2566
f 2490 2567 2568
f 2469 2549 2567
f 2491 2568 2565
f 2494 2569 2570
f 2488 2566 2569
f 2495 2570 2571
f 1561 2549 2572
f 2549 2564 2572
f 2548 2547 1537
f 2558 2573 2574
f 2560 2575 2576
f 2551 2548 2575
f 2561 2576 2573
f 2562 2577 2578
f 2559 2574 2577
f 2563 2578 2572
f 2574 2573 1562
f 2576 2575 1563
f 2575 2548 1537
f 2573 2576 1563
f 2578 2577 1565
f 2577 2574 1562
f 2572 2578 1565
f 2566 2565 1568
f 2568 2567 1569
f 2567 2549 1561
f 2565 2568 1569
f 2570 2569 1572
f 2569 2566 1568
f 2571 2570 1572
f 2579 2498 2571
f 2580 2581 2498
f 2582 2583 2584
f 2585 2586 2587
f 2588 2589 2590
f 2589 2582 2591
f 2586 2588 2592
f 2593 2594 2595
f 2594 2585 2596
f 2597 2593 2598
f 2591 2584 2599
f 2600 2601 2602
f 2603 2604 2605
f 2604 2580 2579
f 2601 2603 2606
f 2607 2608 2609
f 2608 2600 2610
f 2611 2612 2599
f 2599 2607 2611
f 2613 2599 2612
f 2596 2587 2614
f 2592 2590 2615
f 2590 2591 2613
f 2587 2592 2616
f 2598 2595 2617
f 2595 2596 2618
f 2619 2598 2620
f 2618 2614 2621
f 2616 2615 2622
f 2615 2613 2623
f 2614 2616 2624
f 2620 2617 2625
f 2617 2618 2626
f 2627 2620 2628
f 2629 2619 2627
f 2630 2597 2619
f 2631 2632 2633
f 2634 2635 2636
f 2635 2630 2629
f 2632 2634 2637
f 2638 2639 2640
f 2639 2631 2641
f 2642 2638 2643
f 2644 2642 2645
f 2646 2647 2648
f 2649 2650 2651
f 2650 2644 2652
f 2647 2649 2653
f 2654 2655 2656
f 2655 2646 2657
f 2085 2654 2658
f 2652 2645 2659
f 2660 2627 2661
f 2641 2633 2662
f 2637 2636 2663
f 2636 2629 2660
f 2633 2637 2664
f 2643 2640 2665
f 2640 2641 2666
f 2645 2643 2667
f 2666 2662 2668
f 2664 2663 2669
f 2663 2660 2670
f 2662 2664 2671
f 2667 2665 2672
f 2665 2666 2673
f 2659 2667 2674
f 2675 2659 2676
f 2657 2648 2677
f 2653 2651 2678
f 2651 2652 2675
f 2648 2653 2679
f 2658 2656 2680
f 2656 2657 2681
f 2084 2658 2682
f 2681 2677 2683
f 2679 2678 2684
f 2678 2675 2685
f 2677 2679 2686
f 2682 2680 2687
f 2680 2681 2688
f 2084 2682 2689
f 2670 2661 2690
f 2571 1533 1624
f 2623 2612 2691
f 2610 2602 2692
f 2606 2605 2693
f 2605 2579 2694
f 2602 2606 2695
f 2611 2609 2696
f 2609 2610 2697
f 2698 2699 2691
f 2691 2611 2698
f 2700 2691 2699
f 2626 2621 2701
f 2624 2622 2702
f 2622 2623 2700
f 2621 2624 2703
f 2628 2625 2704
f 2625 2626 2705
f 2661 2628 2706
f 2705 2701 2707
f 2703 2702 2708
f 2702 2700 2709
f 2701 2703 2710
f 2706 2704 2711
f 2704 2705 2712
f 2690 2706 2713
f 2709 2699 2714
f 2692 1620 1628
f 2693 1622 1625
f 2694 1624 1622
f 2695 1625 1620
f 2696 1626 1629
f 2697 1628 1626
f 1629 1618 2714
f 2714 2698 1629
f 2714 1618 1634
f 2712 2707 2715
f 2710 2708 2716
f 2708 2709 2717
f 2707 2710 2718
f 2713 2711 2719
f 2711 2712 2720
f 2721 2713 2722
f 2715 1630 1638
f 2716 1632 1635
f 2717 1634 1632
f 2718 1635 1630
f 2719 1636 1639
f 2720 1638 1636
f 2722 1639 1616
f 2723 2721 2724
f 2685 2676 2725
f 2726 2690 2721
f 2673 2668 2727
f 2671 2669 2728
f 2669 2670 2726
f 2668 2671 2729
f 2674 2672 2730
f 2672 2673 2731
f 2676 2674 2732
f 2731 2727 2733
f 2729 2728 2734
f 2728 2726 2723
f 2727 2729 2735
f 2732 2730 2736
f 2730 2731 2737
f 2725 2732 2738
f 2739 2725 2740
f 2688 2683 2741
f 2686 2684 2742
f 2684 2685 2739
f 2683 2686 2743
f 2689 2687 2744
f 2687 2688 2745
f 2083 2689 2746
f 2745 2741 2747
f 2743 2742 2748
f 2742 2739 2749
f 2741 2743 2750
f 2746 2744 2751
f 2744 2745 2752
f 2083 2746 2753
f 2749 2740 2754
f 2724 1616 1654
f 2737 2733 2755
f 2735 2734 2756
f 2734 2723 2757
f 2733 2735 2758
f 2738 2736 2759
f 2736 2737 2760
f 2740 2738 2761
f 2755 1650 1658
f 2756 1652 1655
f 2757 1654 1652
f 2758 1655 1650
f 2759 1656 1659
f 2760 1658 1656
f 2761 1659 1648
f 2754 1648 1664
f 2752 2747 2762
f 2750 2748 2763
f 2748 2749 2764
f 2747 2750 2765
f 2753 2751 2766
f 2751 2752 2767
f 2243 2753 2768
f 2762 1660 1667
f 2763 1662 1665
f 2764 1664 1662
f 2765 1665 1660
f 2766 1666 1668
f 2767 1667 1666
f 2768 1668 1529
f 2394 1282 1265
f 1265 2397 2394
f 2199 2397 1298
f 2397 1297 1298
f 2197 2199 1268
f 2199 1299 1268
f 2197 1267 1223
f 2193 2197 1225
f 2197 1222 1225
f 2193 1224 1270
f 2193 1283 1284
f 1284 2194 2193
f 2194 1285 1286
f 2184 2194 1273
f 2194 1295 1273
f 2184 1272 1228
f 2189 2184 1183
f 2184 1226 1183
f 2190 2189 1185
f 2189 1182 1185
f 1185 1229 2190
f 2185 2190 1006
f 1006 1046 2185
f 2185 1128 1047
f 2186 2185 1130
f 2185 1129 1130
f 2186 1274 1232
f 2183 2186 1133
f 2186 1230 1133
f 1131 1134 2183
f 2180 2183 1135
f 1135 1048 2180
f 2180 1008 979
f 2175 2180 1049
f 2180 1009 1049
f 2174 2175 1136
f 2175 1051 1136
f 2176 2174 1138
f 2174 1137 1138
f 1138 1186 2176
f 2177 2176 1010
f 1010 981 2177
f 2177 980 982
f 982 2166 2177
f 2166 985 983
f 2166 987 986
f 986 2170 2166
f 2171 2170 1012
f 1012 1052 2171
f 2170 988 1012
f 2167 2171 1140
f 1140 1187 2167
f 2167 1054 1141
f 2167 1056 991
f 991 2168 2167
f 2168 989 993
f 2168 992 978
f 978 2164 2168
f 2165 2164 995
f 2164 977 995
f 2165 994 996
f 996 2131 2165
f 2131 1233 1188
f 1188 2128 2131
f 2128 1142 1057
f 1057 2130 2128
f 2130 1143 1058
f 1058 2122 2130
f 2122 1144 1059
f 1059 2127 2122
f 2124 2127 999
f 2127 1060 999
f 2126 2124 1013
f 1013 1014 2126
f 2124 998 1013
f 2126 1016 1015
f 1015 2110 2126
f 2110 1275 1147
f 1147 2121 2110
f 2121 1145 1020
f 1020 2118 2121
f 2120 2118 1017
f 2118 1018 1017
f 2112 2120 1022
f 2120 1021 1022
f 2117 2112 1061
f 2112 1062 1061
f 2117 1064 1148
f 1148 2114 2117
f 2117 1063 1064
f 2114 1149 1189
f 1189 2116 2114
f 2116 1235 1192
f 1192 2108 2116
f 2107 2108 1066
f 2108 1190 1066
f 2105 2107 1025
f 2107 1065 1025
f 2106 2105 1027
f 2105 1024 1027
f 2099 2106 1029
f 2106 1026 1029
f 2099 1030 1067
f 1067 2104 2099
f 2099 1028 1030
f 2101 2104 1031
f 2104 1068 1031
f 2103 2101 1237
f 2101 1276 1237
f 2087 2103 1152
f 2103 1236 1152
f 2098 2087 1033
f 2087 1151 1033
f 2095 2098 1035
f 2098 1032 1035
f 2097 2095 1000
f 2095 1034 1000
f 2089 2097 1070
f 2097 1069 1070
f 2097 1036 1069
f 2094 2089 1071
f 2089 1073 1071
f 2091 2094 1195
f 2094 1287 1195
f 2093 2091 1076
f 2091 1193 1076
f 2085 2093 1079
f 2093 1075 1079
f 2654 2085 1196
f 2085 1077 1196
f 2654 1153 1081
f 1081 2655 2654
f 2646 2655 1083
f 2655 1080 1083
f 2647 2646 1155
f 2646 1082 1155
f 2647 1238 1239
f 1239 2649 2647
f 2647 1154 1238
f 2650 2649 1241
f 2649 1240 1241
f 2644 2650 1244
f 2650 1288 1244
f 2642 2644 1199
f 2644 1243 1199
f 2638 2642 1158
f 2642 1198 1158
f 2639 2638 1160
f 2638 1157 1160
f 1160 1200 2639
f 2631 2639 1003
f 1003 1037 2631
f 2632 2631 1038
f 2631 1084 1038
f 2634 2632 1086
f 2632 1085 1086
f 2635 2634 1291
f 2634 1296 1291
f 2630 2635 1247
f 2635 1289 1247
f 2597 2630 1245
f 1245 1248 2597
f 2593 2597 1249
f 1249 1201 2593
f 2593 1161 1087
f 1087 2594 2593
f 2585 2594 1202
f 2594 1162 1202
f 2586 2585 1250
f 2585 1203 1250
f 2588 2586 1252
f 2586 1251 1252
f 1252 1277 2588
f 2589 2588 1164
f 1164 1089 2589
f 2589 1088 1090
f 1090 2582 2589
f 2582 1093 1091
f 1091 2583 2582
f 2583 1094 1095
f 2607 2584 2583
f 2583 1096 2607
f 2608 2607 1165
f 1165 1205 2608
f 2607 1096 1165
f 2600 2608 1254
f 1254 1278 2600
f 2601 2600 1207
f 1207 1255 2601
f 2601 1208 1099
f 1099 2603 2601
f 2603 1097 1101
f 1101 2604 2603
f 2604 1100 1040
f 1040 2580 2604
f 2581 2580 1102
f 2580 1039 1102
f 2581 1103 1104
f 1104 2497 2581
f 2497 1292 1279
f 1279 2493 2497
f 2493 1256 1210
f 1210 2496 2493
f 2496 1257 1211
f 1211 2486 2496
f 2492 2486 1212
f 2486 1258 1212
f 2489 2492 1107
f 2492 1213 1107
f 2470 2489 1166
f 1166 1167 2470
f 2489 1106 1166
f 2470 1169 2769
f 2769 1169 1168
f 1168 1293 2769
f 2769 1293 1216
f 1216 2467 2769
f 2467 1215 1110
f 1110 2463 2467
f 2466 2463 1111
f 2463 1109 1111
f 2455 2466 1113
f 2466 1112 1113
f 2462 2455 1171
f 2455 1170 1171
f 2462 1172 1217
f 1217 2458 2462
f 2462 1173 1172
f 2458 1219 1259
f 1259 2461 2458
f 2461 1280 1262
f 1262 2453 2461
f 2419 2453 1175
f 2453 1261 1175
f 2415 2419 1115
f 2419 1174 1115
f 2418 2415 1118
f 2415 1114 1118
f 2407 2418 1121
f 2418 1116 1121
f 2407 1119 1176
f 1176 2414 2407
f 2407 1120 1119
f 2410 2414 1122
f 2414 1178 1122
f 2413 2410 1264
f 2410 1294 1264
f 2405 2413 1180
f 2413 1263 1180
f 2403 2405 1042
f 2405 1179 1042
f 2399 2403 1044
f 2403 1041 1044
f 2402 2399 1004
f 2399 1043 1004
f 2391 2402 1124
f 2402 1123 1124
f 2402 1045 1123
f 2398 2391 1125
f 2391 1127 1125
f 2398 1220 1266
f 1266 2394 2398
f 2398 1221 1220
f 1711 1300 1301
f 1301 1747 1711
f 1747 1302 1303
f 1303 1746 1747
f 1748 1746 1304
f 1745 1748 1305
f 1748 1306 1305
f 1750 1745 1307
f 1307 1308 1750
f 1745 1309 1307
f 1749 1750 1310
f 1751 1749 1311
f 1749 1312 1311
f 1751 1313 1314
f 1314 1744 1751
f 1744 1315 1316
f 1316 1754 1744
f 1753 1754 1317
f 1755 1753 1318
f 1752 1755 1319
f 1319 1320 1752
f 1755 1321 1319
f 1757 1752 1322
f 1756 1757 1323
f 1757 1324 1323
f 1756 1325 1326
f 1326 1758 1756
f 1758 1327 1328
f 1328 1743 1758
f 1762 1743 1329
f 1329 1330 1762
f 1761 1762 1331
f 1763 1761 1332
f 1332 1333 1763
f 1761 1334 1332
f 1760 1763 1335
f 1765 1760 1336
f 1764 1765 1337
f 1765 1338 1337
f 1764 1339 1340
f 1340 1766 1764
f 1759 1766 1341
f 1341 1342 1759
f 1769 1759 1343
f 1769 1344 1345
f 1345 1768 1769
f 1769 1346 1344
f 1770 1768 1347
f 1347 1348 1770
f 1767 1770 1349
f 1772 1767 1350
f 1767 1351 1350
f 1771 1772 1352
f 1772 1353 1352
f 1771 1354 1355
f 1355 1774 1771
f 1773 1774 1356
f 1773 1357 1358
f 1358 1775 1773
f 1775 1359 1360
f 1360 1809 1775
f 1809 1361 1362
f 1785 1810 1363
f 1810 1362 1363
f 1808 1785 1364
f 1785 1365 1364
f 1808 1366 1367
f 1367 1786 1808
f 1786 1368 1369
f 1784 1811 1370
f 1811 1369 1370
f 1784 1371 1372
f 1372 1807 1784
f 1807 1373 1374
f 1788 1374 1375
f 1787 1813 1376
f 1813 1375 1376
f 1812 1787 1377
f 1787 1378 1377
f 1812 1379 1380
f 1380 1814 1812
f 1814 1381 1382
f 1814 1383 1381
f 1790 1814 1384
f 1814 1382 1384
f 1790 1385 1386
f 1386 1806 1790
f 1806 1387 1388
f 1817 1389 1390
f 1817 1388 1389
f 1799 1817 1391
f 1817 1390 1391
f 1799 1392 1393
f 1393 1816 1799
f 1816 1394 1395
f 1816 1396 1394
f 1818 1801 1397
f 1801 1395 1397
f 1818 1398 1399
f 1399 1798 1818
f 1798 1400 1401
f 1815 1401 1402
f 1820 1803 1403
f 1803 1402 1403
f 1802 1820 1404
f 1820 1405 1404
f 1819 1802 1406
f 1802 1407 1406
f 1804 1819 1408
f 1819 1409 1408
f 1804 1410 1411
f 1411 1805 1804
f 1805 1412 1413
f 1821 1413 1414
f 1414 1919 1821
f 1919 1415 1416
f 1416 1918 1919
f 1920 1918 1417
f 1917 1920 1418
f 1920 1419 1418
f 1922 1917 1420
f 1420 1421 1922
f 1917 1422 1420
f 1921 1922 1423
f 1923 1921 1424
f 1921 1425 1424
f 1923 1426 1427
f 1427 1916 1923
f 1916 1428 1429
f 1429 1926 1916
f 1925 1926 1430
f 1927 1925 1431
f 1924 1927 1432
f 1432 1433 1924
f 1927 1434 1432
f 1929 1924 1435
f 1928 1929 1436
f 1929 1437 1436
f 1928 1438 1439
f 1439 1930 1928
f 1930 1440 1441
f 1441 1932 1930
f 1951 1932 1442
f 1442 1443 1951
f 1950 1951 1444
f 1952 1950 1445
f 1445 1446 1952
f 1950 1447 1445
f 1949 1952 1448
f 1954 1949 1449
f 1953 1954 1450
f 1954 1451 1450
f 1953 1452 1453
f 1453 1956 1953
f 2770 1956 1454
f 1454 1455 2770
f 1456 1933 2770
f 1933 1955 2770
f 1943 1933 1457
f 1457 1458 1943
f 1933 1456 1457
f 1944 1943 1459
f 1459 1460 1944
f 1942 1944 1461
f 1946 1942 1462
f 1942 1463 1462
f 1946 1464 1465
f 1465 1945 1946
f 1945 1466 1467
f 1467 1948 1945
f 1947 1948 1468
f 1947 1469 1470
f 1470 1957 1947
f 1957 1471 1472
f 1472 2047 1957
f 2047 1473 1474
f 2048 1475 1476
f 2048 1474 1475
f 2046 1988 1477
f 1988 1476 1477
f 2046 1478 1479
f 1479 2049 2046
f 2049 1480 1481
f 2057 1482 1483
f 1481 1482 2057
f 2057 2049 1481
f 2057 2058 2049
f 2057 1484 1485
f 1485 2058 2057
f 2058 1486 1487
f 2054 1487 1488
f 2053 2060 1489
f 2060 1488 1489
f 2059 2053 1490
f 2053 1491 1490
f 2059 1492 1493
f 1493 2061 2059
f 2061 1494 1495
f 2061 1496 1494
f 2056 2061 1497
f 2061 1495 1497
f 2056 1498 1499
f 1499 2062 2056
f 2062 1500 1501
f 2079 1502 1503
f 2079 1501 1502
f 2067 2079 1504
f 2079 1503 1504
f 2067 1505 1506
f 1506 2078 2067
f 2078 1507 1508
f 2078 1509 1507
f 2080 2069 1510
f 2069 1508 1510
f 2080 1511 1512
f 1512 2070 2080
f 2070 1513 1514
f 2077 1514 1515
f 2082 2074 1516
f 2074 1515 1516
f 2073 2082 1517
f 2082 1518 1517
f 2081 2073 1519
f 2073 1520 1519
f 2075 2081 1521
f 2081 1522 1521
f 2075 1523 1524
f 1524 2076 2075
f 2076 1525 1300
f 1300 1711 2076
f 1524 1525 2076
f 1521 1523 2075
f 1519 1522 2081
f 1517 1520 2073
f 1516 1518 2082
f 1515 2074 2077
f 1514 2077 2070
f 1512 1513 2070
f 1510 1511 2080
f 1508 2069 2078
f 1506 1509 2078
f 1504 1505 2067
f 1501 2079 2062
f 1499 1500 2062
f 1497 1498 2056
f 1493 1496 2061
f 1490 1492 2059
f 1489 1491 2053
f 1488 2060 2054
f 1487 2054 2058
f 1485 1486 2058
f 1483 1484 2057
f 1479 1480 2049
f 1477 1478 2046
f 1476 1988 2048
f 1474 2048 2047
f 1472 1473 2047
f 1470 1471 1957
f 1468 1469 1947
f 1467 1468 1948
f 1465 1466 1945
f 1462 1464 1946
f 1461 1463 1942
f 1460 1461 1944
f 1458 1459 1943
f 2770 1526 1456
f 1455 1526 2770
f 1453 1454 1956
f 1450 1452 1953
f 1449 1451 1954
f 1448 1449 1949
f 1446 1448 1952
f 1444 1447 1950
f 1443 1444 1951
f 1441 1442 1932
f 1439 1440 1930
f 1436 1438 1928
f 1435 1437 1929
f 1433 1435 1924
f 1431 1434 1927
f 1430 1431 1925
f 1429 1430 1926
f 1427 1428 1916
f 1424 1426 1923
f 1423 1425 1921
f 1421 1423 1922
f 1418 1422 1917
f 1417 1419 1920
f 1416 1417 1918
f 1414 1415 1919
f 1413 1821 1805
f 1411 1412 1805
f 1408 1410 1804
f 1406 1409 1819
f 1404 1407 1802
f 1403 1405 1820
f 1402 1803 1815
f 1401 1815 1798
f 1399 1400 1798
f 1397 1398 1818
f 1395 1801 1816
f 1393 1396 1816
f 1391 1392 1799
f 1388 1817 1806
f 1386 1387 1806
f 1384 1385 1790
f 1380 1383 1814
f 1377 1379 1812
f 1376 1378 1787
f 1375 1813 1788
f 1374 1788 1807
f 1372 1373 1807
f 1370 1371 1784
f 1369 1811 1786
f 1367 1368 1786
f 1364 1366 1808
f 1363 1365 1785
f 1362 1810 1809
f 1360 1361 1809
f 1358 1359 1775
f 1356 1357 1773
f 1355 1356 1774
f 1352 1354 1771
f 1350 1353 1772
f 1349 1351 1767
f 1348 1349 1770
f 1345 1347 1768
f 1343 1346 1769
f 1342 1343 1759
f 1340 1341 1766
f 1337 1339 1764
f 1336 1338 1765
f 1335 1336 1760
f 1333 1335 1763
f 1331 1334 1761
f 1330 1331 1762
f 1328 1329 1743
f 1326 1327 1758
f 1323 1325 1756
f 1322 1324 1757
f 1320 1322 1752
f 1318 1321 1755
f 1317 1318 1753
f 1316 1317 1754
f 1314 1315 1744
f 1311 1313 1751
f 1310 1312 1749
f 1308 1310 1750
f 1305 1309 1745
f 1304 1306 1748
f 1303 1304 1746
f 1301 1302 1747
f 1266 1282 2394
f 1125 1221 2398
f 1124 1127 2391
f 1004 1045 2402
f 1044 1043 2399
f 1042 1041 2403
f 1180 1179 2405
f 1264 1263 2413
f 1122 1294 2410
f 1176 1178 2414
f 1121 1120 2407
f 1118 1116 2418
f 1115 1114 2415
f 1175 1174 2419
f 1262 1261 2453
f 1259 1280 2461
f 1217 1219 2458
f 1171 1173 2462
f 1113 1170 2455
f 1111 1112 2466
f 1110 1109 2463
f 1216 1215 2467
f 2769 2468 2470
f 1167 1169 2470
f 1107 1106 2489
f 1212 1213 2492
f 1211 1258 2486
f 1210 1257 2496
f 1279 1256 2493
f 1104 1292 2497
f 1102 1103 2581
f 1040 1039 2580
f 1101 1100 2604
f 1099 1097 2603
f 1255 1208 2601
f 1278 1207 2600
f 1205 1254 2608
f 1095 1096 2583
f 1091 1094 2583
f 1090 1093 2582
f 1089 1088 2589
f 1277 1164 2588
f 1250 1251 2586
f 1202 1203 2585
f 1087 1162 2594
f 1201 1161 2593
f 1248 1249 2597
f 1247 1245 2630
f 1291 1289 2635
f 1086 1296 2634
f 1038 1085 2632
f 1037 1084 2631
f 1200 1003 2639
f 1158 1157 2638
f 1199 1198 2642
f 1244 1243 2644
f 1241 1288 2650
f 1239 1240 2649
f 1155 1154 2647
f 1083 1082 2646
f 1081 1080 2655
f 1196 1153 2654
f 1079 1077 2085
f 1076 1075 2093
f 1195 1193 2091
f 1071 1287 2094
f 1070 1073 2089
f 1000 1036 2097
f 1035 1034 2095
f 1033 1032 2098
f 1152 1151 2087
f 1237 1236 2103
f 1031 1276 2101
f 1067 1068 2104
f 1029 1028 2099
f 1027 1026 2106
f 1025 1024 2105
f 1066 1065 2107
f 1192 1190 2108
f 1189 1235 2116
f 1148 1149 2114
f 1061 1063 2117
f 1022 1062 2112
f 1017 1021 2120
f 1020 1018 2118
f 1147 1145 2121
f 1015 1275 2110
f 1014 1016 2126
f 999 998 2124
f 1059 1060 2127
f 1058 1144 2122
f 1057 1143 2130
f 1188 1142 2128
f 996 1233 2131
f 995 994 2165
f 978 977 2164
f 993 992 2168
f 991 989 2168
f 1141 1056 2167
f 1187 1054 2167
f 1052 1140 2171
f 986 988 2170
f 983 987 2166
f 982 985 2166
f 981 980 2177
f 1186 1010 2176
f 1136 1137 2174
f 1049 1051 2175
f 979 1009 2180
f 1048 1008 2180
f 1134 1135 2183
f 1133 1131 2183
f 1232 1230 2186
f 1130 1274 2186
f 1047 1129 2185
f 1046 1128 2185
f 1229 1006 2190
f 1183 1182 2189
f 1228 1226 2184
f 1273 1272 2184
f 1286 1295 2194
f 1284 1285 2194
f 1270 1283 2193
f 1225 1224 2193
f 1223 1222 2197
f 1268 1267 2197
f 1298 1299 2199
f 1265 1297 2397
f 1529 2243 2768
f 1666 2766 2767
f 1668 2768 2766
f 1660 2762 2765
f 1662 2763 2764
f 1665 2765 2763
f 1667 2767 2762
f 2767 2766 2751
f 2766 2768 2753
f 2765 2762 2747
f 2764 2763 2748
f 2763 2765 2750
f 2762 2767 2752
f 1664 2764 2754
f 1648 2754 2761
f 1656 2759 2760
f 1659 2761 2759
f 1650 2755 2758
f 1652 2756 2757
f 1655 2758 2756
f 1658 2760 2755
f 2761 2754 2740
f 2760 2759 2736
f 2759 2761 2738
f 2758 2755 2733
f 2757 2756 2734
f 2756 2758 2735
f 2755 2760 2737
f 1654 2757 2724
f 2754 2764 2749
f 2753 2243 2083
f 2752 2751 2744
f 2751 2753 2746
f 2750 2747 2741
f 2749 2748 2742
f 2748 2750 2743
f 2747 2752 2745
f 2745 2744 2687
f 2744 2746 2689
f 2743 2741 2683
f 2739 2742 2684
f 2742 2743 2686
f 2741 2745 2688
f 2740 2749 2739
f 2738 2740 2725
f 2737 2736 2730
f 2736 2738 2732
f 2735 2733 2727
f 2723 2734 2728
f 2734 2735 2729
f 2733 2737 2731
f 2732 2725 2676
f 2731 2730 2672
f 2730 2732 2674
f 2729 2727 2668
f 2726 2728 2669
f 2728 2729 2671
f 2727 2731 2673
f 2721 2723 2726
f 2725 2739 2685
f 2724 2757 2723
f 1616 2724 2722
f 1636 2719 2720
f 1639 2722 2719
f 1630 2715 2718
f 1632 2716 2717
f 1635 2718 2716
f 1638 2720 2715
f 2722 2724 2721
f 2720 2719 2711
f 2719 2722 2713
f 2718 2715 2707
f 2717 2716 2708
f 2716 2718 2710
f 2715 2720 2712
f 1634 2717 2714
f 2714 2699 2698
f 1626 2696 2697
f 1629 2698 2696
f 1620 2692 2695
f 1622 2693 2694
f 1625 2695 2693
f 1628 2697 2692
f 2714 2717 2709
f 2713 2721 2690
f 2712 2711 2704
f 2711 2713 2706
f 2710 2707 2701
f 2709 2708 2702
f 2708 2710 2703
f 2707 2712 2705
f 2706 2690 2661
f 2705 2704 2625
f 2704 2706 2628
f 2703 2701 2621
f 2700 2702 2622
f 2702 2703 2624
f 2701 2705 2626
f 2699 2709 2700
f 2691 2612 2611
f 2697 2696 2609
f 2696 2698 2611
f 2695 2692 2602
f 2694 2693 2605
f 2693 2695 2606
f 2692 2697 2610
f 2691 2700 2623
f 1624 2694 2571
f 2690 2726 2670
f 2689 2083 2084
f 2688 2687 2680
f 2687 2689 2682
f 2686 2683 2677
f 2685 2684 2678
f 2684 2686 2679
f 2683 2688 2681
f 2681 2680 2656
f 2680 2682 2658
f 2679 2677 2648
f 2675 2678 2651
f 2678 2679 2653
f 2677 2681 2657
f 2676 2685 2675
f 2674 2676 2659
f 2673 2672 2665
f 2672 2674 2667
f 2671 2668 2662
f 2670 2669 2663
f 2669 2671 2664
f 2668 2673 2666
f 2667 2659 2645
f 2666 2665 2640
f 2665 2667 2643
f 2664 2662 2633
f 2660 2663 2636
f 2663 2664 2637
f 2662 2666 2641
f 2661 2670 2660
f 2659 2675 2652
f 2658 2084 2085
f 2657 2656 2655
f 2656 2658 2654
f 2653 2648 2647
f 2652 2651 2650
f 2651 2653 2649
f 2648 2657 2646
f 2645 2652 2644
f 2643 2645 2642
f 2641 2640 2639
f 2640 2643 2638
f 2637 2633 2632
f 2629 2636 2635
f 2636 2637 2634
f 2633 2641 2631
f 2619 2629 2630
f 2627 2660 2629
f 2628 2661 2627
f 2626 2625 2617
f 2625 2628 2620
f 2624 2621 2614
f 2623 2622 2615
f 2622 2624 2616
f 2621 2626 2618
f 2620 2627 2619
f 2618 2617 2595
f 2617 2620 2598
f 2616 2614 2587
f 2613 2615 2590
f 2615 2616 2592
f 2614 2618 2596
f 2612 2623 2613
f 2599 2584 2607
f 2610 2609 2608
f 2609 2611 2607
f 2606 2602 2601
f 2579 2605 2604
f 2605 2606 2603
f 2602 2610 2600
f 2599 2613 2591
f 2598 2619 2597
f 2596 2595 2594
f 2595 2598 2593
f 2592 2587 2586
f 2591 2590 2589
f 2590 2592 2588
f 2587 2596 2585
f 2584 2591 2582
f 2498 2579 2580
f 2571 2694 2579
f 1572 1533 2571
f 1568 1572 2569
f 1569 1568 2565
f 1561 1569 2567
f 1565 1561 2572
f 1562 1565 2577
f 1563 1562 2573
f 1537 1563 2575
f 2572 2564 2563
f 2577 2562 2559
f 2578 2563 2562
f 2573 2558 2561
f 2575 2560 2551
f 2576 2561 2560
f 2574 2559 2558
f 2571 2498 2495
f 2569 2494 2488
f 2570 2495 2494
f 2565 2487 2491
f 2567 2490 2469
f 2568 2491 2490
f 2566 2488 2487
f 2564 2550 2557
f 2562 2556 2553
f 2563 2557 2556
f 2558 2552 2555
f 2560 2554 2500
f 2561 2555 2554
f 2559 2553 2552
f 2550 2485 2484
f 2556 2483 2480
f 2557 2484 2483
f 2552 2479 2482
f 2554 2481 2472
f 2555 2482 2481
f 2553 2480 2479
f 2551 2500 2499
f 2550 2564 2549
f 2548 2551 2532
f 1550 1537 2547
f 1546 1550 2545
f 1547 1546 2541
f 1539 1547 2543
f 2547 2532 2531
f 2545 2530 2527
f 2546 2531 2530
f 2541 2526 2529
f 2543 2528 2519
f 2544 2529 2528
f 2542 2527 2526
f 1543 1539 2533
f 1540 1543 2539
f 1541 1540 2535
f 1527 1541 2537
f 2533 2518 2517
f 2539 2516 2513
f 2540 2517 2516
f 2535 2512 2515
f 2537 2514 2505
f 2538 2515 2514
f 2536 2513 2512
f 2534 2519 2518
f 2532 2499 2525
f 2530 2524 2521
f 2531 2525 2524
f 2526 2520 2523
f 2528 2522 2504
f 2529 2523 2522
f 2527 2521 2520
f 2499 2451 2450
f 2524 2449 2446
f 2525 2450 2449
f 2520 2445 2448
f 2522 2447 2437
f 2523 2448 2447
f 2521 2446 2445
f 2519 2504 2503
f 2518 2503 2511
f 2516 2510 2507
f 2517 2511 2510
f 2512 2506 2509
f 2514 2508 2388
f 2515 2509 2508
f 2513 2507 2506
f 2503 2436 2435
f 2510 2434 2431
f 2511 2435 2434
f 2506 2430 2433
f 2508 2432 2423
f 2509 2433 2432
f 2507 2431 2430
f 2505 2388 2354
f 2504 2437 2436
f 2502 2505 2386
f 2500 2472 2451
f 2498 2581 2497
f 2494 2493 2496
f 2495 2497 2493
f 2487 2486 2492
f 2490 2489 2470
f 2491 2492 2489
f 2488 2496 2486
f 2485 2471 2478
f 2483 2477 2474
f 2484 2478 2477
f 2479 2473 2476
f 2481 2475 2452
f 2482 2476 2475
f 2480 2474 2473
f 2471 2468 2465
f 2477 2464 2457
f 2478 2465 2464
f 2473 2456 2460
f 2475 2459 2454
f 2476 2460 2459
f 2474 2457 2456
f 2472 2452 2444
f 2471 2485 2469
f 2468 2769 2467
f 2464 2463 2466
f 2465 2467 2463
f 2456 2455 2462
f 2459 2458 2461
f 2460 2462 2458
f 2457 2466 2455
f 2454 2461 2453
f 2452 2454 2420
f 2451 2444 2443
f 2449 2442 2439
f 2450 2443 2442
f 2445 2438 2441
f 2447 2440 2422
f 2448 2441 2440
f 2446 2439 2438
f 2444 2420 2417
f 2442 2416 2409
f 2443 2417 2416
f 2438 2408 2412
f 2440 2411 2406
f 2441 2412 2411
f 2439 2409 2408
f 2437 2422 2421
f 2436 2421 2429
f 2434 2428 2425
f 2435 2429 2428
f 2430 2424 2427
f 2432 2426 2389
f 2433 2427 2426
f 2431 2425 2424
f 2421 2404 2401
f 2428 2400 2393
f 2429 2401 2400
f 2424 2392 2396
f 2426 2395 2390
f 2427 2396 2395
f 2425 2393 2392
f 2423 2389 2240
f 2422 2406 2404
f 2420 2453 2419
f 2416 2415 2418
f 2417 2419 2415
f 2408 2407 2414
f 2411 2410 2413
f 2412 2414 2410
f 2409 2418 2407
f 2406 2413 2405
f 2404 2405 2403
f 2400 2399 2402
f 2401 2403 2399
f 2392 2391 2398
f 2395 2394 2397
f 2396 2398 2394
f 2393 2402 2391
f 2390 2397 2199
f 2389 2390 2224
f 2388 2423 2338
f 1527 2501 2387
f 2023 2384 2385
f 2025 2387 2384
f 2017 2380 2383
f 2019 2381 2382
f 2022 2383 2381
f 2024 2385 2380
f 2001 2372 2379
f 2009 2377 2378
f 2012 2379 2377
f 2003 2373 2376
f 2005 2374 2375
f 2008 2376 2374
f 2011 2378 2373
f 2021 2382 2372
f 2387 2501 2386
f 2385 2384 2352
f 2384 2387 2355
f 2383 2380 2348
f 2382 2381 2349
f 2381 2383 2351
f 2380 2385 2353
f 2379 2372 2340
f 2378 2377 2345
f 2377 2379 2347
f 2376 2373 2341
f 2375 2374 2342
f 2374 2376 2344
f 2373 2378 2346
f 2372 2382 2350
f 2007 2375 2356
f 1958 2356 2371
f 1979 2369 2370
f 1982 2371 2369
f 1973 2365 2368
f 1975 2366 2367
f 1978 2368 2366
f 1981 2370 2365
f 1960 2357 2364
f 1968 2362 2363
f 1972 2364 2362
f 1962 2358 2361
f 1964 2359 2360
f 1967 2361 2359
f 1970 2363 2358
f 1977 2367 2357
f 2371 2356 2324
f 2370 2369 2320
f 2369 2371 2322
f 2368 2365 2316
f 2367 2366 2317
f 2366 2368 2319
f 2365 2370 2321
f 2364 2357 2309
f 2363 2362 2313
f 2362 2364 2315
f 2361 2358 2310
f 2360 2359 2311
f 2359 2361 2312
f 2358 2363 2314
f 2357 2367 2318
f 1966 2360 2292
f 2356 2375 2343
f 2355 2386 2354
f 2353 2352 2336
f 2352 2355 2339
f 2351 2348 2332
f 2350 2349 2333
f 2349 2351 2335
f 2348 2353 2337
f 2347 2340 2325
f 2346 2345 2329
f 2345 2347 2331
f 2344 2341 2326
f 2343 2342 2327
f 2342 2344 2328
f 2341 2346 2330
f 2340 2350 2334
f 2339 2354 2338
f 2337 2336 2238
f 2336 2339 2241
f 2335 2332 2234
f 2334 2333 2235
f 2333 2335 2237
f 2332 2337 2239
f 2331 2325 2226
f 2330 2329 2231
f 2329 2331 2233
f 2328 2326 2227
f 2323 2327 2228
f 2327 2328 2230
f 2326 2330 2232
f 2325 2334 2236
f 2324 2343 2323
f 2322 2324 2294
f 2321 2320 2306
f 2320 2322 2308
f 2319 2316 2302
f 2318 2317 2303
f 2317 2319 2305
f 2316 2321 2307
f 2315 2309 2304
f 2314 2313 2299
f 2313 2315 2301
f 2312 2310 2296
f 2293 2311 2297
f 2311 2312 2298
f 2310 2314 2300
f 2309 2318 2304
f 2308 2294 2229
f 2307 2306 2216
f 2306 2308 2216
f 2305 2302 2215
f 2304 2303 2214
f 2303 2305 2214
f 2302 2307 2215
f 2301 2304 2213
f 2300 2299 2212
f 2299 2301 2212
f 2298 2296 2211
f 2295 2297 2210
f 2297 2298 2210
f 2296 2300 2211
f 2294 2323 2229
f 2292 2360 2293
f 1882 1822 2292
f 1879 1882 2290
f 1880 1879 2288
f 1866 1880 2289
f 1873 1868 2284
f 1870 1873 2287
f 1871 1870 2285
f 1825 1871 2286
f 1868 1866 2269
f 2292 2293 2268
f 2290 2267 2273
f 2291 2268 2267
f 2288 2265 2274
f 2289 2266 2269
f 2284 2261 2272
f 2287 2264 2270
f 2285 2262 2271
f 2286 2263 2260
f 1843 1825 2275
f 1840 1843 2282
f 1841 1840 2280
f 1828 1841 2281
f 1833 1828 2276
f 1830 1833 2279
f 1831 1830 2277
f 1529 1831 2278
f 2275 2244 2253
f 2282 2252 2258
f 2283 2253 2252
f 2280 2250 2259
f 2281 2251 2254
f 2276 2246 2257
f 2279 2249 2255
f 2277 2247 2256
f 2278 2248 2245
f 2293 2242 2268
f 2274 2162 2266
f 2273 2161 2265
f 2272 2160 2264
f 2271 2159 2263
f 2270 2158 2262
f 2269 2157 2261
f 2242 2209 2156
f 2267 2155 2161
f 2268 2156 2155
f 2265 2153 2162
f 2266 2154 2157
f 2261 2149 2160
f 2264 2152 2158
f 2262 2150 2159
f 2263 2151 2148
f 2260 2148 2244
f 2259 2147 2251
f 2258 2146 2250
f 2257 2145 2249
f 2256 2144 2248
f 2255 2143 2247
f 2254 2142 2246
f 2244 2132 2141
f 2252 2140 2146
f 2253 2141 2140
f 2250 2138 2147
f 2251 2139 2142
f 2246 2134 2145
f 2249 2137 2143
f 2247 2135 2144
f 2248 2136 2133
f 2245 2133 2083
f 2242 2295 2209
f 2241 2338 2240
f 2239 2238 2225
f 2238 2241 2225
f 2237 2234 2223
f 2236 2235 2222
f 2235 2237 2222
f 2234 2239 2223
f 2233 2226 2221
f 2232 2231 2220
f 2231 2233 2220
f 2230 2227 2219
f 2229 2228 2218
f 2228 2230 2218
f 2227 2232 2219
f 2226 2236 2221
f 2225 2240 2224
f 2223 2225 2200
f 2222 2223 2198
f 2221 2222 2196
f 2220 2221 2195
f 2219 2220 2192
f 2218 2219 2191
f 2217 2218 2188
f 2216 2229 2217
f 2215 2216 2208
f 2214 2215 2207
f 2213 2214 2206
f 2212 2213 2205
f 2211 2212 2204
f 2210 2211 2203
f 2209 2210 2202
f 2208 2217 2187
f 2207 2208 2182
f 2206 2207 2175
f 2205 2206 2177
f 2204 2205 2178
f 2203 2204 2173
f 2202 2203 2172
f 2201 2202 2169
f 2200 2224 2199
f 2198 2200 2197
f 2196 2198 2193
f 2195 2196 2194
f 2192 2195 2184
f 2191 2192 2190
f 2188 2191 2185
f 2187 2188 2186
f 2182 2187 2183
f 2181 2182 2180
f 2179 2175 2174
f 2177 2179 2176
f 2173 2178 2166
f 2172 2173 2171
f 2169 2172 2167
f 2163 2169 2168
f 2129 2163 2164
f 2209 2201 2156
f 2162 2125 2154
f 2161 2123 2153
f 2160 2119 2152
f 2159 2115 2151
f 2158 2113 2150
f 2157 2111 2149
f 2155 2128 2123
f 2156 2129 2128
f 2153 2122 2125
f 2154 2124 2111
f 2149 2110 2119
f 2152 2118 2113
f 2150 2112 2115
f 2151 2114 2109
f 2148 2109 2132
f 2147 2102 2139
f 2146 2100 2138
f 2145 2096 2137
f 2144 2092 2136
f 2143 2090 2135
f 2142 2088 2134
f 2132 2108 2107
f 2140 2105 2100
f 2141 2107 2105
f 2138 2099 2102
f 2139 2101 2088
f 2134 2087 2096
f 2137 2095 2090
f 2135 2089 2092
f 2136 2091 2086
f 2133 2086 2084
f 2129 2165 2131
f 2129 2131 2128
f 2125 2127 2124
f 2123 2130 2122
f 2119 2121 2118
f 2115 2117 2114
f 2113 2120 2112
f 2111 2126 2110
f 2109 2116 2108
f 2102 2104 2101
f 2100 2106 2099
f 2096 2098 2095
f 2092 2094 2091
f 2090 2097 2089
f 2088 2103 2087
f 2086 2093 2085
f 1711 1710 2076
f 2082 2072 2074
f 2081 2071 2073
f 2080 2066 2069
f 2079 2068 2044
f 2079 2065 2068
f 2078 2064 2067
f 2077 2063 2070
f 1710 1532 2043
f 2075 2042 2071
f 2076 2043 2042
f 2073 2040 2072
f 2074 2041 2063
f 1532 1531 2043
f 2072 2039 2041
f 2071 2038 2040
f 2070 2037 2066
f 2069 2036 2064
f 2067 2034 2065
f 2068 2035 2044
f 2066 2033 2036
f 2065 2032 2035
f 2064 2031 2034
f 2063 2030 2037
f 2062 2044 2056
f 2061 2055 2050
f 2061 2052 2055
f 2060 2051 2054
f 2059 2050 2053
f 2056 1999 2052
f 2055 1998 2050
f 2053 1996 2051
f 2054 1997 2045
f 2052 1995 1998
f 2051 1994 1997
f 2050 1993 1996
f 2049 1990 1963
f 2049 1991 1990
f 2047 1989 1823
f 2048 1965 1989
f 2046 1963 1988
f 2045 1987 1992
f 2044 2000 1999
f 1531 1536 2029
f 2042 2028 2038
f 2043 2029 2028
f 2040 2026 2039
f 2041 2027 2030
f 1536 1535 2029
f 2039 2020 2027
f 2038 2018 2026
f 2037 2016 2033
f 2036 2015 2031
f 2034 2013 2032
f 2035 2014 2000
f 2033 2010 2015
f 2032 2006 2014
f 2031 2004 2013
f 2030 2002 2016
f 1535 1528 2025
f 2028 2023 2018
f 2029 2025 2023
f 2026 2017 2020
f 2027 2019 2002
f 1528 1527 2025
f 2020 2022 2019
f 2018 2024 2017
f 2016 2001 2010
f 2015 2009 2004
f 2013 2003 2006
f 2014 2005 1959
f 2010 2012 2009
f 2006 2008 2005
f 2004 2011 2003
f 2002 2021 2001
f 2000 1959 1986
f 1999 1986 1995
f 1998 1985 1993
f 1996 1983 1994
f 1997 1984 1987
f 1995 1980 1985
f 1994 1976 1984
f 1993 1974 1983
f 1990 1968 1963
f 1991 1969 1968
f 1988 1962 1965
f 1989 1964 1823
f 1987 1961 1971
f 1986 1958 1980
f 1985 1979 1974
f 1983 1973 1976
f 1984 1975 1961
f 1980 1982 1979
f 1976 1978 1975
f 1974 1981 1973
f 1969 1972 1968
f 1965 1967 1964
f 1963 1970 1962
f 1961 1977 1960
f 1959 2007 1958
f 1957 1823 1947
f 1956 2770 1955
f 1954 1953 1941
f 1953 1956 1941
f 1952 1949 1940
f 1951 1950 1939
f 1950 1952 1939
f 1949 1954 1940
f 1946 1945 1898
f 1945 1948 1898
f 1944 1942 1897
f 1933 1943 1896
f 1943 1944 1896
f 1942 1946 1897
f 1941 1955 1885
f 1940 1941 1938
f 1939 1940 1937
f 1931 1939 1936
f 1938 1885 1934
f 1937 1938 1895
f 1936 1937 1894
f 1935 1936 1893
f 1885 1955 1933
f 1932 1951 1931
f 1930 1932 1931
f 1929 1928 1915
f 1928 1930 1915
f 1927 1924 1914
f 1926 1925 1913
f 1925 1927 1913
f 1924 1929 1914
f 1923 1916 1912
f 1922 1921 1907
f 1921 1923 1907
f 1920 1917 1906
f 1919 1918 1905
f 1918 1920 1905
f 1917 1922 1906
f 1916 1926 1912
f 1915 1931 1899
f 1914 1915 1911
f 1913 1914 1910
f 1912 1913 1909
f 1911 1899 1892
f 1910 1911 1864
f 1909 1910 1863
f 1908 1909 1862
f 1907 1912 1908
f 1906 1907 1904
f 1905 1906 1903
f 1900 1905 1902
f 1904 1908 1861
f 1903 1904 1856
f 1902 1903 1855
f 1901 1902 1854
f 1821 1919 1900
f 1899 1935 1892
f 1898 1947 1822
f 1897 1898 1884
f 1896 1897 1883
f 1885 1896 1881
f 1895 1934 1886
f 1894 1895 1891
f 1893 1894 1890
f 1892 1893 1889
f 1891 1886 1887
f 1890 1891 1878
f 1889 1890 1877
f 1888 1889 1876
f 1886 1934 1885
f 1883 1884 1882
f 1881 1883 1879
f 1866 1881 1880
f 1878 1887 1867
f 1877 1878 1875
f 1876 1877 1874
f 1865 1876 1872
f 1875 1867 1868
f 1874 1875 1873
f 1872 1874 1870
f 1869 1872 1871
f 1867 1887 1866
f 1864 1892 1888
f 1863 1864 1860
f 1862 1863 1859
f 1861 1862 1858
f 1860 1888 1865
f 1859 1860 1849
f 1858 1859 1848
f 1857 1858 1847
f 1856 1861 1857
f 1855 1856 1853
f 1854 1855 1852
f 1824 1854 1851
f 1853 1857 1846
f 1852 1853 1838
f 1851 1852 1837
f 1850 1851 1836
f 1849 1865 1826
f 1848 1849 1845
f 1847 1848 1844
f 1846 1847 1842
f 1845 1826 1825
f 1844 1845 1843
f 1842 1844 1840
f 1839 1842 1841
f 1838 1846 1839
f 1837 1838 1835
f 1836 1837 1834
f 1827 1836 1832
f 1835 1839 1828
f 1834 1835 1833
f 1832 1834 1830
f 1829 1832 1831
f 1700 1850 1827
f 1826 1869 1825
f 1797 1901 1824
f 1823 1966 1822
f 1821 1900 1805
f 1820 1796 1803
f 1819 1795 1802
f 1818 1794 1801
f 1817 1800 1776
f 1817 1793 1800
f 1816 1792 1799
f 1815 1791 1798
f 1814 1789 1781
f 1814 1783 1789
f 1813 1782 1788
f 1812 1781 1787
f 1811 1780 1786
f 1809 1810 1709
f 1808 1778 1785
f 1807 1777 1784
f 1806 1776 1790
f 1900 1797 1708
f 1804 1707 1795
f 1805 1708 1707
f 1802 1705 1796
f 1803 1706 1791
f 1798 1701 1794
f 1801 1704 1792
f 1799 1702 1793
f 1800 1703 1776
f 1797 1824 1708
f 1796 1699 1706
f 1795 1698 1705
f 1794 1697 1704
f 1793 1696 1703
f 1792 1695 1702
f 1791 1694 1701
f 1790 1693 1783
f 1789 1692 1781
f 1787 1690 1782
f 1788 1691 1777
f 1784 1686 1780
f 1786 1689 1778
f 1785 1687 1779
f 1810 1688 1709
f 1783 1685 1692
f 1782 1684 1691
f 1781 1683 1690
f 1780 1682 1689
f 1779 1681 1688
f 1778 1680 1687
f 1777 1679 1686
f 1776 1677 1693
f 1775 1709 1773
f 1772 1771 1742
f 1771 1774 1742
f 1770 1767 1741
f 1769 1768 1740
f 1768 1770 1740
f 1767 1772 1741
f 1766 1759 1739
f 1765 1764 1738
f 1764 1766 1738
f 1763 1760 1737
f 1762 1761 1736
f 1761 1763 1736
f 1760 1765 1737
f 1759 1769 1739
f 1758 1743 1735
f 1757 1756 1726
f 1756 1758 1726
f 1755 1752 1725
f 1754 1753 1724
f 1753 1755 1724
f 1752 1757 1725
f 1751 1744 1723
f 1750 1749 1722
f 1749 1751 1722
f 1748 1745 1721
f 1747 1746 1720
f 1746 1748 1720
f 1745 1750 1721
f 1744 1754 1723
f 1743 1762 1735
f 1742 1773 1678
f 1741 1742 1734
f 1740 1741 1733
f 1739 1740 1732
f 1738 1739 1731
f 1737 1738 1730
f 1736 1737 1729
f 1735 1736 1728
f 1733 1734 1614
f 1732 1733 1613
f 1731 1732 1612
f 1730 1731 1611
f 1729 1730 1610
f 1728 1729 1609
f 1727 1728 1608
f 1726 1735 1727
f 1725 1726 1719
f 1724 1725 1718
f 1723 1724 1717
f 1722 1723 1716
f 1721 1722 1715
f 1720 1721 1714
f 1710 1720 1713
f 1719 1727 1607
f 1718 1719 1597
f 1717 1718 1596
f 1716 1717 1595
f 1715 1716 1594
f 1714 1715 1593
f 1713 1714 1592
f 1712 1713 1591
f 1711 1747 1710
f 1709 1615 1678
f 1824 1700 1676
f 1707 1675 1698
f 1708 1676 1675
f 1705 1673 1699
f 1706 1674 1694
f 1701 1669 1697
f 1704 1672 1695
f 1702 1670 1696
f 1703 1671 1677
f 1700 1827 1676
f 1699 1663 1674
f 1698 1661 1673
f 1697 1657 1672
f 1696 1653 1671
f 1695 1651 1670
f 1694 1649 1669
f 1693 1647 1685
f 1692 1646 1683
f 1690 1644 1684
f 1691 1645 1679
f 1686 1640 1682
f 1689 1643 1680
f 1687 1641 1681
f 1688 1642 1615
f 1685 1637 1646
f 1684 1633 1645
f 1683 1631 1644
f 1682 1627 1643
f 1681 1623 1642
f 1680 1621 1641
f 1679 1619 1640
f 1677 1617 1647
f 1827 1530 1668
f 1675 1666 1661
f 1676 1668 1666
f 1673 1660 1663
f 1674 1662 1649
f 1669 1648 1657
f 1672 1656 1651
f 1670 1650 1653
f 1671 1652 1617
f 1530 1529 1668
f 1663 1665 1662
f 1661 1667 1660
f 1657 1659 1656
f 1653 1655 1652
f 1651 1658 1650
f 1649 1664 1648
f 1647 1616 1637
f 1646 1636 1631
f 1644 1630 1633
f 1645 1632 1619
f 1640 1618 1627
f 1643 1626 1621
f 1641 1620 1623
f 1642 1622 1534
f 1637 1639 1636
f 1633 1635 1632
f 1631 1638 1630
f 1627 1629 1626
f 1623 1625 1622
f 1621 1628 1620
f 1619 1634 1618
f 1617 1654 1616
f 1615 1534 1605
f 1614 1678 1605
f 1613 1614 1606
f 1612 1613 1604
f 1611 1612 1603
f 1610 1611 1602
f 1609 1610 1601
f 1608 1609 1600
f 1607 1608 1599
f 1604 1606 1582
f 1603 1604 1581
f 1602 1603 1580
f 1601 1602 1579
f 1600 1601 1578
f 1599 1600 1577
f 1598 1599 1576
f 1597 1607 1598
f 1596 1597 1590
f 1595 1596 1589
f 1594 1595 1588
f 1593 1594 1587
f 1592 1593 1586
f 1591 1592 1585
f 1531 1591 1584
f 1590 1598 1575
f 1589 1590 1559
f 1588 1589 1558
f 1587 1588 1557
f 1586 1587 1556
f 1585 1586 1555
f 1584 1585 1554
f 1583 1584 1553
f 1582 1605 1533
f 1581 1582 1574
f 1580 1581 1573
f 1579 1580 1571
f 1578 1579 1570
f 1577 1578 1567
f 1576 1577 1566
f 1575 1576 1564
f 1573 1574 1572
f 1571 1573 1568
f 1570 1571 1569
f 1567 1570 1561
f 1566 1567 1565
f 1564 1566 1562
f 1560 1564 1563
f 1559 1575 1560
f 1558 1559 1552
f 1557 1558 1551
f 1556 1557 1549
f 1555 1556 1548
f 1554 1555 1545
f 1553 1554 1544
f 1535 1553 1542
f 1552 1560 1537
f 1551 1552 1550
f 1549 1551 1546
f 1548 1549 1547
f 1545 1548 1539
f 1544 1545 1543
f 1542 1544 1540
f 1538 1542 1541
f 1536 1583 1535
f 1534 1624 1533
f 1532 1712 1531
f 1530 1829 1529
f 1528 1538 1527
f 1473 1472 1471
f 1526 1333 1332
f 1468 1471 1470
f 1468 1474 1473
f 1468 1476 1475
f 1468 1478 1477
f 1468 1483 1482
f 1526 1320 1319
f 1526 1335 1333
f 1346 1446 1445
f 1471 1468 1473
f 1477 1476 1468
f 1468 1484 1483
f 1468 1486 1485
f 1468 1488 1487
f 1526 1321 1318
f 1526 1322 1320
f 1526 1329 1328
f 1526 1331 1330
f 1332 1334 1526
f 1526 1338 1336
f 1359 1365 1362
f 1356 1370 1369
f 1356 1378 1376
f 1356 1379 1377
f 1346 1407 1404
f 1346 1409 1406
f 1346 1414 1413
f 1346 1448 1446
f 1496 1466 1465
f 1496 1468 1467
f 1475 1474 1468
f 1468 1480 1479
f 1482 1481 1468
f 1487 1486 1468
f 1526 1495 1494
f 1526 1498 1497
f 1526 1500 1499
f 1319 1321 1526
f 1330 1329 1526
f 1336 1335 1526
f 1365 1363 1362
f 1359 1366 1364
f 1359 1368 1367
f 1356 1371 1370
f 1356 1373 1372
f 1356 1375 1374
f 1377 1378 1356
f 1346 1405 1403
f 1406 1407 1346
f 1346 1412 1411
f 1346 1415 1414
f 1346 1417 1416
f 1445 1447 1346
f 1346 1451 1449
f 1496 1458 1457
f 1496 1461 1460
f 1496 1464 1462
f 1467 1466 1496
f 1479 1478 1468
f 1485 1484 1468
f 1468 1491 1489
f 1468 1492 1490
f 1497 1495 1526
f 1526 1501 1500
f 1526 1503 1502
f 1526 1505 1504
f 1526 1508 1507
f 1526 1511 1510
f 1526 1513 1512
f 1526 1515 1514
f 1526 1317 1316
f 1526 1324 1322
f 1526 1325 1323
f 1526 1327 1326
f 1334 1331 1526
f 1526 1339 1337
f 1526 1343 1342
f 1383 1345 1344
f 1383 1349 1348
f 1383 1353 1350
f 1383 1354 1352
f 1368 1358 1357
f 1362 1361 1359
f 1367 1366 1359
f 1372 1371 1356
f 1376 1375 1356
f 1346 1390 1389
f 1346 1392 1391
f 1404 1405 1346
f 1346 1410 1408
f 1413 1412 1346
f 1346 1419 1417
f 1346 1421 1420
f 1346 1440 1439
f 1346 1442 1441
f 1346 1444 1443
f 1449 1448 1346
f 1496 1459 1458
f 1496 1463 1461
f 1465 1464 1496
f 1481 1480 1468
f 1490 1491 1468
f 1499 1498 1526
f 1504 1503 1526
f 1510 1508 1526
f 1514 1513 1526
f 1526 1301 1300
f 1526 1308 1307
f 1526 1315 1314
f 1318 1317 1526
f 1326 1325 1526
f 1337 1338 1526
f 1526 1341 1340
f 1526 1346 1343
f 1383 1347 1345
f 1383 1351 1349
f 1352 1353 1383
f 1383 1356 1355
f 1368 1359 1358
f 1364 1365 1359
f 1374 1373 1356
f 1356 1383 1380
f 1346 1385 1384
f 1346 1387 1386
f 1391 1390 1346
f 1408 1409 1346
f 1416 1415 1346
f 1346 1423 1421
f 1346 1426 1424
f 1346 1428 1427
f 1441 1440 1346
f 1447 1444 1346
f 1346 1454 1453
f 1346 1526 1455
f 1457 1456 1496
f 1462 1463 1496
f 1489 1488 1468
f 1468 1496 1493
f 1502 1501 1526
f 1526 1509 1506
f 1512 1511 1526
f 1526 1518 1516
f 1526 1522 1519
f 1526 1523 1521
f 1526 1525 1524
f 1526 1302 1301
f 1526 1310 1308
f 1526 1313 1311
f 1316 1315 1526
f 1328 1327 1526
f 1342 1341 1526
f 1348 1347 1383
f 1355 1354 1383
f 1361 1360 1359
f 1380 1379 1356
f 1346 1382 1381
f 1386 1385 1346
f 1389 1388 1346
f 1346 1396 1393
f 1346 1398 1397
f 1346 1400 1399
f 1346 1402 1401
f 1411 1410 1346
f 1346 1425 1423
f 1427 1426 1346
f 1346 1433 1432
f 1346 1438 1436
f 1443 1442 1346
f 1346 1452 1450
f 1455 1454 1346
f 1460 1459 1496
f 1493 1492 1468
f 1506 1505 1526
f 1516 1515 1526
f 1521 1522 1526
f 1300 1525 1526
f 1526 1304 1303
f 1526 1309 1305
f 1526 1312 1310
f 1314 1313 1526
f 1340 1339 1526
f 1350 1351 1383
f 1369 1368 1356
f 1384 1382 1346
f 1393 1392 1346
f 1346 1395 1394
f 1399 1398 1346
f 1403 1402 1346
f 1346 1422 1418
f 1424 1425 1346
f 1346 1430 1429
f 1346 1435 1433
f 1439 1438 1346
f 1453 1452 1346
f 1470 1469 1468
f 1507 1509 1526
f 1524 1523 1526
f 1526 1306 1304
f 1307 1309 1526
f 1323 1324 1526
f 1357 1356 1368
f 1388 1387 1346
f 1397 1395 1346
f 1418 1419 1346
f 1429 1428 1346
f 1346 1434 1431
f 1346 1437 1435
f 1450 1451 1346
f 1494 1496 1526
f 1526 1520 1517
f 1303 1302 1526
f 1311 1312 1526
f 1381 1383 1346
f 1401 1400 1346
f 1431 1430 1346
f 1436 1437 1346
f 1517 1518 1526
f 1305 1306 1526
f 1394 1396 1346
f 1432 1434 1346
f 1519 1520 1526
f 1420 1422 1346
f 1344 1346 1383
f 1456 1526 1496

