# OBJ generated by ONSHAPE BY PTC INC, 1.202 Units = meters
mtllib D.mtl
g D
v 0.120645 0.0821079 0.0025 
v 0.120836 0.0777555 0.0025 
v 0.12079 0.0792932 0.0375 
v 0.120528 0.0834347 0.0025 
v 0.120557 0.0833299 0.0375 
v 0.120546 0.0834363 0.0375 
v 0.120866 0.0751628 0.0375 
v 0.120866 0.0751628 0.0025 
v 0.12016 0.0872681 0.0375 
v 0.120277 0.0862732 0.0025 
v 0.119591 0.0910322 0.0375 
v 0.119596 0.091033 0.0025 
v 0.119734 0.0902588 0.0025 
v 0.119969 0.0887066 0.0375 
v 0.119454 0.0918764 0.0375 
v 0.119334 0.0925116 0.0025 
v 0.118816 0.0949546 0.0375 
v 0.118095 0.0977809 0.0375 
v 0.118076 0.0977758 0.0025 
v 0.118574 0.0959691 0.0025 
v 0.116296 0.103181 0.0025 
v 0.118055 0.0979385 0.0375 
v 0.117165 0.100827 0.0375 
v 0.116613 0.102395 0.0025 
v 0.117667 0.0992613 0.0025 
v 0.114271 0.107767 0.0025 
v 0.11541 0.105379 0.0025 
v 0.11499 0.10631 0.0375 
v 0.116145 0.103618 0.0375 
v 0.116303 0.103185 0.0375 
v 0.112018 0.111743 0.0375 
v 0.112015 0.111741 0.0025 
v 0.11297 0.110201 0.0025 
v 0.114055 0.10822 0.0025 
v 0.113694 0.108904 0.0375 
v 0.113072 0.110025 0.0375 
v 0.114264 0.107763 0.0375 
v 0.111486 0.112593 0.0025 
v 0.11163 0.112375 0.0375 
v 0.110063 0.114607 0.0375 
v 0.109272 0.115595 0.0375 
v 0.109273 0.115596 0.0025 
v 0.109877 0.114854 0.0025 
v 0.10837 0.116722 0.0375 
v 0.108139 0.116991 0.0025 
v 0.106549 0.118722 0.0375 
v 0.106266 0.11901 0.0025 
v 0.106266 0.11901 0.0375 
v 0.108391 0.0335509 0.0375 
v 0.108399 0.0335441 0.0025 
v 0.108155 0.0332375 0.0025 
v 0.10529 0.0301595 0.0375 
v 0.107243 0.0321932 0.0375 
v 0.106292 0.0311705 0.0025 
v 0.10529 0.0301595 0.0025 
v 0.110744 0.0366074 0.0375 
v 0.111169 0.0372538 0.0025 
v 0.109888 0.0354191 0.0025 
v 0.109059 0.0343409 0.0375 
v 0.111492 0.0377166 0.0025 
v 0.111166 0.0372554 0.0375 
v 0.112301 0.0389989 0.0375 
v 0.112968 0.0401304 0.0025 
v 0.113346 0.0408037 0.0375 
v 0.113529 0.0411409 0.0025 
v 0.113618 0.0413378 0.0375 
v 0.113626 0.0413335 0.0025 
v 0.11477 0.0435967 0.0375 
v 0.115775 0.0459088 0.0375 
v 0.115776 0.0459081 0.0025 
v 0.114854 0.0437767 0.0025 
v 0.117634 0.0511146 0.0025 
v 0.117081 0.0493385 0.0025 
v 0.117166 0.0495906 0.0375 
v 0.116042 0.0465232 0.0375 
v 0.116037 0.0465095 0.0025 
v 0.119166 0.0571567 0.0025 
v 0.118772 0.055281 0.0025 
v 0.118975 0.0561775 0.0375 
v 0.118144 0.0528063 0.0375 
v 0.117992 0.0522627 0.0025 
v 0.11763 0.0511158 0.0375 
v 0.119174 0.057155 0.0375 
v 0.119433 0.0584325 0.0375 
v 0.119425 0.058392 0.0025 
v 0.120055 0.0623285 0.0375 
v 0.119953 0.0615933 0.0025 
v 0.120156 0.0631093 0.0025 
v 0.120239 0.0640031 0.0375 
v 0.120247 0.0640022 0.0025 
v 0.120772 0.0706344 0.0375 
v 0.120789 0.0710534 0.0025 
v 0.120555 0.0670341 0.0025 
v 0.120792 0.071572 0.0375 
v 0.120799 0.0715718 0.0025 
v 0.120502 0.0663932 0.0375 
v 0.123366 0.0751628 0.04 
v 0.123288 0.0793871 0.04 
v 0.123105 0.0751628 0.0399863 
v 0.122846 0.0751628 0.0399454 
v 0.122593 0.0751628 0.0398776 
v 0.122349 0.0751628 0.0397839 
v 0.122116 0.0751628 0.0396651 
v 0.121896 0.0751628 0.0395225 
v 0.121693 0.0751628 0.0393579 
v 0.121508 0.0751628 0.0391728 
v 0.121343 0.0751628 0.0389695 
v 0.121201 0.0751628 0.03875 
v 0.121082 0.0751628 0.0385168 
v 0.120988 0.0751628 0.0382725 
v 0.120921 0.0751628 0.0380198 
v 0.12088 0.0751628 0.0377613 
v 0.123049 0.0835259 0.04 
v 0.122641 0.0875751 0.04 
v 0.122444 0.0890573 0.04 
v 0.121912 0.0923295 0.04 
v 0.121252 0.0955163 0.04 
v 0.120462 0.0986147 0.04 
v 0.119535 0.101623 0.04 
v 0.118469 0.104539 0.04 
v 0.117258 0.107361 0.04 
v 0.115897 0.110087 0.04 
v 0.115241 0.111268 0.04 
v 0.113719 0.113747 0.04 
v 0.112063 0.116106 0.04 
v 0.110271 0.118346 0.04 
v 0.108342 0.120464 0.04 
v 0.108043 0.120769 0.04 
v 0.107857 0.120585 0.0399863 
v 0.107673 0.120404 0.0399454 
v 0.107494 0.120226 0.0398776 
v 0.10732 0.120054 0.0397839 
v 0.107155 0.11989 0.0396651 
v 0.106999 0.119735 0.0395225 
v 0.106854 0.119592 0.0393579 
v 0.106723 0.119462 0.0391728 
v 0.106606 0.119346 0.0389695 
v 0.106504 0.119246 0.03875 
v 0.10642 0.119162 0.0385168 
v 0.106353 0.119097 0.0382725 
v 0.106305 0.119049 0.0380198 
v 0.106276 0.11902 0.0377613 
v 0.123027 0.0793773 0.0399863 
v 0.122768 0.0793675 0.0399454 
v 0.122516 0.0793581 0.0398776 
v 0.122272 0.0793489 0.0397839 
v 0.122039 0.0793401 0.0396651 
v 0.121819 0.0793319 0.0395225 
v 0.121616 0.0793242 0.0393579 
v 0.121431 0.0793173 0.0391728 
v 0.121267 0.0793111 0.0389695 
v 0.121124 0.0793057 0.03875 
v 0.121006 0.0793013 0.0385168 
v 0.120912 0.0792978 0.0382725 
v 0.120844 0.0792952 0.0380198 
v 0.120803 0.0792937 0.0377613 
v 0.122788 0.0835054 0.0399863 
v 0.122531 0.0834851 0.0399454 
v 0.122279 0.0834653 0.0398776 
v 0.122035 0.0834462 0.0397839 
v 0.121803 0.0834279 0.0396651 
v 0.121584 0.0834107 0.0395225 
v 0.121381 0.0833947 0.0393579 
v 0.121197 0.0833802 0.0391728 
v 0.121033 0.0833673 0.0389695 
v 0.120891 0.0833561 0.03875 
v 0.120772 0.0833468 0.0385168 
v 0.120679 0.0833395 0.0382725 
v 0.120611 0.0833341 0.0380198 
v 0.12057 0.0833309 0.0377613 
v 0.122382 0.087543 0.0399863 
v 0.122125 0.0875113 0.0399454 
v 0.121874 0.0874803 0.0398776 
v 0.121632 0.0874503 0.0397839 
v 0.1214 0.0874216 0.0396651 
v 0.121183 0.0873947 0.0395225 
v 0.120981 0.0873697 0.0393579 
v 0.120797 0.087347 0.0391728 
v 0.120634 0.0873267 0.0389695 
v 0.120492 0.0873092 0.03875 
v 0.120374 0.0872947 0.0385168 
v 0.120281 0.0872831 0.0382725 
v 0.120214 0.0872748 0.0380198 
v 0.120173 0.0872698 0.0377613 
v 0.122186 0.0890206 0.0399863 
v 0.12193 0.0889844 0.0399454 
v 0.121679 0.0889489 0.0398776 
v 0.121438 0.0889147 0.0397839 
v 0.121207 0.088882 0.0396651 
v 0.120989 0.0888512 0.0395225 
v 0.120788 0.0888227 0.0393579 
v 0.120605 0.0887967 0.0391728 
v 0.120442 0.0887736 0.0389695 
v 0.120301 0.0887536 0.03875 
v 0.120183 0.088737 0.0385168 
v 0.12009 0.0887238 0.0382725 
v 0.120023 0.0887143 0.0380198 
v 0.119983 0.0887086 0.0377613 
v 0.121655 0.0922822 0.0399863 
v 0.121401 0.0922353 0.0399454 
v 0.121152 0.0921895 0.0398776 
v 0.120912 0.0921452 0.0397839 
v 0.120683 0.092103 0.0396651 
v 0.120467 0.0920632 0.0395225 
v 0.120267 0.0920263 0.0393579 
v 0.120085 0.0919928 0.0391728 
v 0.119923 0.0919629 0.0389695 
v 0.119783 0.0919371 0.03875 
v 0.119666 0.0919156 0.0385168 
v 0.119574 0.0918986 0.0382725 
v 0.119507 0.0918863 0.0380198 
v 0.119467 0.0918789 0.0377613 
v 0.120998 0.0954576 0.0399863 
v 0.120746 0.0953995 0.0399454 
v 0.1205 0.0953427 0.0398776 
v 0.120262 0.0952878 0.0397839 
v 0.120034 0.0952355 0.0396651 
v 0.119821 0.0951862 0.0395225 
v 0.119622 0.0951405 0.0393579 
v 0.119442 0.0950989 0.0391728 
v 0.119282 0.0950619 0.0389695 
v 0.119143 0.0950299 0.03875 
v 0.119027 0.0950032 0.0385168 
v 0.118936 0.0949821 0.0382725 
v 0.11887 0.0949669 0.0380198 
v 0.11883 0.0949577 0.0377613 
v 0.12021 0.098544 0.0399863 
v 0.119961 0.0984741 0.0399454 
v 0.119718 0.0984058 0.0398776 
v 0.119483 0.0983397 0.0397839 
v 0.119258 0.0982766 0.0396651 
v 0.119047 0.0982173 0.0395225 
v 0.118851 0.0981623 0.0393579 
v 0.118673 0.0981122 0.0391728 
v 0.118514 0.0980677 0.0389695 
v 0.118377 0.0980291 0.03875 
v 0.118263 0.097997 0.0385168 
v 0.118173 0.0979716 0.0382725 
v 0.118107 0.0979533 0.0380198 
v 0.118068 0.0979422 0.0377613 
v 0.119287 0.10154 0.0399863 
v 0.119042 0.101457 0.0399454 
v 0.118803 0.101377 0.0398776 
v 0.118571 0.101299 0.0397839 
v 0.11835 0.101225 0.0396651 
v 0.118142 0.101155 0.0395225 
v 0.117949 0.10109 0.0393579 
v 0.117774 0.101031 0.0391728 
v 0.117618 0.100979 0.0389695 
v 0.117483 0.100933 0.03875 
v 0.11737 0.100896 0.0385168 
v 0.117281 0.100866 0.0382725 
v 0.117217 0.100844 0.0380198 
v 0.117178 0.100831 0.0377613 
v 0.118226 0.104443 0.0399863 
v 0.117986 0.104348 0.0399454 
v 0.117751 0.104254 0.0398776 
v 0.117524 0.104164 0.0397839 
v 0.117307 0.104078 0.0396651 
v 0.117103 0.103997 0.0395225 
v 0.116914 0.103923 0.0393579 
v 0.116742 0.103854 0.0391728 
v 0.116589 0.103794 0.0389695 
v 0.116456 0.103741 0.03875 
v 0.116346 0.103697 0.0385168 
v 0.116259 0.103663 0.0382725 
v 0.116196 0.103638 0.0380198 
v 0.116158 0.103623 0.0377613 
v 0.117021 0.107251 0.0399863 
v 0.116786 0.107143 0.0399454 
v 0.116557 0.107036 0.0398776 
v 0.116335 0.106934 0.0397839 
v 0.116124 0.106836 0.0396651 
v 0.115925 0.106743 0.0395225 
v 0.11574 0.106658 0.0393579 
v 0.115572 0.10658 0.0391728 
v 0.115423 0.106511 0.0389695 
v 0.115294 0.106451 0.03875 
v 0.115186 0.106401 0.0385168 
v 0.115101 0.106362 0.0382725 
v 0.115039 0.106333 0.0380198 
v 0.115002 0.106316 0.0377613 
v 0.115666 0.109963 0.0399863 
v 0.115439 0.109841 0.0399454 
v 0.115216 0.109721 0.0398776 
v 0.115001 0.109606 0.0397839 
v 0.114796 0.109495 0.0396651 
v 0.114602 0.109391 0.0395225 
v 0.114423 0.109295 0.0393579 
v 0.11426 0.109208 0.0391728 
v 0.114115 0.10913 0.0389695 
v 0.11399 0.109062 0.03875 
v 0.113885 0.109006 0.0385168 
v 0.113802 0.108961 0.0382725 
v 0.113743 0.108929 0.0380198 
v 0.113707 0.10891 0.0377613 
v 0.115014 0.111139 0.0399863 
v 0.11479 0.11101 0.0399454 
v 0.114571 0.110884 0.0398776 
v 0.114359 0.110763 0.0397839 
v 0.114156 0.110647 0.0396651 
v 0.113966 0.110538 0.0395225 
v 0.113789 0.110437 0.0393579 
v 0.113629 0.110345 0.0391728 
v 0.113486 0.110263 0.0389695 
v 0.113362 0.110192 0.03875 
v 0.113259 0.110133 0.0385168 
v 0.113178 0.110086 0.0382725 
v 0.113119 0.110053 0.0380198 
v 0.113084 0.110032 0.0377613 
v 0.113501 0.113603 0.0399863 
v 0.113285 0.113462 0.0399454 
v 0.113074 0.113323 0.0398776 
v 0.11287 0.113189 0.0397839 
v 0.112675 0.113061 0.0396651 
v 0.112491 0.11294 0.0395225 
v 0.112321 0.112829 0.0393579 
v 0.112167 0.112727 0.0391728 
v 0.112029 0.112637 0.0389695 
v 0.11191 0.112558 0.03875 
v 0.11181 0.112493 0.0385168 
v 0.111732 0.112442 0.0382725 
v 0.111675 0.112405 0.0380198 
v 0.111641 0.112382 0.0377613 
v 0.111854 0.11595 0.0399863 
v 0.111647 0.115795 0.0399454 
v 0.111445 0.115643 0.0398776 
v 0.11125 0.115496 0.0397839 
v 0.111063 0.115357 0.0396651 
v 0.110888 0.115225 0.0395225 
v 0.110725 0.115103 0.0393579 
v 0.110577 0.114992 0.0391728 
v 0.110445 0.114893 0.0389695 
v 0.110331 0.114808 0.03875 
v 0.110236 0.114736 0.0385168 
v 0.110161 0.11468 0.0382725 
v 0.110107 0.11464 0.0380198 
v 0.110074 0.114615 0.0377613 
v 0.110073 0.118176 0.0399863 
v 0.109876 0.118008 0.0399454 
v 0.109684 0.117844 0.0398776 
v 0.109498 0.117685 0.0397839 
v 0.109321 0.117534 0.0396651 
v 0.109154 0.117392 0.0395225 
v 0.108999 0.117259 0.0393579 
v 0.108858 0.117139 0.0391728 
v 0.108733 0.117032 0.0389695 
v 0.108625 0.11694 0.03875 
v 0.108535 0.116863 0.0385168 
v 0.108463 0.116802 0.0382725 
v 0.108412 0.116758 0.0380198 
v 0.108381 0.116731 0.0377613 
v 0.108155 0.120282 0.0399863 
v 0.107969 0.120102 0.0399454 
v 0.107788 0.119926 0.0398776 
v 0.107613 0.119756 0.0397839 
v 0.107445 0.119593 0.0396651 
v 0.107288 0.11944 0.0395225 
v 0.107142 0.119299 0.0393579 
v 0.107009 0.11917 0.0391728 
v 0.106891 0.119055 0.0389695 
v 0.106789 0.118956 0.03875 
v 0.106704 0.118873 0.0385168 
v 0.106637 0.118808 0.0382725 
v 0.106588 0.11876 0.0380198 
v 0.106559 0.118732 0.0377613 
v 0.107037 0.0283713 0.04 
v 0.1091 0.0305195 0.04 
v 0.106854 0.0285582 0.0399863 
v 0.106674 0.0287431 0.0399454 
v 0.106497 0.0289239 0.0398776 
v 0.106326 0.0290986 0.0397839 
v 0.106163 0.0292654 0.0396651 
v 0.10601 0.0294224 0.0395225 
v 0.105868 0.0295678 0.0393579 
v 0.105738 0.0297002 0.0391728 
v 0.105623 0.029818 0.0389695 
v 0.105524 0.0299199 0.03875 
v 0.105441 0.0300049 0.0385168 
v 0.105375 0.030072 0.0382725 
v 0.105328 0.0301204 0.0380198 
v 0.105299 0.0301497 0.0377613 
v 0.111018 0.0327877 0.04 
v 0.112796 0.0351793 0.04 
v 0.114436 0.0376993 0.04 
v 0.115536 0.0395982 0.04 
v 0.117031 0.0425308 0.04 
v 0.118363 0.045595 0.04 
v 0.119537 0.0487973 0.04 
v 0.120555 0.0521439 0.04 
v 0.121417 0.0556413 0.04 
v 0.12189 0.0579747 0.04 
v 0.122533 0.0619956 0.04 
v 0.122992 0.0661779 0.04 
v 0.12327 0.0705292 0.04 
v 0.108906 0.0306945 0.0399863 
v 0.108714 0.0308675 0.0399454 
v 0.108526 0.0310367 0.0398776 
v 0.108345 0.0312003 0.0397839 
v 0.108172 0.0313564 0.0396651 
v 0.108009 0.0315033 0.0395225 
v 0.107858 0.0316395 0.0393579 
v 0.10772 0.0317633 0.0391728 
v 0.107598 0.0318736 0.0389695 
v 0.107492 0.031969 0.03875 
v 0.107404 0.0320485 0.0385168 
v 0.107334 0.0321113 0.0382725 
v 0.107284 0.0321567 0.0380198 
v 0.107253 0.0321841 0.0377613 
v 0.110813 0.03295 0.0399863 
v 0.110611 0.0331106 0.0399454 
v 0.110413 0.0332677 0.0398776 
v 0.110221 0.0334194 0.0397839 
v 0.110039 0.0335643 0.0396651 
v 0.109867 0.0337007 0.0395225 
v 0.109707 0.033827 0.0393579 
v 0.109562 0.033942 0.0391728 
v 0.109433 0.0340443 0.0389695 
v 0.109322 0.0341328 0.03875 
v 0.109229 0.0342067 0.0385168 
v 0.109155 0.0342649 0.0382725 
v 0.109102 0.034307 0.0380198 
v 0.10907 0.0343324 0.0377613 
v 0.112581 0.0353286 0.0399863 
v 0.112369 0.0354762 0.0399454 
v 0.112161 0.0356206 0.0398776 
v 0.111961 0.0357602 0.0397839 
v 0.11177 0.0358934 0.0396651 
v 0.111589 0.0360187 0.0395225 
v 0.111423 0.0361349 0.0393579 
v 0.111271 0.0362406 0.0391728 
v 0.111135 0.0363347 0.0389695 
v 0.111019 0.0364161 0.03875 
v 0.110921 0.0364839 0.0385168 
v 0.110844 0.0365375 0.0382725 
v 0.110788 0.0365762 0.0380198 
v 0.110755 0.0365996 0.0377613 
v 0.114213 0.0378352 0.0399863 
v 0.113992 0.0379695 0.0399454 
v 0.113776 0.0381009 0.0398776 
v 0.113568 0.0382279 0.0397839 
v 0.113369 0.0383491 0.0396651 
v 0.113181 0.0384632 0.0395225 
v 0.113007 0.0385689 0.0393579 
v 0.112849 0.0386651 0.0391728 
v 0.112709 0.0387507 0.0389695 
v 0.112587 0.0388248 0.03875 
v 0.112485 0.0388865 0.0385168 
v 0.112405 0.0389353 0.0382725 
v 0.112347 0.0389705 0.0380198 
v 0.112312 0.0389917 0.0377613 
v 0.115307 0.0397242 0.0399863 
v 0.11508 0.0398488 0.0399454 
v 0.114859 0.0399707 0.0398776 
v 0.114645 0.0400885 0.0397839 
v 0.114441 0.0402009 0.0396651 
v 0.114248 0.0403068 0.0395225 
v 0.11407 0.0404048 0.0393579 
v 0.113908 0.040494 0.0391728 
v 0.113764 0.0405735 0.0389695 
v 0.113639 0.0406422 0.03875 
v 0.113535 0.0406995 0.0385168 
v 0.113453 0.0407447 0.0382725 
v 0.113393 0.0407773 0.0380198 
v 0.113358 0.0407971 0.0377613 
v 0.116795 0.0426422 0.0399863 
v 0.116561 0.0427524 0.0399454 
v 0.116332 0.0428602 0.0398776 
v 0.116111 0.0429644 0.0397839 
v 0.1159 0.0430638 0.0396651 
v 0.115702 0.0431573 0.0395225 
v 0.115518 0.0432441 0.0393579 
v 0.115351 0.0433229 0.0391728 
v 0.115202 0.0433932 0.0389695 
v 0.115073 0.0434539 0.03875 
v 0.114965 0.0435046 0.0385168 
v 0.11488 0.0435446 0.0382725 
v 0.114819 0.0435735 0.0380198 
v 0.114782 0.0435909 0.0377613 
v 0.118121 0.045692 0.0399863 
v 0.117881 0.045788 0.0399454 
v 0.117646 0.0458818 0.0398776 
v 0.117419 0.0459725 0.0397839 
v 0.117203 0.0460591 0.0396651 
v 0.116999 0.0461406 0.0395225 
v 0.11681 0.0462161 0.0393579 
v 0.116638 0.0462848 0.0391728 
v 0.116485 0.0463459 0.0389695 
v 0.116353 0.0463988 0.03875 
v 0.116243 0.0464429 0.0385168 
v 0.116156 0.0464777 0.0382725 
v 0.116093 0.0465029 0.0380198 
v 0.116055 0.0465181 0.0377613 
v 0.119289 0.0488802 0.0399863 
v 0.119044 0.0489622 0.0399454 
v 0.118804 0.0490424 0.0398776 
v 0.118573 0.0491199 0.0397839 
v 0.118352 0.0491939 0.0396651 
v 0.118144 0.0492636 0.0395225 
v 0.117951 0.0493281 0.0393579 
v 0.117775 0.0493868 0.0391728 
v 0.117619 0.0494391 0.0389695 
v 0.117484 0.0494843 0.03875 
v 0.117371 0.049522 0.0385168 
v 0.117282 0.0495518 0.0382725 
v 0.117218 0.0495732 0.0380198 
v 0.117179 0.0495862 0.0377613 
v 0.120303 0.0522131 0.0399863 
v 0.120053 0.0522816 0.0399454 
v 0.11981 0.0523485 0.0398776 
v 0.119574 0.0524133 0.0397839 
v 0.119349 0.0524751 0.0396651 
v 0.119138 0.0525332 0.0395225 
v 0.118942 0.0525871 0.0393579 
v 0.118763 0.0526361 0.0391728 
v 0.118604 0.0526798 0.0389695 
v 0.118467 0.0527175 0.03875 
v 0.118352 0.052749 0.0385168 
v 0.118262 0.0527738 0.0382725 
v 0.118197 0.0527918 0.0380198 
v 0.118157 0.0528026 0.0377613 
v 0.121162 0.0556973 0.0399863 
v 0.12091 0.0557528 0.0399454 
v 0.120663 0.055807 0.0398776 
v 0.120424 0.0558594 0.0397839 
v 0.120196 0.0559094 0.0396651 
v 0.119982 0.0559565 0.0395225 
v 0.119783 0.0560001 0.0393579 
v 0.119603 0.0560398 0.0391728 
v 0.119442 0.0560751 0.0389695 
v 0.119303 0.0561057 0.03875 
v 0.119187 0.0561312 0.0385168 
v 0.119095 0.0561513 0.0382725 
v 0.119029 0.0561658 0.0380198 
v 0.118989 0.0561746 0.0377613 
v 0.121633 0.0580225 0.0399863 
v 0.121379 0.0580699 0.0399454 
v 0.121131 0.0581161 0.0398776 
v 0.120891 0.0581609 0.0397839 
v 0.120661 0.0582036 0.0396651 
v 0.120446 0.0582438 0.0395225 
v 0.120246 0.058281 0.0393579 
v 0.120064 0.0583149 0.0391728 
v 0.119902 0.0583451 0.0389695 
v 0.119762 0.0583712 0.03875 
v 0.119645 0.0583929 0.0385168 
v 0.119553 0.0584101 0.0382725 
v 0.119486 0.0584225 0.0380198 
v 0.119446 0.05843 0.0377613 
v 0.122274 0.0620304 0.0399863 
v 0.122017 0.0620648 0.0399454 
v 0.121767 0.0620985 0.0398776 
v 0.121525 0.062131 0.0397839 
v 0.121294 0.062162 0.0396651 
v 0.121076 0.0621913 0.0395225 
v 0.120875 0.0622183 0.0393579 
v 0.120691 0.062243 0.0391728 
v 0.120528 0.0622649 0.0389695 
v 0.120387 0.0622839 0.03875 
v 0.120269 0.0622997 0.0385168 
v 0.120176 0.0623122 0.0382725 
v 0.120109 0.0623212 0.0380198 
v 0.120068 0.0623266 0.0377613 
v 0.122732 0.0662004 0.0399863 
v 0.122474 0.0662227 0.0399454 
v 0.122223 0.0662445 0.0398776 
v 0.121979 0.0662655 0.0397839 
v 0.121747 0.0662856 0.0396651 
v 0.121528 0.0663045 0.0395225 
v 0.121326 0.066322 0.0393579 
v 0.121141 0.0663379 0.0391728 
v 0.120977 0.0663521 0.0389695 
v 0.120835 0.0663644 0.03875 
v 0.120717 0.0663746 0.0385168 
v 0.120623 0.0663827 0.0382725 
v 0.120556 0.0663885 0.0380198 
v 0.120515 0.066392 0.0377613 
v 0.123009 0.0705402 0.0399863 
v 0.122751 0.0705511 0.0399454 
v 0.122498 0.0705617 0.0398776 
v 0.122254 0.070572 0.0397839 
v 0.122021 0.0705818 0.0396651 
v 0.121802 0.070591 0.0395225 
v 0.121599 0.0705996 0.0393579 
v 0.121414 0.0706074 0.0391728 
v 0.121249 0.0706143 0.0389695 
v 0.121107 0.0706203 0.03875 
v 0.120988 0.0706253 0.0385168 
v 0.120895 0.0706292 0.0382725 
v 0.120827 0.0706321 0.0380198 
v 0.120786 0.0706338 0.0377613 
v 0.105932 0.122767 0.04 
v 0.104273 0.120896 0.0375 
v 0.103698 0.124621 0.04 
v 0.103032 0.121927 0.0375 
v 0.102164 0.122646 0.0375 
v 0.101339 0.126335 0.04 
v 0.0999342 0.124267 0.0375 
v 0.0988492 0.127915 0.04 
v 0.0975761 0.125763 0.0375 
v 0.0994979 0.124544 0.0375 
v 0.0970332 0.128938 0.04 
v 0.095853 0.126734 0.0375 
v 0.0941174 0.13038 0.04 
v 0.0930799 0.128106 0.0375 
v 0.0955803 0.126869 0.0375 
v 0.0910659 0.13166 0.04 
v 0.0911641 0.128909 0.0375 
v 0.0901687 0.129327 0.0375 
v 0.0878719 0.132782 0.04 
v 0.0871114 0.1304 0.0375 
v 0.0845288 0.133748 0.04 
v 0.0839004 0.131328 0.0375 
v 0.0861147 0.130688 0.0375 
v 0.08103 0.134558 0.04 
v 0.0805283 0.132109 0.0375 
v 0.0789812 0.134948 0.04 
v 0.0785485 0.132486 0.0375 
v 0.0802207 0.132168 0.0375 
v 0.0749683 0.135547 0.04 
v 0.0746607 0.133066 0.0375 
v 0.0707887 0.135964 0.04 
v 0.0705982 0.133471 0.0375 
v 0.0734216 0.13319 0.0375 
v 0.0664342 0.136199 0.04 
v 0.066353 0.133701 0.0375 
v 0.0628581 0.136257 0.04 
v 0.0628581 0.135995 0.0399863 
v 0.0628581 0.135737 0.0399454 
v 0.0628581 0.135484 0.0398776 
v 0.0628581 0.13524 0.0397839 
v 0.0628581 0.135007 0.0396651 
v 0.0628581 0.134787 0.0395225 
v 0.0628581 0.134584 0.0393579 
v 0.0628581 0.134399 0.0391728 
v 0.0628581 0.134234 0.0389695 
v 0.0628581 0.134091 0.03875 
v 0.0628581 0.133973 0.0385168 
v 0.0628581 0.133879 0.0382725 
v 0.0628581 0.133811 0.0380198 
v 0.0628581 0.13377 0.0377613 
v 0.0628581 0.133757 0.0375 
v 0.065879 0.133708 0.0375 
v 0.105758 0.122571 0.0399863 
v 0.105587 0.122378 0.0399454 
v 0.105419 0.122189 0.0398776 
v 0.105257 0.122006 0.0397839 
v 0.105102 0.121832 0.0396651 
v 0.104957 0.121667 0.0395225 
v 0.104822 0.121515 0.0393579 
v 0.104699 0.121377 0.0391728 
v 0.10459 0.121253 0.0389695 
v 0.104496 0.121147 0.03875 
v 0.104417 0.121058 0.0385168 
v 0.104355 0.120988 0.0382725 
v 0.10431 0.120937 0.0380198 
v 0.104282 0.120906 0.0377613 
v 0.103538 0.124414 0.0399863 
v 0.103379 0.12421 0.0399454 
v 0.103224 0.124011 0.0398776 
v 0.103074 0.123818 0.0397839 
v 0.102931 0.123634 0.0396651 
v 0.102797 0.12346 0.0395225 
v 0.102672 0.1233 0.0393579 
v 0.102558 0.123154 0.0391728 
v 0.102457 0.123023 0.0389695 
v 0.10237 0.122911 0.03875 
v 0.102297 0.122817 0.0385168 
v 0.10224 0.122743 0.0382725 
v 0.102198 0.12269 0.0380198 
v 0.102173 0.122657 0.0377613 
v 0.101192 0.126119 0.0399863 
v 0.101047 0.125905 0.0399454 
v 0.100905 0.125696 0.0398776 
v 0.100768 0.125494 0.0397839 
v 0.100637 0.125301 0.0396651 
v 0.100513 0.12512 0.0395225 
v 0.100399 0.124952 0.0393579 
v 0.100295 0.124799 0.0391728 
v 0.100203 0.124662 0.0389695 
v 0.100122 0.124544 0.03875 
v 0.100056 0.124446 0.0385168 
v 0.100003 0.124369 0.0382725 
v 0.0999649 0.124313 0.0380198 
v 0.0999419 0.124279 0.0377613 
v 0.0987161 0.12769 0.0399863 
v 0.0985845 0.127468 0.0399454 
v 0.0984558 0.12725 0.0398776 
v 0.0983314 0.12704 0.0397839 
v 0.0982126 0.126839 0.0396651 
v 0.0981009 0.12665 0.0395225 
v 0.0979973 0.126475 0.0393579 
v 0.0979031 0.126316 0.0391728 
v 0.0978192 0.126174 0.0389695 
v 0.0977466 0.126052 0.03875 
v 0.0976861 0.125949 0.0385168 
v 0.0976384 0.125869 0.0382725 
v 0.0976039 0.12581 0.0380198 
v 0.097583 0.125775 0.0377613 
v 0.0969099 0.128707 0.0399863 
v 0.0967878 0.128479 0.0399454 
v 0.0966685 0.128257 0.0398776 
v 0.0965532 0.128041 0.0397839 
v 0.0964431 0.127836 0.0396651 
v 0.0963395 0.127642 0.0395225 
v 0.0962435 0.127463 0.0393579 
v 0.0961562 0.1273 0.0391728 
v 0.0960784 0.127155 0.0389695 
v 0.0960111 0.127029 0.03875 
v 0.095955 0.126924 0.0385168 
v 0.0959108 0.126842 0.0382725 
v 0.0958788 0.126782 0.0380198 
v 0.0958595 0.126746 0.0377613 
v 0.0940089 0.130143 0.0399863 
v 0.0939017 0.129908 0.0399454 
v 0.0937968 0.129678 0.0398776 
v 0.0936954 0.129455 0.0397839 
v 0.0935986 0.129243 0.0396651 
v 0.0935076 0.129043 0.0395225 
v 0.0934232 0.128858 0.0393579 
v 0.0933464 0.12869 0.0391728 
v 0.093278 0.12854 0.0389695 
v 0.0932189 0.128411 0.03875 
v 0.0931696 0.128303 0.0385168 
v 0.0931307 0.128217 0.0382725 
v 0.0931026 0.128156 0.0380198 
v 0.0930856 0.128118 0.0377613 
v 0.0909721 0.131416 0.0399863 
v 0.0908793 0.131175 0.0399454 
v 0.0907886 0.130939 0.0398776 
v 0.0907009 0.130711 0.0397839 
v 0.0906173 0.130494 0.0396651 
v 0.0905385 0.130289 0.0395225 
v 0.0904655 0.130099 0.0393579 
v 0.0903991 0.129926 0.0391728 
v 0.09034 0.129773 0.0389695 
v 0.0902889 0.12964 0.03875 
v 0.0902462 0.129529 0.0385168 
v 0.0902126 0.129441 0.0382725 
v 0.0901883 0.129378 0.0380198 
v 0.0901736 0.12934 0.0377613 
v 0.0877924 0.132533 0.0399863 
v 0.0877137 0.132287 0.0399454 
v 0.0876369 0.132046 0.0398776 
v 0.0875625 0.131813 0.0397839 
v 0.0874916 0.131591 0.0396651 
v 0.0874249 0.131382 0.0395225 
v 0.087363 0.131188 0.0393579 
v 0.0873067 0.131012 0.0391728 
v 0.0872566 0.130855 0.0389695 
v 0.0872133 0.130719 0.03875 
v 0.0871771 0.130606 0.0385168 
v 0.0871486 0.130517 0.0382725 
v 0.087128 0.130452 0.0380198 
v 0.0871155 0.130413 0.0377613 
v 0.0844631 0.133495 0.0399863 
v 0.0843982 0.133245 0.0399454 
v 0.0843346 0.133 0.0398776 
v 0.0842732 0.132763 0.0397839 
v 0.0842146 0.132538 0.0396651 
v 0.0841594 0.132325 0.0395225 
v 0.0841083 0.132129 0.0393579 
v 0.0840618 0.131949 0.0391728 
v 0.0840204 0.13179 0.0389695 
v 0.0839846 0.131652 0.03875 
v 0.0839547 0.131537 0.0385168 
v 0.0839312 0.131446 0.0382725 
v 0.0839141 0.131381 0.0380198 
v 0.0839038 0.131341 0.0377613 
v 0.0809776 0.134302 0.0399863 
v 0.0809257 0.134049 0.0399454 
v 0.080875 0.133802 0.0398776 
v 0.080826 0.133562 0.0397839 
v 0.0807792 0.133334 0.0396651 
v 0.0807351 0.133119 0.0395225 
v 0.0806943 0.13292 0.0393579 
v 0.0806572 0.132738 0.0391728 
v 0.0806241 0.132577 0.0389695 
v 0.0805955 0.132437 0.03875 
v 0.0805717 0.132321 0.0385168 
v 0.0805529 0.132229 0.0382725 
v 0.0805393 0.132163 0.0380198 
v 0.0805311 0.132123 0.0377613 
v 0.078936 0.13469 0.0399863 
v 0.0788912 0.134436 0.0399454 
v 0.0788475 0.134187 0.0398776 
v 0.0788052 0.133946 0.0397839 
v 0.0787649 0.133717 0.0396651 
v 0.0787269 0.133501 0.0395225 
v 0.0786917 0.1333 0.0393579 
v 0.0786597 0.133118 0.0391728 
v 0.0786312 0.132956 0.0389695 
v 0.0786065 0.132815 0.03875 
v 0.0785859 0.132698 0.0385168 
v 0.0785697 0.132606 0.0382725 
v 0.078558 0.132539 0.0380198 
v 0.0785509 0.132499 0.0377613 
v 0.0749362 0.135288 0.0399863 
v 0.0749044 0.135031 0.0399454 
v 0.0748733 0.13478 0.0398776 
v 0.0748432 0.134538 0.0397839 
v 0.0748145 0.134307 0.0396651 
v 0.0747875 0.134089 0.0395225 
v 0.0747625 0.133887 0.0393579 
v 0.0747397 0.133703 0.0391728 
v 0.0747195 0.13354 0.0389695 
v 0.0747019 0.133398 0.03875 
v 0.0746873 0.133281 0.0385168 
v 0.0746758 0.133187 0.0382725 
v 0.0746674 0.13312 0.0380198 
v 0.0746624 0.13308 0.0377613 
v 0.0707688 0.135703 0.0399863 
v 0.0707491 0.135446 0.0399454 
v 0.0707298 0.135194 0.0398776 
v 0.0707112 0.13495 0.0397839 
v 0.0706934 0.134718 0.0396651 
v 0.0706767 0.134499 0.0395225 
v 0.0706612 0.134296 0.0393579 
v 0.0706471 0.134111 0.0391728 
v 0.0706346 0.133947 0.0389695 
v 0.0706237 0.133805 0.03875 
v 0.0706146 0.133687 0.0385168 
v 0.0706075 0.133593 0.0382725 
v 0.0706023 0.133526 0.0380198 
v 0.0705992 0.133485 0.0377613 
v 0.0664258 0.135938 0.0399863 
v 0.0664174 0.13568 0.0399454 
v 0.0664091 0.135427 0.0398776 
v 0.0664012 0.135183 0.0397839 
v 0.0663936 0.13495 0.0396651 
v 0.0663865 0.134731 0.0395225 
v 0.0663799 0.134527 0.0393579 
v 0.0663739 0.134342 0.0391728 
v 0.0663685 0.134178 0.0389695 
v 0.0663639 0.134035 0.03875 
v 0.06636 0.133917 0.0385168 
v 0.066357 0.133823 0.0382725 
v 0.0663548 0.133755 0.0380198 
v 0.0663534 0.133714 0.0377613 
v 0.0587891 0.0124414 0.04 
v 0.0631728 0.012519 0.04 
v 0.0587891 0.0127027 0.0399863 
v 0.0587891 0.0129612 0.0399454 
v 0.0587891 0.0132139 0.0398776 
v 0.0587891 0.0134582 0.0397839 
v 0.0587891 0.0136914 0.0396651 
v 0.0587891 0.0139109 0.0395225 
v 0.0587891 0.0141142 0.0393579 
v 0.0587891 0.0142993 0.0391728 
v 0.0587891 0.0144639 0.0389695 
v 0.0587891 0.0146065 0.03875 
v 0.0587891 0.0147253 0.0385168 
v 0.0587891 0.014819 0.0382725 
v 0.0587891 0.0148868 0.0380198 
v 0.0587891 0.0149277 0.0377613 
v 0.0630828 0.0150174 0.0375 
v 0.0674694 0.0127568 0.04 
v 0.0672815 0.0152497 0.0375 
v 0.0716748 0.0131626 0.04 
v 0.0713806 0.0156453 0.0375 
v 0.0674063 0.0152618 0.0375 
v 0.0737193 0.013428 0.04 
v 0.0733693 0.0159034 0.0375 
v 0.077089 0.0139722 0.04 
v 0.0753278 0.0162197 0.0375 
v 0.0766407 0.0164317 0.0375 
v 0.0803725 0.0146423 0.04 
v 0.0798198 0.0170805 0.0375 
v 0.0835672 0.0154421 0.04 
v 0.0823768 0.0177206 0.0375 
v 0.0829045 0.0178527 0.0375 
v 0.0866712 0.0163755 0.04 
v 0.0858929 0.0187513 0.0375 
v 0.0896826 0.0174471 0.04 
v 0.0886362 0.0197275 0.0375 
v 0.0887837 0.0197799 0.0375 
v 0.0925994 0.0186618 0.04 
v 0.0915755 0.0209425 0.0375 
v 0.0954194 0.0200249 0.04 
v 0.0935125 0.0218788 0.0375 
v 0.094267 0.0222434 0.0375 
v 0.0973578 0.021084 0.04 
v 0.0961128 0.023252 0.0375 
v 0.0998937 0.0226411 0.04 
v 0.0977259 0.0242424 0.0375 
v 0.0985228 0.0247317 0.0375 
v 0.10231 0.024332 0.04 
v 0.100815 0.0263355 0.0375 
v 0.104605 0.026158 0.04 
v 0.102989 0.0280651 0.0375 
v 0.101805 0.0271232 0.0375 
v 0.106779 0.0281211 0.04 
v 0.105045 0.0299227 0.0375 
v 0.0587891 0.0149414 0.0375 
v 0.0631634 0.0127802 0.0399863 
v 0.0631541 0.0130385 0.0399454 
v 0.063145 0.0132911 0.0398776 
v 0.0631362 0.0135352 0.0397839 
v 0.0631278 0.0137682 0.0396651 
v 0.0631199 0.0139875 0.0395225 
v 0.0631126 0.0141908 0.0393579 
v 0.0631059 0.0143757 0.0391728 
v 0.0631 0.0145402 0.0389695 
v 0.0630948 0.0146827 0.03875 
v 0.0630906 0.0148014 0.0385168 
v 0.0630872 0.0148951 0.0382725 
v 0.0630847 0.0149628 0.0380198 
v 0.0630833 0.0150037 0.0377613 
v 0.0674497 0.0130174 0.0399863 
v 0.0674303 0.0132751 0.0399454 
v 0.0674113 0.0135271 0.0398776 
v 0.067393 0.0137708 0.0397839 
v 0.0673754 0.0140033 0.0396651 
v 0.0673589 0.0142221 0.0395225 
v 0.0673437 0.0144249 0.0393579 
v 0.0673298 0.0146094 0.0391728 
v 0.0673174 0.0147736 0.0389695 
v 0.0673067 0.0149157 0.03875 
v 0.0672977 0.0150342 0.0385168 
v 0.0672907 0.0151277 0.0382725 
v 0.0672856 0.0151952 0.0380198 
v 0.0672825 0.0152361 0.0377613 
v 0.071644 0.0134221 0.0399863 
v 0.0716136 0.0136788 0.0399454 
v 0.0715839 0.0139298 0.0398776 
v 0.0715551 0.0141724 0.0397839 
v 0.0715277 0.014404 0.0396651 
v 0.0715019 0.0146219 0.0395225 
v 0.0714779 0.0148238 0.0393579 
v 0.0714562 0.0150076 0.0391728 
v 0.0714368 0.0151711 0.0389695 
v 0.07142 0.0153127 0.03875 
v 0.071406 0.0154306 0.0385168 
v 0.071395 0.0155238 0.0382725 
v 0.071387 0.015591 0.0380198 
v 0.0713822 0.0156317 0.0377613 
v 0.0736827 0.0136868 0.0399863 
v 0.0736465 0.0139427 0.0399454 
v 0.0736112 0.014193 0.0398776 
v 0.073577 0.0144349 0.0397839 
v 0.0735443 0.0146657 0.0396651 
v 0.0735136 0.014883 0.0395225 
v 0.0734851 0.0150844 0.0393579 
v 0.0734592 0.0152676 0.0391728 
v 0.0734362 0.0154307 0.0389695 
v 0.0734162 0.0155718 0.03875 
v 0.0733996 0.0156894 0.0385168 
v 0.0733865 0.0157823 0.0382725 
v 0.073377 0.0158493 0.0380198 
v 0.0733713 0.0158899 0.0377613 
v 0.0770422 0.0142293 0.0399863 
v 0.0769958 0.0144836 0.0399454 
v 0.0769505 0.0147322 0.0398776 
v 0.0769067 0.0149726 0.0397839 
v 0.0768648 0.0152019 0.0396651 
v 0.0768255 0.0154178 0.0395225 
v 0.076789 0.0156179 0.0393579 
v 0.0767558 0.0157999 0.0391728 
v 0.0767263 0.015962 0.0389695 
v 0.0767007 0.0161022 0.03875 
v 0.0766794 0.016219 0.0385168 
v 0.0766626 0.0163113 0.0382725 
v 0.0766505 0.0163779 0.0380198 
v 0.0766431 0.0164182 0.0377613 
v 0.0803147 0.0148972 0.0399863 
v 0.0802576 0.0151493 0.0399454 
v 0.0802017 0.0153958 0.0398776 
v 0.0801477 0.015634 0.0397839 
v 0.0800962 0.0158614 0.0396651 
v 0.0800477 0.0160755 0.0395225 
v 0.0800027 0.0162738 0.0393579 
v 0.0799618 0.0164542 0.0391728 
v 0.0799254 0.0166148 0.0389695 
v 0.0798939 0.0167538 0.03875 
v 0.0798676 0.0168697 0.0385168 
v 0.0798469 0.0169612 0.0382725 
v 0.0798319 0.0170272 0.0380198 
v 0.0798229 0.0170671 0.0377613 
v 0.0834979 0.0156941 0.0399863 
v 0.0834294 0.0159433 0.0399454 
v 0.0833624 0.016187 0.0398776 
v 0.0832976 0.0164226 0.0397839 
v 0.0832358 0.0166474 0.0396651 
v 0.0831776 0.016859 0.0395225 
v 0.0831237 0.0170551 0.0393579 
v 0.0830747 0.0172335 0.0391728 
v 0.083031 0.0173923 0.0389695 
v 0.0829932 0.0175297 0.03875 
v 0.0829618 0.0176443 0.0385168 
v 0.0829369 0.0177347 0.0382725 
v 0.0829189 0.0178 0.0380198 
v 0.0829081 0.0178395 0.0377613 
v 0.0865898 0.0166239 0.0399863 
v 0.0865094 0.0168695 0.0399454 
v 0.0864307 0.0171097 0.0398776 
v 0.0863546 0.0173419 0.0397839 
v 0.086282 0.0175634 0.0396651 
v 0.0862137 0.017772 0.0395225 
v 0.0861504 0.0179652 0.0393579 
v 0.0860928 0.0181411 0.0391728 
v 0.0860415 0.0182976 0.0389695 
v 0.0859972 0.018433 0.03875 
v 0.0859602 0.0185459 0.0385168 
v 0.085931 0.018635 0.0382725 
v 0.0859099 0.0186994 0.0380198 
v 0.0858972 0.0187383 0.0377613 
v 0.0895886 0.017691 0.0399863 
v 0.0894957 0.0179321 0.0399454 
v 0.0894048 0.018168 0.0398776 
v 0.089317 0.018396 0.0397839 
v 0.0892331 0.0186135 0.0396651 
v 0.0891542 0.0188183 0.0395225 
v 0.0890811 0.0190081 0.0393579 
v 0.0890146 0.0191807 0.0391728 
v 0.0889554 0.0193344 0.0389695 
v 0.0889041 0.0194674 0.03875 
v 0.0888614 0.0195783 0.0385168 
v 0.0888277 0.0196658 0.0382725 
v 0.0888033 0.019729 0.0380198 
v 0.0887886 0.0197672 0.0377613 
v 0.0924923 0.0189002 0.0399863 
v 0.0923865 0.0191359 0.0399454 
v 0.092283 0.0193665 0.0398776 
v 0.0921829 0.0195894 0.0397839 
v 0.0920874 0.0198021 0.0396651 
v 0.0919975 0.0200023 0.0395225 
v 0.0919142 0.0201878 0.0393579 
v 0.0918385 0.0203566 0.0391728 
v 0.091771 0.0205069 0.0389695 
v 0.0917126 0.0206369 0.03875 
v 0.091664 0.0207453 0.0385168 
v 0.0916256 0.0208308 0.0382725 
v 0.0915978 0.0208926 0.0380198 
v 0.0915811 0.02093 0.0377613 
v 0.095299 0.0202568 0.0399863 
v 0.0951798 0.0204862 0.0399454 
v 0.0950633 0.0207105 0.0398776 
v 0.0949507 0.0209273 0.0397839 
v 0.0948432 0.0211342 0.0396651 
v 0.094742 0.0213289 0.0395225 
v 0.0946483 0.0215094 0.0393579 
v 0.094563 0.0216736 0.0391728 
v 0.0944871 0.0218197 0.0389695 
v 0.0944214 0.0219462 0.03875 
v 0.0943666 0.0220516 0.0385168 
v 0.0943234 0.0221349 0.0382725 
v 0.0942922 0.022195 0.0380198 
v 0.0942733 0.0222313 0.0377613 
v 0.0972276 0.0213106 0.0399863 
v 0.0970989 0.0215348 0.0399454 
v 0.096973 0.0217539 0.0398776 
v 0.0968514 0.0219658 0.0397839 
v 0.0967353 0.022168 0.0396651 
v 0.096626 0.0223583 0.0395225 
v 0.0965247 0.0225346 0.0393579 
v 0.0964325 0.0226951 0.0391728 
v 0.0963505 0.0228379 0.0389695 
v 0.0962796 0.0229615 0.03875 
v 0.0962204 0.0230645 0.0385168 
v 0.0961737 0.0231458 0.0382725 
v 0.09614 0.0232046 0.0380198 
v 0.0961196 0.0232401 0.0377613 
v 0.0997504 0.0228596 0.0399863 
v 0.0996087 0.0230758 0.0399454 
v 0.0994701 0.0232871 0.0398776 
v 0.0993361 0.0234914 0.0397839 
v 0.0992083 0.0236864 0.0396651 
v 0.0990879 0.0238699 0.0395225 
v 0.0989764 0.02404 0.0393579 
v 0.0988749 0.0241947 0.0391728 
v 0.0987846 0.0243324 0.0389695 
v 0.0987065 0.0244516 0.03875 
v 0.0986413 0.0245509 0.0385168 
v 0.0985899 0.0246294 0.0382725 
v 0.0985528 0.024686 0.0380198 
v 0.0985303 0.0247202 0.0377613 
v 0.102154 0.0245414 0.0399863 
v 0.101999 0.0247486 0.0399454 
v 0.101848 0.0249511 0.0398776 
v 0.101702 0.0251469 0.0397839 
v 0.101562 0.0253338 0.0396651 
v 0.101431 0.0255096 0.0395225 
v 0.101309 0.0256726 0.0393579 
v 0.101199 0.0258209 0.0391728 
v 0.1011 0.0259529 0.0389695 
v 0.101015 0.0260671 0.03875 
v 0.100944 0.0261623 0.0385168 
v 0.100888 0.0262375 0.0382725 
v 0.100847 0.0262917 0.0380198 
v 0.100823 0.0263245 0.0377613 
v 0.104436 0.0263574 0.0399863 
v 0.104269 0.0265545 0.0399454 
v 0.104106 0.0267473 0.0398776 
v 0.103948 0.0269337 0.0397839 
v 0.103797 0.0271116 0.0396651 
v 0.103655 0.027279 0.0395225 
v 0.103523 0.0274341 0.0393579 
v 0.103404 0.0275752 0.0391728 
v 0.103297 0.0277009 0.0389695 
v 0.103205 0.0278096 0.03875 
v 0.103128 0.0279002 0.0385168 
v 0.103068 0.0279717 0.0382725 
v 0.103024 0.0280234 0.0380198 
v 0.102997 0.0280546 0.0377613 
v 0.106598 0.0283094 0.0399863 
v 0.106418 0.0284956 0.0399454 
v 0.106243 0.0286778 0.0398776 
v 0.106074 0.0288539 0.0397839 
v 0.105912 0.0290219 0.0396651 
v 0.10576 0.0291801 0.0395225 
v 0.105619 0.0293266 0.0393579 
v 0.105491 0.02946 0.0391728 
v 0.105377 0.0295786 0.0389695 
v 0.105278 0.0296814 0.03875 
v 0.105195 0.029767 0.0385168 
v 0.10513 0.0298346 0.0382725 
v 0.105083 0.0298834 0.0380198 
v 0.105055 0.0299129 0.0377613 
v 0.0655025 0.0151311 0.0025 
v 0.0609366 0.0149601 0.0025 
v 0.0674047 0.0152826 0.0025 
v 0.069876 0.0154795 0.0025 
v 0.075328 0.0162179 0.0025 
v 0.0740638 0.0160045 0.0025 
v 0.0823733 0.0177331 0.0025 
v 0.0807273 0.0172923 0.0025 
v 0.0771108 0.0165189 0.0025 
v 0.0886292 0.0197452 0.0025 
v 0.0874577 0.0192874 0.0025 
v 0.0841739 0.0182153 0.0025 
v 0.0935194 0.0218646 0.0025 
v 0.0905859 0.0205099 0.0025 
v 0.0977247 0.0242443 0.0025 
v 0.0961895 0.0232961 0.0025 
v 0.093566 0.0218861 0.0025 
v 0.101805 0.0271227 0.0025 
v 0.100993 0.0264696 0.0025 
v 0.098658 0.0248207 0.0025 
v 0.103202 0.0282473 0.0025 
v 0.0587891 0.0149414 0.0025 
v 0.0377279 0.0149414 0.0375 
v 0.0377244 0.014938 0.0376308 
v 0.0377142 0.0149277 0.0377613 
v 0.0376971 0.0149106 0.0378911 
v 0.0376732 0.0148868 0.0380198 
v 0.0376427 0.0148562 0.038147 
v 0.0376055 0.014819 0.0382725 
v 0.0375618 0.0147754 0.0383959 
v 0.0375117 0.0147253 0.0385168 
v 0.0374554 0.0146689 0.038635 
v 0.0373929 0.0146065 0.03875 
v 0.0373245 0.0145381 0.0388616 
v 0.0372504 0.0144639 0.0389695 
v 0.0370857 0.0142993 0.0391728 
v 0.0369007 0.0141142 0.0393579 
v 0.0366973 0.0139109 0.0395225 
v 0.0364779 0.0136914 0.0396651 
v 0.0362447 0.0134582 0.0397839 
v 0.0360004 0.0132139 0.0398776 
v 0.0357476 0.0129612 0.0399454 
v 0.0354892 0.0127027 0.0399863 
v 0.0352279 0.0124414 0.04 
v 0.0352279 0.136257 0.04 
v 0.0354892 0.135995 0.0399863 
v 0.0357476 0.135737 0.0399454 
v 0.0360004 0.135484 0.0398776 
v 0.0362447 0.13524 0.0397839 
v 0.0364779 0.135007 0.0396651 
v 0.0366973 0.134787 0.0395225 
v 0.0369007 0.134584 0.0393579 
v 0.0370857 0.134399 0.0391728 
v 0.0372504 0.134234 0.0389695 
v 0.0373245 0.13416 0.0388616 
v 0.0373929 0.134091 0.03875 
v 0.0374554 0.134029 0.038635 
v 0.0375117 0.133973 0.0385168 
v 0.0375618 0.133923 0.0383959 
v 0.0376055 0.133879 0.0382725 
v 0.0376427 0.133842 0.038147 
v 0.0376732 0.133811 0.0380198 
v 0.0376971 0.133787 0.0378911 
v 0.0377142 0.13377 0.0377613 
v 0.0377244 0.13376 0.0376308 
v 0.0377279 0.133757 0.0375 
v 0.103034 0.121929 0.0025 
v 0.103684 0.121408 0.0025 
v 0.105682 0.119589 0.0025 
v 0.0995018 0.124551 0.0025 
v 0.101572 0.123099 0.0025 
v 0.0955779 0.126864 0.0025 
v 0.0961 0.126601 0.0025 
v 0.0969976 0.1261 0.0025 
v 0.099343 0.124662 0.0025 
v 0.091169 0.128921 0.0025 
v 0.0935266 0.127899 0.0025 
v 0.0861153 0.130692 0.0025 
v 0.0880854 0.13008 0.0025 
v 0.0908548 0.129058 0.0025 
v 0.0802183 0.132156 0.0025 
v 0.0822584 0.131731 0.0025 
v 0.0852195 0.13097 0.0025 
v 0.0760577 0.13288 0.0025 
v 0.0748012 0.133048 0.0025 
v 0.0734216 0.13319 0.0025 
v 0.0792036 0.132367 0.0025 
v 0.0669331 0.13368 0.0025 
v 0.0658789 0.1337 0.0025 
v 0.0709157 0.133446 0.0025 
v 0.0628581 0.133757 0.0025 
v 0.0377279 0.0149414 0.0025 
v 0.0377279 0.133757 0.0025 
v 0.110026 0.11863 0 
v 0.107857 0.120585 1.36953e-05 
v 0.107673 0.120404 5.4631e-05 
v 0.107494 0.120226 0.000122359 
v 0.10732 0.120054 0.000216136 
v 0.107155 0.11989 0.000334936 
v 0.106999 0.119735 0.000477458 
v 0.106854 0.119592 0.000642138 
v 0.106723 0.119462 0.000827173 
v 0.106606 0.119346 0.00103054 
v 0.106504 0.119246 0.00125 
v 0.10642 0.119162 0.00148316 
v 0.106353 0.119097 0.00172746 
v 0.106305 0.119049 0.00198022 
v 0.106276 0.11902 0.00223868 
v 0.111866 0.116368 0 
v 0.113567 0.113977 0 
v 0.115134 0.111454 0 
v 0.116276 0.109368 0 
v 0.117699 0.106384 0 
v 0.118958 0.103261 0 
v 0.120058 0.0999913 0 
v 0.121001 0.0965687 0 
v 0.121788 0.0929864 0 
v 0.122201 0.0906585 0 
v 0.122761 0.0865511 0 
v 0.123139 0.0822719 0 
v 0.123336 0.0778132 0 
v 0.123366 0.0751628 0 
v 0.123105 0.0751628 1.36953e-05 
v 0.122846 0.0751628 5.4631e-05 
v 0.122593 0.0751628 0.000122359 
v 0.122349 0.0751628 0.000216136 
v 0.122116 0.0751628 0.000334936 
v 0.121896 0.0751628 0.000477458 
v 0.121693 0.0751628 0.000642138 
v 0.121508 0.0751628 0.000827173 
v 0.121343 0.0751628 0.00103054 
v 0.121201 0.0751628 0.00125 
v 0.121082 0.0751628 0.00148316 
v 0.120988 0.0751628 0.00172746 
v 0.120921 0.0751628 0.00198022 
v 0.12088 0.0751628 0.00223868 
v 0.108043 0.120769 0 
v 0.109829 0.118459 1.36953e-05 
v 0.109634 0.11829 5.4631e-05 
v 0.109443 0.118124 0.000122359 
v 0.109259 0.117964 0.000216136 
v 0.109083 0.117811 0.000334936 
v 0.108917 0.117667 0.000477458 
v 0.108763 0.117534 0.000642138 
v 0.108624 0.117412 0.000827173 
v 0.108499 0.117304 0.00103054 
v 0.108392 0.117211 0.00125 
v 0.108302 0.117133 0.00148316 
v 0.108231 0.117071 0.00172746 
v 0.10818 0.117027 0.00198022 
v 0.108149 0.117 0.00223868 
v 0.111658 0.116209 1.36953e-05 
v 0.111452 0.116053 5.4631e-05 
v 0.111251 0.1159 0.000122359 
v 0.111057 0.115752 0.000216136 
v 0.110871 0.115611 0.000334936 
v 0.110697 0.115478 0.000477458 
v 0.110535 0.115355 0.000642138 
v 0.110388 0.115243 0.000827173 
v 0.110256 0.115143 0.00103054 
v 0.110143 0.115057 0.00125 
v 0.110049 0.114985 0.00148316 
v 0.109974 0.114928 0.00172746 
v 0.10992 0.114887 0.00198022 
v 0.109887 0.114862 0.00223868 
v 0.11335 0.113832 1.36953e-05 
v 0.113134 0.113689 5.4631e-05 
v 0.112924 0.113549 0.000122359 
v 0.112721 0.113414 0.000216136 
v 0.112526 0.113285 0.000334936 
v 0.112344 0.113163 0.000477458 
v 0.112174 0.113051 0.000642138 
v 0.11202 0.112948 0.000827173 
v 0.111883 0.112857 0.00103054 
v 0.111765 0.112778 0.00125 
v 0.111666 0.112712 0.00148316 
v 0.111588 0.11266 0.00172746 
v 0.111531 0.112623 0.00198022 
v 0.111497 0.1126 0.00223868 
v 0.114908 0.111323 1.36953e-05 
v 0.114684 0.111193 5.4631e-05 
v 0.114465 0.111067 0.000122359 
v 0.114254 0.110944 0.000216136 
v 0.114052 0.110828 0.000334936 
v 0.113862 0.110718 0.000477458 
v 0.113686 0.110616 0.000642138 
v 0.113526 0.110523 0.000827173 
v 0.113384 0.110441 0.00103054 
v 0.11326 0.110369 0.00125 
v 0.113157 0.11031 0.00148316 
v 0.113076 0.110263 0.00172746 
v 0.113018 0.110229 0.00198022 
v 0.112982 0.110208 0.00223868 
v 0.116043 0.109248 1.36953e-05 
v 0.115814 0.109129 5.4631e-05 
v 0.115589 0.109013 0.000122359 
v 0.115372 0.108901 0.000216136 
v 0.115165 0.108794 0.000334936 
v 0.11497 0.108693 0.000477458 
v 0.11479 0.1086 0.000642138 
v 0.114625 0.108515 0.000827173 
v 0.114479 0.108439 0.00103054 
v 0.114352 0.108374 0.00125 
v 0.114247 0.108319 0.00148316 
v 0.114163 0.108276 0.00172746 
v 0.114103 0.108245 0.00198022 
v 0.114067 0.108226 0.00223868 
v 0.117459 0.106279 1.36953e-05 
v 0.117223 0.106175 5.4631e-05 
v 0.116991 0.106074 0.000122359 
v 0.116768 0.105975 0.000216136 
v 0.116554 0.105882 0.000334936 
v 0.116353 0.105793 0.000477458 
v 0.116167 0.105712 0.000642138 
v 0.115998 0.105637 0.000827173 
v 0.115847 0.105571 0.00103054 
v 0.115716 0.105514 0.00125 
v 0.115608 0.105466 0.00148316 
v 0.115522 0.105428 0.00172746 
v 0.11546 0.105401 0.00198022 
v 0.115422 0.105385 0.00223868 
v 0.118713 0.10317 1.36953e-05 
v 0.11847 0.103081 5.4631e-05 
v 0.118233 0.102993 0.000122359 
v 0.118004 0.102909 0.000216136 
v 0.117785 0.102828 0.000334936 
v 0.117579 0.102752 0.000477458 
v 0.117389 0.102682 0.000642138 
v 0.117215 0.102618 0.000827173 
v 0.117061 0.102561 0.00103054 
v 0.116927 0.102511 0.00125 
v 0.116815 0.10247 0.00148316 
v 0.116727 0.102438 0.00172746 
v 0.116664 0.102414 0.00198022 
v 0.116626 0.1024 0.00223868 
v 0.119808 0.099915 1.36953e-05 
v 0.119561 0.0998395 5.4631e-05 
v 0.119319 0.0997657 0.000122359 
v 0.119086 0.0996944 0.000216136 
v 0.118863 0.0996263 0.000334936 
v 0.118653 0.0995622 0.000477458 
v 0.118458 0.0995028 0.000642138 
v 0.118281 0.0994488 0.000827173 
v 0.118124 0.0994007 0.00103054 
v 0.117987 0.0993591 0.00125 
v 0.117874 0.0993244 0.00148316 
v 0.117784 0.099297 0.00172746 
v 0.117719 0.0992772 0.00198022 
v 0.11768 0.0992653 0.00223868 
v 0.120748 0.096506 1.36953e-05 
v 0.120497 0.0964441 5.4631e-05 
v 0.120251 0.0963834 0.000122359 
v 0.120014 0.0963248 0.000216136 
v 0.119788 0.0962689 0.000334936 
v 0.119575 0.0962163 0.000477458 
v 0.119377 0.0961675 0.000642138 
v 0.119198 0.0961231 0.000827173 
v 0.119038 0.0960836 0.00103054 
v 0.118899 0.0960495 0.00125 
v 0.118784 0.096021 0.00148316 
v 0.118693 0.0959985 0.00172746 
v 0.118627 0.0959822 0.00198022 
v 0.118587 0.0959724 0.00223868 
v 0.121532 0.0929368 1.36953e-05 
v 0.121278 0.0928877 5.4631e-05 
v 0.12103 0.0928397 0.000122359 
v 0.12079 0.0927933 0.000216136 
v 0.120561 0.092749 0.000334936 
v 0.120345 0.0927073 0.000477458 
v 0.120146 0.0926687 0.000642138 
v 0.119964 0.0926335 0.000827173 
v 0.119802 0.0926023 0.00103054 
v 0.119663 0.0925752 0.00125 
v 0.119546 0.0925526 0.00148316 
v 0.119454 0.0925348 0.00172746 
v 0.119387 0.092522 0.00198022 
v 0.119347 0.0925142 0.00223868 
v 0.121943 0.0906168 1.36953e-05 
v 0.121688 0.0905754 5.4631e-05 
v 0.121439 0.090535 0.000122359 
v 0.121198 0.090496 0.000216136 
v 0.120967 0.0904587 0.000334936 
v 0.120751 0.0904236 0.000477458 
v 0.12055 0.0903911 0.000642138 
v 0.120367 0.0903615 0.000827173 
v 0.120205 0.0903352 0.00103054 
v 0.120064 0.0903124 0.00125 
v 0.119947 0.0902934 0.00148316 
v 0.119854 0.0902784 0.00172746 
v 0.119787 0.0902676 0.00198022 
v 0.119747 0.090261 0.00223868 
v 0.122502 0.086522 1.36953e-05 
v 0.122245 0.0864933 5.4631e-05 
v 0.121994 0.0864652 0.000122359 
v 0.121751 0.086438 0.000216136 
v 0.121519 0.0864121 0.000334936 
v 0.121301 0.0863877 0.000477458 
v 0.121099 0.0863651 0.000642138 
v 0.120915 0.0863446 0.000827173 
v 0.120751 0.0863263 0.00103054 
v 0.12061 0.0863104 0.00125 
v 0.120492 0.0862972 0.00148316 
v 0.120399 0.0862868 0.00172746 
v 0.120331 0.0862793 0.00198022 
v 0.120291 0.0862747 0.00223868 
v 0.122879 0.0822548 1.36953e-05 
v 0.122621 0.0822378 5.4631e-05 
v 0.122369 0.0822212 0.000122359 
v 0.122125 0.0822052 0.000216136 
v 0.121892 0.0821899 0.000334936 
v 0.121673 0.0821755 0.000477458 
v 0.12147 0.0821622 0.000642138 
v 0.121286 0.0821501 0.000827173 
v 0.121121 0.0821393 0.00103054 
v 0.120979 0.0821299 0.00125 
v 0.12086 0.0821221 0.00148316 
v 0.120767 0.082116 0.00172746 
v 0.120699 0.0821115 0.00198022 
v 0.120658 0.0821088 0.00223868 
v 0.123074 0.0778072 1.36953e-05 
v 0.122816 0.0778012 5.4631e-05 
v 0.122563 0.0777954 0.000122359 
v 0.122319 0.0777897 0.000216136 
v 0.122086 0.0777844 0.000334936 
v 0.121867 0.0777793 0.000477458 
v 0.121663 0.0777746 0.000642138 
v 0.121478 0.0777703 0.000827173 
v 0.121314 0.0777665 0.00103054 
v 0.121171 0.0777632 0.00125 
v 0.121052 0.0777605 0.00148316 
v 0.120959 0.0777583 0.00172746 
v 0.120891 0.0777567 0.00198022 
v 0.12085 0.0777558 0.00223868 
v 0.123287 0.0709584 0 
v 0.123047 0.0668362 0 
v 0.122637 0.0628 0 
v 0.122427 0.0612379 0 
v 0.121882 0.0579328 0 
v 0.121207 0.0547122 0 
v 0.120397 0.0515789 0 
v 0.119448 0.0485344 0 
v 0.118358 0.0455807 0 
v 0.11712 0.0427194 0 
v 0.115729 0.0399526 0 
v 0.115139 0.0388901 0 
v 0.113584 0.0363486 0 
v 0.111893 0.0339258 0 
v 0.110064 0.0316225 0 
v 0.108095 0.0294392 0 
v 0.107037 0.0283713 0 
v 0.106854 0.0285582 1.36953e-05 
v 0.106674 0.0287431 5.4631e-05 
v 0.106497 0.0289239 0.000122359 
v 0.106326 0.0290986 0.000216136 
v 0.106163 0.0292654 0.000334936 
v 0.10601 0.0294224 0.000477458 
v 0.105868 0.0295678 0.000642138 
v 0.105738 0.0297002 0.000827173 
v 0.105623 0.029818 0.00103054 
v 0.105524 0.0299199 0.00125 
v 0.105441 0.0300049 0.00148316 
v 0.105375 0.030072 0.00172746 
v 0.105328 0.0301204 0.00198022 
v 0.105299 0.0301497 0.00223868 
v 0.123026 0.0709683 1.36953e-05 
v 0.122768 0.0709781 5.4631e-05 
v 0.122515 0.0709877 0.000122359 
v 0.122271 0.070997 0.000216136 
v 0.122038 0.0710059 0.000334936 
v 0.121819 0.0710142 0.000477458 
v 0.121616 0.0710219 0.000642138 
v 0.121431 0.071029 0.000827173 
v 0.121266 0.0710352 0.00103054 
v 0.121124 0.0710406 0.00125 
v 0.121005 0.0710452 0.00148316 
v 0.120911 0.0710487 0.00172746 
v 0.120844 0.0710513 0.00198022 
v 0.120803 0.0710528 0.00223868 
v 0.122786 0.0668569 1.36953e-05 
v 0.122529 0.0668773 5.4631e-05 
v 0.122277 0.0668973 0.000122359 
v 0.122033 0.0669167 0.000216136 
v 0.121801 0.0669351 0.000334936 
v 0.121582 0.0669525 0.000477458 
v 0.121379 0.0669686 0.000642138 
v 0.121195 0.0669832 0.000827173 
v 0.121031 0.0669963 0.00103054 
v 0.120889 0.0670076 0.00125 
v 0.12077 0.067017 0.00148316 
v 0.120677 0.0670244 0.00172746 
v 0.120609 0.0670297 0.00198022 
v 0.120568 0.067033 0.00223868 
v 0.122377 0.0628324 1.36953e-05 
v 0.122121 0.0628643 5.4631e-05 
v 0.12187 0.0628956 0.000122359 
v 0.121628 0.0629258 0.000216136 
v 0.121396 0.0629547 0.000334936 
v 0.121179 0.0629818 0.000477458 
v 0.120977 0.063007 0.000642138 
v 0.120793 0.0630299 0.000827173 
v 0.12063 0.0630502 0.00103054 
v 0.120488 0.0630679 0.00125 
v 0.12037 0.0630826 0.00148316 
v 0.120277 0.0630942 0.00172746 
v 0.12021 0.0631025 0.00198022 
v 0.12017 0.0631076 0.00223868 
v 0.122169 0.0612751 1.36953e-05 
v 0.121913 0.0613118 5.4631e-05 
v 0.121663 0.0613478 0.000122359 
v 0.121421 0.0613825 0.000216136 
v 0.12119 0.0614156 0.000334936 
v 0.120973 0.0614468 0.000477458 
v 0.120772 0.0614757 0.000642138 
v 0.120588 0.0615021 0.000827173 
v 0.120425 0.0615255 0.00103054 
v 0.120284 0.0615457 0.00125 
v 0.120167 0.0615626 0.00148316 
v 0.120074 0.0615759 0.00172746 
v 0.120007 0.0615856 0.00198022 
v 0.119966 0.0615914 0.00223868 
v 0.121626 0.0579808 1.36953e-05 
v 0.121372 0.0580283 5.4631e-05 
v 0.121123 0.0580747 0.000122359 
v 0.120883 0.0581196 0.000216136 
v 0.120654 0.0581624 0.000334936 
v 0.120438 0.0582027 0.000477458 
v 0.120238 0.0582401 0.000642138 
v 0.120056 0.0582741 0.000827173 
v 0.119894 0.0583043 0.00103054 
v 0.119754 0.0583305 0.00125 
v 0.119637 0.0583523 0.00148316 
v 0.119545 0.0583695 0.00172746 
v 0.119479 0.058382 0.00198022 
v 0.119438 0.0583895 0.00223868 
v 0.120952 0.0547717 1.36953e-05 
v 0.120701 0.0548305 5.4631e-05 
v 0.120454 0.054888 0.000122359 
v 0.120217 0.0549436 0.000216136 
v 0.119989 0.0549966 0.000334936 
v 0.119776 0.0550465 0.000477458 
v 0.119578 0.0550928 0.000642138 
v 0.119398 0.0551349 0.000827173 
v 0.119237 0.0551723 0.00103054 
v 0.119098 0.0552048 0.00125 
v 0.118983 0.0552318 0.00148316 
v 0.118891 0.0552531 0.00172746 
v 0.118825 0.0552685 0.00198022 
v 0.118786 0.0552778 0.00223868 
v 0.120145 0.0516503 1.36953e-05 
v 0.119897 0.051721 5.4631e-05 
v 0.119654 0.0517902 0.000122359 
v 0.119419 0.051857 0.000216136 
v 0.119194 0.0519208 0.000334936 
v 0.118983 0.0519808 0.000477458 
v 0.118788 0.0520364 0.000642138 
v 0.11861 0.052087 0.000827173 
v 0.118451 0.0521321 0.00103054 
v 0.118314 0.0521711 0.00125 
v 0.1182 0.0522036 0.00148316 
v 0.11811 0.0522292 0.00172746 
v 0.118045 0.0522477 0.00198022 
v 0.118005 0.0522589 0.00223868 
v 0.119201 0.0486185 1.36953e-05 
v 0.118956 0.0487016 5.4631e-05 
v 0.118717 0.0487829 0.000122359 
v 0.118486 0.0488615 0.000216136 
v 0.118265 0.0489364 0.000334936 
v 0.118057 0.049007 0.000477458 
v 0.117864 0.0490724 0.000642138 
v 0.117689 0.0491319 0.000827173 
v 0.117533 0.0491849 0.00103054 
v 0.117398 0.0492307 0.00125 
v 0.117286 0.0492689 0.00148316 
v 0.117197 0.0492991 0.00172746 
v 0.117133 0.0493209 0.00198022 
v 0.117094 0.0493341 0.00223868 
v 0.118115 0.0456777 1.36953e-05 
v 0.117875 0.0457738 5.4631e-05 
v 0.11764 0.0458677 0.000122359 
v 0.117414 0.0459584 0.000216136 
v 0.117197 0.0460451 0.000334936 
v 0.116993 0.0461266 0.000477458 
v 0.116805 0.0462021 0.000642138 
v 0.116633 0.0462709 0.000827173 
v 0.11648 0.0463321 0.00103054 
v 0.116348 0.046385 0.00125 
v 0.116237 0.0464292 0.00148316 
v 0.11615 0.046464 0.00172746 
v 0.116087 0.0464892 0.00198022 
v 0.116049 0.0465044 0.00223868 
v 0.116883 0.0428299 1.36953e-05 
v 0.116649 0.0429392 5.4631e-05 
v 0.11642 0.0430461 0.000122359 
v 0.116198 0.0431494 0.000216136 
v 0.115987 0.043248 0.000334936 
v 0.115788 0.0433408 0.000477458 
v 0.115604 0.0434268 0.000642138 
v 0.115436 0.0435051 0.000827173 
v 0.115287 0.0435747 0.00103054 
v 0.115158 0.043635 0.00125 
v 0.11505 0.0436852 0.00148316 
v 0.114965 0.0437249 0.00172746 
v 0.114904 0.0437535 0.00198022 
v 0.114867 0.0437709 0.00223868 
v 0.115499 0.0400768 1.36953e-05 
v 0.115272 0.0401997 5.4631e-05 
v 0.115049 0.0403198 0.000122359 
v 0.114834 0.0404359 0.000216136 
v 0.114629 0.0405468 0.000334936 
v 0.114436 0.0406511 0.000477458 
v 0.114257 0.0407477 0.000642138 
v 0.114094 0.0408357 0.000827173 
v 0.113949 0.040914 0.00103054 
v 0.113824 0.0409817 0.00125 
v 0.11372 0.0410382 0.00148316 
v 0.113637 0.0410827 0.00172746 
v 0.113577 0.0411149 0.00198022 
v 0.113541 0.0411344 0.00223868 
v 0.114912 0.0390198 1.36953e-05 
v 0.114687 0.039148 5.4631e-05 
v 0.114468 0.0392734 0.000122359 
v 0.114256 0.0393946 0.000216136 
v 0.114053 0.0395103 0.000334936 
v 0.113863 0.0396191 0.000477458 
v 0.113686 0.03972 0.000642138 
v 0.113525 0.0398118 0.000827173 
v 0.113382 0.0398935 0.00103054 
v 0.113259 0.0399642 0.00125 
v 0.113156 0.0400231 0.00148316 
v 0.113074 0.0400697 0.00172746 
v 0.113015 0.0401033 0.00198022 
v 0.11298 0.0401236 0.00223868 
v 0.113366 0.0364916 1.36953e-05 
v 0.113149 0.036633 5.4631e-05 
v 0.112938 0.0367713 0.000122359 
v 0.112733 0.036905 0.000216136 
v 0.112538 0.0370326 0.000334936 
v 0.112354 0.0371527 0.000477458 
v 0.112184 0.037264 0.000642138 
v 0.112029 0.0373652 0.000827173 
v 0.111891 0.0374553 0.00103054 
v 0.111772 0.0375333 0.00125 
v 0.111673 0.0375983 0.00148316 
v 0.111594 0.0376496 0.00172746 
v 0.111538 0.0376867 0.00198022 
v 0.111503 0.0377091 0.00223868 
v 0.111683 0.0340819 1.36953e-05 
v 0.111476 0.0342363 5.4631e-05 
v 0.111273 0.0343872 0.000122359 
v 0.111077 0.0345332 0.000216136 
v 0.11089 0.0346725 0.000334936 
v 0.110714 0.0348036 0.000477458 
v 0.110551 0.034925 0.000642138 
v 0.110403 0.0350356 0.000827173 
v 0.110271 0.0351339 0.00103054 
v 0.110157 0.0352191 0.00125 
v 0.110061 0.03529 0.00148316 
v 0.109986 0.0353461 0.00172746 
v 0.109932 0.0353865 0.00198022 
v 0.109899 0.035411 0.00223868 
v 0.109864 0.0317913 1.36953e-05 
v 0.109667 0.0319583 5.4631e-05 
v 0.109474 0.0321216 0.000122359 
v 0.109287 0.0322794 0.000216136 
v 0.10911 0.03243 0.000334936 
v 0.108942 0.0325718 0.000477458 
v 0.108787 0.0327032 0.000642138 
v 0.108646 0.0328227 0.000827173 
v 0.10852 0.0329291 0.00103054 
v 0.108411 0.0330212 0.00125 
v 0.10832 0.0330979 0.00148316 
v 0.108249 0.0331585 0.00172746 
v 0.108197 0.0332022 0.00198022 
v 0.108166 0.0332287 0.00223868 
v 0.107907 0.0296202 1.36953e-05 
v 0.10772 0.0297992 5.4631e-05 
v 0.107538 0.0299742 0.000122359 
v 0.107362 0.0301434 0.000216136 
v 0.107194 0.0303049 0.000334936 
v 0.107035 0.0304568 0.000477458 
v 0.106889 0.0305977 0.000642138 
v 0.106755 0.0307258 0.000827173 
v 0.106636 0.0308399 0.00103054 
v 0.106534 0.0309386 0.00125 
v 0.106448 0.0310208 0.00148316 
v 0.10638 0.0310858 0.00172746 
v 0.106331 0.0311327 0.00198022 
v 0.106302 0.031161 0.00223868 
v 0.0628581 0.136257 0 
v 0.0670286 0.136178 0 
v 0.0628581 0.135995 1.36953e-05 
v 0.0628581 0.135737 5.4631e-05 
v 0.0628581 0.135484 0.000122359 
v 0.0628581 0.13524 0.000216136 
v 0.0628581 0.135007 0.000334936 
v 0.0628581 0.134787 0.000477458 
v 0.0628581 0.134584 0.000642138 
v 0.0628581 0.134399 0.000827173 
v 0.0628581 0.134234 0.00103054 
v 0.0628581 0.134091 0.00125 
v 0.0628581 0.133973 0.00148316 
v 0.0628581 0.133879 0.00172746 
v 0.0628581 0.133811 0.00198022 
v 0.0628581 0.13377 0.00223868 
v 0.071115 0.135938 0 
v 0.0751131 0.135529 0 
v 0.0764087 0.135356 0 
v 0.0796587 0.134826 0 
v 0.0828237 0.134167 0 
v 0.0859008 0.133375 0 
v 0.0888882 0.132447 0 
v 0.0917841 0.131379 0 
v 0.0945865 0.130164 0 
v 0.0972934 0.128797 0 
v 0.0982392 0.12827 0 
v 0.100714 0.126752 0 
v 0.103071 0.125099 0 
v 0.105308 0.12331 0 
v 0.107424 0.121383 0 
v 0.0670186 0.135917 1.36953e-05 
v 0.0670087 0.135659 5.4631e-05 
v 0.0669991 0.135406 0.000122359 
v 0.0669898 0.135162 0.000216136 
v 0.0669809 0.134929 0.000334936 
v 0.0669725 0.13471 0.000477458 
v 0.0669647 0.134507 0.000642138 
v 0.0669576 0.134322 0.000827173 
v 0.0669514 0.134157 0.00103054 
v 0.0669459 0.134015 0.00125 
v 0.0669414 0.133896 0.00148316 
v 0.0669378 0.133802 0.00172746 
v 0.0669352 0.133735 0.00198022 
v 0.0669337 0.133694 0.00223868 
v 0.0710942 0.135678 1.36953e-05 
v 0.0710736 0.13542 5.4631e-05 
v 0.0710534 0.135168 0.000122359 
v 0.0710339 0.134925 0.000216136 
v 0.0710154 0.134692 0.000334936 
v 0.0709979 0.134474 0.000477458 
v 0.0709817 0.134271 0.000642138 
v 0.0709669 0.134086 0.000827173 
v 0.0709538 0.133922 0.00103054 
v 0.0709424 0.13378 0.00125 
v 0.070933 0.133662 0.00148316 
v 0.0709255 0.133568 0.00172746 
v 0.0709201 0.133501 0.00198022 
v 0.0709168 0.13346 0.00223868 
v 0.0750805 0.13527 1.36953e-05 
v 0.0750482 0.135013 5.4631e-05 
v 0.0750167 0.134762 0.000122359 
v 0.0749862 0.13452 0.000216136 
v 0.0749571 0.134289 0.000334936 
v 0.0749298 0.134071 0.000477458 
v 0.0749044 0.133869 0.000642138 
v 0.0748813 0.133686 0.000827173 
v 0.0748607 0.133522 0.00103054 
v 0.074843 0.133381 0.00125 
v 0.0748281 0.133263 0.00148316 
v 0.0748164 0.13317 0.00172746 
v 0.074808 0.133103 0.00198022 
v 0.0748029 0.133062 0.00223868 
v 0.076372 0.135097 1.36953e-05 
v 0.0763357 0.134841 5.4631e-05 
v 0.0763003 0.134591 0.000122359 
v 0.076266 0.134349 0.000216136 
v 0.0762332 0.134118 0.000334936 
v 0.0762024 0.133901 0.000477458 
v 0.0761738 0.133699 0.000642138 
v 0.0761479 0.133516 0.000827173 
v 0.0761247 0.133353 0.00103054 
v 0.0761047 0.133212 0.00125 
v 0.0760881 0.133094 0.00148316 
v 0.0760749 0.133002 0.00172746 
v 0.0760654 0.132935 0.00198022 
v 0.0760596 0.132894 0.00223868 
v 0.0796111 0.134569 1.36953e-05 
v 0.079564 0.134315 5.4631e-05 
v 0.079518 0.134066 0.000122359 
v 0.0794736 0.133826 0.000216136 
v 0.0794311 0.133597 0.000334936 
v 0.0793912 0.133381 0.000477458 
v 0.0793542 0.133181 0.000642138 
v 0.0793205 0.132999 0.000827173 
v 0.0792905 0.132837 0.00103054 
v 0.0792645 0.132697 0.00125 
v 0.0792429 0.13258 0.00148316 
v 0.0792259 0.132488 0.00172746 
v 0.0792135 0.132421 0.00198022 
v 0.0792061 0.132381 0.00223868 
v 0.0827646 0.133912 1.36953e-05 
v 0.0827062 0.13366 5.4631e-05 
v 0.082649 0.133414 0.000122359 
v 0.0825938 0.133176 0.000216136 
v 0.0825411 0.132949 0.000334936 
v 0.0824914 0.132735 0.000477458 
v 0.0824455 0.132537 0.000642138 
v 0.0824036 0.132357 0.000827173 
v 0.0823664 0.132197 0.00103054 
v 0.0823342 0.132058 0.00125 
v 0.0823073 0.131942 0.00148316 
v 0.0822861 0.131851 0.00172746 
v 0.0822708 0.131785 0.00198022 
v 0.0822615 0.131745 0.00223868 
v 0.0858296 0.133124 1.36953e-05 
v 0.0857591 0.132875 5.4631e-05 
v 0.0856903 0.132632 0.000122359 
v 0.0856237 0.132397 0.000216136 
v 0.0855602 0.132173 0.000334936 
v 0.0855003 0.131961 0.000477458 
v 0.0854449 0.131766 0.000642138 
v 0.0853945 0.131588 0.000827173 
v 0.0853496 0.131429 0.00103054 
v 0.0853108 0.131292 0.00125 
v 0.0852784 0.131178 0.00148316 
v 0.0852528 0.131088 0.00172746 
v 0.0852344 0.131023 0.00198022 
v 0.0852232 0.130983 0.00223868 
v 0.0888043 0.1322 1.36953e-05 
v 0.0887213 0.131955 5.4631e-05 
v 0.0886401 0.131716 0.000122359 
v 0.0885617 0.131484 0.000216136 
v 0.0884868 0.131264 0.000334936 
v 0.0884163 0.131056 0.000477458 
v 0.088351 0.130863 0.000642138 
v 0.0882916 0.130688 0.000827173 
v 0.0882387 0.130532 0.00103054 
v 0.0881929 0.130397 0.00125 
v 0.0881548 0.130285 0.00148316 
v 0.0881247 0.130196 0.00172746 
v 0.0881029 0.130132 0.00198022 
v 0.0880898 0.130093 0.00223868 
v 0.091687 0.131136 1.36953e-05 
v 0.0915909 0.130896 5.4631e-05 
v 0.0914969 0.130661 0.000122359 
v 0.0914061 0.130435 0.000216136 
v 0.0913195 0.130218 0.000334936 
v 0.0912379 0.130014 0.000477458 
v 0.0911623 0.129826 0.000642138 
v 0.0910935 0.129654 0.000827173 
v 0.0910323 0.129501 0.00103054 
v 0.0909793 0.129369 0.00125 
v 0.0909351 0.129258 0.00148316 
v 0.0909003 0.129171 0.00172746 
v 0.0908751 0.129108 0.00198022 
v 0.0908599 0.12907 0.00223868 
v 0.0944757 0.129927 1.36953e-05 
v 0.0943662 0.129693 5.4631e-05 
v 0.094259 0.129464 0.000122359 
v 0.0941554 0.129243 0.000216136 
v 0.0940566 0.129032 0.000334936 
v 0.0939635 0.128833 0.000477458 
v 0.0938773 0.128649 0.000642138 
v 0.0937989 0.128481 0.000827173 
v 0.0937291 0.128332 0.00103054 
v 0.0936686 0.128203 0.00125 
v 0.0936183 0.128095 0.00148316 
v 0.0935785 0.12801 0.00172746 
v 0.0935498 0.127949 0.00198022 
v 0.0935324 0.127912 0.00223868 
v 0.0971686 0.128568 1.36953e-05 
v 0.0970452 0.128341 5.4631e-05 
v 0.0969246 0.128118 0.000122359 
v 0.096808 0.127904 0.000216136 
v 0.0966967 0.127699 0.000334936 
v 0.0965919 0.127506 0.000477458 
v 0.0964949 0.127327 0.000642138 
v 0.0964065 0.127165 0.000827173 
v 0.0963279 0.12702 0.00103054 
v 0.0962599 0.126895 0.00125 
v 0.0962032 0.12679 0.00148316 
v 0.0961584 0.126708 0.00172746 
v 0.0961261 0.126649 0.00198022 
v 0.0961065 0.126613 0.00223868 
v 0.0981094 0.128043 1.36953e-05 
v 0.0979811 0.127819 5.4631e-05 
v 0.0978555 0.127599 0.000122359 
v 0.0977342 0.127387 0.000216136 
v 0.0976184 0.127185 0.000334936 
v 0.0975094 0.126995 0.000477458 
v 0.0974084 0.126818 0.000642138 
v 0.0973165 0.126657 0.000827173 
v 0.0972347 0.126514 0.00103054 
v 0.0971639 0.126391 0.00125 
v 0.0971049 0.126288 0.00148316 
v 0.0970584 0.126206 0.00172746 
v 0.0970247 0.126147 0.00198022 
v 0.0970044 0.126112 0.00223868 
v 0.100571 0.126534 1.36953e-05 
v 0.100429 0.126318 5.4631e-05 
v 0.100291 0.126106 0.000122359 
v 0.100157 0.125902 0.000216136 
v 0.100029 0.125707 0.000334936 
v 0.0999083 0.125524 0.000477458 
v 0.0997968 0.125354 0.000642138 
v 0.0996952 0.125199 0.000827173 
v 0.0996049 0.125061 0.00103054 
v 0.0995267 0.124942 0.00125 
v 0.0994616 0.124843 0.00148316 
v 0.0994101 0.124764 0.00172746 
v 0.099373 0.124708 0.00198022 
v 0.0993505 0.124674 0.00223868 
v 0.102914 0.12489 1.36953e-05 
v 0.102759 0.124683 5.4631e-05 
v 0.102608 0.124481 0.000122359 
v 0.102461 0.124286 0.000216136 
v 0.102321 0.124099 0.000334936 
v 0.10219 0.123923 0.000477458 
v 0.102068 0.123761 0.000642138 
v 0.101957 0.123613 0.000827173 
v 0.101858 0.123481 0.00103054 
v 0.101773 0.123367 0.00125 
v 0.101701 0.123272 0.00148316 
v 0.101645 0.123197 0.00172746 
v 0.101605 0.123142 0.00198022 
v 0.10158 0.12311 0.00223868 
v 0.105138 0.123111 1.36953e-05 
v 0.10497 0.122915 5.4631e-05 
v 0.104806 0.122722 0.000122359 
v 0.104647 0.122536 0.000216136 
v 0.104496 0.122359 0.000334936 
v 0.104353 0.122192 0.000477458 
v 0.104221 0.122038 0.000642138 
v 0.104101 0.121897 0.000827173 
v 0.103994 0.121772 0.00103054 
v 0.103902 0.121663 0.00125 
v 0.103825 0.121573 0.00148316 
v 0.103764 0.121502 0.00172746 
v 0.10372 0.12145 0.00198022 
v 0.103693 0.121419 0.00223868 
v 0.107242 0.121195 1.36953e-05 
v 0.107062 0.12101 5.4631e-05 
v 0.106885 0.120828 0.000122359 
v 0.106715 0.120653 0.000216136 
v 0.106553 0.120486 0.000334936 
v 0.1064 0.120328 0.000477458 
v 0.106258 0.120183 0.000642138 
v 0.106129 0.12005 0.000827173 
v 0.106015 0.119932 0.00103054 
v 0.105915 0.11983 0.00125 
v 0.105832 0.119744 0.00148316 
v 0.105767 0.119677 0.00172746 
v 0.10572 0.119628 0.00198022 
v 0.105691 0.119599 0.00223868 
v 0.104831 0.0263505 0 
v 0.102498 0.0244735 0 
v 0.100036 0.0227348 0 
v 0.0974384 0.0211304 0 
v 0.0946842 0.0196502 0 
v 0.0915645 0.0182094 0 
v 0.0883001 0.0169336 0 
v 0.0848846 0.0158184 0 
v 0.0813114 0.0148615 0 
v 0.077574 0.0140621 0 
v 0.0744339 0.013532 0 
v 0.0701298 0.0129924 0 
v 0.0656477 0.0126353 0 
v 0.0609804 0.0124605 0 
v 0.0587891 0.0124414 0 
v 0.0587891 0.0127027 1.36953e-05 
v 0.0587891 0.0129612 5.4631e-05 
v 0.0587891 0.0132139 0.000122359 
v 0.0587891 0.0134582 0.000216136 
v 0.0587891 0.0136914 0.000334936 
v 0.0587891 0.0139109 0.000477458 
v 0.0587891 0.0141142 0.000642138 
v 0.0587891 0.0142993 0.000827173 
v 0.0587891 0.0144639 0.00103054 
v 0.0587891 0.0146065 0.00125 
v 0.0587891 0.0147253 0.00148316 
v 0.0587891 0.014819 0.00172746 
v 0.0587891 0.0148868 0.00198022 
v 0.0587891 0.0149277 0.00223868 
v 0.10466 0.0265488 1.36953e-05 
v 0.104492 0.0267449 5.4631e-05 
v 0.104327 0.0269367 0.000122359 
v 0.104168 0.027122 0.000216136 
v 0.104016 0.0272989 0.000334936 
v 0.103873 0.0274654 0.000477458 
v 0.103741 0.0276197 0.000642138 
v 0.10362 0.0277601 0.000827173 
v 0.103513 0.027885 0.00103054 
v 0.10342 0.0279932 0.00125 
v 0.103343 0.0280833 0.00148316 
v 0.103282 0.0281545 0.00172746 
v 0.103238 0.0282058 0.00198022 
v 0.103211 0.0282369 0.00223868 
v 0.102341 0.0246822 1.36953e-05 
v 0.102186 0.0248885 5.4631e-05 
v 0.102033 0.0250904 0.000122359 
v 0.101886 0.0252854 0.000216136 
v 0.101746 0.0254716 0.000334936 
v 0.101614 0.0256468 0.000477458 
v 0.101491 0.0258092 0.000642138 
v 0.10138 0.0259569 0.000827173 
v 0.101281 0.0260884 0.00103054 
v 0.101195 0.0262022 0.00125 
v 0.101123 0.0262971 0.00148316 
v 0.101067 0.026372 0.00172746 
v 0.101026 0.026426 0.00198022 
v 0.101002 0.0264587 0.00223868 
v 0.099892 0.0229528 1.36953e-05 
v 0.0997496 0.0231685 5.4631e-05 
v 0.0996102 0.0233794 0.000122359 
v 0.0994756 0.0235832 0.000216136 
v 0.099347 0.0237777 0.000334936 
v 0.099226 0.0239608 0.000477458 
v 0.0991139 0.0241305 0.000642138 
v 0.0990119 0.0242849 0.000827173 
v 0.0989212 0.0244223 0.00103054 
v 0.0988426 0.0245412 0.00125 
v 0.0987771 0.0246403 0.00148316 
v 0.0987254 0.0247186 0.00172746 
v 0.0986881 0.0247751 0.00198022 
v 0.0986655 0.0248092 0.00223868 
v 0.0973079 0.0213568 1.36953e-05 
v 0.0971787 0.0215807 5.4631e-05 
v 0.0970525 0.0217997 0.000122359 
v 0.0969304 0.0220113 0.000216136 
v 0.0968139 0.0222133 0.000334936 
v 0.0967043 0.0224034 0.000477458 
v 0.0966027 0.0225795 0.000642138 
v 0.0965103 0.0227398 0.000827173 
v 0.096428 0.0228825 0.00103054 
v 0.0963568 0.023006 0.00125 
v 0.0962974 0.0231089 0.00148316 
v 0.0962506 0.0231901 0.00172746 
v 0.0962168 0.0232488 0.00198022 
v 0.0961963 0.0232842 0.00223868 
v 0.0945673 0.0198839 1.36953e-05 
v 0.0944517 0.020115 5.4631e-05 
v 0.0943387 0.0203411 0.000122359 
v 0.0942294 0.0205596 0.000216136 
v 0.0941251 0.0207681 0.000334936 
v 0.0940269 0.0209644 0.000477458 
v 0.093936 0.0211463 0.000642138 
v 0.0938532 0.0213118 0.000827173 
v 0.0937796 0.0214591 0.00103054 
v 0.0937158 0.0215866 0.00125 
v 0.0936627 0.0216928 0.00148316 
v 0.0936207 0.0217767 0.00172746 
v 0.0935904 0.0218373 0.00198022 
v 0.0935721 0.0218739 0.00223868 
v 0.0914622 0.0184499 1.36953e-05 
v 0.0913611 0.0186877 5.4631e-05 
v 0.0912621 0.0189203 0.000122359 
v 0.0911665 0.0191451 0.000216136 
v 0.0910752 0.0193597 0.000334936 
v 0.0909893 0.0195616 0.000477458 
v 0.0909097 0.0197488 0.000642138 
v 0.0908373 0.019919 0.000827173 
v 0.0907728 0.0200706 0.00103054 
v 0.090717 0.0202017 0.00125 
v 0.0906705 0.0203111 0.00148316 
v 0.0906338 0.0203974 0.00172746 
v 0.0906073 0.0204597 0.00198022 
v 0.0905913 0.0204973 0.00223868 
v 0.0882121 0.0171796 1.36953e-05 
v 0.088125 0.017423 5.4631e-05 
v 0.0880398 0.0176609 0.000122359 
v 0.0879575 0.017891 0.000216136 
v 0.0878789 0.0181105 0.000334936 
v 0.087805 0.0183171 0.000477458 
v 0.0877364 0.0185086 0.000642138 
v 0.0876741 0.0186828 0.000827173 
v 0.0876186 0.0188378 0.00103054 
v 0.0875706 0.018972 0.00125 
v 0.0875305 0.0190839 0.00148316 
v 0.0874989 0.0191722 0.00172746 
v 0.0874761 0.0192359 0.00198022 
v 0.0874623 0.0192745 0.00223868 
v 0.0848103 0.0160689 1.36953e-05 
v 0.0847369 0.0163167 5.4631e-05 
v 0.084665 0.0165591 0.000122359 
v 0.0845956 0.0167933 0.000216136 
v 0.0845293 0.0170168 0.000334936 
v 0.0844669 0.0172272 0.000477458 
v 0.0844091 0.0174222 0.000642138 
v 0.0843565 0.0175996 0.000827173 
v 0.0843097 0.0177575 0.00103054 
v 0.0842692 0.0178941 0.00125 
v 0.0842354 0.018008 0.00148316 
v 0.0842087 0.0180979 0.00172746 
v 0.0841895 0.0181629 0.00198022 
v 0.0841778 0.0182021 0.00223868 
v 0.0812504 0.0151156 1.36953e-05 
v 0.08119 0.0153669 5.4631e-05 
v 0.081131 0.0156127 0.000122359 
v 0.0810739 0.0158502 0.000216136 
v 0.0810194 0.0160769 0.000334936 
v 0.0809681 0.0162903 0.000477458 
v 0.0809206 0.0164881 0.000642138 
v 0.0808774 0.016668 0.000827173 
v 0.0808389 0.0168281 0.00103054 
v 0.0808056 0.0169667 0.00125 
v 0.0807778 0.0170822 0.00148316 
v 0.0807559 0.0171734 0.00172746 
v 0.0807401 0.0172392 0.00198022 
v 0.0807305 0.017279 0.00223868 
v 0.0775256 0.0143189 1.36953e-05 
v 0.0774777 0.0145729 5.4631e-05 
v 0.0774309 0.0148213 0.000122359 
v 0.0773856 0.0150614 0.000216136 
v 0.0773424 0.0152905 0.000334936 
v 0.0773017 0.0155062 0.000477458 
v 0.0772641 0.015706 0.000642138 
v 0.0772298 0.0158878 0.000827173 
v 0.0771993 0.0160497 0.00103054 
v 0.0771728 0.0161897 0.00125 
v 0.0771508 0.0163065 0.00148316 
v 0.0771334 0.0163986 0.00172746 
v 0.0771209 0.0164652 0.00198022 
v 0.0771133 0.0165054 0.00223868 
v 0.0743952 0.0137905 1.36953e-05 
v 0.074357 0.0140461 5.4631e-05 
v 0.0743196 0.0142961 0.000122359 
v 0.0742834 0.0145377 0.000216136 
v 0.0742489 0.0147683 0.000334936 
v 0.0742164 0.0149853 0.000477458 
v 0.0741863 0.0151864 0.000642138 
v 0.0741589 0.0153694 0.000827173 
v 0.0741345 0.0155323 0.00103054 
v 0.0741134 0.0156732 0.00125 
v 0.0740958 0.0157907 0.00148316 
v 0.0740819 0.0158835 0.00172746 
v 0.0740719 0.0159505 0.00198022 
v 0.0740658 0.0159909 0.00223868 
v 0.0701033 0.0132523 1.36953e-05 
v 0.070077 0.0135095 5.4631e-05 
v 0.0700514 0.0137609 0.000122359 
v 0.0700266 0.014004 0.000216136 
v 0.0700029 0.0142359 0.000334936 
v 0.0699806 0.0144542 0.000477458 
v 0.06996 0.0146566 0.000642138 
v 0.0699412 0.0148406 0.000827173 
v 0.0699245 0.0150045 0.00103054 
v 0.06991 0.0151463 0.00125 
v 0.0698979 0.0152644 0.00148316 
v 0.0698884 0.0153577 0.00172746 
v 0.0698815 0.0154251 0.00198022 
v 0.0698774 0.0154658 0.00223868 
v 0.0656325 0.0128962 1.36953e-05 
v 0.0656175 0.0131542 5.4631e-05 
v 0.0656028 0.0134065 0.000122359 
v 0.0655886 0.0136504 0.000216136 
v 0.0655751 0.0138832 0.000334936 
v 0.0655623 0.0141023 0.000477458 
v 0.0655505 0.0143053 0.000642138 
v 0.0655398 0.01449 0.000827173 
v 0.0655302 0.0146544 0.00103054 
v 0.065522 0.0147967 0.00125 
v 0.0655151 0.0149153 0.00148316 
v 0.0655096 0.0150089 0.00172746 
v 0.0655057 0.0150765 0.00198022 
v 0.0655033 0.0151174 0.00223868 
v 0.0609758 0.0127217 1.36953e-05 
v 0.0609713 0.0129802 5.4631e-05 
v 0.0609669 0.0132329 0.000122359 
v 0.0609626 0.0134771 0.000216136 
v 0.0609585 0.0137103 0.000334936 
v 0.0609546 0.0139297 0.000477458 
v 0.0609511 0.014133 0.000642138 
v 0.0609478 0.014318 0.000827173 
v 0.0609449 0.0144827 0.00103054 
v 0.0609424 0.0146252 0.00125 
v 0.0609404 0.014744 0.00148316 
v 0.0609387 0.0148377 0.00172746 
v 0.0609375 0.0149055 0.00198022 
v 0.0609368 0.0149464 0.00223868 
v 0.0377244 0.13376 0.00236916 
v 0.0377142 0.13377 0.00223868 
v 0.0376971 0.133787 0.00210891 
v 0.0376732 0.133811 0.00198022 
v 0.0376427 0.133842 0.00185295 
v 0.0376055 0.133879 0.00172746 
v 0.0375618 0.133923 0.00160408 
v 0.0375117 0.133973 0.00148316 
v 0.0374554 0.134029 0.00136502 
v 0.0373929 0.134091 0.00125 
v 0.0373245 0.13416 0.0011384 
v 0.0372504 0.134234 0.00103054 
v 0.0370857 0.134399 0.000827173 
v 0.0369007 0.134584 0.000642138 
v 0.0366973 0.134787 0.000477458 
v 0.0364779 0.135007 0.000334936 
v 0.0362447 0.13524 0.000216136 
v 0.0360004 0.135484 0.000122359 
v 0.0357476 0.135737 5.4631e-05 
v 0.0354892 0.135995 1.36953e-05 
v 0.0352279 0.136257 0 
v 0.0352279 0.0124414 0 
v 0.0354892 0.0127027 1.36953e-05 
v 0.0357476 0.0129612 5.4631e-05 
v 0.0360004 0.0132139 0.000122359 
v 0.0362447 0.0134582 0.000216136 
v 0.0364779 0.0136914 0.000334936 
v 0.0366973 0.0139109 0.000477458 
v 0.0369007 0.0141142 0.000642138 
v 0.0370857 0.0142993 0.000827173 
v 0.0372504 0.0144639 0.00103054 
v 0.0373245 0.0145381 0.0011384 
v 0.0373929 0.0146065 0.00125 
v 0.0374554 0.0146689 0.00136502 
v 0.0375117 0.0147253 0.00148316 
v 0.0375618 0.0147754 0.00160408 
v 0.0376055 0.014819 0.00172746 
v 0.0376427 0.0148562 0.00185295 
v 0.0376732 0.0148868 0.00198022 
v 0.0376971 0.0149106 0.00210891 
v 0.0377142 0.0149277 0.00223868 
v 0.0377244 0.014938 0.00236916 
v 0.077867 0.00353659 0.04 
v 0.0616536 0.0025 0.04 
v 0.0732361 0.00301097 0.04 
v 0.135946 0.088371 0.04 
v 0.135342 0.0925999 0.04 
v 0.13452 0.0968347 0.04 
v 0.0634677 0.00251172 0.04 
v 0.0684386 0.00266947 0.04 
v 0.0793311 0.00374635 0.04 
v 0.13666 0.0757812 0.04 
v 0.136366 0.0839954 0.04 
v 0.136603 0.0794676 0.04 
v 0.0660156 0.14623 0.04 
v 0.0229427 0.14623 0.04 
v 0.0835015 0.00446879 0.04 
v 0.134716 0.0547513 0.04 
v 0.135355 0.0582963 0.04 
v 0.135944 0.062607 0.04 
v 0.136346 0.0669166 0.04 
v 0.136583 0.0713092 0.04 
v 0.0829692 0.144905 0.04 
v 0.0787168 0.145511 0.04 
v 0.0745604 0.145915 0.04 
v 0.0703255 0.146153 0.04 
v 0.0875098 0.00535308 0.04 
v 0.133944 0.0512927 0.04 
v 0.133604 0.100533 0.04 
v 0.086455 0.144247 0.04 
v 0.0913619 0.00639929 0.04 
v 0.132528 0.104093 0.04 
v 0.131289 0.107522 0.04 
v 0.129885 0.110824 0.04 
v 0.0950636 0.00760861 0.04 
v 0.0986209 0.00898353 0.04 
v 0.10204 0.0105284 0.04 
v 0.133035 0.0479218 0.04 
v 0.128312 0.114006 0.04 
v 0.127968 0.114644 0.04 
v 0.126303 0.117497 0.04 
v 0.106393 0.136786 0.04 
v 0.105536 0.137273 0.04 
v 0.0931696 0.142513 0.04 
v 0.0898554 0.14345 0.04 
v 0.104011 0.0115306 0.04 
v 0.123403 0.0281233 0.04 
v 0.126962 0.0335628 0.04 
v 0.12795 0.0353452 0.04 
v 0.13079 0.0414488 0.04 
v 0.124494 0.120228 0.04 
v 0.109183 0.135062 0.04 
v 0.102581 0.138814 0.04 
v 0.0963961 0.14143 0.04 
v 0.106951 0.0131953 0.04 
v 0.125253 0.0307837 0.04 
v 0.129447 0.03835 0.04 
v 0.131985 0.0446399 0.04 
v 0.11817 0.127741 0.04 
v 0.0995337 0.140199 0.04 
v 0.114991 0.0190319 0.04 
v 0.122538 0.122843 0.04 
v 0.120432 0.125346 0.04 
v 0.109757 0.0149981 0.04 
v 0.117428 0.0212726 0.04 
v 0.119279 0.0231634 0.04 
v 0.121411 0.0255823 0.04 
v 0.116841 0.129028 0.04 
v 0.114406 0.131184 0.04 
v 0.112436 0.0169421 0.04 
v 0.111855 0.133194 0.04 
v 0.0229427 0.0025 0.04 
v 0.136921 0.0757812 0.0399863 
v 0.13718 0.0757812 0.0399454 
v 0.137433 0.0757812 0.0398776 
v 0.137677 0.0757812 0.0397839 
v 0.13791 0.0757812 0.0396651 
v 0.13813 0.0757812 0.0395225 
v 0.138333 0.0757812 0.0393579 
v 0.138518 0.0757812 0.0391728 
v 0.138683 0.0757812 0.0389695 
v 0.138825 0.0757812 0.03875 
v 0.138944 0.0757812 0.0385168 
v 0.139038 0.0757812 0.0382725 
v 0.139106 0.0757812 0.0380198 
v 0.139146 0.0757812 0.0377613 
v 0.13916 0.0757812 0.0375 
v 0.138841 0.0667549 0.0375 
v 0.13884 0.0667343 0.0375 
v 0.137882 0.0583297 0.0375 
v 0.137824 0.0579017 0.0375 
v 0.137167 0.0542578 0.0375 
v 0.135433 0.047216 0.0375 
v 0.136363 0.0506648 0.0375 
v 0.133109 0.040514 0.0375 
v 0.134301 0.0436987 0.0375 
v 0.131744 0.0373645 0.0375 
v 0.131714 0.0372959 0.0375 
v 0.130157 0.0341698 0.0375 
v 0.127345 0.0294151 0.0375 
v 0.128697 0.0316138 0.0375 
v 0.123333 0.0239839 0.0375 
v 0.125207 0.0263745 0.0375 
v 0.121266 0.0216381 0.0375 
v 0.121106 0.0214571 0.0375 
v 0.117611 0.0210855 0.0399863 
v 0.117791 0.0209004 0.0399454 
v 0.117967 0.0207194 0.0398776 
v 0.118138 0.0205445 0.0397839 
v 0.118301 0.0203775 0.0396651 
v 0.118454 0.0202204 0.0395225 
v 0.118596 0.0200748 0.0393579 
v 0.118725 0.0199422 0.0391728 
v 0.11884 0.0198243 0.0389695 
v 0.118939 0.0197223 0.03875 
v 0.119022 0.0196372 0.0385168 
v 0.119088 0.01957 0.0382725 
v 0.119135 0.0195215 0.0380198 
v 0.119164 0.0194922 0.0377613 
v 0.119173 0.0194824 0.0375 
v 0.125414 0.026638 0.0375 
v 0.129127 0.0323131 0.0375 
v 0.134347 0.0438215 0.0375 
v 0.136371 0.0506954 0.0375 
v 0.138428 0.0623233 0.0375 
v 0.139081 0.0712213 0.0375 
v 0.136844 0.0713 0.0399863 
v 0.137102 0.0712909 0.0399454 
v 0.137355 0.0712821 0.0398776 
v 0.137599 0.0712735 0.0397839 
v 0.137832 0.0712653 0.0396651 
v 0.138051 0.0712576 0.0395225 
v 0.138255 0.0712504 0.0393579 
v 0.138439 0.0712439 0.0391728 
v 0.138604 0.0712381 0.0389695 
v 0.138746 0.0712331 0.03875 
v 0.138865 0.0712289 0.0385168 
v 0.138959 0.0712256 0.0382725 
v 0.139027 0.0712233 0.0380198 
v 0.139067 0.0712218 0.0377613 
v 0.136607 0.0668976 0.0399863 
v 0.136865 0.0668787 0.0399454 
v 0.137117 0.0668603 0.0398776 
v 0.13736 0.0668425 0.0397839 
v 0.137593 0.0668255 0.0396651 
v 0.137812 0.0668095 0.0395225 
v 0.138015 0.0667946 0.0393579 
v 0.138199 0.0667812 0.0391728 
v 0.138363 0.0667691 0.0389695 
v 0.138506 0.0667588 0.03875 
v 0.138624 0.0667501 0.0385168 
v 0.138718 0.0667433 0.0382725 
v 0.138785 0.0667383 0.0380198 
v 0.138826 0.0667353 0.0377613 
v 0.136204 0.0625773 0.0399863 
v 0.136461 0.062548 0.0399454 
v 0.136712 0.0625193 0.0398776 
v 0.136954 0.0624916 0.0397839 
v 0.137186 0.0624651 0.0396651 
v 0.137404 0.0624402 0.0395225 
v 0.137606 0.0624172 0.0393579 
v 0.13779 0.0623962 0.0391728 
v 0.137954 0.0623775 0.0389695 
v 0.138095 0.0623613 0.03875 
v 0.138213 0.0623478 0.0385168 
v 0.138306 0.0623372 0.0382725 
v 0.138374 0.0623295 0.0380198 
v 0.138414 0.0623249 0.0377613 
v 0.135613 0.058255 0.0399863 
v 0.135869 0.0582142 0.0399454 
v 0.136118 0.0581743 0.0398776 
v 0.136359 0.0581358 0.0397839 
v 0.13659 0.058099 0.0396651 
v 0.136806 0.0580644 0.0395225 
v 0.137007 0.0580323 0.0393579 
v 0.13719 0.0580031 0.0391728 
v 0.137353 0.0579771 0.0389695 
v 0.137493 0.0579546 0.03875 
v 0.137611 0.0579358 0.0385168 
v 0.137703 0.057921 0.0382725 
v 0.13777 0.0579103 0.0380198 
v 0.13781 0.0579039 0.0377613 
v 0.134972 0.0546997 0.0399863 
v 0.135226 0.0546487 0.0399454 
v 0.135474 0.0545988 0.0398776 
v 0.135713 0.0545505 0.0397839 
v 0.135942 0.0545045 0.0396651 
v 0.136157 0.0544612 0.0395225 
v 0.136356 0.0544211 0.0393579 
v 0.136538 0.0543845 0.0391728 
v 0.136699 0.054352 0.0389695 
v 0.136839 0.0543239 0.03875 
v 0.136955 0.0543004 0.0385168 
v 0.137047 0.0542819 0.0382725 
v 0.137114 0.0542685 0.0380198 
v 0.137154 0.0542605 0.0377613 
v 0.134198 0.0512303 0.0399863 
v 0.134449 0.0511685 0.0399454 
v 0.134694 0.0511081 0.0398776 
v 0.134931 0.0510498 0.0397839 
v 0.135158 0.0509941 0.0396651 
v 0.135371 0.0509416 0.0395225 
v 0.135568 0.050893 0.0393579 
v 0.135748 0.0508488 0.0391728 
v 0.135908 0.0508095 0.0389695 
v 0.136046 0.0507754 0.03875 
v 0.136162 0.050747 0.0385168 
v 0.136253 0.0507246 0.0382725 
v 0.136318 0.0507084 0.0380198 
v 0.136358 0.0506987 0.0377613 
v 0.133285 0.047848 0.0399863 
v 0.133533 0.047775 0.0399454 
v 0.133776 0.0477037 0.0398776 
v 0.13401 0.0476347 0.0397839 
v 0.134234 0.0475689 0.0396651 
v 0.134444 0.0475069 0.0395225 
v 0.134639 0.0474495 0.0393579 
v 0.134817 0.0473973 0.0391728 
v 0.134975 0.0473508 0.0389695 
v 0.135112 0.0473106 0.03875 
v 0.135225 0.047277 0.0385168 
v 0.135315 0.0472506 0.0382725 
v 0.13538 0.0472314 0.0380198 
v 0.13542 0.0472199 0.0377613 
v 0.132232 0.0445544 0.0399863 
v 0.132476 0.0444698 0.0399454 
v 0.132715 0.044387 0.0398776 
v 0.132945 0.0443071 0.0397839 
v 0.133166 0.0442307 0.0396651 
v 0.133373 0.0441589 0.0395225 
v 0.133565 0.0440923 0.0393579 
v 0.13374 0.0440317 0.0391728 
v 0.133896 0.0439778 0.0389695 
v 0.13403 0.0439312 0.03875 
v 0.134143 0.0438923 0.0385168 
v 0.134231 0.0438616 0.0382725 
v 0.134295 0.0438394 0.0380198 
v 0.134334 0.043826 0.0377613 
v 0.131033 0.0413511 0.0399863 
v 0.131272 0.0412545 0.0399454 
v 0.131507 0.04116 0.0398776 
v 0.131733 0.0410686 0.0397839 
v 0.13195 0.0409814 0.0396651 
v 0.132153 0.0408994 0.0395225 
v 0.132342 0.0408233 0.0393579 
v 0.132513 0.0407541 0.0391728 
v 0.132666 0.0406926 0.0389695 
v 0.132798 0.0406393 0.03875 
v 0.132909 0.0405949 0.0385168 
v 0.132995 0.0405598 0.0382725 
v 0.133058 0.0405345 0.0380198 
v 0.133096 0.0405192 0.0377613 
v 0.129684 0.0382398 0.0399863 
v 0.129918 0.0381308 0.0399454 
v 0.130148 0.0380243 0.0398776 
v 0.130369 0.0379213 0.0397839 
v 0.130581 0.037823 0.0396651 
v 0.13078 0.0377304 0.0395225 
v 0.130964 0.0376447 0.0393579 
v 0.131132 0.0375667 0.0391728 
v 0.131281 0.0374972 0.0389695 
v 0.13141 0.0374371 0.03875 
v 0.131518 0.0373871 0.0385168 
v 0.131603 0.0373475 0.0382725 
v 0.131664 0.037319 0.0380198 
v 0.131702 0.0373017 0.0377613 
v 0.128181 0.0352223 0.0399863 
v 0.128409 0.0351008 0.0399454 
v 0.128632 0.0349819 0.0398776 
v 0.128848 0.0348671 0.0397839 
v 0.129054 0.0347575 0.0396651 
v 0.129247 0.0346543 0.0395225 
v 0.129427 0.0345587 0.0393579 
v 0.12959 0.0344717 0.0391728 
v 0.129735 0.0343943 0.0389695 
v 0.129861 0.0343272 0.03875 
v 0.129966 0.0342714 0.0385168 
v 0.130049 0.0342273 0.0382725 
v 0.130109 0.0341955 0.0380198 
v 0.130145 0.0341762 0.0377613 
v 0.127188 0.0334322 0.0399863 
v 0.127412 0.033303 0.0399454 
v 0.127631 0.0331766 0.0398776 
v 0.127842 0.0330545 0.0397839 
v 0.128044 0.0329379 0.0396651 
v 0.128234 0.0328282 0.0395225 
v 0.128411 0.0327266 0.0393579 
v 0.128571 0.0326341 0.0391728 
v 0.128713 0.0325518 0.0389695 
v 0.128837 0.0324805 0.03875 
v 0.12894 0.0324211 0.0385168 
v 0.129021 0.0323743 0.0382725 
v 0.12908 0.0323404 0.0380198 
v 0.129115 0.0323199 0.0377613 
v 0.125472 0.0306407 0.0399863 
v 0.125688 0.0304992 0.0399454 
v 0.1259 0.0303608 0.0398776 
v 0.126104 0.0302271 0.0397839 
v 0.126299 0.0300994 0.0396651 
v 0.126483 0.0299793 0.0395225 
v 0.126653 0.0298679 0.0393579 
v 0.126808 0.0297666 0.0391728 
v 0.126946 0.0296765 0.0389695 
v 0.127065 0.0295984 0.03875 
v 0.127164 0.0295334 0.0385168 
v 0.127243 0.0294821 0.0382725 
v 0.127299 0.029445 0.0380198 
v 0.127334 0.0294226 0.0377613 
v 0.123613 0.027968 0.0399863 
v 0.123821 0.0278145 0.0399454 
v 0.124024 0.0276643 0.0398776 
v 0.124221 0.0275192 0.0397839 
v 0.124408 0.0273806 0.0396651 
v 0.124585 0.0272502 0.0395225 
v 0.124748 0.0271294 0.0393579 
v 0.124897 0.0270195 0.0391728 
v 0.12503 0.0269216 0.0389695 
v 0.125144 0.026837 0.03875 
v 0.12524 0.0267664 0.0385168 
v 0.125315 0.0267107 0.0382725 
v 0.12537 0.0266704 0.0380198 
v 0.125403 0.0266461 0.0377613 
v 0.121612 0.0254152 0.0399863 
v 0.121811 0.02525 0.0399454 
v 0.122005 0.0250884 0.0398776 
v 0.122193 0.0249322 0.0397839 
v 0.122372 0.0247831 0.0396651 
v 0.122541 0.0246428 0.0395225 
v 0.122697 0.0245128 0.0393579 
v 0.122839 0.0243945 0.0391728 
v 0.122966 0.0242892 0.0389695 
v 0.123076 0.0241981 0.03875 
v 0.123167 0.0241221 0.0385168 
v 0.123239 0.0240622 0.0382725 
v 0.123291 0.0240189 0.0380198 
v 0.123323 0.0239927 0.0377613 
v 0.11947 0.022985 0.0399863 
v 0.119659 0.0228086 0.0399454 
v 0.119844 0.0226361 0.0398776 
v 0.120022 0.0224694 0.0397839 
v 0.120193 0.0223102 0.0396651 
v 0.120353 0.0221605 0.0395225 
v 0.120502 0.0220217 0.0393579 
v 0.120637 0.0218954 0.0391728 
v 0.120757 0.021783 0.0389695 
v 0.120861 0.0216857 0.03875 
v 0.120948 0.0216046 0.0385168 
v 0.121017 0.0215406 0.0382725 
v 0.121066 0.0214944 0.0380198 
v 0.121096 0.0214665 0.0377613 
v 0.118355 0.127925 0.0399863 
v 0.118538 0.128108 0.0399454 
v 0.118717 0.128287 0.0398776 
v 0.118889 0.12846 0.0397839 
v 0.119054 0.128625 0.0396651 
v 0.119209 0.12878 0.0395225 
v 0.119353 0.128924 0.0393579 
v 0.119484 0.129054 0.0391728 
v 0.119601 0.129171 0.0389695 
v 0.119701 0.129272 0.03875 
v 0.119785 0.129356 0.0385168 
v 0.119852 0.129422 0.0382725 
v 0.1199 0.12947 0.0380198 
v 0.119928 0.129499 0.0377613 
v 0.119938 0.129508 0.0375 
v 0.124081 0.124891 0.0375 
v 0.124497 0.124397 0.0375 
v 0.126538 0.121668 0.0375 
v 0.127718 0.119885 0.0375 
v 0.128425 0.118818 0.0375 
v 0.130162 0.115844 0.0375 
v 0.13052 0.115179 0.0375 
v 0.132158 0.111866 0.0375 
v 0.130857 0.114498 0.0375 
v 0.133529 0.10864 0.0375 
v 0.133616 0.108435 0.0375 
v 0.134901 0.10488 0.0375 
v 0.135681 0.102299 0.0375 
v 0.136015 0.101195 0.0375 
v 0.136961 0.0973757 0.0375 
v 0.137807 0.0930128 0.0375 
v 0.137336 0.0954434 0.0375 
v 0.138428 0.0886664 0.0375 
v 0.138859 0.0841794 0.0375 
v 0.13849 0.0880199 0.0375 
v 0.13908 0.0799657 0.0375 
v 0.139102 0.0795464 0.0375 
v 0.122298 0.12701 0.0375 
v 0.120627 0.12552 0.0399863 
v 0.12082 0.125692 0.0399454 
v 0.121009 0.12586 0.0398776 
v 0.121191 0.126023 0.0397839 
v 0.121365 0.126178 0.0396651 
v 0.121529 0.126324 0.0395225 
v 0.121681 0.126459 0.0393579 
v 0.121819 0.126582 0.0391728 
v 0.121942 0.126692 0.0389695 
v 0.122048 0.126787 0.03875 
v 0.122137 0.126866 0.0385168 
v 0.122207 0.126928 0.0382725 
v 0.122257 0.126973 0.0380198 
v 0.122288 0.127001 0.0377613 
v 0.122743 0.123005 0.0399863 
v 0.122945 0.123166 0.0399454 
v 0.123143 0.123323 0.0398776 
v 0.123335 0.123475 0.0397839 
v 0.123517 0.12362 0.0396651 
v 0.123689 0.123756 0.0395225 
v 0.123849 0.123883 0.0393579 
v 0.123994 0.123998 0.0391728 
v 0.124123 0.1241 0.0389695 
v 0.124234 0.124189 0.03875 
v 0.124327 0.124263 0.0385168 
v 0.124401 0.124321 0.0382725 
v 0.124454 0.124363 0.0380198 
v 0.124486 0.124389 0.0377613 
v 0.124707 0.120379 0.0399863 
v 0.124919 0.120528 0.0399454 
v 0.125125 0.120673 0.0398776 
v 0.125325 0.120814 0.0397839 
v 0.125516 0.120948 0.0396651 
v 0.125695 0.121074 0.0395225 
v 0.125861 0.121191 0.0393579 
v 0.126013 0.121298 0.0391728 
v 0.126147 0.121393 0.0389695 
v 0.126264 0.121475 0.03875 
v 0.126361 0.121543 0.0385168 
v 0.126438 0.121597 0.0382725 
v 0.126493 0.121636 0.0380198 
v 0.126525 0.117635 0.0399863 
v 0.126744 0.117772 0.0399454 
v 0.126959 0.117905 0.0398776 
v 0.127166 0.118035 0.0397839 
v 0.127364 0.118158 0.0396651 
v 0.12755 0.118274 0.0395225 
v 0.127723 0.118381 0.0393579 
v 0.12788 0.118479 0.0391728 
v 0.12802 0.118566 0.0389695 
v 0.128141 0.118641 0.03875 
v 0.128242 0.118704 0.0385168 
v 0.128321 0.118754 0.0382725 
v 0.126527 0.12166 0.0377613 
v 0.128379 0.118789 0.0380198 
v 0.128414 0.118811 0.0377613 
v 0.128198 0.11477 0.0399863 
v 0.128424 0.114894 0.0399454 
v 0.128646 0.115015 0.0398776 
v 0.12886 0.115132 0.0397839 
v 0.129065 0.115244 0.0396651 
v 0.129258 0.115349 0.0395225 
v 0.129436 0.115447 0.0393579 
v 0.129598 0.115536 0.0391728 
v 0.129743 0.115615 0.0389695 
v 0.129868 0.115683 0.03875 
v 0.129972 0.11574 0.0385168 
v 0.130054 0.115785 0.0382725 
v 0.130114 0.115818 0.0380198 
v 0.128543 0.114129 0.0399863 
v 0.128771 0.11425 0.0399454 
v 0.128995 0.114368 0.0398776 
v 0.12921 0.114483 0.0397839 
v 0.129416 0.114592 0.0396651 
v 0.12961 0.114695 0.0395225 
v 0.12979 0.114791 0.0393579 
v 0.129953 0.114878 0.0391728 
v 0.130098 0.114955 0.0389695 
v 0.130224 0.115022 0.03875 
v 0.130329 0.115078 0.0385168 
v 0.130412 0.115122 0.0382725 
v 0.13015 0.115837 0.0377613 
v 0.130472 0.115153 0.0380198 
v 0.130123 0.110933 0.0399863 
v 0.130358 0.11104 0.0399454 
v 0.130588 0.111146 0.0398776 
v 0.13081 0.111248 0.0397839 
v 0.131021 0.111345 0.0396651 
v 0.131221 0.111437 0.0395225 
v 0.131406 0.111521 0.0393579 
v 0.131574 0.111599 0.0391728 
v 0.131724 0.111667 0.0389695 
v 0.131853 0.111727 0.03875 
v 0.131961 0.111776 0.0385168 
v 0.132046 0.111815 0.0382725 
v 0.130508 0.115172 0.0377613 
v 0.132108 0.111844 0.0380198 
v 0.132145 0.111861 0.0377613 
v 0.131532 0.107617 0.0399863 
v 0.131773 0.107712 0.0399454 
v 0.132008 0.107804 0.0398776 
v 0.132236 0.107893 0.0397839 
v 0.132453 0.107978 0.0396651 
v 0.132657 0.108059 0.0395225 
v 0.132846 0.108133 0.0393579 
v 0.133018 0.1082 0.0391728 
v 0.133172 0.108261 0.0389695 
v 0.133304 0.108313 0.03875 
v 0.133415 0.108356 0.0385168 
v 0.133502 0.10839 0.0382725 
v 0.133565 0.108415 0.0380198 
v 0.133603 0.10843 0.0377613 
v 0.132776 0.104176 0.0399863 
v 0.133021 0.104257 0.0399454 
v 0.133261 0.104336 0.0398776 
v 0.133493 0.104413 0.0397839 
v 0.133714 0.104487 0.0396651 
v 0.133923 0.104556 0.0395225 
v 0.134116 0.10462 0.0393579 
v 0.134291 0.104678 0.0391728 
v 0.134448 0.104729 0.0389695 
v 0.134583 0.104774 0.03875 
v 0.134696 0.104812 0.0385168 
v 0.134785 0.104841 0.0382725 
v 0.134849 0.104862 0.0380198 
v 0.133856 0.100602 0.0399863 
v 0.134106 0.100671 0.0399454 
v 0.134349 0.100738 0.0398776 
v 0.134585 0.100802 0.0397839 
v 0.13481 0.100864 0.0396651 
v 0.135021 0.100922 0.0395225 
v 0.135217 0.100976 0.0393579 
v 0.135396 0.101025 0.0391728 
v 0.135555 0.101069 0.0389695 
v 0.135692 0.101106 0.03875 
v 0.135807 0.101138 0.0385168 
v 0.135897 0.101163 0.0382725 
v 0.134888 0.104875 0.0377613 
v 0.135962 0.10118 0.0380198 
v 0.136002 0.101191 0.0377613 
v 0.134775 0.0968913 0.0399863 
v 0.135028 0.0969472 0.0399454 
v 0.135274 0.0970019 0.0398776 
v 0.135513 0.0970547 0.0397839 
v 0.13574 0.0971052 0.0396651 
v 0.135955 0.0971527 0.0395225 
v 0.136153 0.0971967 0.0393579 
v 0.136334 0.0972367 0.0391728 
v 0.136495 0.0972724 0.0389695 
v 0.136634 0.0973032 0.03875 
v 0.13675 0.0973289 0.0385168 
v 0.136841 0.0973492 0.0382725 
v 0.136908 0.0973639 0.0380198 
v 0.1356 0.092643 0.0399863 
v 0.135854 0.0926857 0.0399454 
v 0.136104 0.0927275 0.0398776 
v 0.136345 0.0927678 0.0397839 
v 0.136575 0.0928063 0.0396651 
v 0.136791 0.0928426 0.0395225 
v 0.136992 0.0928762 0.0393579 
v 0.137174 0.0929067 0.0391728 
v 0.137337 0.0929339 0.0389695 
v 0.137477 0.0929575 0.03875 
v 0.137594 0.0929771 0.0385168 
v 0.137687 0.0929926 0.0382725 
v 0.136947 0.0973727 0.0377613 
v 0.137754 0.0930038 0.0380198 
v 0.137794 0.0930105 0.0377613 
v 0.136205 0.0884019 0.0399863 
v 0.136462 0.0884324 0.0399454 
v 0.136713 0.0884623 0.0398776 
v 0.136955 0.0884912 0.0397839 
v 0.137187 0.0885187 0.0396651 
v 0.137405 0.0885447 0.0395225 
v 0.137607 0.0885687 0.0393579 
v 0.13779 0.0885905 0.0391728 
v 0.137954 0.08861 0.0389695 
v 0.138096 0.0886268 0.03875 
v 0.138214 0.0886409 0.0385168 
v 0.138307 0.088652 0.0382725 
v 0.138374 0.08866 0.0380198 
v 0.136626 0.0840146 0.0399863 
v 0.136884 0.0840337 0.0399454 
v 0.137136 0.0840523 0.0398776 
v 0.13738 0.0840703 0.0397839 
v 0.137612 0.0840874 0.0396651 
v 0.137831 0.0841036 0.0395225 
v 0.138034 0.0841186 0.0393579 
v 0.138219 0.0841322 0.0391728 
v 0.138383 0.0841443 0.0389695 
v 0.138525 0.0841548 0.03875 
v 0.138643 0.0841635 0.0385168 
v 0.138737 0.0841704 0.0382725 
v 0.138415 0.0886648 0.0377613 
v 0.138805 0.0841754 0.0380198 
v 0.138845 0.0841784 0.0377613 
v 0.136864 0.0794758 0.0399863 
v 0.137122 0.079484 0.0399454 
v 0.137375 0.0794919 0.0398776 
v 0.137619 0.0794997 0.0397839 
v 0.137852 0.079507 0.0396651 
v 0.138071 0.0795139 0.0395225 
v 0.138275 0.0795203 0.0393579 
v 0.13846 0.0795262 0.0391728 
v 0.138624 0.0795314 0.0389695 
v 0.138767 0.0795358 0.03875 
v 0.138885 0.0795396 0.0385168 
v 0.138979 0.0795426 0.0382725 
v 0.139047 0.0795447 0.0380198 
v 0.139088 0.079546 0.0377613 
v 0.114547 0.0154406 0.0375 
v 0.113962 0.0149619 0.0375 
v 0.111167 0.0129338 0.0375 
v 0.109495 0.0118593 0.0375 
v 0.108243 0.0110549 0.0375 
v 0.105183 0.00932227 0.0375 
v 0.103956 0.00869817 0.0375 
v 0.103134 0.00828057 0.0375 
v 0.0995858 0.00667725 0.0375 
v 0.095902 0.00525336 0.0375 
v 0.097912 0.00603029 0.0375 
v 0.0920772 0.0040038 0.0375 
v 0.0881061 0.00292525 0.0375 
v 0.0913436 0.00380455 0.0375 
v 0.0841861 0.00206041 0.0375 
v 0.0839835 0.00201571 0.0375 
v 0.0797038 0.00127429 0.0375 
v 0.0782035 0.00105935 0.0375 
v 0.073465 0.000521473 0.0375 
v 0.0763808 0.000852451 0.0375 
v 0.0685662 0.000172735 0.0375 
v 0.0635002 1.19267e-05 0.0375 
v 0.0678756 0.000150813 0.0375 
v 0.0616536 0.00223868 0.0399863 
v 0.0616536 0.00198022 0.0399454 
v 0.0616536 0.00172746 0.0398776 
v 0.0616536 0.00148316 0.0397839 
v 0.0616536 0.00125 0.0396651 
v 0.0616536 0.00103054 0.0395225 
v 0.0616536 0.000827173 0.0393579 
v 0.0616536 0.000642138 0.0391728 
v 0.0616536 0.000477458 0.0389695 
v 0.0616536 0.000334936 0.03875 
v 0.0616536 0.000216136 0.0385168 
v 0.0616536 0.000122359 0.0382725 
v 0.0616536 5.4631e-05 0.0380198 
v 0.0616536 1.36953e-05 0.0377613 
v 0.0616536 0 0.0375 
v 0.116629 0.0171432 0.0375 
v 0.115163 0.0188345 0.0399863 
v 0.115332 0.0186392 0.0399454 
v 0.115498 0.0184482 0.0398776 
v 0.115658 0.0182637 0.0397839 
v 0.11581 0.0180875 0.0396651 
v 0.115954 0.0179217 0.0395225 
v 0.116087 0.0177681 0.0393579 
v 0.116209 0.0176283 0.0391728 
v 0.116316 0.0175039 0.0389695 
v 0.11641 0.0173962 0.03875 
v 0.116488 0.0173065 0.0385168 
v 0.116549 0.0172356 0.0382725 
v 0.116593 0.0171844 0.0380198 
v 0.11662 0.0171535 0.0377613 
v 0.112595 0.0167352 0.0399863 
v 0.112753 0.0165304 0.0399454 
v 0.112907 0.0163302 0.0398776 
v 0.113056 0.0161367 0.0397839 
v 0.113199 0.015952 0.0396651 
v 0.113333 0.0157782 0.0395225 
v 0.113457 0.0156171 0.0393579 
v 0.11357 0.0154705 0.0391728 
v 0.11367 0.0153401 0.0389695 
v 0.113757 0.0152272 0.03875 
v 0.11383 0.0151331 0.0385168 
v 0.113887 0.0150588 0.0382725 
v 0.113928 0.0150051 0.0380198 
v 0.113953 0.0149727 0.0377613 
v 0.109905 0.0147823 0.0399863 
v 0.11005 0.0145689 0.0399454 
v 0.110193 0.0143602 0.0398776 
v 0.110331 0.0141584 0.0397839 
v 0.110462 0.0139659 0.0396651 
v 0.110586 0.0137847 0.0395225 
v 0.110701 0.0136168 0.0393579 
v 0.110805 0.013464 0.0391728 
v 0.110898 0.013328 0.0389695 
v 0.110978 0.0132103 0.03875 
v 0.111045 0.0131122 0.0385168 
v 0.111098 0.0130348 0.0382725 
v 0.111137 0.0129789 0.0380198 
v 0.107086 0.0129715 0.0399863 
v 0.107219 0.0127503 0.0399454 
v 0.10735 0.0125338 0.0398776 
v 0.107476 0.0123247 0.0397839 
v 0.107597 0.0121251 0.0396651 
v 0.10771 0.0119372 0.0395225 
v 0.107815 0.0117631 0.0393579 
v 0.107911 0.0116047 0.0391728 
v 0.107996 0.0114637 0.0389695 
v 0.10807 0.0113416 0.03875 
v 0.108131 0.0112399 0.0385168 
v 0.108179 0.0111596 0.0382725 
v 0.11116 0.0129451 0.0377613 
v 0.108214 0.0111017 0.0380198 
v 0.108236 0.0110666 0.0377613 
v 0.104134 0.0112998 0.0399863 
v 0.104255 0.0110715 0.0399454 
v 0.104374 0.0108482 0.0398776 
v 0.104488 0.0106324 0.0397839 
v 0.104597 0.0104264 0.0396651 
v 0.1047 0.0102326 0.0395225 
v 0.104796 0.0100529 0.0393579 
v 0.104882 0.00988949 0.0391728 
v 0.104959 0.00974402 0.0389695 
v 0.105026 0.00961813 0.03875 
v 0.105082 0.00951319 0.0385168 
v 0.105126 0.00943035 0.0382725 
v 0.105158 0.00937053 0.0380198 
v 0.102155 0.0102935 0.0399863 
v 0.102268 0.0100611 0.0399454 
v 0.102378 0.00983379 0.0398776 
v 0.102485 0.00961413 0.0397839 
v 0.102587 0.00940449 0.0396651 
v 0.102683 0.00920716 0.0395225 
v 0.102772 0.00902431 0.0393579 
v 0.102853 0.00885794 0.0391728 
v 0.102925 0.00870987 0.0389695 
v 0.102988 0.00858172 0.03875 
v 0.10304 0.0084749 0.0385168 
v 0.103081 0.00839058 0.0382725 
v 0.105177 0.00933437 0.0377613 
v 0.10311 0.00832969 0.0380198 
v 0.103128 0.00829288 0.0377613 
v 0.0987218 0.00874246 0.0399863 
v 0.0988215 0.00850403 0.0399454 
v 0.0989191 0.00827085 0.0398776 
v 0.0990134 0.00804548 0.0397839 
v 0.0991034 0.00783039 0.0396651 
v 0.0991881 0.00762793 0.0395225 
v 0.0992666 0.00744033 0.0393579 
v 0.099338 0.00726963 0.0391728 
v 0.0994015 0.00711771 0.0389695 
v 0.0994565 0.00698623 0.03875 
v 0.0995024 0.00687664 0.0385168 
v 0.0995386 0.00679013 0.0382725 
v 0.0995647 0.00672765 0.0380198 
v 0.0951512 0.00736242 0.0399863 
v 0.0952379 0.00711892 0.0399454 
v 0.0953227 0.0068808 0.0398776 
v 0.0954046 0.00665064 0.0397839 
v 0.0954828 0.00643099 0.0396651 
v 0.0955564 0.00622423 0.0395225 
v 0.0956246 0.00603264 0.0393579 
v 0.0956866 0.00585832 0.0391728 
v 0.0957419 0.00570318 0.0389695 
v 0.0957896 0.00556891 0.03875 
v 0.0958295 0.00545699 0.0385168 
v 0.0958609 0.00536864 0.0382725 
v 0.0995805 0.00668988 0.0377613 
v 0.0958836 0.00530483 0.0380198 
v 0.0958974 0.00526627 0.0377613 
v 0.0914366 0.00614889 0.0399863 
v 0.0915106 0.00590124 0.0399454 
v 0.0915829 0.00565904 0.0398776 
v 0.0916528 0.00542495 0.0397839 
v 0.0917195 0.00520154 0.0396651 
v 0.0917823 0.00499125 0.0395225 
v 0.0918405 0.00479639 0.0393579 
v 0.0918934 0.00461909 0.0391728 
v 0.0919405 0.00446129 0.0389695 
v 0.0919813 0.00432473 0.03875 
v 0.0920153 0.0042109 0.0385168 
v 0.0920421 0.00412104 0.0382725 
v 0.0920615 0.00405614 0.0380198 
v 0.0875721 0.0050993 0.0399863 
v 0.0876338 0.0048483 0.0399454 
v 0.0876941 0.00460284 0.0398776 
v 0.0877523 0.00436559 0.0397839 
v 0.087808 0.00413916 0.0396651 
v 0.0878603 0.00392603 0.0395225 
v 0.0879088 0.00372854 0.0393579 
v 0.087953 0.00354885 0.0391728 
v 0.0879923 0.00338892 0.0389695 
v 0.0880262 0.00325051 0.03875 
v 0.0880546 0.00313514 0.0385168 
v 0.088077 0.00304407 0.0382725 
v 0.0920732 0.00401692 0.0377613 
v 0.0880931 0.0029783 0.0380198 
v 0.0881029 0.00293855 0.0377613 
v 0.0835519 0.00421238 0.0399863 
v 0.0836017 0.00395877 0.0399454 
v 0.0836504 0.00371075 0.0398776 
v 0.0836975 0.00347104 0.0397839 
v 0.0837425 0.00324225 0.0396651 
v 0.0837848 0.00302691 0.0395225 
v 0.083824 0.00282736 0.0393579 
v 0.0838597 0.0026458 0.0391728 
v 0.0838915 0.00248421 0.0389695 
v 0.0839189 0.00234436 0.03875 
v 0.0839419 0.00222779 0.0385168 
v 0.0839599 0.00213577 0.0382725 
v 0.083973 0.00206932 0.0380198 
v 0.0839809 0.00202915 0.0377613 
v 0.07937 0.00348795 0.0399863 
v 0.0794086 0.00323238 0.0399454 
v 0.0794463 0.00298244 0.0398776 
v 0.0794827 0.00274087 0.0397839 
v 0.0795174 0.00251032 0.0396651 
v 0.0795502 0.00229331 0.0395225 
v 0.0795805 0.00209222 0.0393579 
v 0.0796081 0.00190925 0.0391728 
v 0.0796326 0.00174641 0.0389695 
v 0.0796539 0.00160548 0.03875 
v 0.0796716 0.00148801 0.0385168 
v 0.0796856 0.00139528 0.0382725 
v 0.0796957 0.00132831 0.0380198 
v 0.0779022 0.00327765 0.0399863 
v 0.077937 0.00302154 0.0399454 
v 0.077971 0.00277108 0.0398776 
v 0.0780039 0.00252901 0.0397839 
v 0.0780353 0.00229797 0.0396651 
v 0.0780648 0.0020805 0.0395225 
v 0.0780922 0.00187899 0.0393579 
v 0.0781171 0.00169564 0.0391728 
v 0.0781393 0.00153246 0.0389695 
v 0.0781585 0.00139123 0.03875 
v 0.0781745 0.00127352 0.0385168 
v 0.0781871 0.00118059 0.0382725 
v 0.0797018 0.00128783 0.0377613 
v 0.0781962 0.00111348 0.0380198 
v 0.07326 0.00275075 0.0399863 
v 0.0732836 0.00249337 0.0399454 
v 0.0733068 0.00224167 0.0398776 
v 0.0733292 0.0019984 0.0397839 
v 0.0733505 0.00176622 0.0396651 
v 0.0733706 0.00154768 0.0395225 
v 0.0733892 0.00134517 0.0393579 
v 0.0734062 0.00116091 0.0391728 
v 0.0734213 0.000996924 0.0389695 
v 0.0734343 0.000855002 0.03875 
v 0.0734452 0.000736701 0.0385168 
v 0.0734538 0.000643317 0.0382725 
v 0.0782017 0.00107292 0.0377613 
v 0.07346 0.000575874 0.0380198 
v 0.0734637 0.00053511 0.0377613 
v 0.0684519 0.00240849 0.0399863 
v 0.0684651 0.00215037 0.0399454 
v 0.068478 0.00189794 0.0398776 
v 0.0684905 0.00165396 0.0397839 
v 0.0685024 0.0014211 0.0396651 
v 0.0685136 0.00120193 0.0395225 
v 0.068524 0.000998829 0.0393579 
v 0.0685335 0.000814035 0.0391728 
v 0.0685419 0.000649569 0.0389695 
v 0.0685491 0.000507234 0.03875 
v 0.0685552 0.000388589 0.0385168 
v 0.06856 0.000294934 0.0382725 
v 0.0685635 0.000227295 0.0380198 
v 0.0634711 0.00225042 0.0399863 
v 0.0634745 0.00199198 0.0399454 
v 0.0634777 0.00173924 0.0398776 
v 0.0634809 0.00149496 0.0397839 
v 0.0634839 0.00126182 0.0396651 
v 0.0634868 0.00104238 0.0395225 
v 0.0634894 0.00083903 0.0393579 
v 0.0634918 0.00065401 0.0391728 
v 0.063494 0.000489344 0.0389695 
v 0.0634958 0.000346835 0.03875 
v 0.0634974 0.000228045 0.0385168 
v 0.0634986 0.000134275 0.0382725 
v 0.0685655 0.000186412 0.0377613 
v 0.0634995 6.65531e-05 0.0380198 
v 0.0635 2.56208e-05 0.0377613 
v 0.138833 0.0667553 0.0025 
v 0.139078 0.0711385 0.0025 
v 0.13916 0.0757812 0.0025 
v 0.137871 0.0583314 0.0025 
v 0.138352 0.0616722 0.0025 
v 0.138809 0.0663259 0.0025 
v 0.137589 0.0565003 0.0025 
v 0.137704 0.0571698 0.0025 
v 0.13634 0.0506705 0.0025 
v 0.136781 0.0524419 0.0025 
v 0.134668 0.0447698 0.0025 
v 0.135808 0.0485336 0.0025 
v 0.134284 0.0437049 0.0025 
v 0.13188 0.0376548 0.0025 
v 0.13336 0.0411453 0.0025 
v 0.131738 0.0373674 0.0025 
v 0.128691 0.031617 0.0025 
v 0.129512 0.0329902 0.0025 
v 0.130222 0.0342928 0.0025 
v 0.127745 0.030034 0.0025 
v 0.12583 0.0272092 0.0025 
v 0.125197 0.0263818 0.0025 
v 0.121549 0.0219365 0.0025 
v 0.123766 0.0245113 0.0025 
v 0.121263 0.0216411 0.0025 
v 0.119173 0.0194824 0.0025 
v 0.0660156 0.146492 0.0399863 
v 0.0660156 0.14675 0.0399454 
v 0.0660156 0.147003 0.0398776 
v 0.0660156 0.147247 0.0397839 
v 0.0660156 0.14748 0.0396651 
v 0.0660156 0.1477 0.0395225 
v 0.0660156 0.147903 0.0393579 
v 0.0660156 0.148088 0.0391728 
v 0.0660156 0.148253 0.0389695 
v 0.0660156 0.148396 0.03875 
v 0.0660156 0.148514 0.0385168 
v 0.0660156 0.148608 0.0382725 
v 0.0660156 0.148676 0.0380198 
v 0.0660156 0.148717 0.0377613 
v 0.0660156 0.14873 0.0375 
v 0.0747026 0.14841 0.0375 
v 0.0747503 0.148408 0.0375 
v 0.0828305 0.147449 0.0375 
v 0.0833815 0.14737 0.0375 
v 0.0902531 0.145924 0.0375 
v 0.0904801 0.145871 0.0375 
v 0.0970286 0.143854 0.0375 
v 0.09725 0.14378 0.0375 
v 0.103215 0.141271 0.0375 
v 0.103676 0.141062 0.0375 
v 0.106754 0.139456 0.0375 
v 0.110556 0.137151 0.0375 
v 0.108866 0.138196 0.0375 
v 0.116009 0.133102 0.0375 
v 0.11404 0.134654 0.0375 
v 0.118551 0.130852 0.0375 
v 0.11875 0.130659 0.0375 
v 0.113345 0.135201 0.0375 
v 0.107646 0.138949 0.0375 
v 0.100507 0.142501 0.0375 
v 0.093907 0.144902 0.0375 
v 0.0869711 0.146693 0.0375 
v 0.0790118 0.147993 0.0375 
v 0.0704172 0.148651 0.0375 
v 0.0703351 0.146414 0.0399863 
v 0.0703446 0.146672 0.0399454 
v 0.0703538 0.146925 0.0398776 
v 0.0703628 0.147169 0.0397839 
v 0.0703714 0.147402 0.0396651 
v 0.0703794 0.147621 0.0395225 
v 0.0703869 0.147824 0.0393579 
v 0.0703937 0.148009 0.0391728 
v 0.0703997 0.148174 0.0389695 
v 0.0704049 0.148316 0.03875 
v 0.0704093 0.148435 0.0385168 
v 0.0704127 0.148529 0.0382725 
v 0.0704152 0.148596 0.0380198 
v 0.0704167 0.148637 0.0377613 
v 0.0745802 0.146175 0.0399863 
v 0.0745998 0.146433 0.0399454 
v 0.0746191 0.146685 0.0398776 
v 0.0746376 0.146929 0.0397839 
v 0.0746553 0.147161 0.0396651 
v 0.074672 0.14738 0.0395225 
v 0.0746875 0.147583 0.0393579 
v 0.0747015 0.147767 0.0391728 
v 0.074714 0.147932 0.0389695 
v 0.0747249 0.148074 0.03875 
v 0.0747339 0.148192 0.0385168 
v 0.074741 0.148286 0.0382725 
v 0.0747461 0.148353 0.0380198 
v 0.0747493 0.148394 0.0377613 
v 0.0787476 0.14577 0.0399863 
v 0.0787781 0.146027 0.0399454 
v 0.078808 0.146278 0.0398776 
v 0.0788368 0.146521 0.0397839 
v 0.0788643 0.146752 0.0396651 
v 0.0788902 0.14697 0.0395225 
v 0.0789142 0.147172 0.0393579 
v 0.0789361 0.147356 0.0391728 
v 0.0789555 0.147519 0.0389695 
v 0.0789723 0.147661 0.03875 
v 0.0789863 0.147779 0.0385168 
v 0.0789974 0.147872 0.0382725 
v 0.0790054 0.147939 0.0380198 
v 0.0790102 0.14798 0.0377613 
v 0.0830123 0.145162 0.0399863 
v 0.083055 0.145417 0.0399454 
v 0.0830966 0.145667 0.0398776 
v 0.0831369 0.145907 0.0397839 
v 0.0831754 0.146137 0.0396651 
v 0.0832116 0.146354 0.0395225 
v 0.0832451 0.146554 0.0393579 
v 0.0832756 0.146737 0.0391728 
v 0.0833028 0.146899 0.0389695 
v 0.0833263 0.14704 0.03875 
v 0.0833459 0.147157 0.0385168 
v 0.0833613 0.14725 0.0382725 
v 0.0833725 0.147316 0.0380198 
v 0.0833792 0.147357 0.0377613 
v 0.0865089 0.144502 0.0399863 
v 0.0865623 0.144755 0.0399454 
v 0.0866145 0.145003 0.0398776 
v 0.0866649 0.145242 0.0397839 
v 0.086713 0.14547 0.0396651 
v 0.0867583 0.145684 0.0395225 
v 0.0868003 0.145883 0.0393579 
v 0.0868385 0.146064 0.0391728 
v 0.0868725 0.146226 0.0389695 
v 0.086902 0.146365 0.03875 
v 0.0869265 0.146481 0.0385168 
v 0.0869458 0.146573 0.0382725 
v 0.0869598 0.146639 0.0380198 
v 0.0869683 0.146679 0.0377613 
v 0.0899207 0.143703 0.0399863 
v 0.0899853 0.143954 0.0399454 
v 0.0900484 0.144198 0.0398776 
v 0.0901095 0.144435 0.0397839 
v 0.0901677 0.144661 0.0396651 
v 0.0902226 0.144873 0.0395225 
v 0.0902734 0.14507 0.0393579 
v 0.0903196 0.145249 0.0391728 
v 0.0903608 0.145409 0.0389695 
v 0.0903964 0.145547 0.03875 
v 0.0904261 0.145662 0.0385168 
v 0.0904495 0.145753 0.0382725 
v 0.0904664 0.145818 0.0380198 
v 0.0904766 0.145858 0.0377613 
v 0.0932467 0.142762 0.0399863 
v 0.0933229 0.143009 0.0399454 
v 0.0933975 0.143251 0.0398776 
v 0.0934695 0.143484 0.0397839 
v 0.0935383 0.143707 0.0396651 
v 0.093603 0.143917 0.0395225 
v 0.093663 0.144111 0.0393579 
v 0.0937176 0.144288 0.0391728 
v 0.0937661 0.144445 0.0389695 
v 0.0938082 0.144581 0.03875 
v 0.0938432 0.144695 0.0385168 
v 0.0938709 0.144785 0.0382725 
v 0.0938909 0.144849 0.0380198 
v 0.0939029 0.144888 0.0377613 
v 0.0964854 0.141676 0.0399863 
v 0.0965737 0.141919 0.0399454 
v 0.09666 0.142156 0.0398776 
v 0.0967434 0.142386 0.0397839 
v 0.096823 0.142605 0.0396651 
v 0.096898 0.142811 0.0395225 
v 0.0969675 0.143002 0.0393579 
v 0.0970307 0.143176 0.0391728 
v 0.0970869 0.143331 0.0389695 
v 0.0971356 0.143465 0.03875 
v 0.0971761 0.143577 0.0385168 
v 0.0972082 0.143665 0.0382725 
v 0.0972313 0.143728 0.0380198 
v 0.0972453 0.143767 0.0377613 
v 0.0996354 0.140439 0.0399863 
v 0.099736 0.140677 0.0399454 
v 0.0998344 0.14091 0.0398776 
v 0.0999295 0.141135 0.0397839 
v 0.10002 0.14135 0.0396651 
v 0.100106 0.141552 0.0395225 
v 0.100185 0.14174 0.0393579 
v 0.100257 0.14191 0.0391728 
v 0.100321 0.142062 0.0389695 
v 0.100377 0.142193 0.03875 
v 0.100423 0.142302 0.0385168 
v 0.100459 0.142389 0.0382725 
v 0.100486 0.142451 0.0380198 
v 0.100502 0.142489 0.0377613 
v 0.102695 0.139049 0.0399863 
v 0.102808 0.139282 0.0399454 
v 0.102919 0.139509 0.0398776 
v 0.103026 0.139729 0.0397839 
v 0.103128 0.139938 0.0396651 
v 0.103224 0.140135 0.0395225 
v 0.103313 0.140318 0.0393579 
v 0.103394 0.140485 0.0391728 
v 0.103467 0.140633 0.0389695 
v 0.103529 0.140761 0.03875 
v 0.103581 0.140868 0.0385168 
v 0.103622 0.140952 0.0382725 
v 0.103652 0.141013 0.0380198 
v 0.10367 0.14105 0.0377613 
v 0.105663 0.137501 0.0399863 
v 0.105789 0.137727 0.0399454 
v 0.105912 0.137948 0.0398776 
v 0.106031 0.138161 0.0397839 
v 0.106145 0.138365 0.0396651 
v 0.106252 0.138556 0.0395225 
v 0.106351 0.138734 0.0393579 
v 0.106441 0.138896 0.0391728 
v 0.106521 0.139039 0.0389695 
v 0.10659 0.139164 0.03875 
v 0.106648 0.139268 0.0385168 
v 0.106694 0.13935 0.0382725 
v 0.106727 0.139409 0.0380198 
v 0.106747 0.139445 0.0377613 
v 0.106524 0.137012 0.0399863 
v 0.106653 0.137236 0.0399454 
v 0.10678 0.137454 0.0398776 
v 0.106903 0.137666 0.0397839 
v 0.107019 0.137868 0.0396651 
v 0.10713 0.138057 0.0395225 
v 0.107232 0.138233 0.0393579 
v 0.107324 0.138393 0.0391728 
v 0.107407 0.138536 0.0389695 
v 0.107478 0.138659 0.03875 
v 0.107538 0.138762 0.0385168 
v 0.107585 0.138843 0.0382725 
v 0.107619 0.138902 0.0380198 
v 0.107639 0.138937 0.0377613 
v 0.109326 0.135281 0.0399863 
v 0.109468 0.135497 0.0399454 
v 0.109607 0.135708 0.0398776 
v 0.109741 0.135912 0.0397839 
v 0.10987 0.136107 0.0396651 
v 0.10999 0.13629 0.0395225 
v 0.110102 0.13646 0.0393579 
v 0.110203 0.136615 0.0391728 
v 0.110294 0.136752 0.0389695 
v 0.110372 0.136871 0.03875 
v 0.110438 0.136971 0.0385168 
v 0.110489 0.137049 0.0382725 
v 0.110526 0.137106 0.0380198 
v 0.110549 0.13714 0.0377613 
v 0.112011 0.133404 0.0399863 
v 0.112165 0.133611 0.0399454 
v 0.112316 0.133814 0.0398776 
v 0.112461 0.13401 0.0397839 
v 0.1126 0.134198 0.0396651 
v 0.112731 0.134374 0.0395225 
v 0.112852 0.134537 0.0393579 
v 0.112963 0.134686 0.0391728 
v 0.113061 0.134818 0.0389695 
v 0.113146 0.134932 0.03875 
v 0.113217 0.135028 0.0385168 
v 0.113272 0.135103 0.0382725 
v 0.113313 0.135157 0.0380198 
v 0.113337 0.13519 0.0377613 
v 0.114573 0.131384 0.0399863 
v 0.114739 0.131583 0.0399454 
v 0.114901 0.131777 0.0398776 
v 0.115058 0.131964 0.0397839 
v 0.115207 0.132143 0.0396651 
v 0.115348 0.132312 0.0395225 
v 0.115478 0.132468 0.0393579 
v 0.115597 0.13261 0.0391728 
v 0.115703 0.132736 0.0389695 
v 0.115794 0.132845 0.03875 
v 0.11587 0.132937 0.0385168 
v 0.11593 0.133009 0.0382725 
v 0.115974 0.13306 0.0380198 
v 0.116 0.133092 0.0377613 
v 0.117019 0.129219 0.0399863 
v 0.117196 0.129407 0.0399454 
v 0.117369 0.129592 0.0398776 
v 0.117536 0.12977 0.0397839 
v 0.117696 0.12994 0.0396651 
v 0.117846 0.1301 0.0395225 
v 0.117985 0.130249 0.0393579 
v 0.118111 0.130384 0.0391728 
v 0.118224 0.130504 0.0389695 
v 0.118322 0.130608 0.03875 
v 0.118403 0.130694 0.0385168 
v 0.118467 0.130763 0.0382725 
v 0.118513 0.130812 0.0380198 
v 0.118541 0.130842 0.0377613 
v 0.121286 0.128117 0.0025 
v 0.123542 0.12557 0.0025 
v 0.124078 0.124889 0.0025 
v 0.125645 0.122902 0.0025 
v 0.127599 0.120109 0.0025 
v 0.127732 0.119894 0.0025 
v 0.129401 0.117194 0.0025 
v 0.129843 0.11642 0.0025 
v 0.130853 0.114495 0.0025 
v 0.132902 0.110181 0.0025 
v 0.131456 0.113346 0.0025 
v 0.133514 0.108634 0.0025 
v 0.135682 0.1023 0.0025 
v 0.135315 0.10359 0.0025 
v 0.134187 0.106929 0.0025 
v 0.137347 0.0954456 0.0025 
v 0.137115 0.0966638 0.0025 
v 0.136289 0.100168 0.0025 
v 0.13849 0.0880199 0.0025 
v 0.138422 0.0887169 0.0025 
v 0.137796 0.0930793 0.0025 
v 0.138837 0.0844748 0.0025 
v 0.13908 0.0801619 0.0025 
v 0.139084 0.0799661 0.0025 
v 0.119938 0.129508 0.0025 
v 0.0226814 0.00223868 0.0399863 
v 0.0224229 0.00198022 0.0399454 
v 0.0221702 0.00172746 0.0398776 
v 0.0219259 0.00148316 0.0397839 
v 0.0216927 0.00125 0.0396651 
v 0.0214732 0.00103054 0.0395225 
v 0.0212699 0.000827173 0.0393579 
v 0.0210848 0.000642138 0.0391728 
v 0.0209202 0.000477458 0.0389695 
v 0.020846 0.000403324 0.0388616 
v 0.0207776 0.000334936 0.03875 
v 0.0207152 0.000272484 0.038635 
v 0.0206588 0.000216136 0.0385168 
v 0.0206088 0.000166049 0.0383959 
v 0.0205651 0.000122359 0.0382725 
v 0.0205279 8.51854e-05 0.038147 
v 0.0204973 5.4631e-05 0.0380198 
v 0.0204735 3.07791e-05 0.0378911 
v 0.0204564 1.36953e-05 0.0377613 
v 0.0204461 3.42616e-06 0.0376308 
v 0.0204427 0 0.0375 
v 0.115601 0.0162714 0.0025 
v 0.118152 0.0185107 0.0025 
v 0.114544 0.0154456 0.0025 
v 0.109499 0.0118527 0.0025 
v 0.110128 0.0122395 0.0025 
v 0.112926 0.0141812 0.0025 
v 0.103953 0.00870514 0.0025 
v 0.104724 0.00908078 0.0025 
v 0.107211 0.0104455 0.0025 
v 0.0982616 0.0061388 0.0025 
v 0.101539 0.00752973 0.0025 
v 0.0979189 0.00601297 0.0025 
v 0.0913471 0.00379165 0.0025 
v 0.0914384 0.00381594 0.0025 
v 0.0948939 0.00490256 0.0025 
v 0.0841868 0.00205759 0.0025 
v 0.0842721 0.0020729 0.0025 
v 0.0878972 0.0028742 0.0025 
v 0.0763816 0.000843054 0.0025 
v 0.0799436 0.00131074 0.0025 
v 0.0805664 0.00140815 0.0025 
v 0.0709544 0.000317778 0.0025 
v 0.067875 0.000157903 0.0025 
v 0.0754888 0.00072583 0.0025 
v 0.0663416 7.82895e-05 0.0025 
v 0.0616536 0 0.0025 
v 0.117611 0.0210855 1.36953e-05 
v 0.117428 0.0212726 0 
v 0.119703 0.0236223 0 
v 0.117791 0.0209004 5.4631e-05 
v 0.117967 0.0207194 0.000122359 
v 0.118138 0.0205445 0.000216136 
v 0.118301 0.0203775 0.000334936 
v 0.118454 0.0202204 0.000477458 
v 0.118596 0.0200748 0.000642138 
v 0.118725 0.0199422 0.000827173 
v 0.11884 0.0198243 0.00103054 
v 0.118939 0.0197223 0.00125 
v 0.119022 0.0196372 0.00148316 
v 0.119088 0.01957 0.00172746 
v 0.119135 0.0195215 0.00198022 
v 0.119164 0.0194922 0.00223868 
v 0.121826 0.0260871 0 
v 0.123802 0.0286704 0 
v 0.125636 0.031377 0 
v 0.127331 0.0342126 0 
v 0.128013 0.0354633 0 
v 0.129606 0.0386953 0 
v 0.131032 0.0420573 0 
v 0.132295 0.0455561 0 
v 0.133398 0.0491974 0 
v 0.134342 0.0529874 0 
v 0.135127 0.0569321 0 
v 0.135239 0.0575837 0 
v 0.13587 0.0619716 0 
v 0.136316 0.0665172 0 
v 0.136921 0.0757812 1.36953e-05 
v 0.13658 0.071228 0 
v 0.13718 0.0757812 5.4631e-05 
v 0.137433 0.0757812 0.000122359 
v 0.137677 0.0757812 0.000216136 
v 0.13791 0.0757812 0.000334936 
v 0.13813 0.0757812 0.000477458 
v 0.138333 0.0757812 0.000642138 
v 0.138518 0.0757812 0.000827173 
v 0.138683 0.0757812 0.00103054 
v 0.138825 0.0757812 0.00125 
v 0.138944 0.0757812 0.00148316 
v 0.139038 0.0757812 0.00172746 
v 0.139106 0.0757812 0.00198022 
v 0.139146 0.0757812 0.00223868 
v 0.13666 0.0757812 0 
v 0.119896 0.0234461 1.36953e-05 
v 0.120087 0.0232718 5.4631e-05 
v 0.120273 0.0231014 0.000122359 
v 0.120454 0.0229366 0.000216136 
v 0.120626 0.0227794 0.000334936 
v 0.120788 0.0226314 0.000477458 
v 0.120938 0.0224943 0.000642138 
v 0.121075 0.0223695 0.000827173 
v 0.121196 0.0222585 0.00103054 
v 0.121302 0.0221624 0.00125 
v 0.121389 0.0220822 0.00148316 
v 0.121458 0.022019 0.00172746 
v 0.121509 0.0219733 0.00198022 
v 0.121539 0.0219457 0.00223868 
v 0.122028 0.0259224 1.36953e-05 
v 0.122229 0.0257594 5.4631e-05 
v 0.122425 0.0256001 0.000122359 
v 0.122615 0.0254461 0.000216136 
v 0.122796 0.0252992 0.000334936 
v 0.122966 0.0251608 0.000477458 
v 0.123124 0.0250327 0.000642138 
v 0.123268 0.024916 0.000827173 
v 0.123396 0.0248122 0.00103054 
v 0.123506 0.0247224 0.00125 
v 0.123599 0.0246475 0.00148316 
v 0.123671 0.0245884 0.00172746 
v 0.123724 0.0245457 0.00198022 
v 0.124014 0.0285176 1.36953e-05 
v 0.124224 0.0283666 5.4631e-05 
v 0.124429 0.0282188 0.000122359 
v 0.124627 0.0280761 0.000216136 
v 0.124816 0.0279398 0.000334936 
v 0.124994 0.0278115 0.000477458 
v 0.125159 0.0276927 0.000642138 
v 0.125309 0.0275845 0.000827173 
v 0.125443 0.0274883 0.00103054 
v 0.125559 0.027405 0.00125 
v 0.125655 0.0273355 0.00148316 
v 0.125731 0.0272807 0.00172746 
v 0.123756 0.0245199 0.00223868 
v 0.125786 0.0272411 0.00198022 
v 0.125819 0.0272172 0.00223868 
v 0.125856 0.0312366 1.36953e-05 
v 0.126074 0.0310978 5.4631e-05 
v 0.126288 0.030962 0.000122359 
v 0.126494 0.0308308 0.000216136 
v 0.12669 0.0307055 0.000334936 
v 0.126875 0.0305876 0.000477458 
v 0.127047 0.0304784 0.000642138 
v 0.127203 0.030379 0.000827173 
v 0.127342 0.0302905 0.00103054 
v 0.127462 0.030214 0.00125 
v 0.127562 0.0301501 0.00148316 
v 0.127641 0.0300998 0.00172746 
v 0.127699 0.0300634 0.00198022 
v 0.127559 0.0340848 1.36953e-05 
v 0.127785 0.0339585 5.4631e-05 
v 0.128005 0.0338349 0.000122359 
v 0.128218 0.0337154 0.000216136 
v 0.128422 0.0336014 0.000334936 
v 0.128613 0.0334941 0.000477458 
v 0.128791 0.0333947 0.000642138 
v 0.128952 0.0333042 0.000827173 
v 0.129096 0.0332237 0.00103054 
v 0.12922 0.033154 0.00125 
v 0.129324 0.0330959 0.00148316 
v 0.129405 0.03305 0.00172746 
v 0.127733 0.0300414 0.00223868 
v 0.129464 0.0330169 0.00198022 
v 0.1295 0.0329969 0.00223868 
v 0.128244 0.035341 1.36953e-05 
v 0.128472 0.03522 5.4631e-05 
v 0.128696 0.0351016 0.000122359 
v 0.128912 0.0349872 0.000216136 
v 0.129118 0.0348781 0.000334936 
v 0.129312 0.0347753 0.000477458 
v 0.129491 0.0346801 0.000642138 
v 0.129655 0.0345935 0.000827173 
v 0.1298 0.0345164 0.00103054 
v 0.129926 0.0344496 0.00125 
v 0.130031 0.034394 0.00148316 
v 0.130114 0.0343501 0.00172746 
v 0.130174 0.0343184 0.00198022 
v 0.129844 0.0385865 1.36953e-05 
v 0.130079 0.0384789 5.4631e-05 
v 0.130309 0.0383737 0.000122359 
v 0.130531 0.0382721 0.000216136 
v 0.130743 0.038175 0.000334936 
v 0.130943 0.0380837 0.000477458 
v 0.131127 0.037999 0.000642138 
v 0.131296 0.037922 0.000827173 
v 0.131445 0.0378535 0.00103054 
v 0.131575 0.0377942 0.00125 
v 0.131683 0.0377447 0.00148316 
v 0.131768 0.0377057 0.00172746 
v 0.13021 0.0342992 0.00223868 
v 0.13183 0.0376775 0.00198022 
v 0.131867 0.0376605 0.00223868 
v 0.131275 0.041962 1.36953e-05 
v 0.131516 0.0418677 5.4631e-05 
v 0.131751 0.0417755 0.000122359 
v 0.131979 0.0416864 0.000216136 
v 0.132196 0.0416013 0.000334936 
v 0.1324 0.0415212 0.000477458 
v 0.13259 0.041447 0.000642138 
v 0.132762 0.0413795 0.000827173 
v 0.132915 0.0413194 0.00103054 
v 0.133048 0.0412675 0.00125 
v 0.133159 0.0412241 0.00148316 
v 0.133246 0.0411899 0.00172746 
v 0.133309 0.0411652 0.00198022 
v 0.132543 0.0454739 1.36953e-05 
v 0.132788 0.0453926 5.4631e-05 
v 0.133028 0.0453131 0.000122359 
v 0.13326 0.0452363 0.000216136 
v 0.133482 0.0451629 0.000334936 
v 0.13369 0.0450939 0.000477458 
v 0.133883 0.04503 0.000642138 
v 0.134059 0.0449718 0.000827173 
v 0.134215 0.04492 0.00103054 
v 0.13435 0.0448752 0.00125 
v 0.134463 0.0448378 0.00148316 
v 0.134552 0.0448083 0.00172746 
v 0.133347 0.0411503 0.00223868 
v 0.134616 0.044787 0.00198022 
v 0.134655 0.0447741 0.00223868 
v 0.13365 0.049128 1.36953e-05 
v 0.133899 0.0490594 5.4631e-05 
v 0.134143 0.0489923 0.000122359 
v 0.134378 0.0489274 0.000216136 
v 0.134603 0.0488655 0.000334936 
v 0.134815 0.0488072 0.000477458 
v 0.135011 0.0487532 0.000642138 
v 0.135189 0.0487041 0.000827173 
v 0.135348 0.0486604 0.00103054 
v 0.135485 0.0486225 0.00125 
v 0.1356 0.048591 0.00148316 
v 0.13569 0.0485661 0.00172746 
v 0.135755 0.0485481 0.00198022 
v 0.134597 0.0529304 1.36953e-05 
v 0.134849 0.052874 5.4631e-05 
v 0.135096 0.0528189 0.000122359 
v 0.135334 0.0527655 0.000216136 
v 0.135562 0.0527147 0.000334936 
v 0.135776 0.0526668 0.000477458 
v 0.135974 0.0526224 0.000642138 
v 0.136155 0.052582 0.000827173 
v 0.136315 0.0525461 0.00103054 
v 0.136455 0.052515 0.00125 
v 0.13657 0.0524891 0.00148316 
v 0.136662 0.0524686 0.00172746 
v 0.135795 0.0485372 0.00223868 
v 0.136728 0.0524538 0.00198022 
v 0.136768 0.0524449 0.00223868 
v 0.135384 0.056887 1.36953e-05 
v 0.135639 0.0568423 5.4631e-05 
v 0.135888 0.0567987 0.000122359 
v 0.136128 0.0567565 0.000216136 
v 0.136358 0.0567162 0.000334936 
v 0.136574 0.0566783 0.000477458 
v 0.136774 0.0566432 0.000642138 
v 0.136957 0.0566112 0.000827173 
v 0.137119 0.0565828 0.00103054 
v 0.137259 0.0565582 0.00125 
v 0.137376 0.0565376 0.00148316 
v 0.137469 0.0565214 0.00172746 
v 0.137535 0.0565098 0.00198022 
v 0.135496 0.0575404 1.36953e-05 
v 0.135751 0.0574976 5.4631e-05 
v 0.136 0.0574558 0.000122359 
v 0.136241 0.0574153 0.000216136 
v 0.136471 0.0573767 0.000334936 
v 0.136688 0.0573404 0.000477458 
v 0.136888 0.0573067 0.000642138 
v 0.137071 0.0572761 0.000827173 
v 0.137233 0.0572488 0.00103054 
v 0.137374 0.0572252 0.00125 
v 0.137491 0.0572056 0.00148316 
v 0.137583 0.0571901 0.00172746 
v 0.137576 0.0565027 0.00223868 
v 0.13765 0.0571788 0.00198022 
v 0.136129 0.0619403 1.36953e-05 
v 0.136386 0.0619094 5.4631e-05 
v 0.136637 0.0618791 0.000122359 
v 0.136879 0.0618498 0.000216136 
v 0.137111 0.0618219 0.000334936 
v 0.137328 0.0617956 0.000477458 
v 0.13753 0.0617713 0.000642138 
v 0.137714 0.0617491 0.000827173 
v 0.137878 0.0617294 0.00103054 
v 0.138019 0.0617124 0.00125 
v 0.138137 0.0616981 0.00148316 
v 0.13823 0.0616869 0.00172746 
v 0.137691 0.0571721 0.00223868 
v 0.138297 0.0616788 0.00198022 
v 0.138338 0.0616739 0.00223868 
v 0.136577 0.0664972 1.36953e-05 
v 0.136835 0.0664774 5.4631e-05 
v 0.137087 0.0664581 0.000122359 
v 0.13733 0.0664394 0.000216136 
v 0.137563 0.0664215 0.000334936 
v 0.137781 0.0664047 0.000477458 
v 0.137984 0.0663892 0.000642138 
v 0.138169 0.066375 0.000827173 
v 0.138333 0.0663624 0.00103054 
v 0.138475 0.0663515 0.00125 
v 0.138593 0.0663424 0.00148316 
v 0.138687 0.0663352 0.00172746 
v 0.138755 0.06633 0.00198022 
v 0.136841 0.0712187 1.36953e-05 
v 0.137099 0.0712094 5.4631e-05 
v 0.137352 0.0712003 0.000122359 
v 0.137596 0.0711916 0.000216136 
v 0.137829 0.0711832 0.000334936 
v 0.138048 0.0711754 0.000477458 
v 0.138252 0.0711681 0.000642138 
v 0.138437 0.0711615 0.000827173 
v 0.138601 0.0711556 0.00103054 
v 0.138744 0.0711505 0.00125 
v 0.138862 0.0711462 0.00148316 
v 0.138956 0.0711429 0.00172746 
v 0.138795 0.0663269 0.00223868 
v 0.139024 0.0711404 0.00198022 
v 0.139065 0.071139 0.00223868 
v 0.0204461 0.148727 0.0376308 
v 0.0204564 0.148717 0.0377613 
v 0.0204427 0.14873 0.0375 
v 0.0204735 0.1487 0.0378911 
v 0.0204973 0.148676 0.0380198 
v 0.0205279 0.148645 0.038147 
v 0.0205651 0.148608 0.0382725 
v 0.0206088 0.148564 0.0383959 
v 0.0206588 0.148514 0.0385168 
v 0.0207152 0.148458 0.038635 
v 0.0207776 0.148396 0.03875 
v 0.020846 0.148327 0.0388616 
v 0.0209202 0.148253 0.0389695 
v 0.0210848 0.148088 0.0391728 
v 0.0212699 0.147903 0.0393579 
v 0.0214732 0.1477 0.0395225 
v 0.0216927 0.14748 0.0396651 
v 0.0219259 0.147247 0.0397839 
v 0.0221702 0.147003 0.0398776 
v 0.0224229 0.14675 0.0399454 
v 0.0226814 0.146492 0.0399863 
v 0.0697047 0.148675 0.0025 
v 0.0743652 0.148436 0.0025 
v 0.074702 0.148404 0.0025 
v 0.0828309 0.147451 0.0025 
v 0.0788777 0.148009 0.0025 
v 0.090249 0.145908 0.0025 
v 0.0876603 0.146544 0.0025 
v 0.0832476 0.147393 0.0025 
v 0.0914962 0.145602 0.0025 
v 0.0970216 0.143835 0.0025 
v 0.095196 0.144491 0.0025 
v 0.10321 0.141261 0.0025 
v 0.102208 0.141754 0.0025 
v 0.0987651 0.143209 0.0025 
v 0.106284 0.139716 0.0025 
v 0.108873 0.138206 0.0025 
v 0.105532 0.14012 0.0025 
v 0.112106 0.136097 0.0025 
v 0.109258 0.137982 0.0025 
v 0.114039 0.134653 0.0025 
v 0.117443 0.131864 0.0025 
v 0.114834 0.134059 0.0025 
v 0.118736 0.130644 0.0025 
v 0.0660156 0.14873 0.0025 
v 0.136582 0.0800697 0 
v 0.136344 0.0842837 0 
v 0.13594 0.0884202 0 
v 0.135331 0.0926645 0 
v 0.13467 0.0961445 0 
v 0.13387 0.0995394 0 
v 0.132927 0.102848 0 
v 0.131839 0.10607 0 
v 0.130602 0.109203 0 
v 0.129211 0.112246 0 
v 0.127662 0.115197 0 
v 0.127239 0.115939 0 
v 0.125511 0.118735 0 
v 0.123638 0.121411 0 
v 0.121623 0.123966 0 
v 0.118355 0.127925 1.36953e-05 
v 0.119462 0.126407 0 
v 0.118538 0.128108 5.4631e-05 
v 0.118717 0.128287 0.000122359 
v 0.118889 0.12846 0.000216136 
v 0.119054 0.128625 0.000334936 
v 0.119209 0.12878 0.000477458 
v 0.119353 0.128924 0.000642138 
v 0.119484 0.129054 0.000827173 
v 0.119601 0.129171 0.00103054 
v 0.119701 0.129272 0.00125 
v 0.119785 0.129356 0.00148316 
v 0.119852 0.129422 0.00172746 
v 0.1199 0.12947 0.00198022 
v 0.119928 0.129499 0.00223868 
v 0.11817 0.127741 0 
v 0.136843 0.0800793 1.36953e-05 
v 0.137102 0.0800888 5.4631e-05 
v 0.137354 0.0800982 0.000122359 
v 0.137598 0.0801072 0.000216136 
v 0.137831 0.0801158 0.000334936 
v 0.138051 0.0801239 0.000477458 
v 0.138254 0.0801314 0.000642138 
v 0.138439 0.0801382 0.000827173 
v 0.138603 0.0801443 0.00103054 
v 0.138746 0.0801496 0.00125 
v 0.138864 0.0801539 0.00148316 
v 0.138958 0.0801574 0.00172746 
v 0.139026 0.0801599 0.00198022 
v 0.139067 0.0801614 0.00223868 
v 0.136605 0.0843037 1.36953e-05 
v 0.136862 0.0843235 5.4631e-05 
v 0.137114 0.0843428 0.000122359 
v 0.137358 0.0843615 0.000216136 
v 0.13759 0.0843793 0.000334936 
v 0.137809 0.0843961 0.000477458 
v 0.138012 0.0844116 0.000642138 
v 0.138197 0.0844257 0.000827173 
v 0.138361 0.0844383 0.00103054 
v 0.138503 0.0844492 0.00125 
v 0.138621 0.0844583 0.00148316 
v 0.138715 0.0844655 0.00172746 
v 0.138782 0.0844706 0.00198022 
v 0.138823 0.0844738 0.00223868 
v 0.136199 0.0884512 1.36953e-05 
v 0.136456 0.0884818 5.4631e-05 
v 0.136707 0.0885118 0.000122359 
v 0.136949 0.0885408 0.000216136 
v 0.137181 0.0885685 0.000334936 
v 0.137399 0.0885946 0.000477458 
v 0.137601 0.0886187 0.000642138 
v 0.137785 0.0886407 0.000827173 
v 0.137948 0.0886602 0.00103054 
v 0.13809 0.0886771 0.00125 
v 0.138208 0.0886912 0.00148316 
v 0.138301 0.0887023 0.00172746 
v 0.138368 0.0887104 0.00198022 
v 0.138409 0.0887152 0.00223868 
v 0.135589 0.0927079 1.36953e-05 
v 0.135844 0.0927507 5.4631e-05 
v 0.136093 0.0927927 0.000122359 
v 0.136334 0.0928332 0.000216136 
v 0.136564 0.0928719 0.000334936 
v 0.13678 0.0929083 0.000477458 
v 0.136981 0.092942 0.000642138 
v 0.137163 0.0929727 0.000827173 
v 0.137325 0.0930001 0.00103054 
v 0.137466 0.0930237 0.00125 
v 0.137583 0.0930434 0.00148316 
v 0.137676 0.093059 0.00172746 
v 0.137742 0.0930702 0.00198022 
v 0.137783 0.093077 0.00223868 
v 0.134925 0.0961988 1.36953e-05 
v 0.135178 0.0962525 5.4631e-05 
v 0.135426 0.096305 0.000122359 
v 0.135665 0.0963557 0.000216136 
v 0.135893 0.0964042 0.000334936 
v 0.136107 0.0964497 0.000477458 
v 0.136306 0.096492 0.000642138 
v 0.136487 0.0965304 0.000827173 
v 0.136648 0.0965646 0.00103054 
v 0.136788 0.0965943 0.00125 
v 0.136904 0.0966189 0.00148316 
v 0.136996 0.0966384 0.00172746 
v 0.137062 0.0966525 0.00198022 
v 0.137102 0.096661 0.00223868 
v 0.134123 0.0996051 1.36953e-05 
v 0.134373 0.0996701 5.4631e-05 
v 0.134617 0.0997336 0.000122359 
v 0.134854 0.099795 0.000216136 
v 0.13508 0.0998536 0.000334936 
v 0.135292 0.0999088 0.000477458 
v 0.135489 0.0999599 0.000642138 
v 0.135668 0.100006 0.000827173 
v 0.135827 0.100048 0.00103054 
v 0.135965 0.100084 0.00125 
v 0.13608 0.100114 0.00148316 
v 0.136171 0.100137 0.00172746 
v 0.136237 0.100154 0.00198022 
v 0.136276 0.100164 0.00223868 
v 0.133177 0.102926 1.36953e-05 
v 0.133424 0.103003 5.4631e-05 
v 0.133665 0.103078 0.000122359 
v 0.133898 0.10315 0.000216136 
v 0.134121 0.103219 0.000334936 
v 0.134331 0.103284 0.000477458 
v 0.134525 0.103345 0.000642138 
v 0.134702 0.1034 0.000827173 
v 0.134859 0.103448 0.00103054 
v 0.134995 0.103491 0.00125 
v 0.135108 0.103526 0.00148316 
v 0.135198 0.103554 0.00172746 
v 0.135263 0.103574 0.00198022 
v 0.135302 0.103586 0.00223868 
v 0.132085 0.10616 1.36953e-05 
v 0.132327 0.106248 5.4631e-05 
v 0.132565 0.106335 0.000122359 
v 0.132794 0.106419 0.000216136 
v 0.133013 0.106499 0.000334936 
v 0.133219 0.106575 0.000477458 
v 0.13341 0.106644 0.000642138 
v 0.133584 0.106708 0.000827173 
v 0.133739 0.106765 0.00103054 
v 0.133873 0.106814 0.00125 
v 0.133984 0.106854 0.00148316 
v 0.134072 0.106887 0.00172746 
v 0.134136 0.10691 0.00198022 
v 0.134174 0.106924 0.00223868 
v 0.130842 0.109305 1.36953e-05 
v 0.13108 0.109406 5.4631e-05 
v 0.131313 0.109505 0.000122359 
v 0.131538 0.109601 0.000216136 
v 0.131752 0.109692 0.000334936 
v 0.131954 0.109778 0.000477458 
v 0.132141 0.109857 0.000642138 
v 0.132311 0.10993 0.000827173 
v 0.132463 0.109994 0.00103054 
v 0.132594 0.11005 0.00125 
v 0.132703 0.110097 0.00148316 
v 0.13279 0.110133 0.00172746 
v 0.132852 0.11016 0.00198022 
v 0.13289 0.110176 0.00223868 
v 0.129446 0.112361 1.36953e-05 
v 0.129678 0.112474 5.4631e-05 
v 0.129905 0.112586 0.000122359 
v 0.130124 0.112693 0.000216136 
v 0.130333 0.112796 0.000334936 
v 0.13053 0.112892 0.000477458 
v 0.130713 0.112982 0.000642138 
v 0.130879 0.113063 0.000827173 
v 0.131027 0.113136 0.00103054 
v 0.131155 0.113198 0.00125 
v 0.131262 0.113251 0.00148316 
v 0.131346 0.113292 0.00172746 
v 0.131407 0.113322 0.00198022 
v 0.131443 0.11334 0.00223868 
v 0.12789 0.115325 1.36953e-05 
v 0.128115 0.115451 5.4631e-05 
v 0.128336 0.115575 0.000122359 
v 0.128549 0.115694 0.000216136 
v 0.128752 0.115809 0.000334936 
v 0.128944 0.115916 0.000477458 
v 0.129121 0.116015 0.000642138 
v 0.129283 0.116106 0.000827173 
v 0.129426 0.116186 0.00103054 
v 0.12955 0.116256 0.00125 
v 0.129654 0.116314 0.00148316 
v 0.129736 0.11636 0.00172746 
v 0.129795 0.116393 0.00198022 
v 0.129831 0.116413 0.00223868 
v 0.127465 0.116071 1.36953e-05 
v 0.127688 0.1162 5.4631e-05 
v 0.127907 0.116327 0.000122359 
v 0.128118 0.11645 0.000216136 
v 0.12832 0.116567 0.000334936 
v 0.12851 0.116677 0.000477458 
v 0.128686 0.116779 0.000642138 
v 0.128846 0.116871 0.000827173 
v 0.128988 0.116954 0.00103054 
v 0.129112 0.117026 0.00125 
v 0.129214 0.117085 0.00148316 
v 0.129296 0.117132 0.00172746 
v 0.129354 0.117166 0.00198022 
v 0.12939 0.117187 0.00223868 
v 0.125729 0.118878 1.36953e-05 
v 0.125945 0.11902 5.4631e-05 
v 0.126156 0.119159 0.000122359 
v 0.12636 0.119294 0.000216136 
v 0.126555 0.119422 0.000334936 
v 0.126738 0.119542 0.000477458 
v 0.126908 0.119654 0.000642138 
v 0.127063 0.119756 0.000827173 
v 0.1272 0.119847 0.00103054 
v 0.127319 0.119925 0.00125 
v 0.127419 0.11999 0.00148316 
v 0.127497 0.120042 0.00172746 
v 0.127553 0.120079 0.00198022 
v 0.127588 0.120101 0.00223868 
v 0.123848 0.121567 1.36953e-05 
v 0.124056 0.121721 5.4631e-05 
v 0.124258 0.121871 0.000122359 
v 0.124455 0.122017 0.000216136 
v 0.124642 0.122156 0.000334936 
v 0.124818 0.122287 0.000477458 
v 0.124981 0.122408 0.000642138 
v 0.12513 0.122519 0.000827173 
v 0.125262 0.122617 0.00103054 
v 0.125376 0.122702 0.00125 
v 0.125472 0.122773 0.00148316 
v 0.125547 0.122829 0.00172746 
v 0.125601 0.122869 0.00198022 
v 0.125634 0.122894 0.00223868 
v 0.121824 0.124134 1.36953e-05 
v 0.122022 0.1243 5.4631e-05 
v 0.122216 0.124462 0.000122359 
v 0.122404 0.124618 0.000216136 
v 0.122582 0.124768 0.000334936 
v 0.122751 0.124909 0.000477458 
v 0.122907 0.125039 0.000642138 
v 0.123049 0.125158 0.000827173 
v 0.123175 0.125263 0.00103054 
v 0.123285 0.125355 0.00125 
v 0.123376 0.125431 0.00148316 
v 0.123448 0.125491 0.00172746 
v 0.1235 0.125535 0.00198022 
v 0.123531 0.125561 0.00223868 
v 0.119653 0.126586 1.36953e-05 
v 0.119841 0.126762 5.4631e-05 
v 0.120026 0.126935 0.000122359 
v 0.120204 0.127102 0.000216136 
v 0.120374 0.127262 0.000334936 
v 0.120534 0.127412 0.000477458 
v 0.120682 0.127551 0.000642138 
v 0.120817 0.127678 0.000827173 
v 0.120937 0.12779 0.00103054 
v 0.121041 0.127888 0.00125 
v 0.121128 0.127969 0.00148316 
v 0.121197 0.128033 0.00172746 
v 0.121246 0.12808 0.00198022 
v 0.121276 0.128108 0.00223868 
v 0.0204427 0.14873 0.0025 
v 0.11578 0.129998 0 
v 0.11328 0.1321 0 
v 0.110668 0.134052 0 
v 0.107938 0.135858 0 
v 0.105085 0.137522 0 
v 0.104363 0.13791 0 
v 0.10117 0.13948 0 
v 0.0978564 0.14088 0 
v 0.0944145 0.142116 0 
v 0.0908388 0.14319 0 
v 0.0871234 0.144103 0 
v 0.0828391 0.144926 0 
v 0.0785861 0.145526 0 
v 0.0741843 0.145943 0 
v 0.0660156 0.146492 1.36953e-05 
v 0.0696284 0.146176 0 
v 0.0660156 0.14675 5.4631e-05 
v 0.0660156 0.147003 0.000122359 
v 0.0660156 0.147247 0.000216136 
v 0.0660156 0.14748 0.000334936 
v 0.0660156 0.1477 0.000477458 
v 0.0660156 0.147903 0.000642138 
v 0.0660156 0.148088 0.000827173 
v 0.0660156 0.148253 0.00103054 
v 0.0660156 0.148396 0.00125 
v 0.0660156 0.148514 0.00148316 
v 0.0660156 0.148608 0.00172746 
v 0.0660156 0.148676 0.00198022 
v 0.0660156 0.148717 0.00223868 
v 0.0660156 0.14623 0 
v 0.115954 0.130193 1.36953e-05 
v 0.116126 0.130386 5.4631e-05 
v 0.116294 0.130575 0.000122359 
v 0.116457 0.130757 0.000216136 
v 0.116612 0.130931 0.000334936 
v 0.116758 0.131095 0.000477458 
v 0.116893 0.131247 0.000642138 
v 0.117016 0.131385 0.000827173 
v 0.117126 0.131508 0.00103054 
v 0.117221 0.131614 0.00125 
v 0.1173 0.131703 0.00148316 
v 0.117362 0.131773 0.00172746 
v 0.117407 0.131823 0.00198022 
v 0.117434 0.131854 0.00223868 
v 0.113443 0.132305 1.36953e-05 
v 0.113603 0.132507 5.4631e-05 
v 0.11376 0.132705 0.000122359 
v 0.113912 0.132897 0.000216136 
v 0.114057 0.13308 0.000334936 
v 0.114193 0.133251 0.000477458 
v 0.11432 0.133411 0.000642138 
v 0.114435 0.133556 0.000827173 
v 0.114537 0.133685 0.00103054 
v 0.114626 0.133797 0.00125 
v 0.114699 0.13389 0.00148316 
v 0.114758 0.133963 0.00172746 
v 0.1148 0.134016 0.00198022 
v 0.114825 0.134048 0.00223868 
v 0.110818 0.134266 1.36953e-05 
v 0.110967 0.134477 5.4631e-05 
v 0.111112 0.134684 0.000122359 
v 0.111253 0.134884 0.000216136 
v 0.111387 0.135074 0.000334936 
v 0.111513 0.135254 0.000477458 
v 0.11163 0.13542 0.000642138 
v 0.111737 0.135572 0.000827173 
v 0.111832 0.135706 0.00103054 
v 0.111914 0.135823 0.00125 
v 0.111982 0.13592 0.00148316 
v 0.112036 0.135997 0.00172746 
v 0.112075 0.136052 0.00198022 
v 0.112099 0.136086 0.00223868 
v 0.108076 0.13608 1.36953e-05 
v 0.108213 0.1363 5.4631e-05 
v 0.108346 0.136514 0.000122359 
v 0.108475 0.136722 0.000216136 
v 0.108598 0.13692 0.000334936 
v 0.108714 0.137106 0.000477458 
v 0.108821 0.137279 0.000642138 
v 0.108919 0.137436 0.000827173 
v 0.109006 0.137576 0.00103054 
v 0.109081 0.137697 0.00125 
v 0.109144 0.137798 0.00148316 
v 0.109193 0.137878 0.00172746 
v 0.109229 0.137935 0.00198022 
v 0.10521 0.137751 1.36953e-05 
v 0.105334 0.137978 5.4631e-05 
v 0.105456 0.1382 0.000122359 
v 0.105573 0.138414 0.000216136 
v 0.105684 0.138619 0.000334936 
v 0.10579 0.138811 0.000477458 
v 0.105887 0.13899 0.000642138 
v 0.105976 0.139152 0.000827173 
v 0.106055 0.139297 0.00103054 
v 0.106123 0.139422 0.00125 
v 0.10618 0.139526 0.00148316 
v 0.106225 0.139608 0.00172746 
v 0.109251 0.13797 0.00223868 
v 0.106257 0.139668 0.00198022 
v 0.106277 0.139704 0.00223868 
v 0.104485 0.138141 1.36953e-05 
v 0.104606 0.138369 5.4631e-05 
v 0.104724 0.138593 0.000122359 
v 0.104838 0.138809 0.000216136 
v 0.104947 0.139015 0.000334936 
v 0.10505 0.139209 0.000477458 
v 0.105145 0.139389 0.000642138 
v 0.105231 0.139552 0.000827173 
v 0.105308 0.139698 0.00103054 
v 0.105375 0.139824 0.00125 
v 0.105431 0.139929 0.00148316 
v 0.105474 0.140012 0.00172746 
v 0.105506 0.140072 0.00198022 
v 0.101279 0.139717 1.36953e-05 
v 0.101386 0.139952 5.4631e-05 
v 0.101491 0.140182 0.000122359 
v 0.101593 0.140405 0.000216136 
v 0.101689 0.140617 0.000334936 
v 0.101781 0.140816 0.000477458 
v 0.101865 0.141001 0.000642138 
v 0.101942 0.14117 0.000827173 
v 0.10201 0.14132 0.00103054 
v 0.102069 0.141449 0.00125 
v 0.102119 0.141557 0.00148316 
v 0.102158 0.141643 0.00172746 
v 0.105525 0.140108 0.00223868 
v 0.102186 0.141704 0.00198022 
v 0.102203 0.141741 0.00223868 
v 0.0979514 0.141124 1.36953e-05 
v 0.0980453 0.141364 5.4631e-05 
v 0.0981372 0.1416 0.000122359 
v 0.098226 0.141827 0.000216136 
v 0.0983107 0.142045 0.000334936 
v 0.0983905 0.142249 0.000477458 
v 0.0984644 0.142438 0.000642138 
v 0.0985317 0.142611 0.000827173 
v 0.0985915 0.142764 0.00103054 
v 0.0986433 0.142897 0.00125 
v 0.0986865 0.143008 0.00148316 
v 0.0987206 0.143095 0.00172746 
v 0.0987452 0.143158 0.00198022 
v 0.0944962 0.142364 1.36953e-05 
v 0.094577 0.14261 5.4631e-05 
v 0.094656 0.14285 0.000122359 
v 0.0947324 0.143082 0.000216136 
v 0.0948053 0.143303 0.000334936 
v 0.0948739 0.143512 0.000477458 
v 0.0949374 0.143705 0.000642138 
v 0.0949953 0.143881 0.000827173 
v 0.0950468 0.144037 0.00103054 
v 0.0950913 0.144172 0.00125 
v 0.0951285 0.144285 0.00148316 
v 0.0951578 0.144374 0.00172746 
v 0.0987601 0.143196 0.00223868 
v 0.0951789 0.144439 0.00198022 
v 0.0951917 0.144478 0.00223868 
v 0.0909076 0.143442 1.36953e-05 
v 0.0909755 0.143691 5.4631e-05 
v 0.091042 0.143935 0.000122359 
v 0.0911062 0.144171 0.000216136 
v 0.0911675 0.144396 0.000334936 
v 0.0912252 0.144607 0.000477458 
v 0.0912787 0.144804 0.000642138 
v 0.0913274 0.144982 0.000827173 
v 0.0913707 0.145141 0.00103054 
v 0.0914081 0.145278 0.00125 
v 0.0914394 0.145393 0.00148316 
v 0.091464 0.145484 0.00172746 
v 0.0914818 0.145549 0.00198022 
v 0.0871795 0.144358 1.36953e-05 
v 0.087235 0.14461 5.4631e-05 
v 0.0872893 0.144857 0.000122359 
v 0.0873418 0.145096 0.000216136 
v 0.0873918 0.145323 0.000334936 
v 0.087439 0.145538 0.000477458 
v 0.0874826 0.145736 0.000642138 
v 0.0875224 0.145917 0.000827173 
v 0.0875577 0.146078 0.00103054 
v 0.0875883 0.146217 0.00125 
v 0.0876139 0.146333 0.00148316 
v 0.087634 0.146425 0.00172746 
v 0.0914926 0.145588 0.00223868 
v 0.0876485 0.146491 0.00198022 
v 0.0876573 0.146531 0.00223868 
v 0.0828818 0.145184 1.36953e-05 
v 0.082924 0.145439 5.4631e-05 
v 0.0829653 0.145688 0.000122359 
v 0.0830052 0.145929 0.000216136 
v 0.0830433 0.146159 0.000334936 
v 0.0830792 0.146376 0.000477458 
v 0.0831124 0.146577 0.000642138 
v 0.0831426 0.146759 0.000827173 
v 0.0831696 0.146922 0.00103054 
v 0.0831928 0.147062 0.00125 
v 0.0832123 0.147179 0.00148316 
v 0.0832276 0.147272 0.00172746 
v 0.0832386 0.147339 0.00198022 
v 0.0786166 0.145786 1.36953e-05 
v 0.0786467 0.146043 5.4631e-05 
v 0.0786762 0.146294 0.000122359 
v 0.0787047 0.146536 0.000216136 
v 0.0787319 0.146768 0.000334936 
v 0.0787575 0.146986 0.000477458 
v 0.0787812 0.147188 0.000642138 
v 0.0788028 0.147372 0.000827173 
v 0.078822 0.147535 0.00103054 
v 0.0788386 0.147677 0.00125 
v 0.0788525 0.147795 0.00148316 
v 0.0788634 0.147888 0.00172746 
v 0.0832453 0.147379 0.00223868 
v 0.0788713 0.147955 0.00198022 
v 0.0788761 0.147996 0.00223868 
v 0.0742032 0.146203 1.36953e-05 
v 0.0742219 0.146461 5.4631e-05 
v 0.0742402 0.146713 0.000122359 
v 0.0742579 0.146957 0.000216136 
v 0.0742748 0.14719 0.000334936 
v 0.0742906 0.147408 0.000477458 
v 0.0743054 0.147611 0.000642138 
v 0.0743187 0.147796 0.000827173 
v 0.0743307 0.14796 0.00103054 
v 0.074341 0.148102 0.00125 
v 0.0743496 0.148221 0.00148316 
v 0.0743563 0.148314 0.00172746 
v 0.0743612 0.148382 0.00198022 
v 0.0743642 0.148423 0.00223868 
v 0.0696364 0.146437 1.36953e-05 
v 0.0696443 0.146696 5.4631e-05 
v 0.069652 0.146948 0.000122359 
v 0.0696594 0.147192 0.000216136 
v 0.0696666 0.147425 0.000334936 
v 0.0696733 0.147645 0.000477458 
v 0.0696795 0.147848 0.000642138 
v 0.0696851 0.148033 0.000827173 
v 0.0696901 0.148198 0.00103054 
v 0.0696945 0.14834 0.00125 
v 0.0696981 0.148459 0.00148316 
v 0.069701 0.148553 0.00172746 
v 0.069703 0.14862 0.00198022 
v 0.0697043 0.148661 0.00223868 
v 0.0204427 0 0.0025 
v 0.0229427 0.14623 0 
v 0.0226814 0.146492 1.36953e-05 
v 0.0224229 0.14675 5.4631e-05 
v 0.0221702 0.147003 0.000122359 
v 0.0219259 0.147247 0.000216136 
v 0.0216927 0.14748 0.000334936 
v 0.0214732 0.1477 0.000477458 
v 0.0212699 0.147903 0.000642138 
v 0.0210848 0.148088 0.000827173 
v 0.0209202 0.148253 0.00103054 
v 0.020846 0.148327 0.0011384 
v 0.0207776 0.148396 0.00125 
v 0.0207152 0.148458 0.00136502 
v 0.0206588 0.148514 0.00148316 
v 0.0206088 0.148564 0.00160408 
v 0.0205651 0.148608 0.00172746 
v 0.0205279 0.148645 0.00185295 
v 0.0204973 0.148676 0.00198022 
v 0.0204735 0.1487 0.00210891 
v 0.0204564 0.148717 0.00223868 
v 0.0204461 0.148727 0.00236916 
v 0.0616536 0.0025 0 
v 0.0229427 0.0025 0 
v 0.0837824 0.00452445 0 
v 0.0801724 0.0038769 0 
v 0.079565 0.0037819 0 
v 0.0752152 0.00321081 0 
v 0.0707785 0.00281159 0 
v 0.0662569 0.00257685 0 
v 0.0873069 0.0053035 0 
v 0.0940889 0.00726938 0 
v 0.0907429 0.00621724 0 
v 0.0973431 0.00846394 0 
v 0.11645 0.0203418 0 
v 0.114006 0.0181968 0 
v 0.111443 0.016194 0 
v 0.10596 0.01261 0 
v 0.10357 0.0112984 0 
v 0.100504 0.00980533 0 
v 0.108761 0.0143322 0 
v 0.0616536 0.00223868 1.36953e-05 
v 0.0616536 0.00198022 5.4631e-05 
v 0.0616536 0.00172746 0.000122359 
v 0.0616536 0.00148316 0.000216136 
v 0.0616536 0.00125 0.000334936 
v 0.0616536 0.00103054 0.000477458 
v 0.0616536 0.000827173 0.000642138 
v 0.0616536 0.000642138 0.000827173 
v 0.0616536 0.000477458 0.00103054 
v 0.0616536 0.000334936 0.00125 
v 0.0616536 0.000216136 0.00148316 
v 0.0616536 0.000122359 0.00172746 
v 0.0616536 5.4631e-05 0.00198022 
v 0.0616536 1.36953e-05 0.00223868 
v 0.0662657 0.00231568 1.36953e-05 
v 0.0662745 0.00205737 5.4631e-05 
v 0.0662831 0.00180475 0.000122359 
v 0.0662914 0.0015606 0.000216136 
v 0.0662993 0.00132757 0.000334936 
v 0.0663067 0.00110823 0.000477458 
v 0.0663136 0.000904988 0.000642138 
v 0.0663199 0.000720059 0.000827173 
v 0.0663254 0.000555473 0.00103054 
v 0.0663303 0.000413034 0.00125 
v 0.0663343 0.000294302 0.00148316 
v 0.0663375 0.000200578 0.00172746 
v 0.0663398 0.000132889 0.00198022 
v 0.0663412 9.19769e-05 0.00223868 
v 0.0707969 0.00255091 1.36953e-05 
v 0.0708151 0.0022931 5.4631e-05 
v 0.0708329 0.00204096 0.000122359 
v 0.0708501 0.00179726 0.000216136 
v 0.0708665 0.00156468 0.000334936 
v 0.0708819 0.00134576 0.000477458 
v 0.0708962 0.0011429 0.000642138 
v 0.0709092 0.000958326 0.000827173 
v 0.0709208 0.000794053 0.00103054 
v 0.0709308 0.000651885 0.00125 
v 0.0709392 0.000533379 0.00148316 
v 0.0709458 0.000439834 0.00172746 
v 0.0709505 0.000372274 0.00198022 
v 0.0709534 0.000331439 0.00223868 
v 0.0752438 0.00295106 1.36953e-05 
v 0.0752721 0.00269415 5.4631e-05 
v 0.0752997 0.00244291 0.000122359 
v 0.0753265 0.00220008 0.000216136 
v 0.075352 0.00196832 0.000334936 
v 0.075376 0.00175017 0.000477458 
v 0.0753983 0.00154803 0.000642138 
v 0.0754185 0.00136411 0.000827173 
v 0.0754366 0.00120042 0.00103054 
v 0.0754522 0.00105875 0.00125 
v 0.0754652 0.000940667 0.00148316 
v 0.0754754 0.000847453 0.00172746 
v 0.0754828 0.000780133 0.00198022 
v 0.0754873 0.000739443 0.00223868 
v 0.0796045 0.00352359 1.36953e-05 
v 0.0796437 0.00326811 5.4631e-05 
v 0.079682 0.00301827 0.000122359 
v 0.079719 0.00277679 0.000216136 
v 0.0797543 0.00254632 0.000334936 
v 0.0797875 0.00232938 0.000477458 
v 0.0798183 0.00212837 0.000642138 
v 0.0798463 0.00194547 0.000827173 
v 0.0798713 0.00178269 0.00103054 
v 0.0798929 0.00164181 0.00125 
v 0.0799109 0.00152438 0.00148316 
v 0.0799251 0.00143168 0.00172746 
v 0.0799353 0.00136474 0.00198022 
v 0.0799415 0.00132427 0.00223868 
v 0.0802135 0.00361884 1.36953e-05 
v 0.0802543 0.00336362 5.4631e-05 
v 0.0802941 0.00311401 0.000122359 
v 0.0803326 0.00287277 0.000216136 
v 0.0803694 0.00264252 0.000334936 
v 0.080404 0.0024258 0.000477458 
v 0.080436 0.00222498 0.000642138 
v 0.0804652 0.00204226 0.000827173 
v 0.0804911 0.00187964 0.00103054 
v 0.0805136 0.0017389 0.00125 
v 0.0805323 0.00162158 0.00148316 
v 0.0805471 0.00152898 0.00172746 
v 0.0805578 0.0014621 0.00198022 
v 0.0805642 0.00142167 0.00223868 
v 0.0838336 0.0042682 1.36953e-05 
v 0.0838842 0.00401475 5.4631e-05 
v 0.0839337 0.00376688 0.000122359 
v 0.0839816 0.00352732 0.000216136 
v 0.0840273 0.00329868 0.000334936 
v 0.0840702 0.00308347 0.000477458 
v 0.0841101 0.00288404 0.000642138 
v 0.0841463 0.00270259 0.000827173 
v 0.0841786 0.0025411 0.00103054 
v 0.0842065 0.00240135 0.00125 
v 0.0842298 0.00228485 0.00148316 
v 0.0842482 0.00219289 0.00172746 
v 0.0842614 0.00212647 0.00198022 
v 0.0842695 0.00208633 0.00223868 
v 0.0873686 0.00504957 1.36953e-05 
v 0.0874296 0.00479842 5.4631e-05 
v 0.0874893 0.0045528 0.000122359 
v 0.087547 0.00431541 0.000216136 
v 0.087602 0.00408885 0.000334936 
v 0.0876539 0.00387559 0.000477458 
v 0.0877019 0.00367798 0.000642138 
v 0.0877456 0.00349818 0.000827173 
v 0.0877845 0.00333815 0.00103054 
v 0.0878181 0.00319966 0.00125 
v 0.0878462 0.00308422 0.00148316 
v 0.0878683 0.0029931 0.00172746 
v 0.0878843 0.00292729 0.00198022 
v 0.087894 0.00288751 0.00223868 
v 0.0908156 0.00596624 1.36953e-05 
v 0.0908875 0.00571798 5.4631e-05 
v 0.0909578 0.0054752 0.000122359 
v 0.0910258 0.00524054 0.000216136 
v 0.0910907 0.00501659 0.000334936 
v 0.0911517 0.00480579 0.000477458 
v 0.0912083 0.00461046 0.000642138 
v 0.0912598 0.00443273 0.000827173 
v 0.0913056 0.00427455 0.00103054 
v 0.0913453 0.00413766 0.00125 
v 0.0913783 0.00402355 0.00148316 
v 0.0914044 0.00393347 0.00172746 
v 0.0914232 0.00386842 0.00198022 
v 0.0914346 0.0038291 0.00223868 
v 0.094173 0.00702198 1.36953e-05 
v 0.0942562 0.00677729 5.4631e-05 
v 0.0943376 0.00653799 0.000122359 
v 0.0944163 0.00630671 0.000216136 
v 0.0944914 0.00608597 0.000334936 
v 0.0945621 0.0058782 0.000477458 
v 0.0946276 0.00568567 0.000642138 
v 0.0946872 0.00551049 0.000827173 
v 0.0947402 0.00535458 0.00103054 
v 0.0947861 0.00521965 0.00125 
v 0.0948243 0.00510718 0.00148316 
v 0.0948545 0.0050184 0.00172746 
v 0.0948764 0.00495428 0.00198022 
v 0.0948895 0.00491553 0.00223868 
v 0.0974391 0.0082209 1.36953e-05 
v 0.0975341 0.00798052 5.4631e-05 
v 0.0976269 0.00774543 0.000122359 
v 0.0977167 0.00751822 0.000216136 
v 0.0978024 0.00730137 0.000334936 
v 0.097883 0.00709726 0.000477458 
v 0.0979577 0.00690812 0.000642138 
v 0.0980257 0.00673602 0.000827173 
v 0.0980862 0.00658286 0.00103054 
v 0.0981386 0.00645031 0.00125 
v 0.0981822 0.00633982 0.00148316 
v 0.0982167 0.0062526 0.00172746 
v 0.0982415 0.00618961 0.00198022 
v 0.0982566 0.00615153 0.00223868 
v 0.100612 0.00956746 1.36953e-05 
v 0.100719 0.0093322 5.4631e-05 
v 0.100824 0.00910213 0.000122359 
v 0.100925 0.00887976 0.000216136 
v 0.101021 0.00866753 0.000334936 
v 0.101112 0.00846776 0.000477458 
v 0.101197 0.00828265 0.000642138 
v 0.101273 0.00811423 0.000827173 
v 0.101341 0.00796433 0.00103054 
v 0.1014 0.0078346 0.00125 
v 0.10145 0.00772646 0.00148316 
v 0.101488 0.0076411 0.00172746 
v 0.101516 0.00757945 0.00198022 
v 0.101533 0.00754219 0.00223868 
v 0.10369 0.0110666 1.36953e-05 
v 0.103809 0.0108373 5.4631e-05 
v 0.103926 0.0106131 0.000122359 
v 0.104039 0.0103964 0.000216136 
v 0.104147 0.0101896 0.000334936 
v 0.104248 0.0099949 0.000477458 
v 0.104342 0.00981451 0.000642138 
v 0.104427 0.00965037 0.000827173 
v 0.104503 0.0095043 0.00103054 
v 0.104569 0.00937788 0.00125 
v 0.104624 0.0092725 0.00148316 
v 0.104667 0.00918931 0.00172746 
v 0.104699 0.00912924 0.00198022 
v 0.104717 0.00909293 0.00223868 
v 0.106091 0.0123837 1.36953e-05 
v 0.10622 0.01216 5.4631e-05 
v 0.106347 0.0119411 0.000122359 
v 0.106469 0.0117296 0.000216136 
v 0.106585 0.0115277 0.000334936 
v 0.106695 0.0113377 0.000477458 
v 0.106797 0.0111616 0.000642138 
v 0.10689 0.0110014 0.000827173 
v 0.106972 0.0108588 0.00103054 
v 0.107043 0.0107354 0.00125 
v 0.107103 0.0106326 0.00148316 
v 0.10715 0.0105514 0.00172746 
v 0.107184 0.0104928 0.00198022 
v 0.107204 0.0104573 0.00223868 
v 0.108904 0.0141134 1.36953e-05 
v 0.109045 0.0138971 5.4631e-05 
v 0.109183 0.0136855 0.000122359 
v 0.109317 0.013481 0.000216136 
v 0.109445 0.0132858 0.000334936 
v 0.109565 0.0131021 0.000477458 
v 0.109676 0.0129319 0.000642138 
v 0.109777 0.012777 0.000827173 
v 0.109867 0.0126392 0.00103054 
v 0.109945 0.0125199 0.00125 
v 0.11001 0.0124204 0.00148316 
v 0.110061 0.0123419 0.00172746 
v 0.110099 0.0122852 0.00198022 
v 0.110121 0.012251 0.00223868 
v 0.111598 0.0159836 1.36953e-05 
v 0.111751 0.0157756 5.4631e-05 
v 0.111901 0.015572 0.000122359 
v 0.112046 0.0153754 0.000216136 
v 0.112184 0.0151876 0.000334936 
v 0.112314 0.0150109 0.000477458 
v 0.112435 0.0148472 0.000642138 
v 0.112545 0.0146982 0.000827173 
v 0.112642 0.0145657 0.00103054 
v 0.112727 0.0144509 0.00125 
v 0.112797 0.0143553 0.00148316 
v 0.112853 0.0142798 0.00172746 
v 0.112893 0.0142252 0.00198022 
v 0.112917 0.0141923 0.00223868 
v 0.114173 0.0179955 1.36953e-05 
v 0.114338 0.0177965 5.4631e-05 
v 0.114499 0.0176018 0.000122359 
v 0.114655 0.0174137 0.000216136 
v 0.114803 0.0172341 0.000334936 
v 0.114943 0.0170651 0.000477458 
v 0.115073 0.0169084 0.000642138 
v 0.115191 0.0167659 0.000827173 
v 0.115296 0.0166391 0.00103054 
v 0.115387 0.0165293 0.00125 
v 0.115463 0.0164378 0.00148316 
v 0.115523 0.0163656 0.00172746 
v 0.115566 0.0163135 0.00198022 
v 0.115592 0.0162819 0.00223868 
v 0.116628 0.0201504 1.36953e-05 
v 0.116804 0.0199611 5.4631e-05 
v 0.116976 0.0197759 0.000122359 
v 0.117143 0.019597 0.000216136 
v 0.117301 0.0194262 0.000334936 
v 0.117451 0.0192655 0.000477458 
v 0.117589 0.0191165 0.000642138 
v 0.117715 0.018981 0.000827173 
v 0.117827 0.0188604 0.00103054 
v 0.117924 0.018756 0.00125 
v 0.118005 0.018669 0.00148316 
v 0.118069 0.0186003 0.00172746 
v 0.118115 0.0185507 0.00198022 
v 0.118143 0.0185207 0.00223868 
v 0.0204461 3.42616e-06 0.00236916 
v 0.0204564 1.36953e-05 0.00223868 
v 0.0204735 3.07791e-05 0.00210891 
v 0.0204973 5.4631e-05 0.00198022 
v 0.0205279 8.51854e-05 0.00185295 
v 0.0205651 0.000122359 0.00172746 
v 0.0206088 0.000166049 0.00160408 
v 0.0206588 0.000216136 0.00148316 
v 0.0207152 0.000272484 0.00136502 
v 0.0207776 0.000334936 0.00125 
v 0.020846 0.000403324 0.0011384 
v 0.0209202 0.000477458 0.00103054 
v 0.0210848 0.000642138 0.000827173 
v 0.0212699 0.000827173 0.000642138 
v 0.0214732 0.00103054 0.000477458 
v 0.0216927 0.00125 0.000334936 
v 0.0219259 0.00148316 0.000216136 
v 0.0221702 0.00172746 0.000122359 
v 0.0224229 0.00198022 5.4631e-05 
v 0.0226814 0.00223868 1.36953e-05 
vn -0.997847 -0.0655859 0 
vn -0.999733 -0.0231062 0 
vn -0.999294 -0.0375609 0 
vn -0.99683 -0.0795632 0 
vn -0.99692 -0.0784224 0 
vn -1 0 0 
vn -0.99243 -0.122813 0 
vn -0.993804 -0.111144 0 
vn -0.985442 -0.17001 0 
vn -0.987136 -0.159884 0 
vn -0.990115 -0.140261 0 
vn -0.983436 -0.181256 0 
vn -0.981801 -0.189915 0 
vn -0.974431 -0.224685 0 
vn -0.963424 -0.267983 0 
vn -0.970814 -0.239833 0 
vn -0.932704 -0.360644 0 
vn -0.962725 -0.270482 0 
vn -0.947916 -0.31852 0 
vn -0.938157 -0.346209 0 
vn -0.956413 -0.292017 0 
vn -0.893097 -0.449865 0 
vn -0.915616 -0.402054 0 
vn -0.907366 -0.420342 0 
vn -0.929596 -0.36858 0 
vn -0.932704 -0.360644 0 
vn -0.844862 -0.534984 0 
vn -0.865426 -0.501036 0 
vn -0.888384 -0.459102 0 
vn -0.880861 -0.473374 0 
vn -0.867611 -0.497243 0 
vn -0.893097 -0.449865 0 
vn -0.832648 -0.553802 0 
vn -0.835887 -0.548901 0 
vn -0.800141 -0.599812 0 
vn -0.782128 -0.623118 0 
vn -0.795819 -0.605534 0 
vn -0.760532 -0.6493 0 
vn -0.755066 -0.655649 0 
vn -0.717344 -0.696719 0 
vn -0.710628 -0.703568 0 
vn -0.76898 0.639273 0 
vn -0.763334 0.646005 0 
vn -0.698837 0.715281 0 
vn -0.74282 0.669491 0 
vn -0.721387 0.692532 0 
vn -0.698837 0.715281 0 
vn -0.820788 0.571233 0 
vn -0.830284 0.557341 0 
vn -0.801978 0.597353 0 
vn -0.783568 0.621306 0 
vn -0.83702 0.547172 0 
vn -0.830284 0.557341 0 
vn -0.854286 0.519803 0 
vn -0.868268 0.496095 0 
vn -0.876061 0.482201 0 
vn -0.879822 0.475304 0 
vn -0.881899 0.471438 0 
vn -0.904541 0.426386 0 
vn -0.923888 0.382663 0 
vn -0.906178 0.422897 0 
vn -0.956396 0.292075 0 
vn -0.946871 0.321614 0 
vn -0.948316 0.317329 0 
vn -0.928525 0.371269 0 
vn -0.928425 0.371519 0 
vn -0.979654 0.200692 0 
vn -0.973781 0.227488 0 
vn -0.976726 0.214493 0 
vn -0.964258 0.264965 0 
vn -0.961866 0.273522 0 
vn -0.956396 0.292075 0 
vn -0.979654 0.200692 0 
vn -0.98309 0.183124 0 
vn -0.982988 0.183671 0 
vn -0.9911 0.133121 0 
vn -0.989843 0.142168 0 
vn -0.99232 0.1237 0 
vn -0.993574 0.11318 0 
vn -0.999114 0.0420799 0 
vn -0.999278 0.0379826 0 
vn -0.996862 0.0791538 0 
vn -0.999456 0.0329735 0 
vn -0.996285 0.0861204 0 
vn -1 0 0 
vn 0 0 1 
vn -0.104455 -0.00392618 0.994522 
vn -0.104528 0 0.994522 
vn -0.207765 -0.00780934 0.978148 
vn -0.207912 0 0.978148 
vn -0.308799 -0.0116069 0.951057 
vn -0.309017 0 0.951057 
vn -0.40645 -0.0152774 0.913545 
vn -0.406737 0 0.913545 
vn -0.499647 -0.0187804 0.866025 
vn -0.5 0 0.866025 
vn -0.58737 -0.0220777 0.809017 
vn -0.587785 0 0.809017 
vn -0.668658 -0.0251331 0.743145 
vn -0.669131 0 0.743145 
vn -0.74262 -0.0279132 0.669131 
vn -0.743145 0 0.669131 
vn -0.808446 -0.0303874 0.587785 
vn -0.809017 0 0.587785 
vn -0.865414 -0.0325287 0.5 
vn -0.866025 0 0.5 
vn -0.912901 -0.0343135 0.406737 
vn -0.913545 0 0.406737 
vn -0.950385 -0.0357225 0.309017 
vn -0.951057 0 0.309017 
vn -0.977457 -0.0367401 0.207912 
vn -0.978148 0 0.207912 
vn -0.99382 -0.0373551 0.104528 
vn -0.994522 0 0.104528 
vn -0.999294 -0.0375609 0 
vn 0 0 1 
vn -0.104207 -0.00819737 0.994522 
vn -0.207271 -0.0163049 0.978148 
vn -0.308065 -0.0242339 0.951057 
vn -0.405484 -0.0318973 0.913545 
vn -0.49846 -0.0392112 0.866025 
vn -0.585975 -0.0460955 0.809017 
vn -0.66707 -0.0524748 0.743145 
vn -0.740856 -0.0582792 0.669131 
vn -0.806525 -0.0634451 0.587785 
vn -0.863358 -0.0679158 0.5 
vn -0.910732 -0.0716424 0.406737 
vn -0.948127 -0.0745841 0.309017 
vn -0.975135 -0.0767087 0.207912 
vn -0.991459 -0.0779928 0.104528 
vn -0.99692 -0.0784224 0 
vn 0 0 1 
vn -0.103737 -0.0128374 0.994522 
vn -0.206338 -0.0255342 0.978148 
vn -0.306678 -0.0379513 0.951057 
vn -0.403658 -0.0499525 0.913545 
vn -0.496215 -0.0614064 0.866025 
vn -0.583336 -0.0721876 0.809017 
vn -0.664065 -0.0821779 0.743145 
vn -0.737519 -0.0912677 0.669131 
vn -0.802893 -0.0993577 0.587785 
vn -0.859469 -0.106359 0.5 
vn -0.90663 -0.112195 0.406737 
vn -0.943857 -0.116802 0.309017 
vn -0.970743 -0.120129 0.207912 
vn -0.986993 -0.12214 0.104528 
vn -0.99243 -0.122813 0 
vn -0.99683 -0.0795627 0 
vn 0 0 1 
vn -0.103495 -0.0146613 0.994522 
vn -0.205856 -0.029162 0.978148 
vn -0.305962 -0.0433431 0.951057 
vn -0.402716 -0.0570494 0.913545 
vn -0.495057 -0.0701306 0.866025 
vn -0.581975 -0.0824435 0.809017 
vn -0.662516 -0.0938531 0.743145 
vn -0.735798 -0.104234 0.669131 
vn -0.801019 -0.113474 0.587785 
vn -0.857464 -0.12147 0.5 
vn -0.904515 -0.128135 0.406737 
vn -0.941655 -0.133396 0.309017 
vn -0.968478 -0.137196 0.207912 
vn -0.984691 -0.139493 0.104528 
vn -0.990115 -0.140261 0 
vn 0 0 1 
vn -0.102797 -0.0189464 0.994522 
vn -0.204468 -0.0376852 0.978148 
vn -0.303898 -0.0560111 0.951057 
vn -0.399999 -0.0737233 0.913545 
vn -0.491718 -0.0906278 0.866025 
vn -0.578049 -0.106539 0.809017 
vn -0.658047 -0.121284 0.743145 
vn -0.730835 -0.134699 0.669131 
vn -0.795616 -0.146639 0.587785 
vn -0.851681 -0.156972 0.5 
vn -0.898414 -0.165585 0.406737 
vn -0.935303 -0.172384 0.309017 
vn -0.961946 -0.177295 0.207912 
vn -0.978049 -0.180263 0.104528 
vn -0.985442 -0.170012 0 
vn -0.983436 -0.181256 0 
vn 0 0 1 
vn -0.101856 -0.023486 0.994522 
vn -0.202596 -0.0467146 0.978148 
vn -0.301116 -0.0694315 0.951057 
vn -0.396337 -0.0913876 0.913545 
vn -0.487216 -0.112342 0.866025 
vn -0.572756 -0.132066 0.809017 
vn -0.652022 -0.150344 0.743145 
vn -0.724144 -0.166973 0.669131 
vn -0.788332 -0.181774 0.587785 
vn -0.843882 -0.194583 0.5 
vn -0.890187 -0.20526 0.406737 
vn -0.926739 -0.213688 0.309017 
vn -0.953138 -0.219775 0.207912 
vn -0.969093 -0.223454 0.104528 
vn -0.974431 -0.224685 0 
vn 0 0 1 
vn -0.100632 -0.0282731 0.994522 
vn -0.200162 -0.0562364 0.978148 
vn -0.297498 -0.0835836 0.951057 
vn -0.391576 -0.110015 0.913545 
vn -0.481362 -0.135241 0.866025 
vn -0.565876 -0.158985 0.809017 
vn -0.644189 -0.180988 0.743145 
vn -0.715444 -0.201007 0.669131 
vn -0.778861 -0.218825 0.587785 
vn -0.833744 -0.234244 0.5 
vn -0.879493 -0.247098 0.406737 
vn -0.915606 -0.257244 0.309017 
vn -0.941687 -0.264571 0.207912 
vn -0.957451 -0.269 0.104528 
vn -0.963423 -0.267984 0 
vn -0.962725 -0.270482 0 
vn 0 0 1 
vn -0.0990842 -0.0332944 0.994522 
vn -0.197083 -0.0662239 0.978148 
vn -0.292922 -0.0984279 0.951057 
vn -0.385552 -0.129554 0.913545 
vn -0.473958 -0.15926 0.866025 
vn -0.557171 -0.187221 0.809017 
vn -0.63428 -0.213131 0.743145 
vn -0.704439 -0.236706 0.669131 
vn -0.76688 -0.257688 0.587785 
vn -0.82092 -0.275846 0.5 
vn -0.865965 -0.290982 0.406737 
vn -0.901522 -0.30293 0.309017 
vn -0.927202 -0.311559 0.207912 
vn -0.942724 -0.316775 0.104528 
vn -0.947916 -0.31852 0 
vn 0 0 1 
vn -0.0971693 -0.0385271 0.994522 
vn -0.193274 -0.076632 0.978148 
vn -0.287261 -0.113897 0.951057 
vn -0.378101 -0.149915 0.913545 
vn -0.464798 -0.18429 0.866025 
vn -0.546403 -0.216646 0.809017 
vn -0.622021 -0.246628 0.743145 
vn -0.690825 -0.273908 0.669131 
vn -0.752059 -0.298187 0.587785 
vn -0.805054 -0.319199 0.5 
vn -0.849228 -0.336714 0.406737 
vn -0.884099 -0.35054 0.309017 
vn -0.909282 -0.360525 0.207912 
vn -0.924504 -0.36656 0.104528 
vn -0.932702 -0.360647 0 
vn -0.929596 -0.36858 0 
vn 0 0 1 
vn -0.0948456 -0.0439377 0.994522 
vn -0.188652 -0.087394 0.978148 
vn -0.280391 -0.129893 0.951057 
vn -0.369059 -0.170968 0.913545 
vn -0.453683 -0.210171 0.866025 
vn -0.533336 -0.247071 0.809017 
vn -0.607146 -0.281264 0.743145 
vn -0.674304 -0.312375 0.669131 
vn -0.734074 -0.340064 0.587785 
vn -0.785802 -0.364027 0.5 
vn -0.82892 -0.384001 0.406737 
vn -0.862956 -0.399769 0.309017 
vn -0.887538 -0.411156 0.207912 
vn -0.902395 -0.418039 0.104528 
vn -0.907366 -0.420342 0 
vn 0 0 1 
vn -0.0920751 -0.0494811 0.994522 
vn -0.183141 -0.0984201 0.978148 
vn -0.272201 -0.146281 0.951057 
vn -0.358279 -0.192539 0.913545 
vn -0.440431 -0.236687 0.866025 
vn -0.517757 -0.278243 0.809017 
vn -0.589411 -0.316749 0.743145 
vn -0.654608 -0.351786 0.669131 
vn -0.712632 -0.382968 0.587785 
vn -0.762848 -0.409954 0.5 
vn -0.804707 -0.432449 0.406737 
vn -0.837749 -0.450206 0.309017 
vn -0.861612 -0.46303 0.207912 
vn -0.876036 -0.470781 0.104528 
vn -0.893096 -0.449866 0 
vn -0.880861 -0.473374 0 
vn 0 0 1 
vn -0.0906901 -0.0519761 0.994522 
vn -0.180387 -0.103383 0.978148 
vn -0.268107 -0.153657 0.951057 
vn -0.352889 -0.202247 0.913545 
vn -0.433806 -0.248622 0.866025 
vn -0.509969 -0.292272 0.809017 
vn -0.580545 -0.332721 0.743145 
vn -0.644761 -0.369524 0.669131 
vn -0.701912 -0.402278 0.587785 
vn -0.751373 -0.430625 0.5 
vn -0.792602 -0.454254 0.406737 
vn -0.825147 -0.472906 0.309017 
vn -0.848652 -0.486377 0.207912 
vn -0.862858 -0.494519 0.104528 
vn -0.867611 -0.497243 0 
vn 0 0 1 
vn -0.087374 -0.0573758 0.994522 
vn -0.173791 -0.114123 0.978148 
vn -0.258303 -0.16962 0.951057 
vn -0.339986 -0.223258 0.913545 
vn -0.417944 -0.27445 0.866025 
vn -0.491322 -0.322636 0.809017 
vn -0.559318 -0.367286 0.743145 
vn -0.621185 -0.407913 0.669131 
vn -0.676247 -0.44407 0.587785 
vn -0.7239 -0.475362 0.5 
vn -0.763621 -0.501446 0.406737 
vn -0.794976 -0.522036 0.309017 
vn -0.817621 -0.536906 0.207912 
vn -0.831308 -0.545894 0.104528 
vn -0.844859 -0.534989 0 
vn -0.835887 -0.548901 0 
vn 0 0 1 
vn -0.0836375 -0.0626974 0.994522 
vn -0.166359 -0.124708 0.978148 
vn -0.247257 -0.185352 0.951057 
vn -0.325447 -0.243965 0.913545 
vn -0.400071 -0.299906 0.866025 
vn -0.470311 -0.35256 0.809017 
vn -0.535399 -0.401352 0.743145 
vn -0.594621 -0.445747 0.669131 
vn -0.647328 -0.485258 0.587785 
vn -0.692943 -0.519452 0.5 
vn -0.730965 -0.547955 0.406737 
vn -0.76098 -0.570455 0.309017 
vn -0.782656 -0.586704 0.207912 
vn -0.795758 -0.596526 0.104528 
vn -0.800141 -0.599812 0 
vn 0 0 1 
vn -0.0794973 -0.0678703 0.994522 
vn -0.158124 -0.134997 0.978148 
vn -0.235017 -0.200645 0.951057 
vn -0.309336 -0.264094 0.913545 
vn -0.380266 -0.32465 0.866025 
vn -0.44703 -0.381649 0.809017 
vn -0.508895 -0.434467 0.743145 
vn -0.565186 -0.482524 0.669131 
vn -0.615284 -0.525295 0.587785 
vn -0.65864 -0.56231 0.5 
vn -0.694781 -0.593165 0.406737 
vn -0.723309 -0.617521 0.309017 
vn -0.743913 -0.635111 0.207912 
vn -0.756366 -0.645743 0.104528 
vn -0.760532 -0.6493 0 
vn -0.782128 -0.623117 0 
vn 0 0 1 
vn -0.0749828 -0.072827 0.994522 
vn -0.149144 -0.144856 0.978148 
vn -0.221671 -0.215298 0.951057 
vn -0.29177 -0.283381 0.913545 
vn -0.358672 -0.34836 0.866025 
vn -0.421644 -0.409521 0.809017 
vn -0.479997 -0.466196 0.743145 
vn -0.53309 -0.517763 0.669131 
vn -0.580343 -0.563658 0.587785 
vn -0.621238 -0.603377 0.5 
vn -0.655326 -0.636485 0.406737 
vn -0.682234 -0.66262 0.309017 
vn -0.701668 -0.681494 0.207912 
vn -0.713414 -0.692903 0.104528 
vn -0.717344 -0.696719 0 
vn 0 0 1 
vn -0.0742808 -0.0735429 0.994522 
vn -0.147748 -0.14628 0.978148 
vn -0.219596 -0.217415 0.951057 
vn -0.289038 -0.286167 0.913545 
vn -0.355314 -0.351784 0.866025 
vn -0.417696 -0.413547 0.809017 
vn -0.475503 -0.470779 0.743145 
vn -0.528099 -0.522853 0.669131 
vn -0.57491 -0.569199 0.587785 
vn -0.615422 -0.609308 0.5 
vn -0.649191 -0.642742 0.406737 
vn -0.675847 -0.669133 0.309017 
vn -0.695099 -0.688194 0.207912 
vn -0.706735 -0.699714 0.104528 
vn -0.710628 -0.703568 0 
vn -1 0 0 
vn 0 0 1 
vn -0.0776459 0.0699809 0.994522 
vn -0.0730484 0.0747672 0.994522 
vn -0.154441 0.139195 0.978148 
vn -0.145296 0.148715 0.978148 
vn -0.229544 0.206884 0.951057 
vn -0.215953 0.221034 0.951057 
vn -0.302132 0.272307 0.913545 
vn -0.284243 0.290931 0.913545 
vn -0.37141 0.334745 0.866025 
vn -0.349419 0.35764 0.866025 
vn -0.436619 0.393517 0.809017 
vn -0.410766 0.420431 0.809017 
vn -0.497044 0.447977 0.743145 
vn -0.467613 0.478616 0.743145 
vn -0.552023 0.497529 0.669131 
vn -0.519337 0.531557 0.669131 
vn -0.600954 0.54163 0.587785 
vn -0.565371 0.578674 0.587785 
vn -0.643301 0.579796 0.5 
vn -0.605211 0.619451 0.5 
vn -0.6786 0.61161 0.406737 
vn -0.63842 0.653441 0.406737 
vn -0.706464 0.636724 0.309017 
vn -0.664634 0.680272 0.309017 
vn -0.726588 0.654861 0.207912 
vn -0.683566 0.69965 0.207912 
vn -0.738751 0.665823 0.104528 
vn -0.695009 0.711362 0.104528 
vn -0.74282 0.669491 0 
vn 0 0 1 
vn -0.0819052 0.0649441 0.994522 
vn -0.162913 0.129177 0.978148 
vn -0.242136 0.191994 0.951057 
vn -0.318706 0.252708 0.913545 
vn -0.391784 0.310653 0.866025 
vn -0.46057 0.365194 0.809017 
vn -0.524309 0.415735 0.743145 
vn -0.582305 0.46172 0.669131 
vn -0.63392 0.502647 0.587785 
vn -0.67859 0.538067 0.5 
vn -0.715825 0.567591 0.406737 
vn -0.745218 0.590897 0.309017 
vn -0.766445 0.607729 0.207912 
vn -0.779276 0.617902 0.104528 
vn -0.768983 0.63927 0 
vn -0.783568 0.621306 0 
vn 0 0 1 
vn -0.0857957 0.0597101 0.994522 
vn -0.170651 0.118766 0.978148 
vn -0.253637 0.176521 0.951057 
vn -0.333844 0.232341 0.913545 
vn -0.410394 0.285617 0.866025 
vn -0.482447 0.335762 0.809017 
vn -0.549214 0.38223 0.743145 
vn -0.609964 0.424509 0.669131 
vn -0.664031 0.462137 0.587785 
vn -0.710823 0.494702 0.5 
vn -0.749827 0.521848 0.406737 
vn -0.780616 0.543275 0.309017 
vn -0.802852 0.55875 0.207912 
vn -0.816291 0.568104 0.104528 
vn -0.820788 0.571233 0 
vn 0 0 1 
vn -0.0892972 0.0543342 0.994522 
vn -0.177616 0.108073 0.978148 
vn -0.263989 0.160628 0.951057 
vn -0.34747 0.211423 0.913545 
vn -0.427143 0.259901 0.866025 
vn -0.502137 0.305532 0.809017 
vn -0.571629 0.347816 0.743145 
vn -0.634858 0.386289 0.669131 
vn -0.691132 0.420529 0.587785 
vn -0.739834 0.450162 0.5 
vn -0.780429 0.474864 0.406737 
vn -0.812475 0.494362 0.309017 
vn -0.835618 0.508444 0.207912 
vn -0.849606 0.516955 0.104528 
vn -0.854286 0.519803 0 
vn -0.830281 0.557345 0 
vn 0 0 1 
vn -0.0915733 0.0504037 0.994522 
vn -0.182143 0.100255 0.978148 
vn -0.270718 0.149008 0.951057 
vn -0.356326 0.196129 0.913545 
vn -0.43803 0.2411 0.866025 
vn -0.514936 0.28343 0.809017 
vn -0.586199 0.322655 0.743145 
vn -0.65104 0.358345 0.669131 
vn -0.708748 0.390109 0.587785 
vn -0.758691 0.417598 0.5 
vn -0.800321 0.440512 0.406737 
vn -0.833183 0.4586 0.309017 
vn -0.856917 0.471663 0.207912 
vn -0.871262 0.479559 0.104528 
vn -0.876061 0.482201 0 
vn 0 0 1 
vn -0.0945503 0.0445695 0.994522 
vn -0.188065 0.0886507 0.978148 
vn -0.279519 0.131761 0.951057 
vn -0.36791 0.173427 0.913545 
vn -0.452271 0.213193 0.866025 
vn -0.531676 0.250624 0.809017 
vn -0.605256 0.285308 0.743145 
vn -0.672205 0.316867 0.669131 
vn -0.731789 0.344954 0.587785 
vn -0.783356 0.369262 0.5 
vn -0.826339 0.389523 0.406737 
vn -0.86027 0.405518 0.309017 
vn -0.884775 0.417069 0.207912 
vn -0.899586 0.424051 0.104528 
vn -0.904541 0.426386 0 
vn -0.881896 0.471443 0 
vn 0 0 1 
vn -0.0970573 0.0388082 0.994522 
vn -0.193051 0.0771912 0.978148 
vn -0.28693 0.114728 0.951057 
vn -0.377665 0.151009 0.913545 
vn -0.464263 0.185635 0.866025 
vn -0.545773 0.218227 0.809017 
vn -0.621305 0.248428 0.743145 
vn -0.690029 0.275907 0.669131 
vn -0.751193 0.300363 0.587785 
vn -0.804126 0.321529 0.5 
vn -0.84825 0.339171 0.406737 
vn -0.88308 0.353098 0.309017 
vn -0.908235 0.363156 0.207912 
vn -0.923439 0.369235 0.104528 
vn -0.92389 0.382658 0 
vn -0.928525 0.371269 0 
vn 0 0 1 
vn -0.099126 0.0331699 0.994522 
vn -0.197166 0.0659763 0.978148 
vn -0.293046 0.0980599 0.951057 
vn -0.385715 0.129069 0.913545 
vn -0.474158 0.158664 0.866025 
vn -0.557406 0.186521 0.809017 
vn -0.634547 0.212334 0.743145 
vn -0.704736 0.235821 0.669131 
vn -0.767203 0.256724 0.587785 
vn -0.821265 0.274815 0.5 
vn -0.866329 0.289894 0.406737 
vn -0.901902 0.301797 0.309017 
vn -0.927593 0.310394 0.207912 
vn -0.943121 0.31559 0.104528 
vn -0.948316 0.317329 0 
vn 0 0 1 
vn -0.100792 0.0276964 0.994522 
vn -0.20048 0.0550894 0.978148 
vn -0.297972 0.0818788 0.951057 
vn -0.392199 0.107771 0.913545 
vn -0.482129 0.132483 0.866025 
vn -0.566777 0.155743 0.809017 
vn -0.645214 0.177296 0.743145 
vn -0.716583 0.196908 0.669131 
vn -0.780101 0.214362 0.587785 
vn -0.835072 0.229467 0.5 
vn -0.880893 0.242058 0.406737 
vn -0.917064 0.251997 0.309017 
vn -0.943187 0.259175 0.207912 
vn -0.958976 0.263514 0.104528 
vn -0.964258 0.264965 0 
vn -0.956395 0.292075 0 
vn 0 0 1 
vn -0.102096 0.0224206 0.994522 
vn -0.203073 0.0445955 0.978148 
vn -0.301825 0.0662818 0.951057 
vn -0.39727 0.087242 0.913545 
vn -0.488363 0.107246 0.866025 
vn -0.574105 0.126076 0.809017 
vn -0.653557 0.143524 0.743145 
vn -0.725849 0.159399 0.669131 
vn -0.790188 0.173528 0.587785 
vn -0.845869 0.185756 0.5 
vn -0.892283 0.195949 0.406737 
vn -0.928921 0.203995 0.309017 
vn -0.955382 0.209805 0.207912 
vn -0.971375 0.213318 0.104528 
vn -0.976726 0.214493 0 
vn 0 0 1 
vn -0.102761 0.0191417 0.994522 
vn -0.204396 0.0380736 0.978148 
vn -0.303791 0.0565884 0.951057 
vn -0.399859 0.0744832 0.913545 
vn -0.491545 0.091562 0.866025 
vn -0.577846 0.107638 0.809017 
vn -0.657815 0.122534 0.743145 
vn -0.730578 0.136088 0.669131 
vn -0.795336 0.14815 0.587785 
vn -0.851381 0.15859 0.5 
vn -0.898097 0.167292 0.406737 
vn -0.934974 0.174161 0.309017 
vn -0.961607 0.179122 0.207912 
vn -0.977704 0.182121 0.104528 
vn -0.98309 0.183124 0 
vn -0.979654 0.200692 0 
vn 0 0 1 
vn -0.103598 0.0139149 0.994522 
vn -0.206061 0.0276774 0.978148 
vn -0.306267 0.0411366 0.951057 
vn -0.403117 0.0541451 0.913545 
vn -0.49555 0.0665604 0.866025 
vn -0.582554 0.0782464 0.809017 
vn -0.663175 0.0890752 0.743145 
vn -0.736531 0.098928 0.669131 
vn -0.801817 0.107697 0.587785 
vn -0.858318 0.115286 0.5 
vn -0.905415 0.121612 0.406737 
vn -0.942592 0.126605 0.309017 
vn -0.969442 0.130212 0.207912 
vn -0.98567 0.132391 0.104528 
vn -0.9911 0.133121 0 
vn 0 0 1 
vn -0.10414 0.00900204 0.994522 
vn -0.207139 0.0179054 0.978148 
vn -0.307869 0.0266127 0.951057 
vn -0.405226 0.0350283 0.913545 
vn -0.498142 0.0430602 0.866025 
vn -0.585601 0.0506203 0.809017 
vn -0.666645 0.0576258 0.743145 
vn -0.740384 0.0639999 0.669131 
vn -0.806011 0.0696729 0.587785 
vn -0.862808 0.0745825 0.5 
vn -0.910151 0.0786749 0.406737 
vn -0.947523 0.0819054 0.309017 
vn -0.974514 0.0842385 0.207912 
vn -0.990827 0.0856486 0.104528 
vn -0.996285 0.0861204 0 
vn -0.993574 0.113181 0 
vn 0 0 1 
vn -0.104436 0.00439855 0.994522 
vn -0.207728 0.0087489 0.978148 
vn -0.308743 0.0130034 0.951057 
vn -0.406376 0.0171154 0.913545 
vn -0.499557 0.0210399 0.866025 
vn -0.587265 0.0247339 0.809017 
vn -0.668538 0.0281569 0.743145 
vn -0.742487 0.0312715 0.669131 
vn -0.8083 0.0340433 0.587785 
vn -0.865258 0.0364423 0.5 
vn -0.912736 0.0384419 0.406737 
vn -0.950214 0.0400204 0.309017 
vn -0.977281 0.0411603 0.207912 
vn -0.993641 0.0418494 0.104528 
vn -0.999114 0.0420799 0 
vn 0 0 1 
vn -0.104528 0 0.994522 
vn -0.207912 0 0.978148 
vn -0.309017 0 0.951057 
vn -0.406737 0 0.913545 
vn -0.5 0 0.866025 
vn -0.587785 0 0.809017 
vn -0.669131 0 0.743145 
vn -0.743145 0 0.669131 
vn -0.809017 0 0.587785 
vn -0.866025 0 0.5 
vn -0.913545 0 0.406737 
vn -0.951057 0 0.309017 
vn -0.978148 0 0.207912 
vn -0.994522 0 0.104528 
vn -1 0 0 
vn -0.999456 0.0329754 0 
vn -0.698837 0.715281 0 
vn 0 0 1 
vn -0.069328 -0.0782293 0.994522 
vn -0.0742808 -0.0735429 0.994522 
vn -0.137896 -0.155602 0.978148 
vn -0.147748 -0.14628 0.978148 
vn -0.204954 -0.231269 0.951057 
vn -0.219596 -0.217415 0.951057 
vn -0.269766 -0.304403 0.913545 
vn -0.289038 -0.286167 0.913545 
vn -0.331623 -0.374201 0.866025 
vn -0.355314 -0.351784 0.866025 
vn -0.389846 -0.4399 0.809017 
vn -0.417696 -0.413547 0.809017 
vn -0.443798 -0.500779 0.743145 
vn -0.475503 -0.470779 0.743145 
vn -0.492887 -0.556171 0.669131 
vn -0.528099 -0.522853 0.669131 
vn -0.536577 -0.60547 0.587785 
vn -0.57491 -0.569199 0.587785 
vn -0.574387 -0.648135 0.5 
vn -0.615422 -0.609308 0.5 
vn -0.605905 -0.683699 0.406737 
vn -0.649191 -0.642742 0.406737 
vn -0.630784 -0.711773 0.309017 
vn -0.675847 -0.669133 0.309017 
vn -0.648752 -0.732048 0.207912 
vn -0.695099 -0.688194 0.207912 
vn -0.659612 -0.744302 0.104528 
vn -0.706735 -0.699714 0.104528 
vn -0.663245 -0.748402 0 
vn -0.710628 -0.703568 0 
vn 0 0 1 
vn -0.0641293 -0.0825447 0.994522 
vn -0.127556 -0.164185 0.978148 
vn -0.189585 -0.244027 0.951057 
vn -0.249537 -0.321194 0.913545 
vn -0.306755 -0.394843 0.866025 
vn -0.360612 -0.464166 0.809017 
vn -0.410519 -0.528403 0.743145 
vn -0.455927 -0.586851 0.669131 
vn -0.49634 -0.63887 0.587785 
vn -0.531316 -0.683889 0.5 
vn -0.56047 -0.721415 0.406737 
vn -0.583483 -0.751037 0.309017 
vn -0.600104 -0.77243 0.207912 
vn -0.61015 -0.785361 0.104528 
vn -0.634197 -0.773171 0 
vn -0.613511 -0.789687 0 
vn 0 0 1 
vn -0.0587435 -0.0864604 0.994522 
vn -0.116843 -0.171973 0.978148 
vn -0.173663 -0.255602 0.951057 
vn -0.22858 -0.336431 0.913545 
vn -0.280993 -0.413573 0.866025 
vn -0.330327 -0.486185 0.809017 
vn -0.376042 -0.553469 0.743145 
vn -0.417637 -0.61469 0.669131 
vn -0.454656 -0.669176 0.587785 
vn -0.486694 -0.71633 0.5 
vn -0.5134 -0.755636 0.406737 
vn -0.53448 -0.786663 0.309017 
vn -0.549705 -0.809072 0.207912 
vn -0.558907 -0.822616 0.104528 
vn -0.561986 -0.827147 0 
vn 0 0 1 
vn -0.0532311 -0.0899592 0.994522 
vn -0.105879 -0.178933 0.978148 
vn -0.157367 -0.265946 0.951057 
vn -0.20713 -0.350045 0.913545 
vn -0.254625 -0.430309 0.866025 
vn -0.299329 -0.505859 0.809017 
vn -0.340754 -0.575866 0.743145 
vn -0.378446 -0.639564 0.669131 
vn -0.411992 -0.696255 0.587785 
vn -0.441023 -0.745318 0.5 
vn -0.465223 -0.786214 0.406737 
vn -0.484325 -0.818497 0.309017 
vn -0.498121 -0.841812 0.207912 
vn -0.50646 -0.855904 0.104528 
vn -0.50925 -0.860619 0 
vn -0.552245 -0.833682 0 
vn 0 0 1 
vn -0.0493463 -0.0921474 0.994522 
vn -0.098152 -0.183285 0.978148 
vn -0.145882 -0.272415 0.951057 
vn -0.192014 -0.35856 0.913545 
vn -0.236043 -0.440777 0.866025 
vn -0.277485 -0.518164 0.809017 
vn -0.315887 -0.589874 0.743145 
vn -0.350828 -0.655122 0.669131 
vn -0.381925 -0.713191 0.587785 
vn -0.408838 -0.763447 0.5 
vn -0.431271 -0.805339 0.406737 
vn -0.44898 -0.838407 0.309017 
vn -0.461769 -0.862289 0.207912 
vn -0.469499 -0.876724 0.104528 
vn -0.472085 -0.881553 0 
vn 0 0 1 
vn -0.0433782 -0.0951027 0.994522 
vn -0.0862811 -0.189164 0.978148 
vn -0.128239 -0.281152 0.951057 
vn -0.168791 -0.37006 0.913545 
vn -0.207495 -0.454913 0.866025 
vn -0.243925 -0.534782 0.809017 
vn -0.277682 -0.608793 0.743145 
vn -0.308397 -0.676133 0.669131 
vn -0.335733 -0.736065 0.587785 
vn -0.359391 -0.787933 0.5 
vn -0.379112 -0.831168 0.406737 
vn -0.394678 -0.865296 0.309017 
vn -0.405921 -0.889944 0.207912 
vn -0.412716 -0.904842 0.104528 
vn -0.414989 -0.909826 0 
vn -0.466404 -0.884572 0 
vn 0 0 1 
vn -0.0375118 -0.0975657 0.994522 
vn -0.0746125 -0.194062 0.978148 
vn -0.110896 -0.288433 0.951057 
vn -0.145964 -0.379643 0.913545 
vn -0.179433 -0.466694 0.866025 
vn -0.210936 -0.548632 0.809017 
vn -0.240128 -0.624559 0.743145 
vn -0.26669 -0.693643 0.669131 
vn -0.290329 -0.755128 0.587785 
vn -0.310787 -0.808339 0.5 
vn -0.327841 -0.852693 0.406737 
vn -0.341302 -0.887706 0.309017 
vn -0.351024 -0.912992 0.207912 
vn -0.3569 -0.928276 0.104528 
vn -0.377764 -0.925902 0 
vn -0.358866 -0.933389 0 
vn 0 0 1 
vn -0.0317972 -0.0995748 0.994522 
vn -0.0632461 -0.198059 0.978148 
vn -0.094002 -0.294372 0.951057 
vn -0.123728 -0.387461 0.913545 
vn -0.152098 -0.476305 0.866025 
vn -0.178802 -0.55993 0.809017 
vn -0.203547 -0.63742 0.743145 
vn -0.226062 -0.707927 0.669131 
vn -0.2461 -0.770677 0.587785 
vn -0.263442 -0.824984 0.5 
vn -0.277898 -0.870252 0.406737 
vn -0.289308 -0.905985 0.309017 
vn -0.297549 -0.931792 0.207912 
vn -0.30253 -0.947391 0.104528 
vn -0.304197 -0.952609 0 
vn 0 0 1 
vn -0.0262755 -0.101172 0.994522 
vn -0.0522631 -0.201236 0.978148 
vn -0.0776782 -0.299095 0.951057 
vn -0.102242 -0.393677 0.913545 
vn -0.125686 -0.483945 0.866025 
vn -0.147753 -0.568912 0.809017 
vn -0.168201 -0.647645 0.743145 
vn -0.186806 -0.719283 0.669131 
vn -0.203364 -0.78304 0.587785 
vn -0.217694 -0.838218 0.5 
vn -0.22964 -0.884212 0.406737 
vn -0.239069 -0.920519 0.309017 
vn -0.245879 -0.94674 0.207912 
vn -0.249995 -0.962588 0.104528 
vn -0.251372 -0.967891 0 
vn -0.287401 -0.95781 0 
vn 0 0 1 
vn -0.0209772 -0.102402 0.994522 
vn -0.0417246 -0.203682 0.978148 
vn -0.0620149 -0.30273 0.951057 
vn -0.0816257 -0.398462 0.913545 
vn -0.100342 -0.489828 0.866025 
vn -0.117959 -0.575827 0.809017 
vn -0.134284 -0.655518 0.743145 
vn -0.149138 -0.728026 0.669131 
vn -0.162357 -0.792558 0.587785 
vn -0.173798 -0.848407 0.5 
vn -0.183334 -0.89496 0.406737 
vn -0.190862 -0.931708 0.309017 
vn -0.196299 -0.958248 0.207912 
vn -0.199585 -0.974289 0.104528 
vn -0.200684 -0.979656 0 
vn 0 0 1 
vn -0.0180901 -0.102951 0.994522 
vn -0.035982 -0.204774 0.978148 
vn -0.0534796 -0.304354 0.951057 
vn -0.0703913 -0.400599 0.913545 
vn -0.0865318 -0.492455 0.866025 
vn -0.101724 -0.578916 0.809017 
vn -0.115802 -0.659034 0.743145 
vn -0.128611 -0.731931 0.669131 
vn -0.140011 -0.796809 0.587785 
vn -0.149878 -0.852958 0.5 
vn -0.158101 -0.899761 0.406737 
vn -0.164593 -0.936706 0.309017 
vn -0.169282 -0.963388 0.207912 
vn -0.172116 -0.979515 0.104528 
vn -0.173064 -0.984911 0 
vn -0.196303 -0.980543 0 
vn 0 0 1 
vn -0.0128628 -0.103734 0.994522 
vn -0.0255848 -0.206332 0.978148 
vn -0.0380264 -0.306668 0.951057 
vn -0.0500514 -0.403645 0.913545 
vn -0.061528 -0.4962 0.866025 
vn -0.0723305 -0.583318 0.809017 
vn -0.0823405 -0.664045 0.743145 
vn -0.0914484 -0.737497 0.669131 
vn -0.0995543 -0.802868 0.587785 
vn -0.10657 -0.859443 0.5 
vn -0.112417 -0.906602 0.406737 
vn -0.117033 -0.943828 0.309017 
vn -0.120367 -0.970713 0.207912 
vn -0.122382 -0.986963 0.104528 
vn -0.123056 -0.9924 0 
vn 0 0 1 
vn -0.00796796 -0.104224 0.994522 
vn -0.0158486 -0.207307 0.978148 
vn -0.0235556 -0.308118 0.951057 
vn -0.0310046 -0.405553 0.913545 
vn -0.0381138 -0.498545 0.866025 
vn -0.0448055 -0.586075 0.809017 
vn -0.0510062 -0.667184 0.743145 
vn -0.0566482 -0.740983 0.669131 
vn -0.0616695 -0.806663 0.587785 
vn -0.0660151 -0.863506 0.5 
vn -0.0696374 -0.910887 0.406737 
vn -0.0724968 -0.948289 0.309017 
vn -0.0745619 -0.975302 0.207912 
vn -0.07581 -0.991628 0.104528 
vn -0.0762276 -0.99709 0 
vn -0.108243 -0.994125 0 
vn 0 0 1 
vn -0.00339697 -0.104473 0.994522 
vn -0.00675671 -0.207802 0.978148 
vn -0.0100424 -0.308854 0.951057 
vn -0.0132181 -0.406522 0.913545 
vn -0.016249 -0.499736 0.866025 
vn -0.0191018 -0.587475 0.809017 
vn -0.0217454 -0.668777 0.743145 
vn -0.0241507 -0.742752 0.669131 
vn -0.0262914 -0.80859 0.587785 
vn -0.0281441 -0.865568 0.5 
vn -0.0296884 -0.913063 0.406737 
vn -0.0309074 -0.950554 0.309017 
vn -0.0317878 -0.977631 0.207912 
vn -0.03232 -0.993997 0.104528 
vn -0.032498 -0.999472 0 
vn 0 0 1 
vn 0 -0.104528 0.994522 
vn 0 -0.207912 0.978148 
vn 0 -0.309017 0.951057 
vn 0 -0.406737 0.913545 
vn 0 -0.5 0.866025 
vn 0 -0.587785 0.809017 
vn 0 -0.669131 0.743145 
vn 0 -0.743145 0.669131 
vn 0 -0.809017 0.587785 
vn 0 -0.866025 0.5 
vn 0 -0.913545 0.406737 
vn 0 -0.951057 0.309017 
vn 0 -0.978148 0.207912 
vn 0 -0.994522 0.104528 
vn 0 -1 0 
vn -0.027917 -0.99961 0 
vn 0 0 1 
vn -0.00376443 0.104461 0.994522 
vn 0 0.104528 0.994522 
vn -0.00748761 0.207777 0.978148 
vn 0 0.207912 0.978148 
vn -0.0111288 0.308817 0.951057 
vn 0 0.309017 0.951057 
vn -0.014648 0.406473 0.913545 
vn 0 0.406737 0.913545 
vn -0.0180067 0.499676 0.866025 
vn 0 0.5 0.866025 
vn -0.0211682 0.587404 0.809017 
vn 0 0.587785 0.809017 
vn -0.0240977 0.668697 0.743145 
vn 0 0.669131 0.743145 
vn -0.0267632 0.742663 0.669131 
vn 0 0.743145 0.669131 
vn -0.0291355 0.808492 0.587785 
vn 0 0.809017 0.587785 
vn -0.0311886 0.865464 0.5 
vn 0 0.866025 0.5 
vn -0.0328999 0.912953 0.406737 
vn 0 0.913545 0.406737 
vn -0.0342508 0.95044 0.309017 
vn 0 0.951057 0.309017 
vn -0.0352265 0.977513 0.207912 
vn 0 0.978148 0.207912 
vn -0.0358162 0.993877 0.104528 
vn 0 0.994522 0.104528 
vn -0.0360134 0.999351 0 
vn 0 0 1 
vn -0.00785594 0.104233 0.994522 
vn -0.0156258 0.207324 0.978148 
vn -0.0232245 0.308143 0.951057 
vn -0.0305687 0.405586 0.913545 
vn -0.037578 0.498586 0.866025 
vn -0.0441756 0.586123 0.809017 
vn -0.0502891 0.667238 0.743145 
vn -0.0558518 0.741043 0.669131 
vn -0.0608024 0.806729 0.587785 
vn -0.065087 0.863576 0.5 
vn -0.0686584 0.910962 0.406737 
vn -0.0714776 0.948367 0.309017 
vn -0.0735136 0.975381 0.207912 
vn -0.0747442 0.991709 0.104528 
vn -0.075156 0.997172 0 
vn 0 0 1 
vn -0.0122985 0.103802 0.994522 
vn -0.0244623 0.206468 0.978148 
vn -0.0363581 0.306871 0.951057 
vn -0.0478556 0.403912 0.913545 
vn -0.0588287 0.496527 0.866025 
vn -0.0691573 0.583703 0.809017 
vn -0.0787281 0.664483 0.743145 
vn -0.0874364 0.737983 0.669131 
vn -0.0951868 0.803398 0.587785 
vn -0.101894 0.86001 0.5 
vn -0.107485 0.9072 0.406737 
vn -0.111899 0.944451 0.309017 
vn -0.115086 0.971354 0.207912 
vn -0.117013 0.987614 0.104528 
vn -0.117657 0.993054 0 
vn -0.0763869 0.997078 0 
vn 0 0 1 
vn -0.0146317 0.103499 0.994522 
vn -0.0291031 0.205865 0.978148 
vn -0.0432557 0.305975 0.951057 
vn -0.0569343 0.402732 0.913545 
vn -0.0699892 0.495077 0.866025 
vn -0.0822772 0.581998 0.809017 
vn -0.0936638 0.662543 0.743145 
vn -0.104024 0.735828 0.669131 
vn -0.113245 0.801052 0.587785 
vn -0.121225 0.857499 0.5 
vn -0.127877 0.904551 0.406737 
vn -0.133127 0.941693 0.309017 
vn -0.136919 0.968517 0.207912 
vn -0.139211 0.98473 0.104528 
vn -0.139978 0.990155 0 
vn 0 0 1 
vn -0.0187477 0.102833 0.994522 
vn -0.0372901 0.20454 0.978148 
vn -0.0554239 0.304006 0.951057 
vn -0.0729504 0.400141 0.913545 
vn -0.0896777 0.491892 0.866025 
vn -0.105422 0.578254 0.809017 
vn -0.120012 0.65828 0.743145 
vn -0.133287 0.731094 0.669131 
vn -0.145102 0.795898 0.587785 
vn -0.155326 0.851982 0.5 
vn -0.163849 0.898732 0.406737 
vn -0.170577 0.935635 0.309017 
vn -0.175436 0.962286 0.207912 
vn -0.178373 0.978395 0.104528 
vn -0.16317 0.986598 0 
vn -0.179355 0.983784 0 
vn 0 0 1 
vn -0.023108 0.101942 0.994522 
vn -0.0459629 0.202768 0.978148 
vn -0.0683141 0.301371 0.951057 
vn -0.0899169 0.396673 0.913545 
vn -0.110535 0.487629 0.866025 
vn -0.129941 0.573242 0.809017 
vn -0.147924 0.652575 0.743145 
vn -0.164286 0.724758 0.669131 
vn -0.178849 0.789 0.587785 
vn -0.191451 0.844598 0.5 
vn -0.201957 0.890943 0.406737 
vn -0.210249 0.927526 0.309017 
vn -0.216238 0.953946 0.207912 
vn -0.219858 0.969916 0.104528 
vn -0.221069 0.975258 0 
vn 0 0 1 
vn -0.0277085 0.100789 0.994522 
vn -0.0551135 0.200474 0.978148 
vn -0.0819146 0.297962 0.951057 
vn -0.107818 0.392186 0.913545 
vn -0.132541 0.482113 0.866025 
vn -0.155811 0.566758 0.809017 
vn -0.177374 0.645193 0.743145 
vn -0.196994 0.71656 0.669131 
vn -0.214455 0.780075 0.587785 
vn -0.229567 0.835044 0.5 
vn -0.242164 0.880864 0.406737 
vn -0.252107 0.917034 0.309017 
vn -0.259289 0.943155 0.207912 
vn -0.263629 0.958944 0.104528 
vn -0.257332 0.966323 0 
vn -0.265081 0.964226 0 
vn 0 0 1 
vn -0.0325395 0.0993347 0.994522 
vn -0.0647225 0.197581 0.978148 
vn -0.0961964 0.293663 0.951057 
vn -0.126616 0.386527 0.913545 
vn -0.155649 0.475156 0.866025 
vn -0.182976 0.55858 0.809017 
vn -0.208299 0.635883 0.743145 
vn -0.23134 0.70622 0.669131 
vn -0.251845 0.768819 0.587785 
vn -0.269592 0.822995 0.5 
vn -0.284385 0.868154 0.406737 
vn -0.296062 0.903801 0.309017 
vn -0.304495 0.929546 0.207912 
vn -0.309593 0.945106 0.104528 
vn -0.311298 0.950312 0 
vn 0 0 1 
vn -0.0375829 0.0975383 0.994522 
vn -0.0747541 0.194008 0.978148 
vn -0.111106 0.288352 0.951057 
vn -0.146241 0.379537 0.913545 
vn -0.179774 0.466563 0.866025 
vn -0.211337 0.548478 0.809017 
vn -0.240584 0.624384 0.743145 
vn -0.267196 0.693448 0.669131 
vn -0.29088 0.754916 0.587785 
vn -0.311377 0.808112 0.5 
vn -0.328463 0.852454 0.406737 
vn -0.34195 0.887456 0.309017 
vn -0.35169 0.912736 0.207912 
vn -0.357578 0.928015 0.104528 
vn -0.357023 0.934096 0 
vn -0.359547 0.933127 0 
vn 0 0 1 
vn -0.0428111 0.0953594 0.994522 
vn -0.0851532 0.189674 0.978148 
vn -0.126562 0.28191 0.951057 
vn -0.166585 0.371058 0.913545 
vn -0.204782 0.456141 0.866025 
vn -0.240736 0.536226 0.809017 
vn -0.274052 0.610435 0.743145 
vn -0.304365 0.677957 0.669131 
vn -0.331344 0.738051 0.587785 
vn -0.354693 0.790059 0.5 
vn -0.374155 0.83341 0.406737 
vn -0.389519 0.867631 0.309017 
vn -0.400614 0.892346 0.207912 
vn -0.407321 0.907284 0.104528 
vn -0.409564 0.912281 0 
vn 0 0 1 
vn -0.0481858 0.0927595 0.994522 
vn -0.0958436 0.184503 0.978148 
vn -0.142451 0.274225 0.951057 
vn -0.187498 0.360942 0.913545 
vn -0.230491 0.443705 0.866025 
vn -0.270959 0.521606 0.809017 
vn -0.308457 0.593793 0.743145 
vn -0.342577 0.659474 0.669131 
vn -0.372942 0.717929 0.587785 
vn -0.399222 0.768519 0.5 
vn -0.421128 0.810689 0.406737 
vn -0.43842 0.843976 0.309017 
vn -0.450909 0.868017 0.207912 
vn -0.458457 0.882548 0.104528 
vn -0.446406 0.89483 0 
vn -0.460982 0.887409 0 
vn 0 0 1 
vn -0.052056 0.0906442 0.994522 
vn -0.103542 0.180295 0.978148 
vn -0.153893 0.267971 0.951057 
vn -0.202558 0.352711 0.913545 
vn -0.249004 0.433586 0.866025 
vn -0.292722 0.509711 0.809017 
vn -0.333232 0.580252 0.743145 
vn -0.370092 0.644435 0.669131 
vn -0.402897 0.701557 0.587785 
vn -0.431287 0.750994 0.5 
vn -0.454953 0.792202 0.406737 
vn -0.473633 0.82473 0.309017 
vn -0.487125 0.848223 0.207912 
vn -0.495279 0.862422 0.104528 
vn -0.498008 0.867173 0 
vn 0 0 1 
vn -0.0573198 0.0874107 0.994522 
vn -0.114012 0.173864 0.978148 
vn -0.169454 0.258412 0.951057 
vn -0.22304 0.340129 0.913545 
vn -0.274183 0.418119 0.866025 
vn -0.322321 0.491529 0.809017 
vn -0.366928 0.559553 0.743145 
vn -0.407515 0.621446 0.669131 
vn -0.443637 0.676531 0.587785 
vn -0.474899 0.724204 0.5 
vn -0.500957 0.763942 0.406737 
vn -0.521527 0.79531 0.309017 
vn -0.536383 0.817965 0.207912 
vn -0.545362 0.831658 0.104528 
vn -0.531684 0.846943 0 
vn -0.548366 0.836239 0 
vn 0 0 1 
vn -0.0625199 0.0837703 0.994522 
vn -0.124355 0.166623 0.978148 
vn -0.184827 0.24765 0.951057 
vn -0.243275 0.325963 0.913545 
vn -0.299057 0.400706 0.866025 
vn -0.351563 0.471058 0.809017 
vn -0.400216 0.536249 0.743145 
vn -0.444485 0.595564 0.669131 
vn -0.483884 0.648355 0.587785 
vn -0.517982 0.694042 0.5 
vn -0.546404 0.732125 0.406737 
vn -0.56884 0.762187 0.309017 
vn -0.585044 0.783898 0.207912 
vn -0.594837 0.797021 0.104528 
vn -0.598114 0.801411 0 
vn 0 0 1 
vn -0.0675905 0.0797353 0.994522 
vn -0.13444 0.158597 0.978148 
vn -0.199817 0.235721 0.951057 
vn -0.263005 0.310263 0.913545 
vn -0.323311 0.381405 0.866025 
vn -0.380075 0.448368 0.809017 
vn -0.432675 0.510419 0.743145 
vn -0.480534 0.566878 0.669131 
vn -0.523129 0.617126 0.587785 
vn -0.559992 0.660613 0.5 
vn -0.590719 0.696861 0.406737 
vn -0.614975 0.725475 0.309017 
vn -0.632493 0.746141 0.207912 
vn -0.643081 0.758631 0.104528 
vn -0.646623 0.76281 0 
vn -0.620368 0.784311 0 
vn 0 0 1 
vn -0.0724668 0.075331 0.994522 
vn -0.14414 0.149837 0.978148 
vn -0.214233 0.222701 0.951057 
vn -0.28198 0.293125 0.913545 
vn -0.346637 0.360337 0.866025 
vn -0.407496 0.423602 0.809017 
vn -0.463891 0.482225 0.743145 
vn -0.515203 0.535566 0.669131 
vn -0.56087 0.583038 0.587785 
vn -0.600393 0.624122 0.5 
vn -0.633337 0.658369 0.406737 
vn -0.659342 0.685402 0.309017 
vn -0.678124 0.704926 0.207912 
vn -0.689476 0.716727 0.104528 
vn -0.693274 0.720675 0 
vn 0 0 1 
vn -0.0730484 0.0747672 0.994522 
vn -0.145296 0.148715 0.978148 
vn -0.215953 0.221034 0.951057 
vn -0.284243 0.290931 0.913545 
vn -0.349419 0.35764 0.866025 
vn -0.410766 0.420431 0.809017 
vn -0.467613 0.478616 0.743145 
vn -0.519337 0.531557 0.669131 
vn -0.565371 0.578674 0.587785 
vn -0.605211 0.619451 0.5 
vn -0.63842 0.653441 0.406737 
vn -0.664634 0.680272 0.309017 
vn -0.683566 0.69965 0.207912 
vn -0.695009 0.711362 0.104528 
vn -0.698837 0.715281 0 
vn 0 1 0 
vn -0.0580625 0.998313 0 
vn -0.0175388 0.999846 0 
vn -0.0360134 0.999351 0 
vn -0.075156 0.997172 0 
vn -0.0763874 0.997078 0 
vn 0 1 0 
vn -0.117657 0.993054 0 
vn -0.101528 0.994833 0 
vn -0.16317 0.986598 0 
vn -0.148053 0.988979 0 
vn -0.139978 0.990155 0 
vn -0.179355 0.983784 0 
vn -0.25733 0.966324 0 
vn -0.233643 0.972322 0 
vn -0.185302 0.982682 0 
vn -0.221069 0.975258 0 
vn -0.265081 0.964226 0 
vn -0.357021 0.934096 0 
vn -0.336973 0.941514 0 
vn -0.284271 0.958744 0 
vn -0.311298 0.950312 0 
vn -0.446402 0.894832 0 
vn -0.359547 0.933127 0 
vn -0.409564 0.912281 0 
vn -0.391447 0.920201 0 
vn -0.531681 0.846945 0 
vn -0.499576 0.86627 0 
vn -0.447292 0.894388 0 
vn -0.460982 0.887409 0 
vn -0.446402 0.894832 0 
vn -0.498008 0.867173 0 
vn -0.620369 0.78431 0 
vn -0.602061 0.79845 0 
vn -0.548366 0.836239 0 
vn -0.551253 0.834338 0 
vn -0.598114 0.801411 0 
vn -0.651441 0.758699 0 
vn -0.646623 0.76281 0 
vn -0.693274 0.720675 0 
vn -0.698837 0.715281 0 
vn 0 1 0 
vn 0 0.994522 0.104528 
vn 0 0.99863 0.052336 
vn 0 0.978148 0.207912 
vn 0 0.994522 0.104528 
vn 0 0.987688 0.156434 
vn 0 0.951057 0.309017 
vn 0 0.978148 0.207912 
vn 0 0.965926 0.258819 
vn 0 0.913545 0.406737 
vn 0 0.951057 0.309017 
vn 0 0.93358 0.358368 
vn 0 0.866025 0.5 
vn 0 0.913545 0.406737 
vn 0 0.891007 0.45399 
vn 0 0.809017 0.587785 
vn 0 0.866025 0.5 
vn 0 0.838671 0.544639 
vn 0 0.743145 0.669131 
vn 0 0.809017 0.587785 
vn 0 0.669131 0.743145 
vn 0 0.743145 0.669131 
vn 0 0.587785 0.809017 
vn 0 0.669131 0.743145 
vn 0 0.5 0.866025 
vn 0 0.587785 0.809017 
vn 0 0.406737 0.913545 
vn 0 0.5 0.866025 
vn 0 0.309017 0.951057 
vn 0 0.406737 0.913545 
vn 0 0.207912 0.978148 
vn 0 0.309017 0.951057 
vn 0 0.104528 0.994522 
vn 0 0.207912 0.978148 
vn 0 1.22465e-16 1 
vn 0 0.104528 0.994522 
vn 0 -0.104528 0.994522 
vn 0 -0.207912 0.978148 
vn 0 -0.309017 0.951057 
vn 0 -0.406737 0.913545 
vn 0 -0.5 0.866025 
vn 0 -0.587785 0.809017 
vn 0 -0.669131 0.743145 
vn 0 -0.743145 0.669131 
vn 0 -0.809017 0.587785 
vn 0 -0.838671 0.544639 
vn 0 -0.866025 0.5 
vn 0 -0.891007 0.45399 
vn 0 -0.913545 0.406737 
vn 0 -0.93358 0.358368 
vn 0 -0.951057 0.309017 
vn 0 -0.965926 0.258819 
vn 0 -0.978148 0.207912 
vn 0 -0.987688 0.156434 
vn 0 -0.994522 0.104528 
vn 0 -0.99863 0.052336 
vn 0 -1 -1.83697e-16 
vn -0.634199 -0.77317 0 
vn -0.649285 -0.760545 0 
vn -0.663245 -0.748402 0 
vn -0.696728 -0.717335 0 
vn -0.710628 -0.703568 0 
vn -0.613511 -0.789687 0 
vn -0.561986 -0.827147 0 
vn -0.55224 -0.833685 0 
vn -0.599688 -0.800234 0 
vn -0.4664 -0.884574 0 
vn -0.477336 -0.878721 0 
vn -0.472085 -0.881553 0 
vn -0.496636 -0.867959 0 
vn -0.50925 -0.860619 0 
vn -0.548578 -0.836099 0 
vn -0.377768 -0.9259 0 
vn -0.423952 -0.905685 0 
vn -0.414989 -0.909826 0 
vn -0.4664 -0.884574 0 
vn -0.287398 -0.957811 0 
vn -0.321142 -0.947031 0 
vn -0.304197 -0.952609 0 
vn -0.358866 -0.933389 0 
vn -0.371735 -0.928339 0 
vn -0.377768 -0.9259 0 
vn -0.287398 -0.957811 0 
vn -0.200684 -0.979656 0 
vn -0.196303 -0.980543 0 
vn -0.226099 -0.974104 0 
vn -0.251372 -0.967891 0 
vn -0.272517 -0.962151 0 
vn -0.173064 -0.984911 0 
vn -0.123056 -0.9924 0 
vn -0.140407 -0.990094 0 
vn -0.12477 -0.992186 0 
vn -0.10824 -0.994125 0 
vn -0.196303 -0.980543 0 
vn -0.182034 -0.983292 0 
vn -0.0762276 -0.99709 0 
vn -0.032498 -0.999472 0 
vn -0.0381861 -0.999271 0 
vn -0.0279162 -0.99961 0 
vn -0.0797039 -0.996819 0 
vn 0 -1 0 
vn -0.0279162 -0.99961 0 
vn -0.710628 -0.703568 0 
vn 0 0 1 
vn 0.104528 0 0.994522 
vn 0.207912 0 0.978148 
vn 0.309017 0 0.951057 
vn 0.406737 0 0.913545 
vn 0.5 0 0.866025 
vn 0.587785 0 0.809017 
vn 0.669131 0 0.743145 
vn 0.743145 0 0.669131 
vn 0.809017 0 0.587785 
vn 0.838671 0 0.544639 
vn 0.866025 0 0.5 
vn 0.809017 0 0.587785 
vn 0.891007 0 0.45399 
vn 0.866025 0 0.5 
vn 0.913545 0 0.406737 
vn 0.93358 0 0.358368 
vn 0.951057 0 0.309017 
vn 0.965926 0 0.258819 
vn 0.978148 0 0.207912 
vn 0.987688 0 0.156434 
vn 0.994522 0 0.104528 
vn 0.99863 0 0.052336 
vn 1 0 -6.12323e-17 
vn 0.669131 0 0.743145 
vn 0.309017 0 0.951057 
vn 1.22465e-16 0 1 
vn 0 1 0 
vn 1 0 0 
vn 0 -1 0 
vn 0 0 -1 
vn -0.0789259 -0.0685339 -0.994522 
vn -0.0742808 -0.0735429 -0.994522 
vn -0.156987 -0.136317 -0.978148 
vn -0.147748 -0.14628 -0.978148 
vn -0.233328 -0.202607 -0.951057 
vn -0.219596 -0.217415 -0.951057 
vn -0.307113 -0.266676 -0.913545 
vn -0.289038 -0.286167 -0.913545 
vn -0.377533 -0.327824 -0.866025 
vn -0.355314 -0.351784 -0.866025 
vn -0.443817 -0.385381 -0.809017 
vn -0.417696 -0.413547 -0.809017 
vn -0.505238 -0.438714 -0.743145 
vn -0.475503 -0.470779 -0.743145 
vn -0.561124 -0.487242 -0.669131 
vn -0.528099 -0.522853 -0.669131 
vn -0.610861 -0.530431 -0.587785 
vn -0.57491 -0.569199 -0.587785 
vn -0.653907 -0.567808 -0.5 
vn -0.615422 -0.609308 -0.5 
vn -0.689787 -0.598965 -0.406737 
vn -0.649191 -0.642742 -0.406737 
vn -0.718111 -0.623559 -0.309017 
vn -0.675847 -0.669133 -0.309017 
vn -0.738566 -0.641321 -0.207912 
vn -0.695099 -0.688194 -0.207912 
vn -0.75093 -0.652057 -0.104528 
vn -0.706735 -0.699714 -0.104528 
vn -0.755066 -0.655649 0 
vn -0.710628 -0.703568 0 
vn 0 0 -1 
vn -0.0831858 -0.0632956 -0.994522 
vn -0.16546 -0.125898 -0.978148 
vn -0.245922 -0.18712 -0.951057 
vn -0.323689 -0.246293 -0.913545 
vn -0.39791 -0.302767 -0.866025 
vn -0.467771 -0.355924 -0.809017 
vn -0.532507 -0.405182 -0.743145 
vn -0.591409 -0.45 -0.669131 
vn -0.643831 -0.489888 -0.587785 
vn -0.6892 -0.524408 -0.5 
vn -0.727017 -0.553183 -0.406737 
vn -0.756869 -0.575897 -0.309017 
vn -0.778429 -0.592302 -0.207912 
vn -0.79146 -0.602217 -0.104528 
vn -0.782131 -0.623114 0 
vn -0.795819 -0.605534 0 
vn 0 0 -1 
vn -0.0870355 -0.0578881 -0.994522 
vn -0.173117 -0.115142 -0.978148 
vn -0.257303 -0.171134 -0.951057 
vn -0.338669 -0.225252 -0.913545 
vn -0.416324 -0.276901 -0.866025 
vn -0.489418 -0.325517 -0.809017 
vn -0.557151 -0.370566 -0.743145 
vn -0.618778 -0.411555 -0.669131 
vn -0.673627 -0.448035 -0.587785 
vn -0.721095 -0.479606 -0.5 
vn -0.760662 -0.505923 -0.406737 
vn -0.791896 -0.526697 -0.309017 
vn -0.814453 -0.5417 -0.207912 
vn -0.828087 -0.550768 -0.104528 
vn -0.832648 -0.553802 0 
vn 0 0 -1 
vn -0.0904617 -0.0523725 -0.994522 
vn -0.179932 -0.104171 -0.978148 
vn -0.267431 -0.154829 -0.951057 
vn -0.352001 -0.20379 -0.913545 
vn -0.432713 -0.250518 -0.866025 
vn -0.508685 -0.294502 -0.809017 
vn -0.579083 -0.335259 -0.743145 
vn -0.643137 -0.372342 -0.669131 
vn -0.700145 -0.405347 -0.587785 
vn -0.749481 -0.43391 -0.5 
vn -0.790606 -0.457719 -0.406737 
vn -0.823069 -0.476514 -0.309017 
vn -0.846515 -0.490087 -0.207912 
vn -0.860685 -0.498291 -0.104528 
vn -0.865426 -0.501036 0 
vn -0.84486 -0.534988 0 
vn 0 0 -1 
vn -0.0928614 -0.0479892 -0.994522 
vn -0.184705 -0.0954527 -0.978148 
vn -0.274526 -0.14187 -0.951057 
vn -0.361338 -0.186734 -0.913545 
vn -0.444192 -0.229551 -0.866025 
vn -0.522179 -0.269853 -0.809017 
vn -0.594445 -0.307199 -0.743145 
vn -0.660198 -0.341179 -0.669131 
vn -0.718717 -0.371421 -0.587785 
vn -0.769363 -0.397594 -0.5 
vn -0.811579 -0.419411 -0.406737 
vn -0.844903 -0.436632 -0.309017 
vn -0.86897 -0.44907 -0.207912 
vn -0.883517 -0.456587 -0.104528 
vn -0.888384 -0.459102 0 
vn 0 0 -1 
vn -0.0957079 -0.0420261 -0.994522 
vn -0.190367 -0.0835918 -0.978148 
vn -0.282941 -0.124242 -0.951057 
vn -0.372415 -0.16353 -0.913545 
vn -0.457808 -0.201027 -0.866025 
vn -0.538186 -0.236322 -0.809017 
vn -0.612667 -0.269027 -0.743145 
vn -0.680435 -0.298785 -0.669131 
vn -0.740749 -0.325269 -0.587785 
vn -0.792947 -0.348189 -0.5 
vn -0.836457 -0.367295 -0.406737 
vn -0.870802 -0.382376 -0.309017 
vn -0.895607 -0.393268 -0.207912 
vn -0.9106 -0.399852 -0.104528 
vn -0.915616 -0.402054 0 
vn -0.893094 -0.44987 0 
vn 0 0 -1 
vn -0.0980641 -0.0361887 -0.994522 
vn -0.195054 -0.071981 -0.978148 
vn -0.289907 -0.106985 -0.951057 
vn -0.381583 -0.140816 -0.913545 
vn -0.469079 -0.173105 -0.866025 
vn -0.551435 -0.203497 -0.809017 
vn -0.62775 -0.231659 -0.743145 
vn -0.697187 -0.257284 -0.669131 
vn -0.758985 -0.280089 -0.587785 
vn -0.812468 -0.299826 -0.5 
vn -0.857049 -0.316278 -0.406737 
vn -0.892241 -0.329265 -0.309017 
vn -0.917656 -0.338644 -0.207912 
vn -0.933018 -0.344313 -0.104528 
vn -0.932705 -0.360639 0 
vn -0.938157 -0.346209 0 
vn 0 0 -1 
vn -0.0999724 -0.0305241 -0.994522 
vn -0.198849 -0.0607138 -0.978148 
vn -0.295548 -0.0902383 -0.951057 
vn -0.389008 -0.118774 -0.913545 
vn -0.478207 -0.146009 -0.866025 
vn -0.562165 -0.171644 -0.809017 
vn -0.639965 -0.195398 -0.743145 
vn -0.710753 -0.217011 -0.669131 
vn -0.773754 -0.236247 -0.587785 
vn -0.828278 -0.252894 -0.5 
vn -0.873727 -0.266771 -0.406737 
vn -0.909603 -0.277725 -0.309017 
vn -0.935513 -0.285636 -0.207912 
vn -0.951174 -0.290418 -0.104528 
vn -0.956413 -0.292017 0 
vn 0 0 -1 
vn -0.101478 -0.0250694 -0.994522 
vn -0.201844 -0.0498642 -0.978148 
vn -0.299998 -0.0741126 -0.951057 
vn -0.394866 -0.0975491 -0.913545 
vn -0.485407 -0.119917 -0.866025 
vn -0.57063 -0.140971 -0.809017 
vn -0.649601 -0.16048 -0.743145 
vn -0.721455 -0.178231 -0.669131 
vn -0.785405 -0.194029 -0.587785 
vn -0.84075 -0.207702 -0.5 
vn -0.886883 -0.219099 -0.406737 
vn -0.923299 -0.228095 -0.309017 
vn -0.949599 -0.234593 -0.207912 
vn -0.965496 -0.23852 -0.104528 
vn -0.970814 -0.239833 0 
vn -0.963424 -0.267983 0 
vn 0 0 -1 
vn -0.102626 -0.0198515 -0.994522 
vn -0.204128 -0.0394855 -0.978148 
vn -0.303393 -0.0586869 -0.951057 
vn -0.399334 -0.0772452 -0.913545 
vn -0.4909 -0.0949573 -0.866025 
vn -0.577088 -0.111629 -0.809017 
vn -0.656953 -0.127078 -0.743145 
vn -0.72962 -0.141134 -0.669131 
vn -0.794293 -0.153644 -0.587785 
vn -0.850264 -0.164471 -0.5 
vn -0.896919 -0.173496 -0.406737 
vn -0.933748 -0.18062 -0.309017 
vn -0.960346 -0.185765 -0.207912 
vn -0.976422 -0.188874 -0.104528 
vn -0.981801 -0.189915 0 
vn 0 0 -1 
vn -0.103184 -0.0167125 -0.994522 
vn -0.205237 -0.0332418 -0.978148 
vn -0.305042 -0.049407 -0.951057 
vn -0.401504 -0.0650308 -0.913545 
vn -0.493568 -0.0799421 -0.866025 
vn -0.580224 -0.0939776 -0.809017 
vn -0.660523 -0.106983 -0.743145 
vn -0.733585 -0.118817 -0.669131 
vn -0.79861 -0.129349 -0.587785 
vn -0.854885 -0.138464 -0.5 
vn -0.901793 -0.146062 -0.406737 
vn -0.938822 -0.152059 -0.309017 
vn -0.965564 -0.15639 -0.207912 
vn -0.981728 -0.159008 -0.104528 
vn -0.985442 -0.170009 0 
vn -0.987136 -0.159884 0 
vn 0 0 -1 
vn -0.103881 -0.0116177 -0.994522 
vn -0.206624 -0.0231081 -0.978148 
vn -0.307102 -0.0343453 -0.951057 
vn -0.404217 -0.0452062 -0.913545 
vn -0.496902 -0.0555719 -0.866025 
vn -0.584144 -0.0653287 -0.809017 
vn -0.664985 -0.0743697 -0.743145 
vn -0.738541 -0.0825959 -0.669131 
vn -0.804005 -0.0899172 -0.587785 
vn -0.86066 -0.0962533 -0.5 
vn -0.907885 -0.101535 -0.406737 
vn -0.945164 -0.105704 -0.309017 
vn -0.972087 -0.108715 -0.207912 
vn -0.98836 -0.110535 -0.104528 
vn -0.993804 -0.111144 0 
vn 0 0 -1 
vn -0.104303 -0.0068556 -0.994522 
vn -0.207464 -0.0136361 -0.978148 
vn -0.308352 -0.0202672 -0.951057 
vn -0.405861 -0.0266762 -0.913545 
vn -0.498923 -0.032793 -0.866025 
vn -0.58652 -0.0385505 -0.809017 
vn -0.66769 -0.0438856 -0.743145 
vn -0.741545 -0.0487399 -0.669131 
vn -0.807275 -0.0530601 -0.587785 
vn -0.864161 -0.0567991 -0.5 
vn -0.911579 -0.0599157 -0.406737 
vn -0.949009 -0.0623759 -0.309017 
vn -0.976042 -0.0641527 -0.207912 
vn -0.992381 -0.0652267 -0.104528 
vn -0.99683 -0.0795613 0 
vn -0.997847 -0.0655859 0 
vn 0 0 -1 
vn -0.104501 -0.00241525 -0.994522 
vn -0.207856 -0.00480405 -0.978148 
vn -0.308934 -0.00714021 -0.951057 
vn -0.406628 -0.00939813 -0.913545 
vn -0.499867 -0.0115531 -0.866025 
vn -0.587628 -0.0135815 -0.809017 
vn -0.668952 -0.0154611 -0.743145 
vn -0.742946 -0.0171712 -0.669131 
vn -0.808801 -0.0186933 -0.587785 
vn -0.865794 -0.0200105 -0.5 
vn -0.913302 -0.0211086 -0.406737 
vn -0.950803 -0.0219753 -0.309017 
vn -0.977886 -0.0226013 -0.207912 
vn -0.994256 -0.0229796 -0.104528 
vn -0.999733 -0.0231062 0 
vn 0 0 -1 
vn -0.104528 0 -0.994522 
vn -0.207912 0 -0.978148 
vn -0.309017 0 -0.951057 
vn -0.406737 0 -0.913545 
vn -0.5 0 -0.866025 
vn -0.587785 0 -0.809017 
vn -0.669131 0 -0.743145 
vn -0.743145 0 -0.669131 
vn -0.809017 0 -0.587785 
vn -0.866025 0 -0.5 
vn -0.913545 0 -0.406737 
vn -0.951057 0 -0.309017 
vn -0.978148 0 -0.207912 
vn -0.994522 0 -0.104528 
vn -1 0 0 
vn 0 0 -1 
vn -0.104453 0.00397026 -0.994522 
vn -0.104528 0 -0.994522 
vn -0.207762 0.00789702 -0.978148 
vn -0.207912 0 -0.978148 
vn -0.308794 0.0117373 -0.951057 
vn -0.309017 0 -0.951057 
vn -0.406443 0.0154489 -0.913545 
vn -0.406737 0 -0.913545 
vn -0.499639 0.0189913 -0.866025 
vn -0.5 0 -0.866025 
vn -0.587361 0.0223256 -0.809017 
vn -0.587785 0 -0.809017 
vn -0.668648 0.0254153 -0.743145 
vn -0.669131 0 -0.743145 
vn -0.742609 0.0282266 -0.669131 
vn -0.743145 0 -0.669131 
vn -0.808433 0.0307286 -0.587785 
vn -0.809017 0 -0.587785 
vn -0.8654 0.0328939 -0.5 
vn -0.866025 0 -0.5 
vn -0.912886 0.0346988 -0.406737 
vn -0.913545 0 -0.406737 
vn -0.95037 0.0361236 -0.309017 
vn -0.951057 0 -0.309017 
vn -0.977442 0.0371526 -0.207912 
vn -0.978148 0 -0.207912 
vn -0.993804 0.0377745 -0.104528 
vn -0.994522 0 -0.104528 
vn -0.999456 0.0329747 0 
vn -0.999278 0.0379826 0 
vn 0 0 -1 
vn -0.1042 0.00827383 -0.994522 
vn -0.207259 0.016457 -0.978148 
vn -0.308047 0.0244599 -0.951057 
vn -0.40546 0.0321948 -0.913545 
vn -0.498431 0.0395769 -0.866025 
vn -0.585941 0.0465255 -0.809017 
vn -0.667031 0.0529642 -0.743145 
vn -0.740813 0.0588228 -0.669131 
vn -0.806479 0.0640368 -0.587785 
vn -0.863308 0.0685492 -0.5 
vn -0.910679 0.0723106 -0.406737 
vn -0.948072 0.0752798 -0.309017 
vn -0.975079 0.0774241 -0.207912 
vn -0.991401 0.0787202 -0.104528 
vn -0.996862 0.0791538 0 
vn 0 0 -1 
vn -0.103726 0.0129302 -0.994522 
vn -0.206315 0.0257187 -0.978148 
vn -0.306644 0.0382255 -0.951057 
vn -0.403613 0.0503134 -0.913545 
vn -0.49616 0.0618501 -0.866025 
vn -0.583271 0.0727092 -0.809017 
vn -0.663991 0.0827716 -0.743145 
vn -0.737437 0.0919272 -0.669131 
vn -0.802803 0.100076 -0.587785 
vn -0.859374 0.107128 -0.5 
vn -0.906529 0.113006 -0.406737 
vn -0.943752 0.117646 -0.309017 
vn -0.970635 0.120997 -0.207912 
vn -0.986884 0.123023 -0.104528 
vn -0.993574 0.113183 0 
vn -0.99232 0.1237 0 
vn 0 0 -1 
vn -0.103467 0.0148606 -0.994522 
vn -0.2058 0.0295583 -0.978148 
vn -0.305878 0.0439322 -0.951057 
vn -0.402605 0.0578248 -0.913545 
vn -0.494921 0.0710838 -0.866025 
vn -0.581815 0.0835641 -0.809017 
vn -0.662334 0.0951287 -0.743145 
vn -0.735596 0.105651 -0.669131 
vn -0.800799 0.115016 -0.587785 
vn -0.857229 0.123121 -0.5 
vn -0.904266 0.129877 -0.406737 
vn -0.941396 0.13521 -0.309017 
vn -0.968212 0.139061 -0.207912 
vn -0.98442 0.141389 -0.104528 
vn -0.989843 0.142168 0 
vn 0 0 -1 
vn -0.10275 0.0191988 -0.994522 
vn -0.204375 0.0381873 -0.978148 
vn -0.30376 0.0567574 -0.951057 
vn -0.399817 0.0747057 -0.913545 
vn -0.491494 0.0918355 -0.866025 
vn -0.577786 0.107959 -0.809017 
vn -0.657747 0.1229 -0.743145 
vn -0.730502 0.136494 -0.669131 
vn -0.795254 0.148593 -0.587785 
vn -0.851292 0.159064 -0.5 
vn -0.898004 0.167792 -0.406737 
vn -0.934877 0.174681 -0.309017 
vn -0.961507 0.179657 -0.207912 
vn -0.977603 0.182665 -0.104528 
vn -0.982988 0.183671 0 
vn 0 0 -1 
vn -0.101788 0.023779 -0.994522 
vn -0.20246 0.0472974 -0.978148 
vn -0.300915 0.0702976 -0.951057 
vn -0.396072 0.0925277 -0.913545 
vn -0.48689 0.113744 -0.866025 
vn -0.572374 0.133714 -0.809017 
vn -0.651587 0.152219 -0.743145 
vn -0.72366 0.169056 -0.669131 
vn -0.787805 0.184042 -0.587785 
vn -0.843319 0.19701 -0.5 
vn -0.889593 0.207821 -0.406737 
vn -0.926121 0.216354 -0.309017 
vn -0.952501 0.222517 -0.207912 
vn -0.968446 0.226242 -0.104528 
vn -0.973781 0.227488 0 
vn -0.979655 0.200691 0 
vn 0 0 -1 
vn -0.100542 0.0285908 -0.994522 
vn -0.199983 0.0568684 -0.978148 
vn -0.297233 0.0845229 -0.951057 
vn -0.391226 0.111251 -0.913545 
vn -0.480933 0.136761 -0.866025 
vn -0.565371 0.160772 -0.809017 
vn -0.643614 0.183022 -0.743145 
vn -0.714806 0.203266 -0.669131 
vn -0.778166 0.221284 -0.587785 
vn -0.833 0.236877 -0.5 
vn -0.878708 0.249875 -0.406737 
vn -0.914789 0.260135 -0.309017 
vn -0.940847 0.267545 -0.207912 
vn -0.956597 0.272023 -0.104528 
vn -0.961866 0.273522 0 
vn 0 0 -1 
vn -0.098975 0.0336178 -0.994522 
vn -0.196866 0.0668673 -0.978148 
vn -0.292599 0.0993842 -0.951057 
vn -0.385127 0.130812 -0.913545 
vn -0.473435 0.160807 -0.866025 
vn -0.556557 0.18904 -0.809017 
vn -0.63358 0.215202 -0.743145 
vn -0.703662 0.239006 -0.669131 
vn -0.766035 0.260191 -0.587785 
vn -0.820014 0.278526 -0.5 
vn -0.86501 0.293809 -0.406737 
vn -0.900528 0.305873 -0.309017 
vn -0.92618 0.314586 -0.207912 
vn -0.941684 0.319852 -0.104528 
vn -0.946871 0.321614 0 
vn -0.956396 0.292073 0 
vn 0 0 -1 
vn -0.0970469 0.0388343 -0.994522 
vn -0.19303 0.0772432 -0.978148 
vn -0.286899 0.114806 -0.951057 
vn -0.377625 0.151111 -0.913545 
vn -0.464213 0.18576 -0.866025 
vn -0.545715 0.218374 -0.809017 
vn -0.621238 0.248595 -0.743145 
vn -0.689954 0.276093 -0.669131 
vn -0.751112 0.300565 -0.587785 
vn -0.80404 0.321745 -0.5 
vn -0.848159 0.3394 -0.406737 
vn -0.882985 0.353336 -0.309017 
vn -0.908137 0.363401 -0.207912 
vn -0.923339 0.369484 -0.104528 
vn -0.928425 0.371519 0 
vn 0 0 -1 
vn -0.0947214 0.0442047 -0.994522 
vn -0.188405 0.0879252 -0.978148 
vn -0.280024 0.130682 -0.951057 
vn -0.368576 0.172008 -0.913545 
vn -0.453089 0.211448 -0.866025 
vn -0.532638 0.248572 -0.809017 
vn -0.606351 0.282973 -0.743145 
vn -0.673421 0.314274 -0.669131 
vn -0.733113 0.342131 -0.587785 
vn -0.784773 0.366239 -0.5 
vn -0.827835 0.386335 -0.406737 
vn -0.861826 0.402199 -0.309017 
vn -0.886376 0.413655 -0.207912 
vn -0.901214 0.42058 -0.104528 
vn -0.906178 0.422897 0 
vn -0.92389 0.382659 0 
vn 0 0 -1 
vn -0.0919664 0.0496828 -0.994522 
vn -0.182925 0.0988212 -0.978148 
vn -0.27188 0.146877 -0.951057 
vn -0.357856 0.193323 -0.913545 
vn -0.439911 0.237652 -0.866025 
vn -0.517146 0.279377 -0.809017 
vn -0.588716 0.31804 -0.743145 
vn -0.653835 0.35322 -0.669131 
vn -0.711791 0.384529 -0.587785 
vn -0.761948 0.411625 -0.5 
vn -0.803757 0.434212 -0.406737 
vn -0.83676 0.452041 -0.309017 
vn -0.860596 0.464917 -0.207912 
vn -0.875002 0.4727 -0.104528 
vn -0.881898 0.471441 0 
vn -0.879822 0.475304 0 
vn 0 0 -1 
vn -0.0907587 0.0518561 -0.994522 
vn -0.180523 0.103144 -0.978148 
vn -0.26831 0.153302 -0.951057 
vn -0.353156 0.20178 -0.913545 
vn -0.434134 0.248048 -0.866025 
vn -0.510355 0.291598 -0.809017 
vn -0.580985 0.331953 -0.743145 
vn -0.645249 0.368671 -0.669131 
vn -0.702444 0.40135 -0.587785 
vn -0.751942 0.429631 -0.5 
vn -0.793202 0.453206 -0.406737 
vn -0.825772 0.471815 -0.309017 
vn -0.849294 0.485255 -0.207912 
vn -0.863512 0.493378 -0.104528 
vn -0.868268 0.496095 0 
vn 0 0 -1 
vn -0.0874924 0.0571951 -0.994522 
vn -0.174026 0.113764 -0.978148 
vn -0.258653 0.169086 -0.951057 
vn -0.340447 0.222555 -0.913545 
vn -0.41851 0.273586 -0.866025 
vn -0.491988 0.32162 -0.809017 
vn -0.560076 0.36613 -0.743145 
vn -0.622027 0.406628 -0.669131 
vn -0.677163 0.442672 -0.587785 
vn -0.724881 0.473865 -0.5 
vn -0.764656 0.499867 -0.406737 
vn -0.796053 0.520392 -0.309017 
vn -0.818729 0.535215 -0.207912 
vn -0.832435 0.544175 -0.104528 
vn -0.83702 0.547172 0 
vn 0 0 -1 
vn -0.0838296 0.0624404 -0.994522 
vn -0.166741 0.124197 -0.978148 
vn -0.247825 0.184592 -0.951057 
vn -0.326194 0.242965 -0.913545 
vn -0.400989 0.298677 -0.866025 
vn -0.471391 0.351115 -0.809017 
vn -0.536628 0.399707 -0.743145 
vn -0.595986 0.44392 -0.669131 
vn -0.648814 0.483269 -0.587785 
vn -0.694534 0.517323 -0.5 
vn -0.732644 0.545709 -0.406737 
vn -0.762727 0.568117 -0.309017 
vn -0.784453 0.5843 -0.207912 
vn -0.797585 0.594081 -0.104528 
vn -0.801978 0.597353 0 
vn -0.830287 0.557336 0 
vn 0 0 -1 
vn -0.0797901 0.0675259 -0.994522 
vn -0.158706 0.134312 -0.978148 
vn -0.235883 0.199626 -0.951057 
vn -0.310476 0.262754 -0.913545 
vn -0.381667 0.323002 -0.866025 
vn -0.448676 0.379712 -0.809017 
vn -0.51077 0.432261 -0.743145 
vn -0.567267 0.480075 -0.669131 
vn -0.61755 0.522629 -0.587785 
vn -0.661066 0.559456 -0.5 
vn -0.69734 0.590155 -0.406737 
vn -0.725973 0.614387 -0.309017 
vn -0.746653 0.631888 -0.207912 
vn -0.759152 0.642466 -0.104528 
vn -0.768977 0.639277 0 
vn -0.763334 0.646005 0 
vn 0 0 -1 
vn -0.0754055 0.0723893 -0.994522 
vn -0.149985 0.143985 -0.978148 
vn -0.222921 0.214004 -0.951057 
vn -0.293415 0.281678 -0.913545 
vn -0.360694 0.346266 -0.866025 
vn -0.424021 0.40706 -0.809017 
vn -0.482702 0.463394 -0.743145 
vn -0.536095 0.514652 -0.669131 
vn -0.583614 0.56027 -0.587785 
vn -0.62474 0.59975 -0.5 
vn -0.65902 0.632659 -0.406737 
vn -0.68608 0.658637 -0.309017 
vn -0.705623 0.677398 -0.207912 
vn -0.717435 0.688738 -0.104528 
vn -0.721387 0.692532 0 
vn 0 0 -1 
vn -0.0730484 0.0747672 -0.994522 
vn -0.145296 0.148715 -0.978148 
vn -0.215953 0.221034 -0.951057 
vn -0.284243 0.290931 -0.913545 
vn -0.349419 0.35764 -0.866025 
vn -0.410766 0.420431 -0.809017 
vn -0.467613 0.478616 -0.743145 
vn -0.519337 0.531557 -0.669131 
vn -0.565371 0.578674 -0.587785 
vn -0.605211 0.619451 -0.5 
vn -0.63842 0.653441 -0.406737 
vn -0.664634 0.680272 -0.309017 
vn -0.683566 0.69965 -0.207912 
vn -0.695009 0.711362 -0.104528 
vn -0.698837 0.715281 0 
vn -1 0 0 
vn 0 0 -1 
vn -0.00399153 -0.104452 -0.994522 
vn 0 -0.104528 -0.994522 
vn -0.00793933 -0.20776 -0.978148 
vn 0 -0.207912 -0.978148 
vn -0.0118001 -0.308792 -0.951057 
vn 0 -0.309017 -0.951057 
vn -0.0155317 -0.40644 -0.913545 
vn 0 -0.406737 -0.913545 
vn -0.019093 -0.499635 -0.866025 
vn 0 -0.5 -0.866025 
vn -0.0224452 -0.587357 -0.809017 
vn 0 -0.587785 -0.809017 
vn -0.0255515 -0.668643 -0.743145 
vn 0 -0.669131 -0.743145 
vn -0.0283778 -0.742603 -0.669131 
vn 0 -0.743145 -0.669131 
vn -0.0308932 -0.808427 -0.587785 
vn 0 -0.809017 -0.587785 
vn -0.0330701 -0.865394 -0.5 
vn 0 -0.866025 -0.5 
vn -0.0348847 -0.912879 -0.406737 
vn 0 -0.913545 -0.406737 
vn -0.0363171 -0.950363 -0.309017 
vn 0 -0.951057 -0.309017 
vn -0.0373516 -0.977434 -0.207912 
vn 0 -0.978148 -0.207912 
vn -0.0379769 -0.993797 -0.104528 
vn 0 -0.994522 -0.104528 
vn -0.0279175 -0.99961 0 
vn -0.0381861 -0.999271 0 
vn 0 0 -1 
vn -0.00833133 -0.104196 -0.994522 
vn -0.0165714 -0.20725 -0.978148 
vn -0.0246299 -0.308034 -0.951057 
vn -0.0324185 -0.405443 -0.913545 
vn -0.039852 -0.498409 -0.866025 
vn -0.0468488 -0.585915 -0.809017 
vn -0.0533323 -0.667002 -0.743145 
vn -0.0592316 -0.740781 -0.669131 
vn -0.0644818 -0.806443 -0.587785 
vn -0.0690256 -0.86327 -0.5 
vn -0.0728132 -0.910639 -0.406737 
vn -0.0758029 -0.948031 -0.309017 
vn -0.0779622 -0.975036 -0.207912 
vn -0.0792673 -0.991358 -0.104528 
vn -0.0797039 -0.996819 0 
vn 0 0 -1 
vn -0.0130421 -0.103712 -0.994522 
vn -0.0259412 -0.206287 -0.978148 
vn -0.0385562 -0.306602 -0.951057 
vn -0.0507487 -0.403558 -0.913545 
vn -0.0623852 -0.496093 -0.866025 
vn -0.0733382 -0.583192 -0.809017 
vn -0.0834877 -0.663902 -0.743145 
vn -0.0927225 -0.737338 -0.669131 
vn -0.100941 -0.802695 -0.587785 
vn -0.108054 -0.859258 -0.5 
vn -0.113983 -0.906407 -0.406737 
vn -0.118664 -0.943625 -0.309017 
vn -0.122044 -0.970504 -0.207912 
vn -0.124087 -0.98675 -0.104528 
vn -0.108242 -0.994125 0 
vn -0.12477 -0.992186 0 
vn 0 0 -1 
vn -0.0146765 -0.103493 -0.994522 
vn -0.0291923 -0.205852 -0.978148 
vn -0.0433882 -0.305956 -0.951057 
vn -0.0571088 -0.402707 -0.913545 
vn -0.0702036 -0.495047 -0.866025 
vn -0.0825293 -0.581963 -0.809017 
vn -0.0939508 -0.662502 -0.743145 
vn -0.104343 -0.735783 -0.669131 
vn -0.113592 -0.801003 -0.587785 
vn -0.121596 -0.857446 -0.5 
vn -0.128268 -0.904496 -0.406737 
vn -0.133535 -0.941635 -0.309017 
vn -0.137339 -0.968458 -0.207912 
vn -0.139638 -0.98467 -0.104528 
vn -0.140407 -0.990094 0 
vn 0 0 -1 
vn -0.0190278 -0.102782 -0.994522 
vn -0.0378471 -0.204438 -0.978148 
vn -0.0562517 -0.303854 -0.951057 
vn -0.07404 -0.399941 -0.913545 
vn -0.0910171 -0.491646 -0.866025 
vn -0.106997 -0.577965 -0.809017 
vn -0.121805 -0.657951 -0.743145 
vn -0.135278 -0.730728 -0.669131 
vn -0.147269 -0.7955 -0.587785 
vn -0.157646 -0.851556 -0.5 
vn -0.166297 -0.898282 -0.406737 
vn -0.173125 -0.935166 -0.309017 
vn -0.178056 -0.961805 -0.207912 
vn -0.181037 -0.977906 -0.104528 
vn -0.182034 -0.983292 0 
vn 0 0 -1 
vn -0.0236338 -0.101822 -0.994522 
vn -0.0470086 -0.202528 -0.978148 
vn -0.0698685 -0.301015 -0.951057 
vn -0.0919628 -0.396204 -0.913545 
vn -0.11305 -0.487052 -0.866025 
vn -0.132898 -0.572564 -0.809017 
vn -0.15129 -0.651803 -0.743145 
vn -0.168024 -0.723901 -0.669131 
vn -0.182918 -0.788067 -0.587785 
vn -0.195808 -0.843599 -0.5 
vn -0.206552 -0.889889 -0.406737 
vn -0.215033 -0.926428 -0.309017 
vn -0.221158 -0.952818 -0.207912 
vn -0.224861 -0.968768 -0.104528 
vn -0.226099 -0.974104 0 
vn -0.196301 -0.980544 0 
vn 0 0 -1 
vn -0.0284858 -0.100572 -0.994522 
vn -0.0566596 -0.200042 -0.978148 
vn -0.0842125 -0.297321 -0.951057 
vn -0.110843 -0.391342 -0.913545 
vn -0.136259 -0.481075 -0.866025 
vn -0.160182 -0.565538 -0.809017 
vn -0.18235 -0.643805 -0.743145 
vn -0.20252 -0.715017 -0.669131 
vn -0.220471 -0.778396 -0.587785 
vn -0.236007 -0.833247 -0.5 
vn -0.248957 -0.878969 -0.406737 
vn -0.259179 -0.91506 -0.309017 
vn -0.266562 -0.941126 -0.207912 
vn -0.271025 -0.95688 -0.104528 
vn -0.272517 -0.962151 0 
vn 0 0 -1 
vn -0.0335685 -0.0989917 -0.994522 
vn -0.0667693 -0.196899 -0.978148 
vn -0.0992385 -0.292649 -0.951057 
vn -0.13062 -0.385192 -0.913545 
vn -0.160571 -0.473515 -0.866025 
vn -0.188763 -0.556651 -0.809017 
vn -0.214886 -0.633687 -0.743145 
vn -0.238655 -0.703781 -0.669131 
vn -0.25981 -0.766164 -0.587785 
vn -0.278118 -0.820153 -0.5 
vn -0.293378 -0.865156 -0.406737 
vn -0.305425 -0.90068 -0.309017 
vn -0.314125 -0.926336 -0.207912 
vn -0.319383 -0.941843 -0.104528 
vn -0.321142 -0.947031 0 
vn -0.287395 -0.957812 0 
vn 0 0 -1 
vn -0.0388569 -0.0970378 -0.994522 
vn -0.0772881 -0.193012 -0.978148 
vn -0.114872 -0.286872 -0.951057 
vn -0.151198 -0.377589 -0.913545 
vn -0.185868 -0.464169 -0.866025 
vn -0.2185 -0.545664 -0.809017 
vn -0.248739 -0.62118 -0.743145 
vn -0.276253 -0.68989 -0.669131 
vn -0.30074 -0.751042 -0.587785 
vn -0.321932 -0.803965 -0.5 
vn -0.339597 -0.84808 -0.406737 
vn -0.353541 -0.882903 -0.309017 
vn -0.363612 -0.908052 -0.207912 
vn -0.369699 -0.923253 -0.104528 
vn -0.371735 -0.928339 0 
vn 0 0 -1 
vn -0.044315 -0.0946698 -0.994522 
vn -0.0881445 -0.188302 -0.978148 
vn -0.131008 -0.279872 -0.951057 
vn -0.172437 -0.368375 -0.913545 
vn -0.211976 -0.452842 -0.866025 
vn -0.249192 -0.532348 -0.809017 
vn -0.283679 -0.606021 -0.743145 
vn -0.315057 -0.673055 -0.669131 
vn -0.342984 -0.732714 -0.587785 
vn -0.367153 -0.784346 -0.5 
vn -0.387299 -0.827384 -0.406737 
vn -0.403202 -0.861358 -0.309017 
vn -0.414687 -0.885893 -0.207912 
vn -0.421629 -0.900723 -0.104528 
vn -0.423952 -0.905685 0 
vn -0.377765 -0.925902 0 
vn 0 0 -1 
vn -0.0498952 -0.0918513 -0.994522 
vn -0.0992437 -0.182696 -0.978148 
vn -0.147505 -0.27154 -0.951057 
vn -0.19415 -0.357408 -0.913545 
vn -0.238668 -0.43936 -0.866025 
vn -0.280571 -0.516499 -0.809017 
vn -0.3194 -0.587979 -0.743145 
vn -0.35473 -0.653017 -0.669131 
vn -0.386173 -0.7109 -0.587785 
vn -0.413385 -0.760995 -0.5 
vn -0.436068 -0.802751 -0.406737 
vn -0.453974 -0.835713 -0.309017 
vn -0.466905 -0.859519 -0.207912 
vn -0.474721 -0.873907 -0.104528 
vn -0.466405 -0.884572 0 
vn -0.477336 -0.878721 0 
vn 0 0 -1 
vn -0.0519126 -0.0907264 -0.994522 
vn -0.103256 -0.180459 -0.978148 
vn -0.153469 -0.268214 -0.951057 
vn -0.202 -0.353031 -0.913545 
vn -0.248318 -0.43398 -0.866025 
vn -0.291915 -0.510174 -0.809017 
vn -0.332314 -0.580778 -0.743145 
vn -0.369072 -0.645019 -0.669131 
vn -0.401787 -0.702194 -0.587785 
vn -0.430099 -0.751675 -0.5 
vn -0.453699 -0.79292 -0.406737 
vn -0.472329 -0.825478 -0.309017 
vn -0.485783 -0.848992 -0.207912 
vn -0.493915 -0.863204 -0.104528 
vn -0.496636 -0.867959 0 
vn 0 0 -1 
vn -0.057342 -0.0873962 -0.994522 
vn -0.114056 -0.173835 -0.978148 
vn -0.16952 -0.258369 -0.951057 
vn -0.223127 -0.340072 -0.913545 
vn -0.274289 -0.41805 -0.866025 
vn -0.322446 -0.491447 -0.809017 
vn -0.36707 -0.55946 -0.743145 
vn -0.407673 -0.621343 -0.669131 
vn -0.443809 -0.676419 -0.587785 
vn -0.475082 -0.724083 -0.5 
vn -0.501151 -0.763815 -0.406737 
vn -0.521729 -0.795178 -0.309017 
vn -0.53659 -0.817829 -0.207912 
vn -0.545573 -0.831519 -0.104528 
vn -0.548578 -0.836099 0 
vn 0 0 -1 
vn -0.0626844 -0.0836473 -0.994522 
vn -0.124682 -0.166378 -0.978148 
vn -0.185314 -0.247286 -0.951057 
vn -0.243915 -0.325485 -0.913545 
vn -0.299844 -0.400117 -0.866025 
vn -0.352487 -0.470366 -0.809017 
vn -0.401269 -0.535461 -0.743145 
vn -0.445655 -0.59469 -0.669131 
vn -0.485157 -0.647403 -0.587785 
vn -0.519345 -0.693023 -0.5 
vn -0.547842 -0.73105 -0.406737 
vn -0.570337 -0.761068 -0.309017 
vn -0.586583 -0.782747 -0.207912 
vn -0.596402 -0.79585 -0.104528 
vn -0.599688 -0.800234 0 
vn -0.552237 -0.833687 0 
vn 0 0 -1 
vn -0.0678688 -0.0794986 -0.994522 
vn -0.134994 -0.158126 -0.978148 
vn -0.20064 -0.235021 -0.951057 
vn -0.264088 -0.309342 -0.913545 
vn -0.324643 -0.380273 -0.866025 
vn -0.38164 -0.447037 -0.809017 
vn -0.434456 -0.508904 -0.743145 
vn -0.482513 -0.565195 -0.669131 
vn -0.525283 -0.615294 -0.587785 
vn -0.562297 -0.658651 -0.5 
vn -0.593151 -0.694793 -0.406737 
vn -0.617507 -0.723321 -0.309017 
vn -0.635097 -0.743925 -0.207912 
vn -0.645728 -0.756379 -0.104528 
vn -0.634203 -0.773166 0 
vn -0.649285 -0.760545 0 
vn 0 0 -1 
vn -0.0728279 -0.074982 -0.994522 
vn -0.144858 -0.149142 -0.978148 
vn -0.215301 -0.221669 -0.951057 
vn -0.283385 -0.291767 -0.913545 
vn -0.348364 -0.358668 -0.866025 
vn -0.409526 -0.421639 -0.809017 
vn -0.466202 -0.479991 -0.743145 
vn -0.51777 -0.533084 -0.669131 
vn -0.563665 -0.580336 -0.587785 
vn -0.603384 -0.621231 -0.5 
vn -0.636493 -0.655318 -0.406737 
vn -0.662628 -0.682226 -0.309017 
vn -0.681503 -0.70166 -0.207912 
vn -0.692911 -0.713406 -0.104528 
vn -0.696728 -0.717335 0 
vn 0 0 -1 
vn -0.0742808 -0.0735429 -0.994522 
vn -0.147748 -0.14628 -0.978148 
vn -0.219596 -0.217415 -0.951057 
vn -0.289038 -0.286167 -0.913545 
vn -0.355314 -0.351784 -0.866025 
vn -0.417696 -0.413547 -0.809017 
vn -0.475503 -0.470779 -0.743145 
vn -0.528099 -0.522853 -0.669131 
vn -0.57491 -0.569199 -0.587785 
vn -0.615422 -0.609308 -0.5 
vn -0.649191 -0.642742 -0.406737 
vn -0.675847 -0.669133 -0.309017 
vn -0.695099 -0.688194 -0.207912 
vn -0.706735 -0.699714 -0.104528 
vn -0.710628 -0.703568 0 
vn 0 -1 0 
vn 0 0 -1 
vn -0.0680941 0.0793057 -0.994522 
vn -0.0730484 0.0747672 -0.994522 
vn -0.135442 0.157742 -0.978148 
vn -0.145296 0.148715 -0.978148 
vn -0.201306 0.234451 -0.951057 
vn -0.215953 0.221034 -0.951057 
vn -0.264965 0.308591 -0.913545 
vn -0.284243 0.290931 -0.913545 
vn -0.325721 0.37935 -0.866025 
vn -0.349419 0.35764 -0.866025 
vn -0.382907 0.445952 -0.809017 
vn -0.410766 0.420431 -0.809017 
vn -0.435899 0.507669 -0.743145 
vn -0.467613 0.478616 -0.743145 
vn -0.484115 0.563823 -0.669131 
vn -0.519337 0.531557 -0.669131 
vn -0.527027 0.613801 -0.587785 
vn -0.565371 0.578674 -0.587785 
vn -0.564165 0.657053 -0.5 
vn -0.605211 0.619451 -0.5 
vn -0.595121 0.693106 -0.406737 
vn -0.63842 0.653441 -0.406737 
vn -0.619557 0.721566 -0.309017 
vn -0.664634 0.680272 -0.309017 
vn -0.637206 0.74212 -0.207912 
vn -0.683566 0.69965 -0.207912 
vn -0.647872 0.754543 -0.104528 
vn -0.695009 0.711362 -0.104528 
vn -0.651441 0.758699 0 
vn -0.698837 0.715281 0 
vn 0 0 -1 
vn -0.0629325 0.0834608 -0.994522 
vn -0.125175 0.166007 -0.978148 
vn -0.186047 0.246735 -0.951057 
vn -0.24488 0.324759 -0.913545 
vn -0.30103 0.399225 -0.866025 
vn -0.353882 0.469317 -0.809017 
vn -0.402857 0.534267 -0.743145 
vn -0.447418 0.593364 -0.669131 
vn -0.487077 0.64596 -0.587785 
vn -0.5214 0.691478 -0.5 
vn -0.55001 0.729421 -0.406737 
vn -0.572594 0.759371 -0.309017 
vn -0.588904 0.781002 -0.207912 
vn -0.598763 0.794076 -0.104528 
vn -0.620366 0.784312 0 
vn -0.602061 0.79845 0 
vn 0 0 -1 
vn -0.0576216 0.0872121 -0.994522 
vn -0.114612 0.173469 -0.978148 
vn -0.170346 0.257825 -0.951057 
vn -0.224215 0.339356 -0.913545 
vn -0.275626 0.417169 -0.866025 
vn -0.324018 0.490412 -0.809017 
vn -0.36886 0.558281 -0.743145 
vn -0.409661 0.620034 -0.669131 
vn -0.445973 0.674994 -0.587785 
vn -0.477399 0.722558 -0.5 
vn -0.503594 0.762206 -0.406737 
vn -0.524272 0.793503 -0.309017 
vn -0.539206 0.816106 -0.207912 
vn -0.548233 0.829768 -0.104528 
vn -0.551253 0.834338 0 
vn 0 0 -1 
vn -0.05222 0.0905499 -0.994522 
vn -0.103868 0.180108 -0.978148 
vn -0.154378 0.267692 -0.951057 
vn -0.203196 0.352344 -0.913545 
vn -0.249788 0.433135 -0.866025 
vn -0.293644 0.509181 -0.809017 
vn -0.334282 0.579648 -0.743145 
vn -0.371258 0.643764 -0.669131 
vn -0.404166 0.700827 -0.587785 
vn -0.432646 0.750212 -0.5 
vn -0.456386 0.791377 -0.406737 
vn -0.475125 0.823872 -0.309017 
vn -0.48866 0.84734 -0.207912 
vn -0.49684 0.861524 -0.104528 
vn -0.499576 0.86627 0 
vn -0.531683 0.846943 0 
vn 0 0 -1 
vn -0.0467547 0.093489 -0.994522 
vn -0.0929972 0.185954 -0.978148 
vn -0.138221 0.276381 -0.951057 
vn -0.18193 0.36378 -0.913545 
vn -0.223646 0.447194 -0.866025 
vn -0.262912 0.525708 -0.809017 
vn -0.299297 0.598462 -0.743145 
vn -0.332403 0.66466 -0.669131 
vn -0.361867 0.723575 -0.587785 
vn -0.387366 0.774563 -0.5 
vn -0.408622 0.817064 -0.406737 
vn -0.4254 0.850614 -0.309017 
vn -0.437518 0.874843 -0.207912 
vn -0.444842 0.889488 -0.104528 
vn -0.447292 0.894388 0 
vn 0 0 -1 
vn -0.0409174 0.0961871 -0.994522 
vn -0.0813865 0.19132 -0.978148 
vn -0.120964 0.284358 -0.951057 
vn -0.159216 0.374279 -0.913545 
vn -0.195724 0.4601 -0.866025 
vn -0.230087 0.54088 -0.809017 
vn -0.261929 0.615734 -0.743145 
vn -0.290902 0.683842 -0.669131 
vn -0.316687 0.744458 -0.587785 
vn -0.339003 0.796917 -0.5 
vn -0.357605 0.840645 -0.406737 
vn -0.372288 0.875163 -0.309017 
vn -0.382893 0.900092 -0.207912 
vn -0.389303 0.91516 -0.104528 
vn -0.391447 0.920201 0 
vn -0.446403 0.894832 0 
vn 0 0 -1 
vn -0.0352233 0.098415 -0.994522 
vn -0.0700607 0.195752 -0.978148 
vn -0.10413 0.290944 -0.951057 
vn -0.137059 0.382948 -0.913545 
vn -0.168487 0.470757 -0.866025 
vn -0.198068 0.553408 -0.809017 
vn -0.225479 0.629996 -0.743145 
vn -0.25042 0.699681 -0.669131 
vn -0.272617 0.761701 -0.587785 
vn -0.291827 0.815375 -0.5 
vn -0.30784 0.860116 -0.406737 
vn -0.320481 0.895433 -0.309017 
vn -0.32961 0.92094 -0.207912 
vn -0.335127 0.936357 -0.104528 
vn -0.357019 0.934097 0 
vn -0.336973 0.941514 0 
vn 0 0 -1 
vn -0.0297144 0.100216 -0.994522 
vn -0.0591032 0.199334 -0.978148 
vn -0.0878445 0.296268 -0.951057 
vn -0.115623 0.389956 -0.913545 
vn -0.142135 0.479372 -0.866025 
vn -0.16709 0.563536 -0.809017 
vn -0.190214 0.641525 -0.743145 
vn -0.211254 0.712486 -0.669131 
vn -0.22998 0.77564 -0.587785 
vn -0.246186 0.830297 -0.5 
vn -0.259694 0.875856 -0.406737 
vn -0.270357 0.91182 -0.309017 
vn -0.278059 0.937793 -0.207912 
vn -0.282713 0.953492 -0.104528 
vn -0.284271 0.958744 0 
vn 0 0 -1 
vn -0.0244224 0.101635 -0.994522 
vn -0.0485771 0.202157 -0.978148 
vn -0.0721997 0.300464 -0.951057 
vn -0.0950312 0.395479 -0.913545 
vn -0.116822 0.486161 -0.866025 
vn -0.137332 0.571517 -0.809017 
vn -0.156338 0.650611 -0.743145 
vn -0.173631 0.722576 -0.669131 
vn -0.189021 0.786625 -0.587785 
vn -0.202341 0.842056 -0.5 
vn -0.213444 0.888261 -0.406737 
vn -0.222208 0.924734 -0.309017 
vn -0.228537 0.951075 -0.207912 
vn -0.232363 0.966996 -0.104528 
vn -0.257329 0.966324 0 
vn -0.233643 0.972322 0 
vn 0 0 -1 
vn -0.0193694 0.102718 -0.994522 
vn -0.0385265 0.204311 -0.978148 
vn -0.0572616 0.303665 -0.951057 
vn -0.0753692 0.399693 -0.913545 
vn -0.0926511 0.491341 -0.866025 
vn -0.108918 0.577606 -0.809017 
vn -0.123991 0.657542 -0.743145 
vn -0.137706 0.730275 -0.669131 
vn -0.149913 0.795006 -0.587785 
vn -0.160476 0.851027 -0.5 
vn -0.169282 0.897724 -0.406737 
vn -0.176233 0.934586 -0.309017 
vn -0.181253 0.961208 -0.207912 
vn -0.184287 0.977298 -0.104528 
vn -0.185302 0.982682 0 
vn 0 0 -1 
vn -0.0154758 0.103376 -0.994522 
vn -0.030782 0.20562 -0.978148 
vn -0.045751 0.305611 -0.951057 
vn -0.0602187 0.402254 -0.913545 
vn -0.0740267 0.49449 -0.866025 
vn -0.0870236 0.581307 -0.809017 
vn -0.099067 0.661756 -0.743145 
vn -0.110025 0.734955 -0.669131 
vn -0.119778 0.800101 -0.587785 
vn -0.128218 0.856481 -0.5 
vn -0.135253 0.903478 -0.406737 
vn -0.140807 0.940575 -0.309017 
vn -0.144818 0.967368 -0.207912 
vn -0.147242 0.983562 -0.104528 
vn -0.163169 0.986598 0 
vn -0.148053 0.988979 0 
vn 0 0 -1 
vn -0.0106126 0.103988 -0.994522 
vn -0.0211089 0.206837 -0.978148 
vn -0.031374 0.30742 -0.951057 
vn -0.0412953 0.404635 -0.913545 
vn -0.0507642 0.497416 -0.866025 
vn -0.0596769 0.584748 -0.809017 
vn -0.0679358 0.665673 -0.743145 
vn -0.0754503 0.739305 -0.669131 
vn -0.0821382 0.804837 -0.587785 
vn -0.0879262 0.86155 -0.5 
vn -0.0927508 0.908825 -0.406737 
vn -0.0965593 0.946142 -0.309017 
vn -0.0993098 0.973093 -0.207912 
vn -0.100972 0.989383 -0.104528 
vn -0.101528 0.994833 0 
vn 0 0 -1 
vn -0.00606918 0.104352 -0.994522 
vn -0.0120719 0.207561 -0.978148 
vn -0.0179423 0.308496 -0.951057 
vn -0.0236161 0.40605 -0.913545 
vn -0.0290312 0.499156 -0.866025 
vn -0.0341283 0.586794 -0.809017 
vn -0.0388514 0.668002 -0.743145 
vn -0.0431488 0.741891 -0.669131 
vn -0.0469735 0.807652 -0.587785 
vn -0.0502836 0.864564 -0.5 
vn -0.0530427 0.912004 -0.406737 
vn -0.0552207 0.949452 -0.309017 
vn -0.0567937 0.976497 -0.207912 
vn -0.0577444 0.992844 -0.104528 
vn -0.0763867 0.997078 0 
vn -0.0580625 0.998313 0 
vn 0 0 -1 
vn -0.00183331 0.104512 -0.994522 
vn -0.00364652 0.20788 -0.978148 
vn -0.00541979 0.308969 -0.951057 
vn -0.00713368 0.406674 -0.913545 
vn -0.00876941 0.499923 -0.866025 
vn -0.0103091 0.587695 -0.809017 
vn -0.0117358 0.669028 -0.743145 
vn -0.0130339 0.743031 -0.669131 
vn -0.0141892 0.808893 -0.587785 
vn -0.0151891 0.865892 -0.5 
vn -0.0160225 0.913405 -0.406737 
vn -0.0166804 0.95091 -0.309017 
vn -0.0171555 0.977997 -0.207912 
vn -0.0174427 0.994369 -0.104528 
vn -0.0175388 0.999846 0 
vn 0 0 -1 
vn 0 0.104528 -0.994522 
vn 0 0.207912 -0.978148 
vn 0 0.309017 -0.951057 
vn 0 0.406737 -0.913545 
vn 0 0.5 -0.866025 
vn 0 0.587785 -0.809017 
vn 0 0.669131 -0.743145 
vn 0 0.743145 -0.669131 
vn 0 0.809017 -0.587785 
vn 0 0.866025 -0.5 
vn 0 0.913545 -0.406737 
vn 0 0.951057 -0.309017 
vn 0 0.978148 -0.207912 
vn 0 0.994522 -0.104528 
vn 0 1 0 
vn 0 0 -1 
vn 0 -0.994522 -0.104528 
vn 0 -1 1.83697e-16 
vn 0 -0.99863 -0.052336 
vn 0 -0.978148 -0.207912 
vn 0 -0.994522 -0.104528 
vn 0 -0.987688 -0.156434 
vn 0 -0.951057 -0.309017 
vn 0 -0.978148 -0.207912 
vn 0 -0.965926 -0.258819 
vn 0 -0.913545 -0.406737 
vn 0 -0.951057 -0.309017 
vn 0 -0.93358 -0.358368 
vn 0 -0.866025 -0.5 
vn 0 -0.913545 -0.406737 
vn 0 -0.891007 -0.45399 
vn 0 -0.809017 -0.587785 
vn 0 -0.866025 -0.5 
vn 0 -0.838671 -0.544639 
vn 0 -0.743145 -0.669131 
vn 0 -0.809017 -0.587785 
vn 0 -0.669131 -0.743145 
vn 0 -0.743145 -0.669131 
vn 0 -0.587785 -0.809017 
vn 0 -0.669131 -0.743145 
vn 0 -0.5 -0.866025 
vn 0 -0.587785 -0.809017 
vn 0 -0.406737 -0.913545 
vn 0 -0.5 -0.866025 
vn 0 -0.309017 -0.951057 
vn 0 -0.406737 -0.913545 
vn 0 -0.207912 -0.978148 
vn 0 -0.309017 -0.951057 
vn 0 -0.104528 -0.994522 
vn 0 -0.207912 -0.978148 
vn 0 -2.44929e-16 -1 
vn 0 -0.104528 -0.994522 
vn 0 0.104528 -0.994522 
vn 0 0.207912 -0.978148 
vn 0 0.309017 -0.951057 
vn 0 0.406737 -0.913545 
vn 0 0.5 -0.866025 
vn 0 0.587785 -0.809017 
vn 0 0.669131 -0.743145 
vn 0 0.743145 -0.669131 
vn 0 0.809017 -0.587785 
vn 0 0.838671 -0.544639 
vn 0 0.866025 -0.5 
vn 0 0.891007 -0.45399 
vn 0 0.913545 -0.406737 
vn 0 0.93358 -0.358368 
vn 0 0.951057 -0.309017 
vn 0 0.965926 -0.258819 
vn 0 0.978148 -0.207912 
vn 0 0.987688 -0.156434 
vn 0 0.994522 -0.104528 
vn 0 0.99863 -0.052336 
vn 0 1 6.12323e-17 
vn 0.99863 0 -0.052336 
vn 0.994522 0 -0.104528 
vn 1 0 0 
vn 0.987688 0 -0.156434 
vn 0.978148 0 -0.207912 
vn 0.994522 0 -0.104528 
vn 0.965926 0 -0.258819 
vn 0.951057 0 -0.309017 
vn 0.93358 0 -0.358368 
vn 0.913545 0 -0.406737 
vn 0.891007 0 -0.45399 
vn 0.866025 0 -0.5 
vn 0.913545 0 -0.406737 
vn 0.838671 0 -0.544639 
vn 0.809017 0 -0.587785 
vn 0.866025 0 -0.5 
vn 0.743145 0 -0.669131 
vn 0.809017 0 -0.587785 
vn 0.669131 0 -0.743145 
vn 0.587785 0 -0.809017 
vn 0.5 0 -0.866025 
vn 0.406737 0 -0.913545 
vn 0.309017 0 -0.951057 
vn 0.207912 0 -0.978148 
vn 0.104528 0 -0.994522 
vn 1.22465e-16 0 -1 
vn 0.587785 0 -0.809017 
vn 0.743145 0 -0.669131 
vn 0 0 1 
vn 0.104528 0 0.994522 
vn 0.207912 0 0.978148 
vn 0.104464 -0.00367348 0.994522 
vn 0.309017 0 0.951057 
vn 0.207783 -0.00730671 0.978148 
vn 0.406737 0 0.913545 
vn 0.308826 -0.0108599 0.951057 
vn 0.5 0 0.866025 
vn 0.406485 -0.0142941 0.913545 
vn 0.587785 0 0.809017 
vn 0.499691 -0.0175717 0.866025 
vn 0.669131 0 0.743145 
vn 0.587422 -0.0206567 0.809017 
vn 0.743145 0 0.669131 
vn 0.668717 -0.0235155 0.743145 
vn 0.809017 0 0.587785 
vn 0.742686 -0.0261166 0.669131 
vn 0.866025 0 0.5 
vn 0.808517 -0.0284315 0.587785 
vn 0.913545 0 0.406737 
vn 0.86549 -0.030435 0.5 
vn 0.951057 0 0.309017 
vn 0.912981 -0.032105 0.406737 
vn 0.978148 0 0.207912 
vn 0.950469 -0.0334233 0.309017 
vn 0.994522 0 0.104528 
vn 0.977543 -0.0343754 0.207912 
vn 1 0 0 
vn 0.993908 -0.0349508 0.104528 
vn 0 0 1 
vn 0.10425 -0.00762176 0.994522 
vn 0.207358 -0.01516 0.978148 
vn 0.308194 -0.0225322 0.951057 
vn 0.405654 -0.0296575 0.913545 
vn 0.498669 -0.0364578 0.866025 
vn 0.586221 -0.0428587 0.809017 
vn 0.667349 -0.0487901 0.743145 
vn 0.741167 -0.0541869 0.669131 
vn 0.806863 -0.05899 0.587785 
vn 0.86372 -0.0631468 0.5 
vn 0.911114 -0.0666118 0.406737 
vn 0.948525 -0.0693469 0.309017 
vn 0.975544 -0.0713223 0.207912 
vn 0.991875 -0.0725162 0.104528 
vn 0.997351 -0.072735 0 
vn 0.997338 -0.0729157 0 
vn 0 0 1 
vn 0.103854 -0.0118596 0.994522 
vn 0.206569 -0.0235892 0.978148 
vn 0.307022 -0.0350604 0.951057 
vn 0.40411 -0.0461474 0.913545 
vn 0.496771 -0.0567289 0.866025 
vn 0.58399 -0.0666888 0.809017 
vn 0.66481 -0.075918 0.743145 
vn 0.738346 -0.0843155 0.669131 
vn 0.803793 -0.0917892 0.587785 
vn 0.860433 -0.0982573 0.5 
vn 0.907647 -0.103649 0.406737 
vn 0.944915 -0.107905 0.309017 
vn 0.971832 -0.110978 0.207912 
vn 0.9881 -0.112836 0.104528 
vn 0 0 1 
vn 0.103219 -0.0164966 0.994522 
vn 0.205306 -0.0328125 0.978148 
vn 0.305144 -0.048769 0.951057 
vn 0.401639 -0.064191 0.913545 
vn 0.493734 -0.0789098 0.866025 
vn 0.580419 -0.0927641 0.809017 
vn 0.660745 -0.105602 0.743145 
vn 0.733832 -0.117283 0.669131 
vn 0.798878 -0.127679 0.587785 
vn 0.855172 -0.136676 0.5 
vn 0.902097 -0.144175 0.406737 
vn 0.939138 -0.150095 0.309017 
vn 0.965889 -0.154371 0.207912 
vn 0.982059 -0.156955 0.104528 
vn 0.988169 -0.153368 0 
vn 0.987468 -0.15782 0 
vn 0 0 1 
vn 0.102471 -0.020635 0.994522 
vn 0.20382 -0.0410439 0.978148 
vn 0.302936 -0.0610031 0.951057 
vn 0.398732 -0.0802939 0.913545 
vn 0.49016 -0.0987051 0.866025 
vn 0.576218 -0.116035 0.809017 
vn 0.655963 -0.132093 0.743145 
vn 0.72852 -0.146704 0.669131 
vn 0.793096 -0.159708 0.587785 
vn 0.848983 -0.170962 0.5 
vn 0.895568 -0.180343 0.406737 
vn 0.932341 -0.187748 0.309017 
vn 0.958899 -0.193096 0.207912 
vn 0.974951 -0.196329 0.104528 
vn 0 0 1 
vn 0.101501 -0.0249753 0.994522 
vn 0.20189 -0.049677 0.978148 
vn 0.300067 -0.0738343 0.951057 
vn 0.394956 -0.0971828 0.913545 
vn 0.485518 -0.119466 0.866025 
vn 0.570761 -0.140441 0.809017 
vn 0.64975 -0.159877 0.743145 
vn 0.72162 -0.177562 0.669131 
vn 0.785585 -0.193301 0.587785 
vn 0.840942 -0.206922 0.5 
vn 0.887086 -0.218276 0.406737 
vn 0.92351 -0.227239 0.309017 
vn 0.949817 -0.233712 0.207912 
vn 0.980321 -0.19741 0 
vn 0.965717 -0.237624 0.104528 
vn 0 0 1 
vn 0.100277 -0.0295086 0.994522 
vn 0.199455 -0.058694 0.978148 
vn 0.296448 -0.0872362 0.951057 
vn 0.390193 -0.114823 0.913545 
vn 0.479663 -0.141151 0.866025 
vn 0.563877 -0.165933 0.809017 
vn 0.641914 -0.188897 0.743145 
vn 0.712918 -0.209792 0.669131 
vn 0.776111 -0.228387 0.587785 
vn 0.8308 -0.244481 0.5 
vn 0.876387 -0.257896 0.406737 
vn 0.912373 -0.268486 0.309017 
vn 0.938362 -0.276133 0.207912 
vn 0.95407 -0.280756 0.104528 
vn 0.959325 -0.282302 0 
vn 0.970945 -0.239304 0 
vn 0 0 1 
vn 0.0987686 -0.0342193 0.994522 
vn 0.196455 -0.0680637 0.978148 
vn 0.291989 -0.101162 0.951057 
vn 0.384324 -0.133153 0.913545 
vn 0.472448 -0.163684 0.866025 
vn 0.555396 -0.192422 0.809017 
vn 0.632259 -0.219052 0.743145 
vn 0.702195 -0.243282 0.669131 
vn 0.764438 -0.264847 0.587785 
vn 0.818305 -0.283509 0.5 
vn 0.863206 -0.299066 0.406737 
vn 0.89865 -0.311346 0.309017 
vn 0.924249 -0.320215 0.207912 
vn 0.939721 -0.325575 0.104528 
vn 0 0 1 
vn 0.0969465 -0.0390843 0.994522 
vn 0.192831 -0.0777404 0.978148 
vn 0.286602 -0.115545 0.951057 
vn 0.377234 -0.152083 0.913545 
vn 0.463732 -0.186955 0.866025 
vn 0.54515 -0.219779 0.809017 
vn 0.620595 -0.250195 0.743145 
vn 0.689241 -0.27787 0.669131 
vn 0.750335 -0.3025 0.587785 
vn 0.803208 -0.323816 0.5 
vn 0.847281 -0.341584 0.406737 
vn 0.882071 -0.35561 0.309017 
vn 0.907197 -0.36574 0.207912 
vn 0.922384 -0.371862 0.104528 
vn 0.927465 -0.37391 0 
vn 0.944308 -0.329064 0 
vn 0 0 1 
vn 0.094783 -0.0440724 0.994522 
vn 0.188528 -0.0876619 0.978148 
vn 0.280207 -0.130291 0.951057 
vn 0.368816 -0.171493 0.913545 
vn 0.453384 -0.210815 0.866025 
vn 0.532985 -0.247828 0.809017 
vn 0.606746 -0.282126 0.743145 
vn 0.67386 -0.313333 0.669131 
vn 0.733591 -0.341106 0.587785 
vn 0.785284 -0.365143 0.5 
vn 0.828374 -0.385179 0.406737 
vn 0.862387 -0.400994 0.309017 
vn 0.886953 -0.412417 0.207912 
vn 0.9018 -0.419321 0.104528 
vn 0.907245 -0.420602 0 
vn 0.906768 -0.42163 0 
vn 0 0 1 
vn 0.0922554 -0.049144 0.994522 
vn 0.1835 -0.0977496 0.978148 
vn 0.272734 -0.145284 0.951057 
vn 0.35898 -0.191227 0.913545 
vn 0.441293 -0.235075 0.866025 
vn 0.518771 -0.276347 0.809017 
vn 0.590566 -0.314592 0.743145 
vn 0.65589 -0.349389 0.669131 
vn 0.714028 -0.380359 0.587785 
vn 0.764342 -0.407162 0.5 
vn 0.806283 -0.429503 0.406737 
vn 0.83939 -0.447139 0.309017 
vn 0.8633 -0.459876 0.207912 
vn 0.877752 -0.467574 0.104528 
vn 0 0 1 
vn 0.0905313 -0.0522521 0.994522 
vn 0.180071 -0.103932 0.978148 
vn 0.267637 -0.154473 0.951057 
vn 0.352271 -0.203321 0.913545 
vn 0.433046 -0.249942 0.866025 
vn 0.509076 -0.293825 0.809017 
vn 0.579529 -0.334488 0.743145 
vn 0.643632 -0.371486 0.669131 
vn 0.700683 -0.404415 0.587785 
vn 0.750058 -0.432912 0.5 
vn 0.791215 -0.456667 0.406737 
vn 0.823703 -0.475418 0.309017 
vn 0.847166 -0.488961 0.207912 
vn 0.882587 -0.47015 0 
vn 0.861348 -0.497146 0.104528 
vn 0 0 1 
vn 0.0874721 -0.0572262 0.994522 
vn 0.173986 -0.113825 0.978148 
vn 0.258593 -0.169178 0.951057 
vn 0.340368 -0.222676 0.913545 
vn 0.418413 -0.273735 0.866025 
vn 0.491874 -0.321795 0.809017 
vn 0.559945 -0.366329 0.743145 
vn 0.621882 -0.406849 0.669131 
vn 0.677006 -0.442913 0.587785 
vn 0.724712 -0.474123 0.5 
vn 0.764478 -0.500139 0.406737 
vn 0.795868 -0.520675 0.309017 
vn 0.818539 -0.535506 0.207912 
vn 0.832241 -0.544471 0.104528 
vn 0.836825 -0.54747 0 
vn 0.859349 -0.511389 0 
vn 0 0 1 
vn 0.0840794 -0.0621035 0.994522 
vn 0.167238 -0.123527 0.978148 
vn 0.248564 -0.183596 0.951057 
vn 0.327166 -0.241655 0.913545 
vn 0.402184 -0.297065 0.866025 
vn 0.472796 -0.349221 0.809017 
vn 0.538228 -0.397551 0.743145 
vn 0.597763 -0.441525 0.669131 
vn 0.650748 -0.480661 0.587785 
vn 0.696604 -0.514532 0.5 
vn 0.734828 -0.542765 0.406737 
vn 0.765 -0.565051 0.309017 
vn 0.786792 -0.581147 0.207912 
vn 0.799962 -0.590875 0.104528 
vn 0 0 1 
vn 0.0803757 -0.0668278 0.994522 
vn 0.159871 -0.132923 0.978148 
vn 0.237614 -0.197563 0.951057 
vn 0.312754 -0.260037 0.913545 
vn 0.384468 -0.319663 0.866025 
vn 0.451969 -0.375786 0.809017 
vn 0.514518 -0.427793 0.743145 
vn 0.571431 -0.475112 0.669131 
vn 0.622082 -0.517226 0.587785 
vn 0.665918 -0.553673 0.5 
vn 0.702458 -0.584054 0.406737 
vn 0.731301 -0.608035 0.309017 
vn 0.752133 -0.625355 0.207912 
vn 0.764723 -0.635824 0.104528 
vn 0.768936 -0.639326 0 
vn 0.800985 -0.598685 0 
vn 0.0763971 -0.071342 0.994522 
vn 0.151957 -0.141902 0.978148 
vn 0.225852 -0.210908 0.951057 
vn 0.297273 -0.277603 0.913545 
vn 0.365437 -0.341256 0.866025 
vn 0.429597 -0.401171 0.809017 
vn 0.48905 -0.45669 0.743145 
vn 0.543145 -0.507206 0.669131 
vn 0.591289 -0.552164 0.587785 
vn 0.632955 -0.591073 0.5 
vn 0.667686 -0.623506 0.406737 
vn 0.695102 -0.649108 0.309017 
vn 0.714902 -0.667598 0.207912 
vn 0.72687 -0.678774 0.104528 
vn 0.733677 -0.679499 0 
vn 0.730874 -0.682513 0 
vn 0.072962 -0.0748515 0.994522 
vn 0 0 1 
vn 0.145125 -0.148883 0.978148 
vn 0.215697 -0.221283 0.951057 
vn 0.283906 -0.291259 0.913545 
vn 0.349005 -0.358044 0.866025 
vn 0.41028 -0.420906 0.809017 
vn 0.46706 -0.479156 0.743145 
vn 0.518723 -0.532157 0.669131 
vn 0.564702 -0.579327 0.587785 
vn 0.604495 -0.62015 0.5 
vn 0.637664 -0.654179 0.406737 
vn 0.663847 -0.68104 0.309017 
vn 0.682757 -0.700439 0.207912 
vn 0.694187 -0.712165 0.104528 
vn 0.69801 -0.716088 0 
vn 0 0 1 
vn 0.804369 -0.59413 0 
vn 0.866092 -0.499884 0 
vn 0.944897 -0.327368 0 
vn 0.971036 -0.238933 0 
vn 0.993543 -0.113458 0 
vn 0.999382 -0.0351433 0 
vn 0.0739128 0.0739128 0.994522 
vn 0 0 1 
vn 0.147016 0.147016 0.978148 
vn 0.0780182 0.0695655 0.994522 
vn 0.218508 0.218508 0.951057 
vn 0.155182 0.138369 0.978148 
vn 0.287606 0.287606 0.913545 
vn 0.230645 0.205656 0.951057 
vn 0.353553 0.353553 0.866025 
vn 0.303581 0.27069 0.913545 
vn 0.415627 0.415627 0.809017 
vn 0.373191 0.332759 0.866025 
vn 0.473147 0.473147 0.743145 
vn 0.438713 0.391181 0.809017 
vn 0.525483 0.525483 0.669131 
vn 0.499427 0.445318 0.743145 
vn 0.572061 0.572061 0.587785 
vn 0.55467 0.494576 0.669131 
vn 0.612372 0.612372 0.5 
vn 0.603836 0.538415 0.587785 
vn 0.645974 0.645974 0.406737 
vn 0.646386 0.576355 0.5 
vn 0.672499 0.672499 0.309017 
vn 0.681854 0.60798 0.406737 
vn 0.691655 0.691655 0.207912 
vn 0.709852 0.632945 0.309017 
vn 0.703233 0.703233 0.104528 
vn 0.730072 0.650974 0.207912 
vn 0.707107 0.707107 0 
vn 0.742294 0.661872 0.104528 
vn 0 0 1 
vn 0.0818803 0.0649756 0.994522 
vn 0.162863 0.129239 0.978148 
vn 0.242062 0.192087 0.951057 
vn 0.318609 0.25283 0.913545 
vn 0.391665 0.310803 0.866025 
vn 0.46043 0.365371 0.809017 
vn 0.52415 0.415936 0.743145 
vn 0.582127 0.461944 0.669131 
vn 0.633727 0.50289 0.587785 
vn 0.678383 0.538327 0.5 
vn 0.715607 0.567866 0.406737 
vn 0.744991 0.591183 0.309017 
vn 0.766212 0.608023 0.207912 
vn 0.779039 0.618201 0.104528 
vn 0.776529 0.630081 0 
vn 0.78333 0.621606 0 
vn 0.0854655 0.0601818 0.994522 
vn 0.169995 0.119704 0.978148 
vn 0.252661 0.177915 0.951057 
vn 0.33256 0.234177 0.913545 
vn 0.408814 0.287873 0.866025 
vn 0.48059 0.338415 0.809017 
vn 0.5471 0.385249 0.743145 
vn 0.607617 0.427863 0.669131 
vn 0.661476 0.465788 0.587785 
vn 0.708087 0.498611 0.5 
vn 0.746941 0.52597 0.406737 
vn 0.777611 0.547567 0.309017 
vn 0.799762 0.563164 0.207912 
vn 0.817629 0.575746 0 
vn 0.0887481 0.0552266 0.994522 
vn 0 0 1 
vn 0.176524 0.109848 0.978148 
vn 0.262366 0.163266 0.951057 
vn 0.345333 0.214895 0.913545 
vn 0.424516 0.26417 0.866025 
vn 0.499049 0.310551 0.809017 
vn 0.568114 0.353529 0.743145 
vn 0.630954 0.392633 0.669131 
vn 0.686882 0.427436 0.587785 
vn 0.735284 0.457556 0.5 
vn 0.77563 0.482663 0.406737 
vn 0.807478 0.502482 0.309017 
vn 0.81315 0.572592 0.104528 
vn 0.830479 0.516795 0.207912 
vn 0.844382 0.525446 0.104528 
vn 0.837646 0.546213 0 
vn 0.849033 0.52834 0 
vn 0.0917098 0.0501548 0.994522 
vn 0 0 1 
vn 0.182415 0.0997602 0.978148 
vn 0.271121 0.148273 0.951057 
vn 0.356857 0.19516 0.913545 
vn 0.438683 0.23991 0.866025 
vn 0.515703 0.282031 0.809017 
vn 0.587073 0.321062 0.743145 
vn 0.652011 0.356576 0.669131 
vn 0.709805 0.388182 0.587785 
vn 0.759822 0.415536 0.5 
vn 0.801515 0.438337 0.406737 
vn 0.834426 0.456336 0.309017 
vn 0.858194 0.469335 0.207912 
vn 0.877367 0.47982 0 
vn 0.0923112 0.0490393 0.994522 
vn 0 0 1 
vn 0.183611 0.0975413 0.978148 
vn 0.272899 0.144975 0.951057 
vn 0.359197 0.190819 0.913545 
vn 0.44156 0.234574 0.866025 
vn 0.519085 0.275758 0.809017 
vn 0.590922 0.313921 0.743145 
vn 0.656286 0.348645 0.669131 
vn 0.714459 0.379548 0.587785 
vn 0.764804 0.406294 0.5 
vn 0.80677 0.428588 0.406737 
vn 0.839897 0.446186 0.309017 
vn 0.872561 0.477191 0.104528 
vn 0.863822 0.458896 0.207912 
vn 0.88312 0.469148 0 
vn 0.0950019 0.0435985 0.994522 
vn 0 0 1 
vn 0.188963 0.0867194 0.978148 
vn 0.280854 0.12889 0.951057 
vn 0.369667 0.169649 0.913545 
vn 0.454431 0.208549 0.866025 
vn 0.534216 0.245164 0.809017 
vn 0.608147 0.279093 0.743145 
vn 0.675416 0.309964 0.669131 
vn 0.735285 0.337439 0.587785 
vn 0.787097 0.361217 0.5 
vn 0.830287 0.381037 0.406737 
vn 0.864379 0.396683 0.309017 
vn 0.878282 0.466578 0.104528 
vn 0.889001 0.407983 0.207912 
vn 0.903883 0.414812 0.104528 
vn 0.908862 0.417097 0 
vn 0.888738 0.458416 0 
vn 0.0973001 0.0381954 0.994522 
vn 0 0 1 
vn 0.193534 0.0759724 0.978148 
vn 0.287648 0.112917 0.951057 
vn 0.37861 0.148624 0.913545 
vn 0.465424 0.182704 0.866025 
vn 0.547139 0.214781 0.809017 
vn 0.622859 0.244505 0.743145 
vn 0.691755 0.27155 0.669131 
vn 0.753072 0.295621 0.587785 
vn 0.806138 0.316452 0.5 
vn 0.850372 0.333816 0.406737 
vn 0.885289 0.347523 0.309017 
vn 0.910507 0.357422 0.207912 
vn 0.925749 0.363405 0.104528 
vn 0.929645 0.368455 0 
vn 0.930848 0.365407 0 
vn 0.0992246 0.0328736 0.994522 
vn 0 0 1 
vn 0.197362 0.0653869 0.978148 
vn 0.293337 0.0971839 0.951057 
vn 0.386099 0.127916 0.913545 
vn 0.47463 0.157247 0.866025 
vn 0.557961 0.184855 0.809017 
vn 0.635179 0.210437 0.743145 
vn 0.705437 0.233714 0.669131 
vn 0.767967 0.254431 0.587785 
vn 0.822083 0.27236 0.5 
vn 0.867192 0.287304 0.406737 
vn 0.902799 0.299101 0.309017 
vn 0.928516 0.307621 0.207912 
vn 0.94926 0.314494 0 
vn 0.100799 0.027671 0.994522 
vn 0 0 1 
vn 0.200494 0.0550388 0.978148 
vn 0.297993 0.0818036 0.951057 
vn 0.392226 0.107672 0.913545 
vn 0.482162 0.132361 0.866025 
vn 0.566816 0.1556 0.809017 
vn 0.645259 0.177134 0.743145 
vn 0.716633 0.196727 0.669131 
vn 0.780155 0.214165 0.587785 
vn 0.83513 0.229256 0.5 
vn 0.880954 0.241836 0.406737 
vn 0.917127 0.251766 0.309017 
vn 0.944059 0.312771 0.104528 
vn 0.943252 0.258937 0.207912 
vn 0.959042 0.263272 0.104528 
vn 0.960177 0.279394 0 
vn 0.964325 0.264722 0 
vn 0.102052 0.0226187 0.994522 
vn 0 0 1 
vn 0.202986 0.0449897 0.978148 
vn 0.301696 0.0668677 0.951057 
vn 0.3971 0.0880131 0.913545 
vn 0.488154 0.108194 0.866025 
vn 0.573859 0.12719 0.809017 
vn 0.653277 0.144792 0.743145 
vn 0.725538 0.160808 0.669131 
vn 0.789849 0.175062 0.587785 
vn 0.845507 0.187398 0.5 
vn 0.891901 0.197681 0.406737 
vn 0.928523 0.205798 0.309017 
vn 0.954973 0.21166 0.207912 
vn 0.976307 0.216388 0 
vn 0.103093 0.0172636 0.994522 
vn 0 0 1 
vn 0.205056 0.0343381 0.978148 
vn 0.304773 0.0510364 0.951057 
vn 0.401151 0.0671755 0.913545 
vn 0.493134 0.0825786 0.866025 
vn 0.579713 0.0970769 0.809017 
vn 0.659942 0.110512 0.743145 
vn 0.732939 0.122736 0.669131 
vn 0.797907 0.133615 0.587785 
vn 0.854133 0.14303 0.5 
vn 0.901 0.150879 0.406737 
vn 0.937996 0.157074 0.309017 
vn 0.970959 0.215203 0.104528 
vn 0.964715 0.161548 0.207912 
vn 0.980864 0.164252 0.104528 
vn 0.986267 0.165157 0 
vn 0.98115 0.193248 0 
vn 0.103796 0.0123515 0.994522 
vn 0 0 1 
vn 0.206455 0.0245676 0.978148 
vn 0.306852 0.0365146 0.951057 
vn 0.403887 0.0480615 0.913545 
vn 0.496497 0.0590818 0.866025 
vn 0.583667 0.0694549 0.809017 
vn 0.664443 0.0790669 0.743145 
vn 0.737938 0.0878127 0.669131 
vn 0.803349 0.0955964 0.587785 
vn 0.859958 0.102333 0.5 
vn 0.907145 0.107948 0.406737 
vn 0.944394 0.11238 0.309017 
vn 0.971295 0.115582 0.207912 
vn 0.992994 0.118164 0 
vn 0.104245 0.00769516 0.994522 
vn 0 0 1 
vn 0.207348 0.015306 0.978148 
vn 0.308178 0.0227492 0.951057 
vn 0.405633 0.0299431 0.913545 
vn 0.498643 0.0368089 0.866025 
vn 0.58619 0.0432715 0.809017 
vn 0.667315 0.04926 0.743145 
vn 0.741128 0.0547087 0.669131 
vn 0.806822 0.0595581 0.587785 
vn 0.863675 0.0637549 0.5 
vn 0.911067 0.0672533 0.406737 
vn 0.948476 0.0700148 0.309017 
vn 0.987554 0.117516 0.104528 
vn 0.975493 0.0720091 0.207912 
vn 0.991823 0.0732146 0.104528 
vn 0.997287 0.0736179 0 
vn 0.993762 0.111518 0 
vn 0.104477 0.00329537 0.994522 
vn 0 0 1 
vn 0.207808 0.00655463 0.978148 
vn 0.308863 0.00974207 0.951057 
vn 0.406534 0.0128228 0.913545 
vn 0.499751 0.015763 0.866025 
vn 0.587493 0.0185305 0.809017 
vn 0.668798 0.021095 0.743145 
vn 0.742775 0.0234284 0.669131 
vn 0.808615 0.0255051 0.587785 
vn 0.865595 0.0273023 0.5 
vn 0.913091 0.0288004 0.406737 
vn 0.950584 0.029983 0.309017 
vn 0.977661 0.0308371 0.207912 
vn 0.994028 0.0313533 0.104528 
vn 0.999381 0.0351841 0 
vn 0.999503 0.031526 0 
vn 0.104528 0 0.994522 
vn 0 0 1 
vn 0.207912 0 0.978148 
vn 0.309017 0 0.951057 
vn 0.406737 0 0.913545 
vn 0.5 0 0.866025 
vn 0.587785 0 0.809017 
vn 0.669131 0 0.743145 
vn 0.743145 0 0.669131 
vn 0.809017 0 0.587785 
vn 0.866025 0 0.5 
vn 0.913545 0 0.406737 
vn 0.951057 0 0.309017 
vn 0.978148 0 0.207912 
vn 0.994522 0 0.104528 
vn 1 0 0 
vn 0 0 1 
vn 0.746382 0.665517 0 
vn 0.072962 -0.0748515 0.994522 
vn 0 0 1 
vn 0.145125 -0.148883 0.978148 
vn 0.068483 -0.0789701 0.994522 
vn 0.215697 -0.221283 0.951057 
vn 0.136216 -0.157075 0.978148 
vn 0.283906 -0.291259 0.913545 
vn 0.202456 -0.233459 0.951057 
vn 0.349005 -0.358044 0.866025 
vn 0.266478 -0.307285 0.913545 
vn 0.41028 -0.420906 0.809017 
vn 0.327581 -0.377745 0.866025 
vn 0.46706 -0.479156 0.743145 
vn 0.385094 -0.444065 0.809017 
vn 0.518723 -0.532157 0.669131 
vn 0.438388 -0.505521 0.743145 
vn 0.564702 -0.579327 0.587785 
vn 0.48688 -0.561438 0.669131 
vn 0.604495 -0.62015 0.5 
vn 0.530037 -0.611203 0.587785 
vn 0.637664 -0.654179 0.406737 
vn 0.567386 -0.654273 0.5 
vn 0.663847 -0.68104 0.309017 
vn 0.59852 -0.690174 0.406737 
vn 0.682757 -0.700439 0.207912 
vn 0.623095 -0.718513 0.309017 
vn 0.694187 -0.712165 0.104528 
vn 0.640844 -0.73898 0.207912 
vn 0.69801 -0.716088 0 
vn 0.651572 -0.75135 0.104528 
vn 0.0638015 -0.0827984 0.994522 
vn 0.126904 -0.16469 0.978148 
vn 0.188616 -0.244776 0.951057 
vn 0.248262 -0.322181 0.913545 
vn 0.305187 -0.396057 0.866025 
vn 0.358769 -0.465592 0.809017 
vn 0.40842 -0.530027 0.743145 
vn 0.453597 -0.588655 0.669131 
vn 0.493803 -0.640833 0.587785 
vn 0.5286 -0.68599 0.5 
vn 0.557605 -0.723631 0.406737 
vn 0.580501 -0.753344 0.309017 
vn 0.597036 -0.774803 0.207912 
vn 0.607031 -0.787774 0.104528 
vn 0.620346 -0.784328 0 
vn 0.610374 -0.792113 0 
vn 0.0589625 -0.0863112 0.994522 
vn 0 0 1 
vn 0.117279 -0.171677 0.978148 
vn 0.174311 -0.255161 0.951057 
vn 0.229432 -0.33585 0.913545 
vn 0.28204 -0.41286 0.866025 
vn 0.331558 -0.485346 0.809017 
vn 0.377444 -0.552514 0.743145 
vn 0.419194 -0.613629 0.669131 
vn 0.456351 -0.668021 0.587785 
vn 0.488508 -0.715094 0.5 
vn 0.515313 -0.754332 0.406737 
vn 0.536473 -0.785306 0.309017 
vn 0.551754 -0.807676 0.207912 
vn 0.564081 -0.82572 0 
vn 0.0540125 -0.0894922 0.994522 
vn 0 0 1 
vn 0.107433 -0.178004 0.978148 
vn 0.159677 -0.264565 0.951057 
vn 0.210171 -0.348228 0.913545 
vn 0.258363 -0.428076 0.866025 
vn 0.303723 -0.503233 0.809017 
vn 0.345757 -0.572877 0.743145 
vn 0.384002 -0.636244 0.669131 
vn 0.418039 -0.692641 0.587785 
vn 0.447497 -0.741449 0.5 
vn 0.472052 -0.782133 0.406737 
vn 0.491435 -0.814248 0.309017 
vn 0.560991 -0.821196 0.104528 
vn 0.505434 -0.837442 0.207912 
vn 0.513895 -0.851461 0.104528 
vn 0.537046 -0.843553 0 
vn 0.516725 -0.856151 0 
vn 0.0489981 -0.092333 0.994522 
vn 0 0 1 
vn 0.0974594 -0.183654 0.978148 
vn 0.144853 -0.272964 0.951057 
vn 0.190659 -0.359282 0.913545 
vn 0.234377 -0.441664 0.866025 
vn 0.275527 -0.519208 0.809017 
vn 0.313658 -0.591062 0.743145 
vn 0.348352 -0.656441 0.669131 
vn 0.37923 -0.714628 0.587785 
vn 0.405953 -0.764985 0.5 
vn 0.428228 -0.806961 0.406737 
vn 0.445811 -0.840096 0.309017 
vn 0.45851 -0.864026 0.207912 
vn 0.468754 -0.883329 0 
vn 0.0457483 -0.0939856 0.994522 
vn 0 0 1 
vn 0.0909953 -0.186942 0.978148 
vn 0.135245 -0.277849 0.951057 
vn 0.178014 -0.365713 0.913545 
vn 0.218832 -0.44957 0.866025 
vn 0.257252 -0.528501 0.809017 
vn 0.292854 -0.601641 0.743145 
vn 0.325247 -0.668191 0.669131 
vn 0.354077 -0.727419 0.587785 
vn 0.379027 -0.778677 0.5 
vn 0.399825 -0.821404 0.406737 
vn 0.416242 -0.855132 0.309017 
vn 0.466186 -0.87849 0.104528 
vn 0.428099 -0.879491 0.207912 
vn 0.435266 -0.894213 0.104528 
vn 0.450087 -0.892985 0 
vn 0.437663 -0.899139 0 
vn 0.0403449 -0.0964287 0.994522 
vn 0 0 1 
vn 0.0802477 -0.191801 0.978148 
vn 0.119271 -0.285072 0.951057 
vn 0.156988 -0.375219 0.913545 
vn 0.192985 -0.461256 0.866025 
vn 0.226867 -0.542239 0.809017 
vn 0.258264 -0.617281 0.743145 
vn 0.286832 -0.68556 0.669131 
vn 0.312256 -0.746327 0.587785 
vn 0.33426 -0.798918 0.5 
vn 0.352601 -0.842756 0.406737 
vn 0.367079 -0.87736 0.309017 
vn 0.377536 -0.902352 0.207912 
vn 0.38597 -0.922511 0 
vn 0.0350527 -0.0984759 0.994522 
vn 0 0 1 
vn 0.0697214 -0.195873 0.978148 
vn 0.103626 -0.291124 0.951057 
vn 0.136396 -0.383185 0.913545 
vn 0.167671 -0.471048 0.866025 
vn 0.197109 -0.55375 0.809017 
vn 0.224387 -0.630386 0.743145 
vn 0.249207 -0.700114 0.669131 
vn 0.271297 -0.762172 0.587785 
vn 0.290414 -0.81588 0.5 
vn 0.30635 -0.860648 0.406737 
vn 0.318929 -0.895987 0.309017 
vn 0.383856 -0.917458 0.104528 
vn 0.328014 -0.92151 0.207912 
vn 0.333505 -0.936936 0.104528 
vn 0.335342 -0.942097 0 
vn 0.36271 -0.931902 0 
vn 0.0299067 -0.100159 0.994522 
vn 0 0 1 
vn 0.0594858 -0.19922 0.978148 
vn 0.0884131 -0.296099 0.951057 
vn 0.116372 -0.389734 0.913545 
vn 0.143055 -0.479098 0.866025 
vn 0.168172 -0.563214 0.809017 
vn 0.191445 -0.641159 0.743145 
vn 0.212622 -0.712079 0.669131 
vn 0.231468 -0.775197 0.587785 
vn 0.247779 -0.829823 0.5 
vn 0.261375 -0.875356 0.406737 
vn 0.272108 -0.911299 0.309017 
vn 0.279859 -0.937258 0.207912 
vn 0.286111 -0.958197 0 
vn 0.0249344 -0.101511 0.994522 
vn 0 0 1 
vn 0.0495956 -0.20191 0.978148 
vn 0.0737135 -0.300096 0.951057 
vn 0.0970237 -0.394995 0.913545 
vn 0.119271 -0.485566 0.866025 
vn 0.140211 -0.570817 0.809017 
vn 0.159616 -0.649814 0.743145 
vn 0.177271 -0.721692 0.669131 
vn 0.192984 -0.785662 0.587785 
vn 0.206583 -0.841025 0.5 
vn 0.217919 -0.887173 0.406737 
vn 0.226867 -0.923602 0.309017 
vn 0.284543 -0.952947 0.104528 
vn 0.233329 -0.949911 0.207912 
vn 0.237235 -0.965812 0.104528 
vn 0.238542 -0.971132 0 
vn 0.277107 -0.960839 0 
vn 0.0201559 -0.102567 0.994522 
vn 0 0 1 
vn 0.040091 -0.20401 0.978148 
vn 0.0595869 -0.303218 0.951057 
vn 0.0784299 -0.399103 0.913545 
vn 0.0964136 -0.490616 0.866025 
vn 0.113341 -0.576754 0.809017 
vn 0.129027 -0.656573 0.743145 
vn 0.143299 -0.729198 0.669131 
vn 0.156 -0.793834 0.587785 
vn 0.166993 -0.849772 0.5 
vn 0.176156 -0.896401 0.406737 
vn 0.18339 -0.933208 0.309017 
vn 0.188613 -0.95979 0.207912 
vn 0.191771 -0.975857 0.104528 
vn 0.194999 -0.980803 0 
vn 0.192827 -0.981233 0 
vn 0.0155847 -0.10336 0.994522 
vn 0 0 1 
vn 0.0309987 -0.205588 0.978148 
vn 0.046073 -0.305563 0.951057 
vn 0.0606426 -0.40219 0.913545 
vn 0.0745477 -0.494411 0.866025 
vn 0.0876361 -0.581215 0.809017 
vn 0.0997643 -0.661652 0.743145 
vn 0.1108 -0.734839 0.669131 
vn 0.120621 -0.799974 0.587785 
vn 0.12912 -0.856346 0.5 
vn 0.136205 -0.903335 0.406737 
vn 0.141798 -0.940426 0.309017 
vn 0.145837 -0.967215 0.207912 
vn 0.149095 -0.988823 0 
vn 0.0140709 -0.103577 0.994522 
vn 0 0 1 
vn 0.0279877 -0.206019 0.978148 
vn 0.0415978 -0.306204 0.951057 
vn 0.0547521 -0.403035 0.913545 
vn 0.0673066 -0.495449 0.866025 
vn 0.0791236 -0.582435 0.809017 
vn 0.0900738 -0.66304 0.743145 
vn 0.100037 -0.736381 0.669131 
vn 0.108904 -0.801654 0.587785 
vn 0.116578 -0.858143 0.5 
vn 0.122975 -0.905231 0.406737 
vn 0.128025 -0.9424 0.309017 
vn 0.148279 -0.983406 0.104528 
vn 0.131672 -0.969245 0.207912 
vn 0.134613 -0.990898 0 
vn 0.00957171 -0.104089 0.994522 
vn 0 0 1 
vn 0.0190385 -0.207038 0.978148 
vn 0.0282968 -0.307719 0.951057 
vn 0.037245 -0.405028 0.913545 
vn 0.0457852 -0.497899 0.866025 
vn 0.0538237 -0.585316 0.809017 
vn 0.0612725 -0.666319 0.743145 
vn 0.06805 -0.740023 0.669131 
vn 0.074082 -0.805618 0.587785 
vn 0.0793022 -0.862387 0.5 
vn 0.0836537 -0.909707 0.406737 
vn 0.0870886 -0.947061 0.309017 
vn 0.133876 -0.98547 0.104528 
vn 0.0895693 -0.974038 0.207912 
vn 0.0910687 -0.990344 0.104528 
vn 0.0915703 -0.995799 0 
vn 0.117609 -0.99306 0 
vn 0.00533729 -0.104392 0.994522 
vn 0 0 1 
vn 0.0106161 -0.20764 0.978148 
vn 0.0157786 -0.308614 0.951057 
vn 0.0207682 -0.406206 0.913545 
vn 0.0255303 -0.499348 0.866025 
vn 0.0300127 -0.587019 0.809017 
vn 0.0341663 -0.668258 0.743145 
vn 0.0379455 -0.742175 0.669131 
vn 0.041309 -0.807962 0.587785 
vn 0.0442198 -0.864896 0.5 
vn 0.0466462 -0.912354 0.406737 
vn 0.0485616 -0.949816 0.309017 
vn 0.0499449 -0.976872 0.207912 
vn 0.0510607 -0.998696 0 
vn 0.00135807 -0.10452 0.994522 
vn 0 0 1 
vn 0.00270127 -0.207894 0.978148 
vn 0.00401487 -0.308991 0.951057 
vn 0.00528448 -0.406702 0.913545 
vn 0.00649619 -0.499958 0.866025 
vn 0.00763673 -0.587736 0.809017 
vn 0.0086936 -0.669074 0.743145 
vn 0.00965522 -0.743082 0.669131 
vn 0.0105111 -0.808949 0.587785 
vn 0.0112517 -0.865952 0.5 
vn 0.0118691 -0.913468 0.406737 
vn 0.0123565 -0.950976 0.309017 
vn 0.050781 -0.993225 0.104528 
vn 0.0127085 -0.978065 0.207912 
vn 0.0129212 -0.994438 0.104528 
vn 0.0129924 -0.999916 0 
vn 0.045656 -0.998957 0 
vn 0 -0.104528 0.994522 
vn 0 0 1 
vn 0 -0.207912 0.978148 
vn 0 -0.309017 0.951057 
vn 0 -0.406737 0.913545 
vn 0 -0.5 0.866025 
vn 0 -0.587785 0.809017 
vn 0 -0.669131 0.743145 
vn 0 -0.743145 0.669131 
vn 0 -0.809017 0.587785 
vn 0 -0.866025 0.5 
vn 0 -0.913545 0.406737 
vn 0 -0.951057 0.309017 
vn 0 -0.978148 0.207912 
vn 0 -0.994522 0.104528 
vn 0 -1 0 
vn 0 0 1 
vn 0.655161 -0.755489 0 
vn 0.997351 -0.0727349 0 
vn 0.999359 -0.0358112 0 
vn 1 0 0 
vn 0.999382 -0.0351433 0 
vn 0.988169 -0.153366 0 
vn 0.992804 -0.119748 0 
vn 0.997338 -0.0729157 0 
vn 0.997068 -0.0765228 0 
vn 0.993543 -0.113458 0 
vn 0.987468 -0.15782 0 
vn 0.984973 -0.17271 0 
vn 0.986202 -0.165545 0 
vn 0.971036 -0.238933 0 
vn 0.970945 -0.239304 0 
vn 0.9759 -0.218219 0 
vn 0.980321 -0.19741 0 
vn 0.970945 -0.239304 0 
vn 0.949257 -0.314503 0 
vn 0.964098 -0.265546 0 
vn 0.959325 -0.282302 0 
vn 0.944307 -0.329065 0 
vn 0.944897 -0.327368 0 
vn 0.909276 -0.416194 0 
vn 0.931074 -0.364829 0 
vn 0.927465 -0.37391 0 
vn 0.907245 -0.420601 0 
vn 0.859347 -0.511393 0 
vn 0.882587 -0.47015 0 
vn 0.866092 -0.499884 0 
vn 0.906768 -0.42163 0 
vn 0.872303 -0.488967 0 
vn 0.883621 -0.468202 0 
vn 0.859347 -0.511393 0 
vn 0.836825 -0.54747 0 
vn 0.843455 -0.537199 0 
vn 0.811418 -0.584466 0 
vn 0.804369 -0.59413 0 
vn 0.800983 -0.598688 0 
vn 0.738433 -0.674327 0 
vn 0.776336 -0.630319 0 
vn 0.768936 -0.639326 0 
vn 0.733678 -0.679497 0 
vn 0.69801 -0.716088 0 
vn 0.730874 -0.682513 0 
vn 0 0.104528 0.994522 
vn 0 0 1 
vn 0 0.207912 0.978148 
vn 0.0038333 0.104458 0.994522 
vn 0 0.309017 0.951057 
vn 0.00762459 0.207772 0.978148 
vn 0 0.406737 0.913545 
vn 0.0113324 0.308809 0.951057 
vn 0 0.5 0.866025 
vn 0.014916 0.406463 0.913545 
vn 0 0.587785 0.809017 
vn 0.0183361 0.499664 0.866025 
vn 0 0.669131 0.743145 
vn 0.0215554 0.58739 0.809017 
vn 0 0.743145 0.669131 
vn 0.0245385 0.668681 0.743145 
vn 0 0.809017 0.587785 
vn 0.0272528 0.742645 0.669131 
vn 0 0.866025 0.5 
vn 0.0296685 0.808473 0.587785 
vn 0 0.913545 0.406737 
vn 0.0317591 0.865443 0.5 
vn 0 0.951057 0.309017 
vn 0.0335018 0.912931 0.406737 
vn 0 0.978148 0.207912 
vn 0.0348774 0.950417 0.309017 
vn 0 0.994522 0.104528 
vn 0.0358709 0.97749 0.207912 
vn 0 1 0 
vn 0.0364714 0.993853 0.104528 
vn 0 0 1 
vn 0.00794185 0.104226 0.994522 
vn 0.0157967 0.207311 0.978148 
vn 0.0234784 0.308124 0.951057 
vn 0.030903 0.405561 0.913545 
vn 0.0379889 0.498555 0.866025 
vn 0.0446587 0.586086 0.809017 
vn 0.0508391 0.667196 0.743145 
vn 0.0564625 0.740997 0.669131 
vn 0.0614674 0.806679 0.587785 
vn 0.0657988 0.863522 0.5 
vn 0.0694092 0.910905 0.406737 
vn 0.0722592 0.948307 0.309017 
vn 0.0743176 0.97532 0.207912 
vn 0.0755616 0.991647 0.104528 
vn 0.0755272 0.997144 0 
vn 0.0759779 0.99711 0 
vn 0 0 1 
vn 0.0123364 0.103798 0.994522 
vn 0.0245377 0.206459 0.978148 
vn 0.0364701 0.306857 0.951057 
vn 0.0480029 0.403894 0.913545 
vn 0.0590098 0.496506 0.866025 
vn 0.0693702 0.583677 0.809017 
vn 0.0789706 0.664454 0.743145 
vn 0.0877057 0.737951 0.669131 
vn 0.0954799 0.803363 0.587785 
vn 0.102208 0.859973 0.5 
vn 0.107816 0.907161 0.406737 
vn 0.112243 0.94441 0.309017 
vn 0.115441 0.971312 0.207912 
vn 0.117373 0.987571 0.104528 
vn 0 0 1 
vn 0.0172368 0.103097 0.994522 
vn 0.0342848 0.205065 0.978148 
vn 0.0509571 0.304787 0.951057 
vn 0.0670711 0.401168 0.913545 
vn 0.0824503 0.493155 0.866025 
vn 0.0969261 0.579739 0.809017 
vn 0.11034 0.65997 0.743145 
vn 0.122545 0.732971 0.669131 
vn 0.133407 0.797942 0.587785 
vn 0.142808 0.85417 0.5 
vn 0.150644 0.901039 0.406737 
vn 0.15683 0.938037 0.309017 
vn 0.161297 0.964757 0.207912 
vn 0.163997 0.980907 0.104528 
vn 0.15879 0.987312 0 
vn 0.164901 0.98631 0 
vn 0 0 1 
vn 0.0215806 0.102276 0.994522 
vn 0.0429247 0.203432 0.978148 
vn 0.0637986 0.302359 0.951057 
vn 0.0839734 0.397974 0.913545 
vn 0.103228 0.489228 0.866025 
vn 0.121352 0.575122 0.809017 
vn 0.138146 0.654715 0.743145 
vn 0.153427 0.727134 0.669131 
vn 0.167027 0.791587 0.587785 
vn 0.178797 0.847368 0.5 
vn 0.188607 0.893864 0.406737 
vn 0.196352 0.930567 0.309017 
vn 0.201945 0.957074 0.207912 
vn 0.205326 0.973096 0.104528 
vn 0 0 1 
vn 0.0261169 0.101213 0.994522 
vn 0.0519477 0.201317 0.978148 
vn 0.0772093 0.299216 0.951057 
vn 0.101625 0.393836 0.913545 
vn 0.124927 0.484142 0.866025 
vn 0.146861 0.569143 0.809017 
vn 0.167185 0.647908 0.743145 
vn 0.185678 0.719575 0.669131 
vn 0.202136 0.783358 0.587785 
vn 0.21638 0.838558 0.5 
vn 0.228253 0.884571 0.406737 
vn 0.237626 0.920892 0.309017 
vn 0.244394 0.947124 0.207912 
vn 0.248486 0.962979 0.104528 
vn 0.246978 0.969021 0 
vn 0.249854 0.968283 0 
vn 0 0 1 
vn 0.0308308 0.0998782 0.994522 
vn 0.0613239 0.198662 0.978148 
vn 0.091145 0.29527 0.951057 
vn 0.119968 0.388642 0.913545 
vn 0.147476 0.477756 0.866025 
vn 0.173368 0.561636 0.809017 
vn 0.197361 0.639362 0.743145 
vn 0.219192 0.710084 0.669131 
vn 0.238621 0.773026 0.587785 
vn 0.255436 0.827498 0.5 
vn 0.269452 0.872904 0.406737 
vn 0.280516 0.908746 0.309017 
vn 0.288506 0.934632 0.207912 
vn 0.293336 0.950278 0.104528 
vn 0 0 1 
vn 0.0357 0.0982431 0.994522 
vn 0.0710089 0.19541 0.978148 
vn 0.10554 0.290436 0.951057 
vn 0.138914 0.382279 0.913545 
vn 0.170767 0.469935 0.866025 
vn 0.200749 0.552441 0.809017 
vn 0.228531 0.628895 0.743145 
vn 0.253809 0.698459 0.669131 
vn 0.276307 0.76037 0.587785 
vn 0.295777 0.813951 0.5 
vn 0.312007 0.858613 0.406737 
vn 0.324818 0.893869 0.309017 
vn 0.334071 0.919331 0.207912 
vn 0.339663 0.934721 0.104528 
vn 0.338397 0.941003 0 
vn 0.341534 0.939869 0 
vn 0 0 1 
vn 0.0406944 0.0962817 0.994522 
vn 0.0809429 0.191509 0.978148 
vn 0.120305 0.284637 0.951057 
vn 0.158348 0.374647 0.913545 
vn 0.194657 0.460553 0.866025 
vn 0.228833 0.541412 0.809017 
vn 0.260502 0.61634 0.743145 
vn 0.289317 0.684515 0.669131 
vn 0.314962 0.74519 0.587785 
vn 0.337156 0.7977 0.5 
vn 0.355656 0.841471 0.406737 
vn 0.37026 0.876023 0.309017 
vn 0.380807 0.900977 0.207912 
vn 0.387181 0.916059 0.104528 
vn 0 0 1 
vn 0.0457759 0.0939722 0.994522 
vn 0.0910502 0.186915 0.978148 
vn 0.135327 0.277809 0.951057 
vn 0.178121 0.36566 0.913545 
vn 0.218964 0.449505 0.866025 
vn 0.257407 0.528425 0.809017 
vn 0.293031 0.601555 0.743145 
vn 0.325443 0.668095 0.669131 
vn 0.354291 0.727315 0.587785 
vn 0.379256 0.778566 0.5 
vn 0.400067 0.821287 0.406737 
vn 0.416494 0.85501 0.309017 
vn 0.428358 0.879365 0.207912 
vn 0.435528 0.894085 0.104528 
vn 0.430822 0.902437 0 
vn 0.437927 0.89901 0 
vn 0 0 1 
vn 0.0508988 0.091299 0.994522 
vn 0.10124 0.181598 0.978148 
vn 0.150472 0.269907 0.951057 
vn 0.198055 0.355259 0.913545 
vn 0.243469 0.436718 0.866025 
vn 0.286215 0.513393 0.809017 
vn 0.325825 0.584443 0.743145 
vn 0.361865 0.64909 0.669131 
vn 0.393941 0.706625 0.587785 
vn 0.4217 0.756419 0.5 
vn 0.444839 0.797924 0.406737 
vn 0.463105 0.830688 0.309017 
vn 0.476297 0.85435 0.207912 
vn 0.48427 0.868652 0.104528 
vn 0 0 1 
vn 0.0524147 0.0904373 0.994522 
vn 0.104255 0.179884 0.978148 
vn 0.154953 0.267359 0.951057 
vn 0.203954 0.351906 0.913545 
vn 0.25072 0.432596 0.866025 
vn 0.294739 0.508548 0.809017 
vn 0.335529 0.578927 0.743145 
vn 0.372642 0.642963 0.669131 
vn 0.405673 0.699956 0.587785 
vn 0.434259 0.749279 0.5 
vn 0.458088 0.790393 0.406737 
vn 0.476897 0.822847 0.309017 
vn 0.490482 0.846286 0.207912 
vn 0.486937 0.873437 0 
vn 0.498693 0.860453 0.104528 
vn 0 0 1 
vn 0.0574324 0.0873368 0.994522 
vn 0.114236 0.173717 0.978148 
vn 0.169787 0.258193 0.951057 
vn 0.223478 0.339841 0.913545 
vn 0.274721 0.417766 0.866025 
vn 0.322954 0.491113 0.809017 
vn 0.367649 0.55908 0.743145 
vn 0.408315 0.620921 0.669131 
vn 0.444508 0.675959 0.587785 
vn 0.475831 0.723592 0.5 
vn 0.501941 0.763296 0.406737 
vn 0.522551 0.794638 0.309017 
vn 0.537436 0.817273 0.207912 
vn 0.546433 0.830954 0.104528 
vn 0.549443 0.835532 0 
vn 0.521632 0.853171 0 
vn 0 0 1 
vn 0.0623214 0.0839181 0.994522 
vn 0.12396 0.166917 0.978148 
vn 0.18424 0.248087 0.951057 
vn 0.242502 0.326538 0.913545 
vn 0.298107 0.401413 0.866025 
vn 0.350446 0.471889 0.809017 
vn 0.398945 0.537195 0.743145 
vn 0.443074 0.596615 0.669131 
vn 0.482348 0.649499 0.587785 
vn 0.516337 0.695267 0.5 
vn 0.544669 0.733417 0.406737 
vn 0.567034 0.763532 0.309017 
vn 0.583186 0.785281 0.207912 
vn 0.592948 0.798427 0.104528 
vn 0 0 1 
vn 0.0670215 0.0802142 0.994522 
vn 0.133309 0.15955 0.978148 
vn 0.198135 0.237137 0.951057 
vn 0.260791 0.312126 0.913545 
vn 0.32059 0.383695 0.866025 
vn 0.376876 0.451061 0.809017 
vn 0.429033 0.513485 0.743145 
vn 0.476489 0.570283 0.669131 
vn 0.518725 0.620832 0.587785 
vn 0.555278 0.66458 0.5 
vn 0.585747 0.701046 0.406737 
vn 0.609798 0.729832 0.309017 
vn 0.627168 0.750622 0.207912 
vn 0.637667 0.763187 0.104528 
vn 0.64118 0.767391 0 
vn 0.608113 0.79385 0 
vn 0.0714935 0.0762554 0.994522 
vn 0.142204 0.151675 0.978148 
vn 0.211356 0.225433 0.951057 
vn 0.278192 0.296722 0.913545 
vn 0.341981 0.364759 0.866025 
vn 0.402023 0.4288 0.809017 
vn 0.45766 0.488143 0.743145 
vn 0.508283 0.542137 0.669131 
vn 0.553337 0.590192 0.587785 
vn 0.592328 0.631781 0.5 
vn 0.62483 0.666448 0.406737 
vn 0.650486 0.693813 0.309017 
vn 0.669016 0.713576 0.207912 
vn 0.683962 0.729518 0 
vn 0.0739128 0.0739128 0.994522 
vn 0 0 1 
vn 0.147016 0.147016 0.978148 
vn 0.218508 0.218508 0.951057 
vn 0.287606 0.287606 0.913545 
vn 0.353553 0.353553 0.866025 
vn 0.415627 0.415627 0.809017 
vn 0.473147 0.473147 0.743145 
vn 0.525483 0.525483 0.669131 
vn 0.572061 0.572061 0.587785 
vn 0.612372 0.612372 0.5 
vn 0.645974 0.645974 0.406737 
vn 0.672499 0.672499 0.309017 
vn 0.691655 0.691655 0.207912 
vn 0.703233 0.703233 0.104528 
vn 0.680215 0.725521 0.104528 
vn 0.707107 0.707107 0 
vn 0.687349 0.726327 0 
vn 0 0 1 
vn 0.596215 0.802825 0 
vn 0.50144 0.865193 0 
vn 0.389314 0.921105 0 
vn 0.294952 0.955512 0 
vn 0.206457 0.978456 0 
vn 0.11802 0.993011 0 
vn 0.0366723 0.999327 0 
vn 0.707107 0.707107 0 
vn 0.746382 0.665517 0 
vn 0.729465 0.684019 0 
vn 0.767258 0.641339 0 
vn 0.776526 0.630085 0 
vn 0.78333 0.621606 0 
vn 0.817629 0.575746 0 
vn 0.802649 0.596452 0 
vn 0.835345 0.549727 0 
vn 0.837645 0.546215 0 
vn 0.849033 0.52834 0 
vn 0.877367 0.47982 0 
vn 0.865046 0.501693 0 
vn 0.872214 0.489124 0 
vn 0.88312 0.469148 0 
vn 0.88874 0.458411 0 
vn 0.908862 0.417097 0 
vn 0.929645 0.368457 0 
vn 0.920216 0.391411 0 
vn 0.897948 0.440102 0 
vn 0.929645 0.368457 0 
vn 0.960176 0.279396 0 
vn 0.954963 0.296724 0 
vn 0.930848 0.365407 0 
vn 0.94926 0.314494 0 
vn 0.939155 0.343494 0 
vn 0.98115 0.193247 0 
vn 0.978183 0.207743 0 
vn 0.976307 0.216388 0 
vn 0.967883 0.251399 0 
vn 0.964325 0.264722 0 
vn 0.993763 0.111516 0 
vn 0.992932 0.118687 0 
vn 0.992994 0.118164 0 
vn 0.986141 0.165907 0 
vn 0.986267 0.165157 0 
vn 0.993763 0.111516 0 
vn 0.997287 0.0736179 0 
vn 0.997075 0.0764323 0 
vn 0.999319 0.036902 0 
vn 0.999381 0.0351852 0 
vn 1 0 0 
vn 0.999503 0.031526 0 
vn 0.707107 0.707107 0 
vn 0 -0.104528 0.994522 
vn 0 -2.44929e-16 1 
vn 0 -0.207912 0.978148 
vn 0 -0.104528 0.994522 
vn 0 -0.309017 0.951057 
vn 0 -0.207912 0.978148 
vn 0 -0.406737 0.913545 
vn 0 -0.309017 0.951057 
vn 0 -0.5 0.866025 
vn 0 -0.406737 0.913545 
vn 0 -0.587785 0.809017 
vn 0 -0.5 0.866025 
vn 0 -0.669131 0.743145 
vn 0 -0.587785 0.809017 
vn 0 -0.743145 0.669131 
vn 0 -0.669131 0.743145 
vn 0 -0.809017 0.587785 
vn 0 -0.743145 0.669131 
vn 0 -0.866025 0.5 
vn 0 -0.809017 0.587785 
vn 0 -0.838671 0.544639 
vn 0 -0.913545 0.406737 
vn 0 -0.866025 0.5 
vn 0 -0.891007 0.45399 
vn 0 -0.951057 0.309017 
vn 0 -0.913545 0.406737 
vn 0 -0.93358 0.358368 
vn 0 -0.978148 0.207912 
vn 0 -0.951057 0.309017 
vn 0 -0.965926 0.258819 
vn 0 -0.994522 0.104528 
vn 0 -0.978148 0.207912 
vn 0 -0.987688 0.156434 
vn 0 -1 -1.83697e-16 
vn 0 -0.994522 0.104528 
vn 0 -0.99863 0.052336 
vn 0 -1 -1.83697e-16 
vn 0.655161 -0.755489 0 
vn 0.63785 -0.770161 0 
vn 0.680826 -0.732445 0 
vn 0.69801 -0.716088 0 
vn 0.62035 -0.784325 0 
vn 0.537047 -0.843552 0 
vn 0.54711 -0.83706 0 
vn 0.610374 -0.792113 0 
vn 0.564081 -0.82572 0 
vn 0.593114 -0.805119 0 
vn 0.516725 -0.856151 0 
vn 0.450088 -0.892984 0 
vn 0.461706 -0.887033 0 
vn 0.468754 -0.883329 0 
vn 0.500351 -0.865822 0 
vn 0.38597 -0.922511 0 
vn 0.367409 -0.930059 0 
vn 0.414077 -0.910242 0 
vn 0.437663 -0.899139 0 
vn 0.362709 -0.931902 0 
vn 0.277104 -0.96084 0 
vn 0.278219 -0.960518 0 
vn 0.286111 -0.958197 0 
vn 0.322038 -0.946727 0 
vn 0.335342 -0.942097 0 
vn 0.195 -0.980803 0 
vn 0.19591 -0.980622 0 
vn 0.238542 -0.971132 0 
vn 0.236137 -0.97172 0 
vn 0.117608 -0.99306 0 
vn 0.15145 -0.988465 0 
vn 0.134613 -0.990898 0 
vn 0.149095 -0.988823 0 
vn 0.192827 -0.981233 0 
vn 0.157617 -0.9875 0 
vn 0.0915703 -0.995799 0 
vn 0.0510607 -0.998696 0 
vn 0.0703289 -0.997524 0 
vn 0.0456548 -0.998957 0 
vn 0.109467 -0.99399 0 
vn 0.117608 -0.99306 0 
vn 0.0456548 -0.998957 0 
vn 0.0338907 -0.999426 0 
vn 0.0129924 -0.999916 0 
vn 0 -1 0 
vn 0.072962 -0.0748515 -0.994522 
vn 0 0 -1 
vn 0.145125 -0.148883 -0.978148 
vn 0.0771872 -0.0704864 -0.994522 
vn 0.215697 -0.221283 -0.951057 
vn 0.153529 -0.140201 -0.978148 
vn 0.283906 -0.291259 -0.913545 
vn 0.228188 -0.208379 -0.951057 
vn 0.349005 -0.358044 -0.866025 
vn 0.300348 -0.274274 -0.913545 
vn 0.41028 -0.420906 -0.809017 
vn 0.369216 -0.337164 -0.866025 
vn 0.46706 -0.479156 -0.743145 
vn 0.43404 -0.39636 -0.809017 
vn 0.518723 -0.532157 -0.669131 
vn 0.494108 -0.451213 -0.743145 
vn 0.564702 -0.579327 -0.587785 
vn 0.548762 -0.501123 -0.669131 
vn 0.604495 -0.62015 -0.5 
vn 0.597405 -0.545542 -0.587785 
vn 0.637664 -0.654179 -0.406737 
vn 0.639501 -0.583985 -0.5 
vn 0.663847 -0.68104 -0.309017 
vn 0.674592 -0.616029 -0.406737 
vn 0.682757 -0.700439 -0.207912 
vn 0.702291 -0.641323 -0.309017 
vn 0.694187 -0.712165 -0.104528 
vn 0.722296 -0.659592 -0.207912 
vn 0.734387 -0.670633 -0.104528 
vn 0.733681 -0.679494 0 
vn 0.738433 -0.674327 0 
vn 0.0811493 -0.0658862 -0.994522 
vn 0.161409 -0.131051 -0.978148 
vn 0.239901 -0.194779 -0.951057 
vn 0.315764 -0.256374 -0.913545 
vn 0.388168 -0.315159 -0.866025 
vn 0.456319 -0.370492 -0.809017 
vn 0.51947 -0.421766 -0.743145 
vn 0.57693 -0.468418 -0.669131 
vn 0.628069 -0.509939 -0.587785 
vn 0.672327 -0.545872 -0.5 
vn 0.709219 -0.575825 -0.406737 
vn 0.73834 -0.599469 -0.309017 
vn 0.759372 -0.616545 -0.207912 
vn 0.776336 -0.630319 0 
vn 0.0848163 -0.0610933 -0.994522 
vn 0 0 -1 
vn 0.168703 -0.121517 -0.978148 
vn 0.250742 -0.18061 -0.951057 
vn 0.330034 -0.237724 -0.913545 
vn 0.405709 -0.292233 -0.866025 
vn 0.47694 -0.34354 -0.809017 
vn 0.542945 -0.391084 -0.743145 
vn 0.603001 -0.434343 -0.669131 
vn 0.656451 -0.472843 -0.587785 
vn 0.702709 -0.506162 -0.5 
vn 0.741268 -0.533936 -0.406737 
vn 0.771705 -0.55586 -0.309017 
vn 0.772084 -0.626866 -0.104528 
vn 0.793687 -0.571694 -0.207912 
vn 0.806973 -0.581264 -0.104528 
vn 0.800985 -0.598685 0 
vn 0.811418 -0.584466 0 
vn 0.0881651 -0.0561526 -0.994522 
vn 0 0 -1 
vn 0.175364 -0.11169 -0.978148 
vn 0.260642 -0.166004 -0.951057 
vn 0.343064 -0.218499 -0.913545 
vn 0.421728 -0.2686 -0.866025 
vn 0.495771 -0.315758 -0.809017 
vn 0.564382 -0.359456 -0.743145 
vn 0.62681 -0.399217 -0.669131 
vn 0.68237 -0.434603 -0.587785 
vn 0.730454 -0.465228 -0.5 
vn 0.770535 -0.490756 -0.406737 
vn 0.802174 -0.510907 -0.309017 
vn 0.825024 -0.52546 -0.207912 
vn 0.843455 -0.537199 0 
vn 0.0911804 -0.0511109 -0.994522 
vn 0 0 -1 
vn 0.181362 -0.101662 -0.978148 
vn 0.269556 -0.151099 -0.951057 
vn 0.354797 -0.198881 -0.913545 
vn 0.436151 -0.244483 -0.866025 
vn 0.512727 -0.287407 -0.809017 
vn 0.583684 -0.327182 -0.743145 
vn 0.648247 -0.363373 -0.669131 
vn 0.705708 -0.395582 -0.587785 
vn 0.755436 -0.423457 -0.5 
vn 0.796888 -0.446693 -0.406737 
vn 0.829609 -0.465035 -0.309017 
vn 0.838835 -0.534256 -0.104528 
vn 0.853241 -0.478281 -0.207912 
vn 0.867524 -0.486288 -0.104528 
vn 0.859348 -0.511392 0 
vn 0.872303 -0.488967 0 
vn 0.0923636 -0.0489405 -0.994522 
vn 0 0 -1 
vn 0.183715 -0.0973447 -0.978148 
vn 0.273054 -0.144682 -0.951057 
vn 0.359401 -0.190435 -0.913545 
vn 0.441811 -0.234101 -0.866025 
vn 0.51938 -0.275202 -0.809017 
vn 0.591258 -0.313289 -0.743145 
vn 0.656659 -0.347942 -0.669131 
vn 0.714865 -0.378784 -0.587785 
vn 0.765238 -0.405475 -0.5 
vn 0.807228 -0.427724 -0.406737 
vn 0.840374 -0.445287 -0.309017 
vn 0.864312 -0.457971 -0.207912 
vn 0.883621 -0.468202 0 
vn 0.0950452 -0.0435041 -0.994522 
vn 0 0 -1 
vn 0.189049 -0.0865316 -0.978148 
vn 0.280982 -0.128611 -0.951057 
vn 0.369836 -0.169281 -0.913545 
vn 0.454638 -0.208097 -0.866025 
vn 0.534459 -0.244633 -0.809017 
vn 0.608424 -0.278488 -0.743145 
vn 0.675724 -0.309292 -0.669131 
vn 0.73562 -0.336708 -0.587785 
vn 0.787456 -0.360434 -0.5 
vn 0.830665 -0.380212 -0.406737 
vn 0.864773 -0.395824 -0.309017 
vn 0.878781 -0.465637 -0.104528 
vn 0.889406 -0.407099 -0.207912 
vn 0.904295 -0.413914 -0.104528 
vn 0.907247 -0.420599 0 
vn 0.909276 -0.416194 0 
vn 0.0973238 -0.038135 -0.994522 
vn 0 0 -1 
vn 0.193581 -0.0758523 -0.978148 
vn 0.287718 -0.112738 -0.951057 
vn 0.378702 -0.148389 -0.913545 
vn 0.465537 -0.182415 -0.866025 
vn 0.547272 -0.214441 -0.809017 
vn 0.62301 -0.244118 -0.743145 
vn 0.691923 -0.271121 -0.669131 
vn 0.753255 -0.295153 -0.587785 
vn 0.806334 -0.315951 -0.5 
vn 0.850579 -0.333288 -0.406737 
vn 0.885504 -0.346973 -0.309017 
vn 0.910728 -0.356857 -0.207912 
vn 0.931074 -0.364829 0 
vn 0.0992243 -0.0328745 -0.994522 
vn 0 0 -1 
vn 0.197362 -0.0653888 -0.978148 
vn 0.293336 -0.0971867 -0.951057 
vn 0.386097 -0.12792 -0.913545 
vn 0.474628 -0.157251 -0.866025 
vn 0.557959 -0.18486 -0.809017 
vn 0.635177 -0.210443 -0.743145 
vn 0.705435 -0.233721 -0.669131 
vn 0.767965 -0.254438 -0.587785 
vn 0.82208 -0.272367 -0.5 
vn 0.867189 -0.287313 -0.406737 
vn 0.902797 -0.29911 -0.309017 
vn 0.925974 -0.362831 -0.104528 
vn 0.928513 -0.30763 -0.207912 
vn 0.944056 -0.31278 -0.104528 
vn 0.944308 -0.329062 0 
vn 0.949257 -0.314503 0 
vn 0.100776 -0.0277571 -0.994522 
vn 0 0 -1 
vn 0.200447 -0.0552102 -0.978148 
vn 0.297923 -0.0820583 -0.951057 
vn 0.392134 -0.108007 -0.913545 
vn 0.482049 -0.132773 -0.866025 
vn 0.566683 -0.156084 -0.809017 
vn 0.645108 -0.177685 -0.743145 
vn 0.716465 -0.197339 -0.669131 
vn 0.779972 -0.214831 -0.587785 
vn 0.834933 -0.22997 -0.5 
vn 0.880747 -0.242589 -0.406737 
vn 0.916912 -0.252549 -0.309017 
vn 0.94303 -0.259743 -0.207912 
vn 0.964098 -0.265546 0 
vn 0.102009 -0.0228101 -0.994522 
vn 0 0 -1 
vn 0.202901 -0.0453702 -0.978148 
vn 0.30157 -0.0674333 -0.951057 
vn 0.396934 -0.0887575 -0.913545 
vn 0.48795 -0.109109 -0.866025 
vn 0.57362 -0.128266 -0.809017 
vn 0.653005 -0.146017 -0.743145 
vn 0.725235 -0.162168 -0.669131 
vn 0.78952 -0.176543 -0.587785 
vn 0.845154 -0.188983 -0.5 
vn 0.891529 -0.199353 -0.406737 
vn 0.928136 -0.207538 -0.309017 
vn 0.958817 -0.264092 -0.104528 
vn 0.954574 -0.21345 -0.207912 
vn 0.970554 -0.217023 -0.104528 
vn 0.970945 -0.239304 0 
vn 0.9759 -0.218219 0 
vn 0.102958 -0.0180531 -0.994522 
vn 0 0 -1 
vn 0.204787 -0.0359085 -0.978148 
vn 0.304373 -0.0533704 -0.951057 
vn 0.400624 -0.0702476 -0.913545 
vn 0.492486 -0.0863552 -0.866025 
vn 0.578952 -0.101517 -0.809017 
vn 0.659075 -0.115566 -0.743145 
vn 0.731977 -0.128349 -0.669131 
vn 0.79686 -0.139726 -0.587785 
vn 0.853011 -0.149572 -0.5 
vn 0.899817 -0.157779 -0.406737 
vn 0.936765 -0.164257 -0.309017 
vn 0.963449 -0.168936 -0.207912 
vn 0.984973 -0.17271 0 
vn 0.103086 -0.0173042 -0.994522 
vn 0 0 -1 
vn 0.205043 -0.0344188 -0.978148 
vn 0.304753 -0.0511563 -0.951057 
vn 0.401125 -0.0673333 -0.913545 
vn 0.493101 -0.0827726 -0.866025 
vn 0.579675 -0.0973051 -0.809017 
vn 0.659898 -0.110771 -0.743145 
vn 0.732891 -0.123024 -0.669131 
vn 0.797854 -0.133929 -0.587785 
vn 0.854076 -0.143366 -0.5 
vn 0.900941 -0.151233 -0.406737 
vn 0.937934 -0.157443 -0.309017 
vn 0.979577 -0.171764 -0.104528 
vn 0.964651 -0.161928 -0.207912 
vn 0.986202 -0.165545 0 
vn 0.103776 -0.0125171 -0.994522 
vn 0 0 -1 
vn 0.206416 -0.024897 -0.978148 
vn 0.306793 -0.0370042 -0.951057 
vn 0.40381 -0.0487059 -0.913545 
vn 0.496402 -0.059874 -0.866025 
vn 0.583556 -0.0703861 -0.809017 
vn 0.664316 -0.0801271 -0.743145 
vn 0.737797 -0.0889901 -0.669131 
vn 0.803196 -0.0968782 -0.587785 
vn 0.859794 -0.103705 -0.5 
vn 0.906972 -0.109395 -0.406737 
vn 0.944213 -0.113887 -0.309017 
vn 0.9808 -0.164638 -0.104528 
vn 0.971109 -0.117131 -0.207912 
vn 0.987366 -0.119092 -0.104528 
vn 0.992804 -0.119748 0 
vn 0.988169 -0.153369 0 
vn 0.104222 -0.00799881 -0.994522 
vn 0 0 -1 
vn 0.207302 -0.01591 -0.978148 
vn 0.308111 -0.0236469 -0.951057 
vn 0.405544 -0.0311246 -0.913545 
vn 0.498534 -0.0382614 -0.866025 
vn 0.586062 -0.044979 -0.809017 
vn 0.667169 -0.0512038 -0.743145 
vn 0.740966 -0.0568676 -0.669131 
vn 0.806645 -0.0619083 -0.587785 
vn 0.863486 -0.0662707 -0.5 
vn 0.910867 -0.0699071 -0.406737 
vn 0.948268 -0.0727775 -0.309017 
vn 0.97528 -0.0748506 -0.207912 
vn 0.997068 -0.0765228 0 
vn 0.104461 -0.00374329 -0.994522 
vn 0 0 -1 
vn 0.207778 -0.00744557 -0.978148 
vn 0.308819 -0.0110663 -0.951057 
vn 0.406476 -0.0145657 -0.913545 
vn 0.499679 -0.0179056 -0.866025 
vn 0.587408 -0.0210493 -0.809017 
vn 0.668701 -0.0239624 -0.743145 
vn 0.742668 -0.0266129 -0.669131 
vn 0.808498 -0.0289719 -0.587785 
vn 0.86547 -0.0310134 -0.5 
vn 0.912959 -0.0327152 -0.406737 
vn 0.950446 -0.0340585 -0.309017 
vn 0.991606 -0.0761036 -0.104528 
vn 0.97752 -0.0350286 -0.207912 
vn 0.993884 -0.035615 -0.104528 
vn 0.999359 -0.0358112 0 
vn 0.997351 -0.0727361 0 
vn 0.104528 0 -0.994522 
vn 0 0 -1 
vn 0.207912 0 -0.978148 
vn 0.309017 0 -0.951057 
vn 0.406737 0 -0.913545 
vn 0.5 0 -0.866025 
vn 0.587785 0 -0.809017 
vn 0.669131 0 -0.743145 
vn 0.743145 0 -0.669131 
vn 0.809017 0 -0.587785 
vn 0.866025 0 -0.5 
vn 0.913545 0 -0.406737 
vn 0.951057 0 -0.309017 
vn 0.978148 0 -0.207912 
vn 0.994522 0 -0.104528 
vn 1 0 0 
vn 0 0 -1 
vn 0.69801 -0.716088 0 
vn 0 1 -6.12323e-17 
vn 0 0.99863 0.052336 
vn 0 0.994522 0.104528 
vn 0 1 0 
vn 0 0.987688 0.156434 
vn 0 0.978148 0.207912 
vn 0 0.965926 0.258819 
vn 0 0.951057 0.309017 
vn 0 0.93358 0.358368 
vn 0 0.913545 0.406737 
vn 0 0.891007 0.45399 
vn 0 0.866025 0.5 
vn 0 0.838671 0.544639 
vn 0 0.809017 0.587785 
vn 0 0.743145 0.669131 
vn 0 0.669131 0.743145 
vn 0 0.587785 0.809017 
vn 0 0.5 0.866025 
vn 0 0.406737 0.913545 
vn 0 0.309017 0.951057 
vn 0 0.207912 0.978148 
vn 0 0.104528 0.994522 
vn 0 1.22465e-16 1 
vn 0 1 0 
vn 0.0366723 0.999327 0 
vn 0.0305214 0.999534 0 
vn 0.0723483 0.997379 0 
vn 0.075527 0.997144 0 
vn 0.158788 0.987313 0 
vn 0.0759779 0.99711 0 
vn 0.11802 0.993011 0 
vn 0.116642 0.993174 0 
vn 0.246977 0.969021 0 
vn 0.214761 0.976667 0 
vn 0.158788 0.987313 0 
vn 0.164901 0.98631 0 
vn 0.163404 0.986559 0 
vn 0.206457 0.978456 0 
vn 0.249854 0.968283 0 
vn 0.262945 0.964811 0 
vn 0.294952 0.955512 0 
vn 0.338395 0.941004 0 
vn 0.312613 0.949881 0 
vn 0.430819 0.902438 0 
vn 0.415169 0.909744 0 
vn 0.363473 0.931605 0 
vn 0.341534 0.939869 0 
vn 0.389314 0.921105 0 
vn 0.479351 0.877623 0 
vn 0.486937 0.873437 0 
vn 0.50144 0.865193 0 
vn 0.521633 0.85317 0 
vn 0.437927 0.89901 0 
vn 0.467286 0.884106 0 
vn 0.575371 0.817893 0 
vn 0.527899 0.849307 0 
vn 0.549443 0.835532 0 
vn 0.596215 0.802825 0 
vn 0.608117 0.793848 0 
vn 0.521633 0.85317 0 
vn 0.66537 0.746514 0 
vn 0.621331 0.783548 0 
vn 0.64118 0.767391 0 
vn 0.683962 0.729518 0 
vn 0.68735 0.726327 0 
vn 0.608117 0.793848 0 
vn 0.707107 0.707107 0 
vn 0.68735 0.726327 0 
vn 0 1 0 
vn 0.104528 0 -0.994522 
vn 0 0 -1 
vn 0.207912 0 -0.978148 
vn 0.104457 0.0038573 -0.994522 
vn 0.309017 0 -0.951057 
vn 0.20777 0.00767235 -0.978148 
vn 0.406737 0 -0.913545 
vn 0.308807 0.0114033 -0.951057 
vn 0.5 0 -0.866025 
vn 0.40646 0.0150094 -0.913545 
vn 0.587785 0 -0.809017 
vn 0.499659 0.018451 -0.866025 
vn 0.669131 0 -0.743145 
vn 0.587385 0.0216904 -0.809017 
vn 0.743145 0 -0.669131 
vn 0.668675 0.0246922 -0.743145 
vn 0.809017 0 -0.587785 
vn 0.742639 0.0274235 -0.669131 
vn 0.866025 0 -0.5 
vn 0.808466 0.0298543 -0.587785 
vn 0.913545 0 -0.406737 
vn 0.865436 0.031958 -0.5 
vn 0.951057 0 -0.309017 
vn 0.912923 0.0337116 -0.406737 
vn 0.978148 0 -0.207912 
vn 0.950409 0.0350958 -0.309017 
vn 0.994522 0 -0.104528 
vn 0.977481 0.0360956 -0.207912 
vn 0.993845 0.0366998 -0.104528 
vn 0.999381 0.0351858 0 
vn 0.999319 0.036902 0 
vn 0 0 -1 
vn 0.104223 0.00798935 -0.994522 
vn 0.207304 0.0158912 -0.978148 
vn 0.308113 0.0236189 -0.951057 
vn 0.405547 0.0310878 -0.913545 
vn 0.498537 0.0382161 -0.866025 
vn 0.586066 0.0449258 -0.809017 
vn 0.667173 0.0511432 -0.743145 
vn 0.740971 0.0568002 -0.669131 
vn 0.80665 0.061835 -0.587785 
vn 0.863492 0.0661923 -0.5 
vn 0.910873 0.0698243 -0.406737 
vn 0.948274 0.0726914 -0.309017 
vn 0.975286 0.074762 -0.207912 
vn 0.991613 0.0760136 -0.104528 
vn 0 0 -1 
vn 0.10379 0.0124062 -0.994522 
vn 0.206442 0.0246764 -0.978148 
vn 0.306833 0.0366763 -0.951057 
vn 0.403862 0.0482743 -0.913545 
vn 0.496466 0.0593434 -0.866025 
vn 0.583631 0.0697624 -0.809017 
vn 0.664401 0.079417 -0.743145 
vn 0.737892 0.0882015 -0.669131 
vn 0.803299 0.0960197 -0.587785 
vn 0.859904 0.102786 -0.5 
vn 0.907088 0.108426 -0.406737 
vn 0.944334 0.112878 -0.309017 
vn 0.971234 0.116093 -0.207912 
vn 0.987492 0.118037 -0.104528 
vn 0.993762 0.111518 0 
vn 0.992932 0.118687 0 
vn 0 0 -1 
vn 0.10308 0.017342 -0.994522 
vn 0.20503 0.034494 -0.978148 
vn 0.304734 0.0512681 -0.951057 
vn 0.4011 0.0674804 -0.913545 
vn 0.493071 0.0829535 -0.866025 
vn 0.579639 0.0975176 -0.809017 
vn 0.659857 0.111013 -0.743145 
vn 0.732846 0.123293 -0.669131 
vn 0.797805 0.134222 -0.587785 
vn 0.854024 0.14368 -0.5 
vn 0.900885 0.151564 -0.406737 
vn 0.937876 0.157787 -0.309017 
vn 0.964592 0.162281 -0.207912 
vn 0.980739 0.164998 -0.104528 
vn 0 0 -1 
vn 0.102248 0.0217151 -0.994522 
vn 0.203376 0.0431922 -0.978148 
vn 0.302275 0.0641961 -0.951057 
vn 0.397863 0.0844967 -0.913545 
vn 0.489092 0.103871 -0.866025 
vn 0.574962 0.122108 -0.809017 
vn 0.654532 0.139007 -0.743145 
vn 0.726932 0.154383 -0.669131 
vn 0.791367 0.168068 -0.587785 
vn 0.847132 0.179911 -0.5 
vn 0.893615 0.189783 -0.406737 
vn 0.930308 0.197575 -0.309017 
vn 0.956808 0.203203 -0.207912 
vn 0.972825 0.206605 -0.104528 
vn 0.98115 0.193248 0 
vn 0.978183 0.207743 0 
vn 0 0 -1 
vn 0.101171 0.0262784 -0.994522 
vn 0.201234 0.0522689 -0.978148 
vn 0.299092 0.0776867 -0.951057 
vn 0.393674 0.102253 -0.913545 
vn 0.483942 0.1257 -0.866025 
vn 0.568908 0.147769 -0.809017 
vn 0.64764 0.168219 -0.743145 
vn 0.719278 0.186826 -0.669131 
vn 0.783034 0.203386 -0.587785 
vn 0.838212 0.217718 -0.5 
vn 0.884205 0.229665 -0.406737 
vn 0.920512 0.239095 -0.309017 
vn 0.946733 0.245906 -0.207912 
vn 0.962581 0.250022 -0.104528 
vn 0 0 -1 
vn 0.0998208 0.0310161 -0.994522 
vn 0.198548 0.0616925 -0.978148 
vn 0.2951 0.0916929 -0.951057 
vn 0.388419 0.120689 -0.913545 
vn 0.477482 0.148362 -0.866025 
vn 0.561313 0.17441 -0.809017 
vn 0.638995 0.198547 -0.743145 
vn 0.709676 0.220509 -0.669131 
vn 0.772581 0.240055 -0.587785 
vn 0.827022 0.256971 -0.5 
vn 0.872402 0.271071 -0.406737 
vn 0.908224 0.282202 -0.309017 
vn 0.934095 0.29024 -0.207912 
vn 0.949732 0.295099 -0.104528 
vn 0.960175 0.279398 0 
vn 0.954963 0.296724 0 
vn 0 0 -1 
vn 0.0981684 0.0359049 -0.994522 
vn 0.195261 0.0714164 -0.978148 
vn 0.290215 0.106145 -0.951057 
vn 0.381989 0.139712 -0.913545 
vn 0.469577 0.171747 -0.866025 
vn 0.552021 0.201901 -0.809017 
vn 0.628417 0.229842 -0.743145 
vn 0.697928 0.255266 -0.669131 
vn 0.759792 0.277892 -0.587785 
vn 0.813332 0.297475 -0.5 
vn 0.857961 0.313797 -0.406737 
vn 0.893189 0.326682 -0.309017 
vn 0.918632 0.335988 -0.207912 
vn 0.93401 0.341612 -0.104528 
vn 0 0 -1 
vn 0.0961888 0.0409136 -0.994522 
vn 0.191324 0.0813789 -0.978148 
vn 0.284362 0.120953 -0.951057 
vn 0.374286 0.159201 -0.913545 
vn 0.460108 0.195705 -0.866025 
vn 0.540889 0.230065 -0.809017 
vn 0.615745 0.261905 -0.743145 
vn 0.683854 0.290875 -0.669131 
vn 0.74447 0.316658 -0.587785 
vn 0.796931 0.338972 -0.5 
vn 0.840659 0.357571 -0.406737 
vn 0.875178 0.372254 -0.309017 
vn 0.900107 0.382857 -0.207912 
vn 0.915175 0.389266 -0.104528 
vn 0.929645 0.368458 0 
vn 0.920216 0.391411 0 
vn 0 0 -1 
vn 0.0938611 0.0460032 -0.994522 
vn 0.186694 0.0915023 -0.978148 
vn 0.277481 0.135999 -0.951057 
vn 0.365228 0.179006 -0.913545 
vn 0.448974 0.220051 -0.866025 
vn 0.527801 0.258685 -0.809017 
vn 0.600844 0.294486 -0.743145 
vn 0.667305 0.327059 -0.669131 
vn 0.726455 0.35605 -0.587785 
vn 0.777646 0.381139 -0.5 
vn 0.820316 0.402053 -0.406737 
vn 0.853999 0.418562 -0.309017 
vn 0.878326 0.430484 -0.207912 
vn 0.893029 0.437691 -0.104528 
vn 0 0 -1 
vn 0.0911712 0.0511273 -0.994522 
vn 0.181344 0.101695 -0.978148 
vn 0.269529 0.151148 -0.951057 
vn 0.354762 0.198945 -0.913545 
vn 0.436107 0.244562 -0.866025 
vn 0.512675 0.2875 -0.809017 
vn 0.583625 0.327288 -0.743145 
vn 0.648182 0.36349 -0.669131 
vn 0.705636 0.395709 -0.587785 
vn 0.75536 0.423594 -0.5 
vn 0.796808 0.446837 -0.406737 
vn 0.829525 0.465184 -0.309017 
vn 0.853154 0.478435 -0.207912 
vn 0.867436 0.486444 -0.104528 
vn 0.872214 0.489124 0 
vn 0.888741 0.458409 0 
vn 0 0 -1 
vn 0.0904219 0.0524412 -0.994522 
vn 0.179853 0.104308 -0.978148 
vn 0.267314 0.155032 -0.951057 
vn 0.351846 0.204057 -0.913545 
vn 0.432523 0.250846 -0.866025 
vn 0.508461 0.294888 -0.809017 
vn 0.578829 0.335698 -0.743145 
vn 0.642854 0.372831 -0.669131 
vn 0.699837 0.405878 -0.587785 
vn 0.749152 0.434479 -0.5 
vn 0.790259 0.458319 -0.406737 
vn 0.822707 0.477138 -0.309017 
vn 0.846142 0.49073 -0.207912 
vn 0.860307 0.498945 -0.104528 
vn 0 0 -1 
vn 0.0873173 0.0574621 -0.994522 
vn 0.173678 0.114295 -0.978148 
vn 0.258136 0.169875 -0.951057 
vn 0.339765 0.223594 -0.913545 
vn 0.417672 0.274863 -0.866025 
vn 0.491003 0.323121 -0.809017 
vn 0.558955 0.367839 -0.743145 
vn 0.620782 0.408527 -0.669131 
vn 0.675808 0.444738 -0.587785 
vn 0.72343 0.476077 -0.5 
vn 0.763125 0.5022 -0.406737 
vn 0.79446 0.522821 -0.309017 
vn 0.81709 0.537714 -0.207912 
vn 0.830768 0.546715 -0.104528 
vn 0.837643 0.546218 0 
vn 0.835345 0.549727 0 
vn 0 0 -1 
vn 0.0838997 0.0623462 -0.994522 
vn 0.16688 0.124009 -0.978148 
vn 0.248032 0.184314 -0.951057 
vn 0.326467 0.242599 -0.913545 
vn 0.401325 0.298226 -0.866025 
vn 0.471785 0.350585 -0.809017 
vn 0.537077 0.399104 -0.743145 
vn 0.596484 0.44325 -0.669131 
vn 0.649357 0.482539 -0.587785 
vn 0.695114 0.516542 -0.5 
vn 0.733256 0.544886 -0.406737 
vn 0.763365 0.567259 -0.309017 
vn 0.785109 0.583418 -0.207912 
vn 0.798252 0.593184 -0.104528 
vn 0 0 -1 
vn 0.0802003 0.0670381 -0.994522 
vn 0.159522 0.133342 -0.978148 
vn 0.237096 0.198185 -0.951057 
vn 0.312072 0.260856 -0.913545 
vn 0.383629 0.320669 -0.866025 
vn 0.450983 0.376969 -0.809017 
vn 0.513396 0.429139 -0.743145 
vn 0.570184 0.476608 -0.669131 
vn 0.620725 0.518854 -0.587785 
vn 0.664465 0.555416 -0.5 
vn 0.700925 0.585892 -0.406737 
vn 0.729706 0.609949 -0.309017 
vn 0.750491 0.627324 -0.207912 
vn 0.763055 0.637825 -0.104528 
vn 0.776524 0.630088 0 
vn 0.767258 0.641339 0 
vn 0.0762498 0.0714994 -0.994522 
vn 0.151664 0.142215 -0.978148 
vn 0.225417 0.211373 -0.951057 
vn 0.2967 0.278215 -0.913545 
vn 0.364732 0.342009 -0.866025 
vn 0.428769 0.402056 -0.809017 
vn 0.488107 0.457698 -0.743145 
vn 0.542098 0.508325 -0.669131 
vn 0.590149 0.553383 -0.587785 
vn 0.631735 0.592377 -0.5 
vn 0.666399 0.624882 -0.406737 
vn 0.693762 0.65054 -0.309017 
vn 0.713524 0.669071 -0.207912 
vn 0.729465 0.684019 0 
vn 0.0739128 0.0739128 -0.994522 
vn 0 0 -1 
vn 0.147016 0.147016 -0.978148 
vn 0.218508 0.218508 -0.951057 
vn 0.287606 0.287606 -0.913545 
vn 0.353553 0.353553 -0.866025 
vn 0.415627 0.415627 -0.809017 
vn 0.473147 0.473147 -0.743145 
vn 0.525483 0.525483 -0.669131 
vn 0.572061 0.572061 -0.587785 
vn 0.612372 0.612372 -0.5 
vn 0.645974 0.645974 -0.406737 
vn 0.672499 0.672499 -0.309017 
vn 0.691655 0.691655 -0.207912 
vn 0.703233 0.703233 -0.104528 
vn 0.725469 0.680271 -0.104528 
vn 0.707107 0.707107 0 
vn 0 0 -1 
vn 0.802649 0.596452 0 
vn 0.865046 0.501693 0 
vn 0.897948 0.440102 0 
vn 0.939155 0.343494 0 
vn 0.967883 0.251399 0 
vn 0.986141 0.165907 0 
vn 0.997075 0.0764323 0 
vn 1 0 0 
vn -0.104528 0 0.994522 
vn 0 0 1 
vn -0.207912 0 0.978148 
vn -0.309017 0 0.951057 
vn -0.406737 0 0.913545 
vn -0.5 0 0.866025 
vn -0.587785 0 0.809017 
vn -0.669131 0 0.743145 
vn -0.743145 0 0.669131 
vn -0.809017 0 0.587785 
vn -0.838671 0 0.544639 
vn -0.866025 0 0.5 
vn -0.891007 0 0.45399 
vn -0.913545 0 0.406737 
vn -0.866025 0 0.5 
vn -0.93358 0 0.358368 
vn -0.913545 0 0.406737 
vn -0.951057 0 0.309017 
vn -0.965926 0 0.258819 
vn -0.978148 0 0.207912 
vn -0.987688 0 0.156434 
vn -0.994522 0 0.104528 
vn -0.99863 0 0.052336 
vn -1 0 -1.83697e-16 
vn -0.669131 0 0.743145 
vn -0.5 0 0.866025 
vn -0.309017 0 0.951057 
vn 0 0 1 
vn 0 1 0 
vn 0.0739128 0.0739128 -0.994522 
vn 0 0 -1 
vn 0.147016 0.147016 -0.978148 
vn 0.0695501 0.0780319 -0.994522 
vn 0.218508 0.218508 -0.951057 
vn 0.138338 0.155209 -0.978148 
vn 0.287606 0.287606 -0.913545 
vn 0.205611 0.230685 -0.951057 
vn 0.353553 0.353553 -0.866025 
vn 0.27063 0.303635 -0.913545 
vn 0.415627 0.415627 -0.809017 
vn 0.332685 0.373257 -0.866025 
vn 0.473147 0.473147 -0.743145 
vn 0.391095 0.43879 -0.809017 
vn 0.525483 0.525483 -0.669131 
vn 0.445219 0.499515 -0.743145 
vn 0.572061 0.572061 -0.587785 
vn 0.494466 0.554768 -0.669131 
vn 0.612372 0.612372 -0.5 
vn 0.538296 0.603942 -0.587785 
vn 0.645974 0.645974 -0.406737 
vn 0.576227 0.6465 -0.5 
vn 0.672499 0.672499 -0.309017 
vn 0.607846 0.681974 -0.406737 
vn 0.691655 0.691655 -0.207912 
vn 0.632804 0.709977 -0.309017 
vn 0.703233 0.703233 -0.104528 
vn 0.65083 0.730201 -0.207912 
vn 0.661725 0.742424 -0.104528 
vn 0.66537 0.746514 0 
vn 0.68735 0.726326 0 
vn 0 0 -1 
vn 0.0649468 0.0819031 -0.994522 
vn 0.129182 0.162909 -0.978148 
vn 0.192002 0.24213 -0.951057 
vn 0.252718 0.318698 -0.913545 
vn 0.310666 0.391774 -0.866025 
vn 0.365209 0.460558 -0.809017 
vn 0.415752 0.524296 -0.743145 
vn 0.461739 0.58229 -0.669131 
vn 0.502668 0.633904 -0.587785 
vn 0.538089 0.678572 -0.5 
vn 0.567614 0.715807 -0.406737 
vn 0.590921 0.745198 -0.309017 
vn 0.607754 0.766426 -0.207912 
vn 0.617928 0.779256 -0.104528 
vn 0.0601426 0.0854931 -0.994522 
vn 0.119626 0.170049 -0.978148 
vn 0.177799 0.252743 -0.951057 
vn 0.234024 0.332667 -0.913545 
vn 0.287685 0.408946 -0.866025 
vn 0.338195 0.480745 -0.809017 
vn 0.384998 0.547277 -0.743145 
vn 0.427584 0.607813 -0.669131 
vn 0.465485 0.661689 -0.587785 
vn 0.498286 0.708316 -0.5 
vn 0.525627 0.747182 -0.406737 
vn 0.54721 0.777862 -0.309017 
vn 0.562798 0.80002 -0.207912 
vn 0.572219 0.813412 -0.104528 
vn 0.575371 0.817893 0 
vn 0.60812 0.793845 0 
vn 0.0551805 0.0887767 -0.994522 
vn 0 0 -1 
vn 0.109756 0.176581 -0.978148 
vn 0.16313 0.26245 -0.951057 
vn 0.214716 0.345444 -0.913545 
vn 0.26395 0.424653 -0.866025 
vn 0.310291 0.49921 -0.809017 
vn 0.353234 0.568297 -0.743145 
vn 0.392306 0.631158 -0.669131 
vn 0.42708 0.687104 -0.587785 
vn 0.457174 0.735521 -0.5 
vn 0.48226 0.77588 -0.406737 
vn 0.502062 0.807739 -0.309017 
vn 0.516364 0.830748 -0.207912 
vn 0.527899 0.849307 0 
vn 0.0501059 0.0917366 -0.994522 
vn 0 0 -1 
vn 0.0996627 0.182468 -0.978148 
vn 0.148128 0.2712 -0.951057 
vn 0.19497 0.356961 -0.913545 
vn 0.239676 0.438812 -0.866025 
vn 0.281756 0.515854 -0.809017 
vn 0.320749 0.587244 -0.743145 
vn 0.356227 0.652201 -0.669131 
vn 0.387803 0.710012 -0.587785 
vn 0.41513 0.760044 -0.5 
vn 0.437909 0.801749 -0.406737 
vn 0.45589 0.834669 -0.309017 
vn 0.525007 0.844654 -0.104528 
vn 0.468876 0.858445 -0.207912 
vn 0.476725 0.872815 -0.104528 
vn 0.479351 0.877623 0 
vn 0.521636 0.853168 0 
vn 0.0488446 0.0924143 -0.994522 
vn 0 0 -1 
vn 0.0971541 0.183816 -0.978148 
vn 0.144399 0.273204 -0.951057 
vn 0.190062 0.359598 -0.913545 
vn 0.233643 0.442053 -0.866025 
vn 0.274664 0.519665 -0.809017 
vn 0.312675 0.591583 -0.743145 
vn 0.347261 0.657019 -0.669131 
vn 0.378042 0.715257 -0.587785 
vn 0.404681 0.765659 -0.5 
vn 0.426887 0.807671 -0.406737 
vn 0.444415 0.840835 -0.309017 
vn 0.457074 0.864787 -0.207912 
vn 0.467286 0.884106 0 
vn 0.0433969 0.0950942 -0.994522 
vn 0 0 -1 
vn 0.0863184 0.189147 -0.978148 
vn 0.128294 0.281127 -0.951057 
vn 0.168864 0.370026 -0.913545 
vn 0.207584 0.454872 -0.866025 
vn 0.24403 0.534734 -0.809017 
vn 0.277802 0.608738 -0.743145 
vn 0.30853 0.676072 -0.669131 
vn 0.335878 0.735999 -0.587785 
vn 0.359547 0.787862 -0.5 
vn 0.379275 0.831093 -0.406737 
vn 0.394849 0.865218 -0.309017 
vn 0.464726 0.879263 -0.104528 
vn 0.406096 0.889864 -0.207912 
vn 0.412894 0.904761 -0.104528 
vn 0.430815 0.90244 0 
vn 0.415169 0.909744 0 
vn 0.0379933 0.0973792 -0.994522 
vn 0 0 -1 
vn 0.0755703 0.193691 -0.978148 
vn 0.112319 0.287882 -0.951057 
vn 0.147838 0.378918 -0.913545 
vn 0.181737 0.465802 -0.866025 
vn 0.213644 0.547583 -0.809017 
vn 0.243211 0.623365 -0.743145 
vn 0.270113 0.692317 -0.669131 
vn 0.294056 0.753684 -0.587785 
vn 0.314777 0.806793 -0.5 
vn 0.332049 0.851063 -0.406737 
vn 0.345684 0.886009 -0.309017 
vn 0.355531 0.911247 -0.207912 
vn 0.363473 0.931605 0 
vn 0.0326769 0.0992896 -0.994522 
vn 0 0 -1 
vn 0.0649958 0.197491 -0.978148 
vn 0.0966026 0.293529 -0.951057 
vn 0.127151 0.386351 -0.913545 
vn 0.156306 0.47494 -0.866025 
vn 0.183749 0.558326 -0.809017 
vn 0.209179 0.635594 -0.743145 
vn 0.232317 0.705899 -0.669131 
vn 0.252909 0.76847 -0.587785 
vn 0.270731 0.822621 -0.5 
vn 0.285586 0.867759 -0.406737 
vn 0.297312 0.90339 -0.309017 
vn 0.361482 0.926501 -0.104528 
vn 0.305781 0.929124 -0.207912 
vn 0.3109 0.944677 -0.104528 
vn 0.312613 0.949881 0 
vn 0.338396 0.941004 0 
vn 0.0274853 0.10085 -0.994522 
vn 0 0 -1 
vn 0.0546694 0.200595 -0.978148 
vn 0.0812546 0.298143 -0.951057 
vn 0.10695 0.392424 -0.913545 
vn 0.131473 0.482405 -0.866025 
vn 0.154555 0.567102 -0.809017 
vn 0.175945 0.645584 -0.743145 
vn 0.195406 0.716994 -0.669131 
vn 0.212727 0.780548 -0.587785 
vn 0.227717 0.835551 -0.5 
vn 0.240213 0.881398 -0.406737 
vn 0.250076 0.91759 -0.309017 
vn 0.257199 0.943727 -0.207912 
vn 0.262945 0.964811 0 
vn 0.0224486 0.102089 -0.994522 
vn 0 0 -1 
vn 0.0446512 0.20306 -0.978148 
vn 0.0663647 0.301807 -0.951057 
vn 0.087351 0.397246 -0.913545 
vn 0.10738 0.488333 -0.866025 
vn 0.126233 0.57407 -0.809017 
vn 0.143703 0.653518 -0.743145 
vn 0.159598 0.725805 -0.669131 
vn 0.173745 0.79014 -0.587785 
vn 0.185988 0.845818 -0.5 
vn 0.196194 0.892229 -0.406737 
vn 0.204249 0.928865 -0.309017 
vn 0.261505 0.959525 -0.104528 
vn 0.210068 0.955324 -0.207912 
vn 0.213584 0.971316 -0.104528 
vn 0.214761 0.976667 0 
vn 0.246979 0.969021 0 
vn 0.0170804 0.103124 -0.994522 
vn 0 0 -1 
vn 0.0339737 0.205117 -0.978148 
vn 0.0504947 0.304864 -0.951057 
vn 0.0664625 0.40127 -0.913545 
vn 0.0817022 0.49328 -0.866025 
vn 0.0960467 0.579885 -0.809017 
vn 0.109339 0.660137 -0.743145 
vn 0.121433 0.733156 -0.669131 
vn 0.132197 0.798143 -0.587785 
vn 0.141512 0.854385 -0.5 
vn 0.149277 0.901267 -0.406737 
vn 0.155407 0.938274 -0.309017 
vn 0.159834 0.965 -0.207912 
vn 0.163404 0.986559 0 
vn 0.0121924 0.103815 -0.994522 
vn 0 0 -1 
vn 0.0242513 0.206492 -0.978148 
vn 0.0360444 0.306908 -0.951057 
vn 0.0474426 0.40396 -0.913545 
vn 0.0583211 0.496587 -0.866025 
vn 0.0685605 0.583773 -0.809017 
vn 0.0780488 0.664563 -0.743145 
vn 0.086682 0.738072 -0.669131 
vn 0.0943655 0.803495 -0.587785 
vn 0.101015 0.860114 -0.5 
vn 0.106558 0.90731 -0.406737 
vn 0.110933 0.944565 -0.309017 
vn 0.162509 0.981155 -0.104528 
vn 0.114093 0.971471 -0.207912 
vn 0.116003 0.987733 -0.104528 
vn 0.116642 0.993174 0 
vn 0.15879 0.987312 0 
vn 0.00756246 0.104255 -0.994522 
vn 0 0 -1 
vn 0.0150421 0.207367 -0.978148 
vn 0.0223569 0.308207 -0.951057 
vn 0.0294267 0.405671 -0.913545 
vn 0.0361741 0.49869 -0.866025 
vn 0.0425253 0.586245 -0.809017 
vn 0.0484105 0.667377 -0.743145 
vn 0.0537653 0.741197 -0.669131 
vn 0.058531 0.806897 -0.587785 
vn 0.0626555 0.863756 -0.5 
vn 0.0660935 0.911151 -0.406737 
vn 0.0688073 0.948564 -0.309017 
vn 0.0707673 0.975584 -0.207912 
vn 0.071952 0.991916 -0.104528 
vn 0.0755258 0.997144 0 
vn 0.0723483 0.997379 0 
vn 0.00319036 0.10448 -0.994522 
vn 0 0 -1 
vn 0.00634576 0.207815 -0.978148 
vn 0.00943164 0.308873 -0.951057 
vn 0.0124142 0.406547 -0.913545 
vn 0.0152607 0.499767 -0.866025 
vn 0.01794 0.587511 -0.809017 
vn 0.0204228 0.668819 -0.743145 
vn 0.0226818 0.742799 -0.669131 
vn 0.0246924 0.80864 -0.587785 
vn 0.0264323 0.865622 -0.5 
vn 0.0278827 0.91312 -0.406737 
vn 0.0290276 0.950613 -0.309017 
vn 0.0298545 0.977692 -0.207912 
vn 0.0305214 0.999534 0 
vn 0 0.104528 -0.994522 
vn 0 0 -1 
vn 0 0.207912 -0.978148 
vn 0 0.309017 -0.951057 
vn 0 0.406737 -0.913545 
vn 0 0.5 -0.866025 
vn 0 0.587785 -0.809017 
vn 0 0.669131 -0.743145 
vn 0 0.743145 -0.669131 
vn 0 0.809017 -0.587785 
vn 0 0.866025 -0.5 
vn 0 0.913545 -0.406737 
vn 0 0.951057 -0.309017 
vn 0 0.978148 -0.207912 
vn 0 0.994522 -0.104528 
vn 0.0303542 0.994059 -0.104528 
vn 0 1 0 
vn 0 0 -1 
vn 0.621331 0.783548 0 
vn 0.707107 0.707107 0 
vn -1 0 0 
vn 0 0.104528 -0.994522 
vn 0 1.22465e-16 -1 
vn 0 0.207912 -0.978148 
vn 0 0.104528 -0.994522 
vn 0 0.309017 -0.951057 
vn 0 0.207912 -0.978148 
vn 0 0.406737 -0.913545 
vn 0 0.309017 -0.951057 
vn 0 0.5 -0.866025 
vn 0 0.406737 -0.913545 
vn 0 0.587785 -0.809017 
vn 0 0.5 -0.866025 
vn 0 0.669131 -0.743145 
vn 0 0.587785 -0.809017 
vn 0 0.743145 -0.669131 
vn 0 0.669131 -0.743145 
vn 0 0.809017 -0.587785 
vn 0 0.743145 -0.669131 
vn 0 0.866025 -0.5 
vn 0 0.809017 -0.587785 
vn 0 0.838671 -0.544639 
vn 0 0.913545 -0.406737 
vn 0 0.866025 -0.5 
vn 0 0.891007 -0.45399 
vn 0 0.951057 -0.309017 
vn 0 0.913545 -0.406737 
vn 0 0.93358 -0.358368 
vn 0 0.978148 -0.207912 
vn 0 0.951057 -0.309017 
vn 0 0.965926 -0.258819 
vn 0 0.994522 -0.104528 
vn 0 0.978148 -0.207912 
vn 0 0.987688 -0.156434 
vn 0 1 6.12323e-17 
vn 0 0.994522 -0.104528 
vn 0 0.99863 -0.052336 
vn 0 1 6.12323e-17 
vn 0 0 -1 
vn 0 -1 0 
vn 0 -0.104528 -0.994522 
vn 0 0 -1 
vn 0 -0.207912 -0.978148 
vn 0.00354254 -0.104468 -0.994522 
vn 0 -0.309017 -0.951057 
vn 0.00704626 -0.207792 -0.978148 
vn 0 -0.406737 -0.913545 
vn 0.0104728 -0.308839 -0.951057 
vn 0 -0.5 -0.866025 
vn 0.0137846 -0.406503 -0.913545 
vn 0 -0.587785 -0.809017 
vn 0.0169453 -0.499713 -0.866025 
vn 0 -0.669131 -0.743145 
vn 0.0199204 -0.587448 -0.809017 
vn 0 -0.743145 -0.669131 
vn 0.0226773 -0.668746 -0.743145 
vn 0 -0.809017 -0.587785 
vn 0.0251857 -0.742718 -0.669131 
vn 0 -0.866025 -0.5 
vn 0.0274181 -0.808552 -0.587785 
vn 0 -0.913545 -0.406737 
vn 0.0293502 -0.865528 -0.5 
vn 0 -0.951057 -0.309017 
vn 0.0309607 -0.913021 -0.406737 
vn 0 -0.978148 -0.207912 
vn 0.0322319 -0.95051 -0.309017 
vn 0 -0.994522 -0.104528 
vn 0.0331501 -0.977586 -0.207912 
vn 0 -1 0 
vn 0.033705 -0.993951 -0.104528 
vn 0 0 -1 
vn 0.00735137 -0.10427 -0.994522 
vn 0.0146222 -0.207397 -0.978148 
vn 0.0217328 -0.308252 -0.951057 
vn 0.0286053 -0.40573 -0.913545 
vn 0.0351644 -0.498762 -0.866025 
vn 0.0413383 -0.58633 -0.809017 
vn 0.0470592 -0.667474 -0.743145 
vn 0.0522645 -0.741305 -0.669131 
vn 0.0568973 -0.807014 -0.587785 
vn 0.0609066 -0.863881 -0.5 
vn 0.0642486 -0.911283 -0.406737 
vn 0.0668867 -0.948702 -0.309017 
vn 0.068792 -0.975726 -0.207912 
vn 0.0699436 -0.992059 -0.104528 
vn 0.0703289 -0.997524 0 
vn 0.0456539 -0.998957 0 
vn 0 0 -1 
vn 0.0114424 -0.1039 -0.994522 
vn 0.0227594 -0.206662 -0.978148 
vn 0.0338271 -0.30716 -0.951057 
vn 0.0445241 -0.404292 -0.913545 
vn 0.0547333 -0.496995 -0.866025 
vn 0.0643429 -0.584253 -0.809017 
vn 0.0732475 -0.665109 -0.743145 
vn 0.0813496 -0.738679 -0.669131 
vn 0.0885604 -0.804155 -0.587785 
vn 0.0948009 -0.860821 -0.5 
vn 0.100003 -0.908055 -0.406737 
vn 0.104109 -0.945341 -0.309017 
vn 0.107075 -0.972269 -0.207912 
vn 0.108867 -0.988545 -0.104528 
vn 0 0 -1 
vn 0.0158308 -0.103323 -0.994522 
vn 0.0314882 -0.205513 -0.978148 
vn 0.0468006 -0.305452 -0.951057 
vn 0.0616002 -0.402045 -0.913545 
vn 0.0757249 -0.494232 -0.866025 
vn 0.08902 -0.581005 -0.809017 
vn 0.10134 -0.661412 -0.743145 
vn 0.112549 -0.734573 -0.669131 
vn 0.122525 -0.799685 -0.587785 
vn 0.131159 -0.856036 -0.5 
vn 0.138356 -0.903008 -0.406737 
vn 0.144037 -0.940086 -0.309017 
vn 0.14814 -0.966865 -0.207912 
vn 0.15062 -0.98305 -0.104528 
vn 0.15145 -0.988465 0 
vn 0.117606 -0.99306 0 
vn 0 0 -1 
vn 0.0164755 -0.103222 -0.994522 
vn 0.0327705 -0.205313 -0.978148 
vn 0.0487064 -0.305154 -0.951057 
vn 0.0641087 -0.401653 -0.913545 
vn 0.0788086 -0.49375 -0.866025 
vn 0.0926451 -0.580438 -0.809017 
vn 0.105467 -0.660767 -0.743145 
vn 0.117132 -0.733856 -0.669131 
vn 0.127515 -0.798905 -0.587785 
vn 0.136501 -0.8552 -0.5 
vn 0.143991 -0.902126 -0.406737 
vn 0.149903 -0.939169 -0.309017 
vn 0.154173 -0.965921 -0.207912 
vn 0.156754 -0.982091 -0.104528 
vn 0 0 -1 
vn 0.0204782 -0.102503 -0.994522 
vn 0.040732 -0.203883 -0.978148 
vn 0.0605395 -0.303029 -0.951057 
vn 0.0796838 -0.398855 -0.913545 
vn 0.097955 -0.490311 -0.866025 
vn 0.115153 -0.576395 -0.809017 
vn 0.131089 -0.656164 -0.743145 
vn 0.14559 -0.728744 -0.669131 
vn 0.158495 -0.79334 -0.587785 
vn 0.169663 -0.849243 -0.5 
vn 0.178973 -0.895843 -0.406737 
vn 0.186322 -0.932627 -0.309017 
vn 0.191629 -0.959193 -0.207912 
vn 0.194837 -0.97525 -0.104528 
vn 0.195 -0.980803 0 
vn 0.19591 -0.980622 0 
vn 0 0 -1 
vn 0.024683 -0.101572 -0.994522 
vn 0.0490956 -0.202032 -0.978148 
vn 0.0729702 -0.300278 -0.951057 
vn 0.0960454 -0.395234 -0.913545 
vn 0.118068 -0.48586 -0.866025 
vn 0.138798 -0.571163 -0.809017 
vn 0.158006 -0.650208 -0.743145 
vn 0.175484 -0.722129 -0.669131 
vn 0.191039 -0.786138 -0.587785 
vn 0.2045 -0.841534 -0.5 
vn 0.215721 -0.88771 -0.406737 
vn 0.224579 -0.924161 -0.309017 
vn 0.230976 -0.950485 -0.207912 
vn 0.234843 -0.966397 -0.104528 
vn 0 0 -1 
vn 0.0290818 -0.100401 -0.994522 
vn 0.0578449 -0.199703 -0.978148 
vn 0.0859743 -0.296816 -0.951057 
vn 0.113162 -0.390678 -0.913545 
vn 0.139109 -0.480259 -0.866025 
vn 0.163533 -0.564578 -0.809017 
vn 0.186165 -0.642712 -0.743145 
vn 0.206757 -0.713804 -0.669131 
vn 0.225084 -0.777075 -0.587785 
vn 0.240944 -0.831833 -0.5 
vn 0.254165 -0.877477 -0.406737 
vn 0.264602 -0.913507 -0.309017 
vn 0.272139 -0.939528 -0.207912 
vn 0.276695 -0.955256 -0.104528 
vn 0.277104 -0.96084 0 
vn 0.278219 -0.960518 0 
vn 0 0 -1 
vn 0.0336621 -0.0989599 -0.994522 
vn 0.0669554 -0.196836 -0.978148 
vn 0.0995151 -0.292555 -0.951057 
vn 0.130984 -0.385069 -0.913545 
vn 0.161019 -0.473363 -0.866025 
vn 0.189289 -0.556472 -0.809017 
vn 0.215485 -0.633484 -0.743145 
vn 0.239321 -0.703555 -0.669131 
vn 0.260534 -0.765918 -0.587785 
vn 0.278893 -0.81989 -0.5 
vn 0.294196 -0.864878 -0.406737 
vn 0.306276 -0.900391 -0.309017 
vn 0.315 -0.926039 -0.207912 
vn 0.320273 -0.941541 -0.104528 
vn 0 0 -1 
vn 0.0384047 -0.0972177 -0.994522 
vn 0.0763887 -0.19337 -0.978148 
vn 0.113536 -0.287404 -0.951057 
vn 0.149439 -0.378289 -0.913545 
vn 0.183705 -0.46503 -0.866025 
vn 0.215958 -0.546675 -0.809017 
vn 0.245845 -0.622331 -0.743145 
vn 0.273038 -0.691169 -0.669131 
vn 0.29724 -0.752434 -0.587785 
vn 0.318186 -0.805455 -0.5 
vn 0.335645 -0.849651 -0.406737 
vn 0.349427 -0.884539 -0.309017 
vn 0.359381 -0.909735 -0.207912 
vn 0.365397 -0.924964 -0.104528 
vn 0.362711 -0.931902 0 
vn 0.367409 -0.930059 0 
vn 0 0 -1 
vn 0.0432829 -0.0951462 -0.994522 
vn 0.0860915 -0.18925 -0.978148 
vn 0.127957 -0.28128 -0.951057 
vn 0.16842 -0.370229 -0.913545 
vn 0.207039 -0.455121 -0.866025 
vn 0.243389 -0.535027 -0.809017 
vn 0.277072 -0.609071 -0.743145 
vn 0.30772 -0.676441 -0.669131 
vn 0.334996 -0.736401 -0.587785 
vn 0.358602 -0.788292 -0.5 
vn 0.378279 -0.831547 -0.406737 
vn 0.393811 -0.865691 -0.309017 
vn 0.405029 -0.890351 -0.207912 
vn 0.411809 -0.905255 -0.104528 
vn 0 0 -1 
vn 0.0482614 -0.0927202 -0.994522 
vn 0.0959941 -0.184425 -0.978148 
vn 0.142675 -0.274108 -0.951057 
vn 0.187793 -0.360789 -0.913545 
vn 0.230853 -0.443517 -0.866025 
vn 0.271384 -0.521385 -0.809017 
vn 0.308942 -0.593541 -0.743145 
vn 0.343114 -0.659194 -0.669131 
vn 0.373528 -0.717625 -0.587785 
vn 0.399849 -0.768193 -0.5 
vn 0.421789 -0.810345 -0.406737 
vn 0.439108 -0.843619 -0.309017 
vn 0.451617 -0.867649 -0.207912 
vn 0.459177 -0.882174 -0.104528 
vn 0.450091 -0.892983 0 
vn 0.461706 -0.887033 0 
vn 0 0 -1 
vn 0.052301 -0.0905031 -0.994522 
vn 0.104029 -0.180015 -0.978148 
vn 0.154617 -0.267554 -0.951057 
vn 0.203511 -0.352162 -0.913545 
vn 0.250176 -0.432911 -0.866025 
vn 0.294099 -0.508918 -0.809017 
vn 0.3348 -0.579348 -0.743145 
vn 0.371834 -0.643431 -0.669131 
vn 0.404793 -0.700465 -0.587785 
vn 0.433317 -0.749824 -0.5 
vn 0.457094 -0.790968 -0.406737 
vn 0.475863 -0.823446 -0.309017 
vn 0.489418 -0.846902 -0.207912 
vn 0.49761 -0.861079 -0.104528 
vn 0 0 -1 
vn 0.0571886 -0.0874966 -0.994522 
vn 0.113751 -0.174035 -0.978148 
vn 0.169066 -0.258666 -0.951057 
vn 0.22253 -0.340463 -0.913545 
vn 0.273555 -0.41853 -0.866025 
vn 0.321583 -0.492012 -0.809017 
vn 0.366088 -0.560103 -0.743145 
vn 0.406582 -0.622057 -0.669131 
vn 0.442622 -0.677196 -0.587785 
vn 0.473811 -0.724916 -0.5 
vn 0.49981 -0.764693 -0.406737 
vn 0.520333 -0.796092 -0.309017 
vn 0.535155 -0.818769 -0.207912 
vn 0.544113 -0.832475 -0.104528 
vn 0.537051 -0.84355 0 
vn 0.54711 -0.83706 0 
vn 0 0 -1 
vn 0.0619973 -0.0841578 -0.994522 
vn 0.123315 -0.167394 -0.978148 
vn 0.183282 -0.248795 -0.951057 
vn 0.241241 -0.327471 -0.913545 
vn 0.296557 -0.402559 -0.866025 
vn 0.348623 -0.473237 -0.809017 
vn 0.396871 -0.53873 -0.743145 
vn 0.440769 -0.59832 -0.669131 
vn 0.479839 -0.651355 -0.587785 
vn 0.513652 -0.697253 -0.5 
vn 0.541836 -0.735513 -0.406737 
vn 0.564085 -0.765713 -0.309017 
vn 0.580153 -0.787525 -0.207912 
vn 0.589865 -0.800708 -0.104528 
vn 0 0 -1 
vn 0.0666734 -0.0805037 -0.994522 
vn 0.132616 -0.160125 -0.978148 
vn 0.197106 -0.237993 -0.951057 
vn 0.259437 -0.313253 -0.913545 
vn 0.318925 -0.38508 -0.866025 
vn 0.374919 -0.452689 -0.809017 
vn 0.426805 -0.515338 -0.743145 
vn 0.474015 -0.572341 -0.669131 
vn 0.516031 -0.623073 -0.587785 
vn 0.552394 -0.666979 -0.5 
vn 0.582705 -0.703577 -0.406737 
vn 0.606631 -0.732467 -0.309017 
vn 0.623911 -0.753331 -0.207912 
vn 0.634355 -0.765942 -0.104528 
vn 0.620352 -0.784324 0 
vn 0.63785 -0.770161 0 
vn 0 0 -1 
vn 0.0711657 -0.0765614 -0.994522 
vn 0.141552 -0.152284 -0.978148 
vn 0.210387 -0.226338 -0.951057 
vn 0.276917 -0.297912 -0.913545 
vn 0.340413 -0.366223 -0.866025 
vn 0.40018 -0.43052 -0.809017 
vn 0.455562 -0.490101 -0.743145 
vn 0.505952 -0.544313 -0.669131 
vn 0.5508 -0.592561 -0.587785 
vn 0.589613 -0.634316 -0.5 
vn 0.621966 -0.669122 -0.406737 
vn 0.647504 -0.696597 -0.309017 
vn 0.665948 -0.716439 -0.207912 
vn 0.677096 -0.728433 -0.104528 
vn 0.072962 -0.0748515 -0.994522 
vn 0.145125 -0.148883 -0.978148 
vn 0.215697 -0.221283 -0.951057 
vn 0.283906 -0.291259 -0.913545 
vn 0.349005 -0.358044 -0.866025 
vn 0.41028 -0.420906 -0.809017 
vn 0.46706 -0.479156 -0.743145 
vn 0.518723 -0.532157 -0.669131 
vn 0.564702 -0.579327 -0.587785 
vn 0.604495 -0.62015 -0.5 
vn 0.637664 -0.654179 -0.406737 
vn 0.663847 -0.68104 -0.309017 
vn 0.682757 -0.700439 -0.207912 
vn 0.694187 -0.712165 -0.104528 
vn 0.69801 -0.716088 0 
vn 0.680826 -0.732445 0 
vn 0 0 -1 
vn 0.593114 -0.805119 0 
vn 0.500351 -0.865822 0 
vn 0.414077 -0.910242 0 
vn 0.322038 -0.946727 0 
vn 0.236137 -0.97172 0 
vn 0.157617 -0.9875 0 
vn 0.109467 -0.99399 0 
vn 0.0338907 -0.999426 0 
vn 0 -1 1.83697e-16 
vn 0 -0.99863 -0.052336 
vn 0 -0.994522 -0.104528 
vn 0 -1 1.73472e-16 
vn 0 -0.987688 -0.156434 
vn 0 -0.978148 -0.207912 
vn 0 -0.965926 -0.258819 
vn 0 -0.951057 -0.309017 
vn 0 -0.93358 -0.358368 
vn 0 -0.913545 -0.406737 
vn 0 -0.891007 -0.45399 
vn 0 -0.866025 -0.5 
vn 0 -0.838671 -0.544639 
vn 0 -0.809017 -0.587785 
vn 0 -0.743145 -0.669131 
vn 0 -0.669131 -0.743145 
vn 0 -0.587785 -0.809017 
vn 0 -0.5 -0.866025 
vn 0 -0.406737 -0.913545 
vn 0 -0.309017 -0.951057 
vn 0 -0.207912 -0.978148 
vn 0 -0.104528 -0.994522 
vn 0 0 -1 
vn -0.99863 0 -0.052336 
vn -0.994522 0 -0.104528 
vn -1 0 1.83697e-16 
vn -0.987688 0 -0.156434 
vn -0.978148 0 -0.207912 
vn -0.965926 0 -0.258819 
vn -0.951057 0 -0.309017 
vn -0.93358 0 -0.358368 
vn -0.913545 0 -0.406737 
vn -0.891007 0 -0.45399 
vn -0.866025 0 -0.5 
vn -0.838671 0 -0.544639 
vn -0.809017 0 -0.587785 
vn -0.743145 0 -0.669131 
vn -0.669131 0 -0.743145 
vn -0.587785 0 -0.809017 
vn -0.5 0 -0.866025 
vn -0.406737 0 -0.913545 
vn -0.309017 0 -0.951057 
vn -0.207912 0 -0.978148 
vn -0.104528 0 -0.994522 
vn 0 0 -1 
vn -0.5 0 -0.866025 
usemtl 0.615686_0.811765_0.929412_0.000000_0.000000
o mesh0
f 1//1 2//2 3//3 
f 4//4 1//1 5//5 
f 5//5 6//4 4//4 
f 7//6 3//3 2//2 
f 2//2 8//6 7//6 
f 6//4 9//7 10//8 
f 11//9 12//9 13//10 
f 10//8 9//7 14//11 
f 14//11 13//10 10//8 
f 13//10 14//11 11//9 
f 12//9 11//9 15//12 
f 16//13 15//12 17//14 
f 18//15 19//15 20//16 
f 20//16 17//14 18//15 
f 17//14 20//16 16//13 
f 21//17 22//18 23//19 
f 19//15 18//15 22//18 
f 22//18 21//17 24//20 
f 24//20 25//21 22//18 
f 22//18 25//21 19//15 
f 26//22 27//23 28//24 
f 29//25 28//24 27//23 
f 27//23 21//17 29//25 
f 21//17 30//26 29//25 
f 31//27 32//27 33//28 
f 33//28 34//29 35//30 
f 35//30 36//31 33//28 
f 37//32 35//30 34//29 
f 34//29 26//22 37//32 
f 38//33 39//34 40//35 
f 41//36 42//36 43//37 
f 43//37 40//35 41//36 
f 32//27 31//27 39//34 
f 39//34 38//33 32//27 
f 42//36 41//36 44//38 
f 45//39 44//38 46//40 
f 46//40 47//41 45//39 
f 44//38 45//39 42//36 
f 46//40 48//41 47//41 
f 40//35 43//37 38//33 
f 33//28 36//31 31//27 
f 28//24 37//32 26//22 
f 23//19 30//26 21//17 
f 15//12 16//13 12//9 
f 10//8 4//4 6//4 
f 3//3 5//5 1//1 
o mesh1
f 49//42 50//42 51//43 
f 52//44 53//45 54//46 
f 53//45 51//43 54//46 
f 54//46 55//47 52//44 
f 56//48 57//49 58//50 
f 58//50 59//51 56//48 
f 58//50 50//42 59//51 
f 50//42 49//42 59//51 
f 60//52 61//53 62//54 
f 62//54 63//55 60//52 
f 62//54 64//56 63//55 
f 65//57 63//55 64//56 
f 66//58 67//58 65//57 
f 64//56 66//58 65//57 
f 67//58 66//58 68//59 
f 69//60 70//60 71//61 
f 71//61 68//59 69//60 
f 72//62 73//63 74//64 
f 69//60 75//65 76//66 
f 75//65 74//64 73//63 
f 73//63 76//66 75//65 
f 76//66 70//60 69//60 
f 77//67 78//68 79//69 
f 80//70 79//69 78//68 
f 78//68 81//71 80//70 
f 82//72 80//70 81//71 
f 81//71 72//62 82//72 
f 83//73 84//74 85//75 
f 84//74 86//76 87//77 
f 86//76 88//78 87//77 
f 87//77 85//75 84//74 
f 89//79 90//79 88//78 
f 88//78 86//76 89//79 
f 91//80 92//81 93//82 
f 94//83 95//83 92//81 
f 92//81 91//80 94//83 
f 90//79 89//79 96//84 
f 96//84 93//82 90//79 
f 8//85 95//83 94//83 
f 94//83 7//85 8//85 
f 93//82 96//84 91//80 
f 85//75 77//67 83//73 
f 79//69 83//73 77//67 
f 74//64 82//72 72//62 
f 68//59 71//61 67//58 
f 60//52 57//49 61//53 
f 56//48 61//53 57//49 
f 51//43 53//45 49//42 
o mesh2
f 97//86 98//86 143//87 
f 99//88 143//87 144//89 
f 100//90 144//89 145//91 
f 101//92 145//91 146//93 
f 102//94 146//93 147//95 
f 103//96 147//95 148//97 
f 104//98 148//97 149//99 
f 105//100 149//99 150//101 
f 106//102 150//101 151//103 
f 107//104 151//103 152//105 
f 108//106 152//105 153//107 
f 109//108 153//107 154//109 
f 110//110 154//109 155//111 
f 111//112 155//111 156//113 
f 112//114 156//113 3//115 
f 98//86 113//116 157//117 
f 144//89 143//87 157//117 
f 145//91 144//89 158//118 
f 146//93 145//91 159//119 
f 147//95 146//93 160//120 
f 148//97 147//95 161//121 
f 149//99 148//97 162//122 
f 150//101 149//99 163//123 
f 151//103 150//101 164//124 
f 152//105 151//103 165//125 
f 153//107 152//105 166//126 
f 154//109 153//107 167//127 
f 155//111 154//109 168//128 
f 156//113 155//111 169//129 
f 156//113 170//130 5//131 
f 113//116 114//132 171//133 
f 158//118 157//117 171//133 
f 159//119 158//118 172//134 
f 160//120 159//119 173//135 
f 161//121 160//120 174//136 
f 162//122 161//121 175//137 
f 163//123 162//122 176//138 
f 164//124 163//123 177//139 
f 165//125 164//124 178//140 
f 166//126 165//125 179//141 
f 167//127 166//126 180//142 
f 168//128 167//127 181//143 
f 169//129 168//128 182//144 
f 170//130 169//129 183//145 
f 184//146 9//147 6//148 
f 6//148 170//130 184//146 
f 114//132 115//149 185//150 
f 172//134 171//133 185//150 
f 173//135 172//134 186//151 
f 174//136 173//135 187//152 
f 175//137 174//136 188//153 
f 176//138 175//137 189//154 
f 177//139 176//138 190//155 
f 178//140 177//139 191//156 
f 179//141 178//140 192//157 
f 180//142 179//141 193//158 
f 181//143 180//142 194//159 
f 182//144 181//143 195//160 
f 183//145 182//144 196//161 
f 184//146 183//145 197//162 
f 184//146 198//163 14//164 
f 115//149 116//165 199//166 
f 186//151 185//150 199//166 
f 187//152 186//151 200//167 
f 188//153 187//152 201//168 
f 189//154 188//153 202//169 
f 190//155 189//154 203//170 
f 191//156 190//155 204//171 
f 192//157 191//156 205//172 
f 193//158 192//157 206//173 
f 194//159 193//158 207//174 
f 195//160 194//159 208//175 
f 196//161 195//160 209//176 
f 197//162 196//161 210//177 
f 198//163 197//162 211//178 
f 198//163 212//179 11//180 
f 212//179 15//181 11//180 
f 116//165 117//182 213//183 
f 200//167 199//166 213//183 
f 201//168 200//167 214//184 
f 202//169 201//168 215//185 
f 203//170 202//169 216//186 
f 204//171 203//170 217//187 
f 205//172 204//171 218//188 
f 206//173 205//172 219//189 
f 207//174 206//173 220//190 
f 208//175 207//174 221//191 
f 209//176 208//175 222//192 
f 210//177 209//176 223//193 
f 211//178 210//177 224//194 
f 212//179 211//178 225//195 
f 212//179 226//196 17//197 
f 117//182 118//198 227//199 
f 214//184 213//183 227//199 
f 215//185 214//184 228//200 
f 216//186 215//185 229//201 
f 217//187 216//186 230//202 
f 218//188 217//187 231//203 
f 219//189 218//188 232//204 
f 220//190 219//189 233//205 
f 221//191 220//190 234//206 
f 222//192 221//191 235//207 
f 223//193 222//192 236//208 
f 224//194 223//193 237//209 
f 225//195 224//194 238//210 
f 226//196 225//195 239//211 
f 226//196 240//212 18//213 
f 240//212 22//214 18//213 
f 118//198 119//215 241//216 
f 228//200 227//199 241//216 
f 229//201 228//200 242//217 
f 230//202 229//201 243//218 
f 231//203 230//202 244//219 
f 232//204 231//203 245//220 
f 233//205 232//204 246//221 
f 234//206 233//205 247//222 
f 235//207 234//206 248//223 
f 236//208 235//207 249//224 
f 237//209 236//208 250//225 
f 238//210 237//209 251//226 
f 239//211 238//210 252//227 
f 240//212 239//211 253//228 
f 240//212 254//229 23//230 
f 119//215 120//231 255//232 
f 242//217 241//216 255//232 
f 243//218 242//217 256//233 
f 244//219 243//218 257//234 
f 245//220 244//219 258//235 
f 246//221 245//220 259//236 
f 247//222 246//221 260//237 
f 248//223 247//222 261//238 
f 249//224 248//223 262//239 
f 250//225 249//224 263//240 
f 251//226 250//225 264//241 
f 252//227 251//226 265//242 
f 253//228 252//227 266//243 
f 254//229 253//228 267//244 
f 254//229 268//245 30//246 
f 268//245 29//247 30//246 
f 120//231 121//248 269//249 
f 256//233 255//232 269//249 
f 257//234 256//233 270//250 
f 258//235 257//234 271//251 
f 259//236 258//235 272//252 
f 260//237 259//236 273//253 
f 261//238 260//237 274//254 
f 262//239 261//238 275//255 
f 263//240 262//239 276//256 
f 264//241 263//240 277//257 
f 265//242 264//241 278//258 
f 266//243 265//242 279//259 
f 267//244 266//243 280//260 
f 268//245 267//244 281//261 
f 268//245 282//262 28//263 
f 121//248 122//264 283//265 
f 270//250 269//249 283//265 
f 271//251 270//250 284//266 
f 272//252 271//251 285//267 
f 273//253 272//252 286//268 
f 274//254 273//253 287//269 
f 275//255 274//254 288//270 
f 276//256 275//255 289//271 
f 277//257 276//256 290//272 
f 278//258 277//257 291//273 
f 279//259 278//258 292//274 
f 280//260 279//259 293//275 
f 281//261 280//260 294//276 
f 282//262 281//261 295//277 
f 282//262 296//278 37//279 
f 296//278 35//280 37//279 
f 122//264 123//281 297//282 
f 284//266 283//265 297//282 
f 285//267 284//266 298//283 
f 286//268 285//267 299//284 
f 287//269 286//268 300//285 
f 288//270 287//269 301//286 
f 289//271 288//270 302//287 
f 290//272 289//271 303//288 
f 291//273 290//272 304//289 
f 292//274 291//273 305//290 
f 293//275 292//274 306//291 
f 294//276 293//275 307//292 
f 295//277 294//276 308//293 
f 296//278 295//277 309//294 
f 296//278 310//295 36//296 
f 123//281 124//297 311//298 
f 298//283 297//282 311//298 
f 299//284 298//283 312//299 
f 300//285 299//284 313//300 
f 301//286 300//285 314//301 
f 302//287 301//286 315//302 
f 303//288 302//287 316//303 
f 304//289 303//288 317//304 
f 305//290 304//289 318//305 
f 306//291 305//290 319//306 
f 307//292 306//291 320//307 
f 308//293 307//292 321//308 
f 309//294 308//293 322//309 
f 310//295 309//294 323//310 
f 310//295 324//311 31//312 
f 324//311 39//313 31//312 
f 124//297 125//314 325//315 
f 312//299 311//298 325//315 
f 313//300 312//299 326//316 
f 314//301 313//300 327//317 
f 315//302 314//301 328//318 
f 316//303 315//302 329//319 
f 317//304 316//303 330//320 
f 318//305 317//304 331//321 
f 319//306 318//305 332//322 
f 320//307 319//306 333//323 
f 321//308 320//307 334//324 
f 322//309 321//308 335//325 
f 323//310 322//309 336//326 
f 324//311 323//310 337//327 
f 324//311 338//328 40//329 
f 125//314 126//330 339//331 
f 326//316 325//315 339//331 
f 327//317 326//316 340//332 
f 328//318 327//317 341//333 
f 329//319 328//318 342//334 
f 330//320 329//319 343//335 
f 331//321 330//320 344//336 
f 332//322 331//321 345//337 
f 333//323 332//322 346//338 
f 334//324 333//323 347//339 
f 335//325 334//324 348//340 
f 336//326 335//325 349//341 
f 337//327 336//326 350//342 
f 338//328 337//327 351//343 
f 352//344 44//345 41//346 
f 41//346 338//328 352//344 
f 126//330 127//347 353//348 
f 340//332 339//331 353//348 
f 341//333 340//332 354//349 
f 342//334 341//333 355//350 
f 343//335 342//334 356//351 
f 344//336 343//335 357//352 
f 345//337 344//336 358//353 
f 346//338 345//337 359//354 
f 347//339 346//338 360//355 
f 348//340 347//339 361//356 
f 349//341 348//340 362//357 
f 350//342 349//341 363//358 
f 351//343 350//342 364//359 
f 352//344 351//343 365//360 
f 352//344 366//361 46//362 
f 127//347 128//363 129//364 
f 353//348 129//364 130//365 
f 354//349 130//365 131//366 
f 355//350 131//366 132//367 
f 356//351 132//367 133//368 
f 357//352 133//368 134//369 
f 358//353 134//369 135//370 
f 359//354 135//370 136//371 
f 360//355 136//371 137//372 
f 361//356 137//372 138//373 
f 362//357 138//373 139//374 
f 363//358 139//374 140//375 
f 364//359 140//375 141//376 
f 365//360 141//376 142//377 
f 366//361 142//377 48//378 
f 48//378 46//362 366//361 
f 142//377 366//361 365//360 
f 141//376 365//360 364//359 
f 140//375 364//359 363//358 
f 139//374 363//358 362//357 
f 138//373 362//357 361//356 
f 137//372 361//356 360//355 
f 136//371 360//355 359//354 
f 135//370 359//354 358//353 
f 134//369 358//353 357//352 
f 133//368 357//352 356//351 
f 132//367 356//351 355//350 
f 131//366 355//350 354//349 
f 130//365 354//349 353//348 
f 129//364 353//348 127//347 
f 46//362 44//345 352//344 
f 365//360 366//361 352//344 
f 364//359 365//360 351//343 
f 363//358 364//359 350//342 
f 362//357 363//358 349//341 
f 361//356 362//357 348//340 
f 360//355 361//356 347//339 
f 359//354 360//355 346//338 
f 358//353 359//354 345//337 
f 357//352 358//353 344//336 
f 356//351 357//352 343//335 
f 355//350 356//351 342//334 
f 354//349 355//350 341//333 
f 353//348 354//349 340//332 
f 353//348 339//331 126//330 
f 41//346 40//329 338//328 
f 351//343 352//344 338//328 
f 350//342 351//343 337//327 
f 349//341 350//342 336//326 
f 348//340 349//341 335//325 
f 347//339 348//340 334//324 
f 346//338 347//339 333//323 
f 345//337 346//338 332//322 
f 344//336 345//337 331//321 
f 343//335 344//336 330//320 
f 342//334 343//335 329//319 
f 341//333 342//334 328//318 
f 340//332 341//333 327//317 
f 339//331 340//332 326//316 
f 339//331 325//315 125//314 
f 40//329 39//313 324//311 
f 337//327 338//328 324//311 
f 336//326 337//327 323//310 
f 335//325 336//326 322//309 
f 334//324 335//325 321//308 
f 333//323 334//324 320//307 
f 332//322 333//323 319//306 
f 331//321 332//322 318//305 
f 330//320 331//321 317//304 
f 329//319 330//320 316//303 
f 328//318 329//319 315//302 
f 327//317 328//318 314//301 
f 326//316 327//317 313//300 
f 325//315 326//316 312//299 
f 325//315 311//298 124//297 
f 31//312 36//296 310//295 
f 323//310 324//311 310//295 
f 322//309 323//310 309//294 
f 321//308 322//309 308//293 
f 320//307 321//308 307//292 
f 319//306 320//307 306//291 
f 318//305 319//306 305//290 
f 317//304 318//305 304//289 
f 316//303 317//304 303//288 
f 315//302 316//303 302//287 
f 314//301 315//302 301//286 
f 313//300 314//301 300//285 
f 312//299 313//300 299//284 
f 311//298 312//299 298//283 
f 311//298 297//282 123//281 
f 36//296 35//280 296//278 
f 309//294 310//295 296//278 
f 308//293 309//294 295//277 
f 307//292 308//293 294//276 
f 306//291 307//292 293//275 
f 305//290 306//291 292//274 
f 304//289 305//290 291//273 
f 303//288 304//289 290//272 
f 302//287 303//288 289//271 
f 301//286 302//287 288//270 
f 300//285 301//286 287//269 
f 299//284 300//285 286//268 
f 298//283 299//284 285//267 
f 297//282 298//283 284//266 
f 297//282 283//265 122//264 
f 37//279 28//263 282//262 
f 295//277 296//278 282//262 
f 294//276 295//277 281//261 
f 293//275 294//276 280//260 
f 292//274 293//275 279//259 
f 291//273 292//274 278//258 
f 290//272 291//273 277//257 
f 289//271 290//272 276//256 
f 288//270 289//271 275//255 
f 287//269 288//270 274//254 
f 286//268 287//269 273//253 
f 285//267 286//268 272//252 
f 284//266 285//267 271//251 
f 283//265 284//266 270//250 
f 283//265 269//249 121//248 
f 28//263 29//247 268//245 
f 281//261 282//262 268//245 
f 280//260 281//261 267//244 
f 279//259 280//260 266//243 
f 278//258 279//259 265//242 
f 277//257 278//258 264//241 
f 276//256 277//257 263//240 
f 275//255 276//256 262//239 
f 274//254 275//255 261//238 
f 273//253 274//254 260//237 
f 272//252 273//253 259//236 
f 271//251 272//252 258//235 
f 270//250 271//251 257//234 
f 269//249 270//250 256//233 
f 269//249 255//232 120//231 
f 30//246 23//230 254//229 
f 267//244 268//245 254//229 
f 266//243 267//244 253//228 
f 265//242 266//243 252//227 
f 264//241 265//242 251//226 
f 263//240 264//241 250//225 
f 262//239 263//240 249//224 
f 261//238 262//239 248//223 
f 260//237 261//238 247//222 
f 259//236 260//237 246//221 
f 258//235 259//236 245//220 
f 257//234 258//235 244//219 
f 256//233 257//234 243//218 
f 255//232 256//233 242//217 
f 255//232 241//216 119//215 
f 23//230 22//214 240//212 
f 253//228 254//229 240//212 
f 252//227 253//228 239//211 
f 251//226 252//227 238//210 
f 250//225 251//226 237//209 
f 249//224 250//225 236//208 
f 248//223 249//224 235//207 
f 247//222 248//223 234//206 
f 246//221 247//222 233//205 
f 245//220 246//221 232//204 
f 244//219 245//220 231//203 
f 243//218 244//219 230//202 
f 242//217 243//218 229//201 
f 241//216 242//217 228//200 
f 241//216 227//199 118//198 
f 18//213 17//197 226//196 
f 239//211 240//212 226//196 
f 238//210 239//211 225//195 
f 237//209 238//210 224//194 
f 236//208 237//209 223//193 
f 235//207 236//208 222//192 
f 234//206 235//207 221//191 
f 233//205 234//206 220//190 
f 232//204 233//205 219//189 
f 231//203 232//204 218//188 
f 230//202 231//203 217//187 
f 229//201 230//202 216//186 
f 228//200 229//201 215//185 
f 227//199 228//200 214//184 
f 227//199 213//183 117//182 
f 17//197 15//181 212//179 
f 225//195 226//196 212//179 
f 224//194 225//195 211//178 
f 223//193 224//194 210//177 
f 222//192 223//193 209//176 
f 221//191 222//192 208//175 
f 220//190 221//191 207//174 
f 219//189 220//190 206//173 
f 218//188 219//189 205//172 
f 217//187 218//188 204//171 
f 216//186 217//187 203//170 
f 215//185 216//186 202//169 
f 214//184 215//185 201//168 
f 213//183 214//184 200//167 
f 213//183 199//166 116//165 
f 11//180 14//164 198//163 
f 211//178 212//179 198//163 
f 210//177 211//178 197//162 
f 209//176 210//177 196//161 
f 208//175 209//176 195//160 
f 207//174 208//175 194//159 
f 206//173 207//174 193//158 
f 205//172 206//173 192//157 
f 204//171 205//172 191//156 
f 203//170 204//171 190//155 
f 202//169 203//170 189//154 
f 201//168 202//169 188//153 
f 200//167 201//168 187//152 
f 199//166 200//167 186//151 
f 199//166 185//150 115//149 
f 14//164 9//147 184//146 
f 197//162 198//163 184//146 
f 196//161 197//162 183//145 
f 195//160 196//161 182//144 
f 194//159 195//160 181//143 
f 193//158 194//159 180//142 
f 192//157 193//158 179//141 
f 191//156 192//157 178//140 
f 190//155 191//156 177//139 
f 189//154 190//155 176//138 
f 188//153 189//154 175//137 
f 187//152 188//153 174//136 
f 186//151 187//152 173//135 
f 185//150 186//151 172//134 
f 185//150 171//133 114//132 
f 6//148 5//131 170//130 
f 183//145 184//146 170//130 
f 182//144 183//145 169//129 
f 181//143 182//144 168//128 
f 180//142 181//143 167//127 
f 179//141 180//142 166//126 
f 178//140 179//141 165//125 
f 177//139 178//140 164//124 
f 176//138 177//139 163//123 
f 175//137 176//138 162//122 
f 174//136 175//137 161//121 
f 173//135 174//136 160//120 
f 172//134 173//135 159//119 
f 171//133 172//134 158//118 
f 171//133 157//117 113//116 
f 5//131 3//115 156//113 
f 169//129 170//130 156//113 
f 168//128 169//129 155//111 
f 167//127 168//128 154//109 
f 166//126 167//127 153//107 
f 165//125 166//126 152//105 
f 164//124 165//125 151//103 
f 163//123 164//124 150//101 
f 162//122 163//123 149//99 
f 161//121 162//122 148//97 
f 160//120 161//121 147//95 
f 159//119 160//120 146//93 
f 158//118 159//119 145//91 
f 157//117 158//118 144//89 
f 157//117 143//87 98//86 
f 3//115 7//379 112//114 
f 156//113 112//114 111//112 
f 155//111 111//112 110//110 
f 154//109 110//110 109//108 
f 153//107 109//108 108//106 
f 152//105 108//106 107//104 
f 151//103 107//104 106//102 
f 150//101 106//102 105//100 
f 149//99 105//100 104//98 
f 148//97 104//98 103//96 
f 147//95 103//96 102//94 
f 146//93 102//94 101//92 
f 145//91 101//92 100//90 
f 144//89 100//90 99//88 
f 143//87 99//88 97//86 
o mesh3
f 367//380 368//380 396//381 
f 369//382 396//381 397//383 
f 370//384 397//383 398//385 
f 371//386 398//385 399//387 
f 372//388 399//387 400//389 
f 373//390 400//389 401//391 
f 374//392 401//391 402//393 
f 375//394 402//393 403//395 
f 376//396 403//395 404//397 
f 377//398 404//397 405//399 
f 378//400 405//399 406//401 
f 379//402 406//401 407//403 
f 380//404 407//403 408//405 
f 381//406 408//405 409//407 
f 382//408 409//407 53//409 
f 383//410 410//411 396//381 
f 397//383 396//381 410//411 
f 398//385 397//383 411//412 
f 399//387 398//385 412//413 
f 400//389 399//387 413//414 
f 401//391 400//389 414//415 
f 402//393 401//391 415//416 
f 403//395 402//393 416//417 
f 404//397 403//395 417//418 
f 405//399 404//397 418//419 
f 406//401 405//399 419//420 
f 407//403 406//401 420//421 
f 408//405 407//403 421//422 
f 409//407 408//405 422//423 
f 409//407 423//424 49//425 
f 423//424 59//426 49//425 
f 384//427 424//428 410//411 
f 411//412 410//411 424//428 
f 412//413 411//412 425//429 
f 413//414 412//413 426//430 
f 414//415 413//414 427//431 
f 415//416 414//415 428//432 
f 416//417 415//416 429//433 
f 417//418 416//417 430//434 
f 418//419 417//418 431//435 
f 419//420 418//419 432//436 
f 420//421 419//420 433//437 
f 421//422 420//421 434//438 
f 422//423 421//422 435//439 
f 423//424 422//423 436//440 
f 437//441 56//442 59//426 
f 385//443 438//444 424//428 
f 425//429 424//428 438//444 
f 426//430 425//429 439//445 
f 427//431 426//430 440//446 
f 428//432 427//431 441//447 
f 429//433 428//432 442//448 
f 430//434 429//433 443//449 
f 431//435 430//434 444//450 
f 432//436 431//435 445//451 
f 433//437 432//436 446//452 
f 434//438 433//437 447//453 
f 435//439 434//438 448//454 
f 436//440 435//439 449//455 
f 437//441 436//440 450//456 
f 451//457 62//458 61//459 
f 61//459 437//441 451//457 
f 386//460 452//461 438//444 
f 439//445 438//444 452//461 
f 440//446 439//445 453//462 
f 441//447 440//446 454//463 
f 442//448 441//447 455//464 
f 443//449 442//448 456//465 
f 444//450 443//449 457//466 
f 445//451 444//450 458//467 
f 446//452 445//451 459//468 
f 447//453 446//452 460//469 
f 448//454 447//453 461//470 
f 449//455 448//454 462//471 
f 450//456 449//455 463//472 
f 451//457 450//456 464//473 
f 465//474 64//475 62//458 
f 387//476 466//477 452//461 
f 453//462 452//461 466//477 
f 454//463 453//462 467//478 
f 455//464 454//463 468//479 
f 456//465 455//464 469//480 
f 457//466 456//465 470//481 
f 458//467 457//466 471//482 
f 459//468 458//467 472//483 
f 460//469 459//468 473//484 
f 461//470 460//469 474//485 
f 462//471 461//470 475//486 
f 463//472 462//471 476//487 
f 464//473 463//472 477//488 
f 465//474 464//473 478//489 
f 479//490 68//491 66//492 
f 66//492 465//474 479//490 
f 388//493 480//494 466//477 
f 467//478 466//477 480//494 
f 468//479 467//478 481//495 
f 469//480 468//479 482//496 
f 470//481 469//480 483//497 
f 471//482 470//481 484//498 
f 472//483 471//482 485//499 
f 473//484 472//483 486//500 
f 474//485 473//484 487//501 
f 475//486 474//485 488//502 
f 476//487 475//486 489//503 
f 477//488 476//487 490//504 
f 478//489 477//488 491//505 
f 479//490 478//489 492//506 
f 479//490 493//507 69//508 
f 493//507 75//509 69//508 
f 389//510 494//511 480//494 
f 481//495 480//494 494//511 
f 482//496 481//495 495//512 
f 483//497 482//496 496//513 
f 484//498 483//497 497//514 
f 485//499 484//498 498//515 
f 486//500 485//499 499//516 
f 487//501 486//500 500//517 
f 488//502 487//501 501//518 
f 489//503 488//502 502//519 
f 490//504 489//503 503//520 
f 491//505 490//504 504//521 
f 492//506 491//505 505//522 
f 493//507 492//506 506//523 
f 507//524 74//525 75//509 
f 390//526 508//527 494//511 
f 495//512 494//511 508//527 
f 496//513 495//512 509//528 
f 497//514 496//513 510//529 
f 498//515 497//514 511//530 
f 499//516 498//515 512//531 
f 500//517 499//516 513//532 
f 501//518 500//517 514//533 
f 502//519 501//518 515//534 
f 503//520 502//519 516//535 
f 504//521 503//520 517//536 
f 505//522 504//521 518//537 
f 506//523 505//522 519//538 
f 507//524 506//523 520//539 
f 521//540 80//541 82//542 
f 82//542 507//524 521//540 
f 391//543 522//544 508//527 
f 509//528 508//527 522//544 
f 510//529 509//528 523//545 
f 511//530 510//529 524//546 
f 512//531 511//530 525//547 
f 513//532 512//531 526//548 
f 514//533 513//532 527//549 
f 515//534 514//533 528//550 
f 516//535 515//534 529//551 
f 517//536 516//535 530//552 
f 518//537 517//536 531//553 
f 519//538 518//537 532//554 
f 520//539 519//538 533//555 
f 521//540 520//539 534//556 
f 535//557 79//558 80//541 
f 392//559 536//560 522//544 
f 523//545 522//544 536//560 
f 524//546 523//545 537//561 
f 525//547 524//546 538//562 
f 526//548 525//547 539//563 
f 527//549 526//548 540//564 
f 528//550 527//549 541//565 
f 529//551 528//550 542//566 
f 530//552 529//551 543//567 
f 531//553 530//552 544//568 
f 532//554 531//553 545//569 
f 533//555 532//554 546//570 
f 534//556 533//555 547//571 
f 535//557 534//556 548//572 
f 549//573 84//574 83//575 
f 83//575 535//557 549//573 
f 393//576 550//577 536//560 
f 537//561 536//560 550//577 
f 538//562 537//561 551//578 
f 539//563 538//562 552//579 
f 540//564 539//563 553//580 
f 541//565 540//564 554//581 
f 542//566 541//565 555//582 
f 543//567 542//566 556//583 
f 544//568 543//567 557//584 
f 545//569 544//568 558//585 
f 546//570 545//569 559//586 
f 547//571 546//570 560//587 
f 548//572 547//571 561//588 
f 549//573 548//572 562//589 
f 563//590 86//591 84//574 
f 394//592 564//593 550//577 
f 551//578 550//577 564//593 
f 552//579 551//578 565//594 
f 553//580 552//579 566//595 
f 554//581 553//580 567//596 
f 555//582 554//581 568//597 
f 556//583 555//582 569//598 
f 557//584 556//583 570//599 
f 558//585 557//584 571//600 
f 559//586 558//585 572//601 
f 560//587 559//586 573//602 
f 561//588 560//587 574//603 
f 562//589 561//588 575//604 
f 563//590 562//589 576//605 
f 577//606 96//607 89//608 
f 89//608 563//590 577//606 
f 395//609 578//610 564//593 
f 565//594 564//593 578//610 
f 566//595 565//594 579//611 
f 567//596 566//595 580//612 
f 568//597 567//596 581//613 
f 569//598 568//597 582//614 
f 570//599 569//598 583//615 
f 571//600 570//599 584//616 
f 572//601 571//600 585//617 
f 573//602 572//601 586//618 
f 574//603 573//602 587//619 
f 575//604 574//603 588//620 
f 576//605 575//604 589//621 
f 577//606 576//605 590//622 
f 591//623 91//624 96//607 
f 97//625 99//626 578//610 
f 99//626 100//627 579//611 
f 100//627 101//628 580//612 
f 101//628 102//629 581//613 
f 102//629 103//630 582//614 
f 103//630 104//631 583//615 
f 104//631 105//632 584//616 
f 105//632 106//633 585//617 
f 106//633 107//634 586//618 
f 107//634 108//635 587//619 
f 108//635 109//636 588//620 
f 109//636 110//637 589//621 
f 110//637 111//638 590//622 
f 111//638 112//639 591//623 
f 112//639 7//640 94//641 
f 94//641 591//623 112//639 
f 94//641 91//624 591//623 
f 591//623 590//622 111//638 
f 590//622 589//621 110//637 
f 589//621 588//620 109//636 
f 588//620 587//619 108//635 
f 587//619 586//618 107//634 
f 586//618 585//617 106//633 
f 585//617 584//616 105//632 
f 584//616 583//615 104//631 
f 583//615 582//614 103//630 
f 582//614 581//613 102//629 
f 581//613 580//612 101//628 
f 580//612 579//611 100//627 
f 579//611 578//610 99//626 
f 578//610 395//609 97//625 
f 96//607 577//606 591//623 
f 590//622 591//623 577//606 
f 589//621 590//622 576//605 
f 588//620 589//621 575//604 
f 587//619 588//620 574//603 
f 586//618 587//619 573//602 
f 585//617 586//618 572//601 
f 584//616 585//617 571//600 
f 583//615 584//616 570//599 
f 582//614 583//615 569//598 
f 581//613 582//614 568//597 
f 580//612 581//613 567//596 
f 579//611 580//612 566//595 
f 578//610 579//611 565//594 
f 564//593 394//592 395//609 
f 89//608 86//591 563//590 
f 576//605 577//606 563//590 
f 575//604 576//605 562//589 
f 574//603 575//604 561//588 
f 573//602 574//603 560//587 
f 572//601 573//602 559//586 
f 571//600 572//601 558//585 
f 570//599 571//600 557//584 
f 569//598 570//599 556//583 
f 568//597 569//598 555//582 
f 567//596 568//597 554//581 
f 566//595 567//596 553//580 
f 565//594 566//595 552//579 
f 564//593 565//594 551//578 
f 550//577 393//576 394//592 
f 84//574 549//573 563//590 
f 562//589 563//590 549//573 
f 561//588 562//589 548//572 
f 560//587 561//588 547//571 
f 559//586 560//587 546//570 
f 558//585 559//586 545//569 
f 557//584 558//585 544//568 
f 556//583 557//584 543//567 
f 555//582 556//583 542//566 
f 554//581 555//582 541//565 
f 553//580 554//581 540//564 
f 552//579 553//580 539//563 
f 551//578 552//579 538//562 
f 550//577 551//578 537//561 
f 536//560 392//559 393//576 
f 83//575 79//558 535//557 
f 548//572 549//573 535//557 
f 547//571 548//572 534//556 
f 546//570 547//571 533//555 
f 545//569 546//570 532//554 
f 544//568 545//569 531//553 
f 543//567 544//568 530//552 
f 542//566 543//567 529//551 
f 541//565 542//566 528//550 
f 540//564 541//565 527//549 
f 539//563 540//564 526//548 
f 538//562 539//563 525//547 
f 537//561 538//562 524//546 
f 536//560 537//561 523//545 
f 522//544 391//543 392//559 
f 80//541 521//540 535//557 
f 534//556 535//557 521//540 
f 533//555 534//556 520//539 
f 532//554 533//555 519//538 
f 531//553 532//554 518//537 
f 530//552 531//553 517//536 
f 529//551 530//552 516//535 
f 528//550 529//551 515//534 
f 527//549 528//550 514//533 
f 526//548 527//549 513//532 
f 525//547 526//548 512//531 
f 524//546 525//547 511//530 
f 523//545 524//546 510//529 
f 522//544 523//545 509//528 
f 508//527 390//526 391//543 
f 82//542 74//525 507//524 
f 520//539 521//540 507//524 
f 519//538 520//539 506//523 
f 518//537 519//538 505//522 
f 517//536 518//537 504//521 
f 516//535 517//536 503//520 
f 515//534 516//535 502//519 
f 514//533 515//534 501//518 
f 513//532 514//533 500//517 
f 512//531 513//532 499//516 
f 511//530 512//531 498//515 
f 510//529 511//530 497//514 
f 509//528 510//529 496//513 
f 508//527 509//528 495//512 
f 494//511 389//510 390//526 
f 75//509 493//507 507//524 
f 506//523 507//524 493//507 
f 505//522 506//523 492//506 
f 504//521 505//522 491//505 
f 503//520 504//521 490//504 
f 502//519 503//520 489//503 
f 501//518 502//519 488//502 
f 500//517 501//518 487//501 
f 499//516 500//517 486//500 
f 498//515 499//516 485//499 
f 497//514 498//515 484//498 
f 496//513 497//514 483//497 
f 495//512 496//513 482//496 
f 494//511 495//512 481//495 
f 480//494 388//493 389//510 
f 69//508 68//491 479//490 
f 492//506 493//507 479//490 
f 491//505 492//506 478//489 
f 490//504 491//505 477//488 
f 489//503 490//504 476//487 
f 488//502 489//503 475//486 
f 487//501 488//502 474//485 
f 486//500 487//501 473//484 
f 485//499 486//500 472//483 
f 484//498 485//499 471//482 
f 483//497 484//498 470//481 
f 482//496 483//497 469//480 
f 481//495 482//496 468//479 
f 480//494 481//495 467//478 
f 466//477 387//476 388//493 
f 66//492 64//475 465//474 
f 478//489 479//490 465//474 
f 477//488 478//489 464//473 
f 476//487 477//488 463//472 
f 475//486 476//487 462//471 
f 474//485 475//486 461//470 
f 473//484 474//485 460//469 
f 472//483 473//484 459//468 
f 471//482 472//483 458//467 
f 470//481 471//482 457//466 
f 469//480 470//481 456//465 
f 468//479 469//480 455//464 
f 467//478 468//479 454//463 
f 466//477 467//478 453//462 
f 452//461 386//460 387//476 
f 62//458 451//457 465//474 
f 464//473 465//474 451//457 
f 463//472 464//473 450//456 
f 462//471 463//472 449//455 
f 461//470 462//471 448//454 
f 460//469 461//470 447//453 
f 459//468 460//469 446//452 
f 458//467 459//468 445//451 
f 457//466 458//467 444//450 
f 456//465 457//466 443//449 
f 455//464 456//465 442//448 
f 454//463 455//464 441//447 
f 453//462 454//463 440//446 
f 452//461 453//462 439//445 
f 438//444 385//443 386//460 
f 61//459 56//442 437//441 
f 450//456 451//457 437//441 
f 449//455 450//456 436//440 
f 448//454 449//455 435//439 
f 447//453 448//454 434//438 
f 446//452 447//453 433//437 
f 445//451 446//452 432//436 
f 444//450 445//451 431//435 
f 443//449 444//450 430//434 
f 442//448 443//449 429//433 
f 441//447 442//448 428//432 
f 440//446 441//447 427//431 
f 439//445 440//446 426//430 
f 438//444 439//445 425//429 
f 424//428 384//427 385//443 
f 59//426 423//424 437//441 
f 436//440 437//441 423//424 
f 435//439 436//440 422//423 
f 434//438 435//439 421//422 
f 433//437 434//438 420//421 
f 432//436 433//437 419//420 
f 431//435 432//436 418//419 
f 430//434 431//435 417//418 
f 429//433 430//434 416//417 
f 428//432 429//433 415//416 
f 427//431 428//432 414//415 
f 426//430 427//431 413//414 
f 425//429 426//430 412//413 
f 424//428 425//429 411//412 
f 410//411 383//410 384//427 
f 49//425 53//409 409//407 
f 422//423 423//424 409//407 
f 421//422 422//423 408//405 
f 420//421 421//422 407//403 
f 419//420 420//421 406//401 
f 418//419 419//420 405//399 
f 417//418 418//419 404//397 
f 416//417 417//418 403//395 
f 415//416 416//417 402//393 
f 414//415 415//416 401//391 
f 413//414 414//415 400//389 
f 412//413 413//414 399//387 
f 411//412 412//413 398//385 
f 410//411 411//412 397//383 
f 396//381 368//380 383//410 
f 53//409 52//642 382//408 
f 409//407 382//408 381//406 
f 408//405 381//406 380//404 
f 407//403 380//404 379//402 
f 406//401 379//402 378//400 
f 405//399 378//400 377//398 
f 404//397 377//398 376//396 
f 403//395 376//396 375//394 
f 402//393 375//394 374//392 
f 401//391 374//392 373//390 
f 400//389 373//390 372//388 
f 399//387 372//388 371//386 
f 398//385 371//386 370//384 
f 397//383 370//384 369//382 
f 396//381 369//382 367//380 
o mesh4
f 592//643 644//644 129//645 
f 644//644 645//646 130//647 
f 645//646 646//648 131//649 
f 646//648 647//650 132//651 
f 647//650 648//652 133//653 
f 648//652 649//654 134//655 
f 649//654 650//656 135//657 
f 650//656 651//658 136//659 
f 651//658 652//660 137//661 
f 652//660 653//662 138//663 
f 653//662 654//664 139//665 
f 654//664 655//666 140//667 
f 655//666 656//668 141//669 
f 656//668 657//670 142//671 
f 657//670 593//672 48//673 
f 594//674 658//675 644//644 
f 645//646 644//644 658//675 
f 646//648 645//646 659//676 
f 647//650 646//648 660//677 
f 648//652 647//650 661//678 
f 649//654 648//652 662//679 
f 650//656 649//654 663//680 
f 651//658 650//656 664//681 
f 652//660 651//658 665//682 
f 653//662 652//660 666//683 
f 654//664 653//662 667//684 
f 655//666 654//664 668//685 
f 656//668 655//666 669//686 
f 657//670 656//668 670//687 
f 657//670 671//688 595//689 
f 671//688 596//690 595//689 
f 597//691 672//692 658//675 
f 659//676 658//675 672//692 
f 660//677 659//676 673//693 
f 661//678 660//677 674//694 
f 662//679 661//678 675//695 
f 663//680 662//679 676//696 
f 664//681 663//680 677//697 
f 665//682 664//681 678//698 
f 666//683 665//682 679//699 
f 667//684 666//683 680//700 
f 668//685 667//684 681//701 
f 669//686 668//685 682//702 
f 670//687 669//686 683//703 
f 671//688 670//687 684//704 
f 685//705 598//706 596//690 
f 599//707 686//708 672//692 
f 673//693 672//692 686//708 
f 674//694 673//693 687//709 
f 675//695 674//694 688//710 
f 676//696 675//695 689//711 
f 677//697 676//696 690//712 
f 678//698 677//697 691//713 
f 679//699 678//698 692//714 
f 680//700 679//699 693//715 
f 681//701 680//700 694//716 
f 682//702 681//701 695//717 
f 683//703 682//702 696//718 
f 684//704 683//703 697//719 
f 685//705 684//704 698//720 
f 699//721 600//722 601//723 
f 601//723 685//705 699//721 
f 602//724 700//725 686//708 
f 687//709 686//708 700//725 
f 688//710 687//709 701//726 
f 689//711 688//710 702//727 
f 690//712 689//711 703//728 
f 691//713 690//712 704//729 
f 692//714 691//713 705//730 
f 693//715 692//714 706//731 
f 694//716 693//715 707//732 
f 695//717 694//716 708//733 
f 696//718 695//717 709//734 
f 697//719 696//718 710//735 
f 698//720 697//719 711//736 
f 699//721 698//720 712//737 
f 713//738 603//739 600//722 
f 604//740 714//741 700//725 
f 701//726 700//725 714//741 
f 702//727 701//726 715//742 
f 703//728 702//727 716//743 
f 704//729 703//728 717//744 
f 705//730 704//729 718//745 
f 706//731 705//730 719//746 
f 707//732 706//731 720//747 
f 708//733 707//732 721//748 
f 709//734 708//733 722//749 
f 710//735 709//734 723//750 
f 711//736 710//735 724//751 
f 712//737 711//736 725//752 
f 713//738 712//737 726//753 
f 727//754 605//755 606//756 
f 606//756 713//738 727//754 
f 607//757 728//758 714//741 
f 715//742 714//741 728//758 
f 716//743 715//742 729//759 
f 717//744 716//743 730//760 
f 718//745 717//744 731//761 
f 719//746 718//745 732//762 
f 720//747 719//746 733//763 
f 721//748 720//747 734//764 
f 722//749 721//748 735//765 
f 723//750 722//749 736//766 
f 724//751 723//750 737//767 
f 725//752 724//751 738//768 
f 726//753 725//752 739//769 
f 727//754 726//753 740//770 
f 727//754 741//771 608//772 
f 741//771 609//773 608//772 
f 610//774 742//775 728//758 
f 729//759 728//758 742//775 
f 730//760 729//759 743//776 
f 731//761 730//760 744//777 
f 732//762 731//761 745//778 
f 733//763 732//762 746//779 
f 734//764 733//763 747//780 
f 735//765 734//764 748//781 
f 736//766 735//765 749//782 
f 737//767 736//766 750//783 
f 738//768 737//767 751//784 
f 739//769 738//768 752//785 
f 740//770 739//769 753//786 
f 741//771 740//770 754//787 
f 755//788 611//789 609//773 
f 612//790 756//791 742//775 
f 743//776 742//775 756//791 
f 744//777 743//776 757//792 
f 745//778 744//777 758//793 
f 746//779 745//778 759//794 
f 747//780 746//779 760//795 
f 748//781 747//780 761//796 
f 749//782 748//781 762//797 
f 750//783 749//782 763//798 
f 751//784 750//783 764//799 
f 752//785 751//784 765//800 
f 753//786 752//785 766//801 
f 754//787 753//786 767//802 
f 755//788 754//787 768//803 
f 769//804 613//805 614//806 
f 614//806 755//788 769//804 
f 615//807 770//808 756//791 
f 757//792 756//791 770//808 
f 758//793 757//792 771//809 
f 759//794 758//793 772//810 
f 760//795 759//794 773//811 
f 761//796 760//795 774//812 
f 762//797 761//796 775//813 
f 763//798 762//797 776//814 
f 764//799 763//798 777//815 
f 765//800 764//799 778//816 
f 766//801 765//800 779//817 
f 767//802 766//801 780//818 
f 768//803 767//802 781//819 
f 769//804 768//803 782//820 
f 783//821 616//822 613//805 
f 617//823 784//824 770//808 
f 771//809 770//808 784//824 
f 772//810 771//809 785//825 
f 773//811 772//810 786//826 
f 774//812 773//811 787//827 
f 775//813 774//812 788//828 
f 776//814 775//813 789//829 
f 777//815 776//814 790//830 
f 778//816 777//815 791//831 
f 779//817 778//816 792//832 
f 780//818 779//817 793//833 
f 781//819 780//818 794//834 
f 782//820 781//819 795//835 
f 783//821 782//820 796//836 
f 797//837 618//838 619//839 
f 619//839 783//821 797//837 
f 620//840 798//841 784//824 
f 785//825 784//824 798//841 
f 786//826 785//825 799//842 
f 787//827 786//826 800//843 
f 788//828 787//827 801//844 
f 789//829 788//828 802//845 
f 790//830 789//829 803//846 
f 791//831 790//830 804//847 
f 792//832 791//831 805//848 
f 793//833 792//832 806//849 
f 794//834 793//833 807//850 
f 795//835 794//834 808//851 
f 796//836 795//835 809//852 
f 797//837 796//836 810//853 
f 811//854 621//855 618//838 
f 622//856 812//857 798//841 
f 799//842 798//841 812//857 
f 800//843 799//842 813//858 
f 801//844 800//843 814//859 
f 802//845 801//844 815//860 
f 803//846 802//845 816//861 
f 804//847 803//846 817//862 
f 805//848 804//847 818//863 
f 806//849 805//848 819//864 
f 807//850 806//849 820//865 
f 808//851 807//850 821//866 
f 809//852 808//851 822//867 
f 810//853 809//852 823//868 
f 811//854 810//853 824//869 
f 825//870 623//871 624//872 
f 624//872 811//854 825//870 
f 625//873 826//874 812//857 
f 813//858 812//857 826//874 
f 814//859 813//858 827//875 
f 815//860 814//859 828//876 
f 816//861 815//860 829//877 
f 817//862 816//861 830//878 
f 818//863 817//862 831//879 
f 819//864 818//863 832//880 
f 820//865 819//864 833//881 
f 821//866 820//865 834//882 
f 822//867 821//866 835//883 
f 823//868 822//867 836//884 
f 824//869 823//868 837//885 
f 825//870 824//869 838//886 
f 839//887 626//888 623//871 
f 627//889 628//890 826//874 
f 628//890 629//891 827//875 
f 629//891 630//892 828//876 
f 630//892 631//893 829//877 
f 631//893 632//894 830//878 
f 632//894 633//895 831//879 
f 633//895 634//896 832//880 
f 634//896 635//897 833//881 
f 635//897 636//898 834//882 
f 636//898 637//899 835//883 
f 637//899 638//900 836//884 
f 638//900 639//901 837//885 
f 639//901 640//902 838//886 
f 640//902 641//903 839//887 
f 641//903 642//904 643//905 
f 643//905 839//887 641//903 
f 643//905 626//888 839//887 
f 839//887 838//886 640//902 
f 838//886 837//885 639//901 
f 837//885 836//884 638//900 
f 836//884 835//883 637//899 
f 835//883 834//882 636//898 
f 834//882 833//881 635//897 
f 833//881 832//880 634//896 
f 832//880 831//879 633//895 
f 831//879 830//878 632//894 
f 830//878 829//877 631//893 
f 829//877 828//876 630//892 
f 828//876 827//875 629//891 
f 827//875 826//874 628//890 
f 826//874 625//873 627//889 
f 623//871 825//870 839//887 
f 838//886 839//887 825//870 
f 837//885 838//886 824//869 
f 836//884 837//885 823//868 
f 835//883 836//884 822//867 
f 834//882 835//883 821//866 
f 833//881 834//882 820//865 
f 832//880 833//881 819//864 
f 831//879 832//880 818//863 
f 830//878 831//879 817//862 
f 829//877 830//878 816//861 
f 828//876 829//877 815//860 
f 827//875 828//876 814//859 
f 826//874 827//875 813//858 
f 812//857 622//856 625//873 
f 624//872 621//855 811//854 
f 824//869 825//870 811//854 
f 823//868 824//869 810//853 
f 822//867 823//868 809//852 
f 821//866 822//867 808//851 
f 820//865 821//866 807//850 
f 819//864 820//865 806//849 
f 818//863 819//864 805//848 
f 817//862 818//863 804//847 
f 816//861 817//862 803//846 
f 815//860 816//861 802//845 
f 814//859 815//860 801//844 
f 813//858 814//859 800//843 
f 812//857 813//858 799//842 
f 798//841 620//840 622//856 
f 618//838 797//837 811//854 
f 810//853 811//854 797//837 
f 809//852 810//853 796//836 
f 808//851 809//852 795//835 
f 807//850 808//851 794//834 
f 806//849 807//850 793//833 
f 805//848 806//849 792//832 
f 804//847 805//848 791//831 
f 803//846 804//847 790//830 
f 802//845 803//846 789//829 
f 801//844 802//845 788//828 
f 800//843 801//844 787//827 
f 799//842 800//843 786//826 
f 798//841 799//842 785//825 
f 784//824 617//823 620//840 
f 619//839 616//822 783//821 
f 796//836 797//837 783//821 
f 795//835 796//836 782//820 
f 794//834 795//835 781//819 
f 793//833 794//834 780//818 
f 792//832 793//833 779//817 
f 791//831 792//832 778//816 
f 790//830 791//831 777//815 
f 789//829 790//830 776//814 
f 788//828 789//829 775//813 
f 787//827 788//828 774//812 
f 786//826 787//827 773//811 
f 785//825 786//826 772//810 
f 784//824 785//825 771//809 
f 770//808 615//807 617//823 
f 613//805 769//804 783//821 
f 782//820 783//821 769//804 
f 781//819 782//820 768//803 
f 780//818 781//819 767//802 
f 779//817 780//818 766//801 
f 778//816 779//817 765//800 
f 777//815 778//816 764//799 
f 776//814 777//815 763//798 
f 775//813 776//814 762//797 
f 774//812 775//813 761//796 
f 773//811 774//812 760//795 
f 772//810 773//811 759//794 
f 771//809 772//810 758//793 
f 770//808 771//809 757//792 
f 756//791 612//790 615//807 
f 614//806 611//789 755//788 
f 768//803 769//804 755//788 
f 767//802 768//803 754//787 
f 766//801 767//802 753//786 
f 765//800 766//801 752//785 
f 764//799 765//800 751//784 
f 763//798 764//799 750//783 
f 762//797 763//798 749//782 
f 761//796 762//797 748//781 
f 760//795 761//796 747//780 
f 759//794 760//795 746//779 
f 758//793 759//794 745//778 
f 757//792 758//793 744//777 
f 756//791 757//792 743//776 
f 742//775 610//774 612//790 
f 609//773 741//771 755//788 
f 754//787 755//788 741//771 
f 753//786 754//787 740//770 
f 752//785 753//786 739//769 
f 751//784 752//785 738//768 
f 750//783 751//784 737//767 
f 749//782 750//783 736//766 
f 748//781 749//782 735//765 
f 747//780 748//781 734//764 
f 746//779 747//780 733//763 
f 745//778 746//779 732//762 
f 744//777 745//778 731//761 
f 743//776 744//777 730//760 
f 742//775 743//776 729//759 
f 728//758 607//757 610//774 
f 608//772 605//755 727//754 
f 740//770 741//771 727//754 
f 739//769 740//770 726//753 
f 738//768 739//769 725//752 
f 737//767 738//768 724//751 
f 736//766 737//767 723//750 
f 735//765 736//766 722//749 
f 734//764 735//765 721//748 
f 733//763 734//764 720//747 
f 732//762 733//763 719//746 
f 731//761 732//762 718//745 
f 730//760 731//761 717//744 
f 729//759 730//760 716//743 
f 728//758 729//759 715//742 
f 714//741 604//740 607//757 
f 606//756 603//739 713//738 
f 726//753 727//754 713//738 
f 725//752 726//753 712//737 
f 724//751 725//752 711//736 
f 723//750 724//751 710//735 
f 722//749 723//750 709//734 
f 721//748 722//749 708//733 
f 720//747 721//748 707//732 
f 719//746 720//747 706//731 
f 718//745 719//746 705//730 
f 717//744 718//745 704//729 
f 716//743 717//744 703//728 
f 715//742 716//743 702//727 
f 714//741 715//742 701//726 
f 700//725 602//724 604//740 
f 600//722 699//721 713//738 
f 712//737 713//738 699//721 
f 711//736 712//737 698//720 
f 710//735 711//736 697//719 
f 709//734 710//735 696//718 
f 708//733 709//734 695//717 
f 707//732 708//733 694//716 
f 706//731 707//732 693//715 
f 705//730 706//731 692//714 
f 704//729 705//730 691//713 
f 703//728 704//729 690//712 
f 702//727 703//728 689//711 
f 701//726 702//727 688//710 
f 700//725 701//726 687//709 
f 686//708 599//707 602//724 
f 601//723 598//706 685//705 
f 698//720 699//721 685//705 
f 697//719 698//720 684//704 
f 696//718 697//719 683//703 
f 695//717 696//718 682//702 
f 694//716 695//717 681//701 
f 693//715 694//716 680//700 
f 692//714 693//715 679//699 
f 691//713 692//714 678//698 
f 690//712 691//713 677//697 
f 689//711 690//712 676//696 
f 688//710 689//711 675//695 
f 687//709 688//710 674//694 
f 686//708 687//709 673//693 
f 672//692 597//691 599//707 
f 596//690 671//688 685//705 
f 684//704 685//705 671//688 
f 683//703 684//704 670//687 
f 682//702 683//703 669//686 
f 681//701 682//702 668//685 
f 680//700 681//701 667//684 
f 679//699 680//700 666//683 
f 678//698 679//699 665//682 
f 677//697 678//698 664//681 
f 676//696 677//697 663//680 
f 675//695 676//696 662//679 
f 674//694 675//695 661//678 
f 673//693 674//694 660//677 
f 672//692 673//693 659//676 
f 658//675 594//674 597//691 
f 595//689 593//672 657//670 
f 670//687 671//688 657//670 
f 669//686 670//687 656//668 
f 668//685 669//686 655//666 
f 667//684 668//685 654//664 
f 666//683 667//684 653//662 
f 665//682 666//683 652//660 
f 664//681 665//682 651//658 
f 663//680 664//681 650//656 
f 662//679 663//680 649//654 
f 661//678 662//679 648//652 
f 660//677 661//678 647//650 
f 659//676 660//677 646//648 
f 658//675 659//676 645//646 
f 644//644 592//643 594//674 
f 48//673 142//671 657//670 
f 142//671 141//669 656//668 
f 141//669 140//667 655//666 
f 140//667 139//665 654//664 
f 139//665 138//663 653//662 
f 138//663 137//661 652//660 
f 137//661 136//659 651//658 
f 136//659 135//657 650//656 
f 135//657 134//655 649//654 
f 134//655 133//653 648//652 
f 133//653 132//651 647//650 
f 132//651 131//649 646//648 
f 131//649 130//647 645//646 
f 130//647 129//645 644//644 
f 129//645 128//906 592//643 
o mesh5
f 840//906 841//906 895//907 
f 842//908 895//907 896//909 
f 843//910 896//909 897//911 
f 844//912 897//911 898//913 
f 845//914 898//913 899//915 
f 846//916 899//915 900//917 
f 847//918 900//917 901//919 
f 848//920 901//919 902//921 
f 849//922 902//921 903//923 
f 850//924 903//923 904//925 
f 851//926 904//925 905//927 
f 852//928 905//927 906//929 
f 853//930 906//929 907//931 
f 854//932 907//931 908//933 
f 855//934 908//933 856//935 
f 841//906 857//936 909//937 
f 896//909 895//907 909//937 
f 897//911 896//909 910//938 
f 898//913 897//911 911//939 
f 899//915 898//913 912//940 
f 900//917 899//915 913//941 
f 901//919 900//917 914//942 
f 902//921 901//919 915//943 
f 903//923 902//921 916//944 
f 904//925 903//923 917//945 
f 905//927 904//925 918//946 
f 906//929 905//927 919//947 
f 907//931 906//929 920//948 
f 908//933 907//931 921//949 
f 908//933 922//950 858//951 
f 857//936 859//952 923//953 
f 910//938 909//937 923//953 
f 911//939 910//938 924//954 
f 912//940 911//939 925//955 
f 913//941 912//940 926//956 
f 914//942 913//941 927//957 
f 915//943 914//942 928//958 
f 916//944 915//943 929//959 
f 917//945 916//944 930//960 
f 918//946 917//945 931//961 
f 919//947 918//946 932//962 
f 920//948 919//947 933//963 
f 921//949 920//948 934//964 
f 922//950 921//949 935//965 
f 936//966 860//967 861//968 
f 861//968 922//950 936//966 
f 859//952 862//969 937//970 
f 924//954 923//953 937//970 
f 925//955 924//954 938//971 
f 926//956 925//955 939//972 
f 927//957 926//956 940//973 
f 928//958 927//957 941//974 
f 929//959 928//958 942//975 
f 930//960 929//959 943//976 
f 931//961 930//960 944//977 
f 932//962 931//961 945//978 
f 933//963 932//962 946//979 
f 934//964 933//963 947//980 
f 935//965 934//964 948//981 
f 936//966 935//965 949//982 
f 936//966 950//983 863//984 
f 862//969 864//985 951//986 
f 938//971 937//970 951//986 
f 939//972 938//971 952//987 
f 940//973 939//972 953//988 
f 941//974 940//973 954//989 
f 942//975 941//974 955//990 
f 943//976 942//975 956//991 
f 944//977 943//976 957//992 
f 945//978 944//977 958//993 
f 946//979 945//978 959//994 
f 947//980 946//979 960//995 
f 948//981 947//980 961//996 
f 949//982 948//981 962//997 
f 950//983 949//982 963//998 
f 950//983 964//999 865//1000 
f 964//999 866//1001 865//1000 
f 864//985 867//1002 965//1003 
f 952//987 951//986 965//1003 
f 953//988 952//987 966//1004 
f 954//989 953//988 967//1005 
f 955//990 954//989 968//1006 
f 956//991 955//990 969//1007 
f 957//992 956//991 970//1008 
f 958//993 957//992 971//1009 
f 959//994 958//993 972//1010 
f 960//995 959//994 973//1011 
f 961//996 960//995 974//1012 
f 962//997 961//996 975//1013 
f 963//998 962//997 976//1014 
f 964//999 963//998 977//1015 
f 964//999 978//1016 868//1017 
f 867//1002 869//1018 979//1019 
f 966//1004 965//1003 979//1019 
f 967//1005 966//1004 980//1020 
f 968//1006 967//1005 981//1021 
f 969//1007 968//1006 982//1022 
f 970//1008 969//1007 983//1023 
f 971//1009 970//1008 984//1024 
f 972//1010 971//1009 985//1025 
f 973//1011 972//1010 986//1026 
f 974//1012 973//1011 987//1027 
f 975//1013 974//1012 988//1028 
f 976//1014 975//1013 989//1029 
f 977//1015 976//1014 990//1030 
f 978//1016 977//1015 991//1031 
f 978//1016 992//1032 870//1033 
f 992//1032 871//1034 870//1033 
f 869//1018 872//1035 993//1036 
f 980//1020 979//1019 993//1036 
f 981//1021 980//1020 994//1037 
f 982//1022 981//1021 995//1038 
f 983//1023 982//1022 996//1039 
f 984//1024 983//1023 997//1040 
f 985//1025 984//1024 998//1041 
f 986//1026 985//1025 999//1042 
f 987//1027 986//1026 1000//1043 
f 988//1028 987//1027 1001//1044 
f 989//1029 988//1028 1002//1045 
f 990//1030 989//1029 1003//1046 
f 991//1031 990//1030 1004//1047 
f 992//1032 991//1031 1005//1048 
f 992//1032 1006//1049 873//1050 
f 872//1035 874//1051 1007//1052 
f 994//1037 993//1036 1007//1052 
f 995//1038 994//1037 1008//1053 
f 996//1039 995//1038 1009//1054 
f 997//1040 996//1039 1010//1055 
f 998//1041 997//1040 1011//1056 
f 999//1042 998//1041 1012//1057 
f 1000//1043 999//1042 1013//1058 
f 1001//1044 1000//1043 1014//1059 
f 1002//1045 1001//1044 1015//1060 
f 1003//1046 1002//1045 1016//1061 
f 1004//1047 1003//1046 1017//1062 
f 1005//1048 1004//1047 1018//1063 
f 1006//1049 1005//1048 1019//1064 
f 1006//1049 1020//1065 875//1066 
f 1020//1065 876//1067 875//1066 
f 874//1051 877//1068 1021//1069 
f 1008//1053 1007//1052 1021//1069 
f 1009//1054 1008//1053 1022//1070 
f 1010//1055 1009//1054 1023//1071 
f 1011//1056 1010//1055 1024//1072 
f 1012//1057 1011//1056 1025//1073 
f 1013//1058 1012//1057 1026//1074 
f 1014//1059 1013//1058 1027//1075 
f 1015//1060 1014//1059 1028//1076 
f 1016//1061 1015//1060 1029//1077 
f 1017//1062 1016//1061 1030//1078 
f 1018//1063 1017//1062 1031//1079 
f 1019//1064 1018//1063 1032//1080 
f 1020//1065 1019//1064 1033//1081 
f 1020//1065 1034//1082 878//1083 
f 877//1068 879//1084 1035//1085 
f 1022//1070 1021//1069 1035//1085 
f 1023//1071 1022//1070 1036//1086 
f 1024//1072 1023//1071 1037//1087 
f 1025//1073 1024//1072 1038//1088 
f 1026//1074 1025//1073 1039//1089 
f 1027//1075 1026//1074 1040//1090 
f 1028//1076 1027//1075 1041//1091 
f 1029//1077 1028//1076 1042//1092 
f 1030//1078 1029//1077 1043//1093 
f 1031//1079 1030//1078 1044//1094 
f 1032//1080 1031//1079 1045//1095 
f 1033//1081 1032//1080 1046//1096 
f 1034//1082 1033//1081 1047//1097 
f 1034//1082 1048//1098 880//1099 
f 1048//1098 881//1100 880//1099 
f 879//1084 882//1101 1049//1102 
f 1036//1086 1035//1085 1049//1102 
f 1037//1087 1036//1086 1050//1103 
f 1038//1088 1037//1087 1051//1104 
f 1039//1089 1038//1088 1052//1105 
f 1040//1090 1039//1089 1053//1106 
f 1041//1091 1040//1090 1054//1107 
f 1042//1092 1041//1091 1055//1108 
f 1043//1093 1042//1092 1056//1109 
f 1044//1094 1043//1093 1057//1110 
f 1045//1095 1044//1094 1058//1111 
f 1046//1096 1045//1095 1059//1112 
f 1047//1097 1046//1096 1060//1113 
f 1048//1098 1047//1097 1061//1114 
f 1048//1098 1062//1115 883//1116 
f 882//1101 884//1117 1063//1118 
f 1050//1103 1049//1102 1063//1118 
f 1051//1104 1050//1103 1064//1119 
f 1052//1105 1051//1104 1065//1120 
f 1053//1106 1052//1105 1066//1121 
f 1054//1107 1053//1106 1067//1122 
f 1055//1108 1054//1107 1068//1123 
f 1056//1109 1055//1108 1069//1124 
f 1057//1110 1056//1109 1070//1125 
f 1058//1111 1057//1110 1071//1126 
f 1059//1112 1058//1111 1072//1127 
f 1060//1113 1059//1112 1073//1128 
f 1061//1114 1060//1113 1074//1129 
f 1062//1115 1061//1114 1075//1130 
f 1062//1115 1076//1131 885//1132 
f 1076//1131 886//1133 885//1132 
f 884//1117 887//1134 1077//1135 
f 1064//1119 1063//1118 1077//1135 
f 1065//1120 1064//1119 1078//1136 
f 1066//1121 1065//1120 1079//1137 
f 1067//1122 1066//1121 1080//1138 
f 1068//1123 1067//1122 1081//1139 
f 1069//1124 1068//1123 1082//1140 
f 1070//1125 1069//1124 1083//1141 
f 1071//1126 1070//1125 1084//1142 
f 1072//1127 1071//1126 1085//1143 
f 1073//1128 1072//1127 1086//1144 
f 1074//1129 1073//1128 1087//1145 
f 1075//1130 1074//1129 1088//1146 
f 1076//1131 1075//1130 1089//1147 
f 1076//1131 1090//1148 888//1149 
f 887//1134 889//1150 1091//1151 
f 1078//1136 1077//1135 1091//1151 
f 1079//1137 1078//1136 1092//1152 
f 1080//1138 1079//1137 1093//1153 
f 1081//1139 1080//1138 1094//1154 
f 1082//1140 1081//1139 1095//1155 
f 1083//1141 1082//1140 1096//1156 
f 1084//1142 1083//1141 1097//1157 
f 1085//1143 1084//1142 1098//1158 
f 1086//1144 1085//1143 1099//1159 
f 1087//1145 1086//1144 1100//1160 
f 1088//1146 1087//1145 1101//1161 
f 1089//1147 1088//1146 1102//1162 
f 1090//1148 1089//1147 1103//1163 
f 1104//1164 890//1165 891//1166 
f 891//1166 1090//1148 1104//1164 
f 889//1150 892//1167 1105//1168 
f 1092//1152 1091//1151 1105//1168 
f 1093//1153 1092//1152 1106//1169 
f 1094//1154 1093//1153 1107//1170 
f 1095//1155 1094//1154 1108//1171 
f 1096//1156 1095//1155 1109//1172 
f 1097//1157 1096//1156 1110//1173 
f 1098//1158 1097//1157 1111//1174 
f 1099//1159 1098//1158 1112//1175 
f 1100//1160 1099//1159 1113//1176 
f 1101//1161 1100//1160 1114//1177 
f 1102//1162 1101//1161 1115//1178 
f 1103//1163 1102//1162 1116//1179 
f 1104//1164 1103//1163 1117//1180 
f 1104//1164 1118//1181 893//1182 
f 892//1167 367//1183 369//1184 
f 1105//1168 369//1184 370//1185 
f 1106//1169 370//1185 371//1186 
f 1107//1170 371//1186 372//1187 
f 1108//1171 372//1187 373//1188 
f 1109//1172 373//1188 374//1189 
f 1110//1173 374//1189 375//1190 
f 1111//1174 375//1190 376//1191 
f 1112//1175 376//1191 377//1192 
f 1113//1176 377//1192 378//1193 
f 1114//1177 378//1193 379//1194 
f 1115//1178 379//1194 380//1195 
f 1116//1179 380//1195 381//1196 
f 1117//1180 381//1196 382//1197 
f 1118//1181 382//1197 52//1198 
f 52//1198 893//1182 1118//1181 
f 382//1197 1118//1181 1117//1180 
f 381//1196 1117//1180 1116//1179 
f 380//1195 1116//1179 1115//1178 
f 379//1194 1115//1178 1114//1177 
f 378//1193 1114//1177 1113//1176 
f 377//1192 1113//1176 1112//1175 
f 376//1191 1112//1175 1111//1174 
f 375//1190 1111//1174 1110//1173 
f 374//1189 1110//1173 1109//1172 
f 373//1188 1109//1172 1108//1171 
f 372//1187 1108//1171 1107//1170 
f 371//1186 1107//1170 1106//1169 
f 370//1185 1106//1169 1105//1168 
f 369//1184 1105//1168 892//1167 
f 893//1182 890//1165 1104//1164 
f 1117//1180 1118//1181 1104//1164 
f 1116//1179 1117//1180 1103//1163 
f 1115//1178 1116//1179 1102//1162 
f 1114//1177 1115//1178 1101//1161 
f 1113//1176 1114//1177 1100//1160 
f 1112//1175 1113//1176 1099//1159 
f 1111//1174 1112//1175 1098//1158 
f 1110//1173 1111//1174 1097//1157 
f 1109//1172 1110//1173 1096//1156 
f 1108//1171 1109//1172 1095//1155 
f 1107//1170 1108//1171 1094//1154 
f 1106//1169 1107//1170 1093//1153 
f 1105//1168 1106//1169 1092//1152 
f 1105//1168 1091//1151 889//1150 
f 891//1166 888//1149 1090//1148 
f 1103//1163 1104//1164 1090//1148 
f 1102//1162 1103//1163 1089//1147 
f 1101//1161 1102//1162 1088//1146 
f 1100//1160 1101//1161 1087//1145 
f 1099//1159 1100//1160 1086//1144 
f 1098//1158 1099//1159 1085//1143 
f 1097//1157 1098//1158 1084//1142 
f 1096//1156 1097//1157 1083//1141 
f 1095//1155 1096//1156 1082//1140 
f 1094//1154 1095//1155 1081//1139 
f 1093//1153 1094//1154 1080//1138 
f 1092//1152 1093//1153 1079//1137 
f 1091//1151 1092//1152 1078//1136 
f 1091//1151 1077//1135 887//1134 
f 888//1149 886//1133 1076//1131 
f 1089//1147 1090//1148 1076//1131 
f 1088//1146 1089//1147 1075//1130 
f 1087//1145 1088//1146 1074//1129 
f 1086//1144 1087//1145 1073//1128 
f 1085//1143 1086//1144 1072//1127 
f 1084//1142 1085//1143 1071//1126 
f 1083//1141 1084//1142 1070//1125 
f 1082//1140 1083//1141 1069//1124 
f 1081//1139 1082//1140 1068//1123 
f 1080//1138 1081//1139 1067//1122 
f 1079//1137 1080//1138 1066//1121 
f 1078//1136 1079//1137 1065//1120 
f 1077//1135 1078//1136 1064//1119 
f 1077//1135 1063//1118 884//1117 
f 885//1132 883//1116 1062//1115 
f 1075//1130 1076//1131 1062//1115 
f 1074//1129 1075//1130 1061//1114 
f 1073//1128 1074//1129 1060//1113 
f 1072//1127 1073//1128 1059//1112 
f 1071//1126 1072//1127 1058//1111 
f 1070//1125 1071//1126 1057//1110 
f 1069//1124 1070//1125 1056//1109 
f 1068//1123 1069//1124 1055//1108 
f 1067//1122 1068//1123 1054//1107 
f 1066//1121 1067//1122 1053//1106 
f 1065//1120 1066//1121 1052//1105 
f 1064//1119 1065//1120 1051//1104 
f 1063//1118 1064//1119 1050//1103 
f 1063//1118 1049//1102 882//1101 
f 883//1116 881//1100 1048//1098 
f 1061//1114 1062//1115 1048//1098 
f 1060//1113 1061//1114 1047//1097 
f 1059//1112 1060//1113 1046//1096 
f 1058//1111 1059//1112 1045//1095 
f 1057//1110 1058//1111 1044//1094 
f 1056//1109 1057//1110 1043//1093 
f 1055//1108 1056//1109 1042//1092 
f 1054//1107 1055//1108 1041//1091 
f 1053//1106 1054//1107 1040//1090 
f 1052//1105 1053//1106 1039//1089 
f 1051//1104 1052//1105 1038//1088 
f 1050//1103 1051//1104 1037//1087 
f 1049//1102 1050//1103 1036//1086 
f 1049//1102 1035//1085 879//1084 
f 880//1099 878//1083 1034//1082 
f 1047//1097 1048//1098 1034//1082 
f 1046//1096 1047//1097 1033//1081 
f 1045//1095 1046//1096 1032//1080 
f 1044//1094 1045//1095 1031//1079 
f 1043//1093 1044//1094 1030//1078 
f 1042//1092 1043//1093 1029//1077 
f 1041//1091 1042//1092 1028//1076 
f 1040//1090 1041//1091 1027//1075 
f 1039//1089 1040//1090 1026//1074 
f 1038//1088 1039//1089 1025//1073 
f 1037//1087 1038//1088 1024//1072 
f 1036//1086 1037//1087 1023//1071 
f 1035//1085 1036//1086 1022//1070 
f 1035//1085 1021//1069 877//1068 
f 878//1083 876//1067 1020//1065 
f 1033//1081 1034//1082 1020//1065 
f 1032//1080 1033//1081 1019//1064 
f 1031//1079 1032//1080 1018//1063 
f 1030//1078 1031//1079 1017//1062 
f 1029//1077 1030//1078 1016//1061 
f 1028//1076 1029//1077 1015//1060 
f 1027//1075 1028//1076 1014//1059 
f 1026//1074 1027//1075 1013//1058 
f 1025//1073 1026//1074 1012//1057 
f 1024//1072 1025//1073 1011//1056 
f 1023//1071 1024//1072 1010//1055 
f 1022//1070 1023//1071 1009//1054 
f 1021//1069 1022//1070 1008//1053 
f 1021//1069 1007//1052 874//1051 
f 875//1066 873//1050 1006//1049 
f 1019//1064 1020//1065 1006//1049 
f 1018//1063 1019//1064 1005//1048 
f 1017//1062 1018//1063 1004//1047 
f 1016//1061 1017//1062 1003//1046 
f 1015//1060 1016//1061 1002//1045 
f 1014//1059 1015//1060 1001//1044 
f 1013//1058 1014//1059 1000//1043 
f 1012//1057 1013//1058 999//1042 
f 1011//1056 1012//1057 998//1041 
f 1010//1055 1011//1056 997//1040 
f 1009//1054 1010//1055 996//1039 
f 1008//1053 1009//1054 995//1038 
f 1007//1052 1008//1053 994//1037 
f 1007//1052 993//1036 872//1035 
f 873//1050 871//1034 992//1032 
f 1005//1048 1006//1049 992//1032 
f 1004//1047 1005//1048 991//1031 
f 1003//1046 1004//1047 990//1030 
f 1002//1045 1003//1046 989//1029 
f 1001//1044 1002//1045 988//1028 
f 1000//1043 1001//1044 987//1027 
f 999//1042 1000//1043 986//1026 
f 998//1041 999//1042 985//1025 
f 997//1040 998//1041 984//1024 
f 996//1039 997//1040 983//1023 
f 995//1038 996//1039 982//1022 
f 994//1037 995//1038 981//1021 
f 993//1036 994//1037 980//1020 
f 993//1036 979//1019 869//1018 
f 870//1033 868//1017 978//1016 
f 991//1031 992//1032 978//1016 
f 990//1030 991//1031 977//1015 
f 989//1029 990//1030 976//1014 
f 988//1028 989//1029 975//1013 
f 987//1027 988//1028 974//1012 
f 986//1026 987//1027 973//1011 
f 985//1025 986//1026 972//1010 
f 984//1024 985//1025 971//1009 
f 983//1023 984//1024 970//1008 
f 982//1022 983//1023 969//1007 
f 981//1021 982//1022 968//1006 
f 980//1020 981//1021 967//1005 
f 979//1019 980//1020 966//1004 
f 979//1019 965//1003 867//1002 
f 868//1017 866//1001 964//999 
f 977//1015 978//1016 964//999 
f 976//1014 977//1015 963//998 
f 975//1013 976//1014 962//997 
f 974//1012 975//1013 961//996 
f 973//1011 974//1012 960//995 
f 972//1010 973//1011 959//994 
f 971//1009 972//1010 958//993 
f 970//1008 971//1009 957//992 
f 969//1007 970//1008 956//991 
f 968//1006 969//1007 955//990 
f 967//1005 968//1006 954//989 
f 966//1004 967//1005 953//988 
f 965//1003 966//1004 952//987 
f 965//1003 951//986 864//985 
f 865//1000 863//984 950//983 
f 963//998 964//999 950//983 
f 962//997 963//998 949//982 
f 961//996 962//997 948//981 
f 960//995 961//996 947//980 
f 959//994 960//995 946//979 
f 958//993 959//994 945//978 
f 957//992 958//993 944//977 
f 956//991 957//992 943//976 
f 955//990 956//991 942//975 
f 954//989 955//990 941//974 
f 953//988 954//989 940//973 
f 952//987 953//988 939//972 
f 951//986 952//987 938//971 
f 951//986 937//970 862//969 
f 863//984 860//967 936//966 
f 949//982 950//983 936//966 
f 948//981 949//982 935//965 
f 947//980 948//981 934//964 
f 946//979 947//980 933//963 
f 945//978 946//979 932//962 
f 944//977 945//978 931//961 
f 943//976 944//977 930//960 
f 942//975 943//976 929//959 
f 941//974 942//975 928//958 
f 940//973 941//974 927//957 
f 939//972 940//973 926//956 
f 938//971 939//972 925//955 
f 937//970 938//971 924//954 
f 937//970 923//953 859//952 
f 861//968 858//951 922//950 
f 935//965 936//966 922//950 
f 934//964 935//965 921//949 
f 933//963 934//964 920//948 
f 932//962 933//963 919//947 
f 931//961 932//962 918//946 
f 930//960 931//961 917//945 
f 929//959 930//960 916//944 
f 928//958 929//959 915//943 
f 927//957 928//958 914//942 
f 926//956 927//957 913//941 
f 925//955 926//956 912//940 
f 924//954 925//955 911//939 
f 923//953 924//954 910//938 
f 923//953 909//937 857//936 
f 858//951 856//935 908//933 
f 921//949 922//950 908//933 
f 920//948 921//949 907//931 
f 919//947 920//948 906//929 
f 918//946 919//947 905//927 
f 917//945 918//946 904//925 
f 916//944 917//945 903//923 
f 915//943 916//944 902//921 
f 914//942 915//943 901//919 
f 913//941 914//942 900//917 
f 912//940 913//941 899//915 
f 911//939 912//940 898//913 
f 910//938 911//939 897//911 
f 909//937 910//938 896//909 
f 909//937 895//907 841//906 
f 856//935 894//1199 855//934 
f 908//933 855//934 854//932 
f 907//931 854//932 853//930 
f 906//929 853//930 852//928 
f 905//927 852//928 851//926 
f 904//925 851//926 850//924 
f 903//923 850//924 849//922 
f 902//921 849//922 848//920 
f 901//919 848//920 847//918 
f 900//917 847//918 846//916 
f 899//915 846//916 845//914 
f 898//913 845//914 844//912 
f 897//911 844//912 843//910 
f 896//909 843//910 842//908 
f 895//907 842//908 840//906 
o mesh6
f 1119//1200 1120//1201 856//1202 
f 858//1203 1121//1204 1119//1200 
f 1120//1201 894//1205 856//1202 
f 856//1202 858//1203 1119//1200 
f 858//1203 861//1204 1121//1204 
f 861//1204 860//1206 1122//1207 
f 865//1208 1123//1208 1124//1209 
f 1124//1209 1122//1207 860//1206 
f 860//1206 863//1210 1124//1209 
f 1124//1209 863//1210 865//1208 
f 1123//1208 865//1208 866//1211 
f 870//1212 1125//1212 1126//1213 
f 1127//1214 866//1211 868//1215 
f 868//1215 1126//1213 1127//1214 
f 1126//1213 868//1215 870//1212 
f 1125//1212 870//1212 871//1216 
f 875//1217 1128//1217 1129//1218 
f 1130//1219 871//1216 873//1220 
f 873//1220 1129//1218 1130//1219 
f 1129//1218 873//1220 875//1217 
f 1131//1221 876//1222 878//1223 
f 1128//1217 875//1217 876//1222 
f 876//1222 1131//1221 1132//1224 
f 876//1222 1132//1224 1128//1217 
f 885//1225 1133//1225 1134//1226 
f 1134//1226 1135//1227 881//1228 
f 1135//1227 880//1229 881//1228 
f 881//1228 883//1230 1134//1226 
f 1135//1227 1131//1221 880//1229 
f 891//1231 1136//1231 1137//1232 
f 1133//1225 885//1225 886//1233 
f 1138//1234 886//1233 888//1235 
f 888//1235 1137//1232 1138//1234 
f 886//1233 1138//1234 1133//1225 
f 1139//1236 890//1237 893//1238 
f 893//1238 55//1239 1139//1236 
f 1136//1231 891//1231 890//1237 
f 890//1237 1139//1236 1136//1231 
f 893//1238 52//1239 55//1239 
f 1137//1232 888//1235 891//1231 
f 1134//1226 883//1230 885//1225 
f 878//1223 880//1229 1131//1221 
f 871//1216 1130//1219 1125//1212 
f 866//1211 1127//1214 1123//1208 
f 1122//1207 1121//1204 861//1204 
f 1120//1201 1140//1240 894//1205 
o mesh7
f 855//1241 894//1240 1141//1240 
f 1141//1240 1142//1242 855//1241 
f 854//1243 855//1241 1143//1244 
f 1143//1244 1144//1245 854//1243 
f 853//1246 854//1243 1145//1247 
f 1145//1247 1146//1248 853//1246 
f 852//1249 853//1246 1147//1250 
f 1147//1250 1148//1251 852//1249 
f 851//1252 852//1249 1149//1253 
f 1149//1253 1150//1254 851//1252 
f 850//1255 851//1252 1151//1256 
f 1151//1256 1152//1257 850//1255 
f 849//1258 850//1255 1153//1259 
f 848//1260 849//1258 1154//1261 
f 847//1262 848//1260 1155//1263 
f 846//1264 847//1262 1156//1265 
f 845//1266 846//1264 1157//1267 
f 844//1268 845//1266 1158//1269 
f 843//1270 844//1268 1159//1271 
f 842//1272 843//1270 1160//1273 
f 840//1274 842//1272 1161//1275 
f 1161//1275 1162//1274 840//1274 
f 1160//1273 1161//1275 842//1272 
f 1159//1271 1160//1273 843//1270 
f 1158//1269 1159//1271 844//1268 
f 1157//1267 1158//1269 845//1266 
f 1156//1265 1157//1267 846//1264 
f 1155//1263 1156//1265 847//1262 
f 1154//1261 1155//1263 848//1260 
f 1153//1259 1154//1261 849//1258 
f 1152//1257 1153//1259 850//1255 
f 1150//1254 1151//1256 851//1252 
f 1148//1251 1149//1253 852//1249 
f 1146//1248 1147//1250 853//1246 
f 1144//1245 1145//1247 854//1243 
f 1142//1242 1143//1244 855//1241 
o mesh8
f 627//1274 1163//1274 1164//1276 
f 628//1276 1164//1276 1165//1277 
f 629//1277 1165//1277 1166//1278 
f 630//1278 1166//1278 1167//1279 
f 631//1279 1167//1279 1168//1280 
f 632//1280 1168//1280 1169//1281 
f 633//1281 1169//1281 1170//1282 
f 634//1282 1170//1282 1171//1283 
f 635//1283 1171//1283 1172//1284 
f 636//1284 1173//1285 1174//1286 
f 636//1284 1172//1284 1173//1285 
f 637//1286 1175//1287 1176//1288 
f 637//1286 1174//1286 1175//1287 
f 638//1288 1177//1289 1178//1290 
f 638//1288 1176//1288 1177//1289 
f 639//1290 1179//1291 1180//1292 
f 639//1290 1178//1290 1179//1291 
f 640//1292 1181//1293 1182//1294 
f 640//1292 1180//1292 1181//1293 
f 641//1294 1183//1295 1184//1296 
f 641//1294 1182//1294 1183//1295 
f 1184//1296 642//1296 641//1294 
f 1182//1294 641//1294 640//1292 
f 1180//1292 640//1292 639//1290 
f 1178//1290 639//1290 638//1288 
f 1176//1288 638//1288 637//1286 
f 1174//1286 637//1286 636//1284 
f 1172//1284 636//1284 635//1283 
f 1171//1283 635//1283 634//1282 
f 1170//1282 634//1282 633//1281 
f 1169//1281 633//1281 632//1280 
f 1168//1280 632//1280 631//1279 
f 1167//1279 631//1279 630//1278 
f 1166//1278 630//1278 629//1277 
f 1165//1277 629//1277 628//1276 
f 1164//1276 628//1276 627//1274 
o mesh9
f 595//1297 1185//1297 1186//1298 
f 593//1299 1186//1298 1187//1300 
f 1187//1300 48//1301 593//1299 
f 1186//1298 593//1299 595//1297 
f 1185//1297 595//1297 596//1302 
f 598//1303 1188//1304 1189//1305 
f 1189//1305 596//1302 598//1303 
f 598//1303 601//1304 1188//1304 
f 1190//1306 1191//1307 603//1308 
f 603//1308 1191//1307 1192//1309 
f 1192//1309 600//1310 603//1308 
f 1193//1311 601//1304 600//1310 
f 600//1310 1192//1309 1193//1311 
f 1193//1311 1188//1304 601//1304 
f 1194//1312 1195//1313 605//1314 
f 606//1315 605//1314 1195//1313 
f 1195//1313 1190//1306 606//1315 
f 1196//1316 1197//1317 611//1318 
f 609//1319 611//1318 1197//1317 
f 1197//1317 1198//1320 609//1319 
f 1198//1320 608//1321 609//1319 
f 611//1318 614//1322 1196//1316 
f 616//1323 1199//1324 1200//1325 
f 1200//1325 613//1326 616//1323 
f 1200//1325 1201//1327 613//1326 
f 614//1322 613//1326 1201//1327 
f 1201//1327 1196//1316 614//1322 
f 618//1328 621//1329 1202//1330 
f 621//1329 1203//1331 1202//1330 
f 1204//1332 1203//1331 621//1329 
f 621//1329 624//1332 1204//1332 
f 619//1333 618//1328 1205//1334 
f 1205//1334 1199//1324 619//1333 
f 623//1335 626//1336 1206//1337 
f 626//1336 1207//1338 1206//1337 
f 1206//1337 1208//1339 623//1335 
f 624//1332 623//1335 1208//1339 
f 1208//1339 1204//1332 624//1332 
f 642//1340 1209//1340 1207//1338 
f 1207//1338 643//1341 642//1340 
f 626//1336 643//1341 1207//1338 
f 1202//1330 1205//1334 618//1328 
f 616//1323 619//1333 1199//1324 
f 1198//1320 1194//1312 608//1321 
f 605//1314 608//1321 1194//1312 
f 603//1308 606//1315 1190//1306 
f 596//1302 1189//1305 1185//1297 
f 1187//1300 47//1342 48//1301 
o mesh10
f 1162//1343 1161//1344 1164//1344 
f 1164//1344 1161//1344 1160//1345 
f 1165//1345 1160//1345 1159//1346 
f 1159//1346 1158//1347 1167//1347 
f 1167//1347 1158//1347 1157//1348 
f 1168//1348 1157//1348 1156//1349 
f 1169//1349 1156//1349 1155//1350 
f 1155//1350 1154//1351 1171//1351 
f 1171//1351 1154//1351 1153//1352 
f 1173//1353 1153//1352 1152//1353 
f 1152//1353 1174//1354 1173//1353 
f 1173//1353 1172//1355 1153//1352 
f 1175//1356 1151//1357 1150//1356 
f 1150//1356 1176//1358 1175//1356 
f 1175//1356 1174//1354 1151//1357 
f 1177//1359 1149//1358 1148//1359 
f 1148//1359 1178//1360 1177//1359 
f 1177//1359 1176//1358 1149//1358 
f 1179//1361 1147//1360 1146//1361 
f 1146//1361 1180//1362 1179//1361 
f 1146//1361 1145//1362 1180//1362 
f 1181//1363 1145//1362 1144//1363 
f 1144//1363 1182//1364 1181//1363 
f 1144//1363 1143//1364 1182//1364 
f 1183//1365 1143//1364 1142//1365 
f 1142//1365 1184//1366 1183//1365 
f 1183//1365 1182//1364 1143//1364 
f 1142//1365 1141//1366 1184//1366 
f 1181//1363 1180//1362 1145//1362 
f 1179//1361 1178//1360 1147//1360 
f 1148//1359 1147//1360 1178//1360 
f 1150//1356 1149//1358 1176//1358 
f 1152//1353 1151//1357 1174//1354 
f 1153//1352 1172//1355 1171//1351 
f 1171//1351 1170//1367 1155//1350 
f 1155//1350 1170//1367 1169//1349 
f 1156//1349 1169//1349 1168//1348 
f 1157//1348 1168//1348 1167//1347 
f 1167//1347 1166//1368 1159//1346 
f 1159//1346 1166//1368 1165//1345 
f 1160//1345 1165//1345 1164//1344 
f 1164//1344 1163//1369 1162//1343 
o mesh11
f 1140//1370 1210//1370 1141//1370 
f 1141//1370 894//1370 1140//1370 
o mesh12
f 1210//1371 1211//1371 1184//1371 
f 1184//1371 1141//1371 1210//1371 
o mesh13
f 1184//1372 1211//1372 1209//1372 
f 1209//1372 642//1372 1184//1372 
o mesh14
f 1212//1373 1256//1374 1213//1375 
f 1256//1374 1257//1376 1214//1377 
f 1257//1376 1258//1378 1215//1379 
f 1258//1378 1259//1380 1216//1381 
f 1259//1380 1260//1382 1217//1383 
f 1260//1382 1261//1384 1218//1385 
f 1261//1384 1262//1386 1219//1387 
f 1262//1386 1263//1388 1220//1389 
f 1263//1388 1264//1390 1221//1391 
f 1264//1390 1265//1392 1222//1393 
f 1265//1392 1266//1394 1223//1395 
f 1266//1394 1267//1396 1224//1397 
f 1267//1396 1268//1398 1225//1399 
f 1268//1398 1269//1400 1226//1401 
f 1269//1400 45//1402 47//1403 
f 1227//1404 1270//1405 1256//1374 
f 1257//1376 1256//1374 1270//1405 
f 1258//1378 1257//1376 1271//1406 
f 1259//1380 1258//1378 1272//1407 
f 1260//1382 1259//1380 1273//1408 
f 1261//1384 1260//1382 1274//1409 
f 1262//1386 1261//1384 1275//1410 
f 1263//1388 1262//1386 1276//1411 
f 1264//1390 1263//1388 1277//1412 
f 1265//1392 1264//1390 1278//1413 
f 1266//1394 1265//1392 1279//1414 
f 1267//1396 1266//1394 1280//1415 
f 1268//1398 1267//1396 1281//1416 
f 1269//1400 1268//1398 1282//1417 
f 1269//1400 1283//1418 42//1419 
f 1283//1418 43//1420 42//1419 
f 1228//1421 1284//1422 1270//1405 
f 1271//1406 1270//1405 1284//1422 
f 1272//1407 1271//1406 1285//1423 
f 1273//1408 1272//1407 1286//1424 
f 1274//1409 1273//1408 1287//1425 
f 1275//1410 1274//1409 1288//1426 
f 1276//1411 1275//1410 1289//1427 
f 1277//1412 1276//1411 1290//1428 
f 1278//1413 1277//1412 1291//1429 
f 1279//1414 1278//1413 1292//1430 
f 1280//1415 1279//1414 1293//1431 
f 1281//1416 1280//1415 1294//1432 
f 1282//1417 1281//1416 1295//1433 
f 1283//1418 1282//1417 1296//1434 
f 1297//1435 38//1436 43//1420 
f 1229//1437 1298//1438 1284//1422 
f 1285//1423 1284//1422 1298//1438 
f 1286//1424 1285//1423 1299//1439 
f 1287//1425 1286//1424 1300//1440 
f 1288//1426 1287//1425 1301//1441 
f 1289//1427 1288//1426 1302//1442 
f 1290//1428 1289//1427 1303//1443 
f 1291//1429 1290//1428 1304//1444 
f 1292//1430 1291//1429 1305//1445 
f 1293//1431 1292//1430 1306//1446 
f 1294//1432 1293//1431 1307//1447 
f 1295//1433 1294//1432 1308//1448 
f 1296//1434 1295//1433 1309//1449 
f 1297//1435 1296//1434 1310//1450 
f 1311//1451 33//1452 32//1453 
f 32//1453 1297//1435 1311//1451 
f 1230//1454 1312//1455 1298//1438 
f 1299//1439 1298//1438 1312//1455 
f 1300//1440 1299//1439 1313//1456 
f 1301//1441 1300//1440 1314//1457 
f 1302//1442 1301//1441 1315//1458 
f 1303//1443 1302//1442 1316//1459 
f 1304//1444 1303//1443 1317//1460 
f 1305//1445 1304//1444 1318//1461 
f 1306//1446 1305//1445 1319//1462 
f 1307//1447 1306//1446 1320//1463 
f 1308//1448 1307//1447 1321//1464 
f 1309//1449 1308//1448 1322//1465 
f 1310//1450 1309//1449 1323//1466 
f 1311//1451 1310//1450 1324//1467 
f 1325//1468 34//1469 33//1452 
f 1231//1470 1326//1471 1312//1455 
f 1313//1456 1312//1455 1326//1471 
f 1314//1457 1313//1456 1327//1472 
f 1315//1458 1314//1457 1328//1473 
f 1316//1459 1315//1458 1329//1474 
f 1317//1460 1316//1459 1330//1475 
f 1318//1461 1317//1460 1331//1476 
f 1319//1462 1318//1461 1332//1477 
f 1320//1463 1319//1462 1333//1478 
f 1321//1464 1320//1463 1334//1479 
f 1322//1465 1321//1464 1335//1480 
f 1323//1466 1322//1465 1336//1481 
f 1324//1467 1323//1466 1337//1482 
f 1325//1468 1324//1467 1338//1483 
f 1339//1484 27//1485 26//1486 
f 26//1486 1325//1468 1339//1484 
f 1232//1487 1340//1488 1326//1471 
f 1327//1472 1326//1471 1340//1488 
f 1328//1473 1327//1472 1341//1489 
f 1329//1474 1328//1473 1342//1490 
f 1330//1475 1329//1474 1343//1491 
f 1331//1476 1330//1475 1344//1492 
f 1332//1477 1331//1476 1345//1493 
f 1333//1478 1332//1477 1346//1494 
f 1334//1479 1333//1478 1347//1495 
f 1335//1480 1334//1479 1348//1496 
f 1336//1481 1335//1480 1349//1497 
f 1337//1482 1336//1481 1350//1498 
f 1338//1483 1337//1482 1351//1499 
f 1339//1484 1338//1483 1352//1500 
f 1339//1484 1353//1501 21//1502 
f 1353//1501 24//1503 21//1502 
f 1233//1504 1354//1505 1340//1488 
f 1341//1489 1340//1488 1354//1505 
f 1342//1490 1341//1489 1355//1506 
f 1343//1491 1342//1490 1356//1507 
f 1344//1492 1343//1491 1357//1508 
f 1345//1493 1344//1492 1358//1509 
f 1346//1494 1345//1493 1359//1510 
f 1347//1495 1346//1494 1360//1511 
f 1348//1496 1347//1495 1361//1512 
f 1349//1497 1348//1496 1362//1513 
f 1350//1498 1349//1497 1363//1514 
f 1351//1499 1350//1498 1364//1515 
f 1352//1500 1351//1499 1365//1516 
f 1353//1501 1352//1500 1366//1517 
f 1367//1518 25//1519 24//1503 
f 1234//1520 1368//1521 1354//1505 
f 1355//1506 1354//1505 1368//1521 
f 1356//1507 1355//1506 1369//1522 
f 1357//1508 1356//1507 1370//1523 
f 1358//1509 1357//1508 1371//1524 
f 1359//1510 1358//1509 1372//1525 
f 1360//1511 1359//1510 1373//1526 
f 1361//1512 1360//1511 1374//1527 
f 1362//1513 1361//1512 1375//1528 
f 1363//1514 1362//1513 1376//1529 
f 1364//1515 1363//1514 1377//1530 
f 1365//1516 1364//1515 1378//1531 
f 1366//1517 1365//1516 1379//1532 
f 1367//1518 1366//1517 1380//1533 
f 1381//1534 20//1535 19//1536 
f 19//1536 1367//1518 1381//1534 
f 1235//1537 1382//1538 1368//1521 
f 1369//1522 1368//1521 1382//1538 
f 1370//1523 1369//1522 1383//1539 
f 1371//1524 1370//1523 1384//1540 
f 1372//1525 1371//1524 1385//1541 
f 1373//1526 1372//1525 1386//1542 
f 1374//1527 1373//1526 1387//1543 
f 1375//1528 1374//1527 1388//1544 
f 1376//1529 1375//1528 1389//1545 
f 1377//1530 1376//1529 1390//1546 
f 1378//1531 1377//1530 1391//1547 
f 1379//1532 1378//1531 1392//1548 
f 1380//1533 1379//1532 1393//1549 
f 1381//1534 1380//1533 1394//1550 
f 1395//1551 16//1552 20//1535 
f 1236//1553 1396//1554 1382//1538 
f 1383//1539 1382//1538 1396//1554 
f 1384//1540 1383//1539 1397//1555 
f 1385//1541 1384//1540 1398//1556 
f 1386//1542 1385//1541 1399//1557 
f 1387//1543 1386//1542 1400//1558 
f 1388//1544 1387//1543 1401//1559 
f 1389//1545 1388//1544 1402//1560 
f 1390//1546 1389//1545 1403//1561 
f 1391//1547 1390//1546 1404//1562 
f 1392//1548 1391//1547 1405//1563 
f 1393//1549 1392//1548 1406//1564 
f 1394//1550 1393//1549 1407//1565 
f 1395//1551 1394//1550 1408//1566 
f 1395//1551 1409//1567 12//1568 
f 1409//1567 13//1569 12//1568 
f 1237//1570 1410//1571 1396//1554 
f 1397//1555 1396//1554 1410//1571 
f 1398//1556 1397//1555 1411//1572 
f 1399//1557 1398//1556 1412//1573 
f 1400//1558 1399//1557 1413//1574 
f 1401//1559 1400//1558 1414//1575 
f 1402//1560 1401//1559 1415//1576 
f 1403//1561 1402//1560 1416//1577 
f 1404//1562 1403//1561 1417//1578 
f 1405//1563 1404//1562 1418//1579 
f 1406//1564 1405//1563 1419//1580 
f 1407//1565 1406//1564 1420//1581 
f 1408//1566 1407//1565 1421//1582 
f 1409//1567 1408//1566 1422//1583 
f 1423//1584 10//1585 13//1569 
f 1238//1586 1424//1587 1410//1571 
f 1411//1572 1410//1571 1424//1587 
f 1412//1573 1411//1572 1425//1588 
f 1413//1574 1412//1573 1426//1589 
f 1414//1575 1413//1574 1427//1590 
f 1415//1576 1414//1575 1428//1591 
f 1416//1577 1415//1576 1429//1592 
f 1417//1578 1416//1577 1430//1593 
f 1418//1579 1417//1578 1431//1594 
f 1419//1580 1418//1579 1432//1595 
f 1420//1581 1419//1580 1433//1596 
f 1421//1582 1420//1581 1434//1597 
f 1422//1583 1421//1582 1435//1598 
f 1423//1584 1422//1583 1436//1599 
f 1423//1584 1437//1600 4//1601 
f 1437//1600 1//1602 4//1601 
f 1239//1603 1438//1604 1424//1587 
f 1425//1588 1424//1587 1438//1604 
f 1426//1589 1425//1588 1439//1605 
f 1427//1590 1426//1589 1440//1606 
f 1428//1591 1427//1590 1441//1607 
f 1429//1592 1428//1591 1442//1608 
f 1430//1593 1429//1592 1443//1609 
f 1431//1594 1430//1593 1444//1610 
f 1432//1595 1431//1594 1445//1611 
f 1433//1596 1432//1595 1446//1612 
f 1434//1597 1433//1596 1447//1613 
f 1435//1598 1434//1597 1448//1614 
f 1436//1599 1435//1598 1449//1615 
f 1437//1600 1436//1599 1450//1616 
f 1451//1617 2//1618 1//1602 
f 1240//1619 1241//1620 1438//1604 
f 1241//1620 1242//1621 1439//1605 
f 1242//1621 1243//1622 1440//1606 
f 1243//1622 1244//1623 1441//1607 
f 1244//1623 1245//1624 1442//1608 
f 1245//1624 1246//1625 1443//1609 
f 1246//1625 1247//1626 1444//1610 
f 1247//1626 1248//1627 1445//1611 
f 1248//1627 1249//1628 1446//1612 
f 1249//1628 1250//1629 1447//1613 
f 1250//1629 1251//1630 1448//1614 
f 1251//1630 1252//1631 1449//1615 
f 1252//1631 1253//1632 1450//1616 
f 1253//1632 1254//1633 1451//1617 
f 1254//1633 8//1634 2//1618 
f 2//1618 1451//1617 1254//1633 
f 1451//1617 1450//1616 1253//1632 
f 1450//1616 1449//1615 1252//1631 
f 1449//1615 1448//1614 1251//1630 
f 1448//1614 1447//1613 1250//1629 
f 1447//1613 1446//1612 1249//1628 
f 1446//1612 1445//1611 1248//1627 
f 1445//1611 1444//1610 1247//1626 
f 1444//1610 1443//1609 1246//1625 
f 1443//1609 1442//1608 1245//1624 
f 1442//1608 1441//1607 1244//1623 
f 1441//1607 1440//1606 1243//1622 
f 1440//1606 1439//1605 1242//1621 
f 1439//1605 1438//1604 1241//1620 
f 1438//1604 1239//1603 1240//1619 
f 1//1602 1437//1600 1451//1617 
f 1450//1616 1451//1617 1437//1600 
f 1449//1615 1450//1616 1436//1599 
f 1448//1614 1449//1615 1435//1598 
f 1447//1613 1448//1614 1434//1597 
f 1446//1612 1447//1613 1433//1596 
f 1445//1611 1446//1612 1432//1595 
f 1444//1610 1445//1611 1431//1594 
f 1443//1609 1444//1610 1430//1593 
f 1442//1608 1443//1609 1429//1592 
f 1441//1607 1442//1608 1428//1591 
f 1440//1606 1441//1607 1427//1590 
f 1439//1605 1440//1606 1426//1589 
f 1438//1604 1439//1605 1425//1588 
f 1424//1587 1238//1586 1239//1603 
f 4//1601 10//1585 1423//1584 
f 1436//1599 1437//1600 1423//1584 
f 1435//1598 1436//1599 1422//1583 
f 1434//1597 1435//1598 1421//1582 
f 1433//1596 1434//1597 1420//1581 
f 1432//1595 1433//1596 1419//1580 
f 1431//1594 1432//1595 1418//1579 
f 1430//1593 1431//1594 1417//1578 
f 1429//1592 1430//1593 1416//1577 
f 1428//1591 1429//1592 1415//1576 
f 1427//1590 1428//1591 1414//1575 
f 1426//1589 1427//1590 1413//1574 
f 1425//1588 1426//1589 1412//1573 
f 1424//1587 1425//1588 1411//1572 
f 1410//1571 1237//1570 1238//1586 
f 13//1569 1409//1567 1423//1584 
f 1422//1583 1423//1584 1409//1567 
f 1421//1582 1422//1583 1408//1566 
f 1420//1581 1421//1582 1407//1565 
f 1419//1580 1420//1581 1406//1564 
f 1418//1579 1419//1580 1405//1563 
f 1417//1578 1418//1579 1404//1562 
f 1416//1577 1417//1578 1403//1561 
f 1415//1576 1416//1577 1402//1560 
f 1414//1575 1415//1576 1401//1559 
f 1413//1574 1414//1575 1400//1558 
f 1412//1573 1413//1574 1399//1557 
f 1411//1572 1412//1573 1398//1556 
f 1410//1571 1411//1572 1397//1555 
f 1396//1554 1236//1553 1237//1570 
f 12//1568 16//1552 1395//1551 
f 1408//1566 1409//1567 1395//1551 
f 1407//1565 1408//1566 1394//1550 
f 1406//1564 1407//1565 1393//1549 
f 1405//1563 1406//1564 1392//1548 
f 1404//1562 1405//1563 1391//1547 
f 1403//1561 1404//1562 1390//1546 
f 1402//1560 1403//1561 1389//1545 
f 1401//1559 1402//1560 1388//1544 
f 1400//1558 1401//1559 1387//1543 
f 1399//1557 1400//1558 1386//1542 
f 1398//1556 1399//1557 1385//1541 
f 1397//1555 1398//1556 1384//1540 
f 1396//1554 1397//1555 1383//1539 
f 1382//1538 1235//1537 1236//1553 
f 20//1535 1381//1534 1395//1551 
f 1394//1550 1395//1551 1381//1534 
f 1393//1549 1394//1550 1380//1533 
f 1392//1548 1393//1549 1379//1532 
f 1391//1547 1392//1548 1378//1531 
f 1390//1546 1391//1547 1377//1530 
f 1389//1545 1390//1546 1376//1529 
f 1388//1544 1389//1545 1375//1528 
f 1387//1543 1388//1544 1374//1527 
f 1386//1542 1387//1543 1373//1526 
f 1385//1541 1386//1542 1372//1525 
f 1384//1540 1385//1541 1371//1524 
f 1383//1539 1384//1540 1370//1523 
f 1382//1538 1383//1539 1369//1522 
f 1368//1521 1234//1520 1235//1537 
f 19//1536 25//1519 1367//1518 
f 1380//1533 1381//1534 1367//1518 
f 1379//1532 1380//1533 1366//1517 
f 1378//1531 1379//1532 1365//1516 
f 1377//1530 1378//1531 1364//1515 
f 1376//1529 1377//1530 1363//1514 
f 1375//1528 1376//1529 1362//1513 
f 1374//1527 1375//1528 1361//1512 
f 1373//1526 1374//1527 1360//1511 
f 1372//1525 1373//1526 1359//1510 
f 1371//1524 1372//1525 1358//1509 
f 1370//1523 1371//1524 1357//1508 
f 1369//1522 1370//1523 1356//1507 
f 1368//1521 1369//1522 1355//1506 
f 1354//1505 1233//1504 1234//1520 
f 24//1503 1353//1501 1367//1518 
f 1366//1517 1367//1518 1353//1501 
f 1365//1516 1366//1517 1352//1500 
f 1364//1515 1365//1516 1351//1499 
f 1363//1514 1364//1515 1350//1498 
f 1362//1513 1363//1514 1349//1497 
f 1361//1512 1362//1513 1348//1496 
f 1360//1511 1361//1512 1347//1495 
f 1359//1510 1360//1511 1346//1494 
f 1358//1509 1359//1510 1345//1493 
f 1357//1508 1358//1509 1344//1492 
f 1356//1507 1357//1508 1343//1491 
f 1355//1506 1356//1507 1342//1490 
f 1354//1505 1355//1506 1341//1489 
f 1340//1488 1232//1487 1233//1504 
f 21//1502 27//1485 1339//1484 
f 1352//1500 1353//1501 1339//1484 
f 1351//1499 1352//1500 1338//1483 
f 1350//1498 1351//1499 1337//1482 
f 1349//1497 1350//1498 1336//1481 
f 1348//1496 1349//1497 1335//1480 
f 1347//1495 1348//1496 1334//1479 
f 1346//1494 1347//1495 1333//1478 
f 1345//1493 1346//1494 1332//1477 
f 1344//1492 1345//1493 1331//1476 
f 1343//1491 1344//1492 1330//1475 
f 1342//1490 1343//1491 1329//1474 
f 1341//1489 1342//1490 1328//1473 
f 1340//1488 1341//1489 1327//1472 
f 1326//1471 1231//1470 1232//1487 
f 26//1486 34//1469 1325//1468 
f 1338//1483 1339//1484 1325//1468 
f 1337//1482 1338//1483 1324//1467 
f 1336//1481 1337//1482 1323//1466 
f 1335//1480 1336//1481 1322//1465 
f 1334//1479 1335//1480 1321//1464 
f 1333//1478 1334//1479 1320//1463 
f 1332//1477 1333//1478 1319//1462 
f 1331//1476 1332//1477 1318//1461 
f 1330//1475 1331//1476 1317//1460 
f 1329//1474 1330//1475 1316//1459 
f 1328//1473 1329//1474 1315//1458 
f 1327//1472 1328//1473 1314//1457 
f 1326//1471 1327//1472 1313//1456 
f 1312//1455 1230//1454 1231//1470 
f 33//1452 1311//1451 1325//1468 
f 1324//1467 1325//1468 1311//1451 
f 1323//1466 1324//1467 1310//1450 
f 1322//1465 1323//1466 1309//1449 
f 1321//1464 1322//1465 1308//1448 
f 1320//1463 1321//1464 1307//1447 
f 1319//1462 1320//1463 1306//1446 
f 1318//1461 1319//1462 1305//1445 
f 1317//1460 1318//1461 1304//1444 
f 1316//1459 1317//1460 1303//1443 
f 1315//1458 1316//1459 1302//1442 
f 1314//1457 1315//1458 1301//1441 
f 1313//1456 1314//1457 1300//1440 
f 1312//1455 1313//1456 1299//1439 
f 1298//1438 1229//1437 1230//1454 
f 32//1453 38//1436 1297//1435 
f 1310//1450 1311//1451 1297//1435 
f 1309//1449 1310//1450 1296//1434 
f 1308//1448 1309//1449 1295//1433 
f 1307//1447 1308//1448 1294//1432 
f 1306//1446 1307//1447 1293//1431 
f 1305//1445 1306//1446 1292//1430 
f 1304//1444 1305//1445 1291//1429 
f 1303//1443 1304//1444 1290//1428 
f 1302//1442 1303//1443 1289//1427 
f 1301//1441 1302//1442 1288//1426 
f 1300//1440 1301//1441 1287//1425 
f 1299//1439 1300//1440 1286//1424 
f 1298//1438 1299//1439 1285//1423 
f 1284//1422 1228//1421 1229//1437 
f 43//1420 1283//1418 1297//1435 
f 1296//1434 1297//1435 1283//1418 
f 1295//1433 1296//1434 1282//1417 
f 1294//1432 1295//1433 1281//1416 
f 1293//1431 1294//1432 1280//1415 
f 1292//1430 1293//1431 1279//1414 
f 1291//1429 1292//1430 1278//1413 
f 1290//1428 1291//1429 1277//1412 
f 1289//1427 1290//1428 1276//1411 
f 1288//1426 1289//1427 1275//1410 
f 1287//1425 1288//1426 1274//1409 
f 1286//1424 1287//1425 1273//1408 
f 1285//1423 1286//1424 1272//1407 
f 1284//1422 1285//1423 1271//1406 
f 1270//1405 1227//1404 1228//1421 
f 42//1419 45//1402 1269//1400 
f 1282//1417 1283//1418 1269//1400 
f 1281//1416 1282//1417 1268//1398 
f 1280//1415 1281//1416 1267//1396 
f 1279//1414 1280//1415 1266//1394 
f 1278//1413 1279//1414 1265//1392 
f 1277//1412 1278//1413 1264//1390 
f 1276//1411 1277//1412 1263//1388 
f 1275//1410 1276//1411 1262//1386 
f 1274//1409 1275//1410 1261//1384 
f 1273//1408 1274//1409 1260//1382 
f 1272//1407 1273//1408 1259//1380 
f 1271//1406 1272//1407 1258//1378 
f 1270//1405 1271//1406 1257//1376 
f 1256//1374 1212//1373 1227//1404 
f 47//1403 1226//1401 1269//1400 
f 1226//1401 1225//1399 1268//1398 
f 1225//1399 1224//1397 1267//1396 
f 1224//1397 1223//1395 1266//1394 
f 1223//1395 1222//1393 1265//1392 
f 1222//1393 1221//1391 1264//1390 
f 1221//1391 1220//1389 1263//1388 
f 1220//1389 1219//1387 1262//1386 
f 1219//1387 1218//1385 1261//1384 
f 1218//1385 1217//1383 1260//1382 
f 1217//1383 1216//1381 1259//1380 
f 1216//1381 1215//1379 1258//1378 
f 1215//1379 1214//1377 1257//1376 
f 1214//1377 1213//1375 1256//1374 
f 1213//1375 1255//1635 1212//1373 
o mesh15
f 1240//1635 1452//1635 1483//1636 
f 1241//1637 1483//1636 1484//1638 
f 1242//1639 1484//1638 1485//1640 
f 1243//1641 1485//1640 1486//1642 
f 1244//1643 1486//1642 1487//1644 
f 1245//1645 1487//1644 1488//1646 
f 1246//1647 1488//1646 1489//1648 
f 1247//1649 1489//1648 1490//1650 
f 1248//1651 1490//1650 1491//1652 
f 1249//1653 1491//1652 1492//1654 
f 1250//1655 1492//1654 1493//1656 
f 1251//1657 1493//1656 1494//1658 
f 1252//1659 1494//1658 1495//1660 
f 1253//1661 1495//1660 1496//1662 
f 1254//1663 1496//1662 95//1664 
f 1496//1662 92//1665 95//1664 
f 1452//1635 1453//1666 1497//1667 
f 1484//1638 1483//1636 1497//1667 
f 1485//1640 1484//1638 1498//1668 
f 1486//1642 1485//1640 1499//1669 
f 1487//1644 1486//1642 1500//1670 
f 1488//1646 1487//1644 1501//1671 
f 1489//1648 1488//1646 1502//1672 
f 1490//1650 1489//1648 1503//1673 
f 1491//1652 1490//1650 1504//1674 
f 1492//1654 1491//1652 1505//1675 
f 1493//1656 1492//1654 1506//1676 
f 1494//1658 1493//1656 1507//1677 
f 1495//1660 1494//1658 1508//1678 
f 1496//1662 1495//1660 1509//1679 
f 1496//1662 1510//1680 93//1681 
f 1453//1666 1454//1682 1511//1683 
f 1498//1668 1497//1667 1511//1683 
f 1499//1669 1498//1668 1512//1684 
f 1500//1670 1499//1669 1513//1685 
f 1501//1671 1500//1670 1514//1686 
f 1502//1672 1501//1671 1515//1687 
f 1503//1673 1502//1672 1516//1688 
f 1504//1674 1503//1673 1517//1689 
f 1505//1675 1504//1674 1518//1690 
f 1506//1676 1505//1675 1519//1691 
f 1507//1677 1506//1676 1520//1692 
f 1508//1678 1507//1677 1521//1693 
f 1509//1679 1508//1678 1522//1694 
f 1510//1680 1509//1679 1523//1695 
f 1510//1680 1524//1696 90//1697 
f 1524//1696 88//1698 90//1697 
f 1454//1682 1455//1699 1525//1700 
f 1512//1684 1511//1683 1525//1700 
f 1513//1685 1512//1684 1526//1701 
f 1514//1686 1513//1685 1527//1702 
f 1515//1687 1514//1686 1528//1703 
f 1516//1688 1515//1687 1529//1704 
f 1517//1689 1516//1688 1530//1705 
f 1518//1690 1517//1689 1531//1706 
f 1519//1691 1518//1690 1532//1707 
f 1520//1692 1519//1691 1533//1708 
f 1521//1693 1520//1692 1534//1709 
f 1522//1694 1521//1693 1535//1710 
f 1523//1695 1522//1694 1536//1711 
f 1524//1696 1523//1695 1537//1712 
f 1524//1696 1538//1713 87//1714 
f 1455//1699 1456//1715 1539//1716 
f 1526//1701 1525//1700 1539//1716 
f 1527//1702 1526//1701 1540//1717 
f 1528//1703 1527//1702 1541//1718 
f 1529//1704 1528//1703 1542//1719 
f 1530//1705 1529//1704 1543//1720 
f 1531//1706 1530//1705 1544//1721 
f 1532//1707 1531//1706 1545//1722 
f 1533//1708 1532//1707 1546//1723 
f 1534//1709 1533//1708 1547//1724 
f 1535//1710 1534//1709 1548//1725 
f 1536//1711 1535//1710 1549//1726 
f 1537//1712 1536//1711 1550//1727 
f 1538//1713 1537//1712 1551//1728 
f 1538//1713 1552//1729 85//1730 
f 1456//1715 1457//1731 1553//1732 
f 1540//1717 1539//1716 1553//1732 
f 1541//1718 1540//1717 1554//1733 
f 1542//1719 1541//1718 1555//1734 
f 1543//1720 1542//1719 1556//1735 
f 1544//1721 1543//1720 1557//1736 
f 1545//1722 1544//1721 1558//1737 
f 1546//1723 1545//1722 1559//1738 
f 1547//1724 1546//1723 1560//1739 
f 1548//1725 1547//1724 1561//1740 
f 1549//1726 1548//1725 1562//1741 
f 1550//1727 1549//1726 1563//1742 
f 1551//1728 1550//1727 1564//1743 
f 1552//1729 1551//1728 1565//1744 
f 1566//1745 78//1746 77//1747 
f 77//1747 1552//1729 1566//1745 
f 1457//1731 1458//1748 1567//1749 
f 1554//1733 1553//1732 1567//1749 
f 1555//1734 1554//1733 1568//1750 
f 1556//1735 1555//1734 1569//1751 
f 1557//1736 1556//1735 1570//1752 
f 1558//1737 1557//1736 1571//1753 
f 1559//1738 1558//1737 1572//1754 
f 1560//1739 1559//1738 1573//1755 
f 1561//1740 1560//1739 1574//1756 
f 1562//1741 1561//1740 1575//1757 
f 1563//1742 1562//1741 1576//1758 
f 1564//1743 1563//1742 1577//1759 
f 1565//1744 1564//1743 1578//1760 
f 1566//1745 1565//1744 1579//1761 
f 1566//1745 1580//1762 81//1763 
f 1458//1748 1459//1764 1581//1765 
f 1568//1750 1567//1749 1581//1765 
f 1569//1751 1568//1750 1582//1766 
f 1570//1752 1569//1751 1583//1767 
f 1571//1753 1570//1752 1584//1768 
f 1572//1754 1571//1753 1585//1769 
f 1573//1755 1572//1754 1586//1770 
f 1574//1756 1573//1755 1587//1771 
f 1575//1757 1574//1756 1588//1772 
f 1576//1758 1575//1757 1589//1773 
f 1577//1759 1576//1758 1590//1774 
f 1578//1760 1577//1759 1591//1775 
f 1579//1761 1578//1760 1592//1776 
f 1580//1762 1579//1761 1593//1777 
f 1594//1778 73//1779 72//1780 
f 72//1780 1580//1762 1594//1778 
f 1459//1764 1460//1781 1595//1782 
f 1582//1766 1581//1765 1595//1782 
f 1583//1767 1582//1766 1596//1783 
f 1584//1768 1583//1767 1597//1784 
f 1585//1769 1584//1768 1598//1785 
f 1586//1770 1585//1769 1599//1786 
f 1587//1771 1586//1770 1600//1787 
f 1588//1772 1587//1771 1601//1788 
f 1589//1773 1588//1772 1602//1789 
f 1590//1774 1589//1773 1603//1790 
f 1591//1775 1590//1774 1604//1791 
f 1592//1776 1591//1775 1605//1792 
f 1593//1777 1592//1776 1606//1793 
f 1594//1778 1593//1777 1607//1794 
f 1594//1778 1608//1795 76//1796 
f 1460//1781 1461//1797 1609//1798 
f 1596//1783 1595//1782 1609//1798 
f 1597//1784 1596//1783 1610//1799 
f 1598//1785 1597//1784 1611//1800 
f 1599//1786 1598//1785 1612//1801 
f 1600//1787 1599//1786 1613//1802 
f 1601//1788 1600//1787 1614//1803 
f 1602//1789 1601//1788 1615//1804 
f 1603//1790 1602//1789 1616//1805 
f 1604//1791 1603//1790 1617//1806 
f 1605//1792 1604//1791 1618//1807 
f 1606//1793 1605//1792 1619//1808 
f 1607//1794 1606//1793 1620//1809 
f 1608//1795 1607//1794 1621//1810 
f 1622//1811 71//1812 70//1813 
f 70//1813 1608//1795 1622//1811 
f 1461//1797 1462//1814 1623//1815 
f 1610//1799 1609//1798 1623//1815 
f 1611//1800 1610//1799 1624//1816 
f 1612//1801 1611//1800 1625//1817 
f 1613//1802 1612//1801 1626//1818 
f 1614//1803 1613//1802 1627//1819 
f 1615//1804 1614//1803 1628//1820 
f 1616//1805 1615//1804 1629//1821 
f 1617//1806 1616//1805 1630//1822 
f 1618//1807 1617//1806 1631//1823 
f 1619//1808 1618//1807 1632//1824 
f 1620//1809 1619//1808 1633//1825 
f 1621//1810 1620//1809 1634//1826 
f 1622//1811 1621//1810 1635//1827 
f 1622//1811 1636//1828 67//1829 
f 1636//1828 65//1830 67//1829 
f 1462//1814 1463//1831 1637//1832 
f 1624//1816 1623//1815 1637//1832 
f 1625//1817 1624//1816 1638//1833 
f 1626//1818 1625//1817 1639//1834 
f 1627//1819 1626//1818 1640//1835 
f 1628//1820 1627//1819 1641//1836 
f 1629//1821 1628//1820 1642//1837 
f 1630//1822 1629//1821 1643//1838 
f 1631//1823 1630//1822 1644//1839 
f 1632//1824 1631//1823 1645//1840 
f 1633//1825 1632//1824 1646//1841 
f 1634//1826 1633//1825 1647//1842 
f 1635//1827 1634//1826 1648//1843 
f 1636//1828 1635//1827 1649//1844 
f 1636//1828 1650//1845 63//1846 
f 1463//1831 1464//1847 1651//1848 
f 1638//1833 1637//1832 1651//1848 
f 1639//1834 1638//1833 1652//1849 
f 1640//1835 1639//1834 1653//1850 
f 1641//1836 1640//1835 1654//1851 
f 1642//1837 1641//1836 1655//1852 
f 1643//1838 1642//1837 1656//1853 
f 1644//1839 1643//1838 1657//1854 
f 1645//1840 1644//1839 1658//1855 
f 1646//1841 1645//1840 1659//1856 
f 1647//1842 1646//1841 1660//1857 
f 1648//1843 1647//1842 1661//1858 
f 1649//1844 1648//1843 1662//1859 
f 1650//1845 1649//1844 1663//1860 
f 1650//1845 1664//1861 60//1862 
f 1464//1847 1465//1863 1665//1864 
f 1652//1849 1651//1848 1665//1864 
f 1653//1850 1652//1849 1666//1865 
f 1654//1851 1653//1850 1667//1866 
f 1655//1852 1654//1851 1668//1867 
f 1656//1853 1655//1852 1669//1868 
f 1657//1854 1656//1853 1670//1869 
f 1658//1855 1657//1854 1671//1870 
f 1659//1856 1658//1855 1672//1871 
f 1660//1857 1659//1856 1673//1872 
f 1661//1858 1660//1857 1674//1873 
f 1662//1859 1661//1858 1675//1874 
f 1663//1860 1662//1859 1676//1875 
f 1664//1861 1663//1860 1677//1876 
f 1678//1877 58//1878 57//1879 
f 57//1879 1664//1861 1678//1877 
f 1465//1863 1466//1880 1679//1881 
f 1666//1865 1665//1864 1679//1881 
f 1667//1866 1666//1865 1680//1882 
f 1668//1867 1667//1866 1681//1883 
f 1669//1868 1668//1867 1682//1884 
f 1670//1869 1669//1868 1683//1885 
f 1671//1870 1670//1869 1684//1886 
f 1672//1871 1671//1870 1685//1887 
f 1673//1872 1672//1871 1686//1888 
f 1674//1873 1673//1872 1687//1889 
f 1675//1874 1674//1873 1688//1890 
f 1676//1875 1675//1874 1689//1891 
f 1677//1876 1676//1875 1690//1892 
f 1678//1877 1677//1876 1691//1893 
f 1678//1877 1692//1894 50//1895 
f 1692//1894 51//1896 50//1895 
f 1466//1880 1467//1897 1693//1898 
f 1680//1882 1679//1881 1693//1898 
f 1681//1883 1680//1882 1694//1899 
f 1682//1884 1681//1883 1695//1900 
f 1683//1885 1682//1884 1696//1901 
f 1684//1886 1683//1885 1697//1902 
f 1685//1887 1684//1886 1698//1903 
f 1686//1888 1685//1887 1699//1904 
f 1687//1889 1686//1888 1700//1905 
f 1688//1890 1687//1889 1701//1906 
f 1689//1891 1688//1890 1702//1907 
f 1690//1892 1689//1891 1703//1908 
f 1691//1893 1690//1892 1704//1909 
f 1692//1894 1691//1893 1705//1910 
f 1692//1894 1706//1911 54//1912 
f 1468//1913 1469//1914 1693//1898 
f 1469//1914 1470//1915 1694//1899 
f 1470//1915 1471//1916 1695//1900 
f 1471//1916 1472//1917 1696//1901 
f 1472//1917 1473//1918 1697//1902 
f 1473//1918 1474//1919 1698//1903 
f 1474//1919 1475//1920 1699//1904 
f 1475//1920 1476//1921 1700//1905 
f 1476//1921 1477//1922 1701//1906 
f 1477//1922 1478//1923 1702//1907 
f 1478//1923 1479//1924 1703//1908 
f 1479//1924 1480//1925 1704//1909 
f 1480//1925 1481//1926 1705//1910 
f 1481//1926 1482//1927 1706//1911 
f 1482//1927 55//1928 54//1912 
f 54//1912 1706//1911 1482//1927 
f 1706//1911 1705//1910 1481//1926 
f 1705//1910 1704//1909 1480//1925 
f 1704//1909 1703//1908 1479//1924 
f 1703//1908 1702//1907 1478//1923 
f 1702//1907 1701//1906 1477//1922 
f 1701//1906 1700//1905 1476//1921 
f 1700//1905 1699//1904 1475//1920 
f 1699//1904 1698//1903 1474//1919 
f 1698//1903 1697//1902 1473//1918 
f 1697//1902 1696//1901 1472//1917 
f 1696//1901 1695//1900 1471//1916 
f 1695//1900 1694//1899 1470//1915 
f 1694//1899 1693//1898 1469//1914 
f 1693//1898 1467//1897 1468//1913 
f 54//1912 51//1896 1692//1894 
f 1705//1910 1706//1911 1692//1894 
f 1704//1909 1705//1910 1691//1893 
f 1703//1908 1704//1909 1690//1892 
f 1702//1907 1703//1908 1689//1891 
f 1701//1906 1702//1907 1688//1890 
f 1700//1905 1701//1906 1687//1889 
f 1699//1904 1700//1905 1686//1888 
f 1698//1903 1699//1904 1685//1887 
f 1697//1902 1698//1903 1684//1886 
f 1696//1901 1697//1902 1683//1885 
f 1695//1900 1696//1901 1682//1884 
f 1694//1899 1695//1900 1681//1883 
f 1693//1898 1694//1899 1680//1882 
f 1693//1898 1679//1881 1466//1880 
f 50//1895 58//1878 1678//1877 
f 1691//1893 1692//1894 1678//1877 
f 1690//1892 1691//1893 1677//1876 
f 1689//1891 1690//1892 1676//1875 
f 1688//1890 1689//1891 1675//1874 
f 1687//1889 1688//1890 1674//1873 
f 1686//1888 1687//1889 1673//1872 
f 1685//1887 1686//1888 1672//1871 
f 1684//1886 1685//1887 1671//1870 
f 1683//1885 1684//1886 1670//1869 
f 1682//1884 1683//1885 1669//1868 
f 1681//1883 1682//1884 1668//1867 
f 1680//1882 1681//1883 1667//1866 
f 1679//1881 1680//1882 1666//1865 
f 1679//1881 1665//1864 1465//1863 
f 57//1879 60//1862 1664//1861 
f 1677//1876 1678//1877 1664//1861 
f 1676//1875 1677//1876 1663//1860 
f 1675//1874 1676//1875 1662//1859 
f 1674//1873 1675//1874 1661//1858 
f 1673//1872 1674//1873 1660//1857 
f 1672//1871 1673//1872 1659//1856 
f 1671//1870 1672//1871 1658//1855 
f 1670//1869 1671//1870 1657//1854 
f 1669//1868 1670//1869 1656//1853 
f 1668//1867 1669//1868 1655//1852 
f 1667//1866 1668//1867 1654//1851 
f 1666//1865 1667//1866 1653//1850 
f 1665//1864 1666//1865 1652//1849 
f 1665//1864 1651//1848 1464//1847 
f 60//1862 63//1846 1650//1845 
f 1663//1860 1664//1861 1650//1845 
f 1662//1859 1663//1860 1649//1844 
f 1661//1858 1662//1859 1648//1843 
f 1660//1857 1661//1858 1647//1842 
f 1659//1856 1660//1857 1646//1841 
f 1658//1855 1659//1856 1645//1840 
f 1657//1854 1658//1855 1644//1839 
f 1656//1853 1657//1854 1643//1838 
f 1655//1852 1656//1853 1642//1837 
f 1654//1851 1655//1852 1641//1836 
f 1653//1850 1654//1851 1640//1835 
f 1652//1849 1653//1850 1639//1834 
f 1651//1848 1652//1849 1638//1833 
f 1651//1848 1637//1832 1463//1831 
f 63//1846 65//1830 1636//1828 
f 1649//1844 1650//1845 1636//1828 
f 1648//1843 1649//1844 1635//1827 
f 1647//1842 1648//1843 1634//1826 
f 1646//1841 1647//1842 1633//1825 
f 1645//1840 1646//1841 1632//1824 
f 1644//1839 1645//1840 1631//1823 
f 1643//1838 1644//1839 1630//1822 
f 1642//1837 1643//1838 1629//1821 
f 1641//1836 1642//1837 1628//1820 
f 1640//1835 1641//1836 1627//1819 
f 1639//1834 1640//1835 1626//1818 
f 1638//1833 1639//1834 1625//1817 
f 1637//1832 1638//1833 1624//1816 
f 1637//1832 1623//1815 1462//1814 
f 67//1829 71//1812 1622//1811 
f 1635//1827 1636//1828 1622//1811 
f 1634//1826 1635//1827 1621//1810 
f 1633//1825 1634//1826 1620//1809 
f 1632//1824 1633//1825 1619//1808 
f 1631//1823 1632//1824 1618//1807 
f 1630//1822 1631//1823 1617//1806 
f 1629//1821 1630//1822 1616//1805 
f 1628//1820 1629//1821 1615//1804 
f 1627//1819 1628//1820 1614//1803 
f 1626//1818 1627//1819 1613//1802 
f 1625//1817 1626//1818 1612//1801 
f 1624//1816 1625//1817 1611//1800 
f 1623//1815 1624//1816 1610//1799 
f 1623//1815 1609//1798 1461//1797 
f 70//1813 76//1796 1608//1795 
f 1621//1810 1622//1811 1608//1795 
f 1620//1809 1621//1810 1607//1794 
f 1619//1808 1620//1809 1606//1793 
f 1618//1807 1619//1808 1605//1792 
f 1617//1806 1618//1807 1604//1791 
f 1616//1805 1617//1806 1603//1790 
f 1615//1804 1616//1805 1602//1789 
f 1614//1803 1615//1804 1601//1788 
f 1613//1802 1614//1803 1600//1787 
f 1612//1801 1613//1802 1599//1786 
f 1611//1800 1612//1801 1598//1785 
f 1610//1799 1611//1800 1597//1784 
f 1609//1798 1610//1799 1596//1783 
f 1609//1798 1595//1782 1460//1781 
f 76//1796 73//1779 1594//1778 
f 1607//1794 1608//1795 1594//1778 
f 1606//1793 1607//1794 1593//1777 
f 1605//1792 1606//1793 1592//1776 
f 1604//1791 1605//1792 1591//1775 
f 1603//1790 1604//1791 1590//1774 
f 1602//1789 1603//1790 1589//1773 
f 1601//1788 1602//1789 1588//1772 
f 1600//1787 1601//1788 1587//1771 
f 1599//1786 1600//1787 1586//1770 
f 1598//1785 1599//1786 1585//1769 
f 1597//1784 1598//1785 1584//1768 
f 1596//1783 1597//1784 1583//1767 
f 1595//1782 1596//1783 1582//1766 
f 1595//1782 1581//1765 1459//1764 
f 72//1780 81//1763 1580//1762 
f 1593//1777 1594//1778 1580//1762 
f 1592//1776 1593//1777 1579//1761 
f 1591//1775 1592//1776 1578//1760 
f 1590//1774 1591//1775 1577//1759 
f 1589//1773 1590//1774 1576//1758 
f 1588//1772 1589//1773 1575//1757 
f 1587//1771 1588//1772 1574//1756 
f 1586//1770 1587//1771 1573//1755 
f 1585//1769 1586//1770 1572//1754 
f 1584//1768 1585//1769 1571//1753 
f 1583//1767 1584//1768 1570//1752 
f 1582//1766 1583//1767 1569//1751 
f 1581//1765 1582//1766 1568//1750 
f 1581//1765 1567//1749 1458//1748 
f 81//1763 78//1746 1566//1745 
f 1579//1761 1580//1762 1566//1745 
f 1578//1760 1579//1761 1565//1744 
f 1577//1759 1578//1760 1564//1743 
f 1576//1758 1577//1759 1563//1742 
f 1575//1757 1576//1758 1562//1741 
f 1574//1756 1575//1757 1561//1740 
f 1573//1755 1574//1756 1560//1739 
f 1572//1754 1573//1755 1559//1738 
f 1571//1753 1572//1754 1558//1737 
f 1570//1752 1571//1753 1557//1736 
f 1569//1751 1570//1752 1556//1735 
f 1568//1750 1569//1751 1555//1734 
f 1567//1749 1568//1750 1554//1733 
f 1567//1749 1553//1732 1457//1731 
f 77//1747 85//1730 1552//1729 
f 1565//1744 1566//1745 1552//1729 
f 1564//1743 1565//1744 1551//1728 
f 1563//1742 1564//1743 1550//1727 
f 1562//1741 1563//1742 1549//1726 
f 1561//1740 1562//1741 1548//1725 
f 1560//1739 1561//1740 1547//1724 
f 1559//1738 1560//1739 1546//1723 
f 1558//1737 1559//1738 1545//1722 
f 1557//1736 1558//1737 1544//1721 
f 1556//1735 1557//1736 1543//1720 
f 1555//1734 1556//1735 1542//1719 
f 1554//1733 1555//1734 1541//1718 
f 1553//1732 1554//1733 1540//1717 
f 1553//1732 1539//1716 1456//1715 
f 85//1730 87//1714 1538//1713 
f 1551//1728 1552//1729 1538//1713 
f 1550//1727 1551//1728 1537//1712 
f 1549//1726 1550//1727 1536//1711 
f 1548//1725 1549//1726 1535//1710 
f 1547//1724 1548//1725 1534//1709 
f 1546//1723 1547//1724 1533//1708 
f 1545//1722 1546//1723 1532//1707 
f 1544//1721 1545//1722 1531//1706 
f 1543//1720 1544//1721 1530//1705 
f 1542//1719 1543//1720 1529//1704 
f 1541//1718 1542//1719 1528//1703 
f 1540//1717 1541//1718 1527//1702 
f 1539//1716 1540//1717 1526//1701 
f 1539//1716 1525//1700 1455//1699 
f 87//1714 88//1698 1524//1696 
f 1537//1712 1538//1713 1524//1696 
f 1536//1711 1537//1712 1523//1695 
f 1535//1710 1536//1711 1522//1694 
f 1534//1709 1535//1710 1521//1693 
f 1533//1708 1534//1709 1520//1692 
f 1532//1707 1533//1708 1519//1691 
f 1531//1706 1532//1707 1518//1690 
f 1530//1705 1531//1706 1517//1689 
f 1529//1704 1530//1705 1516//1688 
f 1528//1703 1529//1704 1515//1687 
f 1527//1702 1528//1703 1514//1686 
f 1526//1701 1527//1702 1513//1685 
f 1525//1700 1526//1701 1512//1684 
f 1525//1700 1511//1683 1454//1682 
f 90//1697 93//1681 1510//1680 
f 1523//1695 1524//1696 1510//1680 
f 1522//1694 1523//1695 1509//1679 
f 1521//1693 1522//1694 1508//1678 
f 1520//1692 1521//1693 1507//1677 
f 1519//1691 1520//1692 1506//1676 
f 1518//1690 1519//1691 1505//1675 
f 1517//1689 1518//1690 1504//1674 
f 1516//1688 1517//1689 1503//1673 
f 1515//1687 1516//1688 1502//1672 
f 1514//1686 1515//1687 1501//1671 
f 1513//1685 1514//1686 1500//1670 
f 1512//1684 1513//1685 1499//1669 
f 1511//1683 1512//1684 1498//1668 
f 1511//1683 1497//1667 1453//1666 
f 93//1681 92//1665 1496//1662 
f 1509//1679 1510//1680 1496//1662 
f 1508//1678 1509//1679 1495//1660 
f 1507//1677 1508//1678 1494//1658 
f 1506//1676 1507//1677 1493//1656 
f 1505//1675 1506//1676 1492//1654 
f 1504//1674 1505//1675 1491//1652 
f 1503//1673 1504//1674 1490//1650 
f 1502//1672 1503//1673 1489//1648 
f 1501//1671 1502//1672 1488//1646 
f 1500//1670 1501//1671 1487//1644 
f 1499//1669 1500//1670 1486//1642 
f 1498//1668 1499//1669 1485//1640 
f 1497//1667 1498//1668 1484//1638 
f 1497//1667 1483//1636 1452//1635 
f 95//1664 8//1929 1254//1663 
f 1496//1662 1254//1663 1253//1661 
f 1495//1660 1253//1661 1252//1659 
f 1494//1658 1252//1659 1251//1657 
f 1493//1656 1251//1657 1250//1655 
f 1492//1654 1250//1655 1249//1653 
f 1491//1652 1249//1653 1248//1651 
f 1490//1650 1248//1651 1247//1649 
f 1489//1648 1247//1649 1246//1647 
f 1488//1646 1246//1647 1245//1645 
f 1487//1644 1245//1645 1244//1643 
f 1486//1642 1244//1643 1243//1641 
f 1485//1640 1243//1641 1242//1639 
f 1484//1638 1242//1639 1241//1637 
f 1483//1636 1241//1637 1240//1635 
o mesh16
f 1707//1930 1708//1930 1738//1931 
f 1709//1932 1738//1931 1739//1933 
f 1710//1934 1739//1933 1740//1935 
f 1711//1936 1740//1935 1741//1937 
f 1712//1938 1741//1937 1742//1939 
f 1713//1940 1742//1939 1743//1941 
f 1714//1942 1743//1941 1744//1943 
f 1715//1944 1744//1943 1745//1945 
f 1716//1946 1745//1945 1746//1947 
f 1717//1948 1746//1947 1747//1949 
f 1718//1950 1747//1949 1748//1951 
f 1719//1952 1748//1951 1749//1953 
f 1720//1954 1749//1953 1750//1955 
f 1721//1956 1750//1955 1751//1957 
f 1722//1958 1751//1957 1207//1959 
f 1751//1957 1206//1960 1207//1959 
f 1708//1930 1723//1961 1752//1962 
f 1739//1933 1738//1931 1752//1962 
f 1740//1935 1739//1933 1753//1963 
f 1741//1937 1740//1935 1754//1964 
f 1742//1939 1741//1937 1755//1965 
f 1743//1941 1742//1939 1756//1966 
f 1744//1943 1743//1941 1757//1967 
f 1745//1945 1744//1943 1758//1968 
f 1746//1947 1745//1945 1759//1969 
f 1747//1949 1746//1947 1760//1970 
f 1748//1951 1747//1949 1761//1971 
f 1749//1953 1748//1951 1762//1972 
f 1750//1955 1749//1953 1763//1973 
f 1751//1957 1750//1955 1764//1974 
f 1751//1957 1765//1975 1208//1976 
f 1723//1961 1724//1977 1766//1978 
f 1753//1963 1752//1962 1766//1978 
f 1754//1964 1753//1963 1767//1979 
f 1755//1965 1754//1964 1768//1980 
f 1756//1966 1755//1965 1769//1981 
f 1757//1967 1756//1966 1770//1982 
f 1758//1968 1757//1967 1771//1983 
f 1759//1969 1758//1968 1772//1984 
f 1760//1970 1759//1969 1773//1985 
f 1761//1971 1760//1970 1774//1986 
f 1762//1972 1761//1971 1775//1987 
f 1763//1973 1762//1972 1776//1988 
f 1764//1974 1763//1973 1777//1989 
f 1765//1975 1764//1974 1778//1990 
f 1765//1975 1779//1991 1204//1992 
f 1779//1991 1203//1993 1204//1992 
f 1724//1977 1725//1994 1780//1995 
f 1767//1979 1766//1978 1780//1995 
f 1768//1980 1767//1979 1781//1996 
f 1769//1981 1768//1980 1782//1997 
f 1770//1982 1769//1981 1783//1998 
f 1771//1983 1770//1982 1784//1999 
f 1772//1984 1771//1983 1785//2000 
f 1773//1985 1772//1984 1786//2001 
f 1774//1986 1773//1985 1787//2002 
f 1775//1987 1774//1986 1788//2003 
f 1776//1988 1775//1987 1789//2004 
f 1777//1989 1776//1988 1790//2005 
f 1778//1990 1777//1989 1791//2006 
f 1779//1991 1778//1990 1792//2007 
f 1779//1991 1793//2008 1202//2009 
f 1725//1994 1726//2010 1794//2011 
f 1781//1996 1780//1995 1794//2011 
f 1782//1997 1781//1996 1795//2012 
f 1783//1998 1782//1997 1796//2013 
f 1784//1999 1783//1998 1797//2014 
f 1785//2000 1784//1999 1798//2015 
f 1786//2001 1785//2000 1799//2016 
f 1787//2002 1786//2001 1800//2017 
f 1788//2003 1787//2002 1801//2018 
f 1789//2004 1788//2003 1802//2019 
f 1790//2005 1789//2004 1803//2020 
f 1791//2006 1790//2005 1804//2021 
f 1792//2007 1791//2006 1805//2022 
f 1793//2008 1792//2007 1806//2023 
f 1793//2008 1807//2024 1205//2025 
f 1726//2010 1727//2026 1808//2027 
f 1795//2012 1794//2011 1808//2027 
f 1796//2013 1795//2012 1809//2028 
f 1797//2014 1796//2013 1810//2029 
f 1798//2015 1797//2014 1811//2030 
f 1799//2016 1798//2015 1812//2031 
f 1800//2017 1799//2016 1813//2032 
f 1801//2018 1800//2017 1814//2033 
f 1802//2019 1801//2018 1815//2034 
f 1803//2020 1802//2019 1816//2035 
f 1804//2021 1803//2020 1817//2036 
f 1805//2022 1804//2021 1818//2037 
f 1806//2023 1805//2022 1819//2038 
f 1807//2024 1806//2023 1820//2039 
f 1821//2040 1200//2041 1199//2042 
f 1199//2042 1807//2024 1821//2040 
f 1727//2026 1728//2043 1822//2044 
f 1809//2028 1808//2027 1822//2044 
f 1810//2029 1809//2028 1823//2045 
f 1811//2030 1810//2029 1824//2046 
f 1812//2031 1811//2030 1825//2047 
f 1813//2032 1812//2031 1826//2048 
f 1814//2033 1813//2032 1827//2049 
f 1815//2034 1814//2033 1828//2050 
f 1816//2035 1815//2034 1829//2051 
f 1817//2036 1816//2035 1830//2052 
f 1818//2037 1817//2036 1831//2053 
f 1819//2038 1818//2037 1832//2054 
f 1820//2039 1819//2038 1833//2055 
f 1821//2040 1820//2039 1834//2056 
f 1821//2040 1835//2057 1201//2058 
f 1728//2043 1729//2059 1836//2060 
f 1823//2045 1822//2044 1836//2060 
f 1824//2046 1823//2045 1837//2061 
f 1825//2047 1824//2046 1838//2062 
f 1826//2048 1825//2047 1839//2063 
f 1827//2049 1826//2048 1840//2064 
f 1828//2050 1827//2049 1841//2065 
f 1829//2051 1828//2050 1842//2066 
f 1830//2052 1829//2051 1843//2067 
f 1831//2053 1830//2052 1844//2068 
f 1832//2054 1831//2053 1845//2069 
f 1833//2055 1832//2054 1846//2070 
f 1834//2056 1833//2055 1847//2071 
f 1835//2057 1834//2056 1848//2072 
f 1849//2073 1197//2074 1196//2075 
f 1196//2075 1835//2057 1849//2073 
f 1729//2059 1730//2076 1850//2077 
f 1837//2061 1836//2060 1850//2077 
f 1838//2062 1837//2061 1851//2078 
f 1839//2063 1838//2062 1852//2079 
f 1840//2064 1839//2063 1853//2080 
f 1841//2065 1840//2064 1854//2081 
f 1842//2066 1841//2065 1855//2082 
f 1843//2067 1842//2066 1856//2083 
f 1844//2068 1843//2067 1857//2084 
f 1845//2069 1844//2068 1858//2085 
f 1846//2070 1845//2069 1859//2086 
f 1847//2071 1846//2070 1860//2087 
f 1848//2072 1847//2071 1861//2088 
f 1849//2073 1848//2072 1862//2089 
f 1849//2073 1863//2090 1198//2091 
f 1730//2076 1731//2092 1864//2093 
f 1851//2078 1850//2077 1864//2093 
f 1852//2079 1851//2078 1865//2094 
f 1853//2080 1852//2079 1866//2095 
f 1854//2081 1853//2080 1867//2096 
f 1855//2082 1854//2081 1868//2097 
f 1856//2083 1855//2082 1869//2098 
f 1857//2084 1856//2083 1870//2099 
f 1858//2085 1857//2084 1871//2100 
f 1859//2086 1858//2085 1872//2101 
f 1860//2087 1859//2086 1873//2102 
f 1861//2088 1860//2087 1874//2103 
f 1862//2089 1861//2088 1875//2104 
f 1863//2090 1862//2089 1876//2105 
f 1877//2106 1195//2107 1194//2108 
f 1194//2108 1863//2090 1877//2106 
f 1731//2092 1732//2109 1878//2110 
f 1865//2094 1864//2093 1878//2110 
f 1866//2095 1865//2094 1879//2111 
f 1867//2096 1866//2095 1880//2112 
f 1868//2097 1867//2096 1881//2113 
f 1869//2098 1868//2097 1882//2114 
f 1870//2099 1869//2098 1883//2115 
f 1871//2100 1870//2099 1884//2116 
f 1872//2101 1871//2100 1885//2117 
f 1873//2102 1872//2101 1886//2118 
f 1874//2103 1873//2102 1887//2119 
f 1875//2104 1874//2103 1888//2120 
f 1876//2105 1875//2104 1889//2121 
f 1877//2106 1876//2105 1890//2122 
f 1877//2106 1891//2123 1190//2124 
f 1891//2123 1191//2125 1190//2124 
f 1732//2109 1733//2126 1892//2127 
f 1879//2111 1878//2110 1892//2127 
f 1880//2112 1879//2111 1893//2128 
f 1881//2113 1880//2112 1894//2129 
f 1882//2114 1881//2113 1895//2130 
f 1883//2115 1882//2114 1896//2131 
f 1884//2116 1883//2115 1897//2132 
f 1885//2117 1884//2116 1898//2133 
f 1886//2118 1885//2117 1899//2134 
f 1887//2119 1886//2118 1900//2135 
f 1888//2120 1887//2119 1901//2136 
f 1889//2121 1888//2120 1902//2137 
f 1890//2122 1889//2121 1903//2138 
f 1891//2123 1890//2122 1904//2139 
f 1891//2123 1905//2140 1192//2141 
f 1733//2126 1734//2142 1906//2143 
f 1893//2128 1892//2127 1906//2143 
f 1894//2129 1893//2128 1907//2144 
f 1895//2130 1894//2129 1908//2145 
f 1896//2131 1895//2130 1909//2146 
f 1897//2132 1896//2131 1910//2147 
f 1898//2133 1897//2132 1911//2148 
f 1899//2134 1898//2133 1912//2149 
f 1900//2135 1899//2134 1913//2150 
f 1901//2136 1900//2135 1914//2151 
f 1902//2137 1901//2136 1915//2152 
f 1903//2138 1902//2137 1916//2153 
f 1904//2139 1903//2138 1917//2154 
f 1905//2140 1904//2139 1918//2155 
f 1905//2140 1919//2156 1193//2157 
f 1734//2142 1735//2158 1920//2159 
f 1907//2144 1906//2143 1920//2159 
f 1908//2145 1907//2144 1921//2160 
f 1909//2146 1908//2145 1922//2161 
f 1910//2147 1909//2146 1923//2162 
f 1911//2148 1910//2147 1924//2163 
f 1912//2149 1911//2148 1925//2164 
f 1913//2150 1912//2149 1926//2165 
f 1914//2151 1913//2150 1927//2166 
f 1915//2152 1914//2151 1928//2167 
f 1916//2153 1915//2152 1929//2168 
f 1917//2154 1916//2153 1930//2169 
f 1918//2155 1917//2154 1931//2170 
f 1919//2156 1918//2155 1932//2171 
f 1933//2172 1189//2173 1188//2174 
f 1188//2174 1919//2156 1933//2172 
f 1735//2158 1736//2175 1934//2176 
f 1921//2160 1920//2159 1934//2176 
f 1922//2161 1921//2160 1935//2177 
f 1923//2162 1922//2161 1936//2178 
f 1924//2163 1923//2162 1937//2179 
f 1925//2164 1924//2163 1938//2180 
f 1926//2165 1925//2164 1939//2181 
f 1927//2166 1926//2165 1940//2182 
f 1928//2167 1927//2166 1941//2183 
f 1929//2168 1928//2167 1942//2184 
f 1930//2169 1929//2168 1943//2185 
f 1931//2170 1930//2169 1944//2186 
f 1932//2171 1931//2170 1945//2187 
f 1933//2172 1932//2171 1946//2188 
f 1933//2172 1947//2189 1185//2190 
f 1947//2189 1186//2191 1185//2190 
f 1736//2175 1737//2192 1948//2193 
f 1935//2177 1934//2176 1948//2193 
f 1936//2178 1935//2177 1949//2194 
f 1937//2179 1936//2178 1950//2195 
f 1938//2180 1937//2179 1951//2196 
f 1939//2181 1938//2180 1952//2197 
f 1940//2182 1939//2181 1953//2198 
f 1941//2183 1940//2182 1954//2199 
f 1942//2184 1941//2183 1955//2200 
f 1943//2185 1942//2184 1956//2201 
f 1944//2186 1943//2185 1957//2202 
f 1945//2187 1944//2186 1958//2203 
f 1946//2188 1945//2187 1959//2204 
f 1947//2189 1946//2188 1960//2205 
f 1947//2189 1961//2206 1187//2207 
f 1255//2208 1213//2209 1948//2193 
f 1213//2209 1214//2210 1949//2194 
f 1214//2210 1215//2211 1950//2195 
f 1215//2211 1216//2212 1951//2196 
f 1216//2212 1217//2213 1952//2197 
f 1217//2213 1218//2214 1953//2198 
f 1218//2214 1219//2215 1954//2199 
f 1219//2215 1220//2216 1955//2200 
f 1220//2216 1221//2217 1956//2201 
f 1221//2217 1222//2218 1957//2202 
f 1222//2218 1223//2219 1958//2203 
f 1223//2219 1224//2220 1959//2204 
f 1224//2220 1225//2221 1960//2205 
f 1225//2221 1226//2222 1961//2206 
f 1226//2222 47//2223 1187//2207 
f 1187//2207 1961//2206 1226//2222 
f 1961//2206 1960//2205 1225//2221 
f 1960//2205 1959//2204 1224//2220 
f 1959//2204 1958//2203 1223//2219 
f 1958//2203 1957//2202 1222//2218 
f 1957//2202 1956//2201 1221//2217 
f 1956//2201 1955//2200 1220//2216 
f 1955//2200 1954//2199 1219//2215 
f 1954//2199 1953//2198 1218//2214 
f 1953//2198 1952//2197 1217//2213 
f 1952//2197 1951//2196 1216//2212 
f 1951//2196 1950//2195 1215//2211 
f 1950//2195 1949//2194 1214//2210 
f 1949//2194 1948//2193 1213//2209 
f 1948//2193 1737//2192 1255//2208 
f 1187//2207 1186//2191 1947//2189 
f 1960//2205 1961//2206 1947//2189 
f 1959//2204 1960//2205 1946//2188 
f 1958//2203 1959//2204 1945//2187 
f 1957//2202 1958//2203 1944//2186 
f 1956//2201 1957//2202 1943//2185 
f 1955//2200 1956//2201 1942//2184 
f 1954//2199 1955//2200 1941//2183 
f 1953//2198 1954//2199 1940//2182 
f 1952//2197 1953//2198 1939//2181 
f 1951//2196 1952//2197 1938//2180 
f 1950//2195 1951//2196 1937//2179 
f 1949//2194 1950//2195 1936//2178 
f 1948//2193 1949//2194 1935//2177 
f 1948//2193 1934//2176 1736//2175 
f 1185//2190 1189//2173 1933//2172 
f 1946//2188 1947//2189 1933//2172 
f 1945//2187 1946//2188 1932//2171 
f 1944//2186 1945//2187 1931//2170 
f 1943//2185 1944//2186 1930//2169 
f 1942//2184 1943//2185 1929//2168 
f 1941//2183 1942//2184 1928//2167 
f 1940//2182 1941//2183 1927//2166 
f 1939//2181 1940//2182 1926//2165 
f 1938//2180 1939//2181 1925//2164 
f 1937//2179 1938//2180 1924//2163 
f 1936//2178 1937//2179 1923//2162 
f 1935//2177 1936//2178 1922//2161 
f 1934//2176 1935//2177 1921//2160 
f 1934//2176 1920//2159 1735//2158 
f 1188//2174 1193//2157 1919//2156 
f 1932//2171 1933//2172 1919//2156 
f 1931//2170 1932//2171 1918//2155 
f 1930//2169 1931//2170 1917//2154 
f 1929//2168 1930//2169 1916//2153 
f 1928//2167 1929//2168 1915//2152 
f 1927//2166 1928//2167 1914//2151 
f 1926//2165 1927//2166 1913//2150 
f 1925//2164 1926//2165 1912//2149 
f 1924//2163 1925//2164 1911//2148 
f 1923//2162 1924//2163 1910//2147 
f 1922//2161 1923//2162 1909//2146 
f 1921//2160 1922//2161 1908//2145 
f 1920//2159 1921//2160 1907//2144 
f 1920//2159 1906//2143 1734//2142 
f 1193//2157 1192//2141 1905//2140 
f 1918//2155 1919//2156 1905//2140 
f 1917//2154 1918//2155 1904//2139 
f 1916//2153 1917//2154 1903//2138 
f 1915//2152 1916//2153 1902//2137 
f 1914//2151 1915//2152 1901//2136 
f 1913//2150 1914//2151 1900//2135 
f 1912//2149 1913//2150 1899//2134 
f 1911//2148 1912//2149 1898//2133 
f 1910//2147 1911//2148 1897//2132 
f 1909//2146 1910//2147 1896//2131 
f 1908//2145 1909//2146 1895//2130 
f 1907//2144 1908//2145 1894//2129 
f 1906//2143 1907//2144 1893//2128 
f 1906//2143 1892//2127 1733//2126 
f 1192//2141 1191//2125 1891//2123 
f 1904//2139 1905//2140 1891//2123 
f 1903//2138 1904//2139 1890//2122 
f 1902//2137 1903//2138 1889//2121 
f 1901//2136 1902//2137 1888//2120 
f 1900//2135 1901//2136 1887//2119 
f 1899//2134 1900//2135 1886//2118 
f 1898//2133 1899//2134 1885//2117 
f 1897//2132 1898//2133 1884//2116 
f 1896//2131 1897//2132 1883//2115 
f 1895//2130 1896//2131 1882//2114 
f 1894//2129 1895//2130 1881//2113 
f 1893//2128 1894//2129 1880//2112 
f 1892//2127 1893//2128 1879//2111 
f 1892//2127 1878//2110 1732//2109 
f 1190//2124 1195//2107 1877//2106 
f 1890//2122 1891//2123 1877//2106 
f 1889//2121 1890//2122 1876//2105 
f 1888//2120 1889//2121 1875//2104 
f 1887//2119 1888//2120 1874//2103 
f 1886//2118 1887//2119 1873//2102 
f 1885//2117 1886//2118 1872//2101 
f 1884//2116 1885//2117 1871//2100 
f 1883//2115 1884//2116 1870//2099 
f 1882//2114 1883//2115 1869//2098 
f 1881//2113 1882//2114 1868//2097 
f 1880//2112 1881//2113 1867//2096 
f 1879//2111 1880//2112 1866//2095 
f 1878//2110 1879//2111 1865//2094 
f 1878//2110 1864//2093 1731//2092 
f 1194//2108 1198//2091 1863//2090 
f 1876//2105 1877//2106 1863//2090 
f 1875//2104 1876//2105 1862//2089 
f 1874//2103 1875//2104 1861//2088 
f 1873//2102 1874//2103 1860//2087 
f 1872//2101 1873//2102 1859//2086 
f 1871//2100 1872//2101 1858//2085 
f 1870//2099 1871//2100 1857//2084 
f 1869//2098 1870//2099 1856//2083 
f 1868//2097 1869//2098 1855//2082 
f 1867//2096 1868//2097 1854//2081 
f 1866//2095 1867//2096 1853//2080 
f 1865//2094 1866//2095 1852//2079 
f 1864//2093 1865//2094 1851//2078 
f 1864//2093 1850//2077 1730//2076 
f 1198//2091 1197//2074 1849//2073 
f 1862//2089 1863//2090 1849//2073 
f 1861//2088 1862//2089 1848//2072 
f 1860//2087 1861//2088 1847//2071 
f 1859//2086 1860//2087 1846//2070 
f 1858//2085 1859//2086 1845//2069 
f 1857//2084 1858//2085 1844//2068 
f 1856//2083 1857//2084 1843//2067 
f 1855//2082 1856//2083 1842//2066 
f 1854//2081 1855//2082 1841//2065 
f 1853//2080 1854//2081 1840//2064 
f 1852//2079 1853//2080 1839//2063 
f 1851//2078 1852//2079 1838//2062 
f 1850//2077 1851//2078 1837//2061 
f 1850//2077 1836//2060 1729//2059 
f 1196//2075 1201//2058 1835//2057 
f 1848//2072 1849//2073 1835//2057 
f 1847//2071 1848//2072 1834//2056 
f 1846//2070 1847//2071 1833//2055 
f 1845//2069 1846//2070 1832//2054 
f 1844//2068 1845//2069 1831//2053 
f 1843//2067 1844//2068 1830//2052 
f 1842//2066 1843//2067 1829//2051 
f 1841//2065 1842//2066 1828//2050 
f 1840//2064 1841//2065 1827//2049 
f 1839//2063 1840//2064 1826//2048 
f 1838//2062 1839//2063 1825//2047 
f 1837//2061 1838//2062 1824//2046 
f 1836//2060 1837//2061 1823//2045 
f 1836//2060 1822//2044 1728//2043 
f 1201//2058 1200//2041 1821//2040 
f 1834//2056 1835//2057 1821//2040 
f 1833//2055 1834//2056 1820//2039 
f 1832//2054 1833//2055 1819//2038 
f 1831//2053 1832//2054 1818//2037 
f 1830//2052 1831//2053 1817//2036 
f 1829//2051 1830//2052 1816//2035 
f 1828//2050 1829//2051 1815//2034 
f 1827//2049 1828//2050 1814//2033 
f 1826//2048 1827//2049 1813//2032 
f 1825//2047 1826//2048 1812//2031 
f 1824//2046 1825//2047 1811//2030 
f 1823//2045 1824//2046 1810//2029 
f 1822//2044 1823//2045 1809//2028 
f 1822//2044 1808//2027 1727//2026 
f 1199//2042 1205//2025 1807//2024 
f 1820//2039 1821//2040 1807//2024 
f 1819//2038 1820//2039 1806//2023 
f 1818//2037 1819//2038 1805//2022 
f 1817//2036 1818//2037 1804//2021 
f 1816//2035 1817//2036 1803//2020 
f 1815//2034 1816//2035 1802//2019 
f 1814//2033 1815//2034 1801//2018 
f 1813//2032 1814//2033 1800//2017 
f 1812//2031 1813//2032 1799//2016 
f 1811//2030 1812//2031 1798//2015 
f 1810//2029 1811//2030 1797//2014 
f 1809//2028 1810//2029 1796//2013 
f 1808//2027 1809//2028 1795//2012 
f 1808//2027 1794//2011 1726//2010 
f 1205//2025 1202//2009 1793//2008 
f 1806//2023 1807//2024 1793//2008 
f 1805//2022 1806//2023 1792//2007 
f 1804//2021 1805//2022 1791//2006 
f 1803//2020 1804//2021 1790//2005 
f 1802//2019 1803//2020 1789//2004 
f 1801//2018 1802//2019 1788//2003 
f 1800//2017 1801//2018 1787//2002 
f 1799//2016 1800//2017 1786//2001 
f 1798//2015 1799//2016 1785//2000 
f 1797//2014 1798//2015 1784//1999 
f 1796//2013 1797//2014 1783//1998 
f 1795//2012 1796//2013 1782//1997 
f 1794//2011 1795//2012 1781//1996 
f 1794//2011 1780//1995 1725//1994 
f 1202//2009 1203//1993 1779//1991 
f 1792//2007 1793//2008 1779//1991 
f 1791//2006 1792//2007 1778//1990 
f 1790//2005 1791//2006 1777//1989 
f 1789//2004 1790//2005 1776//1988 
f 1788//2003 1789//2004 1775//1987 
f 1787//2002 1788//2003 1774//1986 
f 1786//2001 1787//2002 1773//1985 
f 1785//2000 1786//2001 1772//1984 
f 1784//1999 1785//2000 1771//1983 
f 1783//1998 1784//1999 1770//1982 
f 1782//1997 1783//1998 1769//1981 
f 1781//1996 1782//1997 1768//1980 
f 1780//1995 1781//1996 1767//1979 
f 1780//1995 1766//1978 1724//1977 
f 1204//1992 1208//1976 1765//1975 
f 1778//1990 1779//1991 1765//1975 
f 1777//1989 1778//1990 1764//1974 
f 1776//1988 1777//1989 1763//1973 
f 1775//1987 1776//1988 1762//1972 
f 1774//1986 1775//1987 1761//1971 
f 1773//1985 1774//1986 1760//1970 
f 1772//1984 1773//1985 1759//1969 
f 1771//1983 1772//1984 1758//1968 
f 1770//1982 1771//1983 1757//1967 
f 1769//1981 1770//1982 1756//1966 
f 1768//1980 1769//1981 1755//1965 
f 1767//1979 1768//1980 1754//1964 
f 1766//1978 1767//1979 1753//1963 
f 1766//1978 1752//1962 1723//1961 
f 1208//1976 1206//1960 1751//1957 
f 1764//1974 1765//1975 1751//1957 
f 1763//1973 1764//1974 1750//1955 
f 1762//1972 1763//1973 1749//1953 
f 1761//1971 1762//1972 1748//1951 
f 1760//1970 1761//1971 1747//1949 
f 1759//1969 1760//1970 1746//1947 
f 1758//1968 1759//1969 1745//1945 
f 1757//1967 1758//1968 1744//1943 
f 1756//1966 1757//1967 1743//1941 
f 1755//1965 1756//1966 1742//1939 
f 1754//1964 1755//1965 1741//1937 
f 1753//1963 1754//1964 1740//1935 
f 1752//1962 1753//1963 1739//1933 
f 1752//1962 1738//1931 1708//1930 
f 1207//1959 1209//2224 1722//1958 
f 1751//1957 1722//1958 1721//1956 
f 1750//1955 1721//1956 1720//1954 
f 1749//1953 1720//1954 1719//1952 
f 1748//1951 1719//1952 1718//1950 
f 1747//1949 1718//1950 1717//1948 
f 1746//1947 1717//1948 1716//1946 
f 1745//1945 1716//1946 1715//1944 
f 1744//1943 1715//1944 1714//1942 
f 1743//1941 1714//1942 1713//1940 
f 1742//1939 1713//1940 1712//1938 
f 1741//1937 1712//1938 1711//1936 
f 1740//1935 1711//1936 1710//1934 
f 1739//1933 1710//1934 1709//1932 
f 1738//1931 1709//1932 1707//1930 
o mesh17
f 1962//2225 1991//2226 1469//2227 
f 1991//2226 1992//2228 1470//2229 
f 1992//2228 1993//2230 1471//2231 
f 1993//2230 1994//2232 1472//2233 
f 1994//2232 1995//2234 1473//2235 
f 1995//2234 1996//2236 1474//2237 
f 1996//2236 1997//2238 1475//2239 
f 1997//2238 1998//2240 1476//2241 
f 1998//2240 1999//2242 1477//2243 
f 1999//2242 2000//2244 1478//2245 
f 2000//2244 2001//2246 1479//2247 
f 2001//2246 2002//2248 1480//2249 
f 2002//2248 2003//2250 1481//2251 
f 2003//2250 2004//2252 1482//2253 
f 2004//2252 1139//2254 55//2255 
f 1963//2256 2005//2257 1991//2226 
f 1992//2228 1991//2226 2005//2257 
f 1993//2230 1992//2228 2006//2258 
f 1994//2232 1993//2230 2007//2259 
f 1995//2234 1994//2232 2008//2260 
f 1996//2236 1995//2234 2009//2261 
f 1997//2238 1996//2236 2010//2262 
f 1998//2240 1997//2238 2011//2263 
f 1999//2242 1998//2240 2012//2264 
f 2000//2244 1999//2242 2013//2265 
f 2001//2246 2000//2244 2014//2266 
f 2002//2248 2001//2246 2015//2267 
f 2003//2250 2002//2248 2016//2268 
f 2004//2252 2003//2250 2017//2269 
f 2004//2252 2018//2270 1136//2271 
f 2018//2270 1137//2272 1136//2271 
f 1964//2273 2019//2274 2005//2257 
f 2006//2258 2005//2257 2019//2274 
f 2007//2259 2006//2258 2020//2275 
f 2008//2260 2007//2259 2021//2276 
f 2009//2261 2008//2260 2022//2277 
f 2010//2262 2009//2261 2023//2278 
f 2011//2263 2010//2262 2024//2279 
f 2012//2264 2011//2263 2025//2280 
f 2013//2265 2012//2264 2026//2281 
f 2014//2266 2013//2265 2027//2282 
f 2015//2267 2014//2266 2028//2283 
f 2016//2268 2015//2267 2029//2284 
f 2017//2269 2016//2268 2030//2285 
f 2018//2270 2017//2269 2031//2286 
f 2032//2287 1138//2288 1137//2272 
f 1965//2289 2033//2290 2019//2274 
f 2020//2275 2019//2274 2033//2290 
f 2021//2276 2020//2275 2034//2291 
f 2022//2277 2021//2276 2035//2292 
f 2023//2278 2022//2277 2036//2293 
f 2024//2279 2023//2278 2037//2294 
f 2025//2280 2024//2279 2038//2295 
f 2026//2281 2025//2280 2039//2296 
f 2027//2282 2026//2281 2040//2297 
f 2028//2283 2027//2282 2041//2298 
f 2029//2284 2028//2283 2042//2299 
f 2030//2285 2029//2284 2043//2300 
f 2031//2286 2030//2285 2044//2301 
f 2032//2287 2031//2286 2045//2302 
f 2046//2303 1134//2304 1133//2305 
f 1133//2305 2032//2287 2046//2303 
f 1966//2306 2047//2307 2033//2290 
f 2034//2291 2033//2290 2047//2307 
f 2035//2292 2034//2291 2048//2308 
f 2036//2293 2035//2292 2049//2309 
f 2037//2294 2036//2293 2050//2310 
f 2038//2295 2037//2294 2051//2311 
f 2039//2296 2038//2295 2052//2312 
f 2040//2297 2039//2296 2053//2313 
f 2041//2298 2040//2297 2054//2314 
f 2042//2299 2041//2298 2055//2315 
f 2043//2300 2042//2299 2056//2316 
f 2044//2301 2043//2300 2057//2317 
f 2045//2302 2044//2301 2058//2318 
f 2046//2303 2045//2302 2059//2319 
f 2060//2320 1135//2321 1134//2304 
f 1967//2322 2061//2323 2047//2307 
f 2048//2308 2047//2307 2061//2323 
f 2049//2309 2048//2308 2062//2324 
f 2050//2310 2049//2309 2063//2325 
f 2051//2311 2050//2310 2064//2326 
f 2052//2312 2051//2311 2065//2327 
f 2053//2313 2052//2312 2066//2328 
f 2054//2314 2053//2313 2067//2329 
f 2055//2315 2054//2314 2068//2330 
f 2056//2316 2055//2315 2069//2331 
f 2057//2317 2056//2316 2070//2332 
f 2058//2318 2057//2317 2071//2333 
f 2059//2319 2058//2318 2072//2334 
f 2060//2320 2059//2319 2073//2335 
f 2074//2336 1132//2337 1131//2338 
f 1131//2338 2060//2320 2074//2336 
f 1968//2339 2075//2340 2061//2323 
f 2062//2324 2061//2323 2075//2340 
f 2063//2325 2062//2324 2076//2341 
f 2064//2326 2063//2325 2077//2342 
f 2065//2327 2064//2326 2078//2343 
f 2066//2328 2065//2327 2079//2344 
f 2067//2329 2066//2328 2080//2345 
f 2068//2330 2067//2329 2081//2346 
f 2069//2331 2068//2330 2082//2347 
f 2070//2332 2069//2331 2083//2348 
f 2071//2333 2070//2332 2084//2349 
f 2072//2334 2071//2333 2085//2350 
f 2073//2335 2072//2334 2086//2351 
f 2074//2336 2073//2335 2087//2352 
f 2074//2336 2088//2353 1128//2354 
f 2088//2353 1129//2355 1128//2354 
f 1969//2356 2089//2357 2075//2340 
f 2076//2341 2075//2340 2089//2357 
f 2077//2342 2076//2341 2090//2358 
f 2078//2343 2077//2342 2091//2359 
f 2079//2344 2078//2343 2092//2360 
f 2080//2345 2079//2344 2093//2361 
f 2081//2346 2080//2345 2094//2362 
f 2082//2347 2081//2346 2095//2363 
f 2083//2348 2082//2347 2096//2364 
f 2084//2349 2083//2348 2097//2365 
f 2085//2350 2084//2349 2098//2366 
f 2086//2351 2085//2350 2099//2367 
f 2087//2352 2086//2351 2100//2368 
f 2088//2353 2087//2352 2101//2369 
f 2102//2370 1130//2371 1129//2355 
f 1970//2372 2103//2373 2089//2357 
f 2090//2358 2089//2357 2103//2373 
f 2091//2359 2090//2358 2104//2374 
f 2092//2360 2091//2359 2105//2375 
f 2093//2361 2092//2360 2106//2376 
f 2094//2362 2093//2361 2107//2377 
f 2095//2363 2094//2362 2108//2378 
f 2096//2364 2095//2363 2109//2379 
f 2097//2365 2096//2364 2110//2380 
f 2098//2366 2097//2365 2111//2381 
f 2099//2367 2098//2366 2112//2382 
f 2100//2368 2099//2367 2113//2383 
f 2101//2369 2100//2368 2114//2384 
f 2102//2370 2101//2369 2115//2385 
f 2102//2370 2116//2386 1125//2387 
f 2116//2386 1126//2388 1125//2387 
f 1971//2389 2117//2390 2103//2373 
f 2104//2374 2103//2373 2117//2390 
f 2105//2375 2104//2374 2118//2391 
f 2106//2376 2105//2375 2119//2392 
f 2107//2377 2106//2376 2120//2393 
f 2108//2378 2107//2377 2121//2394 
f 2109//2379 2108//2378 2122//2395 
f 2110//2380 2109//2379 2123//2396 
f 2111//2381 2110//2380 2124//2397 
f 2112//2382 2111//2381 2125//2398 
f 2113//2383 2112//2382 2126//2399 
f 2114//2384 2113//2383 2127//2400 
f 2115//2385 2114//2384 2128//2401 
f 2116//2386 2115//2385 2129//2402 
f 2130//2403 1127//2404 1126//2388 
f 1972//2405 2131//2406 2117//2390 
f 2118//2391 2117//2390 2131//2406 
f 2119//2392 2118//2391 2132//2407 
f 2120//2393 2119//2392 2133//2408 
f 2121//2394 2120//2393 2134//2409 
f 2122//2395 2121//2394 2135//2410 
f 2123//2396 2122//2395 2136//2411 
f 2124//2397 2123//2396 2137//2412 
f 2125//2398 2124//2397 2138//2413 
f 2126//2399 2125//2398 2139//2414 
f 2127//2400 2126//2399 2140//2415 
f 2128//2401 2127//2400 2141//2416 
f 2129//2402 2128//2401 2142//2417 
f 2130//2403 2129//2402 2143//2418 
f 2130//2403 2144//2419 1123//2420 
f 2144//2419 1124//2421 1123//2420 
f 1973//2422 2145//2423 2131//2406 
f 2132//2407 2131//2406 2145//2423 
f 2133//2408 2132//2407 2146//2424 
f 2134//2409 2133//2408 2147//2425 
f 2135//2410 2134//2409 2148//2426 
f 2136//2411 2135//2410 2149//2427 
f 2137//2412 2136//2411 2150//2428 
f 2138//2413 2137//2412 2151//2429 
f 2139//2414 2138//2413 2152//2430 
f 2140//2415 2139//2414 2153//2431 
f 2141//2416 2140//2415 2154//2432 
f 2142//2417 2141//2416 2155//2433 
f 2143//2418 2142//2417 2156//2434 
f 2144//2419 2143//2418 2157//2435 
f 2158//2436 1122//2437 1124//2421 
f 1974//2438 2159//2439 2145//2423 
f 2146//2424 2145//2423 2159//2439 
f 2147//2425 2146//2424 2160//2440 
f 2148//2426 2147//2425 2161//2441 
f 2149//2427 2148//2426 2162//2442 
f 2150//2428 2149//2427 2163//2443 
f 2151//2429 2150//2428 2164//2444 
f 2152//2430 2151//2429 2165//2445 
f 2153//2431 2152//2430 2166//2446 
f 2154//2432 2153//2431 2167//2447 
f 2155//2433 2154//2432 2168//2448 
f 2156//2434 2155//2433 2169//2449 
f 2157//2435 2156//2434 2170//2450 
f 2158//2436 2157//2435 2171//2451 
f 2158//2436 2172//2452 1121//2453 
f 2172//2452 1119//2454 1121//2453 
f 1975//2455 2173//2456 2159//2439 
f 2160//2440 2159//2439 2173//2456 
f 2161//2441 2160//2440 2174//2457 
f 2162//2442 2161//2441 2175//2458 
f 2163//2443 2162//2442 2176//2459 
f 2164//2444 2163//2443 2177//2460 
f 2165//2445 2164//2444 2178//2461 
f 2166//2446 2165//2445 2179//2462 
f 2167//2447 2166//2446 2180//2463 
f 2168//2448 2167//2447 2181//2464 
f 2169//2449 2168//2448 2182//2465 
f 2170//2450 2169//2449 2183//2466 
f 2171//2451 2170//2450 2184//2467 
f 2172//2452 2171//2451 2185//2468 
f 2186//2469 1120//2470 1119//2454 
f 1976//2471 1977//2472 2173//2456 
f 1977//2472 1978//2473 2174//2457 
f 1978//2473 1979//2474 2175//2458 
f 1979//2474 1980//2475 2176//2459 
f 1980//2475 1981//2476 2177//2460 
f 1981//2476 1982//2477 2178//2461 
f 1982//2477 1983//2478 2179//2462 
f 1983//2478 1984//2479 2180//2463 
f 1984//2479 1985//2480 2181//2464 
f 1985//2480 1986//2481 2182//2465 
f 1986//2481 1987//2482 2183//2466 
f 1987//2482 1988//2483 2184//2467 
f 1988//2483 1989//2484 2185//2468 
f 1989//2484 1990//2485 2186//2469 
f 1990//2485 1140//2486 1120//2470 
f 1120//2470 2186//2469 1990//2485 
f 2186//2469 2185//2468 1989//2484 
f 2185//2468 2184//2467 1988//2483 
f 2184//2467 2183//2466 1987//2482 
f 2183//2466 2182//2465 1986//2481 
f 2182//2465 2181//2464 1985//2480 
f 2181//2464 2180//2463 1984//2479 
f 2180//2463 2179//2462 1983//2478 
f 2179//2462 2178//2461 1982//2477 
f 2178//2461 2177//2460 1981//2476 
f 2177//2460 2176//2459 1980//2475 
f 2176//2459 2175//2458 1979//2474 
f 2175//2458 2174//2457 1978//2473 
f 2174//2457 2173//2456 1977//2472 
f 2173//2456 1975//2455 1976//2471 
f 1119//2454 2172//2452 2186//2469 
f 2185//2468 2186//2469 2172//2452 
f 2184//2467 2185//2468 2171//2451 
f 2183//2466 2184//2467 2170//2450 
f 2182//2465 2183//2466 2169//2449 
f 2181//2464 2182//2465 2168//2448 
f 2180//2463 2181//2464 2167//2447 
f 2179//2462 2180//2463 2166//2446 
f 2178//2461 2179//2462 2165//2445 
f 2177//2460 2178//2461 2164//2444 
f 2176//2459 2177//2460 2163//2443 
f 2175//2458 2176//2459 2162//2442 
f 2174//2457 2175//2458 2161//2441 
f 2173//2456 2174//2457 2160//2440 
f 2159//2439 1974//2438 1975//2455 
f 1121//2453 1122//2437 2158//2436 
f 2171//2451 2172//2452 2158//2436 
f 2170//2450 2171//2451 2157//2435 
f 2169//2449 2170//2450 2156//2434 
f 2168//2448 2169//2449 2155//2433 
f 2167//2447 2168//2448 2154//2432 
f 2166//2446 2167//2447 2153//2431 
f 2165//2445 2166//2446 2152//2430 
f 2164//2444 2165//2445 2151//2429 
f 2163//2443 2164//2444 2150//2428 
f 2162//2442 2163//2443 2149//2427 
f 2161//2441 2162//2442 2148//2426 
f 2160//2440 2161//2441 2147//2425 
f 2159//2439 2160//2440 2146//2424 
f 2145//2423 1973//2422 1974//2438 
f 1124//2421 2144//2419 2158//2436 
f 2157//2435 2158//2436 2144//2419 
f 2156//2434 2157//2435 2143//2418 
f 2155//2433 2156//2434 2142//2417 
f 2154//2432 2155//2433 2141//2416 
f 2153//2431 2154//2432 2140//2415 
f 2152//2430 2153//2431 2139//2414 
f 2151//2429 2152//2430 2138//2413 
f 2150//2428 2151//2429 2137//2412 
f 2149//2427 2150//2428 2136//2411 
f 2148//2426 2149//2427 2135//2410 
f 2147//2425 2148//2426 2134//2409 
f 2146//2424 2147//2425 2133//2408 
f 2145//2423 2146//2424 2132//2407 
f 2131//2406 1972//2405 1973//2422 
f 1123//2420 1127//2404 2130//2403 
f 2143//2418 2144//2419 2130//2403 
f 2142//2417 2143//2418 2129//2402 
f 2141//2416 2142//2417 2128//2401 
f 2140//2415 2141//2416 2127//2400 
f 2139//2414 2140//2415 2126//2399 
f 2138//2413 2139//2414 2125//2398 
f 2137//2412 2138//2413 2124//2397 
f 2136//2411 2137//2412 2123//2396 
f 2135//2410 2136//2411 2122//2395 
f 2134//2409 2135//2410 2121//2394 
f 2133//2408 2134//2409 2120//2393 
f 2132//2407 2133//2408 2119//2392 
f 2131//2406 2132//2407 2118//2391 
f 2117//2390 1971//2389 1972//2405 
f 1126//2388 2116//2386 2130//2403 
f 2129//2402 2130//2403 2116//2386 
f 2128//2401 2129//2402 2115//2385 
f 2127//2400 2128//2401 2114//2384 
f 2126//2399 2127//2400 2113//2383 
f 2125//2398 2126//2399 2112//2382 
f 2124//2397 2125//2398 2111//2381 
f 2123//2396 2124//2397 2110//2380 
f 2122//2395 2123//2396 2109//2379 
f 2121//2394 2122//2395 2108//2378 
f 2120//2393 2121//2394 2107//2377 
f 2119//2392 2120//2393 2106//2376 
f 2118//2391 2119//2392 2105//2375 
f 2117//2390 2118//2391 2104//2374 
f 2103//2373 1970//2372 1971//2389 
f 1125//2387 1130//2371 2102//2370 
f 2115//2385 2116//2386 2102//2370 
f 2114//2384 2115//2385 2101//2369 
f 2113//2383 2114//2384 2100//2368 
f 2112//2382 2113//2383 2099//2367 
f 2111//2381 2112//2382 2098//2366 
f 2110//2380 2111//2381 2097//2365 
f 2109//2379 2110//2380 2096//2364 
f 2108//2378 2109//2379 2095//2363 
f 2107//2377 2108//2378 2094//2362 
f 2106//2376 2107//2377 2093//2361 
f 2105//2375 2106//2376 2092//2360 
f 2104//2374 2105//2375 2091//2359 
f 2103//2373 2104//2374 2090//2358 
f 2089//2357 1969//2356 1970//2372 
f 1129//2355 2088//2353 2102//2370 
f 2101//2369 2102//2370 2088//2353 
f 2100//2368 2101//2369 2087//2352 
f 2099//2367 2100//2368 2086//2351 
f 2098//2366 2099//2367 2085//2350 
f 2097//2365 2098//2366 2084//2349 
f 2096//2364 2097//2365 2083//2348 
f 2095//2363 2096//2364 2082//2347 
f 2094//2362 2095//2363 2081//2346 
f 2093//2361 2094//2362 2080//2345 
f 2092//2360 2093//2361 2079//2344 
f 2091//2359 2092//2360 2078//2343 
f 2090//2358 2091//2359 2077//2342 
f 2089//2357 2090//2358 2076//2341 
f 2075//2340 1968//2339 1969//2356 
f 1128//2354 1132//2337 2074//2336 
f 2087//2352 2088//2353 2074//2336 
f 2086//2351 2087//2352 2073//2335 
f 2085//2350 2086//2351 2072//2334 
f 2084//2349 2085//2350 2071//2333 
f 2083//2348 2084//2349 2070//2332 
f 2082//2347 2083//2348 2069//2331 
f 2081//2346 2082//2347 2068//2330 
f 2080//2345 2081//2346 2067//2329 
f 2079//2344 2080//2345 2066//2328 
f 2078//2343 2079//2344 2065//2327 
f 2077//2342 2078//2343 2064//2326 
f 2076//2341 2077//2342 2063//2325 
f 2075//2340 2076//2341 2062//2324 
f 2061//2323 1967//2322 1968//2339 
f 1131//2338 1135//2321 2060//2320 
f 2073//2335 2074//2336 2060//2320 
f 2072//2334 2073//2335 2059//2319 
f 2071//2333 2072//2334 2058//2318 
f 2070//2332 2071//2333 2057//2317 
f 2069//2331 2070//2332 2056//2316 
f 2068//2330 2069//2331 2055//2315 
f 2067//2329 2068//2330 2054//2314 
f 2066//2328 2067//2329 2053//2313 
f 2065//2327 2066//2328 2052//2312 
f 2064//2326 2065//2327 2051//2311 
f 2063//2325 2064//2326 2050//2310 
f 2062//2324 2063//2325 2049//2309 
f 2061//2323 2062//2324 2048//2308 
f 2047//2307 1966//2306 1967//2322 
f 1134//2304 2046//2303 2060//2320 
f 2059//2319 2060//2320 2046//2303 
f 2058//2318 2059//2319 2045//2302 
f 2057//2317 2058//2318 2044//2301 
f 2056//2316 2057//2317 2043//2300 
f 2055//2315 2056//2316 2042//2299 
f 2054//2314 2055//2315 2041//2298 
f 2053//2313 2054//2314 2040//2297 
f 2052//2312 2053//2313 2039//2296 
f 2051//2311 2052//2312 2038//2295 
f 2050//2310 2051//2311 2037//2294 
f 2049//2309 2050//2310 2036//2293 
f 2048//2308 2049//2309 2035//2292 
f 2047//2307 2048//2308 2034//2291 
f 2033//2290 1965//2289 1966//2306 
f 1133//2305 1138//2288 2032//2287 
f 2045//2302 2046//2303 2032//2287 
f 2044//2301 2045//2302 2031//2286 
f 2043//2300 2044//2301 2030//2285 
f 2042//2299 2043//2300 2029//2284 
f 2041//2298 2042//2299 2028//2283 
f 2040//2297 2041//2298 2027//2282 
f 2039//2296 2040//2297 2026//2281 
f 2038//2295 2039//2296 2025//2280 
f 2037//2294 2038//2295 2024//2279 
f 2036//2293 2037//2294 2023//2278 
f 2035//2292 2036//2293 2022//2277 
f 2034//2291 2035//2292 2021//2276 
f 2033//2290 2034//2291 2020//2275 
f 2019//2274 1964//2273 1965//2289 
f 1137//2272 2018//2270 2032//2287 
f 2031//2286 2032//2287 2018//2270 
f 2030//2285 2031//2286 2017//2269 
f 2029//2284 2030//2285 2016//2268 
f 2028//2283 2029//2284 2015//2267 
f 2027//2282 2028//2283 2014//2266 
f 2026//2281 2027//2282 2013//2265 
f 2025//2280 2026//2281 2012//2264 
f 2024//2279 2025//2280 2011//2263 
f 2023//2278 2024//2279 2010//2262 
f 2022//2277 2023//2278 2009//2261 
f 2021//2276 2022//2277 2008//2260 
f 2020//2275 2021//2276 2007//2259 
f 2019//2274 2020//2275 2006//2258 
f 2005//2257 1963//2256 1964//2273 
f 1136//2271 1139//2254 2004//2252 
f 2017//2269 2018//2270 2004//2252 
f 2016//2268 2017//2269 2003//2250 
f 2015//2267 2016//2268 2002//2248 
f 2014//2266 2015//2267 2001//2246 
f 2013//2265 2014//2266 2000//2244 
f 2012//2264 2013//2265 1999//2242 
f 2011//2263 2012//2264 1998//2240 
f 2010//2262 2011//2263 1997//2238 
f 2009//2261 2010//2262 1996//2236 
f 2008//2260 2009//2261 1995//2234 
f 2007//2259 2008//2260 1994//2232 
f 2006//2258 2007//2259 1993//2230 
f 2005//2257 2006//2258 1992//2228 
f 1991//2226 1962//2225 1963//2256 
f 55//2255 1482//2253 2004//2252 
f 1482//2253 1481//2251 2003//2250 
f 1481//2251 1480//2249 2002//2248 
f 1480//2249 1479//2247 2001//2246 
f 1479//2247 1478//2245 2000//2244 
f 1478//2245 1477//2243 1999//2242 
f 1477//2243 1476//2241 1998//2240 
f 1476//2241 1475//2239 1997//2238 
f 1475//2239 1474//2237 1996//2236 
f 1474//2237 1473//2235 1995//2234 
f 1473//2235 1472//2233 1994//2232 
f 1472//2233 1471//2231 1993//2230 
f 1471//2231 1470//2229 1992//2228 
f 1470//2229 1469//2227 1991//2226 
f 1469//2227 1468//2487 1962//2225 
o mesh18
f 1722//2488 1209//2489 1211//2489 
f 1211//2489 2187//2490 1722//2488 
f 1721//2491 1722//2488 2188//2492 
f 2188//2492 2189//2493 1721//2491 
f 1720//2494 1721//2491 2190//2495 
f 2190//2495 2191//2496 1720//2494 
f 1719//2497 1720//2494 2192//2498 
f 2192//2498 2193//2499 1719//2497 
f 1718//2500 1719//2497 2194//2501 
f 2194//2501 2195//2502 1718//2500 
f 1717//2503 1718//2500 2196//2504 
f 2196//2504 2197//2505 1717//2503 
f 1716//2506 1717//2503 2198//2507 
f 1715//2508 1716//2506 2199//2509 
f 1714//2510 1715//2508 2200//2511 
f 1713//2512 1714//2510 2201//2513 
f 1712//2514 1713//2512 2202//2515 
f 1711//2516 1712//2514 2203//2517 
f 1710//2518 1711//2516 2204//2519 
f 1709//2520 1710//2518 2205//2521 
f 1707//2522 1709//2520 2206//2523 
f 2206//2523 2207//2522 1707//2522 
f 2205//2521 2206//2523 1709//2520 
f 2204//2519 2205//2521 1710//2518 
f 2203//2517 2204//2519 1711//2516 
f 2202//2515 2203//2517 1712//2514 
f 2201//2513 2202//2515 1713//2512 
f 2200//2511 2201//2513 1714//2510 
f 2199//2509 2200//2511 1715//2508 
f 2198//2507 2199//2509 1716//2506 
f 2197//2505 2198//2507 1717//2503 
f 2195//2502 2196//2504 1718//2500 
f 2193//2499 2194//2501 1719//2497 
f 2191//2496 2192//2498 1720//2494 
f 2189//2493 2190//2495 1721//2491 
f 2187//2490 2188//2492 1722//2488 
o mesh19
f 1976//2522 2208//2522 2209//2524 
f 1977//2524 2209//2524 2210//2525 
f 1978//2525 2210//2525 2211//2526 
f 1979//2526 2211//2526 2212//2527 
f 1980//2527 2212//2527 2213//2528 
f 1981//2528 2213//2528 2214//2529 
f 1982//2529 2214//2529 2215//2530 
f 1983//2530 2215//2530 2216//2531 
f 1984//2531 2216//2531 2217//2532 
f 1985//2532 2218//2533 2219//2534 
f 1985//2532 2217//2532 2218//2533 
f 1986//2534 2220//2535 2221//2536 
f 1986//2534 2219//2534 2220//2535 
f 1987//2536 2222//2537 2223//2538 
f 1987//2536 2221//2536 2222//2537 
f 1988//2538 2224//2539 2225//2540 
f 1988//2538 2223//2538 2224//2539 
f 1989//2540 2226//2541 2227//2542 
f 1989//2540 2225//2540 2226//2541 
f 1990//2542 2228//2543 1210//2544 
f 1990//2542 2227//2542 2228//2543 
f 1210//2544 1140//2544 1990//2542 
f 2227//2542 1990//2542 1989//2540 
f 2225//2540 1989//2540 1988//2538 
f 2223//2538 1988//2538 1987//2536 
f 2221//2536 1987//2536 1986//2534 
f 2219//2534 1986//2534 1985//2532 
f 2217//2532 1985//2532 1984//2531 
f 2216//2531 1984//2531 1983//2530 
f 2215//2530 1983//2530 1982//2529 
f 2214//2529 1982//2529 1981//2528 
f 2213//2528 1981//2528 1980//2527 
f 2212//2527 1980//2527 1979//2526 
f 2211//2526 1979//2526 1978//2525 
f 2210//2525 1978//2525 1977//2524 
f 2209//2524 1977//2524 1976//2522 
o mesh20
f 2228//2545 2188//2546 2187//2545 
f 2187//2545 1210//2547 2228//2545 
f 2187//2545 1211//2547 1210//2547 
f 2226//2548 2190//2549 2189//2548 
f 2189//2548 2227//2550 2226//2548 
f 2226//2548 2225//2549 2190//2549 
f 2224//2551 2192//2552 2191//2551 
f 2191//2551 2225//2549 2224//2551 
f 2224//2551 2223//2552 2192//2552 
f 2222//2553 2194//2554 2193//2553 
f 2193//2553 2223//2552 2222//2553 
f 2193//2553 2192//2552 2223//2552 
f 2220//2555 2196//2556 2195//2555 
f 2195//2555 2221//2557 2220//2555 
f 2195//2555 2194//2554 2221//2557 
f 2218//2558 2198//2559 2197//2558 
f 2197//2558 2219//2560 2218//2558 
f 2197//2558 2196//2556 2219//2560 
f 2199//2561 2198//2559 2217//2562 
f 2215//2563 2200//2563 2199//2561 
f 2201//2564 2200//2563 2215//2563 
f 2213//2565 2202//2565 2201//2564 
f 2212//2566 2203//2566 2202//2565 
f 2211//2567 2204//2567 2203//2566 
f 2210//2568 2205//2568 2204//2567 
f 2206//2569 2205//2568 2210//2568 
f 2207//2570 2206//2569 2209//2569 
f 2209//2569 2208//2570 2207//2570 
f 2210//2568 2209//2569 2206//2569 
f 2204//2567 2211//2567 2210//2568 
f 2203//2566 2212//2566 2211//2567 
f 2202//2565 2213//2565 2212//2566 
f 2201//2564 2214//2571 2213//2565 
f 2215//2563 2214//2571 2201//2564 
f 2199//2561 2216//2572 2215//2563 
f 2217//2562 2216//2572 2199//2561 
f 2218//2558 2217//2562 2198//2559 
f 2220//2555 2219//2560 2196//2556 
f 2222//2553 2221//2557 2194//2554 
f 2191//2551 2190//2549 2225//2549 
f 2189//2548 2188//2546 2227//2550 
f 2228//2545 2227//2550 2188//2546 
o mesh21
f 2229//2573 864//2573 862//2573 
f 2230//2573 840//2573 1162//2573 
f 841//2573 840//2573 2230//2573 
f 862//2573 2231//2573 2229//2573 
f 2232//2573 2233//2573 115//2573 
f 2233//2573 2234//2573 116//2573 
f 2230//2573 2235//2573 841//2573 
f 2235//2573 2236//2573 857//2573 
f 2236//2573 2231//2573 859//2573 
f 2229//2573 2237//2573 864//2573 
f 98//2573 97//2573 2238//2573 
f 2239//2573 113//2573 98//2573 
f 2232//2573 114//2573 113//2573 
f 116//2573 115//2573 2233//2573 
f 857//2573 841//2573 2235//2573 
f 862//2573 859//2573 2231//2573 
f 98//2573 2240//2573 2239//2573 
f 115//2573 114//2573 2232//2573 
f 2241//2573 2242//2573 1163//2573 
f 859//2573 857//2573 2236//2573 
f 2237//2573 2243//2573 867//2573 
f 2244//2573 392//2573 391//2573 
f 392//2573 2244//2573 2245//2573 
f 2246//2573 394//2573 393//2573 
f 2247//2573 2248//2573 395//2573 
f 97//2573 395//2573 2248//2573 
f 113//2573 2239//2573 2232//2573 
f 2249//2573 2250//2573 617//2573 
f 2250//2573 2251//2573 620//2573 
f 2252//2573 2241//2573 625//2573 
f 1163//2573 627//2573 2241//2573 
f 867//2573 864//2573 2237//2573 
f 2243//2573 2253//2573 869//2573 
f 2254//2573 391//2573 390//2573 
f 2245//2573 393//2573 392//2573 
f 393//2573 2245//2573 2246//2573 
f 2248//2573 2238//2573 97//2573 
f 2234//2573 117//2573 116//2573 
f 2255//2573 118//2573 117//2573 
f 2256//2573 2249//2573 615//2573 
f 620//2573 617//2573 2250//2573 
f 2251//2573 2252//2573 622//2573 
f 627//2573 625//2573 2241//2573 
f 869//2573 867//2573 2243//2573 
f 2253//2573 2257//2573 872//2573 
f 391//2573 2254//2573 2244//2573 
f 395//2573 394//2573 2247//2573 
f 117//2573 2234//2573 2255//2573 
f 2258//2573 119//2573 118//2573 
f 2259//2573 2260//2573 120//2573 
f 617//2573 615//2573 2249//2573 
f 625//2573 622//2573 2252//2573 
f 872//2573 869//2573 2253//2573 
f 2257//2573 2261//2573 874//2573 
f 2262//2573 2263//2573 879//2573 
f 882//2573 879//2573 2263//2573 
f 2264//2573 390//2573 389//2573 
f 2246//2573 2247//2573 394//2573 
f 118//2573 2255//2573 2258//2573 
f 119//2573 2258//2573 2259//2573 
f 121//2573 2265//2573 2266//2573 
f 2267//2573 123//2573 122//2573 
f 597//2573 2268//2573 2269//2573 
f 2270//2573 2271//2573 610//2573 
f 2271//2573 2256//2573 612//2573 
f 622//2573 620//2573 2251//2573 
f 874//2573 872//2573 2257//2573 
f 2261//2573 2262//2573 877//2573 
f 2263//2573 2272//2573 882//2573 
f 884//2573 882//2573 2272//2573 
f 385//2573 384//2573 2273//2573 
f 2274//2573 386//2573 385//2573 
f 386//2573 2274//2573 2275//2573 
f 389//2573 388//2573 2276//2573 
f 390//2573 2264//2573 2254//2573 
f 120//2573 119//2573 2259//2573 
f 2260//2573 2265//2573 121//2573 
f 122//2573 2266//2573 2267//2573 
f 123//2573 2267//2573 2277//2573 
f 597//2573 2278//2573 2268//2573 
f 2279//2573 602//2573 599//2573 
f 607//2573 2280//2573 2270//2573 
f 615//2573 612//2573 2256//2573 
f 877//2573 874//2573 2261//2573 
f 2272//2573 2281//2573 884//2573 
f 385//2573 2282//2573 2274//2573 
f 2275//2573 387//2573 386//2573 
f 2283//2573 2276//2573 388//2573 
f 389//2573 2284//2573 2264//2573 
f 121//2573 120//2573 2260//2573 
f 2277//2573 124//2573 123//2573 
f 127//2573 126//2573 2285//2573 
f 599//2573 2269//2573 2279//2573 
f 602//2573 2279//2573 2286//2573 
f 604//2573 2286//2573 2280//2573 
f 612//2573 610//2573 2271//2573 
f 879//2573 877//2573 2262//2573 
f 887//2573 884//2573 2281//2573 
f 2287//2573 892//2573 889//2573 
f 2275//2573 2283//2573 387//2573 
f 2276//2573 2284//2573 389//2573 
f 2266//2573 122//2573 121//2573 
f 124//2573 2277//2573 2288//2573 
f 126//2573 2289//2573 2285//2573 
f 2286//2573 604//2573 602//2573 
f 610//2573 607//2573 2270//2573 
f 2281//2573 2290//2573 887//2573 
f 889//2573 887//2573 2290//2573 
f 2287//2573 367//2573 892//2573 
f 2291//2573 368//2573 367//2573 
f 2292//2573 383//2573 368//2573 
f 384//2573 383//2573 2293//2573 
f 388//2573 387//2573 2283//2573 
f 2288//2573 125//2573 124//2573 
f 2289//2573 126//2573 125//2573 
f 2294//2573 128//2573 127//2573 
f 128//2573 2294//2573 2295//2573 
f 2278//2573 597//2573 594//2573 
f 2280//2573 607//2573 604//2573 
f 2290//2573 2296//2573 889//2573 
f 367//2573 2287//2573 2291//2573 
f 368//2573 2291//2573 2292//2573 
f 2273//2573 2282//2573 385//2573 
f 125//2573 2288//2573 2289//2573 
f 2295//2573 592//2573 128//2573 
f 2297//2573 594//2573 592//2573 
f 2269//2573 599//2573 597//2573 
f 889//2573 2296//2573 2287//2573 
f 2293//2573 2273//2573 384//2573 
f 2285//2573 2294//2573 127//2573 
f 594//2573 2297//2573 2278//2573 
f 2298//2573 1162//2573 1163//2573 
f 2292//2573 2293//2573 383//2573 
f 592//2573 2295//2573 2297//2573 
f 1162//2573 2298//2573 2230//2573 
f 1163//2573 2242//2573 2298//2573 
f 2238//2573 2240//2573 98//2573 
o mesh22
f 2299//2574 2238//2573 2248//2573 
f 2300//2575 2299//2574 2353//2576 
f 2301//2577 2300//2575 2354//2578 
f 2302//2579 2301//2577 2355//2580 
f 2303//2581 2302//2579 2356//2582 
f 2304//2583 2303//2581 2357//2584 
f 2305//2585 2304//2583 2358//2586 
f 2306//2587 2305//2585 2359//2588 
f 2307//2589 2306//2587 2360//2590 
f 2308//2591 2307//2589 2361//2592 
f 2309//2593 2308//2591 2362//2594 
f 2310//2595 2309//2593 2363//2596 
f 2311//2597 2310//2595 2364//2598 
f 2312//2599 2311//2597 2365//2600 
f 2313//2601 2312//2599 2366//2602 
f 2353//2576 2248//2573 2247//2603 
f 2354//2578 2353//2576 2367//2604 
f 2355//2580 2354//2578 2368//2605 
f 2356//2582 2355//2580 2369//2606 
f 2357//2584 2356//2582 2370//2607 
f 2358//2586 2357//2584 2371//2608 
f 2359//2588 2358//2586 2372//2609 
f 2360//2590 2359//2588 2373//2610 
f 2361//2592 2360//2590 2374//2611 
f 2362//2594 2361//2592 2375//2612 
f 2363//2596 2362//2594 2376//2613 
f 2364//2598 2363//2596 2377//2614 
f 2365//2600 2364//2598 2378//2615 
f 2366//2602 2365//2600 2379//2616 
f 2366//2602 2380//2617 2314//2618 
f 2380//2617 2315//2619 2314//2618 
f 2367//2604 2247//2603 2246//2620 
f 2368//2605 2367//2604 2381//2621 
f 2369//2606 2368//2605 2382//2622 
f 2370//2607 2369//2606 2383//2623 
f 2371//2608 2370//2607 2384//2624 
f 2372//2609 2371//2608 2385//2625 
f 2373//2610 2372//2609 2386//2626 
f 2374//2611 2373//2610 2387//2627 
f 2375//2612 2374//2611 2388//2628 
f 2376//2613 2375//2612 2389//2629 
f 2377//2614 2376//2613 2390//2630 
f 2378//2615 2377//2614 2391//2631 
f 2379//2616 2378//2615 2392//2632 
f 2380//2617 2379//2616 2393//2633 
f 2315//2619 2380//2617 2394//2634 
f 2381//2621 2246//2620 2245//2635 
f 2382//2622 2381//2621 2395//2636 
f 2383//2623 2382//2622 2396//2637 
f 2384//2624 2383//2623 2397//2638 
f 2385//2625 2384//2624 2398//2639 
f 2386//2626 2385//2625 2399//2640 
f 2387//2627 2386//2626 2400//2641 
f 2388//2628 2387//2627 2401//2642 
f 2389//2629 2388//2628 2402//2643 
f 2390//2630 2389//2629 2403//2644 
f 2391//2631 2390//2630 2404//2645 
f 2392//2632 2391//2631 2405//2646 
f 2393//2633 2392//2632 2406//2647 
f 2394//2634 2393//2633 2407//2648 
f 2394//2634 2408//2649 2316//2650 
f 2408//2649 2317//2651 2316//2650 
f 2395//2636 2245//2635 2244//2652 
f 2396//2637 2395//2636 2409//2653 
f 2397//2638 2396//2637 2410//2654 
f 2398//2639 2397//2638 2411//2655 
f 2399//2640 2398//2639 2412//2656 
f 2400//2641 2399//2640 2413//2657 
f 2401//2642 2400//2641 2414//2658 
f 2402//2643 2401//2642 2415//2659 
f 2403//2644 2402//2643 2416//2660 
f 2404//2645 2403//2644 2417//2661 
f 2405//2646 2404//2645 2418//2662 
f 2406//2647 2405//2646 2419//2663 
f 2407//2648 2406//2647 2420//2664 
f 2408//2649 2407//2648 2421//2665 
f 2317//2651 2408//2649 2422//2666 
f 2409//2653 2244//2652 2254//2667 
f 2410//2654 2409//2653 2423//2668 
f 2411//2655 2410//2654 2424//2669 
f 2412//2656 2411//2655 2425//2670 
f 2413//2657 2412//2656 2426//2671 
f 2414//2658 2413//2657 2427//2672 
f 2415//2659 2414//2658 2428//2673 
f 2416//2660 2415//2659 2429//2674 
f 2417//2661 2416//2660 2430//2675 
f 2418//2662 2417//2661 2431//2676 
f 2419//2663 2418//2662 2432//2677 
f 2420//2664 2419//2663 2433//2678 
f 2421//2665 2420//2664 2434//2679 
f 2422//2666 2421//2665 2435//2680 
f 2318//2681 2422//2666 2436//2682 
f 2423//2668 2254//2667 2264//2683 
f 2424//2669 2423//2668 2437//2684 
f 2425//2670 2424//2669 2438//2685 
f 2426//2671 2425//2670 2439//2686 
f 2427//2672 2426//2671 2440//2687 
f 2428//2673 2427//2672 2441//2688 
f 2429//2674 2428//2673 2442//2689 
f 2430//2675 2429//2674 2443//2690 
f 2431//2676 2430//2675 2444//2691 
f 2432//2677 2431//2676 2445//2692 
f 2433//2678 2432//2677 2446//2693 
f 2434//2679 2433//2678 2447//2694 
f 2435//2680 2434//2679 2448//2695 
f 2436//2682 2435//2680 2449//2696 
f 2450//2697 2319//2698 2320//2699 
f 2320//2699 2436//2682 2450//2697 
f 2437//2684 2264//2683 2284//2700 
f 2438//2685 2437//2684 2451//2701 
f 2439//2686 2438//2685 2452//2702 
f 2440//2687 2439//2686 2453//2703 
f 2441//2688 2440//2687 2454//2704 
f 2442//2689 2441//2688 2455//2705 
f 2443//2690 2442//2689 2456//2706 
f 2444//2691 2443//2690 2457//2707 
f 2445//2692 2444//2691 2458//2708 
f 2446//2693 2445//2692 2459//2709 
f 2447//2694 2446//2693 2460//2710 
f 2448//2695 2447//2694 2461//2711 
f 2449//2696 2448//2695 2462//2712 
f 2450//2697 2449//2696 2463//2713 
f 2319//2698 2450//2697 2464//2714 
f 2451//2701 2284//2700 2276//2715 
f 2452//2702 2451//2701 2465//2716 
f 2453//2703 2452//2702 2466//2717 
f 2454//2704 2453//2703 2467//2718 
f 2455//2705 2454//2704 2468//2719 
f 2456//2706 2455//2705 2469//2720 
f 2457//2707 2456//2706 2470//2721 
f 2458//2708 2457//2707 2471//2722 
f 2459//2709 2458//2708 2472//2723 
f 2460//2710 2459//2709 2473//2724 
f 2461//2711 2460//2710 2474//2725 
f 2462//2712 2461//2711 2475//2726 
f 2463//2713 2462//2712 2476//2727 
f 2464//2714 2463//2713 2477//2728 
f 2478//2729 2321//2730 2322//2731 
f 2322//2731 2464//2714 2478//2729 
f 2465//2716 2276//2715 2283//2732 
f 2466//2717 2465//2716 2479//2733 
f 2467//2718 2466//2717 2480//2734 
f 2468//2719 2467//2718 2481//2735 
f 2469//2720 2468//2719 2482//2736 
f 2470//2721 2469//2720 2483//2737 
f 2471//2722 2470//2721 2484//2738 
f 2472//2723 2471//2722 2485//2739 
f 2473//2724 2472//2723 2486//2740 
f 2474//2725 2473//2724 2487//2741 
f 2475//2726 2474//2725 2488//2742 
f 2476//2727 2475//2726 2489//2743 
f 2477//2728 2476//2727 2490//2744 
f 2478//2729 2477//2728 2491//2745 
f 2478//2729 2492//2746 2323//2747 
f 2492//2746 2324//2748 2323//2747 
f 2479//2733 2283//2732 2275//2749 
f 2480//2734 2479//2733 2493//2750 
f 2481//2735 2480//2734 2494//2751 
f 2482//2736 2481//2735 2495//2752 
f 2483//2737 2482//2736 2496//2753 
f 2484//2738 2483//2737 2497//2754 
f 2485//2739 2484//2738 2498//2755 
f 2486//2740 2485//2739 2499//2756 
f 2487//2741 2486//2740 2500//2757 
f 2488//2742 2487//2741 2501//2758 
f 2489//2743 2488//2742 2502//2759 
f 2490//2744 2489//2743 2503//2760 
f 2491//2745 2490//2744 2504//2761 
f 2492//2746 2491//2745 2505//2762 
f 2324//2748 2492//2746 2506//2763 
f 2493//2750 2275//2749 2274//2764 
f 2494//2751 2493//2750 2507//2765 
f 2495//2752 2494//2751 2508//2766 
f 2496//2753 2495//2752 2509//2767 
f 2497//2754 2496//2753 2510//2768 
f 2498//2755 2497//2754 2511//2769 
f 2499//2756 2498//2755 2512//2770 
f 2500//2757 2499//2756 2513//2771 
f 2501//2758 2500//2757 2514//2772 
f 2502//2759 2501//2758 2515//2773 
f 2503//2760 2502//2759 2516//2774 
f 2504//2761 2503//2760 2517//2775 
f 2505//2762 2504//2761 2518//2776 
f 2506//2763 2505//2762 2519//2777 
f 2325//2778 2506//2763 2520//2779 
f 2507//2765 2274//2764 2282//2780 
f 2508//2766 2507//2765 2521//2781 
f 2509//2767 2508//2766 2522//2782 
f 2510//2768 2509//2767 2523//2783 
f 2511//2769 2510//2768 2524//2784 
f 2512//2770 2511//2769 2525//2785 
f 2513//2771 2512//2770 2526//2786 
f 2514//2772 2513//2771 2527//2787 
f 2515//2773 2514//2772 2528//2788 
f 2516//2774 2515//2773 2529//2789 
f 2517//2775 2516//2774 2530//2790 
f 2518//2776 2517//2775 2531//2791 
f 2519//2777 2518//2776 2532//2792 
f 2520//2779 2519//2777 2533//2793 
f 2534//2794 2326//2795 2327//2796 
f 2327//2796 2520//2779 2534//2794 
f 2521//2781 2282//2780 2273//2797 
f 2522//2782 2521//2781 2535//2798 
f 2523//2783 2522//2782 2536//2799 
f 2524//2784 2523//2783 2537//2800 
f 2525//2785 2524//2784 2538//2801 
f 2526//2786 2525//2785 2539//2802 
f 2527//2787 2526//2786 2540//2803 
f 2528//2788 2527//2787 2541//2804 
f 2529//2789 2528//2788 2542//2805 
f 2530//2790 2529//2789 2543//2806 
f 2531//2791 2530//2790 2544//2807 
f 2532//2792 2531//2791 2545//2808 
f 2533//2793 2532//2792 2546//2809 
f 2534//2794 2533//2793 2547//2810 
f 2326//2795 2534//2794 2548//2811 
f 2535//2798 2273//2797 2293//2812 
f 2536//2799 2535//2798 2549//2813 
f 2537//2800 2536//2799 2550//2814 
f 2538//2801 2537//2800 2551//2815 
f 2539//2802 2538//2801 2552//2816 
f 2540//2803 2539//2802 2553//2817 
f 2541//2804 2540//2803 2554//2818 
f 2542//2805 2541//2804 2555//2819 
f 2543//2806 2542//2805 2556//2820 
f 2544//2807 2543//2806 2557//2821 
f 2545//2808 2544//2807 2558//2822 
f 2546//2809 2545//2808 2559//2823 
f 2547//2810 2546//2809 2560//2824 
f 2548//2811 2547//2810 2561//2825 
f 2562//2826 2328//2827 2329//2828 
f 2329//2828 2548//2811 2562//2826 
f 2563//2829 2549//2813 2293//2812 
f 2550//2814 2549//2813 2563//2829 
f 2551//2815 2550//2814 2564//2830 
f 2552//2816 2551//2815 2565//2831 
f 2553//2817 2552//2816 2566//2832 
f 2554//2818 2553//2817 2567//2833 
f 2555//2819 2554//2818 2568//2834 
f 2556//2820 2555//2819 2569//2835 
f 2557//2821 2556//2820 2570//2836 
f 2558//2822 2557//2821 2571//2837 
f 2559//2823 2558//2822 2572//2838 
f 2560//2824 2559//2823 2573//2839 
f 2561//2825 2560//2824 2574//2840 
f 2562//2826 2561//2825 2575//2841 
f 2562//2826 2576//2842 2330//2843 
f 2576//2842 2331//2844 2330//2843 
f 2332//2845 2563//2829 2292//2846 
f 2333//2847 2564//2830 2563//2829 
f 2334//2848 2565//2831 2564//2830 
f 2335//2849 2566//2832 2565//2831 
f 2336//2850 2567//2833 2566//2832 
f 2337//2851 2568//2834 2567//2833 
f 2338//2852 2569//2835 2568//2834 
f 2339//2853 2570//2836 2569//2835 
f 2340//2854 2571//2837 2570//2836 
f 2341//2855 2572//2838 2571//2837 
f 2342//2856 2573//2839 2572//2838 
f 2343//2857 2574//2840 2573//2839 
f 2344//2858 2575//2841 2574//2840 
f 2345//2859 2576//2842 2575//2841 
f 2346//2860 2331//2844 2576//2842 
f 2576//2842 2345//2859 2346//2860 
f 2575//2841 2344//2858 2345//2859 
f 2574//2840 2343//2857 2344//2858 
f 2573//2839 2342//2856 2343//2857 
f 2572//2838 2341//2855 2342//2856 
f 2571//2837 2340//2854 2341//2855 
f 2570//2836 2339//2853 2340//2854 
f 2569//2835 2338//2852 2339//2853 
f 2568//2834 2337//2851 2338//2852 
f 2567//2833 2336//2850 2337//2851 
f 2566//2832 2335//2849 2336//2850 
f 2565//2831 2334//2848 2335//2849 
f 2564//2830 2333//2847 2334//2848 
f 2563//2829 2332//2845 2333//2847 
f 2292//2846 2291//2861 2332//2845 
f 2330//2843 2328//2827 2562//2826 
f 2575//2841 2576//2842 2562//2826 
f 2574//2840 2575//2841 2561//2825 
f 2573//2839 2574//2840 2560//2824 
f 2572//2838 2573//2839 2559//2823 
f 2571//2837 2572//2838 2558//2822 
f 2570//2836 2571//2837 2557//2821 
f 2569//2835 2570//2836 2556//2820 
f 2568//2834 2569//2835 2555//2819 
f 2567//2833 2568//2834 2554//2818 
f 2566//2832 2567//2833 2553//2817 
f 2565//2831 2566//2832 2552//2816 
f 2564//2830 2565//2831 2551//2815 
f 2563//2829 2564//2830 2550//2814 
f 2293//2812 2292//2846 2563//2829 
f 2329//2828 2347//2862 2548//2811 
f 2561//2825 2562//2826 2548//2811 
f 2560//2824 2561//2825 2547//2810 
f 2559//2823 2560//2824 2546//2809 
f 2558//2822 2559//2823 2545//2808 
f 2557//2821 2558//2822 2544//2807 
f 2556//2820 2557//2821 2543//2806 
f 2555//2819 2556//2820 2542//2805 
f 2554//2818 2555//2819 2541//2804 
f 2553//2817 2554//2818 2540//2803 
f 2552//2816 2553//2817 2539//2802 
f 2551//2815 2552//2816 2538//2801 
f 2550//2814 2551//2815 2537//2800 
f 2549//2813 2550//2814 2536//2799 
f 2293//2812 2549//2813 2535//2798 
f 2548//2811 2347//2862 2326//2795 
f 2547//2810 2548//2811 2534//2794 
f 2546//2809 2547//2810 2533//2793 
f 2545//2808 2546//2809 2532//2792 
f 2544//2807 2545//2808 2531//2791 
f 2543//2806 2544//2807 2530//2790 
f 2542//2805 2543//2806 2529//2789 
f 2541//2804 2542//2805 2528//2788 
f 2540//2803 2541//2804 2527//2787 
f 2539//2802 2540//2803 2526//2786 
f 2538//2801 2539//2802 2525//2785 
f 2537//2800 2538//2801 2524//2784 
f 2536//2799 2537//2800 2523//2783 
f 2535//2798 2536//2799 2522//2782 
f 2273//2797 2535//2798 2521//2781 
f 2327//2796 2348//2863 2520//2779 
f 2533//2793 2534//2794 2520//2779 
f 2532//2792 2533//2793 2519//2777 
f 2531//2791 2532//2792 2518//2776 
f 2530//2790 2531//2791 2517//2775 
f 2529//2789 2530//2790 2516//2774 
f 2528//2788 2529//2789 2515//2773 
f 2527//2787 2528//2788 2514//2772 
f 2526//2786 2527//2787 2513//2771 
f 2525//2785 2526//2786 2512//2770 
f 2524//2784 2525//2785 2511//2769 
f 2523//2783 2524//2784 2510//2768 
f 2522//2782 2523//2783 2509//2767 
f 2521//2781 2522//2782 2508//2766 
f 2282//2780 2521//2781 2507//2765 
f 2520//2779 2348//2863 2325//2778 
f 2519//2777 2520//2779 2506//2763 
f 2518//2776 2519//2777 2505//2762 
f 2517//2775 2518//2776 2504//2761 
f 2516//2774 2517//2775 2503//2760 
f 2515//2773 2516//2774 2502//2759 
f 2514//2772 2515//2773 2501//2758 
f 2513//2771 2514//2772 2500//2757 
f 2512//2770 2513//2771 2499//2756 
f 2511//2769 2512//2770 2498//2755 
f 2510//2768 2511//2769 2497//2754 
f 2509//2767 2510//2768 2496//2753 
f 2508//2766 2509//2767 2495//2752 
f 2507//2765 2508//2766 2494//2751 
f 2274//2764 2507//2765 2493//2750 
f 2506//2763 2325//2778 2324//2748 
f 2505//2762 2506//2763 2492//2746 
f 2504//2761 2505//2762 2491//2745 
f 2503//2760 2504//2761 2490//2744 
f 2502//2759 2503//2760 2489//2743 
f 2501//2758 2502//2759 2488//2742 
f 2500//2757 2501//2758 2487//2741 
f 2499//2756 2500//2757 2486//2740 
f 2498//2755 2499//2756 2485//2739 
f 2497//2754 2498//2755 2484//2738 
f 2496//2753 2497//2754 2483//2737 
f 2495//2752 2496//2753 2482//2736 
f 2494//2751 2495//2752 2481//2735 
f 2493//2750 2494//2751 2480//2734 
f 2275//2749 2493//2750 2479//2733 
f 2323//2747 2321//2730 2478//2729 
f 2491//2745 2492//2746 2478//2729 
f 2490//2744 2491//2745 2477//2728 
f 2489//2743 2490//2744 2476//2727 
f 2488//2742 2489//2743 2475//2726 
f 2487//2741 2488//2742 2474//2725 
f 2486//2740 2487//2741 2473//2724 
f 2485//2739 2486//2740 2472//2723 
f 2484//2738 2485//2739 2471//2722 
f 2483//2737 2484//2738 2470//2721 
f 2482//2736 2483//2737 2469//2720 
f 2481//2735 2482//2736 2468//2719 
f 2480//2734 2481//2735 2467//2718 
f 2479//2733 2480//2734 2466//2717 
f 2283//2732 2479//2733 2465//2716 
f 2322//2731 2349//2864 2464//2714 
f 2477//2728 2478//2729 2464//2714 
f 2476//2727 2477//2728 2463//2713 
f 2475//2726 2476//2727 2462//2712 
f 2474//2725 2475//2726 2461//2711 
f 2473//2724 2474//2725 2460//2710 
f 2472//2723 2473//2724 2459//2709 
f 2471//2722 2472//2723 2458//2708 
f 2470//2721 2471//2722 2457//2707 
f 2469//2720 2470//2721 2456//2706 
f 2468//2719 2469//2720 2455//2705 
f 2467//2718 2468//2719 2454//2704 
f 2466//2717 2467//2718 2453//2703 
f 2465//2716 2466//2717 2452//2702 
f 2276//2715 2465//2716 2451//2701 
f 2464//2714 2349//2864 2319//2698 
f 2463//2713 2464//2714 2450//2697 
f 2462//2712 2463//2713 2449//2696 
f 2461//2711 2462//2712 2448//2695 
f 2460//2710 2461//2711 2447//2694 
f 2459//2709 2460//2710 2446//2693 
f 2458//2708 2459//2709 2445//2692 
f 2457//2707 2458//2708 2444//2691 
f 2456//2706 2457//2707 2443//2690 
f 2455//2705 2456//2706 2442//2689 
f 2454//2704 2455//2705 2441//2688 
f 2453//2703 2454//2704 2440//2687 
f 2452//2702 2453//2703 2439//2686 
f 2451//2701 2452//2702 2438//2685 
f 2284//2700 2451//2701 2437//2684 
f 2320//2699 2350//2865 2436//2682 
f 2449//2696 2450//2697 2436//2682 
f 2448//2695 2449//2696 2435//2680 
f 2447//2694 2448//2695 2434//2679 
f 2446//2693 2447//2694 2433//2678 
f 2445//2692 2446//2693 2432//2677 
f 2444//2691 2445//2692 2431//2676 
f 2443//2690 2444//2691 2430//2675 
f 2442//2689 2443//2690 2429//2674 
f 2441//2688 2442//2689 2428//2673 
f 2440//2687 2441//2688 2427//2672 
f 2439//2686 2440//2687 2426//2671 
f 2438//2685 2439//2686 2425//2670 
f 2437//2684 2438//2685 2424//2669 
f 2264//2683 2437//2684 2423//2668 
f 2436//2682 2350//2865 2318//2681 
f 2435//2680 2436//2682 2422//2666 
f 2434//2679 2435//2680 2421//2665 
f 2433//2678 2434//2679 2420//2664 
f 2432//2677 2433//2678 2419//2663 
f 2431//2676 2432//2677 2418//2662 
f 2430//2675 2431//2676 2417//2661 
f 2429//2674 2430//2675 2416//2660 
f 2428//2673 2429//2674 2415//2659 
f 2427//2672 2428//2673 2414//2658 
f 2426//2671 2427//2672 2413//2657 
f 2425//2670 2426//2671 2412//2656 
f 2424//2669 2425//2670 2411//2655 
f 2423//2668 2424//2669 2410//2654 
f 2254//2667 2423//2668 2409//2653 
f 2422//2666 2318//2681 2317//2651 
f 2421//2665 2422//2666 2408//2649 
f 2420//2664 2421//2665 2407//2648 
f 2419//2663 2420//2664 2406//2647 
f 2418//2662 2419//2663 2405//2646 
f 2417//2661 2418//2662 2404//2645 
f 2416//2660 2417//2661 2403//2644 
f 2415//2659 2416//2660 2402//2643 
f 2414//2658 2415//2659 2401//2642 
f 2413//2657 2414//2658 2400//2641 
f 2412//2656 2413//2657 2399//2640 
f 2411//2655 2412//2656 2398//2639 
f 2410//2654 2411//2655 2397//2638 
f 2409//2653 2410//2654 2396//2637 
f 2244//2652 2409//2653 2395//2636 
f 2316//2650 2351//2866 2394//2634 
f 2407//2648 2408//2649 2394//2634 
f 2406//2647 2407//2648 2393//2633 
f 2405//2646 2406//2647 2392//2632 
f 2404//2645 2405//2646 2391//2631 
f 2403//2644 2404//2645 2390//2630 
f 2402//2643 2403//2644 2389//2629 
f 2401//2642 2402//2643 2388//2628 
f 2400//2641 2401//2642 2387//2627 
f 2399//2640 2400//2641 2386//2626 
f 2398//2639 2399//2640 2385//2625 
f 2397//2638 2398//2639 2384//2624 
f 2396//2637 2397//2638 2383//2623 
f 2395//2636 2396//2637 2382//2622 
f 2245//2635 2395//2636 2381//2621 
f 2394//2634 2351//2866 2315//2619 
f 2393//2633 2394//2634 2380//2617 
f 2392//2632 2393//2633 2379//2616 
f 2391//2631 2392//2632 2378//2615 
f 2390//2630 2391//2631 2377//2614 
f 2389//2629 2390//2630 2376//2613 
f 2388//2628 2389//2629 2375//2612 
f 2387//2627 2388//2628 2374//2611 
f 2386//2626 2387//2627 2373//2610 
f 2385//2625 2386//2626 2372//2609 
f 2384//2624 2385//2625 2371//2608 
f 2383//2623 2384//2624 2370//2607 
f 2382//2622 2383//2623 2369//2606 
f 2381//2621 2382//2622 2368//2605 
f 2246//2620 2381//2621 2367//2604 
f 2314//2618 2352//2867 2366//2602 
f 2379//2616 2380//2617 2366//2602 
f 2378//2615 2379//2616 2365//2600 
f 2377//2614 2378//2615 2364//2598 
f 2376//2613 2377//2614 2363//2596 
f 2375//2612 2376//2613 2362//2594 
f 2374//2611 2375//2612 2361//2592 
f 2373//2610 2374//2611 2360//2590 
f 2372//2609 2373//2610 2359//2588 
f 2371//2608 2372//2609 2358//2586 
f 2370//2607 2371//2608 2357//2584 
f 2369//2606 2370//2607 2356//2582 
f 2368//2605 2369//2606 2355//2580 
f 2367//2604 2368//2605 2354//2578 
f 2247//2603 2367//2604 2353//2576 
f 2366//2602 2352//2867 2313//2601 
f 2365//2600 2366//2602 2312//2599 
f 2364//2598 2365//2600 2311//2597 
f 2363//2596 2364//2598 2310//2595 
f 2362//2594 2363//2596 2309//2593 
f 2361//2592 2362//2594 2308//2591 
f 2360//2590 2361//2592 2307//2589 
f 2359//2588 2360//2590 2306//2587 
f 2358//2586 2359//2588 2305//2585 
f 2357//2584 2358//2586 2304//2583 
f 2356//2582 2357//2584 2303//2581 
f 2355//2580 2356//2582 2302//2579 
f 2354//2578 2355//2580 2301//2577 
f 2353//2576 2354//2578 2300//2575 
f 2248//2573 2353//2576 2299//2574 
o mesh23
f 2577//2868 2285//2869 2289//2869 
f 2578//2870 2577//2868 2615//2871 
f 2579//2872 2578//2870 2616//2873 
f 2580//2874 2579//2872 2617//2875 
f 2581//2876 2580//2874 2618//2877 
f 2582//2878 2581//2876 2619//2879 
f 2583//2880 2582//2878 2620//2881 
f 2584//2882 2583//2880 2621//2883 
f 2585//2884 2584//2882 2622//2885 
f 2586//2886 2585//2884 2623//2887 
f 2587//2888 2586//2886 2624//2889 
f 2588//2890 2587//2888 2625//2891 
f 2589//2892 2588//2890 2626//2893 
f 2590//2894 2589//2892 2627//2895 
f 2591//2896 2590//2894 2628//2897 
f 2615//2871 2289//2869 2288//2898 
f 2616//2873 2615//2871 2629//2899 
f 2617//2875 2616//2873 2630//2900 
f 2618//2877 2617//2875 2631//2901 
f 2619//2879 2618//2877 2632//2902 
f 2620//2881 2619//2879 2633//2903 
f 2621//2883 2620//2881 2634//2904 
f 2622//2885 2621//2883 2635//2905 
f 2623//2887 2622//2885 2636//2906 
f 2624//2889 2623//2887 2637//2907 
f 2625//2891 2624//2889 2638//2908 
f 2626//2893 2625//2891 2639//2909 
f 2627//2895 2626//2893 2640//2910 
f 2628//2897 2627//2895 2641//2911 
f 2628//2897 2642//2912 2592//2913 
f 2642//2912 2593//2914 2592//2913 
f 2643//2915 2629//2899 2288//2898 
f 2630//2900 2629//2899 2643//2915 
f 2631//2901 2630//2900 2644//2916 
f 2632//2902 2631//2901 2645//2917 
f 2633//2903 2632//2902 2646//2918 
f 2634//2904 2633//2903 2647//2919 
f 2635//2905 2634//2904 2648//2920 
f 2636//2906 2635//2905 2649//2921 
f 2637//2907 2636//2906 2650//2922 
f 2638//2908 2637//2907 2651//2923 
f 2639//2909 2638//2908 2652//2924 
f 2640//2910 2639//2909 2653//2925 
f 2641//2911 2640//2910 2654//2926 
f 2642//2912 2641//2911 2655//2927 
f 2594//2928 2593//2914 2642//2912 
f 2656//2929 2643//2915 2277//2930 
f 2644//2916 2643//2915 2656//2929 
f 2645//2917 2644//2916 2657//2931 
f 2646//2918 2645//2917 2658//2932 
f 2647//2919 2646//2918 2659//2933 
f 2648//2920 2647//2919 2660//2934 
f 2649//2921 2648//2920 2661//2935 
f 2650//2922 2649//2921 2662//2936 
f 2651//2923 2650//2922 2663//2937 
f 2652//2924 2651//2923 2664//2938 
f 2653//2925 2652//2924 2665//2939 
f 2654//2926 2653//2925 2666//2940 
f 2655//2927 2654//2926 2667//2941 
f 2668//2942 2655//2927 2669//2943 
f 2668//2942 2670//2944 2595//2945 
f 2670//2944 2596//2946 2595//2945 
f 2671//2947 2656//2929 2267//2948 
f 2657//2931 2656//2929 2671//2947 
f 2658//2932 2657//2931 2672//2949 
f 2659//2933 2658//2932 2673//2950 
f 2660//2934 2659//2933 2674//2951 
f 2661//2935 2660//2934 2675//2952 
f 2662//2936 2661//2935 2676//2953 
f 2663//2937 2662//2936 2677//2954 
f 2664//2938 2663//2937 2678//2955 
f 2665//2939 2664//2938 2679//2956 
f 2666//2940 2665//2939 2680//2957 
f 2667//2941 2666//2940 2681//2958 
f 2669//2943 2667//2941 2682//2959 
f 2670//2944 2669//2943 2683//2960 
f 2597//2961 2596//2946 2670//2944 
f 2684//2962 2671//2947 2266//2963 
f 2672//2949 2671//2947 2684//2962 
f 2673//2950 2672//2949 2685//2964 
f 2674//2951 2673//2950 2686//2965 
f 2675//2952 2674//2951 2687//2966 
f 2676//2953 2675//2952 2688//2967 
f 2677//2954 2676//2953 2689//2968 
f 2678//2955 2677//2954 2690//2969 
f 2679//2956 2678//2955 2691//2970 
f 2680//2957 2679//2956 2692//2971 
f 2681//2958 2680//2957 2693//2972 
f 2682//2959 2681//2958 2694//2973 
f 2683//2960 2682//2959 2695//2974 
f 2696//2975 2683//2960 2697//2976 
f 2598//2977 2597//2961 2696//2975 
f 2698//2978 2684//2962 2265//2979 
f 2685//2964 2684//2962 2698//2978 
f 2686//2965 2685//2964 2699//2980 
f 2687//2966 2686//2965 2700//2981 
f 2688//2967 2687//2966 2701//2982 
f 2689//2968 2688//2967 2702//2983 
f 2690//2969 2689//2968 2703//2984 
f 2691//2970 2690//2969 2704//2985 
f 2692//2971 2691//2970 2705//2986 
f 2693//2972 2692//2971 2706//2987 
f 2694//2973 2693//2972 2707//2988 
f 2695//2974 2694//2973 2708//2989 
f 2697//2976 2695//2974 2709//2990 
f 2710//2991 2697//2976 2711//2992 
f 2712//2993 2599//2994 2600//2995 
f 2600//2995 2710//2991 2712//2993 
f 2713//2996 2698//2978 2260//2997 
f 2699//2980 2698//2978 2713//2996 
f 2700//2981 2699//2980 2714//2998 
f 2701//2982 2700//2981 2715//2999 
f 2702//2983 2701//2982 2716//3000 
f 2703//2984 2702//2983 2717//3001 
f 2704//2985 2703//2984 2718//3002 
f 2705//2986 2704//2985 2719//3003 
f 2706//2987 2705//2986 2720//3004 
f 2707//2988 2706//2987 2721//3005 
f 2708//2989 2707//2988 2722//3006 
f 2709//2990 2708//2989 2723//3007 
f 2711//2992 2709//2990 2724//3008 
f 2712//2993 2711//2992 2725//3009 
f 2712//2993 2726//3010 2601//3011 
f 2726//3010 2602//3012 2601//3011 
f 2727//3013 2713//2996 2259//3014 
f 2714//2998 2713//2996 2727//3013 
f 2715//2999 2714//2998 2728//3015 
f 2716//3000 2715//2999 2729//3016 
f 2717//3001 2716//3000 2730//3017 
f 2718//3002 2717//3001 2731//3018 
f 2719//3003 2718//3002 2732//3019 
f 2720//3004 2719//3003 2733//3020 
f 2721//3005 2720//3004 2734//3021 
f 2722//3006 2721//3005 2735//3022 
f 2723//3007 2722//3006 2736//3023 
f 2724//3008 2723//3007 2737//3024 
f 2725//3009 2724//3008 2738//3025 
f 2726//3010 2725//3009 2739//3026 
f 2603//3027 2602//3012 2726//3010 
f 2740//3028 2727//3013 2258//3029 
f 2728//3015 2727//3013 2740//3028 
f 2729//3016 2728//3015 2741//3030 
f 2730//3017 2729//3016 2742//3031 
f 2731//3018 2730//3017 2743//3032 
f 2732//3019 2731//3018 2744//3033 
f 2733//3020 2732//3019 2745//3034 
f 2734//3021 2733//3020 2746//3035 
f 2735//3022 2734//3021 2747//3036 
f 2736//3023 2735//3022 2748//3037 
f 2737//3024 2736//3023 2749//3038 
f 2738//3025 2737//3024 2750//3039 
f 2739//3026 2738//3025 2751//3040 
f 2752//3041 2739//3026 2753//3042 
f 2752//3041 2754//3043 2604//3044 
f 2754//3043 2605//3045 2604//3044 
f 2755//3046 2740//3028 2255//3047 
f 2741//3030 2740//3028 2755//3046 
f 2742//3031 2741//3030 2756//3048 
f 2743//3032 2742//3031 2757//3049 
f 2744//3033 2743//3032 2758//3050 
f 2745//3034 2744//3033 2759//3051 
f 2746//3035 2745//3034 2760//3052 
f 2747//3036 2746//3035 2761//3053 
f 2748//3037 2747//3036 2762//3054 
f 2749//3038 2748//3037 2763//3055 
f 2750//3039 2749//3038 2764//3056 
f 2751//3040 2750//3039 2765//3057 
f 2753//3042 2751//3040 2766//3058 
f 2754//3043 2753//3042 2767//3059 
f 2606//3060 2605//3045 2754//3043 
f 2768//3061 2755//3046 2234//3062 
f 2756//3048 2755//3046 2768//3061 
f 2757//3049 2756//3048 2769//3063 
f 2758//3050 2757//3049 2770//3064 
f 2759//3051 2758//3050 2771//3065 
f 2760//3052 2759//3051 2772//3066 
f 2761//3053 2760//3052 2773//3067 
f 2762//3054 2761//3053 2774//3068 
f 2763//3055 2762//3054 2775//3069 
f 2764//3056 2763//3055 2776//3070 
f 2765//3057 2764//3056 2777//3071 
f 2766//3058 2765//3057 2778//3072 
f 2767//3059 2766//3058 2779//3073 
f 2780//3074 2767//3059 2781//3075 
f 2782//3076 2607//3077 2608//3078 
f 2608//3078 2780//3074 2782//3076 
f 2783//3079 2768//3061 2233//3080 
f 2769//3063 2768//3061 2783//3079 
f 2770//3064 2769//3063 2784//3081 
f 2771//3065 2770//3064 2785//3082 
f 2772//3066 2771//3065 2786//3083 
f 2773//3067 2772//3066 2787//3084 
f 2774//3068 2773//3067 2788//3085 
f 2775//3069 2774//3068 2789//3086 
f 2776//3070 2775//3069 2790//3087 
f 2777//3071 2776//3070 2791//3088 
f 2778//3072 2777//3071 2792//3089 
f 2779//3073 2778//3072 2793//3090 
f 2781//3075 2779//3073 2794//3091 
f 2782//3076 2781//3075 2795//3092 
f 2609//3093 2607//3077 2782//3076 
f 2796//3094 2783//3079 2232//3095 
f 2784//3081 2783//3079 2796//3094 
f 2785//3082 2784//3081 2797//3096 
f 2786//3083 2785//3082 2798//3097 
f 2787//3084 2786//3083 2799//3098 
f 2788//3085 2787//3084 2800//3099 
f 2789//3086 2788//3085 2801//3100 
f 2790//3087 2789//3086 2802//3101 
f 2791//3088 2790//3087 2803//3102 
f 2792//3089 2791//3088 2804//3103 
f 2793//3090 2792//3089 2805//3104 
f 2794//3091 2793//3090 2806//3105 
f 2795//3092 2794//3091 2807//3106 
f 2808//3107 2795//3092 2809//3108 
f 2810//3109 2610//3110 2611//3111 
f 2611//3111 2808//3107 2810//3109 
f 2811//3112 2796//3094 2239//3113 
f 2797//3096 2796//3094 2811//3112 
f 2798//3097 2797//3096 2812//3114 
f 2799//3098 2798//3097 2813//3115 
f 2800//3099 2799//3098 2814//3116 
f 2801//3100 2800//3099 2815//3117 
f 2802//3101 2801//3100 2816//3118 
f 2803//3102 2802//3101 2817//3119 
f 2804//3103 2803//3102 2818//3120 
f 2805//3104 2804//3103 2819//3121 
f 2806//3105 2805//3104 2820//3122 
f 2807//3106 2806//3105 2821//3123 
f 2809//3108 2807//3106 2822//3124 
f 2810//3109 2809//3108 2823//3125 
f 2810//3109 2824//3126 2612//3127 
f 2824//3126 2613//3128 2612//3127 
f 2299//3129 2811//3112 2240//3130 
f 2300//3131 2812//3114 2811//3112 
f 2301//3132 2813//3115 2812//3114 
f 2302//3133 2814//3116 2813//3115 
f 2303//3134 2815//3117 2814//3116 
f 2304//3135 2816//3118 2815//3117 
f 2305//3136 2817//3119 2816//3118 
f 2306//3137 2818//3120 2817//3119 
f 2307//3138 2819//3121 2818//3120 
f 2308//3139 2820//3122 2819//3121 
f 2309//3140 2821//3123 2820//3122 
f 2310//3141 2822//3124 2821//3123 
f 2311//3142 2823//3125 2822//3124 
f 2312//3143 2824//3126 2823//3125 
f 2313//3144 2613//3128 2824//3126 
f 2824//3126 2312//3143 2313//3144 
f 2823//3125 2311//3142 2312//3143 
f 2822//3124 2310//3141 2311//3142 
f 2821//3123 2309//3140 2310//3141 
f 2820//3122 2308//3139 2309//3140 
f 2819//3121 2307//3138 2308//3139 
f 2818//3120 2306//3137 2307//3138 
f 2817//3119 2305//3136 2306//3137 
f 2816//3118 2304//3135 2305//3136 
f 2815//3117 2303//3134 2304//3135 
f 2814//3116 2302//3133 2303//3134 
f 2813//3115 2301//3132 2302//3133 
f 2812//3114 2300//3131 2301//3132 
f 2811//3112 2299//3129 2300//3131 
f 2240//3130 2238//3145 2299//3129 
f 2612//3127 2610//3110 2810//3109 
f 2823//3125 2824//3126 2810//3109 
f 2822//3124 2823//3125 2809//3108 
f 2821//3123 2822//3124 2807//3106 
f 2820//3122 2821//3123 2806//3105 
f 2819//3121 2820//3122 2805//3104 
f 2818//3120 2819//3121 2804//3103 
f 2817//3119 2818//3120 2803//3102 
f 2816//3118 2817//3119 2802//3101 
f 2815//3117 2816//3118 2801//3100 
f 2814//3116 2815//3117 2800//3099 
f 2813//3115 2814//3116 2799//3098 
f 2812//3114 2813//3115 2798//3097 
f 2811//3112 2812//3114 2797//3096 
f 2239//3113 2240//3130 2811//3112 
f 2611//3111 2609//3093 2808//3107 
f 2809//3108 2810//3109 2808//3107 
f 2807//3106 2809//3108 2795//3092 
f 2806//3105 2807//3106 2794//3091 
f 2805//3104 2806//3105 2793//3090 
f 2804//3103 2805//3104 2792//3089 
f 2803//3102 2804//3103 2791//3088 
f 2802//3101 2803//3102 2790//3087 
f 2801//3100 2802//3101 2789//3086 
f 2800//3099 2801//3100 2788//3085 
f 2799//3098 2800//3099 2787//3084 
f 2798//3097 2799//3098 2786//3083 
f 2797//3096 2798//3097 2785//3082 
f 2796//3094 2797//3096 2784//3081 
f 2232//3095 2239//3113 2796//3094 
f 2782//3076 2808//3107 2609//3093 
f 2795//3092 2808//3107 2782//3076 
f 2794//3091 2795//3092 2781//3075 
f 2793//3090 2794//3091 2779//3073 
f 2792//3089 2793//3090 2778//3072 
f 2791//3088 2792//3089 2777//3071 
f 2790//3087 2791//3088 2776//3070 
f 2789//3086 2790//3087 2775//3069 
f 2788//3085 2789//3086 2774//3068 
f 2787//3084 2788//3085 2773//3067 
f 2786//3083 2787//3084 2772//3066 
f 2785//3082 2786//3083 2771//3065 
f 2784//3081 2785//3082 2770//3064 
f 2783//3079 2784//3081 2769//3063 
f 2233//3080 2232//3095 2783//3079 
f 2608//3078 2606//3060 2780//3074 
f 2781//3075 2782//3076 2780//3074 
f 2779//3073 2781//3075 2767//3059 
f 2778//3072 2779//3073 2766//3058 
f 2777//3071 2778//3072 2765//3057 
f 2776//3070 2777//3071 2764//3056 
f 2775//3069 2776//3070 2763//3055 
f 2774//3068 2775//3069 2762//3054 
f 2773//3067 2774//3068 2761//3053 
f 2772//3066 2773//3067 2760//3052 
f 2771//3065 2772//3066 2759//3051 
f 2770//3064 2771//3065 2758//3050 
f 2769//3063 2770//3064 2757//3049 
f 2768//3061 2769//3063 2756//3048 
f 2234//3062 2233//3080 2768//3061 
f 2754//3043 2780//3074 2606//3060 
f 2767//3059 2780//3074 2754//3043 
f 2766//3058 2767//3059 2753//3042 
f 2765//3057 2766//3058 2751//3040 
f 2764//3056 2765//3057 2750//3039 
f 2763//3055 2764//3056 2749//3038 
f 2762//3054 2763//3055 2748//3037 
f 2761//3053 2762//3054 2747//3036 
f 2760//3052 2761//3053 2746//3035 
f 2759//3051 2760//3052 2745//3034 
f 2758//3050 2759//3051 2744//3033 
f 2757//3049 2758//3050 2743//3032 
f 2756//3048 2757//3049 2742//3031 
f 2755//3046 2756//3048 2741//3030 
f 2255//3047 2234//3062 2755//3046 
f 2604//3044 2603//3027 2752//3041 
f 2753//3042 2754//3043 2752//3041 
f 2751//3040 2753//3042 2739//3026 
f 2750//3039 2751//3040 2738//3025 
f 2749//3038 2750//3039 2737//3024 
f 2748//3037 2749//3038 2736//3023 
f 2747//3036 2748//3037 2735//3022 
f 2746//3035 2747//3036 2734//3021 
f 2745//3034 2746//3035 2733//3020 
f 2744//3033 2745//3034 2732//3019 
f 2743//3032 2744//3033 2731//3018 
f 2742//3031 2743//3032 2730//3017 
f 2741//3030 2742//3031 2729//3016 
f 2740//3028 2741//3030 2728//3015 
f 2258//3029 2255//3047 2740//3028 
f 2726//3010 2752//3041 2603//3027 
f 2739//3026 2752//3041 2726//3010 
f 2738//3025 2739//3026 2725//3009 
f 2737//3024 2738//3025 2724//3008 
f 2736//3023 2737//3024 2723//3007 
f 2735//3022 2736//3023 2722//3006 
f 2734//3021 2735//3022 2721//3005 
f 2733//3020 2734//3021 2720//3004 
f 2732//3019 2733//3020 2719//3003 
f 2731//3018 2732//3019 2718//3002 
f 2730//3017 2731//3018 2717//3001 
f 2729//3016 2730//3017 2716//3000 
f 2728//3015 2729//3016 2715//2999 
f 2727//3013 2728//3015 2714//2998 
f 2259//3014 2258//3029 2727//3013 
f 2601//3011 2599//2994 2712//2993 
f 2725//3009 2726//3010 2712//2993 
f 2724//3008 2725//3009 2711//2992 
f 2723//3007 2724//3008 2709//2990 
f 2722//3006 2723//3007 2708//2989 
f 2721//3005 2722//3006 2707//2988 
f 2720//3004 2721//3005 2706//2987 
f 2719//3003 2720//3004 2705//2986 
f 2718//3002 2719//3003 2704//2985 
f 2717//3001 2718//3002 2703//2984 
f 2716//3000 2717//3001 2702//2983 
f 2715//2999 2716//3000 2701//2982 
f 2714//2998 2715//2999 2700//2981 
f 2713//2996 2714//2998 2699//2980 
f 2260//2997 2259//3014 2713//2996 
f 2600//2995 2598//2977 2710//2991 
f 2711//2992 2712//2993 2710//2991 
f 2709//2990 2711//2992 2697//2976 
f 2708//2989 2709//2990 2695//2974 
f 2707//2988 2708//2989 2694//2973 
f 2706//2987 2707//2988 2693//2972 
f 2705//2986 2706//2987 2692//2971 
f 2704//2985 2705//2986 2691//2970 
f 2703//2984 2704//2985 2690//2969 
f 2702//2983 2703//2984 2689//2968 
f 2701//2982 2702//2983 2688//2967 
f 2700//2981 2701//2982 2687//2966 
f 2699//2980 2700//2981 2686//2965 
f 2698//2978 2699//2980 2685//2964 
f 2265//2979 2260//2997 2698//2978 
f 2696//2975 2710//2991 2598//2977 
f 2697//2976 2710//2991 2696//2975 
f 2695//2974 2697//2976 2683//2960 
f 2694//2973 2695//2974 2682//2959 
f 2693//2972 2694//2973 2681//2958 
f 2692//2971 2693//2972 2680//2957 
f 2691//2970 2692//2971 2679//2956 
f 2690//2969 2691//2970 2678//2955 
f 2689//2968 2690//2969 2677//2954 
f 2688//2967 2689//2968 2676//2953 
f 2687//2966 2688//2967 2675//2952 
f 2686//2965 2687//2966 2674//2951 
f 2685//2964 2686//2965 2673//2950 
f 2684//2962 2685//2964 2672//2949 
f 2266//2963 2265//2979 2684//2962 
f 2670//2944 2696//2975 2597//2961 
f 2683//2960 2696//2975 2670//2944 
f 2682//2959 2683//2960 2669//2943 
f 2681//2958 2682//2959 2667//2941 
f 2680//2957 2681//2958 2666//2940 
f 2679//2956 2680//2957 2665//2939 
f 2678//2955 2679//2956 2664//2938 
f 2677//2954 2678//2955 2663//2937 
f 2676//2953 2677//2954 2662//2936 
f 2675//2952 2676//2953 2661//2935 
f 2674//2951 2675//2952 2660//2934 
f 2673//2950 2674//2951 2659//2933 
f 2672//2949 2673//2950 2658//2932 
f 2671//2947 2672//2949 2657//2931 
f 2267//2948 2266//2963 2671//2947 
f 2595//2945 2594//2928 2668//2942 
f 2669//2943 2670//2944 2668//2942 
f 2667//2941 2669//2943 2655//2927 
f 2666//2940 2667//2941 2654//2926 
f 2665//2939 2666//2940 2653//2925 
f 2664//2938 2665//2939 2652//2924 
f 2663//2937 2664//2938 2651//2923 
f 2662//2936 2663//2937 2650//2922 
f 2661//2935 2662//2936 2649//2921 
f 2660//2934 2661//2935 2648//2920 
f 2659//2933 2660//2934 2647//2919 
f 2658//2932 2659//2933 2646//2918 
f 2657//2931 2658//2932 2645//2917 
f 2656//2929 2657//2931 2644//2916 
f 2277//2930 2267//2948 2656//2929 
f 2642//2912 2668//2942 2594//2928 
f 2655//2927 2668//2942 2642//2912 
f 2654//2926 2655//2927 2641//2911 
f 2653//2925 2654//2926 2640//2910 
f 2652//2924 2653//2925 2639//2909 
f 2651//2923 2652//2924 2638//2908 
f 2650//2922 2651//2923 2637//2907 
f 2649//2921 2650//2922 2636//2906 
f 2648//2920 2649//2921 2635//2905 
f 2647//2919 2648//2920 2634//2904 
f 2646//2918 2647//2919 2633//2903 
f 2645//2917 2646//2918 2632//2902 
f 2644//2916 2645//2917 2631//2901 
f 2643//2915 2644//2916 2630//2900 
f 2288//2898 2277//2930 2643//2915 
f 2592//2913 2614//3146 2628//2897 
f 2641//2911 2642//2912 2628//2897 
f 2640//2910 2641//2911 2627//2895 
f 2639//2909 2640//2910 2626//2893 
f 2638//2908 2639//2909 2625//2891 
f 2637//2907 2638//2908 2624//2889 
f 2636//2906 2637//2907 2623//2887 
f 2635//2905 2636//2906 2622//2885 
f 2634//2904 2635//2905 2621//2883 
f 2633//2903 2634//2904 2620//2881 
f 2632//2902 2633//2903 2619//2879 
f 2631//2901 2632//2902 2618//2877 
f 2630//2900 2631//2901 2617//2875 
f 2629//2899 2630//2900 2616//2873 
f 2288//2898 2629//2899 2615//2871 
f 2628//2897 2614//3146 2591//2896 
f 2627//2895 2628//2897 2590//2894 
f 2626//2893 2627//2895 2589//2892 
f 2625//2891 2626//2893 2588//2890 
f 2624//2889 2625//2891 2587//2888 
f 2623//2887 2624//2889 2586//2886 
f 2622//2885 2623//2887 2585//2884 
f 2621//2883 2622//2885 2584//2882 
f 2620//2881 2621//2883 2583//2880 
f 2619//2879 2620//2881 2582//2878 
f 2618//2877 2619//2879 2581//2876 
f 2617//2875 2618//2877 2580//2874 
f 2616//2873 2617//2875 2579//2872 
f 2615//2871 2616//2873 2578//2870 
f 2289//2869 2615//2871 2577//2868 
o mesh24
f 2332//3147 2291//3148 2287//3148 
f 2333//3149 2332//3147 2864//3150 
f 2334//3151 2333//3149 2865//3152 
f 2335//3153 2334//3151 2866//3154 
f 2336//3155 2335//3153 2867//3156 
f 2337//3157 2336//3155 2868//3158 
f 2338//3159 2337//3157 2869//3160 
f 2339//3161 2338//3159 2870//3162 
f 2340//3163 2339//3161 2871//3164 
f 2341//3165 2340//3163 2872//3166 
f 2342//3167 2341//3165 2873//3168 
f 2343//3169 2342//3167 2874//3170 
f 2344//3171 2343//3169 2875//3172 
f 2345//3173 2344//3171 2876//3174 
f 2346//3175 2345//3173 2877//3176 
f 2878//3177 2864//3150 2287//3148 
f 2865//3152 2864//3150 2878//3177 
f 2866//3154 2865//3152 2879//3178 
f 2867//3156 2866//3154 2880//3179 
f 2868//3158 2867//3156 2881//3180 
f 2869//3160 2868//3158 2882//3181 
f 2870//3162 2869//3160 2883//3182 
f 2871//3164 2870//3162 2884//3183 
f 2872//3166 2871//3164 2885//3184 
f 2873//3168 2872//3166 2886//3185 
f 2874//3170 2873//3168 2887//3186 
f 2875//3172 2874//3170 2888//3187 
f 2876//3174 2875//3172 2889//3188 
f 2877//3176 2876//3174 2890//3189 
f 2877//3176 2891//3190 2825//3191 
f 2891//3190 2826//3192 2825//3191 
f 2892//3193 2878//3177 2296//3194 
f 2879//3178 2878//3177 2892//3193 
f 2880//3179 2879//3178 2893//3195 
f 2881//3180 2880//3179 2894//3196 
f 2882//3181 2881//3180 2895//3197 
f 2883//3182 2882//3181 2896//3198 
f 2884//3183 2883//3182 2897//3199 
f 2885//3184 2884//3183 2898//3200 
f 2886//3185 2885//3184 2899//3201 
f 2887//3186 2886//3185 2900//3202 
f 2888//3187 2887//3186 2901//3203 
f 2889//3188 2888//3187 2902//3204 
f 2890//3189 2889//3188 2903//3205 
f 2891//3190 2890//3189 2904//3206 
f 2827//3207 2826//3192 2891//3190 
f 2905//3208 2892//3193 2290//3209 
f 2893//3195 2892//3193 2905//3208 
f 2894//3196 2893//3195 2906//3210 
f 2895//3197 2894//3196 2907//3211 
f 2896//3198 2895//3197 2908//3212 
f 2897//3199 2896//3198 2909//3213 
f 2898//3200 2897//3199 2910//3214 
f 2899//3201 2898//3200 2911//3215 
f 2900//3202 2899//3201 2912//3216 
f 2901//3203 2900//3202 2913//3217 
f 2902//3204 2901//3203 2914//3218 
f 2903//3205 2902//3204 2915//3219 
f 2904//3206 2903//3205 2916//3220 
f 2917//3221 2904//3206 2918//3222 
f 2917//3221 2919//3223 2828//3224 
f 2919//3223 2829//3225 2828//3224 
f 2920//3226 2905//3208 2281//3227 
f 2906//3210 2905//3208 2920//3226 
f 2907//3211 2906//3210 2921//3228 
f 2908//3212 2907//3211 2922//3229 
f 2909//3213 2908//3212 2923//3230 
f 2910//3214 2909//3213 2924//3231 
f 2911//3215 2910//3214 2925//3232 
f 2912//3216 2911//3215 2926//3233 
f 2913//3217 2912//3216 2927//3234 
f 2914//3218 2913//3217 2928//3235 
f 2915//3219 2914//3218 2929//3236 
f 2916//3220 2915//3219 2930//3237 
f 2918//3222 2916//3220 2931//3238 
f 2919//3223 2918//3222 2932//3239 
f 2830//3240 2829//3225 2919//3223 
f 2933//3241 2920//3226 2272//3242 
f 2921//3228 2920//3226 2933//3241 
f 2922//3229 2921//3228 2934//3243 
f 2923//3230 2922//3229 2935//3244 
f 2924//3231 2923//3230 2936//3245 
f 2925//3232 2924//3231 2937//3246 
f 2926//3233 2925//3232 2938//3247 
f 2927//3234 2926//3233 2939//3248 
f 2928//3235 2927//3234 2940//3249 
f 2929//3236 2928//3235 2941//3250 
f 2930//3237 2929//3236 2942//3251 
f 2931//3238 2930//3237 2943//3252 
f 2932//3239 2931//3238 2944//3253 
f 2945//3254 2932//3239 2946//3255 
f 2945//3254 2947//3256 2831//3257 
f 2947//3256 2832//3258 2831//3257 
f 2948//3259 2933//3241 2263//3260 
f 2934//3243 2933//3241 2948//3259 
f 2935//3244 2934//3243 2949//3261 
f 2936//3245 2935//3244 2950//3262 
f 2937//3246 2936//3245 2951//3263 
f 2938//3247 2937//3246 2952//3264 
f 2939//3248 2938//3247 2953//3265 
f 2940//3249 2939//3248 2954//3266 
f 2941//3250 2940//3249 2955//3267 
f 2942//3251 2941//3250 2956//3268 
f 2943//3252 2942//3251 2957//3269 
f 2944//3253 2943//3252 2958//3270 
f 2946//3255 2944//3253 2959//3271 
f 2947//3256 2946//3255 2960//3272 
f 2833//3273 2832//3258 2947//3256 
f 2961//3274 2948//3259 2262//3275 
f 2949//3261 2948//3259 2961//3274 
f 2950//3262 2949//3261 2962//3276 
f 2951//3263 2950//3262 2963//3277 
f 2952//3264 2951//3263 2964//3278 
f 2953//3265 2952//3264 2965//3279 
f 2954//3266 2953//3265 2966//3280 
f 2955//3267 2954//3266 2967//3281 
f 2956//3268 2955//3267 2968//3282 
f 2957//3269 2956//3268 2969//3283 
f 2958//3270 2957//3269 2970//3284 
f 2959//3271 2958//3270 2971//3285 
f 2960//3272 2959//3271 2972//3286 
f 2973//3287 2960//3272 2974//3288 
f 2975//3289 2834//3290 2835//3291 
f 2835//3291 2973//3287 2975//3289 
f 2976//3292 2961//3274 2261//3293 
f 2962//3276 2961//3274 2976//3292 
f 2963//3277 2962//3276 2977//3294 
f 2964//3278 2963//3277 2978//3295 
f 2965//3279 2964//3278 2979//3296 
f 2966//3280 2965//3279 2980//3297 
f 2967//3281 2966//3280 2981//3298 
f 2968//3282 2967//3281 2982//3299 
f 2969//3283 2968//3282 2983//3300 
f 2970//3284 2969//3283 2984//3301 
f 2971//3285 2970//3284 2985//3302 
f 2972//3286 2971//3285 2986//3303 
f 2974//3288 2972//3286 2987//3304 
f 2975//3289 2974//3288 2988//3305 
f 2836//3306 2834//3290 2975//3289 
f 2989//3307 2976//3292 2257//3308 
f 2977//3294 2976//3292 2989//3307 
f 2978//3295 2977//3294 2990//3309 
f 2979//3296 2978//3295 2991//3310 
f 2980//3297 2979//3296 2992//3311 
f 2981//3298 2980//3297 2993//3312 
f 2982//3299 2981//3298 2994//3313 
f 2983//3300 2982//3299 2995//3314 
f 2984//3301 2983//3300 2996//3315 
f 2985//3302 2984//3301 2997//3316 
f 2986//3303 2985//3302 2998//3317 
f 2987//3304 2986//3303 2999//3318 
f 2988//3305 2987//3304 3000//3319 
f 3001//3320 2988//3305 3002//3321 
f 3003//3322 2837//3323 2838//3324 
f 2838//3324 3001//3320 3003//3322 
f 3004//3325 2989//3307 2253//3326 
f 2990//3309 2989//3307 3004//3325 
f 2991//3310 2990//3309 3005//3327 
f 2992//3311 2991//3310 3006//3328 
f 2993//3312 2992//3311 3007//3329 
f 2994//3313 2993//3312 3008//3330 
f 2995//3314 2994//3313 3009//3331 
f 2996//3315 2995//3314 3010//3332 
f 2997//3316 2996//3315 3011//3333 
f 2998//3317 2997//3316 3012//3334 
f 2999//3318 2998//3317 3013//3335 
f 3000//3319 2999//3318 3014//3336 
f 3002//3321 3000//3319 3015//3337 
f 3003//3322 3002//3321 3016//3338 
f 3003//3322 3017//3339 2839//3340 
f 3017//3339 2840//3341 2839//3340 
f 3018//3342 3004//3325 2243//3343 
f 3005//3327 3004//3325 3018//3342 
f 3006//3328 3005//3327 3019//3344 
f 3007//3329 3006//3328 3020//3345 
f 3008//3330 3007//3329 3021//3346 
f 3009//3331 3008//3330 3022//3347 
f 3010//3332 3009//3331 3023//3348 
f 3011//3333 3010//3332 3024//3349 
f 3012//3334 3011//3333 3025//3350 
f 3013//3335 3012//3334 3026//3351 
f 3014//3336 3013//3335 3027//3352 
f 3015//3337 3014//3336 3028//3353 
f 3016//3338 3015//3337 3029//3354 
f 3017//3339 3016//3338 3030//3355 
f 2841//3356 2840//3341 3017//3339 
f 3031//3357 3018//3342 2237//3358 
f 3019//3344 3018//3342 3031//3357 
f 3020//3345 3019//3344 3032//3359 
f 3021//3346 3020//3345 3033//3360 
f 3022//3347 3021//3346 3034//3361 
f 3023//3348 3022//3347 3035//3362 
f 3024//3349 3023//3348 3036//3363 
f 3025//3350 3024//3349 3037//3364 
f 3026//3351 3025//3350 3038//3365 
f 3027//3352 3026//3351 3039//3366 
f 3028//3353 3027//3352 3040//3367 
f 3029//3354 3028//3353 3041//3368 
f 3030//3355 3029//3354 3042//3369 
f 3043//3370 3030//3355 3044//3371 
f 2842//3372 2841//3356 3043//3370 
f 3045//3373 3031//3357 2229//3374 
f 3032//3359 3031//3357 3045//3373 
f 3033//3360 3032//3359 3046//3375 
f 3034//3361 3033//3360 3047//3376 
f 3035//3362 3034//3361 3048//3377 
f 3036//3363 3035//3362 3049//3378 
f 3037//3364 3036//3363 3050//3379 
f 3038//3365 3037//3364 3051//3380 
f 3039//3366 3038//3365 3052//3381 
f 3040//3367 3039//3366 3053//3382 
f 3041//3368 3040//3367 3054//3383 
f 3042//3369 3041//3368 3055//3384 
f 3044//3371 3042//3369 3056//3385 
f 3057//3386 3044//3371 3058//3387 
f 3059//3388 2843//3389 2844//3390 
f 2844//3390 3057//3386 3059//3388 
f 3060//3391 3045//3373 2231//3392 
f 3046//3375 3045//3373 3060//3391 
f 3047//3376 3046//3375 3061//3393 
f 3048//3377 3047//3376 3062//3394 
f 3049//3378 3048//3377 3063//3395 
f 3050//3379 3049//3378 3064//3396 
f 3051//3380 3050//3379 3065//3397 
f 3052//3381 3051//3380 3066//3398 
f 3053//3382 3052//3381 3067//3399 
f 3054//3383 3053//3382 3068//3400 
f 3055//3384 3054//3383 3069//3401 
f 3056//3385 3055//3384 3070//3402 
f 3058//3387 3056//3385 3071//3403 
f 3059//3388 3058//3387 3072//3404 
f 2845//3405 2843//3389 3059//3388 
f 3073//3406 3060//3391 2236//3407 
f 3061//3393 3060//3391 3073//3406 
f 3062//3394 3061//3393 3074//3408 
f 3063//3395 3062//3394 3075//3409 
f 3064//3396 3063//3395 3076//3410 
f 3065//3397 3064//3396 3077//3411 
f 3066//3398 3065//3397 3078//3412 
f 3067//3399 3066//3398 3079//3413 
f 3068//3400 3067//3399 3080//3414 
f 3069//3401 3068//3400 3081//3415 
f 3070//3402 3069//3401 3082//3416 
f 3071//3403 3070//3402 3083//3417 
f 3072//3404 3071//3403 3084//3418 
f 3085//3419 3072//3404 3086//3420 
f 3087//3421 2846//3422 2847//3423 
f 2847//3423 3085//3419 3087//3421 
f 2848//3424 3073//3406 2235//3425 
f 2849//3426 3074//3408 3073//3406 
f 2850//3427 3075//3409 3074//3408 
f 2851//3428 3076//3410 3075//3409 
f 2852//3429 3077//3411 3076//3410 
f 2853//3430 3078//3412 3077//3411 
f 2854//3431 3079//3413 3078//3412 
f 2855//3432 3080//3414 3079//3413 
f 2856//3433 3081//3415 3080//3414 
f 2857//3434 3082//3416 3081//3415 
f 2858//3435 3083//3417 3082//3416 
f 2859//3436 3084//3418 3083//3417 
f 2860//3437 3086//3420 3084//3418 
f 2861//3438 3087//3421 3086//3420 
f 2862//3439 2846//3422 3087//3421 
f 3087//3421 2861//3438 2862//3439 
f 3086//3420 2860//3437 2861//3438 
f 3084//3418 2859//3436 2860//3437 
f 3083//3417 2858//3435 2859//3436 
f 3082//3416 2857//3434 2858//3435 
f 3081//3415 2856//3433 2857//3434 
f 3080//3414 2855//3432 2856//3433 
f 3079//3413 2854//3431 2855//3432 
f 3078//3412 2853//3430 2854//3431 
f 3077//3411 2852//3429 2853//3430 
f 3076//3410 2851//3428 2852//3429 
f 3075//3409 2850//3427 2851//3428 
f 3074//3408 2849//3426 2850//3427 
f 3073//3406 2848//3424 2849//3426 
f 2235//3425 2230//3440 2848//3424 
f 2847//3423 2845//3405 3085//3419 
f 3086//3420 3087//3421 3085//3419 
f 3084//3418 3086//3420 3072//3404 
f 3083//3417 3084//3418 3071//3403 
f 3082//3416 3083//3417 3070//3402 
f 3081//3415 3082//3416 3069//3401 
f 3080//3414 3081//3415 3068//3400 
f 3079//3413 3080//3414 3067//3399 
f 3078//3412 3079//3413 3066//3398 
f 3077//3411 3078//3412 3065//3397 
f 3076//3410 3077//3411 3064//3396 
f 3075//3409 3076//3410 3063//3395 
f 3074//3408 3075//3409 3062//3394 
f 3073//3406 3074//3408 3061//3393 
f 2236//3407 2235//3425 3073//3406 
f 3059//3388 3085//3419 2845//3405 
f 3072//3404 3085//3419 3059//3388 
f 3071//3403 3072//3404 3058//3387 
f 3070//3402 3071//3403 3056//3385 
f 3069//3401 3070//3402 3055//3384 
f 3068//3400 3069//3401 3054//3383 
f 3067//3399 3068//3400 3053//3382 
f 3066//3398 3067//3399 3052//3381 
f 3065//3397 3066//3398 3051//3380 
f 3064//3396 3065//3397 3050//3379 
f 3063//3395 3064//3396 3049//3378 
f 3062//3394 3063//3395 3048//3377 
f 3061//3393 3062//3394 3047//3376 
f 3060//3391 3061//3393 3046//3375 
f 2231//3392 2236//3407 3060//3391 
f 2844//3390 2842//3372 3057//3386 
f 3058//3387 3059//3388 3057//3386 
f 3056//3385 3058//3387 3044//3371 
f 3055//3384 3056//3385 3042//3369 
f 3054//3383 3055//3384 3041//3368 
f 3053//3382 3054//3383 3040//3367 
f 3052//3381 3053//3382 3039//3366 
f 3051//3380 3052//3381 3038//3365 
f 3050//3379 3051//3380 3037//3364 
f 3049//3378 3050//3379 3036//3363 
f 3048//3377 3049//3378 3035//3362 
f 3047//3376 3048//3377 3034//3361 
f 3046//3375 3047//3376 3033//3360 
f 3045//3373 3046//3375 3032//3359 
f 2229//3374 2231//3392 3045//3373 
f 3043//3370 3057//3386 2842//3372 
f 3044//3371 3057//3386 3043//3370 
f 3042//3369 3044//3371 3030//3355 
f 3041//3368 3042//3369 3029//3354 
f 3040//3367 3041//3368 3028//3353 
f 3039//3366 3040//3367 3027//3352 
f 3038//3365 3039//3366 3026//3351 
f 3037//3364 3038//3365 3025//3350 
f 3036//3363 3037//3364 3024//3349 
f 3035//3362 3036//3363 3023//3348 
f 3034//3361 3035//3362 3022//3347 
f 3033//3360 3034//3361 3021//3346 
f 3032//3359 3033//3360 3020//3345 
f 3031//3357 3032//3359 3019//3344 
f 2237//3358 2229//3374 3031//3357 
f 3017//3339 3043//3370 2841//3356 
f 3030//3355 3043//3370 3017//3339 
f 3029//3354 3030//3355 3016//3338 
f 3028//3353 3029//3354 3015//3337 
f 3027//3352 3028//3353 3014//3336 
f 3026//3351 3027//3352 3013//3335 
f 3025//3350 3026//3351 3012//3334 
f 3024//3349 3025//3350 3011//3333 
f 3023//3348 3024//3349 3010//3332 
f 3022//3347 3023//3348 3009//3331 
f 3021//3346 3022//3347 3008//3330 
f 3020//3345 3021//3346 3007//3329 
f 3019//3344 3020//3345 3006//3328 
f 3018//3342 3019//3344 3005//3327 
f 2243//3343 2237//3358 3018//3342 
f 2839//3340 2837//3323 3003//3322 
f 3016//3338 3017//3339 3003//3322 
f 3015//3337 3016//3338 3002//3321 
f 3014//3336 3015//3337 3000//3319 
f 3013//3335 3014//3336 2999//3318 
f 3012//3334 3013//3335 2998//3317 
f 3011//3333 3012//3334 2997//3316 
f 3010//3332 3011//3333 2996//3315 
f 3009//3331 3010//3332 2995//3314 
f 3008//3330 3009//3331 2994//3313 
f 3007//3329 3008//3330 2993//3312 
f 3006//3328 3007//3329 2992//3311 
f 3005//3327 3006//3328 2991//3310 
f 3004//3325 3005//3327 2990//3309 
f 2253//3326 2243//3343 3004//3325 
f 2838//3324 2836//3306 3001//3320 
f 3002//3321 3003//3322 3001//3320 
f 3000//3319 3002//3321 2988//3305 
f 2999//3318 3000//3319 2987//3304 
f 2998//3317 2999//3318 2986//3303 
f 2997//3316 2998//3317 2985//3302 
f 2996//3315 2997//3316 2984//3301 
f 2995//3314 2996//3315 2983//3300 
f 2994//3313 2995//3314 2982//3299 
f 2993//3312 2994//3313 2981//3298 
f 2992//3311 2993//3312 2980//3297 
f 2991//3310 2992//3311 2979//3296 
f 2990//3309 2991//3310 2978//3295 
f 2989//3307 2990//3309 2977//3294 
f 2257//3308 2253//3326 2989//3307 
f 2975//3289 3001//3320 2836//3306 
f 2988//3305 3001//3320 2975//3289 
f 2987//3304 2988//3305 2974//3288 
f 2986//3303 2987//3304 2972//3286 
f 2985//3302 2986//3303 2971//3285 
f 2984//3301 2985//3302 2970//3284 
f 2983//3300 2984//3301 2969//3283 
f 2982//3299 2983//3300 2968//3282 
f 2981//3298 2982//3299 2967//3281 
f 2980//3297 2981//3298 2966//3280 
f 2979//3296 2980//3297 2965//3279 
f 2978//3295 2979//3296 2964//3278 
f 2977//3294 2978//3295 2963//3277 
f 2976//3292 2977//3294 2962//3276 
f 2261//3293 2257//3308 2976//3292 
f 2835//3291 2833//3273 2973//3287 
f 2974//3288 2975//3289 2973//3287 
f 2972//3286 2974//3288 2960//3272 
f 2971//3285 2972//3286 2959//3271 
f 2970//3284 2971//3285 2958//3270 
f 2969//3283 2970//3284 2957//3269 
f 2968//3282 2969//3283 2956//3268 
f 2967//3281 2968//3282 2955//3267 
f 2966//3280 2967//3281 2954//3266 
f 2965//3279 2966//3280 2953//3265 
f 2964//3278 2965//3279 2952//3264 
f 2963//3277 2964//3278 2951//3263 
f 2962//3276 2963//3277 2950//3262 
f 2961//3274 2962//3276 2949//3261 
f 2262//3275 2261//3293 2961//3274 
f 2947//3256 2973//3287 2833//3273 
f 2960//3272 2973//3287 2947//3256 
f 2959//3271 2960//3272 2946//3255 
f 2958//3270 2959//3271 2944//3253 
f 2957//3269 2958//3270 2943//3252 
f 2956//3268 2957//3269 2942//3251 
f 2955//3267 2956//3268 2941//3250 
f 2954//3266 2955//3267 2940//3249 
f 2953//3265 2954//3266 2939//3248 
f 2952//3264 2953//3265 2938//3247 
f 2951//3263 2952//3264 2937//3246 
f 2950//3262 2951//3263 2936//3245 
f 2949//3261 2950//3262 2935//3244 
f 2948//3259 2949//3261 2934//3243 
f 2263//3260 2262//3275 2948//3259 
f 2831//3257 2830//3240 2945//3254 
f 2946//3255 2947//3256 2945//3254 
f 2944//3253 2946//3255 2932//3239 
f 2943//3252 2944//3253 2931//3238 
f 2942//3251 2943//3252 2930//3237 
f 2941//3250 2942//3251 2929//3236 
f 2940//3249 2941//3250 2928//3235 
f 2939//3248 2940//3249 2927//3234 
f 2938//3247 2939//3248 2926//3233 
f 2937//3246 2938//3247 2925//3232 
f 2936//3245 2937//3246 2924//3231 
f 2935//3244 2936//3245 2923//3230 
f 2934//3243 2935//3244 2922//3229 
f 2933//3241 2934//3243 2921//3228 
f 2272//3242 2263//3260 2933//3241 
f 2919//3223 2945//3254 2830//3240 
f 2932//3239 2945//3254 2919//3223 
f 2931//3238 2932//3239 2918//3222 
f 2930//3237 2931//3238 2916//3220 
f 2929//3236 2930//3237 2915//3219 
f 2928//3235 2929//3236 2914//3218 
f 2927//3234 2928//3235 2913//3217 
f 2926//3233 2927//3234 2912//3216 
f 2925//3232 2926//3233 2911//3215 
f 2924//3231 2925//3232 2910//3214 
f 2923//3230 2924//3231 2909//3213 
f 2922//3229 2923//3230 2908//3212 
f 2921//3228 2922//3229 2907//3211 
f 2920//3226 2921//3228 2906//3210 
f 2281//3227 2272//3242 2920//3226 
f 2828//3224 2827//3207 2917//3221 
f 2918//3222 2919//3223 2917//3221 
f 2916//3220 2918//3222 2904//3206 
f 2915//3219 2916//3220 2903//3205 
f 2914//3218 2915//3219 2902//3204 
f 2913//3217 2914//3218 2901//3203 
f 2912//3216 2913//3217 2900//3202 
f 2911//3215 2912//3216 2899//3201 
f 2910//3214 2911//3215 2898//3200 
f 2909//3213 2910//3214 2897//3199 
f 2908//3212 2909//3213 2896//3198 
f 2907//3211 2908//3212 2895//3197 
f 2906//3210 2907//3211 2894//3196 
f 2905//3208 2906//3210 2893//3195 
f 2290//3209 2281//3227 2905//3208 
f 2891//3190 2917//3221 2827//3207 
f 2904//3206 2917//3221 2891//3190 
f 2903//3205 2904//3206 2890//3189 
f 2902//3204 2903//3205 2889//3188 
f 2901//3203 2902//3204 2888//3187 
f 2900//3202 2901//3203 2887//3186 
f 2899//3201 2900//3202 2886//3185 
f 2898//3200 2899//3201 2885//3184 
f 2897//3199 2898//3200 2884//3183 
f 2896//3198 2897//3199 2883//3182 
f 2895//3197 2896//3198 2882//3181 
f 2894//3196 2895//3197 2881//3180 
f 2893//3195 2894//3196 2880//3179 
f 2892//3193 2893//3195 2879//3178 
f 2296//3194 2290//3209 2892//3193 
f 2825//3191 2863//3441 2877//3176 
f 2890//3189 2891//3190 2877//3176 
f 2889//3188 2890//3189 2876//3174 
f 2888//3187 2889//3188 2875//3172 
f 2887//3186 2888//3187 2874//3170 
f 2886//3185 2887//3186 2873//3168 
f 2885//3184 2886//3185 2872//3166 
f 2884//3183 2885//3184 2871//3164 
f 2883//3182 2884//3183 2870//3162 
f 2882//3181 2883//3182 2869//3160 
f 2881//3180 2882//3181 2868//3158 
f 2880//3179 2881//3180 2867//3156 
f 2879//3178 2880//3179 2866//3154 
f 2878//3177 2879//3178 2865//3152 
f 2287//3148 2296//3194 2878//3177 
f 2877//3176 2863//3441 2346//3175 
f 2876//3174 2877//3176 2345//3173 
f 2875//3172 2876//3174 2344//3171 
f 2874//3170 2875//3172 2343//3169 
f 2873//3168 2874//3170 2342//3167 
f 2872//3166 2873//3168 2341//3165 
f 2871//3164 2872//3166 2340//3163 
f 2870//3162 2871//3164 2339//3161 
f 2869//3160 2870//3162 2338//3159 
f 2868//3158 2869//3160 2337//3157 
f 2867//3156 2868//3158 2336//3155 
f 2866//3154 2867//3156 2335//3153 
f 2865//3152 2866//3154 2334//3151 
f 2864//3150 2865//3152 2333//3149 
f 2287//3148 2864//3150 2332//3147 
o mesh25
f 2314//3442 3088//3442 3089//3443 
f 3090//3444 2313//3444 2352//3445 
f 2352//3445 3089//3443 3090//3444 
f 2316//3446 3091//3446 3092//3447 
f 3088//3442 2314//3442 2315//3448 
f 3093//3449 2315//3448 2351//3450 
f 2351//3450 3092//3447 3093//3449 
f 2315//3448 3093//3449 3088//3442 
f 3091//3446 2316//3446 2317//3451 
f 2317//3451 3094//3452 3095//3453 
f 2350//3454 3096//3455 3097//3456 
f 3097//3456 2318//3457 2350//3454 
f 3094//3452 2317//3451 2318//3457 
f 2318//3457 3097//3456 3094//3452 
f 2350//3454 2320//3458 3096//3455 
f 3098//3459 3099//3460 2319//3461 
f 3100//3462 3098//3459 2349//3463 
f 2349//3463 2322//3462 3100//3462 
f 2320//3458 2319//3461 3099//3460 
f 3099//3460 3096//3455 2320//3458 
f 3101//3464 3102//3465 2321//3466 
f 2323//3467 3103//3467 3101//3464 
f 2322//3462 2321//3466 3102//3465 
f 3102//3465 3100//3462 2322//3462 
f 3104//3468 2325//3469 2348//3470 
f 3104//3468 2324//3471 2325//3469 
f 3103//3467 2323//3467 2324//3471 
f 2324//3471 3105//3472 3106//3473 
f 2324//3471 3104//3468 3105//3472 
f 2324//3471 3106//3473 3103//3467 
f 2327//3474 2326//3475 3107//3476 
f 3108//3477 3107//3476 2326//3475 
f 2326//3475 2347//3478 3108//3477 
f 3109//3479 3108//3477 2347//3478 
f 2347//3478 2329//3479 3109//3479 
f 3110//3480 3111//3481 2328//3482 
f 2329//3479 2328//3482 3111//3481 
f 3111//3481 3109//3479 2329//3479 
f 2330//3483 3112//3483 3110//3480 
f 3113//3484 3112//3483 2331//3485 
f 3112//3483 2330//3483 2331//3485 
f 2331//3485 2346//3484 3113//3484 
f 2328//3482 2330//3483 3110//3480 
f 3107//3476 3104//3468 2327//3474 
f 2348//3470 2327//3474 3104//3468 
f 2321//3466 2323//3467 3101//3464 
f 2319//3461 2349//3463 3098//3459 
f 2317//3451 3095//3453 3091//3446 
f 3092//3447 2351//3450 2316//3446 
f 3089//3443 2352//3445 2314//3442 
o mesh26
f 3114//3486 2241//3487 2252//3487 
f 3115//3488 3114//3486 3153//3489 
f 3116//3490 3115//3488 3154//3491 
f 3117//3492 3116//3490 3155//3493 
f 3118//3494 3117//3492 3156//3495 
f 3119//3496 3118//3494 3157//3497 
f 3120//3498 3119//3496 3158//3499 
f 3121//3500 3120//3498 3159//3501 
f 3122//3502 3121//3500 3160//3503 
f 3123//3504 3122//3502 3161//3505 
f 3124//3506 3123//3504 3162//3507 
f 3125//3508 3124//3506 3163//3509 
f 3126//3510 3125//3508 3164//3511 
f 3127//3512 3126//3510 3165//3513 
f 3128//3514 3127//3512 3166//3515 
f 3153//3489 2252//3487 2251//3516 
f 3154//3491 3153//3489 3167//3517 
f 3155//3493 3154//3491 3168//3518 
f 3156//3495 3155//3493 3169//3519 
f 3157//3497 3156//3495 3170//3520 
f 3158//3499 3157//3497 3171//3521 
f 3159//3501 3158//3499 3172//3522 
f 3160//3503 3159//3501 3173//3523 
f 3161//3505 3160//3503 3174//3524 
f 3162//3507 3161//3505 3175//3525 
f 3163//3509 3162//3507 3176//3526 
f 3164//3511 3163//3509 3177//3527 
f 3165//3513 3164//3511 3178//3528 
f 3166//3515 3165//3513 3179//3529 
f 3166//3515 3180//3530 3129//3531 
f 3180//3530 3130//3532 3129//3531 
f 3167//3517 2251//3516 2250//3533 
f 3168//3518 3167//3517 3181//3534 
f 3169//3519 3168//3518 3182//3535 
f 3170//3520 3169//3519 3183//3536 
f 3171//3521 3170//3520 3184//3537 
f 3172//3522 3171//3521 3185//3538 
f 3173//3523 3172//3522 3186//3539 
f 3174//3524 3173//3523 3187//3540 
f 3175//3525 3174//3524 3188//3541 
f 3176//3526 3175//3525 3189//3542 
f 3177//3527 3176//3526 3190//3543 
f 3178//3528 3177//3527 3191//3544 
f 3179//3529 3178//3528 3192//3545 
f 3180//3530 3179//3529 3193//3546 
f 3130//3532 3180//3530 3194//3547 
f 3181//3534 2250//3533 2249//3548 
f 3182//3535 3181//3534 3195//3549 
f 3183//3536 3182//3535 3196//3550 
f 3184//3537 3183//3536 3197//3551 
f 3185//3538 3184//3537 3198//3552 
f 3186//3539 3185//3538 3199//3553 
f 3187//3540 3186//3539 3200//3554 
f 3188//3541 3187//3540 3201//3555 
f 3189//3542 3188//3541 3202//3556 
f 3190//3543 3189//3542 3203//3557 
f 3191//3544 3190//3543 3204//3558 
f 3192//3545 3191//3544 3205//3559 
f 3193//3546 3192//3545 3206//3560 
f 3194//3547 3193//3546 3207//3561 
f 3194//3547 3208//3562 3131//3563 
f 3208//3562 3132//3564 3131//3563 
f 3195//3549 2249//3548 2256//3565 
f 3196//3550 3195//3549 3209//3566 
f 3197//3551 3196//3550 3210//3567 
f 3198//3552 3197//3551 3211//3568 
f 3199//3553 3198//3552 3212//3569 
f 3200//3554 3199//3553 3213//3570 
f 3201//3555 3200//3554 3214//3571 
f 3202//3556 3201//3555 3215//3572 
f 3203//3557 3202//3556 3216//3573 
f 3204//3558 3203//3557 3217//3574 
f 3205//3559 3204//3558 3218//3575 
f 3206//3560 3205//3559 3219//3576 
f 3207//3561 3206//3560 3220//3577 
f 3208//3562 3207//3561 3221//3578 
f 3132//3564 3208//3562 3222//3579 
f 3209//3566 2256//3565 2271//3580 
f 3210//3567 3209//3566 3223//3581 
f 3211//3568 3210//3567 3224//3582 
f 3212//3569 3211//3568 3225//3583 
f 3213//3570 3212//3569 3226//3584 
f 3214//3571 3213//3570 3227//3585 
f 3215//3572 3214//3571 3228//3586 
f 3216//3573 3215//3572 3229//3587 
f 3217//3574 3216//3573 3230//3588 
f 3218//3575 3217//3574 3231//3589 
f 3219//3576 3218//3575 3232//3590 
f 3220//3577 3219//3576 3233//3591 
f 3221//3578 3220//3577 3234//3592 
f 3222//3579 3221//3578 3235//3593 
f 3222//3579 3236//3594 3133//3595 
f 3236//3594 3134//3596 3133//3595 
f 3223//3581 2271//3580 2270//3597 
f 3224//3582 3223//3581 3237//3598 
f 3225//3583 3224//3582 3238//3599 
f 3226//3584 3225//3583 3239//3600 
f 3227//3585 3226//3584 3240//3601 
f 3228//3586 3227//3585 3241//3602 
f 3229//3587 3228//3586 3242//3603 
f 3230//3588 3229//3587 3243//3604 
f 3231//3589 3230//3588 3244//3605 
f 3232//3590 3231//3589 3245//3606 
f 3233//3591 3232//3590 3246//3607 
f 3234//3592 3233//3591 3247//3608 
f 3235//3593 3234//3592 3248//3609 
f 3236//3594 3235//3593 3249//3610 
f 3134//3596 3236//3594 3250//3611 
f 3237//3598 2270//3597 2280//3612 
f 3238//3599 3237//3598 3251//3613 
f 3239//3600 3238//3599 3252//3614 
f 3240//3601 3239//3600 3253//3615 
f 3241//3602 3240//3601 3254//3616 
f 3242//3603 3241//3602 3255//3617 
f 3243//3604 3242//3603 3256//3618 
f 3244//3605 3243//3604 3257//3619 
f 3245//3606 3244//3605 3258//3620 
f 3246//3607 3245//3606 3259//3621 
f 3247//3608 3246//3607 3260//3622 
f 3248//3609 3247//3608 3261//3623 
f 3249//3610 3248//3609 3262//3624 
f 3250//3611 3249//3610 3263//3625 
f 3250//3611 3264//3626 3135//3627 
f 3264//3626 3136//3628 3135//3627 
f 3251//3613 2280//3612 2286//3629 
f 3252//3614 3251//3613 3265//3630 
f 3253//3615 3252//3614 3266//3631 
f 3254//3616 3253//3615 3267//3632 
f 3255//3617 3254//3616 3268//3633 
f 3256//3618 3255//3617 3269//3634 
f 3257//3619 3256//3618 3270//3635 
f 3258//3620 3257//3619 3271//3636 
f 3259//3621 3258//3620 3272//3637 
f 3260//3622 3259//3621 3273//3638 
f 3261//3623 3260//3622 3274//3639 
f 3262//3624 3261//3623 3275//3640 
f 3263//3625 3262//3624 3276//3641 
f 3264//3626 3263//3625 3277//3642 
f 3136//3628 3264//3626 3278//3643 
f 3265//3630 2286//3629 2279//3644 
f 3266//3631 3265//3630 3279//3645 
f 3267//3632 3266//3631 3280//3646 
f 3268//3633 3267//3632 3281//3647 
f 3269//3634 3268//3633 3282//3648 
f 3270//3635 3269//3634 3283//3649 
f 3271//3636 3270//3635 3284//3650 
f 3272//3637 3271//3636 3285//3651 
f 3273//3638 3272//3637 3286//3652 
f 3274//3639 3273//3638 3287//3653 
f 3275//3640 3274//3639 3288//3654 
f 3276//3641 3275//3640 3289//3655 
f 3277//3642 3276//3641 3290//3656 
f 3278//3643 3277//3642 3291//3657 
f 3278//3643 3292//3658 3137//3659 
f 3292//3658 3138//3660 3137//3659 
f 3279//3645 2279//3644 2269//3661 
f 3280//3646 3279//3645 3293//3662 
f 3281//3647 3280//3646 3294//3663 
f 3282//3648 3281//3647 3295//3664 
f 3283//3649 3282//3648 3296//3665 
f 3284//3650 3283//3649 3297//3666 
f 3285//3651 3284//3650 3298//3667 
f 3286//3652 3285//3651 3299//3668 
f 3287//3653 3286//3652 3300//3669 
f 3288//3654 3287//3653 3301//3670 
f 3289//3655 3288//3654 3302//3671 
f 3290//3656 3289//3655 3303//3672 
f 3291//3657 3290//3656 3304//3673 
f 3292//3658 3291//3657 3305//3674 
f 3138//3660 3292//3658 3306//3675 
f 3293//3662 2269//3661 2268//3676 
f 3294//3663 3293//3662 3307//3677 
f 3295//3664 3294//3663 3308//3678 
f 3296//3665 3295//3664 3309//3679 
f 3297//3666 3296//3665 3310//3680 
f 3298//3667 3297//3666 3311//3681 
f 3299//3668 3298//3667 3312//3682 
f 3300//3669 3299//3668 3313//3683 
f 3301//3670 3300//3669 3314//3684 
f 3302//3671 3301//3670 3315//3685 
f 3303//3672 3302//3671 3316//3686 
f 3304//3673 3303//3672 3317//3687 
f 3305//3674 3304//3673 3318//3688 
f 3306//3675 3305//3674 3319//3689 
f 3139//3690 3306//3675 3320//3691 
f 3307//3677 2268//3676 2278//3692 
f 3308//3678 3307//3677 3321//3693 
f 3309//3679 3308//3678 3322//3694 
f 3310//3680 3309//3679 3323//3695 
f 3311//3681 3310//3680 3324//3696 
f 3312//3682 3311//3681 3325//3697 
f 3313//3683 3312//3682 3326//3698 
f 3314//3684 3313//3683 3327//3699 
f 3315//3685 3314//3684 3328//3700 
f 3316//3686 3315//3685 3329//3701 
f 3317//3687 3316//3686 3330//3702 
f 3318//3688 3317//3687 3331//3703 
f 3319//3689 3318//3688 3332//3704 
f 3320//3691 3319//3689 3333//3705 
f 3334//3706 3140//3707 3141//3708 
f 3141//3708 3320//3691 3334//3706 
f 3321//3693 2278//3692 2297//3709 
f 3322//3694 3321//3693 3335//3710 
f 3323//3695 3322//3694 3336//3711 
f 3324//3696 3323//3695 3337//3712 
f 3325//3697 3324//3696 3338//3713 
f 3326//3698 3325//3697 3339//3714 
f 3327//3699 3326//3698 3340//3715 
f 3328//3700 3327//3699 3341//3716 
f 3329//3701 3328//3700 3342//3717 
f 3330//3702 3329//3701 3343//3718 
f 3331//3703 3330//3702 3344//3719 
f 3332//3704 3331//3703 3345//3720 
f 3333//3705 3332//3704 3346//3721 
f 3334//3706 3333//3705 3347//3722 
f 3140//3707 3334//3706 3348//3723 
f 3335//3710 2297//3709 2295//3724 
f 3336//3711 3335//3710 3349//3725 
f 3337//3712 3336//3711 3350//3726 
f 3338//3713 3337//3712 3351//3727 
f 3339//3714 3338//3713 3352//3728 
f 3340//3715 3339//3714 3353//3729 
f 3341//3716 3340//3715 3354//3730 
f 3342//3717 3341//3716 3355//3731 
f 3343//3718 3342//3717 3356//3732 
f 3344//3719 3343//3718 3357//3733 
f 3345//3720 3344//3719 3358//3734 
f 3346//3721 3345//3720 3359//3735 
f 3347//3722 3346//3721 3360//3736 
f 3348//3723 3347//3722 3361//3737 
f 3362//3738 3142//3739 3143//3740 
f 3143//3740 3348//3723 3362//3738 
f 3363//3741 3349//3725 2295//3724 
f 3350//3726 3349//3725 3363//3741 
f 3351//3727 3350//3726 3364//3742 
f 3352//3728 3351//3727 3365//3743 
f 3353//3729 3352//3728 3366//3744 
f 3354//3730 3353//3729 3367//3745 
f 3355//3731 3354//3730 3368//3746 
f 3356//3732 3355//3731 3369//3747 
f 3357//3733 3356//3732 3370//3748 
f 3358//3734 3357//3733 3371//3749 
f 3359//3735 3358//3734 3372//3750 
f 3360//3736 3359//3735 3373//3751 
f 3361//3737 3360//3736 3374//3752 
f 3362//3738 3361//3737 3375//3753 
f 3144//3754 3142//3739 3362//3738 
f 2577//3755 3363//3741 2294//3756 
f 2578//3757 3364//3742 3363//3741 
f 2579//3758 3365//3743 3364//3742 
f 2580//3759 3366//3744 3365//3743 
f 2581//3760 3367//3745 3366//3744 
f 2582//3761 3368//3746 3367//3745 
f 2583//3762 3369//3747 3368//3746 
f 2584//3763 3370//3748 3369//3747 
f 2585//3764 3371//3749 3370//3748 
f 2586//3765 3372//3750 3371//3749 
f 2587//3766 3373//3751 3372//3750 
f 2588//3767 3374//3752 3373//3751 
f 2589//3768 3375//3753 3374//3752 
f 2590//3769 3376//3770 3375//3753 
f 2590//3769 2591//3771 3145//3772 
f 3145//3772 3376//3770 2590//3769 
f 3145//3772 3144//3754 3376//3770 
f 3375//3753 2589//3768 2590//3769 
f 3374//3752 2588//3767 2589//3768 
f 3373//3751 2587//3766 2588//3767 
f 3372//3750 2586//3765 2587//3766 
f 3371//3749 2585//3764 2586//3765 
f 3370//3748 2584//3763 2585//3764 
f 3369//3747 2583//3762 2584//3763 
f 3368//3746 2582//3761 2583//3762 
f 3367//3745 2581//3760 2582//3761 
f 3366//3744 2580//3759 2581//3760 
f 3365//3743 2579//3758 2580//3759 
f 3364//3742 2578//3757 2579//3758 
f 3363//3741 2577//3755 2578//3757 
f 2294//3756 2285//3773 2577//3755 
f 3362//3738 3376//3770 3144//3754 
f 3375//3753 3376//3770 3362//3738 
f 3374//3752 3375//3753 3361//3737 
f 3373//3751 3374//3752 3360//3736 
f 3372//3750 3373//3751 3359//3735 
f 3371//3749 3372//3750 3358//3734 
f 3370//3748 3371//3749 3357//3733 
f 3369//3747 3370//3748 3356//3732 
f 3368//3746 3369//3747 3355//3731 
f 3367//3745 3368//3746 3354//3730 
f 3366//3744 3367//3745 3353//3729 
f 3365//3743 3366//3744 3352//3728 
f 3364//3742 3365//3743 3351//3727 
f 3363//3741 3364//3742 3350//3726 
f 2295//3724 2294//3756 3363//3741 
f 3143//3740 3146//3774 3348//3723 
f 3361//3737 3362//3738 3348//3723 
f 3360//3736 3361//3737 3347//3722 
f 3359//3735 3360//3736 3346//3721 
f 3358//3734 3359//3735 3345//3720 
f 3357//3733 3358//3734 3344//3719 
f 3356//3732 3357//3733 3343//3718 
f 3355//3731 3356//3732 3342//3717 
f 3354//3730 3355//3731 3341//3716 
f 3353//3729 3354//3730 3340//3715 
f 3352//3728 3353//3729 3339//3714 
f 3351//3727 3352//3728 3338//3713 
f 3350//3726 3351//3727 3337//3712 
f 3349//3725 3350//3726 3336//3711 
f 2295//3724 3349//3725 3335//3710 
f 3348//3723 3146//3774 3140//3707 
f 3347//3722 3348//3723 3334//3706 
f 3346//3721 3347//3722 3333//3705 
f 3345//3720 3346//3721 3332//3704 
f 3344//3719 3345//3720 3331//3703 
f 3343//3718 3344//3719 3330//3702 
f 3342//3717 3343//3718 3329//3701 
f 3341//3716 3342//3717 3328//3700 
f 3340//3715 3341//3716 3327//3699 
f 3339//3714 3340//3715 3326//3698 
f 3338//3713 3339//3714 3325//3697 
f 3337//3712 3338//3713 3324//3696 
f 3336//3711 3337//3712 3323//3695 
f 3335//3710 3336//3711 3322//3694 
f 2297//3709 3335//3710 3321//3693 
f 3141//3708 3147//3775 3320//3691 
f 3333//3705 3334//3706 3320//3691 
f 3332//3704 3333//3705 3319//3689 
f 3331//3703 3332//3704 3318//3688 
f 3330//3702 3331//3703 3317//3687 
f 3329//3701 3330//3702 3316//3686 
f 3328//3700 3329//3701 3315//3685 
f 3327//3699 3328//3700 3314//3684 
f 3326//3698 3327//3699 3313//3683 
f 3325//3697 3326//3698 3312//3682 
f 3324//3696 3325//3697 3311//3681 
f 3323//3695 3324//3696 3310//3680 
f 3322//3694 3323//3695 3309//3679 
f 3321//3693 3322//3694 3308//3678 
f 2278//3692 3321//3693 3307//3677 
f 3320//3691 3147//3775 3139//3690 
f 3319//3689 3320//3691 3306//3675 
f 3318//3688 3319//3689 3305//3674 
f 3317//3687 3318//3688 3304//3673 
f 3316//3686 3317//3687 3303//3672 
f 3315//3685 3316//3686 3302//3671 
f 3314//3684 3315//3685 3301//3670 
f 3313//3683 3314//3684 3300//3669 
f 3312//3682 3313//3683 3299//3668 
f 3311//3681 3312//3682 3298//3667 
f 3310//3680 3311//3681 3297//3666 
f 3309//3679 3310//3680 3296//3665 
f 3308//3678 3309//3679 3295//3664 
f 3307//3677 3308//3678 3294//3663 
f 2268//3676 3307//3677 3293//3662 
f 3306//3675 3139//3690 3138//3660 
f 3305//3674 3306//3675 3292//3658 
f 3304//3673 3305//3674 3291//3657 
f 3303//3672 3304//3673 3290//3656 
f 3302//3671 3303//3672 3289//3655 
f 3301//3670 3302//3671 3288//3654 
f 3300//3669 3301//3670 3287//3653 
f 3299//3668 3300//3669 3286//3652 
f 3298//3667 3299//3668 3285//3651 
f 3297//3666 3298//3667 3284//3650 
f 3296//3665 3297//3666 3283//3649 
f 3295//3664 3296//3665 3282//3648 
f 3294//3663 3295//3664 3281//3647 
f 3293//3662 3294//3663 3280//3646 
f 2269//3661 3293//3662 3279//3645 
f 3137//3659 3148//3776 3278//3643 
f 3291//3657 3292//3658 3278//3643 
f 3290//3656 3291//3657 3277//3642 
f 3289//3655 3290//3656 3276//3641 
f 3288//3654 3289//3655 3275//3640 
f 3287//3653 3288//3654 3274//3639 
f 3286//3652 3287//3653 3273//3638 
f 3285//3651 3286//3652 3272//3637 
f 3284//3650 3285//3651 3271//3636 
f 3283//3649 3284//3650 3270//3635 
f 3282//3648 3283//3649 3269//3634 
f 3281//3647 3282//3648 3268//3633 
f 3280//3646 3281//3647 3267//3632 
f 3279//3645 3280//3646 3266//3631 
f 2279//3644 3279//3645 3265//3630 
f 3278//3643 3148//3776 3136//3628 
f 3277//3642 3278//3643 3264//3626 
f 3276//3641 3277//3642 3263//3625 
f 3275//3640 3276//3641 3262//3624 
f 3274//3639 3275//3640 3261//3623 
f 3273//3638 3274//3639 3260//3622 
f 3272//3637 3273//3638 3259//3621 
f 3271//3636 3272//3637 3258//3620 
f 3270//3635 3271//3636 3257//3619 
f 3269//3634 3270//3635 3256//3618 
f 3268//3633 3269//3634 3255//3617 
f 3267//3632 3268//3633 3254//3616 
f 3266//3631 3267//3632 3253//3615 
f 3265//3630 3266//3631 3252//3614 
f 2286//3629 3265//3630 3251//3613 
f 3135//3627 3149//3777 3250//3611 
f 3263//3625 3264//3626 3250//3611 
f 3262//3624 3263//3625 3249//3610 
f 3261//3623 3262//3624 3248//3609 
f 3260//3622 3261//3623 3247//3608 
f 3259//3621 3260//3622 3246//3607 
f 3258//3620 3259//3621 3245//3606 
f 3257//3619 3258//3620 3244//3605 
f 3256//3618 3257//3619 3243//3604 
f 3255//3617 3256//3618 3242//3603 
f 3254//3616 3255//3617 3241//3602 
f 3253//3615 3254//3616 3240//3601 
f 3252//3614 3253//3615 3239//3600 
f 3251//3613 3252//3614 3238//3599 
f 2280//3612 3251//3613 3237//3598 
f 3250//3611 3149//3777 3134//3596 
f 3249//3610 3250//3611 3236//3594 
f 3248//3609 3249//3610 3235//3593 
f 3247//3608 3248//3609 3234//3592 
f 3246//3607 3247//3608 3233//3591 
f 3245//3606 3246//3607 3232//3590 
f 3244//3605 3245//3606 3231//3589 
f 3243//3604 3244//3605 3230//3588 
f 3242//3603 3243//3604 3229//3587 
f 3241//3602 3242//3603 3228//3586 
f 3240//3601 3241//3602 3227//3585 
f 3239//3600 3240//3601 3226//3584 
f 3238//3599 3239//3600 3225//3583 
f 3237//3598 3238//3599 3224//3582 
f 2270//3597 3237//3598 3223//3581 
f 3133//3595 3150//3778 3222//3579 
f 3235//3593 3236//3594 3222//3579 
f 3234//3592 3235//3593 3221//3578 
f 3233//3591 3234//3592 3220//3577 
f 3232//3590 3233//3591 3219//3576 
f 3231//3589 3232//3590 3218//3575 
f 3230//3588 3231//3589 3217//3574 
f 3229//3587 3230//3588 3216//3573 
f 3228//3586 3229//3587 3215//3572 
f 3227//3585 3228//3586 3214//3571 
f 3226//3584 3227//3585 3213//3570 
f 3225//3583 3226//3584 3212//3569 
f 3224//3582 3225//3583 3211//3568 
f 3223//3581 3224//3582 3210//3567 
f 2271//3580 3223//3581 3209//3566 
f 3222//3579 3150//3778 3132//3564 
f 3221//3578 3222//3579 3208//3562 
f 3220//3577 3221//3578 3207//3561 
f 3219//3576 3220//3577 3206//3560 
f 3218//3575 3219//3576 3205//3559 
f 3217//3574 3218//3575 3204//3558 
f 3216//3573 3217//3574 3203//3557 
f 3215//3572 3216//3573 3202//3556 
f 3214//3571 3215//3572 3201//3555 
f 3213//3570 3214//3571 3200//3554 
f 3212//3569 3213//3570 3199//3553 
f 3211//3568 3212//3569 3198//3552 
f 3210//3567 3211//3568 3197//3551 
f 3209//3566 3210//3567 3196//3550 
f 2256//3565 3209//3566 3195//3549 
f 3131//3563 3151//3779 3194//3547 
f 3207//3561 3208//3562 3194//3547 
f 3206//3560 3207//3561 3193//3546 
f 3205//3559 3206//3560 3192//3545 
f 3204//3558 3205//3559 3191//3544 
f 3203//3557 3204//3558 3190//3543 
f 3202//3556 3203//3557 3189//3542 
f 3201//3555 3202//3556 3188//3541 
f 3200//3554 3201//3555 3187//3540 
f 3199//3553 3200//3554 3186//3539 
f 3198//3552 3199//3553 3185//3538 
f 3197//3551 3198//3552 3184//3537 
f 3196//3550 3197//3551 3183//3536 
f 3195//3549 3196//3550 3182//3535 
f 2249//3548 3195//3549 3181//3534 
f 3194//3547 3151//3779 3130//3532 
f 3193//3546 3194//3547 3180//3530 
f 3192//3545 3193//3546 3179//3529 
f 3191//3544 3192//3545 3178//3528 
f 3190//3543 3191//3544 3177//3527 
f 3189//3542 3190//3543 3176//3526 
f 3188//3541 3189//3542 3175//3525 
f 3187//3540 3188//3541 3174//3524 
f 3186//3539 3187//3540 3173//3523 
f 3185//3538 3186//3539 3172//3522 
f 3184//3537 3185//3538 3171//3521 
f 3183//3536 3184//3537 3170//3520 
f 3182//3535 3183//3536 3169//3519 
f 3181//3534 3182//3535 3168//3518 
f 2250//3533 3181//3534 3167//3517 
f 3129//3531 3152//3780 3166//3515 
f 3179//3529 3180//3530 3166//3515 
f 3178//3528 3179//3529 3165//3513 
f 3177//3527 3178//3528 3164//3511 
f 3176//3526 3177//3527 3163//3509 
f 3175//3525 3176//3526 3162//3507 
f 3174//3524 3175//3525 3161//3505 
f 3173//3523 3174//3524 3160//3503 
f 3172//3522 3173//3523 3159//3501 
f 3171//3521 3172//3522 3158//3499 
f 3170//3520 3171//3521 3157//3497 
f 3169//3519 3170//3520 3156//3495 
f 3168//3518 3169//3519 3155//3493 
f 3167//3517 3168//3518 3154//3491 
f 2251//3516 3167//3517 3153//3489 
f 3166//3515 3152//3780 3128//3514 
f 3165//3513 3166//3515 3127//3512 
f 3164//3511 3165//3513 3126//3510 
f 3163//3509 3164//3511 3125//3508 
f 3162//3507 3163//3509 3124//3506 
f 3161//3505 3162//3507 3123//3504 
f 3160//3503 3161//3505 3122//3502 
f 3159//3501 3160//3503 3121//3500 
f 3158//3499 3159//3501 3120//3498 
f 3157//3497 3158//3499 3119//3496 
f 3156//3495 3157//3497 3118//3494 
f 3155//3493 3156//3495 3117//3492 
f 3154//3491 3155//3493 3116//3490 
f 3153//3489 3154//3491 3115//3488 
f 2252//3487 3153//3489 3114//3486 
o mesh27
f 2591//3781 2614//3782 3377//3783 
f 3378//3784 3377//3783 2614//3782 
f 2592//3785 3379//3785 3378//3784 
f 2614//3782 2592//3785 3378//3784 
f 2593//3786 2594//3787 3380//3788 
f 3381//3789 3380//3788 2594//3787 
f 2595//3790 3382//3790 3381//3789 
f 2594//3787 2595//3790 3381//3789 
f 3379//3785 2592//3785 2593//3786 
f 2596//3791 2597//3792 3383//3793 
f 2597//3792 3384//3794 3383//3793 
f 3382//3790 2595//3790 2596//3791 
f 3384//3794 2597//3792 2598//3795 
f 2598//3795 3385//3796 3384//3794 
f 2598//3795 2600//3796 3385//3796 
f 2599//3797 2601//3798 3386//3799 
f 3387//3800 2600//3796 2599//3797 
f 3386//3799 3387//3800 2599//3797 
f 2601//3798 3388//3801 3386//3799 
f 2604//3802 3389//3802 3390//3803 
f 3388//3801 2601//3798 2602//3804 
f 2603//3805 3390//3803 3391//3806 
f 3391//3806 2602//3804 2603//3805 
f 2602//3804 3391//3806 3388//3801 
f 2608//3807 3392//3807 3393//3808 
f 2606//3809 3393//3808 3394//3810 
f 3394//3810 2605//3811 2606//3809 
f 3389//3802 2604//3802 2605//3811 
f 2605//3811 3394//3810 3389//3802 
f 3395//3812 3396//3813 2609//3814 
f 3396//3813 3397//3815 2607//3816 
f 2607//3816 2609//3814 3396//3813 
f 2608//3807 2607//3816 3397//3815 
f 3397//3815 3392//3807 2608//3807 
f 2611//3817 2610//3818 3398//3819 
f 3399//3820 3398//3819 2610//3818 
f 2612//3821 3400//3821 3399//3820 
f 2610//3818 2612//3821 3399//3820 
f 3090//3822 3400//3821 2613//3823 
f 3400//3821 2612//3821 2613//3823 
f 2613//3823 2313//3822 3090//3822 
f 3398//3819 3395//3812 2611//3817 
f 2609//3814 2611//3817 3395//3812 
f 3393//3808 2606//3809 2608//3807 
f 3390//3803 2603//3805 2604//3802 
f 3387//3800 3385//3796 2600//3796 
f 3383//3793 3382//3790 2596//3791 
f 3380//3788 3379//3785 2593//3786 
f 3377//3783 3401//3824 2591//3781 
o mesh28
f 2848//3825 2230//3826 2298//3826 
f 2849//3827 2848//3825 3402//3828 
f 2850//3829 2849//3827 3403//3830 
f 2851//3831 2850//3829 3404//3832 
f 2852//3833 2851//3831 3405//3834 
f 2853//3835 2852//3833 3406//3836 
f 2854//3837 2853//3835 3407//3838 
f 2855//3839 2854//3837 3408//3840 
f 2856//3841 2855//3839 3409//3842 
f 2857//3843 2856//3841 3410//3844 
f 3410//3844 3411//3845 2857//3843 
f 2858//3846 2857//3843 3412//3847 
f 3412//3847 3413//3848 2858//3846 
f 2859//3849 2858//3846 3414//3850 
f 3414//3850 3415//3851 2859//3849 
f 2860//3852 2859//3849 3416//3853 
f 3416//3853 3417//3854 2860//3852 
f 2861//3855 2860//3852 3418//3856 
f 3418//3856 3419//3857 2861//3855 
f 2862//3858 2861//3855 3420//3859 
f 3420//3859 3421//3860 2862//3858 
f 3421//3860 3422//3861 2862//3858 
f 3419//3857 3420//3859 2861//3855 
f 3417//3854 3418//3856 2860//3852 
f 3415//3851 3416//3853 2859//3849 
f 3413//3848 3414//3850 2858//3846 
f 3411//3845 3412//3847 2857//3843 
f 3409//3842 3410//3844 2856//3841 
f 3408//3840 3409//3842 2855//3839 
f 3407//3838 3408//3840 2854//3837 
f 3406//3836 3407//3838 2853//3835 
f 3405//3834 3406//3836 2852//3833 
f 3404//3832 3405//3834 2851//3831 
f 3403//3830 3404//3832 2850//3829 
f 3402//3828 3403//3830 2849//3827 
f 2298//3826 3402//3828 2848//3825 
o mesh29
f 2863//3862 3423//3863 3424//3864 
f 3424//3864 2346//3865 2863//3862 
f 3424//3864 3113//3865 2346//3865 
f 2825//3866 3425//3866 3423//3863 
f 2828//3867 3426//3867 3427//3868 
f 3425//3866 2825//3866 2826//3869 
f 2827//3870 3427//3868 3428//3871 
f 3428//3871 2826//3869 2827//3870 
f 2826//3869 3428//3871 3425//3866 
f 3426//3867 2828//3867 2829//3872 
f 2831//3873 3429//3873 3430//3874 
f 2830//3875 3430//3874 3431//3876 
f 3431//3876 2829//3872 2830//3875 
f 3430//3874 2830//3875 2831//3873 
f 2833//3877 3432//3878 3433//3879 
f 3433//3879 2832//3880 2833//3877 
f 3433//3879 3429//3873 2832//3880 
f 3429//3873 2831//3873 2832//3880 
f 2835//3881 3434//3881 3432//3878 
f 2838//3882 3435//3882 3436//3883 
f 2836//3884 3436//3883 3437//3885 
f 3434//3881 2835//3881 2834//3886 
f 2834//3886 3437//3885 3434//3881 
f 3437//3885 2834//3886 2836//3884 
f 2839//3887 3438//3887 3439//3888 
f 3439//3888 2837//3889 2839//3887 
f 3435//3882 2838//3882 2837//3889 
f 2837//3889 3440//3890 3435//3882 
f 3441//3891 3442//3892 2842//3893 
f 3442//3892 2841//3894 2842//3893 
f 2840//3895 2841//3894 3443//3896 
f 2841//3894 3442//3892 3443//3896 
f 3443//3896 3438//3887 2840//3895 
f 3438//3887 2839//3887 2840//3895 
f 2843//3897 2845//3898 3444//3899 
f 2845//3898 3445//3900 3444//3899 
f 3444//3899 3446//3901 2843//3897 
f 3446//3901 2844//3902 2843//3897 
f 2845//3898 2847//3903 3445//3900 
f 3447//3904 2847//3903 2846//3905 
f 2846//3905 3448//3906 3447//3904 
f 2846//3905 2862//3906 3448//3906 
f 3447//3904 3445//3900 2847//3903 
f 3446//3901 3441//3891 2844//3902 
f 2842//3893 2844//3902 3441//3891 
f 3439//3888 3440//3890 2837//3889 
f 3436//3883 2836//3884 2838//3882 
f 2833//3877 2835//3881 3432//3878 
f 2829//3872 3431//3876 3426//3867 
f 3427//3868 2827//3870 2828//3867 
f 2863//3862 2825//3866 3423//3863 
o mesh30
f 3449//3907 3450//3908 3451//3908 
f 3452//3909 3449//3907 3495//3910 
f 3453//3911 3452//3909 3496//3912 
f 3454//3913 3453//3911 3497//3914 
f 3455//3915 3454//3913 3498//3916 
f 3456//3917 3455//3915 3499//3918 
f 3457//3919 3456//3917 3500//3920 
f 3458//3921 3457//3919 3501//3922 
f 3459//3923 3458//3921 3502//3924 
f 3460//3925 3459//3923 3503//3926 
f 3461//3927 3460//3925 3504//3928 
f 3462//3929 3461//3927 3505//3930 
f 3463//3931 3462//3929 3506//3932 
f 3464//3933 3463//3931 3507//3934 
f 3464//3933 3508//3935 3112//3936 
f 3508//3935 3110//3937 3112//3936 
f 3509//3938 3495//3910 3451//3908 
f 3496//3912 3495//3910 3509//3938 
f 3497//3914 3496//3912 3510//3939 
f 3498//3916 3497//3914 3511//3940 
f 3499//3918 3498//3916 3512//3941 
f 3500//3920 3499//3918 3513//3942 
f 3501//3922 3500//3920 3514//3943 
f 3502//3924 3501//3922 3515//3944 
f 3503//3926 3502//3924 3516//3945 
f 3504//3928 3503//3926 3517//3946 
f 3505//3930 3504//3928 3518//3947 
f 3506//3932 3505//3930 3519//3948 
f 3507//3934 3506//3932 3520//3949 
f 3508//3935 3507//3934 3521//3950 
f 3111//3951 3110//3937 3508//3935 
f 3522//3952 3509//3938 3465//3953 
f 3510//3939 3509//3938 3522//3952 
f 3511//3940 3510//3939 3523//3954 
f 3512//3941 3511//3940 3524//3955 
f 3513//3942 3512//3941 3525//3956 
f 3514//3943 3513//3942 3526//3957 
f 3515//3944 3514//3943 3527//3958 
f 3516//3945 3515//3944 3528//3959 
f 3517//3946 3516//3945 3529//3960 
f 3518//3947 3517//3946 3530//3961 
f 3519//3948 3518//3947 3531//3962 
f 3520//3949 3519//3948 3532//3963 
f 3521//3950 3520//3949 3533//3964 
f 3534//3965 3521//3950 3535//3966 
f 3534//3965 3536//3967 3109//3968 
f 3536//3967 3108//3969 3109//3968 
f 3537//3970 3522//3952 3466//3971 
f 3523//3954 3522//3952 3537//3970 
f 3524//3955 3523//3954 3538//3972 
f 3525//3956 3524//3955 3539//3973 
f 3526//3957 3525//3956 3540//3974 
f 3527//3958 3526//3957 3541//3975 
f 3528//3959 3527//3958 3542//3976 
f 3529//3960 3528//3959 3543//3977 
f 3530//3961 3529//3960 3544//3978 
f 3531//3962 3530//3961 3545//3979 
f 3532//3963 3531//3962 3546//3980 
f 3533//3964 3532//3963 3547//3981 
f 3535//3966 3533//3964 3548//3982 
f 3536//3967 3535//3966 3549//3983 
f 3107//3984 3108//3969 3536//3967 
f 3550//3985 3537//3970 3467//3986 
f 3538//3972 3537//3970 3550//3985 
f 3539//3973 3538//3972 3551//3987 
f 3540//3974 3539//3973 3552//3988 
f 3541//3975 3540//3974 3553//3989 
f 3542//3976 3541//3975 3554//3990 
f 3543//3977 3542//3976 3555//3991 
f 3544//3978 3543//3977 3556//3992 
f 3545//3979 3544//3978 3557//3993 
f 3546//3980 3545//3979 3558//3994 
f 3547//3981 3546//3980 3559//3995 
f 3548//3982 3547//3981 3560//3996 
f 3549//3983 3548//3982 3561//3997 
f 3562//3998 3549//3983 3563//3999 
f 3562//3998 3564//4000 3104//4001 
f 3564//4000 3105//4002 3104//4001 
f 3565//4003 3550//3985 3468//4004 
f 3551//3987 3550//3985 3565//4003 
f 3552//3988 3551//3987 3566//4005 
f 3553//3989 3552//3988 3567//4006 
f 3554//3990 3553//3989 3568//4007 
f 3555//3991 3554//3990 3569//4008 
f 3556//3992 3555//3991 3570//4009 
f 3557//3993 3556//3992 3571//4010 
f 3558//3994 3557//3993 3572//4011 
f 3559//3995 3558//3994 3573//4012 
f 3560//3996 3559//3995 3574//4013 
f 3561//3997 3560//3996 3575//4014 
f 3563//3999 3561//3997 3576//4015 
f 3564//4000 3563//3999 3577//4016 
f 3106//4017 3105//4002 3564//4000 
f 3578//4018 3565//4003 3469//4019 
f 3566//4005 3565//4003 3578//4018 
f 3567//4006 3566//4005 3579//4020 
f 3568//4007 3567//4006 3580//4021 
f 3569//4008 3568//4007 3581//4022 
f 3570//4009 3569//4008 3582//4023 
f 3571//4010 3570//4009 3583//4024 
f 3572//4011 3571//4010 3584//4025 
f 3573//4012 3572//4011 3585//4026 
f 3574//4013 3573//4012 3586//4027 
f 3575//4014 3574//4013 3587//4028 
f 3576//4015 3575//4014 3588//4029 
f 3577//4016 3576//4015 3589//4030 
f 3590//4031 3577//4016 3591//4032 
f 3590//4031 3592//4033 3103//4034 
f 3592//4033 3101//4035 3103//4034 
f 3593//4036 3578//4018 3470//4037 
f 3579//4020 3578//4018 3593//4036 
f 3580//4021 3579//4020 3594//4038 
f 3581//4022 3580//4021 3595//4039 
f 3582//4023 3581//4022 3596//4040 
f 3583//4024 3582//4023 3597//4041 
f 3584//4025 3583//4024 3598//4042 
f 3585//4026 3584//4025 3599//4043 
f 3586//4027 3585//4026 3600//4044 
f 3587//4028 3586//4027 3601//4045 
f 3588//4029 3587//4028 3602//4046 
f 3589//4030 3588//4029 3603//4047 
f 3591//4032 3589//4030 3604//4048 
f 3592//4033 3591//4032 3605//4049 
f 3102//4050 3101//4035 3592//4033 
f 3606//4051 3593//4036 3471//4052 
f 3594//4038 3593//4036 3606//4051 
f 3595//4039 3594//4038 3607//4053 
f 3596//4040 3595//4039 3608//4054 
f 3597//4041 3596//4040 3609//4055 
f 3598//4042 3597//4041 3610//4056 
f 3599//4043 3598//4042 3611//4057 
f 3600//4044 3599//4043 3612//4058 
f 3601//4045 3600//4044 3613//4059 
f 3602//4046 3601//4045 3614//4060 
f 3603//4047 3602//4046 3615//4061 
f 3604//4048 3603//4047 3616//4062 
f 3605//4049 3604//4048 3617//4063 
f 3618//4064 3605//4049 3619//4065 
f 3618//4064 3620//4066 3100//4067 
f 3620//4066 3098//4068 3100//4067 
f 3621//4069 3606//4051 3472//4070 
f 3607//4053 3606//4051 3621//4069 
f 3608//4054 3607//4053 3622//4071 
f 3609//4055 3608//4054 3623//4072 
f 3610//4056 3609//4055 3624//4073 
f 3611//4057 3610//4056 3625//4074 
f 3612//4058 3611//4057 3626//4075 
f 3613//4059 3612//4058 3627//4076 
f 3614//4060 3613//4059 3628//4077 
f 3615//4061 3614//4060 3629//4078 
f 3616//4062 3615//4061 3630//4079 
f 3617//4063 3616//4062 3631//4080 
f 3619//4065 3617//4063 3632//4081 
f 3620//4066 3619//4065 3633//4082 
f 3099//4083 3098//4068 3620//4066 
f 3634//4084 3621//4069 3473//4085 
f 3622//4071 3621//4069 3634//4084 
f 3623//4072 3622//4071 3635//4086 
f 3624//4073 3623//4072 3636//4087 
f 3625//4074 3624//4073 3637//4088 
f 3626//4075 3625//4074 3638//4089 
f 3627//4076 3626//4075 3639//4090 
f 3628//4077 3627//4076 3640//4091 
f 3629//4078 3628//4077 3641//4092 
f 3630//4079 3629//4078 3642//4093 
f 3631//4080 3630//4079 3643//4094 
f 3632//4081 3631//4080 3644//4095 
f 3633//4082 3632//4081 3645//4096 
f 3646//4097 3633//4082 3647//4098 
f 3646//4097 3648//4099 3096//4100 
f 3648//4099 3097//4101 3096//4100 
f 3649//4102 3634//4084 3474//4103 
f 3635//4086 3634//4084 3649//4102 
f 3636//4087 3635//4086 3650//4104 
f 3637//4088 3636//4087 3651//4105 
f 3638//4089 3637//4088 3652//4106 
f 3639//4090 3638//4089 3653//4107 
f 3640//4091 3639//4090 3654//4108 
f 3641//4092 3640//4091 3655//4109 
f 3642//4093 3641//4092 3656//4110 
f 3643//4094 3642//4093 3657//4111 
f 3644//4095 3643//4094 3658//4112 
f 3645//4096 3644//4095 3659//4113 
f 3647//4098 3645//4096 3660//4114 
f 3648//4099 3647//4098 3661//4115 
f 3094//4116 3097//4101 3648//4099 
f 3662//4117 3649//4102 3475//4118 
f 3650//4104 3649//4102 3662//4117 
f 3651//4105 3650//4104 3663//4119 
f 3652//4106 3651//4105 3664//4120 
f 3653//4107 3652//4106 3665//4121 
f 3654//4108 3653//4107 3666//4122 
f 3655//4109 3654//4108 3667//4123 
f 3656//4110 3655//4109 3668//4124 
f 3657//4111 3656//4110 3669//4125 
f 3658//4112 3657//4111 3670//4126 
f 3659//4113 3658//4112 3671//4127 
f 3660//4114 3659//4113 3672//4128 
f 3661//4115 3660//4114 3673//4129 
f 3674//4130 3661//4115 3675//4131 
f 3095//4132 3094//4116 3674//4130 
f 3676//4133 3662//4117 3476//4134 
f 3663//4119 3662//4117 3676//4133 
f 3664//4120 3663//4119 3677//4135 
f 3665//4121 3664//4120 3678//4136 
f 3666//4122 3665//4121 3679//4137 
f 3667//4123 3666//4122 3680//4138 
f 3668//4124 3667//4123 3681//4139 
f 3669//4125 3668//4124 3682//4140 
f 3670//4126 3669//4125 3683//4141 
f 3671//4127 3670//4126 3684//4142 
f 3672//4128 3671//4127 3685//4143 
f 3673//4129 3672//4128 3686//4144 
f 3675//4131 3673//4129 3687//4145 
f 3688//4146 3675//4131 3689//4147 
f 3690//4148 3092//4149 3091//4150 
f 3091//4150 3688//4146 3690//4148 
f 3691//4151 3676//4133 3477//4152 
f 3677//4135 3676//4133 3691//4151 
f 3678//4136 3677//4135 3692//4153 
f 3679//4137 3678//4136 3693//4154 
f 3680//4138 3679//4137 3694//4155 
f 3681//4139 3680//4138 3695//4156 
f 3682//4140 3681//4139 3696//4157 
f 3683//4141 3682//4140 3697//4158 
f 3684//4142 3683//4141 3698//4159 
f 3685//4143 3684//4142 3699//4160 
f 3686//4144 3685//4143 3700//4161 
f 3687//4145 3686//4144 3701//4162 
f 3689//4147 3687//4145 3702//4163 
f 3690//4148 3689//4147 3703//4164 
f 3093//4165 3092//4149 3690//4148 
f 3704//4166 3691//4151 3478//4167 
f 3692//4153 3691//4151 3704//4166 
f 3693//4154 3692//4153 3705//4168 
f 3694//4155 3693//4154 3706//4169 
f 3695//4156 3694//4155 3707//4170 
f 3696//4157 3695//4156 3708//4171 
f 3697//4158 3696//4157 3709//4172 
f 3698//4159 3697//4158 3710//4173 
f 3699//4160 3698//4159 3711//4174 
f 3700//4161 3699//4160 3712//4175 
f 3701//4162 3700//4161 3713//4176 
f 3702//4163 3701//4162 3714//4177 
f 3703//4164 3702//4163 3715//4178 
f 3716//4179 3703//4164 3717//4180 
f 3718//4181 3089//4182 3088//4183 
f 3088//4183 3716//4179 3718//4181 
f 3479//4184 3704//4166 3480//4185 
f 3481//4186 3705//4168 3704//4166 
f 3482//4187 3706//4169 3705//4168 
f 3483//4188 3707//4170 3706//4169 
f 3484//4189 3708//4171 3707//4170 
f 3485//4190 3709//4172 3708//4171 
f 3486//4191 3710//4173 3709//4172 
f 3487//4192 3711//4174 3710//4173 
f 3488//4193 3712//4175 3711//4174 
f 3489//4194 3713//4176 3712//4175 
f 3490//4195 3714//4177 3713//4176 
f 3491//4196 3715//4178 3714//4177 
f 3492//4197 3717//4180 3715//4178 
f 3493//4198 3718//4181 3717//4180 
f 3090//4199 3089//4182 3718//4181 
f 3718//4181 3493//4198 3090//4199 
f 3717//4180 3492//4197 3493//4198 
f 3715//4178 3491//4196 3492//4197 
f 3714//4177 3490//4195 3491//4196 
f 3713//4176 3489//4194 3490//4195 
f 3712//4175 3488//4193 3489//4194 
f 3711//4174 3487//4192 3488//4193 
f 3710//4173 3486//4191 3487//4192 
f 3709//4172 3485//4190 3486//4191 
f 3708//4171 3484//4189 3485//4190 
f 3707//4170 3483//4188 3484//4189 
f 3706//4169 3482//4187 3483//4188 
f 3705//4168 3481//4186 3482//4187 
f 3704//4166 3479//4184 3481//4186 
f 3480//4185 3494//4200 3479//4184 
f 3088//4183 3093//4165 3716//4179 
f 3717//4180 3718//4181 3716//4179 
f 3715//4178 3717//4180 3703//4164 
f 3714//4177 3715//4178 3702//4163 
f 3713//4176 3714//4177 3701//4162 
f 3712//4175 3713//4176 3700//4161 
f 3711//4174 3712//4175 3699//4160 
f 3710//4173 3711//4174 3698//4159 
f 3709//4172 3710//4173 3697//4158 
f 3708//4171 3709//4172 3696//4157 
f 3707//4170 3708//4171 3695//4156 
f 3706//4169 3707//4170 3694//4155 
f 3705//4168 3706//4169 3693//4154 
f 3704//4166 3705//4168 3692//4153 
f 3478//4167 3480//4185 3704//4166 
f 3690//4148 3716//4179 3093//4165 
f 3703//4164 3716//4179 3690//4148 
f 3702//4163 3703//4164 3689//4147 
f 3701//4162 3702//4163 3687//4145 
f 3700//4161 3701//4162 3686//4144 
f 3699//4160 3700//4161 3685//4143 
f 3698//4159 3699//4160 3684//4142 
f 3697//4158 3698//4159 3683//4141 
f 3696//4157 3697//4158 3682//4140 
f 3695//4156 3696//4157 3681//4139 
f 3694//4155 3695//4156 3680//4138 
f 3693//4154 3694//4155 3679//4137 
f 3692//4153 3693//4154 3678//4136 
f 3691//4151 3692//4153 3677//4135 
f 3477//4152 3478//4167 3691//4151 
f 3091//4150 3095//4132 3688//4146 
f 3689//4147 3690//4148 3688//4146 
f 3687//4145 3689//4147 3675//4131 
f 3686//4144 3687//4145 3673//4129 
f 3685//4143 3686//4144 3672//4128 
f 3684//4142 3685//4143 3671//4127 
f 3683//4141 3684//4142 3670//4126 
f 3682//4140 3683//4141 3669//4125 
f 3681//4139 3682//4140 3668//4124 
f 3680//4138 3681//4139 3667//4123 
f 3679//4137 3680//4138 3666//4122 
f 3678//4136 3679//4137 3665//4121 
f 3677//4135 3678//4136 3664//4120 
f 3676//4133 3677//4135 3663//4119 
f 3476//4134 3477//4152 3676//4133 
f 3674//4130 3688//4146 3095//4132 
f 3675//4131 3688//4146 3674//4130 
f 3673//4129 3675//4131 3661//4115 
f 3672//4128 3673//4129 3660//4114 
f 3671//4127 3672//4128 3659//4113 
f 3670//4126 3671//4127 3658//4112 
f 3669//4125 3670//4126 3657//4111 
f 3668//4124 3669//4125 3656//4110 
f 3667//4123 3668//4124 3655//4109 
f 3666//4122 3667//4123 3654//4108 
f 3665//4121 3666//4122 3653//4107 
f 3664//4120 3665//4121 3652//4106 
f 3663//4119 3664//4120 3651//4105 
f 3662//4117 3663//4119 3650//4104 
f 3475//4118 3476//4134 3662//4117 
f 3648//4099 3674//4130 3094//4116 
f 3661//4115 3674//4130 3648//4099 
f 3660//4114 3661//4115 3647//4098 
f 3659//4113 3660//4114 3645//4096 
f 3658//4112 3659//4113 3644//4095 
f 3657//4111 3658//4112 3643//4094 
f 3656//4110 3657//4111 3642//4093 
f 3655//4109 3656//4110 3641//4092 
f 3654//4108 3655//4109 3640//4091 
f 3653//4107 3654//4108 3639//4090 
f 3652//4106 3653//4107 3638//4089 
f 3651//4105 3652//4106 3637//4088 
f 3650//4104 3651//4105 3636//4087 
f 3649//4102 3650//4104 3635//4086 
f 3474//4103 3475//4118 3649//4102 
f 3096//4100 3099//4083 3646//4097 
f 3647//4098 3648//4099 3646//4097 
f 3645//4096 3647//4098 3633//4082 
f 3644//4095 3645//4096 3632//4081 
f 3643//4094 3644//4095 3631//4080 
f 3642//4093 3643//4094 3630//4079 
f 3641//4092 3642//4093 3629//4078 
f 3640//4091 3641//4092 3628//4077 
f 3639//4090 3640//4091 3627//4076 
f 3638//4089 3639//4090 3626//4075 
f 3637//4088 3638//4089 3625//4074 
f 3636//4087 3637//4088 3624//4073 
f 3635//4086 3636//4087 3623//4072 
f 3634//4084 3635//4086 3622//4071 
f 3473//4085 3474//4103 3634//4084 
f 3620//4066 3646//4097 3099//4083 
f 3633//4082 3646//4097 3620//4066 
f 3632//4081 3633//4082 3619//4065 
f 3631//4080 3632//4081 3617//4063 
f 3630//4079 3631//4080 3616//4062 
f 3629//4078 3630//4079 3615//4061 
f 3628//4077 3629//4078 3614//4060 
f 3627//4076 3628//4077 3613//4059 
f 3626//4075 3627//4076 3612//4058 
f 3625//4074 3626//4075 3611//4057 
f 3624//4073 3625//4074 3610//4056 
f 3623//4072 3624//4073 3609//4055 
f 3622//4071 3623//4072 3608//4054 
f 3621//4069 3622//4071 3607//4053 
f 3472//4070 3473//4085 3621//4069 
f 3100//4067 3102//4050 3618//4064 
f 3619//4065 3620//4066 3618//4064 
f 3617//4063 3619//4065 3605//4049 
f 3616//4062 3617//4063 3604//4048 
f 3615//4061 3616//4062 3603//4047 
f 3614//4060 3615//4061 3602//4046 
f 3613//4059 3614//4060 3601//4045 
f 3612//4058 3613//4059 3600//4044 
f 3611//4057 3612//4058 3599//4043 
f 3610//4056 3611//4057 3598//4042 
f 3609//4055 3610//4056 3597//4041 
f 3608//4054 3609//4055 3596//4040 
f 3607//4053 3608//4054 3595//4039 
f 3606//4051 3607//4053 3594//4038 
f 3471//4052 3472//4070 3606//4051 
f 3592//4033 3618//4064 3102//4050 
f 3605//4049 3618//4064 3592//4033 
f 3604//4048 3605//4049 3591//4032 
f 3603//4047 3604//4048 3589//4030 
f 3602//4046 3603//4047 3588//4029 
f 3601//4045 3602//4046 3587//4028 
f 3600//4044 3601//4045 3586//4027 
f 3599//4043 3600//4044 3585//4026 
f 3598//4042 3599//4043 3584//4025 
f 3597//4041 3598//4042 3583//4024 
f 3596//4040 3597//4041 3582//4023 
f 3595//4039 3596//4040 3581//4022 
f 3594//4038 3595//4039 3580//4021 
f 3593//4036 3594//4038 3579//4020 
f 3470//4037 3471//4052 3593//4036 
f 3103//4034 3106//4017 3590//4031 
f 3591//4032 3592//4033 3590//4031 
f 3589//4030 3591//4032 3577//4016 
f 3588//4029 3589//4030 3576//4015 
f 3587//4028 3588//4029 3575//4014 
f 3586//4027 3587//4028 3574//4013 
f 3585//4026 3586//4027 3573//4012 
f 3584//4025 3585//4026 3572//4011 
f 3583//4024 3584//4025 3571//4010 
f 3582//4023 3583//4024 3570//4009 
f 3581//4022 3582//4023 3569//4008 
f 3580//4021 3581//4022 3568//4007 
f 3579//4020 3580//4021 3567//4006 
f 3578//4018 3579//4020 3566//4005 
f 3469//4019 3470//4037 3578//4018 
f 3564//4000 3590//4031 3106//4017 
f 3577//4016 3590//4031 3564//4000 
f 3576//4015 3577//4016 3563//3999 
f 3575//4014 3576//4015 3561//3997 
f 3574//4013 3575//4014 3560//3996 
f 3573//4012 3574//4013 3559//3995 
f 3572//4011 3573//4012 3558//3994 
f 3571//4010 3572//4011 3557//3993 
f 3570//4009 3571//4010 3556//3992 
f 3569//4008 3570//4009 3555//3991 
f 3568//4007 3569//4008 3554//3990 
f 3567//4006 3568//4007 3553//3989 
f 3566//4005 3567//4006 3552//3988 
f 3565//4003 3566//4005 3551//3987 
f 3468//4004 3469//4019 3565//4003 
f 3104//4001 3107//3984 3562//3998 
f 3563//3999 3564//4000 3562//3998 
f 3561//3997 3563//3999 3549//3983 
f 3560//3996 3561//3997 3548//3982 
f 3559//3995 3560//3996 3547//3981 
f 3558//3994 3559//3995 3546//3980 
f 3557//3993 3558//3994 3545//3979 
f 3556//3992 3557//3993 3544//3978 
f 3555//3991 3556//3992 3543//3977 
f 3554//3990 3555//3991 3542//3976 
f 3553//3989 3554//3990 3541//3975 
f 3552//3988 3553//3989 3540//3974 
f 3551//3987 3552//3988 3539//3973 
f 3550//3985 3551//3987 3538//3972 
f 3467//3986 3468//4004 3550//3985 
f 3536//3967 3562//3998 3107//3984 
f 3549//3983 3562//3998 3536//3967 
f 3548//3982 3549//3983 3535//3966 
f 3547//3981 3548//3982 3533//3964 
f 3546//3980 3547//3981 3532//3963 
f 3545//3979 3546//3980 3531//3962 
f 3544//3978 3545//3979 3530//3961 
f 3543//3977 3544//3978 3529//3960 
f 3542//3976 3543//3977 3528//3959 
f 3541//3975 3542//3976 3527//3958 
f 3540//3974 3541//3975 3526//3957 
f 3539//3973 3540//3974 3525//3956 
f 3538//3972 3539//3973 3524//3955 
f 3537//3970 3538//3972 3523//3954 
f 3466//3971 3467//3986 3537//3970 
f 3109//3968 3111//3951 3534//3965 
f 3535//3966 3536//3967 3534//3965 
f 3533//3964 3535//3966 3521//3950 
f 3532//3963 3533//3964 3520//3949 
f 3531//3962 3532//3963 3519//3948 
f 3530//3961 3531//3962 3518//3947 
f 3529//3960 3530//3961 3517//3946 
f 3528//3959 3529//3960 3516//3945 
f 3527//3958 3528//3959 3515//3944 
f 3526//3957 3527//3958 3514//3943 
f 3525//3956 3526//3957 3513//3942 
f 3524//3955 3525//3956 3512//3941 
f 3523//3954 3524//3955 3511//3940 
f 3522//3952 3523//3954 3510//3939 
f 3465//3953 3466//3971 3522//3952 
f 3508//3935 3534//3965 3111//3951 
f 3521//3950 3534//3965 3508//3935 
f 3520//3949 3521//3950 3507//3934 
f 3519//3948 3520//3949 3506//3932 
f 3518//3947 3519//3948 3505//3930 
f 3517//3946 3518//3947 3504//3928 
f 3516//3945 3517//3946 3503//3926 
f 3515//3944 3516//3945 3502//3924 
f 3514//3943 3515//3944 3501//3922 
f 3513//3942 3514//3943 3500//3920 
f 3512//3941 3513//3942 3499//3918 
f 3511//3940 3512//3941 3498//3916 
f 3510//3939 3511//3940 3497//3914 
f 3509//3938 3510//3939 3496//3912 
f 3451//3908 3465//3953 3509//3938 
f 3112//3936 3113//4201 3464//3933 
f 3507//3934 3508//3935 3464//3933 
f 3506//3932 3507//3934 3463//3931 
f 3505//3930 3506//3932 3462//3929 
f 3504//3928 3505//3930 3461//3927 
f 3503//3926 3504//3928 3460//3925 
f 3502//3924 3503//3926 3459//3923 
f 3501//3922 3502//3924 3458//3921 
f 3500//3920 3501//3922 3457//3919 
f 3499//3918 3500//3920 3456//3917 
f 3498//3916 3499//3918 3455//3915 
f 3497//3914 3498//3916 3454//3913 
f 3496//3912 3497//3914 3453//3911 
f 3495//3910 3496//3912 3452//3909 
f 3451//3908 3495//3910 3449//3907 
o mesh31
f 3128//4202 3719//4203 3720//4204 
f 3128//4202 3721//4205 3719//4203 
f 3127//4204 3722//4206 3723//4207 
f 3127//4204 3720//4204 3722//4206 
f 3126//4207 3724//4208 3725//4209 
f 3126//4207 3723//4207 3724//4208 
f 3125//4209 3726//4210 3727//4211 
f 3125//4209 3725//4209 3726//4210 
f 3124//4211 3728//4212 3729//4213 
f 3124//4211 3727//4211 3728//4212 
f 3123//4213 3730//4214 3731//4215 
f 3123//4213 3729//4213 3730//4214 
f 3122//4215 3731//4215 3732//4216 
f 3121//4216 3732//4216 3733//4217 
f 3120//4217 3733//4217 3734//4218 
f 3119//4218 3734//4218 3735//4219 
f 3118//4219 3735//4219 3736//4220 
f 3117//4220 3736//4220 3737//4221 
f 3116//4221 3737//4221 3738//4222 
f 3115//4222 3738//4222 3739//4223 
f 3114//4223 3739//4223 2242//4224 
f 2242//4224 2241//4224 3114//4223 
f 3739//4223 3114//4223 3115//4222 
f 3738//4222 3115//4222 3116//4221 
f 3737//4221 3116//4221 3117//4220 
f 3736//4220 3117//4220 3118//4219 
f 3735//4219 3118//4219 3119//4218 
f 3734//4218 3119//4218 3120//4217 
f 3733//4217 3120//4217 3121//4216 
f 3732//4216 3121//4216 3122//4215 
f 3731//4215 3122//4215 3123//4213 
f 3729//4213 3123//4213 3124//4211 
f 3727//4211 3124//4211 3125//4209 
f 3725//4209 3125//4209 3126//4207 
f 3723//4207 3126//4207 3127//4204 
f 3720//4204 3127//4204 3128//4202 
o mesh32
f 3128//4225 3152//4226 3740//4227 
f 3741//4228 3740//4227 3152//4226 
f 3152//4226 3129//4229 3741//4228 
f 3129//4229 3742//4229 3741//4228 
f 3743//4230 3130//4231 3151//4232 
f 3742//4229 3129//4229 3130//4231 
f 3130//4231 3743//4230 3744//4233 
f 3130//4231 3744//4233 3742//4229 
f 3133//4234 3745//4234 3746//4235 
f 3131//4236 3132//4237 3747//4238 
f 3747//4238 3132//4237 3150//4239 
f 3150//4239 3746//4235 3747//4238 
f 3747//4238 3743//4230 3131//4236 
f 3745//4234 3133//4234 3134//4240 
f 3748//4241 3134//4240 3149//4242 
f 3135//4243 3749//4243 3750//4244 
f 3750//4244 3149//4242 3135//4243 
f 3149//4242 3750//4244 3748//4241 
f 3137//4245 3751//4245 3752//4246 
f 3753//4247 3136//4248 3148//4249 
f 3148//4249 3752//4246 3753//4247 
f 3753//4247 3749//4243 3136//4248 
f 3749//4243 3135//4243 3136//4248 
f 3754//4250 3139//4251 3147//4252 
f 3147//4252 3755//4253 3754//4250 
f 3138//4254 3139//4251 3756//4255 
f 3139//4251 3754//4250 3756//4255 
f 3756//4255 3751//4245 3138//4254 
f 3751//4245 3137//4245 3138//4254 
f 3757//4256 3758//4257 3140//4258 
f 3146//4259 3759//4260 3757//4256 
f 3140//4258 3146//4259 3757//4256 
f 3141//4261 3140//4258 3758//4257 
f 3758//4257 3755//4253 3141//4261 
f 3760//4262 3761//4263 3142//4264 
f 3144//4265 3762//4266 3760//4262 
f 3142//4264 3144//4265 3760//4262 
f 3143//4267 3142//4264 3761//4263 
f 3761//4263 3759//4260 3143//4267 
f 2591//4268 3401//4268 3762//4266 
f 3762//4266 3145//4269 2591//4268 
f 3144//4265 3145//4269 3762//4266 
f 3146//4259 3143//4267 3759//4260 
f 3147//4252 3141//4261 3755//4253 
f 3752//4246 3148//4249 3137//4245 
f 3134//4240 3748//4241 3745//4234 
f 3746//4235 3150//4239 3133//4234 
f 3151//4232 3131//4236 3743//4230 
f 3740//4227 3763//4270 3128//4225 
o mesh33
f 3479//4271 3494//4272 3764//4272 
f 3481//4273 3479//4271 3795//4274 
f 3482//4275 3481//4273 3796//4276 
f 3483//4277 3482//4275 3797//4278 
f 3484//4279 3483//4277 3798//4280 
f 3485//4281 3484//4279 3799//4282 
f 3486//4283 3485//4281 3800//4284 
f 3487//4285 3486//4283 3801//4286 
f 3488//4287 3487//4285 3802//4288 
f 3489//4289 3488//4287 3803//4290 
f 3490//4291 3489//4289 3804//4292 
f 3491//4293 3490//4291 3805//4294 
f 3492//4295 3491//4293 3806//4296 
f 3493//4297 3492//4295 3807//4298 
f 3493//4297 3808//4299 3400//4300 
f 3808//4299 3399//4301 3400//4300 
f 3795//4274 3764//4272 3765//4302 
f 3796//4276 3795//4274 3809//4303 
f 3797//4278 3796//4276 3810//4304 
f 3798//4280 3797//4278 3811//4305 
f 3799//4282 3798//4280 3812//4306 
f 3800//4284 3799//4282 3813//4307 
f 3801//4286 3800//4284 3814//4308 
f 3802//4288 3801//4286 3815//4309 
f 3803//4290 3802//4288 3816//4310 
f 3804//4292 3803//4290 3817//4311 
f 3805//4294 3804//4292 3818//4312 
f 3806//4296 3805//4294 3819//4313 
f 3807//4298 3806//4296 3820//4314 
f 3808//4299 3807//4298 3821//4315 
f 3399//4301 3808//4299 3822//4316 
f 3809//4303 3765//4302 3766//4317 
f 3810//4304 3809//4303 3823//4318 
f 3811//4305 3810//4304 3824//4319 
f 3812//4306 3811//4305 3825//4320 
f 3813//4307 3812//4306 3826//4321 
f 3814//4308 3813//4307 3827//4322 
f 3815//4309 3814//4308 3828//4323 
f 3816//4310 3815//4309 3829//4324 
f 3817//4311 3816//4310 3830//4325 
f 3818//4312 3817//4311 3831//4326 
f 3819//4313 3818//4312 3832//4327 
f 3820//4314 3819//4313 3833//4328 
f 3821//4315 3820//4314 3834//4329 
f 3822//4316 3821//4315 3835//4330 
f 3822//4316 3836//4331 3395//4332 
f 3836//4331 3396//4333 3395//4332 
f 3823//4318 3766//4317 3767//4334 
f 3824//4319 3823//4318 3837//4335 
f 3825//4320 3824//4319 3838//4336 
f 3826//4321 3825//4320 3839//4337 
f 3827//4322 3826//4321 3840//4338 
f 3828//4323 3827//4322 3841//4339 
f 3829//4324 3828//4323 3842//4340 
f 3830//4325 3829//4324 3843//4341 
f 3831//4326 3830//4325 3844//4342 
f 3832//4327 3831//4326 3845//4343 
f 3833//4328 3832//4327 3846//4344 
f 3834//4329 3833//4328 3847//4345 
f 3835//4330 3834//4329 3848//4346 
f 3836//4331 3835//4330 3849//4347 
f 3396//4333 3836//4331 3850//4348 
f 3837//4335 3767//4334 3768//4349 
f 3838//4336 3837//4335 3851//4350 
f 3839//4337 3838//4336 3852//4351 
f 3840//4338 3839//4337 3853//4352 
f 3841//4339 3840//4338 3854//4353 
f 3842//4340 3841//4339 3855//4354 
f 3843//4341 3842//4340 3856//4355 
f 3844//4342 3843//4341 3857//4356 
f 3845//4343 3844//4342 3858//4357 
f 3846//4344 3845//4343 3859//4358 
f 3847//4345 3846//4344 3860//4359 
f 3848//4346 3847//4345 3861//4360 
f 3849//4347 3848//4346 3862//4361 
f 3850//4348 3849//4347 3863//4362 
f 3850//4348 3864//4363 3392//4364 
f 3864//4363 3393//4365 3392//4364 
f 3851//4350 3768//4349 3769//4366 
f 3852//4351 3851//4350 3865//4367 
f 3853//4352 3852//4351 3866//4368 
f 3854//4353 3853//4352 3867//4369 
f 3855//4354 3854//4353 3868//4370 
f 3856//4355 3855//4354 3869//4371 
f 3857//4356 3856//4355 3870//4372 
f 3858//4357 3857//4356 3871//4373 
f 3859//4358 3858//4357 3872//4374 
f 3860//4359 3859//4358 3873//4375 
f 3861//4360 3860//4359 3874//4376 
f 3862//4361 3861//4360 3875//4377 
f 3863//4362 3862//4361 3876//4378 
f 3864//4363 3863//4362 3877//4379 
f 3393//4365 3864//4363 3878//4380 
f 3865//4367 3769//4366 3770//4381 
f 3866//4368 3865//4367 3879//4382 
f 3867//4369 3866//4368 3880//4383 
f 3868//4370 3867//4369 3881//4384 
f 3869//4371 3868//4370 3882//4385 
f 3870//4372 3869//4371 3883//4386 
f 3871//4373 3870//4372 3884//4387 
f 3872//4374 3871//4373 3885//4388 
f 3873//4375 3872//4374 3886//4389 
f 3874//4376 3873//4375 3887//4390 
f 3875//4377 3874//4376 3888//4391 
f 3876//4378 3875//4377 3889//4392 
f 3877//4379 3876//4378 3890//4393 
f 3878//4380 3877//4379 3891//4394 
f 3878//4380 3892//4395 3389//4396 
f 3892//4395 3390//4397 3389//4396 
f 3879//4382 3770//4381 3771//4398 
f 3880//4383 3879//4382 3893//4399 
f 3881//4384 3880//4383 3894//4400 
f 3882//4385 3881//4384 3895//4401 
f 3883//4386 3882//4385 3896//4402 
f 3884//4387 3883//4386 3897//4403 
f 3885//4388 3884//4387 3898//4404 
f 3886//4389 3885//4388 3899//4405 
f 3887//4390 3886//4389 3900//4406 
f 3888//4391 3887//4390 3901//4407 
f 3889//4392 3888//4391 3902//4408 
f 3890//4393 3889//4392 3903//4409 
f 3891//4394 3890//4393 3904//4410 
f 3892//4395 3891//4394 3905//4411 
f 3390//4397 3892//4395 3906//4412 
f 3893//4399 3771//4398 3772//4413 
f 3894//4400 3893//4399 3907//4414 
f 3895//4401 3894//4400 3908//4415 
f 3896//4402 3895//4401 3909//4416 
f 3897//4403 3896//4402 3910//4417 
f 3898//4404 3897//4403 3911//4418 
f 3899//4405 3898//4404 3912//4419 
f 3900//4406 3899//4405 3913//4420 
f 3901//4407 3900//4406 3914//4421 
f 3902//4408 3901//4407 3915//4422 
f 3903//4409 3902//4408 3916//4423 
f 3904//4410 3903//4409 3917//4424 
f 3905//4411 3904//4410 3918//4425 
f 3906//4412 3905//4411 3919//4426 
f 3906//4412 3920//4427 3388//4428 
f 3920//4427 3386//4429 3388//4428 
f 3907//4414 3772//4413 3773//4430 
f 3908//4415 3907//4414 3921//4431 
f 3909//4416 3908//4415 3922//4432 
f 3910//4417 3909//4416 3923//4433 
f 3911//4418 3910//4417 3924//4434 
f 3912//4419 3911//4418 3925//4435 
f 3913//4420 3912//4419 3926//4436 
f 3914//4421 3913//4420 3927//4437 
f 3915//4422 3914//4421 3928//4438 
f 3916//4423 3915//4422 3929//4439 
f 3917//4424 3916//4423 3930//4440 
f 3918//4425 3917//4424 3931//4441 
f 3919//4426 3918//4425 3932//4442 
f 3920//4427 3919//4426 3933//4443 
f 3386//4429 3920//4427 3934//4444 
f 3921//4431 3773//4430 3774//4445 
f 3922//4432 3921//4431 3935//4446 
f 3923//4433 3922//4432 3936//4447 
f 3924//4434 3923//4433 3937//4448 
f 3925//4435 3924//4434 3938//4449 
f 3926//4436 3925//4435 3939//4450 
f 3927//4437 3926//4436 3940//4451 
f 3928//4438 3927//4437 3941//4452 
f 3929//4439 3928//4438 3942//4453 
f 3930//4440 3929//4439 3943//4454 
f 3931//4441 3930//4440 3944//4455 
f 3932//4442 3931//4441 3945//4456 
f 3933//4443 3932//4442 3946//4457 
f 3934//4444 3933//4443 3947//4458 
f 3948//4459 3384//4460 3385//4461 
f 3385//4461 3934//4444 3948//4459 
f 3935//4446 3774//4445 3775//4462 
f 3936//4447 3935//4446 3949//4463 
f 3937//4448 3936//4447 3950//4464 
f 3938//4449 3937//4448 3951//4465 
f 3939//4450 3938//4449 3952//4466 
f 3940//4451 3939//4450 3953//4467 
f 3941//4452 3940//4451 3954//4468 
f 3942//4453 3941//4452 3955//4469 
f 3943//4454 3942//4453 3956//4470 
f 3944//4455 3943//4454 3957//4471 
f 3945//4456 3944//4455 3958//4472 
f 3946//4457 3945//4456 3959//4473 
f 3947//4458 3946//4457 3960//4474 
f 3948//4459 3947//4458 3961//4475 
f 3384//4460 3948//4459 3962//4476 
f 3949//4463 3775//4462 3776//4477 
f 3950//4464 3949//4463 3963//4478 
f 3951//4465 3950//4464 3964//4479 
f 3952//4466 3951//4465 3965//4480 
f 3953//4467 3952//4466 3966//4481 
f 3954//4468 3953//4467 3967//4482 
f 3955//4469 3954//4468 3968//4483 
f 3956//4470 3955//4469 3969//4484 
f 3957//4471 3956//4470 3970//4485 
f 3958//4472 3957//4471 3971//4486 
f 3959//4473 3958//4472 3972//4487 
f 3960//4474 3959//4473 3973//4488 
f 3961//4475 3960//4474 3974//4489 
f 3962//4476 3961//4475 3975//4490 
f 3962//4476 3976//4491 3382//4492 
f 3976//4491 3381//4493 3382//4492 
f 3963//4478 3776//4477 3777//4494 
f 3964//4479 3963//4478 3977//4495 
f 3965//4480 3964//4479 3978//4496 
f 3966//4481 3965//4480 3979//4497 
f 3967//4482 3966//4481 3980//4498 
f 3968//4483 3967//4482 3981//4499 
f 3969//4484 3968//4483 3982//4500 
f 3970//4485 3969//4484 3983//4501 
f 3971//4486 3970//4485 3984//4502 
f 3972//4487 3971//4486 3985//4503 
f 3973//4488 3972//4487 3986//4504 
f 3974//4489 3973//4488 3987//4505 
f 3975//4490 3974//4489 3988//4506 
f 3976//4491 3975//4490 3989//4507 
f 3381//4493 3976//4491 3990//4508 
f 3977//4495 3777//4494 3778//4509 
f 3978//4496 3977//4495 3991//4510 
f 3979//4497 3978//4496 3992//4511 
f 3980//4498 3979//4497 3993//4512 
f 3981//4499 3980//4498 3994//4513 
f 3982//4500 3981//4499 3995//4514 
f 3983//4501 3982//4500 3996//4515 
f 3984//4502 3983//4501 3997//4516 
f 3985//4503 3984//4502 3998//4517 
f 3986//4504 3985//4503 3999//4518 
f 3987//4505 3986//4504 4000//4519 
f 3988//4506 3987//4505 4001//4520 
f 3989//4507 3988//4506 4002//4521 
f 3990//4508 3989//4507 4003//4522 
f 3990//4508 4004//4523 3379//4524 
f 4004//4523 3378//4525 3379//4524 
f 4005//4526 3991//4510 3778//4509 
f 3992//4511 3991//4510 4005//4526 
f 3993//4512 3992//4511 4006//4527 
f 3994//4513 3993//4512 4007//4528 
f 3995//4514 3994//4513 4008//4529 
f 3996//4515 3995//4514 4009//4530 
f 3997//4516 3996//4515 4010//4531 
f 3998//4517 3997//4516 4011//4532 
f 3999//4518 3998//4517 4012//4533 
f 4000//4519 3999//4518 4013//4534 
f 4001//4520 4000//4519 4014//4535 
f 4002//4521 4001//4520 4015//4536 
f 4003//4522 4002//4521 4016//4537 
f 4004//4523 4003//4522 4017//4538 
f 3377//4539 3378//4525 4004//4523 
f 3779//4540 4005//4526 3780//4541 
f 3781//4542 4006//4527 4005//4526 
f 3782//4543 4007//4528 4006//4527 
f 3783//4544 4008//4529 4007//4528 
f 3784//4545 4009//4530 4008//4529 
f 3785//4546 4010//4531 4009//4530 
f 3786//4547 4011//4532 4010//4531 
f 3787//4548 4012//4533 4011//4532 
f 3788//4549 4013//4534 4012//4533 
f 3789//4550 4014//4535 4013//4534 
f 3790//4551 4015//4536 4014//4535 
f 3791//4552 4016//4537 4015//4536 
f 3792//4553 4017//4538 4016//4537 
f 3793//4554 4018//4555 4017//4538 
f 3401//4556 3377//4539 4018//4555 
f 4018//4555 3793//4554 3401//4556 
f 4017//4538 3792//4553 3793//4554 
f 4016//4537 3791//4552 3792//4553 
f 4015//4536 3790//4551 3791//4552 
f 4014//4535 3789//4550 3790//4551 
f 4013//4534 3788//4549 3789//4550 
f 4012//4533 3787//4548 3788//4549 
f 4011//4532 3786//4547 3787//4548 
f 4010//4531 3785//4546 3786//4547 
f 4009//4530 3784//4545 3785//4546 
f 4008//4529 3783//4544 3784//4545 
f 4007//4528 3782//4543 3783//4544 
f 4006//4527 3781//4542 3782//4543 
f 4005//4526 3779//4540 3781//4542 
f 3780//4541 3794//4557 3779//4540 
f 4004//4523 4018//4555 3377//4539 
f 4017//4538 4018//4555 4004//4523 
f 4016//4537 4017//4538 4003//4522 
f 4015//4536 4016//4537 4002//4521 
f 4014//4535 4015//4536 4001//4520 
f 4013//4534 4014//4535 4000//4519 
f 4012//4533 4013//4534 3999//4518 
f 4011//4532 4012//4533 3998//4517 
f 4010//4531 4011//4532 3997//4516 
f 4009//4530 4010//4531 3996//4515 
f 4008//4529 4009//4530 3995//4514 
f 4007//4528 4008//4529 3994//4513 
f 4006//4527 4007//4528 3993//4512 
f 4005//4526 4006//4527 3992//4511 
f 3778//4509 3780//4541 4005//4526 
f 3379//4524 3380//4558 3990//4508 
f 4003//4522 4004//4523 3990//4508 
f 4002//4521 4003//4522 3989//4507 
f 4001//4520 4002//4521 3988//4506 
f 4000//4519 4001//4520 3987//4505 
f 3999//4518 4000//4519 3986//4504 
f 3998//4517 3999//4518 3985//4503 
f 3997//4516 3998//4517 3984//4502 
f 3996//4515 3997//4516 3983//4501 
f 3995//4514 3996//4515 3982//4500 
f 3994//4513 3995//4514 3981//4499 
f 3993//4512 3994//4513 3980//4498 
f 3992//4511 3993//4512 3979//4497 
f 3991//4510 3992//4511 3978//4496 
f 3778//4509 3991//4510 3977//4495 
f 3990//4508 3380//4558 3381//4493 
f 3989//4507 3990//4508 3976//4491 
f 3988//4506 3989//4507 3975//4490 
f 3987//4505 3988//4506 3974//4489 
f 3986//4504 3987//4505 3973//4488 
f 3985//4503 3986//4504 3972//4487 
f 3984//4502 3985//4503 3971//4486 
f 3983//4501 3984//4502 3970//4485 
f 3982//4500 3983//4501 3969//4484 
f 3981//4499 3982//4500 3968//4483 
f 3980//4498 3981//4499 3967//4482 
f 3979//4497 3980//4498 3966//4481 
f 3978//4496 3979//4497 3965//4480 
f 3977//4495 3978//4496 3964//4479 
f 3777//4494 3977//4495 3963//4478 
f 3382//4492 3383//4559 3962//4476 
f 3975//4490 3976//4491 3962//4476 
f 3974//4489 3975//4490 3961//4475 
f 3973//4488 3974//4489 3960//4474 
f 3972//4487 3973//4488 3959//4473 
f 3971//4486 3972//4487 3958//4472 
f 3970//4485 3971//4486 3957//4471 
f 3969//4484 3970//4485 3956//4470 
f 3968//4483 3969//4484 3955//4469 
f 3967//4482 3968//4483 3954//4468 
f 3966//4481 3967//4482 3953//4467 
f 3965//4480 3966//4481 3952//4466 
f 3964//4479 3965//4480 3951//4465 
f 3963//4478 3964//4479 3950//4464 
f 3776//4477 3963//4478 3949//4463 
f 3962//4476 3383//4559 3384//4460 
f 3961//4475 3962//4476 3948//4459 
f 3960//4474 3961//4475 3947//4458 
f 3959//4473 3960//4474 3946//4457 
f 3958//4472 3959//4473 3945//4456 
f 3957//4471 3958//4472 3944//4455 
f 3956//4470 3957//4471 3943//4454 
f 3955//4469 3956//4470 3942//4453 
f 3954//4468 3955//4469 3941//4452 
f 3953//4467 3954//4468 3940//4451 
f 3952//4466 3953//4467 3939//4450 
f 3951//4465 3952//4466 3938//4449 
f 3950//4464 3951//4465 3937//4448 
f 3949//4463 3950//4464 3936//4447 
f 3775//4462 3949//4463 3935//4446 
f 3385//4461 3387//4560 3934//4444 
f 3947//4458 3948//4459 3934//4444 
f 3946//4457 3947//4458 3933//4443 
f 3945//4456 3946//4457 3932//4442 
f 3944//4455 3945//4456 3931//4441 
f 3943//4454 3944//4455 3930//4440 
f 3942//4453 3943//4454 3929//4439 
f 3941//4452 3942//4453 3928//4438 
f 3940//4451 3941//4452 3927//4437 
f 3939//4450 3940//4451 3926//4436 
f 3938//4449 3939//4450 3925//4435 
f 3937//4448 3938//4449 3924//4434 
f 3936//4447 3937//4448 3923//4433 
f 3935//4446 3936//4447 3922//4432 
f 3774//4445 3935//4446 3921//4431 
f 3934//4444 3387//4560 3386//4429 
f 3933//4443 3934//4444 3920//4427 
f 3932//4442 3933//4443 3919//4426 
f 3931//4441 3932//4442 3918//4425 
f 3930//4440 3931//4441 3917//4424 
f 3929//4439 3930//4440 3916//4423 
f 3928//4438 3929//4439 3915//4422 
f 3927//4437 3928//4438 3914//4421 
f 3926//4436 3927//4437 3913//4420 
f 3925//4435 3926//4436 3912//4419 
f 3924//4434 3925//4435 3911//4418 
f 3923//4433 3924//4434 3910//4417 
f 3922//4432 3923//4433 3909//4416 
f 3921//4431 3922//4432 3908//4415 
f 3773//4430 3921//4431 3907//4414 
f 3388//4428 3391//4561 3906//4412 
f 3919//4426 3920//4427 3906//4412 
f 3918//4425 3919//4426 3905//4411 
f 3917//4424 3918//4425 3904//4410 
f 3916//4423 3917//4424 3903//4409 
f 3915//4422 3916//4423 3902//4408 
f 3914//4421 3915//4422 3901//4407 
f 3913//4420 3914//4421 3900//4406 
f 3912//4419 3913//4420 3899//4405 
f 3911//4418 3912//4419 3898//4404 
f 3910//4417 3911//4418 3897//4403 
f 3909//4416 3910//4417 3896//4402 
f 3908//4415 3909//4416 3895//4401 
f 3907//4414 3908//4415 3894//4400 
f 3772//4413 3907//4414 3893//4399 
f 3906//4412 3391//4561 3390//4397 
f 3905//4411 3906//4412 3892//4395 
f 3904//4410 3905//4411 3891//4394 
f 3903//4409 3904//4410 3890//4393 
f 3902//4408 3903//4409 3889//4392 
f 3901//4407 3902//4408 3888//4391 
f 3900//4406 3901//4407 3887//4390 
f 3899//4405 3900//4406 3886//4389 
f 3898//4404 3899//4405 3885//4388 
f 3897//4403 3898//4404 3884//4387 
f 3896//4402 3897//4403 3883//4386 
f 3895//4401 3896//4402 3882//4385 
f 3894//4400 3895//4401 3881//4384 
f 3893//4399 3894//4400 3880//4383 
f 3771//4398 3893//4399 3879//4382 
f 3389//4396 3394//4562 3878//4380 
f 3891//4394 3892//4395 3878//4380 
f 3890//4393 3891//4394 3877//4379 
f 3889//4392 3890//4393 3876//4378 
f 3888//4391 3889//4392 3875//4377 
f 3887//4390 3888//4391 3874//4376 
f 3886//4389 3887//4390 3873//4375 
f 3885//4388 3886//4389 3872//4374 
f 3884//4387 3885//4388 3871//4373 
f 3883//4386 3884//4387 3870//4372 
f 3882//4385 3883//4386 3869//4371 
f 3881//4384 3882//4385 3868//4370 
f 3880//4383 3881//4384 3867//4369 
f 3879//4382 3880//4383 3866//4368 
f 3770//4381 3879//4382 3865//4367 
f 3878//4380 3394//4562 3393//4365 
f 3877//4379 3878//4380 3864//4363 
f 3876//4378 3877//4379 3863//4362 
f 3875//4377 3876//4378 3862//4361 
f 3874//4376 3875//4377 3861//4360 
f 3873//4375 3874//4376 3860//4359 
f 3872//4374 3873//4375 3859//4358 
f 3871//4373 3872//4374 3858//4357 
f 3870//4372 3871//4373 3857//4356 
f 3869//4371 3870//4372 3856//4355 
f 3868//4370 3869//4371 3855//4354 
f 3867//4369 3868//4370 3854//4353 
f 3866//4368 3867//4369 3853//4352 
f 3865//4367 3866//4368 3852//4351 
f 3769//4366 3865//4367 3851//4350 
f 3392//4364 3397//4563 3850//4348 
f 3863//4362 3864//4363 3850//4348 
f 3862//4361 3863//4362 3849//4347 
f 3861//4360 3862//4361 3848//4346 
f 3860//4359 3861//4360 3847//4345 
f 3859//4358 3860//4359 3846//4344 
f 3858//4357 3859//4358 3845//4343 
f 3857//4356 3858//4357 3844//4342 
f 3856//4355 3857//4356 3843//4341 
f 3855//4354 3856//4355 3842//4340 
f 3854//4353 3855//4354 3841//4339 
f 3853//4352 3854//4353 3840//4338 
f 3852//4351 3853//4352 3839//4337 
f 3851//4350 3852//4351 3838//4336 
f 3768//4349 3851//4350 3837//4335 
f 3850//4348 3397//4563 3396//4333 
f 3849//4347 3850//4348 3836//4331 
f 3848//4346 3849//4347 3835//4330 
f 3847//4345 3848//4346 3834//4329 
f 3846//4344 3847//4345 3833//4328 
f 3845//4343 3846//4344 3832//4327 
f 3844//4342 3845//4343 3831//4326 
f 3843//4341 3844//4342 3830//4325 
f 3842//4340 3843//4341 3829//4324 
f 3841//4339 3842//4340 3828//4323 
f 3840//4338 3841//4339 3827//4322 
f 3839//4337 3840//4338 3826//4321 
f 3838//4336 3839//4337 3825//4320 
f 3837//4335 3838//4336 3824//4319 
f 3767//4334 3837//4335 3823//4318 
f 3395//4332 3398//4564 3822//4316 
f 3835//4330 3836//4331 3822//4316 
f 3834//4329 3835//4330 3821//4315 
f 3833//4328 3834//4329 3820//4314 
f 3832//4327 3833//4328 3819//4313 
f 3831//4326 3832//4327 3818//4312 
f 3830//4325 3831//4326 3817//4311 
f 3829//4324 3830//4325 3816//4310 
f 3828//4323 3829//4324 3815//4309 
f 3827//4322 3828//4323 3814//4308 
f 3826//4321 3827//4322 3813//4307 
f 3825//4320 3826//4321 3812//4306 
f 3824//4319 3825//4320 3811//4305 
f 3823//4318 3824//4319 3810//4304 
f 3766//4317 3823//4318 3809//4303 
f 3822//4316 3398//4564 3399//4301 
f 3821//4315 3822//4316 3808//4299 
f 3820//4314 3821//4315 3807//4298 
f 3819//4313 3820//4314 3806//4296 
f 3818//4312 3819//4313 3805//4294 
f 3817//4311 3818//4312 3804//4292 
f 3816//4310 3817//4311 3803//4290 
f 3815//4309 3816//4310 3802//4288 
f 3814//4308 3815//4309 3801//4286 
f 3813//4307 3814//4308 3800//4284 
f 3812//4306 3813//4307 3799//4282 
f 3811//4305 3812//4306 3798//4280 
f 3810//4304 3811//4305 3797//4278 
f 3809//4303 3810//4304 3796//4276 
f 3765//4302 3809//4303 3795//4274 
f 3400//4300 3090//4565 3493//4297 
f 3807//4298 3808//4299 3493//4297 
f 3806//4296 3807//4298 3492//4295 
f 3805//4294 3806//4296 3491//4293 
f 3804//4292 3805//4294 3490//4291 
f 3803//4290 3804//4292 3489//4289 
f 3802//4288 3803//4290 3488//4287 
f 3801//4286 3802//4288 3487//4285 
f 3800//4284 3801//4286 3486//4283 
f 3799//4282 3800//4284 3485//4281 
f 3798//4280 3799//4282 3484//4279 
f 3797//4278 3798//4280 3483//4277 
f 3796//4276 3797//4278 3482//4275 
f 3795//4274 3796//4276 3481//4273 
f 3764//4272 3795//4274 3479//4271 
o mesh34
f 3739//4566 3402//4566 2298//4567 
f 3403//4568 3402//4566 3739//4566 
f 3404//4569 3403//4568 3738//4568 
f 3736//4570 3405//4570 3404//4569 
f 3406//4571 3405//4570 3736//4570 
f 3734//4572 3407//4572 3406//4571 
f 3408//4573 3407//4572 3734//4572 
f 3732//4574 3409//4574 3408//4573 
f 3731//4575 3410//4575 3409//4574 
f 3730//4576 3411//4576 3410//4575 
f 3730//4576 3412//4577 3411//4576 
f 3410//4575 3731//4575 3730//4576 
f 3728//4578 3413//4578 3412//4577 
f 3728//4578 3414//4579 3413//4578 
f 3412//4577 3729//4580 3728//4578 
f 3415//4581 3414//4579 3727//4582 
f 3727//4582 3726//4581 3415//4581 
f 3725//4583 3416//4583 3415//4581 
f 3724//4584 3417//4584 3416//4583 
f 3416//4583 3725//4583 3724//4584 
f 3723//4585 3418//4585 3417//4584 
f 3419//4586 3418//4585 3723//4585 
f 3723//4585 3722//4586 3419//4586 
f 3720//4587 3420//4587 3419//4586 
f 3719//4588 3421//4588 3420//4587 
f 3719//4588 3422//4589 3421//4588 
f 3420//4587 3720//4587 3719//4588 
f 3719//4588 3721//4589 3422//4589 
f 3722//4586 3720//4587 3419//4586 
f 3724//4584 3723//4585 3417//4584 
f 3726//4581 3725//4583 3415//4581 
f 3728//4578 3727//4582 3414//4579 
f 3730//4576 3729//4580 3412//4577 
f 3409//4574 3732//4574 3731//4575 
f 3408//4573 3733//4590 3732//4574 
f 3734//4572 3733//4590 3408//4573 
f 3406//4571 3735//4591 3734//4572 
f 3736//4570 3735//4591 3406//4571 
f 3404//4569 3737//4592 3736//4570 
f 3738//4568 3737//4592 3404//4569 
f 3739//4566 3738//4568 3403//4568 
f 2298//4567 2242//4593 3739//4566 
o mesh35
f 4019//4594 3721//4594 3128//4594 
f 3128//4594 3763//4594 4019//4594 
o mesh36
f 3779//4595 3794//4596 4020//4596 
f 3781//4597 3779//4595 4050//4598 
f 3782//4599 3781//4597 4051//4600 
f 3783//4601 3782//4599 4052//4602 
f 3784//4603 3783//4601 4053//4604 
f 3785//4605 3784//4603 4054//4606 
f 3786//4607 3785//4605 4055//4608 
f 3787//4609 3786//4607 4056//4610 
f 3788//4611 3787//4609 4057//4612 
f 3789//4613 3788//4611 4058//4614 
f 3790//4615 3789//4613 4059//4616 
f 3791//4617 3790//4615 4060//4618 
f 3792//4619 3791//4617 4061//4620 
f 3793//4621 3792//4619 4062//4622 
f 4063//4623 3760//4624 3762//4625 
f 3762//4625 3793//4621 4063//4623 
f 4050//4598 4020//4596 4021//4626 
f 4051//4600 4050//4598 4064//4627 
f 4052//4602 4051//4600 4065//4628 
f 4053//4604 4052//4602 4066//4629 
f 4054//4606 4053//4604 4067//4630 
f 4055//4608 4054//4606 4068//4631 
f 4056//4610 4055//4608 4069//4632 
f 4057//4612 4056//4610 4070//4633 
f 4058//4614 4057//4612 4071//4634 
f 4059//4616 4058//4614 4072//4635 
f 4060//4618 4059//4616 4073//4636 
f 4061//4620 4060//4618 4074//4637 
f 4062//4622 4061//4620 4075//4638 
f 4063//4623 4062//4622 4076//4639 
f 3760//4624 4063//4623 4077//4640 
f 4078//4641 4064//4627 4021//4626 
f 4065//4628 4064//4627 4078//4641 
f 4066//4629 4065//4628 4079//4642 
f 4067//4630 4066//4629 4080//4643 
f 4068//4631 4067//4630 4081//4644 
f 4069//4632 4068//4631 4082//4645 
f 4070//4633 4069//4632 4083//4646 
f 4071//4634 4070//4633 4084//4647 
f 4072//4635 4071//4634 4085//4648 
f 4073//4636 4072//4635 4086//4649 
f 4074//4637 4073//4636 4087//4650 
f 4075//4638 4074//4637 4088//4651 
f 4076//4639 4075//4638 4089//4652 
f 4077//4640 4076//4639 4090//4653 
f 4091//4654 3757//4655 3759//4656 
f 3759//4656 4077//4640 4091//4654 
f 4092//4657 4078//4641 4022//4658 
f 4079//4642 4078//4641 4092//4657 
f 4080//4643 4079//4642 4093//4659 
f 4081//4644 4080//4643 4094//4660 
f 4082//4645 4081//4644 4095//4661 
f 4083//4646 4082//4645 4096//4662 
f 4084//4647 4083//4646 4097//4663 
f 4085//4648 4084//4647 4098//4664 
f 4086//4649 4085//4648 4099//4665 
f 4087//4650 4086//4649 4100//4666 
f 4088//4651 4087//4650 4101//4667 
f 4089//4652 4088//4651 4102//4668 
f 4090//4653 4089//4652 4103//4669 
f 4091//4654 4090//4653 4104//4670 
f 3758//4671 3757//4655 4091//4654 
f 4105//4672 4092//4657 4023//4673 
f 4093//4659 4092//4657 4105//4672 
f 4094//4660 4093//4659 4106//4674 
f 4095//4661 4094//4660 4107//4675 
f 4096//4662 4095//4661 4108//4676 
f 4097//4663 4096//4662 4109//4677 
f 4098//4664 4097//4663 4110//4678 
f 4099//4665 4098//4664 4111//4679 
f 4100//4666 4099//4665 4112//4680 
f 4101//4667 4100//4666 4113//4681 
f 4102//4668 4101//4667 4114//4682 
f 4103//4669 4102//4668 4115//4683 
f 4104//4670 4103//4669 4116//4684 
f 4117//4685 4104//4670 4118//4686 
f 4119//4687 3754//4688 3755//4689 
f 3755//4689 4117//4685 4119//4687 
f 4120//4690 4105//4672 4024//4691 
f 4106//4674 4105//4672 4120//4690 
f 4107//4675 4106//4674 4121//4692 
f 4108//4676 4107//4675 4122//4693 
f 4109//4677 4108//4676 4123//4694 
f 4110//4678 4109//4677 4124//4695 
f 4111//4679 4110//4678 4125//4696 
f 4112//4680 4111//4679 4126//4697 
f 4113//4681 4112//4680 4127//4698 
f 4114//4682 4113//4681 4128//4699 
f 4115//4683 4114//4682 4129//4700 
f 4116//4684 4115//4683 4130//4701 
f 4118//4686 4116//4684 4131//4702 
f 4119//4687 4118//4686 4132//4703 
f 3756//4704 3754//4688 4119//4687 
f 4133//4705 4120//4690 4025//4706 
f 4121//4692 4120//4690 4133//4705 
f 4122//4693 4121//4692 4134//4707 
f 4123//4694 4122//4693 4135//4708 
f 4124//4695 4123//4694 4136//4709 
f 4125//4696 4124//4695 4137//4710 
f 4126//4697 4125//4696 4138//4711 
f 4127//4698 4126//4697 4139//4712 
f 4128//4699 4127//4698 4140//4713 
f 4129//4700 4128//4699 4141//4714 
f 4130//4701 4129//4700 4142//4715 
f 4131//4702 4130//4701 4143//4716 
f 4132//4703 4131//4702 4144//4717 
f 4145//4718 4132//4703 4146//4719 
f 4145//4718 4147//4720 3751//4721 
f 4147//4720 3752//4722 3751//4721 
f 4148//4723 4133//4705 4026//4724 
f 4134//4707 4133//4705 4148//4723 
f 4135//4708 4134//4707 4149//4725 
f 4136//4709 4135//4708 4150//4726 
f 4137//4710 4136//4709 4151//4727 
f 4138//4711 4137//4710 4152//4728 
f 4139//4712 4138//4711 4153//4729 
f 4140//4713 4139//4712 4154//4730 
f 4141//4714 4140//4713 4155//4731 
f 4142//4715 4141//4714 4156//4732 
f 4143//4716 4142//4715 4157//4733 
f 4144//4717 4143//4716 4158//4734 
f 4146//4719 4144//4717 4159//4735 
f 4147//4720 4146//4719 4160//4736 
f 3753//4737 3752//4722 4147//4720 
f 4161//4738 4148//4723 4027//4739 
f 4149//4725 4148//4723 4161//4738 
f 4150//4726 4149//4725 4162//4740 
f 4151//4727 4150//4726 4163//4741 
f 4152//4728 4151//4727 4164//4742 
f 4153//4729 4152//4728 4165//4743 
f 4154//4730 4153//4729 4166//4744 
f 4155//4731 4154//4730 4167//4745 
f 4156//4732 4155//4731 4168//4746 
f 4157//4733 4156//4732 4169//4747 
f 4158//4734 4157//4733 4170//4748 
f 4159//4735 4158//4734 4171//4749 
f 4160//4736 4159//4735 4172//4750 
f 4173//4751 4160//4736 4174//4752 
f 4175//4753 3750//4754 3749//4755 
f 3749//4755 4173//4751 4175//4753 
f 4176//4756 4161//4738 4028//4757 
f 4162//4740 4161//4738 4176//4756 
f 4163//4741 4162//4740 4177//4758 
f 4164//4742 4163//4741 4178//4759 
f 4165//4743 4164//4742 4179//4760 
f 4166//4744 4165//4743 4180//4761 
f 4167//4745 4166//4744 4181//4762 
f 4168//4746 4167//4745 4182//4763 
f 4169//4747 4168//4746 4183//4764 
f 4170//4748 4169//4747 4184//4765 
f 4171//4749 4170//4748 4185//4766 
f 4172//4750 4171//4749 4186//4767 
f 4174//4752 4172//4750 4187//4768 
f 4175//4753 4174//4752 4188//4769 
f 3748//4770 3750//4754 4175//4753 
f 4189//4771 4176//4756 4029//4772 
f 4177//4758 4176//4756 4189//4771 
f 4178//4759 4177//4758 4190//4773 
f 4179//4760 4178//4759 4191//4774 
f 4180//4761 4179//4760 4192//4775 
f 4181//4762 4180//4761 4193//4776 
f 4182//4763 4181//4762 4194//4777 
f 4183//4764 4182//4763 4195//4778 
f 4184//4765 4183//4764 4196//4779 
f 4185//4766 4184//4765 4197//4780 
f 4186//4767 4185//4766 4198//4781 
f 4187//4768 4186//4767 4199//4782 
f 4188//4769 4187//4768 4200//4783 
f 4201//4784 4188//4769 4202//4785 
f 4203//4786 3746//4787 3745//4788 
f 3745//4788 4201//4784 4203//4786 
f 4204//4789 4189//4771 4030//4790 
f 4190//4773 4189//4771 4204//4789 
f 4191//4774 4190//4773 4205//4791 
f 4192//4775 4191//4774 4206//4792 
f 4193//4776 4192//4775 4207//4793 
f 4194//4777 4193//4776 4208//4794 
f 4195//4778 4194//4777 4209//4795 
f 4196//4779 4195//4778 4210//4796 
f 4197//4780 4196//4779 4211//4797 
f 4198//4781 4197//4780 4212//4798 
f 4199//4782 4198//4781 4213//4799 
f 4200//4783 4199//4782 4214//4800 
f 4202//4785 4200//4783 4215//4801 
f 4203//4786 4202//4785 4216//4802 
f 3747//4803 3746//4787 4203//4786 
f 4217//4804 4204//4789 4031//4805 
f 4205//4791 4204//4789 4217//4804 
f 4206//4792 4205//4791 4218//4806 
f 4207//4793 4206//4792 4219//4807 
f 4208//4794 4207//4793 4220//4808 
f 4209//4795 4208//4794 4221//4809 
f 4210//4796 4209//4795 4222//4810 
f 4211//4797 4210//4796 4223//4811 
f 4212//4798 4211//4797 4224//4812 
f 4213//4799 4212//4798 4225//4813 
f 4214//4800 4213//4799 4226//4814 
f 4215//4801 4214//4800 4227//4815 
f 4216//4802 4215//4801 4228//4816 
f 4229//4817 4216//4802 4230//4818 
f 4231//4819 3744//4820 3743//4821 
f 3743//4821 4229//4817 4231//4819 
f 4232//4822 4217//4804 4032//4823 
f 4218//4806 4217//4804 4232//4822 
f 4219//4807 4218//4806 4233//4824 
f 4220//4808 4219//4807 4234//4825 
f 4221//4809 4220//4808 4235//4826 
f 4222//4810 4221//4809 4236//4827 
f 4223//4811 4222//4810 4237//4828 
f 4224//4812 4223//4811 4238//4829 
f 4225//4813 4224//4812 4239//4830 
f 4226//4814 4225//4813 4240//4831 
f 4227//4815 4226//4814 4241//4832 
f 4228//4816 4227//4815 4242//4833 
f 4230//4818 4228//4816 4243//4834 
f 4231//4819 4230//4818 4244//4835 
f 4231//4819 4245//4836 3742//4837 
f 4245//4836 3741//4838 3742//4837 
f 4246//4839 4232//4822 4033//4840 
f 4233//4824 4232//4822 4246//4839 
f 4234//4825 4233//4824 4247//4841 
f 4235//4826 4234//4825 4248//4842 
f 4236//4827 4235//4826 4249//4843 
f 4237//4828 4236//4827 4250//4844 
f 4238//4829 4237//4828 4251//4845 
f 4239//4830 4238//4829 4252//4846 
f 4240//4831 4239//4830 4253//4847 
f 4241//4832 4240//4831 4254//4848 
f 4242//4833 4241//4832 4255//4849 
f 4243//4834 4242//4833 4256//4850 
f 4244//4835 4243//4834 4257//4851 
f 4245//4836 4244//4835 4258//4852 
f 3740//4853 3741//4838 4245//4836 
f 4034//4854 4246//4839 4035//4855 
f 4036//4856 4247//4841 4246//4839 
f 4037//4857 4248//4842 4247//4841 
f 4038//4858 4249//4843 4248//4842 
f 4039//4859 4250//4844 4249//4843 
f 4040//4860 4251//4845 4250//4844 
f 4041//4861 4252//4846 4251//4845 
f 4042//4862 4253//4847 4252//4846 
f 4043//4863 4254//4848 4253//4847 
f 4044//4864 4255//4849 4254//4848 
f 4045//4865 4256//4850 4255//4849 
f 4046//4866 4257//4851 4256//4850 
f 4047//4867 4258//4852 4257//4851 
f 4048//4868 4259//4869 4258//4852 
f 3763//4870 3740//4853 4259//4869 
f 4259//4869 4048//4868 3763//4870 
f 4258//4852 4047//4867 4048//4868 
f 4257//4851 4046//4866 4047//4867 
f 4256//4850 4045//4865 4046//4866 
f 4255//4849 4044//4864 4045//4865 
f 4254//4848 4043//4863 4044//4864 
f 4253//4847 4042//4862 4043//4863 
f 4252//4846 4041//4861 4042//4862 
f 4251//4845 4040//4860 4041//4861 
f 4250//4844 4039//4859 4040//4860 
f 4249//4843 4038//4858 4039//4859 
f 4248//4842 4037//4857 4038//4858 
f 4247//4841 4036//4856 4037//4857 
f 4246//4839 4034//4854 4036//4856 
f 4035//4855 4049//4871 4034//4854 
f 4245//4836 4259//4869 3740//4853 
f 4258//4852 4259//4869 4245//4836 
f 4257//4851 4258//4852 4244//4835 
f 4256//4850 4257//4851 4243//4834 
f 4255//4849 4256//4850 4242//4833 
f 4254//4848 4255//4849 4241//4832 
f 4253//4847 4254//4848 4240//4831 
f 4252//4846 4253//4847 4239//4830 
f 4251//4845 4252//4846 4238//4829 
f 4250//4844 4251//4845 4237//4828 
f 4249//4843 4250//4844 4236//4827 
f 4248//4842 4249//4843 4235//4826 
f 4247//4841 4248//4842 4234//4825 
f 4246//4839 4247//4841 4233//4824 
f 4033//4840 4035//4855 4246//4839 
f 3742//4837 3744//4820 4231//4819 
f 4244//4835 4245//4836 4231//4819 
f 4243//4834 4244//4835 4230//4818 
f 4242//4833 4243//4834 4228//4816 
f 4241//4832 4242//4833 4227//4815 
f 4240//4831 4241//4832 4226//4814 
f 4239//4830 4240//4831 4225//4813 
f 4238//4829 4239//4830 4224//4812 
f 4237//4828 4238//4829 4223//4811 
f 4236//4827 4237//4828 4222//4810 
f 4235//4826 4236//4827 4221//4809 
f 4234//4825 4235//4826 4220//4808 
f 4233//4824 4234//4825 4219//4807 
f 4232//4822 4233//4824 4218//4806 
f 4032//4823 4033//4840 4232//4822 
f 3743//4821 3747//4803 4229//4817 
f 4230//4818 4231//4819 4229//4817 
f 4228//4816 4230//4818 4216//4802 
f 4227//4815 4228//4816 4215//4801 
f 4226//4814 4227//4815 4214//4800 
f 4225//4813 4226//4814 4213//4799 
f 4224//4812 4225//4813 4212//4798 
f 4223//4811 4224//4812 4211//4797 
f 4222//4810 4223//4811 4210//4796 
f 4221//4809 4222//4810 4209//4795 
f 4220//4808 4221//4809 4208//4794 
f 4219//4807 4220//4808 4207//4793 
f 4218//4806 4219//4807 4206//4792 
f 4217//4804 4218//4806 4205//4791 
f 4031//4805 4032//4823 4217//4804 
f 4203//4786 4229//4817 3747//4803 
f 4216//4802 4229//4817 4203//4786 
f 4215//4801 4216//4802 4202//4785 
f 4214//4800 4215//4801 4200//4783 
f 4213//4799 4214//4800 4199//4782 
f 4212//4798 4213//4799 4198//4781 
f 4211//4797 4212//4798 4197//4780 
f 4210//4796 4211//4797 4196//4779 
f 4209//4795 4210//4796 4195//4778 
f 4208//4794 4209//4795 4194//4777 
f 4207//4793 4208//4794 4193//4776 
f 4206//4792 4207//4793 4192//4775 
f 4205//4791 4206//4792 4191//4774 
f 4204//4789 4205//4791 4190//4773 
f 4030//4790 4031//4805 4204//4789 
f 3745//4788 3748//4770 4201//4784 
f 4202//4785 4203//4786 4201//4784 
f 4200//4783 4202//4785 4188//4769 
f 4199//4782 4200//4783 4187//4768 
f 4198//4781 4199//4782 4186//4767 
f 4197//4780 4198//4781 4185//4766 
f 4196//4779 4197//4780 4184//4765 
f 4195//4778 4196//4779 4183//4764 
f 4194//4777 4195//4778 4182//4763 
f 4193//4776 4194//4777 4181//4762 
f 4192//4775 4193//4776 4180//4761 
f 4191//4774 4192//4775 4179//4760 
f 4190//4773 4191//4774 4178//4759 
f 4189//4771 4190//4773 4177//4758 
f 4029//4772 4030//4790 4189//4771 
f 4175//4753 4201//4784 3748//4770 
f 4188//4769 4201//4784 4175//4753 
f 4187//4768 4188//4769 4174//4752 
f 4186//4767 4187//4768 4172//4750 
f 4185//4766 4186//4767 4171//4749 
f 4184//4765 4185//4766 4170//4748 
f 4183//4764 4184//4765 4169//4747 
f 4182//4763 4183//4764 4168//4746 
f 4181//4762 4182//4763 4167//4745 
f 4180//4761 4181//4762 4166//4744 
f 4179//4760 4180//4761 4165//4743 
f 4178//4759 4179//4760 4164//4742 
f 4177//4758 4178//4759 4163//4741 
f 4176//4756 4177//4758 4162//4740 
f 4028//4757 4029//4772 4176//4756 
f 3749//4755 3753//4737 4173//4751 
f 4174//4752 4175//4753 4173//4751 
f 4172//4750 4174//4752 4160//4736 
f 4171//4749 4172//4750 4159//4735 
f 4170//4748 4171//4749 4158//4734 
f 4169//4747 4170//4748 4157//4733 
f 4168//4746 4169//4747 4156//4732 
f 4167//4745 4168//4746 4155//4731 
f 4166//4744 4167//4745 4154//4730 
f 4165//4743 4166//4744 4153//4729 
f 4164//4742 4165//4743 4152//4728 
f 4163//4741 4164//4742 4151//4727 
f 4162//4740 4163//4741 4150//4726 
f 4161//4738 4162//4740 4149//4725 
f 4027//4739 4028//4757 4161//4738 
f 4147//4720 4173//4751 3753//4737 
f 4160//4736 4173//4751 4147//4720 
f 4159//4735 4160//4736 4146//4719 
f 4158//4734 4159//4735 4144//4717 
f 4157//4733 4158//4734 4143//4716 
f 4156//4732 4157//4733 4142//4715 
f 4155//4731 4156//4732 4141//4714 
f 4154//4730 4155//4731 4140//4713 
f 4153//4729 4154//4730 4139//4712 
f 4152//4728 4153//4729 4138//4711 
f 4151//4727 4152//4728 4137//4710 
f 4150//4726 4151//4727 4136//4709 
f 4149//4725 4150//4726 4135//4708 
f 4148//4723 4149//4725 4134//4707 
f 4026//4724 4027//4739 4148//4723 
f 3751//4721 3756//4704 4145//4718 
f 4146//4719 4147//4720 4145//4718 
f 4144//4717 4146//4719 4132//4703 
f 4143//4716 4144//4717 4131//4702 
f 4142//4715 4143//4716 4130//4701 
f 4141//4714 4142//4715 4129//4700 
f 4140//4713 4141//4714 4128//4699 
f 4139//4712 4140//4713 4127//4698 
f 4138//4711 4139//4712 4126//4697 
f 4137//4710 4138//4711 4125//4696 
f 4136//4709 4137//4710 4124//4695 
f 4135//4708 4136//4709 4123//4694 
f 4134//4707 4135//4708 4122//4693 
f 4133//4705 4134//4707 4121//4692 
f 4025//4706 4026//4724 4133//4705 
f 4119//4687 4145//4718 3756//4704 
f 4132//4703 4145//4718 4119//4687 
f 4131//4702 4132//4703 4118//4686 
f 4130//4701 4131//4702 4116//4684 
f 4129//4700 4130//4701 4115//4683 
f 4128//4699 4129//4700 4114//4682 
f 4127//4698 4128//4699 4113//4681 
f 4126//4697 4127//4698 4112//4680 
f 4125//4696 4126//4697 4111//4679 
f 4124//4695 4125//4696 4110//4678 
f 4123//4694 4124//4695 4109//4677 
f 4122//4693 4123//4694 4108//4676 
f 4121//4692 4122//4693 4107//4675 
f 4120//4690 4121//4692 4106//4674 
f 4024//4691 4025//4706 4120//4690 
f 3755//4689 3758//4671 4117//4685 
f 4118//4686 4119//4687 4117//4685 
f 4116//4684 4118//4686 4104//4670 
f 4115//4683 4116//4684 4103//4669 
f 4114//4682 4115//4683 4102//4668 
f 4113//4681 4114//4682 4101//4667 
f 4112//4680 4113//4681 4100//4666 
f 4111//4679 4112//4680 4099//4665 
f 4110//4678 4111//4679 4098//4664 
f 4109//4677 4110//4678 4097//4663 
f 4108//4676 4109//4677 4096//4662 
f 4107//4675 4108//4676 4095//4661 
f 4106//4674 4107//4675 4094//4660 
f 4105//4672 4106//4674 4093//4659 
f 4023//4673 4024//4691 4105//4672 
f 4091//4654 4117//4685 3758//4671 
f 4104//4670 4117//4685 4091//4654 
f 4103//4669 4104//4670 4090//4653 
f 4102//4668 4103//4669 4089//4652 
f 4101//4667 4102//4668 4088//4651 
f 4100//4666 4101//4667 4087//4650 
f 4099//4665 4100//4666 4086//4649 
f 4098//4664 4099//4665 4085//4648 
f 4097//4663 4098//4664 4084//4647 
f 4096//4662 4097//4663 4083//4646 
f 4095//4661 4096//4662 4082//4645 
f 4094//4660 4095//4661 4081//4644 
f 4093//4659 4094//4660 4080//4643 
f 4092//4657 4093//4659 4079//4642 
f 4022//4658 4023//4673 4092//4657 
f 3759//4656 3761//4872 4077//4640 
f 4090//4653 4091//4654 4077//4640 
f 4089//4652 4090//4653 4076//4639 
f 4088//4651 4089//4652 4075//4638 
f 4087//4650 4088//4651 4074//4637 
f 4086//4649 4087//4650 4073//4636 
f 4085//4648 4086//4649 4072//4635 
f 4084//4647 4085//4648 4071//4634 
f 4083//4646 4084//4647 4070//4633 
f 4082//4645 4083//4646 4069//4632 
f 4081//4644 4082//4645 4068//4631 
f 4080//4643 4081//4644 4067//4630 
f 4079//4642 4080//4643 4066//4629 
f 4078//4641 4079//4642 4065//4628 
f 4021//4626 4022//4658 4078//4641 
f 4077//4640 3761//4872 3760//4624 
f 4076//4639 4077//4640 4063//4623 
f 4075//4638 4076//4639 4062//4622 
f 4074//4637 4075//4638 4061//4620 
f 4073//4636 4074//4637 4060//4618 
f 4072//4635 4073//4636 4059//4616 
f 4071//4634 4072//4635 4058//4614 
f 4070//4633 4071//4634 4057//4612 
f 4069//4632 4070//4633 4056//4610 
f 4068//4631 4069//4632 4055//4608 
f 4067//4630 4068//4631 4054//4606 
f 4066//4629 4067//4630 4053//4604 
f 4065//4628 4066//4629 4052//4602 
f 4064//4627 4065//4628 4051//4600 
f 4021//4626 4064//4627 4050//4598 
f 3762//4625 3401//4873 3793//4621 
f 4062//4622 4063//4623 3793//4621 
f 4061//4620 4062//4622 3792//4619 
f 4060//4618 4061//4620 3791//4617 
f 4059//4616 4060//4618 3790//4615 
f 4058//4614 4059//4616 3789//4613 
f 4057//4612 4058//4614 3788//4611 
f 4056//4610 4057//4612 3787//4609 
f 4055//4608 4056//4610 3786//4607 
f 4054//4606 4055//4608 3785//4605 
f 4053//4604 4054//4606 3784//4603 
f 4052//4602 4053//4604 3783//4601 
f 4051//4600 4052//4602 3782//4599 
f 4050//4598 4051//4600 3781//4597 
f 4020//4596 4050//4598 3779//4595 
o mesh37
f 4019//4874 4260//4874 3422//4874 
f 3422//4874 3721//4874 4019//4874 
o mesh38
f 4034//4875 4049//4876 4261//4876 
f 4036//4877 4034//4875 4262//4878 
f 4037//4879 4036//4877 4263//4880 
f 4038//4881 4037//4879 4264//4882 
f 4039//4883 4038//4881 4265//4884 
f 4040//4885 4039//4883 4266//4886 
f 4041//4887 4040//4885 4267//4888 
f 4042//4889 4041//4887 4268//4890 
f 4043//4891 4042//4889 4269//4892 
f 4044//4893 4043//4891 4270//4894 
f 4270//4894 4271//4895 4044//4893 
f 4045//4896 4044//4893 4272//4897 
f 4272//4897 4273//4898 4045//4896 
f 4046//4899 4045//4896 4274//4900 
f 4274//4900 4275//4901 4046//4899 
f 4047//4902 4046//4899 4276//4903 
f 4276//4903 4277//4904 4047//4902 
f 4048//4905 4047//4902 4278//4906 
f 4278//4906 4279//4907 4048//4905 
f 3763//4908 4048//4905 4280//4909 
f 4280//4909 4281//4910 3763//4908 
f 4281//4910 4019//4911 3763//4908 
f 4279//4907 4280//4909 4048//4905 
f 4277//4904 4278//4906 4047//4902 
f 4275//4901 4276//4903 4046//4899 
f 4273//4898 4274//4900 4045//4896 
f 4271//4895 4272//4897 4044//4893 
f 4269//4892 4270//4894 4043//4891 
f 4268//4890 4269//4892 4042//4889 
f 4267//4888 4268//4890 4041//4887 
f 4266//4886 4267//4888 4040//4885 
f 4265//4884 4266//4886 4039//4883 
f 4264//4882 4265//4884 4038//4881 
f 4263//4880 4264//4882 4037//4879 
f 4262//4878 4263//4880 4036//4877 
f 4261//4876 4262//4878 4034//4875 
o mesh39
f 3494//4912 1240//4912 1239//4912 
f 3480//4912 1452//4912 1240//4912 
f 1238//4912 3765//4912 3764//4912 
f 1240//4912 3494//4912 3480//4912 
f 3477//4912 3476//4912 1455//4912 
f 1456//4912 1455//4912 3476//4912 
f 1239//4912 3764//4912 3494//4912 
f 3478//4912 1453//4912 1452//4912 
f 3477//4912 1454//4912 1453//4912 
f 3476//4912 3475//4912 1456//4912 
f 1452//4912 3480//4912 3478//4912 
f 1455//4912 1454//4912 3477//4912 
f 1453//4912 3478//4912 3477//4912 
f 3474//4912 1457//4912 1456//4912 
f 3767//4912 1236//4912 1235//4912 
f 3766//4912 1237//4912 1236//4912 
f 1237//4912 3766//4912 3765//4912 
f 1456//4912 3475//4912 3474//4912 
f 3768//4912 1235//4912 1234//4912 
f 1236//4912 3767//4912 3766//4912 
f 3764//4912 1239//4912 1238//4912 
f 3473//4912 1458//4912 1457//4912 
f 1235//4912 3768//4912 3767//4912 
f 1457//4912 3474//4912 3473//4912 
f 3765//4912 1238//4912 1237//4912 
f 3472//4912 1459//4912 1458//4912 
f 1458//4912 3473//4912 3472//4912 
f 3471//4912 1460//4912 1459//4912 
f 4282//4912 4283//4912 2208//4912 
f 4049//4912 1707//4912 2207//4912 
f 1708//4912 4049//4912 4035//4912 
f 4032//4912 1725//4912 1724//4912 
f 4032//4912 4031//4912 1726//4912 
f 1234//4912 1233//4912 3770//4912 
f 1459//4912 3472//4912 3471//4912 
f 1462//4912 1461//4912 3469//4912 
f 1970//4912 4284//4912 4285//4912 
f 4286//4912 4287//4912 1972//4912 
f 4287//4912 4288//4912 1973//4912 
f 1974//4912 4289//4912 4282//4912 
f 2208//4912 1976//4912 4282//4912 
f 4049//4912 1708//4912 1707//4912 
f 4035//4912 1723//4912 1708//4912 
f 1726//4912 1725//4912 4032//4912 
f 3771//4912 1233//4912 1232//4912 
f 1234//4912 3769//4912 3768//4912 
f 3470//4912 1461//4912 1460//4912 
f 1461//4912 3470//4912 3469//4912 
f 3468//4912 3467//4912 1463//4912 
f 4285//4912 1971//4912 1970//4912 
f 1973//4912 1972//4912 4287//4912 
f 4288//4912 4289//4912 1974//4912 
f 1976//4912 1975//4912 4282//4912 
f 4035//4912 4033//4912 1723//4912 
f 1724//4912 4033//4912 4032//4912 
f 1232//4912 3772//4912 3771//4912 
f 1460//4912 3471//4912 3470//4912 
f 1463//4912 1462//4912 3468//4912 
f 3467//4912 3466//4912 1464//4912 
f 1972//4912 1971//4912 4286//4912 
f 4282//4912 1975//4912 1974//4912 
f 1724//4912 1723//4912 4033//4912 
f 4031//4912 4030//4912 1727//4912 
f 3770//4912 3769//4912 1234//4912 
f 1464//4912 1463//4912 3467//4912 
f 4290//4912 4284//4912 1970//4912 
f 1974//4912 1973//4912 4288//4912 
f 1727//4912 1726//4912 4031//4912 
f 3775//4912 1230//4912 1229//4912 
f 3772//4912 1232//4912 1231//4912 
f 3469//4912 3468//4912 1462//4912 
f 4291//4912 4292//4912 1968//4912 
f 4292//4912 4290//4912 1969//4912 
f 4285//4912 4286//4912 1971//4912 
f 4030//4912 1728//4912 1727//4912 
f 4029//4912 1729//4912 1728//4912 
f 3776//4912 1229//4912 1228//4912 
f 1229//4912 3776//4912 3775//4912 
f 3771//4912 3770//4912 1233//4912 
f 3466//4912 3465//4912 1465//4912 
f 1967//4912 4293//4912 4291//4912 
f 1970//4912 1969//4912 4290//4912 
f 1728//4912 4030//4912 4029//4912 
f 4028//4912 1730//4912 1729//4912 
f 4026//4912 1732//4912 1731//4912 
f 4025//4912 1733//4912 1732//4912 
f 1733//4912 4025//4912 4024//4912 
f 3775//4912 3774//4912 1230//4912 
f 3773//4912 1231//4912 1230//4912 
f 1465//4912 1464//4912 3466//4912 
f 3465//4912 3451//4912 1466//4912 
f 1466//4912 3451//4912 3450//4912 
f 1467//4912 3450//4912 4294//4912 
f 4295//4912 4296//4912 1962//4912 
f 1964//4912 4297//4912 4298//4912 
f 1965//4912 4298//4912 4299//4912 
f 1966//4912 4299//4912 4293//4912 
f 1969//4912 1968//4912 4292//4912 
f 1729//4912 4029//4912 4028//4912 
f 4027//4912 1731//4912 1730//4912 
f 1732//4912 4026//4912 4025//4912 
f 4024//4912 1734//4912 1733//4912 
f 1230//4912 3774//4912 3773//4912 
f 1466//4912 1465//4912 3465//4912 
f 4294//4912 1468//4912 1467//4912 
f 1468//4912 4294//4912 4295//4912 
f 4299//4912 1966//4912 1965//4912 
f 1968//4912 1967//4912 4291//4912 
f 1730//4912 4028//4912 4027//4912 
f 4024//4912 4023//4912 1734//4912 
f 1231//4912 3773//4912 3772//4912 
f 1962//4912 1468//4912 4295//4912 
f 4300//4912 4297//4912 1964//4912 
f 4293//4912 1967//4912 1966//4912 
f 1731//4912 4027//4912 4026//4912 
f 4023//4912 4022//4912 1735//4912 
f 1737//4912 1736//4912 4021//4912 
f 3794//4912 1212//4912 1255//4912 
f 3777//4912 1228//4912 1227//4912 
f 3450//4912 1467//4912 1466//4912 
f 4296//4912 4300//4912 1963//4912 
f 4298//4912 1965//4912 1964//4912 
f 1735//4912 1734//4912 4023//4912 
f 1736//4912 1735//4912 4022//4912 
f 4020//4912 1255//4912 1737//4912 
f 1255//4912 4020//4912 3794//4912 
f 1228//4912 3777//4912 3776//4912 
f 1964//4912 1963//4912 4300//4912 
f 4022//4912 4021//4912 1736//4912 
f 3794//4912 3780//4912 1212//4912 
f 1227//4912 1212//4912 3780//4912 
f 1963//4912 1962//4912 4296//4912 
f 4021//4912 4020//4912 1737//4912 
f 1227//4912 3778//4912 3777//4912 
f 3780//4912 3778//4912 1227//4912 
f 4283//4912 4261//4912 2207//4912 
f 2207//4912 2208//4912 4283//4912 
f 2207//4912 4261//4912 4049//4912 
o mesh40
f 4260//4913 3448//4913 2862//4913 
f 2862//4913 3422//4913 4260//4913 
o mesh41
f 4301//4914 4282//4915 4289//4915 
f 4302//4916 4301//4914 4315//4917 
f 4303//4918 4302//4916 4316//4919 
f 4304//4920 4303//4918 4317//4921 
f 4305//4922 4304//4920 4318//4923 
f 4306//4924 4305//4922 4319//4925 
f 4307//4926 4306//4924 4320//4927 
f 4308//4928 4307//4926 4321//4929 
f 4309//4930 4308//4928 4322//4931 
f 4310//4932 4309//4930 4323//4933 
f 4311//4934 4310//4932 4324//4935 
f 4312//4936 4311//4934 4325//4937 
f 4313//4938 4312//4936 4326//4939 
f 4314//4940 4313//4938 4327//4941 
f 3448//4942 4314//4940 4328//4943 
f 4315//4917 4289//4915 4288//4944 
f 4316//4919 4315//4917 4329//4945 
f 4317//4921 4316//4919 4330//4946 
f 4318//4923 4317//4921 4331//4947 
f 4319//4925 4318//4923 4332//4948 
f 4320//4927 4319//4925 4333//4949 
f 4321//4929 4320//4927 4334//4950 
f 4322//4931 4321//4929 4335//4951 
f 4323//4933 4322//4931 4336//4952 
f 4324//4935 4323//4933 4337//4953 
f 4325//4937 4324//4935 4338//4954 
f 4326//4939 4325//4937 4339//4955 
f 4327//4941 4326//4939 4340//4956 
f 4328//4943 4327//4941 4341//4957 
f 4342//4958 3444//4959 3445//4960 
f 3445//4960 4328//4943 4342//4958 
f 4329//4945 4288//4944 4287//4961 
f 4330//4946 4329//4945 4343//4962 
f 4331//4947 4330//4946 4344//4963 
f 4332//4948 4331//4947 4345//4964 
f 4333//4949 4332//4948 4346//4965 
f 4334//4950 4333//4949 4347//4966 
f 4335//4951 4334//4950 4348//4967 
f 4336//4952 4335//4951 4349//4968 
f 4337//4953 4336//4952 4350//4969 
f 4338//4954 4337//4953 4351//4970 
f 4339//4955 4338//4954 4352//4971 
f 4340//4956 4339//4955 4353//4972 
f 4341//4957 4340//4956 4354//4973 
f 4342//4958 4341//4957 4355//4974 
f 3444//4959 4342//4958 4356//4975 
f 4343//4962 4287//4961 4286//4976 
f 4344//4963 4343//4962 4357//4977 
f 4345//4964 4344//4963 4358//4978 
f 4346//4965 4345//4964 4359//4979 
f 4347//4966 4346//4965 4360//4980 
f 4348//4967 4347//4966 4361//4981 
f 4349//4968 4348//4967 4362//4982 
f 4350//4969 4349//4968 4363//4983 
f 4351//4970 4350//4969 4364//4984 
f 4352//4971 4351//4970 4365//4985 
f 4353//4972 4352//4971 4366//4986 
f 4354//4973 4353//4972 4367//4987 
f 4355//4974 4354//4973 4368//4988 
f 4356//4975 4355//4974 4369//4989 
f 4370//4990 3442//4991 3441//4992 
f 3441//4992 4356//4975 4370//4990 
f 4357//4977 4286//4976 4285//4993 
f 4358//4978 4357//4977 4371//4994 
f 4359//4979 4358//4978 4372//4995 
f 4360//4980 4359//4979 4373//4996 
f 4361//4981 4360//4980 4374//4997 
f 4362//4982 4361//4981 4375//4998 
f 4363//4983 4362//4982 4376//4999 
f 4364//4984 4363//4983 4377//5000 
f 4365//4985 4364//4984 4378//5001 
f 4366//4986 4365//4985 4379//5002 
f 4367//4987 4366//4986 4380//5003 
f 4368//4988 4367//4987 4381//5004 
f 4369//4989 4368//4988 4382//5005 
f 4370//4990 4369//4989 4383//5006 
f 3442//4991 4370//4990 4384//5007 
f 4371//4994 4285//4993 4284//5008 
f 4372//4995 4371//4994 4385//5009 
f 4373//4996 4372//4995 4386//5010 
f 4374//4997 4373//4996 4387//5011 
f 4375//4998 4374//4997 4388//5012 
f 4376//4999 4375//4998 4389//5013 
f 4377//5000 4376//4999 4390//5014 
f 4378//5001 4377//5000 4391//5015 
f 4379//5002 4378//5001 4392//5016 
f 4380//5003 4379//5002 4393//5017 
f 4381//5004 4380//5003 4394//5018 
f 4382//5005 4381//5004 4395//5019 
f 4383//5006 4382//5005 4396//5020 
f 4384//5007 4383//5006 4397//5021 
f 4384//5007 4398//5022 3438//5023 
f 4398//5022 3439//5024 3438//5023 
f 4385//5009 4284//5008 4290//5025 
f 4386//5010 4385//5009 4399//5026 
f 4387//5011 4386//5010 4400//5027 
f 4388//5012 4387//5011 4401//5028 
f 4389//5013 4388//5012 4402//5029 
f 4390//5014 4389//5013 4403//5030 
f 4391//5015 4390//5014 4404//5031 
f 4392//5016 4391//5015 4405//5032 
f 4393//5017 4392//5016 4406//5033 
f 4394//5018 4393//5017 4407//5034 
f 4395//5019 4394//5018 4408//5035 
f 4396//5020 4395//5019 4409//5036 
f 4397//5021 4396//5020 4410//5037 
f 4398//5022 4397//5021 4411//5038 
f 3439//5024 4398//5022 4412//5039 
f 4399//5026 4290//5025 4292//5040 
f 4400//5027 4399//5026 4413//5041 
f 4401//5028 4400//5027 4414//5042 
f 4402//5029 4401//5028 4415//5043 
f 4403//5030 4402//5029 4416//5044 
f 4404//5031 4403//5030 4417//5045 
f 4405//5032 4404//5031 4418//5046 
f 4406//5033 4405//5032 4419//5047 
f 4407//5034 4406//5033 4420//5048 
f 4408//5035 4407//5034 4421//5049 
f 4409//5036 4408//5035 4422//5050 
f 4410//5037 4409//5036 4423//5051 
f 4411//5038 4410//5037 4424//5052 
f 4412//5039 4411//5038 4425//5053 
f 4412//5039 4426//5054 3435//5055 
f 4426//5054 3436//5056 3435//5055 
f 4413//5041 4292//5040 4291//5057 
f 4414//5042 4413//5041 4427//5058 
f 4415//5043 4414//5042 4428//5059 
f 4416//5044 4415//5043 4429//5060 
f 4417//5045 4416//5044 4430//5061 
f 4418//5046 4417//5045 4431//5062 
f 4419//5047 4418//5046 4432//5063 
f 4420//5048 4419//5047 4433//5064 
f 4421//5049 4420//5048 4434//5065 
f 4422//5050 4421//5049 4435//5066 
f 4423//5051 4422//5050 4436//5067 
f 4424//5052 4423//5051 4437//5068 
f 4425//5053 4424//5052 4438//5069 
f 4426//5054 4425//5053 4439//5070 
f 3436//5056 4426//5054 4440//5071 
f 4427//5058 4291//5057 4293//5072 
f 4428//5059 4427//5058 4441//5073 
f 4429//5060 4428//5059 4442//5074 
f 4430//5061 4429//5060 4443//5075 
f 4431//5062 4430//5061 4444//5076 
f 4432//5063 4431//5062 4445//5077 
f 4433//5064 4432//5063 4446//5078 
f 4434//5065 4433//5064 4447//5079 
f 4435//5066 4434//5065 4448//5080 
f 4436//5067 4435//5066 4449//5081 
f 4437//5068 4436//5067 4450//5082 
f 4438//5069 4437//5068 4451//5083 
f 4439//5070 4438//5069 4452//5084 
f 4440//5071 4439//5070 4453//5085 
f 4440//5071 4454//5086 3434//5087 
f 4454//5086 3432//5088 3434//5087 
f 4441//5073 4293//5072 4299//5089 
f 4442//5074 4441//5073 4455//5090 
f 4443//5075 4442//5074 4456//5091 
f 4444//5076 4443//5075 4457//5092 
f 4445//5077 4444//5076 4458//5093 
f 4446//5078 4445//5077 4459//5094 
f 4447//5079 4446//5078 4460//5095 
f 4448//5080 4447//5079 4461//5096 
f 4449//5081 4448//5080 4462//5097 
f 4450//5082 4449//5081 4463//5098 
f 4451//5083 4450//5082 4464//5099 
f 4452//5084 4451//5083 4465//5100 
f 4453//5085 4452//5084 4466//5101 
f 4454//5086 4453//5085 4467//5102 
f 3432//5088 4454//5086 4468//5103 
f 4455//5090 4299//5089 4298//5104 
f 4456//5091 4455//5090 4469//5105 
f 4457//5092 4456//5091 4470//5106 
f 4458//5093 4457//5092 4471//5107 
f 4459//5094 4458//5093 4472//5108 
f 4460//5095 4459//5094 4473//5109 
f 4461//5096 4460//5095 4474//5110 
f 4462//5097 4461//5096 4475//5111 
f 4463//5098 4462//5097 4476//5112 
f 4464//5099 4463//5098 4477//5113 
f 4465//5100 4464//5099 4478//5114 
f 4466//5101 4465//5100 4479//5115 
f 4467//5102 4466//5101 4480//5116 
f 4468//5103 4467//5102 4481//5117 
f 4468//5103 4482//5118 3429//5119 
f 4482//5118 3430//5120 3429//5119 
f 4469//5105 4298//5104 4297//5121 
f 4470//5106 4469//5105 4483//5122 
f 4471//5107 4470//5106 4484//5123 
f 4472//5108 4471//5107 4485//5124 
f 4473//5109 4472//5108 4486//5125 
f 4474//5110 4473//5109 4487//5126 
f 4475//5111 4474//5110 4488//5127 
f 4476//5112 4475//5111 4489//5128 
f 4477//5113 4476//5112 4490//5129 
f 4478//5114 4477//5113 4491//5130 
f 4479//5115 4478//5114 4492//5131 
f 4480//5116 4479//5115 4493//5132 
f 4481//5117 4480//5116 4494//5133 
f 4482//5118 4481//5117 4495//5134 
f 3430//5120 4482//5118 4496//5135 
f 4483//5122 4297//5121 4300//5136 
f 4484//5123 4483//5122 4497//5137 
f 4485//5124 4484//5123 4498//5138 
f 4486//5125 4485//5124 4499//5139 
f 4487//5126 4486//5125 4500//5140 
f 4488//5127 4487//5126 4501//5141 
f 4489//5128 4488//5127 4502//5142 
f 4490//5129 4489//5128 4503//5143 
f 4491//5130 4490//5129 4504//5144 
f 4492//5131 4491//5130 4505//5145 
f 4493//5132 4492//5131 4506//5146 
f 4494//5133 4493//5132 4507//5147 
f 4495//5134 4494//5133 4508//5148 
f 4496//5135 4495//5134 4509//5149 
f 4496//5135 4510//5150 3426//5151 
f 4510//5150 3427//5152 3426//5151 
f 4497//5137 4300//5136 4296//5153 
f 4498//5138 4497//5137 4511//5154 
f 4499//5139 4498//5138 4512//5155 
f 4500//5140 4499//5139 4513//5156 
f 4501//5141 4500//5140 4514//5157 
f 4502//5142 4501//5141 4515//5158 
f 4503//5143 4502//5142 4516//5159 
f 4504//5144 4503//5143 4517//5160 
f 4505//5145 4504//5144 4518//5161 
f 4506//5146 4505//5145 4519//5162 
f 4507//5147 4506//5146 4520//5163 
f 4508//5148 4507//5147 4521//5164 
f 4509//5149 4508//5148 4522//5165 
f 4510//5150 4509//5149 4523//5166 
f 3427//5152 4510//5150 4524//5167 
f 4511//5154 4296//5153 4295//5168 
f 4512//5155 4511//5154 4525//5169 
f 4513//5156 4512//5155 4526//5170 
f 4514//5157 4513//5156 4527//5171 
f 4515//5158 4514//5157 4528//5172 
f 4516//5159 4515//5158 4529//5173 
f 4517//5160 4516//5159 4530//5174 
f 4518//5161 4517//5160 4531//5175 
f 4519//5162 4518//5161 4532//5176 
f 4520//5163 4519//5162 4533//5177 
f 4521//5164 4520//5163 4534//5178 
f 4522//5165 4521//5164 4535//5179 
f 4523//5166 4522//5165 4536//5180 
f 4524//5167 4523//5166 4537//5181 
f 4524//5167 4538//5182 3425//5183 
f 4538//5182 3423//5184 3425//5183 
f 4525//5169 4295//5168 4294//5185 
f 4526//5170 4525//5169 4539//5186 
f 4527//5171 4526//5170 4540//5187 
f 4528//5172 4527//5171 4541//5188 
f 4529//5173 4528//5172 4542//5189 
f 4530//5174 4529//5173 4543//5190 
f 4531//5175 4530//5174 4544//5191 
f 4532//5176 4531//5175 4545//5192 
f 4533//5177 4532//5176 4546//5193 
f 4534//5178 4533//5177 4547//5194 
f 4535//5179 4534//5178 4548//5195 
f 4536//5180 4535//5179 4549//5196 
f 4537//5181 4536//5180 4550//5197 
f 4538//5182 4537//5181 4551//5198 
f 3423//5184 4538//5182 4552//5199 
f 3449//5200 4539//5186 4294//5185 
f 3452//5201 4540//5187 4539//5186 
f 3453//5202 4541//5188 4540//5187 
f 3454//5203 4542//5189 4541//5188 
f 3455//5204 4543//5190 4542//5189 
f 3456//5205 4544//5191 4543//5190 
f 3457//5206 4545//5192 4544//5191 
f 3458//5207 4546//5193 4545//5192 
f 3459//5208 4547//5194 4546//5193 
f 3460//5209 4548//5195 4547//5194 
f 3461//5210 4549//5196 4548//5195 
f 3462//5211 4550//5197 4549//5196 
f 3463//5212 4551//5198 4550//5197 
f 3464//5213 4552//5199 4551//5198 
f 3113//5214 3424//5215 4552//5199 
f 4552//5199 3464//5213 3113//5214 
f 4551//5198 3463//5212 3464//5213 
f 4550//5197 3462//5211 3463//5212 
f 4549//5196 3461//5210 3462//5211 
f 4548//5195 3460//5209 3461//5210 
f 4547//5194 3459//5208 3460//5209 
f 4546//5193 3458//5207 3459//5208 
f 4545//5192 3457//5206 3458//5207 
f 4544//5191 3456//5205 3457//5206 
f 4543//5190 3455//5204 3456//5205 
f 4542//5189 3454//5203 3455//5204 
f 4541//5188 3453//5202 3454//5203 
f 4540//5187 3452//5201 3453//5202 
f 4539//5186 3449//5200 3452//5201 
f 4294//5185 3450//5216 3449//5200 
f 4552//5199 3424//5215 3423//5184 
f 4551//5198 4552//5199 4538//5182 
f 4550//5197 4551//5198 4537//5181 
f 4549//5196 4550//5197 4536//5180 
f 4548//5195 4549//5196 4535//5179 
f 4547//5194 4548//5195 4534//5178 
f 4546//5193 4547//5194 4533//5177 
f 4545//5192 4546//5193 4532//5176 
f 4544//5191 4545//5192 4531//5175 
f 4543//5190 4544//5191 4530//5174 
f 4542//5189 4543//5190 4529//5173 
f 4541//5188 4542//5189 4528//5172 
f 4540//5187 4541//5188 4527//5171 
f 4539//5186 4540//5187 4526//5170 
f 4294//5185 4539//5186 4525//5169 
f 3425//5183 3428//5217 4524//5167 
f 4537//5181 4538//5182 4524//5167 
f 4536//5180 4537//5181 4523//5166 
f 4535//5179 4536//5180 4522//5165 
f 4534//5178 4535//5179 4521//5164 
f 4533//5177 4534//5178 4520//5163 
f 4532//5176 4533//5177 4519//5162 
f 4531//5175 4532//5176 4518//5161 
f 4530//5174 4531//5175 4517//5160 
f 4529//5173 4530//5174 4516//5159 
f 4528//5172 4529//5173 4515//5158 
f 4527//5171 4528//5172 4514//5157 
f 4526//5170 4527//5171 4513//5156 
f 4525//5169 4526//5170 4512//5155 
f 4295//5168 4525//5169 4511//5154 
f 4524//5167 3428//5217 3427//5152 
f 4523//5166 4524//5167 4510//5150 
f 4522//5165 4523//5166 4509//5149 
f 4521//5164 4522//5165 4508//5148 
f 4520//5163 4521//5164 4507//5147 
f 4519//5162 4520//5163 4506//5146 
f 4518//5161 4519//5162 4505//5145 
f 4517//5160 4518//5161 4504//5144 
f 4516//5159 4517//5160 4503//5143 
f 4515//5158 4516//5159 4502//5142 
f 4514//5157 4515//5158 4501//5141 
f 4513//5156 4514//5157 4500//5140 
f 4512//5155 4513//5156 4499//5139 
f 4511//5154 4512//5155 4498//5138 
f 4296//5153 4511//5154 4497//5137 
f 3426//5151 3431//5218 4496//5135 
f 4509//5149 4510//5150 4496//5135 
f 4508//5148 4509//5149 4495//5134 
f 4507//5147 4508//5148 4494//5133 
f 4506//5146 4507//5147 4493//5132 
f 4505//5145 4506//5146 4492//5131 
f 4504//5144 4505//5145 4491//5130 
f 4503//5143 4504//5144 4490//5129 
f 4502//5142 4503//5143 4489//5128 
f 4501//5141 4502//5142 4488//5127 
f 4500//5140 4501//5141 4487//5126 
f 4499//5139 4500//5140 4486//5125 
f 4498//5138 4499//5139 4485//5124 
f 4497//5137 4498//5138 4484//5123 
f 4300//5136 4497//5137 4483//5122 
f 4496//5135 3431//5218 3430//5120 
f 4495//5134 4496//5135 4482//5118 
f 4494//5133 4495//5134 4481//5117 
f 4493//5132 4494//5133 4480//5116 
f 4492//5131 4493//5132 4479//5115 
f 4491//5130 4492//5131 4478//5114 
f 4490//5129 4491//5130 4477//5113 
f 4489//5128 4490//5129 4476//5112 
f 4488//5127 4489//5128 4475//5111 
f 4487//5126 4488//5127 4474//5110 
f 4486//5125 4487//5126 4473//5109 
f 4485//5124 4486//5125 4472//5108 
f 4484//5123 4485//5124 4471//5107 
f 4483//5122 4484//5123 4470//5106 
f 4297//5121 4483//5122 4469//5105 
f 3429//5119 3433//5219 4468//5103 
f 4481//5117 4482//5118 4468//5103 
f 4480//5116 4481//5117 4467//5102 
f 4479//5115 4480//5116 4466//5101 
f 4478//5114 4479//5115 4465//5100 
f 4477//5113 4478//5114 4464//5099 
f 4476//5112 4477//5113 4463//5098 
f 4475//5111 4476//5112 4462//5097 
f 4474//5110 4475//5111 4461//5096 
f 4473//5109 4474//5110 4460//5095 
f 4472//5108 4473//5109 4459//5094 
f 4471//5107 4472//5108 4458//5093 
f 4470//5106 4471//5107 4457//5092 
f 4469//5105 4470//5106 4456//5091 
f 4298//5104 4469//5105 4455//5090 
f 4468//5103 3433//5219 3432//5088 
f 4467//5102 4468//5103 4454//5086 
f 4466//5101 4467//5102 4453//5085 
f 4465//5100 4466//5101 4452//5084 
f 4464//5099 4465//5100 4451//5083 
f 4463//5098 4464//5099 4450//5082 
f 4462//5097 4463//5098 4449//5081 
f 4461//5096 4462//5097 4448//5080 
f 4460//5095 4461//5096 4447//5079 
f 4459//5094 4460//5095 4446//5078 
f 4458//5093 4459//5094 4445//5077 
f 4457//5092 4458//5093 4444//5076 
f 4456//5091 4457//5092 4443//5075 
f 4455//5090 4456//5091 4442//5074 
f 4299//5089 4455//5090 4441//5073 
f 3434//5087 3437//5220 4440//5071 
f 4453//5085 4454//5086 4440//5071 
f 4452//5084 4453//5085 4439//5070 
f 4451//5083 4452//5084 4438//5069 
f 4450//5082 4451//5083 4437//5068 
f 4449//5081 4450//5082 4436//5067 
f 4448//5080 4449//5081 4435//5066 
f 4447//5079 4448//5080 4434//5065 
f 4446//5078 4447//5079 4433//5064 
f 4445//5077 4446//5078 4432//5063 
f 4444//5076 4445//5077 4431//5062 
f 4443//5075 4444//5076 4430//5061 
f 4442//5074 4443//5075 4429//5060 
f 4441//5073 4442//5074 4428//5059 
f 4293//5072 4441//5073 4427//5058 
f 4440//5071 3437//5220 3436//5056 
f 4439//5070 4440//5071 4426//5054 
f 4438//5069 4439//5070 4425//5053 
f 4437//5068 4438//5069 4424//5052 
f 4436//5067 4437//5068 4423//5051 
f 4435//5066 4436//5067 4422//5050 
f 4434//5065 4435//5066 4421//5049 
f 4433//5064 4434//5065 4420//5048 
f 4432//5063 4433//5064 4419//5047 
f 4431//5062 4432//5063 4418//5046 
f 4430//5061 4431//5062 4417//5045 
f 4429//5060 4430//5061 4416//5044 
f 4428//5059 4429//5060 4415//5043 
f 4427//5058 4428//5059 4414//5042 
f 4291//5057 4427//5058 4413//5041 
f 3435//5055 3440//5221 4412//5039 
f 4425//5053 4426//5054 4412//5039 
f 4424//5052 4425//5053 4411//5038 
f 4423//5051 4424//5052 4410//5037 
f 4422//5050 4423//5051 4409//5036 
f 4421//5049 4422//5050 4408//5035 
f 4420//5048 4421//5049 4407//5034 
f 4419//5047 4420//5048 4406//5033 
f 4418//5046 4419//5047 4405//5032 
f 4417//5045 4418//5046 4404//5031 
f 4416//5044 4417//5045 4403//5030 
f 4415//5043 4416//5044 4402//5029 
f 4414//5042 4415//5043 4401//5028 
f 4413//5041 4414//5042 4400//5027 
f 4292//5040 4413//5041 4399//5026 
f 4412//5039 3440//5221 3439//5024 
f 4411//5038 4412//5039 4398//5022 
f 4410//5037 4411//5038 4397//5021 
f 4409//5036 4410//5037 4396//5020 
f 4408//5035 4409//5036 4395//5019 
f 4407//5034 4408//5035 4394//5018 
f 4406//5033 4407//5034 4393//5017 
f 4405//5032 4406//5033 4392//5016 
f 4404//5031 4405//5032 4391//5015 
f 4403//5030 4404//5031 4390//5014 
f 4402//5029 4403//5030 4389//5013 
f 4401//5028 4402//5029 4388//5012 
f 4400//5027 4401//5028 4387//5011 
f 4399//5026 4400//5027 4386//5010 
f 4290//5025 4399//5026 4385//5009 
f 3438//5023 3443//5222 4384//5007 
f 4397//5021 4398//5022 4384//5007 
f 4396//5020 4397//5021 4383//5006 
f 4395//5019 4396//5020 4382//5005 
f 4394//5018 4395//5019 4381//5004 
f 4393//5017 4394//5018 4380//5003 
f 4392//5016 4393//5017 4379//5002 
f 4391//5015 4392//5016 4378//5001 
f 4390//5014 4391//5015 4377//5000 
f 4389//5013 4390//5014 4376//4999 
f 4388//5012 4389//5013 4375//4998 
f 4387//5011 4388//5012 4374//4997 
f 4386//5010 4387//5011 4373//4996 
f 4385//5009 4386//5010 4372//4995 
f 4284//5008 4385//5009 4371//4994 
f 4384//5007 3443//5222 3442//4991 
f 4383//5006 4384//5007 4370//4990 
f 4382//5005 4383//5006 4369//4989 
f 4381//5004 4382//5005 4368//4988 
f 4380//5003 4381//5004 4367//4987 
f 4379//5002 4380//5003 4366//4986 
f 4378//5001 4379//5002 4365//4985 
f 4377//5000 4378//5001 4364//4984 
f 4376//4999 4377//5000 4363//4983 
f 4375//4998 4376//4999 4362//4982 
f 4374//4997 4375//4998 4361//4981 
f 4373//4996 4374//4997 4360//4980 
f 4372//4995 4373//4996 4359//4979 
f 4371//4994 4372//4995 4358//4978 
f 4285//4993 4371//4994 4357//4977 
f 3441//4992 3446//5223 4356//4975 
f 4369//4989 4370//4990 4356//4975 
f 4368//4988 4369//4989 4355//4974 
f 4367//4987 4368//4988 4354//4973 
f 4366//4986 4367//4987 4353//4972 
f 4365//4985 4366//4986 4352//4971 
f 4364//4984 4365//4985 4351//4970 
f 4363//4983 4364//4984 4350//4969 
f 4362//4982 4363//4983 4349//4968 
f 4361//4981 4362//4982 4348//4967 
f 4360//4980 4361//4981 4347//4966 
f 4359//4979 4360//4980 4346//4965 
f 4358//4978 4359//4979 4345//4964 
f 4357//4977 4358//4978 4344//4963 
f 4286//4976 4357//4977 4343//4962 
f 4356//4975 3446//5223 3444//4959 
f 4355//4974 4356//4975 4342//4958 
f 4354//4973 4355//4974 4341//4957 
f 4353//4972 4354//4973 4340//4956 
f 4352//4971 4353//4972 4339//4955 
f 4351//4970 4352//4971 4338//4954 
f 4350//4969 4351//4970 4337//4953 
f 4349//4968 4350//4969 4336//4952 
f 4348//4967 4349//4968 4335//4951 
f 4347//4966 4348//4967 4334//4950 
f 4346//4965 4347//4966 4333//4949 
f 4345//4964 4346//4965 4332//4948 
f 4344//4963 4345//4964 4331//4947 
f 4343//4962 4344//4963 4330//4946 
f 4287//4961 4343//4962 4329//4945 
f 3445//4960 3447//5224 4328//4943 
f 4341//4957 4342//4958 4328//4943 
f 4340//4956 4341//4957 4327//4941 
f 4339//4955 4340//4956 4326//4939 
f 4338//4954 4339//4955 4325//4937 
f 4337//4953 4338//4954 4324//4935 
f 4336//4952 4337//4953 4323//4933 
f 4335//4951 4336//4952 4322//4931 
f 4334//4950 4335//4951 4321//4929 
f 4333//4949 4334//4950 4320//4927 
f 4332//4948 4333//4949 4319//4925 
f 4331//4947 4332//4948 4318//4923 
f 4330//4946 4331//4947 4317//4921 
f 4329//4945 4330//4946 4316//4919 
f 4288//4944 4329//4945 4315//4917 
f 4328//4943 3447//5224 3448//4942 
f 4327//4941 4328//4943 4314//4940 
f 4326//4939 4327//4941 4313//4938 
f 4325//4937 4326//4939 4312//4936 
f 4324//4935 4325//4937 4311//4934 
f 4323//4933 4324//4935 4310//4932 
f 4322//4931 4323//4933 4309//4930 
f 4321//4929 4322//4931 4308//4928 
f 4320//4927 4321//4929 4307//4926 
f 4319//4925 4320//4927 4306//4924 
f 4318//4923 4319//4925 4305//4922 
f 4317//4921 4318//4923 4304//4920 
f 4316//4919 4317//4921 4303//4918 
f 4315//4917 4316//4919 4302//4916 
f 4289//4915 4315//4917 4301//4914 
o mesh42
f 3448//5225 4553//5226 4554//5227 
f 3448//5225 4260//5228 4553//5226 
f 4314//5227 4555//5229 4556//5230 
f 4314//5227 4554//5227 4555//5229 
f 4313//5230 4557//5231 4558//5232 
f 4313//5230 4556//5230 4557//5231 
f 4312//5232 4559//5233 4560//5234 
f 4312//5232 4558//5232 4559//5233 
f 4311//5234 4561//5235 4562//5236 
f 4311//5234 4560//5234 4561//5235 
f 4310//5236 4563//5237 4564//5238 
f 4310//5236 4562//5236 4563//5237 
f 4309//5238 4564//5238 4565//5239 
f 4308//5239 4565//5239 4566//5240 
f 4307//5240 4566//5240 4567//5241 
f 4306//5241 4567//5241 4568//5242 
f 4305//5242 4568//5242 4569//5243 
f 4304//5243 4569//5243 4570//5244 
f 4303//5244 4570//5244 4571//5245 
f 4302//5245 4571//5245 4572//5246 
f 4301//5246 4572//5246 4283//5247 
f 4283//5247 4282//5247 4301//5246 
f 4572//5246 4301//5246 4302//5245 
f 4571//5245 4302//5245 4303//5244 
f 4570//5244 4303//5244 4304//5243 
f 4569//5243 4304//5243 4305//5242 
f 4568//5242 4305//5242 4306//5241 
f 4567//5241 4306//5241 4307//5240 
f 4566//5240 4307//5240 4308//5239 
f 4565//5239 4308//5239 4309//5238 
f 4564//5238 4309//5238 4310//5236 
f 4562//5236 4310//5236 4311//5234 
f 4560//5234 4311//5234 4312//5232 
f 4558//5232 4312//5232 4313//5230 
f 4556//5230 4313//5230 4314//5227 
f 4554//5227 4314//5227 3448//5225 
o mesh43
f 4281//5248 4280//5249 4554//5249 
f 4554//5249 4553//5248 4281//5248 
f 4260//5250 4019//5250 4281//5248 
f 4555//5251 4279//5251 4278//5252 
f 4555//5251 4280//5249 4279//5251 
f 4278//5252 4556//5252 4555//5251 
f 4277//5253 4276//5254 4558//5254 
f 4557//5253 4278//5252 4277//5253 
f 4558//5254 4557//5253 4277//5253 
f 4559//5255 4275//5255 4274//5256 
f 4559//5255 4276//5254 4275//5255 
f 4274//5256 4560//5256 4559//5255 
f 4273//5257 4272//5258 4562//5258 
f 4562//5258 4561//5257 4273//5257 
f 4560//5256 4274//5256 4273//5257 
f 4563//5259 4271//5259 4270//5260 
f 4270//5260 4564//5260 4563//5259 
f 4562//5258 4272//5258 4271//5259 
f 4270//5260 4269//5261 4565//5261 
f 4269//5261 4268//5262 4566//5262 
f 4566//5262 4268//5262 4267//5263 
f 4567//5263 4267//5263 4266//5264 
f 4266//5264 4265//5265 4569//5265 
f 4569//5265 4265//5265 4264//5266 
f 4570//5266 4264//5266 4263//5267 
f 4571//5267 4263//5267 4262//5268 
f 4262//5268 4261//5269 4283//5269 
f 4283//5269 4572//5268 4262//5268 
f 4262//5268 4572//5268 4571//5267 
f 4263//5267 4571//5267 4570//5266 
f 4264//5266 4570//5266 4569//5265 
f 4569//5265 4568//5270 4266//5264 
f 4266//5264 4568//5270 4567//5263 
f 4267//5263 4567//5263 4566//5262 
f 4566//5262 4565//5261 4269//5261 
f 4565//5261 4564//5260 4270//5260 
f 4563//5259 4562//5258 4271//5259 
f 4561//5257 4560//5256 4273//5257 
f 4559//5255 4558//5254 4276//5254 
f 4557//5253 4556//5252 4278//5252 
f 4555//5251 4554//5249 4280//5249 
f 4553//5248 4260//5250 4281//5248 
