# https://github.com/mikedh/trimesh
v 0.03247908 -0.06978092 0.01939448
v 0.03869215 -0.05461673 0.02700556
v 0.03160952 -0.05812042 0.01542157
v 0.03567634 -0.05438099 0.02934354
v -0.00073632 -0.06515174 0.02492550
v 0.01232598 -0.06359116 -0.02503548
v 0.02664706 -0.05757263 -0.01347741
v 0.04279940 -0.03895649 0.02869691
v 0.00579418 -0.04882857 -0.03440208
v 0.04290968 -0.03299005 0.03046106
v -0.00672985 -0.05307054 0.00495326
v 0.04650041 -0.03547122 -0.00962889
v -0.00563447 -0.04916563 0.01086810
v 0.04967132 -0.02933279 -0.02326743
v 0.02251913 -0.03696962 -0.02727588
v -0.03648493 -0.05086323 -0.00326905
v 0.00291759 -0.04101468 -0.02575293
v 0.01327794 -0.03251818 0.00925536
v 0.02638125 -0.03279073 -0.02665186
v 0.02717579 -0.03297798 -0.02785259
v 0.00444397 -0.03500322 0.01122576
v 0.00284372 -0.03500732 0.01096332
v -0.04094930 -0.04716471 0.01886574
v 0.05807139 -0.01157711 -0.00307128
v -0.02721822 -0.03778325 0.01129775
v 0.04788097 -0.01274022 -0.02577945
v 0.05395573 -0.01007288 0.02015049
v -0.00786246 -0.03082270 -0.00703341
v 0.05406243 -0.01005145 -0.01639597
v -0.02934863 -0.03429942 -0.01339848
v -0.00867454 -0.02860877 -0.00859434
v -0.01113546 -0.02506788 0.01551136
v -0.01373742 -0.02784172 -0.03828470
v -0.01247878 -0.02935758 -0.03629647
v 0.03812551 -0.00414654 0.03314957
v 0.03810611 -0.00409243 0.03314713
v 0.03811966 -0.00414837 0.03315143
v -0.04685868 -0.03480571 -0.02172127
v -0.03323919 -0.02693467 0.01076873
v -0.01161466 -0.02305856 -0.01346168
v -0.04383248 -0.02118492 0.02890601
v -0.04211367 -0.02403439 0.02824741
v -0.01806276 -0.02455544 -0.03966593
v -0.01808825 -0.02456394 -0.03968333
v -0.01805265 -0.02456099 -0.03966340
v -0.01918320 -0.02262952 -0.03791391
v -0.01917484 -0.02264598 -0.03792367
v -0.01921407 -0.02265923 -0.03792079
v -0.01916945 -0.02264277 -0.03791035
v -0.02029667 -0.02072240 -0.03616141
v -0.02030349 -0.02073090 -0.03616134
v -0.01958190 -0.02091948 -0.03616835
v 0.04733271 0.00613587 -0.02242510
v -0.01923449 -0.01787121 -0.03377234
v 0.03506982 0.00285219 -0.02993358
v -0.03313639 -0.01222069 -0.02701464
v -0.03209092 -0.01625467 -0.02543546
v -0.04451460 -0.01224054 -0.02975622
v -0.03107749 -0.00869862 -0.03801503
v -0.04495392 -0.01087186 -0.02921972
v -0.03247480 -0.00595321 -0.01673357
v 0.01624517 0.01666642 0.01926559
v 0.02699293 0.02252808 -0.00790336
v -0.02929974 0.00121130 -0.02376147
v -0.03004691 0.00711248 0.02595650
v -0.03027728 0.00774369 0.02684972
v 0.04462538 0.02844470 -0.00061541
v -0.02994915 0.00307925 -0.01137566
v 0.00878632 0.01799878 -0.02576057
v 0.02806963 0.02473778 -0.02871925
v 0.02667188 0.02064374 -0.03017798
v 0.02078448 0.02789968 0.00021525
v 0.02357594 0.02438834 -0.00073700
v 0.02317514 0.03135105 0.03114929
v -0.05294601 0.00007324 0.00324443
v -0.02121289 0.01396043 -0.00437780
v 0.02697022 0.03454043 0.02288229
v 0.02857637 0.03453490 0.02169544
v -0.02026476 0.01568339 0.00093069
v -0.01519266 0.01861762 0.01991662
v -0.04958810 0.00719216 -0.01252996
v -0.04572286 0.01330917 0.00866808
v -0.04342269 0.01396596 0.02960294
v -0.00951687 0.02742199 0.03173860
v 0.02545112 0.03221589 -0.02612505
v 0.02548779 0.03218705 -0.02611425
v 0.02941370 0.03568564 -0.01487990
v -0.03925093 0.01072872 -0.03029593
v 0.02435481 0.03412099 -0.02436244
v 0.02437313 0.03410424 -0.02436210
v -0.04840155 0.01007241 -0.01514269
v -0.01039931 0.03061807 0.03292986
v 0.02235081 0.03522681 -0.02699281
v -0.00987163 0.02565067 -0.03002532
v -0.03610795 0.01973878 -0.03265652
v -0.00403095 0.03285986 -0.00241030
v -0.03641237 0.02620295 -0.00174336
v -0.03236486 0.03002536 0.03215132
v -0.04668121 0.02140234 -0.02628526
v 0.01216574 0.04415112 -0.02926164
v 0.01574785 0.04085303 -0.02829870
v 0.01963085 0.04061334 -0.00261342
v 0.02855042 0.05099584 0.00649959
v 0.00068958 0.03960474 -0.01576424
v 0.00338397 0.03938248 -0.01697586
v -0.04567961 0.02489421 -0.02716975
v -0.03659325 0.02713579 -0.03275315
v 0.01013461 0.05052588 0.00918433
v -0.03777586 0.03177931 -0.02483064
v -0.02040340 0.04426843 0.02524005
v -0.02183132 0.04062374 0.02319378
v -0.00680595 0.04403118 -0.00942165
v 0.01104199 0.04963896 0.00800554
v -0.01496089 0.04891627 -0.02864824
v -0.01292015 0.05133935 -0.02964802
v 0.01420506 0.06698623 0.01982888
v 0.01028856 0.06288886 -0.02828340
v 0.01142639 0.06727402 0.02693005
v 0.00999236 0.07000794 0.02677113
v 0.00108805 0.06968286 0.03543235
v 0.00597827 0.07716433 0.02366964
v 0.00952659 0.07336326 0.01454315
v 0.00925680 0.07436667 0.01841612
v -0.00875954 0.06844677 -0.02377807
v -0.01017062 0.07347556 -0.02426658
v -0.00637408 0.08505526 0.02764506
v -0.00415453 0.08476095 -0.02619791
v -0.01314776 0.08071692 -0.02343561
v 0.01630340 0.02472492 -0.03157492
v 0.01374718 0.02837857 -0.03080092
v 0.01385539 0.02528764 -0.03136921
v 0.00915450 0.02612676 -0.03069181
v 0.00773413 0.02395735 -0.03038997
v 0.01309746 0.02293103 -0.03062504
v 0.02638495 0.00727807 -0.02884525
v 0.02357490 0.00974852 -0.02847361
v 0.02754182 0.01061838 -0.02973753
v 0.02204435 0.01467024 -0.02979306
v 0.02694190 0.01448713 -0.03047051
v 0.02051049 0.01805265 -0.03048902
v 0.02232916 0.02004716 -0.03078079
v 0.01487907 0.02177097 -0.03062997
v 0.02519401 0.01720976 -0.03080312
v 0.02364900 0.00898249 -0.02804811
v 0.01848485 0.01572583 -0.02818709
v 0.02363626 0.00665927 -0.02624756
v 0.00322228 0.02106462 -0.02858116
v 0.00178138 0.02348004 -0.03024254
v -0.00112194 0.02310825 -0.02975807
v -0.00287384 0.02217809 -0.02917466
v 0.00817447 0.02007090 -0.02822204
v 0.00793942 0.02242684 -0.02974124
v 0.01103315 0.01845973 -0.02744171
v 0.01154247 0.02071982 -0.02926111
v 0.01259922 0.01768553 -0.02724710
v -0.00457817 0.02268396 -0.02933952
v -0.00537662 0.02190760 -0.02887258
v -0.00400571 0.02465545 -0.02992542
v -0.00754983 0.02146887 -0.02890539
v -0.00174475 0.02090171 -0.02815151
v 0.01727457 0.02115868 -0.03110688
v 0.01604078 0.01807175 -0.02876586
v 0.02015663 0.01711154 -0.03010544
v 0.01591574 0.01746876 -0.02821777
v 0.00183519 0.02026306 -0.02747505
v 0.00143557 0.01878676 -0.02492149
v 0.01730831 0.01361621 -0.02405506
v -0.00026665 0.01902200 -0.02590322
v 0.00567681 0.01904446 -0.02625144
v 0.01815984 0.01393636 -0.02633865
v 0.04105581 -0.00982858 -0.02995618
v 0.04325951 -0.01596790 -0.02884686
v 0.04733332 -0.00988044 -0.02592267
v 0.04763347 -0.01708096 -0.02598905
v 0.04272413 -0.01729729 -0.02905151
v 0.04268911 -0.02121701 -0.02912544
v 0.04767248 -0.02342659 -0.02699542
v 0.04311199 -0.02401103 -0.02920788
v 0.04436535 -0.01147758 -0.02782407
v 0.04842087 -0.02062880 -0.02569075
v 0.04505036 -0.00574575 -0.02662134
v 0.04356630 -0.00041049 -0.02718094
v 0.04428829 -0.00106670 -0.02673832
v 0.04270224 -0.00415069 -0.02793497
v 0.04060199 0.00154269 -0.02877896
v 0.04135448 0.00437376 -0.02803623
v 0.04148173 -0.00933860 -0.02961939
v 0.04580519 0.00312899 -0.02532703
v 0.04922809 -0.01488571 -0.02473355
v 0.04141221 -0.01381347 -0.02993268
v 0.04927823 -0.02109669 -0.02510667
v 0.04632062 0.00406791 -0.02465191
v 0.04004172 -0.01854352 -0.03018650
v 0.04458764 0.00847286 -0.02509368
v 0.04091643 -0.00768989 -0.02971124
v 0.04787697 -0.00224893 -0.02385533
v 0.04731123 -0.00433618 -0.02475016
v 0.05010433 -0.01854185 -0.02364384
v 0.04950589 -0.01042413 -0.02378874
v 0.04935072 -0.00774321 -0.02356563
v 0.04886231 -0.02808577 -0.02596552
v 0.04716140 -0.03541502 -0.02355326
v 0.04745986 -0.03019168 -0.02673961
v 0.04461921 -0.03647538 -0.02720527
v 0.04196260 -0.04333957 -0.02655693
v 0.04102194 -0.04510706 -0.02708691
v 0.04392191 -0.04019226 -0.02453964
v 0.04007835 -0.04402013 -0.02894065
v 0.03969322 -0.05006073 -0.02822731
v 0.03788849 -0.05319976 -0.02983164
v 0.03755349 -0.04729535 -0.03080689
v 0.03318491 -0.06116336 -0.03272100
v 0.03319453 -0.05945612 -0.03308120
v 0.03261319 -0.02810464 -0.03049509
v 0.03414975 -0.02036946 -0.03094849
v 0.03327153 -0.02659874 -0.03070126
v 0.03373245 -0.01703640 -0.03069751
v 0.03275253 -0.01062658 -0.03042367
v 0.03365635 -0.00664363 -0.03102658
v 0.03152015 -0.00509339 -0.02999398
v 0.03006727 -0.00200063 -0.02943489
v 0.03009848 0.00447839 -0.03001101
v 0.03480847 -0.00757127 -0.03137600
v 0.02627407 0.00357175 -0.02726031
v 0.02801174 0.00352957 -0.02892315
v 0.03457247 0.01053970 -0.02989766
v 0.03333583 0.01273070 -0.02994577
v 0.03876503 0.00872988 -0.02846477
v 0.03305741 0.01209179 -0.03011481
v 0.03923596 0.00665584 -0.02858995
v 0.04793006 -0.02812305 -0.02692143
v 0.04648557 -0.03031667 -0.02782220
v 0.04658974 -0.02792842 -0.02831951
v 0.04727865 -0.02621035 -0.02777019
v 0.04491334 -0.03093811 -0.02882697
v 0.03949645 -0.03364342 -0.03067505
v 0.03788893 -0.02737584 -0.03096729
v 0.04189171 -0.01771327 -0.02947137
v 0.03790376 -0.00487096 -0.03049338
v 0.03384211 0.00577528 -0.02992045
v 0.03718344 0.00542128 -0.02954729
v 0.03225532 0.00090182 -0.03008052
v 0.03961991 -0.00520740 -0.02997366
v 0.03187286 -0.00016653 -0.03005524
v 0.03076302 0.00955042 -0.03040197
v 0.03656504 -0.00703235 -0.03099138
v 0.03511326 -0.00977233 -0.03134482
v 0.03864295 -0.01346349 -0.03094674
v 0.03518585 -0.01430628 -0.03121049
v 0.03500713 -0.01933985 -0.03099669
v 0.03957575 -0.02578536 -0.03058060
v 0.03707445 -0.02503611 -0.03101579
v 0.03520180 -0.03122279 -0.03155306
v 0.03277902 -0.03261055 -0.03160893
v 0.03250842 -0.03614845 -0.03183594
v 0.03907094 -0.03900779 -0.03087483
v 0.03656705 -0.04097991 -0.03176181
v 0.03211448 -0.03244520 -0.03147819
v 0.03493680 -0.04250015 -0.03192731
v 0.02947492 -0.04067533 -0.03250439
v 0.02557190 -0.04424201 -0.03263581
v 0.03591219 -0.04923837 -0.03141562
v 0.02464338 -0.04757311 -0.03225198
v 0.03154523 -0.05741899 -0.03291286
v 0.03548492 -0.05615783 -0.03226769
v 0.03003932 -0.04714116 -0.03199201
v 0.02939770 -0.03804312 -0.03194191
v 0.04162707 -0.03485457 -0.02959425
v 0.04396621 -0.03723849 -0.02744988
v -0.00258203 0.04073593 -0.01242747
v -0.00389340 0.04189099 -0.01449025
v -0.00608420 0.04579601 -0.01546142
v -0.00595673 0.04083495 -0.01953465
v -0.00219701 0.03694484 -0.01806359
v -0.00639779 0.04339216 -0.01962380
v -0.00523178 0.04419829 -0.01316014
v -0.00394721 0.04372752 -0.01033190
v -0.00353728 0.04296051 -0.01038934
v -0.00091931 0.03601919 -0.01856427
v -0.00254215 0.04016520 -0.01477070
v -0.00837151 0.04647490 -0.01228454
v -0.00624175 0.04504307 -0.01835007
v -0.00455875 0.04726301 -0.01817497
v -0.00071304 -0.03121491 0.01442997
v -0.00162344 -0.02893801 0.01365478
v -0.00010814 -0.03561433 0.01508988
v 0.00057855 -0.03805311 0.01525803
v 0.00486768 -0.03567886 0.01162360
v 0.00373385 -0.03886396 0.01374366
v 0.00001671 -0.03900517 0.01571880
v -0.00171429 -0.03317515 0.01592669
v -0.00315972 -0.02904765 0.01526986
v -0.00313013 -0.02806412 0.01359082
v -0.00392755 -0.03354175 0.01676713
v -0.00562880 -0.03151911 0.01801007
v -0.00771355 -0.03488743 0.01852946
v 0.00827888 -0.03701494 0.01190843
v 0.00658980 -0.03435349 0.01034486
v -0.00407815 -0.03850368 0.01608320
v 0.00655412 -0.03297724 0.00886165
v 0.00262682 -0.04147295 0.01707951
v 0.00924437 -0.03300560 0.00931113
v -0.00704379 -0.03135994 0.02003436
v -0.00882619 -0.02897360 0.02084686
v -0.01019210 -0.02817777 0.01985686
v -0.01043901 -0.03273658 0.02395155
v -0.00948100 -0.03423066 0.02430455
v -0.00605517 -0.03006261 0.01661375
v -0.01106319 -0.03526607 0.02761709
v -0.01087509 -0.03644908 0.02812496
v 0.00074587 -0.04283215 0.02004199
v -0.00854364 -0.03651273 0.02582727
v -0.00871406 -0.03363102 0.02155654
v -0.00572353 -0.02865287 0.01453565
v 0.00583537 -0.04096344 0.01406025
v -0.00849410 -0.03953793 0.02867737
v -0.00697277 -0.03801205 0.02575349
v -0.00563003 -0.03896575 0.02737703
v 0.00581718 -0.04299730 0.01840717
v 0.00805753 -0.04428668 0.02224334
v 0.00189435 -0.04331716 0.02233755
v 0.00824744 -0.04016725 0.01349793
v 0.01123997 -0.03561395 0.01173438
v -0.01147250 0.08329290 -0.00459984
v -0.00609762 0.08706056 -0.00620726
v -0.00776324 0.08627059 -0.00833496
v -0.01072214 0.08402349 -0.00904745
v -0.00691314 0.08648308 -0.00270213
v -0.00814926 0.08590087 -0.00434772
v -0.00718169 0.08621297 0.00126774
v -0.00978372 0.08510053 -0.00967865
v -0.00885565 0.08577556 -0.01057025
v -0.00592841 0.08661490 0.00030056
v -0.01065589 0.08394406 0.00029148
v -0.00641064 0.08770660 -0.01431491
v -0.00703817 0.08761546 -0.01614171
v -0.00961038 0.08603785 -0.02297387
v -0.00898721 0.08636203 -0.01731913
v -0.00972215 0.08539336 -0.02550569
v -0.01086315 0.08371368 0.00340634
v -0.01025961 0.08405988 0.00607363
v -0.00799743 0.08606130 0.00389018
v -0.00715371 0.08638006 0.01039328
v -0.00678679 0.08624533 0.00776941
v -0.00777674 0.08565571 0.00603400
v -0.00822162 0.08514344 0.01308569
v -0.01195068 0.08344253 -0.02436376
v -0.00692842 0.08650778 0.01494119
v -0.00589280 0.08664604 -0.01875703
v -0.01176393 0.08309908 -0.01432375
v -0.00645077 0.08596522 0.01706438
v -0.00874791 0.08405721 0.01528837
v -0.01095099 0.08128195 0.01538943
v -0.01023596 0.08244426 0.01085829
v -0.01167700 0.08152275 0.01865961
v -0.00909133 0.08376299 0.01765973
v -0.00731541 0.08496977 0.01870982
v -0.01013598 0.08308121 0.00962861
v -0.01137749 0.08094662 0.01056461
v -0.01169212 0.08249040 -0.01181266
v -0.01166325 0.08286660 -0.01004659
v -0.01200697 0.08149989 0.00042406
v -0.01254728 0.07846283 -0.00015916
v -0.01239047 0.07900037 0.01533384
v -0.01411467 0.08098543 0.02470042
v -0.01217352 0.08364857 0.02648609
v -0.01042692 0.08466846 0.02598911
v -0.00939538 0.08512658 0.02781412
v -0.00887762 0.08484561 0.02841638
v -0.00821015 0.08529367 0.02485680
v -0.00701157 0.08472015 0.02063804
v -0.00585762 0.08651485 0.00459693
v -0.00795902 0.08481229 0.02153894
v -0.01349537 0.07920740 0.02027516
v -0.00508084 0.08618718 0.00122233
v -0.00824739 0.08353119 0.03015792
v -0.00500067 0.08500474 0.02522130
v 0.00969232 0.02972823 -0.00207893
v 0.00759903 0.03017402 -0.00594371
v 0.00600239 0.03090363 -0.00609381
v 0.00488639 0.03017626 -0.00017657
v 0.00464932 0.03065722 0.00305344
v 0.01127408 0.02937492 0.00038651
v 0.01290881 0.02884164 0.00063696
v 0.00937855 0.02888284 0.00367453
v 0.00794960 0.02943165 0.00573973
v 0.01099565 0.02812378 0.00589802
v 0.01176056 0.02838293 0.00356937
v 0.01500057 0.02821223 0.00460484
v 0.01073668 0.02826098 0.01074161
v 0.01346267 0.02833113 0.00133938
v 0.01453961 0.02728909 0.00885135
v 0.01264127 0.02962526 -0.00214875
v 0.01785031 0.02934551 -0.00104290
v 0.01551892 0.02930571 -0.00095009
v 0.01930078 0.02874700 0.00353591
v 0.01929196 0.02911929 0.00157715
v 0.02256929 0.02830623 0.00202501
v 0.00205964 0.03054229 -0.00497899
v 0.00120927 0.03012548 -0.00258322
v 0.00534120 0.03047962 -0.00167582
v 0.00252131 0.03106380 -0.00752386
v -0.00287262 0.03105284 -0.00411858
v -0.00381147 0.03093081 -0.00225225
v 0.00013229 0.03097924 -0.00796328
v -0.00000368 0.03025862 0.00071873
v 0.01504445 0.02907786 -0.00416389
v -0.00589312 0.03187748 -0.00389733
v -0.00625966 0.03189886 -0.00423251
v -0.00389608 0.03165379 -0.00929298
v -0.00249301 0.03162921 0.00051959
v 0.01020591 0.02847166 -0.00682451
v 0.01104204 0.02896448 -0.00911156
v -0.00239224 0.03060452 -0.01018300
v -0.00293060 0.03043886 -0.01331918
v -0.00348326 0.03084648 -0.01242200
v -0.01075777 0.03006100 -0.00737353
v -0.01380728 0.02861217 -0.01093588
v -0.00736957 0.02956800 -0.01555693
v -0.00870310 0.02979035 -0.01641891
v -0.01493513 0.02798747 -0.01298379
v 0.01389690 0.02746616 -0.00779095
v 0.00917756 0.03008581 -0.00911438
v 0.01923448 0.02798270 -0.00269078
v 0.02328458 0.02915718 0.00605182
v -0.01632638 0.02864201 -0.01496311
v 0.00598060 0.03062067 0.00458557
v 0.01871050 0.02682927 -0.00674332
v 0.02188918 0.02535212 -0.00426838
v 0.02110038 0.02496553 -0.00871702
v 0.02541182 0.02315756 -0.00261612
v 0.02985008 0.02133574 0.00192643
v 0.02782620 0.02211930 -0.00122573
v 0.02904138 0.02143352 -0.00362759
v 0.02601637 0.02214986 -0.00642700
v 0.02413271 0.02337333 -0.00953067
v 0.02949762 0.02183035 0.00208728
v 0.02709128 0.02562506 0.00386509
v -0.01501886 0.03059684 -0.00899251
v 0.02647681 0.02776665 0.00503290
v 0.02125545 0.02616475 -0.00274755
v -0.01435122 0.03102390 -0.00805615
v 0.01616757 0.02810520 0.01074494
v 0.02826548 0.02521211 0.00370615
v -0.01657171 0.02974817 -0.01230842
v 0.02398807 0.02520371 0.00074491
v 0.01903673 0.02724508 -0.00788405
v 0.01573909 0.02833880 -0.00776807
v -0.00039250 0.03114397 -0.01665806
v -0.00547140 0.03059517 -0.01553216
v -0.00757398 0.03248746 -0.01586343
v -0.01292013 0.03094386 -0.01806423
v -0.01003171 0.03347799 -0.01602662
v -0.01254287 0.03490624 -0.01706740
v -0.01369510 0.03233878 -0.01745176
v -0.00266098 0.03722244 -0.01299610
v -0.01287267 0.03497723 -0.01461756
v -0.00704196 0.03998605 -0.01148581
v -0.00287262 0.03226253 -0.01616875
v -0.00574505 0.04099429 -0.00910938
v -0.00273014 0.03577612 -0.01488280
v -0.00480747 0.03978331 -0.01147808
v -0.00853228 0.03631815 -0.01222931
v -0.00914003 0.03586390 -0.01157376
v 0.01125325 0.05293841 -0.00854695
v 0.00755776 0.05512330 -0.01216312
v 0.00940208 0.05741638 -0.01557063
v 0.00964567 0.05608611 -0.01288676
v 0.00603312 0.05542681 -0.01197995
v 0.00962017 0.05196152 -0.00578660
v 0.00800265 0.05165853 -0.00258682
v 0.00377439 0.05685839 -0.01414972
v 0.01112178 0.05247785 -0.00470728
v 0.00683962 0.05656158 -0.01655117
v 0.00361512 0.05521707 -0.01715906
v 0.00000178 -0.03868053 0.02667033
v 0.00190674 -0.03821357 0.02712037
v 0.00542187 -0.03721754 0.02792546
v 0.00043706 -0.03924244 0.02475406
v -0.00293765 -0.04049953 0.02441944
v 0.00879036 -0.03790907 0.02851540
v 0.00846981 -0.03848426 0.02660103
v -0.00855962 -0.03766375 0.02403584
v -0.00145975 -0.03951052 0.02895438
v 0.00904546 -0.03834006 0.02707194
v -0.00351644 -0.04466804 0.02298684
v 0.05557465 -0.02159958 -0.00768933
v 0.05506935 -0.02180898 -0.01112341
v 0.05683949 -0.01689881 -0.00941894
v 0.05677418 -0.01883138 -0.00527602
v 0.05755793 -0.01740609 -0.00101488
v 0.05780802 -0.01722434 0.00084612
v 0.05725331 -0.01332771 -0.01101392
v 0.05780909 -0.01282332 -0.00600674
v 0.05749050 -0.01594099 -0.00507174
v 0.05760615 -0.01254112 -0.00960536
v 0.05798836 -0.01621117 0.00326299
v 0.05869325 -0.01167227 0.00359424
v 0.05819945 -0.01231559 -0.00039773
v 0.05798470 -0.01001611 -0.00516401
v 0.05868224 -0.01071797 0.00324693
v 0.05657069 -0.01635884 -0.01253179
v 0.05822906 -0.00856773 -0.00085610
v 0.05786885 -0.00868467 -0.00720514
v 0.05755516 -0.01036974 -0.00950742
v 0.05790003 -0.00618110 -0.00183061
v 0.05867329 -0.01078426 0.00476602
v 0.05766749 -0.00395238 -0.00242601
v 0.05672429 -0.00449405 -0.00930778
v 0.05643993 -0.00493031 -0.01035923
v 0.05759533 -0.00112575 0.00115567
v 0.05792909 -0.00426267 0.00466838
v 0.05786596 -0.00425210 0.00747937
v 0.05805773 -0.00536526 0.00362629
v 0.05726958 -0.00149139 -0.00441204
v 0.05732764 -0.00056353 -0.00364514
v 0.05560333 -0.01375906 -0.01464511
v 0.04392434 -0.00514818 0.03066437
v 0.04614281 -0.00005197 0.02820146
v 0.04673231 0.00022940 0.02783279
v 0.04236727 -0.00779201 0.03175576
v 0.04415659 -0.00737197 0.03058965
v 0.04942376 -0.00392084 0.02630207
v 0.04854075 -0.00388073 0.02698205
v 0.04655944 -0.00604001 0.02848013
v 0.04847487 0.00294931 0.02607808
v 0.04412425 -0.01103837 0.03062939
v 0.04485100 -0.00852536 0.02996546
v 0.04564700 -0.01362538 0.02928634
v 0.04613790 -0.01247774 0.02894086
v 0.04800876 -0.00905844 0.02712742
v 0.04998638 -0.00949880 0.02575584
v 0.04824599 -0.00801984 0.02699485
v 0.04624963 -0.01414274 0.02882039
v 0.04926448 -0.01356276 0.02642348
v 0.04602691 -0.01670797 0.02911558
v 0.04574123 -0.01820847 0.02927264
v 0.05166120 -0.00752635 0.02411267
v 0.04248134 -0.01427226 0.03143591
v 0.05046893 -0.01721526 0.02519669
v 0.04444572 -0.01928808 0.03001269
v 0.04445409 -0.01973973 0.03015728
v 0.04636086 -0.01885429 0.02870540
v 0.04979728 -0.02138226 0.02515344
v 0.04940745 -0.01810061 0.02604577
v 0.03920365 -0.01263128 0.03363284
v 0.04476481 -0.02247179 0.02966483
v 0.05155709 -0.01273908 0.02407531
v 0.03976883 -0.01530625 0.03305301
v 0.04235549 -0.01654099 0.03135630
v 0.03961314 -0.01893046 0.03286920
v 0.04174407 -0.02224038 0.03164801
v 0.04164136 -0.02391474 0.03166468
v 0.04390793 -0.02372771 0.02998367
v 0.04081055 -0.02606581 0.03174616
v 0.04340332 -0.02625370 0.03061052
v 0.03764105 -0.02414413 0.03381294
v 0.03816284 -0.00963145 0.03386349
v 0.04546473 -0.02636847 0.02866888
v 0.03774570 -0.02699213 0.03348458
v 0.04298585 -0.03068425 0.03096042
v 0.03820000 -0.03283531 0.03328526
v 0.03519733 -0.02671017 0.03460359
v 0.03945060 -0.03432801 0.03244355
v 0.03686697 -0.01960396 0.03408768
v 0.04064632 -0.00417159 0.03242999
v 0.04629908 -0.02336693 0.02844354
v 0.03835118 -0.01671265 0.03335560
v 0.03879729 -0.00603014 0.03324853
v 0.04617090 0.00440860 0.02715119
v 0.05069914 0.00265125 0.02382610
v 0.05039976 -0.00212590 0.02500643
v 0.05046465 -0.00284190 0.02499462
v 0.05377919 -0.00386088 0.02103316
v 0.04889544 0.00527753 0.02478603
v 0.04228906 0.00313209 0.02978051
v 0.04334648 -0.00092519 0.03031977
v 0.04060610 0.00392419 0.03055698
v 0.04155747 0.00837943 0.02884830
v 0.04505701 0.00851874 0.02645410
v 0.03795134 -0.00187278 0.03288481
v 0.03596630 -0.00479760 0.03407656
v 0.03478611 0.00031620 0.03318461
v 0.03766811 -0.00219343 0.03300648
v 0.03793414 0.00418679 0.03153183
v 0.03963973 0.01084495 0.02906218
v 0.03720698 0.01221377 0.02993345
v 0.03651274 0.00039897 0.03277878
v 0.03351603 0.01267112 0.03110581
v 0.03670487 -0.01580133 0.03401392
v 0.03221566 0.01579722 0.03119681
v 0.03082705 0.01834128 0.03131664
v 0.03340104 0.02027599 0.02968640
v 0.03654834 0.01565998 0.02950149
v 0.03795294 0.00962839 0.03020034
v 0.03658174 0.02177068 0.02711648
v 0.03535621 0.00945547 0.03084801
v 0.02626429 0.02054227 0.03176039
v 0.02546027 0.02352297 0.03149713
v 0.02267357 0.02007240 0.03280697
v 0.02307668 0.02505207 0.03223736
v 0.02062589 0.02641024 0.03270930
v 0.02034657 0.03002099 0.03235387
v 0.02005559 0.03551224 0.03188237
v 0.01775834 0.03108027 0.03291038
v 0.02893951 0.02231814 0.03042175
v 0.02687599 0.02776548 0.02995404
v 0.01713972 0.03921760 0.03191420
v 0.03320254 0.02167095 0.02904192
v 0.01869824 0.03821318 0.03168322
v 0.02135026 0.03811172 0.03078952
v 0.01781389 0.03981765 0.03190970
v 0.01736365 0.04172370 0.03157786
v 0.01719061 0.04616349 0.03085707
v 0.03257631 0.00828242 0.03146951
v 0.01417261 0.04830723 0.03178685
v 0.03505549 -0.00887155 0.03422531
v 0.02417686 0.02908384 0.03103841
v 0.03276904 0.00667743 0.03167596
v 0.03353937 0.00287762 0.03238342
v 0.01060577 0.03871930 0.03278987
v 0.03225319 -0.02182912 0.03417780
v 0.01653523 0.04325134 0.03175640
v 0.00870044 0.05432230 0.03369546
v 0.00997546 0.05167530 0.03291422
v 0.01206480 0.05518320 0.03194303
v 0.01340669 0.05068014 0.03145691
v 0.01311397 0.05591319 0.03113236
v 0.01448480 0.04585861 0.03240207
v 0.01402090 0.04485518 0.03271761
v 0.01217407 0.04395224 0.03291236
v 0.00341773 0.05870327 0.03555893
v 0.00353126 0.05854601 0.03550819
v 0.00664730 0.06136451 0.03463211
v 0.00944094 0.06028041 0.03355641
v 0.00975564 0.05820760 0.03375112
v 0.02944433 0.02814499 0.02808977
v 0.01705314 0.05210740 0.02848666
v 0.01582050 0.05745590 0.02869330
v 0.03488457 -0.01323646 0.03405399
v 0.03990497 0.01375373 0.02806588
v 0.03162872 -0.02835425 0.03468165
v 0.03529489 -0.02341461 0.03443470
v 0.02886431 0.00455700 0.03136532
v 0.02523197 0.03140597 0.02938957
v 0.04777542 0.00836363 0.02425408
v 0.03305349 -0.03884685 0.03383741
v 0.03559242 -0.03452890 0.03422942
v 0.03566100 -0.00562842 0.03424857
v 0.03400209 0.02575615 0.02627024
v 0.03200032 0.02431409 0.02849942
v 0.03692277 -0.04124565 0.03149298
v 0.03517720 -0.04431202 0.03101953
v 0.00502031 0.06353802 0.03609290
v 0.00509235 0.06589716 0.03529324
v 0.03728088 -0.03835754 0.03248559
v 0.05623552 -0.01757412 -0.01308011
v 0.05499512 -0.02011033 -0.01390787
v 0.05372682 -0.01953045 -0.01679122
v 0.05271417 -0.02069406 -0.01837034
v 0.05343900 -0.02310879 -0.01435664
v 0.05256125 -0.02348671 -0.01663646
v 0.05230763 -0.02152472 -0.01871866
v 0.05190175 -0.02001490 -0.02060143
v 0.05117586 -0.02473739 -0.02077945
v 0.05074875 -0.02074146 -0.02302870
v 0.05008661 -0.02700159 -0.02321108
v 0.04969940 -0.02458487 -0.02481902
v 0.01283439 0.03921609 0.01130669
v 0.01490393 0.04166467 0.01051822
v 0.01377584 0.03801540 0.01089113
v 0.01343616 0.04436505 0.01027187
v 0.01177651 0.03983137 0.01159110
v 0.01105285 0.04130096 0.01366419
v 0.01210612 0.04632081 0.01265124
v 0.01228193 0.04653022 0.01404301
v 0.01506564 0.04112736 -0.01583786
v 0.01355976 0.04768010 -0.01398800
v 0.01256880 0.04789914 -0.01511232
v 0.01368274 0.04564184 -0.01607538
v 0.01174163 0.05173851 -0.01740333
v 0.01461201 0.04679217 -0.01116307
v 0.01466467 0.04498346 -0.00977551
v 0.01509857 0.04329212 -0.00828662
v 0.01564291 0.04763870 -0.00841754
v 0.01333211 0.04359473 -0.01106304
v 0.01472581 0.04355880 -0.01332001
v 0.02419006 0.03300049 0.00647026
v 0.02352995 0.03484609 0.00451928
v 0.01953519 0.04229276 0.00158186
v 0.01906387 0.04147636 0.00302786
v 0.01828611 0.04356558 0.00087462
v 0.01996353 0.04153061 0.00237115
v 0.01897740 0.03779007 0.00621566
v 0.01689436 0.04464916 0.00266611
v 0.01545628 0.04728365 -0.00095890
v 0.01698179 0.03907294 0.00880914
v 0.01577716 0.04148780 0.00799940
v 0.01534956 0.04667932 0.00409461
v 0.01452519 0.04800928 0.00385293
v 0.01442469 0.04722446 0.00580794
v 0.01409154 0.04466156 0.00812837
v 0.02156836 0.03608548 0.00606468
v 0.02046462 0.03913139 -0.00382926
v 0.01615146 0.04619071 -0.00163716
v 0.02168735 0.03912031 -0.00096019
v 0.01427404 0.04819102 0.00010022
v 0.02405630 0.03382796 -0.00330708
v 0.02621023 0.03158972 -0.00156039
v 0.01364970 0.05132844 -0.00489497
v 0.01564488 0.04793566 -0.00796451
v 0.01386004 0.05149679 -0.00810035
v 0.01264730 0.05399439 -0.01155995
v 0.01442948 0.05062923 -0.00872952
v 0.01179308 0.05486093 -0.01424996
v 0.01674329 0.04441801 -0.00286293
v 0.01348229 0.05141100 -0.01324185
v 0.01241550 0.05032031 -0.00086162
v 0.01198355 0.05178234 -0.01696585
v 0.01086477 0.05578730 -0.01683511
v 0.01741173 0.04315258 -0.00551551
v 0.02325443 -0.07061150 0.02400897
v 0.02406230 -0.06906727 0.02771974
v 0.02201469 -0.06843222 0.02697599
v 0.02206723 -0.06747353 0.02830071
v 0.01820055 -0.06477317 0.02914092
v 0.02169509 -0.06950061 0.02398030
v 0.02959921 -0.07126122 0.02617062
v 0.02632765 -0.07138473 0.02233119
v 0.02752110 -0.07102760 0.02698037
v 0.02863632 -0.07234688 0.02222709
v 0.01766605 -0.06640793 0.01990695
v 0.01246190 -0.06487502 0.02268971
v 0.02064898 -0.06843397 0.02226583
v 0.03150801 -0.07080540 0.02662179
v 0.03032997 -0.07307479 0.02167890
v 0.02326623 -0.06814908 0.02010961
v 0.00937412 0.03826406 0.00490840
v 0.00942931 0.03629183 0.00337535
v 0.00659736 0.04044477 0.00418248
v 0.01032351 0.03825729 0.00679151
v 0.00813750 0.04013502 0.00690295
v 0.00853967 0.04054998 0.00874090
v 0.00591487 0.04111974 0.00612311
v 0.01197964 0.03759224 0.00863013
v 0.01140213 0.03981932 0.01165668
v 0.00854675 0.04091212 0.01070907
v 0.01402976 0.03644444 0.00795873
v 0.00564570 0.04193148 0.00763647
v 0.01664341 0.03406477 0.00692819
v 0.01159287 0.03465411 0.00551802
v -0.00870999 -0.05640695 0.01134866
v -0.01261289 -0.05947356 0.01442932
v -0.00381051 -0.05150910 0.01368688
v -0.00361665 -0.05099210 0.01057432
v -0.00378611 -0.05333437 0.01757728
v -0.00457876 -0.05116370 0.00951233
v -0.01146326 -0.05803185 0.01120935
v -0.00752633 -0.05549103 0.00892871
v -0.01062201 -0.05364309 0.00534204
v -0.01308059 -0.06000028 0.01500599
v -0.00585337 -0.05431385 0.01791035
v 0.05439564 -0.02266815 -0.01222618
v -0.01392202 -0.02961101 -0.04005242
v -0.01821126 -0.02909958 -0.03901384
v -0.01590243 -0.02816008 -0.04092139
v -0.01572533 -0.03006695 -0.03900101
v -0.01314529 -0.03293752 -0.04029018
v -0.01532358 -0.04869567 0.00674176
v -0.00216117 0.03984839 -0.02059864
v 0.01355866 0.04168245 -0.01807453
v 0.01110166 0.04276779 -0.01899375
v 0.01053872 0.04593824 -0.01844839
v 0.00911460 0.05449821 -0.01881819
v -0.00059021 0.04922162 -0.02090806
v 0.00318738 0.04768076 -0.02078619
v 0.00359573 0.04956802 -0.02069172
v 0.00686368 0.04340983 -0.02016849
v 0.00711752 0.04758930 -0.02010337
v 0.00665792 0.05193882 -0.02001892
v 0.00195765 0.04407822 -0.01993297
v -0.00260221 0.04582230 -0.02087482
v 0.00107427 0.04356842 -0.01986003
v 0.00060591 0.03637673 -0.01941990
v 0.00026531 0.04329786 -0.01977477
v -0.00411690 0.04430190 -0.02070366
v 0.00286832 0.05362839 -0.01962768
v 0.00554615 0.05477497 -0.01917424
v -0.00029011 0.05303621 -0.01854868
v -0.00474861 0.04830936 -0.01725272
v -0.00156117 0.05133871 -0.01845212
v 0.00022486 0.05409488 -0.01797085
v -0.01336257 -0.05531587 0.01813233
v -0.01009426 -0.05066966 0.01857876
v -0.01376127 -0.04903102 0.01741558
v -0.01681723 -0.05078634 0.01521365
v -0.00788767 -0.05437218 0.01842523
v -0.01608121 -0.04789211 0.01685135
v -0.00708273 -0.05087849 0.01825143
v -0.01064964 -0.04763756 0.01592711
v -0.00420134 -0.04932542 0.01439060
v -0.01435987 -0.04765101 0.01889151
v -0.02249811 -0.01435834 -0.02796938
v -0.02345104 -0.01417462 -0.02362912
v -0.02217057 -0.01336102 -0.02701366
v -0.02064986 -0.01249016 -0.02388560
v -0.02065684 -0.01228411 -0.01994293
v -0.02061785 -0.01373017 -0.02928609
v -0.01888059 -0.01291794 -0.02631225
v -0.01900090 -0.01552927 -0.03123231
v -0.02111742 -0.01596842 -0.03118954
v -0.01368867 0.07652857 0.02976123
v -0.01313273 0.08119487 0.02918202
v -0.01405159 0.07954153 0.02792091
v -0.01463468 0.07878731 0.02541215
v -0.01439945 0.07832892 0.02456783
v -0.01085419 0.07910202 0.03291033
v -0.00990583 0.07958674 0.03285007
v -0.00850484 0.08165252 0.03185844
v -0.00609937 0.07948807 0.03424487
v -0.05194350 -0.00994673 0.02178722
v -0.05513943 -0.01601965 0.02322014
v -0.05211850 -0.01104397 0.02292571
v -0.05260363 -0.01017512 0.02010511
v -0.05384871 -0.01133886 0.01796675
v -0.05335821 -0.00951707 0.01746169
v -0.05266278 -0.01269990 0.02389248
v -0.05310004 -0.01551424 0.02521096
v -0.05048213 -0.00805901 0.02600495
v -0.00618349 0.03644101 -0.00725988
v -0.00737779 0.03406886 -0.00796398
v -0.01688562 -0.05327432 0.00847193
v -0.01673654 -0.05192201 0.00678513
v -0.02078699 -0.05181239 0.00499075
v -0.02229876 -0.05431430 0.00750764
v -0.01983391 -0.05703358 0.01254745
v -0.02137281 -0.06026687 0.01539511
v -0.01617067 -0.05800110 0.01307429
v -0.01961254 -0.06301729 0.01828330
v -0.01478916 -0.06124857 0.01596128
v -0.01487827 -0.06344373 0.01789358
v -0.01254953 -0.06456087 0.02200847
v -0.02585780 -0.05991009 0.01184880
v -0.02919623 -0.05566361 0.00976138
v -0.03065433 -0.05866468 0.01417492
v -0.02631850 -0.05719802 0.00940187
v -0.03336780 -0.05433061 0.01085896
v -0.02921527 -0.05515279 0.00838856
v -0.01771772 -0.05723999 -0.01867878
v -0.01596803 -0.05941721 -0.02022178
v -0.01071774 -0.06087031 -0.01763526
v -0.01092068 -0.05806195 -0.01608196
v -0.01297015 -0.05647236 -0.01587781
v -0.02361139 -0.05587431 -0.02076254
v -0.01831366 -0.05437400 -0.01582406
v -0.01563046 -0.05534506 -0.01661665
v -0.01099482 -0.05501737 -0.01233294
v -0.00844431 -0.05932394 -0.01434874
v -0.01363713 -0.05447067 -0.01284254
v -0.01521806 -0.05354598 -0.01062047
v -0.01224884 -0.06166327 -0.02314014
v -0.02156818 -0.05439965 -0.01716233
v -0.02688616 -0.05474317 -0.01911136
v -0.02033254 -0.05281244 -0.01311664
v -0.01868126 -0.05225702 -0.01006906
v -0.02220350 -0.05348717 -0.01386010
v -0.01930456 -0.05785702 -0.02428177
v -0.01527139 -0.05324379 -0.00803771
v -0.02357943 -0.05596530 -0.02407758
v -0.02191766 -0.05074983 -0.00873863
v -0.02410565 -0.05417456 -0.01572614
v -0.02094470 -0.05077708 -0.00440566
v -0.01407856 -0.05359151 -0.00477701
v -0.01325593 -0.05356831 -0.00338057
v -0.01175872 -0.05462176 -0.00361610
v -0.01173965 -0.05502706 0.00116527
v -0.01011562 -0.05489368 -0.00858137
v -0.02195381 -0.05146540 0.00135975
v -0.02534407 -0.05198969 -0.00327972
v -0.02027875 -0.05683451 -0.02654450
v -0.02346348 -0.05098203 -0.00157379
v -0.01734461 -0.05247934 0.00046660
v -0.01566668 -0.05311459 0.00176942
v -0.01377208 -0.05412561 0.00392791
v -0.02172627 -0.05106555 -0.00092652
v -0.01582346 -0.05878759 -0.02563076
v -0.01026318 -0.06291100 -0.02324141
v -0.02697337 -0.05384083 -0.02486961
v -0.02301593 -0.05232662 0.00110893
v -0.02864762 -0.05412299 -0.02187996
v -0.02992177 -0.05478589 -0.01938039
v -0.03008052 -0.05525214 -0.01557285
v -0.03241117 -0.05377223 -0.00787474
v -0.02749849 -0.05396450 -0.00560094
v -0.03136113 -0.05350123 -0.00242332
v -0.03186708 -0.05341962 -0.00051286
v -0.02825607 -0.05583824 -0.00927424
v -0.03027605 -0.05413168 0.00320607
v -0.03319765 -0.05310116 0.00240194
v -0.03537244 -0.05190115 -0.00010745
v -0.03466552 -0.05253227 -0.00363190
v -0.03450674 -0.05247384 -0.00754629
v -0.02988584 -0.05449611 0.00577620
v -0.02945619 -0.05408649 0.00134515
v -0.02791892 -0.05437781 0.00019522
v -0.02554128 -0.05360735 -0.00057562
v -0.02545346 -0.05528154 0.00334842
v -0.00873095 -0.06182315 -0.02583050
v -0.02594140 -0.05398742 -0.00652948
v -0.02221799 -0.05274551 -0.01319745
v -0.02503522 -0.05418859 -0.00962065
v -0.01999918 -0.01343271 -0.01109825
v -0.02187955 -0.01546866 -0.01032359
v -0.02142051 -0.01270726 -0.01601351
v -0.01988008 -0.01344422 -0.01192996
v -0.02302872 -0.01496646 -0.01528229
v -0.02142941 -0.01416245 -0.00379774
v -0.02064211 -0.01347222 -0.01224152
v -0.01858372 -0.01487545 -0.00503850
v 0.00855903 -0.03944053 0.02872346
v 0.00548125 -0.04032294 0.02569892
v 0.00642005 -0.04251909 0.02757347
v -0.00110547 -0.04043045 0.02397546
v -0.02174924 -0.01872532 -0.03243162
v 0.01179865 0.04049079 -0.01730632
v 0.00989392 0.04121235 -0.01610900
v 0.01397445 0.03974154 -0.01667434
v 0.00588458 0.04030865 -0.01716681
v 0.01351648 0.04010112 -0.01630176
v 0.00210266 0.03872158 -0.01841736
v 0.03093869 -0.01920221 -0.02871526
v 0.03016657 -0.02132870 -0.02813577
v 0.02850402 -0.02912096 -0.02689029
v 0.03249189 -0.01785321 -0.03006781
v 0.03027625 -0.02592051 -0.02802463
v 0.02890994 -0.02535494 -0.02569074
v 0.02994856 -0.02325203 -0.02780648
v 0.02924999 -0.02049592 -0.02688546
v 0.03135106 -0.01271360 -0.02803919
v 0.02817792 -0.06634830 -0.03304287
v 0.02652190 -0.06995647 -0.03121238
v 0.03427232 -0.06295912 -0.03056346
v 0.02477528 -0.07080913 -0.03065857
v -0.00897783 -0.04297881 0.01340874
v -0.01017868 -0.04752709 0.01392207
v -0.00030130 -0.03456799 0.01212488
v -0.00544176 -0.03202399 0.01091928
v -0.00437802 -0.03626481 0.00933702
v -0.00111188 -0.03648629 0.01085263
v -0.00795339 -0.04053585 0.02459706
v -0.01119164 -0.03792362 0.02040616
v -0.00972471 -0.04016351 0.02384272
v 0.01829208 0.03593404 0.00705192
v 0.01940519 0.03377847 0.00746419
v -0.01140653 -0.03171927 -0.03857305
v -0.02897757 -0.00166170 -0.03691817
v -0.00938875 -0.04037637 0.01406486
v -0.01066593 -0.04175467 0.01181365
v -0.01246953 -0.04166064 0.01340225
v -0.00924264 -0.03733000 0.01788493
v -0.00785293 -0.04269223 0.01502753
v -0.02915975 -0.00423531 -0.03737821
v -0.02627599 -0.00529907 -0.03685471
v -0.00267428 0.03823045 -0.00379993
v -0.00109694 0.03828128 -0.00176743
v -0.00891735 -0.03483791 -0.00065408
v 0.00595418 0.03110087 -0.00681529
v 0.00923810 0.03018930 -0.00970138
v -0.02690795 -0.01689621 -0.04123011
v -0.02843283 -0.01405730 -0.04017508
v -0.02684089 -0.01727193 -0.04190553
v -0.00990121 -0.03395995 -0.00811703
v -0.01125347 -0.03397300 -0.00858500
v -0.00910846 -0.03387476 -0.01312306
v -0.00891272 -0.03299018 -0.02815949
v -0.01022772 -0.03297607 -0.01813120
v -0.00909202 -0.03359289 -0.02235288
v -0.00931145 -0.03311272 -0.02710745
v -0.01358119 -0.03245883 -0.01606594
v -0.00907549 -0.03446778 -0.00190422
v -0.01253613 -0.03247969 -0.02374069
v -0.01245803 -0.03425574 -0.00141774
v -0.01193805 -0.03477460 0.00153264
v -0.01310475 -0.03308745 -0.00788970
v -0.01232178 -0.03343895 -0.01510180
v -0.01101051 -0.03229862 -0.02960835
v -0.01059010 -0.03194038 -0.03220066
v -0.01215763 -0.03125120 -0.03596309
v -0.01449874 -0.03090105 -0.03046022
v -0.00893341 -0.03309344 -0.02849258
v -0.01363350 -0.03406217 -0.01132445
v -0.01494564 -0.03085430 -0.02843252
v -0.01546956 -0.03045368 -0.03767432
v -0.01454245 -0.03148805 -0.02296367
v -0.01562685 -0.02953263 -0.03481015
v -0.01257319 -0.03225284 -0.00503063
v -0.01434810 -0.03065174 -0.03660106
v -0.01601032 -0.03174807 -0.01174396
v -0.01619914 -0.03001309 -0.02164750
v -0.01372798 -0.03366180 0.00290061
v -0.01670588 -0.03184187 0.00272821
v -0.01766607 -0.03151594 0.00518569
v -0.01451871 -0.03052527 -0.00578205
v -0.01553517 -0.03343788 -0.00041336
v -0.01102932 -0.03543967 0.00151347
v -0.00883516 -0.03837548 0.00345829
v -0.01528453 -0.03571135 0.00853209
v -0.01077391 -0.03866257 0.00555324
v -0.00954353 -0.04015906 0.02809382
v -0.01215666 -0.03695021 0.02856400
v -0.01853670 -0.01964989 0.01065616
v -0.02170041 -0.01731611 0.01157975
v -0.01888845 -0.02673849 -0.03913911
v -0.01648160 -0.02828015 -0.04114290
v -0.01811463 -0.02934080 -0.04080968
v 0.02876461 0.02283628 -0.00656038
v -0.03355788 -0.00996927 -0.03320933
v -0.03299143 -0.01017408 -0.03328707
v -0.02491655 -0.01549096 0.00346009
v -0.02246687 -0.01574439 0.00174158
v -0.02215902 -0.01812214 0.00219494
v 0.02855563 0.02543081 0.00301850
v 0.02611727 0.03183197 0.00178804
v 0.02508079 0.03167967 0.00608406
v 0.02226321 0.03072541 0.00827767
v 0.02722678 0.03024292 -0.00049526
v 0.02964993 0.02396698 -0.00269063
v 0.02927617 0.02552412 -0.00039011
v -0.00787468 -0.02611686 0.00186879
v -0.01073465 -0.02443317 0.00320382
v -0.00950774 -0.02521696 -0.00055882
v -0.00828043 -0.02575827 0.00065191
v -0.00904184 -0.02638028 -0.00405023
v -0.01220520 -0.02618073 -0.00588053
v -0.01273996 -0.02481196 0.00054810
v -0.01337882 -0.02583003 -0.00402399
v -0.01114178 -0.04670993 0.01190637
v -0.01011519 -0.04923980 0.00734664
v -0.01003473 -0.04476207 0.00812517
v -0.00960547 -0.04412017 0.01106598
v -0.00935729 -0.04201989 0.00607932
v -0.01127638 -0.04361125 0.00298767
v -0.01182360 -0.04558960 0.00415176
v -0.01157082 -0.04744568 0.00599319
v -0.00903769 -0.04096515 0.00337633
v -0.00785459 -0.04038718 0.00037099
v -0.00587157 -0.03936748 -0.00229408
v -0.00654983 -0.03977043 0.01516686
v -0.00460469 -0.04528974 0.02026583
v -0.00469416 -0.04419480 0.02511324
v -0.00474076 -0.04462582 0.02624371
v -0.01109072 -0.04767545 0.02296631
v -0.00835651 -0.04800765 0.02655281
v -0.01133712 -0.04856157 0.02482750
v -0.01566965 -0.04512633 0.00108495
v -0.01683438 -0.04619032 0.00330403
v -0.00848565 -0.04593497 0.01831170
v -0.01560610 -0.04742688 0.02323849
v -0.00084475 -0.04287740 0.02253071
v -0.01381348 -0.04625368 0.00437559
v -0.01545345 -0.04620090 0.00362806
v -0.01264547 -0.04957131 0.02597231
v -0.00130392 -0.04158876 0.01817982
v -0.01559544 -0.04896323 0.02559416
v 0.00154154 0.03854670 0.00092046
v 0.00035119 0.03678079 -0.00053566
v 0.00416348 0.03791334 0.00183793
v -0.00066500 0.03482779 -0.01508426
v -0.00000028 0.03706322 -0.01016714
v 0.00117732 0.03218485 -0.01414994
v 0.00120971 0.03854665 -0.00699001
v 0.00463100 0.03316126 -0.00744824
v 0.00224849 0.03201722 -0.01281948
v 0.00206584 0.03669300 -0.00691399
v -0.01655683 0.02883831 -0.02010788
v -0.01093538 0.03006243 -0.01632912
v -0.02360400 -0.01533980 0.00671297
v -0.01645315 0.02941073 -0.01970315
v -0.01871153 -0.02156752 0.01189473
v -0.03943877 -0.01056140 -0.03211753
v -0.04061563 -0.00839753 -0.03404980
v -0.04033160 -0.00647653 -0.03197064
v -0.03903976 -0.01182486 -0.03350073
v 0.02187514 0.02919274 0.00746119
v -0.03140340 0.00221415 -0.03348515
v -0.03138134 0.00129081 -0.03282555
v -0.03261806 0.00506911 -0.03348717
v -0.03384299 0.00339849 -0.03163799
v -0.03236051 0.00745501 -0.03285487
v -0.03212796 -0.01857128 -0.03795925
v -0.02795659 -0.01723253 -0.03824438
v -0.01299951 -0.02168163 -0.01801409
v -0.01346235 -0.02296553 -0.01767344
v -0.01214515 -0.02223293 -0.02048945
v 0.01243058 -0.03636363 0.02553771
v 0.01256346 -0.03780656 0.02762524
v -0.00881013 -0.06661497 -0.00377726
v -0.02299887 -0.01799488 0.00429605
v -0.02136162 -0.01675200 -0.00200436
v 0.01057520 -0.04067835 0.02725263
v 0.00969764 -0.04150716 0.02699984
v 0.01253540 -0.04169816 0.02958698
v 0.01741913 -0.04023006 0.03044226
v 0.01835168 -0.03539550 0.02737429
v 0.02332865 -0.03277032 0.02902547
v 0.02023555 -0.03441476 0.02750323
v 0.01540190 -0.03549762 0.02583203
v 0.02509799 -0.03228111 0.03057744
v 0.02480569 -0.03095491 0.02936871
v 0.00666794 -0.04173655 0.02722774
v 0.02608112 -0.02975549 0.03079841
v 0.02936072 -0.02837906 0.03378175
v 0.03206624 -0.02750004 0.03481311
v 0.02861330 -0.02703252 0.03263555
v 0.02939087 -0.02210535 0.03216352
v 0.02725455 -0.02161278 0.02894264
v 0.02887769 -0.02028730 0.03122506
v 0.02859788 -0.01836914 0.03082306
v 0.02744446 -0.01153253 0.02956159
v 0.02812754 -0.02434665 0.03112979
v 0.02756048 -0.01560983 0.02861022
v 0.02828373 -0.01135735 0.03091169
v 0.02765560 -0.00984111 0.03012846
v 0.00080075 0.03892614 -0.00816501
v -0.00097843 0.04064649 -0.01186154
v -0.03214920 -0.00825743 -0.03539560
v -0.03162355 -0.00578584 -0.03679025
v -0.04010917 0.00052551 -0.03162826
v -0.03314261 -0.00253418 -0.03042565
v -0.03301132 -0.00762622 -0.02962876
v -0.03667314 -0.00950117 -0.03098926
v -0.03921836 -0.00152278 -0.03277142
v -0.02049820 -0.02422016 -0.03618785
v -0.02129480 -0.02088791 -0.03433963
v 0.00329307 0.03962362 -0.00667468
v 0.00556442 0.04034772 -0.00856012
v 0.00908495 0.04133331 -0.00698760
v 0.01121631 0.04186266 -0.00834667
v 0.01145609 0.04249277 -0.00948650
v 0.00428159 0.04065521 -0.01304251
v 0.00909874 0.04170506 -0.00742065
v 0.01004604 0.04110351 -0.01143961
v 0.00324589 0.04094469 -0.00904898
v 0.00081864 0.04077761 -0.01359267
v -0.02965957 -0.00084143 -0.03666472
v 0.00234318 0.03171384 -0.01236492
v -0.00038413 0.03050329 -0.01596193
v -0.04167572 -0.00902672 -0.03228284
v 0.01559228 0.03038743 0.00984834
v -0.03626469 -0.02167751 -0.03403983
v -0.03603659 -0.02247226 -0.03293033
v -0.03515172 -0.02172942 -0.03613421
v -0.01950087 0.05087287 -0.02137036
v -0.01724995 0.05188131 -0.02566083
v -0.01667231 0.04928378 -0.02719990
v -0.01830701 0.05452202 -0.02271260
v -0.01568306 0.05416193 -0.02606959
v -0.01456514 0.05223169 -0.02790130
v -0.01218589 0.05440593 -0.02953324
v -0.01260682 0.05707402 -0.02811212
v -0.01159961 0.05602936 -0.02939822
v -0.01663885 0.04562721 -0.02835571
v -0.01820029 0.04633877 -0.02650080
v -0.01820199 0.04240378 -0.02859494
v -0.01503260 0.05674254 -0.02524647
v -0.02094370 0.04082876 -0.02751598
v -0.01948376 0.04679555 -0.02324750
v -0.01696929 0.05568572 -0.02388899
v -0.01883849 0.04152522 -0.02870738
v -0.01658764 0.05754827 -0.02228371
v -0.02110158 0.04206447 -0.02390064
v -0.01291930 0.05919051 -0.02533613
v -0.01365115 0.05984907 -0.02370734
v -0.00974084 0.06174571 -0.02900352
v -0.00964530 0.06473603 -0.02451886
v -0.01181040 0.05906989 -0.02773175
v -0.01031242 0.06262834 -0.02370339
v -0.01027786 0.06266595 -0.02269643
v -0.00622207 0.05552327 -0.03111916
v -0.00398603 0.05823765 -0.03125548
v -0.00318129 0.05985858 -0.03111905
v -0.00411180 0.06195373 -0.03048543
v -0.01012509 0.05829272 -0.02980190
v -0.00960205 0.06097383 -0.02937755
v -0.00395981 0.06415592 -0.03015799
v -0.00566805 0.06293127 -0.02991589
v -0.00861414 0.06565638 -0.02893145
v -0.00950756 0.05341351 -0.03033200
v -0.00891185 0.06617102 -0.02866299
v -0.00723847 0.05138398 -0.03076698
v -0.00366369 0.05558704 -0.03140222
v -0.00530967 0.06639401 -0.03004457
v -0.01228803 0.04643554 -0.03013531
v -0.00654144 0.04811804 -0.03085569
v -0.01697633 0.04410534 -0.02873652
v 0.00043509 0.05944640 -0.03146069
v 0.00034865 0.05386726 -0.03177561
v -0.00198920 0.06776504 -0.03019655
v -0.00394922 0.07156747 -0.03004439
v -0.00929908 0.04093369 -0.03047303
v -0.01313502 0.04336891 -0.03006771
v -0.00200114 0.05783175 -0.03147365
v -0.00498796 0.06984806 -0.02990747
v -0.00815300 0.06985798 -0.02909520
v -0.00755164 0.07186809 -0.02966834
v -0.00350844 0.07281741 -0.03002873
v -0.00551089 0.07465381 -0.02958668
v -0.01020000 0.08121757 -0.02796043
v -0.00955007 0.07519551 -0.02812241
v -0.01055371 0.08324398 -0.02732249
v -0.00852341 0.08418614 -0.02771594
v -0.00992634 0.07557770 -0.02796462
v 0.02983687 0.00218540 -0.00188023
v 0.03180992 -0.00331264 0.00247324
v 0.03214343 -0.00492555 0.00397420
v 0.02938087 0.00311871 -0.00053892
v 0.03081205 -0.00065220 0.00259334
v 0.02944921 0.00206737 0.00416883
v 0.02887086 0.00426320 0.00047597
v 0.02949011 0.00141680 0.00631748
v 0.03034422 -0.00103559 0.00653158
v 0.02791677 0.00537379 0.00518163
v 0.02823253 0.00393467 0.01298255
v 0.02703344 0.00610718 0.01415543
v 0.02578121 0.00851897 0.01136477
v 0.02847833 0.00144115 0.01632390
v 0.02695285 0.00235759 0.02074224
v 0.03182461 -0.00345937 -0.00166247
v 0.02926941 0.00128241 0.01282391
v 0.02562221 0.00821571 0.01500261
v 0.02432735 0.00936533 0.01768056
v 0.02547521 0.00675938 0.02103079
v 0.02975593 0.00232612 -0.00416609
v 0.02430773 0.01029949 0.01310240
v 0.03263936 -0.00651594 0.00120144
v 0.03326413 -0.01059947 0.00317502
v 0.03289711 -0.01076656 0.00641714
v 0.03262850 -0.01047363 0.00751734
v 0.03149513 -0.00597664 0.01275652
v 0.02666971 0.00279205 0.02190767
v 0.03141336 -0.00835606 0.01608909
v 0.03122887 -0.00694133 0.01616760
v 0.02981674 -0.00256269 0.01806279
v 0.02992287 -0.01216098 0.02276444
v 0.02960602 -0.00863712 0.02295386
v 0.02860135 -0.00647160 0.02514850
v 0.02840273 -0.00243258 0.02267007
v 0.02801038 -0.00860508 0.03035702
v 0.02802413 -0.00187390 0.02363645
v 0.02819805 -0.00557515 0.03091394
v 0.03252991 -0.01650157 0.01181757
v 0.02705167 -0.00145901 0.02852800
v 0.03149943 -0.00460414 0.00788925
v 0.03148577 -0.01971214 0.01664238
v 0.03213870 -0.01244080 0.01472965
v 0.03068125 -0.01052120 0.01915536
v 0.02860144 -0.01660732 0.02504617
v 0.03035442 -0.01673673 0.02128356
v 0.02984771 -0.01839323 0.02177923
v 0.02806364 -0.01425890 0.02680237
v 0.03202363 -0.01485991 0.01598652
v 0.02823182 -0.01909036 0.02574326
v 0.02838952 -0.02109358 0.02494996
v 0.03000281 -0.01387276 0.02190002
v 0.03135558 -0.01670057 0.01810381
v 0.03334593 -0.01393014 0.00173268
v 0.03250799 -0.01393291 0.00729152
v 0.03237954 -0.01749653 0.00630389
v 0.03250330 -0.01668115 0.00911910
v 0.02905348 -0.02293637 0.02256061
v 0.02965285 -0.02610474 0.01640056
v 0.02977974 -0.02497865 0.01461693
v 0.02809197 -0.02355744 0.02493365
v 0.02868131 -0.00337274 0.03185986
v 0.02764758 -0.01452416 0.02877742
v 0.02281517 0.01227911 0.01337118
v 0.01952715 0.01523309 0.01603745
v 0.01956026 0.01660373 0.01243813
v 0.01757797 0.01817966 0.01462404
v 0.01393341 0.02118892 0.01504915
v 0.01504147 0.01967721 0.01639021
v 0.01639608 0.01989433 0.01098155
v 0.01905592 0.01709759 0.01136060
v 0.01923389 0.01429559 0.01902487
v 0.02057531 0.01527836 0.01210929
v 0.01713387 0.01897865 0.00942719
v 0.01453884 0.02082935 0.00841418
v 0.01784196 0.01762159 0.00629383
v 0.01686470 0.01839077 0.00200701
v 0.01296975 0.02114396 -0.00021520
v 0.01445260 0.02014574 0.00243756
v 0.01181098 0.02203493 0.00261742
v 0.01177662 0.02215561 -0.00225547
v 0.01210328 0.02228540 0.00599552
v 0.02909227 0.00363246 -0.00620150
v 0.02745513 0.00730479 -0.00457625
v 0.02668330 0.00914980 -0.00943889
v 0.02576006 0.01045301 -0.00845929
v 0.02663321 0.00866077 -0.00508923
v 0.02503062 0.01108724 -0.00305894
v 0.02848977 0.00561328 -0.00971522
v 0.02722023 0.00765212 -0.00263115
v 0.02641236 0.00907358 -0.00144942
v 0.02642232 0.00864045 0.00291927
v 0.02437553 0.01104506 0.00370099
v 0.02300051 0.01267680 0.00283888
v 0.02082176 0.01461729 0.00336322
v 0.02208893 0.01467171 -0.00245064
v 0.02190743 0.01479133 -0.00323603
v 0.01874532 0.01744631 -0.00221222
v 0.01828262 0.01776069 -0.00033906
v 0.01547565 0.01928021 -0.00178522
v 0.01815717 0.01759625 0.00119443
v 0.02381267 0.01296052 -0.00381868
v 0.02130849 0.01492804 -0.00007164
v 0.02242726 0.01301184 0.00620004
v 0.02993212 0.00170492 -0.01053512
v 0.03083645 -0.00025960 -0.00751655
v 0.03235536 -0.00658050 -0.00863001
v 0.03157479 -0.00416250 -0.01422467
v 0.03142555 -0.00483953 -0.01540558
v 0.03070065 -0.00523981 -0.01808365
v 0.03175557 -0.00837154 -0.01561486
v 0.03047369 -0.00865169 -0.02007020
v 0.02919596 -0.00341360 -0.02224016
v 0.02877764 -0.00177214 -0.02388344
v 0.02606890 0.00297132 -0.02496119
v 0.02664478 0.00340170 -0.02139108
v 0.02340456 0.00721076 -0.02156014
v 0.02203943 0.00753905 -0.02405593
v 0.02228110 0.00875129 -0.02090592
v 0.02757455 0.00096759 -0.02709236
v 0.02877026 -0.00102745 -0.02059334
v 0.02902611 0.00101601 -0.01817942
v 0.02773616 0.00286027 -0.01912601
v 0.02685494 0.00454635 -0.01864351
v 0.02891479 0.00428227 -0.01317971
v 0.03114329 -0.00172632 -0.01297019
v 0.03104750 -0.00266827 -0.01600507
v 0.02778136 0.00716064 -0.01159112
v 0.02504485 0.01098893 -0.01117292
v 0.02381608 0.01211444 -0.01183789
v 0.02096621 0.01549034 -0.00841166
v 0.02308554 0.01215385 -0.01316197
v 0.02616540 0.00822264 -0.01472178
v 0.02003023 0.01294425 -0.01817587
v 0.02028476 0.01437647 -0.01350505
v 0.01605127 0.01642535 -0.01831484
v 0.01848133 0.01459334 -0.01731983
v 0.01583939 0.01519325 -0.02136192
v 0.01690832 0.01444381 -0.02187640
v 0.01904417 0.01155051 -0.02501549
v 0.01792744 0.01605376 -0.01530142
v 0.01905945 0.01616766 -0.01226005
v 0.02072740 0.01221421 -0.01866194
v 0.01899180 0.01326045 -0.02073329
v 0.02580944 0.00330206 -0.02450442
v 0.02972612 0.00185834 -0.01518546
v 0.02816030 0.00099248 -0.02842101
v 0.02913698 -0.00533322 -0.02470962
v 0.02890815 -0.00236601 -0.02259449
v 0.03192286 -0.01137909 -0.01589713
v 0.03186529 -0.01165179 -0.01359645
v 0.03162948 -0.01367281 -0.01761846
v 0.03128550 -0.01793491 -0.01577192
v 0.03109517 -0.01807205 -0.01764675
v 0.03146932 -0.01709238 -0.01386603
v 0.03141377 -0.01959271 -0.00991457
v 0.03148736 -0.01930764 -0.00930435
v 0.03197994 -0.01695537 -0.00929919
v 0.03161473 -0.02006140 -0.00721250
v 0.03175235 -0.01608208 -0.01130206
v 0.03241312 -0.01845730 -0.00451976
v 0.03255183 -0.01877710 -0.00015149
v 0.03276914 -0.01434464 -0.00514965
v 0.03301294 -0.01357710 -0.00280742
v 0.03088845 -0.02215349 -0.00745654
v 0.03031582 -0.02268178 -0.01285036
v 0.02981649 -0.02288457 -0.02069876
v 0.03021090 -0.02067140 -0.01890783
v 0.03034584 -0.01955915 -0.02170949
v 0.02921845 -0.02445412 -0.02255962
v 0.03019452 -0.01753272 -0.02417158
v 0.03057248 -0.01612257 -0.02661070
v 0.02885904 -0.02542468 -0.02388633
v 0.03080249 -0.01788654 -0.01988086
v 0.03028104 -0.02095785 -0.01578371
v 0.03069116 -0.01500501 -0.02314552
v 0.03070175 -0.01239029 -0.02576393
v 0.03099772 -0.01434310 -0.02109374
v 0.03207163 -0.01912915 -0.00633666
v 0.03281016 -0.01766080 0.00151630
v 0.03230642 -0.00707930 -0.00908209
v 0.03266439 -0.00578281 -0.00622956
v 0.03272546 -0.00607669 -0.00448339
v 0.03316925 -0.00952316 -0.00176773
v 0.03278236 -0.00862937 -0.00511292
v 0.01736758 0.01802580 -0.00802126
v 0.01524639 0.01999603 -0.00895788
v 0.01830910 0.01734190 -0.00682072
v 0.01336602 0.02114701 -0.00427436
v 0.01301073 0.02216309 -0.01247029
v 0.01255414 0.02199220 -0.01408000
v 0.01368808 0.02138610 -0.00794959
v 0.01131059 0.02287293 -0.00567541
v 0.01380423 0.02104553 -0.01441446
v 0.01553591 0.01992099 -0.01291576
v 0.02404507 0.01110632 0.00470396
v 0.02318855 0.01195206 0.00875846
v 0.02230599 0.01302922 0.01006010
v 0.01916054 0.01687161 -0.00837321
v 0.02271468 0.01437379 -0.00607278
v 0.02736967 0.00580876 -0.01592465
v 0.01820729 0.01724473 0.00451241
v 0.02350432 0.00759020 0.02698208
v 0.02642579 0.00541251 0.02977209
v 0.02477982 0.00538769 0.02755672
v 0.02634891 0.00211659 0.03020111
v 0.02347385 0.00824109 0.02487637
v 0.02174444 0.01185084 0.02043425
v 0.01966489 0.01276047 0.02339852
v 0.01927355 0.01246778 0.02706896
v 0.01778590 0.01380808 0.02792265
v 0.02320144 0.01051941 0.01900010
v 0.03129051 -0.00129456 -0.00526291
v 0.01722650 0.01795277 -0.01302957
v 0.02748886 0.00592157 0.00798085
v 0.03012071 -0.00032534 0.00754898
v 0.03343991 -0.01270663 0.00204724
v 0.02170036 0.01090869 -0.01883128
v 0.02578095 0.00192011 0.02832936
v 0.01496760 0.01880007 -0.01604430
v 0.02362141 0.01279555 -0.01028785
v 0.03116076 -0.02275738 -0.00105625
v 0.03163226 -0.02156366 -0.00207268
v 0.03270530 -0.01772686 0.00361574
v 0.03151336 -0.01971960 0.00724367
v 0.03045070 -0.02277327 0.00752896
v 0.03118262 -0.02124358 0.01103126
v 0.03072938 -0.01170672 -0.02012957
v 0.02928465 -0.00476608 -0.02657436
v 0.03065465 -0.01072741 -0.02767924
v 0.01425437 0.02076386 0.00705995
v 0.02670409 -0.02525191 0.02848803
v 0.02369309 0.01049879 -0.01584060
v 0.02760304 -0.00013847 0.03152215
v 0.02227464 0.01105689 0.02940214
v 0.03236513 -0.01751362 0.01350709
v 0.03279013 -0.01046574 -0.00859990
v 0.02941042 -0.00675289 -0.02555695
v 0.02023564 0.01478049 -0.01265540
v 0.03054025 -0.00193251 0.01240478
v 0.03255369 -0.01722512 0.01120710
v 0.03101425 -0.02152035 0.01604054
v 0.03198982 -0.00333241 -0.00712952
v 0.03201781 -0.01089810 -0.01264189
v 0.02461605 0.00799366 0.02211895
v 0.02761432 -0.00985356 0.02850266
v 0.01202492 0.02232459 0.00580275
v 0.02341381 0.00843798 -0.01899061
v 0.01986677 0.01038022 -0.02559874
v 0.02254238 0.00856998 0.02723677
v 0.02613840 0.00836507 0.00563261
v 0.03228080 -0.00978397 0.01107483
v 0.03251049 -0.01654816 -0.00706189
v 0.03208058 -0.00708168 0.00715986
v 0.02123362 0.01379015 0.01543374
v 0.03004587 -0.02062942 0.02038853
v 0.01798431 0.01434011 0.02152003
v 0.03487040 0.01552871 -0.02856846
v 0.03368792 0.01846704 -0.02827501
v 0.02973862 0.01671741 -0.02991779
v 0.02321488 0.02220930 -0.03066398
v 0.02193472 0.02687300 -0.03002891
v 0.01839244 0.02446008 -0.03156638
v 0.01926038 0.02836277 -0.03031092
v 0.01760873 0.03028106 -0.03024884
v 0.02539079 0.02897856 -0.02850937
v 0.01288308 0.03354620 -0.03009685
v 0.00838784 0.03359062 -0.03016063
v 0.01537474 0.03258073 -0.03014162
v 0.00979237 0.02935937 -0.03057087
v 0.00414254 0.03185414 -0.03029710
v 0.00210196 0.03818769 -0.02992219
v -0.00116022 0.03498576 -0.03015167
v 0.00050991 0.03056392 -0.03035431
v 0.00029126 0.02677645 -0.03041457
v 0.00211953 0.03925951 -0.02997647
v 0.00994209 0.04310199 -0.02969122
v 0.01990026 0.03900030 -0.02637811
v 0.00709548 0.05492177 -0.03071889
v 0.01589546 0.05046422 -0.02754533
v 0.01678148 0.05512014 -0.02649345
v 0.01441039 0.05960349 -0.02758495
v -0.00409469 0.05038865 -0.03120525
v 0.00044108 0.04949764 -0.03128665
v 0.01743251 0.05215265 -0.02603501
v 0.01523678 0.04775207 -0.02753058
v 0.00220313 0.05351440 -0.03160422
v 0.00982490 0.04485213 -0.02975562
v 0.01216525 0.04779234 -0.02898997
v 0.01930612 0.03742541 -0.02778263
v 0.00149841 0.03786512 -0.02988985
v 0.00699735 0.03468755 -0.03010461
v -0.00174827 0.04242999 -0.03054247
v -0.00448182 0.04138691 -0.03054013
v -0.00558181 0.04123723 -0.03047055
v -0.00406540 0.03166479 -0.03029979
v -0.00070017 0.03146086 -0.03029456
v -0.00955535 0.03568261 -0.03049230
v -0.01353404 0.03629138 -0.03090972
v -0.01231602 0.03276795 -0.03097234
v -0.00741282 0.03532170 -0.03035072
v 0.00611562 0.02939460 -0.03043974
v -0.01044822 0.03887300 -0.03055723
v 0.00464863 0.02426662 -0.03039044
v -0.01050032 0.03219237 -0.03076243
v 0.00916967 0.04109991 -0.02975058
v 0.01369233 0.03792547 -0.02945590
v 0.01575789 0.03557244 -0.02947009
v -0.00940249 0.02886692 -0.03015623
v -0.01190360 0.02077407 -0.02992220
v -0.00965807 0.01920876 -0.02812194
v -0.01832465 0.01859288 -0.02902452
v -0.02129182 0.01769799 -0.02902896
v -0.02449380 0.02478377 -0.03195009
v -0.02824535 0.01922000 -0.03139894
v -0.03061546 0.02407530 -0.03357133
v -0.03175596 0.02657127 -0.03377562
v -0.03389339 0.02585599 -0.03375822
v -0.03236806 0.02322916 -0.03379526
v -0.03282570 0.01963051 -0.03253912
v -0.03552893 0.02107891 -0.03298359
v -0.03157395 0.01718755 -0.03121596
v -0.02842963 0.01752131 -0.03048409
v -0.02726553 0.01599023 -0.02951395
v -0.02417813 0.01672567 -0.02883016
v -0.02274584 0.01420472 -0.02657941
v -0.03049765 0.01257147 -0.03010254
v -0.03210400 0.00963866 -0.03159842
v -0.03246127 0.00951872 -0.03185592
v -0.03067364 0.00550911 -0.03325789
v -0.03726064 0.01485833 -0.03125558
v -0.03899993 0.02082616 -0.03240787
v -0.02424571 0.02070066 -0.03041834
v -0.01473916 0.02117450 -0.03044354
v -0.01143798 0.02286878 -0.03027920
v -0.00664895 0.02711811 -0.03000775
v -0.00554423 0.02894534 -0.03022606
v -0.00114053 0.03622654 -0.03012416
v 0.02128977 0.03301276 -0.02859103
v -0.01838447 0.03335792 -0.03153676
v -0.01914384 0.03128541 -0.03178280
v -0.00144283 0.04823943 -0.03103320
v -0.00849490 0.02940162 -0.03029213
v 0.00026218 0.04547406 -0.03056154
v 0.00504067 0.04491480 -0.03011044
v -0.02215145 0.02846413 -0.03240669
v -0.01788226 0.02689637 -0.03140480
v -0.01849313 0.02395960 -0.03090103
v 0.01695268 0.04584653 -0.02620046
v 0.00521943 0.04743005 -0.03052318
v 0.01843299 0.03744266 -0.02816663
v -0.00772007 0.03719354 -0.03029855
v -0.01685187 0.03092077 -0.03147086
v -0.01075175 0.01941717 -0.02850289
v -0.02667415 0.02751129 -0.03300412
v -0.02761087 0.01203169 -0.02790624
v -0.02518681 0.01127987 -0.02575396
v -0.02629509 0.01013389 -0.02583085
v -0.02720842 0.00944692 -0.02635510
v 0.01947206 0.05425365 -0.02442048
v -0.02135732 0.02096505 -0.03015751
v -0.02891882 0.02604206 -0.03368538
v -0.01806766 0.03439312 -0.00186052
v -0.01397093 0.03526654 -0.00070986
v -0.01898706 0.03384783 0.00510648
v -0.01020365 0.03612686 0.00211228
v -0.00630575 0.03726654 0.00589193
v -0.00412523 0.03852055 -0.00024277
v -0.00508937 0.03839032 -0.00236995
v -0.01663748 0.03639863 -0.00584382
v -0.01956822 0.03379048 0.00442728
v -0.02486460 0.03261088 0.00544242
v -0.00465705 0.03809265 0.00764986
v 0.00286939 0.04104704 0.00773209
v -0.00571477 0.03901692 0.01238350
v -0.02733541 0.03146566 0.00640009
v -0.01889434 0.03632401 -0.00728934
v -0.02732158 0.03348588 -0.00004275
v -0.02862672 0.03149812 0.00413716
v -0.03322663 0.02808724 0.00424998
v -0.00807161 0.03896485 0.01366043
v -0.02835259 0.02971638 0.00995551
v -0.03063340 0.02900807 0.00843415
v -0.02939373 0.03046119 0.00596639
v -0.00185682 0.04002764 0.01220304
v -0.02294292 0.03369050 0.00128735
v -0.02665421 0.03333836 0.00214720
v -0.02950154 0.02837489 0.01419374
v -0.02657314 0.03098603 0.01686128
v 0.00029798 0.04184801 0.01959248
v 0.00439263 0.04120311 0.01590882
v 0.00635997 0.04060940 0.01438744
v 0.00579179 0.04081186 0.01232574
v 0.00412900 0.04093071 0.01255907
v 0.00419642 0.04237739 0.01921313
v -0.02379726 0.03291018 0.01549856
v -0.02195429 0.03367958 0.01379880
v -0.01937143 0.03451612 0.01137908
v 0.00018418 0.04054393 0.01290160
v -0.00866505 0.03959749 0.01490334
v -0.01205519 0.04079841 0.01567372
v -0.02278158 0.03372478 -0.00055817
v -0.02239537 0.03430077 -0.00343158
v -0.02300524 0.03566323 -0.00762685
v -0.02200195 0.03690666 -0.00988307
v -0.01955953 0.03803498 -0.00959773
v -0.01651343 0.04269603 -0.01304558
v -0.01884153 0.04301135 -0.01613826
v -0.02007439 0.03929602 -0.01376501
v -0.01962771 0.04301145 -0.01806647
v -0.02106841 0.04051494 -0.01939820
v -0.02225499 0.03977949 -0.02089556
v -0.02819589 0.03541301 -0.02183158
v -0.02403471 0.03637084 -0.01610831
v -0.02115474 0.03836747 -0.01474226
v -0.02727731 0.03418606 -0.01828295
v -0.02767721 0.03303694 -0.01612153
v -0.02806348 0.03496523 -0.02119939
v -0.03257303 0.03523894 -0.02578468
v -0.02802282 0.03754519 -0.02710580
v -0.03213040 0.03556931 -0.02770713
v -0.03352407 0.03492000 -0.02856708
v -0.02971913 0.03208842 -0.03235015
v -0.03001598 0.03517362 -0.03015127
v -0.03646708 0.03149580 -0.03073338
v -0.03522972 0.02952132 -0.03233616
v -0.04021116 0.03050487 -0.02981257
v -0.04203115 0.02999534 -0.02793035
v -0.04374335 0.02827230 -0.02795996
v -0.03833887 0.03152788 -0.02514440
v -0.03680733 0.02889892 -0.03213654
v -0.03477541 0.03223943 -0.03079684
v -0.03033587 0.03035418 -0.03290184
v -0.02772874 0.03020549 -0.03308397
v -0.02348948 0.03422392 -0.03165443
v -0.02125982 0.03680891 -0.03037282
v -0.01561941 0.04062145 -0.03012347
v -0.02420178 0.03908727 -0.02505497
v -0.02175373 0.03879765 -0.02914311
v -0.02443071 0.03852597 -0.02796541
v -0.02280603 0.03793172 -0.02940457
v -0.02242284 0.03998697 -0.02257784
v -0.01630384 0.03743284 -0.03083734
v -0.02867504 0.03428150 -0.03111682
v -0.03313433 0.02821135 -0.03338615
v -0.02906416 0.03649387 -0.02903928
v -0.03385609 0.03413265 -0.02429130
v -0.03594343 0.03133354 -0.02256444
v -0.02746741 0.03312825 -0.00989641
v -0.03845122 0.02972228 -0.02265861
v -0.03165394 0.02993585 -0.01817748
v -0.03933307 0.02778117 -0.02218119
v -0.03843012 0.02704648 -0.02044758
v -0.04300004 0.02789343 -0.02568776
v -0.04429315 0.02640732 -0.02628532
v -0.04114801 0.02614356 -0.02334025
v -0.03579581 0.02758046 -0.01869477
v -0.03166413 0.02918059 -0.00974593
v -0.03118577 0.02986052 -0.00461713
v -0.03449813 0.02695224 -0.01173649
v -0.03650668 0.02526431 -0.00783327
v -0.03286372 0.02830957 -0.00669739
v -0.03946937 0.02390050 -0.00566679
v -0.04247029 0.02209742 0.00041873
v -0.04119445 0.02320306 0.00195417
v -0.03608984 0.02496665 0.00861201
v -0.03620457 0.02505571 0.00647483
v -0.03585752 0.02607143 0.00326584
v -0.03799093 0.02246456 0.01247514
v -0.04047996 0.02292746 0.00437927
v -0.03654005 0.02622805 -0.00238974
v -0.04326068 0.02121496 -0.00462748
v -0.04438150 0.01930472 -0.00566579
v -0.04310823 0.02175591 -0.00130936
v -0.04543492 0.01691921 0.00109875
v -0.04327516 0.01819587 0.00504172
v -0.04242795 0.01801946 0.01133746
v -0.04136303 0.01990522 0.01548615
v -0.04340110 0.01737939 0.00789566
v -0.04478813 0.01612603 0.00512487
v -0.04578096 0.01314493 0.00942835
v -0.04550167 0.01365795 0.01133235
v -0.04571314 0.01387924 0.01493404
v -0.04469156 0.01730382 0.00288649
v -0.04387239 0.01979276 0.00175050
v -0.04265810 0.02100280 0.00294771
v -0.04731781 0.01554183 -0.00726405
v -0.04520692 0.01703036 -0.00787990
v -0.04828857 0.01326044 -0.00745985
v -0.04367805 0.01601046 -0.01073540
v -0.04701865 0.01602614 -0.00587363
v -0.04236176 0.01885048 -0.01031182
v -0.04095232 0.02060705 -0.00891365
v -0.03807993 0.02282495 -0.01067708
v -0.03957720 0.02153753 -0.01066610
v -0.04180754 0.02087817 -0.01781199
v -0.04518608 0.02017669 -0.02274171
v -0.04425563 0.01888640 -0.01931756
v -0.04582347 0.01660721 -0.01979304
v -0.04461070 0.01700948 -0.01618643
v -0.04598938 0.01416580 -0.01511363
v -0.04300544 0.01874276 -0.01537602
v -0.04298965 0.01845675 -0.01297865
v -0.04500428 0.01902367 -0.02121838
v -0.03961491 0.02383146 -0.01891344
v -0.04385365 0.02303180 -0.02394295
v -0.04055026 0.02131308 -0.01513288
v -0.04019205 0.02216036 -0.00706851
v -0.04571049 0.01779672 -0.00550778
v -0.04176867 0.02070256 0.00522493
v -0.04748741 0.01257458 0.00471269
v -0.03761021 0.02559916 -0.00279742
v -0.03159612 0.02969706 -0.01695103
v -0.02933607 0.03293844 -0.02012399
v -0.02519267 0.03533990 -0.01654549
v -0.01816344 0.04029714 -0.01189271
v -0.02624455 0.03373070 -0.00739688
v -0.03233153 0.02883309 -0.01311767
v -0.00092010 0.03952323 0.00246509
v -0.00123329 0.03927971 0.00229624
v 0.00020583 0.04014598 0.00716088
v -0.03547192 0.02483207 0.01283710
v -0.04063430 0.02084190 0.00809465
v -0.02595507 0.03161826 0.01704076
v -0.03625468 0.02510107 -0.00993323
v -0.01324500 0.03736483 -0.00528102
v -0.00097109 0.03909027 0.00006484
v -0.00988441 0.03702305 -0.00326270
v -0.00748634 0.03818321 -0.00581784
v 0.00497544 0.04189042 0.00828078
v -0.03912637 0.02275239 0.00733673
v -0.03644878 0.02582292 -0.01584969
v -0.03609305 0.02583643 -0.01407851
v -0.03731580 0.02744970 -0.01954021
v -0.04636333 0.01567907 0.00122124
v -0.04585725 0.01989946 -0.02445453
v -0.04632599 0.02225492 -0.02676361
v -0.02242251 0.03807871 -0.01718609
v -0.04861275 0.01174449 0.00231962
v -0.00816504 0.04075233 0.01729101
v -0.02842942 0.03197211 -0.01236347
v -0.03859367 0.03174215 -0.02917655
v -0.02268800 0.03273191 0.00909126
v -0.04017685 0.03118258 -0.02744909
v -0.01912616 0.03387825 0.00403017
v -0.02622369 0.03773460 -0.02838247
v -0.03084151 0.03028153 -0.00211984
v 0.00716087 0.04087618 0.01663284
v -0.04185369 0.01859092 0.01198345
v -0.02999439 0.03095754 -0.00003774
v -0.01377566 0.03526050 0.00484697
v -0.04646988 0.01254335 -0.01195529
v -0.04248536 0.02716207 -0.03007054
v -0.00538524 0.04088595 0.01751014
v -0.00423576 0.04031317 0.01679452
v -0.01277316 0.03636005 0.00956504
v -0.04153996 0.02269975 0.00318551
v -0.02007682 0.04535542 -0.02081369
v -0.03686123 0.02463464 0.00633374
v -0.04249694 0.02762008 -0.03003796
v -0.04538121 0.01382656 -0.01267052
v -0.01245988 0.03625582 -0.00237500
v -0.00917772 0.03640693 0.00005142
v 0.00929446 0.04010816 0.01592618
v -0.02858795 0.03597483 -0.03001147
v -0.02467441 0.03816586 -0.02242978
v 0.01030614 0.04145348 0.01893240
v -0.02562554 0.03405280 -0.00493792
v -0.03852652 0.02369028 -0.01670487
v 0.00306433 0.03947197 0.00206149
v -0.04280443 0.01854002 -0.00893278
v -0.02807577 0.03279513 -0.00272463
v -0.03425178 0.02745449 0.00120953
v -0.03334895 0.02784328 0.00506252
v -0.03261966 0.02745191 0.00910885
v -0.03461163 0.02556859 0.01249874
v -0.03728692 0.02422956 0.01602849
v 0.01027416 0.05878971 -0.02941094
v 0.00939552 0.05774435 -0.02985047
v 0.01520687 0.06038066 -0.02680928
v 0.00601442 0.06416405 -0.02973612
v 0.00953424 0.06470842 -0.02809037
v 0.01072862 0.06636604 -0.02707803
v 0.00679876 0.06530232 -0.02901102
v 0.00794881 0.05836487 -0.03039687
v 0.00395533 0.05705046 -0.03144250
v 0.00235041 0.06511588 -0.03046556
v 0.00019942 0.06773739 -0.03004727
v 0.00326477 0.06837746 -0.02945440
v -0.00219112 0.07673788 -0.02880726
v -0.00426084 0.07772144 -0.02872888
v -0.00690618 0.08004782 -0.02845883
v 0.00127473 0.07947457 -0.02763993
v 0.00294038 0.08046606 -0.02667630
v 0.00483607 0.07772336 -0.02717392
v 0.00483828 0.08019300 -0.02389089
v 0.00341338 0.08222231 -0.02241044
v 0.00148124 0.08381897 -0.02256520
v 0.00122672 0.08391095 -0.02262819
v 0.00141971 0.08298147 -0.02429955
v 0.00157590 0.07497964 -0.02844679
v 0.00277747 0.07192182 -0.02885643
v 0.00552723 0.07541219 -0.02760772
v 0.00644586 0.07295890 -0.02760054
v 0.00110177 0.07209078 -0.02927958
v -0.00204132 0.08488189 -0.02330703
v -0.00711828 0.08610212 -0.02431004
v 0.00538478 0.05992477 -0.03077545
v 0.01536228 0.06156381 -0.02608271
v -0.00550233 0.08494103 -0.02692824
v 0.00274839 0.08087645 -0.02632801
v 0.02215183 -0.06312469 0.00294052
v 0.01693332 -0.06514691 0.00558338
v 0.02208150 -0.06286321 0.00774491
v 0.02345836 -0.06264533 -0.00143067
v 0.02575741 -0.06112172 0.00520190
v 0.02298444 -0.06190772 0.01031005
v 0.02862000 -0.05853949 0.01139365
v 0.01925111 -0.06393951 0.01194266
v 0.01616332 -0.06556523 0.01378021
v 0.02067923 -0.06462933 0.01637961
v 0.02989548 -0.05872437 0.00662217
v 0.02736455 -0.05987088 -0.00177804
v 0.02422875 -0.06141837 -0.00527540
v 0.01743138 -0.06483745 -0.00286413
v 0.02045898 -0.06278438 -0.01080588
v 0.02015188 -0.06338125 -0.00665896
v 0.02407045 -0.05962981 -0.00969366
v 0.03321089 -0.05582550 -0.00086114
v 0.04227474 -0.04756367 0.00381855
v 0.03811102 -0.05066766 -0.00060953
v 0.04057738 -0.04826746 -0.00202561
v 0.04559804 -0.04348846 0.00495783
v 0.04217984 -0.04745761 0.00658677
v 0.03971617 -0.05013383 0.00558281
v 0.04213686 -0.04776107 0.01014970
v 0.03987863 -0.05014394 0.00761310
v 0.04532747 -0.04333570 0.01037430
v 0.03939464 -0.05199886 0.01295020
v 0.03778424 -0.05343208 0.01294027
v 0.03642188 -0.05279556 0.00285648
v 0.03220167 -0.05725359 -0.00016358
v 0.04365747 -0.04535662 0.01455812
v 0.03625272 -0.05794424 0.01734303
v 0.03881133 -0.05449000 0.01599451
v 0.04054532 -0.05279606 0.01747075
v 0.03894430 -0.05634718 0.01868041
v 0.03996065 -0.05160479 0.01387896
v 0.04058021 -0.05318779 0.02388099
v 0.03480159 -0.05261789 0.03041737
v 0.03931303 -0.05255572 0.02652429
v 0.03974050 -0.05750020 0.02344700
v 0.03453350 -0.05920225 0.03079670
v 0.03590503 -0.06616772 0.02886892
v 0.03738888 -0.06325951 0.02836702
v 0.03065994 -0.07049860 0.02849641
v 0.03325478 -0.06892205 0.02861992
v 0.03622803 -0.06699690 0.02768776
v 0.04252848 -0.04906435 0.01992651
v 0.03890253 -0.06118016 0.02600363
v 0.03827629 -0.05943592 0.02784134
v 0.03898106 -0.05887539 0.02174422
v 0.04520085 -0.04397976 -0.00188784
v 0.04634248 -0.04219233 -0.00263377
v 0.04689789 -0.04154833 0.00067904
v 0.04992852 -0.03143394 0.00799677
v 0.05144512 -0.02894935 0.00783074
v 0.05239075 -0.02710197 0.01412155
v 0.05059116 -0.03065381 0.01850402
v 0.05042413 -0.02889001 0.02024672
v 0.04853236 -0.03545879 0.01329204
v 0.04638358 -0.04175857 0.00685403
v 0.04852153 -0.03187822 0.02321355
v 0.04426392 -0.03858183 0.02648942
v 0.04555209 -0.03506058 0.02625251
v 0.04936419 -0.03346590 0.01833014
v 0.04823890 -0.03635495 0.01105009
v 0.04633104 -0.03142636 0.02681898
v 0.04156075 -0.03769109 0.03044463
v 0.04688025 -0.03889594 0.02110377
v 0.05068558 -0.03045398 0.01173162
v 0.05196747 -0.02434971 0.01951652
v 0.05000063 -0.02804780 0.02215858
v 0.05134559 -0.02124314 0.02281326
v 0.05243957 -0.02187606 0.02037343
v 0.05303108 -0.01925206 0.02054097
v 0.05247437 -0.01740904 0.02249663
v 0.05298252 -0.01400016 0.02189473
v 0.05473953 -0.01701201 0.01748190
v 0.05582142 -0.01942752 0.01293507
v 0.05649195 -0.01950239 0.01061974
v 0.05676259 -0.01984266 0.00383543
v 0.05554490 -0.02250310 0.00008680
v 0.05460270 -0.02360602 -0.00463999
v 0.05430549 -0.02412639 -0.00480340
v 0.05707510 -0.01874814 -0.00211770
v 0.05466204 -0.02387192 0.00014842
v 0.05354994 -0.02476366 -0.00712913
v 0.05174806 -0.02649179 -0.01020802
v 0.05344263 -0.02446128 -0.00961425
v 0.05208763 -0.02579906 -0.01282334
v 0.05126043 -0.02707347 -0.01661694
v 0.04933940 -0.02994603 -0.01246608
v 0.04898586 -0.03209423 -0.01664985
v 0.05349959 -0.02535925 0.00227025
v 0.04462607 -0.04001646 -0.00979536
v 0.04655110 -0.03562757 -0.00712391
v 0.04549251 -0.04077649 -0.00610454
v 0.05644473 -0.01963199 -0.00715569
v 0.04945336 -0.02877617 -0.00481215
v 0.04862119 -0.03037298 -0.00432684
v 0.04286990 -0.04290610 -0.01086296
v 0.04384034 -0.04385945 -0.00568659
v 0.04092959 -0.04545963 -0.00731843
v 0.03917857 -0.04796123 -0.00487436
v 0.04279818 -0.04290119 -0.01960686
v 0.04320471 -0.04175783 -0.02253729
v 0.03805365 -0.05227710 -0.02063355
v 0.03793922 -0.05065847 -0.01695491
v 0.03665629 -0.05231425 -0.01758322
v 0.03315107 -0.05314211 -0.01381180
v 0.03037230 -0.05606616 -0.01493077
v 0.05235475 -0.02665426 0.00080523
v 0.05673674 -0.01939239 0.00702959
v 0.04862657 -0.03334184 -0.01785378
v 0.05134154 -0.02613048 -0.01854873
v 0.05040050 -0.02779334 -0.02129946
v 0.05666647 -0.01733318 0.01120858
v 0.05427664 -0.02471098 0.00839164
v 0.03948996 -0.04783419 -0.01632577
v 0.04001104 -0.04632624 -0.01384357
v 0.05162633 -0.02863923 0.01543429
v 0.05395157 -0.02496377 0.00598702
v 0.04711369 -0.03672292 -0.01811545
v 0.04807884 -0.03491271 -0.01860679
v 0.04457402 -0.04020686 -0.02196428
v 0.03684686 -0.04873940 -0.00803481
v 0.03819965 -0.04743078 -0.01120756
v 0.04960216 -0.03147995 0.00330049
v 0.04468842 -0.04375774 0.02131633
v 0.03998839 -0.04344197 0.02942558
v 0.04138126 -0.04383063 0.02785201
v 0.04338525 -0.04372720 0.02456661
v 0.04043199 -0.04731044 -0.02404538
v 0.04875943 -0.03050272 -0.00966610
v 0.04210508 -0.04403078 -0.01635867
v 0.05052890 -0.02022338 0.02428172
v 0.05701885 -0.01707009 0.00913657
v 0.04207392 -0.04085452 0.02888102
v 0.04230409 -0.04142373 0.02821080
v 0.04910298 -0.03378428 0.00608604
v 0.04755780 -0.03890300 0.00488027
v 0.05526331 -0.02225276 0.01178335
v 0.03081166 -0.05366119 -0.00926043
v 0.03273980 -0.05294884 -0.00583453
v 0.04458736 -0.03993766 -0.01424190
v 0.03428313 -0.07172825 0.02240249
v 0.03877041 -0.05235130 -0.02526500
v 0.03836954 -0.05484324 -0.02764932
v 0.02675220 -0.05712185 -0.01173405
v 0.05738328 -0.01466117 0.00873692
v 0.05687334 -0.01511598 0.01137091
v 0.05592903 -0.01312486 0.01441854
v 0.05430855 -0.00536940 0.01952905
v 0.05406731 -0.00210575 0.02043852
v 0.05568848 -0.00368739 0.01447048
v 0.05573539 -0.00758180 0.01562592
v 0.05565860 -0.01482423 0.01493992
v 0.05724768 -0.01140923 0.00987667
v 0.05421614 -0.01270079 0.01907790
v 0.03407751 -0.05124058 -0.01105725
v 0.03619237 -0.05637909 -0.02101129
v 0.03472393 -0.06003754 -0.02251954
v 0.02195685 -0.06169090 -0.01421231
v 0.02910350 -0.05997330 -0.01722132
v 0.02825083 -0.06186288 -0.01958902
v 0.02040192 -0.06342083 -0.01541287
v 0.03248702 -0.05665994 -0.01778477
v 0.03192438 -0.06420091 -0.02297895
v 0.03110813 -0.06602474 -0.02471933
v 0.03530518 -0.06168727 -0.02790095
v 0.03137531 -0.06715872 -0.02702741
v 0.03358926 -0.06054528 -0.02165570
v 0.02636851 -0.07042606 -0.02597989
v 0.04531847 -0.03940108 -0.00751771
v 0.04352000 -0.04627198 0.01777573
v 0.05629268 -0.00979377 0.01400691
v 0.05799854 -0.00847605 0.00721138
v 0.02911980 -0.05686891 -0.00480375
v 0.05442275 -0.00297300 0.01814493
v 0.02430074 -0.06230489 -0.00255731
v 0.03191303 -0.05655901 0.01077098
v 0.04845516 -0.03441386 -0.00208071
v 0.04865193 -0.03511148 0.00002558
v 0.04938743 -0.03068214 -0.00129216
v 0.03209294 -0.05625795 0.01337881
v 0.04667232 -0.04012039 0.01970572
v 0.02803304 -0.05988362 0.01360743
v 0.03793070 -0.04865293 -0.00532172
v 0.05189098 -0.01063409 0.02373439
v 0.05348005 -0.00900231 0.02131743
v 0.02455285 -0.06583067 -0.02086044
v 0.03650359 -0.05961950 -0.02660264
v 0.03715213 -0.05210677 0.00627230
v 0.05510812 -0.01704770 0.01609129
v 0.05321634 -0.00754285 0.02181239
v 0.04332872 -0.04597777 0.01151120
v 0.02276274 -0.06498499 -0.01948705
v 0.04204048 -0.04381533 -0.01028984
v 0.03014889 -0.05864520 0.00402812
v 0.01743222 -0.06421376 -0.01207480
v 0.03406774 -0.05245176 -0.00425807
v 0.04909153 -0.02662146 0.02450235
v 0.03787502 -0.05854294 0.01890422
v 0.02422964 -0.06114262 -0.01563806
v 0.03876070 -0.06628159 0.02358405
v 0.03763849 -0.06552140 0.02076654
v 0.05543889 -0.02242108 0.00471747
v 0.04938919 -0.03124916 -0.00066314
v 0.05471599 -0.02182471 0.01527421
v 0.03185865 -0.05825184 -0.01851081
v 0.04574279 -0.04162486 0.01304880
v 0.03637856 -0.05195641 -0.00176820
v 0.03185833 -0.06321689 -0.02226442
v 0.04021913 -0.04822265 0.02751784
v 0.04474179 -0.04375906 0.01714755
v 0.02389858 -0.06340012 -0.03181956
v 0.02394763 -0.05786623 -0.03252354
v 0.03076898 -0.06291143 -0.03306667
v 0.02714981 -0.05472673 -0.03244744
v 0.01888621 -0.05171171 -0.03189247
v 0.01897135 -0.04689675 -0.03231615
v 0.02089988 -0.04621459 -0.03208404
v 0.02095467 -0.04345368 -0.03185452
v 0.01997289 -0.05543802 -0.03189171
v 0.01631042 -0.05519207 -0.03084510
v 0.01340843 -0.05327908 -0.03155828
v 0.00804112 -0.05737288 -0.02995976
v 0.00896690 -0.06077011 -0.02806403
v 0.00632702 -0.05322548 -0.03207323
v -0.00092514 -0.05320429 -0.03310721
v -0.00257036 -0.05099706 -0.03381224
v -0.00463229 -0.05216024 -0.03344048
v -0.00499978 -0.05435924 -0.03172942
v -0.00902168 -0.05708057 -0.02899623
v -0.01351143 -0.05338277 -0.02986745
v -0.00802880 -0.05040462 -0.03259413
v -0.00201203 -0.04817638 -0.03370713
v 0.00459036 -0.05942542 -0.02898602
v 0.00510194 -0.06277263 -0.02685386
v -0.00607238 -0.04894358 -0.03319956
v -0.00174850 -0.04605716 -0.03319698
v -0.00510840 -0.04678662 -0.03256222
v 0.00059127 -0.06120846 -0.02832344
v -0.00595842 -0.05970693 -0.02794043
v -0.00379853 -0.06470224 -0.02502604
v -0.01238880 -0.05909426 -0.02715806
v -0.02539940 -0.05211076 -0.02881911
v -0.02165360 -0.05038233 -0.03026527
v -0.02354985 -0.04948954 -0.03031360
v -0.02842981 -0.04895935 -0.02949114
v -0.02355351 -0.04676219 -0.03028917
v -0.03141705 -0.04544718 -0.03002811
v -0.03193946 -0.04745901 -0.02830349
v -0.03247903 -0.04517734 -0.02990963
v -0.02108997 -0.04933270 -0.03057274
v -0.03663907 -0.04613840 -0.02548785
v -0.03540806 -0.04334569 -0.02900642
v -0.03824010 -0.04257843 -0.02763570
v -0.03915132 -0.04404635 -0.02553214
v -0.03195295 -0.04951232 -0.02588703
v -0.03030875 -0.04894265 -0.02830768
v -0.03169390 -0.05105415 -0.02394035
v -0.03726099 -0.03845010 -0.03003394
v -0.03476281 -0.04106214 -0.03035982
v -0.03904642 -0.03325219 -0.03068243
v -0.03915860 -0.02300572 -0.03232395
v -0.03237958 -0.03316853 -0.03047237
v -0.03777111 -0.03889742 -0.02963037
v -0.03384549 -0.03697192 -0.03108985
v -0.03047201 -0.03836404 -0.03083901
v -0.03620208 -0.03379088 -0.03147481
v -0.03753498 -0.03023799 -0.03155632
v -0.03049026 -0.04107096 -0.03058013
v -0.03500574 -0.02587662 -0.03183618
v -0.03484332 -0.04920107 -0.02339788
v -0.02414110 -0.04312730 -0.02955442
v -0.02212183 -0.04400707 -0.02895662
v -0.02739870 -0.04010490 -0.02964948
v 0.01014806 -0.05692986 -0.03014170
v 0.01246112 -0.05634765 -0.03023804
v 0.01605120 -0.05687555 -0.03060041
v 0.02115174 -0.06193909 -0.03122110
v -0.01972277 -0.05583863 -0.02798676
v 0.00668048 -0.05179075 -0.03293791
v 0.01604257 -0.06266902 -0.02949013
v -0.01706481 -0.05567360 -0.02859195
v -0.01564407 -0.04888512 -0.03022061
v -0.01236218 -0.05058088 -0.03067194
v 0.01093033 -0.06144593 -0.02835853
v 0.01742221 -0.05277867 -0.03164625
v 0.01626376 -0.04281940 -0.03170385
v 0.01786370 -0.04017179 -0.02866848
v 0.02061387 -0.04032762 -0.02990625
v 0.02313861 -0.03951649 -0.03040324
v 0.02245983 -0.03813321 -0.02893812
v 0.01425275 -0.04444549 -0.03351402
v 0.01110756 -0.04190670 -0.03065112
v 0.00783491 -0.04274134 -0.03044083
v 0.00330487 -0.04526722 -0.03324288
v -0.00062038 -0.04536269 -0.03269258
v -0.02897965 -0.05068716 -0.02723957
v -0.02856480 -0.05333603 -0.02349413
v -0.02584821 -0.05280938 -0.02776323
v -0.01415891 -0.04635412 -0.02916288
v -0.01516485 -0.04553824 -0.02829196
v 0.00363087 -0.04841303 -0.03443290
v -0.00141325 -0.05819918 -0.02978959
v -0.03381112 -0.02884745 -0.03094564
v -0.01717447 -0.05100212 -0.03044601
v -0.03675532 -0.02628205 -0.03189406
v -0.03178360 -0.05222916 -0.02183861
v -0.02304725 -0.04627375 -0.03016750
v 0.01035928 -0.04626755 -0.03322233
v -0.00927503 -0.04674935 -0.03092550
v 0.00098120 -0.04656000 -0.03399577
v -0.00147356 -0.05713210 -0.03068375
v -0.02585352 -0.04606710 -0.03046478
v 0.01713225 -0.06552736 -0.02791565
v -0.04006823 -0.02193591 -0.03237788
v -0.03874531 -0.02119565 -0.03311674
v -0.01782214 -0.04478730 -0.02804933
v -0.01074446 -0.04822701 -0.03101744
v -0.00325811 -0.06194276 -0.02741179
v -0.00685796 -0.04565820 -0.03101259
v 0.01842487 -0.04405032 -0.03162873
v 0.00048907 0.06809045 -0.00211062
v 0.00251405 0.06539187 -0.00006997
v 0.00294848 0.06505659 -0.00116546
v 0.00380148 0.06359551 -0.00292971
v -0.00037606 0.06873266 0.00392139
v -0.00400904 0.07130026 0.00333611
v -0.00057457 0.06892579 0.00561643
v -0.00539605 0.07168331 0.00686609
v -0.00326054 0.07056326 0.00923948
v -0.00191794 0.06934963 0.01391929
v -0.00163173 0.06716285 0.01773193
v -0.00206336 0.06568504 0.02012274
v -0.00269692 0.06941141 0.01716263
v -0.00009861 0.06464591 0.01737218
v -0.00371151 0.06958177 0.01892134
v -0.00676428 0.06868521 0.02181106
v -0.00882807 0.06866164 0.02268233
v -0.00875123 0.06805665 0.02307884
v -0.00921576 0.06578362 0.02455834
v -0.01023199 0.06335545 0.02570000
v -0.01187505 0.06675852 0.02769056
v -0.01099887 0.06793893 0.02558797
v -0.00681786 0.06649105 0.02266853
v -0.00930637 0.07298834 0.01207284
v -0.00857211 0.07285952 0.01014504
v -0.00570443 0.07170258 0.01071047
v -0.00581511 0.07104181 0.01565741
v -0.00326655 0.07010779 0.01482728
v -0.00823669 0.07163448 0.01707509
v -0.00162515 0.07027542 0.00161683
v -0.00008607 0.06908917 -0.00258048
v -0.01110147 0.07443551 0.00878966
v -0.01091924 0.07452564 0.00765855
v -0.01267386 0.07808164 0.00525564
v -0.01208557 0.08113978 0.00054847
v -0.01189255 0.07735518 0.00108174
v -0.01229870 0.07890942 -0.00315984
v -0.01163279 0.07935560 -0.00712275
v -0.01188119 0.07848115 -0.00555252
v -0.00963865 0.07499906 -0.00212652
v -0.00872581 0.07518525 -0.00922770
v -0.00945108 0.07592741 -0.00926873
v -0.00385196 0.07147651 -0.01257819
v -0.00491090 0.07189661 -0.01359600
v -0.00208139 0.06912236 -0.01399076
v -0.00426333 0.06963529 -0.01739975
v -0.00102735 0.06885590 -0.01178893
v 0.00086234 0.06472560 -0.01215770
v 0.00308150 0.06033812 -0.01309701
v -0.00128263 0.06465922 -0.01426460
v -0.00071977 0.06941688 -0.01031132
v 0.00064076 0.06304104 -0.01519342
v 0.00163600 0.06040843 -0.01592854
v 0.00212647 0.05727883 -0.01568272
v 0.00254390 0.06343616 -0.00891923
v -0.00771695 0.07407199 -0.01353810
v -0.01035607 0.07593326 -0.01705814
v -0.00811308 0.07266127 -0.01962815
v -0.00843102 0.07138896 -0.02163018
v -0.00956640 0.07159837 -0.02460499
v -0.01281095 0.08194361 -0.01840062
v -0.00732101 0.07384203 -0.00537436
v -0.00860916 0.07399536 -0.00129916
v -0.00870745 0.07383435 0.00145082
v -0.00814182 0.07401372 -0.00401055
v -0.01090983 0.07658530 -0.00474509
v -0.01188959 0.07815570 -0.01805304
v -0.01156327 0.07698881 -0.01947887
v -0.00667380 0.07378518 -0.00994048
v -0.01251326 0.08167743 -0.01755421
v -0.01229130 0.07894645 -0.02373370
v -0.01176671 0.07898778 -0.02599418
v -0.01057527 0.07738443 -0.01234238
v -0.00112894 0.06896575 0.01190956
v -0.01196272 0.06387641 0.02947800
v -0.01129668 0.08043894 -0.01148089
v 0.00213243 0.06562521 0.00518196
v 0.00250598 0.06389405 0.00484573
v 0.00271161 0.06451566 0.00180788
v 0.00474802 0.05798439 0.00459379
v 0.00562984 0.05533243 0.00599497
v 0.00709648 0.05370765 0.00993087
v 0.00555606 0.05604411 0.01435706
v 0.00774277 0.05360300 0.01351304
v 0.00959545 0.05280154 0.01658987
v 0.01111609 0.05050609 0.01263657
v 0.01087564 0.05073284 0.01734472
v 0.01183114 0.04972158 0.01562208
v 0.01123725 0.04874472 0.01746862
v 0.00592916 0.05528703 0.00388472
v 0.00448251 0.05852068 0.00879758
v 0.00407444 0.06256685 -0.00051769
v 0.00357363 0.06088028 0.00544097
v -0.01278543 0.07912607 -0.02046827
v -0.01120763 0.07701600 -0.02549450
v -0.01115191 0.07509034 -0.02331474
v 0.00147912 0.06653375 0.00989393
v -0.00185801 0.06950074 0.01198639
v -0.00576861 0.07182405 -0.01558050
v 0.00964346 0.04995742 0.01976403
v -0.00901929 0.07366843 0.00366426
v -0.00743414 0.07272253 0.00730180
v 0.00495170 0.06084889 -0.00342611
v 0.00403631 0.05993502 -0.00698561
v 0.00528314 0.05670341 -0.00662376
v 0.00581826 0.05869040 -0.00315051
v 0.00678666 0.05640935 -0.00087275
v 0.00608482 0.05373777 -0.00539782
v 0.00720906 0.05408608 -0.00014936
v 0.00769426 0.05260141 0.00265502
v 0.01235281 0.05053743 0.00081370
v 0.01153291 0.05141729 0.00310509
v 0.01161519 0.05067690 0.00496751
v 0.00890074 0.05108213 0.00657524
v 0.00643150 0.05310138 -0.00615559
v 0.00716894 0.05230081 -0.00818356
v 0.00809418 0.05233257 -0.00041264
v 0.01325820 0.05142709 -0.00419699
v 0.00645093 0.05823096 -0.00001107
v -0.00133625 0.07059130 -0.00483032
v -0.00059168 0.06270535 0.02025009
v 0.00432919 0.05657819 0.02016533
v 0.00207166 0.05798778 0.02112725
v 0.00232386 0.06030319 0.01902481
v 0.00261889 0.06082229 0.01759524
v 0.00467983 0.05718476 0.01765885
v -0.00604922 0.07094939 -0.01793975
v 0.00790528 0.05180079 0.00682543
v 0.00531786 0.06015007 0.00039713
v -0.00050243 0.06175581 -0.01677414
v 0.00820092 0.05371969 0.01864933
v -0.00972245 0.07159839 -0.02662563
v -0.00909510 0.06825435 -0.02691373
v 0.00200579 0.06295046 0.01462268
v -0.01100262 0.07590967 -0.01908277
v -0.00374981 0.06909679 0.02013449
v 0.00310559 0.06285637 0.00907840
v 0.00386819 0.05888700 0.01308564
v 0.00386803 0.05871629 0.01516917
v 0.00471839 0.05762565 0.01028168
v -0.01108797 0.07405706 0.01762970
v -0.01193169 0.07497599 0.01963556
v -0.01255969 0.07478932 0.02217439
v -0.01230464 0.07330513 0.02152061
v -0.01337393 0.06905663 0.02762459
v -0.01440732 0.07452548 0.02743571
v -0.01369014 0.07814282 0.02100436
v -0.01315554 0.07824262 0.01750536
v -0.01233739 0.07670491 0.01004342
v 0.00324919 0.06064833 0.01532467
v -0.00985710 0.07101154 0.02019545
v -0.00072433 0.06919762 0.00850252
v -0.00533367 0.07288471 -0.00819198
v -0.00224860 0.06675933 -0.01437826
v -0.00155025 0.06065571 0.02213246
v -0.01089344 0.07594037 0.00148617
v -0.00082845 0.06961032 -0.00978463
v -0.01034109 0.07371773 0.01312118
v 0.00203005 0.06612817 0.00816891
v -0.00045642 0.05599320 -0.01809960
v -0.00446473 0.07241413 -0.00617884
v -0.01193011 0.07566193 0.01313367
v -0.01244652 0.07793852 0.01172654
v 0.00070644 0.06582620 -0.00966842
v 0.00049900 0.06713868 -0.00590867
v -0.00089200 0.07034008 -0.00175497
v -0.00323707 0.07164496 -0.00084333
v -0.00545609 0.07215149 0.00306430
v 0.00418946 0.05849056 -0.00909890
v -0.01058484 0.07310255 0.01811449
v -0.00286353 0.06741726 -0.01635603
v -0.01119764 0.06779758 0.03063072
v -0.01389201 -0.01837973 -0.01489316
v -0.01448424 -0.01779052 -0.01833521
v -0.01830446 -0.01371278 -0.01919458
v -0.01441849 -0.01837847 -0.01240379
v -0.01371546 -0.01854334 -0.01609809
v -0.01793169 -0.01385390 -0.01720185
v -0.02039606 -0.01222124 -0.01884265
v -0.01426568 -0.01905724 -0.00943052
v -0.01477608 -0.01918436 -0.00395170
v -0.01352774 -0.01974576 -0.00766406
v -0.01540654 -0.01985227 -0.00039112
v -0.01586778 -0.01837320 -0.00312203
v -0.01887516 -0.01893819 -0.00089253
v -0.01790713 -0.01944129 0.00189196
v -0.02180855 -0.01682734 0.00339774
v -0.02304361 -0.01490366 0.00503662
v -0.01895528 -0.01942497 0.00615016
v -0.01439382 -0.02107357 0.00304820
v -0.01618980 -0.01969924 0.00184500
v -0.01350155 -0.01969399 0.00623725
v -0.01185203 -0.02136922 0.00361559
v -0.01720523 -0.01999465 0.00470032
v -0.01586141 -0.01760527 -0.00426879
v -0.01281050 -0.02040019 -0.01380388
v -0.01812215 -0.01910585 0.00304540
v -0.01983226 -0.01273138 -0.02179360
v -0.01152454 -0.02572061 -0.00955870
v -0.01114674 -0.02573899 -0.01312506
v -0.01920845 -0.01270996 -0.02370128
v -0.01233797 -0.02375039 -0.00926691
v -0.01428337 -0.02333835 -0.00446299
v -0.01415377 -0.02308457 -0.00000772
v -0.01668621 -0.01628083 -0.02154088
v -0.01644602 -0.01799508 -0.02232107
v -0.01530084 -0.01878691 -0.02211040
v -0.01667648 -0.01823504 -0.02794366
v -0.01229178 -0.02076578 -0.02188659
v -0.01346125 -0.01985401 -0.02020178
v -0.01455147 -0.02038313 -0.02461021
v -0.01674110 -0.01583400 -0.02099181
v -0.01786357 -0.01716742 -0.03125045
v -0.01771230 -0.01519737 -0.02801190
v -0.01665138 -0.02069664 -0.03305189
v -0.01469281 -0.02127790 -0.03057740
v -0.01547926 -0.02317172 -0.03302473
v -0.01294795 -0.02642147 -0.03219664
v -0.01489739 -0.02198770 -0.03158853
v -0.01263547 -0.02296711 -0.02714213
v -0.01076718 -0.02405044 -0.02548017
v -0.00808222 -0.03251022 -0.02171857
v -0.01139656 -0.02455900 -0.02134626
v -0.01089303 -0.02640561 -0.01938782
v -0.00935148 -0.03219398 -0.01733104
v -0.01245875 -0.02526714 -0.01770079
v -0.00761149 -0.03181575 -0.02785235
v -0.00928659 -0.03120971 -0.03154800
v -0.01165708 -0.02793983 -0.03188834
v -0.01000715 -0.02971690 -0.01693775
v -0.01755842 -0.01515940 -0.00732788
v -0.01695834 -0.01578524 -0.01306573
v -0.02181215 -0.01415377 -0.00403007
v -0.01596244 -0.01669274 -0.01171262
v -0.01861886 -0.01301608 -0.02629306
v -0.00949380 -0.02790256 -0.02654413
v -0.01780200 -0.02193442 -0.03558490
v -0.02108150 -0.01876340 0.00797563
v -0.00924479 -0.03038069 -0.03062082
v -0.01647596 -0.01928256 0.00795597
v -0.00831375 -0.02924884 -0.02705118
v -0.01214454 -0.02304121 -0.00969495
v -0.01162745 -0.02225907 0.00299098
v -0.01292500 -0.02894131 -0.03624749
v -0.01371581 -0.02696615 -0.03644315
v -0.01069668 -0.02462908 -0.02348844
v -0.01723609 -0.02459262 -0.03694680
v -0.01215310 -0.02156815 -0.02355290
v -0.01124236 -0.02601102 -0.02992386
v -0.00926676 -0.02835379 -0.02713656
v -0.01068161 -0.03076667 -0.03459925
v -0.01405352 -0.02691226 -0.03669791
v -0.01659792 -0.02614582 -0.03928376
v -0.03277731 -0.01239508 -0.03726181
v -0.02985792 -0.01588617 -0.04005013
v -0.02920514 -0.01709120 -0.04039678
v -0.03435802 -0.01185001 -0.03512217
v -0.03112098 -0.01212332 -0.03818340
v -0.03414509 -0.01713024 -0.03753393
v -0.03682968 -0.01299635 -0.03451683
v -0.03573844 -0.01454233 -0.03587754
v -0.03670637 -0.01748160 -0.03595326
v -0.03523848 -0.02074646 -0.03681210
v -0.04121678 -0.01921434 -0.03329680
v -0.04095716 -0.01403508 -0.03302855
v -0.04240257 -0.01395718 -0.03175472
v -0.04237915 -0.01085393 -0.03210002
v -0.04377956 -0.00812277 -0.02962989
v -0.04196943 -0.00609133 -0.03105471
v -0.04107946 -0.00197064 -0.03115288
v -0.04287752 -0.00172266 -0.02965047
v -0.04831956 -0.00502358 -0.02666742
v -0.05055146 -0.00481119 -0.02522168
v -0.04946760 -0.00023601 -0.02498145
v -0.04879423 -0.00045572 -0.02564556
v -0.04973401 0.00451899 -0.02300564
v -0.04572020 0.00107437 -0.02768687
v -0.04397601 0.00316369 -0.02811290
v -0.04685697 0.00491717 -0.02623846
v -0.04542824 0.00854345 -0.02633165
v -0.04509390 0.01036524 -0.02624707
v -0.04514971 0.01150446 -0.02625768
v -0.04446808 0.01848859 -0.02830397
v -0.04604195 0.01957127 -0.02742154
v -0.04305332 0.01887357 -0.02932081
v -0.04594682 0.01689390 -0.02601815
v -0.03886540 0.01668003 -0.03137222
v -0.03985983 0.01308572 -0.03004881
v -0.04553201 0.02237503 -0.02915031
v -0.04062940 0.02360042 -0.03143628
v -0.03740921 0.02357359 -0.03287096
v -0.03793069 0.02460531 -0.03266132
v -0.04420668 0.02295601 -0.02998462
v -0.04492541 0.01464498 -0.02663390
v -0.04665419 0.01381623 -0.02434341
v -0.04328861 0.00493849 -0.02816344
v -0.04109814 0.00224048 -0.03016929
v -0.03623881 0.00940589 -0.03108734
v -0.03702129 0.01040266 -0.03089052
v -0.03456193 0.00389381 -0.03133372
v -0.03326762 0.01225098 -0.03113907
v -0.04300105 -0.01695011 -0.03148459
v -0.03922933 -0.01746130 -0.03527224
v -0.03909749 0.00295263 -0.03067810
v -0.03776663 -0.00048714 -0.03152241
v -0.03979237 0.00627400 -0.03026097
v -0.05035192 -0.01260020 -0.02633157
v -0.04956765 -0.01179681 -0.02695187
v -0.05085129 -0.00997397 -0.02519347
v -0.05027167 -0.01545517 -0.02652502
v -0.04954861 -0.01846772 -0.02684250
v -0.05025725 -0.02590062 -0.02387087
v -0.04552358 -0.01655217 -0.02926105
v -0.04715629 -0.02817802 -0.02638292
v -0.04440763 -0.03089778 -0.02827682
v -0.04233786 -0.03799556 -0.02677348
v -0.04359726 -0.03826280 -0.02498544
v -0.04393790 -0.03163141 -0.02832608
v -0.04126705 -0.03959572 -0.02686442
v -0.04313863 -0.03498395 -0.02746346
v -0.04123481 -0.02661015 -0.03079851
v -0.04448290 -0.02818518 -0.02874545
v -0.04560911 -0.02346430 -0.02883296
v -0.04346671 -0.02232480 -0.03018876
v -0.04352679 -0.01945810 -0.03080155
v -0.04632039 -0.02558024 -0.02801606
v -0.04771705 -0.03047552 -0.02415471
v -0.04785209 -0.02421161 -0.02716767
v -0.04990541 -0.01037056 -0.02637804
v -0.02662699 -0.01101799 -0.03964851
v -0.02830141 -0.00903915 -0.03991256
v -0.04414730 -0.01050473 -0.02968710
v -0.04716319 -0.01810683 -0.02833264
v -0.03901299 0.02852845 -0.03131795
v -0.03385262 -0.01498568 -0.03734020
v -0.04251185 0.00677531 -0.02840374
v -0.04332986 -0.00417541 -0.02955765
v -0.04150143 -0.00345404 -0.03064562
v 0.02926185 -0.06508420 0.01857493
v 0.02492323 -0.06328242 0.01691227
v 0.02866294 -0.06173115 0.01701560
v 0.03224733 -0.05903752 0.01658437
v 0.02913432 -0.06911332 0.01939030
v 0.02086611 -0.06679190 0.01913541
v -0.00220570 0.03173592 0.00042174
v 0.00121766 0.03125262 0.00250845
v -0.00170031 0.03484954 -0.00177375
v -0.00294153 0.03570673 -0.00381718
v -0.00491644 0.03644910 -0.00566256
v -0.00932344 0.03225475 -0.00761063
v 0.00881007 0.03012049 0.00760942
v 0.01301471 0.03338192 0.00666919
v 0.01492232 0.03336841 0.00687524
v 0.01692467 0.02922135 0.01050555
v 0.01099911 0.03238326 0.00736306
v 0.00698089 0.03325052 0.00447876
v 0.00321219 0.03701708 0.00121040
v 0.00686134 0.03506765 0.00326947
v -0.00118944 -0.06498346 -0.02447400
v 0.00649405 -0.06364441 -0.02434818
v 0.00347456 -0.06379658 -0.02504464
v -0.00493535 -0.06526896 -0.02009939
v -0.00593455 -0.06525385 -0.01431625
v -0.00640333 -0.06522013 -0.01318998
v 0.00021518 -0.06515714 -0.01534487
v -0.00777541 -0.06595421 -0.00969743
v -0.00495096 -0.06584993 -0.01084178
v -0.00533764 -0.06604207 -0.00997611
v -0.00118243 -0.06572020 -0.01330149
v -0.00776202 -0.06459904 -0.01836915
v -0.00774443 -0.06435432 -0.02232905
v 0.00319483 -0.06456798 -0.01651941
v 0.00610551 -0.06455557 -0.01458803
v 0.01196204 -0.06350269 -0.01842182
v 0.00969074 -0.06383089 -0.01742936
v 0.01628339 -0.06404838 -0.01601778
v 0.00868309 -0.06388326 -0.00889636
v 0.00164550 -0.06787118 -0.00304874
v 0.00112946 -0.06769142 0.00099036
v 0.00941013 -0.06590642 0.00178993
v 0.00899367 -0.06573831 -0.00228779
v 0.01470895 -0.06483234 -0.00428131
v 0.01453891 -0.06460405 -0.00816080
v 0.01341429 -0.06568746 0.00033937
v 0.01701073 -0.06592170 0.01822745
v 0.00933297 -0.06700230 0.01318800
v 0.00277022 -0.06710214 0.00513813
v 0.00152848 -0.06699804 0.00698973
v -0.00157178 -0.06748707 0.00419264
v 0.00292674 -0.06703002 0.01176472
v -0.00366349 -0.06734426 0.01582236
v -0.00097645 -0.06672554 0.01069632
v -0.00324888 -0.06678682 0.00902725
v -0.00671945 -0.06780247 -0.00010472
v -0.00250638 -0.06812489 -0.00013558
v -0.00488375 -0.06813359 -0.00433933
v -0.00273508 -0.06768614 -0.00571311
v -0.00964157 -0.06680606 -0.00163767
v -0.00862236 -0.06583007 0.00053089
v 0.00125460 -0.06695917 0.01926588
v 0.00257534 -0.06726408 0.01802329
v 0.00663474 -0.06718478 0.01805952
v 0.00377070 -0.06638558 0.02319498
v 0.00836715 -0.06743713 0.01638937
v -0.00194027 -0.06683294 0.02051603
v -0.00232483 -0.06677005 0.00738236
v 0.00547944 -0.06698551 0.01187632
v 0.01315707 -0.06597486 0.01203425
v 0.00692547 -0.06593588 -0.00209960
v -0.00076830 -0.06705929 -0.00900285
v 0.01796729 -0.06413598 -0.01496307
v 0.00842072 -0.06448753 -0.01343031
v 0.01097876 -0.06340099 -0.02445960
v 0.01586088 -0.06512215 -0.02158279
v 0.01646250 -0.06626302 -0.02472142
v 0.02175645 -0.06606597 -0.02086118
v 0.02210121 -0.06949999 -0.02852242
v 0.02080116 -0.06917161 -0.02807299
v 0.01984807 -0.06453157 -0.01728803
v 0.01962494 -0.06739618 -0.02357880
v 0.01090049 -0.06326946 -0.02003440
v 0.00830806 -0.06656310 0.00891213
v 0.00149988 -0.06582455 -0.01155851
v 0.02366751 -0.06923132 -0.02489084
v 0.00114071 -0.06448122 -0.01794437
v 0.00169097 -0.06595379 -0.01084613
v 0.00932123 -0.06610871 0.00328581
v 0.00808897 -0.06487835 -0.00433082
v 0.01084229 -0.06428162 -0.00728006
v 0.00003735 -0.06800832 -0.00378415
v -0.00292272 -0.06704596 -0.00818827
v -0.04918933 0.02214715 0.02404306
v -0.04721915 0.02101491 0.02242419
v -0.04589818 0.01875564 0.01985396
v -0.04604564 0.01540403 0.01730061
v -0.04475917 0.01826202 0.01812716
v -0.04689318 0.02493349 0.02243009
v -0.04574180 0.02189261 0.02155235
v -0.04383552 0.02543419 0.02180239
v -0.04057777 0.02369211 0.01780128
v -0.03975753 0.02185830 0.01572143
v -0.04186194 0.02181577 0.01753205
v -0.03368620 0.02616768 0.01327202
v -0.03367006 0.02824842 0.01757356
v -0.03621006 0.03072299 0.02176363
v -0.03780684 0.03107724 0.02241250
v -0.03775936 0.02956341 0.02113186
v -0.03214872 0.03153073 0.02020013
v -0.02764584 0.03289319 0.02028806
v -0.02456996 0.03466707 0.02007909
v -0.02400091 0.03434905 0.01847376
v -0.02018835 0.03494965 0.01329243
v -0.01994385 0.03693579 0.01562536
v -0.01961157 0.03826441 0.01641522
v -0.01973068 0.04039224 0.01831806
v -0.02177633 0.04006096 0.02155133
v -0.01647833 0.03830178 0.01409238
v -0.01805865 0.04257222 0.01793081
v -0.01944755 0.04528744 0.02042236
v -0.02056280 0.04313809 0.02144069
v -0.02081988 0.04294719 0.02425952
v -0.01969860 0.04716655 0.02158802
v -0.01969769 0.04956363 0.02235201
v -0.01901904 0.05102197 0.02248606
v -0.02029257 0.04899563 0.02440323
v -0.01823821 0.05217277 0.02245390
v -0.01735197 0.04976642 0.02083373
v -0.01626665 0.05395695 0.02269055
v -0.01689790 0.05520412 0.02514797
v -0.01259196 0.05494595 0.02250146
v -0.01217879 0.04944859 0.01985817
v -0.00922295 0.04673050 0.01955004
v -0.00576860 0.04660333 0.02100939
v -0.01508911 0.04692582 0.01886264
v -0.01436834 0.04335111 0.01687260
v -0.01591154 0.04156815 0.01594841
v -0.01411207 0.03668340 0.01144381
v -0.01170471 0.03732617 0.01135532
v -0.00575468 0.04220944 0.01888009
v -0.00397281 0.04410002 0.02095819
v 0.00489959 0.04606031 0.02192455
v 0.00481672 0.04696436 0.02213963
v 0.00553094 0.05279064 0.02159419
v 0.00248253 0.05528355 0.02202521
v 0.00249578 0.05300608 0.02235921
v -0.00353377 0.05349554 0.02233144
v -0.00953499 0.05862580 0.02377667
v -0.00390745 0.05722486 0.02240327
v -0.00436273 0.06007093 0.02319614
v -0.00741024 0.06278031 0.02411349
v -0.00880030 0.06230295 0.02441913
v -0.01060880 0.05890943 0.02436502
v -0.01184160 0.05995515 0.02612962
v -0.01490524 0.05733611 0.02553376
v -0.01255909 0.05752602 0.02413574
v -0.00817663 0.05205964 0.02120263
v -0.00005845 0.05197908 0.02261143
v -0.00036713 0.04881273 0.02271753
v -0.00347545 0.04318511 0.02032402
v -0.00641046 0.05428679 0.02198484
v -0.01141685 0.05416299 0.02208010
v -0.01783965 0.04696862 0.01965564
v -0.01086279 0.04444912 0.01777107
v -0.02714735 0.03557277 0.02378487
v -0.02741768 0.03644894 0.02762259
v -0.02549496 0.03739346 0.02947010
v -0.02420620 0.03831599 0.02626263
v -0.02258093 0.03995567 0.02970046
v -0.02235575 0.04007979 0.02595160
v -0.02594630 0.03354642 0.02018047
v -0.03100845 0.03390915 0.02608866
v -0.04212379 0.02840856 0.02366287
v -0.03023217 0.02801473 0.01463269
v -0.03877604 0.02752735 0.02025161
v -0.04075992 0.02450548 0.01866813
v -0.04537346 0.02737439 0.02281115
v -0.04226601 0.02928839 0.02552108
v -0.04257955 0.03084373 0.02752824
v -0.03764588 0.03187687 0.02822236
v -0.04592014 0.02774254 0.02458517
v -0.04693364 0.02589807 0.02249609
v -0.02329899 0.03732277 0.02156410
v -0.02543744 0.03667500 0.02326387
v -0.01093012 0.05032390 0.02036112
v -0.04589403 0.02769530 0.02679416
v -0.02894135 0.03083345 0.01871221
v 0.00741528 0.05168147 0.02073906
v 0.00930241 0.04629336 0.02083355
v 0.00788513 0.04580390 0.02083094
v 0.00694174 0.04295996 0.01952136
v 0.01185074 0.04355764 0.01996170
v -0.04303523 0.02907342 0.02914801
v -0.03562969 0.03250181 0.02340925
v -0.04395057 0.02082275 0.01908346
v -0.03753414 0.02686046 0.01841309
v 0.00736503 0.04562524 0.02083937
v -0.01844761 0.03589717 0.01261184
v -0.03210315 0.03351560 0.02275735
v -0.04805736 0.02492143 0.02626498
v -0.00693367 0.05045200 0.02124825
v -0.02820264 -0.00431462 -0.03629995
v -0.03013688 -0.00652515 -0.03552861
v -0.03193249 -0.00760152 -0.03492965
v -0.02963286 -0.01330144 -0.03594520
v -0.02977895 -0.00056516 -0.03674675
v -0.02671683 -0.00766060 -0.03562278
v -0.03264084 -0.01114873 -0.03379075
v -0.03290393 -0.01212645 -0.03316734
v -0.03315409 -0.01423817 -0.03320340
v -0.03386036 -0.01644706 -0.03287475
v -0.03457581 -0.01892255 -0.03430847
v -0.02914856 -0.01622027 -0.03641662
v -0.02832601 -0.01118482 -0.03639160
v -0.02551066 -0.00915474 -0.03835852
v -0.01702131 0.05324547 0.02909838
v -0.01756017 0.05218542 0.02937716
v -0.01839741 0.05196944 0.02838951
v -0.01393807 0.05632742 0.02998366
v -0.01435166 0.04992419 0.03225898
v -0.01858725 0.05264586 0.02664466
v -0.01585547 0.05443495 0.03006188
v -0.01245648 0.05682247 0.03119739
v -0.00955089 0.05904835 0.03240807
v -0.01982460 0.04957286 0.02724495
v -0.01202554 0.05940167 0.03072832
v -0.01231186 0.06000046 0.02792043
v -0.01488025 0.04550370 0.03229582
v -0.01331525 0.04601041 0.03330392
v -0.01049933 0.04327704 0.03474856
v -0.00989912 0.04422450 0.03510183
v -0.00387925 0.03874062 0.03311393
v -0.00754157 0.04370684 0.03516987
v -0.00607309 0.03819839 0.03349991
v -0.00995660 0.05066539 0.03404553
v -0.00796570 0.05147032 0.03454910
v 0.00210575 0.04900494 0.03427695
v 0.00307179 0.04536896 0.03368778
v 0.00222980 0.04329992 0.03351176
v 0.00873919 0.04656838 0.03325464
v 0.00351750 0.05100362 0.03461656
v 0.00473201 0.05218701 0.03455626
v 0.00567655 0.05646679 0.03479059
v 0.00227280 0.05594038 0.03557121
v -0.00409490 0.06102586 0.03545077
v -0.00619821 0.05959749 0.03432191
v -0.00815992 0.05570466 0.03369175
v -0.00555563 0.05390198 0.03497903
v -0.00407486 0.05486049 0.03559557
v -0.00372238 0.06255875 0.03582624
v 0.00155777 0.05736125 0.03590213
v -0.00386008 0.04900202 0.03533396
v -0.00494596 0.04683523 0.03503007
v -0.01775114 0.04194238 0.03131765
v -0.00037690 0.05047458 0.03517814
v -0.01964576 0.04238526 0.03042041
v -0.01428056 0.03653430 0.03410407
v -0.01951088 0.03653797 0.03275030
v -0.01766857 0.03361603 0.03356448
v -0.01202999 0.03577813 0.03413457
v -0.01383392 0.04031293 0.03411750
v -0.01720763 0.03318695 0.03354010
v -0.01578263 0.04034580 0.03305747
v -0.01484220 0.03386459 0.03399439
v -0.01113338 0.03961918 0.03475580
v -0.01864325 0.04737519 0.02933120
v -0.02615495 0.03129704 0.03272992
v -0.02189684 0.03232195 0.03315478
v -0.02445580 0.02760618 0.03270569
v -0.02740749 0.03219567 0.03208950
v -0.02752586 0.02627278 0.03257416
v -0.02667813 0.02463035 0.03244489
v -0.03001857 0.02886406 0.03265140
v -0.02974481 0.02628751 0.03270661
v -0.02620946 0.02115494 0.03175813
v -0.03096581 0.02582406 0.03283192
v -0.02987536 0.01866209 0.03177841
v -0.03660349 0.02314213 0.03380593
v -0.04236960 0.01804815 0.03108453
v -0.03903532 0.01358032 0.03138940
v -0.02980369 0.00898295 0.02707591
v -0.03489093 0.00859006 0.03065511
v -0.03802187 0.01845297 0.03278536
v -0.03619794 0.01089335 0.03147083
v -0.03510847 0.02469336 0.03365944
v -0.03316288 0.02524421 0.03338987
v -0.03458403 0.02638041 0.03307095
v -0.02747173 0.01548975 0.02978730
v -0.03324674 0.01957264 0.03229591
v -0.02042707 0.02875076 0.03284708
v -0.03029553 0.03096673 0.03199755
v -0.01761865 0.02499888 0.03185749
v -0.02019895 0.02449679 0.03204368
v -0.01851172 0.02088015 0.03032198
v -0.02094824 0.01884657 0.02926203
v -0.02383106 0.02011196 0.03096773
v -0.02512465 0.01611131 0.02900611
v -0.01730132 0.02089376 0.02996031
v -0.02201122 0.03541715 0.03228963
v -0.01203620 0.02216484 0.02985192
v -0.01163008 0.02500596 0.03114903
v -0.00506502 0.01855956 0.02775273
v -0.00995263 0.02020082 0.02769376
v -0.00533015 0.02092825 0.03008990
v -0.00429437 0.01900312 0.02872004
v -0.00768324 0.02402738 0.03109059
v -0.00095449 0.01846201 0.02918261
v -0.00914238 0.02249531 0.02997084
v -0.03541344 0.03073865 0.03125922
v -0.03352659 0.03302857 0.02979963
v -0.03712202 0.03078784 0.03088864
v -0.04218936 0.02855258 0.03061828
v -0.03183681 0.03310859 0.03023090
v -0.02827309 0.03182225 0.03223313
v -0.02775083 0.03555039 0.02968762
v -0.00755994 0.06074345 0.03332974
v -0.02261435 0.02509361 0.03228844
v -0.00960594 0.06447620 0.03195880
v -0.00848164 0.06501718 0.03273747
v -0.00826570 0.06904250 0.03296751
v -0.00893826 0.07098894 0.03314811
v -0.01102168 0.07402094 0.03368156
v -0.01278024 0.07629244 0.03369329
v -0.00290004 0.07387394 0.03673114
v 0.00140708 0.06756101 0.03533830
v -0.00121908 0.07063517 0.03621344
v -0.00552288 0.07699025 0.03640089
v -0.04197513 0.01058964 0.02977214
v -0.03918270 0.00862804 0.03038555
v -0.04314185 0.00625401 0.02917609
v -0.03818481 0.00118961 0.03138787
v -0.03611491 0.00403942 0.03029418
v -0.03756951 0.00631962 0.03072692
v -0.00868626 0.02791918 0.03197016
v -0.00685335 0.03531638 0.03323190
v -0.02913423 0.01219593 0.02870034
v -0.03852430 0.02125626 0.03350806
v -0.01792799 0.04434906 0.03086826
v -0.00422936 0.03465650 0.03282266
v 0.00263402 0.03836381 0.03291766
v 0.00313647 0.03211537 0.03238744
v 0.00285138 0.04036829 0.03316398
v -0.00403087 0.04024283 0.03338976
v 0.00766116 0.03729665 0.03324433
v 0.00876609 0.03971444 0.03350085
v 0.00983184 0.03709307 0.03307930
v 0.01420010 0.03537301 0.03292923
v 0.01521931 0.03268519 0.03318504
v 0.01524410 0.03046874 0.03317446
v 0.01720349 0.02900073 0.03298953
v -0.00458455 0.02952394 0.03236108
v -0.02087056 0.04307356 0.02883250
v 0.00367070 0.03067864 0.03228516
v 0.00571741 0.03320797 0.03254309
v 0.00689284 0.03364378 0.03267475
v 0.01091683 0.02613505 0.03253180
v 0.00772473 0.02754456 0.03232748
v 0.00339273 0.02581684 0.03175473
v -0.00280153 0.02696961 0.03199972
v -0.00051477 0.02144591 0.03105641
v 0.00368915 0.02350792 0.03159212
v 0.00536571 0.01943453 0.03117754
v 0.00306271 0.01888941 0.03055288
v 0.00747166 0.01751720 0.02960272
v 0.00816648 0.01992237 0.03181844
v 0.01215500 0.01648173 0.02983853
v 0.00972857 0.01696333 0.02886695
v 0.01222601 0.02352075 0.03255932
v 0.01310735 0.02352590 0.03263676
v 0.01280849 0.01957908 0.03231017
v 0.01662455 0.02390044 0.03289982
v 0.01744803 0.01748028 0.03216566
v 0.01956212 0.01373724 0.03057167
v 0.01596603 0.01503903 0.02966873
v 0.01544901 0.01699281 0.03170810
v 0.02069050 0.01807533 0.03264703
v -0.00425062 0.03174976 0.03261130
v 0.00707397 0.02001189 0.03163787
v -0.01399605 0.02738871 0.03231273
v 0.00923757 0.04258892 0.03362256
v -0.04642106 0.01490576 0.02856414
v 0.00038808 0.02764425 0.03208753
v -0.00712776 0.06934861 0.03377844
v -0.00570378 0.06592535 0.03516711
v -0.00257230 0.06995727 0.03604101
v 0.01681003 0.02847519 0.03306987
v -0.03151860 0.01426670 0.03086251
v -0.03556919 0.01708669 0.03237057
v -0.00096346 0.03882620 0.03299999
v -0.04496180 0.01616587 0.02928913
v -0.01318878 0.05281869 0.03210441
v -0.00852518 0.07830682 0.03465699
v -0.00163423 0.02361137 0.03131790
v -0.00237729 0.05654907 0.03592596
v -0.01457025 0.07096751 0.02960858
v -0.00590681 0.02696785 0.03191263
v 0.00659342 0.02312925 0.03166075
v 0.02262225 0.01728267 0.03257716
v 0.01992687 0.01321529 0.03026554
v 0.02558680 0.01316350 0.03161863
v 0.02851494 0.01146777 0.03163242
v 0.02744665 0.01529133 0.03198753
v 0.02883956 0.01590173 0.03189633
v 0.02586894 0.00814038 0.03063174
v 0.03119847 0.00796312 0.03160483
v 0.02789958 0.00697939 0.03107870
v 0.02336854 0.01835212 0.03275941
v 0.02469018 0.00987008 0.03026770
v -0.01940163 0.04702976 0.02867100
v -0.01850900 0.02682868 0.03255395
v -0.00185208 0.06683966 0.03617200
v -0.03341625 0.01198842 0.03112447
v -0.04033167 0.02561283 0.03225001
v -0.00148979 0.05213842 0.03571491
v -0.01730136 0.03147550 0.03337436
v -0.00618171 0.07531152 0.03536644
v -0.03953337 0.02995490 0.03032960
v 0.01455800 0.03013330 0.03313950
v 0.00008122 0.04350754 0.03376568
v 0.00830295 0.04406025 0.03353454
v 0.01364828 0.01581767 0.02958765
v -0.01473098 0.07215225 0.03038001
v -0.00296412 0.03683472 0.03279276
v -0.00006338 0.01801630 0.02863123
v -0.00984425 0.03946339 0.03450827
v -0.01219649 0.03178433 -0.00676856
v -0.01371366 0.03283684 -0.01117957
v -0.01385247 0.03370497 -0.01434964
v -0.00999631 0.03454701 -0.01043436
v -0.00726325 0.03928019 -0.01050935
v -0.01557970 0.02947276 -0.01745174
v -0.00978628 0.03418492 -0.00994459
v -0.01308968 0.03496405 -0.01483983
v -0.01093499 0.04322435 -0.00915649
v -0.01036200 0.04107829 -0.00816515
v -0.00815628 0.03906498 -0.00790976
v -0.00659573 0.04281419 -0.00884472
v -0.01599735 0.04138002 -0.01128603
v -0.01344900 0.03945961 -0.00802441
v -0.01073301 0.04479920 -0.01033649
v -0.00952256 0.04848701 -0.01317715
v -0.01666397 0.04437583 -0.01441511
v -0.01302852 0.05013108 -0.01431567
v -0.01196502 0.04832152 -0.01295535
v -0.01405393 0.04694847 -0.01348231
v -0.01093744 0.05317915 -0.01534721
v -0.00894249 0.05181595 -0.01520880
v -0.00655865 0.05199619 -0.01654978
v -0.00458150 0.05519678 -0.01773869
v -0.00312054 0.04892983 -0.01851117
v -0.01938958 0.04699477 -0.01857243
v -0.01720900 0.04769984 -0.01627153
v -0.01943913 0.04885532 -0.01911289
v -0.01866522 0.05387286 -0.02063354
v -0.01667421 0.05666298 -0.02015670
v -0.01581826 0.05750119 -0.02007067
v -0.01285224 0.05670510 -0.01726436
v -0.00792445 0.06013713 -0.01906950
v -0.00799805 0.05787240 -0.01766108
v -0.00692393 0.06351517 -0.02017192
v -0.00573334 0.06820745 -0.01980014
v -0.00425070 0.06568426 -0.01802171
v -0.00516411 0.06260747 -0.01761713
v -0.00344822 0.06227103 -0.01609913
v -0.00664934 0.06846187 -0.02057344
v -0.00837071 0.06526489 -0.02239139
v -0.00959993 0.06120702 -0.02129464
v -0.01290778 0.05930994 -0.01944385
v -0.01864134 0.05056882 -0.01859577
v -0.01153792 0.03887043 -0.00714453
v -0.01427101 0.05485577 -0.01708721
v -0.00855838 0.05460496 -0.01626743
v -0.00086283 0.05791320 -0.01853471
v -0.00212891 0.05634289 -0.01891130
v -0.01682910 0.05364938 -0.01821343
v -0.01217793 0.04511299 -0.01100392
v -0.01137864 0.05657247 -0.01692696
v -0.00661734 0.05918112 -0.01734528
v -0.00762339 0.04721217 -0.01470002
v -0.00150945 0.05845247 -0.01860700
v -0.00777315 -0.03107786 -0.01120682
v -0.00789057 -0.03262342 -0.00999128
v -0.00988913 -0.02684628 -0.00626388
v -0.00843474 -0.03310979 -0.01365343
v -0.01040914 -0.02744070 -0.01316977
v -0.00795733 -0.03244406 -0.00511771
v -0.00740758 -0.03202077 -0.00412000
v -0.00658075 -0.03087783 0.00087520
v -0.00705002 -0.02970216 -0.00396310
v -0.00661644 -0.03279274 -0.00020973
v -0.00750247 -0.02771569 -0.00045022
v -0.00724887 -0.02688323 0.00256462
v -0.00608384 -0.03026713 0.00253053
v -0.00514272 -0.03436372 0.01014069
v -0.00498471 -0.03445030 0.00687381
v -0.00392963 -0.03668216 0.00331217
v -0.00141644 -0.03857334 0.00132786
v -0.00572197 -0.03721016 -0.00006534
v -0.00526828 -0.03219609 0.00295507
v -0.00771192 -0.02798082 -0.00398476
v -0.00709290 -0.02923529 0.01213463
v -0.00853500 -0.02811080 0.01865040
v -0.00970332 -0.02591835 0.01281818
v -0.00832844 -0.02698909 0.00798796
v -0.01030527 -0.02599313 0.00989425
v -0.01006839 -0.02320463 0.00644419
v -0.01147834 -0.02248340 0.01014829
v -0.01301185 -0.01976027 0.00828162
v -0.01167616 -0.02190134 0.01104843
v -0.01091810 -0.02349177 0.01173171
v -0.01597714 -0.02019615 0.01075053
v -0.01131195 -0.02269551 0.01347472
v -0.00914291 -0.02515163 0.00589222
v -0.00667535 -0.03049051 0.01036123
v -0.00825745 -0.02801748 0.01674365
v -0.03206275 -0.01648283 -0.02453228
v -0.03301122 -0.01905695 -0.02048194
v -0.03317738 -0.01791268 -0.01883075
v -0.03175622 -0.01256397 -0.02458046
v -0.03219349 -0.01092734 -0.02480345
v -0.03219196 -0.00953910 -0.02333986
v -0.03285645 -0.00802618 -0.02907111
v -0.03393824 -0.01506875 -0.03000608
v -0.03217297 -0.01523645 -0.02112525
v -0.03282187 -0.01822571 -0.02682052
v -0.03310460 -0.01906397 -0.01784161
v -0.03140841 -0.01124608 -0.02044774
v -0.03248322 -0.02275523 -0.01940184
v -0.03254051 -0.02332508 -0.02018526
v -0.03254618 -0.02588749 -0.01548817
v -0.03394020 -0.02396362 -0.01046278
v -0.03467017 -0.01957876 -0.01119775
v -0.03416672 -0.01795129 -0.01496865
v -0.03427206 -0.01652117 -0.01196810
v -0.03146408 -0.03029794 -0.01553448
v -0.03210367 -0.02937733 -0.01054397
v -0.03162528 -0.03045409 -0.00969724
v -0.03131242 -0.03255169 -0.00199555
v -0.03277833 -0.02915830 -0.00246705
v -0.03045856 -0.03388405 -0.00381677
v -0.02955895 -0.03549423 -0.00075415
v -0.02754005 -0.03776912 -0.00231011
v -0.02675340 -0.03878805 0.00009361
v -0.02451250 -0.04095050 -0.00491170
v -0.02373494 -0.04061161 -0.00920004
v -0.02546208 -0.03862114 -0.01040421
v -0.02601518 -0.03802154 -0.01453043
v -0.02293521 -0.04074984 -0.01254577
v -0.02205433 -0.04118791 -0.01635765
v -0.01939053 -0.04290825 -0.01526708
v -0.01908121 -0.04317045 -0.01633565
v -0.01794481 -0.04308537 -0.01275480
v -0.01486716 -0.04414811 -0.01308514
v -0.01763223 -0.04300359 -0.01176961
v -0.01419546 -0.04355265 -0.00957787
v -0.02099782 -0.04197065 -0.00904937
v -0.02041989 -0.04209157 -0.01164298
v -0.01129469 -0.04433922 -0.00990960
v -0.02139309 -0.04193006 -0.00829084
v -0.01737997 -0.04420179 -0.01814551
v -0.02585971 -0.03796040 -0.01834760
v -0.02540836 -0.03849782 -0.02072095
v -0.02894402 -0.03539303 -0.01899972
v -0.02626710 -0.03693170 -0.02461473
v -0.02691509 -0.03652202 -0.02505095
v -0.02688169 -0.03726075 -0.02726170
v -0.03184266 -0.03478956 -0.03067359
v -0.02973632 -0.03421580 -0.02856956
v -0.03133489 -0.03128187 -0.02901822
v -0.03257506 -0.02789295 -0.02943110
v -0.03305242 -0.02574226 -0.02949928
v -0.03572553 -0.02088126 -0.03260354
v -0.03508650 -0.01901564 -0.03128716
v -0.03267542 -0.02549811 -0.02355118
v -0.03050771 -0.03277639 -0.02065389
v -0.03109588 -0.03077390 -0.01956895
v -0.03201669 -0.02757577 -0.02190319
v -0.03162973 -0.02846391 -0.02710779
v -0.02270094 -0.04326936 -0.00270831
v -0.02140012 -0.04460190 0.00085522
v -0.01928202 -0.04412608 -0.00291494
v -0.02134990 -0.04480925 0.00202657
v -0.02556921 -0.04013195 -0.00003492
v -0.02512307 -0.04031849 -0.00462888
v -0.02997348 -0.03359683 -0.01069062
v -0.03390673 -0.02570425 -0.00135127
v -0.03447725 -0.02415647 0.00126021
v -0.03437446 -0.02417557 0.00505055
v -0.03487940 -0.02364813 0.00895932
v -0.03556112 -0.02014462 -0.00126625
v -0.03597123 -0.01626574 -0.00358501
v -0.03381640 -0.02557624 0.00388209
v -0.03207453 -0.03069157 0.00824006
v -0.03292133 -0.02757626 0.00207717
v -0.03305714 -0.02718292 0.00847998
v -0.03509601 -0.02344413 0.01387926
v -0.03466281 -0.02780434 0.02133771
v -0.03466651 -0.02861482 0.02281387
v -0.03631763 -0.02332424 0.02222814
v -0.03704607 -0.02152078 0.02328829
v -0.03722572 -0.01859096 0.02144922
v -0.03809019 -0.02333631 0.02607705
v -0.03712677 -0.02649203 0.02540698
v -0.03543953 -0.02579951 0.02187573
v -0.03103481 -0.03391967 0.01632655
v -0.03198362 -0.03369934 0.02370316
v -0.03014559 -0.03514127 0.01950204
v -0.02913469 -0.03731417 0.02370545
v -0.02806400 -0.03967852 0.02503463
v -0.03058396 -0.03812108 0.02619878
v -0.02846460 -0.03624165 0.01336255
v -0.03120846 -0.03255678 0.01092035
v -0.03086689 -0.03262934 0.00747837
v -0.02706932 -0.03831706 0.00380598
v -0.02706937 -0.03779867 0.01366291
v -0.02627305 -0.03864622 0.01170148
v -0.02423397 -0.04050852 0.01263853
v -0.02139201 -0.04341671 0.01084681
v -0.02106354 -0.04455786 0.00883932
v -0.02065520 -0.04605458 0.00664843
v -0.01883208 -0.04774023 0.00868583
v -0.01552998 -0.05087989 0.00896017
v -0.02007325 -0.04554678 0.01167623
v -0.02402029 -0.04101605 0.00950964
v -0.02961273 -0.03470801 0.00565734
v -0.03455010 -0.03147665 0.02545476
v -0.02943710 -0.03545929 0.00372147
v -0.03097889 -0.03177788 0.00186790
v -0.03350014 -0.02704049 0.01263707
v -0.03591859 -0.02093397 0.01503434
v -0.03564838 -0.02159224 0.00957302
v -0.03192303 -0.03075303 0.00977433
v -0.03527522 -0.02274859 0.00904837
v -0.03616248 -0.01849073 0.00519606
v -0.03625753 -0.01820070 0.00967774
v -0.03572852 -0.01389551 0.00832643
v -0.03587322 -0.01482965 0.01144857
v -0.03587071 -0.01639904 0.01364671
v -0.03636079 -0.02057077 0.01691704
v -0.03639011 -0.01505110 0.01739617
v -0.03693380 -0.01472746 0.02158718
v -0.03634088 -0.01647739 0.00719411
v -0.03576918 -0.01448976 0.00039519
v -0.03584239 -0.02021214 0.00126041
v -0.03605054 -0.01928162 0.00148870
v -0.03441672 -0.02435406 -0.00068568
v -0.03478273 -0.01961077 -0.00951013
v -0.03580840 -0.01685371 -0.00450329
v -0.03437704 -0.01680895 -0.01073597
v -0.02488053 -0.04224059 0.02396820
v -0.02699081 -0.04218383 0.02623393
v -0.02418742 -0.04184016 0.02220271
v -0.02304815 -0.04249932 0.01622729
v -0.02165253 -0.04359046 0.01537470
v -0.02027604 -0.04392576 0.02229008
v -0.01985201 -0.04437074 0.02295049
v -0.02300106 -0.04424622 0.02537825
v -0.02092856 -0.04659524 0.02652635
v -0.01887435 -0.04468549 0.02142640
v -0.01716803 -0.04645593 0.01891523
v -0.01916558 -0.04663291 0.01342976
v -0.02587223 -0.03948545 0.00606739
v -0.02577091 -0.03937147 0.00813240
v -0.02517036 -0.04031419 0.00623698
v -0.02368539 -0.04197353 0.01660793
v -0.02802188 -0.03644891 -0.01520457
v -0.02824955 -0.03600858 -0.01310168
v -0.02857929 -0.03627995 -0.00902122
v -0.02825619 -0.03621975 -0.01515686
v -0.03138294 -0.02980661 -0.01920458
v -0.02590391 -0.03962416 0.01721464
v -0.03115604 -0.03536474 0.02401670
v -0.02450106 -0.04235453 0.00373889
v -0.02346812 -0.04369468 0.00449391
v -0.01860690 -0.04356606 -0.02087357
v -0.02068287 -0.04213854 -0.01939613
v -0.02299461 -0.04026231 -0.02266758
v -0.02087188 -0.04268438 -0.02748302
v -0.02078672 -0.04133503 -0.02509759
v -0.02107893 -0.04352467 0.01912051
v -0.02658084 -0.03998996 0.02306188
v -0.02873222 -0.03624073 -0.00569913
v -0.03316258 -0.02304826 -0.01420557
v -0.02854352 -0.03704012 0.01860513
v -0.03002363 -0.03455194 -0.00642194
v -0.03355123 -0.02683166 -0.00323835
v -0.03315079 -0.02442717 -0.02889886
v -0.01700490 -0.04341197 -0.02451897
v -0.01582324 -0.05339978 0.01724109
v -0.02180082 -0.04316062 -0.00476656
v -0.03291385 -0.03376368 0.02482604
v -0.01720333 -0.04272044 -0.00617861
v -0.02925800 -0.03441302 -0.01620712
v -0.03053137 -0.03512279 0.02266308
v -0.03674682 -0.02752520 0.02531743
v -0.01612692 -0.05534567 0.01081917
v -0.03378232 -0.02468592 -0.00992853
v -0.02462042 -0.03936669 -0.02736964
v -0.03352635 -0.02981166 0.01936118
v -0.02240574 -0.04097076 -0.02019568
v -0.03729040 -0.01678767 0.02189871
v -0.02065486 -0.04445641 0.01285491
v -0.03041104 -0.03347906 0.00036471
v -0.02295367 -0.04260536 0.00893078
v -0.02726988 -0.03765312 -0.00834248
v -0.01693995 -0.04350610 -0.02447812
v -0.02152278 -0.04372978 -0.00371514
v -0.03122350 -0.02960490 -0.02593377
v -0.01518222 -0.04317128 -0.00566018
v -0.01423845 -0.04386007 -0.00297265
v -0.03311986 -0.02142496 -0.02704533
v -0.03303490 -0.02285303 -0.02627898
v -0.03285572 -0.02060722 -0.02248710
v -0.02978727 -0.03413727 -0.02140235
v -0.02784479 -0.03627669 -0.01711424
v -0.04957501 0.01154152 0.02279177
v -0.04966620 0.01329225 0.02484321
v -0.04886529 0.01509286 0.02390849
v -0.04932930 0.00741391 0.02564767
v -0.04781492 0.01559830 0.02739321
v -0.04775612 0.01725233 0.02271836
v -0.04885958 0.02455450 0.02425415
v -0.04856933 0.00834018 0.01451339
v -0.05065525 0.00548447 0.02051910
v -0.05122775 0.00385861 0.01852363
v -0.04897648 0.00999801 0.01888677
v -0.05208087 0.00149848 0.01769565
v -0.05262504 -0.00078161 0.02190939
v -0.05165129 -0.00225805 0.02360303
v -0.05226828 -0.00003663 0.01452672
v -0.05346097 -0.00692439 0.01721260
v -0.05288560 -0.00449247 0.01969423
v -0.05353368 -0.00565196 0.01550477
v -0.05309952 -0.00153840 0.01942173
v -0.04971189 -0.00454722 0.02618967
v -0.05239460 0.00009337 0.02156559
v -0.05034488 0.00533324 0.01547937
v -0.05198115 0.00141070 0.01662235
v -0.04617987 0.01215026 0.01387175
v -0.04784006 0.01331781 0.01876696
v -0.05245050 -0.00082099 0.01338663
v -0.05307495 -0.00325581 0.01509007
v -0.05261892 -0.00031693 0.00687306
v -0.05292324 -0.00185498 0.00722352
v -0.05122374 0.00320383 0.00972839
v -0.05174505 0.00253156 0.00622220
v -0.05314309 -0.00387437 0.01117139
v -0.05308669 -0.00359598 0.01133040
v -0.05337242 -0.00313704 0.00496631
v -0.05336967 -0.00642808 0.01012666
v -0.05344170 -0.00535165 0.00859860
v -0.05359119 -0.00538824 0.00382006
v -0.05324845 -0.00668142 -0.00186712
v -0.05305029 -0.00891486 -0.00203913
v -0.05332460 -0.00903392 0.00203798
v -0.05275327 -0.00859949 -0.00701960
v -0.05277051 -0.00970568 -0.00719220
v -0.05339296 -0.01224499 0.00640808
v -0.05347725 -0.00977912 0.00525039
v -0.05284183 -0.01580195 0.00867088
v -0.05218686 -0.02072169 0.01025226
v -0.05215855 -0.02239382 0.01133936
v -0.05416849 -0.02425368 0.01733270
v -0.05260227 -0.02509059 0.01331670
v -0.05494557 -0.02286449 0.02092780
v -0.05189626 -0.03028104 0.01562606
v -0.05142419 -0.02780843 0.00975408
v -0.05029321 -0.03080011 0.01155276
v -0.05151044 -0.02723505 0.00582479
v -0.05073578 -0.02976801 0.00508385
v -0.05050539 -0.03010177 0.00423887
v -0.05198345 -0.02517763 0.00331307
v -0.05051499 -0.03259169 0.01583450
v -0.05068612 -0.03296158 0.01984878
v -0.05057103 -0.03065591 0.00182259
v -0.05051998 -0.03187243 -0.00133992
v -0.05187763 -0.02829127 -0.00240080
v -0.05243060 -0.02605597 -0.00165619
v -0.05215949 0.00074343 -0.01324461
v -0.05257922 0.00019398 -0.01524696
v -0.05314869 -0.01912541 0.01408101
v -0.05334024 -0.00966179 0.00090314
v -0.05368762 -0.01444390 0.00267204
v -0.05231742 -0.00177610 -0.00966081
v -0.05505624 -0.02229138 0.02107594
v -0.05360587 -0.00359463 -0.00123466
v -0.05417656 -0.01323361 -0.00242446
v -0.05299574 -0.01829643 0.00423373
v -0.05164686 0.00123030 -0.00974770
v -0.04815307 0.01040857 -0.01207601
v -0.04949113 0.01025290 -0.00566409
v -0.04882567 0.01048200 -0.00862994
v -0.05068120 0.00574138 -0.00662756
v -0.05109033 0.00603993 -0.00227210
v -0.05237128 0.00158417 -0.00413627
v -0.05192608 -0.00073902 -0.00711111
v -0.05336797 -0.00257971 -0.00190373
v -0.05301242 -0.00004801 -0.00208882
v -0.05234019 0.00248608 -0.00109808
v -0.05060454 0.00723638 -0.00033497
v -0.05057100 0.00787787 -0.00284679
v -0.05243236 -0.01026735 -0.01059229
v -0.05257711 -0.00982927 -0.01558395
v -0.05246029 -0.00423156 -0.02032996
v -0.05073208 -0.00357303 -0.02479476
v -0.05024838 -0.00088415 -0.02442789
v -0.05162161 0.00273034 -0.01886674
v -0.05218655 0.00109723 -0.01812740
v -0.05229312 -0.01323888 -0.02170427
v -0.05166412 -0.01165476 -0.02400680
v -0.05298395 -0.00371840 -0.01753582
v -0.05164748 -0.00828701 -0.02399259
v -0.05204597 -0.01117187 -0.01456385
v -0.05219504 -0.01468677 -0.02280679
v -0.05264538 -0.00968888 -0.01915553
v -0.05232267 -0.01073244 -0.01731910
v -0.05108775 0.00556214 -0.00510401
v -0.05422347 -0.01355740 -0.00713756
v -0.05336030 -0.01858185 -0.00782359
v -0.05429216 -0.01333679 -0.00492695
v -0.05284436 -0.02139862 0.00081552
v -0.05329285 -0.01792669 -0.00100298
v -0.05395880 -0.01556763 -0.00375772
v -0.05210543 -0.02486452 0.00278933
v -0.05359592 -0.01488098 0.00440031
v -0.05357729 -0.01071926 0.01498945
v -0.05545925 -0.01805508 0.02312951
v -0.05299545 -0.00211581 0.00705937
v -0.04988937 0.00785732 0.00228537
v -0.04955670 0.00767121 0.00432388
v -0.04793898 0.00825483 0.00748204
v -0.04806617 0.00776167 0.00854504
v -0.05022090 0.00496649 0.00881335
v -0.05303284 -0.02028473 -0.00693696
v -0.05295756 -0.01911523 -0.01559582
v -0.05300089 -0.02112046 -0.01409296
v -0.05186943 -0.02746954 -0.01093440
v -0.04974503 -0.03212713 -0.00994011
v -0.04848161 -0.03476200 -0.00588303
v -0.04716375 -0.03792752 -0.00985507
v -0.04707465 -0.03766857 -0.00731036
v -0.04776103 -0.03626612 -0.00704992
v -0.04553845 -0.03987718 -0.00455918
v -0.04505887 -0.04112736 -0.00876389
v -0.04297306 -0.04438358 -0.00766740
v -0.04276220 -0.04456592 -0.00989101
v -0.04098637 -0.04673024 -0.00852739
v -0.03678911 -0.05028053 -0.01043996
v -0.03688200 -0.04965074 -0.01303010
v -0.03962237 -0.04783329 -0.01014426
v -0.03791014 -0.04941596 -0.00770707
v -0.04431874 -0.04065248 -0.01231675
v -0.04526953 -0.03704797 -0.02305649
v -0.04519780 -0.03570768 -0.02450217
v -0.04838239 -0.03454958 -0.01420303
v -0.04685323 -0.03713940 -0.01375937
v -0.04204598 -0.04186238 -0.02256712
v -0.04266324 -0.04270311 -0.01960166
v -0.04669864 -0.03382821 -0.02307259
v -0.04885585 -0.02929937 -0.02376083
v -0.05236965 -0.02515258 -0.01788939
v -0.05003307 -0.03148987 -0.01203917
v -0.05210819 -0.02380439 -0.02113013
v -0.05297937 -0.02129020 -0.01960751
v -0.05282898 -0.02412181 -0.01342378
v -0.04852898 -0.03072295 -0.02208612
v -0.05323073 -0.02216709 -0.01786392
v -0.05263881 -0.01940416 -0.02054377
v -0.04284254 -0.04003986 -0.02458171
v -0.04488430 -0.03940111 -0.01822721
v -0.04917291 -0.03264943 -0.01415956
v -0.04334036 -0.04157619 -0.01663222
v -0.04384616 -0.04290288 -0.00479210
v -0.04590126 -0.03967651 0.00022673
v -0.04958446 -0.03396497 -0.00177496
v -0.04898744 -0.03387432 0.00198265
v -0.04796378 -0.03547298 0.00308758
v -0.04906973 -0.03325825 -0.01299435
v -0.04674532 -0.03748778 -0.01308532
v -0.05175145 -0.01519687 -0.01716778
v -0.05051807 -0.03080147 -0.00664860
v -0.05122114 -0.02879367 -0.00884516
v -0.05184384 -0.01508486 -0.01926537
v -0.05184761 -0.02761642 -0.01359832
v -0.05212072 -0.01344670 -0.01500905
v -0.05376979 -0.01497605 -0.01110229
v -0.04350190 -0.04139124 -0.01632180
v -0.04740700 -0.03632879 0.00698132
v -0.04829489 -0.03446333 0.00861609
v -0.04866605 -0.03379834 0.01185106
v -0.04614411 -0.03803402 0.00733065
v -0.04449360 -0.04241880 -0.00047380
v -0.04095604 -0.04703205 -0.00085206
v -0.04320359 -0.04423452 -0.00252885
v -0.04164300 -0.04606222 -0.00379544
v -0.03912035 -0.04843377 0.00425116
v -0.03957203 -0.04844681 -0.00032546
v -0.03653442 -0.05092914 -0.00104063
v -0.03817219 -0.04596823 -0.02368032
v -0.03551648 -0.04967891 -0.02079763
v -0.03840344 -0.04700203 -0.01946615
v -0.04194890 -0.04394542 -0.01722899
v -0.03932904 -0.04700391 -0.01375497
v -0.03669433 -0.04937602 -0.01546404
v -0.05485776 -0.02396616 0.02016368
v -0.04881786 0.01166998 0.00130658
v -0.03960650 -0.04753786 0.00817557
v -0.03847402 -0.04951378 0.01153556
v -0.03981100 -0.04830537 0.01293494
v -0.03914208 -0.04613682 -0.02007377
v -0.05297086 -0.00157236 -0.01551243
v -0.04123355 -0.04608314 0.00428642
v -0.04160557 -0.04473034 0.00818231
v -0.04202600 -0.04384726 0.00815392
v -0.04153388 -0.04503767 0.00968782
v -0.04159280 -0.04646020 0.01432147
v -0.04358771 -0.04342915 0.01410710
v -0.04428806 -0.04250515 0.01447688
v -0.04438396 -0.04315529 0.01897247
v -0.04605428 -0.04073325 0.02179110
v -0.04624859 -0.04098203 0.01896338
v -0.04832590 -0.03801055 0.02041668
v -0.04995313 -0.03503011 0.02077720
v -0.04935849 -0.03568389 0.02278633
v -0.04901687 -0.03513902 0.01707450
v -0.04918462 -0.03385557 0.01473745
v -0.04798833 -0.03547904 0.01409576
v -0.04633063 -0.04022098 0.01697409
v -0.04498384 -0.04022738 0.01102294
v -0.04427439 -0.04313856 0.01772947
v -0.04508401 -0.03981585 0.00660924
v -0.04567008 0.01364002 0.00917761
v -0.03831652 -0.04889976 0.00931431
v -0.03362884 -0.05299444 0.00849364
v -0.03569941 -0.05228177 0.01087193
v -0.03580606 -0.05388678 0.01530207
v -0.03799426 -0.05068189 0.01604938
v -0.03704287 -0.05159105 0.01803358
v -0.05043974 0.00511737 0.00668774
v -0.05314466 -0.00552720 -0.00462805
v -0.05362396 -0.01420484 0.01381023
v -0.05435210 -0.01337904 0.01987488
v -0.03753806 -0.04976825 0.00665459
v -0.05231106 -0.02631650 -0.00309258
v -0.04944374 -0.03071821 -0.01744924
v -0.05061719 -0.02019744 -0.02569003
v -0.05183510 -0.01880217 -0.02448095
v -0.05188635 0.00072089 -0.01101016
v -0.05203367 -0.02279641 0.00491377
v -0.03291812 -0.05317520 -0.01775184
v -0.03326257 -0.05391747 -0.01155559
v -0.03437583 -0.05150145 -0.01843544
v -0.05212121 -0.02180846 0.00589189
v -0.03551644 -0.05166185 0.00395599
v -0.05000141 0.00116606 -0.02408992
v -0.05075489 0.00473899 -0.01965719
v -0.03978380 -0.04781241 -0.00484608
v -0.04881580 0.00607101 -0.02363676
v -0.04787764 0.01077483 -0.02304776
v -0.04956948 0.00874636 -0.01759317
v -0.04971600 -0.03194268 0.00507163
v -0.04013336 -0.04555781 -0.01840320
v -0.05433679 -0.02751047 0.02006045
v -0.04982352 0.00981024 -0.00166395
v -0.04063537 -0.04672479 -0.01055269
v -0.05092560 0.00419606 0.02284518
v -0.03722955 -0.04991685 0.00766586
v -0.04746576 0.01398799 -0.02188328
v -0.04622885 0.01726061 -0.02253270
v -0.04771548 0.01294129 -0.01869566
v -0.04760568 0.01121746 -0.01468120
v -0.04389698 -0.04093394 0.00936036
v -0.03552127 -0.05179559 -0.01231888
v -0.04455128 -0.04401601 0.02233708
v -0.04502035 -0.04207095 0.02407112
v -0.04929302 0.01043774 0.02080369
v -0.04231807 -0.04520436 0.01644270
v -0.03988231 -0.04756847 0.01723137
v -0.05029326 0.00828102 -0.00484725
v -0.04422350 -0.04216217 0.00442759
v -0.05187987 0.00311121 0.00292216
v -0.04864129 0.01312932 -0.00448405
v -0.04668973 0.01146107 -0.02453112
v -0.04861815 0.01078806 -0.01879214
v -0.05338259 -0.01296065 0.00929994
v -0.03732910 -0.05374032 0.02191939
v -0.03927195 -0.04935769 0.01840538
v -0.04213882 -0.04460064 -0.01317099
v -0.04720564 -0.03473011 -0.02078312
v -0.03556661 -0.05381356 0.01890724
v -0.03589077 -0.05437323 0.02037605
v -0.03397214 -0.05693377 0.02252552
v -0.03066236 -0.05712598 0.01807614
v -0.03320303 -0.05654423 0.01510678
v -0.03855929 -0.04916758 -0.00299539
v -0.05313712 -0.03000842 0.01885555
v -0.05301854 -0.00463715 -0.00602514
v -0.05137335 -0.02705191 -0.01888064
v -0.04693009 -0.03788657 0.00072012
v -0.05232666 -0.01966424 -0.02318843
v -0.05044386 -0.03405319 0.02264148
v -0.03458039 -0.05545861 0.01412911
v -0.05203346 -0.02479415 0.00902013
v -0.05352635 -0.02863927 0.01976787
v -0.04419084 -0.04249056 0.00230645
v -0.05338663 -0.00697738 0.01286387
v -0.05353429 -0.00202866 0.00106595
v -0.05326426 -0.01034491 0.01082203
v -0.05298518 -0.00233666 -0.01554211
v -0.05043291 0.00483539 -0.01147995
v -0.05297967 -0.00601088 -0.01275108
v -0.05382186 -0.01773352 0.01761106
v -0.04883710 0.00858879 0.00488020
v -0.04741414 0.00865284 0.00992434
v -0.04154830 -0.04933101 0.02091746
v -0.05042300 0.00546134 -0.01392326
v -0.04822465 0.01860238 0.02385109
v -0.04983041 0.00583723 0.01311567
v -0.05204674 -0.02477177 -0.00774772
v -0.04932794 -0.03390856 -0.00372406
v -0.05271606 -0.02249106 -0.00744967
v -0.05253900 -0.02320609 -0.00399152
v -0.00358523 -0.06630574 0.02247501
v 0.01073480 -0.06438566 0.02510569
v 0.00859690 -0.06187696 0.02923692
v 0.01085874 -0.06088379 0.03046857
v -0.00631747 -0.06544936 0.02325924
v 0.01103521 -0.06536560 0.02159141
v -0.01059419 -0.06482337 0.02222503
v -0.01082502 -0.06484156 0.01748600
v -0.00266845 -0.06400559 0.02632848
v -0.00213658 -0.06236592 0.02778091
v 0.00260708 -0.06435821 0.02638885
v -0.00826123 -0.06588689 0.02027199
v -0.00653489 -0.06679485 0.01337391
v -0.00891714 -0.06586457 0.00900248
v -0.01103370 -0.06058213 0.00971480
v -0.01221169 -0.05800269 0.01040525
v -0.01668666 -0.06397329 0.02101918
v -0.02295001 -0.06298097 0.01925825
v -0.01912676 -0.06166031 0.02509459
v -0.02405768 -0.06223405 0.02040201
v -0.02816691 -0.05945931 0.01615142
v -0.02454965 -0.06137196 0.01663228
v -0.02525587 -0.06124020 0.02258990
v -0.02465719 -0.06114446 0.01346468
v -0.01382585 -0.06386844 0.02252803
v -0.02792840 -0.05772183 0.02665087
v -0.03122933 -0.05851414 0.02196003
v -0.02744892 -0.06059961 0.02171776
v -0.03516417 -0.05349949 0.02484672
v -0.04279825 -0.04634927 0.02253900
v -0.02592335 -0.05964616 0.02453115
v 0.00888172 0.07104273 -0.02667789
v 0.00627832 0.07523007 -0.02708672
v 0.00940226 0.07596181 -0.02369257
v 0.01067819 0.07472916 -0.02310882
v 0.01218733 0.07349731 -0.01958083
v 0.01032587 0.07632445 -0.01948078
v 0.01362037 0.06964051 -0.02260970
v 0.00705864 0.07951210 -0.02114244
v 0.00595031 0.08084337 -0.01907386
v 0.00732702 0.07977721 -0.01732529
v 0.00485734 0.08230353 -0.01605483
v 0.01675726 0.06673394 -0.01927771
v 0.01142441 0.07156145 -0.02459377
v 0.00634921 0.08084458 -0.01378038
v 0.00340937 0.08265953 -0.01155675
v 0.00393223 0.08246099 -0.01325287
v 0.00727148 0.07972247 -0.01303059
v 0.00407349 0.08198938 -0.00885345
v 0.00249259 0.08273906 -0.00799428
v 0.00192875 0.08252944 -0.00544354
v 0.00389763 0.08190184 -0.00542572
v 0.00311131 0.08192885 -0.00270988
v 0.00446997 0.08155839 -0.00420180
v 0.00210142 0.08192943 0.00007066
v -0.00109232 0.08280512 -0.00084889
v 0.00143957 0.08198233 0.00244957
v -0.00215734 0.08266083 0.00222441
v -0.00238478 0.08349079 -0.00071552
v 0.00797306 0.07504762 0.00540108
v 0.00755839 0.07599362 0.00347629
v -0.00310823 0.08221518 0.00711267
v -0.00044611 0.08224643 0.00580479
v 0.00033951 0.08202879 0.00646361
v 0.00337674 0.08077428 0.00694479
v 0.00414988 0.07974967 0.01415536
v 0.00272410 0.08090055 0.01109198
v 0.00547978 0.07880146 0.01176750
v 0.00343085 0.08003976 0.01711113
v 0.00124253 0.08080861 0.01558868
v 0.00693827 0.07722803 0.01862079
v 0.00654923 0.07787342 0.01587098
v 0.00832653 0.07545949 0.01833034
v 0.00344587 0.08003485 0.01881017
v 0.00062482 0.08116908 0.01225510
v 0.00553938 0.07871804 0.00756798
v -0.00437998 0.08428779 0.00784556
v -0.00187728 0.08377547 -0.00494687
v -0.00288196 0.08429644 -0.00304969
v -0.00490041 0.08638270 -0.00597050
v -0.00241688 0.08387301 -0.00840040
v 0.00655947 0.07762922 0.01334256
v -0.00157725 0.08161895 0.01034390
v 0.00528488 0.07919823 0.00446980
v 0.00757104 0.07610029 0.02234766
v 0.00710146 0.07563368 0.02420462
v 0.00550208 0.07847933 0.02202175
v 0.00644119 0.08032792 -0.01101875
v 0.00938215 0.07358124 0.01409383
v 0.00845236 0.07487974 0.01219890
v 0.01071901 0.07147293 0.01280779
v 0.00993434 0.07295610 0.00861185
v 0.00907922 0.07369904 0.00652839
v 0.01136046 0.07087470 0.00474334
v 0.01030276 0.07252566 0.00252577
v 0.01145069 0.06953553 -0.00057276
v 0.01058668 0.07378867 -0.00578443
v 0.01155315 0.07011090 -0.00342609
v 0.01057218 0.07644584 -0.00969552
v 0.01147622 0.07462984 -0.01200249
v 0.00732586 0.07960692 -0.01159950
v 0.01132307 0.07558673 -0.01731247
v 0.00935641 0.07787740 -0.00687481
v 0.00786089 0.07804961 -0.00208857
v 0.00808247 0.07508167 0.00359422
v 0.01048519 0.07605518 -0.00781119
v 0.00682482 0.07907858 -0.00156637
v 0.00857338 0.07566527 0.00006852
v 0.01002819 0.07682696 -0.01373681
v 0.00998224 0.07382687 -0.00182197
v 0.00770810 0.07391744 0.02630150
v 0.00622957 0.07455684 0.02687797
v 0.00894340 0.06945529 0.02872207
v 0.00906594 0.06468889 0.03159715
v 0.00351827 0.07118045 0.03322116
v 0.01153134 0.06429615 0.02918686
v 0.01074550 0.06578005 0.02895087
v 0.01455527 0.06482294 0.02504770
v 0.01473561 0.06586631 0.02242766
v 0.01563268 0.06523662 0.02002966
v 0.01274947 0.06918953 0.01763088
v 0.01408637 0.06167572 0.02856167
v 0.01040122 0.06280001 0.03110953
v 0.01462492 0.05921105 0.02940262
v 0.01433516 0.06594889 0.02408545
v 0.00443113 0.07505118 0.02840201
v 0.00784147 0.06684327 0.03162948
v 0.01581090 0.06515791 0.01764043
v 0.01898122 0.06197735 0.01637102
v 0.01771044 0.06329257 0.01440350
v 0.02011808 0.06137654 0.00702803
v 0.02178699 0.05981928 0.00893605
v 0.02332889 0.05643581 0.01226605
v 0.02121792 0.06028825 0.00957787
v 0.02039929 0.06076142 0.01230603
v 0.01573509 0.06495195 0.01141576
v 0.00825388 0.06377272 0.03323298
v 0.02416548 0.05480111 0.01223940
v 0.02396774 0.05277695 0.01411386
v 0.02319532 0.05301414 0.01615389
v 0.02161353 0.05007827 0.02158938
v 0.02223316 0.04700249 0.02200808
v 0.01951379 0.04701904 0.02905025
v 0.01755079 0.05089871 0.02854675
v 0.01637496 0.06384702 0.02386608
v 0.01955111 0.05906328 0.02192653
v 0.01912638 0.05436556 0.02494660
v 0.02048145 0.05286341 0.02332051
v 0.02373406 0.04089038 0.02672202
v 0.02548199 0.03726379 0.02262319
v 0.02536284 0.03518291 0.02499563
v 0.02338609 0.03582255 0.02957401
v 0.02530799 0.03240582 0.02864272
v 0.02730543 0.03642021 0.02105492
v 0.03172271 0.03317674 0.02066745
v 0.03000983 0.03771195 0.01794819
v 0.03239398 0.03874313 0.01451820
v 0.03118832 0.03989834 0.01524053
v 0.03264605 0.04243277 0.01034142
v 0.03551604 0.03993854 0.00830553
v 0.03477139 0.04206629 0.00565809
v 0.03297257 0.04445037 0.00632822
v 0.03412643 0.04315535 0.00374346
v 0.03616242 0.03997617 0.00515399
v 0.03384285 0.04274813 -0.00128183
v 0.03684341 0.03752709 0.00939301
v 0.03617342 0.03679069 0.01145150
v 0.03603286 0.03400319 0.01486150
v 0.03386798 0.03613347 0.01521905
v 0.03465496 0.03724705 0.01303284
v 0.03703136 0.03196792 0.01576034
v 0.03808085 0.02991113 0.01714470
v 0.03458112 0.03323057 0.01713214
v 0.03360531 0.03890919 0.01236913
v 0.04208182 0.02362715 0.01912396
v 0.04205582 0.02535100 0.01621259
v 0.04441247 0.02144915 0.01827685
v 0.04411531 0.02655391 0.01096133
v 0.04286598 0.03071561 0.00606990
v 0.04349980 0.02987532 -0.00025001
v 0.04007590 0.03494878 0.00152563
v 0.04062498 0.03416294 0.00424001
v 0.03961565 0.03505524 0.00708552
v 0.03869238 0.03700882 0.00285016
v 0.04642523 0.02643578 0.00372145
v 0.04013427 0.02892934 0.01482567
v 0.03802517 0.03733554 -0.00096003
v 0.03993818 0.03467122 -0.00273370
v 0.04412183 0.02824295 0.00808989
v 0.04165644 0.03190329 0.00736509
v 0.03872782 0.03159570 0.01357593
v 0.04701938 0.02574320 0.00347444
v 0.04848511 0.02376623 -0.00021569
v 0.04858758 0.02342537 0.00450474
v 0.05051182 0.01730230 0.01045772
v 0.05010505 0.02080055 0.00517899
v 0.05126936 0.01845270 0.00464960
v 0.05379377 0.01172961 0.00567844
v 0.05445701 0.00956146 0.00581263
v 0.05341853 0.01364303 0.00024900
v 0.05227628 0.01641136 -0.00085563
v 0.05052141 0.02027947 -0.00128216
v 0.05090051 0.01530437 0.01161020
v 0.04832814 0.01196203 0.02052339
v 0.05101816 0.01212873 0.01428989
v 0.05384144 0.00651889 0.01182913
v 0.05297728 0.01208890 0.00884427
v 0.05487207 0.00650822 0.00813878
v 0.04847769 0.02343882 -0.00215113
v 0.05021213 0.02071695 -0.00260189
v 0.04869250 0.01865945 0.01299108
v 0.05253051 0.01545047 -0.00442233
v 0.05454113 0.01079687 0.00144660
v 0.05383479 0.01237127 -0.00407267
v 0.05521995 0.00879023 0.00084935
v 0.05337805 0.01317001 -0.00598275
v 0.05533527 0.00823447 -0.00084861
v 0.05523703 0.00760645 -0.00520637
v 0.05653788 0.00282087 -0.00461884
v 0.05512978 0.00842546 -0.00339930
v 0.04790174 0.01385611 0.01941787
v 0.04224293 0.02902144 0.01089732
v 0.05384348 -0.00043458 0.01986942
v 0.05319485 0.00254142 0.02130632
v 0.05225983 0.00506577 0.02160789
v 0.05162957 0.00621142 0.02193345
v 0.05365909 0.00028868 0.02096482
v 0.05647370 0.00325724 0.00516602
v 0.04030457 0.02510686 0.02079059
v 0.03961274 0.02241643 0.02306051
v 0.04505007 0.01625000 0.02209732
v 0.04400967 0.01980747 0.02118725
v 0.04644165 0.01551449 0.02090809
v 0.04607264 0.01248055 0.02331034
v 0.04838684 0.00853067 0.02344761
v 0.04129931 0.01842581 0.02425779
v 0.04636067 0.01843762 0.01825738
v 0.04883761 0.00537117 0.02492939
v 0.04133134 0.02739637 0.01482166
v 0.05705783 -0.00166058 0.00834975
v 0.05770687 -0.00343640 0.00749938
v 0.05737712 0.00000007 0.00223323
v 0.05213702 0.00726993 0.01668871
v 0.04964888 0.01013473 0.02056010
v 0.03764419 0.03824073 0.00451314
v 0.03327236 0.04341145 0.00773825
v 0.03522136 0.03147564 0.01920101
v 0.03694770 0.02513284 0.02412916
v 0.03768738 0.01903589 0.02748609
v 0.04216128 0.01435809 0.02556705
v 0.03065686 0.04822884 0.00587268
v 0.02950521 0.04929865 0.00719475
v 0.03133930 0.04743800 0.00497940
v 0.04203009 0.02210437 0.02132264
v 0.02930913 0.04387037 0.01417966
v 0.02806858 0.04693643 0.01322161
v 0.02627550 0.04665119 0.01587462
v 0.02751811 0.05137751 0.00899510
v 0.02526011 0.05434223 0.01042962
v 0.02678004 0.05306298 0.00822431
v 0.02838914 0.04831231 0.01117636
v 0.02883397 0.04831008 0.01028300
v 0.03075910 0.03639653 0.01814250
v 0.02487749 0.03971533 0.02169671
v 0.02385471 0.03914475 0.02681643
v 0.04535984 0.02279939 0.01389258
v 0.04599087 0.02557678 0.00884723
v 0.04680764 0.02221942 0.01212246
v 0.03085740 0.04159768 0.01435928
v 0.04103668 0.01667200 0.02525639
v 0.02133809 0.05599724 0.01857077
v 0.02212318 0.05660275 0.01587270
v 0.02351662 0.05160045 0.01659837
v 0.02542589 0.04850051 0.01570414
v 0.03191877 0.04541272 -0.00215355
v 0.03400619 0.04077278 -0.00740642
v 0.03220581 0.04193295 -0.01011120
v 0.03247338 0.04270779 -0.00801015
v 0.02975168 0.04266246 -0.01233746
v 0.03229350 0.03994601 -0.01173456
v 0.03375645 0.03649164 -0.01226131
v 0.03799825 0.03299073 -0.01098048
v 0.04128351 0.03028111 -0.00960378
v 0.04084660 0.03049472 -0.01014723
v 0.04268207 0.02856780 -0.00941149
v 0.03864253 0.03039780 -0.01272621
v 0.04159370 0.03220062 -0.00378387
v 0.04037192 0.03307079 -0.00621654
v 0.04549927 0.02726511 -0.00250232
v 0.03463063 0.03274147 -0.01379462
v 0.03050466 0.03135914 -0.01735391
v 0.02808631 0.03239323 -0.01912193
v 0.02926077 0.03310578 -0.01682508
v 0.02488139 0.03602920 -0.01803300
v 0.02505732 0.03481180 -0.01974064
v 0.03031748 0.02937886 -0.02030845
v 0.03709017 0.02823889 -0.01497079
v 0.03982336 0.02926871 -0.01261096
v 0.04410138 0.02523077 -0.01105985
v 0.04445925 0.02329584 -0.01231644
v 0.04502990 0.01961818 -0.01497074
v 0.04523503 0.02161364 -0.01299234
v 0.04887982 0.02029707 -0.00908741
v 0.04664305 0.01916942 -0.01337162
v 0.04878997 0.01471112 -0.01378959
v 0.04809001 0.01860751 -0.01217969
v 0.03947986 0.02358684 -0.01639225
v 0.04052572 0.02135875 -0.01782973
v 0.03979391 0.02074398 -0.02040146
v 0.04217970 0.01744905 -0.02134685
v 0.04536503 0.01391911 -0.01976047
v 0.04052726 0.01855160 -0.02258967
v 0.04033906 0.01628460 -0.02430257
v 0.04186263 0.01358893 -0.02469836
v 0.03838105 0.01526969 -0.02666679
v 0.03501193 0.02116138 -0.02636715
v 0.03977860 0.01223586 -0.02701384
v 0.04366874 0.00983193 -0.02529268
v 0.03903152 0.01793481 -0.02461397
v 0.04323236 0.00745679 -0.02635248
v 0.04568236 0.00982204 -0.02269142
v 0.04581435 0.00710889 -0.02421962
v 0.04895215 0.00477407 -0.02038583
v 0.04966876 -0.00234911 -0.02172907
v 0.05008917 -0.00347452 -0.02127159
v 0.05091946 -0.00513087 -0.01998416
v 0.03253163 0.02339639 -0.02671020
v 0.03459848 0.02243079 -0.02540062
v 0.02934615 0.02606919 -0.02751842
v 0.02989820 0.02766027 -0.02564922
v 0.02899402 0.02924865 -0.02464731
v 0.03298977 0.01972902 -0.02819350
v 0.03041716 0.02183734 -0.02869456
v 0.02513551 0.02976919 -0.02821321
v 0.02609392 0.03126516 -0.02646381
v 0.02452425 0.03026267 -0.02830260
v 0.03086697 0.02805814 -0.02268646
v 0.03568852 0.02310745 -0.02282821
v 0.03429805 0.02508094 -0.02180514
v 0.03380641 0.02805309 -0.01798350
v 0.03339469 0.02495598 -0.02356922
v 0.04611560 0.02434856 -0.00817230
v 0.04481172 0.02697968 -0.00613982
v 0.04699905 0.02492143 -0.00428501
v 0.04889162 0.02159937 -0.00651386
v 0.03505935 0.02556380 -0.01956789
v 0.03652888 0.02608329 -0.01701451
v 0.04878787 0.01226202 -0.01531800
v 0.04996938 -0.01221331 -0.02349805
v 0.03713375 0.02690097 -0.01585404
v 0.03492231 0.03357675 -0.01314699
v 0.03178484 0.03932090 -0.01236910
v 0.02985832 0.03573456 -0.01466686
v 0.05158268 -0.01767159 -0.02112767
v 0.05179285 -0.01342263 -0.02095011
v 0.05125799 -0.01372761 -0.02196469
v 0.02968644 0.04139541 -0.01293032
v 0.02800519 0.03631449 -0.01538571
v 0.05324172 -0.01875831 -0.01803531
v 0.03105809 0.04616762 -0.00535573
v 0.03025248 0.04704308 -0.00687607
v 0.02867108 0.04790307 -0.00911933
v 0.02666979 0.04935279 -0.01148176
v 0.02531932 0.05206025 -0.01190408
v 0.02655581 0.05320279 -0.00203147
v 0.02707447 0.05208303 -0.00346976
v 0.02865437 0.04999127 -0.00284263
v 0.02642765 0.05271700 -0.00552732
v 0.02562075 0.04791824 -0.01335634
v 0.02436851 0.04964381 -0.01414795
v 0.02339197 0.04336372 -0.01505862
v 0.02222716 0.05896441 -0.00034946
v 0.02423291 0.05678617 0.00271143
v 0.02024954 0.06114226 0.00114437
v 0.02105657 0.05971956 -0.00506166
v 0.02204203 0.05935127 0.00140791
v 0.02590333 0.04623206 -0.01362796
v 0.01829825 0.06285817 0.00232402
v 0.01525067 0.06505084 0.00361868
v 0.01671777 0.06396035 0.00712337
v 0.02032547 0.06116557 0.00553598
v 0.01904666 0.06190284 -0.00485570
v 0.01444246 0.06606195 0.00001107
v 0.01266373 0.06782038 -0.00030906
v 0.01324660 0.06749444 0.00329011
v 0.02757439 0.05082219 -0.00632553
v 0.01893393 0.06241969 -0.00046374
v 0.02236882 0.05821919 -0.00555704
v 0.02536585 0.05533994 0.00237935
v 0.02201446 0.05953721 0.00340374
v 0.02618772 0.05418498 0.00058483
v 0.02488251 0.05400523 -0.00945111
v 0.02244050 0.05820933 -0.00856259
v 0.02068435 0.06020042 -0.00836512
v 0.01938856 0.06186250 -0.00890134
v 0.01770145 0.06360244 -0.00781466
v 0.01653497 0.06589328 -0.01234609
v 0.01723920 0.06621862 -0.01776521
v 0.01654312 0.06645649 -0.01450184
v 0.02041190 0.06237340 -0.01735113
v 0.01474885 0.06979469 -0.01778682
v 0.01360146 0.06976088 -0.01123718
v 0.01572003 0.06645650 -0.01038790
v 0.02135783 0.05992826 -0.01416318
v 0.02065767 0.06150481 -0.01883141
v 0.02069944 0.05888526 -0.01954043
v 0.02125944 0.05331130 -0.01932653
v 0.02258717 0.05775494 -0.01523666
v 0.02404348 0.05441714 -0.01378835
v 0.02378598 0.05335495 -0.01444136
v 0.01993726 0.05990231 -0.02146298
v 0.01849436 0.06209843 -0.02218125
v 0.01804819 0.06434486 -0.02063896
v 0.01565383 0.06694263 -0.02202053
v 0.02395361 0.05609846 -0.00754373
v 0.02157734 0.05961897 -0.01522049
v 0.03555090 0.04048893 -0.00037651
v 0.03376952 0.04245561 -0.00356900
v 0.00780552 0.07925723 -0.00641203
v 0.05069020 0.00464619 -0.01684090
v 0.05361648 0.00155676 -0.01346673
v 0.05136200 0.00573359 -0.01527143
v 0.05327266 0.00496631 -0.01278642
v 0.05253663 0.00728369 -0.01298878
v 0.05387087 0.00304887 -0.01253537
v 0.05596511 0.00215851 -0.00840855
v 0.05496060 0.00494657 -0.00910903
v 0.05324717 0.00879391 -0.01070713
v 0.05457234 0.00972115 -0.00566356
v 0.05218743 0.00831288 -0.01299324
v 0.05244384 0.01177203 -0.01065103
v 0.05515881 0.00148268 -0.01067857
v 0.04632000 0.01400969 -0.01796229
v 0.04781954 0.01033986 -0.01848071
v 0.05030547 0.00916454 -0.01514107
v 0.04888094 0.00797480 -0.01849619
v 0.04733203 0.01103660 -0.01870846
v 0.05181622 0.00012041 -0.01697444
v 0.05052083 0.00121271 -0.01895513
v 0.04948679 0.00731750 -0.01785623
v 0.02602238 0.05444257 0.00240568
v 0.00349609 0.08264952 -0.02000089
v -0.00011294 0.08386415 -0.01671574
v -0.00258241 0.08447895 -0.01560722
v -0.00323131 0.08530071 -0.01315480
v -0.00182457 0.08430130 -0.01090137
v -0.00047440 0.08376715 -0.01441326
v 0.00226680 0.08355611 -0.01984445
v -0.00424319 0.08586594 -0.02148517
v -0.00191551 0.08472913 -0.02033504
v 0.01125800 0.07093635 0.00266709
v 0.03185273 0.02815205 -0.02022372
v 0.03789709 0.03732843 0.00740978
v 0.04258586 0.03134861 0.00390203
v 0.02816060 0.05165552 0.00087665
v 0.02794952 0.05206692 0.00422418
v 0.02984508 0.04902767 0.00033976
v 0.04752802 0.00265898 -0.02361377
v 0.02211060 0.04777321 -0.01617520
v 0.02102531 0.04980904 -0.01844160
v 0.01990489 0.05108443 -0.02306478
v 0.02013858 0.04971768 -0.02152541
v 0.01838675 0.05064743 -0.02514235
v 0.01873097 0.04842587 -0.02376556
v 0.01867576 0.04326624 -0.02355003
v 0.01761747 0.04596980 -0.02531030
v 0.02057811 0.03932162 -0.02331505
v 0.02309507 0.03525095 -0.02568882
v 0.02195064 0.03806163 -0.01912180
v 0.01971891 0.04338728 -0.01952878
v 0.01908262 0.04543296 -0.02102312
v 0.02268695 0.05308873 -0.01649309
v 0.02059064 0.04650251 -0.01813370
v 0.01931467 0.04432541 -0.01981860
v 0.02108990 0.04206429 -0.01669362
v 0.02094150 0.03987052 -0.01908246
v 0.02137289 0.03902098 -0.01956270
v 0.02143848 0.04065976 -0.01675179
v 0.02461374 0.03871252 -0.01594772
v 0.02088177 0.04471281 -0.01713095
v 0.04306913 0.01570854 -0.02196192
v 0.01107840 0.06787669 -0.02645516
v 0.01405246 0.06784413 -0.02376471
v 0.01516927 0.06506036 -0.02397345
v 0.01357302 0.06428390 -0.02579140
v 0.03508224 0.04080878 -0.00304986
v 0.01608720 0.06500164 -0.00635469
v 0.05177336 0.01782946 0.00025481
v 0.00712524 0.07883304 -0.02300657
v 0.05188768 -0.01009081 -0.01997745
v 0.05341444 -0.00969056 -0.01741443
v 0.05334336 -0.01153695 -0.01799161
v 0.05426890 -0.01575379 -0.01676089
v 0.05600243 -0.01695020 -0.01374285
v 0.05653195 -0.01294075 -0.01247630
v 0.05557412 -0.00554668 -0.01229788
v 0.05271978 -0.00475282 -0.01701211
v 0.05416616 -0.00101598 -0.01356636
v 0.05517115 -0.00100725 -0.01197310
v 0.05718373 -0.00281119 -0.00694874
v 0.01978665 0.05680472 -0.02384881
v 0.05139453 0.01525115 -0.00927643
v 0.04940394 0.01875981 -0.00982074
v 0.01482349 0.06630178 -0.00694776
v 0.00136254 0.07268156 0.03494135
v 0.00047457 0.07376885 0.03572969
v -0.00046940 0.07690206 0.03301170
v -0.00097260 0.07982504 0.03045320
v -0.00148267 0.07619636 0.03525233
v 0.03551696 0.03700909 -0.01005396
v 0.05080613 0.01314310 -0.01229138
v 0.04617403 0.02159032 0.01400006
v 0.02949468 0.04406416 0.01372512
v 0.03807186 0.02302608 -0.01880089
v 0.03838332 0.03617263 -0.00468302
v 0.03671161 0.03824885 -0.00500796
v 0.03793729 0.03560758 -0.00744098
v 0.03732830 0.03576196 -0.00867204
v 0.03058946 0.04813958 0.00156465
v -0.00211529 0.07961205 0.03130423
v -0.00502421 0.08272137 0.02953035
v -0.00352136 0.08393986 0.02560789
v -0.00457508 0.08426365 0.02329067
v -0.00474872 0.08387936 0.02124664
v -0.00526111 0.08355788 0.01998799
v -0.00468384 0.08599543 0.01386530
v -0.00386583 0.08300422 0.01517585
v 0.00191309 0.07853783 0.02862914
v 0.03477787 0.02966146 -0.01559454
v -0.00177676 0.08256945 0.02596948
v 0.00363834 0.07853494 0.02704487
v 0.00385163 0.07902436 0.02615248
v -0.00088271 0.08216524 0.02459748
v 0.00052512 0.08182809 0.02390312
v 0.04426350 0.02648357 -0.00943854
v 0.00064297 0.08149035 0.02053324
v 0.01330011 0.06732609 -0.00432751
v 0.01471486 0.06597236 -0.00523131
v 0.01242331 0.05954311 0.03116535
v 0.02215587 0.05907765 -0.00010453
v 0.01353441 0.07159807 -0.01817519
v 0.00656766 0.07724974 -0.02533550
v 0.04313391 0.03017956 -0.00223098
v 0.03795510 0.02135591 -0.02208259
v 0.01021097 0.07232912 0.02295708
v 0.01080066 0.07220217 0.01885252
v 0.01238360 0.06941289 0.01384102
v 0.01327199 0.06796661 0.01350752
v 0.01362226 0.06766602 0.01149975
v 0.01348482 0.06762412 0.00737258
v 0.01452464 0.06651239 0.01381604
v 0.02778477 0.03141998 -0.02134785
v 0.01525381 0.06537730 0.00718434
v 0.05171852 -0.00102599 -0.01773218
v 0.05185125 -0.00494540 -0.01842037
v -0.00073838 0.08115792 0.01809955
v -0.00275709 0.08113821 0.01417968
v 0.00747390 0.07603102 0.00992493
v 0.01989786 0.05768106 -0.02301942
v 0.04069163 0.03335264 -0.00395892
v 0.05551628 -0.00026334 0.01234641
v 0.01016132 0.07683119 -0.01623070
v 0.03080564 0.04759367 -0.00042304
v 0.02088424 0.04863378 0.02549292
v 0.03526925 0.01826392 -0.02751316
v 0.04792484 0.02411949 0.00628179
v 0.01837430 0.04252282 -0.02592612
v 0.02186523 0.03551065 -0.02722073
v 0.01138977 0.07077284 0.01096745
v 0.01749353 0.06136568 0.02495366
v 0.04993490 0.00215547 -0.01969942
v 0.04293324 0.01934505 -0.01771170
v 0.04171667 0.02979799 0.01081585
v 0.04698418 0.01831325 0.01666298
v 0.05671863 -0.00984435 -0.01144895
v 0.04652217 0.01737396 -0.01500611
v 0.04741405 0.02122892 -0.01039461
v 0.01976197 0.05013610 0.02584147
v 0.00453896 0.07977574 0.00705090
v 0.02664068 0.03772545 -0.01537446
v 0.02097973 0.04260574 0.02986752
v 0.02193187 0.03857878 0.03021743
v 0.04041922 0.03233667 -0.00793907
v 0.04823075 0.02061774 0.01170121
v 0.05362185 -0.01574546 -0.01785907
v 0.00316505 0.07473627 0.02969776
v 0.03214147 0.03594959 0.01732487
v 0.02918610 0.02863864 0.02797485
v 0.03223607 0.02691215 0.02662066
v 0.03162038 0.02870405 0.02509245
v 0.01825011 0.06107141 0.02481653
v 0.04423383 0.01130325 0.02579344
v 0.03797213 0.03076501 -0.01302416
v 0.03228698 0.02485479 -0.02564984
v 0.05234763 -0.00237950 -0.01690159
v 0.02333733 0.04324242 0.02167754
v 0.03390057 0.03961157 0.01119688
v -0.00290340 0.08229209 0.00941786
v 0.04426642 0.01363889 -0.02166115
v 0.02091548 0.05265085 -0.02089901
v 0.02190592 0.04290805 0.02837561
v 0.02458569 0.04283386 0.02010901
v 0.01692309 0.06392409 0.00773195
v 0.01250016 0.07199906 -0.01167090
v 0.01547043 0.06493508 0.00278792
v 0.01241065 0.06957120 0.00815964
v 0.01187085 0.07067027 0.01926749
v 0.02129043 0.05850183 0.01517926
v 0.04554718 0.02573685 0.00969500
v 0.00298174 0.08130030 0.00413112
v 0.04557536 0.02726651 0.00599316
v 0.04432918 0.01080484 -0.02399749
v 0.02020203 0.06045907 0.01715591
v 0.04177487 0.02382573 -0.01439300
v 0.03061927 0.04573976 -0.00885842
v 0.00910301 0.07192077 0.02630375
v 0.04603425 0.02036778 0.01608755
v 0.04212140 0.02584906 -0.01283589
v 0.02314150 0.05720706 -0.01021122
v 0.02677005 0.03083169 0.02812418
v -0.00495390 0.08657839 -0.01042317
v 0.03455406 0.03172080 0.01945961
v 0.00602088 0.07353093 0.02809838
v 0.02601172 0.03263144 -0.02394026
v 0.02690184 0.04218163 0.01817871
v 0.02960084 0.04508954 -0.01096585
v -0.00430431 0.07907841 0.03368923
v 0.02398582 0.03152311 -0.02796507
v 0.05107483 0.01613369 -0.00908948
v 0.03972416 0.02003864 -0.02173954
v 0.03821009 0.02822712 0.02022936
v 0.01846520 0.06110544 -0.02299449
v 0.01641304 0.06183186 -0.02473496
v -0.00603317 0.08629898 0.00644191
v 0.00116954 0.08091715 0.01412876
v 0.05211922 0.01475748 0.00866204
v 0.05675195 0.00330299 0.00132709
v 0.03808207 0.02840229 0.01959236
v 0.03336001 0.03752386 -0.01198812
v 0.01702187 0.06350679 -0.00276275
v -0.00450175 0.08582084 -0.00133995
v 0.00873473 0.07830765 -0.02004550
v -0.00168437 0.08150453 0.02815283
v -0.00393531 0.08540318 -0.00949632
v 0.03669128 0.02406354 -0.01901757
v 0.03161148 0.03108117 0.02253091
v 0.02310488 0.05821742 0.00779481
v 0.00308087 0.08027206 0.02109924
v 0.03460871 0.03007123 0.02127117
v 0.03950226 0.02062167 0.02457425
v -0.00335817 0.08147850 0.01884559
v 0.02668830 0.03222990 -0.02231159
v 0.00436460 0.08261699 -0.01747693
v 0.01221867 0.06910980 0.02370276
v 0.04928224 0.02081010 -0.00702500
v 0.02305099 0.03872512 -0.01666898
v 0.02739700 0.04267289 -0.01347655
v 0.02046040 0.04411436 0.02970297
v 0.02341344 0.05799717 0.00590284
v 0.00157335 0.08318917 -0.00906653
v 0.00539623 0.08020308 0.00086852
v 0.00856889 0.07836521 -0.01664255
v 0.05435026 0.00785536 -0.00843890
v 0.01910936 0.05227306 0.02545259
v 0.00260748 0.07672338 0.02927483
v 0.01161790 0.02140946 0.01608354
v 0.01140203 0.02087396 0.01709818
v 0.00860670 0.02080806 0.01735275
v 0.00470637 0.01947807 0.01818093
v 0.00867933 0.02027248 0.01788693
v 0.00642290 0.02146081 0.01632886
v 0.00544582 0.02173924 0.01586035
v 0.00109044 0.02096430 0.01522725
v 0.00646066 0.02268716 0.01124063
v 0.00279775 0.02177423 0.01354025
v 0.00928677 0.02310140 0.00746448
v 0.01096594 0.01908182 0.01931968
v 0.00904029 0.02233750 0.01541568
v 0.00254528 0.02266442 0.01055594
v 0.00775529 0.02354572 0.00550898
v 0.00359969 0.02395745 0.00580131
v 0.00322132 0.02425678 0.00215006
v 0.00042386 0.02313599 0.00754238
v -0.00292101 0.02252784 0.00269777
v -0.00346469 0.02188815 -0.00050293
v -0.00950581 0.02143969 0.00905639
v -0.01103095 0.02071316 0.00485757
v -0.00813306 0.02100614 0.01127114
v -0.01439096 0.01894648 0.00487834
v -0.01309055 0.01960253 0.00244814
v -0.01500809 0.01852963 0.00158139
v -0.00927231 0.02047315 -0.00077937
v -0.00682069 0.02180076 0.00308428
v -0.01163184 0.01944458 -0.00393745
v -0.01140682 0.02023139 0.00218368
v -0.00819112 0.02078780 -0.00518867
v -0.01147190 0.01957511 -0.00790288
v -0.00661039 0.02087766 -0.01100257
v -0.00797900 0.02021937 0.01333121
v -0.01335529 0.01925744 0.01410578
v -0.00883249 0.01942291 0.01633395
v -0.00677589 0.01881537 0.01884003
v -0.01082824 0.01841210 0.02366764
v -0.01466910 0.01871015 0.01694909
v -0.01415388 0.01917754 0.02428368
v -0.00070211 0.02136374 -0.01524598
v 0.00330688 0.02137020 -0.01685372
v -0.00086994 0.02204916 -0.00457375
v -0.01156545 0.01930284 0.02550338
v -0.00275722 0.02149732 -0.00935109
v -0.00273925 0.02104951 -0.01539617
v -0.01703654 0.01796064 0.01946077
v -0.00820329 0.02050558 -0.01268862
v -0.00301528 0.01964541 0.01743131
v -0.01820014 0.01756483 0.01249064
v -0.02000363 0.01612760 0.01045608
v -0.02609594 0.01070022 0.01011056
v -0.02267288 0.01395190 0.01049838
v -0.02585175 0.01016025 0.00555080
v -0.02361509 0.01233095 0.00307126
v -0.02211321 0.01397499 0.00174342
v -0.00588398 0.01835727 0.02219994
v -0.00293761 0.01841570 0.02099172
v -0.00542548 0.01812016 0.02425956
v -0.00430786 0.02165675 0.01128169
v -0.02053990 0.01618262 0.01509386
v -0.01907723 0.01710930 0.01594279
v -0.02217535 0.01575474 0.02528363
v -0.02696332 0.01013099 0.01966334
v -0.02599561 0.01199672 0.02446934
v -0.02800813 0.00869192 0.01894756
v -0.02178803 0.01648818 0.02660572
v -0.02418819 0.01720883 0.02949740
v -0.01980877 0.01649029 0.02019485
v -0.02891569 0.00739436 0.01885379
v -0.02865888 0.00744027 0.01139845
v -0.03078428 0.00413328 0.01140396
v -0.02928961 0.00647153 0.01023372
v -0.02683252 0.00881576 0.00548309
v -0.02955249 0.00618386 0.01408482
v -0.03020079 0.00532418 0.01798105
v -0.01662844 0.01883187 0.02571552
v -0.01842443 0.01861523 0.02715333
v -0.01820285 0.01812881 0.02534944
v -0.01545514 0.01817690 -0.00326275
v 0.00751786 0.02338762 -0.00866583
v 0.00386290 0.02331992 -0.00878392
v -0.02683631 0.01020194 0.01681285
v 0.00222381 0.01904771 0.01850008
v -0.00003025 0.01792641 0.02149895
v 0.00620048 0.01769247 0.02130324
v 0.00670769 0.01750273 0.02233023
v 0.00927101 0.01734840 0.02275830
v 0.01095576 0.01744887 0.02211665
v 0.01170323 0.01654715 0.02419563
v 0.00328273 0.02224892 -0.01499037
v -0.00160648 0.02038624 -0.01718990
v -0.00321280 0.01963828 -0.01822264
v -0.01936335 0.01580376 -0.00432375
v 0.00447822 0.01774018 0.02119219
v -0.00614976 0.01992732 -0.01723135
v -0.00809737 0.01897775 -0.01982943
v 0.01526911 0.01485341 0.02500083
v -0.00611995 0.02128287 -0.00401388
v -0.01437391 0.01958822 0.02645048
v -0.00950432 0.02148887 0.00746596
v 0.00950186 0.01703552 0.02383091
v 0.00854625 0.02355767 0.00259573
v 0.01494340 0.01638921 0.02101692
v -0.02492017 0.01245572 0.01377566
v 0.00342836 0.01687858 0.02641078
v -0.01865240 0.01620655 -0.01054979
v -0.01744597 0.01688552 -0.01140600
v -0.01980906 0.01551577 -0.00520929
v -0.02247212 0.01272967 -0.01201637
v -0.02502727 0.01019581 -0.00949580
v -0.02341486 0.01206587 -0.00844546
v -0.02600078 0.00962488 -0.00544116
v -0.02633108 0.00972128 -0.00138864
v -0.02761685 0.00811501 -0.00327595
v -0.02631382 0.00862421 -0.01060712
v -0.02824204 0.00653622 -0.00908484
v -0.02801735 0.00759210 -0.00219434
v -0.02877481 0.00588589 0.00394614
v -0.02696626 0.00704069 -0.01545587
v -0.02786183 0.00529789 -0.01826761
v -0.03032542 -0.00150068 -0.02309625
v -0.02791473 0.00560382 -0.01455770
v -0.03101962 0.00029868 -0.01491839
v -0.03339446 -0.00563622 -0.01269904
v -0.03357988 -0.00361079 -0.01041427
v -0.03281574 -0.00164473 -0.00982517
v -0.03189056 -0.00139447 -0.01451538
v -0.02920555 0.00456185 -0.00996847
v -0.02953793 0.00243598 -0.01663499
v -0.02989246 0.00430033 -0.00153215
v 0.00012574 0.01970156 -0.01910878
v 0.00323107 0.01893768 -0.02193184
v 0.00538307 0.01872168 -0.02246440
v 0.00809404 0.02079304 -0.01774783
v -0.00214236 0.01823616 -0.02374665
v 0.00291764 0.01739714 0.02839106
v 0.00239162 0.01998103 -0.01894230
v -0.02444605 0.01310721 0.02064115
v -0.03159980 0.00103719 -0.00933163
v -0.03221495 -0.00016096 -0.00131992
v -0.03240211 -0.00014418 -0.00427158
v -0.03083315 0.00293242 -0.00417166
v -0.03279156 -0.00147939 -0.00619707
v -0.03098943 0.00361229 0.01654526
v -0.03254553 -0.00023355 0.01186720
v -0.03212698 0.00028012 0.00806562
v -0.03355200 -0.00348539 0.01225677
v -0.03048113 0.00333716 0.00542423
v -0.03326810 -0.00144560 0.01491182
v -0.03435252 -0.00432218 0.01748387
v -0.03424920 -0.00720301 0.01474267
v -0.03454730 -0.00670972 0.01700935
v -0.03360691 -0.00363701 0.00795097
v -0.03490102 -0.00616998 0.02056173
v -0.03411455 -0.00750678 0.00737039
v -0.03395382 -0.00611074 0.00802257
v -0.03436906 -0.00921270 0.00875250
v -0.03121592 0.00317495 0.01014336
v -0.03225815 -0.00029057 0.00451727
v -0.03430860 -0.00369968 0.02118182
v -0.03298783 0.00072287 0.02400568
v -0.03328492 -0.00054281 0.02317025
v -0.03531274 -0.00496954 0.02615043
v -0.03585797 -0.00073657 0.02808278
v -0.03541537 -0.00413701 0.02672894
v -0.03405759 -0.00964865 0.00532362
v -0.03511262 -0.01172448 0.00740811
v -0.03389191 -0.00897200 0.00264153
v -0.03389553 -0.00884426 -0.00108881
v -0.03384592 -0.00877573 -0.00596666
v -0.03428262 -0.01212657 -0.00739794
v -0.03395943 -0.00964727 -0.00554038
v -0.03493685 -0.01279593 -0.00238237
v -0.03373828 -0.01309608 -0.01000488
v -0.03308068 -0.01221598 -0.01221693
v -0.03185808 -0.01287542 -0.01768750
v -0.03379606 -0.00968894 -0.00807654
v -0.03310225 -0.00828363 -0.01498526
v -0.03629806 -0.01166932 0.02179045
v -0.03791498 -0.01587456 0.02458187
v -0.03749413 -0.01300623 0.02516466
v -0.03711802 -0.00978394 0.02633766
v -0.03861791 -0.01077803 0.02806185
v -0.04025796 -0.01251019 0.02883642
v -0.04064045 -0.01389118 0.02868523
v -0.03224550 0.00284016 0.02562910
v -0.03073331 0.00530045 0.02522388
v -0.02997170 0.00647300 0.02466778
v -0.03189541 0.00278778 0.02428210
v -0.03355677 -0.00462815 -0.00599919
v -0.03227341 0.00118767 0.01589581
v -0.00413547 0.01840624 -0.02553126
v -0.00008517 0.01831710 -0.02454676
v -0.03337761 -0.00289263 0.00161262
v -0.03288085 -0.00155884 0.00086768
v -0.03367951 -0.00001287 0.02608782
v 0.01164234 0.02288658 -0.00889765
v 0.00980593 0.02311745 -0.01270549
v 0.00779126 0.02336826 -0.01109237
v 0.00651399 0.02273031 -0.01404919
v 0.00634694 0.02350379 -0.00554851
v 0.01494372 0.01512560 0.02721388
v -0.04092747 -0.00632343 0.03127979
v 0.01009985 0.02071493 -0.01721648
v 0.01246443 0.02007527 -0.01662491
v 0.01144420 0.01918059 -0.01833882
v 0.01244800 0.01734602 -0.02013884
v 0.01261459 0.01640977 -0.02239733
v 0.00923135 0.01752795 -0.02263538
v 0.00932682 0.01749221 -0.02397210
v 0.01046687 0.02289515 -0.00278832
v -0.01474421 0.01818865 -0.01112771
v -0.03576931 -0.01424551 0.01475636
v -0.03202475 -0.00747518 -0.01938667
v -0.03177856 -0.00608346 -0.01985331
v -0.03235413 -0.00832470 -0.02283285
v -0.03263161 -0.00568662 -0.02768209
v -0.03199325 -0.00501026 -0.02561959
v -0.03145752 -0.00408459 -0.02465828
v -0.03140319 -0.00435259 -0.02113287
v -0.02495828 0.01016860 -0.01206427
v -0.01611439 0.01740223 -0.00674023
v -0.03079452 0.00454413 0.02083146
v -0.03545258 -0.01203808 0.01550110
v 0.01254304 0.01608111 0.02658826
v -0.03477901 0.00644987 0.03009997
v -0.03526470 -0.00881614 0.01981603
v -0.02332736 0.01301034 -0.00011774
v -0.03336053 -0.00062758 0.01856066
v -0.02403568 0.01327887 0.01773405
v 0.00181121 0.02264243 -0.00857755
v 0.00747408 0.02343246 0.00707163
v -0.01489558 0.01842137 -0.01442743
v -0.01818449 0.01670544 -0.01969440
v -0.01138089 0.01882357 -0.02420290
v -0.02170480 0.01436537 0.00499575
v -0.03290119 -0.01115293 -0.01311086
v -0.03903414 -0.00008510 0.03156257
v -0.03787117 -0.00586038 0.02944568
v 0.00400118 0.02280400 -0.01330301
v 0.01122412 0.02264313 0.01168928
v 0.01080852 0.02290831 0.01094121
v 0.01437451 0.02118815 0.01052866
v 0.01171785 0.02237095 0.01321690
v 0.00544415 0.02312936 -0.00207328
v 0.00619535 0.02343883 -0.00087618
v -0.01880712 0.01663917 0.00462617
v -0.03028268 0.00330917 0.00183703
v -0.01371457 0.01828414 -0.01928803
v -0.00556988 0.02129871 0.01187262
v 0.00934788 0.02323645 0.00102627
v -0.03527008 -0.01290076 -0.00068412
v -0.00316773 0.02108029 0.01445814
v -0.02270553 0.01275703 -0.00308373
v -0.02571758 0.00916474 -0.01769629
v -0.02481852 0.01037625 -0.02175897
v -0.02553407 0.00936140 -0.02235781
v -0.02350824 0.01180218 -0.01715800
v -0.02240043 0.01314754 -0.01850439
v -0.02023663 0.01525025 -0.01870094
v -0.02839833 0.00382498 -0.02089326
v -0.02754530 0.00683129 -0.02348649
v -0.03583841 -0.01496723 0.00335653
v 0.00039752 0.01775131 0.02204330
v -0.00221769 0.01780686 0.02640687
v -0.01636122 0.01843842 0.02145292
v -0.03379115 -0.00507419 -0.00095777
v -0.00534698 0.02210876 0.00493336
v -0.03298002 -0.00593084 -0.01479792
v -0.02662690 0.00775403 -0.02218272
v -0.03140458 0.00128364 0.00126749
v 0.00506881 0.02366178 -0.00001196
v -0.01956528 0.01568833 -0.02073813
v 0.00968684 0.02295954 0.00934300
v -0.01591111 0.01787815 -0.00436586
v 0.00128405 0.02340442 0.00730296
v -0.01906168 0.01640390 -0.02564383
v -0.01522069 0.01813571 -0.02678485
v -0.01611033 0.01892592 -0.02876980
v 0.00693577 0.01880998 -0.02166228
v -0.03855503 -0.01849100 0.02565631
v -0.02846524 0.00622736 -0.02562016
v -0.02930543 0.00544439 -0.00579154
v -0.03388790 -0.00865245 0.00229108
v -0.02536425 0.01061581 0.00231565
v -0.03127498 -0.00189768 -0.01692589
v -0.02712553 0.01320106 0.02784159
v -0.03079046 -0.00001077 -0.02672535
v -0.02422312 0.01307693 0.01339960
v -0.03015606 0.00517789 0.01047934
v 0.00176732 0.02257508 -0.00284428
v 0.01562285 0.01460620 0.02564903
v -0.01113952 0.01874268 0.01955994
v 0.01418285 0.01723168 0.02029530
v 0.00336297 0.02376322 0.00671923
v -0.01462497 0.02143179 0.02980684
v -0.03200235 0.00055278 -0.03104873
v 0.00015775 0.01729652 0.02641654
v -0.02499224 0.01010675 -0.01447687
v -0.01506125 0.01933842 0.01013336
v 0.00317915 0.01710710 0.02804601
v -0.02210341 0.01361805 -0.02494566
v -0.03037498 0.00212399 -0.02916633
v -0.02937349 0.00781952 -0.02848520
v -0.03407795 -0.00840091 0.01179685
v -0.00549073 0.02112680 -0.00992923
v -0.03565308 -0.00507201 0.02675020
v -0.02885967 0.00613661 -0.02658707
v -0.02197707 0.01339351 -0.01452059
v 0.00997362 0.02300311 0.00213383
v 0.00722239 0.02220525 -0.01591193
v -0.00875621 0.01966883 -0.01721477
v -0.00796553 0.02154826 0.00306117
v -0.00857850 0.01875433 0.01942404
v -0.01236271 0.01874745 -0.01832152
v 0.00491924 0.02179793 -0.01651242
v -0.01872667 0.01618065 -0.01590158
v 0.00563195 0.01852681 -0.02349098
v 0.00658750 0.02342213 -0.00391700
v -0.02845910 0.00642480 0.00257362
v -0.02931004 0.00512711 0.00250932
v -0.02943089 0.00349730 -0.02706534
v -0.00891957 0.01955647 -0.01770660
v -0.01155380 0.01961226 -0.01322584
v -0.00733212 0.01870725 -0.02554758
v -0.02684410 0.01244331 0.02658699
v -0.04735066 0.02569933 0.02799535
v -0.04618468 0.02506708 0.03006534
v -0.04712272 0.02381853 0.02900707
v -0.04873107 0.02007476 0.02619978
v -0.04724234 0.01149484 0.02778743
v -0.04913034 0.01162317 0.02650528
v -0.04729513 0.00584866 0.02680017
v -0.04759513 0.00160551 0.02658474
v -0.04540161 0.00053758 0.02829004
v -0.03977163 -0.00273509 0.03122205
v -0.04770437 -0.00169715 0.02689712
v -0.04625234 -0.00510937 0.02885086
v -0.04491462 -0.00763970 0.02974170
v -0.04190375 -0.00905007 0.03095916
v -0.04596187 -0.01458696 0.02975268
v -0.04565007 -0.01754809 0.02931884
v -0.04239866 -0.02763024 0.02811006
v -0.04730781 -0.02738089 0.02786862
v -0.04948154 -0.02446971 0.02719816
v -0.05321222 -0.02577090 0.02387815
v -0.05186504 -0.02803494 0.02424111
v -0.05209045 -0.03051208 0.02270631
v -0.04672579 -0.03190938 0.02735483
v -0.05365324 -0.02185219 0.02423774
v -0.05525573 -0.01973607 0.02293209
v -0.05355390 -0.01738094 0.02520403
v -0.05179841 -0.01755083 0.02659472
v -0.05121560 -0.01187413 0.02569239
v -0.05188475 -0.01462326 0.02590933
v -0.04931298 -0.01412790 0.02805730
v -0.04996999 -0.00969374 0.02681552
v -0.05162405 0.00158328 0.02287027
v -0.03976060 -0.02970315 0.02759137
v -0.03838694 -0.03536548 0.02765285
v -0.03810710 -0.03713303 0.02756568
v -0.03070928 -0.03986470 0.02708925
v -0.03178565 -0.04403738 0.02722601
v -0.02759712 -0.04362801 0.02709817
v -0.03376011 -0.04835731 0.02680030
v -0.02761891 -0.04553233 0.02720590
v -0.02577989 -0.05226556 0.02768944
v -0.02884225 -0.05625466 0.02747882
v -0.02313376 -0.05132036 0.02786982
v -0.02161302 -0.04860398 0.02787605
v -0.01915837 -0.04975361 0.02772719
v -0.01308403 -0.05179353 0.02737435
v -0.01908875 -0.05558882 0.02788709
v -0.02534271 -0.05799724 0.02716331
v -0.01915631 -0.06050651 0.02615157
v -0.00915852 -0.05708125 0.02808541
v -0.01274200 -0.05906802 0.02662935
v -0.00038376 -0.06025984 0.02910970
v 0.00546674 -0.06058819 0.02994503
v 0.00037672 -0.05957310 0.02940554
v 0.00006789 -0.05203914 0.03100272
v 0.01091103 -0.04774197 0.03188614
v 0.01729060 -0.05010624 0.03266263
v 0.01248898 -0.05780502 0.03144121
v 0.01046464 -0.05250459 0.03243758
v 0.00863633 -0.05787957 0.03145011
v 0.02626788 -0.05148673 0.03164810
v 0.02826687 -0.05057026 0.03132203
v 0.02255455 -0.04337385 0.03263236
v 0.02966599 -0.04393827 0.03248559
v 0.03122233 -0.04924261 0.03115424
v 0.02226523 -0.04613313 0.03209698
v 0.02102086 -0.04832249 0.03228126
v 0.02223136 -0.03636849 0.03030935
v 0.02464848 -0.04038656 0.03288621
v 0.02626172 -0.04011855 0.03358841
v 0.02875650 -0.04138293 0.03377189
v 0.03003196 -0.03642964 0.03376744
v 0.02873889 -0.03221660 0.03375909
v 0.03177497 -0.02305517 0.03410881
v 0.03017890 -0.01753294 0.03284463
v 0.03032356 -0.01586884 0.03278437
v 0.03208276 -0.01171729 0.03320334
v 0.03061814 -0.01302483 0.03256796
v 0.03062941 -0.00139098 0.03311828
v 0.03802160 -0.04920974 0.02936018
v 0.02733938 -0.05759455 0.03138264
v 0.03548703 -0.06073759 0.03047066
v 0.03170648 -0.06170231 0.03094159
v 0.02999680 -0.06649850 0.03040163
v 0.03459641 -0.06444705 0.03028819
v 0.02708792 -0.06735830 0.03063628
v 0.02268313 -0.06253730 0.03146841
v 0.01966792 -0.06417975 0.02998286
v 0.02210881 -0.05319708 0.03207851
v 0.00806091 -0.04366480 0.02942568
v 0.01288539 -0.04751068 0.03195527
v 0.01550000 -0.05417854 0.03235022
v 0.01496110 -0.06445731 0.02695256
v 0.01947852 -0.06228518 0.03097229
v -0.00905199 -0.06361263 0.02474617
v -0.01437623 -0.06236320 0.02464183
v -0.00746987 -0.05267150 0.02896755
v 0.03253389 -0.04734486 0.03149706
v -0.00452389 -0.04823284 0.02875442
v 0.00528184 -0.04335023 0.02798154
v 0.00498882 -0.03801990 0.02894732
v 0.00208375 -0.04492628 0.02870331
v -0.01501720 -0.05399813 0.02763315
v -0.02376169 -0.04533385 0.02665686
v -0.02560939 -0.04633590 0.02741318
v -0.02842753 -0.05276221 0.02756825
v -0.03593811 -0.04810314 0.02719741
v -0.03410447 -0.04125202 0.02759868
v -0.03825432 -0.04228708 0.02755281
v -0.04171034 -0.04082772 0.02683157
v -0.04105991 -0.04621518 0.02474814
v -0.04658473 -0.03977975 0.02368597
v -0.04340501 -0.03924333 0.02651640
v -0.04896333 -0.03322041 0.02466786
v -0.04413816 -0.03715240 0.02696752
v -0.03780974 -0.04842035 0.02604748
v -0.04291737 -0.04016511 0.02647890
v -0.03879414 -0.04628212 0.02626057
v -0.04031125 -0.03382522 0.02823420
v -0.03175293 -0.04167105 0.02738943
v -0.03422214 -0.03779755 0.02723202
v -0.03933900 -0.02716657 0.02709205
v -0.03973114 -0.02502089 0.02725086
v -0.04138341 -0.01648797 0.02850534
v -0.00274801 -0.05281378 0.03042807
v 0.01294980 -0.06239823 0.02894046
v -0.04714579 -0.03097060 0.02731507
v -0.04368821 -0.03322464 0.02797360
v -0.05031689 -0.02080983 0.02701603
v -0.05158278 -0.02258307 0.02589303
v -0.04772212 -0.02815402 0.02744494
v -0.04886783 -0.00092828 0.02610568
v -0.03449480 -0.03471238 0.02651820
v -0.03985099 -0.04894769 0.02456470
v -0.04860999 -0.00711155 0.02769394
v -0.00202907 -0.04227326 0.02965796
v -0.00392862 -0.03948021 0.02799278
v -0.00742781 -0.04177947 0.02620444
v -0.04990302 0.00436877 0.02439191
v -0.04941828 -0.01816693 0.02803906
v -0.05005759 -0.01601347 0.02764766
v -0.04262809 -0.01879947 0.02876723
v -0.04444719 -0.00976099 0.03008531
v 0.00505521 -0.04938253 0.03171285
v -0.04017445 0.00262063 0.03064051
v -0.04284363 0.00020090 0.02984206
v -0.03966960 -0.00481820 0.03089309
v -0.04146407 -0.00001730 0.03052292
v -0.04434146 0.00468172 0.02861793
v -0.00297204 -0.05053500 0.02999158
v -0.04751954 -0.01726403 0.02891301
v -0.04524103 0.02783883 0.02972270
v -0.03484925 -0.05060124 0.02668664
v -0.04516130 0.02151931 0.03035602
v -0.04301976 0.01644641 0.03033671
v -0.04395727 -0.00412736 0.02974698
v -0.03884340 -0.05073385 0.02385612
v -0.00043182 -0.04511941 0.02836784
v 0.01403656 -0.04325627 0.03082249
v 0.01650094 -0.04185793 0.03093595
v -0.04328987 0.02281429 0.03160329
v -0.05085363 -0.00567420 0.02491513
v -0.04116977 -0.00990502 0.03084013
v -0.04464963 -0.01401610 0.03008829
v -0.01413397 -0.02114471 0.01079342
v -0.01674443 -0.02252787 0.01190320
v -0.01371055 -0.02343135 0.01430816
v -0.01451997 -0.02632695 0.01454169
v -0.01269604 -0.02613149 0.01627771
v -0.01164357 -0.02908136 0.01957345
v -0.01256212 -0.02968914 0.01900300
v -0.01670022 -0.03161643 0.01826022
v -0.01123574 -0.03084371 0.02176179
v -0.01096797 -0.03209803 0.02328480
v -0.01372956 -0.03394370 0.02385812
v -0.01418378 -0.03243332 0.02028713
v -0.01319232 -0.03858701 0.02465351
v -0.01375592 -0.03866258 0.02088699
v -0.01058867 -0.04011499 0.02685817
v -0.01422876 -0.03557347 0.02462652
v -0.01601610 -0.03421946 0.01969886
v -0.01720636 -0.03263728 0.01234965
v -0.01816645 -0.03227823 0.01027157
v -0.01720437 -0.03282632 0.00650236
v -0.01886478 -0.02833829 0.00068723
v -0.01914368 -0.02504569 -0.00164756
v -0.01767412 -0.02629298 -0.00497568
v -0.01978184 -0.02339611 -0.00666157
v -0.02050401 -0.02234116 -0.00877680
v -0.02231383 -0.01811419 -0.00524714
v -0.02091425 -0.02110699 -0.01234968
v -0.02010999 -0.02448253 -0.01163396
v -0.02053568 -0.02461120 -0.01529286
v -0.01937837 -0.02550082 -0.00978038
v -0.01927821 -0.02653585 -0.01306238
v -0.01851781 -0.02776531 -0.01488025
v -0.01719193 -0.02879420 -0.01982077
v -0.01382471 -0.03176442 -0.01907567
v -0.01470691 -0.03250229 -0.01379898
v -0.01753140 -0.02873537 -0.01526225
v -0.02008968 -0.02492379 -0.01950017
v -0.02162815 -0.02266649 -0.01817267
v -0.02284957 -0.01765286 -0.02914484
v -0.02271825 -0.01888455 -0.02853114
v -0.02166345 -0.02011443 -0.03382208
v -0.02135563 -0.02377035 -0.03096503
v -0.01856057 -0.02760871 -0.03231387
v -0.01745875 -0.02836897 -0.03466230
v -0.01605973 -0.03010002 -0.02982314
v -0.01738793 -0.02882620 -0.03042803
v -0.01679073 -0.02920768 -0.02692849
v -0.01747976 -0.02846754 -0.02640786
v -0.01918434 -0.02640824 -0.02294970
v -0.01952823 -0.02584651 -0.02664698
v -0.02201831 -0.02212633 -0.02683320
v -0.02307423 -0.01837927 -0.02452709
v -0.02151011 -0.02290162 -0.02005964
v -0.02248516 -0.01948823 -0.01787459
v -0.01569411 -0.02935455 -0.00603399
v -0.02112696 -0.02093632 -0.00668773
v -0.02207096 -0.02062301 -0.00049855
v -0.02174302 -0.02000941 -0.00302294
v -0.02074530 -0.02408195 0.00352792
v -0.01991329 -0.02608477 0.00756265
v -0.02146909 -0.02292834 0.00913517
v -0.02187902 -0.02286416 0.00827819
v -0.02296795 -0.01823879 0.00862655
v -0.01569159 -0.02667768 0.01008012
v -0.01515026 -0.02441040 0.01256290
v -0.01558429 -0.02876551 0.01238384
v -0.01693384 -0.02569069 0.00983940
v -0.01859718 -0.02840386 0.00669203
v -0.01557186 -0.03689527 0.01877232
v -0.01273821 -0.03932654 0.01783687
v -0.01449995 -0.03934960 0.01242256
v -0.01356484 -0.04107535 0.01319906
v -0.01585158 -0.03674997 0.01357869
v -0.01640138 -0.02895672 0.01631176
v -0.01111054 -0.04111653 0.00852204
v -0.01604433 -0.03566452 0.01925650
v -0.01086829 -0.04193256 0.00960138
v -0.01354776 -0.03543837 0.00622487
v -0.01420389 -0.03801678 0.00913434
v -0.02360453 -0.01643573 -0.02387297
v -0.01799859 -0.03087443 0.00023433
v -0.02319502 -0.01651102 -0.02664828
v -0.02371085 -0.01401803 -0.01913394
v -0.01545378 -0.03021699 -0.00397802
v -0.01878909 -0.02776025 0.00602387
v -0.01569477 -0.03651468 0.01512455
v -0.02272826 -0.01641184 -0.01407283
v -0.01693623 -0.02974570 -0.00304249
v -0.01785855 -0.03448161 0.01035328
v -0.02179671 -0.02217106 -0.02474659
v -0.01654392 -0.03078864 0.01303695
v 0.02161728 0.03703381 -0.00461771
v 0.02310426 0.03598939 -0.00328864
v 0.01958085 0.03871436 -0.00520293
v 0.01545531 0.03732990 -0.00662872
v 0.01527991 0.03510295 -0.00644253
v 0.02086047 0.03057049 -0.00615635
v 0.02179257 0.02969870 -0.00638439
v 0.02455921 0.02809843 -0.00619271
v 0.02537404 0.03033692 -0.00412391
v 0.02460567 0.03225537 -0.00371084
v 0.01465365 0.02795125 -0.00885396
v 0.01167077 0.03387453 -0.00667938
v 0.01086233 0.03650446 -0.00700435
v 0.00984551 0.04050163 -0.00747562
v 0.01526552 0.04220998 -0.00755244
v 0.00965508 0.03604477 -0.00744378
v 0.01174883 0.03264555 -0.00699540
v 0.02553831 0.02729799 -0.00630136
v 0.02890990 0.02377058 -0.00496107
v 0.00660564 0.03820407 -0.00639846
v 0.01482326 0.03085146 -0.00702243
v 0.01756001 0.04123025 -0.00648981
v 0.00738930 0.03317502 -0.00806486
v 0.02058797 0.03246034 -0.00557854
v 0.02578410 0.02569147 -0.00779737
v 0.02223040 0.02642600 -0.00828653
v 0.02616548 0.02587182 -0.00731805
v 0.00959147 -0.04369025 0.02497873
v 0.01242767 -0.04279358 0.02267546
v 0.01470334 -0.03664224 0.01523171
v 0.02024067 -0.03384409 0.01601109
v 0.01771070 -0.03602904 0.01729866
v 0.02233044 -0.03222919 0.01524897
v 0.02588757 -0.02948858 0.01342358
v 0.02113597 -0.03291924 0.01616316
v 0.02810889 -0.02698605 0.01050476
v 0.02462360 -0.03009862 0.01059713
v 0.02431770 -0.03050697 0.01227280
v 0.02293831 -0.02980947 0.00668208
v 0.01345761 -0.03325376 0.01044506
v 0.02054698 -0.03135437 0.01027134
v 0.02697888 -0.02918977 0.01771569
v 0.01774987 -0.03007589 0.00536440
v 0.01584069 -0.03335549 0.01148922
v 0.01829879 -0.03700567 0.02139616
v 0.02770318 -0.02854629 0.01669278
v 0.01815300 -0.02978248 0.00388520
v 0.02160525 -0.03078563 0.00221934
v 0.02017205 -0.03206141 0.00009865
v 0.01253265 -0.03989174 0.02555668
v 0.01639124 -0.03830585 0.02087581
v 0.01334781 -0.03134205 0.00711776
v 0.02858061 -0.02753296 0.01587831
v 0.02914655 -0.02551735 0.00932603
v 0.02955175 -0.02488812 0.01210141
v 0.02786305 -0.02727847 0.00579285
v 0.02489875 -0.02967721 0.00116295
v 0.02722204 -0.02776742 -0.00662957
v 0.03021827 -0.02453883 0.00254227
v 0.02991513 -0.02502213 0.00235428
v 0.02842214 -0.02695653 -0.00961033
v 0.02765859 -0.02841447 -0.01118597
v 0.02927169 -0.02556619 -0.00985700
v 0.02284901 -0.03447269 -0.01716965
v 0.02767745 -0.02886909 -0.02129093
v 0.02769083 -0.02801874 -0.01753863
v 0.02665973 -0.03040584 -0.02140659
v 0.02611547 -0.03040869 -0.01264319
v 0.02617343 -0.03031272 -0.01434284
v 0.02465221 -0.03184485 -0.01484318
v 0.02545945 -0.03068317 -0.00662046
v 0.02040566 -0.03525034 -0.00990289
v 0.02227304 -0.03256246 -0.00376530
v 0.01751831 -0.03755661 -0.00695932
v 0.01890569 -0.03647140 -0.01007398
v 0.01614379 -0.03841374 -0.00849109
v 0.01203627 -0.03781096 -0.00748294
v 0.01868367 -0.03554887 -0.00413146
v 0.02910087 -0.02565730 -0.01264469
v 0.02851892 -0.02668357 -0.01466621
v 0.02922597 -0.02516840 -0.01881502
v 0.02501947 -0.02969360 -0.00187837
v 0.00979431 -0.03772704 -0.00764466
v 0.01300985 -0.03693214 -0.00515632
v 0.00936939 -0.03742268 -0.00603686
v 0.00740292 -0.03767943 -0.00654354
v 0.00596186 -0.03817016 -0.00893893
v 0.00697284 -0.03845873 -0.01280515
v 0.00808994 -0.03801785 -0.01087018
v 0.00855188 -0.03845529 -0.01517382
v 0.00581359 -0.03868738 -0.01262252
v -0.00089105 -0.04108396 -0.00982104
v 0.00285696 -0.03982643 -0.01171337
v 0.00009465 -0.03991390 -0.00714374
v -0.00528598 -0.04061638 -0.00391595
v -0.00419520 -0.04180978 -0.00893704
v 0.00711228 -0.03785150 -0.00830238
v 0.00497840 -0.03792444 -0.00533044
v 0.00259081 -0.03765388 0.00086406
v -0.00209136 -0.03809811 0.00487601
v 0.00236881 -0.03690554 0.00534057
v 0.00015476 -0.03768681 0.00731314
v 0.01526422 -0.03831844 -0.01775900
v 0.01587184 -0.03811124 -0.01895485
v 0.01319867 -0.03858026 -0.01810124
v 0.00092899 -0.04277078 -0.01572490
v -0.00303340 -0.04424861 -0.01691633
v -0.00967329 -0.04488182 -0.01266071
v -0.00079192 -0.04325221 -0.01870099
v -0.00188166 -0.04351200 -0.02158579
v 0.00364185 -0.04080367 -0.02495342
v -0.00276496 -0.04277096 -0.01200101
v 0.00202381 -0.04124666 -0.02613139
v -0.00497109 -0.04404297 -0.02107638
v 0.00034678 -0.04216188 -0.02670998
v -0.00073161 -0.04300522 -0.02755314
v -0.00267103 -0.03857812 0.00035956
v -0.00231919 -0.03959158 -0.00309059
v 0.02186866 -0.03572449 -0.02090008
v 0.01803767 -0.03751565 -0.01902586
v 0.01374724 -0.03930314 -0.02482427
v 0.00842234 -0.03899909 -0.01747970
v 0.01366990 -0.03867696 -0.02103960
v 0.01662140 -0.03906588 -0.02370778
v 0.01978168 -0.03795684 -0.02370355
v -0.01045343 -0.04418643 -0.00349777
v 0.02230736 -0.03522243 -0.01773970
v 0.02167951 -0.03506591 -0.01497622
v -0.01243554 -0.04330169 -0.00080788
v 0.02274765 -0.03279322 -0.00641705
v 0.01519730 -0.03512081 -0.00119736
v 0.01925238 -0.03341685 -0.00189940
v 0.02732165 -0.02690865 -0.00319895
v -0.00725662 -0.04309575 -0.00997304
v 0.01779250 -0.03969329 -0.02794651
v -0.01439519 -0.04488112 -0.01586414
v -0.00909644 -0.04438979 -0.01806090
v -0.00808876 -0.04396516 -0.02193796
v -0.01332049 -0.04476356 -0.01938097
v -0.01062061 -0.04390893 -0.02286147
v -0.00493042 -0.04396721 -0.02528012
v -0.00299719 -0.04355421 -0.02745639
v -0.00488093 -0.04408264 -0.02790018
v -0.00180146 -0.04332487 -0.02452051
v -0.00250396 -0.04447291 -0.02955164
v 0.02141419 -0.03373050 -0.00735794
v -0.01059803 -0.04263896 0.00152038
v 0.00273988 -0.04346468 -0.03003282
v -0.01094168 -0.04439137 -0.01083635
v 0.00372267 -0.04173142 -0.02782337
v 0.02337382 -0.03573943 -0.02609177
v -0.00962203 -0.04383389 -0.02498846
v -0.00856973 -0.04330856 -0.00318713
v 0.02043520 -0.03315871 0.01281634
v 0.00869706 -0.03084239 0.00630107
v 0.00863173 -0.03120287 0.00597734
v 0.00688951 -0.03206223 0.00557399
v 0.00529696 -0.03356082 0.00526051
v 0.01254243 -0.03818415 -0.01369739
v 0.02578812 -0.02987931 0.02099934
v 0.02552901 -0.02915689 0.02363361
v 0.02348831 -0.03134719 0.02458777
v 0.02500934 -0.02883656 0.02834435
v 0.02832964 -0.02733583 0.01886828
v 0.02665515 -0.02773907 0.02303937
v 0.02302077 -0.03174314 0.02151766
v 0.01949562 -0.03410472 0.02191158
v 0.00243086 -0.04107064 -0.01369226
v 0.00797073 -0.03725264 -0.00024139
v 0.01219384 -0.03627383 -0.00326269
v 0.00121298 -0.03836628 -0.00204925
v 0.01318479 -0.03849801 -0.01130866
v -0.00719697 -0.04429425 -0.01827452
v 0.01224224 -0.03961750 -0.02653436
v 0.02130711 -0.03298560 0.02413263
v 0.02680157 -0.02829757 0.00576328
v -0.01135668 -0.04426076 -0.02714506
v -0.01467158 -0.04367953 -0.02458553
v -0.01568011 -0.04416737 -0.02648996
v 0.00452441 -0.03604507 0.00310247
v 0.01528407 -0.03527105 0.01379669
v 0.00956386 -0.04015048 -0.02625793
v 0.03003485 -0.02378220 -0.00328762
v 0.01778200 -0.03314199 -0.00045159
v 0.01425473 -0.03956640 0.01820886
v 0.02805936 -0.02844312 -0.02515399
v 0.02992873 -0.03232056 -0.03030056
v 0.03163167 -0.02999682 -0.03046190
v 0.02666556 -0.03442240 -0.02871311
v 0.02526492 -0.03668319 -0.02942495
v 0.02855576 -0.03502346 -0.03036714
v 0.00842157 -0.03714351 -0.00241388
v 0.01134670 -0.04056895 -0.02817284
v 0.01414694 -0.03906034 -0.02536903
v -0.01838174 -0.04426225 -0.00234274
v -0.00921669 -0.04351088 -0.00692753
v 0.03073271 -0.03494514 -0.03154500
v 0.02443943 -0.03876077 -0.03029376
v 0.02561834 -0.03224817 -0.02373587
v -0.01474916 -0.04366209 -0.00099597
v 0.02982132 -0.02410703 0.00683309
v -0.00713661 -0.04272405 -0.00937331
v 0.02701122 -0.02771758 -0.00506006
v 0.00538636 -0.04042395 -0.01875206
v 0.01374415 -0.04023296 -0.02962896
v 0.01730504 -0.03740588 -0.01447794
v -0.00912714 -0.04491923 -0.02971431
v -0.00905319 -0.04412518 -0.02773337
v 0.01535274 -0.03366416 -0.00016625
v 0.01479676 -0.03468066 -0.00051888
v 0.01707285 -0.03762480 -0.01187352
v 0.02555971 -0.03258243 -0.02432689
v -0.00397943 -0.04430539 -0.01702563
v -0.01090186 -0.04512964 -0.01602655
v 0.02512103 -0.02938406 0.00324078
v 0.01473198 -0.03354508 0.01155610
v 0.01156076 -0.03573621 0.00059188
v 0.00664479 -0.03668598 0.00184814
v 0.01167684 -0.03176694 0.00393643
v 0.01473405 -0.03124935 0.00227350
v 0.01443892 -0.03209483 0.00121967
v 0.01114501 -0.03384545 0.00281819
v -0.02654211 -0.01296352 -0.03910382
v -0.00906520 -0.05673721 -0.00555344
v -0.00787044 -0.06035348 -0.00697373
v -0.01159810 -0.05463684 -0.00047373
v -0.00996335 -0.05947306 -0.00027893
v -0.00803793 -0.06457687 0.00058845
v -0.01072915 -0.05777398 0.00203796
v -0.00793968 -0.06719642 0.00753112
v -0.00967178 -0.05507662 -0.01027162
v -0.00786951 -0.05824111 -0.01213763
v -0.00859709 -0.06275483 -0.01267542
v -0.00894285 -0.06544859 -0.00991760
v -0.00676949 -0.06569200 -0.00542410
v -0.00734511 -0.06279573 -0.00568568
v -0.00607634 -0.04961448 0.01686820
v -0.01264893 -0.04994589 0.00689903
f 1969 736 1
f 730 729 731
f 736 731 729
f 736 729 2491
f 728 730 736
f 736 730 731
f 1 736 2491
f 735 730 728
f 1868 730 735
f 1969 735 736
f 736 735 728
f 1969 1868 735
f 1969 1869 1868
f 1869 2028 1870
f 2028 1869 1969
f 2029 2028 1969
f 722 737 729
f 4587 723 722
f 730 4587 722
f 730 722 729
f 737 2491 729
f 1868 4587 730
f 1869 4587 1868
f 2487 1 2491
f 4587 1869 4585
f 1869 4586 4585
f 1870 1866 1869
f 1866 4586 1869
f 2028 1866 1870
f 1866 2028 1867
f 1872 1867 2028
f 727 737 722
f 722 723 724
f 722 724 727
f 725 724 4587
f 4588 725 4587
f 4587 724 723
f 2487 1856 1
f 1856 2029 1969
f 1 1856 1969
f 4586 1866 1867
f 1872 2028 2026
f 2026 2028 2029
f 1996 943 941
f 724 725 727
f 727 734 737
f 2492 737 734
f 2488 2491 737
f 2487 2491 2488
f 4584 4585 4586
f 1867 4583 4586
f 2029 1856 2026
f 1872 4583 1867
f 1872 2026 1874
f 2572 2565 1996
f 2565 943 1996
f 941 1994 1996
f 941 942 1994
f 942 941 940
f 725 726 734
f 725 734 727
f 1833 2492 734
f 2533 1833 734
f 732 2533 734
f 1991 2014 1996
f 1996 1992 1991
f 1994 1992 1996
f 725 4589 726
f 1833 737 2492
f 4588 4595 725
f 725 4595 4589
f 1833 2488 737
f 2489 2487 2488
f 4585 4582 4587
f 2489 2490 2487
f 4584 4582 4585
f 2490 1856 2487
f 4583 4584 4586
f 1873 4583 1872
f 1864 1872 1874
f 1873 1872 1864
f 2556 2552 2534
f 2564 2566 2565
f 2552 2533 733
f 1832 2552 2556
f 2568 2566 2564
f 2572 2564 2565
f 2566 941 2565
f 941 943 2565
f 1832 2533 2552
f 1996 2014 2572
f 2572 2014 2564
f 2564 2014 2020
f 4594 733 726
f 726 733 734
f 734 733 732
f 732 733 2533
f 2533 1832 1833
f 940 2041 942
f 4595 726 4589
f 1832 1831 1829
f 1832 1829 1833
f 1992 1994 1991
f 942 1993 1994
f 942 2041 212
f 2015 1991 1994
f 1994 1993 2015
f 1833 2010 2488
f 4587 4590 4588
f 2488 2010 2489
f 4587 4582 4590
f 3 2490 2489
f 4583 4582 4584
f 2490 2008 1856
f 1865 4583 1873
f 2 1865 1873
f 2 1873 1864
f 2026 1864 1874
f 1864 2026 1859
f 2552 2549 2555
f 2550 2551 2549
f 2550 2549 2552
f 2552 2551 2550
f 3511 2551 2552
f 2552 2555 2534
f 2534 2555 2570
f 2141 2566 2563
f 2534 2570 2556
f 2568 2563 2566
f 3515 2552 733
f 3515 3511 2552
f 2570 1825 2556
f 1825 2570 2575
f 1825 2575 2532
f 2568 2564 2563
f 941 2566 2039
f 3511 3515 733
f 1825 1832 2556
f 1825 2532 1827
f 1827 2532 1837
f 1989 2567 2564
f 941 2039 940
f 4594 4627 3511
f 4594 3511 733
f 1825 1831 1832
f 1824 1825 1827
f 2003 1827 1837
f 2564 2020 1989
f 726 4627 4594
f 2003 1837 1836
f 1991 2020 2014
f 4595 4627 726
f 1826 1831 1825
f 2036 2020 1991
f 1828 1826 1825
f 1831 1826 1828
f 1828 1825 1824
f 1827 2003 1835
f 2020 2036 1988
f 1828 1829 1831
f 1828 1824 1827
f 1991 1995 2036
f 4595 4588 4593
f 1829 2010 1833
f 1829 1828 1834
f 2022 1828 1827
f 2015 1985 1991
f 1985 1995 1991
f 1830 2010 1829
f 1830 1829 2004
f 2004 1829 1834
f 1828 2022 1834
f 2010 3 2489
f 2010 1830 3
f 3 2008 2490
f 4583 1865 4582
f 1857 2026 1856
f 1857 1856 1852
f 2 4 1865
f 1858 1864 1859
f 2026 1858 1859
f 1858 2026 1857
f 1864 1863 2
f 2538 2539 2540
f 2555 2539 2538
f 2557 2527 2526
f 2548 2539 2549
f 2548 2553 2539
f 2539 2555 2549
f 2538 2540 2536
f 2551 2553 2548
f 2551 2548 2549
f 2555 2538 2570
f 2570 2538 2536
f 2529 2527 2557
f 2535 2527 2529
f 3520 3510 2551
f 2551 3510 2553
f 2570 2536 2575
f 2575 2536 2535
f 2575 2535 2528
f 2528 2535 2529
f 3511 3520 2551
f 2528 2532 2575
f 2528 2529 2532
f 2566 2141 2108
f 2532 2529 1837
f 2529 2530 1837
f 2530 2529 2531
f 2562 2524 2522
f 2564 2562 2563
f 3511 3512 3520
f 1837 2530 1839
f 2530 2531 1839
f 1838 2531 2023
f 1989 2023 2559
f 2559 2562 2567
f 2559 2524 2562
f 2567 2562 2564
f 2108 2039 2566
f 4627 3513 3511
f 3511 3513 3512
f 1839 2531 1838
f 2567 1989 2559
f 1986 2023 1989
f 1838 2023 1986
f 940 2039 2041
f 4595 4561 4627
f 4627 4561 3513
f 1839 1836 1837
f 1836 1839 1838
f 2027 1986 1989
f 2020 2027 1989
f 1988 1987 2020
f 2020 1987 2027
f 1836 1835 2003
f 2036 1987 1988
f 212 2041 264
f 4593 4560 4595
f 1835 1836 2001
f 1995 1987 2036
f 1835 2022 1827
f 1985 1987 1995
f 212 265 942
f 213 265 212
f 1854 2022 1835
f 1984 2033 1987
f 1984 1987 1985
f 1985 2015 1984
f 4582 4568 4590
f 1830 2004 2008
f 2015 1993 942
f 4568 4582 4562
f 1830 2008 3
f 1853 1834 2022
f 2004 1834 1853
f 1853 2022 1854
f 4582 1865 4562
f 1852 2008 2004
f 1852 1856 2008
f 4 1862 1865
f 1852 1851 1860
f 1862 4 2
f 1863 1862 2
f 1857 1852 1858
f 1852 1860 1858
f 1864 1861 1863
f 1864 1871 1861
f 1871 1864 1858
f 1863 1861 1871
f 2541 3522 4986
f 2554 4986 2542
f 2543 2542 2544
f 2527 2542 2543
f 2558 2545 2579
f 2541 4986 2554
f 2537 2554 2542
f 2537 2542 2527
f 2527 2543 2526
f 2526 2543 2544
f 2526 2544 2578
f 2578 2544 2545
f 2545 2558 2578
f 3514 3521 3510
f 3510 3521 2553
f 2553 3521 2539
f 2539 3521 3522
f 2539 3522 2540
f 2540 3522 2541
f 2540 2541 2554
f 2536 2554 2535
f 2535 2554 2537
f 2535 2537 2527
f 2557 2526 2578
f 2525 2578 2558
f 2557 2578 2525
f 2558 2574 2560
f 3518 3514 3510
f 2536 2540 2554
f 2525 2558 2560
f 3520 5 3510
f 3510 5 3518
f 2576 2557 2525
f 3518 5 3520
f 3520 3519 3518
f 2557 2576 2529
f 2529 2576 2531
f 2576 2577 2531
f 2576 2525 2577
f 2559 2525 2560
f 2559 2560 2523
f 2561 2522 2569
f 2561 6 2562
f 2562 6 2563
f 2112 2563 6
f 2112 2141 2563
f 2531 2577 2525
f 2531 2525 2023
f 2023 2525 2559
f 2559 2523 2524
f 2524 2523 2522
f 2562 2522 2561
f 3512 4554 3520
f 3520 4554 3519
f 2108 2105 2039
f 3513 4554 3512
f 4595 4559 4561
f 1986 1972 1838
f 1838 1972 1840
f 2027 1972 1986
f 4560 4559 4595
f 2027 7 1972
f 1840 1836 1838
f 1987 7 2027
f 212 264 213
f 1840 2001 1836
f 1840 1972 2001
f 7 1987 1934
f 2033 1990 1987
f 1990 1934 1987
f 4558 4593 4588
f 264 265 213
f 4588 4590 4558
f 1841 1854 1835
f 2001 1841 1835
f 2001 1966 1967
f 1984 1990 2033
f 210 942 265
f 1971 2015 942
f 210 1971 942
f 1841 2001 2024
f 1971 1984 2015
f 1865 4563 4562
f 1853 2016 2004
f 1841 1853 1854
f 1853 1841 2035
f 1862 4563 1865
f 2004 2016 1852
f 2016 1853 1843
f 1852 2016 1849
f 1851 1852 1849
f 4581 1862 1863
f 1858 1860 1871
f 1860 1851 1849
f 2037 4581 1863
f 1871 2037 1863
f 1871 1860 1998
f 2542 2547 2546
f 2542 2546 2544
f 2544 2546 1097
f 1097 4991 2544
f 2514 2544 4991
f 2516 2544 2514
f 4986 4984 2542
f 2542 4984 2547
f 2544 2579 2545
f 2544 2516 2515
f 2517 2544 2515
f 2579 2544 2517
f 3523 3522 3525
f 3522 3523 4986
f 2558 2579 2517
f 3521 4596 3516
f 3521 3517 3522
f 2571 2574 2517
f 2517 2574 2558
f 2571 2517 2513
f 4596 3521 3514
f 2574 2571 2560
f 2571 2513 2560
f 2508 2520 2573
f 3518 3519 3514
f 3514 3519 4596
f 2513 2521 2560
f 2513 2520 2521
f 2523 2520 2508
f 2508 2062 2561
f 2560 2521 2523
f 2523 2521 2520
f 2569 2523 2508
f 2569 2508 2561
f 2523 2569 2522
f 6 2561 2112
f 2108 2141 2112
f 3519 4555 4553
f 3519 4554 4555
f 2103 2105 2108
f 2104 2039 2105
f 4554 3513 4561
f 4561 4559 4560
f 2039 2040 2041
f 264 2041 2040
f 2042 264 2040
f 1934 1972 7
f 1972 1966 2001
f 1966 1972 1934
f 1934 1933 1966
f 1990 1933 1934
f 1990 1931 1933
f 1984 1932 1990
f 1932 1931 1990
f 1984 1930 1932
f 1967 2024 2001
f 1930 1984 1970
f 1984 209 1970
f 1984 1971 209
f 1971 210 209
f 2024 2035 1841
f 2035 1843 1853
f 1862 4566 4563
f 2035 1844 1843
f 4566 1862 4599
f 2016 1847 1849
f 1847 2016 1842
f 2016 1843 1842
f 1862 4581 4599
f 1847 1842 1849
f 1849 1848 1860
f 1846 1849 1842
f 1871 1998 2038
f 1855 1998 1860
f 2019 1855 1860
f 2037 1871 1952
f 1952 1871 2038
f 2546 2547 1097
f 1097 2547 4991
f 2514 2515 2516
f 2515 2514 2512
f 3516 842 3521
f 3521 842 841
f 3517 3521 841
f 3524 3523 3525
f 2517 2515 2512
f 2513 2511 2510
f 2512 2511 2513
f 2513 2510 2573
f 842 4596 4552
f 4596 842 3516
f 3525 3522 3517
f 2517 2512 2513
f 2573 2510 2507
f 2573 2520 2513
f 2508 2573 2507
f 2508 2507 2509
f 2508 2509 2062
f 2051 2561 2062
f 2051 2112 2561
f 2050 2112 2051
f 2112 2103 2108
f 4554 4556 4555
f 2103 2104 2105
f 2048 2040 2104
f 2104 2040 2039
f 4561 4556 4554
f 2040 2043 2042
f 1933 1983 1966
f 262 210 265
f 1966 1983 1967
f 1983 2024 1967
f 1949 1983 1950
f 1931 1983 1933
f 209 210 262
f 4563 4564 4562
f 1949 2024 1983
f 1931 1932 1930
f 1930 1970 209
f 2024 1949 2011
f 1942 1983 1931
f 4563 4566 4599
f 2024 1844 2035
f 2024 2011 1844
f 1844 1842 1843
f 2019 1848 1849
f 1849 1846 2019
f 1842 1844 1875
f 653 4581 2037
f 653 2037 1953
f 1848 2019 1860
f 2019 1842 1845
f 1846 1842 2019
f 1845 1842 1875
f 1954 1953 2037
f 1954 2037 1952
f 1884 2019 1845
f 1955 1954 1952
f 2038 1998 1855
f 4990 4989 2514
f 2518 2510 4989
f 2518 2519 2068
f 4597 3526 3534
f 3534 3526 842
f 842 3526 841
f 2547 4992 4991
f 4984 4992 2547
f 4992 2514 4991
f 4990 2514 4989
f 4989 2514 4992
f 4989 2512 2514
f 2512 4989 2511
f 2511 4989 2510
f 2510 2518 2068
f 2510 2068 2507
f 842 4597 3534
f 841 761 3517
f 761 3525 3517
f 3523 4985 4986
f 4986 4983 4984
f 4985 4983 4986
f 2066 2507 2146
f 4552 4597 842
f 2507 2062 2509
f 2507 2066 2062
f 3519 4551 4596
f 4596 4551 4552
f 2051 2062 2061
f 4598 4551 4553
f 4553 4551 3519
f 4555 4598 4553
f 2112 2050 2102
f 2102 2103 2112
f 2040 2048 2047
f 2047 2113 2040
f 2113 2043 2040
f 4560 4645 4561
f 4593 4592 4560
f 4592 4593 4558
f 4590 4568 4558
f 4562 4567 4568
f 262 211 209
f 1956 1931 1930
f 1930 209 1956
f 4563 4572 4564
f 1942 1943 1983
f 1943 1950 1983
f 1956 1942 1931
f 4572 4563 4565
f 1949 1927 2011
f 1949 1950 1926
f 4563 4599 4565
f 4599 4581 4565
f 1927 1844 2011
f 1926 1927 1949
f 1844 1927 1926
f 1844 1925 1875
f 1844 1926 1925
f 1850 1855 2019
f 2019 1884 1850
f 1962 1953 1954
f 1954 1955 1962
f 2038 2009 1952
f 1850 2038 1855
f 1952 1962 1955
f 1892 1962 1952
f 2009 1892 1952
f 3527 837 839
f 3528 3527 3526
f 3526 3527 839
f 840 841 3526
f 837 840 3526
f 839 837 3526
f 2518 861 887
f 2518 887 2519
f 887 908 2519
f 2518 4989 851
f 908 2068 2519
f 2507 2068 908
f 2507 908 2146
f 4597 4550 3526
f 3526 4550 3528
f 761 841 840
f 4992 4984 4981
f 4992 4981 4989
f 4988 858 4989
f 3524 876 3523
f 2139 2062 2066
f 2061 2062 2139
f 2053 2051 2061
f 4555 4626 4598
f 4556 4626 4555
f 2048 2104 2103
f 2113 2047 2048
f 4561 4645 4556
f 263 264 2042
f 4592 4557 4560
f 265 264 266
f 4568 4660 4558
f 266 262 265
f 4564 4567 4562
f 211 208 209
f 1956 209 206
f 209 208 206
f 1943 2021 1950
f 1943 1942 2021
f 1956 1928 1942
f 205 1956 206
f 4581 4572 4565
f 1950 2021 1926
f 1942 1958 2021
f 1958 1942 1928
f 653 4572 4581
f 2021 1925 1926
f 1924 2021 1958
f 653 647 4572
f 653 652 656
f 1953 652 653
f 1920 1875 1925
f 656 652 1953
f 1875 1877 1845
f 1875 1876 1877
f 1920 1876 1875
f 1961 656 1962
f 656 1953 1962
f 2034 2038 1850
f 1845 1964 1884
f 1964 1845 1877
f 8 1961 1962
f 1962 1886 8
f 1962 1892 1886
f 1889 2009 2038
f 2034 1889 2038
f 1889 2034 1850
f 3532 3529 3527
f 4550 3532 3528
f 3528 3532 3527
f 851 861 2518
f 838 840 836
f 858 851 4989
f 2067 2146 908
f 753 761 840
f 838 753 840
f 4981 4984 4983
f 4981 4988 4989
f 4552 4550 4597
f 761 753 3525
f 753 758 3525
f 876 4985 3523
f 4983 4980 4981
f 4981 4980 4988
f 2066 2146 2130
f 752 758 753
f 2130 2139 2066
f 797 762 753
f 2061 2139 2053
f 753 762 752
f 2050 2051 2053
f 2052 2102 2050
f 2103 2102 2052
f 2048 2103 2049
f 2113 2048 2049
f 2044 2042 2043
f 4557 4591 4560
f 4558 4660 4592
f 263 266 264
f 4568 4567 4564
f 211 256 208
f 205 1928 1956
f 205 206 208
f 1928 1924 1958
f 1924 1918 2021
f 1968 1924 1928
f 647 653 656
f 1997 1920 1925
f 1997 1925 2021
f 1918 1997 2021
f 1891 656 1961
f 1877 1876 2006
f 1891 1961 8
f 1884 1889 1850
f 1886 1891 8
f 1883 2009 1889
f 1889 1884 1963
f 1887 1886 1892
f 3537 3531 3532
f 3532 3531 3529
f 3532 4549 3540
f 3532 3540 3537
f 3531 3527 3529
f 3527 3531 837
f 3531 3533 837
f 3533 836 837
f 851 850 861
f 861 2069 887
f 4550 4549 3532
f 836 840 837
f 2069 908 887
f 4548 4549 4550
f 858 852 851
f 3183 753 838
f 4982 4983 4985
f 4988 852 858
f 2146 2067 2057
f 2056 2146 2057
f 4548 4552 4604
f 4550 4552 4548
f 3525 876 3524
f 4985 876 4982
f 4982 4980 4983
f 2139 2130 2146
f 2056 2139 2146
f 793 797 753
f 758 752 759
f 4551 4604 4552
f 4551 4547 4604
f 762 755 752
f 752 755 759
f 11 759 755
f 4551 1053 4547
f 755 762 754
f 2052 2050 2053
f 4598 1053 4551
f 762 799 756
f 756 754 762
f 2103 2107 9
f 2103 2052 2107
f 9 2049 2103
f 4556 4651 4626
f 9 2113 2049
f 4645 4659 4556
f 2119 2043 2113
f 4560 4591 4645
f 263 2042 2044
f 4592 4591 4557
f 4568 4661 4660
f 259 211 262
f 257 211 259
f 257 256 211
f 4572 4570 4564
f 4571 4570 4572
f 1929 1928 205
f 205 207 1929
f 4571 4572 4573
f 1928 1948 1968
f 1928 1929 1948
f 1929 207 1948
f 647 4573 4572
f 1924 1968 1918
f 1946 1968 1948
f 648 647 656
f 1919 1920 1997
f 1919 1997 1918
f 656 1891 564
f 1876 1920 2006
f 10 564 1891
f 1963 1884 1964
f 1877 2006 1964
f 2005 2006 1920
f 10 1891 1886
f 1886 1887 10
f 1963 1964 2006
f 1892 1885 1887
f 1883 1888 2009
f 2009 1888 1892
f 1883 1889 1878
f 1885 1892 1888
f 3533 3530 845
f 845 843 3533
f 3540 3535 3537
f 3535 3536 3537
f 3531 3537 3480
f 3531 3480 3530
f 3531 3530 3533
f 4549 3535 3540
f 861 850 886
f 2109 2069 861
f 886 2109 861
f 4549 4543 3535
f 851 853 850
f 850 853 849
f 852 853 851
f 908 2058 2057
f 908 2069 2058
f 3183 838 836
f 852 4988 853
f 853 4988 857
f 2057 2067 908
f 4988 4987 857
f 793 753 3176
f 3176 753 3183
f 758 760 3525
f 876 3525 884
f 4982 875 4980
f 4980 877 4988
f 4988 877 4987
f 760 758 759
f 2055 2053 2139
f 794 797 793
f 11 760 759
f 794 762 797
f 794 799 762
f 755 757 11
f 799 4993 756
f 4993 801 756
f 4626 4600 4598
f 754 756 801
f 754 801 755
f 4651 4600 4626
f 4556 4600 4651
f 4556 4659 4600
f 2136 2113 9
f 2136 2119 2113
f 2043 2119 2044
f 4591 4601 4645
f 4603 4645 4601
f 2045 263 2044
f 4660 1102 4592
f 261 266 263
f 260 262 266
f 4568 1103 4661
f 260 259 262
f 4564 1103 4568
f 4569 1103 4564
f 4569 4564 4570
f 269 208 256
f 269 207 205
f 208 269 205
f 269 204 207
f 202 1948 207
f 202 207 204
f 1968 1946 1918
f 1918 1946 12
f 1946 1948 1947
f 1918 12 1919
f 656 562 648
f 656 564 562
f 562 564 10
f 1890 10 1887
f 1885 1890 1887
f 1951 1878 1889
f 1963 1951 1889
f 1888 1881 1885
f 1944 1888 1883
f 1883 1878 1893
f 1881 1888 1944
f 844 846 845
f 3535 3479 3536
f 3537 3536 3480
f 3530 3480 845
f 846 843 845
f 4543 3479 3535
f 835 3533 846
f 846 3533 843
f 849 867 850
f 850 867 886
f 2106 2109 886
f 867 2106 886
f 835 836 3533
f 2058 2069 2109
f 856 849 853
f 835 833 836
f 853 859 856
f 857 859 853
f 2059 2057 2058
f 4549 4548 4544
f 836 833 832
f 3183 836 832
f 2059 2056 2057
f 3176 3183 796
f 884 3525 3109
f 883 876 884
f 876 874 875
f 875 874 873
f 4980 875 877
f 877 875 857
f 877 857 4987
f 4604 4546 4548
f 3109 3525 4994
f 3525 760 4994
f 875 4982 876
f 2055 2139 2056
f 4547 4546 4604
f 794 793 3176
f 2053 2055 2054
f 11 4994 760
f 4547 1054 1062
f 1054 4547 1053
f 794 800 799
f 11 13 1038
f 11 757 13
f 13 755 801
f 757 755 13
f 2129 2107 2052
f 9 2107 2129
f 4598 4600 1053
f 4659 1051 4600
f 4645 4603 4659
f 2044 2046 2045
f 263 2045 2046
f 320 4784 4785
f 4592 1102 4591
f 1100 4591 1102
f 263 2046 261
f 266 261 260
f 1103 1102 4660
f 4661 1103 4660
f 4571 4569 4570
f 256 268 269
f 268 204 269
f 648 4573 647
f 202 1947 1948
f 1946 1916 12
f 1947 1937 1946
f 1923 2005 1920
f 1920 1919 1923
f 12 1957 1919
f 1916 1957 12
f 1923 2006 2005
f 562 10 561
f 2006 1951 1963
f 2006 2031 1951
f 2006 2007 2031
f 2007 2006 1923
f 561 10 1890
f 1883 1893 1944
f 1879 1893 1878
f 1885 1881 1882
f 1880 1944 1893
f 1882 1881 1944
f 3481 3489 845
f 3480 3536 3479
f 3481 3480 3489
f 3480 3481 845
f 3538 3473 3479
f 4543 3538 3479
f 848 846 844
f 848 907 846
f 849 854 869
f 849 869 867
f 867 869 880
f 2106 867 880
f 907 835 846
f 878 907 889
f 849 855 854
f 2058 2109 2132
f 878 835 907
f 856 855 849
f 4549 4607 4543
f 4549 4542 4607
f 860 865 855
f 860 855 856
f 4544 4542 4549
f 859 860 856
f 833 3183 832
f 833 883 884
f 883 882 874
f 875 873 868
f 875 868 857
f 857 868 860
f 857 860 859
f 4544 4548 4545
f 4548 4546 4545
f 3109 796 3183
f 833 3109 3183
f 3109 833 884
f 876 883 874
f 2056 2059 2055
f 3176 796 795
f 4546 4547 1064
f 795 794 3176
f 1064 4547 1058
f 4547 1062 1058
f 2054 2052 2053
f 2138 2052 2054
f 795 800 794
f 1038 4994 11
f 2138 2129 2052
f 1052 1054 1053
f 799 800 4993
f 800 945 4993
f 13 945 1038
f 801 945 13
f 4993 945 801
f 4600 1051 1053
f 1051 1050 1053
f 1053 1050 486
f 2114 2044 2119
f 4601 4659 4603
f 321 320 319
f 2114 2148 2044
f 1110 4784 321
f 321 4784 320
f 4591 1110 922
f 4601 4591 922
f 1110 4601 922
f 320 322 319
f 2044 2148 2046
f 920 481 1110
f 1101 4591 1100
f 4591 1101 1110
f 1101 1100 4784
f 1101 4784 1110
f 4941 320 4785
f 322 320 4941
f 1102 1103 1100
f 1100 4806 4785
f 4784 1100 4785
f 4785 4806 4807
f 4785 4807 4941
f 257 259 260
f 1104 1103 4569
f 255 256 257
f 254 256 255
f 236 268 256
f 4573 4574 4571
f 268 235 204
f 232 202 204
f 648 642 4573
f 4573 642 4574
f 203 201 202
f 203 202 232
f 1946 1937 1916
f 1937 1947 202
f 1937 202 14
f 14 202 201
f 1923 1919 1922
f 1915 1957 1916
f 1922 1919 1957
f 2031 2007 1951
f 1935 2007 1923
f 556 561 1890
f 559 556 1890
f 1951 2007 1878
f 2007 1879 1878
f 2025 559 1890
f 1885 2025 1890
f 2025 1885 1895
f 1882 1895 1885
f 1945 1879 2007
f 1894 1882 1944
f 1894 1895 1882
f 1880 1893 1879
f 3473 3478 3479
f 3478 3477 3479
f 847 845 3489
f 3422 847 3489
f 3477 3480 3479
f 3480 3477 3489
f 847 844 845
f 844 847 3421
f 3421 848 844
f 897 909 879
f 909 897 911
f 910 911 897
f 866 897 871
f 910 897 866
f 2106 880 869
f 907 848 903
f 907 903 905
f 905 906 907
f 866 871 862
f 906 889 907
f 864 866 862
f 855 862 854
f 864 862 855
f 4542 4544 4607
f 834 835 878
f 865 864 855
f 834 833 835
f 833 834 883
f 883 834 878
f 883 878 882
f 882 878 874
f 874 878 872
f 874 872 873
f 873 872 868
f 868 872 865
f 868 865 860
f 2058 2111 2059
f 4545 4606 4544
f 2059 2063 2055
f 4545 4546 3145
f 769 3109 4994
f 2055 2063 2054
f 1064 1058 4546
f 798 802 796
f 802 795 796
f 4994 1044 769
f 2060 2054 2063
f 1058 1057 802
f 4994 1038 1044
f 1044 1038 1039
f 2060 2138 2054
f 1054 1058 1062
f 1058 1054 1052
f 1057 1058 1052
f 802 800 795
f 1057 800 802
f 944 945 800
f 945 1037 1038
f 1053 1049 1057
f 1053 1057 1052
f 486 1049 1053
f 1049 961 1057
f 9 2129 2122
f 1051 4659 4637
f 486 1059 311
f 1049 486 311
f 1059 923 321
f 1059 321 311
f 4601 4637 4659
f 923 1110 321
f 319 311 321
f 311 319 301
f 315 301 319
f 4637 4601 4602
f 4601 1110 4602
f 2046 2148 2114
f 481 4602 1110
f 482 1110 921
f 315 319 322
f 485 920 1110
f 482 485 1110
f 2117 2046 2116
f 485 481 1100
f 485 1100 920
f 920 1100 481
f 4941 4786 322
f 4954 2046 2117
f 1103 1096 485
f 1103 485 1100
f 485 1096 1100
f 1096 4806 1100
f 4954 261 2046
f 4806 1095 1107
f 1107 4807 4806
f 4801 4941 4807
f 4941 4801 4788
f 4946 267 260
f 4954 4946 260
f 261 4954 260
f 1103 1107 1096
f 1107 4801 4807
f 1104 1107 1103
f 260 267 4953
f 255 260 4953
f 257 260 255
f 4569 1106 1104
f 4931 1104 1106
f 1105 1106 4569
f 253 256 254
f 4569 1108 1105
f 4571 1108 4569
f 253 236 256
f 4574 1108 4571
f 235 232 204
f 1113 642 648
f 648 563 1113
f 648 562 563
f 1937 14 1939
f 562 561 563
f 1916 1914 1915
f 1939 1916 1937
f 1957 1915 1913
f 556 555 561
f 1923 1922 1935
f 1911 1922 1957
f 1879 1945 1941
f 2007 1935 1945
f 1880 2032 1944
f 1879 1941 1880
f 1945 1935 1917
f 1917 1935 1909
f 1965 2032 1880
f 1965 1880 1941
f 3423 3422 3489
f 3421 847 3422
f 897 893 3438
f 897 3438 892
f 892 863 897
f 892 891 863
f 863 891 890
f 863 890 869
f 888 869 890
f 3477 3478 3473
f 3489 3477 3423
f 898 3421 899
f 905 3421 898
f 879 894 897
f 897 894 893
f 863 871 897
f 854 863 869
f 869 888 2126
f 2070 2106 869
f 2126 2070 869
f 4654 3538 4543
f 848 3421 903
f 903 3421 905
f 905 898 904
f 904 898 899
f 904 899 905
f 905 899 896
f 896 895 905
f 905 895 894
f 871 863 862
f 862 863 854
f 881 906 905
f 879 905 894
f 881 905 879
f 909 911 879
f 2070 2109 2106
f 4607 4654 4543
f 881 889 906
f 870 879 911
f 870 911 910
f 864 910 866
f 2078 2132 2109
f 885 878 889
f 872 889 881
f 885 889 872
f 872 881 879
f 872 879 870
f 870 910 865
f 865 910 864
f 4544 4540 4607
f 4544 4541 4540
f 878 885 872
f 872 870 865
f 2110 2111 2058
f 4606 4541 4544
f 2059 2111 2145
f 3148 796 3107
f 3108 796 3109
f 769 3108 3109
f 3143 3145 4546
f 798 796 3148
f 1058 3143 4546
f 1058 802 3147
f 3147 802 798
f 1060 769 1043
f 1043 769 1044
f 2063 2065 2064
f 2064 2060 2063
f 1039 1038 1037
f 1044 1039 1043
f 2064 2138 2060
f 1039 945 1040
f 1039 1037 945
f 2123 2138 2064
f 944 800 1057
f 944 1040 945
f 2122 2129 2138
f 1049 1048 961
f 1050 1051 4639
f 486 1050 4639
f 299 1048 1049
f 2121 2136 9
f 2121 9 2122
f 4638 4639 4637
f 4637 4639 1051
f 486 4639 480
f 480 1059 486
f 311 1063 1049
f 299 1049 290
f 290 1049 1063
f 2120 2119 2136
f 2120 2136 2121
f 923 1059 480
f 290 1063 311
f 4637 484 4638
f 301 290 311
f 315 290 301
f 2120 4961 2119
f 923 479 1110
f 2119 4891 2114
f 4961 4891 2119
f 4602 484 4637
f 479 921 1110
f 322 289 315
f 322 288 289
f 2115 2046 2114
f 2115 2114 4891
f 4602 481 478
f 478 481 479
f 481 921 479
f 4880 4881 4891
f 4891 2116 2046
f 4891 2046 2115
f 481 485 482
f 481 482 921
f 4786 323 322
f 297 322 323
f 4832 4967 4962
f 4881 4880 4876
f 4891 4881 2118
f 4891 2117 2116
f 2118 2117 4891
f 4832 4831 4967
f 4832 4830 4831
f 4881 4907 15
f 15 2118 4881
f 2118 4954 2117
f 1096 1095 4806
f 4946 2118 15
f 4946 4954 2118
f 1107 1095 1096
f 4786 4788 4937
f 4786 4941 4788
f 4946 4947 267
f 4788 4787 4910
f 4953 267 4947
f 1104 4931 1107
f 4923 4801 1107
f 4931 4923 1107
f 4923 4788 4801
f 4788 4791 4787
f 4788 4923 4791
f 255 4953 254
f 4787 4791 4910
f 4931 4922 4923
f 4931 4918 4922
f 1105 4931 1106
f 1108 1109 1105
f 1109 4931 1105
f 1108 1111 1109
f 4574 1111 1108
f 4574 1114 1111
f 251 235 268
f 1114 4574 1112
f 642 1112 4574
f 233 203 232
f 235 233 232
f 231 203 233
f 201 203 231
f 557 563 560
f 561 560 563
f 1939 14 201
f 1939 201 667
f 555 557 561
f 557 560 561
f 1914 1913 1915
f 1938 1914 1916
f 1938 1916 1939
f 1938 1939 665
f 553 557 555
f 1922 1911 1910
f 1913 1911 1957
f 1913 1914 662
f 662 1914 1938
f 553 555 556
f 553 556 554
f 1922 1907 1935
f 1935 1907 1909
f 1910 1907 1922
f 1911 1913 1912
f 1910 1911 1912
f 763 1913 661
f 567 554 556
f 567 556 559
f 1906 1907 1910
f 567 559 2025
f 1917 1909 1945
f 1945 1909 2030
f 544 567 2025
f 1896 2025 1895
f 1896 544 2025
f 1896 1894 1897
f 1896 1895 1894
f 1944 2032 1894
f 1941 1903 1965
f 2030 1941 1945
f 1897 1894 2032
f 1903 1941 1936
f 1936 1941 2030
f 893 3460 3438
f 892 3438 3437
f 892 3437 891
f 891 3437 2134
f 891 2125 890
f 3473 3425 3477
f 3474 3425 3473
f 3424 3423 3425
f 3423 3395 3422
f 3424 3395 3423
f 3441 899 3430
f 900 899 3385
f 899 3441 3385
f 899 900 896
f 896 900 901
f 896 901 895
f 895 901 894
f 894 901 893
f 893 901 902
f 2125 888 890
f 2125 2126 888
f 4658 3473 3538
f 4635 4658 3538
f 3477 3425 3423
f 3421 3430 899
f 4635 3538 4654
f 2070 2072 2071
f 4540 4608 4654
f 2071 2109 2070
f 2078 2109 2071
f 4607 4540 4654
f 2058 2132 2110
f 2111 2110 2127
f 2145 2111 2127
f 4545 4605 4606
f 3107 796 3108
f 769 3107 3108
f 2137 2059 2145
f 3145 3144 4545
f 3144 4605 4545
f 3110 3148 3107
f 3110 3189 3148
f 1056 769 1061
f 2147 2059 2137
f 3145 3143 3144
f 3167 3146 3148
f 3146 3147 3148
f 3148 3147 798
f 1061 769 1060
f 1055 1056 1061
f 2147 2065 2063
f 2059 2147 2063
f 1058 3146 3143
f 3146 1058 3147
f 1043 1042 1061
f 1043 1061 1060
f 4956 1061 1042
f 4864 4969 4970
f 4970 4969 4929
f 2147 2064 2065
f 1041 1042 1039
f 1039 1042 1043
f 4952 4882 4909
f 4864 4868 4969
f 4864 3045 4868
f 4929 4969 4870
f 4900 4897 4870
f 4901 2123 2147
f 2123 2064 2147
f 4742 1039 1040
f 4868 4863 4969
f 4870 4969 4866
f 4870 4866 4900
f 4897 4900 4872
f 4901 2138 2123
f 1040 944 4742
f 4868 4862 4863
f 4863 4865 4969
f 4969 4865 4866
f 4872 4900 4871
f 4872 4904 4901
f 4904 2122 2138
f 4904 2138 4901
f 961 957 944
f 1057 961 944
f 4863 4862 4865
f 4865 4862 4866
f 4866 4862 17
f 4872 4906 4904
f 4868 4924 4862
f 4868 4848 4924
f 4862 4960 4867
f 4862 4867 17
f 4906 2121 2122
f 4906 2122 4904
f 316 1009 4639
f 4639 1009 950
f 483 4639 950
f 4924 4878 4862
f 4862 4878 4960
f 4867 4938 4906
f 4906 2120 2121
f 316 4638 318
f 4639 4638 316
f 480 483 4638
f 4639 483 480
f 4846 4924 4847
f 4846 4878 4924
f 4960 4877 4867
f 4867 4877 4938
f 4938 2120 4906
f 4638 479 480
f 479 923 480
f 4938 4930 4949
f 4949 2120 4938
f 484 476 4638
f 4638 476 479
f 287 290 315
f 315 289 287
f 4846 4859 4878
f 4878 4879 4960
f 4960 4879 4877
f 4877 4950 4938
f 4938 4950 4930
f 4930 4961 2120
f 4930 2120 4949
f 476 484 477
f 476 477 479
f 4845 4839 4915
f 4915 4859 4846
f 4859 4861 4878
f 4878 4861 4879
f 4930 4950 4891
f 4930 4891 4961
f 4602 477 484
f 4602 478 479
f 4602 479 477
f 4948 4925 4926
f 4926 4839 4841
f 4926 4840 4839
f 4839 4840 4833
f 4839 4928 4915
f 4859 4860 4861
f 4877 4879 4880
f 4877 4880 4950
f 4950 4880 4891
f 322 297 288
f 4974 4973 4925
f 4887 4925 4973
f 4887 4926 4925
f 4833 4840 4832
f 4833 4832 4839
f 4839 4832 4928
f 4928 4832 4962
f 4928 4962 4915
f 4859 4915 4962
f 4879 4860 4876
f 4861 4860 4879
f 4879 4876 4880
f 4926 4830 4832
f 4926 4832 4840
f 4859 4883 4860
f 4860 4883 4876
f 4786 4796 323
f 4887 4834 4926
f 4834 4830 4926
f 4831 4828 4967
f 4828 4962 4967
f 4884 4962 4828
f 4962 4884 4859
f 4875 4881 4876
f 4883 4875 4876
f 4907 4881 4875
f 4796 4786 4972
f 4828 4830 4834
f 4828 4831 4830
f 4859 4820 4883
f 4859 4884 4820
f 4907 4946 15
f 4800 4786 4937
f 4972 4786 4800
f 4940 4888 4887
f 4834 4887 4888
f 4834 4902 4828
f 4834 4886 4902
f 4907 19 20
f 20 4945 4946
f 4907 20 4946
f 4945 4947 4946
f 4788 4910 4800
f 4788 4800 4937
f 4888 4829 4834
f 4829 4886 4834
f 4824 4828 4827
f 4828 4886 4827
f 4828 4902 4886
f 4945 20 4947
f 20 4943 4947
f 4943 258 4953
f 4947 4943 4953
f 258 254 4953
f 4789 4910 4791
f 4794 4910 4789
f 4910 4793 4797
f 4910 4794 4793
f 4922 4791 4923
f 4798 4791 4922
f 4791 4790 4789
f 4791 4798 4790
f 4916 4922 4918
f 4922 4916 4798
f 4794 4789 4790
f 4919 4918 4931
f 4917 4918 4919
f 4918 4917 4916
f 1111 4919 1109
f 4919 4931 1109
f 4916 4921 4798
f 4798 4802 4790
f 237 268 236
f 1111 1114 4919
f 237 251 268
f 1113 1114 1112
f 642 1113 1112
f 233 234 231
f 643 1113 563
f 234 201 231
f 557 643 563
f 668 1939 667
f 668 667 201
f 665 1939 668
f 552 557 553
f 1913 662 661
f 665 662 1938
f 554 552 553
f 488 1912 1913
f 1913 763 488
f 661 662 660
f 547 552 567
f 552 554 567
f 1912 488 1910
f 488 487 1910
f 542 547 567
f 537 542 567
f 537 567 543
f 1907 1906 1909
f 1909 1906 1908
f 1921 1906 1910
f 487 1921 1910
f 544 543 567
f 544 1896 1959
f 1909 1904 2030
f 1909 1905 1904
f 1908 1905 1909
f 490 1906 1921
f 1898 1896 1897
f 2032 1898 1897
f 1965 2017 2032
f 2032 2017 1901
f 1965 1902 2017
f 1904 1936 2030
f 1902 1965 1903
f 902 901 16
f 3438 3439 3437
f 3460 3439 3438
f 3437 3439 2134
f 2085 891 2134
f 3385 16 900
f 901 900 16
f 902 3335 893
f 893 3335 3460
f 2124 2125 891
f 2083 2124 891
f 2085 2083 891
f 3502 3473 4635
f 3473 4658 4635
f 3474 3473 3502
f 3474 3424 3425
f 3424 3396 3395
f 3420 3422 3395
f 3421 3420 3454
f 3421 3422 3420
f 3421 3454 3430
f 3441 3430 3385
f 2125 2124 2126
f 2073 2126 2124
f 2070 2126 2073
f 2073 2072 2070
f 4608 4617 4654
f 4654 4617 4635
f 2072 2078 2071
f 4540 4538 4608
f 2110 2132 2078
f 4541 4538 4540
f 2144 2127 2110
f 4606 4539 4541
f 4963 2145 2127
f 3144 4606 4605
f 3144 4539 4606
f 3107 3106 3189
f 3107 769 1056
f 3107 1056 3069
f 3067 3069 1056
f 3067 3197 4951
f 3067 4956 3197
f 4963 2127 4964
f 4963 2137 2145
f 3142 3139 3144
f 3141 3167 3148
f 3141 3140 3167
f 3141 3189 3105
f 3148 3189 3141
f 3189 3110 3107
f 1055 3067 1056
f 4956 3067 1055
f 3045 3042 3196
f 3045 4892 3040
f 4892 4893 4895
f 4892 4970 4893
f 4895 4894 4896
f 4895 4893 4894
f 4963 2147 2137
f 3143 3142 3144
f 3142 3143 3146
f 3142 3146 3167
f 1061 4956 1055
f 3196 3197 3045
f 4892 4905 4864
f 3045 4905 4892
f 4892 4864 4970
f 4896 4897 4908
f 4896 4894 4897
f 4963 4964 2147
f 4956 4903 4885
f 4956 4885 4882
f 4956 4882 3197
f 3197 4882 4952
f 3197 4952 3045
f 3045 4864 4905
f 4929 4893 4970
f 4908 4899 4964
f 4908 4897 4899
f 4899 4901 2147
f 4899 2147 4964
f 4903 4956 1042
f 4903 4909 4882
f 4903 4882 4885
f 4952 4890 3045
f 4952 4958 4890
f 4890 4868 3045
f 4870 4893 4929
f 4893 4870 4894
f 4894 4870 4897
f 4899 4897 4898
f 4898 4901 4899
f 958 959 4742
f 1039 4742 1041
f 4903 1042 1041
f 1045 4903 1041
f 4903 1045 1046
f 4851 4909 4903
f 4851 4952 4909
f 4952 4852 4958
f 4958 4868 4890
f 4872 4898 4897
f 4898 4872 4901
f 959 957 4735
f 944 957 4742
f 957 958 4742
f 957 959 958
f 4903 1046 1047
f 1047 4851 4903
f 4852 4848 4868
f 4852 4868 4958
f 4866 4869 4900
f 4871 4900 4869
f 1048 957 961
f 1047 4874 4851
f 4851 4850 4952
f 4952 4848 4852
f 4952 4850 4848
f 17 4869 4866
f 4869 4906 4872
f 4869 4872 4871
f 1009 4680 950
f 950 4680 952
f 483 950 952
f 4873 4874 1047
f 17 4867 4906
f 17 4906 4869
f 317 312 316
f 312 1009 316
f 2984 4874 4873
f 2984 4927 4874
f 4850 4847 4848
f 4848 4849 4924
f 4847 4849 4848
f 4849 4847 4924
f 318 317 316
f 317 318 4638
f 317 4638 483
f 4856 4858 4855
f 4856 4855 2984
f 4927 4854 4874
f 4874 4853 4851
f 4874 4854 4853
f 286 290 287
f 4858 4857 4855
f 4927 2984 4854
f 4851 4843 4850
f 4851 4853 4843
f 4850 4843 4847
f 4844 4846 4847
f 287 289 286
f 4936 4855 4857
f 4855 4936 4974
f 4854 4842 4853
f 4853 4845 4847
f 4843 4853 4847
f 4844 4847 4845
f 4845 4846 4844
f 288 286 289
f 4855 4974 4925
f 4855 4925 2984
f 2984 4925 4948
f 4854 2984 4948
f 4842 4854 4841
f 4842 4841 4839
f 4842 4839 4853
f 4853 4839 4845
f 4845 4915 4846
f 21 288 297
f 21 297 298
f 4926 4854 4948
f 4854 4926 4841
f 297 302 300
f 298 297 300
f 4978 4973 4974
f 323 302 297
f 4978 4966 4887
f 4978 4887 4973
f 302 323 18
f 323 4796 18
f 4978 4965 4966
f 4965 4887 4966
f 4965 4940 4887
f 4800 4796 4972
f 4805 4940 4965
f 4955 4875 4883
f 4968 4907 4875
f 4968 4875 4955
f 4968 19 4907
f 4910 4797 4796
f 4910 4796 4800
f 4808 4796 4797
f 4940 4829 4888
f 4805 4829 4940
f 4825 4884 4828
f 4825 4828 4824
f 4826 4884 4825
f 4820 4884 4826
f 933 19 4968
f 4797 4795 4799
f 4804 4838 4805
f 4804 4813 4838
f 4827 4886 4829
f 4820 4825 4822
f 4820 4826 4825
f 4883 4823 4955
f 19 933 4944
f 19 4944 4943
f 20 19 4943
f 4793 4795 4797
f 4795 4971 4804
f 4805 4838 4829
f 4829 4959 4827
f 4829 4838 4959
f 4824 4827 4818
f 4944 254 258
f 4943 4944 258
f 4793 4932 4795
f 4813 4804 4971
f 4959 4814 4827
f 4827 4814 4818
f 4944 253 254
f 4790 4793 4794
f 4971 4932 4812
f 4971 4795 4932
f 4790 4792 4793
f 4790 4809 4792
f 4932 4793 4792
f 237 236 253
f 4921 4917 4919
f 4921 4916 4917
f 4920 4798 4921
f 4809 4802 4798
f 4809 4798 4920
f 4809 4790 4802
f 1114 1444 4919
f 4809 4920 1271
f 1115 1120 1114
f 1114 1120 1444
f 1113 4575 1114
f 234 233 177
f 643 4575 1113
f 177 201 234
f 668 201 177
f 643 557 565
f 665 668 666
f 565 557 551
f 557 552 551
f 663 662 665
f 664 663 665
f 552 547 551
f 551 547 542
f 661 660 659
f 660 662 663
f 661 658 763
f 658 661 659
f 537 541 542
f 488 763 658
f 545 543 544
f 1959 545 544
f 1921 487 488
f 1921 488 657
f 1896 545 1959
f 540 545 1896
f 540 1896 1899
f 1896 1898 1899
f 1905 492 1904
f 492 1905 1908
f 1908 1906 490
f 1899 1898 2032
f 1940 2017 1902
f 1940 1902 1903
f 1903 1936 1960
f 1936 1904 497
f 497 1904 492
f 1974 1940 1903
f 3482 3385 3384
f 3482 16 3385
f 16 3338 902
f 902 3338 3335
f 3391 3460 3336
f 3460 3335 3336
f 3460 3391 3439
f 3439 3387 2098
f 2098 2134 3439
f 2134 2083 2085
f 3474 3502 23
f 3396 3424 3403
f 3394 3420 3395
f 3420 3430 3454
f 3430 3383 3385
f 3385 3383 3384
f 2084 2124 2083
f 2073 2124 2084
f 3502 4635 4612
f 23 3465 3474
f 3424 3465 3403
f 3424 3474 3465
f 4635 4617 4612
f 4612 4617 4619
f 4608 4619 4617
f 2140 2074 2072
f 2072 2074 2135
f 2072 2135 2078
f 4609 4608 4538
f 2144 2110 2078
f 2144 2078 2135
f 4541 4539 4538
f 4935 2128 2144
f 2128 2127 2144
f 3106 3161 3191
f 3106 3107 3161
f 3161 3107 3069
f 3161 3069 3066
f 3066 3069 3067
f 3194 3067 3068
f 3162 3047 3193
f 3193 4934 4935
f 4935 2127 2128
f 4539 3137 3138
f 3144 3137 4539
f 3139 3137 3144
f 3167 3152 3139
f 3140 3152 3167
f 3105 3106 3191
f 3189 3106 3105
f 4951 3068 3067
f 3068 4951 3197
f 3194 3068 3179
f 3039 3041 3040
f 3039 3040 4892
f 3039 4892 3047
f 3047 4892 4895
f 3047 4895 3193
f 4934 3193 4895
f 4934 4933 4935
f 4933 4964 2127
f 4933 2127 4935
f 3139 3142 3167
f 3140 3141 3105
f 3196 3068 3197
f 3068 3196 3179
f 3179 3196 3046
f 3046 3196 3042
f 3046 3042 3041
f 3041 3042 3045
f 3041 3045 3040
f 4896 4934 4895
f 4934 4896 4908
f 4934 4908 4933
f 4933 4908 4964
f 4736 4744 959
f 4737 4736 959
f 4738 959 4735
f 4737 959 4736
f 4736 959 4738
f 4744 4742 959
f 4742 4744 4740
f 4740 1008 4742
f 951 4679 4735
f 1008 1041 4742
f 1006 1041 1008
f 1006 1045 1041
f 1045 1006 1046
f 1047 1046 2985
f 4680 1010 4678
f 4680 1009 1010
f 4680 4678 952
f 4678 951 952
f 4678 4679 951
f 4735 960 951
f 960 4735 1048
f 957 1048 4735
f 310 1010 1009
f 310 1009 309
f 483 952 951
f 483 951 313
f 299 960 1048
f 2985 4873 1047
f 312 309 1009
f 317 483 312
f 296 960 299
f 4856 2983 948
f 2983 4856 2984
f 2983 2984 2985
f 2985 2984 4873
f 294 296 299
f 299 290 294
f 948 949 4858
f 948 4858 4856
f 286 294 290
f 284 291 286
f 288 946 286
f 946 284 286
f 946 22 949
f 946 288 22
f 949 22 4858
f 4914 4857 4858
f 4914 4858 22
f 4914 4936 4857
f 22 288 21
f 4914 4974 4936
f 22 21 298
f 300 22 298
f 4914 22 300
f 4978 4914 4913
f 4978 4974 4914
f 4911 300 302
f 4911 4975 4978
f 4808 4911 18
f 4911 302 18
f 4977 4965 4978
f 4975 4977 4978
f 4976 4977 4975
f 4808 4799 4975
f 4976 4805 4965
f 4976 4965 4977
f 4796 4808 18
f 4799 4803 4975
f 4975 4803 4976
f 4803 4805 4976
f 4797 4799 4808
f 4803 4804 4805
f 4955 933 4968
f 4799 4795 4803
f 4803 4795 4804
f 4822 4883 4820
f 4821 4823 4883
f 4821 4883 4822
f 4942 4955 4823
f 4955 4942 933
f 4818 4825 4824
f 4836 4822 4825
f 4823 4821 4942
f 933 214 4944
f 4889 4838 4813
f 4959 4838 4889
f 4817 4818 4814
f 4825 4818 4836
f 253 4944 214
f 4813 4971 4812
f 4889 4813 4816
f 4814 4959 4817
f 4817 4819 4818
f 214 252 253
f 237 253 252
f 4792 4810 4932
f 4812 4932 4810
f 4812 4815 4813
f 4816 4813 4815
f 1271 4811 4809
f 4809 4810 4792
f 1273 4921 4919
f 1273 4919 1444
f 1270 4920 4921
f 1271 4920 1270
f 1454 1272 1271
f 1272 4811 1271
f 4809 4811 4810
f 252 251 237
f 1120 1116 1444
f 1273 1270 4921
f 178 235 251
f 235 178 233
f 622 1114 4575
f 622 1115 1114
f 178 177 233
f 643 622 4575
f 180 191 177
f 177 191 668
f 565 622 643
f 666 668 191
f 664 665 666
f 551 542 550
f 659 660 3868
f 660 663 664
f 541 550 542
f 657 658 659
f 550 541 537
f 657 488 658
f 536 537 543
f 545 536 543
f 534 536 545
f 534 545 535
f 490 1921 489
f 1921 657 489
f 489 657 502
f 540 535 545
f 491 492 1908
f 1908 494 491
f 494 1908 495
f 1908 496 495
f 1908 490 496
f 496 490 493
f 493 490 489
f 1900 540 1899
f 1900 1899 2032
f 1900 2032 1901
f 1974 2017 1940
f 1936 1973 1960
f 1960 1973 1903
f 1936 498 1973
f 1936 497 498
f 492 491 494
f 1901 2017 1975
f 1980 1975 2017
f 1980 2017 1974
f 1973 1974 1903
f 3390 3336 3337
f 3439 3388 3387
f 3391 3388 3439
f 3384 3383 3399
f 3384 3380 3482
f 3482 3380 3444
f 3482 3444 16
f 16 3444 3338
f 3338 3444 3337
f 3338 3337 3335
f 3335 3337 3336
f 2077 2076 2098
f 2076 2134 2098
f 2076 2083 2134
f 2076 2084 2083
f 3406 3502 3539
f 3406 23 3502
f 3403 3402 3396
f 3383 3430 3399
f 3430 3394 3399
f 3430 3420 3394
f 2076 2075 2084
f 4612 3539 3502
f 3465 23 3464
f 3465 3464 3403
f 2075 2073 2084
f 2072 2073 2075
f 2140 2072 2075
f 4611 4612 4619
f 4608 4611 4619
f 4608 4610 4611
f 2074 2140 2135
f 2140 2099 2135
f 4609 4610 4608
f 2099 2100 2135
f 2100 2144 2135
f 3165 2144 2100
f 4621 4538 4539
f 4609 4538 4621
f 4539 4537 4621
f 3160 3161 3066
f 3066 3067 3194
f 3177 3066 3194
f 3047 3162 3038
f 3193 3175 3162
f 3175 3193 2144
f 3193 4935 2144
f 3096 4537 4539
f 3096 4539 3138
f 3191 3111 3105
f 3111 3191 3161
f 3161 3160 3111
f 3046 3177 3194
f 3043 3041 3044
f 3043 3046 3041
f 3044 3041 3039
f 3044 3039 3037
f 3037 3039 3047
f 3037 3047 3038
f 3168 3138 3137
f 3168 3137 3139
f 3158 3139 3152
f 3158 3168 3139
f 3104 3140 3105
f 3104 3152 3140
f 3104 3105 3111
f 3179 3046 3194
f 4734 4679 4741
f 4679 4751 4735
f 4734 4751 4679
f 4735 4751 4738
f 4744 4743 4740
f 4740 1005 1008
f 4679 4678 4681
f 1005 1006 1008
f 1006 966 1046
f 2985 1046 966
f 309 4678 1010
f 309 4681 4678
f 960 313 951
f 309 1010 310
f 313 312 483
f 296 313 960
f 2985 2977 2983
f 307 306 309
f 312 307 309
f 307 312 313
f 2982 2981 948
f 948 2983 2986
f 294 303 296
f 948 2981 949
f 294 286 291
f 2981 284 946
f 2981 946 949
f 4913 4914 300
f 4913 300 4912
f 4912 4911 4978
f 4912 4978 4913
f 4911 4912 300
f 4911 4808 4975
f 4837 4821 4822
f 936 4821 1385
f 4942 4821 936
f 4942 936 933
f 933 936 935
f 935 214 933
f 4835 4836 4818
f 4836 4837 4822
f 4837 1382 4821
f 4821 1382 1385
f 4816 4939 4889
f 4819 4817 4959
f 4819 4835 4818
f 4835 1378 4836
f 4836 1378 1379
f 252 214 216
f 4959 4889 4939
f 4959 1377 4819
f 4810 4957 4812
f 4815 4812 4957
f 4939 4816 1434
f 1438 4810 4811
f 1438 4957 4810
f 4957 1438 4815
f 1444 1263 1273
f 1116 1263 1444
f 1263 1270 1273
f 1271 1270 1468
f 1254 1454 1271
f 4811 1272 1439
f 4811 1439 1438
f 193 178 251
f 1120 1115 1116
f 1116 1115 1117
f 1271 1468 1254
f 178 193 176
f 176 177 178
f 172 180 177
f 565 590 622
f 191 198 666
f 180 198 191
f 590 565 551
f 590 551 568
f 3863 664 666
f 198 3863 666
f 549 551 550
f 568 551 549
f 3868 660 664
f 3863 3868 664
f 550 539 549
f 4094 657 659
f 4094 659 3868
f 529 539 550
f 529 550 537
f 4002 4003 657
f 4094 4002 657
f 534 529 537
f 534 537 536
f 502 657 4003
f 502 4003 4002
f 493 489 502
f 548 540 1900
f 1982 1900 1901
f 1982 1901 1975
f 1975 1980 1974
f 507 1973 498
f 499 497 492
f 498 497 499
f 3380 3382 3444
f 3381 3382 3380
f 3382 3334 3444
f 3444 3334 3337
f 3334 3452 3337
f 3336 3397 3391
f 3390 3397 3336
f 3388 3391 3397
f 3386 3387 3388
f 3387 2079 2098
f 3386 2079 3387
f 2098 2079 2077
f 3384 3399 3380
f 3461 3406 3539
f 23 3417 3464
f 3406 3417 23
f 3400 3395 3401
f 3395 3402 3401
f 3395 3396 3402
f 3395 3400 3394
f 3394 3400 3399
f 4611 3462 4612
f 3539 4612 3461
f 3461 4612 3462
f 2077 2140 2075
f 3165 2100 2099
f 4621 4537 4609
f 3035 3033 3032
f 3163 3187 3036
f 3166 3164 3162
f 3164 3187 3162
f 3166 2144 3165
f 3160 3149 3151
f 3160 3101 3149
f 3070 3101 3160
f 3066 3070 3160
f 3066 3031 3071
f 3031 3066 3177
f 3031 3177 3046
f 3031 3046 3032
f 3032 3046 3043
f 3032 3043 3044
f 3032 3044 3035
f 3035 3044 3037
f 3035 3037 3036
f 3036 3037 3038
f 3036 3038 3162
f 3036 3162 3163
f 3163 3162 3187
f 3175 3166 3162
f 3166 3175 2144
f 3097 4537 3096
f 3168 3095 3096
f 3168 3171 3095
f 3111 3151 3149
f 3150 3111 3149
f 3151 3111 3160
f 3168 3096 3138
f 3171 3168 3158
f 3102 3158 3152
f 3102 3152 3103
f 3103 3152 3104
f 3103 3104 3111
f 4754 4738 4751
f 4738 4754 4736
f 4736 1007 4744
f 4754 1007 4736
f 4682 4741 4679
f 4751 4734 4741
f 4740 983 1005
f 4743 983 4740
f 4679 4681 4682
f 966 1006 1005
f 309 4676 4681
f 980 2985 966
f 2977 2985 980
f 306 4675 309
f 4675 4676 309
f 313 4675 306
f 307 313 306
f 313 296 303
f 2981 3001 947
f 2986 2982 948
f 2986 2981 2982
f 2986 2983 2977
f 295 303 294
f 947 293 2981
f 294 284 295
f 294 291 284
f 293 284 2981
f 936 1385 937
f 936 937 935
f 214 937 216
f 935 937 214
f 1378 4835 4819
f 4836 1379 4837
f 4837 1379 1382
f 215 216 937
f 4939 1377 4959
f 1377 1378 4819
f 252 216 215
f 1435 4939 1434
f 1435 1377 4939
f 1377 1368 1378
f 215 251 252
f 1437 4815 1438
f 1436 4815 1437
f 1374 4816 4815
f 1374 4815 1436
f 1374 1435 4816
f 4816 1435 1434
f 1377 1435 1391
f 1262 1263 1116
f 1270 1263 1262
f 1454 1448 1272
f 1439 1272 1448
f 1438 1439 1437
f 1115 1118 1117
f 1117 1118 1116
f 1118 1121 1116
f 1116 1121 1262
f 1262 1257 1270
f 1270 1257 1259
f 1270 1259 1468
f 1259 1254 1468
f 1439 1448 1453
f 1439 1453 1437
f 1115 4576 1118
f 622 4576 1115
f 175 177 176
f 175 172 177
f 622 4577 4576
f 180 172 174
f 590 4577 622
f 174 198 180
f 198 3865 3863
f 568 549 590
f 3863 4094 3868
f 3863 3865 4094
f 529 534 530
f 502 517 4004
f 502 4002 517
f 535 530 534
f 493 502 4004
f 532 531 535
f 532 535 540
f 548 532 540
f 494 24 492
f 492 24 499
f 494 495 496
f 2012 548 1900
f 27 1900 1982
f 27 2012 1900
f 27 1975 1999
f 27 1982 1975
f 1974 1981 1975
f 1974 1973 1981
f 498 499 503
f 1981 1973 507
f 501 507 498
f 3475 3334 3333
f 3334 3475 3452
f 3475 3389 3337
f 3452 3475 3337
f 3397 3386 3388
f 3492 3399 3467
f 3334 3381 3332
f 3334 3382 3381
f 3334 3332 3333
f 3389 3390 3337
f 3390 3389 3449
f 3390 3449 3397
f 2079 3386 2082
f 2077 2079 2080
f 3399 3401 3467
f 3399 3400 3401
f 3399 3492 3380
f 2075 2076 2077
f 3417 3405 3464
f 3464 3405 3404
f 3464 3404 3403
f 2101 2140 2096
f 2101 2099 2140
f 4609 4536 4610
f 4609 4622 4536
f 3187 3164 3049
f 2099 3185 3165
f 4537 4622 4609
f 3033 3031 3032
f 3033 3071 3031
f 3036 3033 3035
f 3185 3166 3165
f 3097 4622 4537
f 3030 3101 3070
f 3030 3070 3066
f 3030 3066 3029
f 3029 3066 3071
f 3095 3097 3096
f 3171 3158 3102
f 3102 3103 25
f 3103 3111 3150
f 3103 3150 3149
f 4741 4683 4751
f 4673 4683 4741
f 4683 4754 4751
f 1007 4754 4685
f 4685 4743 4744
f 4685 4744 1007
f 1001 1000 4743
f 1001 4743 4685
f 4673 4741 4682
f 983 4743 1000
f 983 966 1005
f 983 982 966
f 966 982 980
f 2971 972 974
f 2969 972 2971
f 4677 4682 4681
f 4676 4677 4681
f 972 28 2973
f 2974 972 2973
f 980 972 2974
f 28 972 2969
f 4676 4675 4677
f 2974 2977 980
f 4675 4674 4677
f 304 4675 313
f 313 303 304
f 2979 3001 2981
f 2980 2981 2986
f 2980 2979 2981
f 2986 2977 2975
f 2989 303 295
f 308 2989 295
f 3001 293 947
f 292 314 284
f 284 314 295
f 314 308 295
f 285 284 293
f 284 293 292
f 285 293 284
f 1385 938 937
f 1382 938 1385
f 937 938 932
f 1387 1379 1378
f 1379 1387 1380
f 1382 1379 1381
f 932 215 937
f 215 934 250
f 1391 1371 1377
f 1377 1371 1369
f 1368 1377 1369
f 1378 1368 1387
f 251 215 250
f 1435 1374 1373
f 1391 1435 1373
f 1371 1391 1369
f 250 193 251
f 1268 1437 1269
f 1436 1437 1268
f 1374 1436 1392
f 1121 1257 1262
f 1254 1259 1258
f 1448 1454 1254
f 1453 1269 1437
f 1436 1266 1392
f 238 190 176
f 176 193 238
f 1118 4576 1121
f 1121 4576 4577
f 1254 1258 1265
f 1265 1261 1254
f 1254 1261 1448
f 1448 1251 1453
f 190 175 176
f 590 4578 4577
f 590 640 4578
f 26 189 174
f 189 198 174
f 3865 198 189
f 546 590 549
f 4094 3865 3864
f 546 549 539
f 4002 4094 3864
f 4002 3864 4001
f 529 527 539
f 527 546 539
f 517 4002 4001
f 530 527 529
f 535 527 530
f 535 531 527
f 493 4004 4084
f 532 548 2012
f 500 24 494
f 494 496 505
f 496 493 4084
f 2013 2012 27
f 504 503 499
f 499 24 500
f 504 499 500
f 504 500 494
f 2018 2013 27
f 2018 27 1979
f 1999 1979 27
f 513 1975 1981
f 513 1999 1975
f 2000 513 1981
f 2000 1981 507
f 514 2000 507
f 503 501 498
f 507 501 503
f 3331 3332 3360
f 3449 3345 3397
f 3389 3345 3449
f 3397 2082 3386
f 3492 3379 3380
f 3381 3380 3379
f 3381 3360 3332
f 2082 2081 2079
f 2081 2080 2079
f 3408 3417 3406
f 3415 3417 3408
f 3417 3416 3405
f 3415 3416 3417
f 3405 3459 3404
f 3401 3402 3459
f 2087 2077 2080
f 4613 3462 4611
f 3462 3407 3461
f 4613 3407 3462
f 3406 3407 3408
f 3406 3461 3407
f 3459 3403 3404
f 3403 3459 3402
f 2087 2096 2077
f 2140 2077 2096
f 4618 4613 4611
f 4536 4620 4611
f 4611 4610 4536
f 3185 2099 2101
f 3051 3049 3164
f 3051 3164 3166
f 3051 3185 3053
f 3166 3185 3051
f 3030 3028 3114
f 3029 3028 3030
f 3029 3071 3192
f 3192 3071 3033
f 3192 3033 3155
f 3155 3033 3034
f 3034 3033 3036
f 3034 3036 3153
f 3153 3036 3187
f 3153 3187 3048
f 3048 3187 3049
f 3097 4634 4622
f 3093 4634 3097
f 3097 3159 3093
f 3101 3103 3149
f 3114 3101 3030
f 3181 3159 3097
f 3095 3181 3097
f 3094 3181 3095
f 3094 3171 3092
f 3095 3171 3094
f 3171 3102 3098
f 3098 3102 25
f 4684 4733 4754
f 4754 1002 4685
f 4733 1002 4754
f 979 976 985
f 981 978 977
f 4684 4754 4683
f 1002 1001 4685
f 1001 1004 1000
f 983 1004 982
f 1004 996 982
f 973 984 991
f 973 991 972
f 972 991 974
f 974 991 985
f 985 2971 974
f 2971 985 976
f 2373 976 977
f 2375 977 978
f 2370 977 2375
f 2375 978 975
f 4677 4673 4682
f 4673 4739 4683
f 4683 4739 4756
f 1004 983 1000
f 982 996 980
f 980 996 972
f 972 996 984
f 972 984 973
f 2971 976 2373
f 2373 977 2370
f 4677 4672 4673
f 2968 2969 2971
f 2976 2977 2974
f 28 2974 2973
f 4675 305 4674
f 4674 305 4677
f 305 4671 4677
f 4677 4671 4672
f 2975 2977 2976
f 304 305 4675
f 304 2989 305
f 2986 2975 2980
f 303 2989 304
f 2989 308 3002
f 314 3002 308
f 314 293 3001
f 314 3001 2988
f 293 314 292
f 1381 1383 1382
f 938 1382 1383
f 1380 1386 1379
f 1381 1379 1386
f 932 938 931
f 932 931 215
f 1365 1387 1367
f 1387 1365 1366
f 1386 1387 1366
f 1380 1387 1386
f 1381 1386 1383
f 934 215 931
f 1368 1367 1387
f 1391 1370 1369
f 1369 1370 1368
f 1368 1370 1372
f 249 193 250
f 1392 1375 1374
f 1374 1375 1373
f 1373 1375 1391
f 1391 1375 1465
f 1391 1465 1370
f 1257 1121 1264
f 1257 1258 1259
f 1268 1266 1436
f 193 190 238
f 248 190 193
f 1121 4577 1275
f 1275 4577 1119
f 1257 1264 1258
f 1258 1261 1265
f 1453 1251 1269
f 4577 4579 1119
f 4578 4579 4577
f 26 174 172
f 590 617 640
f 189 3858 3865
f 189 26 3858
f 546 617 590
f 3999 4001 3864
f 3999 3864 3865
f 521 558 546
f 521 546 527
f 4001 29 517
f 522 527 528
f 4004 517 29
f 4004 29 4084
f 533 528 527
f 533 527 531
f 533 531 532
f 2012 533 532
f 538 533 2012
f 538 2012 2013
f 504 494 505
f 2018 538 2013
f 1976 2018 1979
f 514 513 2000
f 514 507 503
f 503 506 514
f 3361 3381 3379
f 3330 3381 3361
f 3381 3330 3360
f 3332 3339 3333
f 3331 3339 3332
f 3333 3339 3475
f 3339 3374 3475
f 3374 3359 3475
f 3345 3389 3357
f 3389 3359 3357
f 3389 3475 3359
f 3397 3345 3344
f 2082 3397 3344
f 2467 2081 2082
f 3379 3492 3361
f 2087 2080 2081
f 3416 3459 3405
f 3467 3459 3418
f 3467 3401 3459
f 3408 3407 3409
f 3407 4613 3409
f 2087 2093 2096
f 4616 4613 4614
f 4613 4618 4614
f 4616 4614 4611
f 4629 4616 4611
f 4611 4614 4618
f 2096 2093 2101
f 4620 4629 4611
f 2093 3053 3185
f 2093 3185 2101
f 3048 3202 3153
f 3153 3202 3156
f 3048 3050 3202
f 4535 4620 4536
f 4536 4634 4535
f 4536 4622 4634
f 3155 3169 3192
f 3154 3155 3034
f 3154 3034 3153
f 3050 3048 3049
f 3052 3051 3053
f 3028 3029 3172
f 3172 3029 3169
f 3169 3029 3192
f 3178 3113 4634
f 3178 4634 3093
f 3181 3094 3093
f 3099 3092 3171
f 3099 3171 3098
f 3101 25 3103
f 3112 3101 3114
f 3181 3093 3159
f 4753 1001 4746
f 1001 4753 1004
f 1004 4753 4749
f 991 984 4720
f 991 998 985
f 985 998 4700
f 985 4700 979
f 979 4699 976
f 976 4699 977
f 977 4699 994
f 977 994 981
f 978 990 975
f 2375 986 987
f 990 986 2375
f 987 2376 2375
f 4683 4733 4684
f 4746 1001 1002
f 1004 1003 996
f 4749 1003 1004
f 984 1003 4720
f 984 996 1003
f 990 2375 975
f 2387 2375 2376
f 2373 2378 2971
f 2389 2370 2375
f 2968 31 2969
f 2968 2971 2378
f 4673 4670 4739
f 4672 4670 4673
f 2974 28 2976
f 28 2987 2976
f 28 1033 2987
f 31 1033 28
f 28 2969 31
f 305 4672 4671
f 305 4670 4672
f 2975 2978 2980
f 2978 2975 2976
f 2978 2976 2987
f 2990 2988 3001
f 2991 2990 3001
f 2979 2991 3001
f 2980 2978 2979
f 314 2990 3002
f 2990 314 2988
f 1383 1386 1388
f 1383 1388 1384
f 938 934 931
f 1365 1386 1366
f 1365 1367 1386
f 1386 1390 1388
f 934 217 250
f 249 250 217
f 1368 1372 1367
f 1376 1375 1392
f 1370 1465 1372
f 1372 1465 1375
f 249 248 193
f 1260 1121 1275
f 1260 1264 1121
f 1269 1267 1268
f 1429 1266 1268
f 1392 1266 1376
f 1275 1119 1260
f 1260 1119 1264
f 1119 1244 1264
f 1258 1264 1261
f 1264 1255 1261
f 1261 1255 1448
f 1448 1255 1251
f 1255 1269 1251
f 1269 1237 1267
f 1267 1237 1268
f 1268 1237 1236
f 1268 1236 1429
f 190 172 175
f 4579 1122 1119
f 179 26 172
f 26 179 173
f 26 199 3858
f 173 199 26
f 546 558 617
f 3865 3858 199
f 4000 29 4001
f 4000 4001 3999
f 521 527 522
f 4084 29 4000
f 4064 4084 4000
f 533 522 528
f 518 522 533
f 518 533 525
f 4005 505 4084
f 4084 505 496
f 525 533 524
f 505 510 504
f 523 524 533
f 523 533 538
f 523 538 2018
f 509 503 504
f 509 506 503
f 510 509 504
f 574 2018 1976
f 2002 1976 1979
f 1979 1978 2002
f 513 3750 1999
f 1999 3750 1979
f 514 512 513
f 508 514 506
f 3339 3331 3327
f 3357 3356 3345
f 3345 3356 3344
f 3331 3330 3327
f 3331 3360 3330
f 3359 3374 3357
f 3356 2082 3344
f 2467 2082 3356
f 2087 2081 2467
f 2087 2467 2091
f 3467 3418 3378
f 3364 3467 3378
f 3364 3492 3467
f 3361 3492 3486
f 3408 3414 3415
f 3415 3414 3416
f 3459 3416 3378
f 3459 3378 3418
f 2086 2087 2091
f 4615 3411 4613
f 4613 3411 3409
f 2087 2092 2093
f 4613 4616 4615
f 3054 3053 2093
f 3153 3156 30
f 3156 3180 30
f 3180 3156 3202
f 3050 3180 3202
f 3201 3050 3049
f 3201 3049 3051
f 3052 3201 3051
f 3052 3053 3055
f 4535 4634 4620
f 3025 3190 3028
f 3027 3028 3172
f 3027 3025 3028
f 3172 3169 3155
f 3072 3172 3155
f 3072 3154 30
f 3155 3154 3072
f 30 3154 3153
f 3113 4620 4634
f 3112 3114 3100
f 3114 3115 3100
f 3190 3114 3028
f 3190 3115 3114
f 3113 3178 3093
f 3092 3093 3094
f 25 3100 3080
f 3099 25 3080
f 3098 25 3099
f 3100 25 3101
f 3100 3101 3112
f 989 987 992
f 768 988 993
f 955 988 768
f 998 4701 4700
f 4700 4701 979
f 979 4701 4699
f 4701 994 4699
f 981 994 978
f 978 994 992
f 978 992 990
f 990 992 986
f 986 992 987
f 987 988 2399
f 988 34 2399
f 34 988 955
f 1002 4733 4750
f 4750 4686 1002
f 1002 4686 4746
f 991 4720 998
f 2376 987 2399
f 4683 4729 4733
f 4749 4753 1003
f 1003 4753 4720
f 2375 2398 2389
f 2375 2387 2398
f 4731 4756 4739
f 4729 4683 4756
f 4731 4729 4756
f 2378 2373 2370
f 2370 2389 2398
f 4669 4739 4670
f 4731 4739 4669
f 4731 4669 4729
f 2347 2968 2972
f 31 2968 2347
f 2972 2968 2378
f 1033 31 2970
f 1029 1030 3000
f 2978 1032 1029
f 2978 2987 1033
f 2978 1033 1032
f 2989 4670 305
f 2989 32 4670
f 3002 32 2989
f 2997 3002 2990
f 2997 32 3002
f 2990 2992 2994
f 2997 2990 2994
f 2992 2990 2991
f 2992 2991 3000
f 3000 2991 2979
f 3000 2979 1029
f 1029 2979 2978
f 1384 938 1383
f 938 1384 934
f 1386 1367 1364
f 1364 1390 1386
f 1372 1363 1367
f 1367 1363 1362
f 1367 1362 1364
f 1375 1449 1372
f 1396 1376 1266
f 1376 1397 1375
f 1119 1122 1458
f 1458 1244 1119
f 1256 1264 1244
f 1255 1264 1256
f 1255 1238 1269
f 1464 1238 1255
f 1238 1237 1269
f 172 190 171
f 4579 1123 1122
f 1256 1241 1255
f 1255 1239 1464
f 171 179 172
f 4578 1123 4579
f 640 617 4578
f 200 199 173
f 558 649 617
f 199 200 3865
f 649 558 569
f 3999 3865 200
f 558 566 569
f 4000 3999 4064
f 518 566 558
f 518 558 521
f 518 521 522
f 510 505 4005
f 524 518 525
f 523 2018 573
f 508 506 4009
f 506 509 4009
f 572 573 2018
f 572 2018 574
f 1976 2002 574
f 508 516 514
f 1977 574 2002
f 4070 1978 1979
f 3749 1979 3750
f 3749 4070 1979
f 513 512 511
f 511 512 514
f 3327 3366 3339
f 3339 3343 3374
f 3366 3343 3339
f 3343 3357 3374
f 3357 3340 3356
f 3340 2465 3356
f 2465 2464 3356
f 3330 3328 3327
f 2464 2467 3356
f 3375 3378 3376
f 3375 3364 3378
f 3486 3492 3363
f 3363 3492 3364
f 2467 2086 2091
f 3411 3410 3409
f 3409 3412 3408
f 3412 3414 3408
f 3378 3416 3376
f 3416 3414 3376
f 2087 2094 2092
f 4524 4615 4616
f 2094 2093 2092
f 3054 2093 2094
f 4629 4524 4616
f 3054 3055 3053
f 30 3180 3072
f 3180 3023 3072
f 3201 3180 3050
f 3201 3062 3180
f 3201 3052 3056
f 3056 3052 3055
f 3072 3027 3172
f 3113 4534 4620
f 3115 3080 3100
f 3190 3025 3115
f 3085 3182 3113
f 3084 3085 3113
f 3186 3113 3093
f 3186 3084 3113
f 3116 3093 3092
f 3116 3186 3093
f 3119 3092 3099
f 3119 3116 3092
f 3119 3099 3080
f 993 997 995
f 768 767 764
f 993 767 768
f 4713 999 4698
f 999 4713 994
f 994 4712 992
f 4713 4712 994
f 4710 992 4711
f 992 4712 4711
f 992 4710 989
f 989 4710 987
f 987 4710 995
f 987 995 988
f 988 995 997
f 997 993 988
f 764 33 955
f 764 955 768
f 998 4695 4701
f 4698 4701 4697
f 4701 4698 994
f 994 4698 999
f 2399 34 2392
f 955 33 34
f 4746 4688 4753
f 4688 4720 4753
f 998 4720 4695
f 2377 2387 2376
f 2376 2399 2377
f 4732 4733 4729
f 2374 2972 2378
f 2372 2374 2378
f 2371 2372 2378
f 2369 2378 2370
f 2370 2398 2384
f 2370 2384 2369
f 4669 4732 4729
f 4730 4732 4669
f 2347 2970 31
f 2347 1034 2970
f 2348 2347 2972
f 4670 4668 4669
f 4668 4730 4669
f 1030 1032 1035
f 1035 1032 1031
f 1035 1033 1036
f 1035 1031 1033
f 1036 1033 1034
f 1034 1033 2970
f 32 4668 4670
f 2993 2992 3000
f 2993 2994 2992
f 3000 1030 2993
f 1030 1029 1032
f 1031 1032 1033
f 32 2999 4668
f 2997 2999 32
f 1390 1389 1388
f 1384 1388 1389
f 1384 939 934
f 1389 939 1384
f 217 934 939
f 1390 1364 1440
f 939 218 217
f 217 218 249
f 1449 1456 1372
f 1363 1372 1456
f 1364 1362 1440
f 218 247 249
f 249 247 248
f 1363 1456 1362
f 1376 1396 1397
f 1397 1319 1375
f 1375 1319 1449
f 171 190 248
f 1458 1245 1244
f 1238 1235 1237
f 1266 1429 1396
f 1429 1395 1396
f 1429 1236 1395
f 1122 1123 1458
f 1123 1246 1458
f 1458 1246 1245
f 1245 1242 1244
f 1244 1242 1256
f 1242 1241 1256
f 1241 1239 1255
f 187 179 171
f 4578 1248 1123
f 617 4580 4578
f 181 197 173
f 173 179 243
f 173 243 181
f 617 649 4580
f 197 200 173
f 37 582 649
f 649 569 37
f 37 569 35
f 3834 3835 3999
f 3999 3835 4064
f 3999 200 3834
f 566 35 569
f 4084 4006 4005
f 4084 4064 4006
f 577 566 518
f 4005 4007 510
f 4005 4006 4007
f 519 577 518
f 519 518 524
f 510 4007 509
f 523 519 524
f 573 572 523
f 509 4008 4009
f 3736 572 574
f 1977 3736 574
f 516 511 514
f 515 516 508
f 508 4009 515
f 3732 3736 1977
f 3732 1977 2002
f 4070 2002 1978
f 4070 3732 2002
f 4146 3750 513
f 4146 3749 3750
f 3751 513 511
f 3751 4146 513
f 3329 3327 3328
f 3327 3343 3366
f 3343 3340 3357
f 3340 2464 2465
f 3363 3362 3486
f 3486 3362 3361
f 3361 3362 3330
f 3328 3330 3329
f 3329 3330 3362
f 2468 2467 2464
f 3376 3364 3375
f 2468 2088 2467
f 2467 2088 2086
f 3488 3411 4615
f 3412 3410 3260
f 3412 3409 3410
f 3414 3377 3376
f 2088 2087 2086
f 2094 2087 2088
f 2090 3056 3055
f 2090 3055 3054
f 3195 3062 3201
f 3195 3201 3056
f 4534 4629 4620
f 3022 3023 3180
f 3157 3022 3180
f 3063 3180 3062
f 3063 3157 3180
f 3025 3027 3072
f 3025 3072 3024
f 3024 3072 3023
f 3182 4534 3113
f 3115 3025 3026
f 39 3116 3119
f 4710 4709 995
f 4711 4709 4710
f 993 4709 765
f 993 995 4709
f 993 765 767
f 765 1015 766
f 764 765 766
f 765 764 767
f 4697 4702 4698
f 4713 4698 4715
f 4712 4713 4711
f 33 2392 34
f 33 2393 2392
f 764 766 33
f 4697 4695 4696
f 4695 4697 4701
f 2399 2393 2366
f 2399 2392 2393
f 4724 4750 4725
f 4724 4687 4750
f 4750 4687 4686
f 4686 4687 4746
f 4746 4687 4688
f 4695 4720 4689
f 4689 4720 4688
f 2397 2387 2366
f 2387 2377 2366
f 2366 2377 2399
f 4733 4732 4725
f 4733 4725 4750
f 2384 2398 2397
f 2397 2398 2387
f 2351 1035 1036
f 2350 2390 1034
f 2390 1036 1034
f 2390 2351 1036
f 2972 2374 2348
f 2374 2372 2371
f 2394 2371 2378
f 2369 2394 2378
f 4732 4730 4667
f 2347 2350 1034
f 4730 4668 4667
f 2391 2341 1030
f 1030 1035 2352
f 1030 2352 2391
f 2996 4668 2997
f 4668 2999 2997
f 4668 2996 4666
f 2996 2997 2994
f 2993 1030 2341
f 2993 2341 2994
f 1390 1442 1389
f 1440 1442 1390
f 1389 1442 939
f 1442 218 939
f 1440 1362 1324
f 1456 1323 1362
f 246 248 247
f 1319 1393 1449
f 246 171 248
f 1464 1253 1466
f 1238 1464 1466
f 1235 1236 1237
f 1396 1395 1397
f 187 171 195
f 1464 1239 1253
f 195 179 187
f 243 179 195
f 4578 1250 1248
f 4578 1274 1250
f 4580 1274 4578
f 582 583 649
f 197 3833 200
f 582 37 36
f 583 582 36
f 35 36 37
f 3834 200 3833
f 584 583 36
f 36 35 584
f 35 581 584
f 35 566 581
f 4063 4006 4064
f 4064 3835 3834
f 4064 3834 4063
f 4007 4006 4104
f 509 4007 4008
f 520 519 523
f 523 572 520
f 4009 3935 515
f 4009 4008 3941
f 571 520 572
f 571 572 3736
f 511 516 3728
f 3733 571 3736
f 3737 4070 3749
f 3329 3326 3327
f 3326 3365 3327
f 3327 3342 3343
f 3365 3342 3327
f 3476 3340 3342
f 3340 3343 3342
f 3340 3476 38
f 3346 3340 38
f 3346 3341 3340
f 3340 2468 2464
f 3341 2468 3340
f 3326 3362 3507
f 3362 3326 3329
f 3260 3413 3412
f 3260 3377 3413
f 3255 3377 3260
f 3376 3448 3364
f 3261 3411 3483
f 3411 3488 3483
f 3411 3261 3410
f 3410 3261 3260
f 3413 3414 3412
f 3414 3413 3377
f 4524 4523 4615
f 3488 4615 4523
f 2095 3054 2094
f 2095 3056 2090
f 2095 2090 3054
f 4629 4628 4524
f 3195 3063 3062
f 3057 3195 3056
f 4534 4518 4629
f 4518 4534 4623
f 3026 3173 3073
f 3025 3024 3023
f 3182 4623 4534
f 3133 3119 3080
f 3081 3080 3115
f 3081 3133 3080
f 3081 3115 3073
f 3073 3115 3026
f 3091 3090 3182
f 3091 3182 3085
f 3084 3186 3116
f 39 3119 3082
f 765 1013 1015
f 1015 1013 1014
f 4715 4711 4713
f 4708 4711 4707
f 4711 4708 4709
f 4709 4708 1013
f 4709 1013 765
f 2401 33 1014
f 33 766 1014
f 1014 766 1015
f 4695 4694 4696
f 4696 4694 4697
f 4697 4694 4702
f 4702 4714 4698
f 4698 4714 4715
f 2393 33 2400
f 4689 4693 4695
f 2365 2397 2366
f 2365 2366 2393
f 2393 2400 2365
f 4727 4725 4726
f 4727 4724 4725
f 4724 4722 4687
f 4688 4687 4721
f 2397 2367 2368
f 4726 4725 4732
f 1079 4726 4732
f 1094 1093 2374
f 2374 2371 1094
f 2369 2384 2368
f 2368 2384 2397
f 1079 4732 4667
f 2352 1035 2351
f 40 2348 1093
f 2348 2374 1093
f 1094 2371 2394
f 2394 2369 1094
f 2352 2331 2338
f 2351 2331 2352
f 2390 2350 2347
f 2347 2348 40
f 2390 2347 40
f 4668 2998 4667
f 4666 2998 4668
f 2341 2391 2338
f 2338 2391 2352
f 2996 2995 4666
f 2995 2996 2994
f 2995 2994 2341
f 1440 1324 1450
f 1440 1450 1442
f 1323 1322 1362
f 1362 1322 1324
f 219 223 218
f 218 223 247
f 1321 1449 1393
f 1449 1321 1456
f 1321 1323 1456
f 223 246 247
f 171 246 243
f 1238 1466 1215
f 1214 1238 1215
f 1235 1238 1214
f 1397 1395 1319
f 1319 1395 1394
f 243 195 171
f 1248 1250 1252
f 1123 1247 1246
f 1248 1247 1123
f 1245 1243 1242
f 1246 1243 1245
f 1242 1239 1241
f 1466 1253 1215
f 181 243 184
f 649 583 4580
f 184 197 181
f 197 196 3833
f 581 583 584
f 4063 3834 3833
f 588 581 566
f 588 566 577
f 4104 4006 4063
f 3947 3930 4007
f 4007 4104 4063
f 4007 4063 3947
f 520 577 519
f 4008 4007 3930
f 3941 3935 4009
f 526 520 571
f 515 3935 516
f 3734 571 3733
f 3715 3732 4070
f 3717 3715 4070
f 4146 3737 3749
f 3751 511 3728
f 3751 3728 4146
f 38 3476 3346
f 3368 3507 3362
f 3507 3368 3326
f 3368 3325 3326
f 3325 3349 3326
f 3349 3365 3326
f 3365 3358 3342
f 3476 3342 3358
f 3341 2466 2468
f 3346 2466 3341
f 3262 3364 3258
f 3262 3363 3364
f 3362 3363 3263
f 2088 2468 2466
f 3261 3253 3260
f 3483 3253 3261
f 3255 3257 3377
f 3377 3448 3376
f 3257 3448 3377
f 3448 3258 3364
f 2466 2095 2088
f 3488 4523 3483
f 2095 2094 2088
f 4628 4523 4524
f 4522 4523 4628
f 2131 3056 2095
f 4632 4628 4519
f 3057 3056 2131
f 4519 4628 4518
f 4629 4518 4628
f 3061 3064 3195
f 3195 3064 3063
f 3065 3061 3195
f 3065 3195 3057
f 3017 3184 3023
f 3017 3023 3022
f 3063 3064 3157
f 4624 4518 4623
f 42 4518 4624
f 3184 3173 3026
f 3184 3026 3025
f 3025 3023 3184
f 3090 4624 3182
f 4624 4623 3182
f 3082 3075 3076
f 3075 3082 3119
f 3079 3119 3133
f 3079 3075 3119
f 3081 3073 3133
f 3086 3090 3091
f 3083 3084 3116
f 3076 3116 39
f 3076 39 3082
f 4707 1133 4708
f 4708 1133 1013
f 1014 1013 44
f 4755 4702 4718
f 4702 4755 4714
f 4707 4711 4716
f 4711 4715 4716
f 33 2401 2395
f 2401 45 2395
f 2401 1014 44
f 2401 44 45
f 4693 4694 4695
f 4702 4703 4718
f 4702 4694 4703
f 2365 2400 2395
f 2395 2400 33
f 4690 4689 4721
f 4689 4692 4693
f 4690 4692 4689
f 2365 2367 2397
f 4727 1021 4724
f 1021 4722 4724
f 4722 4723 4687
f 4721 4687 4723
f 4721 4689 4688
f 2364 2368 2367
f 4727 1079 1012
f 4727 4726 1079
f 1093 1094 1092
f 2369 2368 2396
f 1012 1079 1011
f 40 1093 2344
f 2344 1093 1092
f 2357 1094 2396
f 2396 1094 2369
f 4667 1011 1079
f 2998 1011 4667
f 2339 2342 2338
f 2342 2340 2338
f 2342 2339 2345
f 2331 2339 2338
f 2329 2331 2351
f 2330 2351 2390
f 2330 2329 2351
f 2330 2390 2328
f 2328 2390 2344
f 2344 2390 40
f 2998 4666 2995
f 2388 2340 2342
f 2388 2998 2340
f 2340 2341 2338
f 2998 2995 2340
f 2340 2995 2341
f 1360 1450 1324
f 1442 221 218
f 1450 221 1442
f 1322 1325 1324
f 1360 1324 1325
f 1322 1323 1321
f 219 246 223
f 1455 1319 1394
f 1321 1393 1320
f 219 239 243
f 219 243 246
f 1235 1228 1236
f 1214 1228 1235
f 1236 1228 1395
f 1228 1455 1395
f 1394 1395 1455
f 1252 1249 1248
f 1248 1249 1247
f 1247 1243 1246
f 1243 1452 1242
f 1242 1428 1239
f 1452 1428 1242
f 1428 1253 1239
f 1215 1253 1214
f 1214 1253 1217
f 239 184 243
f 1250 1274 1252
f 1252 1274 1446
f 4580 1446 1274
f 184 182 183
f 183 197 184
f 188 197 183
f 196 197 188
f 583 581 588
f 3833 196 188
f 3833 188 3967
f 4080 3948 4063
f 4063 3833 4080
f 578 585 588
f 588 577 578
f 4063 3948 3947
f 576 578 577
f 577 520 576
f 570 576 520
f 520 526 570
f 4008 3934 3941
f 4008 3930 3934
f 3941 3934 3935
f 575 570 526
f 575 526 571
f 4146 3728 3727
f 516 3935 3936
f 516 3936 3728
f 3735 575 571
f 3735 571 3734
f 3717 4070 3737
f 3724 3717 3737
f 3432 3476 3358
f 3353 3476 3432
f 3476 3353 3346
f 3346 3353 2475
f 3264 3362 3263
f 3362 3369 3368
f 3264 3369 3362
f 3365 3349 3358
f 2475 2462 3346
f 3346 2463 2466
f 2462 2463 3346
f 3263 3363 3264
f 3264 3363 3262
f 4523 3491 3483
f 3450 3491 4523
f 3260 3254 3255
f 3253 3254 3260
f 3254 3257 3255
f 3258 3448 3257
f 3450 4523 4522
f 4520 4522 4628
f 4519 4520 4632
f 4628 4632 4520
f 2097 2131 2095
f 3057 2131 2097
f 4518 41 4519
f 3058 3061 3065
f 3065 3057 3058
f 41 4518 42
f 3016 3017 3022
f 3016 3022 3157
f 3157 3064 3061
f 3157 3061 3016
f 3133 3073 3173
f 4624 3090 3089
f 3118 3083 3116
f 3120 3116 3076
f 3120 3118 3116
f 3075 3133 3074
f 3079 3133 3075
f 3087 3090 3086
f 3087 3089 3090
f 3117 3091 3085
f 3117 3086 3091
f 3117 3085 3084
f 3083 3117 3084
f 4706 4707 4716
f 1133 48 1013
f 48 47 43
f 44 48 43
f 1013 48 44
f 4715 4755 4716
f 4715 4714 4755
f 49 2385 2395
f 45 43 47
f 49 45 47
f 2395 45 49
f 43 45 44
f 4692 4694 4693
f 4694 4719 4703
f 4692 4719 4694
f 2395 2367 2365
f 2395 2385 2367
f 4721 4692 4690
f 2367 2363 2364
f 4728 2336 4727
f 2336 1098 4727
f 4727 1098 1021
f 4723 4691 4721
f 2368 2364 2359
f 2364 2356 2359
f 1012 4728 4727
f 2355 2396 2359
f 2359 2396 2368
f 2998 2386 1011
f 2386 1012 1011
f 2386 2998 2337
f 2337 2342 2345
f 2333 2334 2332
f 2324 2382 2328
f 2321 2328 2344
f 2321 2324 2328
f 2325 2321 2344
f 2322 2344 1092
f 2322 2325 2344
f 2322 1094 2358
f 1092 1094 2322
f 2358 1094 2357
f 2358 2357 2355
f 2355 2357 2396
f 2998 2388 2337
f 2337 2388 2342
f 2345 2339 2331
f 2345 2331 2334
f 2334 2331 2332
f 2331 2329 2332
f 2329 2330 2328
f 1360 1441 1450
f 1441 221 1450
f 218 221 220
f 220 219 218
f 1325 1322 1333
f 1339 1321 1320
f 1321 1339 1322
f 1455 1358 1319
f 1319 1338 1393
f 1358 1338 1319
f 1393 1339 1320
f 1393 1338 1339
f 1214 1425 1228
f 1228 1425 1455
f 1243 1229 1452
f 1428 1221 1253
f 1221 1217 1253
f 241 184 239
f 185 184 241
f 1252 1446 1431
f 185 182 184
f 4580 644 1446
f 583 644 4580
f 182 188 183
f 588 620 583
f 620 588 585
f 4080 3833 3967
f 3947 3948 4080
f 3947 4080 3929
f 3930 3947 3929
f 3930 3929 3931
f 578 576 570
f 3934 3930 3931
f 3934 3931 3932
f 3747 578 570
f 3935 3934 3932
f 3935 3932 3936
f 3747 570 575
f 3728 3936 3727
f 3735 3747 575
f 3752 3734 3733
f 3752 3733 3736
f 3752 3736 3732
f 3715 3752 3732
f 3726 3737 4146
f 3726 3724 3737
f 3729 3726 4146
f 4146 3727 3729
f 3348 3358 3371
f 3358 3485 3432
f 3348 3485 3358
f 3432 3347 3353
f 3368 3369 3325
f 3349 3369 3371
f 3349 3325 3369
f 3349 3371 3358
f 3347 2462 2475
f 2463 2462 2470
f 3258 3265 3262
f 3257 3265 3258
f 3264 3262 3265
f 3491 3450 3483
f 3450 3251 3483
f 3483 3251 3253
f 3254 3256 3257
f 2463 2470 2466
f 2466 2470 2469
f 3450 4522 3392
f 3392 4522 4521
f 2469 2095 2466
f 2089 2095 2469
f 4520 4521 4522
f 2089 2133 2095
f 2095 2133 2097
f 4519 4652 4520
f 3057 2097 3058
f 41 4652 4519
f 3016 3061 3199
f 3174 3061 3058
f 3174 3199 3061
f 3017 3170 3184
f 3184 3170 3018
f 3017 3015 3004
f 3017 3016 3015
f 3077 3131 3074
f 3077 3074 3133
f 3134 3077 3133
f 3019 3133 3173
f 3019 3134 3133
f 3019 3173 3184
f 3019 3184 3018
f 3089 42 4624
f 3075 3074 3131
f 3075 3131 3076
f 3087 4456 3089
f 3126 3087 3086
f 3126 3086 3117
f 4755 4705 4716
f 4706 1134 4707
f 4707 51 1133
f 1134 51 4707
f 51 50 46
f 48 51 46
f 1133 51 48
f 46 47 48
f 4718 4704 4755
f 50 52 46
f 52 2385 46
f 2385 49 46
f 46 49 47
f 4718 4703 4745
f 4745 4703 4719
f 2363 2367 52
f 52 2367 2385
f 4721 4752 4692
f 2364 54 2361
f 2364 2363 54
f 1099 4722 1021
f 4722 1099 4723
f 2355 2356 2354
f 2356 2355 2359
f 2361 2356 2364
f 1012 2386 4728
f 4728 2386 2336
f 2386 2335 2336
f 2337 2335 2386
f 2335 2345 1021
f 2337 2345 2335
f 1021 2345 2334
f 1021 2334 2333
f 1021 2333 1099
f 919 1099 2333
f 2358 2355 2322
f 2355 2353 2322
f 2353 2355 2354
f 2332 919 2333
f 2343 919 2332
f 2379 2328 2382
f 2325 2322 2321
f 2329 2343 2332
f 2343 2329 2379
f 2379 2329 2328
f 1360 1325 1326
f 1360 221 1441
f 1333 1361 1325
f 221 219 220
f 1333 1322 1339
f 242 239 219
f 55 239 242
f 1217 1233 1214
f 1214 1233 1425
f 1455 1425 1318
f 55 241 239
f 1252 1240 1249
f 1431 1240 1252
f 1240 1227 1249
f 1243 1226 1229
f 1247 1226 1243
f 1452 1220 1428
f 1218 1217 1428
f 1217 1221 1428
f 1416 1418 1446
f 1431 1446 1418
f 644 1416 1446
f 185 188 182
f 620 644 583
f 3967 188 192
f 3832 4080 3967
f 3929 4080 3832
f 3929 3832 3949
f 579 595 585
f 579 585 578
f 3931 3929 3949
f 580 579 578
f 3932 3931 3933
f 580 578 3747
f 3936 3937 4172
f 3936 3932 3933
f 3936 3933 3937
f 646 580 3747
f 646 3747 3744
f 3938 3729 3727
f 3727 3936 4172
f 3938 3727 4172
f 3753 3744 3747
f 3753 3747 3735
f 3753 3735 3734
f 3707 3715 3717
f 3708 3707 3717
f 3722 3708 3717
f 3722 3717 3724
f 3432 2460 3347
f 3485 2460 3432
f 3353 3347 2475
f 3265 3431 3264
f 3264 3506 3369
f 3431 3506 3264
f 3506 3324 3369
f 3371 3369 3324
f 3259 3311 3257
f 3311 3265 3257
f 2462 2474 2470
f 3392 3250 3450
f 3253 3490 3254
f 3251 3490 3253
f 3257 3256 3259
f 3259 3256 3254
f 2474 2469 2470
f 3392 4521 3252
f 4520 4631 4521
f 4631 4520 4630
f 2089 2097 2133
f 1151 2097 2089
f 4652 4630 4520
f 3058 2097 1151
f 3174 3058 1151
f 3174 1151 3199
f 41 4517 4652
f 3200 3015 3016
f 3200 3016 3199
f 3134 3135 3077
f 3020 3019 3018
f 3013 3018 3170
f 3013 3020 3018
f 3013 3170 3017
f 3005 3017 3004
f 3013 3017 3005
f 4643 41 3089
f 41 42 3089
f 3118 3122 3083
f 3121 3118 3120
f 3121 3120 3076
f 3132 3121 3076
f 3076 3131 3132
f 4456 4643 3089
f 3088 4456 3087
f 3126 3088 3087
f 3122 3117 3083
f 4716 4705 4706
f 50 51 1134
f 50 1134 4706
f 4718 4717 4704
f 4745 4717 4718
f 4755 4704 4705
f 4706 924 54
f 4706 54 52
f 50 4706 52
f 4752 4719 4692
f 2363 52 54
f 4691 913 4721
f 4721 913 4752
f 2336 1077 1019
f 1098 2336 1019
f 1020 1021 1098
f 1019 1020 1098
f 4723 1099 4691
f 1099 2381 4691
f 2353 2354 2356
f 2356 2361 2362
f 2335 1021 1020
f 1099 919 917
f 2360 2322 2353
f 919 2343 2379
f 2380 2382 2324
f 2380 2324 2321
f 2380 2321 2323
f 2323 2321 2322
f 1326 1359 1360
f 1360 1359 221
f 1325 1361 1326
f 1326 1361 1333
f 219 221 244
f 244 242 219
f 1338 1358 1339
f 1358 1334 1339
f 1333 1339 1334
f 1318 1317 1455
f 1455 1337 1358
f 1317 1337 1455
f 1218 1219 1217
f 1219 1216 1217
f 1217 1213 1233
f 1216 1213 1217
f 1318 1425 1317
f 1317 1425 1233
f 1417 1457 1431
f 1431 1232 1240
f 1457 1232 1431
f 1249 1224 1247
f 1227 1224 1249
f 1226 1223 1229
f 1247 1223 1226
f 1218 1428 1220
f 1416 1431 1418
f 1416 1417 1431
f 186 188 185
f 620 619 644
f 619 620 585
f 192 3831 53
f 3967 192 53
f 585 615 619
f 585 597 615
f 3949 3832 53
f 53 3832 3967
f 595 597 585
f 3944 3933 3931
f 3931 3949 3945
f 3931 3945 3944
f 3937 3933 3939
f 3744 580 646
f 4172 3937 3938
f 3713 3744 3753
f 3714 3734 3752
f 3714 3753 3734
f 3716 3714 3752
f 3716 3752 3715
f 3716 3715 3707
f 3726 3729 3938
f 3726 3938 3724
f 3324 3348 3371
f 2460 2462 3347
f 3265 3509 3431
f 3431 3509 3506
f 2476 2474 2462
f 3251 3250 3249
f 3450 3250 3251
f 3490 3251 3249
f 3436 3490 3440
f 3490 3436 3254
f 3254 3436 3259
f 2474 2471 2469
f 4525 4526 4521
f 3252 4521 3272
f 3272 4521 4526
f 2471 2142 2469
f 2089 2469 2142
f 4631 4525 4521
f 2089 2142 1151
f 1150 1152 1151
f 4652 4641 4630
f 3059 1151 1152
f 3198 3060 3012
f 3198 3199 3060
f 3199 1151 3059
f 3199 3059 3060
f 3015 3200 3004
f 41 4643 4517
f 3131 3077 3132
f 3122 3118 3129
f 3118 3121 3129
f 3132 3077 3078
f 3078 3077 3135
f 4456 4625 4643
f 4456 3188 4355
f 3088 3188 4456
f 3088 3126 3188
f 3126 3117 3125
f 3128 3188 3126
f 3128 3126 3127
f 4388 3127 3126
f 4388 3126 3125
f 4705 4704 4706
f 4748 4745 4719
f 4717 4747 4704
f 4745 4747 4717
f 4704 811 924
f 4706 4704 924
f 54 924 811
f 4748 4719 4752
f 2361 811 810
f 811 2361 54
f 913 4691 2381
f 913 918 4752
f 918 916 4752
f 2362 2361 810
f 917 2381 1099
f 2381 912 913
f 2383 2323 2353
f 2383 2353 2356
f 2356 2362 2383
f 2335 1020 1019
f 2336 2335 1019
f 917 919 2381
f 2381 2379 912
f 2380 915 912
f 2326 915 2380
f 2326 2380 2323
f 2360 2353 2323
f 2322 2360 2323
f 2381 919 2379
f 2379 2382 912
f 912 2382 2380
f 224 1326 1327
f 1326 1332 1359
f 224 1332 1326
f 1357 1333 1335
f 1326 1333 1327
f 1333 1357 1327
f 1334 1335 1333
f 221 242 244
f 1301 1317 1295
f 1222 1219 1218
f 1216 1233 1213
f 1233 1295 1317
f 1247 1224 1223
f 1223 1427 1229
f 1229 1222 1452
f 1427 1222 1229
f 1452 1222 1220
f 1218 1220 1222
f 230 185 241
f 230 186 185
f 2893 1416 644
f 644 2892 2893
f 3829 188 186
f 619 2892 644
f 194 3831 192
f 192 188 3829
f 192 3829 194
f 615 2892 619
f 3949 53 3831
f 3949 3831 3945
f 586 595 579
f 3944 3945 3943
f 4101 586 579
f 3939 3933 3944
f 4101 579 580
f 4101 580 3743
f 3937 3939 3944
f 3937 3944 3940
f 3743 580 3744
f 3713 3743 3744
f 3725 3723 3938
f 3938 3937 3940
f 3938 3940 3725
f 3704 3713 3753
f 3714 3704 3753
f 3707 4145 3716
f 3709 3708 3722
f 3709 3707 3708
f 3724 3938 3723
f 3724 3723 3722
f 3324 3354 3348
f 3352 3354 3324
f 3348 3350 3485
f 3350 2460 3485
f 3506 3323 3324
f 3508 3323 3506
f 3324 3323 3352
f 2460 2476 2462
f 3311 3308 3265
f 3308 3509 3265
f 3506 3509 3508
f 2476 2471 2474
f 3392 3249 3250
f 3311 3259 3308
f 3308 3259 3436
f 3392 3252 3268
f 3392 3268 3249
f 3268 3248 3249
f 3490 3249 3440
f 2471 2472 2142
f 4631 4526 4525
f 4631 4527 4526
f 2142 2143 1151
f 4631 4630 4527
f 4527 4630 4528
f 2143 1150 1151
f 2411 1150 2143
f 1152 1150 2411
f 4641 4528 4630
f 2699 3059 2411
f 3059 1152 2411
f 3199 3003 3200
f 3200 3003 3004
f 3003 3199 57
f 3199 3012 57
f 3199 3198 3012
f 3136 3135 3134
f 3021 3134 3019
f 3021 3136 3134
f 3020 3021 3019
f 3005 3020 3013
f 3003 3005 3004
f 971 1091 1090
f 4360 4643 4625
f 3129 3121 3130
f 3130 3121 3132
f 3078 3130 3132
f 4360 4625 4456
f 4355 4360 4456
f 3125 3117 3124
f 3123 3117 3122
f 3123 3124 3117
f 3123 3122 3129
f 4438 3129 3130
f 4358 4360 4355
f 3128 4355 3188
f 4388 3125 3124
f 804 4745 4748
f 805 4745 804
f 4745 803 4747
f 805 803 4745
f 4704 803 808
f 4747 803 4704
f 4752 916 4748
f 808 810 811
f 808 811 4704
f 914 916 918
f 4748 916 914
f 809 2362 808
f 808 2362 810
f 1077 2336 1019
f 912 915 913
f 915 918 913
f 914 918 2327
f 2323 2346 2327
f 2349 2346 2323
f 2383 2349 2323
f 809 2383 2362
f 918 915 2326
f 918 2326 2327
f 2327 2326 2323
f 1359 224 225
f 1332 224 1359
f 225 221 1359
f 1335 1328 1357
f 222 221 225
f 1413 1358 1337
f 1336 1358 1413
f 1334 1358 1335
f 1335 1358 1336
f 242 221 245
f 221 222 245
f 245 55 242
f 1297 1301 1295
f 1301 1337 1317
f 1216 1296 1233
f 1219 1296 1216
f 1295 1233 1297
f 1297 1233 1296
f 240 241 55
f 1416 1415 1417
f 1415 1419 1417
f 1419 1457 1417
f 1240 1230 1227
f 1232 1230 1240
f 1227 1230 1224
f 1224 1225 1223
f 1222 1427 1463
f 2891 1416 2893
f 230 3829 186
f 2892 2891 2893
f 615 597 2892
f 2892 597 589
f 3830 3831 194
f 3945 3831 3830
f 3945 3830 3943
f 595 589 597
f 586 587 595
f 3857 4020 3944
f 3944 3943 3946
f 3944 3946 3857
f 641 586 4101
f 641 4101 3759
f 3743 3742 4101
f 3742 3743 3713
f 3713 3730 3742
f 3712 3704 3714
f 4145 3712 3714
f 4145 3714 3716
f 3721 3709 3722
f 3722 3723 3725
f 3722 3725 3721
f 3354 3351 3348
f 3348 3487 3350
f 3351 3487 3348
f 3350 3487 2460
f 2460 3487 3433
f 3433 2476 2460
f 3352 3323 3322
f 3352 3322 3354
f 2471 2476 3433
f 3308 3321 3509
f 3509 3321 3508
f 3433 2472 2471
f 3440 3275 3436
f 3436 3275 3308
f 3272 3499 3252
f 4526 3499 3272
f 3499 3268 3252
f 3249 3248 3440
f 3275 3440 3248
f 2472 2412 2142
f 2473 2412 2472
f 4527 3314 4526
f 2412 2143 2142
f 2411 2143 2412
f 2411 2451 2410
f 4641 4642 4528
f 2699 3060 3059
f 4652 4642 4641
f 3010 3012 3060
f 2698 3060 2699
f 1090 2698 2699
f 2411 2410 2407
f 1090 2411 2407
f 2699 2411 1090
f 4531 4652 4516
f 4652 4517 4516
f 57 3012 3010
f 2700 2698 1090
f 2700 1090 1091
f 2407 2404 971
f 1090 2407 971
f 4643 4516 4517
f 3136 4349 3135
f 3135 4349 3078
f 3020 3005 4351
f 3003 3011 3005
f 2403 970 2404
f 2404 970 969
f 971 2404 969
f 4516 4643 4665
f 4643 4664 4665
f 4643 4360 4664
f 4348 3130 3078
f 4349 3136 3021
f 4350 3021 3020
f 4350 3020 4351
f 4351 3005 3011
f 969 2700 1091
f 971 969 1091
f 3123 3129 4341
f 3129 4438 4341
f 4438 3130 4343
f 4343 3130 4427
f 4358 4359 4360
f 4355 4356 4358
f 3128 4354 4355
f 3128 3127 4354
f 4388 4480 4399
f 4388 3124 3123
f 4388 3123 4342
f 4342 3123 4341
f 3127 4388 4399
f 806 804 4748
f 804 806 805
f 805 808 803
f 914 2327 4748
f 4748 807 806
f 4748 2327 807
f 805 806 809
f 805 809 808
f 807 2327 2346
f 807 2346 806
f 806 2346 2349
f 806 2349 2383
f 806 2383 809
f 1357 224 1327
f 1328 1336 1357
f 1328 1335 1336
f 1297 1340 1301
f 1301 1340 1337
f 245 240 55
f 1463 1304 1222
f 1305 1304 1463
f 1222 1303 1219
f 1303 1302 1219
f 1296 1219 1302
f 1462 1415 1416
f 1457 1231 1232
f 1232 1231 1230
f 1230 1225 1224
f 1427 1225 1463
f 1427 1223 1225
f 226 230 241
f 1416 2891 1462
f 1462 2891 2895
f 230 226 228
f 228 3829 230
f 2892 2888 2891
f 2892 2889 2888
f 194 3829 3826
f 194 3826 3827
f 2892 589 2889
f 3830 194 3827
f 3830 3827 4121
f 3943 3830 4121
f 3943 4121 3946
f 595 587 589
f 589 587 641
f 641 587 586
f 3857 3946 3942
f 641 3759 3779
f 4011 3725 3940
f 4020 4011 3940
f 3940 3944 4020
f 3740 3741 4101
f 3740 4101 3742
f 4138 3721 3725
f 4093 4083 3742
f 3730 4093 3742
f 3713 4093 3730
f 3720 3713 3704
f 3720 4093 3713
f 3997 4145 3707
f 3997 3706 4145
f 3710 3707 3709
f 3710 3997 3707
f 3721 3710 3709
f 3433 3487 3434
f 3321 3306 3508
f 3508 3306 3322
f 3508 3322 3323
f 3354 3322 3351
f 3351 3322 3355
f 3310 3308 3309
f 3308 3306 3321
f 3310 3306 3308
f 2459 2481 3433
f 3433 2481 2472
f 3275 3274 3308
f 3308 3274 3309
f 2481 2473 2472
f 3499 4526 3314
f 3268 3247 3248
f 3275 3248 3312
f 3312 3248 3247
f 2461 2450 2473
f 2473 2450 2412
f 828 822 3314
f 4527 828 3314
f 3314 3429 3499
f 2450 2411 2412
f 2450 2451 2411
f 4530 828 4528
f 828 4527 4528
f 4528 4529 4530
f 4642 4529 4528
f 4652 4529 4642
f 4652 4531 4529
f 3060 2698 3010
f 2410 2483 2407
f 56 57 3010
f 2696 2697 2700
f 2697 2698 2700
f 2483 2403 2407
f 2407 2403 2404
f 3006 57 56
f 2695 2696 2700
f 2700 2692 2695
f 2403 2406 970
f 4516 4665 4664
f 3130 4348 4427
f 3078 4347 4348
f 4349 4346 3078
f 3078 4346 4347
f 3021 4350 4349
f 4351 3006 3014
f 4351 3011 3006
f 3006 3011 3003
f 3006 3003 57
f 2701 2692 2700
f 2701 969 4979
f 2701 2700 969
f 969 970 4979
f 4346 4349 4350
f 4412 4350 4351
f 4358 4664 4359
f 4664 4360 4359
f 4342 4332 4388
f 4388 4332 4480
f 4341 4438 4343
f 4357 4358 4356
f 4354 4356 4355
f 4354 4357 4356
f 4399 4354 3127
f 1329 1330 1357
f 1357 1330 146
f 135 1357 146
f 135 224 1357
f 1413 1329 1357
f 1336 1413 1357
f 224 135 225
f 222 225 135
f 1345 1337 1340
f 1413 1337 1345
f 135 245 222
f 1299 1296 1302
f 1296 1298 1297
f 1299 1298 1296
f 1340 1297 1345
f 245 241 240
f 1225 1230 1234
f 1408 1463 1409
f 1408 1305 1463
f 1304 1303 1222
f 1299 1302 1303
f 226 241 245
f 1447 1422 1462
f 1419 1415 1462
f 1419 1420 1457
f 1457 1424 1231
f 1420 1424 1457
f 1230 1231 1234
f 1225 1409 1463
f 2887 1447 2895
f 2895 1447 1462
f 226 1470 228
f 2891 2887 2895
f 1470 3829 228
f 3826 3829 1470
f 2888 2887 2891
f 3946 4121 4108
f 3946 4108 3820
f 594 591 589
f 589 641 594
f 3942 3946 3820
f 3942 3814 3857
f 3758 594 641
f 3779 3758 641
f 3815 4020 3814
f 3814 4020 3857
f 3759 3745 3779
f 4101 3745 3759
f 4101 3741 3745
f 4011 4138 3725
f 4138 4020 3815
f 4011 4020 4138
f 3741 3740 3742
f 3746 3741 3742
f 3742 4083 3746
f 3721 3719 3997
f 3812 3721 4138
f 3704 3712 4145
f 3705 3704 4145
f 3706 3705 4145
f 3710 3721 3997
f 3487 3351 3355
f 3355 3322 3367
f 3487 3355 3434
f 3433 2458 2459
f 3434 2458 3433
f 3322 3306 3373
f 2459 2458 2481
f 3275 3312 3270
f 3270 3274 3275
f 3310 3309 3274
f 2458 2461 2481
f 2481 2461 2473
f 3428 3268 3499
f 3472 3268 3428
f 3247 3268 3472
f 822 3429 3314
f 3429 3428 3499
f 2450 2414 2451
f 828 827 822
f 822 827 823
f 2410 2451 1083
f 4529 828 4530
f 4529 827 828
f 2410 2408 2409
f 2410 1083 2408
f 2409 2483 2410
f 2409 2408 2483
f 2695 3010 2696
f 3010 2697 2696
f 3010 2698 2697
f 2402 2406 2403
f 2408 2402 2403
f 2483 2408 2403
f 4644 4636 4516
f 4636 4531 4516
f 1130 56 3010
f 2695 2692 2701
f 970 2406 2479
f 4664 4644 4516
f 3014 3006 3008
f 3007 3008 3006
f 3006 56 3007
f 4979 970 2478
f 970 2479 2478
f 4515 4644 4664
f 4427 4348 4343
f 4347 4346 4352
f 4352 4346 4350
f 4412 4352 4350
f 4389 4412 4351
f 3014 4389 4351
f 2701 4979 2702
f 2694 2701 2702
f 4979 2478 2702
f 4515 4664 4378
f 4342 4341 4332
f 4344 4459 4343
f 4344 4343 4348
f 4344 4348 4347
f 4358 4378 4664
f 4414 4358 4357
f 4354 4402 4329
f 4399 4402 4354
f 4480 4326 4399
f 4332 4330 4480
f 4341 4343 4459
f 4482 4414 4357
f 4482 4357 4354
f 4338 4354 4329
f 4327 4402 4399
f 4327 4399 4326
f 1329 1460 1330
f 144 135 146
f 1445 1413 1345
f 1329 1413 1460
f 136 137 135
f 137 245 135
f 1297 1298 1341
f 1297 1341 1345
f 1422 1421 1462
f 1462 1421 1419
f 1410 1234 1276
f 1234 1410 1225
f 1225 1410 1409
f 1303 1304 1305
f 1303 1300 1299
f 2886 1422 1447
f 1419 1421 1420
f 1424 1420 1467
f 1424 1467 1231
f 1231 1467 1276
f 1231 1276 1234
f 226 229 227
f 2886 1447 2887
f 227 1470 226
f 2887 2888 2889
f 3827 3823 4121
f 589 2890 2889
f 589 592 2890
f 3990 3820 3823
f 3820 4108 3823
f 3823 4108 4121
f 591 592 589
f 4085 3820 3990
f 3942 3820 4085
f 3814 3942 4085
f 3779 3745 3758
f 3815 3814 4085
f 3745 3741 3739
f 4138 4012 3812
f 4138 3815 4012
f 4126 3741 3746
f 4126 3686 3741
f 4126 3746 4083
f 4164 3719 3721
f 3721 3812 4164
f 4093 4126 4083
f 4093 3720 3704
f 3711 3706 3997
f 3997 3719 3711
f 3373 3372 3322
f 3372 3367 3322
f 3367 3370 3355
f 3355 3370 3296
f 3301 3355 3296
f 3355 3301 3434
f 3310 3305 3306
f 3305 3373 3306
f 3274 3307 3310
f 3247 3472 3245
f 3245 3312 3247
f 2461 58 2450
f 3429 822 823
f 3313 3429 825
f 3429 3313 3428
f 58 2414 2450
f 3429 821 824
f 3429 823 821
f 3429 824 825
f 2414 1083 2413
f 2413 1083 2451
f 2414 2413 2451
f 827 4529 823
f 4532 829 4531
f 4529 4531 829
f 4636 4532 4531
f 1018 1130 3010
f 1018 3010 2695
f 2405 2406 2402
f 2408 2405 2402
f 2405 1126 2406
f 1018 2695 2701
f 1126 59 2406
f 59 2479 2406
f 4636 4644 4513
f 4513 4644 4514
f 3009 3007 56
f 3008 3007 3009
f 3009 56 1130
f 1017 1018 2701
f 4515 4514 4644
f 4345 4347 4352
f 4353 4352 4412
f 4353 4299 4352
f 4353 4412 4389
f 3014 3008 4389
f 1017 2701 2694
f 2702 2478 2479
f 4345 4344 4347
f 963 2694 2702
f 4378 4358 4414
f 4330 4332 4341
f 4354 4338 4482
f 4329 4402 4325
f 4402 4327 4325
f 4328 4326 4480
f 4480 4330 4331
f 4335 4338 4329
f 1330 1331 1430
f 1461 146 1330
f 1461 144 146
f 1460 1430 1331
f 1460 1331 1330
f 136 135 144
f 1413 1445 1430
f 1413 1430 1460
f 1342 1341 1433
f 1344 1345 1342
f 1345 1341 1342
f 1345 1344 1445
f 1314 1305 1306
f 1305 1314 1303
f 1303 1314 1300
f 1300 1314 1299
f 1314 1298 1299
f 1341 1298 1433
f 229 226 245
f 1423 2886 2860
f 1422 2886 1423
f 1421 1422 1469
f 1421 1284 1420
f 1409 1316 1408
f 1408 1316 1306
f 1408 1306 1305
f 2863 2860 2886
f 2885 2863 2886
f 2887 2885 2886
f 2885 2887 2889
f 3824 3823 3827
f 3824 3827 3826
f 2889 2890 592
f 3822 3990 3823
f 592 591 593
f 3990 3819 4081
f 593 591 594
f 593 594 609
f 4085 3990 4081
f 596 609 594
f 596 594 3758
f 4085 3810 3813
f 4159 596 3758
f 3758 3745 4159
f 3815 4085 3813
f 3739 4159 3745
f 4012 3815 3812
f 3763 3739 3741
f 3775 3686 4126
f 4021 3775 4126
f 3854 3719 4164
f 4126 3777 4021
f 4093 3777 4126
f 4075 4093 3704
f 3703 3704 3705
f 3703 4075 3704
f 3706 3711 3705
f 3305 3310 3307
f 3289 3373 3305
f 3367 3372 3302
f 3367 3296 3370
f 3302 3296 3367
f 3301 3296 3297
f 3301 3297 3434
f 3434 3297 2455
f 2455 2458 3434
f 2458 2455 2456
f 3312 3269 3270
f 3274 3270 3269
f 3305 3307 3289
f 3373 3300 3372
f 2461 2458 58
f 2458 2456 58
f 3245 3242 3312
f 3312 3242 3269
f 60 2414 58
f 3428 3313 3495
f 3428 3495 3472
f 3472 3246 3245
f 3472 3495 3246
f 2414 2480 2415
f 824 826 825
f 825 826 3313
f 3313 826 3493
f 2415 1148 2414
f 2414 1148 1083
f 821 3218 824
f 2408 1083 1080
f 829 823 4529
f 1131 2405 2408
f 1131 2408 1080
f 4532 4636 829
f 1131 1017 2405
f 1126 2405 1017
f 1130 1018 1017
f 1017 2691 1126
f 3008 4393 4391
f 4393 3008 4392
f 3008 3009 4392
f 2691 1017 2690
f 59 1127 2479
f 4515 4657 4514
f 4514 4657 4513
f 4300 4345 4352
f 4352 4299 4300
f 4353 4444 4299
f 61 4444 4353
f 61 4353 4389
f 4389 4395 4390
f 4389 3008 4391
f 4389 4391 4393
f 2694 2690 1017
f 1127 2702 2479
f 962 2702 1127
f 4378 4657 4515
f 4442 4459 4344
f 4442 4344 4365
f 4344 4345 4365
f 4365 4345 4300
f 4390 61 4389
f 963 2702 962
f 4511 4378 4648
f 4414 4648 4378
f 4442 4341 4459
f 4442 4330 4341
f 4413 4511 4414
f 4511 4648 4414
f 4327 4326 4325
f 4328 4322 4326
f 4328 4480 4331
f 4328 4331 4330
f 4340 4413 4414
f 4482 4340 4414
f 4482 4338 4340
f 4335 4329 4325
f 4324 4325 4326
f 4324 4326 4322
f 4337 4338 4335
f 1352 1461 1330
f 1430 167 1330
f 1356 167 1430
f 1352 1330 167
f 1461 136 144
f 1346 1430 1445
f 1355 1430 1346
f 1356 1430 1355
f 1445 1347 1346
f 1445 1344 1347
f 138 139 136
f 136 139 137
f 1342 1433 1344
f 139 245 137
f 1422 4467 4272
f 4272 1469 1422
f 1278 1467 1277
f 1285 1467 1278
f 1409 1410 1283
f 1316 1409 1283
f 1316 1307 1306
f 1306 1307 1314
f 1307 1308 1314
f 1314 1308 1412
f 1314 1412 1298
f 1298 1412 1433
f 139 229 245
f 227 229 139
f 2860 2861 1423
f 1423 2861 4467
f 1423 4467 1422
f 1421 1469 1284
f 1420 1284 1467
f 1467 1284 1277
f 1276 1467 1285
f 1276 1285 1410
f 1410 1285 1283
f 1472 1470 227
f 1471 3826 1470
f 1471 3823 3824
f 3824 3826 1471
f 2889 2894 2885
f 2889 600 2894
f 598 600 2889
f 598 2889 592
f 3828 3990 3822
f 3828 3821 3990
f 3828 3822 3823
f 3819 3990 3821
f 3821 4081 3819
f 3811 3810 4081
f 3810 4085 4081
f 3811 3813 3810
f 4086 3812 3811
f 3812 3815 3811
f 3811 3815 3813
f 4164 3851 3854
f 3851 3812 4086
f 4164 3812 3851
f 3741 3684 3763
f 3684 3741 3686
f 3711 3719 3702
f 3719 3718 3702
f 3719 3854 3718
f 3777 3775 4021
f 3777 3776 3775
f 4093 3776 3777
f 4075 3776 4093
f 3703 3705 3702
f 3702 3705 3711
f 3302 3372 3303
f 2455 3297 2456
f 3241 3274 3269
f 3307 3274 3241
f 3244 3289 3307
f 3373 3290 3300
f 3289 3290 3373
f 3300 3303 3372
f 58 2456 2477
f 3242 3245 3246
f 3307 3241 3244
f 2477 60 58
f 3242 3246 3240
f 60 2480 2414
f 3218 826 824
f 3313 3493 3495
f 3495 3493 3237
f 3495 3237 3238
f 2480 1148 2415
f 1083 1148 1081
f 1080 1083 1081
f 1080 1081 1082
f 4663 823 829
f 823 4663 821
f 1082 1131 1080
f 4663 829 4636
f 1130 1017 1131
f 4636 3222 4663
f 4513 3222 4636
f 2691 1127 1126
f 1127 59 1126
f 3009 1130 4392
f 1127 2690 962
f 2690 1127 2691
f 4444 61 4299
f 4395 4389 4394
f 4389 4393 4394
f 2694 2689 2690
f 4302 4299 61
f 4302 61 4461
f 4390 4461 61
f 4461 4390 4395
f 2689 2694 963
f 4378 4511 4657
f 4369 4328 4330
f 4442 4369 4330
f 4442 4316 4315
f 4442 4365 4318
f 4334 4328 4369
f 4370 4369 4442
f 4370 4442 4315
f 4339 4413 4340
f 4338 4339 4340
f 4325 4404 4335
f 4325 4324 4404
f 4320 4324 4322
f 4320 4322 4321
f 4321 4322 4328
f 4321 4328 4334
f 4371 4339 4338
f 4338 4337 4371
f 4404 4337 4335
f 4404 4324 4366
f 4371 4337 4336
f 170 145 1352
f 145 1461 1352
f 136 1461 145
f 1347 1349 1346
f 1355 1346 1356
f 1451 1344 1433
f 1347 1344 1451
f 2861 2908 4400
f 4377 2861 4400
f 4377 4264 4467
f 4377 4400 4264
f 4264 4272 4467
f 4278 4272 4264
f 1307 1316 1414
f 1433 1412 1343
f 2862 2908 2861
f 2861 4377 4467
f 1469 4272 4278
f 62 1469 4278
f 62 1284 1469
f 62 1279 1284
f 1284 1278 1277
f 1278 1283 1285
f 1316 1283 1414
f 1307 1311 1315
f 1307 1315 1308
f 1308 1309 1412
f 1472 227 139
f 2860 2859 2861
f 2861 2859 2862
f 2860 2863 2859
f 2863 2885 600
f 2885 2894 600
f 4074 3823 1471
f 4074 3825 3823
f 3825 3821 3828
f 3828 3823 3825
f 3821 3818 3817
f 3818 3821 4139
f 592 606 598
f 592 593 606
f 593 609 606
f 3816 3811 3817
f 3811 4081 3817
f 3817 4081 3821
f 3816 4123 3811
f 3757 651 596
f 651 609 596
f 3811 4123 3809
f 4159 3757 596
f 3757 4159 3739
f 4086 3809 3851
f 4086 3811 3809
f 3763 3738 3739
f 3684 3738 3763
f 3854 3851 3853
f 3684 3687 3685
f 3686 3687 3684
f 3687 3686 3775
f 4118 3687 3775
f 3776 4118 3775
f 3702 3718 3853
f 3853 3718 3854
f 4120 3776 4075
f 4120 4075 3701
f 3701 4075 3703
f 3701 3703 3702
f 3302 3299 3296
f 3297 3296 2457
f 2457 2456 3297
f 3300 3290 3303
f 3302 3303 3290
f 2457 2477 2456
f 3241 3269 3427
f 3241 3243 3244
f 3244 3243 3289
f 2477 2420 2480
f 2477 2480 60
f 3495 3239 3246
f 3238 3239 3495
f 3239 3240 3246
f 3242 3240 3269
f 3493 3218 3220
f 826 3218 3493
f 2416 2417 1148
f 2480 2416 1148
f 2417 1081 1148
f 3219 3218 821
f 2417 1082 1081
f 3219 821 4663
f 1130 1131 1082
f 1129 1130 2453
f 4513 4512 3222
f 1129 4393 4392
f 1130 1129 4392
f 2690 1145 962
f 2689 1145 2690
f 956 962 1145
f 963 962 956
f 4511 4647 4657
f 4301 4318 4365
f 4300 4301 4365
f 4299 4302 4300
f 4296 4395 4394
f 4296 4394 4393
f 956 1145 2689
f 2689 963 956
f 4647 4511 4649
f 4316 4442 4318
f 4298 4302 4461
f 4296 4461 4395
f 4413 4649 4511
f 4369 4370 4334
f 2818 4413 4339
f 4334 4370 4446
f 4446 4370 4315
f 4404 4398 4337
f 4337 4398 4336
f 4246 4366 4324
f 4246 4324 4320
f 4333 4320 4321
f 4361 2818 4339
f 4371 4361 4339
f 4361 4336 4364
f 4361 4371 4336
f 4398 4404 4319
f 4319 4404 4366
f 167 1356 1351
f 167 170 1352
f 1351 1346 1350
f 1346 1349 1350
f 1346 1351 1356
f 145 163 136
f 138 136 163
f 1353 1347 1354
f 1349 1347 1353
f 2853 4264 4400
f 2853 2854 4264
f 4276 4263 4264
f 4469 4264 4263
f 1343 1411 1354
f 1433 1343 1354
f 1433 1354 1451
f 1451 1354 1347
f 143 139 138
f 2908 2853 4400
f 4278 4264 4469
f 4469 62 4278
f 1281 62 4469
f 1307 1313 1311
f 1414 1313 1307
f 1400 1308 1310
f 1308 1311 1310
f 1308 1315 1311
f 1308 1400 1309
f 1309 1400 1412
f 1412 1400 1411
f 1412 1411 1343
f 1472 139 143
f 2857 2853 2862
f 2862 2853 2908
f 1279 62 1281
f 1284 1279 1278
f 1279 1283 1278
f 1288 1283 1286
f 1283 1288 1414
f 2859 2857 2862
f 71 1470 1472
f 2863 2857 2859
f 2863 2858 2857
f 600 2858 2863
f 3841 3825 4074
f 4074 1471 3841
f 3837 4053 3825
f 3825 4053 3821
f 599 600 598
f 4053 4139 3821
f 606 599 598
f 3817 3818 4053
f 4053 3818 4139
f 609 651 606
f 651 3757 650
f 3757 3739 4140
f 4044 3809 3808
f 3851 3809 4044
f 4140 3739 3738
f 4140 3738 3684
f 3748 3684 3685
f 3748 4140 3684
f 3853 3852 3798
f 3852 3853 3851
f 3698 3687 4118
f 4120 3698 3776
f 3698 4118 3776
f 3701 3694 4120
f 3702 3694 3701
f 3798 3702 3853
f 3299 2457 3296
f 3289 3498 3290
f 3290 3299 3302
f 3299 2477 2457
f 2477 3299 2421
f 3269 3240 3427
f 3241 3484 3243
f 3427 3484 3241
f 3289 3243 3498
f 2421 2420 2477
f 3239 3238 3236
f 3239 3273 3240
f 2416 2480 2420
f 2416 2420 2485
f 3234 3493 3235
f 3493 3238 3237
f 3234 3238 3493
f 2417 2416 2485
f 3219 3221 3218
f 3218 3229 3220
f 3218 3221 3229
f 3220 3229 3493
f 3493 3229 3235
f 3216 3215 4663
f 3216 4663 3222
f 3219 4663 3221
f 3221 4663 3215
f 1132 1130 1082
f 1132 2453 1130
f 4633 3222 4512
f 4633 3216 3222
f 4657 4512 4513
f 4657 4510 4512
f 4393 1129 4472
f 956 1145 2693
f 4647 4510 4657
f 4497 4296 4393
f 4463 4497 4393
f 4472 4463 4393
f 956 2693 1145
f 4300 4314 4301
f 4302 4314 4300
f 4302 4298 4314
f 4296 4304 4461
f 4461 4304 4298
f 64 4296 4497
f 4649 4646 4647
f 4413 4646 4649
f 4314 4316 4318
f 4301 4314 4318
f 68 4314 4298
f 4304 4296 4436
f 4436 4296 64
f 2818 4646 4413
f 4323 4321 4334
f 4334 4423 4323
f 4446 4423 4334
f 4305 4446 4315
f 4316 4305 4315
f 4317 4316 4314
f 2820 2818 2819
f 4320 4333 4246
f 4323 4333 4321
f 4423 4446 4305
f 65 2819 4361
f 2819 2818 4361
f 4336 4398 4364
f 4249 4319 4366
f 4246 4249 4366
f 4465 4333 4247
f 4247 4333 4323
f 65 4361 4362
f 4363 4361 4364
f 4398 4319 4250
f 4250 4319 4249
f 4362 4361 4363
f 4383 167 1350
f 4476 4280 4262
f 4261 4280 4260
f 4262 4280 4261
f 1351 1350 167
f 145 170 167
f 4276 4476 4262
f 2851 4476 4276
f 1349 1353 1348
f 1349 1348 1350
f 2854 2851 4264
f 4264 2851 4276
f 4276 4262 4263
f 4186 4262 4260
f 1407 1411 1398
f 1411 1426 1354
f 1407 1426 1411
f 1353 1354 1426
f 140 143 163
f 163 143 138
f 2852 2851 2853
f 2853 2851 2854
f 4469 4263 4262
f 4186 4176 4469
f 4262 4186 4469
f 1310 1312 1400
f 1411 1400 1398
f 2857 2852 2853
f 1281 4469 4176
f 1280 1279 1281
f 1288 1286 1443
f 1414 1288 1289
f 1414 1289 1313
f 1313 1289 1311
f 1311 1289 1312
f 1311 1312 1310
f 71 1472 143
f 1279 1280 1283
f 1283 1280 1282
f 1283 1282 1286
f 2858 2856 2857
f 600 2873 2858
f 1016 63 434
f 3842 3825 3841
f 3842 3836 3825
f 3842 3841 1471
f 2873 600 602
f 601 602 600
f 433 432 434
f 434 4775 1016
f 3825 3836 3837
f 434 432 1027
f 434 1027 4775
f 599 601 600
f 4154 4023 3847
f 4023 4053 3847
f 3847 4053 3837
f 607 599 606
f 606 651 607
f 4154 3816 4023
f 3816 3817 4023
f 4023 3817 4053
f 607 651 637
f 3816 3859 4123
f 4098 637 651
f 4123 4127 3809
f 4123 3859 4127
f 650 4098 651
f 3756 650 3757
f 3808 3809 4127
f 3808 4127 4044
f 4140 3756 3757
f 3695 4140 3748
f 3695 4147 4140
f 4082 3748 3685
f 4044 3852 3851
f 3685 3731 4082
f 3687 3731 3685
f 67 4120 3694
f 3694 3702 67
f 67 3702 3798
f 3498 3298 3290
f 3290 3291 3299
f 3298 3291 3290
f 3291 3292 3299
f 3299 3292 2421
f 3240 3284 3427
f 3243 3484 3271
f 3271 3398 3243
f 3243 3398 3498
f 3498 3398 3496
f 2421 3292 2420
f 3494 3239 3236
f 3273 3239 3494
f 3240 3273 3284
f 3427 3284 3484
f 3292 2419 2420
f 2419 2485 2420
f 3238 3234 3235
f 3315 3238 3231
f 3238 3315 3236
f 3229 3230 3235
f 3235 3230 3238
f 3238 3230 3231
f 2485 2486 2417
f 2486 1082 2417
f 3221 3217 3229
f 3229 3217 3228
f 1132 1082 2486
f 2418 1132 2486
f 3215 3216 4533
f 4633 4533 3216
f 4512 4509 4633
f 4510 4509 4512
f 4647 4509 4510
f 4647 4650 4509
f 4472 4497 4463
f 4472 4478 4497
f 4472 1085 4478
f 1085 4472 1086
f 2818 2817 4646
f 2817 4647 4646
f 2817 4650 4647
f 4304 4297 4298
f 4437 4436 64
f 2820 2817 2818
f 4316 4317 4305
f 4314 4458 4317
f 4458 4314 68
f 68 4298 4297
f 4295 4304 4436
f 4423 4496 4323
f 4305 4317 4458
f 2820 2819 4401
f 4333 4465 4246
f 4323 4496 4293
f 4496 4423 4495
f 4495 4423 4305
f 4401 2819 65
f 4364 4398 4363
f 4249 4246 4245
f 4246 4465 4247
f 4245 4247 4323
f 4245 4323 4293
f 65 66 4401
f 4363 65 4362
f 4244 4398 4250
f 4244 4250 4249
f 4473 4439 4269
f 4384 155 4383
f 4473 2850 2911
f 4311 2850 4473
f 4311 4473 4476
f 4280 4476 4473
f 4280 4473 4260
f 4473 4269 4260
f 1348 4382 4383
f 1348 4383 1350
f 4383 155 167
f 164 145 167
f 155 164 167
f 2850 4311 4476
f 4260 4269 4178
f 1348 1432 4382
f 161 163 145
f 162 161 145
f 164 162 145
f 2851 2849 4476
f 4476 2849 2850
f 4261 4260 4262
f 4178 4179 4260
f 1426 1407 1432
f 1353 1426 1432
f 1353 1432 1348
f 140 163 161
f 2852 2865 2851
f 2851 2865 2849
f 4176 4186 4260
f 4179 4176 4260
f 1290 1291 1292
f 1312 1401 1400
f 1400 1399 1398
f 1401 1399 1400
f 1407 1398 1399
f 1280 4176 4175
f 1289 1443 1291
f 1289 1288 1443
f 1289 1291 1312
f 1312 1291 1290
f 141 143 140
f 1473 143 141
f 2884 2852 2855
f 2857 2855 2852
f 1280 1281 4176
f 4418 1280 4419
f 1280 4418 1282
f 1282 4418 1286
f 1286 4418 1287
f 1286 1287 1443
f 1473 71 143
f 2857 2856 2855
f 1471 71 3842
f 1470 71 1471
f 435 434 436
f 434 63 436
f 432 431 73
f 437 432 73
f 431 432 433
f 431 433 434
f 431 434 435
f 4103 3847 3836
f 3836 3847 3837
f 444 1022 437
f 1022 1026 437
f 437 1028 432
f 1026 1028 437
f 1028 1027 432
f 3847 3848 3855
f 607 601 599
f 3856 4154 3855
f 3855 4154 3847
f 3856 3859 3816
f 3856 3816 4154
f 4097 607 637
f 4099 637 4098
f 3807 4127 3859
f 650 4099 4098
f 4158 650 3756
f 3793 3794 3807
f 3794 4044 3807
f 3807 4044 4127
f 4147 3756 4140
f 3681 3756 4147
f 3852 4044 3796
f 4044 3794 3796
f 3695 3681 4147
f 4082 3695 3748
f 67 4052 3689
f 4052 67 3798
f 4052 3798 3796
f 3796 3798 3852
f 3731 3699 4082
f 3687 3699 3731
f 3688 3687 3698
f 3688 3699 3687
f 3688 3698 4120
f 4120 3689 3963
f 3688 4120 3963
f 3689 4120 67
f 3298 3498 3496
f 3298 3496 3291
f 3291 3293 3292
f 3273 3494 3285
f 3398 3271 3266
f 3236 3315 3231
f 75 3236 3230
f 3494 3236 75
f 2486 2485 2419
f 3230 3229 3228
f 3231 3230 3236
f 2419 2418 2486
f 3221 3215 3223
f 3225 3221 3214
f 3217 3221 3225
f 3228 3217 3230
f 3230 3217 3232
f 2419 1128 1132
f 2418 2419 1132
f 4533 3223 3215
f 3223 4533 3221
f 3221 4533 3212
f 3221 3212 3214
f 1132 1128 2453
f 4640 3453 4533
f 4633 4640 4533
f 4509 4640 4633
f 2448 1129 2453
f 2448 1088 1129
f 1129 1088 4472
f 4472 1085 1086
f 1088 1085 4472
f 4650 4508 4509
f 4497 4478 1542
f 1542 4478 1085
f 4457 4437 64
f 4457 64 4497
f 4483 4457 4497
f 2820 2816 2817
f 4291 4303 68
f 68 4303 4458
f 68 4297 4291
f 4304 4294 4297
f 4304 4295 4294
f 4458 4292 4305
f 4291 4458 4303
f 4294 4295 4445
f 4401 2769 2820
f 4496 4495 4293
f 4305 4292 4495
f 4289 4292 4458
f 4289 4458 4291
f 4290 4291 4297
f 4247 4245 4246
f 4293 4248 4245
f 4293 4495 4248
f 2768 2769 66
f 2769 4401 66
f 4240 4363 4398
f 4244 4240 4398
f 4249 4240 4244
f 4245 4240 4249
f 4228 4245 4248
f 4460 4495 4288
f 2768 66 65
f 65 4363 2768
f 4363 4240 4239
f 4279 4245 4226
f 4501 2768 4363
f 4501 4363 4239
f 4239 4240 4238
f 4232 4440 4233
f 2792 4440 2794
f 2794 4440 4473
f 4473 4440 4439
f 4439 4440 4232
f 4232 4259 4439
f 4259 4232 4258
f 4385 69 153
f 2911 2794 4473
f 4439 4259 4269
f 4259 4258 4269
f 4382 4381 4384
f 4382 4384 4383
f 4384 4385 155
f 155 4385 153
f 2847 2794 2850
f 2850 2794 2911
f 4258 4178 4269
f 4258 4181 4178
f 4382 4380 4381
f 162 164 155
f 162 155 161
f 2849 2847 2850
f 1406 4380 1432
f 1432 4380 4382
f 2865 2847 2849
f 2865 2848 2847
f 4177 4179 4178
f 4178 4180 4187
f 4178 4187 4177
f 1404 1401 1405
f 1402 1407 1404
f 1432 1407 1406
f 2852 2848 2865
f 2852 2884 2848
f 4177 4176 4179
f 4187 1280 4175
f 4187 4175 4176
f 4177 4187 4176
f 4419 1280 4187
f 1292 1294 1459
f 1292 1291 1294
f 1290 1293 1312
f 1312 1293 1401
f 1399 1401 1404
f 1399 1404 1407
f 140 1473 141
f 140 161 1473
f 4419 4416 4418
f 4418 4416 4417
f 4418 4417 1287
f 1287 4417 1294
f 1287 1294 1443
f 1443 1294 1291
f 2855 2843 2884
f 70 71 1473
f 73 429 441
f 435 436 430
f 70 3842 71
f 2858 2873 2856
f 73 431 429
f 429 431 435
f 429 435 430
f 63 4781 436
f 70 3836 3842
f 3838 3836 70
f 446 437 73
f 4775 4783 63
f 4775 63 1016
f 4781 63 4783
f 3836 3838 4103
f 446 438 444
f 446 444 437
f 3847 4103 3850
f 1027 1026 4775
f 1027 1028 1026
f 3849 3848 3850
f 3855 3848 3849
f 3850 3848 3847
f 601 607 618
f 3856 3855 3849
f 3856 3849 3859
f 4129 607 4097
f 3806 4102 3807
f 3806 3807 3859
f 4099 4097 637
f 4155 4099 650
f 3795 3793 3807
f 3807 4102 3795
f 650 4158 4155
f 3700 3680 3681
f 3680 3756 3681
f 3797 3796 3794
f 3794 3793 3792
f 3794 3792 3797
f 3695 3700 3681
f 3692 3695 4082
f 3692 3700 3695
f 3699 3692 4082
f 3689 3690 3963
f 3689 4052 3796
f 3699 3688 3963
f 3398 3266 3267
f 3496 3398 3291
f 3398 3295 3291
f 3295 3294 3291
f 3294 3293 3291
f 3284 3273 3285
f 3283 3484 3284
f 3271 3484 3283
f 3266 3271 3435
f 2422 2423 3292
f 3293 2422 3292
f 3494 75 3285
f 3285 3282 3284
f 3284 3282 3283
f 3283 3282 3271
f 3271 3282 3276
f 3271 3276 3435
f 2423 2425 2419
f 3292 2423 2419
f 3233 3230 3232
f 3468 3230 3233
f 3230 3468 75
f 2426 2419 2425
f 3224 3217 3225
f 2426 2445 2419
f 2445 1128 2419
f 3214 3212 3225
f 3225 3212 3224
f 3224 3505 3217
f 3217 3505 3232
f 2453 2445 2452
f 2453 1128 2445
f 3453 3211 4533
f 4533 3211 3212
f 2454 2453 2452
f 2454 2448 2453
f 4509 4508 4640
f 1088 1087 1085
f 4650 2817 4508
f 1087 1542 1085
f 4479 4483 4497
f 4497 1542 4479
f 2816 2815 2817
f 4436 4445 4295
f 4436 4437 4445
f 4294 4474 4297
f 4445 4430 4294
f 4297 4474 4290
f 4474 4294 4430
f 4292 4288 4495
f 4289 4288 4292
f 4287 4289 4291
f 4287 4290 4285
f 4291 4290 4287
f 4396 4290 4474
f 2771 2769 2899
f 4228 4226 4245
f 4495 4460 4248
f 4287 4288 4289
f 2823 2899 2768
f 2899 2769 2768
f 4501 2823 2768
f 4257 4238 4240
f 4245 4257 4240
f 4245 4279 4257
f 4248 4460 4228
f 4238 4313 4239
f 4238 4257 4313
f 4405 4257 4279
f 4279 4226 4227
f 2823 4501 4462
f 4237 4501 4239
f 4257 4405 4313
f 2789 4212 4231
f 4211 4212 4489
f 4231 4212 4211
f 2789 4231 4233
f 4232 4231 4211
f 4232 4211 4223
f 2791 2789 2792
f 2792 2789 4440
f 4440 2789 4233
f 4233 4231 4232
f 4493 4455 4308
f 4455 4493 4385
f 4385 4493 69
f 69 4493 169
f 169 151 69
f 2794 2791 2792
f 2794 2793 2791
f 4223 4258 4232
f 4223 4182 4258
f 4384 4455 4385
f 151 153 69
f 152 153 151
f 2847 2793 2794
f 4381 4379 4455
f 4381 4455 4384
f 134 155 154
f 155 152 154
f 155 153 152
f 4182 4181 4258
f 4182 4184 4183
f 4380 1403 4379
f 4380 4379 4381
f 142 161 155
f 134 142 155
f 4178 4181 4180
f 4417 4182 4183
f 4181 4182 4417
f 4380 1406 1403
f 2848 2845 2847
f 4181 4187 4180
f 4187 4181 4417
f 4449 4183 4185
f 4417 4183 4449
f 4277 4485 4185
f 4277 4185 4189
f 4386 1401 1293
f 1405 1401 4386
f 1404 1405 4372
f 1404 4372 1402
f 1402 1403 1407
f 1407 1403 1406
f 4419 4187 4417
f 4419 4417 4416
f 4417 4449 1294
f 1294 4449 4185
f 1294 4185 1459
f 1459 4185 1292
f 1292 4185 4485
f 1292 4485 1290
f 1290 4485 1293
f 1475 1473 161
f 2843 2844 2884
f 1474 70 1473
f 2843 2855 2856
f 2843 2856 2873
f 441 72 73
f 430 428 429
f 73 72 446
f 72 438 446
f 4781 4774 436
f 436 4774 4782
f 438 398 425
f 4783 4775 4774
f 4783 4774 4781
f 3839 4103 3838
f 602 2837 2873
f 602 605 2837
f 440 438 425
f 4765 4774 4775
f 3850 3846 3961
f 3846 3850 3839
f 3839 3850 4103
f 603 605 602
f 603 602 601
f 601 74 603
f 440 444 438
f 444 1026 1022
f 4775 1026 4765
f 3961 3849 3850
f 618 74 601
f 4038 3859 3849
f 607 74 618
f 645 74 607
f 645 607 3662
f 4038 4102 3806
f 4038 3806 3859
f 4129 3662 607
f 77 4097 4099
f 77 4129 4097
f 4099 78 77
f 4155 78 4099
f 3791 3793 4102
f 4102 3793 3795
f 3664 4155 4158
f 4131 3664 4158
f 3791 4092 3793
f 4092 3792 3793
f 3756 4131 4158
f 4131 3756 3682
f 3756 3677 3682
f 3680 3677 3756
f 3677 3680 3700
f 3796 4069 3697
f 3797 4069 3796
f 4092 3797 3792
f 3691 3699 3963
f 3691 3692 3699
f 3690 3689 3796
f 3295 3398 3267
f 3442 3293 3294
f 3276 3266 3435
f 3267 3266 3295
f 3442 2423 2422
f 3293 3442 2422
f 3286 3285 75
f 3282 3285 3286
f 3276 3282 3497
f 3276 3503 3266
f 3442 2425 2423
f 2425 3442 2427
f 3286 75 3281
f 3286 3281 3282
f 3282 3281 3304
f 3282 3304 3497
f 3232 3426 3233
f 3233 3426 3468
f 3468 3426 3316
f 2425 2444 2426
f 2426 2444 2445
f 3505 3320 3232
f 3232 3320 3426
f 2452 2445 2454
f 3211 3224 3212
f 3505 3501 3320
f 4640 3206 3453
f 4640 4508 3206
f 1087 2448 1089
f 1088 2448 1087
f 2817 3206 4508
f 1542 1087 1089
f 1089 1539 1542
f 1542 1539 4479
f 1571 4437 4457
f 4483 1571 4457
f 4479 1571 4483
f 2816 2820 2771
f 4432 4430 4445
f 1569 4432 4445
f 1569 4445 4437
f 1570 1569 4437
f 1571 1570 4437
f 2769 2771 2820
f 4430 4432 4431
f 4290 4284 4285
f 4290 4396 4284
f 4433 4474 4430
f 4430 4431 4433
f 4431 4432 1569
f 2771 2899 2770
f 4403 4460 4288
f 4287 4429 4288
f 4288 4429 4403
f 4285 4286 4287
f 4396 4474 4284
f 4474 4433 4434
f 4229 4228 4460
f 4460 4403 4229
f 76 4287 4286
f 4429 4287 76
f 4286 4285 4284
f 2775 2874 2823
f 2874 2899 2823
f 4462 2775 2823
f 4227 4464 4279
f 4228 4227 4226
f 4228 4411 4227
f 4228 4229 4411
f 4230 4229 4403
f 4501 2775 4462
f 4464 4405 4279
f 4229 4230 4411
f 4429 76 4268
f 4501 2784 2775
f 4313 4243 4239
f 4239 4243 4237
f 4405 4235 4313
f 4235 4405 4464
f 4235 4464 4225
f 4227 4422 4225
f 4464 4227 4225
f 4422 4227 4411
f 4242 2784 4501
f 4501 4241 4242
f 4237 4241 4501
f 4243 4313 4235
f 4441 4237 4243
f 4441 4243 4235
f 4235 4236 4441
f 4241 4237 4252
f 4221 4441 4236
f 4253 4252 4237
f 4237 4214 4253
f 4441 4214 4237
f 4468 4441 80
f 4214 4441 4468
f 166 4368 168
f 4274 4214 2790
f 2790 4214 4218
f 4212 4214 4468
f 4468 4489 4212
f 4489 4468 4210
f 4210 4209 4208
f 4368 4306 4310
f 4307 4306 4368
f 4307 4368 166
f 2790 4218 4212
f 4212 4218 4214
f 4211 4489 4210
f 4428 4210 4208
f 4307 166 169
f 2789 2795 2790
f 2789 2790 4212
f 4428 4223 4210
f 4210 4223 4211
f 4307 4312 4306
f 4491 4312 4307
f 4308 4307 4493
f 4493 4307 169
f 166 151 169
f 2791 2793 2789
f 2789 2793 2795
f 4188 4428 4234
f 4455 4491 4307
f 4455 4307 4308
f 4428 4182 4223
f 4428 4188 4182
f 4188 4234 4470
f 4309 4491 4455
f 4486 4491 4309
f 152 151 133
f 2847 2880 2793
f 4188 4184 4182
f 4421 4420 4494
f 4486 4309 4379
f 4379 4309 4455
f 134 154 152
f 131 134 152
f 4184 4188 4183
f 4407 4188 4470
f 4407 4470 4189
f 4372 4376 4255
f 4372 4255 4373
f 4373 4255 4374
f 4373 4486 1403
f 1403 4486 4379
f 2880 2847 2846
f 2847 2845 2846
f 4183 4188 4185
f 4185 4188 4407
f 4426 4277 4421
f 4426 4421 4386
f 4386 4421 4494
f 4386 4494 1405
f 4494 4376 1405
f 1405 4376 4372
f 4372 4373 1402
f 1402 4373 1403
f 134 161 142
f 129 161 134
f 4185 4407 4189
f 4485 4277 4426
f 4485 4426 1293
f 1293 4426 4386
f 129 1475 161
f 1474 1473 1475
f 392 443 1084
f 392 396 389
f 392 1084 396
f 429 428 424
f 428 448 424
f 430 447 428
f 436 447 430
f 1478 70 1474
f 2873 2905 2843
f 72 441 424
f 424 441 429
f 4774 447 4782
f 4764 447 4774
f 4782 447 436
f 70 1478 3838
f 1084 443 2502
f 396 398 397
f 396 1084 398
f 398 438 72
f 398 72 397
f 1478 3840 3839
f 1478 3839 3838
f 2905 2873 2836
f 2873 605 2836
f 2873 2837 605
f 425 1084 1025
f 1084 425 398
f 4765 4764 4774
f 3839 3840 3805
f 1024 425 1025
f 440 425 1024
f 3805 3961 3846
f 3805 3846 3839
f 603 74 605
f 605 74 604
f 440 1023 444
f 1024 1023 440
f 1023 1026 444
f 4765 1026 709
f 3800 3849 3805
f 3805 3849 3961
f 3800 3799 4038
f 3800 4038 3849
f 3662 74 645
f 3662 3661 74
f 4102 3799 3860
f 4038 3799 4102
f 3860 3791 4102
f 4155 3664 78
f 4131 4096 3664
f 4096 4131 3682
f 4096 3682 3678
f 4092 4026 3797
f 4092 3791 4026
f 3678 3682 3677
f 3796 3697 3696
f 4069 3797 3697
f 3700 3676 3677
f 3700 3962 3676
f 3962 3700 3692
f 3690 3691 3963
f 3690 3692 3691
f 3696 3690 3796
f 3443 3442 3294
f 2424 3442 3443
f 3503 3276 3497
f 3503 3295 3266
f 3295 3503 3294
f 2424 3445 3442
f 3445 2427 3442
f 3281 75 3468
f 3281 3280 3304
f 3304 3280 3497
f 3503 3497 81
f 2425 2427 2444
f 3316 3451 3468
f 3451 3287 3468
f 3468 3287 3281
f 3316 3426 3317
f 2444 2484 2445
f 2454 2445 2484
f 3213 3224 3211
f 3210 3224 3213
f 3505 3224 3210
f 3319 3320 3501
f 3500 3426 3318
f 3426 3319 3318
f 3426 3320 3319
f 3426 3500 3317
f 2446 2448 2454
f 3211 3453 3213
f 3505 3210 3501
f 3319 3501 3318
f 3206 4507 3203
f 2448 2446 1089
f 2817 4507 3206
f 2817 4506 4507
f 1541 1089 2446
f 2817 2868 4506
f 1089 1540 1539
f 1089 1541 1540
f 2815 2868 2817
f 2816 83 2815
f 1568 1571 4479
f 1568 4479 1539
f 2767 83 2816
f 2767 2816 2771
f 1571 1569 1570
f 1568 1569 1571
f 2770 2767 2771
f 4434 4433 4431
f 1569 1538 4431
f 1538 4477 4431
f 2875 2770 2899
f 4474 4434 4484
f 4434 4431 4435
f 4435 4431 4477
f 2899 2874 2875
f 4284 4281 4286
f 4286 4281 4283
f 4474 4484 4284
f 4492 4484 4434
f 4434 4435 4492
f 79 4230 4403
f 4286 4283 76
f 4281 4284 4484
f 4484 4492 4281
f 2874 2775 2764
f 79 4411 4230
f 4429 79 4403
f 4429 4268 79
f 76 4283 4268
f 4282 4281 4408
f 4408 4281 4492
f 2784 4242 2775
f 79 4422 4411
f 4397 79 4268
f 4450 79 4397
f 4268 4283 4281
f 4225 4224 4235
f 4235 4224 4236
f 4198 4225 4422
f 4475 4225 4198
f 4198 4422 4199
f 4254 79 4450
f 4397 4281 4387
f 4268 4281 4397
f 4387 4281 4282
f 4242 2782 2783
f 4252 2782 4241
f 4241 2782 4242
f 4475 4224 4225
f 4200 4422 79
f 4199 4422 4200
f 4203 79 4254
f 4200 79 4203
f 4252 2781 2782
f 4236 4213 4221
f 4213 4236 4209
f 4209 4236 4224
f 4196 4475 4198
f 4203 4254 4450
f 4450 4397 4203
f 2785 2781 4252
f 4253 4251 4252
f 4214 4251 4253
f 4221 80 4441
f 80 4221 4213
f 4209 4224 4475
f 4204 4198 4199
f 4199 4200 4203
f 4471 2785 4252
f 4274 4252 4251
f 4471 4252 4274
f 4214 4274 4251
f 4468 80 4213
f 4468 4213 4210
f 4213 4209 4210
f 4195 4209 4475
f 4195 4475 4275
f 4475 4196 4275
f 4196 4198 4204
f 4199 4201 4204
f 4201 4199 4203
f 4201 4203 4273
f 4267 4270 4271
f 4267 4271 4367
f 4310 4367 4368
f 4367 159 160
f 4209 4195 4197
f 4202 4201 4194
f 4266 4220 4270
f 4266 4270 4267
f 4266 4367 4310
f 4266 4267 4367
f 160 168 4368
f 4367 160 4368
f 2790 2787 4274
f 4274 2787 4471
f 4197 4208 4209
f 4197 4195 4443
f 4194 4201 4273
f 4217 4273 4219
f 4219 4481 4215
f 4306 4266 4310
f 165 166 160
f 160 166 168
f 2790 2795 2787
f 4425 4428 4197
f 4197 4428 4208
f 4193 4443 4202
f 4194 4193 4202
f 4217 4194 4273
f 4406 4217 4219
f 4415 4219 4215
f 4415 4215 4265
f 4215 4220 4266
f 4312 4215 4306
f 4306 4215 4266
f 165 147 166
f 165 160 147
f 4425 4234 4428
f 4425 4197 4234
f 4192 4197 4443
f 4234 4197 4192
f 4265 4215 4216
f 4491 4216 4312
f 4312 4216 4215
f 147 151 166
f 148 151 147
f 1516 151 148
f 4192 4443 4193
f 4191 4193 4194
f 4466 4194 4217
f 4256 4217 4406
f 4406 4219 4415
f 4265 4216 4491
f 1516 133 151
f 2880 2883 2793
f 4192 4470 4234
f 4470 4192 4451
f 4191 4192 4193
f 4191 4466 4420
f 4191 4194 4466
f 4466 4494 4420
f 4466 4217 4494
f 4376 4217 4256
f 4494 4217 4376
f 4256 4406 4415
f 4375 4415 4265
f 4486 4375 4491
f 4491 4375 4265
f 4451 4190 4470
f 4451 4192 4190
f 4190 4192 4191
f 4420 4447 4191
f 4255 4376 4256
f 4256 4374 4255
f 4374 4256 4415
f 4374 4415 4373
f 4373 4415 4375
f 4373 4375 4486
f 2846 2883 2880
f 4470 4190 4189
f 4189 4190 4191
f 4189 4191 4277
f 4277 4191 4421
f 4421 4191 4447
f 4421 4447 4420
f 2869 2846 2845
f 131 129 134
f 2884 2845 2848
f 1476 1474 1475
f 2844 2845 2884
f 387 391 388
f 387 389 391
f 4767 422 448
f 387 390 392
f 387 392 389
f 391 394 395
f 391 389 394
f 394 422 407
f 394 448 422
f 448 428 447
f 447 4777 448
f 1149 392 390
f 1149 2502 443
f 392 1149 443
f 397 389 396
f 389 397 394
f 394 424 448
f 2905 2842 2843
f 394 397 72
f 394 72 424
f 4762 447 4763
f 447 4764 4763
f 3843 3844 1478
f 1084 2502 954
f 4762 4763 4765
f 4780 4762 4765
f 4765 4763 4764
f 1478 3844 3840
f 2835 2905 2836
f 2836 605 2835
f 954 1025 1084
f 3840 4061 3805
f 1025 688 1024
f 4765 709 4766
f 3800 3805 4061
f 3800 4061 3801
f 1026 1023 709
f 3862 3799 3800
f 4091 74 3661
f 3660 3661 3662
f 3799 3862 3860
f 4129 3660 3662
f 4129 77 3660
f 77 78 3663
f 3791 3860 4019
f 3772 3664 4096
f 3772 78 3664
f 4027 3791 4019
f 4096 3665 3772
f 3797 4026 4024
f 4027 4026 3791
f 3679 3683 3678
f 3677 3679 3678
f 3676 3679 3677
f 3696 3697 4024
f 4024 3697 3797
f 3962 3675 3676
f 3692 3693 3754
f 3962 3692 3754
f 3693 3692 3690
f 3693 3690 3696
f 3294 3503 3447
f 3447 3443 3294
f 3445 2424 3443
f 3280 3281 3288
f 3497 3280 3278
f 3446 2428 2427
f 3445 3446 2427
f 3287 3288 3281
f 3280 3288 3466
f 3280 3466 3278
f 3497 3278 81
f 2428 2484 2444
f 2427 2428 2444
f 3287 3451 3288
f 3317 3500 3316
f 2484 88 2454
f 3463 3453 3206
f 3463 3206 3203
f 3213 3453 3463
f 3501 82 3318
f 3318 82 3500
f 3204 3203 4507
f 3210 3226 3501
f 3501 3226 1693
f 3501 1693 82
f 2446 2449 1540
f 2446 2447 2449
f 1540 1541 2446
f 2449 1539 1540
f 1536 1569 1568
f 1568 1539 1536
f 1536 1538 1569
f 4477 4452 4435
f 1538 4452 4477
f 1538 1525 4452
f 1538 1537 1525
f 2776 2875 2874
f 4435 4448 4409
f 4435 4452 4448
f 2874 2764 2776
f 4435 4409 4492
f 4453 4448 4452
f 4409 4448 4453
f 4424 4492 4409
f 4452 4454 4453
f 4242 2764 2775
f 4408 4387 4282
f 4490 4408 4492
f 4490 4492 4424
f 4424 4409 4410
f 1523 4409 4453
f 4410 4409 1523
f 2764 4242 2762
f 4242 2783 2762
f 1566 4453 4454
f 1523 4453 1566
f 4387 4206 4397
f 4206 4387 4499
f 4499 4387 4408
f 2782 2781 2783
f 4206 4203 4397
f 4487 4499 4408
f 4498 4408 4490
f 4487 4408 4498
f 4498 4490 4271
f 4271 4490 4424
f 4271 4424 4367
f 4367 4424 4410
f 4367 4410 4500
f 4500 4410 1523
f 1523 159 4500
f 4205 4203 4206
f 4222 4206 4499
f 4270 4487 4271
f 4271 4487 4498
f 159 4367 4500
f 2781 2785 4471
f 4205 4273 4203
f 4219 4205 4206
f 4219 4206 4481
f 4207 4206 4222
f 4481 4206 4207
f 4222 4487 4270
f 4222 4499 4487
f 150 160 156
f 160 157 156
f 160 159 157
f 4488 4196 4204
f 4202 4488 4201
f 4201 4488 4204
f 4273 4205 4219
f 4481 4207 4215
f 4215 4207 4222
f 4215 4222 4220
f 4220 4222 4270
f 149 160 150
f 2787 2788 4471
f 4195 4275 4443
f 4443 4275 4196
f 4443 4196 4202
f 4202 4196 4488
f 148 160 149
f 2795 2788 2787
f 148 147 160
f 2793 2788 2795
f 2788 2793 84
f 131 152 133
f 132 131 133
f 1482 131 132
f 131 1482 130
f 2869 2838 2846
f 2828 2869 2845
f 131 1475 129
f 2845 2840 2828
f 387 385 386
f 2499 387 386
f 390 387 2499
f 385 384 383
f 412 393 422
f 413 412 422
f 413 422 4767
f 2844 2840 2845
f 2503 390 2499
f 388 385 387
f 385 388 391
f 385 391 384
f 383 384 393
f 407 422 393
f 1477 1474 1476
f 2843 2841 2844
f 2503 1149 390
f 395 384 391
f 384 395 393
f 393 395 394
f 393 394 407
f 448 4777 4767
f 1477 1478 1474
f 2842 2841 2843
f 2503 2501 1149
f 447 4780 4777
f 2905 2835 2842
f 2501 2502 1149
f 2501 750 2502
f 4762 4780 447
f 85 86 4137
f 4137 86 3845
f 86 3844 3845
f 3844 3843 3845
f 3845 3843 1478
f 750 954 2502
f 4133 4161 86
f 4161 3844 86
f 1025 954 703
f 708 4780 4766
f 4780 4765 4766
f 3801 4061 4161
f 4161 4061 3840
f 4161 3840 3844
f 605 2834 2835
f 605 608 2834
f 688 1025 703
f 689 688 703
f 4758 709 689
f 708 709 4758
f 4766 709 708
f 3802 3800 3801
f 605 604 608
f 688 689 1024
f 1024 689 1023
f 1023 689 709
f 87 3862 3802
f 3802 3862 3800
f 4091 604 74
f 3862 3790 3860
f 3659 3661 3660
f 3659 3660 77
f 3659 77 3663
f 4019 3860 3790
f 4019 3790 4148
f 78 3665 3663
f 3772 3665 78
f 3667 3665 4096
f 3666 4096 3678
f 3666 3667 4096
f 3683 3666 3678
f 4024 4025 3995
f 4024 4026 4025
f 3679 4106 3683
f 3676 4106 3679
f 3669 3676 3675
f 3669 4106 3676
f 3696 3754 3693
f 3995 3696 4024
f 3962 3669 3675
f 3669 3962 3673
f 3673 3962 3754
f 81 91 3503
f 3503 91 3447
f 3447 3446 3443
f 3446 3445 3443
f 3470 2428 3446
f 3277 81 3278
f 3277 3458 81
f 3458 91 81
f 3470 2429 2428
f 3316 3393 3451
f 3288 3451 3466
f 3466 3451 3278
f 3278 3279 3277
f 2428 2429 2484
f 2484 2429 2436
f 3500 1751 3316
f 1751 3393 3316
f 2436 88 2484
f 82 1723 3500
f 3500 1723 1751
f 2446 2454 88
f 88 2447 2446
f 3213 3203 3227
f 3463 3203 3213
f 3227 3210 3213
f 3226 3210 3227
f 3419 1693 3226
f 4506 3207 4507
f 4507 3207 3204
f 3226 1695 1694
f 3226 1694 3419
f 2868 3207 4506
f 2868 2815 2877
f 2767 2877 83
f 4656 2877 2767
f 83 2877 2815
f 2767 2766 4656
f 2770 2766 2767
f 1524 4452 1525
f 1524 4454 4452
f 2764 2762 2763
f 4454 1546 1522
f 1566 4454 1522
f 1523 1566 1522
f 2781 2762 2783
f 2781 2804 2762
f 1547 159 1523
f 2781 2780 2804
f 2781 4471 2779
f 2780 2781 2779
f 149 150 156
f 2788 2779 4471
f 2779 2788 2897
f 148 149 158
f 1487 148 158
f 84 2866 2788
f 1487 1516 148
f 2793 2821 84
f 1516 1514 133
f 2883 2821 2793
f 132 133 1482
f 2883 2846 2838
f 2828 2864 2869
f 427 386 385
f 427 385 382
f 2494 382 378
f 379 378 412
f 401 378 379
f 379 412 423
f 423 412 413
f 130 1475 131
f 427 2499 386
f 383 382 385
f 382 383 378
f 378 383 393
f 378 393 412
f 423 413 4767
f 4773 423 4767
f 1477 1476 1475
f 1477 1475 130
f 2840 2841 2828
f 2840 2844 2841
f 4777 4773 4767
f 4780 4768 4777
f 1551 1478 1477
f 2500 2501 2503
f 1551 4137 3845
f 1551 93 4137
f 1551 3845 1478
f 86 85 90
f 85 89 90
f 85 93 89
f 85 4137 93
f 2834 2831 2835
f 954 750 953
f 4780 4757 4759
f 4133 90 89
f 3804 4133 89
f 4161 4133 3804
f 90 4133 86
f 4780 708 4757
f 3803 3801 3804
f 3804 3801 4161
f 4757 708 4758
f 3803 3867 3802
f 3803 3802 3801
f 87 3802 3867
f 604 610 608
f 604 611 610
f 4089 3862 87
f 611 604 4091
f 4091 3661 3658
f 3661 3774 3658
f 3862 3861 4148
f 3790 3862 4148
f 3659 3774 3661
f 3773 3659 3663
f 3663 3665 3773
f 3773 3665 4134
f 3861 4019 4148
f 4027 3785 4026
f 3785 4027 4019
f 3778 3665 3667
f 4106 3666 3683
f 4106 3667 3666
f 4025 4026 3785
f 4025 3785 3995
f 3673 3670 3669
f 3673 3754 3926
f 3926 3754 3696
f 3926 3696 3995
f 3471 3446 3447
f 3471 3447 91
f 3455 3470 3446
f 3471 91 3458
f 3446 3471 3455
f 2429 3470 2430
f 3469 3451 3393
f 3469 3278 3451
f 3278 3469 1699
f 1701 3278 1699
f 3278 1701 3279
f 3277 1701 1764
f 3279 1701 3277
f 2430 2442 2436
f 2430 2436 2429
f 3277 1764 1773
f 3277 1773 3458
f 3458 1773 1713
f 1723 1747 1751
f 1751 1747 3393
f 3393 1747 3469
f 3205 3203 3204
f 3205 3227 3203
f 3419 82 1693
f 1723 3419 1692
f 1723 82 3419
f 2436 1543 88
f 88 1543 2447
f 2449 2447 1543
f 3207 3205 3204
f 3205 3208 3227
f 3226 3208 2583
f 3227 3208 3226
f 2583 1695 3226
f 1689 1694 1695
f 1689 3419 1694
f 1689 1695 1690
f 3419 1689 1691
f 3419 1691 1692
f 2868 2877 3207
f 2584 1690 1695
f 4656 2766 2877
f 1534 1536 1539
f 1527 1536 1535
f 1527 1538 1536
f 2875 2824 2770
f 1527 1537 1538
f 1527 1545 1537
f 2776 2824 2875
f 1545 1525 1537
f 2824 2776 2765
f 1573 1524 1525
f 2763 2776 2764
f 4454 1524 1573
f 1546 4454 1573
f 2776 2763 2773
f 2762 2759 2763
f 1547 1523 1522
f 2762 2804 2759
f 159 156 157
f 2779 2804 2780
f 2779 2897 2804
f 158 149 156
f 2788 2866 2897
f 2866 84 2821
f 1514 1516 1487
f 2883 92 2821
f 1482 133 1514
f 2864 2883 2838
f 92 2883 2864
f 406 401 400
f 400 967 399
f 2838 2869 2864
f 406 381 401
f 406 2494 381
f 400 380 967
f 400 401 380
f 381 2494 378
f 381 378 401
f 401 379 380
f 379 967 380
f 423 967 379
f 967 968 4779
f 967 423 968
f 1480 130 1482
f 1479 130 1480
f 2828 2910 2864
f 2504 427 382
f 4773 4779 423
f 423 4779 968
f 1479 1477 130
f 1481 1477 1479
f 2504 2499 427
f 2506 2499 2504
f 1520 1477 1481
f 2841 2827 2828
f 2503 2506 751
f 2503 2499 2506
f 4773 4777 4768
f 1520 1551 1477
f 2841 2842 2827
f 751 2500 2503
f 2842 2835 2831
f 751 2501 2500
f 748 2501 751
f 4780 4761 4768
f 4780 4760 4761
f 2501 748 750
f 4759 4760 4780
f 3977 89 93
f 2834 2833 2831
f 2834 621 2833
f 750 748 953
f 3804 3978 3803
f 3978 3804 3977
f 3977 3804 89
f 703 954 953
f 694 703 953
f 703 694 693
f 608 621 2834
f 693 689 703
f 693 706 689
f 689 706 4758
f 3803 4089 3867
f 608 610 612
f 4089 87 3867
f 610 611 4091
f 3861 3862 4089
f 3658 3774 3659
f 3773 3658 3659
f 4019 3861 3789
f 4019 3789 3786
f 3764 3665 3778
f 3764 4134 3665
f 3785 4019 3786
f 3778 3667 4106
f 3668 4106 3669
f 3668 3778 4106
f 3926 3674 3672
f 3995 3674 3926
f 3755 3668 3669
f 3755 3669 3670
f 3670 3673 3672
f 3672 3673 3926
f 3458 3457 3471
f 3455 3471 3457
f 2443 3470 3455
f 2443 2430 3470
f 1713 1711 3458
f 1711 3457 3458
f 3457 1711 3455
f 2443 2442 2430
f 3469 1703 1699
f 1702 1764 1701
f 1699 1702 1701
f 2436 2442 2434
f 1747 1703 3469
f 1773 1764 1702
f 1692 1747 1723
f 1696 1747 1692
f 1747 1696 1687
f 2435 1543 2436
f 3207 3504 3205
f 1696 1692 1688
f 2435 2449 1543
f 1539 2449 2435
f 4505 3504 3207
f 3205 3504 3208
f 3208 2582 2583
f 2584 1695 2583
f 2584 2583 2582
f 1688 1692 1691
f 3207 2877 4505
f 4505 2877 4655
f 1761 1689 1690
f 1691 1735 1688
f 2766 4655 2877
f 1535 1536 1534
f 2770 4655 2766
f 1534 1527 1535
f 2770 2824 4655
f 4655 2824 4662
f 1573 1525 1545
f 2772 2765 2776
f 2776 2773 2772
f 1547 1522 1546
f 2804 2758 2759
f 159 1547 94
f 94 156 159
f 158 156 94
f 1548 158 94
f 2804 2897 2777
f 1549 158 1548
f 1549 1487 158
f 2866 2902 2897
f 2866 2751 2902
f 2821 2751 2866
f 1509 1486 1487
f 2751 2821 92
f 1486 1514 1487
f 411 400 404
f 404 402 403
f 405 415 414
f 415 405 1146
f 415 1146 1147
f 1147 1070 449
f 411 2493 406
f 411 406 400
f 402 404 400
f 1146 1073 1147
f 1514 1483 1504
f 2864 2822 92
f 2493 2494 406
f 399 402 400
f 402 399 967
f 1146 402 1072
f 1146 405 402
f 1480 1514 1504
f 1482 1514 1480
f 2822 2864 2826
f 967 1072 402
f 2864 2910 2826
f 967 4779 1072
f 382 2506 2504
f 4773 4772 4779
f 1520 1481 1479
f 2828 2876 2910
f 4773 4768 4772
f 2827 2876 2828
f 739 751 2506
f 2842 2829 2827
f 751 739 748
f 4761 4769 4768
f 4077 1551 1520
f 2829 2842 2831
f 1551 4077 93
f 2831 2833 621
f 745 671 748
f 3977 93 4077
f 671 697 953
f 748 671 953
f 3978 4165 3803
f 3986 3978 3977
f 697 694 953
f 693 694 690
f 4758 704 4759
f 4758 4759 4757
f 4089 4165 3988
f 3803 4165 4089
f 608 623 621
f 4758 706 704
f 3988 3880 4089
f 612 613 608
f 3880 3861 4089
f 613 612 610
f 610 4091 613
f 613 4091 623
f 3861 3866 3788
f 4090 623 4091
f 3788 3789 3861
f 4110 4090 4091
f 4110 4091 3658
f 4073 4110 3658
f 4105 3658 3773
f 4111 4105 3773
f 4111 3773 4134
f 3786 3789 3788
f 3764 4111 4134
f 3787 3785 3786
f 4022 3764 3778
f 3755 3778 3668
f 3674 3995 3927
f 3927 3995 3785
f 3671 3755 3670
f 3671 3670 3672
f 2443 3455 2434
f 2443 2434 2442
f 1712 1711 1713
f 1703 1700 1699
f 1721 1700 1703
f 1702 1715 1773
f 1715 1714 1773
f 1773 1714 1713
f 1714 1712 1713
f 1711 1712 1710
f 2434 2435 2436
f 1687 1703 1747
f 1686 1703 1687
f 1721 1703 1686
f 1783 1700 1721
f 1783 1702 1699
f 1700 1783 1699
f 1704 1702 1783
f 1704 1715 1702
f 1696 1697 1687
f 1697 1686 1687
f 1544 1539 2435
f 95 1539 1544
f 2582 3504 2586
f 3208 3504 2582
f 1688 1697 1696
f 1532 1534 95
f 1534 1539 95
f 4505 4655 4504
f 2586 2682 2582
f 2682 2584 2582
f 1689 1735 1691
f 1735 1722 1688
f 2682 2590 1690
f 2584 2682 1690
f 2589 1690 2590
f 1681 1761 1690
f 1681 1690 2589
f 1761 1735 1689
f 1531 1534 1532
f 1735 1761 1681
f 1531 1527 1534
f 2824 2900 4653
f 2765 2900 2824
f 1560 1546 1573
f 1558 1560 1573
f 2763 2774 2773
f 1559 1546 1560
f 2760 2763 2761
f 2759 2761 2763
f 1559 1547 1546
f 2761 2759 2760
f 2759 2758 2760
f 2804 2760 2758
f 2804 2801 2760
f 1565 94 1547
f 2756 2801 2804
f 94 1565 1521
f 2804 2754 2756
f 421 418 419
f 94 1521 1555
f 1549 94 1555
f 1548 94 1549
f 2804 2777 2755
f 2754 2804 2755
f 2897 2755 2777
f 2902 2746 2897
f 2897 2746 2755
f 409 417 2913
f 417 416 418
f 418 416 419
f 450 420 419
f 1508 1487 1549
f 409 410 417
f 417 410 416
f 416 415 419
f 419 415 450
f 1508 1509 1487
f 459 450 415
f 92 2747 2751
f 408 96 404
f 410 414 415
f 410 415 416
f 1147 459 415
f 1147 449 459
f 1509 1514 1486
f 1483 1514 1509
f 2752 2747 92
f 404 2493 411
f 96 2493 404
f 403 408 404
f 408 403 402
f 408 402 409
f 409 402 405
f 409 405 410
f 410 405 414
f 92 2912 2752
f 1147 1073 1070
f 1070 1073 1068
f 92 2822 2912
f 2495 2494 2493
f 1146 1072 1073
f 2505 382 2494
f 1479 1480 1519
f 2505 2506 382
f 1074 1072 4779
f 1067 2506 2505
f 4779 4772 4770
f 1519 1520 1479
f 1067 739 2506
f 4769 4772 4768
f 2829 2876 2827
f 741 748 738
f 738 748 739
f 4761 4760 4769
f 1520 1502 4077
f 746 669 745
f 669 671 745
f 741 745 748
f 1490 4077 1502
f 2867 2831 2832
f 621 2832 2831
f 669 746 673
f 4759 4778 4760
f 3976 3986 3977
f 3976 3977 1490
f 1490 3977 4077
f 2832 621 2867
f 669 670 671
f 670 698 671
f 4778 4759 721
f 3987 4165 3986
f 4165 3978 3986
f 631 621 623
f 2867 621 631
f 698 697 671
f 694 691 690
f 4759 704 721
f 3987 3880 3988
f 3987 3988 4165
f 706 102 704
f 613 623 608
f 3861 3880 4166
f 4166 3788 3866
f 4166 3866 3861
f 4167 614 623
f 4167 623 4090
f 4110 4167 4090
f 4110 4073 4167
f 4105 4073 3658
f 4124 3786 4135
f 3787 3786 4124
f 4135 3786 3788
f 3766 4105 4111
f 3764 3766 4111
f 3927 3869 3784
f 3869 3927 3785
f 3785 3787 4124
f 3785 4124 3869
f 4022 3771 3764
f 3778 3771 4022
f 3761 3771 3778
f 3760 3778 3755
f 3760 3761 3778
f 3762 3755 3671
f 3762 3760 3755
f 3762 3671 3672
f 4072 3762 3672
f 4072 3674 3784
f 3672 3674 4072
f 3784 3674 3927
f 3455 3456 2434
f 1710 1716 1711
f 1711 1716 3455
f 1716 1709 3455
f 1709 3456 3455
f 3456 1709 2434
f 2434 1709 1748
f 2434 1748 2432
f 2432 2431 2434
f 2435 2434 2431
f 2435 2431 2433
f 1714 1710 1712
f 2433 2437 2435
f 2435 2437 2441
f 1686 1684 1721
f 1685 1721 1684
f 1685 1783 1721
f 2441 1544 2435
f 1685 1684 1783
f 1705 1704 1783
f 1705 1783 1684
f 1714 1704 1705
f 1714 1715 1704
f 2580 4505 3209
f 3504 2580 2581
f 4505 2580 3504
f 1688 1698 1697
f 1686 1697 1676
f 1684 1720 1705
f 1705 1707 1714
f 1532 95 1533
f 4504 3209 4505
f 2581 2580 2586
f 3504 2581 2586
f 1735 1682 1722
f 1722 1682 1688
f 1682 1769 1688
f 1769 1698 1688
f 1698 1769 1697
f 1697 1769 1677
f 1697 1677 1676
f 1705 1720 1707
f 1707 1706 1719
f 1531 1532 1533
f 4655 4503 4504
f 2586 2663 2682
f 1682 1735 1743
f 2824 4653 4662
f 4653 4655 4662
f 4653 4503 4655
f 2663 2588 2590
f 2682 2663 2590
f 2588 2589 2590
f 1681 1743 1735
f 1527 1531 1528
f 1574 1527 1528
f 2663 1789 2589
f 2588 2663 2589
f 1681 2589 1789
f 1678 1681 1788
f 1681 1678 1743
f 1743 1771 1682
f 1574 1545 1527
f 2799 4653 2900
f 1681 1734 1788
f 1681 1789 1734
f 1526 1545 1574
f 2765 2798 2900
f 1788 1734 1789
f 1526 1573 1545
f 2772 2798 2765
f 1789 2591 1788
f 1526 1558 1573
f 2773 2774 2772
f 2774 2798 2772
f 1559 1560 1558
f 2763 98 2774
f 2760 98 2763
f 1565 1547 1559
f 2801 2778 2760
f 452 1075 2918
f 2756 2757 2801
f 439 421 445
f 445 421 426
f 426 452 2918
f 1512 1521 1565
f 2754 2757 2756
f 421 439 418
f 419 426 421
f 1076 426 419
f 452 426 1076
f 439 442 417
f 442 2913 417
f 439 417 418
f 420 1076 419
f 420 452 1076
f 420 450 452
f 2746 2902 2749
f 2913 2498 409
f 450 459 451
f 2746 2749 2751
f 2902 2751 2749
f 831 408 2498
f 2498 408 409
f 2751 2747 2744
f 831 96 408
f 1503 1509 1485
f 1483 1509 1503
f 1068 459 1070
f 1070 459 449
f 2495 2493 96
f 2495 96 2496
f 1503 1504 1483
f 1066 2494 2495
f 1073 1072 1069
f 1069 1072 1074
f 2912 2822 2721
f 2822 2826 2721
f 1066 2505 2494
f 1480 1504 1518
f 1518 1519 1480
f 2910 2721 2826
f 2910 2719 2721
f 4779 4776 1074
f 2830 2910 2876
f 2719 2910 2830
f 1782 1067 2505
f 4776 4779 4770
f 4772 4769 4770
f 1563 1520 1519
f 738 740 742
f 738 739 740
f 4769 4760 4770
f 1520 1563 1502
f 746 745 747
f 745 743 747
f 743 741 742
f 745 741 743
f 742 741 738
f 1563 1490 1502
f 2831 2726 2829
f 1776 674 747
f 747 674 746
f 1490 1563 4076
f 2867 2907 2831
f 1776 1779 674
f 674 669 673
f 746 674 673
f 4778 4771 4760
f 3985 3986 3979
f 3976 1490 4076
f 3976 4076 3986
f 674 670 669
f 3987 3986 3985
f 3987 3985 3979
f 697 695 694
f 698 695 697
f 694 692 691
f 695 692 694
f 691 692 690
f 102 706 690
f 692 102 690
f 704 716 721
f 3984 3880 3987
f 693 690 706
f 631 623 630
f 623 629 630
f 4166 3880 3886
f 614 629 623
f 3886 3788 4166
f 4073 3652 4167
f 3651 4073 4105
f 3766 3783 4105
f 3765 3766 3764
f 3784 3869 4072
f 3870 3869 4124
f 3770 3765 3764
f 3770 3764 3771
f 2432 1748 99
f 2433 2431 2432
f 2433 2432 2437
f 1708 1709 1710
f 1710 1709 1716
f 1707 1708 1714
f 1708 1710 1714
f 1719 1708 1707
f 1708 1717 1709
f 1533 95 1544
f 1533 1544 1531
f 1719 1781 1708
f 1717 1708 1781
f 2687 4504 4502
f 3209 4504 2687
f 3209 2585 2580
f 2586 2580 2585
f 2586 2585 2669
f 1677 1769 1682
f 1686 1676 1677
f 1684 1686 1675
f 1684 1675 1720
f 1706 1707 1720
f 1706 1744 1719
f 1781 1719 1744
f 2586 2669 2587
f 2587 2663 2586
f 1677 1724 1686
f 1686 1724 1675
f 1675 1673 1720
f 1720 1673 1706
f 1724 1677 97
f 1675 1724 1673
f 1706 1673 1737
f 2587 2683 2663
f 2683 1789 2663
f 1743 1679 1771
f 1679 1682 1771
f 1680 1682 1679
f 1682 1680 1677
f 1677 1785 97
f 1677 1680 1785
f 2683 2587 2662
f 1788 1787 1678
f 1679 1743 1678
f 1787 1679 1678
f 1680 1592 1785
f 1567 1526 1574
f 2798 2904 2900
f 2683 2592 1789
f 2591 1789 2592
f 1786 1680 1787
f 1680 1679 1787
f 1680 1786 1592
f 1567 1558 1526
f 2592 2661 2591
f 1787 1788 2591
f 2591 1594 1787
f 2591 2661 1594
f 1787 1594 1595
f 2774 98 2798
f 2592 1600 2661
f 1565 1559 1553
f 2592 1601 1600
f 2592 2674 1601
f 2661 1600 1594
f 2760 2778 98
f 1601 1610 1600
f 1600 1610 1755
f 445 426 2914
f 1075 1078 2918
f 1075 452 2918
f 1075 2918 1078
f 439 2913 442
f 445 2914 439
f 2914 2913 439
f 426 2918 2915
f 2914 426 2915
f 452 455 2918
f 1521 1512 1517
f 457 2914 2915
f 1517 1555 1521
f 1549 1555 1517
f 1508 1549 1517
f 2913 2914 2916
f 452 450 453
f 2755 2746 2786
f 2919 2498 2913
f 2916 2919 2913
f 451 453 450
f 2746 2745 2786
f 831 2498 2919
f 831 2919 2916
f 451 459 453
f 1485 1509 1508
f 2751 2745 2746
f 830 2497 831
f 2744 2745 2751
f 2497 96 831
f 1068 461 459
f 459 461 456
f 1485 1550 1503
f 2747 2748 2744
f 2497 2496 96
f 2752 2748 2747
f 964 2495 2496
f 964 2496 2497
f 1073 1069 1068
f 1484 1504 1503
f 1488 1504 1484
f 965 1739 2495
f 1739 1066 2495
f 965 2495 964
f 1124 270 1069
f 1074 1124 1069
f 2830 2912 2721
f 2505 1739 1065
f 1066 1739 2505
f 1071 1124 1074
f 1135 1071 1074
f 2721 2719 2830
f 1739 1782 1065
f 1065 1782 2505
f 1074 4776 1135
f 744 740 1782
f 740 1067 1782
f 4776 1141 1135
f 1519 1518 1489
f 2906 2830 2876
f 1606 1603 1605
f 740 739 1067
f 1141 4776 1137
f 4770 1137 4776
f 2876 2726 2906
f 2876 2829 2726
f 1603 1607 2678
f 1603 1604 1605
f 1605 747 1606
f 1742 1606 749
f 1606 747 749
f 749 742 744
f 744 742 740
f 4770 4760 1138
f 929 927 925
f 927 771 925
f 1563 1519 101
f 2678 1776 1760
f 1603 2678 1760
f 1603 1760 1776
f 1603 1776 1604
f 1604 1776 747
f 1604 747 1605
f 747 743 749
f 749 743 742
f 4771 1138 4760
f 677 929 687
f 929 677 927
f 771 927 677
f 4076 1563 101
f 2831 2725 2726
f 2678 1779 1776
f 2907 2725 2831
f 2678 2679 1779
f 2679 676 1779
f 676 674 1779
f 674 676 675
f 721 684 4771
f 4778 721 4771
f 4771 684 683
f 3979 3986 3974
f 3974 3986 4076
f 674 672 670
f 672 702 670
f 670 702 698
f 102 716 704
f 3989 3987 3983
f 3984 3987 3989
f 3983 3987 3979
f 631 2727 2867
f 3989 3880 3984
f 630 629 631
f 616 629 614
f 3878 3788 3886
f 3652 616 614
f 3652 614 4167
f 4124 4135 3871
f 4135 3788 3878
f 3650 4073 3651
f 4105 3783 3651
f 3870 4124 3871
f 3783 3766 3765
f 3770 3783 3765
f 4072 3966 4028
f 4072 3869 3895
f 3895 3869 3870
f 3761 3760 3966
f 3966 3760 3762
f 3966 3762 4028
f 4028 3762 4072
f 99 1749 2432
f 1749 2437 2432
f 99 1748 1709
f 1718 99 1709
f 99 1718 1668
f 1718 1709 1668
f 1544 2441 2438
f 1544 2438 2440
f 1544 2440 2439
f 2439 1531 1544
f 1531 2439 2440
f 1530 1531 2440
f 3209 2687 4502
f 2669 2585 3209
f 1744 1717 1781
f 1665 1717 1746
f 4503 4502 4504
f 3209 2673 2668
f 3209 4502 2673
f 2664 3209 2668
f 2664 2669 3209
f 2664 2587 2669
f 1737 1672 1706
f 1745 1744 1706
f 1745 1706 1672
f 1717 1744 1669
f 1717 1669 1746
f 1531 1530 1528
f 1528 1530 1529
f 4653 4502 4503
f 2673 4502 4653
f 2660 2587 2664
f 97 1683 1724
f 1674 1724 1683
f 1672 1737 1673
f 1744 1745 1672
f 1744 1725 1669
f 1529 1574 1528
f 2680 4653 2799
f 2660 2595 2587
f 2595 2662 2587
f 1724 1674 1673
f 1672 1725 1744
f 2595 2683 2662
f 1762 97 1785
f 1683 1671 1674
f 1683 97 1671
f 1674 1670 1673
f 1672 1673 1670
f 2799 2904 2666
f 2900 2904 2799
f 2593 2595 2594
f 2595 2592 2683
f 1787 1592 1786
f 1592 1591 1785
f 1762 1759 97
f 1671 97 1759
f 1674 1671 1670
f 1646 1558 1567
f 2593 2596 2595
f 2596 2592 2595
f 1762 1785 1591
f 2797 2798 2796
f 1588 1787 1595
f 1596 1787 1588
f 1787 1591 1592
f 1787 1596 1591
f 1558 1553 1559
f 98 2796 2798
f 98 2797 2796
f 98 2800 2797
f 2596 2674 2592
f 1594 1588 1595
f 1591 1596 1588
f 2778 2800 98
f 1600 1584 1594
f 1594 1584 1588
f 1588 1584 1591
f 1553 1552 1565
f 2778 2801 2800
f 2658 1601 2674
f 2597 2658 2674
f 1736 1601 2658
f 1755 1584 1600
f 2757 2802 2801
f 1608 1601 1736
f 2658 1608 1736
f 1609 1610 1601
f 1609 1601 1608
f 1584 1755 1577
f 1584 1583 1757
f 1584 1577 1583
f 2598 2599 2658
f 1608 2658 1609
f 1610 1763 1755
f 1614 1757 1575
f 455 454 2918
f 1512 1511 1517
f 2599 2600 2658
f 2658 2600 1609
f 2600 1610 1609
f 1755 1763 1578
f 1755 1578 1577
f 1583 1577 1757
f 2920 457 2915
f 2915 2918 454
f 455 452 454
f 1508 1517 1510
f 2786 2754 2755
f 1610 2600 2685
f 1610 1768 1763
f 1577 1576 1757
f 1757 1576 1575
f 457 2916 2914
f 454 453 457
f 452 453 454
f 1610 2625 1768
f 1577 1775 1576
f 1577 1578 1775
f 2916 457 464
f 459 464 453
f 453 464 457
f 1513 1508 1510
f 1564 1508 1513
f 1576 1740 1774
f 1576 1775 1740
f 464 831 2916
f 456 463 459
f 459 463 464
f 1564 1485 1508
f 1768 2625 1579
f 1768 1579 1763
f 1578 1581 1775
f 1740 1775 1741
f 2923 831 464
f 2923 830 831
f 1564 1550 1485
f 2626 1585 2625
f 2625 1585 1579
f 1775 1581 1741
f 2497 830 1741
f 2748 2750 2744
f 1593 1587 2626
f 1579 1739 1763
f 1763 1580 1578
f 1763 1739 1580
f 1578 1580 1581
f 1581 964 1741
f 964 2497 1741
f 1068 456 461
f 279 784 770
f 2626 1587 1585
f 1580 964 1581
f 1069 270 456
f 1069 456 1068
f 280 930 784
f 274 280 784
f 279 274 784
f 1767 1593 1766
f 1593 1597 1587
f 1593 1767 1597
f 1587 1586 1585
f 1585 1731 1579
f 1579 1732 1739
f 1579 1731 1732
f 964 1739 965
f 1580 1739 964
f 1557 1504 1488
f 2830 2718 2912
f 1586 1733 1585
f 1585 1782 1731
f 1585 1733 1782
f 1732 1731 1739
f 1135 1124 1071
f 1124 1136 1143
f 1124 1135 1136
f 1557 1518 1504
f 2718 2830 2720
f 1767 1603 1597
f 1597 1603 1611
f 1587 1597 1586
f 1731 1782 1739
f 1143 1136 1140
f 1140 926 105
f 105 926 928
f 2830 2906 2720
f 1767 1602 1603
f 1611 1603 1606
f 1611 1606 1597
f 1742 1597 1606
f 1586 1597 1742
f 1782 1586 744
f 1733 1586 1782
f 1141 1136 1135
f 1140 1136 926
f 928 926 772
f 100 1519 1489
f 1602 1607 1603
f 1586 1742 749
f 749 744 1586
f 1141 1142 1136
f 926 1136 1142
f 929 925 926
f 925 772 926
f 4770 1141 1137
f 1141 4770 1138
f 1139 1141 1138
f 1141 1139 1142
f 926 1142 1139
f 686 926 1139
f 926 686 929
f 771 772 925
f 100 101 1519
f 2629 2678 1607
f 4771 683 1139
f 4771 1139 1138
f 1139 683 686
f 686 687 929
f 771 677 772
f 772 677 680
f 100 4076 101
f 2678 2629 2684
f 677 687 680
f 3974 1561 3975
f 3974 4076 1561
f 2684 2677 2678
f 2676 2678 2677
f 2679 2678 2676
f 675 672 674
f 3983 3979 3980
f 3979 3974 3980
f 2727 2907 2867
f 2725 2907 2727
f 672 701 702
f 716 102 705
f 716 711 721
f 3982 3989 3983
f 701 698 702
f 699 698 701
f 699 695 698
f 696 695 707
f 695 699 707
f 695 696 705
f 695 705 692
f 692 705 102
f 629 2727 631
f 629 616 2727
f 3968 3880 3989
f 3879 3878 3886
f 3886 3880 3968
f 3886 3968 3879
f 627 616 3653
f 3653 616 3652
f 3652 4087 3653
f 3871 4135 3872
f 3872 4135 3878
f 3657 3652 4073
f 3657 4087 3652
f 3782 3650 3651
f 3782 3651 3783
f 3783 3648 3782
f 3895 3877 3876
f 3870 3871 3895
f 3769 3783 3770
f 103 3767 3770
f 3767 3769 3770
f 3966 3965 103
f 3966 3964 3965
f 3964 4072 3876
f 3966 4072 3964
f 3876 4072 3895
f 3771 103 3770
f 3761 103 3771
f 103 3761 3966
f 106 1749 99
f 106 2437 1749
f 99 1667 106
f 2438 2441 1765
f 1668 1666 99
f 1666 1667 99
f 1765 2440 2438
f 1717 1668 1709
f 2482 2440 1765
f 1665 1668 1717
f 1664 1668 1665
f 2482 107 2440
f 1530 2440 107
f 1665 1746 1664
f 1657 1530 107
f 1657 1529 1530
f 4653 2668 2673
f 2664 2668 4653
f 1657 1574 1529
f 2680 2666 4653
f 4653 2665 2664
f 4653 2666 2665
f 2665 2660 2664
f 1725 1663 1669
f 1574 1657 1645
f 2666 2680 2799
f 2665 2666 2660
f 2666 2595 2660
f 1730 1725 1672
f 1670 1730 1672
f 1726 1663 1725
f 1574 1646 1567
f 2667 2666 2904
f 2667 2681 2666
f 2666 2594 2595
f 2681 2594 2666
f 1670 1753 1730
f 1670 1661 1753
f 1725 1753 1629
f 1725 1730 1753
f 2798 2667 2904
f 2681 2593 2594
f 1784 1759 1762
f 1661 1670 1671
f 1647 1558 1646
f 2797 2667 2798
f 2681 2686 2593
f 2686 2596 2593
f 1590 1762 1591
f 1759 1780 1671
f 1759 1784 1780
f 1671 1729 1661
f 1647 1553 1558
f 2667 2797 2681
f 1599 1590 1591
f 1784 1762 1590
f 2797 2659 2681
f 2681 2652 2686
f 2681 2659 2652
f 2686 2597 2674
f 2686 2674 2596
f 1599 1591 1584
f 2653 2800 2801
f 2797 2800 2653
f 2659 2797 2652
f 2652 2658 2597
f 2652 2597 2686
f 1599 1598 1590
f 1590 1598 1614
f 2802 2653 2801
f 2797 2653 2652
f 1757 1599 1584
f 1599 1757 1598
f 1598 1757 1614
f 1511 1512 1565
f 2757 2654 2802
f 2653 2802 2654
f 2670 2652 2671
f 2670 2658 2652
f 2670 2598 2658
f 1575 1615 1614
f 1582 1615 1575
f 1615 1582 1589
f 2754 2654 2757
f 2601 2598 2670
f 2601 2599 2598
f 2601 2600 2599
f 1575 1738 1582
f 2915 454 2920
f 1517 1511 1510
f 2786 2654 2754
f 2786 2656 2654
f 2670 2602 2601
f 2601 2685 2600
f 1576 1738 1575
f 457 2920 454
f 1513 1510 1564
f 2745 2656 2786
f 2605 2685 2601
f 2605 2625 1610
f 2605 1610 2685
f 1774 1738 1576
f 1741 1738 1774
f 1738 1741 2957
f 1740 1741 1774
f 2744 2743 2745
f 2744 2741 2743
f 1613 2626 2625
f 2957 1741 2923
f 2917 2923 464
f 463 2917 464
f 463 458 2917
f 463 456 458
f 1506 1550 1564
f 2750 2741 2744
f 1613 1593 2626
f 1741 830 2923
f 458 456 462
f 274 273 280
f 274 279 273
f 273 279 770
f 1506 1503 1550
f 1612 1593 1613
f 462 456 270
f 1503 1488 1484
f 1612 1752 1593
f 1613 1752 1612
f 1125 280 271
f 1125 1144 280
f 1144 104 280
f 104 930 280
f 930 770 784
f 2912 2717 2752
f 2627 1766 1593
f 2627 1593 1752
f 1125 270 1124
f 1125 1140 1144
f 104 1144 105
f 104 105 930
f 1556 1557 1488
f 2718 2717 2912
f 2627 1767 1766
f 1143 1125 1124
f 1125 1143 1140
f 1144 1140 105
f 928 930 105
f 2647 1602 1767
f 2647 1767 2627
f 772 930 928
f 772 778 930
f 2740 2720 2906
f 1500 100 1489
f 2906 2739 2740
f 2628 1602 2647
f 2726 2739 2906
f 2629 1607 1602
f 2629 1602 2628
f 772 680 773
f 2724 2726 2725
f 2739 2726 2724
f 1501 4076 100
f 1498 4076 1501
f 683 682 686
f 678 686 682
f 687 686 678
f 687 678 680
f 1561 4076 1498
f 2684 2629 2677
f 2676 2677 2629
f 2676 2629 2248
f 721 685 684
f 684 685 683
f 685 682 683
f 3980 3974 3973
f 3974 3975 3973
f 2727 2729 2725
f 2676 2248 2679
f 2248 2237 2679
f 676 2237 2236
f 2679 2237 676
f 705 696 716
f 696 711 716
f 721 711 685
f 3971 3982 3983
f 3971 3983 3980
f 3971 3980 3973
f 700 699 701
f 699 700 707
f 3969 3989 3982
f 3969 3982 3971
f 616 625 2727
f 616 627 625
f 3968 3989 3969
f 627 3653 638
f 3872 3878 3879
f 3872 3879 3873
f 4173 3653 4087
f 3871 3872 3895
f 3872 3873 3895
f 4087 3657 4173
f 3650 3657 4073
f 3876 3875 3874
f 3877 3875 3876
f 3768 3648 3783
f 3768 3783 3769
f 3769 3767 103
f 3965 3769 103
f 3874 3964 3876
f 106 1667 1641
f 1641 1765 2441
f 106 1641 2441
f 2437 106 2441
f 1641 1772 1765
f 1662 1666 1668
f 1664 1662 1668
f 2482 1643 107
f 1746 1662 1664
f 1643 1657 107
f 1746 1660 1662
f 1657 1643 1638
f 1669 1660 1746
f 1635 1574 1645
f 1726 1669 1663
f 1660 1669 1726
f 1635 1646 1574
f 1629 1726 1725
f 1780 1784 1590
f 1729 1671 1780
f 1729 1617 1661
f 1629 1661 1627
f 1629 1753 1661
f 1647 1552 1553
f 1780 1590 1614
f 1780 1616 1729
f 1729 1616 1617
f 1615 1780 1614
f 1589 1780 1615
f 1616 1780 1589
f 1511 1565 1552
f 1616 1589 1618
f 1617 1616 1618
f 2654 2655 2653
f 2655 2652 2653
f 2655 2671 2652
f 2655 2670 2671
f 2656 2655 2654
f 2655 111 2670
f 1582 2926 1589
f 1618 1589 2926
f 1515 1510 1511
f 2655 2656 2657
f 111 2655 2657
f 111 2604 2670
f 2670 2604 2603
f 2670 2603 2602
f 1510 1515 1564
f 1564 1515 1200
f 2745 2839 2656
f 2657 2656 111
f 2624 2602 2603
f 2624 2601 2602
f 1738 2957 1582
f 2957 2926 1582
f 2745 2743 2839
f 2624 2625 2605
f 2624 2605 2601
f 2624 1613 2625
f 1507 1506 1564
f 2750 2748 2741
f 2923 2917 460
f 2924 2923 460
f 2921 2923 2924
f 2917 458 460
f 462 460 458
f 280 273 271
f 1505 1503 1506
f 2624 2623 1613
f 2623 2651 1613
f 278 2924 462
f 2924 460 462
f 278 462 270
f 1505 1488 1503
f 2752 2716 2748
f 2651 1752 1613
f 270 1125 271
f 786 770 785
f 2717 2716 2752
f 1752 2651 2627
f 783 785 770
f 770 781 783
f 770 930 781
f 2627 2621 2647
f 778 777 930
f 1500 1489 1518
f 772 777 778
f 772 779 777
f 773 779 772
f 1501 100 1500
f 2646 2629 2628
f 2630 2629 2646
f 2724 2742 2739
f 678 679 680
f 2729 2724 2725
f 2629 2630 2675
f 2675 2248 2629
f 682 685 711
f 714 682 711
f 713 682 714
f 1561 3972 3973
f 3975 1561 3973
f 2724 2729 2728
f 2248 2236 2237
f 2234 676 2236
f 676 2234 675
f 113 675 108
f 675 2234 108
f 113 672 675
f 672 2261 701
f 113 2261 672
f 701 2261 700
f 2261 707 700
f 696 710 711
f 3972 3971 3973
f 2729 2727 624
f 2248 2235 2236
f 3970 3969 3971
f 625 624 2727
f 3968 3969 3916
f 3968 3916 3981
f 3879 3968 3981
f 3879 3981 3919
f 628 627 638
f 3873 3879 3919
f 638 3653 4173
f 3901 3895 3873
f 3901 3877 3895
f 3656 638 4173
f 3657 3656 4173
f 3780 3650 3649
f 3650 3782 3649
f 3648 3649 3782
f 3874 3900 3964
f 3875 3877 3874
f 3780 3649 3648
f 3642 3780 3648
f 3647 3648 3768
f 3647 3642 3648
f 3950 3769 3965
f 3950 3964 3900
f 3965 3964 3950
f 1666 1641 1667
f 1662 1641 1666
f 1639 1641 1640
f 1639 1772 1641
f 1639 2482 1765
f 1639 1765 1772
f 1662 1642 1641
f 2482 1639 1643
f 1637 1639 1644
f 1637 1638 1643
f 1637 1643 1639
f 109 1642 1662
f 1637 1644 1638
f 1644 1657 1638
f 109 1662 1660
f 1644 1645 1657
f 1635 1645 1644
f 1659 1660 1726
f 1656 1635 1636
f 1656 1646 1635
f 1777 1646 1656
f 1629 1628 1726
f 1628 1630 1726
f 1777 1647 1646
f 1727 1628 1629
f 1630 1628 1727
f 1626 1727 1629
f 1626 1629 1627
f 1778 1727 1626
f 1552 1647 1648
f 1647 1653 1648
f 1617 1627 1661
f 1655 1552 1648
f 1511 1552 1655
f 1621 1627 1618
f 1627 1617 1618
f 1649 1511 1655
f 2926 2925 1618
f 1728 1618 2925
f 1649 1515 1511
f 110 111 2656
f 110 2656 2839
f 2604 111 2608
f 2604 2608 2603
f 2957 2921 2926
f 2925 2926 2921
f 2608 2606 2603
f 2624 2603 2606
f 2957 2922 2921
f 1200 1507 1564
f 2741 2825 2743
f 2623 2624 2606
f 2923 2922 2957
f 2923 2921 2922
f 2825 2741 2748
f 271 273 282
f 770 275 273
f 770 786 275
f 2748 2715 2825
f 278 277 2924
f 277 112 2924
f 278 270 277
f 270 276 277
f 271 282 270
f 1505 1556 1488
f 2716 2715 2748
f 782 786 781
f 2620 2627 2651
f 783 786 785
f 783 781 786
f 2620 2621 2627
f 930 776 781
f 1562 1518 1557
f 2628 2647 2621
f 777 776 930
f 1562 1500 1518
f 2742 2901 2739
f 680 679 681
f 773 680 681
f 2724 2728 2742
f 2646 2633 2630
f 2630 2633 2631
f 678 719 679
f 1498 1492 1561
f 2631 2675 2630
f 108 2262 113
f 2276 2262 108
f 2261 113 2262
f 713 717 682
f 678 682 719
f 719 682 717
f 3972 1561 1492
f 2675 2279 2248
f 2279 2233 2248
f 2261 2260 707
f 707 2260 2259
f 707 2259 696
f 696 2259 718
f 696 718 2266
f 710 696 2266
f 714 710 712
f 710 714 711
f 3972 3970 3971
f 2233 2235 2248
f 2235 2233 2236
f 2236 2233 2234
f 3916 3969 4109
f 3969 3970 4109
f 626 624 625
f 626 625 627
f 3873 3918 3901
f 3918 3873 3919
f 639 628 638
f 639 638 3656
f 3877 3897 3874
f 3877 3924 3897
f 3901 3924 3877
f 4100 639 3656
f 3780 3656 3657
f 3780 3657 3650
f 3900 3874 3897
f 3642 3781 3780
f 3642 3647 3768
f 3769 3642 3768
f 3769 3898 3882
f 3898 3769 3950
f 3898 3950 3900
f 1641 1756 1640
f 1756 1639 1640
f 1642 1756 1641
f 1756 1754 1639
f 109 1756 1642
f 1754 1644 1639
f 1659 1756 109
f 1756 1634 1754
f 1754 1634 1644
f 1660 1659 109
f 1756 1659 1634
f 1634 1635 1644
f 1634 1659 1631
f 1636 1635 1634
f 1659 1632 1631
f 1636 1634 1777
f 1777 1634 1658
f 1630 1625 1659
f 1630 1659 1726
f 1659 1650 1632
f 1659 1625 1650
f 1777 1656 1636
f 1727 1778 1630
f 1778 1625 1630
f 1625 1778 1650
f 1653 1647 1777
f 1627 1750 1626
f 1750 1778 1626
f 1623 1778 1750
f 1654 1778 1624
f 1778 1623 1624
f 1648 1653 1651
f 1623 1750 1627
f 1649 1655 1648
f 1618 1728 1621
f 1621 1620 1627
f 1620 1622 1627
f 1627 1622 1623
f 1621 1728 1619
f 1619 1728 2925
f 1200 1515 1649
f 2608 111 2609
f 2963 2932 2925
f 2921 2963 2925
f 1200 1201 1506
f 111 110 2609
f 2609 110 2608
f 2608 2607 2606
f 2921 2924 2963
f 1506 1507 1200
f 2753 2896 2839
f 2743 2753 2839
f 2825 2753 2743
f 2839 2896 2613
f 2607 2650 2606
f 2623 2606 2650
f 2924 281 2927
f 2622 2651 2623
f 277 281 112
f 281 2924 112
f 282 273 275
f 275 786 282
f 1495 1505 1506
f 2704 2825 2715
f 281 277 276
f 281 276 2966
f 2966 276 270
f 2966 270 272
f 272 270 282
f 1505 1495 1556
f 2715 2716 2704
f 2651 2619 2620
f 782 781 775
f 2717 2718 2716
f 2688 2621 2620
f 776 775 781
f 2720 2722 2718
f 2621 2688 2628
f 2740 2723 2720
f 2648 2646 2628
f 2648 2628 2688
f 2739 2723 2740
f 2634 2646 2648
f 773 780 779
f 1797 1501 1500
f 2901 2736 2739
f 2645 2646 2634
f 773 774 780
f 2645 2633 2646
f 773 681 774
f 1492 1498 1501
f 2742 2731 2901
f 2742 2728 2731
f 2633 2632 2631
f 2265 471 473
f 473 471 470
f 679 719 681
f 2729 2731 2728
f 2230 108 2232
f 2276 108 2230
f 2262 2276 2261
f 2261 2276 2258
f 2261 2258 2260
f 2260 2258 2259
f 2259 2258 2265
f 2259 2265 718
f 718 2265 2266
f 2266 2265 473
f 3972 1492 1497
f 2730 2729 624
f 2279 2675 2631
f 2233 2232 2234
f 2234 2232 108
f 473 710 2266
f 710 473 712
f 3972 1572 3970
f 1497 1572 3972
f 624 632 2730
f 4010 4109 3970
f 1572 4010 3970
f 632 624 636
f 4010 3916 4109
f 4068 3916 4010
f 636 624 626
f 3981 3918 3919
f 628 636 626
f 628 626 627
f 3901 3918 4128
f 3901 4128 3924
f 3655 4100 3656
f 4122 3656 3780
f 4122 3655 3656
f 4117 3780 3781
f 4117 4122 3780
f 3642 3641 4117
f 3882 3898 3900
f 3882 3900 3881
f 3881 3900 3897
f 4117 3781 3642
f 3641 3642 3769
f 3641 3769 4156
f 4156 3769 4168
f 4168 3769 3882
f 1631 1633 1634
f 1632 1633 1631
f 1632 1658 1634
f 1632 1634 1633
f 1632 1777 1658
f 1632 1650 1758
f 1758 1653 1777
f 1758 1777 1632
f 1650 1652 1758
f 1652 1653 1758
f 1654 1650 1778
f 1650 1166 1652
f 1166 1651 1653
f 1166 1653 1652
f 1654 1171 1650
f 1650 1171 1166
f 1166 1648 1651
f 1623 1654 1624
f 1169 1649 1648
f 1169 1648 1166
f 1649 1169 1164
f 1195 1649 1164
f 1619 1620 1621
f 1201 1649 1195
f 1620 1619 2929
f 1200 1649 1201
f 2932 1619 2925
f 1201 1193 1506
f 110 2839 2613
f 2608 110 2610
f 2608 2610 2607
f 2924 2927 2963
f 2607 2610 2650
f 281 2963 2927
f 2650 2622 2623
f 2966 2928 281
f 2966 282 283
f 2966 272 282
f 1194 1495 1506
f 2704 2753 2825
f 2651 2622 2619
f 790 2966 283
f 786 283 282
f 2704 2716 2707
f 775 283 782
f 283 786 782
f 1496 1556 1554
f 2718 2707 2716
f 2672 2620 2619
f 1496 1557 1556
f 2672 2688 2620
f 776 777 775
f 1499 1562 1557
f 2720 2723 2722
f 1499 1500 1562
f 2644 2648 2688
f 779 780 777
f 2739 2735 2723
f 1491 1797 1500
f 2736 2735 2739
f 1791 1501 1797
f 2265 2256 471
f 2264 470 2263
f 470 2256 2263
f 470 471 2256
f 2264 465 470
f 774 681 719
f 1791 1492 1501
f 2230 2238 2276
f 2229 2238 2230
f 2276 2238 2258
f 2258 2257 2265
f 2238 2257 2258
f 719 717 715
f 720 719 715
f 2901 2731 2738
f 2632 2270 2631
f 2631 2270 2279
f 2231 2279 2270
f 2233 2231 2232
f 2230 2232 2231
f 473 470 712
f 712 470 465
f 712 465 714
f 714 465 713
f 713 715 717
f 1497 1492 1493
f 2730 2731 2729
f 2279 2231 2233
f 1493 1572 1497
f 3914 3917 3981
f 3981 3917 3918
f 3981 3916 3914
f 4048 635 636
f 4048 636 628
f 3917 4128 3918
f 3633 4048 628
f 639 3633 628
f 3633 639 4079
f 3897 3902 3903
f 3902 3897 3924
f 3902 3924 4128
f 4079 639 4100
f 3644 4122 4117
f 3643 3644 4117
f 3641 3643 4117
f 3641 4156 4168
f 3899 4168 3882
f 3899 3641 4168
f 3882 4049 3885
f 3899 3882 3885
f 4049 3882 3881
f 1623 1770 1654
f 1171 1654 1770
f 1622 1770 1623
f 1171 1163 1166
f 1166 1163 1195
f 1166 1195 1164
f 1169 1166 1164
f 1620 2938 1622
f 1622 2938 1770
f 2932 2938 1620
f 2929 2932 1620
f 1201 1195 1193
f 1195 1162 1193
f 2932 2929 1619
f 110 2611 2610
f 2963 2931 2932
f 2930 2932 2931
f 1193 1194 1506
f 2712 2613 2896
f 110 2613 2611
f 2611 2615 2650
f 2610 2611 2650
f 281 2931 2963
f 281 2928 2931
f 2896 2753 2712
f 2712 2753 2705
f 2622 2650 2615
f 2704 2705 2753
f 2622 2615 2619
f 2937 2928 790
f 2928 2966 790
f 1495 1554 1556
f 2709 2704 2707
f 2937 790 775
f 790 283 775
f 2718 2878 2707
f 2707 2878 2709
f 789 791 775
f 775 791 2937
f 1197 1557 1496
f 2722 2878 2718
f 2644 2688 2672
f 777 789 775
f 1197 1499 1557
f 789 777 787
f 1798 1500 1499
f 1798 1491 1500
f 2735 2734 2723
f 2633 2645 2634
f 2263 2256 2264
f 2256 469 2264
f 774 788 780
f 2901 2881 2736
f 2257 2256 2265
f 466 468 465
f 466 465 2264
f 469 466 2264
f 774 719 720
f 2738 2881 2901
f 2239 2230 2288
f 2230 2228 2229
f 2239 2228 2230
f 2238 2255 2257
f 2267 2255 2238
f 468 713 465
f 468 715 713
f 2271 2270 2632
f 2270 2274 2231
f 2231 2288 2230
f 2731 633 2738
f 2731 2730 633
f 4010 1572 1493
f 632 633 2730
f 3916 3920 3915
f 3916 4068 3920
f 635 634 636
f 3915 3914 3916
f 3913 3902 4128
f 3913 3903 3902
f 3925 4128 3917
f 3925 3913 4128
f 3917 3914 3925
f 3631 4048 3633
f 3633 4079 3631
f 3631 4079 3654
f 3883 3885 4049
f 3881 3884 3891
f 3883 3881 3891
f 4049 3881 3883
f 3884 3881 3897
f 3884 3897 3903
f 4100 3655 4122
f 3638 4100 4122
f 3640 3643 3641
f 3641 3883 3890
f 3640 3641 3890
f 3883 3641 3899
f 3883 3899 3885
f 1167 1171 1770
f 1167 1163 1171
f 1770 2938 1167
f 1195 1163 1162
f 2932 2939 2938
f 2939 2940 2938
f 1193 1162 114
f 2930 2939 2932
f 2613 2712 2708
f 2612 2611 2613
f 2928 2933 2931
f 1190 1194 1193
f 2705 2708 2712
f 2612 2613 2614
f 2612 2614 2615
f 2611 2612 2615
f 2934 2933 2928
f 2928 2937 2934
f 1190 1495 1194
f 2615 2614 2616
f 2616 2619 2615
f 2935 2934 2937
f 1495 1496 1554
f 2618 2672 2619
f 2618 2619 2616
f 2937 791 2935
f 1197 1496 1495
f 2649 2672 2618
f 2644 2672 2649
f 2722 2710 2878
f 2709 2878 2710
f 2648 2644 2649
f 2723 2710 2722
f 792 789 475
f 2723 2734 2710
f 788 789 787
f 475 789 788
f 780 788 777
f 777 788 787
f 2735 2736 2734
f 2637 2634 2648
f 2636 2634 2637
f 2636 2632 2634
f 2633 2634 2632
f 475 774 474
f 788 774 475
f 2881 2732 2736
f 2257 2255 2256
f 2254 2256 2255
f 2253 2256 2254
f 467 468 466
f 469 467 466
f 720 467 774
f 2738 2732 2881
f 2738 2737 2732
f 2229 2228 2238
f 468 467 715
f 715 467 720
f 1494 1493 1492
f 2272 2270 2271
f 2270 2287 2274
f 2286 2231 2287
f 2231 2274 2287
f 2231 2286 2288
f 2738 633 632
f 1494 4010 1493
f 4068 4010 4141
f 634 632 636
f 3920 4068 4141
f 3920 3914 3915
f 3632 635 4048
f 3632 4048 3631
f 3904 3884 3903
f 3904 3891 3884
f 3903 3913 3909
f 3913 3925 3914
f 3631 3625 3632
f 3627 3631 3654
f 3890 3887 4112
f 3887 3890 3883
f 3887 3883 3896
f 3896 3883 3891
f 3654 4079 4100
f 3637 3654 4100
f 3638 3637 4100
f 4122 3644 3639
f 3638 4122 3639
f 3644 3643 4112
f 4112 3643 3640
f 4112 3640 3890
f 2938 2940 1153
f 2938 1153 1167
f 1153 1163 1167
f 2939 2956 2940
f 1163 1155 1162
f 1155 114 1162
f 114 115 1193
f 2958 2939 2930
f 1193 115 1188
f 1188 1190 1193
f 2931 2933 2930
f 2617 2613 2708
f 2616 2614 2613
f 2616 2613 2617
f 2934 2959 2933
f 1179 1495 1190
f 2708 2705 2704
f 2703 2708 2704
f 2934 2935 2936
f 2709 2703 2704
f 2617 2708 2709
f 2708 2703 2709
f 2618 2616 2643
f 2935 791 2936
f 789 2961 2936
f 791 789 2936
f 2710 2706 2709
f 2649 2618 2648
f 2648 2618 2635
f 789 2308 2961
f 792 2308 789
f 475 2308 792
f 475 2202 2308
f 2711 2710 2734
f 2637 2648 2635
f 2202 475 472
f 2733 2803 2734
f 2736 2733 2734
f 2734 2803 2711
f 474 472 475
f 2632 2636 2303
f 2253 2317 2256
f 2252 2317 2253
f 2256 2197 469
f 2317 2197 2256
f 469 2197 472
f 472 467 469
f 474 467 472
f 2732 2733 2736
f 2271 2632 2303
f 2253 2254 2252
f 467 474 774
f 1790 1492 1791
f 2303 2272 2271
f 2288 2241 2239
f 2239 2241 2228
f 2228 2277 2238
f 2277 2267 2238
f 2254 2255 2267
f 1790 1494 1492
f 2738 2898 2737
f 2273 2270 2272
f 2270 2298 2287
f 2273 2298 2270
f 2286 2287 2298
f 2898 2738 654
f 1792 4010 1494
f 1821 4010 1792
f 634 654 632
f 632 654 2738
f 4141 4010 1821
f 635 654 634
f 3921 3914 3920
f 3920 4141 3921
f 3646 654 635
f 3632 3646 635
f 3909 3913 3914
f 3626 3623 3632
f 3625 3626 3632
f 4149 3896 3891
f 4149 3891 3904
f 4149 3904 3905
f 3904 3903 3909
f 3626 3625 3631
f 3627 3626 3631
f 4112 3639 3644
f 4112 3645 3639
f 3889 4112 3887
f 3889 3887 3888
f 3634 3627 3654
f 3628 3634 3654
f 3629 3628 3654
f 3654 3637 3629
f 3637 3638 3639
f 3637 3639 3645
f 1156 1163 1153
f 2956 1153 2940
f 1156 1154 1163
f 1154 1155 1163
f 2939 2962 2956
f 1154 1158 1155
f 1155 1158 114
f 114 1158 115
f 2958 2962 2939
f 1159 1188 115
f 2933 2958 2930
f 2934 2936 2959
f 1495 1179 1191
f 1191 1197 1495
f 2642 2617 2709
f 2617 2643 2616
f 2642 2643 2617
f 1202 1197 1191
f 2642 2709 2706
f 2642 2710 2713
f 2642 2706 2710
f 2643 2635 2618
f 1196 1499 1197
f 2641 2640 2643
f 2635 2643 2640
f 2202 2960 2961
f 2308 2202 2961
f 2961 2960 2967
f 1196 1798 1499
f 2711 2713 2710
f 2635 2638 2637
f 1820 1491 1798
f 2202 472 2201
f 2201 472 2197
f 1820 1797 1491
f 2733 2732 2803
f 2637 2303 2636
f 2252 2197 2317
f 2252 2254 2251
f 2303 2269 2272
f 2269 2273 2272
f 2307 2286 2282
f 2286 2285 2288
f 2307 2285 2286
f 2288 2226 2241
f 2285 2226 2288
f 2241 2227 2228
f 2228 2240 2277
f 2227 2240 2228
f 2254 2267 2251
f 2298 2273 2282
f 2298 2282 2286
f 1792 1494 1821
f 1821 3922 4142
f 3922 4141 4142
f 4142 4141 1821
f 3914 3921 3922
f 3922 3921 4141
f 3636 655 654
f 3636 654 3646
f 3632 3623 3646
f 4047 3892 4149
f 3996 4047 4149
f 3905 3996 4149
f 3906 3905 3904
f 3906 3904 3909
f 3907 3914 3922
f 3909 3914 3907
f 3889 4062 3645
f 3889 3888 4062
f 4114 3888 3887
f 4114 3887 3896
f 4114 3896 3892
f 3892 3896 4149
f 118 3626 3627
f 3634 118 3627
f 3629 3637 116
f 4060 3637 3645
f 4060 3645 4058
f 3645 4112 3889
f 3628 3629 116
f 2941 1153 2956
f 2941 1156 1153
f 1154 1156 1168
f 2942 2956 2962
f 2942 2941 2956
f 1154 1168 1157
f 1154 1157 1158
f 1157 115 1158
f 115 1157 1159
f 1188 1159 1161
f 2933 2944 2958
f 1188 1161 1183
f 1188 1179 1190
f 2959 2946 2964
f 2944 2959 2964
f 2933 2959 2944
f 1179 1188 1183
f 1180 1191 1179
f 2946 2959 2965
f 2936 2965 2959
f 1202 1191 1180
f 2641 2643 2642
f 2936 2961 2965
f 2713 2714 2642
f 2714 2641 2642
f 1202 1196 1197
f 2641 2635 2640
f 2202 2967 2960
f 2278 2967 2202
f 2641 2639 2635
f 2638 2635 2639
f 2202 2201 2278
f 2805 2803 2732
f 2251 2203 2252
f 2252 2203 2197
f 1790 1791 1797
f 2737 2805 2732
f 2638 2303 2637
f 2269 2162 2273
f 2273 2162 2282
f 2307 2226 2285
f 2226 2227 2241
f 2251 2267 2152
f 2267 2240 2152
f 2267 2277 2240
f 1795 1494 1790
f 1795 1790 117
f 2898 2872 2737
f 1795 3994 1821
f 1795 1821 1494
f 1821 3994 3993
f 2898 654 2812
f 3922 1821 3993
f 655 2812 654
f 3906 3912 4013
f 3907 3908 3906
f 3922 3923 3552
f 3888 3894 4062
f 3894 3888 4114
f 3892 3894 4114
f 3892 4047 4046
f 4047 3996 4013
f 4013 3996 3905
f 4013 3905 3906
f 3907 3906 3909
f 3552 3907 3922
f 3623 3622 3646
f 3626 3622 3623
f 3626 118 3622
f 4059 3645 4062
f 4059 4058 3645
f 4059 4062 3894
f 4163 118 3634
f 3630 3634 3628
f 3630 4163 3634
f 3630 3628 116
f 3630 116 3637
f 3637 4057 4056
f 3630 3637 4056
f 4057 3637 4060
f 4057 4060 4058
f 1156 2941 1170
f 1165 1157 1168
f 2958 2942 2962
f 2941 2942 1170
f 1165 1160 1159
f 1157 1165 1159
f 2942 2958 2944
f 1159 1160 1161
f 1160 1183 1161
f 2964 2946 2944
f 2946 2955 2944
f 1179 1183 1184
f 1180 1179 1184
f 2946 2965 2945
f 1202 1180 1181
f 2967 2951 2961
f 2961 2951 2965
f 1181 1196 1202
f 2714 2713 2223
f 2641 2223 2168
f 2714 2223 2641
f 2967 2278 2951
f 2805 2223 2713
f 2711 2805 2713
f 2168 2639 2641
f 2639 2168 2638
f 2200 2278 2201
f 1799 1820 1798
f 2803 2805 2711
f 2196 2197 2203
f 2201 2197 2200
f 2200 2197 2196
f 1799 1797 1820
f 1793 1790 1797
f 2737 2806 2805
f 2737 2871 2806
f 2638 2284 2303
f 2303 2160 2269
f 2284 2160 2303
f 2251 2152 2203
f 2203 2152 2313
f 117 1790 1793
f 117 1793 1794
f 2872 2871 2737
f 2159 2269 2160
f 2159 2162 2269
f 2162 2245 2282
f 2282 2245 2307
f 2307 2225 2226
f 2225 2227 2226
f 2151 2227 2150
f 2227 2151 2240
f 2240 2151 2152
f 1794 1795 117
f 1795 3992 3993
f 3994 1795 3993
f 3993 3923 3922
f 3993 3992 3923
f 2812 655 120
f 3911 4047 4013
f 3911 4046 4047
f 3912 3911 4013
f 3911 3912 3906
f 3910 3906 3908
f 3910 3911 3906
f 3910 3908 3907
f 3910 3907 3552
f 3622 3636 3646
f 3894 3960 4115
f 3894 3893 3605
f 3893 3894 3892
f 3893 3892 4046
f 119 3622 118
f 4078 4057 4058
f 4078 4056 4057
f 4058 4059 4115
f 4115 4059 3894
f 118 4125 119
f 4163 4125 118
f 4116 4163 3630
f 1170 1168 1156
f 2943 1170 2942
f 1170 1165 1168
f 2944 2955 2943
f 2944 2943 2942
f 1170 2943 2955
f 1172 1165 1170
f 1176 1160 1165
f 1172 1176 1165
f 1176 1183 1160
f 1183 1176 1184
f 2946 2945 2955
f 2955 2945 2954
f 1186 1180 1184
f 1182 1180 1186
f 1181 1180 1182
f 2951 2950 2965
f 2949 2965 2950
f 1181 1182 1196
f 2278 2198 2951
f 1799 1196 1192
f 1798 1196 1799
f 2169 2168 2223
f 2168 2169 2167
f 2167 2638 2168
f 2198 2278 2200
f 2805 2806 2223
f 2171 2638 2167
f 2200 2196 2198
f 1793 1797 1799
f 2284 2638 2171
f 2312 2203 2313
f 2196 2312 2195
f 2312 2196 2203
f 2871 2870 2806
f 2151 2313 2152
f 2150 2313 2151
f 1796 1795 1794
f 1796 1794 1793
f 2284 2159 2160
f 2159 2222 2162
f 2162 2222 2245
f 2153 2225 2307
f 2225 2153 2227
f 2227 2153 2150
f 3992 1795 3991
f 2812 120 2898
f 3923 3992 3547
f 120 655 3624
f 3607 3893 4046
f 3607 3605 3893
f 4113 4046 3911
f 4050 3911 3910
f 3547 3552 3923
f 3635 3624 655
f 3635 655 3636
f 3603 4115 3960
f 3603 3604 4115
f 3894 3605 3960
f 3621 3636 3622
f 4125 3621 3622
f 4125 3622 119
f 3630 4055 4116
f 3600 3630 4056
f 4056 4078 3600
f 4115 4078 4058
f 4163 4054 4125
f 4054 4163 4055
f 4055 4163 4116
f 2955 1178 1170
f 1173 1170 1178
f 1173 1172 1170
f 1173 1176 1172
f 1178 1176 1173
f 1184 1176 1174
f 1178 2955 2954
f 1176 1178 1177
f 1174 1186 1184
f 2965 2947 2945
f 2947 2954 2945
f 2947 1178 2954
f 1182 1186 1185
f 2965 2948 2947
f 2949 2948 2965
f 1185 1196 1182
f 2951 2949 2950
f 1185 1192 1196
f 2198 2319 2951
f 2951 2319 2949
f 2223 2320 2169
f 2169 2170 2166
f 2319 2198 2302
f 2806 2320 2223
f 2169 2166 2167
f 2167 2166 2171
f 2198 2196 2302
f 2302 2196 2195
f 1801 1793 1799
f 2807 2806 2870
f 2807 2320 2806
f 2165 2164 2171
f 2166 2165 2171
f 1801 1814 1796
f 1801 1796 1793
f 2164 2284 2171
f 2153 2307 2155
f 2313 2149 2179
f 2313 2150 2149
f 1814 1795 1796
f 2872 2870 2871
f 2284 2161 2159
f 2159 2158 2222
f 2161 2158 2159
f 2222 2158 2246
f 2155 2245 2300
f 2245 2222 2300
f 2245 2155 2307
f 2898 2813 2872
f 120 2813 2898
f 3992 3553 3547
f 3991 3553 3992
f 2813 120 4015
f 3547 3545 3552
f 4014 4015 120
f 3624 4014 120
f 3605 3604 3960
f 3605 3619 3604
f 3608 3607 4046
f 3608 3605 3607
f 3608 4046 4113
f 3611 4113 3911
f 4050 3552 3545
f 3910 3552 4050
f 3635 4095 3624
f 4132 3636 3621
f 4132 3635 3636
f 4078 3601 3598
f 3601 4078 4115
f 3602 4115 3604
f 3602 3601 4115
f 3603 3960 3604
f 4125 3620 3621
f 3594 3620 4125
f 4055 123 3594
f 122 4055 3630
f 122 3600 3598
f 3630 3600 122
f 3598 3600 4078
f 4054 3594 4125
f 3594 4054 4055
f 1177 1175 1176
f 1175 1174 1176
f 2953 1175 1178
f 1178 1175 1177
f 1175 1189 1174
f 1174 1189 1187
f 1186 1174 1187
f 2947 2953 1178
f 2953 124 1175
f 2947 2948 2953
f 1185 1186 1192
f 1198 1799 1192
f 1800 1799 1198
f 2293 2169 2882
f 2169 2292 2170
f 2293 2292 2169
f 2319 2302 2193
f 1800 1801 1799
f 2882 2169 2320
f 2165 2166 2170
f 2199 2195 2312
f 2302 2195 2193
f 2882 2807 2808
f 2882 2320 2807
f 2177 2163 2164
f 2268 2179 2314
f 2179 2268 2313
f 2268 2305 2313
f 2312 2313 2199
f 2199 2313 2305
f 2870 2808 2807
f 2163 2284 2164
f 2284 2163 2161
f 2176 2163 2175
f 2246 2157 2222
f 2300 2157 2155
f 2153 2155 2154
f 2153 2154 2178
f 2314 2153 2178
f 2314 2150 2153
f 2179 2149 2314
f 2149 2150 2314
f 3991 1795 1814
f 2872 2808 2870
f 2161 2163 2158
f 2158 2163 2176
f 2158 2176 2246
f 2222 2157 2300
f 2813 2811 2872
f 3541 3553 3991
f 2813 4015 2811
f 3547 3553 3545
f 4015 4014 3624
f 4095 4015 3624
f 3604 3617 3614
f 3615 3619 3605
f 3606 3605 3608
f 3606 3615 3605
f 3609 3608 4113
f 3911 4050 3611
f 3621 3635 4132
f 3591 123 3598
f 3598 3599 3591
f 4067 3598 3601
f 4067 3599 3598
f 3614 3602 3604
f 3595 121 3621
f 3620 3595 3621
f 3594 3595 3620
f 3582 3594 123
f 122 3598 123
f 4055 122 123
f 1175 124 2281
f 1189 1175 2281
f 1189 1186 1187
f 1192 1186 1189
f 2948 2952 2953
f 2952 124 2953
f 1199 1198 1192
f 2949 2319 2948
f 2948 2319 2194
f 1801 1800 1198
f 2292 2289 2170
f 2319 2193 2194
f 2289 2165 2170
f 2299 2164 2165
f 2289 2299 2165
f 2195 2199 2305
f 2193 2195 2191
f 2809 2909 2882
f 2808 2809 2882
f 2164 2299 2177
f 2177 2175 2163
f 2250 2157 2174
f 2156 2157 2250
f 2157 2316 2155
f 2156 2316 2157
f 2316 2154 2155
f 2178 2315 2314
f 2154 2315 2178
f 2176 2175 2174
f 2176 2174 2246
f 2246 2174 2157
f 1816 3991 1814
f 2872 2903 2808
f 3541 3991 1816
f 3541 1816 3542
f 2903 2872 2811
f 3542 3553 3541
f 2814 2903 2811
f 4018 2814 2811
f 4016 4018 4015
f 4018 2811 4015
f 4050 3546 3611
f 3545 3546 4050
f 3544 3545 3553
f 4174 4015 4095
f 4095 3635 4174
f 3570 3602 3614
f 3570 3569 3602
f 3613 3604 3619
f 3613 3617 3604
f 3615 3606 3608
f 4113 3611 3609
f 4041 3635 3621
f 4041 4040 3635
f 3596 3621 121
f 3596 4041 3621
f 123 3591 3581
f 3599 4067 3591
f 3569 4067 3601
f 3569 3601 3602
f 3595 3594 121
f 3582 3581 3580
f 3594 3582 3580
f 3581 3582 123
f 124 2280 2281
f 1189 2281 1204
f 1192 1189 1204
f 2952 2207 124
f 1192 1205 1203
f 1192 1204 1205
f 1203 1199 1192
f 2206 2948 2275
f 2952 2948 2207
f 2207 2948 2206
f 2194 2247 2275
f 2194 2275 2948
f 1199 1801 1198
f 1206 1801 1199
f 2882 2291 2293
f 2909 2291 2882
f 2291 2292 2293
f 2318 2299 2289
f 2193 2192 2247
f 2193 2191 2192
f 2193 2247 2194
f 1206 1817 1801
f 2318 2177 2299
f 2318 2289 2177
f 2289 2306 2177
f 2172 2173 2177
f 2172 2177 2306
f 2249 2316 2250
f 2212 2154 2316
f 2211 2154 2212
f 2268 2309 2301
f 2268 2301 2305
f 2305 2301 2195
f 2195 2301 2191
f 2175 2177 2174
f 2174 2177 2173
f 2174 2173 2250
f 2156 2250 2316
f 2315 2154 2211
f 2315 2211 2314
f 2314 2211 2213
f 2314 2213 2268
f 2268 2213 2309
f 1817 1814 1801
f 2808 2903 2809
f 3542 3543 3544
f 3553 3542 3544
f 4016 4017 4018
f 3611 4071 3618
f 3545 3544 3546
f 4015 4017 4016
f 4037 4015 4174
f 4037 4017 4015
f 4174 3635 4037
f 4067 3585 3577
f 3585 4067 3569
f 3593 3585 3569
f 3613 3614 3617
f 3612 3619 3615
f 3612 3613 3619
f 3608 3612 3615
f 3618 3608 3609
f 3618 3609 3611
f 4040 4037 3635
f 3580 3581 3596
f 3577 3591 4067
f 3594 3596 121
f 3596 3594 3580
f 2280 1204 2281
f 2280 124 2208
f 2208 124 2207
f 2206 2275 2247
f 1205 1199 1203
f 2294 2909 812
f 2909 2294 2291
f 2289 2292 2290
f 2310 2306 2289
f 2181 2250 2180
f 2249 2250 2181
f 2191 2301 2217
f 2192 2191 2204
f 2192 2204 2247
f 2909 2810 812
f 2809 2810 2909
f 2172 2306 2173
f 2173 2306 2180
f 2173 2180 2250
f 2316 2249 2212
f 2213 2210 2309
f 2309 2210 2301
f 1814 1817 1813
f 2903 2879 2809
f 2809 2879 2810
f 1815 1814 1807
f 1815 1816 1814
f 1815 1807 3542
f 1807 3543 3542
f 1815 3542 1816
f 820 2903 2814
f 820 2879 2903
f 2814 4136 820
f 3544 3543 4151
f 3543 3998 4151
f 4018 4136 2814
f 4029 4018 4017
f 3557 3610 3618
f 4171 3618 4071
f 4171 3557 3618
f 4071 3611 4171
f 4151 3611 3546
f 4151 3546 3544
f 4040 4017 4037
f 3574 3577 3585
f 3593 3569 3570
f 3593 3570 4170
f 4170 3570 3614
f 4170 3614 3616
f 3616 3614 3613
f 3612 3608 3610
f 3610 3608 3618
f 4043 4040 4041
f 4041 3596 4157
f 4157 3596 3583
f 3583 3596 3581
f 3583 3581 3578
f 3578 3581 3575
f 3575 3581 3591
f 3575 3591 3576
f 3576 3591 3577
f 125 2280 2208
f 1205 1204 2280
f 2206 2244 2207
f 2208 2207 125
f 125 2207 2244
f 2205 2247 2204
f 2247 2205 2206
f 1199 1205 1207
f 1207 1206 1199
f 2189 2301 2190
f 2204 2191 2189
f 2294 2295 2291
f 816 2295 2294
f 2296 2290 2295
f 2290 2296 2289
f 2289 2311 2310
f 2296 2311 2289
f 2180 2310 2297
f 2180 2306 2310
f 2249 2181 2304
f 2249 2304 2212
f 2212 2304 2211
f 2211 2304 2213
f 2213 2304 2188
f 2213 2188 2210
f 2210 2188 2214
f 2210 2214 2190
f 2210 2190 2301
f 2217 2301 2189
f 2217 2189 2191
f 1802 1817 1206
f 812 815 2294
f 2294 815 816
f 2295 2292 2291
f 2292 2295 2290
f 1802 1813 1817
f 817 812 2810
f 812 817 813
f 1805 1814 1813
f 2879 817 2810
f 1805 1807 1814
f 2879 818 817
f 3543 1807 4051
f 1807 3998 4051
f 3998 3543 4051
f 4029 820 4136
f 3611 3549 3550
f 3548 3611 4151
f 3548 3549 3611
f 4151 3998 3548
f 4018 4029 4136
f 4039 4152 4017
f 4017 4152 4029
f 3576 4144 3579
f 3593 3574 4088
f 3593 4119 3574
f 4170 4119 3593
f 3563 3616 3613
f 3563 4170 3616
f 3558 3928 3612
f 3597 3612 3610
f 3597 3558 3612
f 3597 3610 3557
f 3557 4171 3550
f 3550 4171 3611
f 4039 4017 4040
f 4040 4042 4039
f 4043 4042 4040
f 4043 4157 4045
f 4041 4157 4043
f 4045 4157 3583
f 4045 3583 3578
f 4045 3578 3579
f 3579 3578 3575
f 3579 3575 3576
f 3576 3577 3574
f 3574 3585 4088
f 4088 3585 3593
f 3612 3563 3613
f 3563 3612 3928
f 125 1212 2280
f 1212 1205 2280
f 2244 2206 2283
f 1209 1205 1212
f 2215 2204 2221
f 2205 2204 2215
f 2205 2283 2206
f 2180 2297 2182
f 2180 2182 2181
f 2181 2182 2304
f 2304 2184 363
f 2182 2184 2304
f 2304 2214 2188
f 2190 2214 2187
f 2189 2190 2204
f 2204 2190 2221
f 1804 1206 1207
f 1803 1206 1804
f 2310 2311 2297
f 1803 1802 1206
f 812 813 814
f 816 365 2295
f 2295 365 374
f 1805 1813 1802
f 1806 1807 1805
f 817 818 819
f 819 818 2879
f 1807 1806 1808
f 820 819 2879
f 820 376 819
f 3592 4107 4066
f 3549 3998 1808
f 1808 3998 1807
f 4030 376 820
f 4030 820 4029
f 377 4030 4029
f 4160 4065 4066
f 4066 3584 3592
f 4066 4144 3584
f 3592 3576 4107
f 3592 3584 3576
f 3551 3554 3557
f 3551 3557 3550
f 3550 3549 3551
f 3549 3548 3998
f 4152 4039 4029
f 4042 4160 4039
f 4042 4043 4160
f 4160 4043 4045
f 4160 4045 4065
f 4065 4045 3579
f 4065 3579 4066
f 4066 3579 4144
f 3584 4144 3576
f 4107 3576 3574
f 4107 3574 3573
f 3573 3574 4119
f 3566 4119 4170
f 3566 4170 3564
f 3564 4170 3562
f 3562 4170 3563
f 3561 3563 3928
f 3561 3928 3558
f 3558 3597 3554
f 3554 3597 3557
f 2244 2243 125
f 2243 1212 125
f 2205 2216 2283
f 2215 2216 2205
f 2244 2283 2216
f 1205 1209 1208
f 1209 1212 1208
f 1208 1207 1205
f 2187 2224 2190
f 2224 2221 2190
f 1804 1207 1208
f 2182 363 2184
f 2183 363 2182
f 363 2185 2304
f 2214 2185 2187
f 2214 2304 2185
f 2296 2295 374
f 364 2311 2296
f 354 2311 364
f 2297 2311 2182
f 1805 1802 1803
f 814 365 812
f 812 365 815
f 815 365 816
f 355 2296 374
f 354 2296 353
f 354 364 2296
f 2311 354 359
f 814 813 365
f 356 2296 355
f 368 813 817
f 819 376 817
f 368 817 376
f 3565 3568 3567
f 1809 1808 1823
f 1823 1808 1806
f 4036 4160 4066
f 4036 4034 4160
f 4107 4036 4066
f 3571 3586 4107
f 3571 3572 3567
f 3567 3564 3565
f 3951 3549 1809
f 4162 3549 3951
f 1809 3549 1808
f 376 4030 126
f 4031 377 4029
f 4160 377 4031
f 4160 4032 377
f 4032 4160 4033
f 4033 4160 4034
f 3573 3571 4107
f 3571 3573 3572
f 3572 3573 4119
f 3572 4119 3567
f 3567 4119 3566
f 3567 3566 3564
f 3564 3562 3565
f 3565 3562 3563
f 3565 3563 3561
f 3560 3561 3558
f 3560 3558 3559
f 3559 3558 4169
f 4169 3558 3554
f 4169 3554 3555
f 3555 3554 3556
f 3556 3554 3551
f 4162 3551 3549
f 4039 4031 4029
f 4031 4039 4160
f 128 2244 2242
f 2219 2244 128
f 2244 2220 2243
f 2219 2220 2244
f 2243 2220 1212
f 2216 2215 2242
f 2216 2242 2244
f 2220 1208 1212
f 2224 2187 2186
f 2215 2221 2209
f 363 2183 362
f 363 324 2185
f 2185 324 2187
f 2186 2187 361
f 2186 361 2224
f 341 2182 2311
f 341 2311 359
f 340 2182 341
f 2182 340 2183
f 1805 1804 1822
f 1805 1803 1804
f 356 374 365
f 355 374 356
f 366 365 813
f 365 366 373
f 365 357 356
f 365 373 357
f 352 353 2296
f 352 2296 356
f 354 352 346
f 354 353 352
f 359 354 358
f 359 358 341
f 1823 1806 1805
f 1823 1805 1822
f 368 366 813
f 376 369 368
f 373 371 357
f 351 356 357
f 372 3586 3571
f 372 3571 3567
f 3568 372 3567
f 3587 3588 3565
f 3588 3568 3565
f 3587 3590 3589
f 3590 4169 3955
f 3956 3957 3952
f 3956 3551 3957
f 1809 1810 3957
f 1810 1809 1812
f 1812 1809 1823
f 126 369 376
f 368 369 126
f 368 126 370
f 126 373 370
f 126 377 373
f 371 373 4033
f 371 4033 4034
f 371 4034 357
f 4034 351 357
f 4035 4034 4036
f 4035 4036 4107
f 4035 4107 3586
f 3587 3565 3561
f 3587 3561 3560
f 3587 3560 3590
f 3590 3560 3559
f 3590 3559 4169
f 4169 3555 3956
f 3956 3555 3556
f 3956 3556 3551
f 3957 3551 4162
f 3957 4162 3951
f 3957 3951 1809
f 126 4030 377
f 377 4032 373
f 373 4032 4033
f 2219 128 2220
f 2242 2215 128
f 128 2215 2209
f 128 1208 2220
f 350 2224 360
f 2224 350 2221
f 2209 2221 2218
f 2218 2221 350
f 1210 1804 1208
f 2187 324 361
f 2224 361 360
f 334 2183 340
f 2183 334 362
f 334 363 362
f 363 334 324
f 1211 1822 1804
f 334 340 330
f 1822 127 1812
f 1823 1822 1812
f 343 358 354
f 343 354 346
f 343 341 358
f 343 344 341
f 340 341 342
f 1818 1812 127
f 368 367 366
f 367 373 366
f 356 348 352
f 346 352 348
f 345 341 344
f 341 345 342
f 4153 3589 3590
f 4153 325 3589
f 3955 4153 3590
f 3954 3956 3953
f 3959 1811 1818
f 3959 3957 1811
f 1818 1811 1812
f 368 370 373
f 368 373 367
f 351 348 356
f 346 348 4035
f 346 4035 343
f 344 343 3586
f 3586 4143 344
f 372 4143 3586
f 375 3568 4150
f 372 3568 375
f 4150 3568 3588
f 4150 3588 3587
f 4150 3587 3589
f 3954 3955 4169
f 3954 4169 3956
f 3952 3953 3956
f 3953 3952 3959
f 3959 3952 3957
f 3957 1810 1811
f 1811 1810 1812
f 351 4034 4035
f 351 4035 348
f 343 4035 3586
f 2209 337 128
f 337 347 128
f 347 1210 128
f 128 1210 1208
f 338 2218 350
f 2209 2218 338
f 1804 1210 1211
f 327 361 324
f 327 324 331
f 361 350 360
f 324 334 330
f 324 326 331
f 324 325 326
f 332 361 331
f 361 327 331
f 330 340 342
f 330 328 324
f 324 329 325
f 324 328 329
f 1822 1818 127
f 329 3589 325
f 329 328 3589
f 326 325 4130
f 3954 336 335
f 3959 3958 349
f 3954 3959 349
f 3953 3959 3954
f 3958 3959 1818
f 344 342 345
f 372 342 344
f 342 375 330
f 342 372 375
f 330 375 333
f 330 333 4150
f 330 4150 328
f 328 4150 3589
f 325 4153 4130
f 4130 4153 3955
f 4130 3955 3954
f 4130 3954 335
f 344 4143 372
f 333 375 4150
f 339 347 337
f 338 337 2209
f 347 1211 1210
f 339 1211 347
f 361 335 350
f 336 350 335
f 338 350 336
f 339 337 1819
f 339 1822 1211
f 335 361 332
f 338 349 337
f 339 1819 1822
f 326 332 331
f 332 326 335
f 336 349 338
f 349 3958 337
f 337 3958 1818
f 337 1818 1819
f 1819 1818 1822
f 326 4130 335
f 336 3954 349

