# https://github.com/mikedh/trimesh
v -0.05439022 -0.08139503 0.01651288
v 0.04952931 -0.08096692 0.01202531
v 0.04944041 -0.08092912 0.01236295
v -0.03911137 -0.08074575 -0.00030379
v 0.05710026 -0.08059888 -0.00582780
v -0.05225680 -0.07938691 -0.01760510
v 0.05116341 -0.07666313 -0.02242474
v 0.03642328 -0.05153098 -0.00244124
v 0.03624458 -0.04774354 -0.00281494
v 0.03623157 -0.04750884 -0.00214400
v 0.06134708 -0.04829530 -0.01336207
v 0.05416548 -0.04369602 0.02309425
v 0.03701946 -0.04124348 0.00331852
v 0.05548711 -0.03985129 -0.02293286
v 0.06065206 -0.03657806 -0.00186117
v 0.05993838 -0.03643020 -0.01636712
v 0.06056070 -0.03611121 -0.01008205
v 0.03997336 -0.03654588 -0.01880134
v 0.06100949 -0.03350227 -0.00087927
v 0.03650210 -0.02287052 -0.00445124
v 0.03654630 -0.02143292 -0.00390844
v -0.05884585 -0.01779777 0.01625380
v -0.05911379 -0.01399085 0.01078998
v -0.05906866 -0.01598800 0.01090592
v -0.05954452 -0.01241243 0.01266227
v -0.03792304 -0.01567472 -0.01921569
v -0.03815636 -0.01675734 -0.01961944
v -0.03514389 -0.00898974 -0.00750083
v 0.03522147 -0.00370158 -0.00730073
v 0.06046525 0.00518605 0.00684348
v 0.05837189 0.00751390 -0.01905366
v 0.05763789 0.00555319 -0.02042640
v 0.05944605 0.00622013 -0.01688719
v -0.05816344 0.01169681 0.01588627
v 0.05828364 0.00897344 -0.01919240
v -0.03463726 0.02254850 0.01054717
v -0.03529896 0.02309142 -0.00423080
v 0.03482448 0.02194726 -0.01490815
v 0.05654584 0.02149127 -0.02022845
v 0.05885207 0.02432948 -0.00340288
v 0.05885057 0.02433207 -0.00335237
v 0.05886132 0.02429922 -0.00339918
v 0.05843325 0.02642744 -0.00155415
v 0.05843514 0.02641724 -0.00155438
v 0.05860618 0.02684708 0.00667897
v 0.05828357 0.02802770 -0.00989983
v -0.05643847 0.03317400 0.01727049
v -0.03664657 0.03233016 0.01959816
v -0.03381600 0.03577985 0.01682384
v -0.03353926 0.04019092 -0.02117069
v -0.03576840 0.04074525 0.02381336
v -0.05495674 0.04154252 0.00008241
v -0.05393159 0.04431824 -0.01148721
v -0.05426005 0.04333091 -0.01165686
v -0.03522514 0.04382868 -0.02380931
v -0.03524999 0.04438658 -0.02388070
v -0.02668846 0.04419748 -0.01436340
v -0.02856997 0.04246012 -0.01605000
v 0.05273350 0.04263185 -0.01735136
v 0.05344948 0.04177327 -0.01583527
v 0.05361399 0.04218413 -0.00759562
v -0.05015456 0.04826185 0.01566192
v -0.04837647 0.05100952 0.01549613
v 0.02676512 0.04399937 -0.01582433
v 0.04698173 0.04343098 -0.02355117
v 0.04943743 0.04255334 -0.02223133
v 0.04736094 0.04841248 0.01915393
v -0.04517194 0.05048361 0.02080512
v -0.02981537 0.05125303 0.02451335
v 0.02180937 0.04650208 -0.00013841
v 0.02145976 0.04672085 -0.00130635
v 0.02528093 0.04589010 -0.01835082
v 0.04566922 0.05089484 0.01899018
v 0.05091885 0.05026726 0.01139166
v -0.00902265 0.05426331 0.01823007
v 0.00600571 0.05337643 0.00998903
v 0.00690744 0.05402673 -0.01885450
v 0.04759362 0.05468070 0.00064319
v -0.04245673 0.06111201 -0.00197249
v 0.02447320 0.06391683 0.02085609
v 0.03607083 0.06158683 -0.01856994
v -0.03523429 0.06553621 0.00384395
v -0.02676707 0.06788893 0.01176797
v -0.02676543 0.06789101 0.01175797
v -0.02552269 0.06622939 -0.02072353
v -0.02039127 0.06980383 0.01106441
v 0.03000603 0.06707515 0.00767736
v -0.02411745 0.07067381 -0.00700232
v -0.00428575 0.07210731 0.01324663
v 0.00369651 0.07324605 0.00404397
v -0.05528174 0.04112672 -0.00953216
v -0.05550370 0.04097151 -0.00564049
v -0.05508006 0.04200334 -0.00768612
v -0.05426870 0.04446540 -0.00779476
v -0.05536395 0.04032793 -0.01237158
v -0.05617575 0.03800704 -0.01183195
v -0.05603562 0.03945692 -0.00535987
v -0.05584850 0.03993994 -0.00375635
v -0.05671852 0.03702467 -0.00979566
v -0.05641927 0.03842649 -0.00151955
v -0.05695062 0.03705834 -0.00692104
v -0.05637781 0.03690747 -0.01262596
v -0.05694352 0.03653560 -0.00258506
v -0.05747673 0.03491220 -0.00448047
v -0.05723346 0.03567546 -0.00774845
v -0.05740717 0.03504149 -0.00716238
v -0.05769012 -0.07733741 -0.01275428
v -0.05613200 -0.08109065 -0.01283001
v -0.05711056 -0.08047968 -0.01058280
v -0.05687720 -0.07632818 -0.01562164
v -0.05883198 -0.07720885 -0.00886919
v -0.05497654 0.03645779 0.01897749
v -0.05491562 0.03624131 0.01929306
v -0.05558429 0.03314835 0.01979555
v -0.05531489 0.03253381 0.02051698
v -0.05650879 0.03505469 0.01491416
v -0.05708153 -0.04051328 -0.01657334
v -0.05522812 -0.03971728 -0.02004819
v -0.05653426 -0.03877814 -0.01777979
v -0.05671031 -0.03589526 -0.01698314
v -0.05690047 -0.03370529 -0.01678344
v -0.05784841 0.00462849 -0.01660816
v -0.05666914 0.00625964 -0.01859344
v -0.05669370 0.00298439 -0.01882377
v -0.05578680 0.00539998 -0.02027750
v -0.05633574 -0.00062093 -0.01969107
v -0.05661191 0.00724498 -0.01851901
v -0.05588667 0.00115427 -0.02026147
v -0.05610017 -0.00156686 -0.01999009
v -0.05652295 -0.00493795 -0.01935426
v -0.05628216 -0.00781862 -0.01969528
v -0.05631341 -0.00955616 -0.01960654
v -0.05623257 -0.01120318 -0.01966034
v -0.05732532 -0.01097882 -0.01834784
v -0.05704582 0.00837173 -0.01745391
v -0.05731607 -0.01859424 -0.01709950
v -0.05628770 -0.01304182 -0.01936510
v -0.05704744 -0.06329427 -0.01582329
v -0.05591250 -0.06035069 -0.01806504
v -0.05782872 -0.06577045 -0.01413137
v -0.05684049 -0.05594726 -0.01676630
v -0.05746488 -0.05464115 -0.01543692
v -0.05662162 -0.05087566 -0.01750624
v -0.05665230 -0.04750423 -0.01771925
v -0.05594648 -0.04494004 -0.01905544
v -0.05684304 -0.06802559 -0.01574899
v -0.05539672 -0.07222735 -0.01824119
v -0.05565107 -0.04886554 -0.01933530
v -0.05575502 -0.03192424 -0.01940780
v -0.05724772 -0.07313007 -0.01528257
v -0.05590905 -0.02336757 -0.01925076
v -0.05542217 -0.06655620 -0.01839583
v -0.05589685 -0.01672164 -0.01967798
v -0.05626957 -0.01421455 -0.01931416
v -0.05537546 -0.06488799 -0.01826396
v -0.05199287 -0.07011544 -0.02150434
v -0.05342888 -0.03123682 -0.02211872
v -0.05457798 -0.05242506 -0.02030529
v -0.05526388 -0.05599864 -0.01904989
v -0.05559255 -0.05810497 -0.01864810
v -0.05503416 -0.05810837 -0.01914992
v -0.05160825 -0.06104167 -0.02248827
v -0.05368732 -0.02190606 -0.02175046
v -0.05345727 -0.02579650 -0.02182642
v -0.05437953 -0.03570622 -0.02094036
v -0.05505563 -0.02824137 -0.02065169
v -0.05408710 -0.01896618 -0.02139388
v -0.05473986 -0.04457127 -0.02062799
v -0.05423189 -0.00646936 -0.02190692
v -0.05563233 0.00892200 -0.02035184
v -0.05383563 0.01005100 -0.02217761
v -0.05553678 0.01456091 -0.02083487
v -0.05376866 0.01796181 -0.02260964
v -0.05372227 0.00758620 -0.02223850
v -0.05335705 0.00296600 -0.02252482
v -0.05560674 0.01840747 -0.02093477
v -0.05364165 -0.01151834 -0.02209402
v -0.05383886 -0.01640278 -0.02175120
v -0.05369900 0.01231760 -0.02254609
v -0.05529253 0.02077672 -0.02119261
v -0.05527033 -0.00147804 -0.02110751
v -0.05394528 -0.00557928 -0.02213600
v -0.05192884 -0.07116403 -0.02135136
v -0.05260088 -0.04644279 -0.02208220
v -0.05015228 -0.06562060 -0.02300854
v -0.05166803 -0.07376476 -0.02139624
v -0.05384984 -0.01116310 -0.02196765
v -0.05217586 0.01725289 -0.02355627
v -0.05027422 -0.06876184 -0.02264497
v -0.05216633 -0.07541605 -0.02046965
v -0.05153550 -0.05673083 -0.02241113
v -0.05519252 0.02359043 -0.02120590
v -0.05458233 0.02560515 -0.02164517
v -0.05511301 0.02635025 -0.02108808
v -0.05342695 -0.00016076 -0.02253168
v -0.05127914 0.00657422 -0.02381653
v -0.04999769 0.00181977 -0.02426917
v -0.05144681 0.01102549 -0.02362824
v -0.05231042 -0.00286275 -0.02327926
v -0.05022368 -0.02446537 -0.02336105
v -0.05144317 0.02477756 -0.02361200
v -0.05236072 0.01985152 -0.02327874
v -0.05181743 -0.03954841 -0.02261503
v -0.05314158 -0.03399060 -0.02194833
v -0.05225376 -0.04093613 -0.02255768
v -0.05130649 -0.00579890 -0.02363281
v -0.05129675 -0.01015525 -0.02339163
v -0.04963144 0.01089516 -0.02434868
v -0.05130531 0.00220606 -0.02374488
v -0.04959479 0.00052578 -0.02440268
v -0.05152120 -0.00112649 -0.02358518
v -0.05013226 -0.01571959 -0.02327818
v -0.05229918 0.02821252 -0.02267117
v -0.05151683 0.03029917 -0.02268676
v -0.04933522 0.03013057 -0.02398382
v -0.04942839 0.03424992 -0.02340720
v -0.04941744 0.03797505 -0.02261002
v -0.05030525 0.03974949 -0.02165445
v -0.04843820 0.04029495 -0.02251477
v -0.05142144 0.03473399 -0.02215379
v -0.05790656 0.02047189 -0.01642997
v -0.05658678 0.01850890 -0.01910937
v -0.05648411 0.01848613 -0.01927863
v -0.05580774 0.01521025 -0.02053290
v -0.05648452 0.01052007 -0.01866332
v -0.05665240 0.01607857 -0.01861650
v -0.05733545 0.01461647 -0.01701993
v -0.05654008 0.01133527 -0.01853884
v -0.05729615 0.02260570 -0.01743377
v -0.05834781 0.02080640 -0.01532262
v -0.05852553 0.02292174 -0.01497006
v -0.05807925 0.02470502 -0.01566925
v -0.05754695 0.02939201 -0.01585233
v -0.05869019 0.02451652 -0.01352193
v -0.05820227 0.02880362 -0.01386024
v -0.05773177 0.03050620 -0.01527147
v -0.05948546 -0.01950526 -0.01073153
v -0.05764733 -0.02044621 -0.01628421
v -0.05816162 -0.01334800 -0.01572817
v -0.05770518 -0.00966564 -0.01761386
v -0.05757695 -0.01549103 -0.01729005
v -0.05763551 -0.01134588 -0.01761520
v -0.05884079 -0.01156195 -0.01313030
v -0.05854234 -0.00929773 -0.01472720
v -0.05962384 -0.01707769 -0.01030794
v -0.05959558 -0.02541342 -0.00984846
v -0.05811656 -0.02629602 -0.01504654
v -0.05804884 -0.03017782 -0.01530121
v -0.05927066 -0.03374611 -0.01138674
v -0.05821765 -0.03132371 -0.01478966
v -0.05820415 -0.03510872 -0.01440564
v -0.05872710 -0.00725347 -0.01412553
v -0.05808743 -0.00535865 -0.01613407
v -0.05759542 -0.00336114 -0.01757145
v -0.05839086 -0.00002269 -0.01576733
v -0.05832364 0.00236581 -0.01612728
v -0.05910982 -0.00515294 -0.01226991
v -0.05892850 -0.00751350 -0.01318004
v -0.05864183 -0.03721244 -0.01252070
v -0.05952864 -0.02755092 -0.00980921
v -0.05920197 -0.00180211 -0.01153423
v -0.05850834 -0.04366893 -0.01289818
v -0.05871518 -0.03776661 -0.01300450
v -0.05883458 -0.04726355 -0.01206959
v -0.05783603 -0.04682036 -0.01527782
v -0.05815539 -0.04260236 -0.01465014
v -0.05868628 -0.05021844 -0.01183413
v -0.05799335 -0.05308252 -0.01446631
v -0.05776665 -0.05940908 -0.01419857
v -0.05830518 -0.06364762 -0.01239501
v -0.05835568 -0.06736739 -0.01212761
v -0.05847957 -0.07184313 -0.00975659
v -0.05744158 -0.07165368 -0.01450081
v -0.05814993 -0.07527541 -0.01281399
v -0.05961068 -0.03371312 -0.00964878
v -0.05922180 -0.07508529 -0.00727582
v -0.05761565 0.01260130 0.01810332
v -0.05786450 0.01482326 0.01748458
v -0.05771635 0.01039840 0.01803313
v -0.05764819 0.00890971 0.01873554
v -0.05718220 0.00649164 0.02005692
v -0.05795307 0.00610775 0.01815453
v -0.05777419 0.00234349 0.02000380
v -0.05791934 0.00284372 0.01933887
v -0.05841896 0.00712402 0.01601510
v -0.05837427 0.00941279 0.01577689
v -0.05902517 0.00403361 0.01447153
v -0.05872664 0.00044527 0.01687179
v -0.05923731 -0.00121299 0.01543357
v -0.05873325 -0.00361929 0.01852500
v -0.05935370 -0.00473040 0.01650805
v -0.05887766 -0.00660839 0.01866871
v -0.05811498 0.01428734 0.01568265
v -0.05941897 -0.00179929 0.01418313
v -0.05689961 0.02880044 0.01730161
v -0.05741347 0.02795211 0.01611657
v -0.05707747 0.03096189 0.01626239
v -0.05705047 0.02499007 0.01766878
v -0.05769567 0.02372334 0.01638730
v -0.05733966 0.03026796 0.01501350
v -0.05775751 0.02627212 0.01512981
v -0.05794523 0.02227698 0.01529849
v -0.05804073 0.01828213 0.01548816
v -0.05755525 0.02073161 0.01749818
v -0.05777889 0.01955299 0.01699161
v -0.05772552 0.01535409 0.01773517
v -0.05558564 0.01658629 0.02191992
v -0.05601741 0.01664957 0.02123315
v -0.05555201 0.02058109 0.02171877
v -0.05609556 0.02239169 0.02080997
v -0.05587866 0.02726999 0.02040103
v -0.05541379 0.02855419 0.02100478
v -0.05564117 0.03152072 0.02009965
v -0.05841367 0.02864927 -0.01163947
v -0.05813141 0.03090031 -0.01190233
v -0.05902201 0.02506121 -0.01029342
v -0.05918932 0.02479543 -0.00793168
v -0.05837092 0.02897727 -0.00982796
v -0.05771603 0.03290406 -0.01191261
v -0.05885060 0.02671820 -0.00785357
v -0.05808240 0.03101875 -0.00772871
v -0.05774426 0.03310599 -0.00859093
v -0.05807098 0.03203446 -0.00347178
v -0.05818869 0.03142739 -0.00167250
v -0.05725469 0.03478566 -0.01183575
v -0.05848653 0.02946588 -0.00150657
v -0.05849766 0.02814350 -0.00542329
v -0.05890802 0.02458116 -0.00365570
v -0.05914192 0.02322655 -0.00556339
v -0.05860002 0.02746949 -0.00147018
v -0.05873216 0.02604958 -0.00159187
v -0.05891858 0.02352943 0.00041636
v -0.05859037 0.02468801 0.00347746
v -0.05848059 0.02753635 0.00052086
v -0.05817500 0.03089700 0.00113544
v -0.05850765 0.02435625 0.00523804
v -0.05814012 0.02781030 0.00595261
v -0.05806753 0.02915372 0.00420232
v -0.05761395 0.03174112 0.00465400
v -0.05797733 0.02685473 0.00865708
v -0.05828061 0.02584164 0.00659639
v -0.05916926 0.02039992 -0.00391025
v -0.05925470 0.01933606 -0.00332927
v -0.05903226 0.02156804 -0.00020818
v -0.05898826 0.02154431 0.00074910
v -0.05891641 0.02355411 0.00062043
v -0.05935471 0.01916901 -0.00662344
v -0.05917255 0.02206234 -0.00909535
v -0.05957072 0.01749599 -0.00696931
v -0.05928252 0.01817750 0.00196382
v -0.05909394 0.02102059 -0.00954356
v -0.05907892 0.01972861 -0.01041957
v -0.05827866 0.02326031 0.00896077
v -0.05763139 0.03013528 0.00837021
v -0.05758529 0.03016217 0.00891200
v -0.05753785 0.03011903 0.01107389
v -0.05727134 0.03211633 0.01084183
v -0.05717940 0.03286398 0.01216273
v -0.05724026 0.03214571 0.00812303
v -0.05689364 0.03415946 0.01285520
v -0.05794311 0.02637403 0.01310107
v -0.05812652 0.02465026 0.01303028
v -0.05833741 0.02384079 0.00690256
v -0.05836024 0.01996522 0.00916459
v -0.05861942 0.01770286 0.00780264
v -0.05848563 0.01780806 0.00936150
v -0.05826308 0.02184126 0.01246534
v -0.05892439 0.01594902 0.00717156
v -0.05870290 0.02223954 0.00447894
v -0.05881113 0.01595862 0.00926237
v -0.05890161 0.01347546 0.00952407
v -0.05850155 0.01252295 0.01363377
v -0.05878015 0.01207922 0.01154022
v -0.05819084 0.02231776 0.01325519
v -0.05818124 0.01988658 0.01365783
v -0.05836338 0.01671050 0.01364285
v -0.05881452 0.01128552 0.01204237
v -0.05907739 0.00918412 0.01089886
v -0.05919082 0.00851883 0.00925922
v -0.05927607 0.00560222 0.01173162
v -0.05923346 0.00751759 0.00955750
v -0.05833780 0.01500712 0.01407478
v -0.05918230 0.01729530 -0.01130130
v -0.05704541 0.03432214 -0.01468177
v -0.05780611 -0.07750490 0.00433747
v -0.05685371 -0.07923900 0.00656088
v -0.05617517 -0.07997334 0.01174812
v -0.05785166 -0.07797226 0.00313083
v -0.05762167 -0.07687693 0.01056523
v -0.05685992 -0.08044539 -0.00389903
v -0.05821071 -0.07515009 0.01178461
v -0.05738741 -0.07730878 0.01619462
v -0.05811576 -0.07576618 0.01315393
v -0.05806834 -0.07474267 0.00663129
v -0.05828486 -0.07309018 0.00050942
v -0.05510474 -0.08123118 0.00954230
v -0.05884114 -0.00854597 0.01881014
v -0.05832149 -0.01228583 0.01935906
v -0.05826816 -0.00760391 0.02027492
v -0.05725479 -0.01141740 0.02131480
v -0.05755447 -0.00944341 0.02129003
v -0.05730947 -0.03158549 0.02063684
v -0.05883073 -0.03062063 0.01714115
v -0.05862720 -0.03274562 0.01687696
v -0.05879843 -0.02759431 0.01580648
v -0.05922987 -0.02575290 0.01383335
v -0.05912056 -0.03404393 0.01508734
v -0.05850345 -0.03368659 0.01738564
v -0.05845585 -0.02418173 0.01744656
v -0.05930131 -0.02073594 0.01420644
v -0.05909506 -0.01624407 0.01483256
v -0.05861570 -0.01564874 0.01763809
v -0.05794964 -0.04520378 0.01876878
v -0.05915904 -0.04136621 0.01395027
v -0.05879422 -0.04531031 0.01557889
v -0.05890847 -0.04780446 0.01514822
v -0.05821307 -0.04961002 0.01700781
v -0.05890711 -0.04999462 0.01419917
v -0.05798561 -0.05510299 0.01705905
v -0.05882693 -0.05512961 0.01238689
v -0.05822185 -0.05694494 0.01582607
v -0.05777168 -0.06077159 0.01548979
v -0.05819112 -0.06061659 0.01368318
v -0.05886134 -0.06211875 0.00956919
v -0.05858158 -0.06205519 0.01129028
v -0.05921189 -0.01049009 0.01698674
v -0.05757727 -0.06427163 0.01637474
v -0.05941527 -0.01319123 0.01540128
v -0.05875965 -0.01161268 0.01821684
v -0.05972313 -0.00781799 0.01608925
v -0.05983072 -0.00779239 0.01440653
v -0.05597460 -0.06969108 0.02138687
v -0.05591965 -0.06114288 0.02110252
v -0.05594404 -0.06714295 0.02159802
v -0.05692037 -0.05976038 0.01825865
v -0.05743574 -0.07309210 0.01709205
v -0.05768644 -0.06389610 0.01419828
v -0.05749847 -0.06997188 0.01350167
v -0.05736091 -0.06986727 0.01737192
v -0.05744061 -0.06880223 0.01207079
v -0.05791238 -0.06574151 0.00934215
v -0.05767512 -0.06454862 0.01313375
v -0.05740589 -0.06885056 0.00668845
v -0.05766596 -0.07017800 0.00946918
v -0.05754149 -0.07091259 0.00405592
v -0.05794937 -0.06837853 0.00353337
v -0.05781211 -0.07234038 0.00596291
v -0.05937874 -0.06364141 0.00243493
v -0.05842135 -0.07468935 -0.00064997
v -0.05942607 -0.07034934 -0.00301649
v -0.05936367 -0.06342874 0.00405000
v -0.05884500 -0.06436713 0.00581291
v -0.05809829 -0.03597997 0.01922510
v -0.05723777 -0.03755868 0.02081515
v -0.05718545 -0.04153898 0.02071266
v -0.05762060 -0.04693604 0.01924504
v -0.05813286 -0.03817907 0.01916860
v -0.05700297 -0.05070119 0.01946635
v -0.05689503 -0.05161300 0.01957079
v -0.05777288 -0.05295623 0.01792342
v -0.05536534 -0.05751328 0.02194135
v -0.05568058 -0.05727384 0.02161223
v -0.05561083 -0.07342205 0.02171733
v -0.05581247 -0.07395827 0.02137510
v -0.05543705 -0.03978931 0.02336846
v -0.05577473 -0.03543472 0.02316741
v -0.05574512 -0.04154791 0.02299238
v -0.05577339 -0.04548968 0.02248726
v -0.05775587 -0.02931274 0.01920306
v -0.05560856 -0.05030397 0.02203150
v -0.05541187 -0.05355911 0.02193157
v -0.05552531 -0.04746956 0.02251027
v -0.05568848 -0.03144926 0.02285653
v -0.05922700 -0.01701293 0.00074501
v -0.05915167 -0.01741246 0.00380210
v -0.05931999 -0.01489500 -0.00023082
v -0.05939848 -0.01770852 -0.00032595
v -0.05911592 -0.01552319 0.00366424
v -0.05904664 -0.01413028 0.00417697
v -0.05902513 -0.01545617 0.00752546
v -0.05920550 -0.01305846 0.00128297
v -0.05918761 -0.02041376 0.00097675
v -0.05915605 -0.02420712 0.00101236
v -0.05975302 -0.00576000 -0.00261585
v -0.05958986 -0.00342226 -0.00045005
v -0.05936354 -0.00985502 0.00128800
v -0.05942107 -0.00807875 0.00222356
v -0.05944672 -0.00726678 0.00335937
v -0.05923253 -0.01116922 0.00626249
v -0.05934166 -0.00773590 0.00589354
v -0.05957399 -0.00286285 0.00454677
v -0.05958268 -0.00433452 0.00370723
v -0.05957839 -0.00155973 0.00588784
v -0.05960681 -0.00034029 0.00740237
v -0.05948285 -0.00508380 0.00787607
v -0.05913847 -0.01333443 0.00867285
v -0.05953565 -0.00595377 0.00974579
v -0.05949924 -0.00290249 0.00167001
v -0.05953298 -0.00016248 0.00204870
v -0.05966445 -0.00047802 -0.00050232
v -0.05967640 -0.00084042 -0.00336369
v -0.05976966 -0.00728015 -0.00372385
v -0.05981607 -0.01031255 -0.00398696
v -0.05985270 -0.01307235 -0.00551014
v -0.05983111 -0.01982217 -0.00366376
v -0.05986657 -0.01516569 -0.00447022
v -0.05990585 -0.02352786 -0.00467570
v -0.05974150 -0.03264723 -0.00389203
v -0.05965152 -0.00706607 0.01578896
v -0.05978621 -0.03372736 -0.00491945
v -0.05980773 -0.01490129 -0.00925365
v -0.05922261 -0.02470870 0.00000668
v -0.05991143 -0.01673536 -0.00801008
v -0.05994384 -0.02351849 -0.00677430
v -0.05971306 -0.03510607 -0.00487741
v -0.05989976 -0.02436278 -0.00727871
v -0.05942253 0.00010228 0.01202806
v -0.05956134 -0.00084280 0.01033447
v -0.05943681 0.00561859 0.00515762
v -0.05948072 0.00330624 0.01010365
v -0.05937992 0.00133457 0.01295938
v -0.05938849 0.00286328 0.00489540
v -0.05936047 0.00691882 0.00602913
v -0.05935241 -0.02746608 -0.00058103
v -0.05957712 -0.00293032 0.01270538
v -0.05925839 -0.03030980 -0.00029748
v -0.05965148 -0.00623919 0.01222881
v -0.05931612 -0.03217583 0.00759840
v -0.05934576 -0.02954770 0.00611289
v -0.05935343 -0.02832503 0.00613149
v -0.05916018 -0.03363286 0.00531831
v -0.05933455 -0.03398532 0.01196579
v -0.05945015 -0.03005073 0.01144833
v -0.05936832 0.00182122 0.00529607
v -0.05928467 0.00978289 0.00509590
v -0.05943187 0.00167320 0.00372685
v -0.05934895 0.01249828 0.00050574
v -0.05933092 0.00934296 0.00190704
v -0.05935166 0.00814220 0.00184697
v -0.05937509 0.00398537 0.00033255
v -0.05936498 0.00509363 0.00228664
v -0.05942507 0.00346168 -0.00047408
v -0.05946593 0.00170180 0.00272947
v -0.05955325 0.00425528 -0.00282410
v -0.05953252 0.00809825 -0.00401956
v -0.05976551 -0.00787102 -0.00595130
v -0.05922260 0.01352929 0.00168763
v -0.05944951 0.00411186 -0.00582925
v -0.05954284 0.00128213 -0.00573688
v -0.05949547 -0.03718839 0.01455072
v -0.05951748 -0.03810311 0.01315198
v -0.05905736 -0.02374974 0.00493270
v -0.05893398 -0.02247159 0.00540271
v -0.05937512 -0.00008449 -0.00903864
v -0.05945483 -0.00129415 -0.00741706
v -0.05948715 -0.00286469 -0.00627970
v -0.05952287 -0.00358776 -0.00673329
v -0.05926339 -0.02623769 0.01135364
v -0.05905456 -0.02116644 0.00710076
v -0.05907465 -0.01689806 0.00839701
v -0.05932745 -0.03989557 0.00983767
v -0.05910865 -0.04352483 0.01185624
v -0.05917329 -0.00052063 -0.01154799
v -0.05878966 -0.04754025 0.01009840
v -0.05894239 -0.04632668 0.01172074
v -0.05964065 0.01134575 -0.00299430
v -0.05969176 0.01169373 -0.00302108
v -0.05900952 -0.03481007 0.00434600
v -0.05917853 -0.03279214 0.00063608
v -0.05899154 -0.03592903 0.00115573
v -0.05948188 -0.03674962 -0.00361974
v -0.05916590 -0.03913329 -0.00112371
v -0.05903824 -0.04268345 -0.00205185
v -0.05896064 -0.04461960 -0.00197715
v -0.05905733 -0.04124342 0.00154834
v -0.05908883 -0.04079072 -0.00421745
v -0.05915160 -0.04100993 -0.00986472
v -0.05925498 -0.03919217 -0.00596020
v -0.05923116 -0.04568934 -0.00723930
v -0.05906486 -0.04894280 -0.00698767
v -0.05894174 -0.05128666 -0.00989270
v -0.05877467 -0.05301383 -0.00535533
v -0.05876504 -0.05432710 -0.01017783
v -0.05883746 -0.05897432 -0.00730578
v -0.05870614 -0.05791327 -0.01019899
v -0.05853770 -0.05576504 -0.00176235
v -0.05859988 -0.05777281 -0.00103031
v -0.05867738 -0.05034339 -0.00350343
v -0.05853541 -0.05405933 0.00004348
v -0.05862177 -0.05781376 -0.00346920
v -0.05876946 -0.06039361 -0.00861708
v -0.05881207 -0.06531536 -0.00663939
v -0.05923427 -0.03918267 -0.00938481
v -0.05937037 -0.01163798 0.01025903
v -0.05924281 -0.04459127 -0.00591726
v -0.05900475 0.00489863 -0.01161461
v -0.05927257 -0.04024682 0.00429242
v -0.05906320 -0.04460031 0.00449463
v -0.05912958 -0.04640810 0.00446166
v -0.05882104 -0.05199921 0.01423365
v -0.05889350 -0.05108309 0.01016180
v -0.05911104 -0.05449807 0.00776320
v -0.05903695 -0.03652196 0.00086089
v -0.05910171 -0.04653871 0.00193491
v -0.05916561 -0.05636706 0.00548277
v -0.05970427 0.01321313 -0.00505918
v -0.05975773 0.01527632 -0.00543161
v -0.05965255 0.01652365 -0.00280915
v -0.05853730 -0.06549950 -0.01036374
v -0.05897687 -0.00157696 -0.01336586
v -0.05964998 0.01677080 -0.00113832
v -0.05913114 0.01393887 0.00353856
v -0.05935099 0.00519031 -0.00660701
v -0.05931330 0.00761446 -0.00716600
v -0.05944576 0.00849531 -0.00641916
v -0.05882132 -0.05321986 0.00289333
v -0.05947236 -0.00963779 -0.00973394
v -0.05941891 -0.00619797 -0.01004491
v -0.05974680 -0.00809568 0.01275100
v -0.05968501 -0.01108057 0.01396547
v -0.05962956 -0.01190265 0.01267032
v -0.05941735 0.01110241 -0.00694419
v -0.05949737 0.01486632 -0.00885507
v -0.05919374 -0.05903469 0.00290633
v -0.05938746 -0.06293742 0.00497716
v -0.05917207 -0.05571616 0.00769176
v -0.05902509 -0.05671020 0.00924000
v -0.05837115 -0.06532847 -0.01225966
v -0.05905019 0.00312238 -0.01212402
v -0.05878293 -0.04676845 -0.00179384
v -0.05860450 -0.04956857 -0.00153974
v -0.05880962 -0.06210085 -0.00313356
v -0.05877000 0.00289896 -0.01460062
v -0.05892705 0.00863528 -0.01087163
v -0.05855954 -0.07106827 -0.00883395
v -0.05925713 0.01587450 0.00358369
v -0.05889603 0.01309170 0.00680836
v -0.05930361 -0.06675806 -0.00131743
v -0.05913822 -0.06783013 -0.00068426
v -0.05931893 -0.07075608 -0.00476510
v -0.05829471 0.00711275 -0.01479386
v -0.05767233 0.01149274 -0.01575160
v -0.05793259 0.01140766 -0.01455717
v -0.05784000 0.01545243 -0.01574023
v -0.05861420 0.01612166 -0.01368443
v -0.05900970 0.01508368 -0.01193049
v -0.05754572 -0.02712420 -0.01624325
v -0.05746877 -0.02258416 -0.01657981
v -0.05623017 -0.02257242 -0.01868117
v -0.05506129 -0.07795701 0.02124131
v -0.05376624 -0.07565769 0.02338295
v -0.05338674 -0.07759360 0.02283307
v -0.05368593 -0.08033121 0.02075721
v -0.05621308 -0.07886688 0.01693754
v -0.05188604 -0.07634642 0.02437558
v -0.04646701 -0.07770331 0.02462818
v -0.03073482 0.04222809 0.01838427
v -0.02983627 0.04223328 0.01654511
v -0.03126239 0.04398535 0.02203114
v -0.02848769 0.04471042 0.01858745
v -0.03055099 0.04368959 0.02045877
v -0.02630997 0.04596656 0.01715869
v -0.02565909 0.04755397 0.01941568
v -0.02776668 0.04629642 0.02086849
v -0.02392845 0.04810203 0.01764418
v -0.02348610 0.04745004 0.01565054
v -0.02358635 0.04992616 0.02136409
v -0.02908322 0.04644648 0.02266877
v -0.02503494 0.04600055 0.01453784
v -0.02563395 0.04821220 0.02135051
v -0.02175930 0.04825217 0.01504343
v -0.02855329 0.04764678 0.02314187
v -0.01972652 0.05013638 0.01672702
v -0.02176958 0.05040706 0.01989858
v -0.02339094 0.05034394 0.02168081
v -0.02148732 0.05245466 0.02230451
v -0.02060126 0.04940498 0.01633241
v -0.02044148 0.05131020 0.02024732
v -0.01810875 0.05221811 0.01980411
v -0.01899880 0.05218536 0.02058864
v -0.01494731 0.05374050 0.02021789
v -0.03100051 0.04500963 0.02274554
v -0.02628758 0.05045365 0.02357113
v -0.01669313 0.05390809 0.02118416
v -0.01169966 0.05450184 0.01983835
v -0.01016531 0.05648021 0.02113393
v -0.05811725 -0.02086728 0.01880457
v -0.05688370 -0.02076203 0.02108251
v -0.05735783 -0.01684427 0.02088131
v -0.05677742 -0.01557036 0.02176631
v -0.05586744 -0.02695390 0.02232341
v -0.05585099 -0.02899519 0.02260122
v -0.05567479 -0.02410766 0.02258013
v -0.05542992 -0.07794941 -0.01700987
v -0.05211636 -0.07765132 -0.01908747
v -0.05397201 -0.07886928 -0.01720003
v -0.04980203 -0.07674446 -0.02050064
v -0.05107620 -0.08163503 -0.01465329
v -0.05364749 -0.08179660 -0.01362850
v -0.05451728 -0.08264719 -0.01160659
v -0.04637405 -0.08190445 -0.01525783
v -0.04498759 -0.07926829 -0.01774040
v -0.04772787 -0.07575372 -0.02073591
v -0.04299039 -0.08155189 -0.01338907
v -0.04430150 -0.08401502 -0.00014644
v -0.04659093 -0.08410987 0.00556502
v -0.05182075 -0.08325460 0.00827326
v -0.05063045 -0.08340901 0.01183898
v -0.05080914 -0.08337956 -0.00203555
v -0.05189235 -0.08307330 -0.00682426
v -0.05266849 -0.08300280 -0.00822260
v -0.04850673 -0.08319618 -0.00915262
v -0.04646004 -0.08289330 -0.01308287
v -0.04495250 -0.08347805 -0.01081463
v -0.04704012 -0.08376693 -0.00104547
v -0.04407816 -0.08342555 -0.00766150
v -0.05031322 -0.08323220 -0.00666733
v -0.04338441 -0.08401766 0.00952038
v -0.04339492 -0.08382924 0.00574128
v -0.04317814 -0.08337432 -0.00370459
v -0.04388818 -0.08275551 0.01671905
v -0.04333099 -0.08349730 0.01345575
v -0.05298952 -0.08297150 0.00128242
v -0.04177600 -0.08296733 0.00192145
v -0.04408395 -0.08319921 -0.01156382
v -0.04337386 -0.08404943 0.01039329
v -0.04395145 -0.08401914 0.00043578
v -0.04497089 -0.08025785 0.02270882
v -0.04965606 -0.08218590 0.01850999
v -0.05089531 -0.08137594 0.02030511
v -0.05122916 -0.08266388 0.01694742
v -0.05338161 -0.08273004 0.00504052
v -0.04179498 -0.08203661 0.01678400
v -0.04358195 -0.08159344 0.01997401
v -0.05834361 -0.07765845 -0.00442923
v -0.05899121 -0.07529933 -0.00391729
v -0.05648409 -0.08167643 -0.00579953
v -0.05524853 -0.08210610 -0.00222871
v -0.05519177 -0.08170472 0.00178379
v -0.05590165 -0.08058549 0.00659004
v -0.05310281 -0.08253040 0.01427879
v -0.05234194 -0.08313319 0.01000671
v -0.05401884 -0.08205555 0.00733631
v 0.03562386 -0.01141571 -0.00712518
v 0.03584342 -0.01219630 -0.00556040
v 0.03602170 -0.00943284 -0.00404437
v 0.03632796 -0.01192136 -0.00312629
v 0.03557237 -0.00978999 -0.00876539
v 0.03553303 -0.00676515 -0.00622673
v 0.03641989 -0.01479830 -0.00288950
v 0.03730941 -0.01160774 0.00082398
v 0.03635429 -0.00948386 -0.00262815
v 0.03700614 -0.01033987 0.00010624
v 0.03730691 -0.00732199 0.00151848
v 0.03638722 -0.00375142 -0.00086581
v 0.03615195 -0.00356510 -0.00257062
v 0.03627160 -0.00143448 -0.00299331
v 0.03666853 -0.00120959 0.00046859
v 0.03729189 -0.00469752 0.00199085
v 0.03707857 -0.00077082 0.00224381
v 0.03793897 -0.00277854 0.00670830
v 0.03771773 -0.00079542 0.00646685
v 0.03743085 -0.00047075 0.00504179
v 0.03770341 -0.00423504 0.00544916
v 0.03784932 0.00102826 0.00776333
v 0.03669613 0.00264699 0.00064643
v 0.03711738 0.00395016 0.00441339
v 0.03768719 0.00417316 0.00774212
v 0.03765362 0.00563070 0.00812635
v 0.03797936 0.00434702 0.00992401
v 0.03824246 0.00123914 0.01161172
v 0.03834290 -0.00260069 0.00952279
v 0.03845101 -0.00234887 0.01227480
v 0.03850829 -0.00447680 0.01220592
v 0.03859873 0.00088353 0.01369762
v 0.03781514 0.00303166 0.00790937
v 0.03709688 0.00603392 0.00482007
v 0.03804956 -0.00704344 0.00724181
v 0.03871189 -0.00464687 0.01408401
v 0.03854257 -0.00664438 0.01117453
v 0.03938353 -0.00593312 0.01634472
v 0.04048947 -0.00642993 0.01869093
v 0.04124696 -0.00234987 0.02028407
v 0.04114472 -0.00615547 0.02003019
v 0.03877621 -0.00864124 0.01431003
v 0.03894042 -0.00078085 0.01593021
v 0.03596006 -0.00728259 -0.00371106
v 0.03600178 -0.00530428 -0.00318919
v 0.03897136 0.00302133 0.01574646
v 0.04021252 0.00155836 0.01820514
v 0.03829183 0.00544858 0.01346158
v 0.03853188 0.00736935 0.01405757
v 0.03886772 0.00678771 0.01559423
v 0.03830619 0.00931034 0.01259919
v 0.03854371 0.01136921 0.01395212
v 0.03882871 0.00922237 0.01550357
v 0.03886449 0.01147362 0.01532200
v 0.03789234 0.01122449 0.01100358
v 0.03759830 0.01306330 0.00895044
v 0.03990394 0.00681116 0.01761782
v 0.03954289 -0.00686794 0.01653719
v 0.04104520 -0.00991621 0.01968062
v 0.03732993 -0.00922521 0.00154249
v 0.04132251 -0.01037266 0.02005915
v 0.03984195 -0.01052663 0.01681556
v 0.03929699 -0.01247814 0.01586400
v 0.03945007 -0.01510309 0.01604024
v 0.04014210 -0.01851908 0.01719767
v 0.04053777 -0.02064604 0.01847903
v 0.03925407 -0.02050276 0.01511327
v 0.03871782 -0.01872430 0.01290471
v 0.03872289 -0.01678093 0.01281718
v 0.03885904 -0.01332395 0.01208613
v 0.03869665 -0.01386966 0.01019010
v 0.03869670 -0.01022466 0.01118590
v 0.03833559 -0.01376751 0.00704921
v 0.03837378 -0.01680397 0.00771365
v 0.03822883 -0.01979005 0.00798421
v 0.03764617 -0.01675799 0.00437334
v 0.03826660 -0.02093970 0.00868308
v 0.03805750 -0.02275221 0.00773854
v 0.03777922 -0.02557799 0.00669716
v 0.03854258 -0.02128349 0.01138623
v 0.03847909 -0.02590875 0.01126518
v 0.03832157 -0.00626786 0.00949055
v 0.03927724 -0.01654372 0.01521370
v 0.03777726 -0.01409470 0.00471325
v 0.04088493 0.00978658 0.01966663
v 0.04108452 0.01407979 0.01943256
v 0.04013821 0.01751302 0.01741364
v 0.04128935 0.01765335 0.01983062
v 0.03973388 0.02152160 0.01706263
v 0.04126663 0.02166124 0.01987692
v 0.04114798 0.02343341 0.01996744
v 0.03890668 -0.01273265 0.01256036
v 0.04288723 0.02156489 0.02143862
v 0.03534976 -0.00570117 -0.00716488
v 0.03517267 -0.00169257 -0.00719262
v 0.03538376 -0.00103522 -0.00570676
v 0.03608575 0.00452188 -0.00417948
v 0.03519017 0.00430799 -0.00727385
v 0.03639349 0.00461558 -0.00347326
v 0.04298639 -0.01030020 0.02176014
v 0.03932873 0.02347985 0.01688270
v 0.04138953 -0.01439085 0.01981827
v 0.03805837 -0.01220470 0.00586957
v 0.03770138 -0.01316111 0.00403492
v 0.03801619 -0.00912555 0.00633969
v 0.03815763 -0.00850968 0.00757984
v 0.03544421 0.00842550 -0.00639076
v 0.03480381 0.01131060 -0.01040383
v 0.03487773 0.01018605 -0.01006482
v 0.03483918 0.01215119 -0.00986254
v 0.03885652 -0.02844121 0.01331434
v 0.03896282 -0.03196641 0.01454821
v 0.03859904 -0.03334444 0.01296929
v 0.03800947 -0.03292416 0.00925875
v 0.03775292 -0.03608465 0.00884518
v 0.03805997 -0.03277648 0.00943815
v 0.03741341 -0.03246135 0.00616416
v 0.03950835 -0.03622958 0.01575617
v 0.03792532 -0.02683484 0.00765315
v 0.03749543 -0.02529604 0.00431388
v 0.03675133 -0.02411256 -0.00155064
v 0.03710349 -0.02839603 0.00119904
v 0.04192289 -0.04063356 0.02064207
v 0.04166512 -0.04072768 0.02028257
v 0.04138037 -0.04173614 0.01989622
v 0.04142357 -0.04225955 0.01983577
v 0.04172456 -0.04603072 0.01998088
v 0.03912323 -0.04264013 0.01446983
v 0.03917724 -0.04099990 0.01451246
v 0.03941968 -0.04900061 0.01470228
v 0.04189452 -0.03897281 0.02058373
v 0.03960336 -0.03859736 0.01554286
v 0.03699021 -0.03640381 0.00373593
v 0.03670367 -0.03494184 0.00126750
v 0.03698055 -0.03925064 0.00343716
v 0.03728962 -0.04436844 0.00649928
v 0.03782399 -0.04284603 0.00871255
v 0.03728042 -0.04003392 0.00621394
v 0.04150913 -0.04978275 0.01945183
v 0.04201964 -0.05452959 0.01998837
v 0.04394068 -0.05337205 0.02199339
v 0.04336482 -0.05607020 0.02150703
v 0.04323715 -0.06074690 0.02155906
v 0.04147836 -0.05445558 0.01908908
v 0.03781288 -0.03885401 0.00905048
v 0.04304819 -0.06415250 0.02161107
v 0.04179652 -0.06354733 0.02030710
v 0.03960382 -0.05507032 0.01448230
v 0.03634390 -0.01776966 -0.00389053
v 0.04118515 -0.06067390 0.01887407
v 0.03942680 -0.06005954 0.01414274
v 0.03999805 -0.06266672 0.01555098
v 0.03970607 -0.06553156 0.01444135
v 0.04146749 -0.06255299 0.01945206
v 0.03668665 -0.02222156 -0.00209313
v 0.03495530 0.01606723 -0.00829996
v 0.03482870 0.01652464 -0.01317139
v 0.03600950 0.02083412 -0.01706570
v 0.03764022 0.02709908 -0.02065708
v 0.03628838 0.02287299 -0.01807396
v 0.03396387 0.02106205 -0.01159840
v 0.03399621 0.02105541 -0.00995136
v 0.03448276 0.02103072 -0.00657468
v 0.03367863 0.02425299 -0.00913053
v 0.03409870 0.01957204 -0.01080015
v 0.03451455 0.02521840 -0.01554171
v 0.03430175 0.02958070 -0.01639033
v 0.03362127 0.02873254 -0.01474810
v 0.03464113 0.02384595 -0.01524157
v 0.03583625 0.02957135 -0.01872901
v 0.03740089 0.02919692 -0.02077329
v 0.03456140 0.02311627 -0.00476155
v 0.03783513 0.02295059 -0.02047409
v 0.03517490 0.00020414 -0.00713355
v 0.04261653 -0.06844361 0.02040306
v 0.03435779 0.01749222 -0.01142616
v 0.03668500 -0.02636252 -0.00322178
v 0.03721089 -0.03700482 0.00635636
v 0.03666345 -0.02772972 -0.00424666
v 0.03639128 -0.02860298 -0.00737841
v 0.03647492 -0.02599624 -0.00796066
v 0.03634636 -0.03539953 -0.00318284
v 0.03628272 -0.03736494 -0.00227623
v 0.03650175 -0.04056506 0.00139803
v 0.03643061 -0.04243375 0.00000089
v 0.03612344 -0.04113575 -0.00310032
v 0.03620189 -0.04404731 -0.00192009
v 0.03640638 -0.04749315 -0.00670697
v 0.03729922 -0.04628221 0.00588487
v 0.03697409 -0.04797503 0.00285120
v 0.03708493 -0.05235816 0.00453348
v 0.03735748 -0.05150430 0.00618870
v 0.03651548 -0.05245647 -0.00608017
v 0.03736523 -0.04610510 -0.01274341
v 0.03668391 -0.05162793 -0.00444001
v 0.03675191 -0.05597643 -0.00833920
v 0.03694496 -0.05477244 -0.01134578
v 0.03709355 -0.05740777 -0.00444475
v 0.03767654 -0.05701557 0.00697137
v 0.03724478 -0.05795328 0.00474959
v 0.03911718 -0.04856740 0.01397667
v 0.03775894 0.02319492 0.01234403
v 0.03809383 0.02104903 0.01255016
v 0.03819088 0.02546036 0.01531464
v 0.04032707 -0.06463577 0.01614408
v 0.03324002 0.02570079 -0.01184677
v 0.04061005 -0.07111829 0.01481078
v 0.03848948 -0.02232252 -0.01875554
v 0.03839108 -0.01992706 -0.01869903
v 0.03876372 -0.02731755 -0.01800499
v 0.03764368 -0.02467411 -0.01677259
v 0.04056531 -0.02035083 -0.02153068
v 0.04214880 -0.01825714 -0.02387884
v 0.04175080 -0.01662141 -0.02357169
v 0.03853845 -0.02828803 -0.01756706
v 0.03956177 -0.01382738 -0.02126658
v 0.04010635 -0.01046157 -0.02166434
v 0.03923823 -0.00642021 -0.02061888
v 0.03881495 -0.01260940 -0.02004383
v 0.03951059 -0.00486394 -0.02099464
v 0.03751019 -0.00623777 -0.01732968
v 0.03677238 -0.00268710 -0.01675346
v 0.03512933 -0.00438186 -0.01300501
v 0.03749588 -0.00650414 -0.01734074
v 0.04093017 -0.00123923 -0.02248339
v 0.03953113 -0.00093081 -0.02079955
v 0.03714516 -0.00039858 -0.01730466
v 0.03900143 0.00149330 -0.02003825
v 0.03662855 0.00090626 -0.01625806
v 0.03485732 -0.00362564 -0.01039763
v 0.03482819 -0.00181260 -0.00954333
v 0.03647944 -0.00446577 -0.01593734
v 0.03803909 -0.01630585 -0.01831485
v 0.03734886 -0.01618349 -0.01658542
v 0.03912380 0.00614379 -0.02024308
v 0.04192640 -0.02153513 -0.02323772
v 0.04163267 -0.02589985 -0.02236994
v 0.04063257 -0.03122214 -0.01991094
v 0.04069872 -0.00651076 -0.02241641
v 0.03607868 -0.03322838 -0.00767837
v 0.03610468 -0.03290389 -0.00815555
v 0.03581231 -0.03752992 -0.00726167
v 0.03580276 -0.03922697 -0.00731560
v 0.03760430 -0.03645268 -0.01515045
v 0.03714973 -0.04125600 -0.01348115
v 0.03738222 -0.04395229 -0.01332228
v 0.03440348 0.02386662 -0.00485639
v 0.03411566 0.02600515 -0.00469283
v 0.03429679 0.02856839 -0.00168977
v 0.03353001 0.02991333 -0.00376012
v 0.03229949 0.03372630 -0.00278986
v 0.04287898 -0.00957043 0.02167500
v 0.03673649 0.03162496 -0.02114791
v 0.03561064 -0.01183999 -0.01049261
v 0.03590487 -0.01421590 -0.01064084
v 0.03633479 -0.01554768 -0.01368080
v 0.03575944 -0.01159003 -0.01346182
v 0.03621485 -0.01011073 -0.01495022
v 0.03543196 -0.00724983 -0.01374248
v 0.03581109 -0.01384281 -0.00941414
v 0.03532504 -0.00801180 -0.01279992
v 0.03689046 -0.01689669 -0.01522413
v 0.03559985 0.03172591 -0.01935814
v 0.03828126 -0.00232414 -0.01899961
v 0.04118651 0.01987294 0.01968846
v 0.04124832 -0.01679405 0.01939819
v 0.03855879 -0.04507661 0.01261636
v 0.03920663 -0.04669268 0.01436778
v 0.03879135 -0.05887634 0.01155348
v 0.03914062 -0.06408504 0.01234657
v 0.03831098 -0.06284414 0.00885459
v 0.03855124 -0.06688650 0.00934900
v 0.03982391 -0.06776265 0.01419201
v 0.03654150 -0.05537814 -0.00707165
v 0.03715566 -0.03074921 0.00249655
v 0.03755656 -0.06219424 -0.01168095
v 0.04163331 -0.07254059 0.01791077
v 0.04139636 -0.03635959 -0.02076242
v 0.03999830 -0.04174336 -0.01857421
v 0.04118902 0.00999902 0.02010239
v 0.03799729 -0.06435155 -0.01358509
v 0.03774248 -0.05806323 -0.01412511
v 0.03871708 -0.05441131 -0.01632549
v 0.03760478 -0.05415111 -0.01435706
v 0.04218270 -0.05396297 -0.02057010
v 0.04183302 -0.04782454 -0.02106423
v 0.04054429 -0.04601227 -0.01911127
v 0.03786755 -0.05215304 -0.01440297
v 0.03981005 -0.04433795 -0.01791405
v 0.03832389 -0.04017499 -0.01635652
v 0.03973988 -0.05929945 -0.01731114
v 0.03635876 0.00644291 -0.00343970
v 0.03692865 0.01290562 0.00453345
v 0.03713014 0.01337130 0.00710791
v 0.03704766 0.01499309 0.00237582
v 0.03702420 0.01814349 0.00260792
v 0.03593548 0.02068291 -0.00021209
v 0.03544712 0.02024814 -0.00249918
v 0.03581941 0.01781923 -0.00153933
v 0.03570281 0.02297330 -0.00077541
v 0.03582914 0.01638490 -0.00160189
v 0.03690994 0.01956757 0.00313190
v 0.03619725 0.01448676 -0.00051363
v 0.03628858 0.01269486 0.00029103
v 0.03617044 0.01275913 -0.00105511
v 0.03653518 0.00762566 0.00009803
v 0.03678256 0.00512381 0.00128737
v 0.03677563 0.00894448 0.00330098
v 0.03674311 0.01057169 0.00368058
v 0.03611338 0.01857295 -0.00008655
v 0.04124442 0.01400367 0.01966711
v 0.03801501 0.01933834 -0.02020931
v 0.03812704 0.01794074 -0.02011540
v 0.03840971 0.01703201 -0.02038837
v 0.03728732 0.01380611 -0.01805559
v 0.03785675 0.01180491 -0.01894444
v 0.03852993 0.01430055 -0.02037473
v 0.03580253 0.01196252 -0.01415829
v 0.03749861 0.00972039 -0.01790713
v 0.03526170 0.00949355 -0.01247375
v 0.03647073 0.01464413 -0.01647659
v 0.03551702 0.02634197 -0.01761460
v 0.03634950 0.00256072 -0.00332083
v 0.04347810 -0.02318662 0.02188668
v 0.03762621 -0.06695403 -0.01076107
v 0.03780567 -0.06802708 -0.01152310
v 0.03735028 -0.07028390 -0.01018033
v 0.03776122 -0.07256902 -0.01140141
v 0.04051042 -0.07501111 -0.01766426
v 0.03938778 -0.07824332 -0.01367098
v 0.04187384 -0.07277787 -0.02003227
v 0.04245778 -0.07651506 -0.02010645
v 0.03996309 -0.07172565 -0.01634453
v 0.03885597 -0.06834974 -0.01377305
v 0.03882047 -0.07273284 -0.01324311
v 0.03758536 -0.07465916 -0.00849275
v 0.03753925 -0.07583108 -0.00751313
v 0.03712263 -0.06906931 -0.00621074
v 0.03731950 -0.07571354 -0.00433131
v 0.03674758 -0.06620290 -0.00326927
v 0.03719796 -0.06148862 -0.00667618
v 0.03722867 -0.07360304 -0.00314373
v 0.03767475 -0.07761482 -0.00527992
v 0.03902947 -0.07831416 -0.00258871
v 0.03823934 -0.07684749 -0.00006263
v 0.03812309 -0.07413442 0.00386124
v 0.03970399 -0.07738403 0.00527666
v 0.04009666 -0.07718995 0.00668325
v 0.04311853 -0.07996758 0.00825373
v 0.04057941 -0.07605463 0.01129150
v 0.04144614 -0.06523004 -0.02005124
v 0.04110589 -0.06643740 -0.01907146
v 0.03665106 -0.06801652 -0.00026783
v 0.04267120 -0.07942770 0.01079855
v 0.03927093 -0.06478126 -0.01552991
v 0.04121514 -0.05586920 -0.01922649
v 0.03910130 -0.04512384 0.01448013
v 0.03699968 -0.06532451 0.00172907
v 0.03744338 -0.06661242 0.00448267
v 0.03479373 -0.00146292 -0.01015066
v 0.03949060 -0.03046793 0.01579213
v 0.04116756 -0.02828467 0.01947168
v 0.04048932 -0.02753622 0.01843341
v 0.04501559 -0.02959774 0.02300555
v 0.03599293 0.01101388 -0.00450943
v 0.03633746 0.01118768 -0.00286918
v 0.04241827 -0.07779971 0.01555621
v 0.04296877 0.01371958 0.02151682
v 0.04370230 0.01524577 0.02207129
v 0.04040600 -0.07519077 0.01203955
v 0.03763159 -0.06500697 0.00532747
v 0.03685903 -0.05910799 -0.00085607
v 0.03675473 -0.06151638 -0.00183735
v 0.03686175 -0.05477802 -0.00420698
v 0.03714343 -0.05830222 0.00260061
v 0.03669584 -0.05706168 -0.00031959
v 0.03670139 -0.05557913 0.00061164
v 0.03878378 -0.07333111 0.00765698
v 0.03829883 -0.06801515 0.00707380
v 0.04002121 -0.07157314 0.01287486
v 0.04138734 -0.02036183 0.01974668
v 0.03875716 0.01060487 -0.02000246
v 0.04281713 0.00511736 0.02173309
v 0.04273191 0.00337511 0.02172195
v 0.04267510 0.00313077 0.02162783
v 0.04266343 -0.00109519 0.02162167
v 0.03781141 -0.05014017 0.00889174
v 0.04127407 0.00660609 0.02019801
v 0.04123744 0.00205257 0.02018419
v 0.03890351 0.01492686 0.01506128
v 0.03852943 0.01537515 0.01396138
v 0.03807591 0.01706693 0.01224995
v 0.03893084 0.01904496 0.01488690
v 0.03788489 0.01921361 0.01057911
v 0.03781220 0.01521882 0.01077396
v 0.03779175 0.01922399 0.00838427
v 0.03686296 -0.05198741 0.00305447
v 0.03722050 -0.01551633 0.00114681
v 0.03751213 0.02286839 0.00884710
v 0.03662084 0.02447987 0.00597511
v 0.03688303 0.02509799 0.00798568
v 0.03648644 0.02498589 0.00496054
v 0.03637160 0.02365659 0.00294965
v 0.03360907 0.02606574 -0.00717586
v 0.03761288 0.01840018 0.00742406
v 0.03737743 -0.01329377 0.00137773
v 0.03286812 0.03040549 -0.00643166
v 0.03268309 0.03150510 -0.00563315
v 0.03292132 0.02913582 -0.00789261
v 0.03128121 0.03433653 -0.00815610
v 0.03055489 0.03608726 -0.00638903
v 0.03208903 0.03218332 -0.01026628
v 0.04274842 -0.02730433 0.02121581
v 0.04298602 -0.03346262 0.02144906
v 0.03873077 -0.03813355 0.01283301
v 0.03534709 0.02622823 0.00041248
v 0.03557037 0.02459194 -0.00027032
v 0.03503520 0.02896531 0.00216539
v 0.03517364 0.02881032 0.00345092
v 0.03413626 0.03294066 0.00582216
v 0.03419046 0.03401748 0.00907139
v 0.03500570 0.03283712 0.01103522
v 0.03547038 0.03118995 0.00939557
v 0.03632951 0.02913915 0.01172496
v 0.03681808 0.02726601 0.01196923
v 0.03731728 0.02652668 0.01356952
v 0.03661350 0.03150665 0.01580083
v 0.03730212 0.03147133 0.01736828
v 0.03753496 0.02923440 0.01604096
v 0.03894041 0.03113539 0.01977799
v 0.03863248 0.02912272 0.01826845
v 0.03691674 0.03362926 0.01821319
v 0.03876279 0.03369773 0.02086360
v 0.03661697 0.02958749 0.01326566
v 0.03539670 0.03063738 0.00786030
v 0.03593686 0.02909564 0.00743316
v 0.03597434 0.02813317 0.00624799
v 0.03585954 0.02478165 0.00160764
v 0.04145309 -0.06877821 0.01869055
v 0.03480362 0.02015093 -0.00492593
v 0.03524112 0.01610987 -0.00440735
v 0.03845064 -0.07323803 0.00618583
v 0.03659977 -0.01856889 -0.01356151
v 0.04121871 -0.03217501 0.01933421
v 0.04082073 -0.02698191 0.01886308
v 0.03776970 -0.04758339 -0.01389931
v 0.03928516 -0.06889279 0.01155030
v 0.03804622 0.02012825 -0.02035827
v 0.04390478 -0.07024899 0.02180382
v 0.03631390 -0.02918514 -0.00780237
v 0.03596298 -0.01818633 -0.00811482
v 0.03631458 -0.02022750 -0.01149954
v 0.04029441 0.00343928 -0.02157346
v 0.04226041 0.00522213 -0.02366537
v 0.04409854 -0.01677824 0.02209906
v 0.03584290 0.03317356 0.01547387
v 0.03728573 0.00729740 -0.01731819
v 0.03630897 0.00458215 -0.01551908
v 0.03873845 0.00684623 -0.01977844
v 0.03680087 -0.07030937 -0.00270667
v 0.03539134 0.01237891 -0.00605828
v 0.04106587 0.00147007 -0.02267421
v 0.03578158 -0.01525505 -0.00709277
v 0.03811078 0.02382137 0.01396350
v 0.03909145 -0.01463212 0.01469884
v 0.03734392 -0.06905318 0.00387767
v 0.03632195 -0.04824607 0.00017277
v 0.03620609 0.01703332 -0.01656324
v 0.03625172 -0.02120806 -0.01020722
v 0.03559062 0.01448121 -0.00407025
v 0.03752325 0.00361449 -0.01773086
v 0.03816638 -0.06339587 0.00748916
v 0.04378265 -0.07722919 0.01849690
v 0.04222097 -0.07665926 0.01686068
v 0.04271835 -0.05233501 -0.02146479
v 0.03726377 -0.02035447 0.00175589
v 0.03588694 -0.03619574 -0.00766691
v 0.04228736 -0.04359099 -0.02205284
v 0.03726941 -0.06050804 0.00442243
v 0.04478639 -0.07624984 0.02092468
v 0.04342494 -0.07244263 0.02066265
v 0.04204984 -0.07137921 0.01927354
v 0.04525415 -0.07450045 0.02175542
v 0.04192772 -0.05681364 0.02001953
v 0.03522673 0.00575023 -0.01279033
v 0.03770988 0.01634499 0.00863091
v 0.03755987 0.01440098 0.00863335
v 0.03595110 -0.04065867 -0.00744341
v 0.03494290 0.00966529 -0.01102462
v 0.03909432 -0.03406896 -0.01751839
v 0.04103760 -0.00165090 0.01998047
v 0.03702680 0.00496491 0.00265313
v 0.03855640 0.00336103 0.01400330
v 0.03886083 -0.03114016 -0.01738976
v 0.03920956 -0.00859037 0.01575759
v 0.03904087 0.01939772 0.01514329
v 0.03644915 0.00060725 -0.00108665
v 0.03485090 0.00417932 -0.00985525
v 0.03212931 0.03690761 0.00607515
v 0.03237407 0.03553059 0.00383962
v 0.03204908 0.03705896 0.00609403
v 0.03308013 0.03353875 0.00288041
v 0.03330613 0.03218925 0.00063425
v 0.03954033 -0.03957096 0.01533346
v 0.03417809 0.03080255 0.00227252
v 0.03478232 0.00640847 -0.00970817
v 0.03716990 -0.06415635 -0.00903390
v 0.03865666 -0.00872865 0.01278325
v 0.03905140 -0.06118741 0.01224208
v 0.04274634 -0.00479919 0.02169999
v 0.04295948 -0.00629133 0.02182491
v 0.03697466 0.00679779 0.00286585
v 0.03732662 -0.01306880 -0.01720181
v 0.03783795 -0.03207133 -0.01543360
v 0.03271124 0.03126049 -0.01388804
v 0.03688865 -0.02934929 -0.00009781
v 0.04009843 0.02803341 0.02017480
v 0.04010545 0.02562982 0.01896082
v 0.04097326 0.02813213 0.02107991
v 0.04214174 -0.07866231 -0.01877396
v 0.04316077 -0.04436920 0.02145134
v 0.03806859 0.01936049 0.01199136
v 0.03241807 0.03250975 -0.00515291
v 0.03276369 0.02874016 -0.01093750
v 0.03250260 0.03024126 -0.00971520
v 0.03602535 -0.04286480 -0.00753855
v 0.03722658 0.02524310 0.01016465
v 0.04051705 0.01190171 0.01880554
v 0.03705792 -0.02264534 -0.01501159
v 0.03912712 0.02558390 0.01741513
v 0.03700872 -0.07248724 -0.00310345
v 0.03482560 0.02047072 -0.00456139
v 0.03170521 0.03389691 -0.01208177
v 0.03342726 0.03581028 -0.01804045
v 0.03352349 0.03375235 -0.01731787
v 0.03259279 0.03412248 -0.01578138
v 0.03608455 0.03328090 -0.02117215
v 0.03424925 0.03580912 -0.01986547
v 0.03546328 -0.01042019 -0.01116717
v 0.03771864 0.00952173 0.00876013
v 0.03566961 0.00168855 -0.01420638
v 0.03379506 0.02182677 -0.01153319
v 0.03718092 0.01500809 0.00653354
v 0.03885975 -0.00191753 0.01567305
v 0.03869697 0.00906763 -0.01978591
v 0.04373584 -0.04599931 0.02186106
v 0.03336349 0.02616861 -0.00930320
v 0.03947258 -0.06227987 -0.01637401
v 0.04189349 0.02421368 0.02097704
v 0.03737350 -0.07133077 0.00217011
v 0.04042757 -0.08031613 -0.01236234
v 0.03801587 -0.07841271 -0.00887538
v 0.03870588 -0.01109994 -0.01956593
v 0.03589529 0.03171619 -0.01977702
v 0.03268953 0.03203029 -0.01387514
v 0.03683705 0.01019388 0.00545302
v 0.03679591 -0.01874819 -0.01438668
v 0.04117543 -0.01294243 0.01967156
v 0.04087590 0.02993843 0.02136910
v 0.04001006 0.03189951 0.02121390
v 0.03834928 -0.04751273 -0.01520898
v 0.03913478 -0.07583168 0.00609034
v 0.03802077 0.01245192 0.01257241
v 0.03858226 -0.05029007 0.01195309
v 0.03746788 -0.05793409 -0.01318530
v 0.03932751 -0.02577429 0.01493899
v 0.04169726 -0.07476407 0.01732512
v 0.03721144 -0.04911037 0.00499770
v 0.03891530 0.00289324 0.01563750
v 0.03843191 -0.05650199 0.01012944
v 0.03779260 0.00961418 0.00950024
v 0.03735114 -0.01792429 -0.01633313
v 0.03680846 -0.06156490 -0.00256403
v 0.03646162 0.00460185 -0.00129520
v 0.03405579 0.02975222 -0.00096474
v 0.03760243 -0.07724263 -0.01007486
v 0.03814084 -0.05050416 -0.01494219
v 0.03619947 0.00795080 -0.00374626
v 0.04012596 -0.08039831 -0.00820211
v 0.03606649 0.02246841 0.00072224
v 0.03498740 0.00483634 -0.01196536
v 0.03803668 0.02749752 0.01596515
v 0.03754380 -0.01314920 0.00313370
v 0.03715442 -0.01180043 -0.01701663
v 0.03631438 0.00052448 -0.00315003
v 0.03449398 0.02009189 -0.01337218
v -0.03052164 0.03987526 0.01215035
v -0.02917266 0.04180698 0.01290835
v -0.03001448 0.04004986 0.01003188
v -0.02875393 0.04085232 0.00558025
v -0.02982760 0.03961213 0.00654987
v -0.02810151 0.04136365 0.00456789
v -0.03083299 0.03769717 0.00429502
v -0.02642290 0.04209501 0.00060998
v -0.02620385 0.04300287 0.00303407
v -0.02998944 0.03828441 0.00104494
v -0.02856029 0.04347466 0.01612473
v -0.03063582 0.03856533 0.00681845
v -0.02979383 0.03819661 0.00034016
v -0.03036080 0.03734483 0.00023150
v -0.03124667 0.03585300 -0.00020975
v -0.03173098 0.03517970 0.00294626
v -0.03160468 0.03559362 0.00471213
v -0.03211216 0.03439474 0.00688533
v -0.03345515 0.02973838 0.00940272
v -0.03330853 0.03316954 0.01212498
v -0.03299124 0.03480728 0.01168348
v -0.03248283 0.03583897 0.01019391
v -0.03520766 0.02697754 0.01629286
v -0.03449391 0.03249011 0.01583679
v -0.03435682 0.03391323 0.01665818
v -0.03661722 0.03413337 0.02071385
v -0.03945671 0.03357433 0.02421591
v -0.04128442 0.03884125 0.02581366
v -0.03759706 0.03242963 0.02144818
v -0.03750003 0.03672225 0.02329702
v -0.03583649 0.03166053 0.01808401
v -0.03349386 0.02922815 0.00962732
v -0.03225099 0.03570666 0.00877660
v -0.03229511 0.03619687 0.01070168
v -0.03732778 0.03485633 0.02208414
v -0.03230586 0.03916338 0.01738900
v -0.03160814 0.03965943 0.01620115
v -0.03851878 0.03130795 0.02246607
v -0.03989921 0.03004693 0.02341539
v -0.03980943 0.02917446 0.02308598
v -0.04015311 0.02667302 0.02309320
v -0.03911435 0.02639610 0.02151549
v -0.03816645 0.02820273 0.02074524
v -0.03896385 0.02452498 0.02125449
v -0.03668983 0.03021899 0.01905672
v -0.03638002 0.02437518 0.01799327
v -0.04110319 0.02246347 0.02369134
v -0.04396521 0.01961924 0.02518465
v -0.04228149 0.01654453 0.02449759
v -0.04255134 0.01284005 0.02489464
v -0.04136481 0.01475200 0.02419449
v -0.03948480 0.01302474 0.02207322
v -0.04029295 0.01194271 0.02324785
v -0.03880340 0.01366009 0.02095656
v -0.03772137 0.01255785 0.01903363
v -0.03695322 0.01163318 0.01737128
v -0.03713868 0.01047301 0.01773334
v -0.03693128 0.00799412 0.01758254
v -0.03965425 0.00323708 0.02257714
v -0.04023005 -0.00065606 0.02325728
v -0.04302738 -0.00037312 0.02511238
v -0.04040048 -0.00378198 0.02386349
v -0.04102776 -0.00454014 0.02455426
v -0.04177608 -0.00722680 0.02461779
v -0.04195560 -0.00890814 0.02453114
v -0.04263858 -0.01138200 0.02483040
v -0.04017616 -0.01608609 0.02337787
v -0.03898759 -0.01363999 0.02156705
v -0.03635359 -0.01781185 0.01822831
v -0.03976107 -0.02070477 0.02355179
v -0.03833419 -0.01041127 0.02106114
v -0.03676382 -0.01198962 0.01857601
v -0.03856832 -0.00762337 0.02129271
v -0.03874663 -0.00600539 0.02157270
v -0.03804103 -0.00318548 0.02054376
v -0.03648133 -0.00582856 0.01756508
v -0.03606912 -0.00381179 0.01664965
v -0.03623024 -0.00152608 0.01685181
v -0.03637514 -0.00889427 0.01798645
v -0.03613630 -0.01229767 0.01717670
v -0.03628726 -0.01683829 0.01831602
v -0.04347562 -0.01700537 0.02540153
v -0.04102938 -0.01132749 0.02401119
v -0.04012235 0.00410464 0.02326347
v -0.03675608 0.00244985 0.01790174
v -0.03656930 0.00341037 0.01704865
v -0.04402524 0.00458314 0.02532764
v -0.04408912 0.01111916 0.02560012
v -0.04226372 0.00979882 0.02486093
v -0.03999001 0.00917160 0.02291566
v -0.03897397 0.00639230 0.02116530
v -0.03897039 0.01632577 0.02119134
v -0.03690763 0.01824194 0.01824813
v -0.03779055 0.02034096 0.01998993
v -0.03789005 0.01916970 0.02005923
v -0.03615321 0.02358557 0.01780956
v -0.03878144 0.01030479 0.02031265
v -0.03572060 0.02039617 0.01540285
v -0.03514499 0.02204198 0.01422189
v -0.03456418 0.02392768 0.01231907
v -0.03515791 0.02251990 0.01496165
v -0.03535414 0.02475904 0.01590881
v -0.04484142 0.02510215 0.02564111
v -0.04196513 0.02484948 0.02442191
v -0.04190078 0.02755836 0.02475959
v -0.04074629 0.02015152 0.02349808
v -0.03975982 0.03251727 0.02398941
v -0.03574436 0.00014176 0.01514050
v -0.03985963 0.00556906 0.02288078
v -0.04005193 -0.02974301 0.02382012
v -0.03762540 -0.02687965 0.02136852
v -0.04072888 -0.02279059 0.02469020
v -0.04199590 -0.02718561 0.02543595
v -0.04124047 -0.03024613 0.02498243
v -0.03794463 -0.03137667 0.02172399
v -0.04329320 -0.03269057 0.02606470
v -0.04342240 -0.03592965 0.02637040
v -0.04153167 -0.04120760 0.02538173
v -0.04206578 -0.03203802 0.02548923
v -0.04015128 -0.03766134 0.02438305
v -0.04002239 -0.04383742 0.02345359
v -0.04033311 -0.04708709 0.02375284
v -0.03888322 -0.04782143 0.02168127
v -0.03697637 -0.04497979 0.01964135
v -0.03736552 -0.03999983 0.02049578
v -0.03573415 -0.04188177 0.01758920
v -0.03584254 -0.04098715 0.01783277
v -0.03535192 -0.03799046 0.01541639
v -0.03544347 -0.03709828 0.01600536
v -0.03641545 -0.03651733 0.01901301
v -0.03628581 -0.03188750 0.01897280
v -0.03604931 -0.02971182 0.01860122
v -0.03652349 -0.04907448 0.01845852
v -0.04301341 -0.05019306 0.02577322
v -0.04126372 -0.05538890 0.02499129
v -0.04202775 -0.06204273 0.02562648
v -0.04395311 -0.06541586 0.02597832
v -0.04275197 -0.06880919 0.02549899
v -0.04356768 -0.07320363 0.02509776
v -0.04059245 -0.06954526 0.02410871
v -0.04026488 -0.07109760 0.02375069
v -0.03993379 -0.07336966 0.02307585
v -0.03985823 -0.06733649 0.02356278
v -0.03924176 -0.07700413 0.02173696
v -0.03646231 -0.07439639 0.01877752
v -0.03747293 -0.07599893 0.02012326
v -0.03630961 -0.07792111 0.01588121
v -0.03566883 -0.07186681 0.01622429
v -0.03795285 -0.06888142 0.02093604
v -0.03453813 -0.07145772 0.01425386
v -0.03616292 -0.07688482 0.01754619
v -0.04261196 -0.07710424 0.02371794
v -0.04008161 -0.06162661 0.02381685
v -0.03899017 -0.05654605 0.02196577
v -0.03628723 -0.05678473 0.01805317
v -0.03628447 -0.05420152 0.01792393
v -0.03543083 -0.05397071 0.01540122
v -0.03670126 -0.05288293 0.01869058
v -0.03666916 -0.06199641 0.01886826
v -0.03788991 -0.06178428 0.02085861
v -0.04345607 -0.07770761 0.02396669
v -0.04551637 -0.07803114 0.02432714
v -0.04029254 -0.06383513 0.02398590
v -0.04159669 -0.05346564 0.02508305
v -0.03983900 -0.05004676 0.02298319
v -0.03693490 -0.03846646 0.01984569
v -0.03518523 -0.05915485 0.01615742
v -0.03528414 -0.05806415 0.01610203
v -0.03761455 -0.02368271 0.02155048
v -0.03580392 -0.06442167 0.01668007
v -0.04326658 -0.04415637 0.02597037
v -0.04296810 -0.07956084 0.02247750
v -0.03861188 -0.07973435 0.01930626
v -0.04014437 -0.05184092 0.02355315
v -0.04163380 -0.04455668 0.02507151
v -0.03333286 0.03612394 0.01606184
v -0.04042752 0.01738221 0.02342709
v -0.04152778 0.00472401 0.02438970
v -0.04189989 -0.02132926 0.02541397
v -0.04017242 0.01691502 0.02302448
v -0.03531350 0.03935049 0.02260439
v -0.04179852 -0.01745656 0.02490616
v -0.03605047 -0.02348131 0.01885860
v -0.03573172 -0.01994030 0.01643919
v -0.03606543 -0.01854842 0.01772180
v -0.03465455 -0.07343193 0.01409117
v -0.04163064 0.03572241 0.02598372
v -0.03495689 0.02959173 0.01645796
v -0.03998121 -0.00821109 0.02307379
v -0.04148810 0.01061209 0.02448630
v -0.04191191 0.03030168 0.02509934
v -0.03976943 -0.03681766 0.02406689
v -0.03542889 -0.06701432 0.01549973
v -0.03594046 -0.04971490 0.01726860
v -0.03609151 -0.02597072 0.01874594
v -0.03877011 0.00834623 0.02024324
v -0.03914979 0.02056839 0.02168792
v -0.04026507 -0.00226165 0.02350945
v -0.03888392 0.00027014 0.02107472
v -0.02693510 0.04176223 -0.00234147
v -0.02623188 0.04254039 -0.00548601
v -0.02938832 0.03913252 -0.00281654
v -0.02445223 0.04413777 -0.00606913
v -0.02428412 0.04425682 -0.00437071
v -0.02179156 0.04628469 -0.00675448
v -0.02418806 0.04480976 -0.00842437
v -0.02296185 0.04527607 -0.00465421
v -0.02484173 0.04461625 -0.01026768
v -0.02854532 0.04069188 -0.00800310
v -0.02648611 0.04245947 -0.00810593
v -0.02172393 0.04678491 -0.01090453
v -0.02451623 0.04546149 -0.01278468
v -0.02835086 0.04256474 -0.01399612
v -0.02763748 0.04271779 -0.01151307
v -0.02946689 0.04088774 -0.01206485
v -0.02638635 0.04343876 -0.01086153
v -0.02121004 0.04678715 -0.00844313
v -0.02778753 0.04464822 -0.01961602
v -0.02935702 0.04420909 -0.02043758
v -0.02947835 0.04253786 -0.01862997
v -0.03094783 0.03972104 -0.01417237
v -0.03060941 0.03918220 -0.01094901
v -0.03027549 0.03896038 -0.00900066
v -0.03113676 0.03687091 -0.00520177
v -0.03302676 0.03198487 -0.00337953
v -0.03297894 0.03317834 -0.00620823
v -0.03197039 0.03468463 -0.00202171
v -0.03114268 0.03740679 -0.00821738
v -0.03373689 0.02995144 0.00073929
v -0.03255089 0.03329376 -0.00004167
v -0.03376508 0.02925639 0.00163237
v -0.03419463 0.02586457 0.00728898
v -0.03451320 0.02658985 0.00035943
v -0.03381119 0.02816815 0.00518847
v -0.03443684 0.02550772 0.00404879
v -0.03324901 0.02957400 0.00616302
v -0.03402398 0.02933515 -0.00161688
v -0.03420584 0.02569539 0.01018655
v -0.03491588 0.02043491 0.00984117
v -0.03510772 0.01880825 0.00972671
v -0.03545656 0.01536252 0.00782818
v -0.03578544 0.01403869 0.01232933
v -0.03587284 0.01197751 0.01134961
v -0.03582487 0.01148489 0.01107876
v -0.03554624 0.00874733 0.01099824
v -0.03556521 0.01262463 0.00744163
v -0.03577265 0.01753080 0.01358365
v -0.03691188 0.00537385 0.01815745
v -0.03490614 0.02512870 -0.00302511
v -0.03474301 0.02690523 -0.00646528
v -0.03447100 0.02821210 -0.00587761
v -0.03229279 0.03571514 -0.01048994
v -0.03472303 0.02479904 0.00180663
v -0.03499538 0.02530337 -0.00807656
v -0.03534986 -0.00063718 0.01365188
v -0.03466109 -0.00003074 0.00941894
v -0.03491692 0.00283875 0.00572930
v -0.03523848 -0.00343359 0.01340626
v -0.03551398 -0.00777575 0.01506893
v -0.03526066 -0.00633940 0.01343432
v -0.03608215 -0.01492998 0.01754796
v -0.03538956 -0.01402319 0.01413948
v -0.03489943 -0.01082236 0.00852318
v -0.03524849 -0.01724726 0.01268076
v -0.03514429 -0.01271926 0.00632986
v -0.03523623 -0.01444035 0.00598081
v -0.03511950 -0.01779474 0.01021965
v -0.03465706 -0.00750167 0.00768172
v -0.03479202 -0.00881814 0.01017138
v -0.03488108 -0.00742427 0.00388431
v -0.03479719 -0.00658632 0.00298138
v -0.03553540 -0.02000800 0.01443490
v -0.03467496 -0.00423824 0.00326893
v -0.03499798 -0.01127338 0.00709951
v -0.03446448 -0.00419748 0.00817242
v -0.03521858 0.00553252 0.00492787
v -0.03552975 0.00914034 0.00659245
v -0.03539563 -0.02238466 0.01246936
v -0.02930319 0.03955280 -0.00693712
v -0.03269566 0.03632277 -0.01237611
v -0.03577289 -0.02273545 0.01651684
v -0.03516059 -0.03143596 0.01183998
v -0.03508039 -0.02559363 0.00622072
v -0.03516358 -0.03095222 0.00511805
v -0.03496831 -0.03409624 0.01166730
v -0.03535584 -0.03088414 0.01545901
v -0.03482142 -0.03788744 0.01009104
v -0.03520957 -0.03265559 0.00371680
v -0.03532158 -0.03438625 0.01556677
v -0.03508077 -0.02281368 0.00808277
v -0.03519370 -0.02026795 0.00603234
v -0.03501437 -0.02116252 0.00949481
v -0.03522962 -0.02327562 0.00383601
v -0.03506527 -0.03203085 0.01100415
v -0.03510417 -0.02781463 0.00232800
v -0.03493870 -0.03840683 0.00731685
v -0.03521746 -0.03825388 0.00497738
v -0.03453535 -0.04233812 0.00965854
v -0.03450152 -0.04530924 0.00753726
v -0.03448506 -0.04599636 0.00740914
v -0.03453927 -0.04878011 0.00967316
v -0.03444893 -0.04674283 0.00507941
v -0.03471182 -0.04761699 0.01124072
v -0.03483137 -0.05429578 0.01205742
v -0.02831283 0.04037763 -0.00478385
v -0.03497330 -0.00897933 0.00380027
v -0.03462468 -0.00465128 0.00164157
v -0.03515308 -0.00903246 -0.00048119
v -0.03501020 -0.00686817 -0.00258411
v -0.03499203 -0.00605024 -0.00227189
v -0.03512442 -0.00928671 -0.00404756
v -0.03516685 -0.01096504 -0.00443444
v -0.03533660 -0.01348676 -0.00287761
v -0.03547426 -0.01425407 -0.00053680
v -0.03540807 -0.01653221 0.00327771
v -0.03564003 -0.01892159 0.00023239
v -0.03530248 -0.01530051 -0.00401083
v -0.03524509 -0.01277562 0.00362967
v -0.03554036 -0.02226855 -0.00088797
v -0.03525068 -0.02463562 0.00240921
v -0.03532652 -0.02552813 -0.00084667
v -0.03532103 -0.02684194 -0.00159788
v -0.03520713 -0.02850379 -0.00380854
v -0.03470178 -0.00297739 0.00337799
v -0.03473831 -0.00260275 -0.00061014
v -0.03524987 -0.03094767 -0.00341254
v -0.03570152 -0.03308946 -0.00008286
v -0.03548811 -0.03182578 0.00082046
v -0.03574036 -0.03413200 -0.00010638
v -0.03482893 0.00153914 0.00522792
v -0.03501856 0.00296101 0.00320805
v -0.03459115 -0.00248707 0.00865778
v -0.03506033 -0.01365080 -0.00628919
v -0.03539453 -0.02265129 -0.00256984
v -0.03526002 -0.01827912 -0.00514497
v -0.03522308 -0.03349417 -0.00882360
v -0.03528203 -0.03524857 -0.00935979
v -0.03534020 -0.04043425 -0.00674689
v -0.03515882 -0.03130615 -0.00843332
v -0.03536502 -0.03843763 -0.00438965
v -0.03539029 -0.03368833 -0.01056250
v -0.03517066 -0.02326454 -0.00996862
v -0.03523232 -0.02391908 -0.00473757
v -0.03525100 -0.02505326 -0.00578442
v -0.03523777 -0.01792131 -0.00884777
v -0.03536638 -0.01727329 -0.01033024
v -0.03553913 -0.01533746 -0.01167051
v -0.03625007 -0.01548752 -0.01473377
v -0.03565128 -0.01355467 -0.01274752
v -0.03560545 -0.01782788 -0.01200962
v -0.03657309 -0.01134508 -0.01491730
v -0.03544305 -0.04464770 -0.00527566
v -0.03562363 -0.04086147 0.00111811
v -0.03663619 -0.01354036 -0.01588770
v -0.03519239 -0.02771139 -0.00894126
v -0.03541208 -0.01029121 -0.01091908
v -0.03530186 -0.01211983 -0.01007568
v -0.03514470 0.00474189 0.00335641
v -0.03555126 -0.03812400 -0.00241088
v -0.03555431 -0.02534608 -0.01188454
v -0.03242351 0.03492734 -0.00810341
v -0.03360450 0.03158958 -0.00795780
v -0.03382855 0.03318460 -0.01138417
v -0.03399516 0.03154883 -0.01062629
v -0.02886011 0.04514464 -0.02097295
v -0.03089784 0.03981421 -0.01635055
v -0.03232015 0.03792813 -0.01648907
v -0.03444568 -0.05386647 0.00979457
v -0.03501429 -0.05983619 0.01580969
v -0.03461781 -0.06015225 0.01261068
v -0.03452605 -0.06218013 0.00942072
v -0.03484692 -0.06365877 0.00286300
v -0.03486438 -0.06368793 0.01237900
v -0.03514863 -0.06654384 0.00532676
v -0.03496629 -0.07113650 0.00894238
v -0.03516731 -0.06861283 0.00587001
v -0.03425984 -0.06577963 0.00892434
v -0.03465936 -0.06244250 0.00255366
v -0.03522153 -0.07608874 0.01271159
v -0.03574089 -0.07640937 0.00918487
v -0.03650396 -0.07885032 0.00830262
v -0.03695999 -0.07927772 0.00571361
v -0.03844132 -0.08086338 0.00546282
v -0.04327131 -0.08399282 0.00823933
v -0.03614472 -0.00739366 -0.01308420
v -0.03644294 -0.01093811 -0.01458398
v -0.03605823 -0.00557595 -0.01260603
v -0.03679939 -0.00551353 -0.01537185
v -0.03641151 -0.00168368 -0.01477293
v -0.03572447 -0.00329328 -0.01114764
v -0.03630654 -0.00124904 -0.01420970
v -0.03600980 -0.00008357 -0.01223043
v -0.03336253 -0.05491164 0.00452876
v -0.03343589 -0.05379103 0.00225748
v -0.03426020 -0.05079578 -0.00006518
v -0.03407407 -0.05059671 0.00405096
v -0.03440196 0.02887820 -0.00843882
v -0.03446107 -0.05703293 0.01071557
v -0.03582220 -0.00011648 -0.01100443
v -0.03557474 -0.07358299 0.00670505
v -0.03556739 -0.07221347 -0.00014193
v -0.03657457 -0.07667339 0.00280768
v -0.04044483 -0.08183415 0.01403571
v -0.03569055 0.00080566 -0.00930686
v -0.03582002 0.00273958 -0.01067743
v -0.03527263 0.00161794 -0.00729769
v -0.03583270 0.00674515 -0.01067519
v -0.03659499 0.00658596 -0.01392651
v -0.03612385 0.00874372 -0.01202893
v -0.03686448 0.00535345 -0.01619131
v -0.03624434 0.01098176 -0.01201319
v -0.03718033 0.01459819 -0.01547759
v -0.03672516 0.01508868 -0.01352242
v -0.03665175 0.01722522 -0.01334717
v -0.03631288 0.01867491 -0.01244811
v -0.03723100 0.02257243 -0.01643434
v -0.03569097 0.01148097 -0.00856555
v -0.03670732 0.00448793 -0.01581588
v -0.03567474 0.00642149 -0.00951974
v -0.03713759 0.00617224 -0.01694146
v -0.03533046 -0.00299293 -0.00788508
v -0.03523698 -0.00522649 -0.00681370
v -0.03511243 -0.00145268 -0.00611688
v -0.03530486 -0.00920225 -0.01033843
v -0.03236033 0.03875060 -0.01871665
v -0.03378542 0.03829023 -0.02009445
v -0.03447841 0.03912983 -0.02126221
v -0.03468206 -0.04669046 0.00236019
v -0.03553880 -0.04570537 -0.00087033
v -0.03545836 -0.04694014 -0.00260324
v -0.03477809 -0.06028419 0.00021514
v -0.03622783 -0.05911443 -0.00625825
v -0.03589053 -0.06254857 -0.00392619
v -0.03597416 0.00460614 -0.01174682
v -0.03829244 0.00799011 -0.01939911
v -0.03575759 -0.03592458 -0.00041560
v -0.03598711 -0.05815921 -0.00530651
v -0.03698432 0.00287254 -0.01700205
v -0.03690684 0.00006219 -0.01657206
v -0.03834034 -0.00045073 -0.01998342
v -0.03688818 -0.00188503 -0.01671435
v -0.03803885 -0.00304260 -0.01943336
v -0.03938728 -0.00489530 -0.02107540
v -0.04164711 -0.00383345 -0.02274109
v -0.03783381 -0.00549930 -0.01876645
v -0.04125968 -0.00173637 -0.02258227
v -0.04131467 0.00120923 -0.02285737
v -0.04316821 0.00325860 -0.02346274
v -0.04313990 0.00214497 -0.02357230
v -0.04464946 0.00214767 -0.02421031
v -0.04134371 0.00441224 -0.02259566
v -0.04360202 0.00407747 -0.02358667
v -0.04322504 0.00602643 -0.02344432
v -0.04510811 0.00702313 -0.02410256
v -0.03801770 -0.00205431 -0.01942618
v -0.03832208 -0.00882794 -0.01971104
v -0.03805588 -0.01173640 -0.01894774
v -0.03781332 -0.00867087 -0.01892598
v -0.03796317 0.00226238 -0.01972596
v -0.03513148 -0.00696827 -0.00460470
v -0.03605331 0.01560945 -0.01020445
v -0.03553940 -0.04476111 -0.00019631
v -0.03501944 -0.00098808 -0.00505211
v -0.03504036 0.00101664 -0.00506479
v -0.03587720 -0.04719096 -0.00892889
v -0.03580572 -0.04287086 -0.01212654
v -0.03584887 -0.04145095 -0.01326845
v -0.03568816 -0.04023605 -0.01274709
v -0.03603210 -0.04827985 -0.01073951
v -0.03584314 -0.03793104 -0.01378102
v -0.03717404 -0.04416686 -0.01695871
v -0.03601205 -0.05164624 -0.01030056
v -0.03652850 -0.05343671 -0.01278892
v -0.03643841 -0.05693916 -0.01072347
v -0.03839972 -0.04405147 -0.01977650
v -0.03962364 -0.04636313 -0.02159304
v -0.04122059 -0.03610995 -0.02261749
v -0.03912108 -0.03660175 -0.02048793
v -0.03777865 -0.03367651 -0.01822709
v -0.03659685 -0.03416511 -0.01563575
v -0.03971676 -0.04366092 -0.02135082
v -0.03684881 -0.05743226 -0.01265040
v -0.03738656 -0.04691573 -0.01775804
v -0.03731450 -0.05078813 -0.01706514
v -0.03568578 -0.03151227 -0.01212168
v -0.03579491 -0.02752664 -0.01335337
v -0.03838146 -0.03641024 -0.01949739
v -0.03668681 -0.02842547 -0.01575548
v -0.03659349 -0.02391455 -0.01589427
v -0.03893411 -0.02548463 -0.01977903
v -0.03797793 -0.01967290 -0.01894486
v -0.03691479 -0.01943151 -0.01681482
v -0.03671932 -0.01702358 -0.01628209
v -0.03736051 -0.02957563 -0.01671587
v -0.03538100 -0.04205995 -0.00752326
v -0.03665139 -0.04355833 -0.01541763
v -0.03468484 -0.05617278 0.01242265
v -0.03620521 -0.05509575 -0.00843319
v -0.03565232 -0.05633259 -0.00490584
v -0.04031275 -0.01211771 -0.02164654
v -0.02957246 0.04068991 -0.01159821
v -0.03547638 -0.04920090 0.01621243
v -0.03524650 -0.06668294 0.00258138
v -0.03881419 -0.08069694 0.01627341
v -0.04093754 -0.01489792 -0.02215128
v -0.04118557 -0.01780665 -0.02211219
v -0.04167139 -0.01867873 -0.02241992
v -0.04006480 -0.02019934 -0.02113431
v -0.03994063 -0.04084766 -0.02175459
v -0.04201498 -0.04652800 -0.02283300
v -0.04132337 -0.00784227 -0.02239596
v -0.02563619 0.04656480 -0.02016213
v -0.04129047 -0.01137423 -0.02240459
v -0.04362332 -0.00968731 -0.02325468
v -0.04513627 -0.00945161 -0.02365062
v -0.04167795 -0.00782811 -0.02253672
v -0.03527383 -0.06714975 0.00025679
v -0.03673038 -0.00351193 -0.01560766
v -0.03581745 -0.06516891 -0.00436037
v -0.04134480 -0.00593741 -0.02256737
v -0.03596708 0.01080229 -0.00989549
v -0.03515603 0.00842333 -0.00626109
v -0.03534971 0.00690296 -0.00749800
v -0.03537002 0.01515167 -0.00625090
v -0.03536340 0.01302391 -0.00590459
v -0.03540421 0.01648749 -0.00645169
v -0.03532099 0.01804895 -0.00402567
v -0.03510587 0.01270944 -0.00043984
v -0.03504645 0.01414498 -0.00023113
v -0.03523041 0.01251764 -0.00215059
v -0.03502767 0.00492036 -0.00573160
v -0.03506718 0.00705296 -0.00358793
v -0.03506804 0.00919307 -0.00503430
v -0.03489917 0.00418920 0.00018916
v -0.03494965 0.00511570 -0.00320450
v -0.03509513 0.00768354 -0.00002893
v -0.03481077 0.00240104 -0.00028896
v -0.03532352 0.01909555 -0.00402943
v -0.03454869 0.02445504 0.00442658
v -0.03607530 -0.07276215 -0.00422806
v -0.03630333 -0.07309562 -0.00553556
v -0.03621839 -0.07039869 -0.00580924
v -0.03614451 -0.06724317 -0.00798919
v -0.03672898 -0.06673228 -0.00978195
v -0.03653536 -0.06020882 -0.00885383
v -0.03699500 -0.05940851 -0.01155117
v -0.03755619 -0.06218351 -0.01564438
v -0.03836643 -0.06486494 -0.01736304
v -0.03885661 -0.06250727 -0.01877924
v -0.03763460 -0.06615258 -0.01493038
v -0.03788262 -0.06769107 -0.01555780
v -0.03863544 -0.06905347 -0.01746388
v -0.03707526 -0.06841125 -0.01121638
v -0.03837384 -0.07163358 -0.01648960
v -0.03915436 -0.07321760 -0.01744875
v -0.04192287 -0.07725215 -0.01791062
v -0.03852353 -0.07560744 -0.01581918
v -0.04203480 -0.07938548 -0.01649593
v -0.03730525 -0.07490873 -0.01389163
v -0.03985044 -0.06985327 -0.01891264
v -0.04185326 -0.07041026 -0.02035038
v -0.03714530 -0.07661748 -0.00574395
v -0.04181686 -0.08244846 -0.00860051
v -0.03911439 -0.08050001 -0.00191048
v -0.03534573 0.00893321 0.00335478
v -0.03333740 0.04218872 -0.02211560
v -0.03122947 0.04352418 -0.02130045
v -0.03689130 -0.05545523 -0.01553339
v -0.03808992 -0.05639173 -0.01826390
v -0.03872312 -0.05459252 -0.01939529
v -0.04110949 -0.05340173 -0.02184898
v -0.04019224 -0.05858685 -0.02075425
v -0.04224793 -0.05786630 -0.02207241
v -0.04323101 -0.05589457 -0.02238301
v -0.04172749 -0.05903307 -0.02198719
v -0.03553523 0.01164191 0.00646768
v -0.02623198 0.04477577 -0.01587812
v -0.03704122 -0.07523006 -0.01076275
v -0.03531233 -0.06235003 -0.00035403
v -0.03549404 -0.03969181 0.00223596
v -0.04105672 -0.03128472 -0.02197914
v -0.03855563 -0.02975476 -0.01891092
v -0.03972281 -0.03237595 -0.02069424
v -0.04409673 -0.02912703 -0.02302049
v -0.04196974 -0.08278604 -0.00015117
v -0.04054620 -0.02818701 -0.02116707
v -0.03424601 -0.06838590 0.01037235
v -0.04088301 -0.08130748 -0.01025156
v -0.04074966 -0.07954579 -0.01495688
v -0.03915227 -0.07931662 -0.01304859
v -0.03854586 -0.03467539 -0.01964173
v -0.03722929 0.01777745 -0.01570109
v -0.03727012 0.02165504 -0.01627553
v -0.03501146 0.02677240 -0.01052639
v -0.03536402 0.02250125 -0.00764070
v -0.03582425 0.02275364 -0.01092613
v -0.03590660 0.02019515 -0.01016303
v -0.03540832 0.02665959 -0.01280632
v -0.03449760 0.02867257 -0.00988227
v -0.03474615 0.03066336 -0.01272580
v -0.03582333 0.02442193 -0.01276874
v -0.03672133 0.02450426 -0.01602162
v -0.03655115 0.02628601 -0.01695043
v -0.03804707 0.02631954 -0.01925064
v -0.03795625 0.02833473 -0.01966005
v -0.03875117 0.02392359 -0.01917401
v -0.03685914 0.02930210 -0.01881319
v -0.03625779 0.03155805 -0.01917863
v -0.03599586 0.03228791 -0.01927198
v -0.03650066 0.02663464 -0.01701992
v -0.03533737 0.02668235 -0.01239714
v -0.03549538 0.02742647 -0.01462133
v -0.03399828 0.03536378 -0.01839507
v -0.03518637 0.03107744 -0.01613520
v -0.03566551 0.03306882 -0.01926336
v -0.03566245 0.03625795 -0.02083637
v -0.03750741 0.03371608 -0.02144523
v -0.03731128 0.03607585 -0.02187694
v -0.03560342 -0.07278126 -0.00008989
v -0.03932244 0.03419700 -0.02274869
v -0.03940330 0.03217215 -0.02228668
v -0.04120415 0.03504828 -0.02379580
v -0.04003681 0.03022965 -0.02212314
v -0.03976585 0.02836746 -0.02135610
v -0.03592158 0.03161246 -0.01871894
v -0.03827902 0.02240581 -0.01816229
v -0.03416856 -0.06818773 0.01112457
v -0.03443027 -0.06833522 0.01339082
v -0.03549546 0.03821531 -0.02151966
v -0.03713186 0.04256647 -0.02407282
v -0.03782854 0.03950552 -0.02349759
v -0.03939423 0.03769448 -0.02358910
v -0.03616393 0.02088326 -0.01222987
v -0.02349798 0.04503132 -0.00188364
v -0.02341017 0.04505102 -0.00097245
v -0.03503517 0.00343139 0.00302691
v -0.04023513 0.02407024 -0.02079814
v -0.03718473 -0.05226170 -0.01653150
v -0.03304742 0.03146615 0.00405103
v -0.03257762 0.03335314 0.00193106
v -0.03519090 -0.05075718 -0.00395006
v -0.03535394 0.01393071 0.00495915
v -0.03492008 0.02018916 0.00081836
v -0.03499788 0.01785808 0.00130725
v -0.03531121 0.01993991 -0.00371137
v -0.03976448 -0.04830672 -0.02127145
v -0.03735520 -0.06060454 -0.01529020
v -0.03505453 0.01415712 0.00017003
v -0.04510465 -0.06114641 -0.02295717
v -0.03460963 0.02192701 0.00827429
v -0.03702346 -0.07932382 0.01181208
v -0.03553834 -0.04744383 -0.00653978
v -0.03708717 0.01230421 -0.01545909
v -0.03819604 0.01438131 -0.01841982
v -0.03831285 0.01235446 -0.01862528
v -0.04133462 0.01187270 -0.02208547
v -0.03971429 0.01030308 -0.02080404
v -0.04508256 0.01643399 -0.02381180
v -0.04224649 0.01788514 -0.02218592
v -0.04515404 0.02016568 -0.02397549
v -0.04154699 0.01624307 -0.02174669
v -0.04156295 0.02024940 -0.02173005
v -0.04163908 0.02062702 -0.02178236
v -0.03992892 0.01903950 -0.02000812
v -0.04400166 0.02313257 -0.02351511
v -0.04327572 0.02619223 -0.02329649
v -0.04553297 0.02342646 -0.02442423
v -0.04150438 0.02418682 -0.02209088
v -0.04052270 0.01631498 -0.02089828
v -0.04341682 0.00989200 -0.02343894
v -0.04124937 0.00948575 -0.02251598
v -0.03835471 0.01490524 -0.01866242
v -0.03738528 0.01031089 -0.01689868
v -0.03826685 -0.03807057 -0.01923993
v -0.03477775 0.03249481 -0.01563508
v -0.02589318 0.04271837 0.00100116
v -0.03503142 0.00903679 -0.00548262
v -0.03532358 0.02298570 -0.00628923
v -0.03565948 0.02088299 -0.00830835
v -0.03505199 0.00507730 0.00969620
v -0.03481477 -0.00232200 -0.00130664
v -0.03589707 -0.05038707 -0.00969935
v -0.03703263 -0.07330852 -0.01257565
v -0.03654323 -0.07335609 -0.00753390
v -0.03484047 -0.03888827 0.01195799
v -0.03524026 -0.04263334 0.01646541
v -0.03543641 -0.04565875 0.01675549
v -0.02322756 0.04660345 -0.01463668
v -0.02419913 0.04653017 -0.01688572
v -0.02207922 0.04828251 -0.01693117
v -0.02048145 0.04827581 -0.01399933
v -0.01701214 0.04929131 -0.01207281
v -0.01902440 0.05028637 -0.01790123
v -0.02006676 0.05057925 -0.02052431
v -0.01596084 0.05066905 -0.01543175
v -0.01379535 0.05223177 -0.01737104
v -0.01902284 0.05208251 -0.02205735
v -0.01600429 0.05224806 -0.01982841
v -0.01824638 0.05066112 -0.01828789
v -0.02108874 0.05255336 -0.02313420
v -0.02283344 0.05172419 -0.02308059
v -0.02680943 0.05205555 -0.02389373
v -0.02631907 0.04891850 -0.02259506
v -0.02717576 0.04789595 -0.02221685
v -0.02926670 0.04755656 -0.02284481
v -0.01903540 0.04851019 -0.01216889
v -0.02290191 0.04817251 -0.01911195
v -0.03551503 0.00959402 0.00817387
v -0.03312923 0.04414163 -0.02305660
v -0.03322185 0.04551223 -0.02358497
v -0.03112922 0.04605978 -0.02307484
v -0.03468260 -0.00008729 -0.00020752
v -0.03060653 0.03767311 -0.00489954
v -0.03682411 -0.07581057 -0.00220811
v -0.03389494 -0.05330210 -0.00054206
v -0.03612934 -0.06521506 -0.00693768
v -0.03507145 0.02319528 -0.00213508
v -0.01742823 0.05336448 -0.02251572
v -0.03472390 -0.04405858 0.01184916
v -0.03659886 -0.02155426 -0.01594475
v -0.03517195 -0.02878156 0.01083804
v -0.03625934 -0.06325816 -0.00808101
v -0.03379283 0.02757854 0.00827098
v -0.03960776 -0.00776415 -0.02093430
v -0.04241922 0.01451916 -0.02251267
v -0.03354339 -0.05811305 0.00187677
v -0.03395664 -0.05681435 -0.00004207
v -0.03810786 0.00579008 -0.01944292
v -0.03515422 0.01750928 0.00429178
v -0.03501321 0.01701683 0.00021662
v -0.03801572 -0.02261998 -0.01864258
v -0.02073565 0.04693587 -0.00544588
v -0.03558880 -0.00728756 -0.01090932
v -0.02011225 0.04723352 -0.00085082
v -0.02016071 0.04726142 0.00103772
v -0.03805472 -0.07926593 -0.01012734
v -0.03650049 -0.07609369 0.00180341
v -0.03703372 -0.07856038 0.00325508
v -0.02392402 0.04850588 -0.02087802
v -0.03601705 -0.03416880 -0.01423644
v -0.03511623 -0.00489033 -0.00469304
v -0.03573763 -0.07416253 0.00751645
v -0.02233943 0.04588848 0.00161685
v -0.03640113 -0.05914626 -0.00821011
v -0.03475179 -0.00624094 0.00976503
v -0.02485972 0.04627949 -0.01744444
v -0.03708598 0.01037541 -0.01596217
v -0.03606945 -0.01948152 -0.01448129
v -0.03645528 0.01744751 0.01704338
v -0.03483500 0.02158599 0.00444345
v -0.03560020 -0.02933820 -0.01178857
v -0.03534060 0.01301815 -0.00475460
v -0.03799275 -0.07900354 -0.00385433
v -0.03416128 -0.05553897 -0.00120261
v -0.04054637 -0.02415840 -0.02115024
v -0.01770378 0.04873151 -0.00994722
v -0.02010607 0.04727094 -0.00821738
v -0.03706839 -0.07922548 0.00499223
v -0.03611826 0.00771992 0.01393556
v -0.04330369 -0.00018185 -0.02367932
v -0.03613741 -0.02808882 0.01902097
v -0.03300905 -0.05699118 0.00326345
v -0.03712957 0.00906101 0.01777706
v -0.03649148 -0.04194777 -0.01549430
v -0.03910357 0.01835321 -0.01922824
v -0.03343737 0.03587498 -0.01462345
v -0.02116627 0.04742167 -0.01257458
v -0.03700988 -0.01182380 -0.01632831
v -0.03421515 -0.06087787 0.00295381
v -0.03538289 -0.06817539 -0.00058028
v -0.03557419 -0.02479197 0.01459903
v -0.03848668 -0.07972953 -0.00763209
v -0.03866428 0.01083785 -0.01949853
v -0.03651572 0.00379955 -0.01502366
v -0.03407021 0.02917402 -0.00382685
v -0.03722344 0.01692285 -0.01562580
v -0.03497453 0.00273701 -0.00495801
v -0.03797213 -0.01382230 -0.01919328
v -0.01286815 0.05475852 -0.02220266
v -0.01075668 0.05803517 -0.02304818
v -0.01039620 0.05796844 -0.02300398
v -0.00556754 0.05791282 -0.02272627
v -0.00686708 0.05554207 -0.02178070
v -0.00477456 0.05620654 -0.02163076
v -0.00143158 0.05595127 -0.02109074
v -0.00370443 0.05599149 -0.02137573
v -0.00047226 0.05702928 -0.02204592
v 0.00169904 0.05790179 -0.02228513
v 0.00357331 0.05736441 -0.02200155
v 0.00569478 0.05785172 -0.02259206
v 0.00542262 0.05648532 -0.02137765
v 0.00541457 0.05595319 -0.02094541
v -0.01524765 0.05265152 -0.02021401
v -0.03510951 -0.01185686 -0.00647591
v -0.04559852 0.00014451 -0.02449589
v -0.04195158 -0.07445895 -0.01899757
v -0.04091823 0.00385640 -0.02250703
v -0.03801329 0.00417882 -0.01942487
v -0.04141809 -0.06584047 -0.02121694
v -0.03528861 -0.03464126 -0.01019904
v -0.02113485 0.04668984 -0.00431611
v -0.03675271 0.02256372 -0.01480796
v -0.03035704 0.04099840 -0.01796192
v -0.03578032 -0.02312713 -0.01337930
v -0.03696038 -0.00828809 -0.01637944
v -0.03545479 -0.02102883 -0.01146519
v -0.02138598 0.05018084 -0.02094610
v -0.03515767 -0.05384104 -0.00401229
v -0.04179397 -0.04367611 -0.02289473
v -0.03859180 0.01839304 -0.01856852
v -0.03485739 0.02124288 0.00178693
v -0.03797157 -0.07954685 -0.00018846
v -0.04092336 0.02654511 -0.02186319
v -0.04193742 0.02701247 -0.02262520
v -0.04407144 -0.02370802 -0.02282085
v -0.03427212 -0.04840657 0.00320016
v -0.05508102 0.04034571 0.00811990
v -0.05415901 0.04267022 0.00493125
v -0.05574270 0.03839247 0.01069219
v -0.05602810 0.03681633 0.01462667
v -0.05630019 0.03676530 0.01034114
v -0.05378522 0.04385302 0.00267619
v -0.05567237 0.03825957 0.01294786
v -0.05295293 0.04582515 0.00190520
v -0.05372891 0.04373787 0.00485322
v -0.05292298 0.04598751 0.00080984
v -0.05195129 0.04761631 0.00396735
v -0.05109498 0.04961458 0.00127266
v -0.05192502 0.04768105 0.00581113
v -0.05090082 0.04960948 0.00521548
v -0.05163384 0.04822910 0.00675779
v -0.05060868 0.04981070 0.00895606
v -0.05041192 0.04971487 0.01119727
v -0.04870064 0.05315519 0.00433567
v -0.05030088 0.05000641 0.01131211
v -0.05136942 0.04789863 0.01205510
v -0.04956800 0.05015999 0.01367642
v -0.04790266 0.05216233 0.01394963
v -0.04655206 0.05399753 0.01335572
v -0.04541264 0.05582682 0.01150495
v -0.04576473 0.05458529 0.01430819
v -0.04839306 0.05051891 0.01630245
v -0.04934850 0.04787720 0.01791399
v -0.04896724 0.04643019 0.02013278
v -0.04737265 0.04994635 0.01895988
v -0.04498322 0.05244150 0.01991684
v -0.04470868 0.05395058 0.01869007
v -0.04274187 0.05590272 0.01903458
v -0.04199286 0.05638367 0.01917967
v -0.04336251 0.05632711 0.01699378
v -0.04332946 0.05253214 0.02127699
v -0.04341875 0.05450736 0.02005843
v -0.05135088 0.04591343 0.01645264
v -0.05289515 0.04291420 0.01690542
v -0.05154315 0.04292369 0.02011270
v -0.05141563 0.04052482 0.02164939
v -0.05330892 0.03892652 0.02004418
v -0.05491487 0.03780231 0.01787280
v -0.05004171 0.04405021 0.02111973
v -0.05095809 0.04426197 0.01973529
v -0.05345063 0.03656232 0.02128447
v -0.05161061 0.03867438 0.02220014
v -0.04703693 0.04848361 0.02050318
v -0.04842957 0.04935613 0.01780341
v -0.05439167 0.03949590 0.01712787
v -0.05231422 0.04465965 0.01581818
v -0.05062040 0.04854693 0.01380606
v -0.04708014 0.05225840 0.01640354
v -0.05293201 0.04032840 0.01957391
v -0.05171373 0.04858285 -0.00119789
v -0.05001289 0.05133156 -0.00018091
v -0.04881338 0.05315053 0.00123281
v -0.04733016 0.05553219 0.00157816
v -0.04806047 0.05462399 -0.00343293
v -0.05157137 0.04950535 -0.00516133
v -0.04768407 0.05521789 -0.00464753
v -0.04678841 0.05645008 -0.00485176
v -0.04624627 0.05709122 -0.00831994
v -0.04786581 0.05473618 -0.01021056
v -0.04644920 0.05604727 -0.01184427
v -0.04872912 0.05387254 -0.00732503
v -0.04778467 0.05419814 -0.01234382
v -0.05383263 0.04179791 0.01523560
v -0.04932065 0.05305725 -0.00499890
v -0.05319356 0.04412704 0.01290116
v -0.05229140 0.04657593 0.01096793
v -0.05274937 0.04607308 0.00906050
v -0.05334996 0.04441537 0.01121649
v -0.05244378 0.04736337 -0.00130488
v -0.04730283 0.05395261 0.00988364
v -0.04485762 0.05674741 0.01029248
v -0.04551604 0.05643995 0.00869618
v -0.04208397 0.05984693 0.00689153
v -0.04353701 0.05833067 0.00913413
v -0.04133031 0.05996260 0.01092546
v -0.03950823 0.06193365 0.00956196
v -0.04298276 0.05806471 0.01270357
v -0.04137452 0.05967189 0.01278752
v -0.03860407 0.06209101 0.01391982
v -0.04035966 0.06003937 0.01529306
v -0.03835684 0.06063785 0.01772850
v -0.03638201 0.06162975 0.01898749
v -0.04013420 0.05937632 0.01741624
v -0.03431978 0.06401075 0.01714062
v -0.03718420 0.05852899 0.02129306
v -0.03483376 0.06114411 0.02061672
v -0.03280263 0.06237210 0.02033871
v -0.03947869 0.05838858 0.01964602
v -0.03877673 0.05884248 0.01986691
v -0.03257747 0.06492092 0.01652722
v -0.02997417 0.06531250 0.01791941
v -0.03478240 0.06464143 0.01409835
v -0.02893076 0.06670484 0.01525231
v -0.02857123 0.06474057 0.01973946
v -0.02840332 0.06381908 0.02097866
v -0.02689730 0.06748734 0.01389506
v -0.02337383 0.06802813 0.01468261
v -0.02208401 0.06794700 0.01687012
v -0.02150518 0.06808716 0.01708101
v -0.02008922 0.06849661 0.01750619
v -0.02068230 0.06681444 0.02072853
v -0.02225448 0.06732853 0.01898684
v -0.02498458 0.06793649 0.01294803
v -0.02505761 0.06824404 0.01154272
v -0.02418840 0.06920009 0.00865483
v -0.02087408 0.07031840 0.00853013
v -0.02008392 0.07073582 0.00697856
v -0.01586061 0.07137225 0.01087990
v -0.01590324 0.07166513 0.00904445
v -0.01524439 0.07188440 0.00831057
v -0.02352668 0.06952048 0.00794969
v -0.01752011 0.07147210 0.00732548
v -0.03013154 0.06550864 0.01723708
v -0.04207265 0.05825775 0.01519030
v -0.03890155 0.06199999 0.01312034
v -0.03883729 0.06205982 0.01328396
v -0.03699903 0.06354616 0.01172201
v -0.03673530 0.06390989 0.01055802
v -0.03565160 0.06517734 0.00492061
v -0.03245930 0.06616496 0.00874529
v -0.03217897 0.06618361 0.01037892
v -0.03199207 0.06675847 0.00615166
v -0.02827416 0.06773771 0.00937891
v -0.03542806 0.06481603 0.00901514
v -0.03974905 0.06224815 0.00434505
v -0.03991723 0.06252715 0.00064444
v -0.04171920 0.06043840 0.00444644
v -0.04002715 0.06161536 0.00702688
v -0.03962574 0.06197755 0.00715940
v -0.03831813 0.06343328 0.00295202
v -0.03733028 0.06440350 -0.00068260
v -0.03972224 0.06295932 -0.00155535
v -0.04058784 0.06274772 -0.00376968
v -0.04289132 0.05863959 0.01064005
v -0.03871940 0.06101325 0.01646606
v -0.04294057 0.05917669 0.00652052
v -0.04346644 0.05925590 0.00294724
v -0.04532445 0.05760636 0.00331793
v -0.04502024 0.05794597 0.00197637
v -0.04399146 0.05943248 0.00007803
v -0.04222005 0.06119999 -0.00035674
v -0.04535883 0.05754534 0.00398231
v -0.04461884 0.05776426 0.00626737
v -0.04743826 0.05518685 0.00362574
v -0.04692331 0.05569654 0.00489778
v -0.04864048 0.05267241 0.00806295
v -0.04695034 0.05506922 0.00749212
v -0.02961159 0.06743864 0.00683190
v -0.04246602 0.06168221 -0.00644326
v -0.04293590 0.06111975 -0.00593267
v -0.04064492 0.06300978 -0.00752683
v -0.04196442 0.06181616 -0.00970641
v -0.04011325 0.06283266 -0.01157046
v -0.04222871 0.06110257 -0.01210537
v -0.03703704 0.06464620 -0.01177148
v -0.03707685 0.06313881 -0.01497506
v -0.03231687 0.06425044 -0.01806520
v -0.03150968 0.06410817 -0.01948730
v -0.03569472 0.06580207 -0.01063978
v -0.03533543 0.06653836 -0.00895031
v -0.03322337 0.06678923 -0.01043077
v -0.02996559 0.06813163 -0.01087756
v -0.02544921 0.06856295 -0.01405681
v -0.02272152 0.06915399 -0.01726965
v -0.02452716 0.06844849 -0.01650235
v -0.02909510 0.06661512 -0.01636351
v -0.02835799 0.06662730 -0.01728232
v -0.01927792 0.07043196 -0.01472036
v -0.02077292 0.06898025 -0.01941785
v -0.01647622 0.06994662 -0.01791402
v -0.01261577 0.06919984 -0.02151052
v -0.01401602 0.06830194 -0.02268766
v -0.01500304 0.06805292 -0.02261182
v -0.01577080 0.06716325 -0.02338831
v -0.01501718 0.07031174 -0.01697235
v -0.01318982 0.07028793 -0.01808811
v -0.01901671 0.07072726 -0.01331847
v -0.01815021 0.07074765 -0.01386814
v -0.01903491 0.07189683 -0.00986017
v -0.01812276 0.07200462 -0.01027119
v -0.01359713 0.07231516 -0.01011461
v -0.01017731 0.07268992 -0.00884259
v -0.00854854 0.07272245 -0.00914181
v -0.00735887 0.07259813 -0.01037985
v -0.00583411 0.07248744 -0.01259272
v -0.00685727 0.07242591 -0.01269372
v -0.00380372 0.07198782 -0.01703330
v -0.00358036 0.07171268 -0.01807160
v -0.00547040 0.07153244 -0.01870189
v -0.00774309 0.07136173 -0.01865220
v -0.00946035 0.06992180 -0.02055562
v -0.00730999 0.07014011 -0.02104274
v -0.00509466 0.07071866 -0.02041771
v -0.00696705 0.07174818 -0.01715226
v -0.00331887 0.07292799 -0.01153972
v -0.00073493 0.07230751 -0.01443990
v 0.00340482 0.07232050 -0.01323875
v 0.00640683 0.07152473 -0.01754781
v -0.00065848 0.07282158 -0.01323403
v 0.00482451 0.07358474 -0.01017366
v 0.00051028 0.07376475 -0.00903315
v 0.00529028 0.07273556 -0.01199816
v 0.00023476 0.07378363 -0.00755884
v -0.00231561 0.07347196 -0.00726763
v 0.00919345 0.07308288 -0.01112784
v 0.00577791 0.07386169 -0.00915652
v 0.00249552 0.07383373 -0.00635454
v 0.00624781 0.07368043 -0.00556318
v 0.00622713 0.07336772 -0.00219506
v 0.00914473 0.07310435 -0.00124639
v 0.00087818 0.07352439 -0.01080495
v 0.01064281 0.07342929 -0.00973755
v 0.00320363 0.07375582 -0.00416746
v -0.00119908 0.07351805 -0.00461874
v -0.01203774 0.07286386 -0.00616344
v -0.02236069 0.07089807 -0.00791575
v -0.01806992 0.07248851 -0.00743699
v -0.02225693 0.07095060 -0.00590357
v -0.02337283 0.07060466 -0.00842825
v -0.02622688 0.06918854 -0.01080624
v -0.02206144 0.07024880 -0.01158856
v -0.02932954 0.06902664 -0.00688505
v -0.02879970 0.06896855 -0.00828495
v -0.03100733 0.06855360 -0.00566399
v -0.03245111 0.06783690 -0.00374708
v -0.03504701 0.06629370 -0.00395838
v -0.03492402 0.06662748 -0.00645384
v -0.03750314 0.06512773 -0.00665419
v -0.03102190 0.06845012 -0.00180041
v -0.02041973 0.07126791 -0.00439812
v -0.02157959 0.07091272 -0.00353554
v -0.01940925 0.07110048 -0.00167156
v -0.01768289 0.07138356 -0.00023587
v -0.01679098 0.07165186 0.00188815
v -0.01368426 0.07284388 -0.00312349
v -0.01641026 0.07232416 -0.00461149
v -0.02223502 0.07084086 -0.00819011
v -0.01386883 0.07228250 0.00009483
v -0.01667730 0.07044642 -0.01573175
v -0.02923931 0.06747932 -0.01342024
v -0.03555584 0.06491651 -0.01266891
v -0.03968551 0.06267615 -0.01272198
v -0.03271877 0.06472581 -0.01612068
v -0.04281589 0.06115352 -0.00544590
v -0.04596121 0.05729808 -0.00230434
v -0.04528064 0.05840119 -0.00413109
v -0.04468430 0.05900570 -0.00990495
v -0.01050840 0.07317655 -0.00338015
v -0.01051161 0.07314113 -0.00546815
v -0.00717438 0.07331557 -0.00345368
v -0.01021766 0.07329691 -0.00107602
v -0.05544212 0.03985157 0.00301004
v -0.05557132 0.03945148 0.00281774
v -0.05581601 0.03952813 0.00049296
v -0.05652622 0.03752869 0.00043706
v -0.05692219 0.03603416 0.00046239
v -0.05778337 0.03175192 0.00253994
v -0.05717962 0.03401480 0.00255899
v -0.05681804 0.03416063 0.00877832
v -0.05656169 0.03557704 0.00484998
v -0.05619753 0.03716225 0.00764959
v -0.05548151 0.03965768 0.00427416
v -0.04883803 0.05210071 0.00982055
v -0.00886618 0.07255961 0.00786935
v -0.01041664 0.07214166 0.01000303
v -0.01078949 0.07168902 0.01261539
v -0.00923414 0.07185619 0.01209824
v -0.01572113 0.07211218 0.00598190
v -0.00708581 0.07309381 0.00236098
v -0.01122836 0.07146742 0.01509318
v -0.01471417 0.07115606 0.01325928
v -0.00723505 0.07151394 0.01602335
v -0.01054881 0.07096956 0.01754597
v -0.01203629 0.06993197 0.01904113
v -0.00678846 0.07178078 0.01405700
v -0.00701970 0.07288222 0.00353093
v -0.00589224 0.07134026 0.01756902
v -0.00349732 0.07335507 0.00291488
v -0.00215889 0.07337481 0.00270325
v 0.00049683 0.07340525 0.00012251
v 0.00251589 0.07348819 -0.00032702
v -0.00167255 0.07334805 0.00425201
v -0.00089454 0.07321706 0.00573733
v -0.00451081 0.07288016 0.00820867
v 0.00239707 0.07308251 0.00689654
v 0.00328942 0.07307373 0.00770425
v 0.00274112 0.07268230 0.01013044
v 0.00191010 0.07177189 0.01461560
v 0.00340703 0.07186164 0.01432020
v 0.00716159 0.07190611 0.01261967
v 0.00768801 0.07213701 0.01149897
v 0.00474870 0.07288442 0.00840981
v 0.00767449 0.07149329 0.01557951
v 0.01252532 0.07099186 0.01537758
v 0.01163131 0.07153697 0.01185437
v 0.01438447 0.07105169 0.01330394
v 0.01441504 0.07129717 0.00929669
v 0.00535424 0.07126166 0.01768830
v 0.01256966 0.07149684 0.01028457
v -0.00594788 0.07321584 0.00184895
v -0.02460207 0.06621239 0.01969295
v -0.04562376 0.05680379 -0.01247802
v -0.05310784 0.04627684 -0.00311255
v -0.00511494 0.07262583 -0.01242740
v -0.01013626 0.07289705 -0.00730349
v -0.01913668 0.07113054 0.00488102
v -0.01981971 0.07085192 0.00212654
v -0.05512810 0.04005226 0.01089143
v 0.01085037 0.07285700 -0.00185139
v 0.00862684 0.07300505 0.00034711
v 0.01195512 0.07264703 0.00019749
v 0.00678742 0.07306717 0.00458461
v 0.00416634 0.07314217 0.00210183
v 0.01348466 0.07231640 0.00186968
v 0.01062105 0.07263102 0.00611056
v 0.00834720 0.07283001 0.00581254
v 0.00624877 0.07310967 0.00181386
v -0.00108315 0.07328692 -0.01143704
v 0.01342924 0.07254573 -0.00196352
v -0.05545288 0.03878726 0.01361382
v -0.04906246 0.05249202 -0.01264206
v -0.05081000 0.05083863 -0.01034014
v -0.05189034 0.04898350 -0.01096991
v -0.05313699 0.04680166 -0.00783959
v -0.05292354 0.04700401 -0.00951366
v -0.03935852 0.05752755 0.02081411
v -0.02810571 0.06844986 0.00348963
v -0.02647032 0.06897389 0.00237285
v -0.02603981 0.06923598 -0.00046122
v -0.02438612 0.06958597 0.00036609
v -0.02306905 0.06993572 0.00295908
v -0.02459552 0.06989521 -0.00176503
v -0.02388714 0.06960772 0.00446869
v -0.02977414 0.06880405 -0.00134543
v -0.03011327 0.06843191 0.00038428
v -0.03232675 0.06738582 0.00084358
v -0.02771955 0.06923857 -0.00268698
v -0.03581336 0.06411449 0.01425459
v -0.01549192 0.07009185 0.01627253
v -0.03815986 0.06456791 -0.00410579
v -0.02712717 0.06822130 0.00889651
v -0.05298341 0.04705213 -0.00556486
v -0.05408981 0.04425715 -0.00428759
v -0.05359736 0.04540791 -0.00413204
v -0.03772870 0.06364075 0.00709847
v -0.03509758 0.06568229 0.00269161
v -0.03058549 0.06742418 0.00492362
v -0.05355485 0.04439887 0.00899184
v 0.00292178 0.07330628 0.00179273
v -0.02699802 0.06405439 0.02123415
v -0.02864492 0.06157186 0.02254100
v -0.03093171 0.06239644 0.02113041
v 0.00726877 0.07229762 -0.01334027
v 0.01196958 0.07094738 -0.01817871
v 0.01281347 0.07084141 -0.01769810
v 0.01263905 0.07182423 -0.01449532
v 0.00900184 0.07089531 -0.01927136
v 0.00661238 0.07147230 -0.01779203
v 0.00874992 0.06985383 -0.02123052
v 0.01012911 0.06784436 -0.02426651
v 0.00812521 0.06775256 -0.02439136
v 0.01304760 0.06883970 -0.02209983
v 0.01063401 0.07073923 -0.01932827
v -0.03359043 0.06673356 0.00199702
v -0.00894060 0.07316194 0.00065314
v -0.01699069 0.06811829 0.02018394
v -0.05117455 0.05059391 -0.00733381
v 0.00510134 0.07085904 -0.02015754
v 0.00549024 0.06980368 -0.02177769
v 0.00357078 0.07094781 -0.02010432
v -0.00271776 0.07183774 0.01492016
v -0.00458467 0.07184914 0.01455516
v -0.00311215 0.07162510 0.01671734
v -0.00144684 0.07075809 0.01932005
v 0.00387598 0.06781914 -0.02424997
v 0.00153318 0.06852147 -0.02389855
v 0.00546875 0.06779389 -0.02428591
v -0.04724384 0.05557971 0.00261568
v -0.05427475 0.04341271 -0.00155384
v -0.04174744 0.06143659 0.00048291
v 0.00852691 0.07165616 0.01330417
v -0.01607012 0.07187931 0.00196370
v -0.04715138 0.05577338 0.00073581
v -0.03637116 0.06228314 0.01799415
v -0.04144807 0.05815180 0.01712052
v -0.01116182 0.07214926 -0.01171732
v 0.00606065 0.07109288 -0.01944246
v -0.04403950 0.05883275 -0.01218849
v -0.00639008 0.06791194 -0.02370162
v -0.00350481 0.06807026 -0.02384482
v -0.00166709 0.06832072 -0.02382392
v -0.02898064 0.06719131 0.01226049
v -0.02168291 0.07068358 -0.00159973
v 0.00940504 0.07242311 0.00847072
v -0.02784521 0.06601939 -0.01925550
v -0.00429067 0.07330538 -0.00234727
v -0.03929022 0.06409239 -0.00525990
v -0.04369985 0.06015587 -0.01013706
v 0.01023469 0.07333387 -0.00578401
v -0.04478070 0.05909558 -0.00811741
v 0.01277821 0.07240353 -0.01142400
v -0.03124251 0.06601210 0.01343327
v -0.03392634 0.06530856 0.01185438
v -0.01935999 0.06947732 0.01428471
v -0.04520881 0.05811753 0.00001236
v -0.04087997 0.06154113 0.00334837
v 0.00174143 0.07338987 0.00359051
v -0.01236069 0.07246714 0.00109370
v -0.02616265 0.06639665 0.01814631
v -0.00975196 0.07315512 0.00001892
v -0.05370737 0.04388324 0.00553143
v -0.01292840 0.07169536 -0.01405007
v 0.00069810 0.07095994 -0.02029396
v -0.01935559 0.06982078 0.01225106
v -0.03750258 0.06388137 0.00666056
v 0.00952988 0.07233869 -0.01284305
v 0.00131123 0.07323228 0.00519628
v 0.00533882 0.07176627 0.01471574
v -0.04953169 0.05275686 -0.00801272
v -0.04721411 0.04746274 0.02120627
v -0.03074804 0.06423916 0.01927937
v -0.03260239 0.06794936 -0.00664635
v -0.00716753 0.07272335 0.00561269
v -0.05097524 0.04972230 0.00343750
v -0.01920777 0.06814085 -0.02133906
v -0.00383864 0.07245713 0.01076788
v 0.00147172 0.07202118 0.01323929
v -0.04334062 0.05780363 0.01234401
v -0.01126312 0.07007703 -0.01959342
v -0.00739661 0.07038228 0.01958156
v 0.00053886 0.07143778 0.01738570
v -0.00634179 0.07205802 0.01209011
v -0.02156901 0.06944638 0.01119409
v -0.02468952 0.07058308 -0.00567633
v -0.01408294 0.07007164 0.01804663
v -0.02356255 0.06740258 -0.02033931
v -0.03529035 0.06440668 -0.01388310
v -0.03413074 0.06663426 -0.00150357
v -0.05074378 0.05116718 -0.00909880
v -0.01650688 0.06952449 0.01799342
v -0.05003255 0.05154150 -0.00391231
v -0.00668894 0.07181944 0.01361908
v -0.04461861 0.05435805 0.01828879
v -0.02196366 0.06837303 -0.01953461
v 0.00705699 0.06762557 -0.02443457
v -0.01662874 0.07260512 -0.00693897
v -0.02090532 0.06922708 0.01303181
v -0.01000563 0.06797697 -0.02341411
v -0.03093795 0.06661431 -0.01342073
v -0.04576859 0.05395536 0.01624467
v -0.01430395 0.07169152 -0.01290296
v -0.02568282 0.06769164 -0.01808369
v -0.02821134 0.06915361 -0.00300521
v -0.04003122 0.05469336 0.02222189
v -0.00016010 0.06961753 -0.02259227
v -0.04392763 0.05632979 0.01496074
v -0.02503238 0.06920537 0.00574934
v -0.00684962 0.06936635 -0.02224546
v -0.02011698 0.07057285 -0.01234169
v -0.03863199 0.06452662 -0.00949790
v -0.05426304 0.04065209 0.01546244
v -0.04430196 0.05975737 -0.00746977
v -0.02814786 0.06885998 -0.00920549
v -0.03923056 0.06419235 -0.00574316
v -0.01594855 0.07257766 -0.00538692
v -0.00192155 0.06998381 -0.02168090
v -0.03599165 0.06527917 -0.00174352
v -0.05599861 0.02962199 -0.01866225
v -0.05639231 0.03059758 -0.01765090
v -0.05577757 0.02849777 -0.01945373
v -0.05402756 0.02943801 -0.02115894
v -0.05670298 0.03188459 -0.01696097
v -0.05631171 0.02492058 -0.01915599
v -0.05641890 0.03469648 -0.01581995
v -0.05488203 0.03917234 -0.01538671
v -0.05391506 0.03990594 -0.01676074
v -0.05322101 0.04256920 -0.01567031
v -0.05223165 0.04259392 -0.01733841
v -0.05070845 0.04460531 -0.01770772
v -0.05241815 0.04469504 -0.01543815
v -0.05251098 0.04499108 -0.01492957
v -0.05061186 0.04300337 -0.01927655
v -0.05090049 0.04709115 -0.01580311
v -0.05181794 0.04702233 -0.01419398
v -0.04850433 0.04788664 -0.01837817
v -0.04861374 0.04505718 -0.02058563
v -0.04728566 0.04763311 -0.02030683
v -0.04779199 0.04625827 -0.02054927
v -0.04568990 0.05000251 -0.02025230
v -0.04544956 0.05039485 -0.02031486
v -0.04586963 0.04835030 -0.02120687
v -0.04536110 0.04707943 -0.02217634
v -0.04326548 0.04608593 -0.02320636
v -0.04298760 0.04801974 -0.02296126
v -0.04131294 0.04491438 -0.02402132
v -0.03502130 0.04811028 -0.02398898
v -0.03497735 0.04611330 -0.02397512
v -0.03740426 0.04722030 -0.02403990
v -0.04044007 0.04773315 -0.02375544
v -0.03405998 0.05238432 -0.02380109
v -0.03714680 0.05216227 -0.02353589
v -0.03296915 0.05010836 -0.02383983
v -0.03115354 0.04865376 -0.02364280
v -0.02906326 0.05002232 -0.02347282
v -0.03023217 0.05342350 -0.02398771
v -0.03188244 0.05611468 -0.02369022
v -0.03205125 0.05801808 -0.02338591
v -0.03511711 0.05415102 -0.02346824
v -0.03475248 0.05820765 -0.02240054
v -0.03475681 0.05511474 -0.02349356
v -0.03621245 0.05873066 -0.02156213
v -0.03624775 0.05620583 -0.02263506
v -0.04130861 0.05022627 -0.02298774
v -0.02994833 0.05801626 -0.02403096
v -0.02870976 0.05871223 -0.02413911
v -0.03091536 0.05609411 -0.02393148
v -0.03414142 0.06052081 -0.02143846
v -0.02468174 0.05805380 -0.02440613
v -0.02472342 0.05403918 -0.02405450
v -0.03228669 0.06038009 -0.02234580
v -0.04113012 0.03995989 -0.02430701
v -0.04653359 0.04400098 -0.02252441
v -0.04754003 0.04096894 -0.02281489
v -0.04520724 0.04024676 -0.02400365
v -0.04443108 0.03749531 -0.02453247
v -0.04587112 0.03869995 -0.02423462
v -0.04508344 0.03417942 -0.02434500
v -0.04721421 0.03580515 -0.02386841
v -0.04462172 0.03002239 -0.02421391
v -0.04594889 0.03096574 -0.02454538
v -0.04302195 0.03895086 -0.02433188
v -0.04277516 0.02999975 -0.02360512
v -0.04926734 0.02649148 -0.02395852
v -0.04946870 0.04174536 -0.02134466
v -0.05136449 0.02329048 -0.02369166
v -0.05025147 0.02220948 -0.02402447
v -0.04991586 0.01366733 -0.02441349
v -0.04523888 0.01233901 -0.02411109
v -0.05081673 0.00839132 -0.02408604
v -0.04868129 0.00522120 -0.02464779
v -0.04703872 0.01007818 -0.02437987
v -0.04915997 0.02217968 -0.02442574
v -0.04939483 0.02510460 -0.02417923
v -0.05106584 0.04939950 -0.01320778
v -0.05008804 0.04964568 -0.01480397
v -0.05000802 0.04449355 -0.01898656
v -0.05195810 0.03766900 -0.02078480
v -0.04973488 0.03642468 -0.02272805
v -0.05281186 0.03422802 -0.02144190
v -0.05310356 0.03727105 -0.01987678
v -0.04217116 0.05249435 -0.02163703
v -0.04133769 0.05289545 -0.02189885
v -0.04675210 0.05226225 -0.01686823
v -0.05484410 0.03638264 -0.01744125
v -0.04542067 0.05222720 -0.01883988
v -0.04410522 0.05431253 -0.01824256
v -0.04589996 0.05504233 -0.01483869
v -0.04609142 0.05492266 -0.01464232
v -0.04275668 0.05814391 -0.01580331
v -0.04196292 0.05873811 -0.01608002
v -0.04174803 0.05581243 -0.01933837
v -0.04057078 0.05869420 -0.01758930
v -0.03961192 0.05800710 -0.01946105
v -0.03955453 0.05667423 -0.02071602
v -0.04078136 0.06050294 -0.01561878
v -0.04321233 0.05656784 -0.01681979
v -0.04903398 0.01999717 -0.02435642
v -0.02469599 0.05593018 -0.02421918
v -0.01809485 0.05620835 -0.02334908
v -0.02265596 0.05799715 -0.02415682
v -0.02264234 0.06001064 -0.02428497
v -0.02268176 0.06202545 -0.02411071
v -0.02638770 0.06279958 -0.02314451
v -0.02189872 0.06403027 -0.02382330
v -0.02720383 0.06414037 -0.02220591
v -0.02952565 0.06444665 -0.02070885
v -0.03000296 0.06581105 -0.01814937
v -0.03123411 0.06218215 -0.02170748
v -0.03141065 0.06182851 -0.02183126
v -0.02748300 0.06503636 -0.02110673
v -0.02858588 0.06209310 -0.02275205
v -0.03423847 0.06309998 -0.01843457
v -0.03363147 0.06218593 -0.02024431
v -0.03648726 0.06168283 -0.01845372
v -0.03726793 0.06108172 -0.01850552
v -0.03790485 0.06006573 -0.01915346
v -0.02310676 0.06610810 -0.02214147
v -0.02415799 0.06552511 -0.02240498
v -0.04712274 0.02728010 -0.02432379
v -0.04554509 0.02648169 -0.02434627
v -0.04866275 0.05125349 -0.01548302
v -0.01494437 0.05417401 -0.02243961
v -0.01090788 0.05569556 -0.02249257
v -0.01566771 0.06263269 -0.02411273
v -0.02046663 0.06399200 -0.02406137
v -0.01871861 0.06602096 -0.02358063
v -0.01465086 0.06581891 -0.02395649
v -0.01258306 0.06798529 -0.02338174
v -0.01055615 0.06461703 -0.02431068
v -0.00813054 0.06755470 -0.02380490
v -0.00425256 0.06419748 -0.02399237
v -0.00293381 0.06764993 -0.02396798
v -0.00070719 0.06269201 -0.02383334
v -0.00444079 0.05991285 -0.02314724
v -0.01108025 0.05932640 -0.02331542
v -0.01281138 0.06191616 -0.02384009
v -0.01346336 0.06392292 -0.02407833
v -0.00226612 0.05837877 -0.02262044
v 0.00056950 0.06197254 -0.02359552
v -0.01711666 0.05464143 -0.02297707
v -0.01998790 0.06122269 -0.02417609
v -0.02043090 0.06735727 -0.02211254
v -0.05409004 0.04325865 -0.01264765
v -0.04690636 0.00200406 -0.02447690
v -0.04705596 -0.00586845 -0.02428358
v -0.04752755 -0.00681042 -0.02415712
v -0.04761076 -0.01155961 -0.02379307
v -0.04560283 -0.01550974 -0.02361379
v -0.04567217 -0.01681702 -0.02364373
v -0.05063184 -0.01623683 -0.02327783
v -0.04918922 -0.02484964 -0.02363710
v -0.05054834 -0.02164270 -0.02349561
v -0.04879220 -0.01887350 -0.02379595
v -0.04994047 -0.00633989 -0.02411888
v -0.04849182 -0.00303047 -0.02440095
v -0.04705624 0.00614824 -0.02457505
v -0.05480154 0.03550265 -0.01798036
v 0.00066223 0.06773954 -0.02423548
v 0.00231777 0.06435482 -0.02415668
v 0.00396853 0.06580903 -0.02432366
v 0.00610363 0.06576194 -0.02449460
v 0.00548537 0.06395881 -0.02424264
v 0.00939020 0.06011180 -0.02405850
v 0.00601203 0.06007295 -0.02353313
v 0.01086706 0.05928658 -0.02412556
v 0.01113630 0.06256556 -0.02459321
v 0.01206843 0.06374466 -0.02458644
v 0.00981263 0.06730531 -0.02443318
v 0.01410328 0.06570371 -0.02433587
v 0.01355505 0.06236705 -0.02462223
v 0.01599275 0.06345724 -0.02468639
v 0.01957891 0.05824127 -0.02445485
v 0.02022018 0.06074827 -0.02458353
v 0.01699933 0.05762378 -0.02406088
v 0.02001133 0.05528643 -0.02372087
v 0.02212731 0.05388936 -0.02340308
v 0.02424151 0.05170071 -0.02282157
v 0.02660832 0.05311007 -0.02395401
v 0.02849370 0.05071946 -0.02366154
v 0.02455755 0.05516467 -0.02432782
v 0.02676414 0.05623747 -0.02474270
v 0.02776406 0.05356780 -0.02435204
v 0.02787021 0.05963224 -0.02452041
v 0.02709181 0.05957505 -0.02467817
v 0.03038635 0.05164641 -0.02430416
v 0.03280175 0.05161852 -0.02449661
v 0.03020778 0.04951659 -0.02383335
v 0.03331769 0.04759217 -0.02429236
v 0.03411368 0.04896475 -0.02459508
v 0.03245942 0.04554793 -0.02349637
v 0.03153512 0.04559012 -0.02307123
v 0.03472979 0.04552092 -0.02442907
v 0.02987608 0.04720002 -0.02279754
v 0.02690917 0.04866534 -0.02209336
v 0.03433956 0.05112789 -0.02467659
v 0.03844717 0.04869099 -0.02489125
v 0.03971852 0.05196115 -0.02421891
v 0.04078487 0.05348467 -0.02319744
v 0.03753848 0.05354444 -0.02431160
v 0.03469659 0.05753964 -0.02384516
v 0.03249811 0.05938240 -0.02388708
v 0.03448510 0.05959907 -0.02296524
v 0.03185099 0.06058172 -0.02350801
v 0.03781483 0.05776885 -0.02214731
v 0.03840705 0.05714199 -0.02211789
v 0.03257433 0.05487771 -0.02469534
v 0.03699805 0.05604170 -0.02355915
v 0.03066085 0.05956058 -0.02416446
v 0.04334398 0.04832279 -0.02409310
v 0.04324681 0.05149343 -0.02286113
v 0.04589250 0.04701990 -0.02326099
v 0.04658408 0.04945596 -0.02160901
v 0.04687874 0.04545550 -0.02313614
v 0.04826853 0.04143760 -0.02314931
v 0.04678043 0.03859394 -0.02453203
v 0.04901476 0.03825266 -0.02367992
v 0.05091237 0.03845820 -0.02217862
v 0.05104543 0.03492805 -0.02339335
v 0.05280549 0.03241761 -0.02251742
v 0.04867662 0.03480813 -0.02449948
v 0.04302447 0.03250797 -0.02510187
v 0.04360104 0.03481433 -0.02523560
v 0.05221851 0.03033797 -0.02351524
v 0.05199565 0.02936082 -0.02371551
v 0.05148810 0.02747665 -0.02453351
v 0.05315006 0.02654930 -0.02328598
v 0.05182015 0.02089907 -0.02488047
v 0.04948494 0.02529588 -0.02530652
v 0.04898669 0.02389791 -0.02544813
v 0.04614480 0.03016594 -0.02519155
v 0.04565647 0.02516081 -0.02538551
v 0.04533455 0.02734909 -0.02521068
v 0.04999984 0.02828094 -0.02502244
v 0.04231606 0.03987355 -0.02535151
v 0.04104865 0.04552825 -0.02508298
v 0.03912653 0.04144132 -0.02513562
v 0.03517456 0.04270847 -0.02390809
v 0.03227820 0.04144649 -0.02142830
v 0.03498864 0.04354432 -0.02412075
v 0.03506891 0.03695310 -0.02197793
v 0.03692623 0.03749635 -0.02340861
v 0.03938088 0.03384331 -0.02391529
v 0.04098609 0.03140430 -0.02439805
v 0.03914395 0.02908456 -0.02235948
v 0.04105654 0.02944920 -0.02398469
v 0.03988852 0.02822206 -0.02310730
v 0.03932300 0.02462189 -0.02220524
v 0.04133133 0.02611987 -0.02379667
v 0.04098539 0.03542619 -0.02494905
v 0.03786266 0.03499237 -0.02341350
v 0.03726764 0.03930700 -0.02396286
v 0.04514141 0.04339880 -0.02448784
v 0.04273113 0.04308242 -0.02526446
v 0.04892783 0.04112765 -0.02286997
v 0.04874402 0.04594394 -0.02142231
v 0.04844895 0.04751025 -0.02100491
v 0.04143884 0.04726811 -0.02484622
v 0.04418785 0.04557832 -0.02436329
v 0.04005110 0.04280634 -0.02532414
v 0.03492099 0.05148356 -0.02475055
v 0.03499623 0.05350316 -0.02458973
v 0.03950524 0.02128817 -0.02199020
v 0.04161102 0.01826571 -0.02331072
v 0.04164955 0.01545891 -0.02322602
v 0.03993169 0.01350801 -0.02162837
v 0.04199200 0.01233605 -0.02338566
v 0.04532040 0.00956603 -0.02499129
v 0.04537267 0.00453812 -0.02512805
v 0.04391314 0.00736617 -0.02439186
v 0.04727731 0.00203046 -0.02510119
v 0.04995599 0.00298330 -0.02491284
v 0.04946525 0.00128705 -0.02492133
v 0.05151453 0.00542277 -0.02486014
v 0.05331259 0.00355194 -0.02401513
v 0.05130039 0.00102019 -0.02455195
v 0.05330912 -0.00074991 -0.02381944
v 0.04950113 -0.00274377 -0.02471626
v 0.05330973 -0.00468999 -0.02363569
v 0.05218111 -0.00531073 -0.02405764
v 0.05330049 -0.00869480 -0.02359250
v 0.05148467 -0.01261301 -0.02432904
v 0.05384147 -0.01168280 -0.02342135
v 0.05437532 -0.01675516 -0.02325204
v 0.04860063 -0.01600186 -0.02499452
v 0.04725629 -0.01285872 -0.02503449
v 0.04733621 -0.00819528 -0.02493332
v 0.04620814 -0.00918461 -0.02490820
v 0.04289874 -0.00793588 -0.02385175
v 0.04311037 -0.00263644 -0.02405246
v 0.04397014 -0.00694572 -0.02425335
v 0.04310952 -0.00072752 -0.02412171
v 0.04736697 -0.00473011 -0.02493300
v 0.04302720 0.00119415 -0.02423190
v 0.04755369 -0.00240234 -0.02483885
v 0.04487435 0.00263687 -0.02503956
v 0.04463556 -0.01070720 -0.02469426
v 0.04210531 -0.01220420 -0.02373034
v 0.04313899 -0.02205256 -0.02388165
v 0.04302707 -0.02491038 -0.02365530
v 0.04288330 -0.02735648 -0.02346291
v 0.05099494 -0.02784688 -0.02474942
v 0.05561792 -0.03357575 -0.02324773
v 0.05351366 -0.03280954 -0.02414679
v 0.05705634 -0.02801723 -0.02176505
v 0.05703125 -0.02466104 -0.02174503
v 0.05334185 -0.02024843 -0.02397074
v 0.04729289 -0.03351741 -0.02478853
v 0.04884959 -0.03880827 -0.02483405
v 0.04952270 -0.04277849 -0.02447756
v 0.05252159 -0.04119190 -0.02409961
v 0.04602918 -0.04074793 -0.02452686
v 0.04295610 -0.03646469 -0.02319405
v 0.04502729 -0.04067177 -0.02416682
v 0.05296986 -0.03467970 -0.02439981
v 0.05531841 -0.03631274 -0.02345486
v 0.05680297 -0.04228676 -0.02192197
v 0.05843531 -0.04670131 -0.02048288
v 0.05878939 -0.04753257 -0.02015340
v 0.05813267 -0.05014915 -0.02092315
v 0.05707207 -0.05074129 -0.02162000
v 0.05258516 -0.04906423 -0.02358913
v 0.05037389 -0.04991003 -0.02410973
v 0.04921654 -0.04875043 -0.02432250
v 0.04446954 -0.05071137 -0.02342508
v 0.04524947 -0.05393336 -0.02368528
v 0.04468440 -0.05801126 -0.02288119
v 0.04564093 -0.06026039 -0.02341038
v 0.04197737 -0.06081488 -0.02078358
v 0.04428258 -0.06419667 -0.02289821
v 0.04205926 -0.06764877 -0.02061060
v 0.04368980 -0.07080387 -0.02202958
v 0.04624596 -0.07851421 -0.02130665
v 0.04927108 -0.07264070 -0.02328393
v 0.04496684 -0.07334757 -0.02228926
v 0.04759998 -0.07573254 -0.02272531
v 0.04475347 -0.06796764 -0.02281319
v 0.04423879 -0.07668457 -0.02133777
v 0.04440186 -0.06015289 -0.02284089
v 0.04889045 -0.06763764 -0.02401521
v 0.04455495 -0.05574451 -0.02314808
v 0.05331807 -0.05899245 -0.02280157
v 0.05109596 -0.06160905 -0.02367584
v 0.05719065 -0.05906755 -0.02140186
v 0.05709914 -0.06292767 -0.02145075
v 0.05711367 -0.06476009 -0.02136651
v 0.05706954 -0.06695173 -0.02142814
v 0.05517263 -0.06600645 -0.02231738
v 0.05696694 -0.07091118 -0.02116847
v 0.05732594 -0.07468267 -0.02081175
v 0.05427122 -0.07312704 -0.02254565
v 0.05312594 -0.07669866 -0.02191711
v 0.05163052 -0.07219991 -0.02350476
v 0.04927590 -0.05859105 -0.02372607
v 0.05314179 -0.05375502 -0.02298319
v 0.04945599 -0.05332408 -0.02388978
v 0.04169474 -0.07581804 -0.01969631
v 0.04506375 -0.04140385 -0.02430491
v 0.04965202 -0.02855508 -0.02500250
v 0.04516887 -0.03264896 -0.02414540
v 0.05188717 -0.05645147 -0.02316306
v 0.04539854 -0.01869586 -0.02483053
v 0.04610392 -0.01662100 -0.02483261
v 0.04249088 -0.01380731 -0.02390537
v 0.05162551 -0.01852615 -0.02453573
v 0.05643512 -0.01405813 -0.02209631
v 0.05338895 -0.01095468 -0.02360704
v 0.04959047 -0.00929130 -0.02472162
v 0.05693677 -0.01486012 -0.02171771
v 0.05667672 -0.00526927 -0.02123229
v 0.05512006 -0.00483506 -0.02270589
v 0.05513757 -0.00947385 -0.02263077
v 0.04937786 -0.06285957 -0.02402871
v 0.05335208 0.00147342 -0.02387160
v 0.05331600 0.00540120 -0.02410153
v 0.04953558 0.00926293 -0.02531236
v 0.04902686 0.01127185 -0.02548812
v 0.04957498 0.01126580 -0.02551487
v 0.04511326 0.01466048 -0.02540658
v 0.04854193 0.01268162 -0.02558292
v 0.05148857 0.01122558 -0.02511534
v 0.05153079 0.01327172 -0.02512276
v 0.05068529 0.01618958 -0.02531965
v 0.05328499 0.01344235 -0.02428994
v 0.05685348 0.01369692 -0.02150341
v 0.05623214 0.00976030 -0.02221236
v 0.05518541 0.00414248 -0.02302481
v 0.05492632 0.01436060 -0.02318322
v 0.05217108 0.01587834 -0.02488921
v 0.04699988 0.01883450 -0.02529507
v 0.04511867 0.02157399 -0.02507983
v 0.04229792 0.02095856 -0.02393246
v 0.04347778 0.02358959 -0.02472470
v 0.05688191 0.01017253 -0.02154571
v 0.04902969 0.01953033 -0.02531509
v 0.04560789 0.01551254 -0.02547306
v 0.04197443 0.01873598 -0.02356791
v 0.04947452 0.00704409 -0.02506499
v 0.04189457 0.00680078 -0.02318600
v 0.04606084 0.01021066 -0.02524920
v 0.04196846 0.01018839 -0.02325890
v 0.04354433 0.01356339 -0.02444372
v 0.04272243 -0.03028732 -0.02311756
v 0.01663486 0.05574587 -0.02316758
v 0.02102501 0.06365185 -0.02445264
v 0.02149061 0.05835863 -0.02465762
v 0.02113318 0.06496707 -0.02417371
v 0.02116641 0.05560484 -0.02395954
v 0.01546707 0.06764859 -0.02342909
v 0.02457306 0.06370294 -0.02389223
v 0.01837815 0.06670691 -0.02370782
v 0.02563851 0.06460927 -0.02315839
v 0.04701998 -0.02089765 -0.02496771
v 0.05871045 -0.06460291 -0.02008678
v 0.05169904 -0.04516894 -0.02403192
v 0.05342483 -0.04274953 -0.02367443
v 0.04377086 0.02713642 -0.02500069
v 0.04144110 -0.00325022 -0.02299974
v 0.04246602 -0.03267703 -0.02241966
v 0.02805241 0.06323038 -0.02343808
v 0.01193135 0.05836435 -0.02371039
v 0.00765569 0.05805389 -0.02317334
v -0.03874424 0.06025839 -0.01805510
v 0.04157719 0.02520914 -0.02388405
v -0.02620745 0.05230875 -0.02396720
v 0.05333726 0.02555805 -0.02330087
v 0.01737108 0.06541922 -0.02441999
v -0.03827744 0.05076029 -0.02357612
v -0.00843931 0.06293290 -0.02391487
v 0.04461895 0.01911620 -0.02477498
v 0.03671812 0.04899305 -0.02492885
v -0.02126497 0.05592201 -0.02382547
v -0.04903624 -0.00898953 -0.02404674
v 0.05202622 -0.00436165 -0.02417606
v 0.05313977 0.01152546 -0.02432757
v 0.04513658 -0.04622052 -0.02411485
v 0.05506691 0.02459804 -0.02194822
v -0.00250872 0.06186795 -0.02350632
v 0.04577807 -0.02730154 -0.02464810
v 0.05310886 -0.03672274 -0.02436859
v -0.05154637 -0.02533296 -0.02287038
v -0.05050131 -0.03039056 -0.02322596
v -0.04363118 -0.03653567 -0.02346459
v -0.04932391 -0.03462846 -0.02359120
v -0.05009697 -0.03931494 -0.02344264
v -0.04767021 -0.04214290 -0.02372406
v -0.04597475 -0.04691664 -0.02366989
v -0.04471087 -0.05303666 -0.02285382
v -0.04923653 -0.04359692 -0.02348907
v -0.05122902 -0.05259327 -0.02249090
v -0.04987728 -0.05340887 -0.02293941
v -0.04578855 -0.05695000 -0.02316088
v -0.04650717 -0.05414454 -0.02310021
v -0.04510258 -0.05789726 -0.02315910
v -0.04063095 -0.06457943 -0.02090632
v -0.04863598 -0.06248130 -0.02353364
v -0.04489685 -0.06730672 -0.02219544
v -0.04799426 -0.07420222 -0.02161199
v -0.04684722 -0.06575327 -0.02290159
v -0.04859982 -0.04971276 -0.02341358
v 0.05526097 -0.01474687 -0.02269568
v -0.04716107 0.02106667 -0.02453525
v -0.03761603 0.05816679 -0.02094128
v 0.04927923 0.03246146 -0.02449809
v 0.05699880 -0.07472437 -0.02088747
v -0.03890449 0.06228067 -0.01506504
v 0.04270618 0.05184073 -0.02291241
v 0.05720715 -0.05668453 -0.02142761
v -0.05408757 0.03859371 -0.01754929
v -0.04586631 -0.04988816 -0.02331848
v 0.05401620 -0.04565241 -0.02320056
v -0.05430217 0.03246301 -0.01999241
v -0.04724682 0.03417916 -0.02391674
v 0.04965302 -0.01961732 -0.02497003
v -0.04712167 0.03017035 -0.02447608
v 0.04558086 0.03802338 -0.02488670
v -0.04551024 -0.02391525 -0.02319977
v -0.04773341 0.00213990 -0.02444298
v 0.04059823 -0.00721670 -0.02228252
v -0.03018222 0.05982563 -0.02327598
v 0.01392686 0.05785087 -0.02365271
v 0.03854930 0.03156573 -0.02289948
v 0.04526182 -0.04891424 -0.02413643
v -0.05283831 0.03109401 -0.02184061
v 0.03997216 0.03926594 -0.02492981
v 0.05220265 0.00695332 -0.02460936
v -0.05659064 0.02101837 -0.01865171
v -0.04870101 0.01607735 -0.02464610
v -0.04642808 -0.03386005 -0.02362158
v -0.03982738 0.05462770 -0.02167319
v -0.03732258 0.05462639 -0.02279620
v 0.04536930 -0.02070597 -0.02461832
v 0.04029820 0.00847949 -0.02138637
v -0.04710316 -0.05989277 -0.02335462
v -0.04909657 -0.06364176 -0.02337295
v 0.05503854 0.02027834 -0.02247611
v 0.05592333 0.01905510 -0.02160844
v -0.04501938 -0.04393369 -0.02361216
v -0.02499176 0.06000072 -0.02432755
v -0.05238020 0.03959258 -0.01931037
v 0.02973219 0.04957922 -0.02369284
v -0.02071434 0.06602032 -0.02326374
v 0.04318707 0.02938470 -0.02472607
v -0.00388333 0.06340336 -0.02387865
v -0.05694599 0.02491891 -0.01756755
v 0.02872796 0.05754933 -0.02465727
v 0.05320460 0.00955993 -0.02424981
v -0.04929239 0.05064500 -0.01501150
v 0.04632116 -0.06800268 -0.02341387
v 0.05085824 -0.06696444 -0.02415036
v 0.04451570 0.02425321 -0.02514373
v -0.04879579 -0.06826086 -0.02281726
v -0.04508122 0.04294777 -0.02344942
v 0.04734254 0.03133855 -0.02498606
v -0.04401401 0.05239648 -0.02009392
v 0.05591617 -0.02193167 -0.02259605
v 0.02704642 0.05756018 -0.02472671
v -0.04360745 0.05026345 -0.02188105
v -0.03745318 0.05392427 -0.02300761
v 0.04744122 -0.00664638 -0.02494617
v -0.05434176 0.03416469 -0.01937849
v 0.05427093 0.01969324 -0.02326919
v 0.03283500 0.06530327 0.01079848
v 0.03578383 0.06465379 0.00792391
v 0.03350093 0.06524217 0.00919903
v 0.03204728 0.06502509 0.01418853
v 0.03642000 0.06448627 0.00334379
v 0.04051323 0.06222955 0.00424574
v 0.03830978 0.06329431 0.00821861
v 0.03423500 0.06534126 0.00708899
v 0.03900187 0.06293270 0.00236233
v 0.03723770 0.06423260 -0.00004696
v 0.03420824 0.06548014 0.00523966
v 0.03259972 0.06650012 0.00331073
v 0.03229819 0.06645477 0.00652064
v 0.03306831 0.06648899 0.00107841
v 0.03908487 0.06280057 0.00185509
v 0.03948790 0.06232866 -0.00013638
v 0.03737402 0.06406536 -0.00380087
v 0.03612353 0.06488642 -0.00272117
v 0.03997001 0.06063703 -0.00545139
v 0.04082497 0.05948937 -0.00645482
v 0.03996753 0.06139111 -0.00279234
v 0.03598012 0.06483207 0.00156956
v 0.03018529 0.06702238 0.00423979
v 0.02837708 0.06771674 0.00379361
v 0.03076614 0.06709180 0.00231672
v 0.02633652 0.06884194 0.00283282
v 0.02745551 0.06833284 0.00166143
v 0.02493625 0.06947627 0.00086314
v 0.02801218 0.06839962 -0.00224289
v 0.02477754 0.06974554 -0.00346790
v 0.02387918 0.06999296 -0.00351271
v 0.02083828 0.07059106 -0.00227774
v 0.02694570 0.06826116 -0.00672817
v 0.03093932 0.06694585 -0.00170728
v 0.03140040 0.06665381 -0.00242409
v 0.03365252 0.06583099 -0.00394504
v 0.03575048 0.06488721 -0.00464566
v 0.03092887 0.06628525 -0.00789043
v 0.03070823 0.06635263 -0.00722262
v 0.02663758 0.06844929 -0.00682276
v 0.02459873 0.06944147 -0.00564923
v 0.01974969 0.07043016 -0.00624459
v 0.02590227 0.06888789 0.00542651
v 0.04115002 0.05999177 -0.00322049
v 0.03022614 0.06618543 -0.01213567
v 0.03191508 0.06579562 -0.01173049
v 0.03237376 0.06550328 -0.01356950
v 0.03397585 0.06416529 -0.01235705
v 0.03279627 0.06492860 -0.01559180
v 0.03030609 0.06588465 -0.01512950
v 0.02941612 0.06660209 -0.01158155
v 0.02476511 0.06800267 -0.01428810
v 0.02727799 0.06718929 -0.01477723
v 0.02696052 0.06786391 -0.00995273
v 0.03128867 0.06471717 -0.01797779
v 0.02929388 0.06501677 -0.01997775
v 0.03448447 0.06342512 -0.01704816
v 0.03160519 0.06380288 -0.01935674
v 0.02597326 0.06573563 -0.02167430
v 0.02535645 0.06691760 -0.01995449
v 0.03005971 0.06360371 -0.02173891
v 0.02394805 0.06652561 -0.02179879
v 0.02096564 0.06741370 -0.02207166
v 0.02740043 0.06611496 -0.01893707
v 0.02333520 0.06748537 -0.01993526
v 0.01949911 0.06852123 -0.02084321
v 0.01573298 0.06975061 -0.01891105
v 0.01333406 0.06990453 -0.01977251
v 0.01419965 0.07190141 -0.01286936
v 0.01523099 0.07195584 -0.01124126
v 0.01640151 0.07197883 -0.00822611
v 0.01309016 0.07267552 -0.01021904
v 0.01698213 0.07171494 -0.00928205
v 0.01546884 0.07225053 -0.00586019
v 0.01848185 0.07100476 -0.00684908
v 0.01803956 0.07123980 -0.00490831
v 0.01910021 0.07114238 -0.00055383
v 0.01704865 0.07146024 -0.00023479
v 0.01751905 0.07137291 0.00240090
v 0.01467286 0.07164804 0.00638271
v 0.01969553 0.07069300 -0.00410918
v 0.01476399 0.07211042 0.00046156
v 0.01657787 0.07157042 0.00472788
v 0.01704342 0.07030159 -0.01443794
v 0.01758777 0.06782794 -0.02281476
v 0.02263051 0.06832164 -0.01603207
v 0.02516527 0.06839271 -0.00938500
v 0.02369512 0.06868683 -0.01170117
v 0.02009999 0.06969559 -0.01349798
v 0.03865040 0.06196601 -0.00597614
v 0.01928017 0.06965230 -0.01535853
v 0.02358005 0.06838868 -0.01386322
v 0.04317532 0.05869375 0.00110998
v 0.04309774 0.05863909 -0.00043971
v 0.04626102 0.05544770 -0.00368181
v 0.04459883 0.05664331 -0.00425038
v 0.04213421 0.05829538 -0.00587833
v 0.04479315 0.05631744 -0.00591827
v 0.04550005 0.05577889 -0.00708617
v 0.04737234 0.05425958 -0.00749735
v 0.04575449 0.05528755 -0.01107396
v 0.04740667 0.05404513 -0.01168924
v 0.04787853 0.05322829 -0.01415029
v 0.04899061 0.05194824 -0.01327154
v 0.04232788 0.05786341 -0.00979003
v 0.04180480 0.05823147 -0.00907843
v 0.04156484 0.05807978 -0.01164962
v 0.04442160 0.05613423 -0.01247946
v 0.04130535 0.05791673 -0.01533724
v 0.03961406 0.05915741 -0.01712949
v 0.03867400 0.06029385 -0.01347413
v 0.03800991 0.06088762 -0.01596578
v 0.03665178 0.06193480 -0.01592505
v 0.03890216 0.05990528 -0.01598028
v 0.03604224 0.06060041 -0.02078544
v 0.03895189 0.05997446 -0.01044340
v 0.04110679 0.05756248 -0.01754926
v 0.03362367 0.06142644 -0.02171007
v 0.03215665 0.06230745 -0.02176047
v 0.03900321 0.05735189 -0.02127473
v 0.04266587 0.05685619 -0.01661221
v 0.04292101 0.05556570 -0.01891064
v 0.04446841 0.05412653 -0.01955882
v 0.04521601 0.05494211 -0.01654315
v 0.03627222 0.05963393 -0.02178329
v 0.04228585 0.05464181 -0.02110243
v 0.04679914 0.05416369 -0.01388776
v 0.03791924 0.05931161 -0.02024974
v 0.04723867 0.05360632 -0.01581210
v 0.03368795 0.06299170 -0.01967339
v 0.04492142 0.05613925 -0.01031200
v 0.02177241 0.06959935 -0.00961736
v 0.02325411 0.06907149 -0.00976802
v 0.01932369 0.07038258 -0.01077864
v 0.04399224 0.05178841 -0.02221157
v 0.04553868 0.05638338 -0.00191133
v 0.02886076 0.06794888 -0.00052224
v 0.04133747 0.05558681 -0.02094207
v 0.02740611 0.06548149 -0.02088116
v 0.02892896 0.06597670 -0.01660844
v 0.03354413 0.06446114 -0.00914725
v 0.04576464 0.05371967 -0.01835000
v 0.03988265 0.05770724 -0.01954072
v 0.03662325 0.06199664 -0.01457928
v 0.04776782 0.05443341 -0.00307216
v 0.04909575 0.05235807 -0.00506985
v 0.04972264 0.05256138 -0.00063074
v 0.04778565 0.05456832 -0.00136106
v 0.04910053 0.05336504 0.00015094
v 0.04811519 0.05423051 0.00321598
v 0.04820736 0.05431333 0.00495791
v 0.04634166 0.05631555 0.00420313
v 0.04587253 0.05731505 0.00607318
v 0.04523355 0.05678204 0.00203548
v 0.04810192 0.05471544 0.00730540
v 0.04414138 0.05905956 0.00628105
v 0.04231362 0.06077174 0.00594503
v 0.04627985 0.05571938 0.00210026
v 0.04614867 0.05700695 0.00669658
v 0.04483531 0.05728945 0.01206330
v 0.04713311 0.05523834 0.01167459
v 0.04441358 0.05728563 0.01416087
v 0.04605994 0.05539834 0.01463342
v 0.04636114 0.05512612 0.01447496
v 0.04387334 0.05700722 0.01610771
v 0.04989429 0.05210393 0.00238452
v 0.04392633 0.05907152 0.00779308
v 0.02059656 0.06892938 -0.01816448
v 0.04847837 0.05425780 0.01138515
v 0.02193745 0.06797614 -0.02036789
v 0.02080041 0.07022675 0.00766733
v 0.02097913 0.06955585 0.01062419
v 0.02012931 0.06948646 0.01140106
v 0.02121412 0.07008234 0.00819925
v 0.02235013 0.06937764 0.00969723
v 0.02321823 0.06901927 0.01160820
v 0.02549645 0.06870884 0.00854939
v 0.02390094 0.06930574 0.00733656
v 0.03459434 0.06375874 -0.01500411
v 0.01106127 0.07338212 -0.00880869
v 0.04308319 0.05923692 0.01084994
v 0.04093627 0.06184053 0.00806038
v 0.01856324 0.07079639 0.00662291
v 0.01583233 0.07128473 0.00691024
v 0.04961643 0.05307030 0.00819705
v 0.04135209 0.06088171 0.00094783
v 0.04314475 0.05876472 0.00149720
v 0.01897644 0.07107832 0.00360316
v 0.02269480 0.07028356 0.00137887
v 0.01776872 0.07130868 0.00529596
v 0.01810574 0.07118723 0.00537912
v 0.04762116 0.05533052 0.00843864
v 0.04209212 0.05847504 -0.00473294
v 0.02090695 0.07066448 0.00017814
v 0.03881890 0.06019160 -0.00955878
v 0.04391252 0.05856960 0.00357971
v 0.01320760 0.07260351 -0.00303274
v 0.01175909 0.07289197 -0.00437182
v 0.02850178 0.06725658 0.01104373
v 0.03061486 0.06688090 0.00918469
v 0.02684553 0.06748638 0.01180812
v 0.03387772 0.06426102 -0.00905243
v 0.03470568 0.06368044 -0.00990734
v 0.03419466 0.06603846 0.00008035
v 0.03131444 0.06691959 0.00245068
v 0.03705576 0.06183210 -0.00986791
v 0.03702185 0.06235626 -0.00801127
v 0.03084163 0.06312647 -0.02165427
v 0.04652644 0.05176962 -0.02001277
v 0.04815230 0.04962130 -0.01977436
v 0.05031150 0.04673812 -0.01920653
v 0.03509610 0.06539302 0.00133859
v 0.04160225 0.05839635 -0.00913327
v 0.04118366 0.06168233 0.00269900
v 0.04722964 0.05120165 -0.01970074
v 0.04819991 0.05173702 -0.01754823
v 0.04185851 0.06095979 0.00516683
v 0.02634730 0.06748196 0.01244781
v 0.02341514 0.07002314 0.00476168
v 0.04345977 0.05909356 0.00973801
v 0.04687502 0.05393791 -0.01633019
v 0.02842774 0.06765349 0.00706640
v 0.04735554 0.05426064 -0.00887084
v 0.04911461 0.05231151 -0.00600212
v 0.02947144 0.06705499 -0.00766661
v 0.02717050 0.06805419 -0.00798287
v 0.02475967 0.06904442 -0.00736987
v 0.03536442 0.06310189 -0.01150879
v 0.01974641 0.07046136 -0.00858632
v 0.01760904 0.07020156 -0.01400081
v 0.04141608 0.06073464 0.00080481
v 0.02377168 0.06811638 -0.01525852
v 0.04482726 0.05572250 -0.01446798
v 0.03637197 0.06412184 -0.00571243
v 0.03962940 0.06268852 0.00879295
v 0.03740513 0.06325675 0.01019304
v 0.03952660 0.06146471 0.01269025
v 0.04054368 0.06103489 0.01247031
v 0.04132169 0.06121595 0.00962740
v 0.03526089 0.06345905 0.01380195
v 0.03436872 0.06403155 0.01356852
v 0.03514356 0.06329947 0.01440418
v 0.03327630 0.06224762 0.01808853
v 0.03780906 0.06163127 0.01453948
v 0.03724999 0.06077907 0.01659893
v 0.04181874 0.05952323 0.01491366
v 0.03618493 0.06401653 0.01014323
v 0.03700415 0.05955867 0.01846466
v 0.04151864 0.05759063 0.01759124
v 0.03681093 0.06321892 0.01162843
v 0.03578682 0.06158347 0.01638340
v 0.04213798 0.05909777 0.01553628
v 0.03911545 0.05711863 0.01918186
v 0.03656993 0.05707886 0.02009680
v 0.04003946 0.05120666 0.02129299
v 0.03988750 0.04944405 0.02168820
v 0.03837166 0.05132894 0.02172870
v 0.04420355 0.04915567 0.02043479
v 0.04516355 0.04571650 0.02118137
v 0.04236969 0.04742414 0.02156501
v 0.04852682 0.04079739 0.02107325
v 0.04503057 0.04253634 0.02174789
v 0.05089928 0.03690602 0.02114134
v 0.05156430 0.03565106 0.02103955
v 0.04735300 0.03328953 0.02269252
v 0.04880040 0.03160035 0.02258007
v 0.04852485 0.03175166 0.02260777
v 0.05292289 0.03284851 0.02065089
v 0.05094530 0.03196516 0.02198487
v 0.05314808 0.02646007 0.02164149
v 0.05098461 0.02824219 0.02245671
v 0.05471279 0.02756709 0.02013031
v 0.04889367 0.03553704 0.02198712
v 0.05292723 0.02566878 0.02187813
v 0.04301209 0.05123879 0.02014647
v 0.05077809 0.03946330 0.02033738
v 0.05147009 0.03959741 0.01986666
v 0.04991009 0.04605843 0.01816631
v 0.04966641 0.04556137 0.01869946
v 0.04732622 0.04576600 0.02031978
v 0.05210904 0.04345153 0.01700694
v 0.04936613 0.04367137 0.01976916
v 0.03705117 0.04891567 0.02215684
v 0.03817627 0.04454671 0.02240171
v 0.04066755 0.03860696 0.02249706
v 0.03886006 0.03951822 0.02239621
v 0.04293139 0.04001429 0.02229855
v 0.03617820 0.04291161 0.02213667
v 0.03749613 0.03868757 0.02155418
v 0.03467427 0.04180201 0.02152219
v 0.03451490 0.03922931 0.02020234
v 0.03491277 0.03770254 0.01934168
v 0.03265640 0.04135926 0.02018838
v 0.03324392 0.03919853 0.01873708
v 0.03098002 0.04145495 0.01812839
v 0.02904310 0.04327387 0.01811290
v 0.03086573 0.04307549 0.02002248
v 0.04093887 0.05814944 0.01738023
v 0.03878074 0.05768672 0.01901668
v 0.03589251 0.06025905 0.01842511
v 0.03363310 0.05977277 0.01978814
v 0.04048728 0.04712505 0.02190094
v 0.03886363 0.05368916 0.02089984
v 0.04530702 0.04965884 0.01977488
v 0.04421353 0.05360425 0.01841579
v 0.04360058 0.05472385 0.01820315
v 0.04666477 0.04479651 0.02093989
v 0.04133284 0.05377904 0.01985288
v 0.03319022 0.05818188 0.02080064
v 0.03004433 0.05986627 0.02101999
v 0.02896902 0.06186029 0.02066963
v 0.02657356 0.06167605 0.02146111
v 0.02277151 0.06394314 0.02120223
v 0.02111424 0.06594121 0.02047943
v 0.02363730 0.06742046 0.01669657
v 0.02452390 0.06575569 0.01939380
v 0.02137146 0.06826673 0.01654682
v 0.02093681 0.06742582 0.01877005
v 0.03124899 0.06156411 0.01971904
v 0.03084666 0.05912710 0.02104838
v 0.02760524 0.06336691 0.02019923
v 0.02314512 0.06761605 0.01638613
v 0.02629487 0.05795025 0.02209035
v 0.02784737 0.05488929 0.02215141
v 0.02631514 0.05394292 0.02205480
v 0.02925421 0.05532751 0.02209908
v 0.02955376 0.04995566 0.02228891
v 0.03039527 0.04713623 0.02211981
v 0.02501737 0.05935926 0.02205855
v 0.02517404 0.05596132 0.02217165
v 0.02427436 0.05596904 0.02218025
v 0.01967067 0.06207314 0.02216886
v 0.02411444 0.06137896 0.02188150
v 0.01899985 0.06545979 0.02145466
v 0.01808334 0.05802205 0.02212032
v 0.01957936 0.05716869 0.02219041
v 0.01607107 0.05802591 0.02197293
v 0.01701776 0.06051794 0.02224188
v 0.01499991 0.05829821 0.02189336
v 0.02232885 0.05330628 0.02159250
v 0.02160535 0.05069517 0.01967122
v 0.02035747 0.05361778 0.02119899
v 0.01779465 0.05369333 0.02036699
v 0.01588760 0.05298549 0.01882807
v 0.01688116 0.05158506 0.01697661
v 0.01455148 0.05400692 0.01969546
v 0.01243310 0.05570862 0.02017698
v 0.00998806 0.05573542 0.01947173
v 0.00796649 0.06247771 0.02212144
v 0.00920054 0.06260745 0.02214685
v 0.00758415 0.06695516 0.02199299
v 0.02237445 0.05724733 0.02234066
v 0.00626278 0.06593945 0.02221830
v 0.01099824 0.06127644 0.02218463
v 0.00283838 0.06756659 0.02204608
v 0.00383585 0.06993053 0.02024353
v 0.00685307 0.06848777 0.02114054
v 0.01245334 0.06836601 0.02053937
v 0.00656557 0.07005309 0.01947776
v 0.00008226 0.06903191 0.02145223
v -0.00119108 0.06817812 0.02168386
v -0.00498133 0.06992999 0.02035891
v -0.00626206 0.06850816 0.02147993
v -0.00413782 0.06610487 0.02232871
v -0.00234526 0.06818481 0.02162133
v -0.00045331 0.06612890 0.02225568
v 0.00809996 0.05789739 0.02084937
v 0.02808035 0.04648948 0.02069336
v 0.02766082 0.04805784 0.02123635
v 0.02471714 0.04755872 0.01901659
v 0.02437541 0.04947284 0.02043998
v -0.00993110 0.06871937 0.02091164
v -0.01190481 0.06765628 0.02150012
v -0.01271734 0.06410530 0.02285552
v -0.01473873 0.06643642 0.02188437
v -0.01571518 0.06545488 0.02236616
v -0.01083024 0.06231625 0.02293245
v -0.01889412 0.06440553 0.02250729
v -0.00879707 0.06225847 0.02276493
v -0.02081687 0.06322990 0.02294509
v -0.02296144 0.06555065 0.02127091
v -0.02121924 0.06043365 0.02354381
v -0.01617453 0.05810854 0.02294559
v -0.01738635 0.05491297 0.02216762
v -0.01865485 0.06127459 0.02337932
v -0.01302816 0.06029393 0.02291638
v -0.01466429 0.06235139 0.02319104
v -0.01295199 0.05642497 0.02180406
v 0.03323620 0.06171710 0.01857692
v -0.00874036 0.06626011 0.02208167
v 0.00456472 0.06246572 0.02218944
v 0.00840960 0.06005089 0.02168874
v 0.03253087 0.05587390 0.02174042
v -0.01059516 0.05825899 0.02195346
v -0.00608394 0.05567897 0.01981326
v -0.00400821 0.05608146 0.01962866
v -0.00534437 0.05802455 0.02120657
v -0.00728361 0.06122909 0.02245792
v -0.01691553 0.06434706 0.02264663
v 0.05304743 0.02225408 0.02231516
v 0.05084197 0.02210305 0.02318638
v 0.04869603 0.02557585 0.02308481
v 0.04655394 0.02517053 0.02310763
v 0.04639648 0.03004159 0.02305533
v 0.04233524 0.03068391 0.02236068
v 0.04466754 0.02979440 0.02285076
v 0.04267133 0.03380178 0.02255586
v 0.04309489 0.03613597 0.02255375
v 0.04456020 0.03722173 0.02233367
v 0.03929770 0.03638990 0.02187500
v 0.04508903 0.02439804 0.02273859
v 0.04281851 0.02588502 0.02191689
v 0.04982705 0.01977194 0.02353823
v 0.05006402 0.01800531 0.02365730
v 0.05069355 0.01979026 0.02350657
v 0.04874452 0.01547342 0.02360596
v 0.05020823 0.01135902 0.02367351
v 0.04859660 0.00777770 0.02374849
v 0.04667968 0.00778398 0.02358142
v 0.05067274 0.00655334 0.02375749
v 0.05323062 0.01975396 0.02267172
v 0.04476859 0.02001120 0.02264885
v 0.04377956 0.01753242 0.02222315
v 0.04679669 0.01889405 0.02337828
v 0.04475316 0.01575647 0.02262826
v 0.04667922 0.01380313 0.02331015
v 0.04795718 0.02129972 0.02336397
v 0.04662968 0.01113478 0.02340933
v 0.04869321 0.02946205 0.02285786
v 0.05183216 0.01029252 0.02336109
v 0.05368715 0.01768197 0.02247381
v 0.04692162 0.01170062 0.02344275
v 0.04403638 0.01236830 0.02230334
v 0.05404763 0.00709962 0.02274027
v 0.05528385 0.00246219 0.02220779
v 0.05541572 0.00021830 0.02223501
v 0.05295332 0.00403450 0.02329048
v 0.05605459 0.00755905 0.02127753
v 0.05302705 -0.00037296 0.02355285
v 0.05339295 -0.00229175 0.02346383
v 0.05495071 0.02140225 0.02109651
v 0.04884701 0.00133069 0.02396962
v 0.04659463 0.00390303 0.02356124
v 0.04469555 0.00605680 0.02280738
v 0.05068401 -0.00035838 0.02413031
v 0.05172367 0.04164158 0.01871524
v -0.01062724 0.05875774 0.02208779
v 0.03315746 0.05388388 0.02204540
v 0.03125119 0.04629311 0.02218240
v 0.05533050 -0.00371021 0.02245301
v 0.05658900 -0.00900180 0.02138144
v 0.05463751 -0.00803939 0.02297515
v 0.05511335 -0.00978997 0.02272980
v 0.05276399 -0.01237824 0.02360909
v 0.05278182 -0.01596426 0.02375264
v 0.05058595 -0.01243875 0.02395953
v 0.05074770 -0.01760308 0.02397426
v 0.05272753 -0.02479010 0.02402332
v 0.04602902 -0.01824041 0.02325133
v 0.04587322 -0.02542632 0.02346659
v 0.04871503 -0.02824076 0.02423256
v 0.05064019 -0.03227089 0.02448580
v 0.05030914 -0.03467833 0.02448123
v 0.04672202 -0.03227235 0.02384798
v 0.04685497 -0.03712614 0.02403998
v 0.05065424 -0.04188884 0.02430488
v 0.05319689 -0.04234239 0.02348474
v 0.05296818 -0.04658228 0.02339891
v 0.04560923 -0.04313218 0.02337657
v 0.04578570 -0.03364127 0.02348821
v 0.05034832 -0.04694292 0.02415992
v 0.05271580 -0.05618156 0.02354735
v 0.05071208 -0.05893751 0.02418835
v 0.05549109 -0.05790886 0.02221353
v 0.05212025 -0.06037200 0.02368997
v 0.05079434 -0.06396248 0.02419836
v 0.05250202 -0.06432940 0.02339647
v 0.05116123 -0.06642059 0.02396385
v 0.04747972 -0.06929321 0.02389009
v 0.04741314 -0.07447021 0.02298469
v 0.05414882 -0.07039914 0.02181506
v 0.05688081 -0.07133587 0.01991502
v 0.05356687 -0.07518041 0.02119892
v 0.05676825 -0.07769306 0.01825204
v 0.05133574 -0.07665828 0.02179685
v 0.05427538 -0.07445453 0.02105381
v 0.04891699 -0.06384202 0.02419737
v 0.05532625 -0.06850940 0.02124648
v 0.04644410 -0.06038798 0.02368077
v 0.04493585 -0.05458338 0.02278758
v 0.04494130 -0.06432907 0.02288300
v 0.04618802 -0.06861014 0.02350378
v 0.05426723 -0.06377665 0.02253407
v 0.05267393 -0.05302116 0.02362340
v 0.04676068 -0.04034953 0.02401682
v 0.05226071 -0.05440282 0.02398242
v 0.05539608 -0.04804516 0.02224511
v 0.05186683 -0.05219612 0.02402400
v 0.05702132 -0.04620030 0.02108797
v 0.05285641 -0.03935301 0.02371395
v 0.05834629 -0.06261278 0.01956815
v 0.05847952 -0.04399629 0.01934766
v 0.05865354 -0.06264542 0.01941038
v 0.05677908 -0.05472518 0.02125802
v 0.05200045 -0.03293968 0.02425299
v 0.05544186 -0.03111729 0.02258116
v 0.05906616 -0.03944607 0.01801930
v 0.05713760 -0.03769539 0.02053679
v 0.05670815 -0.02246330 0.02117830
v 0.05300997 -0.02225753 0.02388101
v 0.05548700 -0.02714257 0.02257729
v 0.04485657 -0.02215290 0.02271340
v 0.05061446 -0.02821260 0.02456707
v 0.04484454 -0.01627833 0.02266088
v 0.05160711 -0.01106096 0.02396301
v 0.04866746 -0.00679910 0.02397571
v 0.05029538 -0.00324509 0.02420138
v 0.04659109 -0.00598771 0.02384551
v 0.04475143 -0.00681290 0.02300027
v 0.04298398 -0.01230902 0.02166952
v 0.04481614 -0.01423852 0.02273216
v 0.00850188 0.07001323 0.01908911
v 0.01411879 0.06797329 0.02072618
v 0.01258401 0.06976564 0.01814100
v 0.01481778 0.06976933 0.01702531
v 0.01524002 0.06908544 0.01885431
v -0.01890324 0.05510066 0.02245089
v -0.02017896 0.05427401 0.02247316
v -0.02468735 0.05238865 0.02347985
v -0.02720309 0.04865766 0.02295599
v -0.02939908 0.05454403 0.02448127
v -0.02796133 0.05623025 0.02439307
v -0.02986797 0.05829645 0.02373264
v -0.03362319 0.05727290 0.02335387
v -0.03253574 0.05502804 0.02440908
v -0.03544829 0.05652390 0.02302984
v -0.03613260 0.05435650 0.02374001
v -0.03075221 0.04890396 0.02435175
v -0.03588886 0.04903546 0.02506617
v -0.03548789 0.04946495 0.02510798
v -0.03757325 0.05034864 0.02460884
v -0.03959408 0.05256650 0.02327405
v -0.04123767 0.05351031 0.02216844
v -0.04147773 0.04861153 0.02381206
v -0.04263073 0.05055014 0.02278620
v -0.03852589 0.05629920 0.02195728
v -0.03345442 0.05079750 0.02490108
v -0.02907292 0.05963415 0.02338575
v -0.02560746 0.05602199 0.02423271
v -0.03992936 0.04664049 0.02482678
v -0.04000192 0.04465606 0.02517218
v -0.04314210 0.04484334 0.02453856
v -0.03779272 0.04321886 0.02526130
v -0.03334296 0.04120991 0.02174196
v -0.03500999 0.03840886 0.02129306
v -0.03296170 0.03984797 0.01926549
v -0.03298814 0.04223742 0.02234475
v -0.03354286 0.04448402 0.02389630
v -0.03964878 0.04138680 0.02558726
v -0.03794512 0.04078253 0.02489941
v -0.03796966 0.03768116 0.02404138
v -0.04369737 0.04685100 0.02358075
v -0.04579068 0.04462394 0.02357013
v -0.04581992 0.04532575 0.02321595
v -0.04501739 0.04068618 0.02507069
v -0.04785093 0.04098147 0.02383349
v -0.04515558 0.03871013 0.02544237
v -0.04301202 0.03713763 0.02603380
v -0.04208792 0.03401031 0.02590316
v -0.04379050 0.03560905 0.02618052
v -0.04426126 0.03048275 0.02592901
v -0.04741407 0.03105456 0.02599061
v -0.04626016 0.02872342 0.02592974
v -0.04868048 0.02771960 0.02572516
v -0.05216089 0.02471389 0.02478904
v -0.05029795 0.02326589 0.02555715
v -0.05342616 0.02256608 0.02425885
v -0.05178157 0.02123638 0.02508138
v -0.05024062 0.01872981 0.02555649
v -0.05218279 0.02023394 0.02486804
v -0.05392803 0.01825623 0.02378812
v -0.05395204 0.01830551 0.02376489
v -0.04836720 0.01572003 0.02586603
v -0.04828688 0.02241928 0.02591051
v -0.05224644 0.01305382 0.02497249
v -0.04631446 0.01021760 0.02587239
v -0.04840102 0.01076700 0.02580802
v -0.05400882 0.01187774 0.02377702
v -0.05396041 0.00931551 0.02371773
v -0.05399564 0.00770617 0.02367209
v -0.05393635 0.01313631 0.02385322
v -0.05039034 0.01258869 0.02549944
v -0.05394076 0.02466838 0.02359745
v -0.05393993 0.00624388 0.02364126
v -0.05409601 0.00402289 0.02362020
v -0.05213279 0.00655461 0.02471389
v -0.05404884 0.00214913 0.02363597
v -0.04528989 0.01747869 0.02555004
v -0.04629018 0.02257641 0.02580475
v -0.04881209 0.02574253 0.02578884
v -0.04637048 0.01375561 0.02588946
v -0.04696034 0.01949649 0.02582971
v -0.04768649 0.00388105 0.02558553
v -0.04632611 0.00629828 0.02556498
v -0.05026584 0.01669939 0.02562575
v -0.05618593 0.01499435 0.02121768
v -0.05561147 0.01258967 0.02208682
v -0.04626944 0.02672953 0.02587004
v -0.05191973 0.03220228 0.02384318
v -0.04665509 0.03578423 0.02561127
v -0.04957714 0.03166469 0.02499373
v -0.04629993 0.03414362 0.02590402
v -0.05405199 0.00040456 0.02372686
v -0.05420335 -0.00128981 0.02379668
v -0.05410431 -0.00351231 0.02415022
v -0.05401011 -0.00542825 0.02408750
v -0.05545395 -0.00751858 0.02350701
v -0.05737415 0.00282272 0.02063963
v -0.05207210 -0.00329857 0.02499421
v -0.05566732 0.00458252 0.02244595
v -0.05182440 -0.00899815 0.02484791
v -0.05393911 -0.00938438 0.02413383
v -0.05200647 -0.01136444 0.02463172
v -0.05585121 -0.01123853 0.02292302
v -0.05394311 -0.00977839 0.02406783
v -0.05746922 -0.00549096 0.02120185
v -0.05295867 -0.02174846 0.02470006
v -0.05386891 -0.01945109 0.02397124
v -0.04868943 -0.01348375 0.02530609
v -0.04819054 -0.01588664 0.02544885
v -0.04623611 -0.01691672 0.02563725
v -0.05190691 -0.02959188 0.02545451
v -0.04873331 -0.03811861 0.02633287
v -0.05286309 -0.03442940 0.02509420
v -0.04711816 -0.02987013 0.02642242
v -0.05066595 -0.02421016 0.02570058
v -0.05411208 -0.04144904 0.02421418
v -0.05201940 -0.04218263 0.02555492
v -0.04988560 -0.04349990 0.02614982
v -0.04479509 -0.05183497 0.02619893
v -0.04891070 -0.04852356 0.02592403
v -0.04330651 -0.05868971 0.02645478
v -0.05196323 -0.05392212 0.02487296
v -0.04759368 -0.03214496 0.02635926
v -0.04661927 -0.02388881 0.02633071
v -0.04477071 -0.02218606 0.02628255
v -0.04826887 -0.05270255 0.02595245
v -0.05199162 -0.01486982 0.02468911
v -0.04958114 -0.00306120 0.02543987
v -0.05803749 -0.00358631 0.02032446
v -0.05400866 -0.05469625 0.02350136
v -0.04977036 -0.01133875 0.02510049
v -0.05339659 -0.05242352 0.02401476
v -0.05307025 -0.04966662 0.02431247
v -0.04416979 -0.00126973 0.02527620
v -0.04819124 -0.02131418 0.02598257
v -0.05212634 0.02670764 0.02462176
v -0.04407509 -0.05957474 0.02657410
v -0.04622304 -0.06552971 0.02641545
v -0.04639378 -0.07057080 0.02610679
v -0.05370151 -0.07345126 0.02385636
v -0.04788074 -0.06170998 0.02624491
v -0.04730659 -0.00165429 0.02556187
v -0.05374644 -0.06806046 0.02441931
v -0.05207051 -0.06923358 0.02556742
v -0.05031552 -0.06978072 0.02595096
v -0.05204320 -0.06533113 0.02546988
v -0.04886042 -0.06406733 0.02617944
v -0.05005170 -0.05836385 0.02581132
v -0.05184646 -0.06121814 0.02515502
v -0.04821135 -0.02465839 0.02613689
v -0.04822810 0.03048770 0.02565386
v -0.04607918 -0.01334692 0.02561231
v -0.04787503 -0.00925537 0.02518735
v -0.04608667 -0.00737025 0.02538084
v -0.04811280 -0.00736528 0.02544178
v -0.04452583 -0.00634818 0.02531124
v -0.04385647 -0.01221693 0.02519720
v -0.04841957 -0.00336762 0.02561741
v -0.05531032 -0.06510457 0.02220101
v -0.05430742 0.02581988 0.02308563
v -0.05383786 0.02864709 0.02309207
v -0.05378513 0.03076667 0.02263008
v -0.05367628 0.03261214 0.02232894
v -0.05378270 0.03333331 0.02201738
v -0.05236623 0.03600200 0.02259844
v -0.05183428 0.03464451 0.02322091
v -0.04871358 0.04007243 0.02361152
v -0.05000609 0.03467878 0.02420029
v -0.04618497 -0.03892360 0.02658536
v -0.05388489 -0.04580188 0.02405032
v -0.04882948 0.04297113 0.02242842
v -0.04783811 0.03668104 0.02486347
v -0.05306281 -0.06435471 0.02472125
v 0.04776402 -0.07713115 0.02147977
v -0.04255196 0.00569881 0.02492618
v 0.05291540 -0.00446309 0.02373969
v 0.05418129 -0.06495796 0.02245155
v 0.05741569 -0.06708179 0.01999986
v 0.05187947 -0.07859000 0.01963873
v 0.01815994 0.06956968 0.01378304
v 0.02174375 0.06883734 0.01462038
v 0.05517229 -0.01632308 0.02263018
v 0.04636693 -0.00084873 0.02377830
v 0.01600460 0.05568844 0.02115374
v 0.05297563 0.00225714 0.02343150
v -0.05576025 -0.00310427 0.02305997
v 0.05522527 0.02507114 0.02023280
v 0.01815504 0.06319047 0.02208149
v 0.01516283 0.06590757 0.02195998
v 0.01635707 0.06602534 0.02168546
v 0.01629695 0.06793762 0.02020938
v 0.01876079 0.06787114 0.01901131
v 0.01794508 0.06655210 0.02098545
v 0.01470707 0.06262321 0.02233462
v -0.00329461 0.05558556 0.01898665
v 0.00138348 0.05804462 0.02101643
v 0.05734736 -0.05118383 0.02072267
v -0.04420966 0.04803770 0.02288164
v 0.04066084 0.04381575 0.02233666
v 0.03308751 0.05115761 0.02244476
v 0.04646820 -0.05325424 0.02373163
v 0.04502190 0.05521107 0.01661769
v 0.04749755 0.05340542 0.01506621
v 0.04618414 0.05350583 0.01681577
v -0.04842090 -0.07247081 0.02582725
v -0.04405008 -0.05034042 0.02601385
v 0.01832781 0.05126226 0.01791905
v -0.04719176 -0.04143572 0.02657756
v 0.03447282 0.04587840 0.02236826
v -0.00042285 0.06419457 0.02224036
v -0.00785531 0.06432827 0.02248115
v -0.05562113 0.00858931 0.02218272
v 0.01950490 0.05470665 0.02153811
v 0.02537961 0.06548229 0.01932704
v 0.03134245 0.05485264 0.02203875
v -0.05183478 0.02941142 0.02430804
v -0.00655092 0.06023870 0.02218195
v -0.00445491 0.06021072 0.02198505
v 0.04631507 0.05211706 0.01769657
v 0.04831448 0.05325658 0.01377123
v 0.04763941 0.05117218 0.01676372
v 0.04826299 0.04951760 0.01750015
v -0.02552700 0.05759300 0.02397719
v -0.02329045 0.05646764 0.02372941
v -0.02259310 0.05731408 0.02376050
v -0.04997663 -0.02182133 0.02562181
v 0.00990229 0.06677098 0.02209539
v 0.03462211 0.05487745 0.02160242
v 0.00421466 0.06001487 0.02172389
v 0.00454396 0.05820155 0.02097428
v -0.00032248 0.06016862 0.02185299
v 0.00173808 0.06014889 0.02181176
v -0.03755646 0.05455339 0.02330687
v -0.01040762 0.05946929 0.02238647
v -0.02533138 0.06472242 0.02116156
v -0.02515073 0.06242655 0.02256212
v 0.02618969 0.05039979 0.02162179
v 0.04575009 -0.01073111 0.02336334
v 0.05675226 -0.01611311 0.02125276
v 0.05517753 -0.01445864 0.02250822
v 0.05706217 -0.01593004 0.02074329
v 0.04468834 -0.00332099 0.02302710
v 0.01366952 0.07008068 0.01708678
v 0.00880417 0.07082760 0.01765770
v 0.04291115 0.00903258 0.02168373
v -0.02168392 0.05773355 0.02380097
v 0.05339610 0.03747532 0.01879569
v 0.04475476 0.02220046 0.02253909
v -0.03337779 0.06029157 0.02194142
v 0.05031404 0.04791323 0.01597690
v -0.05602758 0.01014745 0.02167197
v 0.04894502 -0.01856723 0.02379209
v -0.04379457 -0.03949596 0.02635364
v -0.00655360 0.06710492 0.02214300
v -0.05003760 0.00522201 0.02518184
v 0.02367580 0.05370537 0.02184889
v 0.02734407 0.06571162 0.01737541
v 0.03276317 0.06357539 0.01653787
v 0.02865851 0.06565551 0.01635967
v 0.02896312 0.06539736 0.01680466
v 0.03003870 0.06572405 0.01454697
v 0.03048822 0.06633332 0.01256316
v 0.02503738 0.06686794 0.01737150
v 0.00539145 0.06819085 0.02154809
v -0.03596984 0.04668864 0.02539602
v -0.00218679 0.05814144 0.02105899
v -0.03381787 0.04613360 0.02478942
v -0.02779334 0.05260485 0.02434144
v 0.05283341 -0.00759715 0.02374264
v 0.05747733 -0.07472164 0.01910877
v -0.00349224 0.06146633 0.02224981
v 0.04684118 0.03770259 0.02184061
v -0.02446040 0.06065359 0.02331902
v 0.00562304 0.06075025 0.02198298
v 0.05390787 0.01525804 0.02255175
v 0.05497641 0.01379734 0.02191809
v 0.04495120 0.03992799 0.02200630
v -0.01498327 0.06036755 0.02318594
v -0.05079173 -0.00882396 0.02506237
v -0.02734075 0.05976718 0.02354275
v 0.02189040 0.04917920 0.01797767
v -0.01453252 0.06910497 0.01971258
v 0.05579716 0.00959485 0.02132829
v 0.05480288 -0.03926123 0.02254079
v 0.04084987 0.05524628 0.01941151
v 0.05519267 -0.01239895 0.02242074
v -0.03874688 0.04855153 0.02482896
v 0.04293411 -0.00228282 0.02188286
v -0.05739529 -0.00148031 0.02086968
v 0.00431723 0.05554493 0.01849425
v 0.05390465 0.03355647 0.01962935
v 0.05490931 0.00998879 0.02201283
v 0.01792776 0.06969161 0.01363341
v 0.04670174 -0.04212837 0.02386536
v -0.00423244 0.05786290 0.02097106
v 0.04960099 0.05131013 0.01360211
v 0.01754664 0.06961874 0.01417983
v -0.05396853 0.01684773 0.02381551
v -0.05377471 -0.07241974 0.02378243
v 0.03394974 0.04990599 0.02241327
v -0.04208387 0.04267946 0.02533405
v 0.05079447 0.02626252 0.02276136
v 0.05353702 -0.02845202 0.02403928
v 0.05366806 0.03394936 0.01975968
v -0.03657094 0.04458872 0.02511394
v 0.00011248 0.06219403 0.02218096
v 0.03457714 0.04774865 0.02238561
v -0.05625180 0.00690659 0.02159641
v 0.05375401 0.03659159 0.01850834
v -0.04411684 -0.00339286 0.02548240
v -0.05468747 -0.06048456 0.02262065
v -0.02368549 0.06121206 0.02319602
v 0.03247297 0.04389728 0.02169409
v -0.02320246 0.05443166 0.02328588
v 0.04165739 0.05750989 0.01759136
v 0.00041789 0.07029112 0.01999465
v 0.02697470 0.04567282 0.01908607
v 0.02966157 0.06373844 0.01865126
v -0.04967419 0.03729771 0.02386543
v -0.04662505 -0.00294196 0.02564409
v 0.05118285 -0.07447455 0.02271565
v -0.00178698 0.06024011 0.02187523
v -0.00237083 0.06012558 0.02184138
v 0.05711309 -0.01047839 0.02063626
v 0.01285336 0.05780165 0.02138512
v -0.05274458 -0.05896161 0.02456651
v 0.02167437 0.04673119 0.00213866
v 0.01839934 0.04864524 0.00442951
v 0.02428549 0.04535395 0.00404543
v 0.02146468 0.04744566 0.00740030
v 0.02537555 0.04505281 0.00736058
v 0.02487595 0.04563041 0.01107551
v 0.02431570 0.04454038 0.00005130
v 0.01857504 0.04844611 0.00120068
v 0.02262569 0.04740397 0.01127214
v 0.02291846 0.04749431 0.01395852
v 0.02302922 0.04764041 0.01602716
v 0.02537402 0.04600496 0.01768059
v 0.02208625 0.04795746 0.01367649
v 0.02342402 0.04636687 0.00788236
v 0.02396338 0.04471833 -0.00215602
v 0.01773988 0.04904130 0.00367369
v 0.02130676 0.04691635 0.00123061
v 0.02050477 0.04889597 0.01267987
v 0.01884980 0.04929161 0.00922020
v 0.01995939 0.04925582 0.01271649
v 0.02022524 0.04948150 0.01585456
v 0.01807240 0.04884995 -0.00021500
v 0.02457988 0.04494860 0.00269199
v 0.02561249 0.04551436 0.01452742
v 0.02249515 0.04588893 -0.00216665
v 0.01762360 0.04987580 0.00963561
v 0.02616017 0.04530182 0.01690480
v 0.02963542 0.04251225 0.01763494
v 0.02161323 0.04658039 -0.00482022
v 0.02787829 0.04353818 0.01450026
v 0.02195088 0.04633126 -0.00707176
v 0.01923251 0.04840757 -0.00664297
v 0.01969158 0.04813593 -0.00940111
v 0.01873582 0.04876534 -0.00766827
v 0.02005782 0.04812513 -0.01138204
v 0.02042345 0.04804109 -0.01286828
v 0.02359745 0.04575928 -0.01353349
v 0.02168052 0.04774414 -0.01636044
v 0.01881646 0.04908299 -0.01462847
v 0.02095509 0.04850236 -0.01741863
v 0.02396597 0.04679362 -0.01791081
v 0.01591909 0.05013873 -0.01449826
v 0.01702967 0.05006266 -0.01634106
v 0.02370395 0.04598964 -0.01464023
v 0.02332240 0.04780398 -0.01893231
v 0.01668777 0.05000987 -0.00830373
v 0.01535083 0.05079028 -0.00578985
v 0.01427184 0.05094944 -0.00776256
v 0.01228902 0.05115167 -0.00313459
v 0.00801310 0.05097512 -0.00312996
v 0.00678691 0.05125747 0.00022115
v 0.00783430 0.05131180 0.00175685
v 0.01212777 0.05114604 -0.00071639
v 0.00840010 0.05137331 0.00246226
v 0.01174729 0.05131267 0.00498313
v 0.00832925 0.05210023 0.00649880
v 0.01209062 0.05151232 0.00671831
v 0.00937653 0.05276307 0.01063333
v 0.01185232 0.05208086 0.00986428
v 0.01139308 0.05241582 0.01239313
v 0.00757449 0.05340251 0.01425696
v 0.00994507 0.05354043 0.01601170
v 0.01195123 0.05102443 0.00301784
v 0.01408909 0.05184478 0.01326635
v 0.01463331 0.05142807 0.01021302
v 0.00586948 0.05364178 0.01271621
v 0.01507527 0.05056286 -0.00257042
v 0.00507743 0.05381437 0.01370338
v 0.00715474 0.05404502 0.01611636
v 0.01478555 0.05065529 -0.00070118
v 0.00223863 0.05444693 0.01588942
v 0.01469608 0.05151729 0.01180545
v 0.00192654 0.05400251 0.01413577
v 0.00183822 0.05383950 0.01266190
v -0.00350079 0.05424355 0.01635775
v -0.00095946 0.05368711 0.01305902
v -0.00972504 0.05405415 0.01818538
v 0.01486817 0.05108068 0.00892717
v 0.01576954 0.05051547 -0.00467967
v 0.01283944 0.05124653 -0.00865845
v -0.01062876 0.05391686 0.01847137
v -0.01325160 0.05208906 0.01568141
v -0.01545911 0.05202262 0.01742280
v -0.01370907 0.05195301 0.01558445
v 0.02208900 0.04625055 -0.00874488
v 0.02775921 0.04312392 0.01205105
v 0.02953147 0.04168049 0.01387904
v 0.03026100 0.04064630 0.01334272
v 0.02822578 0.04259872 0.01115476
v 0.03096296 0.03919839 0.00907798
v 0.03181982 0.03768521 0.00731651
v 0.03267279 0.03656572 0.00880812
v 0.03248481 0.03732605 0.01088993
v 0.02885319 0.03991447 0.00189537
v 0.02853148 0.04081131 0.00365125
v 0.02963592 0.04038966 0.00714904
v 0.02594371 0.04258287 -0.00337515
v 0.02615744 0.04256580 -0.00119808
v 0.01909202 0.04855943 -0.00496104
v 0.02676401 0.04212135 0.00150414
v 0.01497568 0.05023621 -0.01143620
v 0.02549738 0.04505485 0.01083776
v 0.02400582 0.04465401 -0.00329303
v 0.02771193 0.04065650 -0.00277865
v 0.02914292 0.03930793 0.00062029
v 0.03070251 0.03730110 0.00138345
v 0.01465948 0.05092352 -0.01585296
v 0.01218675 0.05155588 -0.01500318
v 0.01371730 0.05204987 -0.01720041
v 0.01548547 0.05144221 -0.01796652
v 0.03393677 0.03376144 0.00685638
v 0.03343795 0.03465492 0.00688321
v 0.01060171 0.05218908 -0.01558226
v -0.01208881 0.05162318 0.01193186
v -0.01142807 0.05173931 0.01173969
v -0.00964254 0.05181100 0.00717065
v -0.00517222 0.05297241 0.00720467
v -0.00638505 0.05260206 0.00937881
v -0.00908137 0.05192617 0.00636996
v -0.00668073 0.05265474 0.00482409
v -0.00518146 0.05312945 0.00393757
v -0.00786977 0.05204089 0.00110686
v -0.00123828 0.05331929 0.00946923
v 0.00078447 0.05327162 0.00670790
v -0.00453942 0.05316365 0.01253424
v 0.00176101 0.05326644 0.00465989
v 0.00397663 0.05265279 0.00408978
v -0.00794328 0.05149260 -0.00065136
v -0.00982431 0.05076719 -0.00186878
v -0.00686988 0.05075371 -0.00333404
v 0.00201364 0.05328149 0.00266270
v 0.00061856 0.05347659 0.00116125
v 0.00011760 0.05351686 0.00400445
v 0.00044391 0.05345442 -0.00004894
v 0.00073830 0.05291612 -0.00223436
v -0.00181500 0.05342641 0.00018049
v -0.00124917 0.05359699 0.00276280
v -0.00291371 0.05348128 0.00574965
v 0.00268411 0.05297109 -0.00098223
v -0.00812660 0.05050273 -0.00482510
v -0.00501971 0.05068842 -0.00399712
v -0.00454166 0.05027210 -0.00648485
v 0.00011179 0.05051280 -0.00550378
v -0.00176644 0.05083418 -0.00419665
v 0.00061119 0.05005793 -0.00870970
v 0.00204540 0.05069470 -0.00645716
v -0.00389924 0.05058157 -0.00927571
v -0.00314159 0.05086705 -0.01070681
v -0.00632553 0.05091035 -0.00996047
v -0.00971501 0.05179497 -0.01380806
v -0.00652740 0.05234356 -0.01378753
v -0.01169437 0.05074954 -0.01021930
v -0.01388921 0.05067735 -0.01327223
v -0.01680223 0.04885533 -0.00749379
v -0.01523236 0.04932694 -0.00757077
v -0.00734428 0.05112982 -0.00206869
v -0.01301322 0.05028025 0.00012193
v -0.00764993 0.05113391 -0.01059622
v -0.01448614 0.04976997 -0.00043370
v -0.01660945 0.04886840 -0.00546607
v -0.01944751 0.04754093 -0.00658842
v -0.01948629 0.04757483 -0.00193059
v -0.01872956 0.04796859 0.00003608
v -0.01689570 0.04889836 0.00121954
v -0.02070283 0.04704820 0.00324153
v -0.02072478 0.04721465 0.00600391
v -0.02343699 0.04589019 0.00756512
v -0.02091196 0.04753875 0.00989153
v -0.01910948 0.04868500 0.01117073
v -0.02202292 0.04750087 0.01304499
v -0.02386033 0.04587859 0.01026227
v -0.02594248 0.04472767 0.01280506
v -0.01931741 0.04995906 0.01544993
v -0.01855350 0.05035710 0.01586259
v -0.01791712 0.04945072 0.01137401
v -0.01707736 0.04964775 0.01057453
v -0.01495399 0.05009900 0.00738478
v -0.01667809 0.04937111 0.00626766
v 0.01890493 0.04949457 -0.01709463
v 0.02808160 0.03999645 -0.00476928
v -0.01898550 0.04819254 0.00710690
v 0.02528884 0.04524273 0.00850942
v 0.02604348 0.04225482 -0.00548859
v 0.03014979 0.04157784 0.01585007
v 0.02022418 0.05024209 -0.01965938
v 0.01875879 0.05036109 0.01618290
v 0.02943188 0.04090770 0.00849815
v -0.00973347 0.05116304 0.00011597
v 0.03272739 0.03738228 0.01255116
v 0.03104587 0.03924488 0.01014392
v 0.03320330 0.03722155 0.01460339
v 0.03403616 0.03659828 0.01566551
v 0.03376922 0.03759426 0.01688498
v 0.03455120 0.03455701 0.01324276
v 0.00103407 0.05338829 0.00925794
v 0.02727957 0.04330771 0.00894326
v 0.02720249 0.04315518 0.00715235
v 0.02764360 0.04251495 0.00641804
v -0.02645801 0.04384752 0.00993157
v -0.02737749 0.04267345 0.00791171
v -0.02583277 0.04369437 0.00541458
v -0.02395373 0.04549888 0.00718462
v -0.02385344 0.04499488 0.00335355
v 0.02673204 0.04578435 -0.02006729
v 0.02742525 0.04445632 -0.01936088
v 0.02852544 0.04357243 -0.01959223
v 0.02762183 0.04630841 -0.02117649
v 0.02566264 0.04754509 -0.02073197
v 0.02881610 0.04568627 -0.02164149
v 0.02341311 0.04976883 -0.02103382
v 0.02386332 0.05041459 -0.02187162
v 0.02963374 0.03856123 -0.00161021
v 0.02977640 0.03808195 -0.00425578
v -0.02696765 0.04389641 0.01299552
v 0.03100614 0.03660742 -0.00040204
v 0.03281427 0.03315279 -0.00003022
v 0.03092778 0.03721316 0.00216998
v 0.03211717 0.03946495 0.01627806
v 0.02854173 0.03880309 -0.00791781
v 0.02884253 0.03847273 -0.00687633
v 0.02739440 0.04037740 -0.00936302
v 0.02579182 0.04213435 -0.00874712
v 0.02423919 0.04440594 -0.00823844
v 0.02434329 0.04429964 -0.00504093
v 0.02439479 0.04433012 -0.00979282
v 0.02947034 0.03743818 -0.00787169
v 0.03028376 0.03622636 -0.01053713
v 0.03089099 0.03601334 -0.01307270
v 0.03216075 0.03653320 -0.01669441
v 0.03073772 0.03798751 -0.01519934
v 0.03086077 0.03875907 -0.01661206
v 0.03011240 0.04180110 -0.01904640
v 0.03174399 0.04141635 -0.02077527
v 0.02959666 0.03811715 -0.01284755
v 0.02791738 0.04171422 -0.01516994
v 0.02746429 0.04146872 -0.01367853
v 0.03005543 0.03742387 -0.01283944
v -0.01837503 0.04820016 0.00427597
v 0.02817399 0.04034217 -0.01346303
v -0.01620481 0.04932001 0.00401954
v 0.01574092 0.05116415 0.01404982
v 0.03143837 0.03546673 -0.00363370
v 0.01901938 0.04899020 0.00825511
v 0.01750512 0.04953967 0.00640725
v 0.01776303 0.05044400 0.01461447
v -0.02496525 0.04535846 0.01184048
v 0.00462361 0.05275235 0.00660155
v 0.01499178 0.05201824 0.01602198
v 0.03137153 0.03591849 -0.00137980
v 0.01225499 0.05124199 -0.01026222
v 0.01652083 0.04952895 0.00205657
v -0.00341542 0.05291521 -0.00087345
v -0.01092764 0.05150232 0.00673095
v -0.01330652 0.05046708 0.00249804
v 0.03315236 0.03771032 -0.02023209
v 0.03330891 0.03774358 -0.02042527
v 0.01355163 0.05219212 0.01499477
v 0.00766997 0.05081713 -0.00413467
v 0.02921789 0.03780442 -0.00956499
v -0.00307687 0.05330678 0.00736563
v 0.03176338 0.03846353 0.01177596
v 0.01876287 0.05126970 -0.02014197
v 0.01722358 0.05155329 -0.01981668
v 0.01797979 0.05376990 -0.02238299
v 0.02042474 0.05176899 -0.02142124
v 0.01436931 0.05410544 -0.02108763
v 0.01337647 0.05672781 -0.02302875
v 0.01365394 0.05492130 -0.02147463
v 0.01172019 0.05582684 -0.02193866
v 0.01175240 0.05393678 -0.01980157
v 0.00763545 0.05586259 -0.02148102
v 0.00276034 0.05460817 -0.01847660
v 0.00059290 0.05282299 -0.01588011
v 0.00864431 0.05208425 -0.01575620
v 0.00102981 0.05418624 -0.01805855
v -0.00321724 0.05440728 -0.01898425
v -0.00423339 0.05513010 -0.02065688
v -0.00914595 0.05537299 -0.02188689
v -0.00482051 0.05288012 -0.01542223
v 0.00937925 0.05390882 -0.01909622
v 0.01025491 0.05584489 -0.02184386
v -0.01183388 0.05048354 -0.00855782
v -0.00504257 0.05385814 0.01551380
v 0.03562589 0.03498236 0.01744595
v 0.03483399 0.03700932 0.01851949
v 0.03700644 0.03559072 0.01990146
v -0.01090587 0.05145472 0.00454744
v 0.01173788 0.05112926 -0.00714939
v 0.00956154 0.05004654 -0.01086711
v 0.00596927 0.04910226 -0.00923510
v 0.00796406 0.04950801 -0.01253988
v 0.00475231 0.05025680 -0.01306614
v 0.00659408 0.04913429 -0.00839842
v 0.01513558 0.05209911 -0.01893401
v 0.02187044 0.04704427 0.00563061
v 0.02799462 0.04307882 -0.01723312
v -0.01668519 0.04880562 -0.00365887
v 0.01520758 0.05027844 0.00063882
v 0.00615906 0.05128528 -0.00054464
v -0.01103472 0.05403491 -0.02053553
v -0.00205321 0.05374919 -0.01750644
v -0.00232494 0.05233421 -0.01431562
v -0.00068160 0.05215241 -0.01437194
v 0.00093882 0.05142103 -0.01351349
v 0.00074454 0.05058838 -0.00978690
v 0.00372521 0.05207282 -0.01575222
v -0.01251823 0.05241917 -0.01712609
v -0.01716373 0.05044134 -0.01588212
v 0.01280796 0.05097734 0.00468562
v 0.00220345 0.05242262 -0.01569337
v 0.03254012 0.04317852 -0.02259330
v -0.00319777 0.05368286 0.01405319
v 0.01186607 0.05097926 0.00235127
v 0.00926550 0.05377298 0.01585790
v 0.00150287 0.05180125 -0.00367728
v 0.00477254 0.05155872 -0.00227589
v 0.00393260 0.05082741 -0.00689068
v 0.02245389 0.04615439 -0.01094624
v -0.00408652 0.05310265 0.00026303
v 0.00793049 0.05062299 -0.00522980
v -0.01096285 0.05042657 -0.00589916
v 0.03143436 0.03408167 -0.00878299
v 0.01891850 0.04858138 -0.00376835
v 0.02146783 0.04926620 -0.01949155
v 0.02624692 0.04295693 0.00260635
v 0.00520933 0.05172289 -0.01549064
v -0.01129882 0.05042897 -0.00667141
v -0.00768171 0.05333878 0.01529754
v 0.03489861 0.03319480 0.01113323
v -0.00340481 0.05030880 -0.00877732
v 0.03352028 0.03813273 -0.02111876
v 0.00248735 0.05347550 0.00924528
v 0.00088836 0.05537685 0.01823490
v -0.01196379 0.05231556 0.01559112
v -0.00455156 0.05337809 0.01348626
v 0.00910523 0.05409063 0.01655805
v 0.02514136 0.04414333 -0.01189195
v 0.00366963 0.05656270 0.01946985
v -0.01178960 0.05119931 0.00370857
v 0.00210430 0.05601258 0.01901729
v 0.01801499 0.04935265 -0.01258057
v 0.02789981 0.04366516 0.01522732
v 0.02488188 0.04497812 0.00444743
v 0.02711450 0.04135938 -0.01200469
v 0.01021421 0.05217493 -0.01533495
v 0.01157281 0.05105628 -0.01153611
v 0.01255196 0.05305567 -0.01848357
v -0.01512662 0.04934634 -0.00308561
v -0.00100278 0.05271720 -0.00210207
v 0.02637351 0.04405046 -0.01484817
v 0.01785040 0.04913858 -0.00378179
v 0.02985227 0.04361490 -0.02131716
v 0.00170025 0.05052474 -0.01017184
v 0.00270098 0.04996408 -0.00932874
v 0.00764424 0.05009547 -0.00664652
v 0.00312478 0.05043313 -0.01134865
v -0.01003804 0.05265907 -0.01647972
v -0.01166480 0.05125702 -0.01330723
v -0.00726629 0.05408240 -0.01924226
v -0.01464618 0.05081745 0.01202095
v -0.01386955 0.05185980 0.01526133
v -0.01171830 0.05134638 0.00893897
v 0.00355804 0.05351939 0.00939760
v 0.06007054 0.01468400 0.00323109
v 0.05977788 0.01854914 0.00142445
v 0.05983996 0.01697952 0.00205827
v 0.05992330 0.01471588 0.00630136
v 0.05961347 0.02006062 0.00209372
v 0.05956500 0.02047616 0.00332181
v 0.05900802 0.02359103 0.00391763
v 0.05990399 0.01263704 0.00967056
v 0.05912764 0.02264586 0.00297858
v 0.06036920 0.00877348 0.00598143
v 0.06020891 0.00820586 0.00855912
v 0.06026368 0.00682127 0.00847278
v 0.06011216 0.01267914 0.00296657
v 0.06030671 0.01239465 0.00013003
v 0.06041837 0.01045767 -0.00025825
v 0.06044686 0.00685532 0.00337716
v 0.06059358 0.00795381 -0.00286224
v 0.06050752 0.00819028 -0.00685957
v 0.06039673 0.00613541 -0.00819949
v 0.06071179 0.00385717 -0.00581742
v 0.06066486 0.00144952 -0.00679819
v 0.06042775 -0.00099169 -0.00747095
v 0.06074459 -0.00093496 -0.00478546
v 0.06073120 0.00036063 -0.00371531
v 0.06045611 -0.00199083 -0.00814295
v 0.06065750 -0.00484409 -0.00689858
v 0.06051395 -0.00293950 -0.01069317
v 0.06087946 -0.00411716 -0.00341818
v 0.06041010 -0.00343770 -0.01258459
v 0.06026242 -0.00196117 -0.01356354
v 0.06025357 -0.00462363 -0.01389286
v 0.06022589 0.00184299 -0.01411781
v 0.06021953 0.00284149 -0.01414527
v 0.06036238 0.00410232 -0.01260710
v 0.06040197 0.00595898 -0.01011405
v 0.06024118 0.00651616 -0.01266520
v 0.05981750 -0.00633832 -0.01597936
v 0.06027341 -0.00625188 -0.01378440
v 0.06032693 0.00945392 -0.01047147
v 0.06093355 -0.00628652 -0.00156407
v 0.05966029 0.00767424 -0.01570353
v 0.05939096 0.00900113 -0.01679649
v 0.05820381 0.01054977 -0.01925176
v 0.05919587 0.01343476 -0.01576633
v 0.05931097 0.01378146 -0.01498419
v 0.05937315 0.01015532 -0.01651998
v 0.05797926 0.01306670 -0.01950041
v 0.06059029 -0.01019024 -0.01257491
v 0.05957623 0.01188727 -0.01442751
v 0.06083841 -0.00977877 -0.00038599
v 0.05970527 -0.00034145 -0.01579418
v 0.06018996 0.01179974 -0.00876568
v 0.06079014 -0.00968177 -0.00240784
v 0.06083855 -0.01046644 0.00408970
v 0.06078913 -0.00526087 0.00070462
v 0.06081524 -0.00230022 -0.00131500
v 0.06079466 -0.00051233 0.00076878
v 0.06070637 0.00085268 0.00262605
v 0.06072797 0.00392217 -0.00390452
v 0.06056947 -0.00119768 0.00589160
v 0.06067826 -0.00473443 0.00646613
v 0.06060475 0.00260171 0.00640691
v 0.06076091 0.00446687 0.00013678
v 0.06055946 -0.00135662 0.00681684
v 0.06025157 -0.00129925 0.01030742
v 0.05956502 -0.00454763 0.01621164
v 0.06010011 -0.00489510 0.01280525
v 0.05960743 -0.00857877 0.01610219
v 0.05925029 -0.00668615 0.01681436
v 0.05797937 -0.01060518 0.01899699
v 0.05800768 -0.00454751 0.01879315
v 0.05892726 -0.01669334 0.01820312
v 0.06001005 -0.01477737 0.01536162
v 0.05867974 -0.02012486 0.01802786
v 0.05946341 -0.02239785 0.01681981
v 0.06019563 -0.01256460 0.01486186
v 0.06023571 -0.01038655 0.01428067
v 0.05996716 -0.01807823 0.01571696
v 0.05979782 -0.02393481 0.01610608
v 0.06092422 -0.01764008 0.00662135
v 0.06085693 -0.01784067 0.00967971
v 0.06027179 -0.00087643 0.01021998
v 0.06047005 0.00288634 0.00836985
v 0.05971717 0.00346971 0.01344926
v 0.05964945 -0.00107152 0.01464646
v 0.05925292 0.00123535 0.01576973
v 0.05903178 -0.00101032 0.01663065
v 0.05913331 0.00383612 0.01559200
v 0.06020234 0.00498721 0.01025164
v 0.05801774 -0.00707413 0.01876373
v 0.06073274 -0.01858117 0.01101803
v 0.06100621 -0.02160589 0.00593005
v 0.06083345 -0.01885114 0.00046218
v 0.06080130 -0.01768958 -0.00234991
v 0.06077959 -0.01561030 -0.00085041
v 0.06086423 -0.02307499 0.00284832
v 0.06071654 -0.01602450 -0.00314464
v 0.06057499 -0.01640820 -0.00655111
v 0.06058151 -0.01690856 -0.00656437
v 0.06061121 -0.01377122 -0.00775972
v 0.06060877 -0.01603733 -0.01077537
v 0.06042074 -0.01416699 -0.01397880
v 0.06052314 -0.01417531 -0.01295569
v 0.06029005 -0.00989524 -0.01457417
v 0.06037746 -0.02221736 -0.00672147
v 0.06066094 -0.01378905 -0.00498495
v 0.06049764 -0.01802606 -0.00900243
v 0.05990487 -0.00835469 -0.01581095
v 0.06061817 0.00560860 0.00064391
v 0.06062720 -0.01606220 -0.01255520
v 0.06077097 -0.02551956 -0.00257144
v 0.06052051 0.00997134 -0.00223103
v 0.06037241 0.00845874 0.00344703
v 0.06080068 -0.02696234 -0.00307783
v 0.06099279 -0.03379400 -0.00394743
v 0.06001257 0.01097121 0.00974868
v 0.05996563 0.01568385 -0.01036194
v 0.05930301 0.02039178 -0.01147805
v 0.05898040 0.02178021 -0.01343391
v 0.06011014 0.01447355 -0.00875661
v 0.06012176 0.01628033 -0.00696324
v 0.06020980 0.01537418 -0.00485290
v 0.06001848 0.01788774 -0.00386544
v 0.06042347 0.01275809 -0.00372289
v 0.06018227 0.01497861 -0.00138502
v 0.05970901 0.02038661 -0.00575974
v 0.05937867 0.02222939 -0.00522576
v 0.05972898 0.01753278 -0.01104271
v 0.05938699 0.02197660 -0.00704795
v 0.05928216 0.02265862 -0.00667150
v 0.05940482 0.02233388 -0.00317142
v 0.05887133 0.02422513 -0.00544689
v 0.05879281 0.02443371 -0.00136798
v 0.05908923 0.02287110 0.00203889
v 0.05842598 0.02653429 0.00049126
v 0.05857649 0.02620464 0.00255146
v 0.05902787 0.01778150 -0.01534760
v 0.05913128 0.01530839 -0.01557774
v 0.05766771 0.01776144 -0.01921177
v 0.05809961 0.01943421 -0.01799312
v 0.05680989 0.01575742 -0.02142087
v 0.05442093 0.01902965 -0.02332798
v 0.05789628 0.02124160 -0.01823747
v 0.05829537 0.02747624 -0.01232109
v 0.05881087 0.02422033 -0.01308129
v 0.05794969 0.02779927 -0.01406154
v 0.05828669 0.02370131 -0.01582187
v 0.05915118 0.02191548 -0.01142269
v 0.05811353 -0.00144978 0.01828833
v 0.05717171 -0.00248908 0.02022682
v 0.05655987 0.00033568 0.02105171
v 0.05669939 0.00384881 0.02061152
v 0.05819307 0.00149086 0.01788698
v 0.05827466 0.00580182 0.01746017
v 0.05728974 0.00941528 0.01948429
v 0.05570046 0.01121824 0.02138863
v 0.05943397 0.00918827 0.01396220
v 0.05923124 0.00638406 0.01533466
v 0.05866131 0.01256913 0.01624729
v 0.05917343 0.01192077 0.01489910
v 0.05827465 0.01304091 0.01703829
v 0.05712915 0.01373361 0.01944076
v 0.05774679 0.01881810 0.01794199
v 0.05724607 0.02162361 0.01827029
v 0.05691028 0.01948024 0.01900469
v 0.05783089 0.02260970 0.01702571
v 0.05547230 0.01944162 0.02083453
v 0.05646767 0.02709664 0.01828136
v 0.05753277 0.02905322 0.01534944
v 0.05765562 0.02926009 0.01454902
v 0.05747227 0.03115240 0.01235321
v 0.05811422 0.02824925 0.01195002
v 0.05623320 0.02746731 0.01842785
v 0.05801638 0.03038136 0.00848202
v 0.05820940 0.02894855 0.00852985
v 0.05854751 0.02685821 0.00952144
v 0.05894322 0.02492390 0.00670257
v 0.05918849 0.02161663 0.01169485
v 0.05690349 0.03453594 0.01134863
v 0.05821277 0.02643113 0.01400799
v 0.05910257 0.02322255 0.00739270
v 0.05919420 0.02100700 0.01209297
v 0.05945384 0.02078084 0.00968916
v 0.05959245 0.01896634 0.00937300
v 0.05732226 0.03192749 0.01227804
v 0.05884463 0.01441933 0.01537399
v 0.05641122 0.03693221 0.00769793
v 0.05617740 0.03687870 0.01053392
v 0.05758361 0.03301086 0.00719059
v 0.05766362 0.03261465 0.00721094
v 0.05557622 0.03905799 0.00947183
v 0.05725651 0.03293153 0.00399648
v 0.05549168 0.03909418 0.00986514
v 0.05466228 0.04157727 0.00664648
v 0.05392623 0.04297942 0.00992199
v 0.05423497 0.04123761 0.01396498
v 0.05727610 0.03228267 0.00226320
v 0.05779445 0.02964995 0.00177102
v 0.06066073 -0.03624866 -0.00963909
v 0.06138840 -0.04174439 -0.00627416
v 0.06103347 -0.03639467 -0.00585263
v 0.06138800 -0.04169988 -0.00687968
v 0.06078985 -0.03400343 -0.00809038
v 0.06075897 -0.03246062 -0.00578631
v 0.06052254 -0.04241101 -0.01592198
v 0.05995602 -0.04368277 -0.01803310
v 0.06092253 -0.04640436 -0.01561958
v 0.06017698 -0.04736178 -0.01812905
v 0.05974578 -0.05263130 -0.01870871
v 0.06128074 -0.05307309 -0.01501397
v 0.06029510 -0.05449980 -0.01738795
v 0.06126769 -0.05782643 -0.01504902
v 0.05983322 -0.06107455 -0.01868846
v 0.06152028 -0.05834202 -0.01398179
v 0.06198625 -0.05884651 -0.00959879
v 0.06190898 -0.05800222 -0.01075807
v 0.06170172 -0.05923656 -0.01313374
v 0.06199508 -0.06405557 -0.01035913
v 0.06160204 -0.06447782 -0.01437056
v 0.06141353 -0.06260381 -0.01488068
v 0.06135206 -0.05038256 -0.01472588
v 0.06167661 -0.05169476 -0.01043469
v 0.06004654 -0.06443790 -0.01855353
v 0.06141492 -0.06477879 -0.01546839
v 0.06135837 -0.05849486 -0.00202668
v 0.06158547 -0.05986128 -0.00448693
v 0.06138587 -0.06175971 0.00296355
v 0.06144476 -0.06608658 0.00211133
v 0.06174670 -0.06009277 -0.00624799
v 0.06132638 -0.06901424 0.01084105
v 0.06116712 -0.05494550 -0.00178507
v 0.06125992 -0.05951128 0.00419535
v 0.06140286 -0.06202834 -0.00170080
v 0.06156344 -0.07086917 0.00933190
v 0.06135803 -0.06554500 -0.00232986
v 0.06140870 -0.06786142 -0.01426146
v 0.06172834 -0.05284043 -0.00884737
v 0.06158571 -0.05199114 -0.00804643
v 0.06123073 -0.04938161 -0.00482428
v 0.06105773 -0.04604696 -0.00098116
v 0.06101301 -0.04966844 -0.00101363
v 0.06154624 -0.07061082 -0.00930115
v 0.06124011 -0.07286437 -0.01085948
v 0.06040075 -0.07585989 -0.00895223
v 0.05961932 -0.07882123 -0.00488694
v 0.05914986 -0.07897627 -0.00981175
v 0.06071042 -0.07464027 -0.01452513
v 0.06032689 -0.07448115 -0.01631798
v 0.06108027 -0.07185186 -0.01523518
v 0.05930873 -0.08065455 -0.00056707
v 0.06145622 -0.06966358 -0.00500579
v 0.06081810 -0.07674924 0.00434997
v 0.06085694 -0.07673814 0.00482291
v 0.06056261 -0.07714559 -0.00269894
v 0.06105999 -0.07444722 0.00667592
v 0.05942502 -0.07834783 0.01474384
v 0.05958161 -0.07267911 0.01692415
v 0.05847029 -0.07470050 0.01818214
v 0.05919927 -0.07692503 0.01717777
v 0.05943482 -0.07884728 0.01285223
v 0.05895679 -0.08065188 0.00360193
v 0.06040696 -0.07920475 0.00072851
v 0.05995301 -0.07876613 0.00739408
v 0.06141857 -0.04770684 -0.01304934
v 0.06187622 -0.05597954 -0.00776361
v 0.06118094 -0.04103786 -0.00293831
v 0.06120927 -0.05986811 0.00637047
v 0.05905234 -0.07503252 -0.01844103
v 0.06140245 -0.07108809 0.00704981
v 0.06100983 -0.07385614 -0.01180468
v 0.06038437 -0.03384693 -0.01121305
v 0.06019688 -0.03220675 -0.01443333
v 0.05991820 -0.03441315 -0.01627497
v 0.06001557 -0.02812717 -0.01485063
v 0.05990032 -0.02606714 -0.01717102
v 0.06056596 -0.02732898 -0.00727527
v 0.06036355 -0.02345543 -0.00909916
v 0.06010278 -0.02474883 -0.01437396
v 0.05949969 -0.02262778 -0.01794845
v 0.05889078 -0.02654213 -0.01918721
v 0.05972968 -0.01651966 -0.01745474
v 0.05986070 -0.02208357 -0.01689462
v 0.06010915 -0.02573391 -0.01166887
v 0.05739217 -0.02459198 -0.02129372
v 0.05888037 -0.03074636 -0.01925456
v 0.05978187 -0.03404930 -0.01730042
v 0.05919022 -0.03332131 -0.01873670
v 0.05855699 -0.03770536 -0.01982086
v 0.05965999 -0.03804956 -0.01781853
v 0.05859368 -0.02856057 -0.01954659
v 0.05718638 -0.02352922 0.02049154
v 0.05755816 -0.02948716 0.02005455
v 0.05979007 -0.03195921 0.01626551
v 0.05931631 -0.03692797 0.01727119
v 0.06096239 -0.02866508 0.00923772
v 0.06093087 -0.03346824 0.00704044
v 0.05683458 -0.03279096 0.02101086
v 0.05978058 -0.03756367 0.01629872
v 0.06089530 -0.02602122 0.00873931
v 0.06097164 -0.03547812 0.00229863
v 0.06117269 -0.03811405 0.00476244
v 0.06126191 -0.04415485 0.00508092
v 0.06096434 -0.03957713 0.00045997
v 0.06081037 -0.03805378 -0.00054390
v 0.06097594 -0.03323474 0.00001669
v 0.06129367 -0.04841879 0.00361055
v 0.06135392 -0.04714446 0.00585224
v 0.06131705 -0.05215291 0.01005158
v 0.06134015 -0.05662886 0.01088882
v 0.06050367 -0.05898986 0.01553980
v 0.06133027 -0.06016416 0.01163819
v 0.06071043 -0.06378920 0.01484412
v 0.06033500 -0.06659282 0.01597804
v 0.05827649 -0.06454321 0.01967913
v 0.06143628 -0.06414784 0.01042712
v 0.06135893 -0.04700080 0.00992228
v 0.06122873 -0.05518247 0.00535861
v 0.06106989 -0.04748074 -0.00089731
v 0.06126541 -0.05135109 0.00525942
v 0.05854768 -0.02386109 -0.01940721
v 0.05499131 0.03934134 0.01340889
v 0.06022189 0.01405236 -0.00731880
v 0.05817639 0.02844030 0.00519418
v 0.05658618 -0.00544195 0.02119318
v 0.05850030 0.02603181 -0.00482327
v 0.05814263 0.02811308 -0.00787247
v 0.05772988 0.02950833 -0.00476624
v 0.05799181 0.02942692 -0.00972817
v 0.05747637 0.03031715 -0.00403298
v 0.05783221 0.02914335 -0.00173584
v 0.05661202 0.03441350 -0.00239264
v 0.05595769 0.03655719 -0.00055314
v 0.05968798 0.01542669 0.01083866
v 0.05959477 0.01507620 0.01163331
v 0.06000418 -0.05719247 -0.01812635
v 0.05609855 -0.01968727 0.02201700
v 0.05652496 0.03548017 -0.00515298
v 0.05655230 0.03524814 -0.00698234
v 0.05670779 0.03425167 -0.00943140
v 0.05530977 0.03843943 -0.01019511
v 0.05624545 0.03589399 -0.01068425
v 0.05540651 0.03798676 -0.01107188
v 0.06088805 -0.02728044 0.00595361
v 0.06096569 -0.02872607 0.00551826
v 0.05540885 0.03829999 -0.00492618
v 0.05524865 0.03788187 -0.01315619
v 0.05369359 0.04209946 -0.00961814
v 0.05186830 0.04602808 -0.00944583
v 0.05219859 0.04525625 -0.01357481
v 0.05267648 0.04394340 -0.01253808
v 0.05280691 0.04339558 -0.01586038
v 0.05063132 0.04613502 -0.01933971
v 0.05133888 0.04232009 -0.02006567
v 0.05232589 0.03955341 -0.01999825
v 0.05374678 0.03948695 -0.01769777
v 0.05288822 0.04166046 -0.01800142
v 0.05106541 0.04733727 -0.01611991
v 0.05104590 0.04778361 -0.01464717
v 0.05102363 0.04786737 -0.01261608
v 0.05065363 0.04882383 -0.01272755
v 0.05013824 0.05009147 -0.01186759
v 0.05027039 0.05016367 -0.00877788
v 0.04924048 0.05215330 -0.00879506
v 0.04950939 0.05230017 -0.00333928
v 0.05040334 0.05005928 -0.00495725
v 0.05443431 0.03977228 -0.01549556
v 0.05484040 0.03922008 -0.01443718
v 0.05437725 0.03556872 -0.01939393
v 0.05392478 0.03746220 -0.01900803
v 0.05521865 0.03668281 -0.01703787
v 0.04946533 0.04895233 -0.01853049
v 0.04896168 0.05176151 -0.01522735
v 0.05309092 0.03677431 -0.02060682
v 0.05446183 0.03352192 -0.02024567
v 0.05327880 0.03346370 -0.02158656
v 0.05458081 0.03059651 -0.02112561
v 0.05674966 0.02814515 -0.01898014
v 0.05616276 0.02746535 -0.02003932
v 0.05475375 0.02784713 -0.02177746
v 0.05727280 0.02570948 -0.01850009
v 0.05775122 0.02318120 -0.01797355
v 0.05804950 0.02175757 -0.01782692
v 0.05761151 0.02769024 -0.01617853
v 0.05708216 0.02929687 -0.01748156
v 0.05723863 0.03084101 -0.01438441
v 0.05669164 0.03168559 -0.01660756
v 0.05765283 0.02732281 -0.01615784
v 0.05262502 0.03525238 -0.02167971
v 0.05117449 0.03745186 -0.02227674
v 0.05240104 0.04476985 -0.01041747
v 0.05151675 0.04710548 -0.00816194
v 0.05307573 0.04297029 -0.01387415
v 0.05234999 0.03937548 -0.02005697
v 0.05810210 -0.07854350 -0.01662959
v 0.05054253 0.05070739 -0.00050803
v 0.05109974 0.04968368 0.00121953
v 0.05219743 0.04749978 0.00381421
v 0.05176744 0.04732776 -0.00057244
v 0.05224686 0.04669715 0.00212516
v 0.05281963 0.04510502 0.00119898
v 0.05357229 0.04300718 -0.00073325
v 0.05434447 0.04085318 -0.00215869
v 0.05465333 0.04004792 -0.00315558
v 0.05359547 0.04228906 -0.00555016
v 0.05517069 0.03880925 -0.00124319
v 0.05312811 0.04324707 -0.00647657
v 0.05262713 0.04437235 -0.00437940
v 0.05327246 0.04418320 0.00282369
v 0.05507325 0.04007150 0.00343365
v 0.05435985 0.04248501 0.00589689
v 0.05275299 0.04449258 -0.00175076
v 0.05563606 0.03918037 0.00696173
v 0.05542227 0.03932789 0.00417701
v 0.05322306 0.04512273 0.00577927
v 0.05360067 0.04463579 0.00838569
v 0.05262295 0.04667314 0.00504723
v 0.05224239 0.04780644 0.00657006
v 0.05149648 0.04923003 0.00410484
v 0.05016386 0.05205644 0.00739648
v 0.04990948 0.05222739 0.00585302
v 0.05386520 0.04177308 -0.01174261
v 0.05078763 0.05075338 0.00361991
v 0.06102161 -0.03398292 0.00405081
v 0.05760631 0.03024249 0.00012040
v 0.05624694 0.03449954 -0.01415250
v 0.05879696 -0.00446790 -0.01832281
v 0.05931395 -0.00202769 -0.01720218
v 0.05934369 -0.00780329 -0.01731858
v 0.05820124 -0.00696163 -0.01945570
v 0.05818027 -0.00425520 -0.01933944
v 0.05672213 -0.00183904 -0.02155928
v 0.05694816 0.00169824 -0.02115303
v 0.05814279 0.00131486 -0.01944550
v 0.05681863 0.00512722 -0.02154825
v 0.05688145 0.00934686 -0.02156919
v 0.05825121 -0.01055479 -0.01961339
v 0.05845853 -0.01285038 -0.01960132
v 0.05856683 -0.01454914 -0.01976977
v 0.05856280 -0.01654016 -0.01966024
v 0.05856648 -0.01859974 -0.01954642
v 0.05708248 -0.01823363 -0.02167478
v 0.05957166 -0.01348199 -0.01763865
v 0.05834038 -0.00944369 -0.01946790
v 0.05963285 0.01997068 -0.00841274
v 0.06113192 -0.04287691 -0.01362617
v 0.05997520 0.01700957 -0.00039495
v 0.06078682 -0.01506880 0.00635638
v 0.06090176 -0.01124984 0.00613737
v 0.06094387 -0.01390634 0.00929318
v 0.06092565 -0.01119766 0.00716499
v 0.06098067 -0.01191295 0.01069505
v 0.06077964 -0.00871699 0.00610418
v 0.06079601 -0.00882077 0.00734077
v 0.05910723 0.02401703 -0.00949000
v 0.06105354 -0.04194727 0.00005709
v 0.05889838 0.02474725 0.00480122
v 0.06059305 -0.01184721 -0.01074187
v 0.05826243 -0.07928217 -0.01561188
v 0.05510728 0.03905669 -0.00626111
v 0.05986850 -0.04995729 -0.01891343
v 0.06087197 -0.02559643 -0.00030092
v 0.06123260 -0.06345621 0.00579573
v 0.05170724 0.04897805 0.00915056
v 0.05137231 0.04921382 0.01206244
v 0.05117933 0.04964865 0.01199549
v 0.05011203 0.04900952 0.01535918
v 0.05137272 0.04900993 0.01264994
v 0.05236896 0.04532668 0.01454898
v 0.05292865 0.04318944 0.01586027
v 0.05323710 0.04438722 0.01277816
v 0.05141889 0.04436525 0.01764970
v 0.05472317 0.03351222 0.01870964
v 0.05560253 0.03147114 0.01800752
v 0.05479122 0.02816736 0.01997418
v 0.05609290 0.03335431 0.01603045
v 0.05994953 0.00958197 0.01101368
v 0.05451408 0.03896954 0.01536166
v 0.06078187 -0.01622710 -0.00001028
v 0.06051673 -0.01173616 -0.00569094
v 0.05633966 0.03378623 -0.01474495
v 0.05868482 0.02588005 -0.01108373
v 0.05328138 0.04513043 0.00952850
v 0.05709180 0.03189563 -0.01241973
v 0.06101960 -0.03230590 0.00349975
v 0.06142922 -0.06757894 -0.00379282
v 0.05953176 -0.05512069 0.01810454
v 0.05938924 -0.05065305 0.01829783
v 0.06094184 -0.05227551 0.01362973
v 0.06042598 -0.04915316 0.01566565
v 0.05936875 -0.04402218 0.01800465
v 0.05967839 -0.04274033 0.01676589
v 0.06064494 -0.04027679 0.01325903
v 0.06074786 -0.03624592 0.01193143
v 0.06120670 -0.04504619 0.01107415
v 0.05952661 -0.04731082 0.01846982
v 0.05474336 0.03956946 -0.01318237
v 0.05773639 0.01550170 -0.01962107
v 0.06095074 -0.01161522 -0.00102286
v 0.06069424 -0.02099538 0.01243740
v 0.05534021 0.03279512 -0.01922190
v 0.06126573 -0.04434062 0.01086638
v 0.06067741 -0.00710739 0.00977080
v 0.05453942 0.04008445 -0.00933093
v 0.06002631 -0.02675212 0.01551321
v 0.06091353 -0.01327066 -0.00191557
v 0.06055713 -0.00764545 -0.00922019
v 0.05852905 0.01560851 -0.01739233
v 0.06146683 -0.06981441 0.00317076
v 0.05625783 0.03526716 0.00036639
v 0.06099888 -0.04068165 -0.01282785
v 0.06126507 -0.05435612 0.00350423
v 0.05774945 0.03029421 -0.00808950
v 0.06059088 -0.01723718 -0.01297445
v 0.05878360 0.01733060 0.01486411
v 0.05897702 0.00529671 0.01611802
v 0.05948423 0.00058716 -0.01672011
v 0.05981023 0.01370549 0.01015054
v 0.05464269 0.04060818 0.00093898
v 0.06087855 -0.00648235 -0.00103939
v 0.06180846 -0.06379312 -0.00697838
v 0.06068881 -0.00906063 -0.00331241
v 0.05096464 0.04837732 -0.00441744
v 0.05964682 0.01827963 0.00882356
v 0.06131155 -0.04558852 -0.01113021
v 0.06110072 -0.06934387 0.01337379
v 0.06057101 -0.00588228 0.01026832
v 0.06065576 -0.00400149 0.00337398
v 0.06111426 -0.05270441 -0.00107638
v 0.06081793 -0.07389551 -0.00320649
v 0.05947482 -0.06855342 -0.01863552
v 0.06038975 -0.03630520 -0.01335281
v 0.05597317 0.02947245 0.01828787
v 0.06077373 -0.01522919 0.00512881
v 0.05617325 0.03551460 0.01469036
v 0.05562440 0.03698982 0.01471465
v 0.05827647 0.02871566 0.00658815
v 0.06139998 -0.05384901 -0.00470362
v 0.05713182 0.03205499 -0.00314813
v 0.05985780 -0.02924733 -0.01701321
v 0.06056646 -0.00819973 -0.01067846
v 0.05735928 -0.03708336 -0.02129634
v 0.05055507 0.05110421 0.00972241
v 0.05611307 -0.07966187 -0.01878386
v 0.06118758 -0.05724685 0.00719043
v 0.05172454 0.04648396 -0.00978454
v 0.06050628 0.00084993 0.00771396
v 0.05880266 0.02178456 -0.01498885
v 0.05865104 0.02118909 -0.01625742
v 0.05737098 0.03196735 -0.00619771
v 0.06021097 -0.03841740 -0.01620427
v 0.05743258 0.00124930 0.01952466
v 0.05939481 -0.07243006 0.01724919
v 0.06055987 0.00252105 -0.00996989
v 0.05607186 0.03160558 -0.01828142
v 0.05198776 0.04645729 -0.00192213
v 0.05674171 0.03284101 0.01466022
v 0.06133460 -0.07138965 0.00503821
v 0.05930394 -0.01150869 0.01718213
v 0.06054353 -0.00694568 -0.01067739
v 0.06195115 -0.05766754 -0.01012303
v 0.05929253 0.00253325 -0.01718785
v 0.06034703 -0.02896438 -0.01022013
v 0.05580578 0.03381858 -0.01685693
v 0.05121522 0.04552684 -0.01846791
v 0.06058998 -0.01607238 0.01284973
v 0.05870497 -0.04319287 -0.01991627
v 0.06080534 -0.01098921 0.01123440
v 0.06057412 0.00030165 -0.01084956
v 0.05658184 0.03135851 0.01624740
v 0.06086988 -0.02355358 0.00868527
v 0.05608254 -0.07978479 -0.01737999
v 0.05179274 0.04627503 -0.00619647
v 0.06017508 -0.01614065 -0.01538674
v 0.06014063 0.01201534 -0.01035893
v 0.06079174 0.00422733 -0.00076313
v 0.05545745 0.03845105 0.00120506
v 0.06058186 0.00789159 -0.00562391
v 0.05856406 0.02243794 0.01482979
v 0.06113090 -0.03864615 0.00738151
v 0.06118861 -0.04668272 -0.01456851
v 0.06057759 -0.03410995 0.01224883
v 0.06074872 -0.01558540 0.00178799
v 0.05550239 0.03817695 -0.00693652
v 0.06123074 -0.04261621 0.00511139
v 0.06085950 -0.02543646 0.00482873
v 0.06142742 -0.06969491 -0.00476812
v 0.06043762 -0.06223615 -0.01771963
v 0.05890670 0.01300332 0.01562356
v 0.06007000 0.00642097 0.01057094
v 0.06057747 -0.00982789 -0.00531027
v 0.06089988 -0.07043272 -0.01602428
v 0.06076065 -0.02331683 -0.00020342
v 0.05038109 0.05045641 -0.00258735
v 0.06099096 -0.07460924 0.01224001
v 0.05660355 0.03668917 0.00575083
v 0.06000142 0.01097845 0.00988884
v 0.05948782 -0.01051914 -0.01714260
v 0.05769493 0.02990018 -0.01217681
v 0.06017402 0.01203658 -0.00861310
v 0.05690738 0.03214615 -0.01439238
v 0.05661392 0.03415151 0.00135236
v 0.05526694 -0.08101094 0.01027179
v 0.05574197 -0.08060471 0.01171163
v 0.05538378 -0.07903777 0.01720935
v 0.04931453 -0.07899637 0.01942343
v 0.05573478 -0.08039879 0.01348152
v 0.05203850 -0.08144930 0.00885114
v 0.05386019 -0.08225072 0.00438987
v 0.04882504 -0.08120581 0.00606071
v 0.04537164 -0.08091430 0.00320507
v 0.04436033 -0.08106917 0.00062098
v 0.04234817 -0.08064095 -0.00182114
v 0.04507298 -0.08151259 -0.00285868
v 0.04413010 -0.08175240 -0.00935676
v 0.04728878 -0.08238856 -0.00762304
v 0.04836511 -0.08217392 -0.01122540
v 0.05082700 -0.08195940 -0.00769077
v 0.05359744 -0.08181248 -0.00460992
v 0.05492463 -0.08121223 -0.00674613
v 0.05619055 -0.08025620 -0.00898892
v 0.05510068 -0.08177134 -0.00275471
v 0.05248869 -0.08329223 -0.00255928
v 0.05225452 -0.08308457 -0.00177586
v 0.05258586 -0.08297665 0.00125749
v 0.05795680 -0.08138706 0.00198775
v 0.05745916 -0.08096587 0.00583915
v 0.05065381 -0.08193687 -0.01214581
v 0.05237785 -0.08139593 -0.00955162
v 0.05423318 -0.07891766 -0.02082808
v 0.05109699 -0.08081057 -0.01601041
v 0.04988152 -0.07879668 -0.02147524
v 0.05549854 -0.08032965 -0.01317016
v 0.04952833 -0.08265893 -0.00602576
v 0.04588214 -0.08181088 -0.00511844
v 0.04049341 -0.07959372 -0.00282503
v 0.04272690 -0.08007276 0.00465824
v 0.04338241 -0.08137967 -0.00505027
v 0.04448543 -0.08043937 0.01005698
v 0.04484858 -0.08011959 0.01473005
v 0.04839169 -0.08144020 0.00283190
v 0.05749941 -0.07886335 0.01619674
v 0.05367643 -0.08161365 0.00714759
v 0.04687520 -0.08135324 -0.01617858
v 0.04373533 -0.08163072 -0.01262465
v 0.04119927 -0.07905914 -0.01653199
v 0.04671565 -0.07984424 -0.02012569
v 0.04352184 -0.08044012 -0.01628516
v 0.04154439 -0.07983190 0.00169958
v 0.04238565 -0.08146619 -0.00936859
v 0.05079865 -0.08278424 -0.00547961
v 0.04661118 -0.08000102 0.01684525
v 0.05402122 -0.08272995 0.00032525
f 706 732 723
f 715 723 709
f 717 710 712
f 708 741 742
f 706 707 732
f 727 706 723
f 727 723 715
f 715 709 717
f 731 741 708
f 708 742 707
f 705 727 715
f 716 715 717
f 716 717 714
f 729 731 721
f 726 731 708
f 1713 708 707
f 1713 707 706
f 705 715 720
f 720 715 716
f 1892 716 714
f 722 721 731
f 722 731 726
f 718 726 708
f 718 708 1713
f 719 1713 706
f 724 706 727
f 719 706 724
f 705 720 727
f 729 721 734
f 719 724 1713
f 1914 727 720
f 1732 721 722
f 733 721 1732
f 722 726 1732
f 726 718 1713
f 1712 1713 724
f 108 700 737
f 738 739 390
f 711 737 700
f 701 700 699
f 701 699 698
f 740 396 386
f 743 396 740
f 743 740 732
f 732 740 739
f 732 739 723
f 723 739 738
f 723 738 709
f 709 738 717
f 717 738 737
f 717 737 710
f 710 737 711
f 711 700 701
f 1 387 741
f 741 387 396
f 741 396 742
f 742 396 707
f 707 396 743
f 707 743 732
f 711 712 710
f 713 711 701
f 712 711 713
f 653 1 731
f 731 1 741
f 717 712 714
f 714 712 713
f 714 713 725
f 729 730 731
f 731 730 653
f 725 713 704
f 653 728 656
f 728 653 730
f 716 1892 720
f 714 725 1892
f 725 704 1892
f 734 728 729
f 729 728 730
f 720 1892 1893
f 1917 1892 704
f 1914 4 727
f 727 4 724
f 4 1914 720
f 1893 4 720
f 733 734 721
f 1713 1712 726
f 1712 724 4
f 728 1502 1501
f 734 1502 728
f 1732 1833 733
f 1833 734 733
f 1833 1502 734
f 1732 1980 1833
f 1732 1710 1980
f 726 1711 1710
f 1732 726 1710
f 1711 726 1712
f 2087 1712 4
f 4984 4973 4963
f 4983 4984 4965
f 5000 4984 4983
f 4983 4965 5000
f 5000 4966 4967
f 4965 4966 5000
f 4972 4973 4984
f 4972 4984 5000
f 4958 4990 4974
f 5002 4990 4973
f 4974 4990 5002
f 4972 5000 4968
f 4968 5000 4967
f 2 4952 3
f 4992 4957 4958
f 4971 4973 4972
f 5002 4973 4971
f 4972 4968 4971
f 2 4957 4952
f 4976 4992 4958
f 5002 4958 4974
f 4611 4976 4958
f 4611 4958 5002
f 737 390 735
f 737 738 390
f 737 109 108
f 108 699 700
f 694 696 108
f 388 739 385
f 739 386 385
f 739 740 386
f 739 388 390
f 6 698 699
f 696 6 699
f 108 696 699
f 392 1 654
f 1 393 387
f 392 393 1
f 387 393 389
f 396 387 386
f 6 701 698
f 654 653 392
f 653 650 392
f 653 654 1
f 702 713 701
f 652 650 653
f 655 652 653
f 713 702 1887
f 713 1887 704
f 656 655 653
f 704 1887 1918
f 1917 2065 1892
f 1892 2065 2101
f 704 2065 1917
f 704 1919 2065
f 1919 704 1918
f 656 728 1491
f 1892 2082 1893
f 2101 2082 1892
f 1501 1490 728
f 728 1490 1491
f 1893 2141 4
f 1481 1490 1501
f 1712 2087 1711
f 2067 2087 4
f 2141 2067 4
f 1502 1481 1501
f 1980 1476 1833
f 1833 1476 1502
f 1480 1473 1502
f 1480 1502 1476
f 4994 1322 1294
f 4999 1322 4994
f 4997 1294 4995
f 1322 4962 4985
f 4962 1322 4987
f 4987 1322 4984
f 4964 1322 4999
f 4984 1322 4964
f 4993 1294 4997
f 4994 1294 4993
f 4986 4998 4961
f 4961 4998 4962
f 4963 4962 4987
f 4965 4984 4964
f 4965 4964 4966
f 4964 4999 4966
f 4966 4999 4994
f 4966 4994 4993
f 4990 1092 4986
f 4990 4986 4960
f 4960 4986 4961
f 4961 4962 4963
f 4984 4963 4987
f 4980 4966 4993
f 4977 4966 4980
f 4980 4993 4996
f 1097 4989 1110
f 4988 1097 1092
f 4989 1097 4988
f 4990 4960 4961
f 4990 4961 4973
f 4973 4961 4963
f 4977 4967 4966
f 4989 4988 4957
f 4957 4988 4958
f 4959 4988 1092
f 4958 4988 4959
f 4959 1092 4990
f 4978 4967 4977
f 4921 4977 4980
f 5001 4989 3
f 3 4989 2
f 2 4989 4957
f 4958 4959 4990
f 4967 4969 4968
f 4970 4978 4977
f 4967 4978 4970
f 4970 4977 4982
f 4977 4921 4982
f 4956 4955 5001
f 4952 5001 3
f 4952 4956 5001
f 5 4968 4969
f 4970 4969 4967
f 4954 4955 4956
f 5002 4971 4600
f 4968 5 4971
f 4969 4970 5
f 4955 4954 3840
f 4953 4956 4952
f 4992 4952 4957
f 4992 4976 4952
f 5002 4975 4611
f 4600 4975 5002
f 5 4595 4600
f 4971 5 4600
f 4954 4991 3624
f 4610 4953 4952
f 4956 4953 4610
f 4613 4952 4976
f 4610 4952 4613
f 4611 4600 4612
f 4975 4600 4611
f 4991 4954 4606
f 4606 4954 4956
f 4606 4956 4610
f 4613 4976 4611
f 737 736 111
f 737 735 736
f 737 111 109
f 109 111 108
f 108 111 107
f 110 108 107
f 110 694 108
f 390 388 736
f 390 736 735
f 387 394 386
f 389 394 387
f 385 386 394
f 695 697 6
f 393 391 389
f 697 701 6
f 652 651 464
f 652 464 650
f 652 655 651
f 702 1885 1887
f 1887 1919 1918
f 2065 1919 1888
f 1490 656 1491
f 1490 1481 656
f 2043 2141 1893
f 1893 2082 2043
f 1891 2082 2101
f 1891 2101 2065
f 2067 2141 2066
f 2066 2141 2043
f 1473 1481 1502
f 1710 1711 1729
f 1948 1729 1711
f 1711 2087 2067
f 1731 1711 2067
f 1948 1711 1731
f 1731 2067 2066
f 1480 1475 1473
f 1708 1480 1476
f 1708 1476 1980
f 1980 1710 1709
f 1708 1980 1709
f 1322 1073 1294
f 1295 1073 1322
f 1073 4995 1294
f 4985 1087 1086
f 4985 1086 1322
f 1322 1086 1295
f 4995 4996 4997
f 4995 1263 4996
f 4998 1090 1088
f 4998 1088 4962
f 4962 1088 1087
f 4962 1087 4985
f 4996 4993 4997
f 1305 1097 1093
f 1090 1092 1091
f 1092 1305 1091
f 1092 1097 1305
f 1092 1090 4986
f 4986 1090 4998
f 4996 2951 4981
f 1097 1113 1093
f 1097 1110 1113
f 4979 4996 4981
f 4980 4996 4979
f 1110 1216 1217
f 1216 1110 4989
f 4893 4980 4979
f 1223 1216 5001
f 5001 1216 4989
f 4893 4921 4980
f 4955 1223 5001
f 4955 3835 1223
f 4982 4808 4970
f 4970 4808 4596
f 4921 4808 4982
f 4744 4808 4921
f 4744 4921 4893
f 3840 3625 4955
f 4955 3625 3835
f 4596 5 4970
f 4954 3625 3840
f 4596 4595 5
f 3624 3625 4954
f 4612 4600 4604
f 4604 4600 4595
f 4609 3624 4991
f 4991 4606 4609
f 4603 4613 4611
f 4602 4603 4611
f 4612 4602 4611
f 276 111 736
f 276 274 111
f 111 274 107
f 274 110 107
f 395 385 394
f 385 395 388
f 736 388 449
f 694 6 696
f 190 695 6
f 694 190 6
f 436 393 392
f 391 394 389
f 190 697 695
f 464 436 650
f 650 436 392
f 703 701 697
f 463 464 651
f 703 702 701
f 703 3076 702
f 3801 3960 651
f 463 651 3960
f 1885 702 3076
f 655 3801 651
f 1885 1886 1887
f 3866 655 656
f 1886 1919 1887
f 656 3800 3866
f 2065 1888 1907
f 1919 1886 1888
f 3800 656 1468
f 656 1481 1468
f 2082 1891 2043
f 1907 1891 2065
f 1481 1473 1468
f 1468 1473 1471
f 2043 1891 1907
f 1471 1473 1470
f 1729 2071 1710
f 1948 1731 2066
f 1474 1470 1473
f 1474 1473 1475
f 1474 1475 1480
f 1709 1710 2071
f 1709 2071 1708
f 1515 1474 1480
f 1515 1480 1708
f 1080 1079 1295
f 1079 1319 1295
f 1086 1082 1295
f 1080 1295 1082
f 1072 1295 1319
f 1072 1073 1295
f 1073 1072 4995
f 4995 2975 1263
f 1072 2975 4995
f 1263 2975 1075
f 1088 1090 1089
f 1088 1082 1087
f 1087 1082 1086
f 1075 2956 1263
f 4996 1263 2956
f 1090 1305 1089
f 1090 1091 1305
f 2951 4996 2956
f 2954 4981 2951
f 1217 1310 1110
f 1113 1110 1310
f 4981 2954 7
f 1217 1216 1310
f 1310 1216 1223
f 2970 4981 7
f 2970 4979 4981
f 3835 3620 1223
f 1223 3620 1226
f 2968 4893 4979
f 3625 3620 3835
f 4893 2968 4618
f 3625 3982 3620
f 4744 4893 4618
f 4744 4618 4808
f 3623 3626 3625
f 3626 3982 3625
f 4594 4595 4596
f 4597 4596 4808
f 3626 3623 3624
f 3623 3625 3624
f 3931 3626 4609
f 3626 3624 4609
f 4613 4603 4605
f 4879 4602 4612
f 4612 4604 4879
f 4608 3931 4609
f 4944 4609 4606
f 4944 4606 4610
f 4944 4610 4613
f 276 273 274
f 273 150 274
f 110 274 150
f 450 449 395
f 449 450 736
f 736 450 276
f 150 694 110
f 445 394 447
f 395 394 445
f 449 388 395
f 147 186 694
f 694 186 190
f 436 438 393
f 440 393 438
f 393 444 391
f 440 444 393
f 444 394 391
f 186 697 190
f 3076 697 186
f 3076 703 697
f 464 463 436
f 3076 2125 1885
f 655 3960 3801
f 1884 1885 2125
f 1884 2125 1890
f 3866 3806 655
f 1885 1884 1886
f 1888 1886 1884
f 2012 2013 1907
f 1907 1888 2012
f 1471 1470 1468
f 1869 2066 2043
f 1869 1948 2066
f 1870 2043 1907
f 1870 1869 2043
f 1907 2013 1870
f 1730 1729 1948
f 1478 1470 1474
f 1916 1515 1708
f 1704 1916 1708
f 1708 2071 1729
f 1708 1729 1704
f 1479 1477 1474
f 1479 1474 1515
f 1088 1085 1082
f 1274 1085 1088
f 1080 1082 1079
f 1078 1076 1319
f 1319 1076 1072
f 2975 2956 1075
f 2975 2953 2956
f 1305 1093 1121
f 1185 1305 1121
f 1089 1305 1185
f 2951 2956 2953
f 2954 2951 2953
f 1123 1113 1310
f 1121 1093 1113
f 1310 1020 1123
f 1020 1310 1223
f 1224 1020 1223
f 2969 2970 7
f 2971 2969 7
f 1223 1226 1224
f 1224 1226 1192
f 2969 4979 2970
f 3620 1192 1226
f 3083 2968 4979
f 3083 4979 2969
f 3982 3619 3620
f 4598 4597 4808
f 4618 4598 4808
f 3982 3626 3621
f 4594 4596 4620
f 4597 4620 4596
f 3622 3621 3626
f 4592 4604 4595
f 4592 4879 4604
f 4593 4595 4594
f 4593 4592 4595
f 4593 4594 4620
f 3931 3622 3626
f 4607 4902 3931
f 4607 3931 4608
f 4607 4608 4609
f 4875 4609 4944
f 4875 4607 4609
f 4605 4944 4613
f 150 273 147
f 450 640 276
f 276 635 272
f 276 640 635
f 150 147 694
f 445 450 395
f 152 183 147
f 147 183 186
f 394 443 447
f 444 443 394
f 445 447 443
f 183 3076 186
f 189 3076 183
f 432 439 436
f 436 439 438
f 436 463 432
f 463 3960 432
f 432 3960 3804
f 1890 2125 3076
f 655 3804 3960
f 655 3805 3804
f 3806 3805 655
f 1888 1884 1883
f 1467 3800 1468
f 1468 1470 1467
f 1948 1869 1871
f 1870 2013 1869
f 1469 1467 1470
f 1730 1948 1871
f 1478 1472 1470
f 1477 1478 1474
f 1705 1704 1729
f 1515 1916 1479
f 1079 1071 1319
f 1070 1071 1079
f 1319 1071 1078
f 1293 1096 1088
f 1293 1088 1089
f 1088 1203 1274
f 1096 1203 1088
f 1274 1082 1085
f 1079 1082 1070
f 1076 1074 1072
f 1072 1074 2975
f 1185 1209 1089
f 1293 1089 1209
f 1121 1113 1123
f 1123 1020 950
f 2952 7 2954
f 2971 7 2952
f 1225 1020 1224
f 1192 1225 1224
f 3620 3619 1192
f 3083 2969 2968
f 2968 3032 4618
f 4620 4597 4599
f 4599 4597 4598
f 4598 4618 4599
f 3931 4902 3622
f 4858 4907 4603
f 4603 4907 4605
f 4879 4601 4602
f 4875 4902 4607
f 4584 4875 4944
f 4619 4944 4605
f 4619 4584 4944
f 4605 4907 4619
f 272 273 276
f 271 273 272
f 147 273 146
f 639 638 450
f 146 152 147
f 445 446 450
f 440 443 444
f 445 443 446
f 156 189 183
f 438 439 440
f 439 432 434
f 432 3804 434
f 3075 1890 3076
f 1890 1889 1884
f 3806 3866 3808
f 1881 1884 1889
f 1881 1883 1884
f 3800 3808 3866
f 3800 3799 3808
f 1881 2012 1888
f 1881 1880 2012
f 1888 1883 1881
f 1467 3799 3800
f 1873 1871 2013
f 1882 1873 2013
f 1879 2013 2012
f 1879 1882 2013
f 1869 2013 1871
f 1472 1467 1469
f 1472 1469 1470
f 1846 1705 1729
f 2099 1729 1730
f 2099 1846 1729
f 1730 1871 2099
f 1522 1478 1477
f 1522 1499 1478
f 1916 1704 1705
f 1957 1477 1479
f 1956 1479 1916
f 1957 1479 1956
f 1070 1078 1071
f 1274 1203 1082
f 1070 1082 1081
f 1081 1082 1203
f 1078 1077 1076
f 1076 2950 1074
f 1121 1209 1185
f 1293 1209 1096
f 1074 2950 2975
f 2953 2975 2950
f 1190 1121 1123
f 1015 1121 1190
f 2950 2954 2953
f 1123 1016 1190
f 1123 950 1016
f 1225 1182 1020
f 950 1020 1016
f 1016 1020 1182
f 1225 1192 1182
f 1182 1192 918
f 2966 2968 2969
f 3632 1192 3619
f 2968 2966 2967
f 2967 3032 2968
f 3619 3982 3618
f 4880 4941 4618
f 4618 3032 4880
f 3621 3618 3982
f 4599 4618 4941
f 3628 3618 3621
f 3621 3622 3628
f 3628 3622 3838
f 4592 4601 4879
f 4620 4599 4593
f 3839 3838 3622
f 3622 4902 3839
f 3839 4902 4664
f 4835 4858 4603
f 4602 4835 4603
f 4602 4601 4936
f 4663 4664 4902
f 4875 4663 4902
f 4580 4875 4584
f 4619 4907 4858
f 628 272 635
f 628 271 272
f 271 146 273
f 638 592 450
f 450 609 640
f 592 609 450
f 635 640 628
f 628 640 609
f 639 446 638
f 446 639 450
f 152 156 183
f 440 441 443
f 442 441 440
f 443 441 452
f 443 452 446
f 427 442 439
f 440 439 442
f 3130 3076 189
f 439 434 427
f 3130 3075 3076
f 3834 3820 3804
f 434 3804 3820
f 3804 3805 3834
f 3834 3805 3807
f 3806 3807 3805
f 3806 3808 3807
f 3073 1889 1890
f 1881 1889 3073
f 1880 1879 2012
f 1467 1466 3799
f 1871 1873 1872
f 1848 1846 1871
f 1871 1846 2099
f 1492 1465 1467
f 1492 1467 1472
f 1832 1705 1846
f 1488 1492 1472
f 1488 1472 1478
f 1916 1706 1956
f 1916 1705 1703
f 1957 1522 1477
f 1956 1706 1957
f 1081 1068 1070
f 1068 1069 1070
f 1070 1077 1078
f 1069 1077 1070
f 1096 1083 1203
f 1077 2949 1076
f 2949 2950 1076
f 1209 1121 1122
f 1114 1209 1122
f 1102 1209 1114
f 1101 1209 1102
f 1209 1101 1096
f 1122 1015 1114
f 1015 1122 1121
f 2955 2954 2950
f 3127 2954 2955
f 1190 1016 1015
f 3127 2958 2954
f 2954 2958 2952
f 1182 896 1016
f 2958 2971 2952
f 890 918 1192
f 1182 918 890
f 3128 2969 2971
f 3632 890 1192
f 3128 2966 2969
f 3618 3627 3619
f 3616 3618 3838
f 4941 4586 4599
f 3838 3618 3628
f 4593 4599 4586
f 4593 4586 4592
f 4578 4580 4858
f 4585 4858 4835
f 4585 4578 4858
f 4602 4936 4835
f 4665 4875 4580
f 4619 4858 4580
f 4619 4580 4584
f 628 140 271
f 271 152 146
f 140 152 271
f 140 155 152
f 156 152 155
f 452 451 446
f 638 446 448
f 448 446 451
f 155 189 156
f 441 625 452
f 442 427 437
f 3077 3130 185
f 427 434 433
f 3130 3077 3075
f 2128 1890 3075
f 3807 3808 3834
f 2128 3073 1890
f 3799 3802 3808
f 1877 1879 1881
f 1881 3073 1877
f 1877 1876 1879
f 1880 1881 1879
f 1466 1465 3799
f 1882 1879 1876
f 1882 1876 1873
f 1465 1466 1467
f 2045 1848 1871
f 2045 1871 1872
f 1872 1873 2045
f 1701 1703 1705
f 1705 1832 1701
f 1701 1832 1846
f 1762 1701 1846
f 1846 1848 1762
f 1702 1499 1522
f 1916 1703 1701
f 1706 1916 1701
f 1957 1702 1522
f 1702 1957 1700
f 1700 1957 1706
f 1250 1081 1083
f 1081 1024 1068
f 1250 1024 1081
f 1068 1077 1069
f 1081 1203 1083
f 1098 1094 1077
f 1077 1095 2949
f 1094 1095 1077
f 2949 2955 2950
f 948 896 1182
f 1015 1016 1013
f 1013 1016 896
f 948 1182 890
f 3128 2971 2958
f 3631 889 3632
f 889 890 3632
f 3631 3632 3619
f 3629 3631 3619
f 2967 2966 2965
f 3627 3629 3619
f 2965 3032 2967
f 3627 3618 3616
f 4880 3032 4573
f 3616 3838 3617
f 4574 4586 4941
f 4941 4880 4573
f 4941 4573 4574
f 3617 3838 3633
f 4870 4835 4936
f 4568 4936 4601
f 4568 4870 4936
f 4568 4601 4592
f 4569 4568 4592
f 4592 4586 4574
f 4592 4574 4569
f 4664 3633 3838
f 4664 3838 3839
f 4662 4664 4663
f 609 270 628
f 448 632 638
f 632 591 638
f 638 591 592
f 140 138 155
f 625 441 424
f 625 451 452
f 155 162 189
f 162 185 189
f 423 442 437
f 423 425 442
f 424 441 425
f 441 442 425
f 3130 189 185
f 433 422 427
f 437 427 423
f 423 427 422
f 3113 3077 185
f 3972 433 434
f 3972 434 3820
f 3972 3820 3834
f 3077 1978 3075
f 3074 1978 3077
f 3834 3810 3972
f 3073 3075 1978
f 3073 2128 3075
f 3834 3808 3810
f 3802 3810 3808
f 3802 3799 3798
f 1465 3798 3799
f 1873 1874 2051
f 2045 1762 1848
f 2051 2045 1873
f 1465 1492 1482
f 1908 1707 1701
f 1908 1701 1762
f 1489 1482 1492
f 1489 1492 1488
f 1488 1478 1499
f 2098 1706 1701
f 1701 1707 2098
f 1698 1488 1499
f 1698 1499 1702
f 1068 1024 1077
f 1024 1098 1077
f 1101 1316 1096
f 1096 1316 1083
f 1084 1083 1316
f 1024 1094 1098
f 1095 1094 2949
f 2955 2949 1094
f 2955 1094 2948
f 3127 2955 2948
f 1013 1014 1015
f 1114 1015 1215
f 1215 1015 1014
f 2948 2958 3127
f 895 896 948
f 948 890 895
f 895 890 897
f 890 889 897
f 889 3631 3629
f 2965 2966 2964
f 2964 3032 2965
f 3633 3616 3617
f 3614 3633 4664
f 4577 4812 4580
f 4583 4580 4578
f 4583 4577 4580
f 4583 4578 4585
f 4585 4835 4870
f 3641 3614 4664
f 4665 4662 4663
f 4665 4663 4875
f 4812 4665 4580
f 591 609 592
f 628 138 140
f 270 138 628
f 624 448 451
f 448 587 632
f 632 585 591
f 138 139 155
f 162 155 139
f 162 139 161
f 624 451 625
f 424 425 423
f 185 162 3113
f 435 422 433
f 3077 3113 3074
f 1978 1904 3073
f 3802 3809 3810
f 3073 1878 1877
f 1877 1878 1876
f 1875 1874 1873
f 1873 1876 1976
f 1873 1976 1875
f 1465 3782 3798
f 2045 2051 1874
f 2045 1874 1762
f 1482 3782 1465
f 1707 1908 1760
f 1496 1489 1488
f 1488 1698 1496
f 1698 1702 1699
f 1702 1700 1699
f 2091 1700 1706
f 2055 1706 2098
f 2055 2091 1706
f 2098 1707 1760
f 1083 1019 1250
f 1084 1019 1083
f 1250 1019 1024
f 1114 1115 1102
f 1102 1115 1101
f 1101 1116 1316
f 1115 1116 1101
f 1024 1291 1094
f 1291 2947 1094
f 2947 2948 1094
f 1215 1222 1114
f 2948 2947 2957
f 1252 1014 1013
f 2957 2958 2948
f 2946 2958 2957
f 895 894 896
f 1013 896 1252
f 1252 896 894
f 2946 2991 2958
f 2958 2991 3128
f 895 897 894
f 2961 3128 2991
f 897 889 886
f 2961 2966 3128
f 889 3629 886
f 2964 2966 2963
f 2963 3032 2964
f 3616 3613 3627
f 4563 4937 4573
f 4573 3032 4563
f 3615 3613 3616
f 4937 4569 4574
f 4937 4570 4569
f 4574 4573 4937
f 3614 3615 3616
f 3614 3616 3633
f 4567 4870 4568
f 4567 4565 4870
f 4568 4569 4570
f 4568 4570 4567
f 4579 4583 4585
f 4585 4870 4565
f 4585 4565 4579
f 3643 3614 3641
f 3643 3641 4664
f 4660 4664 4662
f 4660 3643 4664
f 4661 4660 4662
f 4582 4665 4812
f 4582 4617 4665
f 4812 4577 4582
f 591 269 609
f 585 269 591
f 609 269 270
f 270 269 138
f 139 138 269
f 448 624 587
f 587 590 632
f 590 583 632
f 632 584 585
f 583 584 632
f 269 161 139
f 424 605 625
f 626 605 424
f 625 605 624
f 421 423 422
f 420 423 421
f 420 627 423
f 424 423 626
f 626 423 627
f 3074 3113 162
f 422 435 421
f 461 462 433
f 435 433 421
f 421 433 462
f 1978 3074 3112
f 3987 3791 3972
f 433 3972 461
f 461 3972 3791
f 3987 3972 3810
f 3987 3810 3809
f 1901 3073 1904
f 3802 3787 3809
f 1878 3073 1901
f 3798 3787 3802
f 1876 1878 1901
f 1876 1901 1976
f 1766 1828 1762
f 1761 1766 1762
f 1762 1874 2073
f 1762 2073 1761
f 1464 3782 1482
f 1464 1482 1483
f 1908 1762 1828
f 1908 1828 1760
f 1484 1482 1489
f 1484 1483 1482
f 1484 1489 1496
f 1700 1727 1699
f 2098 1760 2055
f 1497 1484 1496
f 1699 1727 1698
f 1084 1308 1019
f 940 1308 1084
f 1019 1025 1024
f 1025 1291 1024
f 1222 1115 1114
f 1116 1115 1316
f 1084 1316 1115
f 1034 2947 1291
f 943 1222 1215
f 1252 943 1014
f 1215 1014 943
f 1252 894 943
f 2991 2946 2961
f 894 897 893
f 897 886 893
f 893 886 1227
f 1227 886 885
f 2966 2961 2962
f 3629 885 886
f 2962 2963 2966
f 3627 3613 3629
f 2962 3032 2963
f 4937 4563 4570
f 3614 3613 3615
f 4575 4577 4583
f 4575 4582 4577
f 4576 4583 4579
f 4576 4575 4583
f 4660 4836 3643
f 4661 4662 4665
f 4661 4665 4617
f 585 141 269
f 585 584 583
f 141 160 269
f 269 160 161
f 624 589 587
f 624 605 589
f 587 589 586
f 161 191 162
f 191 3074 162
f 600 421 419
f 3112 3074 3070
f 421 462 419
f 3070 1978 3112
f 3072 1978 3070
f 461 3791 462
f 3072 1904 1978
f 3791 3987 3783
f 1902 1901 1904
f 3809 3783 3987
f 3798 3782 3787
f 1897 1875 1976
f 1898 1897 1976
f 1976 1901 1898
f 1803 2073 1874
f 1811 1874 1875
f 1811 1803 1874
f 1464 3780 3782
f 1761 2073 1803
f 1761 1803 1766
f 1464 1483 1503
f 2055 1760 2056
f 1760 2083 2056
f 1760 1828 2083
f 2091 1727 1700
f 1826 1496 1698
f 1826 1497 1496
f 1698 1727 1697
f 1698 1697 1826
f 941 1017 1084
f 941 1084 1115
f 1084 939 940
f 1017 939 1084
f 1308 1025 1019
f 1222 1119 1115
f 1118 1119 1222
f 1119 1117 1115
f 1117 941 1115
f 1034 1099 2947
f 2947 1099 2945
f 2945 2957 2947
f 1118 1222 943
f 2945 2946 2957
f 942 943 1012
f 893 1012 894
f 891 1012 893
f 943 894 1012
f 2946 2972 2961
f 891 893 1227
f 2960 3086 2962
f 2960 2962 2961
f 3629 3630 885
f 3629 3862 3630
f 3613 3862 3629
f 4563 3032 2962
f 4563 2962 4685
f 3612 3636 3613
f 4562 4564 4567
f 4562 4567 4570
f 4570 4563 4685
f 4570 4685 4562
f 3614 3612 3613
f 4910 4579 4565
f 4910 4615 4579
f 4566 4910 4565
f 4567 4564 4565
f 3644 3636 3614
f 3644 3614 3643
f 4576 4579 4615
f 4576 4615 4575
f 4836 3644 3643
f 4659 4836 4660
f 4659 4660 4661
f 4894 4661 4617
f 583 268 585
f 585 142 141
f 268 142 585
f 587 586 590
f 141 159 160
f 602 626 627
f 626 616 605
f 160 191 161
f 600 420 421
f 627 420 602
f 3069 3074 191
f 3070 3074 3071
f 462 471 460
f 462 460 419
f 3793 471 3791
f 3791 471 462
f 1904 3070 1903
f 3072 3070 1904
f 3791 3783 3793
f 1903 1901 1902
f 1903 1900 1901
f 1903 1902 1904
f 3809 3781 3783
f 1899 1901 1900
f 3787 3781 3809
f 1898 1901 1899
f 3782 3780 3787
f 1898 1899 1897
f 1811 1875 1897
f 1811 1897 1803
f 1464 1463 3780
f 1766 1803 1827
f 1766 1827 1828
f 1493 1463 1464
f 1493 1464 1503
f 2083 1828 2137
f 1487 1503 1483
f 1485 1483 1484
f 1485 1487 1483
f 1486 1485 1484
f 1722 1697 1727
f 1722 1727 2091
f 2044 2091 2055
f 2055 2056 2083
f 2055 2083 2044
f 1497 1486 1484
f 1486 1826 1633
f 1497 1826 1486
f 1633 1826 1697
f 1025 1026 1291
f 1308 1026 1025
f 1034 1291 1026
f 1120 1119 1118
f 1017 941 1117
f 1026 1099 1034
f 935 943 942
f 1118 943 1120
f 1099 2959 2945
f 942 1012 935
f 2959 2946 2945
f 2944 2946 2959
f 1313 1012 891
f 2944 2972 2946
f 891 1227 887
f 2979 2961 2972
f 1227 885 887
f 887 885 883
f 2979 2960 2961
f 885 3630 883
f 2979 3086 2960
f 4685 2962 3086
f 3636 3612 3614
f 4565 4564 4562
f 4565 4562 4566
f 4581 4617 4582
f 4581 4861 4617
f 4581 4582 4575
f 4575 4615 4581
f 4838 4836 4659
f 4667 4661 4894
f 4667 4659 4661
f 4894 4617 4861
f 4894 4861 4667
f 589 582 586
f 586 581 590
f 582 581 586
f 583 590 581
f 142 158 141
f 159 141 158
f 589 605 616
f 159 158 160
f 191 158 3069
f 160 158 191
f 418 600 419
f 600 601 420
f 459 458 460
f 419 460 418
f 3069 3071 3074
f 460 471 459
f 459 471 470
f 3793 470 471
f 3071 3066 1903
f 3071 1903 3070
f 3066 1900 1903
f 3781 3793 3783
f 1967 1803 1897
f 1897 1899 1967
f 1827 1803 1801
f 1802 1801 1803
f 1828 1827 1801
f 1503 1463 1493
f 2083 2137 2044
f 1494 1503 1487
f 1487 1485 1486
f 1723 1697 1722
f 1723 1722 2091
f 1723 2091 2044
f 1831 1487 1486
f 1486 1633 1630
f 1486 1630 1831
f 939 1017 940
f 940 1027 1308
f 1027 1026 1308
f 1120 1117 1119
f 1017 1117 936
f 935 934 943
f 1120 943 934
f 1099 1028 2959
f 1012 1313 935
f 1313 891 1130
f 2974 2972 2944
f 2974 2979 2972
f 883 3630 884
f 2973 3086 2979
f 3862 884 3630
f 3636 3638 3613
f 4685 3086 2938
f 3634 3638 3636
f 4561 4560 4562
f 4562 4685 4561
f 3644 3634 3636
f 4615 4588 4887
f 4615 4587 4588
f 4572 4587 4615
f 4571 4615 4910
f 4571 4572 4615
f 4566 4562 4560
f 4566 4560 4910
f 3858 3638 3644
f 4878 4861 4581
f 4887 4581 4615
f 4837 3858 3644
f 4837 3644 4836
f 4837 4836 4838
f 4658 4838 4659
f 581 267 583
f 267 268 583
f 142 268 143
f 588 589 631
f 589 588 582
f 142 143 158
f 626 631 616
f 602 631 626
f 589 616 631
f 158 3068 3069
f 458 417 460
f 418 460 417
f 3068 3071 3069
f 3078 3071 3068
f 459 470 458
f 3078 3066 3071
f 3793 3794 470
f 3781 3794 3793
f 1899 1900 1975
f 1967 1813 1803
f 1967 1899 1975
f 1463 3867 3780
f 1802 1803 1813
f 1802 1813 1801
f 1798 1970 2137
f 2011 2137 1828
f 2011 1798 2137
f 1828 1801 2011
f 1451 1463 1503
f 1494 1451 1503
f 2044 2137 1970
f 1462 1494 1487
f 1462 1487 1523
f 1631 1633 1697
f 1631 1630 1633
f 2145 1631 1697
f 1725 1697 1723
f 1725 2145 1697
f 1724 1723 2044
f 1523 1487 1831
f 1831 1630 1632
f 1017 1320 940
f 940 1031 1027
f 1320 1031 940
f 1031 1026 1027
f 1140 1120 934
f 1120 8 1117
f 1117 938 936
f 1026 1028 1099
f 1320 1028 1026
f 1311 935 1313
f 1028 2944 2959
f 1218 2944 1028
f 1311 1313 1130
f 944 891 887
f 1130 891 1307
f 1307 891 944
f 3101 2974 2944
f 883 873 887
f 882 873 883
f 944 887 873
f 2941 2979 2974
f 884 882 883
f 2941 2973 2979
f 3613 3611 3862
f 2938 3086 2939
f 3638 3611 3613
f 2938 4559 4685
f 4561 4685 4559
f 4561 4559 4560
f 3638 3634 3644
f 4910 4560 4571
f 3858 3637 3638
f 4656 4667 4861
f 4591 4861 4878
f 4591 4656 4861
f 4581 4887 4588
f 4581 4588 4878
f 4669 4659 4667
f 4669 4658 4659
f 580 579 581
f 580 581 582
f 579 264 581
f 268 148 143
f 580 582 588
f 148 158 143
f 3068 158 148
f 600 599 601
f 601 599 420
f 420 599 602
f 602 604 631
f 599 604 602
f 630 631 604
f 416 418 417
f 416 565 418
f 418 564 600
f 565 564 418
f 417 456 416
f 417 458 456
f 472 468 470
f 458 470 456
f 456 470 468
f 3066 3078 3088
f 3794 472 470
f 1839 1900 3066
f 3781 3778 3794
f 1975 1900 1839
f 3780 3781 3787
f 1967 1975 1813
f 3867 3781 3780
f 1798 2011 1801
f 1800 1798 1801
f 1801 1813 1812
f 1801 1812 1800
f 1981 1970 1798
f 1451 1494 1452
f 1758 1724 2044
f 2044 1970 1758
f 1452 1494 1462
f 2145 1725 1723
f 1723 1724 2145
f 1523 1831 2016
f 9 938 1117
f 9 936 938
f 936 1189 1017
f 1017 1189 1320
f 1031 1320 1026
f 1140 1210 1120
f 1120 9 8
f 1210 9 1120
f 1117 8 9
f 1320 1029 1028
f 1029 1218 1028
f 935 933 934
f 1311 933 935
f 1140 934 933
f 2943 2944 1218
f 2943 3101 2944
f 884 1289 882
f 2940 2973 2941
f 884 3862 1289
f 2940 3086 2973
f 3089 3086 2940
f 3862 3609 1289
f 3089 2939 3086
f 3611 3609 3862
f 4559 2938 4810
f 3608 3611 3638
f 4810 4571 4560
f 4560 4559 4810
f 3608 3638 3637
f 4614 4589 4588
f 4845 3637 3858
f 4878 4588 4589
f 4878 4589 4591
f 4845 3858 4837
f 4839 4845 4837
f 4839 4837 4838
f 4666 4839 4838
f 4666 4838 4658
f 4657 4666 4658
f 4669 4667 4656
f 4669 4656 4658
f 581 265 267
f 264 265 581
f 267 265 268
f 268 144 148
f 265 144 268
f 631 595 588
f 630 595 631
f 595 579 588
f 580 588 579
f 564 599 600
f 148 184 3068
f 3078 3068 184
f 416 456 415
f 3078 3065 3088
f 3066 3088 3065
f 468 3794 3831
f 468 472 3794
f 3065 1839 3066
f 3778 3831 3794
f 1805 1975 1839
f 3781 3779 3778
f 1813 1975 1812
f 3869 3781 3867
f 3867 1463 3869
f 3869 1463 1500
f 1463 1504 1500
f 1970 1981 1759
f 1794 1981 1798
f 1451 1504 1463
f 1451 1452 1453
f 1724 1758 1757
f 1759 1758 1970
f 1453 1452 1462
f 1453 1462 1523
f 1831 1632 2016
f 1629 1632 1630
f 1629 1628 1632
f 1631 2145 1757
f 1757 2145 1724
f 2016 1453 1523
f 9 931 936
f 931 937 936
f 936 937 1189
f 1189 1304 1320
f 933 1210 1140
f 9 1210 10
f 1304 1030 1320
f 1320 1030 1029
f 1029 2943 1218
f 1010 1307 944
f 1130 1307 932
f 1011 873 1100
f 944 873 1010
f 1010 873 1011
f 2941 2974 2942
f 2974 3101 2942
f 873 882 1100
f 882 870 1100
f 1289 870 882
f 2938 2939 3089
f 4810 2938 4558
f 4571 4930 11
f 4810 4558 4571
f 4588 4572 11
f 4587 4572 4588
f 11 4572 4571
f 4845 3639 3637
f 4668 4656 4591
f 4591 4589 4668
f 4840 3639 4845
f 4658 4656 4657
f 263 266 579
f 579 262 264
f 266 262 579
f 265 145 144
f 604 574 630
f 145 148 144
f 145 168 148
f 148 168 184
f 564 598 599
f 597 598 564
f 604 599 574
f 599 598 574
f 415 562 416
f 565 562 564
f 565 416 562
f 205 3078 184
f 415 456 414
f 414 456 413
f 3067 3065 3078
f 456 468 413
f 468 3831 467
f 3778 467 3831
f 1812 1975 1805
f 3869 3779 3781
f 1812 1805 1800
f 1795 1794 1798
f 2093 1795 1798
f 1681 1758 1759
f 1681 1759 1981
f 1794 1681 1981
f 1451 1453 1450
f 1757 1791 1682
f 1758 1791 1757
f 1632 2048 2016
f 1629 1631 1682
f 1630 1631 1629
f 1682 1631 1757
f 2015 1453 2016
f 986 9 10
f 9 1269 931
f 933 930 1210
f 1311 930 933
f 10 1210 986
f 986 1210 930
f 1130 932 1311
f 1029 3101 2943
f 932 1307 879
f 879 1307 1010
f 1010 1011 1100
f 2942 3101 2928
f 3101 3054 2928
f 2928 2941 2942
f 1100 870 871
f 2940 2941 3033
f 1264 869 1289
f 3609 1264 1289
f 1289 869 870
f 3033 3089 2940
f 2936 2938 3089
f 3611 3606 3609
f 2938 2936 2937
f 2936 4558 2937
f 2937 4558 2938
f 12 3606 3611
f 12 3611 3608
f 4557 4571 4558
f 4930 4571 4557
f 3637 12 3608
f 4552 4590 4589
f 4795 4552 4589
f 4874 4589 4614
f 4874 4795 4589
f 4588 11 4930
f 4588 4930 4614
f 12 3637 3639
f 4656 4652 4657
f 4590 4656 4668
f 4590 4652 4656
f 4668 4589 4590
f 4851 4845 4839
f 4844 4839 4666
f 4844 4851 4839
f 4652 4666 4657
f 577 263 579
f 264 266 265
f 262 266 264
f 145 265 266
f 575 573 574
f 630 574 595
f 579 595 577
f 577 595 574
f 562 561 564
f 598 597 574
f 575 574 597
f 168 205 184
f 205 3067 3078
f 3064 3065 3067
f 413 468 455
f 455 468 467
f 3116 1839 3065
f 3778 3777 467
f 1839 2138 1805
f 1810 1805 2138
f 1805 1810 1804
f 1825 1798 1800
f 1800 1805 1804
f 1500 3830 3869
f 1500 3914 3830
f 2093 1798 1825
f 1447 3914 1500
f 1824 2129 1681
f 1797 1681 1794
f 1797 1824 1681
f 1794 1795 1797
f 1450 1447 1500
f 1450 1500 1504
f 1450 1504 1451
f 1758 1681 1791
f 1456 1450 1453
f 1456 1454 1450
f 1627 2048 1632
f 1628 1627 1632
f 1629 1682 1628
f 1455 1456 1453
f 1455 1453 2015
f 2016 2048 1627
f 2016 1627 2015
f 986 1269 9
f 931 1269 937
f 1269 989 937
f 1030 1304 1189
f 1030 1189 1032
f 932 927 1311
f 1311 928 930
f 927 928 1311
f 1032 1022 1030
f 1022 1221 1030
f 1030 1221 1029
f 3101 1029 1221
f 3101 1221 3054
f 1100 888 1010
f 888 880 1010
f 879 1010 880
f 2976 2928 3054
f 871 870 872
f 872 870 869
f 2928 3033 2941
f 869 1264 868
f 3609 868 1264
f 2935 2936 3089
f 3606 3955 3609
f 4558 2936 4556
f 4557 4558 4556
f 4557 4556 4930
f 3607 3640 3606
f 3606 12 3607
f 3642 12 3639
f 3639 4840 3642
f 4805 4652 4590
f 4590 4552 4550
f 4841 3642 4840
f 4851 4844 4666
f 4934 4666 4652
f 4934 4851 4666
f 573 576 574
f 575 576 573
f 576 578 574
f 577 574 593
f 593 574 578
f 117 118 266
f 266 118 145
f 118 168 145
f 561 597 564
f 562 415 561
f 561 415 414
f 457 413 455
f 550 413 457
f 455 467 457
f 3065 3064 3116
f 467 3777 465
f 2138 3116 3064
f 1839 3116 2138
f 3778 465 3777
f 3779 3773 3778
f 1838 1810 2138
f 3869 3773 3779
f 1804 1810 1838
f 1800 2093 1825
f 1800 1804 1838
f 1796 1797 1795
f 2093 1796 1795
f 1667 1681 2129
f 1667 1669 1681
f 1447 1450 1454
f 1791 1681 1682
f 1628 1682 1909
f 1628 1909 1627
f 1456 1455 2015
f 2015 1627 2014
f 2015 2014 1456
f 929 986 930
f 986 1231 1269
f 988 989 1269
f 989 1189 937
f 1032 1189 1022
f 930 928 929
f 3054 1221 2976
f 881 879 880
f 927 879 13
f 879 927 932
f 881 880 888
f 1100 871 888
f 888 871 872
f 872 869 1247
f 1247 869 868
f 3033 2928 2929
f 3089 3033 2929
f 3089 2929 3034
f 3609 867 868
f 3034 2935 3089
f 3635 3609 3955
f 3955 3606 3635
f 4916 2936 2935
f 4556 2936 4916
f 4555 4614 4930
f 4555 4795 4614
f 4930 4556 4555
f 3607 12 3640
f 3640 12 3945
f 4874 4614 4795
f 3945 12 3642
f 4616 4590 4550
f 4616 4805 4590
f 4842 4841 4840
f 4842 3642 4841
f 4842 4840 4845
f 4929 4845 4851
f 4929 4842 4845
f 263 117 266
f 603 575 597
f 603 572 575
f 575 578 576
f 572 578 575
f 117 119 118
f 168 118 205
f 551 561 414
f 561 570 597
f 568 570 561
f 603 597 570
f 118 203 205
f 550 551 413
f 414 413 551
f 203 3064 205
f 205 3064 3067
f 465 454 457
f 467 465 457
f 3064 3061 2138
f 3778 3774 465
f 2138 3061 1838
f 3773 3774 3778
f 3830 3773 3869
f 1800 1816 2093
f 1800 2003 1816
f 1800 1838 1807
f 1800 1807 2003
f 3914 1446 3830
f 1797 2093 1816
f 1796 2093 1797
f 3914 1447 1446
f 1824 1797 2129
f 1449 1446 1447
f 1688 1909 1682
f 1688 1765 1909
f 1682 1681 1669
f 1682 1669 1688
f 1449 1447 1454
f 1495 1449 1454
f 1454 1456 1495
f 1495 1456 1459
f 1616 2014 1627
f 1625 1616 1627
f 1626 1625 1627
f 1627 1909 1626
f 1458 1459 1456
f 1457 1458 1456
f 1457 1456 2014
f 988 1033 989
f 989 1033 1189
f 1022 1189 1033
f 878 927 13
f 929 928 927
f 1022 2931 1221
f 1021 2931 1022
f 13 879 878
f 878 879 881
f 1158 858 888
f 2930 2976 2932
f 888 872 1158
f 1158 872 1247
f 2930 2928 2976
f 1247 868 875
f 875 868 867
f 3609 866 867
f 14 2935 2929
f 2935 3034 2929
f 3609 3635 3605
f 3605 3635 3603
f 4916 2935 4638
f 3606 3603 3635
f 4556 4916 4639
f 4555 4556 4639
f 4555 4639 4795
f 4550 4551 4616
f 4795 4860 4552
f 3647 3945 3642
f 3647 3648 3945
f 4654 4934 4652
f 4654 4651 4934
f 4653 4652 4805
f 4653 4654 4652
f 4654 4653 4805
f 4805 4616 4654
f 4648 3648 3647
f 4843 3642 4842
f 4843 3647 3642
f 4851 4934 4651
f 4851 4651 4929
f 515 593 578
f 593 259 577
f 259 263 577
f 119 117 263
f 603 571 572
f 572 571 578
f 515 578 571
f 165 3063 118
f 118 3063 203
f 407 550 457
f 203 3063 3064
f 454 453 457
f 407 457 453
f 454 465 453
f 453 465 466
f 3107 3064 3063
f 3774 466 465
f 3107 3061 3064
f 1806 1838 3061
f 1806 1807 1838
f 3830 1446 3773
f 1799 2129 1797
f 1797 1816 1799
f 1521 1445 1446
f 1521 1446 1449
f 1658 1909 1765
f 1658 1656 1909
f 1521 1449 1495
f 1459 1521 1495
f 1614 2014 1616
f 1625 1626 1616
f 1457 2014 1458
f 926 925 929
f 925 1220 929
f 929 985 986
f 1220 985 929
f 1231 987 1269
f 986 987 1231
f 1269 987 988
f 1022 1033 18
f 878 877 927
f 877 926 927
f 929 927 926
f 2976 1221 2931
f 888 876 881
f 921 876 888
f 878 881 877
f 877 881 876
f 2931 2932 2976
f 888 858 921
f 1158 1247 875
f 2927 2928 2930
f 875 867 861
f 861 867 866
f 2928 2927 2929
f 2929 2927 3058
f 3609 874 866
f 3609 3610 874
f 14 2929 3058
f 3609 3605 3610
f 4891 2935 14
f 4638 2935 4891
f 4639 4916 4638
f 3640 3603 3606
f 4900 4860 4795
f 4900 4881 4860
f 4795 4639 4900
f 3945 3648 3640
f 4616 4551 15
f 4549 4550 4552
f 4549 4552 4860
f 15 4654 4616
f 4644 3648 4648
f 4646 4842 4929
f 4646 4843 4842
f 4773 4646 4929
f 515 275 593
f 275 249 593
f 593 251 259
f 249 251 593
f 259 251 263
f 263 251 120
f 120 119 263
f 570 571 603
f 515 571 510
f 120 149 119
f 119 165 118
f 149 165 119
f 551 531 561
f 550 531 551
f 561 531 568
f 569 570 568
f 3063 165 204
f 532 550 407
f 407 453 408
f 453 466 403
f 3062 3107 3063
f 3773 3784 3774
f 2003 1807 1816
f 1446 3784 3773
f 1445 3784 1446
f 2129 1799 2069
f 1799 1809 2069
f 1666 1669 1667
f 1666 1667 2129
f 1521 1448 1445
f 1617 1626 1909
f 1909 1656 1657
f 1459 1444 1521
f 1614 1618 2014
f 1617 1614 1616
f 1616 1626 1617
f 1618 1460 1459
f 1618 1459 1458
f 1458 2014 1618
f 988 987 1033
f 987 18 1033
f 925 926 877
f 1021 1022 18
f 2931 2930 2932
f 856 858 1158
f 2927 2930 2931
f 1158 875 856
f 856 875 861
f 861 866 874
f 3610 1157 874
f 14 3058 2934
f 2934 4891 14
f 3605 3603 3610
f 3640 3645 3603
f 4860 4881 17
f 4881 4900 16
f 16 4900 4639
f 3646 3645 3640
f 3640 3648 3646
f 4549 4551 4550
f 17 4549 4860
f 4647 3646 3648
f 4644 4647 3648
f 4650 4929 4651
f 4650 4773 4929
f 15 4651 4654
f 15 4650 4651
f 4931 3647 4843
f 4931 4648 3647
f 510 275 515
f 251 121 120
f 570 508 571
f 569 508 570
f 510 571 508
f 165 149 204
f 532 529 550
f 533 529 532
f 550 528 531
f 529 528 550
f 569 568 531
f 404 407 408
f 532 407 533
f 204 3062 3063
f 408 453 404
f 404 453 403
f 403 466 402
f 402 466 473
f 3774 473 466
f 1910 1806 3061
f 3784 3772 3774
f 1910 1807 1806
f 1816 1807 1920
f 1808 1809 1799
f 1799 1816 1920
f 1799 1920 1808
f 1445 3775 3784
f 1668 1765 1688
f 1665 1688 1669
f 1665 1668 1688
f 1670 1669 1666
f 1670 1665 1669
f 1666 2129 1670
f 1670 2129 2069
f 1443 1448 1521
f 1443 1521 1439
f 1657 1617 1909
f 1444 1439 1521
f 1444 1459 1460
f 1623 1618 1614
f 1623 1611 1618
f 1613 1614 1617
f 1615 1460 1618
f 1618 1611 1615
f 925 983 1220
f 984 983 925
f 985 1220 986
f 986 1257 987
f 1220 1257 986
f 1257 1233 987
f 987 1233 18
f 921 877 876
f 1233 1021 18
f 1021 3037 2931
f 858 860 921
f 856 857 858
f 859 857 856
f 2926 2927 2931
f 861 855 856
f 861 874 855
f 855 874 1187
f 2927 2926 3058
f 3058 2926 2977
f 874 1157 1187
f 2933 3058 2977
f 2934 3058 2933
f 2921 4891 2934
f 3603 3604 3610
f 3645 3602 3603
f 4636 4623 4639
f 4639 4623 16
f 4637 4636 4639
f 4639 4638 4891
f 4639 4891 4637
f 4621 4549 17
f 4621 17 4881
f 4881 16 4623
f 4881 4623 4621
f 15 4465 19
f 15 4551 4465
f 4554 4465 4551
f 4553 4551 4549
f 4553 4554 4551
f 4644 4643 4647
f 4655 4650 15
f 4655 4773 4650
f 4655 15 19
f 4646 4931 4843
f 249 250 251
f 248 250 249
f 121 251 149
f 531 526 569
f 121 149 120
f 204 149 157
f 528 529 531
f 529 524 531
f 3062 204 157
f 404 403 407
f 533 407 403
f 157 3060 3062
f 402 469 403
f 3060 3107 3062
f 402 473 469
f 469 473 692
f 2770 3061 3107
f 3774 692 473
f 3774 3767 692
f 1913 3061 2770
f 3772 3767 3774
f 1913 1910 3061
f 1807 1910 1912
f 3784 3775 3772
f 1911 1920 1912
f 1912 1920 1807
f 2069 1808 1911
f 1809 1808 2069
f 1911 1808 1920
f 2069 1814 1670
f 1448 1443 1445
f 1765 1684 1655
f 1765 1668 1684
f 1670 1814 1665
f 1624 1613 1617
f 1657 1624 1617
f 1656 1658 1765
f 1655 1656 1765
f 1657 1656 1655
f 2090 1439 1444
f 1444 1460 2090
f 1613 1611 1623
f 1613 1623 1614
f 1461 2090 1460
f 1461 1460 1615
f 1233 1257 1237
f 877 923 925
f 1237 981 1233
f 1233 3037 1021
f 981 3037 1233
f 860 1018 921
f 3037 2978 2931
f 2926 2931 2978
f 858 857 860
f 860 857 859
f 855 1187 1104
f 1187 1157 1156
f 3610 1156 1157
f 2922 2921 2934
f 2922 2934 2933
f 3610 3604 1107
f 3603 1107 3604
f 4635 4637 4891
f 4891 2921 4635
f 3602 3653 3603
f 3653 3602 3645
f 3653 3645 3964
f 4621 4623 4636
f 4621 4636 4622
f 3651 3964 3645
f 3651 3645 3646
f 4465 4554 19
f 4553 4549 4621
f 4553 4621 4554
f 4642 3651 3646
f 4642 3646 4647
f 4647 4643 4642
f 4834 4646 4773
f 4655 4834 4773
f 4854 4642 4643
f 4645 4644 4648
f 4645 4643 4644
f 4645 4648 4931
f 569 516 508
f 508 260 510
f 516 260 508
f 510 260 275
f 250 248 251
f 149 251 248
f 524 526 531
f 248 166 149
f 166 157 149
f 558 552 533
f 533 530 529
f 552 530 533
f 157 166 3060
f 533 403 558
f 403 469 405
f 3059 3107 3060
f 3767 691 692
f 3772 3776 3767
f 1912 1910 1911
f 1823 1817 2069
f 2069 1911 1823
f 1445 3785 3775
f 1445 3786 3785
f 1814 2069 1817
f 1442 3786 1445
f 1445 1443 1442
f 1665 1814 2080
f 1665 2080 1668
f 1439 1442 1443
f 1652 1624 1657
f 1652 1657 1655
f 1655 1684 1652
f 1440 1439 2090
f 1611 2100 1615
f 1611 2050 2100
f 2050 1611 1613
f 2090 1615 2100
f 1461 1615 2090
f 925 1193 984
f 923 1193 925
f 983 984 1220
f 984 1257 1220
f 1018 1259 921
f 921 920 877
f 1259 920 921
f 877 922 923
f 920 922 877
f 859 862 860
f 862 863 860
f 860 865 1018
f 863 865 860
f 3037 3021 2978
f 2978 3021 2926
f 855 859 856
f 1104 854 855
f 3057 2977 2926
f 1104 1187 1105
f 2920 2933 2977
f 1187 1156 1105
f 2920 2921 2922
f 2920 2922 2933
f 3610 1107 1156
f 3603 3600 1107
f 3603 3601 3600
f 4635 2921 2923
f 3653 3601 3603
f 4635 4889 4636
f 4636 4637 4635
f 4912 4554 4621
f 4624 4621 4622
f 4624 4912 4621
f 4622 4636 4889
f 4626 19 4554
f 4626 4655 19
f 4912 4626 4554
f 4834 4694 4646
f 4464 4694 4834
f 4464 4834 4655
f 4645 4646 4694
f 4931 4646 4645
f 275 247 249
f 260 247 275
f 249 647 248
f 247 647 249
f 569 526 516
f 647 166 248
f 524 529 512
f 512 529 530
f 3060 166 3059
f 405 406 403
f 558 403 406
f 692 409 469
f 691 409 692
f 405 469 406
f 406 469 409
f 3767 693 691
f 1915 1910 1913
f 3811 3776 3772
f 3772 3785 3811
f 3772 3775 3785
f 1819 1823 1911
f 1911 1910 1915
f 1911 1915 1819
f 1815 2080 1814
f 1814 1817 1815
f 1668 2080 1815
f 1439 1508 1442
f 1651 1624 1652
f 1651 1650 1624
f 1498 1439 1440
f 1612 2050 1613
f 1612 1613 1624
f 1524 1440 2090
f 1257 958 1237
f 958 953 1237
f 953 981 1237
f 3021 981 953
f 981 3021 3037
f 1018 865 1259
f 2926 3021 2919
f 824 855 854
f 855 862 859
f 824 862 855
f 2919 3057 2926
f 1309 854 1104
f 1104 1105 1309
f 1309 1105 1106
f 1105 1156 1106
f 3134 2923 2921
f 4634 4640 4635
f 4635 2923 4634
f 4635 4640 4889
f 4622 4889 4624
f 3651 3598 3964
f 4626 4464 4655
f 4641 3651 4642
f 4693 4645 4694
f 4461 4694 4464
f 4429 4641 4642
f 4849 4642 4854
f 4849 4429 4642
f 4920 4854 4643
f 4649 4643 4645
f 4649 4920 4643
f 516 246 260
f 516 526 514
f 514 526 524
f 647 151 166
f 151 164 166
f 3059 166 164
f 559 553 558
f 558 553 552
f 552 483 530
f 512 530 483
f 558 406 559
f 164 200 3059
f 3107 3059 200
f 687 409 691
f 200 2770 3107
f 691 693 687
f 3095 1913 2770
f 2144 1913 3095
f 2144 1915 1913
f 3767 3776 3887
f 3811 3785 3776
f 1817 1823 1819
f 1817 1819 1818
f 1815 1817 1818
f 1508 3786 1442
f 1652 1673 1672
f 1684 1673 1652
f 1668 1815 1689
f 1668 1689 1684
f 1441 1508 1439
f 1439 1498 1441
f 1624 1649 1622
f 1650 1652 1672
f 1651 1652 1650
f 1440 1524 1498
f 1498 1524 1512
f 1619 2100 2050
f 1619 2050 1612
f 1622 1612 1624
f 1610 1524 2090
f 1610 1512 1524
f 2090 2100 1607
f 2090 1607 1610
f 922 924 923
f 1193 1272 984
f 923 1272 1193
f 1272 954 984
f 984 954 1257
f 1257 953 958
f 954 953 1257
f 922 920 924
f 953 980 3021
f 980 2919 3021
f 822 863 862
f 824 821 862
f 824 854 1309
f 1106 1156 1188
f 1188 1156 809
f 1107 3600 1156
f 1156 3600 1067
f 3601 3653 3600
f 4625 4624 4889
f 4630 4625 4889
f 4889 4640 4634
f 4889 4634 4630
f 3598 3653 3964
f 4628 4633 4912
f 4625 4628 4912
f 4625 4912 4624
f 4626 4912 4633
f 4693 4935 4645
f 4935 4693 4694
f 4942 4935 4694
f 4811 4694 4461
f 4811 4942 4694
f 4649 4645 4935
f 516 238 246
f 246 238 260
f 260 648 247
f 238 648 260
f 648 647 247
f 151 647 648
f 483 505 512
f 512 507 524
f 505 507 512
f 514 524 507
f 164 151 163
f 164 163 200
f 409 410 406
f 559 406 560
f 560 406 410
f 410 409 687
f 2771 2770 200
f 687 693 688
f 3767 688 693
f 3767 3768 688
f 2084 1915 2144
f 1819 1915 2084
f 3776 3796 3887
f 1819 2084 2060
f 3776 3785 3796
f 3785 3786 3796
f 1818 1819 2060
f 2133 1689 1815
f 1815 1818 2133
f 1672 1673 1684
f 1671 1672 1684
f 1684 1689 2133
f 1684 2133 1671
f 1648 1622 1649
f 1648 1649 1624
f 1663 1624 1650
f 1663 1648 1624
f 1650 1672 1663
f 1399 1441 1498
f 1621 2100 1619
f 1621 1607 2100
f 1612 1622 1619
f 954 980 953
f 1259 864 920
f 865 864 1259
f 924 920 20
f 20 920 864
f 3057 2919 980
f 3057 980 2918
f 865 863 864
f 823 824 1309
f 823 821 824
f 862 821 822
f 823 1309 1106
f 3031 2977 3057
f 1067 809 1156
f 2925 2921 2920
f 2925 3134 2921
f 3600 3652 1067
f 3600 3599 3652
f 2923 3134 2924
f 3653 3599 3600
f 2924 4634 2923
f 4630 4634 4625
f 3598 3597 3653
f 3650 3598 3651
f 3650 3651 4686
f 4455 4464 4626
f 4455 4461 4464
f 4627 4455 4626
f 4626 4633 4627
f 3649 4686 3651
f 3649 3651 4641
f 4446 4442 4935
f 4811 4461 4942
f 4425 4641 4429
f 4920 4849 4854
f 4649 4935 4920
f 513 514 507
f 514 237 516
f 516 237 238
f 513 507 505
f 648 649 151
f 559 475 553
f 483 552 482
f 482 552 553
f 200 163 2771
f 410 687 22
f 3768 689 688
f 3796 3770 3887
f 2060 2084 1837
f 3786 3770 3796
f 3786 3771 3770
f 1821 2049 1818
f 1818 2060 1821
f 2133 1818 2049
f 1674 1663 1672
f 2135 1672 1671
f 2135 1674 1672
f 1671 2133 2135
f 1441 1399 1508
f 1645 1622 1648
f 1514 1399 1498
f 1513 1610 1601
f 1610 1607 1601
f 1620 1621 1619
f 1619 1622 1620
f 1512 1514 1498
f 1512 1610 1513
f 20 1212 924
f 924 1212 923
f 1212 1272 923
f 1272 951 954
f 954 951 980
f 20 864 21
f 951 979 980
f 979 2918 980
f 821 819 822
f 822 1219 863
f 819 1219 822
f 864 863 898
f 898 863 1219
f 3057 2918 3031
f 823 820 821
f 818 820 823
f 1106 810 823
f 1106 1188 810
f 1188 809 810
f 2983 2920 2977
f 1067 1124 809
f 2983 2925 2920
f 1067 3652 3599
f 2924 3134 4634
f 3653 3913 3599
f 4634 4629 4670
f 3597 3913 3653
f 4629 4628 4625
f 4625 4670 4629
f 4670 4625 4634
f 3650 3597 3598
f 4449 4942 4461
f 4455 4449 4461
f 4686 3649 4641
f 4641 4425 4686
f 4686 4425 4424
f 4449 4935 4942
f 4449 4446 4935
f 4920 4935 4442
f 4920 4442 4849
f 237 136 238
f 649 648 238
f 482 477 483
f 483 477 505
f 649 167 151
f 238 167 649
f 163 151 167
f 480 560 410
f 482 553 477
f 477 553 475
f 167 2769 163
f 2771 163 2769
f 411 410 22
f 2769 2770 2771
f 687 689 22
f 687 688 689
f 2772 3095 2770
f 2768 2144 3095
f 3768 690 689
f 1836 2144 2768
f 1836 2084 2144
f 3887 3769 3767
f 1837 2084 1836
f 3770 3769 3887
f 2060 1837 1820
f 1821 2060 1820
f 3786 1411 3771
f 2077 2135 2133
f 2077 1679 2135
f 2133 2049 1821
f 2133 1821 2077
f 1511 1411 3786
f 1511 3786 1508
f 1664 1648 1663
f 1674 1664 1663
f 2135 1679 1674
f 1396 1511 1508
f 1396 1508 1399
f 1644 1620 1622
f 1645 1644 1622
f 1410 1396 1399
f 1398 1399 1514
f 1398 1410 1399
f 1601 1593 1514
f 1593 1601 1607
f 1596 1593 1607
f 1596 1607 1621
f 1513 1514 1512
f 1514 1513 1601
f 21 1194 20
f 20 1194 1212
f 1194 1195 1212
f 1186 1272 1195
f 1272 1212 1195
f 1300 1272 1186
f 1272 952 951
f 21 864 898
f 955 979 951
f 2917 2918 979
f 3110 2918 2917
f 821 820 819
f 819 820 818
f 2918 3110 3031
f 823 810 811
f 811 810 809
f 3092 2977 3031
f 1124 808 809
f 1009 808 1124
f 3092 2983 2977
f 1067 1009 1124
f 1067 3599 1198
f 4629 4634 3134
f 4629 3134 4791
f 4629 4632 4628
f 4629 4791 4632
f 4633 4863 4627
f 3650 4686 3843
f 3595 3650 3843
f 4455 4627 4863
f 4455 4863 4460
f 3900 3843 4686
f 4424 3900 4686
f 4828 4849 4442
f 4443 4442 4446
f 4443 4828 4442
f 4428 4424 4425
f 4428 4425 4429
f 4441 4428 4429
f 4431 4429 4849
f 4431 4441 4429
f 4430 4431 4849
f 506 513 505
f 513 245 514
f 514 245 237
f 245 241 237
f 241 136 237
f 505 477 506
f 136 153 238
f 153 167 238
f 560 478 559
f 480 478 560
f 478 475 559
f 477 475 474
f 2769 167 178
f 412 428 22
f 428 411 22
f 410 24 480
f 410 411 24
f 2770 2769 2772
f 22 689 412
f 412 689 690
f 2772 2768 3095
f 3767 3788 3768
f 3769 3788 3767
f 1837 1836 1835
f 1837 27 1820
f 1835 27 1837
f 1821 1820 27
f 2077 1821 1822
f 2077 1822 1679
f 1674 1679 1675
f 1645 1648 1664
f 1410 1398 1514
f 1593 1410 1514
f 1644 1596 1621
f 1621 1620 1644
f 898 892 21
f 21 1206 1194
f 892 1206 21
f 1186 1195 1194
f 1300 1315 1272
f 1315 952 1272
f 952 955 951
f 819 750 1219
f 1219 750 898
f 956 979 955
f 2917 979 956
f 818 827 819
f 827 1326 819
f 1326 1141 819
f 3110 2917 956
f 2980 3110 956
f 823 817 818
f 811 817 823
f 2980 3031 3110
f 811 809 812
f 812 809 826
f 809 808 826
f 826 808 1009
f 1067 1198 1009
f 2902 3134 2925
f 3599 3654 1198
f 3134 2902 4791
f 3913 3597 3599
f 4632 4791 4790
f 4632 4790 4631
f 3595 3597 3650
f 4863 4633 4628
f 4628 4632 4631
f 4628 4631 4863
f 4447 4444 4449
f 4448 4447 4449
f 4457 4455 4460
f 4457 4449 4455
f 4828 4430 4849
f 4446 4449 4444
f 4446 4444 4443
f 4422 3902 3900
f 4422 3900 4424
f 4428 4422 4424
f 4799 4428 4441
f 4799 4915 4428
f 506 511 513
f 474 476 477
f 476 506 477
f 154 153 136
f 167 153 178
f 496 480 23
f 480 479 478
f 474 475 476
f 476 475 478
f 23 24 428
f 24 411 428
f 24 23 480
f 412 690 428
f 428 690 398
f 212 2768 2769
f 2769 2768 2772
f 3768 3764 690
f 2767 1836 2768
f 3788 3764 3768
f 1834 1835 1836
f 1834 27 1835
f 3771 3813 3770
f 26 1822 1821
f 1821 27 26
f 1411 3813 3771
f 1411 3818 3813
f 1678 1676 1679
f 1677 1678 1679
f 1679 1822 1677
f 1412 3818 1411
f 1411 1511 1412
f 1662 1646 1664
f 1662 1664 1674
f 1675 1679 1676
f 1675 1676 1674
f 1412 1511 1396
f 1412 1396 1397
f 1643 1647 1644
f 1643 1644 1645
f 1642 1643 1645
f 1645 1664 1646
f 1645 1646 1642
f 1590 1396 1410
f 1590 1397 1396
f 1591 1410 1593
f 1591 1590 1410
f 1594 1593 1596
f 1595 1596 1644
f 1595 1594 1596
f 999 1186 1194
f 1186 1005 1300
f 999 1005 1186
f 1300 1005 1315
f 1206 1003 1194
f 999 1194 1003
f 977 976 1005
f 976 1315 1005
f 976 952 1315
f 976 959 952
f 952 956 955
f 959 956 952
f 1141 750 819
f 898 750 892
f 817 827 818
f 956 2981 2980
f 956 957 2981
f 812 814 811
f 813 814 812
f 811 816 817
f 814 816 811
f 3031 2980 2981
f 1208 826 807
f 812 826 813
f 813 826 1208
f 2981 3092 3031
f 2903 3092 2981
f 845 1301 1009
f 826 1009 807
f 1009 1301 807
f 2903 2983 3092
f 1198 845 1009
f 2902 2925 2983
f 1198 3654 3661
f 3599 3661 3654
f 3599 3899 3661
f 4791 2902 3079
f 3597 3899 3599
f 4790 4791 4789
f 4631 4790 4789
f 3595 3596 3597
f 4923 4460 4863
f 4863 4631 4923
f 3843 3594 3595
f 3843 3901 3594
f 4457 4460 4451
f 4457 4451 4449
f 3902 3843 3900
f 3902 3901 3843
f 4883 4797 4430
f 4932 4430 4828
f 4932 4883 4430
f 4445 4828 4443
f 4443 4444 4447
f 4443 4447 4445
f 4423 4422 4428
f 4431 4799 4441
f 4431 4430 4797
f 504 511 506
f 513 243 245
f 511 243 513
f 243 242 245
f 245 239 241
f 242 239 245
f 154 136 241
f 154 241 137
f 504 506 476
f 154 178 153
f 23 428 25
f 621 23 25
f 594 23 621
f 594 496 23
f 496 489 480
f 489 479 480
f 476 478 481
f 481 478 479
f 177 2769 178
f 429 426 428
f 426 620 428
f 25 428 621
f 428 620 621
f 428 398 429
f 212 2767 2768
f 690 3764 398
f 398 3764 400
f 1843 1836 2767
f 3764 3788 3763
f 1843 1834 1836
f 3769 3761 3788
f 3788 3761 3763
f 1829 27 1834
f 3761 3769 3792
f 27 2107 26
f 3813 3769 3770
f 3813 3818 3769
f 2097 1683 1822
f 2097 26 2107
f 1822 26 2097
f 1677 1822 1683
f 1677 1683 1678
f 1395 3818 1412
f 1685 2123 1662
f 1686 1662 1674
f 1686 1685 1662
f 1674 1676 1678
f 1674 1678 1686
f 1412 1397 1400
f 1642 1646 1662
f 1401 1397 1590
f 1401 1400 1397
f 1409 1401 1590
f 1597 1591 1593
f 1597 1590 1591
f 1592 1597 1593
f 1603 1593 1594
f 1603 1592 1593
f 1595 1644 1647
f 1595 1647 1594
f 1000 999 998
f 999 977 1005
f 750 745 892
f 892 744 1206
f 745 744 892
f 744 1003 1206
f 1003 998 999
f 977 1256 976
f 1256 959 976
f 959 957 956
f 1149 751 1141
f 1141 747 750
f 751 747 1141
f 959 2982 957
f 816 846 817
f 817 847 827
f 846 847 817
f 847 1326 827
f 1141 1326 1149
f 2982 2981 957
f 813 1208 835
f 835 1208 807
f 807 1301 806
f 2900 2983 2903
f 1301 1198 3660
f 1301 845 1198
f 2900 2902 2983
f 3899 3660 3661
f 3661 3660 1198
f 3079 2987 4791
f 3597 3596 3899
f 4789 4791 2987
f 4789 2987 4788
f 4792 4923 4631
f 4631 4789 4788
f 4631 4788 4792
f 3594 3596 3595
f 4452 4451 4460
f 4452 4453 4451
f 4452 4460 4923
f 3901 3947 3594
f 4456 4855 4447
f 4450 4447 4448
f 4450 4456 4447
f 4450 4448 4449
f 4449 4451 4453
f 4449 4453 4450
f 3902 3947 3901
f 4445 4447 4855
f 4445 4855 4828
f 4908 4420 3902
f 4908 3902 4422
f 4426 4422 4423
f 4426 4908 4422
f 4426 4423 4428
f 4801 4428 4915
f 4801 4426 4428
f 4801 4915 4799
f 4431 4797 4799
f 504 617 511
f 617 258 511
f 511 244 243
f 258 244 511
f 239 242 241
f 241 134 137
f 242 134 241
f 133 137 134
f 502 481 486
f 481 503 476
f 502 503 481
f 504 476 503
f 133 154 137
f 133 178 154
f 177 178 133
f 620 594 621
f 594 489 496
f 481 479 486
f 479 489 486
f 212 2769 177
f 212 177 207
f 426 430 620
f 3051 212 207
f 401 398 400
f 397 398 401
f 429 398 426
f 426 398 397
f 3051 2766 212
f 212 2766 2767
f 3764 401 400
f 1844 2767 2766
f 3762 3764 3765
f 1844 1843 2767
f 3762 3765 3763
f 3761 3762 3763
f 3763 3765 3764
f 1842 1834 1843
f 1829 1834 1842
f 3940 3761 3792
f 3792 3769 3940
f 3940 3769 3814
f 2107 27 1829
f 2107 1829 1786
f 3818 3814 3769
f 2097 2107 1786
f 1395 3814 3818
f 1715 1686 1678
f 1680 1715 1678
f 1678 1683 2097
f 1678 2097 1680
f 1662 2123 1641
f 1518 1394 1395
f 1518 1395 1412
f 1412 1400 1518
f 1639 1635 1647
f 1637 1639 1647
f 1637 1647 1643
f 1640 1637 1643
f 1640 1642 1641
f 1643 1642 1640
f 1641 1642 1662
f 1408 1400 1401
f 1598 1409 1590
f 1598 1590 1597
f 1594 1647 1635
f 1594 1635 1603
f 997 998 1003
f 997 1000 998
f 999 1256 977
f 1000 1256 999
f 747 745 750
f 997 1003 744
f 1327 962 1256
f 1256 962 959
f 2916 2982 959
f 846 1326 847
f 1149 1326 751
f 2916 2981 2982
f 2915 2981 2916
f 835 849 813
f 815 849 835
f 849 814 813
f 816 814 846
f 2915 2904 2981
f 2981 2904 2903
f 835 807 815
f 815 807 806
f 2986 2903 2904
f 804 802 1301
f 806 1301 805
f 805 1301 802
f 2986 2900 2903
f 843 995 3660
f 1301 3660 804
f 804 3660 995
f 2901 2902 2900
f 3899 843 3660
f 2902 2901 3079
f 2901 2984 2987
f 2901 2987 3079
f 3596 3658 3899
f 4788 2987 2984
f 4788 2984 4787
f 4792 4788 4787
f 3655 3596 3594
f 4454 4453 4452
f 4452 4923 4792
f 4452 4792 4454
f 3947 3655 3594
f 3947 3593 3655
f 4829 4855 4456
f 4829 4456 4450
f 4450 4453 4807
f 3985 3947 3902
f 3985 3593 3947
f 3902 4420 3985
f 4404 4798 4797
f 4400 4797 4883
f 4400 4404 4797
f 4400 4883 4932
f 4848 4932 4828
f 4848 4400 4932
f 4828 4855 4848
f 4427 4908 4426
f 4917 4426 4801
f 4917 4427 4426
f 4800 4801 4799
f 4799 4797 4798
f 4799 4798 4800
f 546 504 503
f 504 618 617
f 546 618 504
f 243 240 242
f 244 240 243
f 240 134 242
f 134 132 133
f 177 133 187
f 620 497 594
f 619 497 620
f 497 495 594
f 594 490 489
f 495 490 594
f 490 488 489
f 486 489 487
f 487 489 488
f 187 207 177
f 430 426 397
f 509 431 430
f 620 430 619
f 619 430 431
f 397 401 399
f 3764 399 401
f 3764 3757 399
f 3051 1844 2766
f 3764 3762 3757
f 3761 3757 3762
f 1840 1785 1829
f 1829 1842 1840
f 3814 3816 3940
f 1786 1829 1785
f 3816 3814 3815
f 1787 1680 2097
f 2097 1786 1785
f 2097 1785 1787
f 1395 3815 3814
f 1395 3817 3815
f 1715 1685 1686
f 1394 3817 1395
f 1641 2123 28
f 1753 28 2123
f 1753 2123 1685
f 1518 1393 1394
f 1640 1641 28
f 1402 1403 1518
f 1402 1518 1400
f 1588 1401 1409
f 1588 1408 1401
f 1589 1409 1598
f 1589 1588 1409
f 1599 1592 1603
f 1599 1597 1592
f 1603 1635 1599
f 1002 997 1282
f 997 1002 1000
f 1002 1001 1000
f 1000 1327 1256
f 1001 1327 1000
f 747 744 745
f 746 744 747
f 1282 744 748
f 744 1282 997
f 1327 1296 962
f 1296 960 962
f 962 960 959
f 2916 959 960
f 803 753 751
f 751 752 747
f 753 752 751
f 746 747 752
f 848 754 846
f 846 803 1326
f 754 803 846
f 751 1326 803
f 846 814 848
f 848 814 849
f 2915 2906 2904
f 805 785 806
f 1238 785 805
f 815 806 1251
f 1251 806 785
f 2906 2986 2904
f 805 802 1238
f 804 995 802
f 2985 2901 2900
f 3899 995 843
f 3899 3659 995
f 2985 2990 2984
f 2984 2901 2985
f 3658 3659 3899
f 3596 3656 3658
f 4787 2984 4786
f 3655 3656 3596
f 4947 4454 4792
f 4792 4787 4786
f 4792 4786 4947
f 4454 4807 4453
f 4454 4398 4807
f 3930 3655 3593
f 4871 4403 4855
f 4940 4855 4829
f 4940 4871 4855
f 4890 4829 4450
f 4450 4807 4398
f 4450 4398 4890
f 3591 3593 3985
f 3985 4420 3591
f 3591 4420 4440
f 4848 4855 4403
f 4848 4403 4400
f 4418 4420 4908
f 4418 4908 4427
f 4803 4917 4801
f 4803 4427 4917
f 4802 4801 4800
f 4802 4803 4801
f 4800 4798 4404
f 4800 4404 4802
f 618 258 617
f 258 252 244
f 132 134 240
f 132 240 131
f 486 484 502
f 487 484 486
f 546 503 502
f 132 131 133
f 133 169 187
f 131 169 133
f 527 497 619
f 169 207 187
f 397 292 430
f 430 292 291
f 509 430 291
f 619 431 527
f 527 431 509
f 2773 3051 207
f 397 399 292
f 292 399 291
f 2773 2765 3051
f 3757 3766 399
f 3757 3847 3766
f 2765 1844 3051
f 3847 3757 3756
f 3761 3756 3757
f 3761 3759 3756
f 1843 1845 1840
f 1842 1843 1840
f 3940 3759 3761
f 1840 2053 1785
f 3816 3819 3940
f 1785 2053 1787
f 3819 3816 3815
f 3819 3815 3817
f 1787 2134 1680
f 1714 1753 1685
f 1715 1714 1685
f 1715 1680 2134
f 3817 1394 1393
f 1392 3817 1393
f 28 1751 1789
f 2062 28 1753
f 1518 1392 1393
f 1518 1403 1392
f 1599 1635 1600
f 1635 1636 1600
f 1635 1639 1636
f 1638 1639 1637
f 1638 1640 1789
f 1637 1640 1638
f 1789 1640 28
f 1406 1402 1400
f 1406 1403 1402
f 1405 1400 1408
f 1405 1406 1400
f 2074 1589 1598
f 749 1282 748
f 1282 1004 1002
f 1001 1002 1327
f 1296 1327 1002
f 1296 1002 967
f 749 746 787
f 746 749 744
f 748 744 749
f 1296 3097 960
f 746 752 787
f 752 753 787
f 3097 2907 960
f 960 2907 2916
f 2915 2916 2907
f 753 803 754
f 2907 2906 2915
f 1251 825 815
f 780 825 1251
f 815 778 849
f 825 778 815
f 1251 785 780
f 780 785 1238
f 2905 2986 2906
f 784 782 802
f 1238 802 801
f 801 802 782
f 1254 1253 995
f 802 995 784
f 784 995 1253
f 2899 2985 2900
f 3659 1254 995
f 2985 2899 2990
f 2988 2984 2990
f 4786 2984 2988
f 4786 2988 4793
f 3655 3657 3656
f 4947 4786 4793
f 4947 4793 4778
f 3930 3657 3655
f 4458 4398 4454
f 4454 4947 4458
f 3592 3930 3593
f 4856 4940 4829
f 4856 4871 4940
f 4909 4829 4890
f 4909 4856 4829
f 4674 3592 3593
f 4674 3593 3591
f 3591 4440 4674
f 4405 4802 4404
f 4869 4404 4400
f 4869 4405 4404
f 4390 4869 4400
f 4400 4403 4871
f 4400 4871 4390
f 4416 4440 4420
f 4419 4420 4418
f 4419 4416 4420
f 4876 4418 4427
f 4852 4876 4427
f 4852 4427 4803
f 557 546 502
f 546 261 618
f 557 261 546
f 261 610 618
f 618 257 258
f 610 257 618
f 252 253 244
f 258 253 252
f 253 240 244
f 131 240 130
f 492 498 488
f 488 485 487
f 498 485 488
f 485 484 487
f 557 502 484
f 130 169 131
f 527 493 497
f 497 491 495
f 493 491 497
f 488 490 492
f 492 490 495
f 169 182 207
f 2773 207 182
f 2773 182 206
f 291 525 509
f 3766 290 399
f 3790 290 3766
f 291 399 290
f 3847 3790 3766
f 2764 1844 2765
f 3847 3756 3755
f 1849 1843 1844
f 3759 3755 3756
f 1845 1849 1840
f 1845 1843 1849
f 3940 3789 3759
f 1849 2053 1840
f 1772 2053 1849
f 3819 3789 3940
f 1772 1774 1787
f 1787 2053 1772
f 3981 3819 3817
f 2134 1774 1717
f 2134 1787 1774
f 3971 3981 3817
f 1714 1716 1753
f 1716 1715 1717
f 1714 1715 1716
f 1717 1715 2134
f 1392 3971 3817
f 1750 1789 1751
f 1750 2070 1789
f 2062 1753 1716
f 2062 1716 28
f 1392 1403 1391
f 1391 1403 1527
f 1638 1789 2070
f 1638 2070 1639
f 1404 1527 1403
f 1404 1403 1406
f 1406 1405 1408
f 1587 1408 1588
f 1587 1406 1408
f 1587 1588 1589
f 1604 1589 2074
f 1604 1587 1589
f 1604 2074 1598
f 1653 1598 1597
f 1653 1604 1598
f 1602 1597 1599
f 1602 1653 1597
f 1599 1600 1636
f 1599 1636 1602
f 973 1282 749
f 1004 975 1002
f 975 967 1002
f 787 837 749
f 973 749 837
f 964 963 967
f 967 961 1296
f 963 961 967
f 961 3097 1296
f 758 753 754
f 755 753 758
f 787 753 788
f 788 753 755
f 982 2907 3097
f 778 764 849
f 849 759 848
f 764 759 849
f 754 759 758
f 754 848 759
f 2909 2906 2907
f 2909 2905 2906
f 801 779 1238
f 781 779 801
f 780 1238 774
f 774 1238 779
f 3138 2986 2905
f 801 782 781
f 781 782 784
f 2898 2900 2986
f 2900 2898 2899
f 3659 1253 1254
f 3659 3903 1253
f 2898 2989 2990
f 2898 2990 2899
f 3658 3903 3659
f 2989 2988 2990
f 3656 3657 3658
f 4793 2988 4779
f 4778 4793 4779
f 3930 3837 3657
f 4381 4909 4890
f 4388 4890 4398
f 4388 4381 4890
f 4387 4398 4458
f 4387 4388 4398
f 4458 4947 4778
f 4458 4778 4387
f 3837 3930 3592
f 3837 3592 3590
f 4378 4390 4871
f 4376 4378 4871
f 4377 4871 4856
f 4377 4376 4871
f 3590 3592 4674
f 4674 4440 4421
f 4802 4411 4803
f 4802 4877 4411
f 4406 4802 4405
f 4406 4877 4802
f 4421 4440 4416
f 4416 4419 4418
f 4417 4418 4876
f 4417 4416 4418
f 4876 4803 4411
f 4852 4803 4876
f 257 610 258
f 258 254 253
f 610 254 258
f 253 254 240
f 130 240 254
f 485 555 484
f 557 484 556
f 556 484 555
f 130 182 169
f 181 182 130
f 525 518 509
f 509 518 527
f 527 494 493
f 518 494 527
f 492 495 498
f 498 495 491
f 181 199 182
f 206 182 199
f 289 291 290
f 291 294 525
f 289 294 291
f 199 2773 206
f 2774 2773 199
f 289 290 3790
f 2773 2774 2765
f 2764 2765 2774
f 3847 3950 3790
f 2774 1844 2764
f 2124 1844 2774
f 3847 3755 3754
f 2124 1849 1844
f 3759 3754 3755
f 1773 1775 1849
f 1775 1772 1849
f 3819 3803 3789
f 1772 1771 1774
f 3981 3803 3819
f 1717 1770 1847
f 1717 1774 1770
f 1774 1771 1770
f 3981 3971 3795
f 1716 1718 1719
f 1718 1716 1717
f 1718 1717 1847
f 1392 3795 3971
f 1392 1390 3795
f 1750 1752 2070
f 1750 28 1719
f 1751 28 1750
f 1719 28 1716
f 1527 1390 1392
f 1527 1392 1391
f 1654 1602 1636
f 2010 1654 1636
f 2010 1636 1639
f 1639 2070 1752
f 1639 1752 2010
f 1528 1389 1527
f 1528 1527 1404
f 1407 1404 1406
f 1661 1587 1604
f 973 966 1282
f 1282 966 1004
f 1004 965 975
f 966 965 1004
f 964 967 975
f 787 29 837
f 788 29 787
f 973 837 29
f 964 975 963
f 3097 963 982
f 961 963 3097
f 788 755 756
f 963 3036 982
f 3036 2907 982
f 2909 2907 3036
f 2909 3036 2908
f 774 772 780
f 773 772 774
f 780 772 825
f 778 825 764
f 764 825 772
f 2905 2909 3138
f 2909 2911 3138
f 781 1287 779
f 774 779 773
f 773 779 1287
f 2986 3138 2911
f 783 1234 784
f 781 784 1287
f 1287 784 1234
f 2911 2898 2986
f 3052 2898 2911
f 3949 1129 1253
f 784 1253 783
f 783 1253 1129
f 2898 3052 2897
f 3903 3949 1253
f 2897 2989 2898
f 3658 3844 3903
f 3657 3844 3658
f 4779 2988 4780
f 4778 4777 4387
f 4778 4776 4777
f 4778 4779 4780
f 4778 4780 4776
f 3837 3585 3657
f 4381 4379 4909
f 4388 4387 4381
f 3837 3590 3580
f 4856 4909 4379
f 4856 4379 4377
f 4500 3590 4674
f 4500 4501 3590
f 4674 4421 4500
f 4500 4421 4499
f 4410 4876 4411
f 4869 4390 4378
f 4869 4378 4405
f 4437 4499 4421
f 4437 4421 4416
f 4435 4437 4416
f 4415 4417 4876
f 4415 4416 4417
f 4414 4415 4876
f 556 554 557
f 555 554 556
f 557 563 261
f 554 563 557
f 261 255 610
f 610 255 254
f 255 130 254
f 499 500 498
f 498 501 485
f 500 501 498
f 485 501 555
f 128 129 130
f 130 129 181
f 521 494 518
f 498 491 499
f 499 491 493
f 525 294 518
f 294 517 518
f 294 289 517
f 211 2774 199
f 210 2774 211
f 3950 283 3790
f 289 3790 288
f 288 3790 283
f 3847 283 3950
f 3847 3754 3753
f 2089 1849 2124
f 3759 3753 3754
f 1773 1849 2089
f 1773 2089 1775
f 3789 3916 3759
f 1769 1772 1775
f 3803 3916 3789
f 1771 1772 1769
f 1771 1769 1784
f 1770 1771 1784
f 3795 3743 3803
f 3795 3803 3981
f 1721 1750 1719
f 1720 1719 1718
f 1720 1721 1719
f 1718 1847 1770
f 1718 1770 1720
f 1728 1752 1750
f 1389 1390 1527
f 1654 2041 1602
f 1792 2010 1752
f 1414 1528 1404
f 1437 1404 1407
f 1437 1414 1404
f 1584 1437 1407
f 1584 1407 1406
f 1585 1406 1587
f 1585 1584 1406
f 1585 1587 1661
f 1653 1661 1604
f 1653 1602 2041
f 973 29 838
f 974 973 838
f 756 839 788
f 757 839 756
f 29 839 838
f 29 788 839
f 965 1007 975
f 1007 963 975
f 760 758 759
f 756 755 757
f 757 755 758
f 968 3036 963
f 762 764 761
f 759 764 760
f 2910 2909 2908
f 2911 2909 2910
f 761 772 762
f 772 761 764
f 786 775 1287
f 773 1287 775
f 2913 2896 2911
f 1287 1234 786
f 2896 3052 2911
f 783 1129 1234
f 3903 1129 3949
f 3903 3844 1129
f 3052 2989 2897
f 3657 3582 3844
f 4780 2988 4781
f 3585 3582 3657
f 4777 4379 4387
f 4776 4780 4781
f 4776 4781 4777
f 3837 3579 3585
f 4380 4377 4379
f 4381 4387 4379
f 3579 3837 3580
f 3580 3590 3579
f 3579 3590 3576
f 4372 4373 4378
f 4375 4378 4376
f 4375 4372 4378
f 4375 4376 4377
f 3576 3590 4501
f 4499 4501 4500
f 4410 4414 4876
f 4407 4411 4877
f 4407 4410 4411
f 4407 4877 4406
f 4405 4378 4373
f 4405 4373 4406
f 4437 4901 4499
f 4432 4435 4416
f 4415 4432 4416
f 261 256 255
f 563 256 261
f 255 126 130
f 256 126 255
f 128 130 126
f 555 501 549
f 129 128 181
f 199 181 128
f 199 128 195
f 521 518 517
f 521 522 494
f 519 522 521
f 522 534 494
f 494 536 493
f 534 536 494
f 499 493 543
f 543 493 536
f 195 211 199
f 283 287 288
f 288 521 289
f 287 521 288
f 517 289 521
f 3758 284 283
f 210 2124 2774
f 3847 3758 283
f 3847 3760 3758
f 1779 2124 2763
f 3847 3753 3760
f 3760 3753 3737
f 1779 2089 2124
f 3759 3737 3753
f 3759 3736 3737
f 2089 1776 1775
f 3916 3736 3759
f 1776 1769 1775
f 3803 3743 3916
f 1770 1784 1769
f 1770 1769 1768
f 1390 3744 3743
f 1390 3743 3795
f 1721 1728 1750
f 1720 1770 1768
f 1390 1507 1416
f 1735 1793 1752
f 1752 1793 1792
f 1733 1752 1728
f 1733 1735 1752
f 1413 1507 1390
f 1413 1390 1389
f 1388 1413 1389
f 1389 1528 1388
f 2041 1866 1660
f 2106 1654 2010
f 2106 2041 1654
f 1793 2010 1792
f 1793 2106 2010
f 1577 1388 1528
f 1414 1577 1528
f 1586 1585 1661
f 1659 1586 1661
f 1659 1653 1660
f 1661 1653 1659
f 1660 1653 2041
f 838 1103 974
f 917 1103 838
f 974 1103 973
f 973 1284 966
f 1103 1284 973
f 1284 972 966
f 966 970 965
f 972 970 966
f 1328 840 757
f 840 839 757
f 838 839 917
f 970 969 965
f 965 969 1007
f 1007 969 963
f 968 963 969
f 760 1240 758
f 766 1240 760
f 757 758 1328
f 1328 758 1240
f 3036 2910 2908
f 968 2910 3036
f 765 763 762
f 762 763 764
f 760 764 766
f 766 764 763
f 2912 2911 2910
f 2914 2911 2912
f 771 773 775
f 773 770 772
f 771 770 773
f 762 772 765
f 765 772 770
f 2914 2913 2911
f 775 786 1312
f 1132 790 1234
f 786 1234 1312
f 1312 1234 790
f 2894 3052 2896
f 1234 1129 1132
f 1132 1129 1128
f 3052 2894 2895
f 3844 1128 1129
f 2895 2989 3052
f 4781 2988 2989
f 3582 3583 3844
f 4782 4777 4781
f 4866 4401 4777
f 4777 4401 4379
f 3579 3846 3585
f 4380 4918 4377
f 4379 4401 4380
f 3579 3576 3846
f 4375 4377 4918
f 4901 3576 4501
f 4901 4502 3576
f 4901 4501 4499
f 4412 4896 4414
f 4408 4414 4410
f 4408 4412 4414
f 4408 4410 4407
f 4370 4407 4406
f 4406 4373 4374
f 4406 4374 4370
f 4436 4503 4901
f 4436 4901 4437
f 4436 4437 4435
f 4415 4414 4896
f 4415 4896 4432
f 549 596 555
f 548 596 549
f 555 629 554
f 596 629 555
f 554 633 563
f 629 633 554
f 563 633 256
f 256 124 126
f 543 542 499
f 540 542 543
f 499 544 500
f 542 544 499
f 500 544 501
f 549 501 548
f 548 501 544
f 195 128 175
f 521 380 520
f 519 521 520
f 543 536 540
f 540 536 534
f 210 211 195
f 210 195 209
f 284 287 283
f 521 287 380
f 197 210 209
f 282 284 3758
f 197 3096 210
f 210 3096 2124
f 2763 2124 3096
f 3760 3969 3758
f 3760 3737 3735
f 1778 2089 1779
f 3736 3735 3737
f 2089 1778 1776
f 2126 1769 1776
f 1769 2126 1788
f 1768 1767 2103
f 1768 1769 1788
f 1768 1788 1767
f 1416 3744 1390
f 1763 1734 1728
f 2103 1728 1721
f 2103 1763 1728
f 1721 1720 2103
f 2103 1720 1768
f 1733 1728 1734
f 1733 1734 1735
f 1863 1660 1866
f 1863 1965 1660
f 1793 1735 2106
f 1413 1388 1577
f 1415 1577 1414
f 1415 1414 1437
f 2009 1437 1584
f 2009 1584 1585
f 1586 2009 1585
f 1659 1660 1586
f 917 1324 1103
f 839 1324 917
f 1324 1284 1103
f 970 972 971
f 840 1328 1066
f 970 971 969
f 968 969 971
f 1240 1066 1328
f 1240 766 1066
f 971 1205 968
f 968 2912 2910
f 1205 2912 968
f 765 767 763
f 776 767 765
f 766 763 1050
f 1050 763 767
f 1236 791 775
f 1236 775 1312
f 775 770 771
f 791 770 775
f 765 770 776
f 2889 2913 2914
f 1236 1312 789
f 2913 2889 2896
f 2896 2889 2891
f 1312 790 789
f 789 790 1132
f 2891 2894 2896
f 1132 1128 1127
f 2895 2894 2992
f 3844 1127 1128
f 3844 3584 1127
f 2992 2989 2895
f 4781 2989 2992
f 3583 3584 3844
f 4782 4783 4777
f 4866 4777 4783
f 3846 3577 3585
f 4382 4918 4380
f 4382 4383 4918
f 4380 4401 4866
f 4380 4866 4382
f 3846 3576 3577
f 3577 3576 3575
f 4371 4374 4373
f 4371 4370 4374
f 4372 4371 4373
f 4903 4372 4375
f 4375 4918 4903
f 3575 3576 4502
f 4503 4502 4901
f 4925 4408 4407
f 4409 4407 4370
f 4409 4925 4407
f 4438 4503 4436
f 4434 4438 4436
f 4434 4436 4435
f 4434 4435 4432
f 4433 4434 4432
f 4432 4896 4412
f 4432 4412 4433
f 633 122 256
f 256 123 124
f 122 123 256
f 540 544 542
f 548 544 613
f 613 544 614
f 123 125 124
f 124 125 126
f 126 125 128
f 175 128 125
f 520 523 519
f 381 523 520
f 540 534 541
f 541 534 522
f 209 195 175
f 209 175 197
f 284 378 287
f 285 378 284
f 378 380 287
f 520 380 381
f 281 282 3758
f 284 282 285
f 197 2689 3096
f 2763 3096 2689
f 3758 3969 281
f 2689 1779 2763
f 3760 3735 3969
f 3969 3735 3734
f 1779 1781 1777
f 1778 1779 1777
f 3736 3734 3735
f 1777 1781 1776
f 1781 1780 1776
f 1777 1776 1778
f 1780 2126 1776
f 3743 3727 3916
f 1788 2126 2127
f 3744 3727 3743
f 1739 1747 1767
f 1767 1747 2103
f 1767 1788 2127
f 3744 1416 3836
f 2103 1747 1763
f 1507 3836 1416
f 1748 1860 1735
f 1735 1734 1763
f 1735 1763 1748
f 1438 3836 1507
f 1438 1507 1413
f 1438 1413 1420
f 1965 1687 1660
f 1863 1687 1965
f 1864 1866 2041
f 1864 1863 1866
f 1860 2041 2106
f 1860 1864 2041
f 2106 1735 1860
f 2092 1420 1413
f 1387 1413 1577
f 1387 2092 1413
f 2088 1577 1415
f 2088 1415 1437
f 1605 2009 1586
f 1586 1660 1687
f 1586 1687 1605
f 841 1249 839
f 839 1241 1324
f 1249 1241 839
f 1324 1201 1284
f 1284 1214 972
f 1201 1214 1284
f 971 972 1214
f 839 840 841
f 1214 978 971
f 978 1196 971
f 1050 1317 766
f 766 842 1066
f 1317 842 766
f 840 1066 842
f 1196 1197 971
f 971 1197 1205
f 1205 1197 2912
f 1197 2914 2912
f 776 777 767
f 768 777 776
f 1050 767 1235
f 776 770 768
f 768 770 769
f 2887 2889 2914
f 1236 789 791
f 791 789 793
f 2889 2890 2891
f 1131 800 1132
f 789 1132 793
f 793 1132 800
f 2894 2891 2890
f 1132 1127 1131
f 1131 1127 1126
f 2992 2894 2890
f 2992 2890 2893
f 3584 1126 1127
f 2893 4781 2992
f 3005 4781 2893
f 3005 4782 4781
f 4783 4782 4784
f 3585 3560 3582
f 4911 4382 4866
f 4911 4866 4783
f 3577 3560 3585
f 4383 4384 4918
f 4903 4371 4372
f 4903 4918 4384
f 3578 3574 3575
f 3578 3575 4502
f 4438 4502 4503
f 4438 3578 4502
f 4366 30 4412
f 4459 4412 4408
f 4459 4366 4412
f 4413 4408 4925
f 4413 4459 4408
f 4865 4504 4438
f 4939 4438 4434
f 4439 4939 4434
f 30 4434 4433
f 30 4439 4434
f 4433 4412 30
f 613 634 548
f 614 634 613
f 548 634 596
f 629 641 633
f 596 641 629
f 633 135 122
f 641 135 633
f 135 123 122
f 541 545 540
f 539 545 541
f 540 545 544
f 544 615 614
f 545 615 544
f 175 125 174
f 541 522 539
f 539 522 519
f 174 196 175
f 197 175 196
f 381 380 379
f 379 380 378
f 196 2689 197
f 280 282 281
f 285 282 286
f 286 282 280
f 3873 3912 3969
f 281 3969 280
f 280 3969 3912
f 2775 1779 2689
f 1783 1779 2775
f 3969 3734 3873
f 3873 3734 3730
f 1781 1779 1783
f 1781 1783 1782
f 3736 3730 3734
f 1782 1780 1781
f 3916 3732 3736
f 3727 3732 3916
f 2127 2126 2057
f 3744 3726 3727
f 1749 1739 1767
f 1767 2127 2057
f 1767 2057 1749
f 1417 3744 3836
f 3726 3744 1417
f 1738 1736 1763
f 1737 1738 1763
f 1763 1747 1739
f 1763 1739 1737
f 3836 1418 1417
f 1860 1852 1851
f 1748 1852 1860
f 1748 1763 1736
f 1419 1418 3836
f 1419 3836 1438
f 1687 1865 1894
f 1865 1687 1863
f 1862 1865 1863
f 1861 1863 1864
f 1861 1862 1863
f 1860 1851 1861
f 1864 1860 1861
f 2092 1438 1420
f 2092 1525 1438
f 1574 2088 1437
f 2037 1437 2009
f 2037 1574 1437
f 1606 2037 2009
f 1606 1605 1894
f 2009 1605 1606
f 1894 1605 1687
f 1241 1228 1324
f 1249 1228 1241
f 1324 1200 1201
f 1228 1200 1324
f 1214 1201 1202
f 1035 840 842
f 850 840 1035
f 841 840 1249
f 1249 840 850
f 1214 1202 978
f 1196 978 3017
f 1255 1050 1235
f 1049 1050 1255
f 842 1050 1035
f 842 1317 1050
f 1196 3017 1197
f 769 777 768
f 1235 767 1255
f 767 777 1255
f 3017 2887 1197
f 1197 2887 2914
f 792 794 791
f 791 1314 770
f 794 1314 791
f 770 1283 769
f 1314 1283 770
f 2890 2889 2887
f 791 793 792
f 3016 2892 2890
f 3906 1131 1126
f 2893 2890 2892
f 2893 2892 2993
f 3584 3906 1126
f 2993 3005 2893
f 3559 3584 3583
f 4784 4782 3005
f 3558 3559 3583
f 3583 3582 3558
f 4784 32 4783
f 3560 3558 3582
f 4911 33 4382
f 4911 4783 32
f 4911 32 33
f 3577 3574 3560
f 4384 4386 4385
f 4383 4382 33
f 4383 33 4384
f 3574 3577 3575
f 4409 4927 4925
f 4409 4368 4927
f 4368 4409 4370
f 4369 4370 4371
f 4369 4368 4370
f 4369 4903 4385
f 4371 4903 4369
f 4385 4903 4384
f 4504 3578 4438
f 4504 4505 3578
f 30 4361 4362
f 4463 30 4366
f 4459 4925 4927
f 4413 4925 4459
f 4508 4504 4865
f 4508 4865 4438
f 4826 4438 4939
f 4826 4508 4438
f 4939 30 4362
f 4439 30 4939
f 634 641 596
f 123 135 127
f 127 125 123
f 135 170 127
f 127 170 125
f 125 171 174
f 170 171 125
f 381 535 523
f 379 535 381
f 523 535 519
f 539 519 538
f 538 519 535
f 285 377 378
f 286 377 285
f 2688 2689 196
f 286 280 34
f 34 280 279
f 2775 2689 2690
f 2689 2688 2690
f 1783 2775 2690
f 3873 3730 3912
f 3912 3730 3729
f 1783 1999 1782
f 3736 3729 3730
f 3736 3725 3729
f 1999 1780 1782
f 2126 1780 1999
f 3732 3725 3736
f 2057 2126 2000
f 2057 2000 1764
f 1764 2002 1749
f 1749 2057 1764
f 1737 1739 1749
f 1737 1749 1738
f 1851 2006 1861
f 1851 1852 1748
f 1748 1736 1738
f 1748 1738 1851
f 1519 1418 1419
f 1419 1438 1426
f 1525 1426 1438
f 1861 2006 1862
f 2092 1426 1525
f 1386 1426 2092
f 1572 1387 1577
f 1572 2092 1387
f 1573 1577 2088
f 1573 1572 1577
f 1574 1573 2088
f 850 852 1249
f 852 1232 1249
f 1249 1063 1228
f 1232 1063 1249
f 1202 1201 1200
f 1321 850 1035
f 1200 1288 1202
f 3017 978 1202
f 3017 1202 3111
f 1051 1049 1255
f 1035 1050 1321
f 1321 1050 1049
f 1283 1299 769
f 769 1052 777
f 1299 1052 769
f 1255 777 1051
f 1051 777 1052
f 3019 2888 3017
f 3017 2888 2887
f 3018 2890 2887
f 796 793 800
f 792 793 794
f 794 793 796
f 3018 3016 2890
f 1023 828 1131
f 1131 828 800
f 796 800 828
f 2892 3016 3104
f 3906 1023 1131
f 2993 2892 3104
f 3584 3573 3906
f 3104 3005 2993
f 3584 3559 3573
f 3573 3559 3568
f 3004 4784 3005
f 32 35 31
f 32 4785 35
f 32 4784 3004
f 32 3004 4785
f 3560 3557 3558
f 4392 4391 33
f 4392 33 31
f 31 33 32
f 3574 3557 3560
f 3574 3570 3557
f 4389 4369 4385
f 4386 4389 4385
f 4384 33 4391
f 4384 4391 4386
f 3953 3570 3574
f 3574 3578 3953
f 3944 3953 3578
f 4505 3944 3578
f 4504 4508 4505
f 4505 4508 4510
f 4360 4361 30
f 4463 4360 30
f 4459 4927 4367
f 4459 4367 4366
f 4507 4510 4508
f 4826 4507 4508
f 4939 4362 4361
f 4939 4361 4826
f 615 645 614
f 622 645 615
f 614 644 634
f 645 644 614
f 644 643 634
f 634 642 641
f 643 642 634
f 641 642 135
f 135 642 228
f 538 567 539
f 537 567 538
f 539 566 545
f 567 566 539
f 566 567 545
f 615 545 622
f 622 545 567
f 228 225 135
f 135 225 170
f 174 171 2688
f 377 371 378
f 378 637 379
f 371 637 378
f 379 612 535
f 637 612 379
f 538 535 537
f 174 2688 196
f 286 34 372
f 286 373 377
f 372 373 286
f 208 2688 198
f 277 279 280
f 279 277 34
f 208 2690 2688
f 3747 3746 3912
f 280 3912 277
f 277 3912 3746
f 2687 1783 2690
f 3912 3729 3747
f 3747 3729 3728
f 2687 1999 1783
f 3725 3728 3729
f 2000 2126 1999
f 1986 2102 1764
f 1986 1764 2000
f 3726 3741 3727
f 2002 2076 1749
f 1764 2102 2002
f 1417 3741 3726
f 1740 1850 1738
f 1982 1740 1738
f 1738 1749 2076
f 1738 2076 1982
f 1519 1417 1418
f 1746 2006 1851
f 1746 1862 2006
f 1850 1746 1851
f 1851 1738 1850
f 1382 1379 1519
f 1382 1519 1419
f 1419 1426 1382
f 1382 1426 1381
f 1977 1905 1606
f 1858 1606 1894
f 1858 1977 1606
f 1857 1894 1865
f 1857 1858 1894
f 1859 1857 1865
f 2081 1865 1862
f 2081 1859 1865
f 1384 1381 1426
f 1385 1426 1386
f 1385 1384 1426
f 1575 1573 1574
f 1905 1574 2037
f 1905 1575 1574
f 2037 1606 1905
f 851 852 850
f 1063 1059 1228
f 1228 1062 1200
f 1059 1062 1228
f 851 850 1321
f 1062 1125 1200
f 1200 1125 1288
f 3111 1202 1288
f 1051 1048 1049
f 1052 1048 1051
f 1048 1109 1049
f 1321 1049 1108
f 1108 1049 1109
f 3111 3019 3017
f 1037 1299 1283
f 3019 2886 2888
f 2887 2888 2886
f 795 1306 794
f 1306 798 794
f 794 799 1314
f 798 799 794
f 1283 1314 1037
f 1037 1314 799
f 2886 3018 2887
f 794 796 795
f 795 796 797
f 3016 3018 2994
f 828 1023 1271
f 796 828 797
f 797 828 1271
f 3104 3016 2994
f 2999 3104 2994
f 3906 3573 1023
f 3104 2999 3125
f 3125 3005 3104
f 3004 3005 3125
f 3573 3568 3572
f 3559 3558 3568
f 3568 3558 3557
f 4785 4393 35
f 4392 31 35
f 4396 4389 4386
f 4386 4391 4392
f 4386 4392 4396
f 4506 3570 3953
f 4402 4927 4368
f 4368 4369 4389
f 4368 4389 4402
f 4506 3953 3944
f 4506 3944 4505
f 4509 4506 4505
f 4505 4510 4509
f 4358 4466 4361
f 4363 4361 4360
f 4363 4358 4361
f 4363 4360 4463
f 4364 4363 4463
f 4365 4463 4366
f 4365 4364 4463
f 4366 4367 4462
f 4366 4462 4365
f 4510 4507 4826
f 4946 4510 4826
f 4826 4361 4466
f 4826 4466 4946
f 623 622 606
f 622 646 645
f 623 646 622
f 622 567 606
f 225 172 170
f 228 172 225
f 170 179 171
f 172 179 170
f 2688 171 179
f 537 535 547
f 547 535 612
f 179 198 2688
f 377 373 371
f 371 373 372
f 277 293 34
f 278 293 277
f 372 34 382
f 382 34 293
f 2687 2690 208
f 277 3746 278
f 3747 3728 3746
f 3746 3728 3731
f 2000 1999 2687
f 3725 3731 3728
f 1985 2102 1986
f 1986 2000 1985
f 3727 3723 3732
f 3741 3723 3727
f 1982 2002 1984
f 2076 2002 1982
f 1984 2002 2102
f 1417 3738 3741
f 1741 1740 1982
f 1379 3738 1417
f 1379 1417 1519
f 1854 2081 1862
f 1854 1862 1746
f 1850 1740 1746
f 1380 1379 1382
f 1381 1380 1382
f 1977 1971 1905
f 1383 1381 1384
f 1385 1386 2092
f 1571 2092 1572
f 1571 1385 2092
f 1905 1971 1575
f 851 1232 852
f 1232 1061 1063
f 1108 1204 1321
f 851 1321 853
f 853 1321 1204
f 1062 1059 1125
f 3111 1288 1125
f 1299 1046 1052
f 1052 1047 1048
f 1046 1047 1052
f 1125 3019 3111
f 1037 1036 1299
f 2885 3018 3019
f 3019 3018 2886
f 799 798 1306
f 799 1230 1037
f 795 797 1306
f 1306 797 1271
f 2997 2995 3018
f 3018 2995 2994
f 2994 2995 2996
f 2996 2999 2994
f 1111 1054 1023
f 1111 1023 3573
f 1271 1023 829
f 829 1023 1054
f 3125 2999 3053
f 3573 1112 1111
f 3053 3004 3125
f 3006 3004 3053
f 3573 3572 1112
f 1112 3572 3566
f 4785 3006 3012
f 3004 3006 4785
f 3566 3572 3556
f 3557 3572 3568
f 4397 4785 3012
f 4393 4785 4397
f 3572 3557 3556
f 4392 35 4393
f 4392 4393 4396
f 3570 3936 3557
f 4924 4402 4389
f 4399 4924 4389
f 4399 4389 4396
f 3937 3936 3570
f 3937 3570 4506
f 4474 4462 4367
f 4672 4367 4927
f 4672 4474 4367
f 4949 4927 4402
f 4949 4672 4927
f 4512 3937 4506
f 4511 4506 4509
f 4511 4512 4506
f 4351 4358 4363
f 4351 4867 4358
f 4365 4462 4474
f 4365 4474 4364
f 4938 4511 4509
f 4938 4509 4510
f 4867 4938 4510
f 4867 4946 4358
f 4510 4946 4867
f 4358 4946 4466
f 606 607 623
f 643 227 642
f 644 227 643
f 228 642 227
f 228 227 226
f 612 611 547
f 547 611 537
f 537 608 567
f 611 608 537
f 606 567 607
f 607 567 608
f 226 224 228
f 224 172 228
f 179 172 188
f 371 370 368
f 371 636 637
f 368 636 371
f 637 636 612
f 179 188 198
f 208 198 188
f 208 188 2686
f 382 366 372
f 376 366 382
f 371 372 370
f 372 366 370
f 382 293 376
f 376 293 278
f 2686 2687 208
f 3106 2687 2686
f 307 308 3746
f 278 3746 306
f 306 3746 308
f 3746 3731 307
f 307 3731 3959
f 1985 2000 2687
f 3725 3959 3731
f 3725 3732 3745
f 3745 3732 3723
f 2001 1983 1984
f 1984 2102 1985
f 1984 1985 2001
f 3741 3738 3723
f 1982 1984 1983
f 1982 1983 1741
f 1740 1790 1746
f 1740 1742 1790
f 1742 1740 1741
f 1380 3738 1379
f 1854 1853 2081
f 1853 1746 1790
f 1854 1746 1853
f 1509 1378 1380
f 1509 1380 1381
f 1381 1383 1509
f 1509 1383 1421
f 2059 1971 1977
f 2059 1973 1971
f 1859 2081 1853
f 1859 1853 1857
f 2078 1383 1384
f 2078 1421 1383
f 2078 1384 1385
f 1576 2078 1385
f 1569 1385 1571
f 1569 1576 1385
f 1570 1573 1575
f 1570 1572 1573
f 1575 1971 1570
f 1061 1064 1063
f 1232 1064 1061
f 1063 1058 1059
f 1064 1058 1063
f 1046 1108 1109
f 1213 1108 1046
f 853 1204 899
f 899 1204 1108
f 1058 1060 1059
f 1059 2884 1125
f 1060 2884 1059
f 1038 1046 1299
f 1109 1048 1046
f 1048 1047 1046
f 2884 2885 1125
f 1125 2885 3019
f 1229 1230 799
f 1230 1286 1037
f 1299 1036 1038
f 1038 1036 1037
f 2885 3020 3018
f 3018 3020 2997
f 1134 1135 1306
f 1135 1138 1306
f 799 1306 1229
f 1229 1306 1138
f 1306 1271 1134
f 1134 1271 1133
f 2997 2998 2995
f 2996 2995 2998
f 830 829 1054
f 1271 829 1133
f 1133 829 830
f 2998 2999 2996
f 3000 2999 2998
f 1112 1054 1111
f 3053 2999 3000
f 3053 3000 3002
f 3002 3006 3053
f 3565 1112 3566
f 3564 3565 3566
f 3006 3003 3012
f 3556 3564 3566
f 4397 3012 3003
f 4396 4394 4395
f 4396 4393 4397
f 4396 4397 4394
f 3936 3554 3557
f 4924 4399 4395
f 4395 4399 4396
f 4474 4475 4364
f 4474 4472 4475
f 4949 4402 4924
f 4949 4924 4672
f 4354 4683 4867
f 4354 4867 4351
f 4351 4364 4475
f 4363 4364 4351
f 4536 4511 4938
f 4684 4938 4867
f 4684 4536 4938
f 607 383 623
f 349 383 607
f 623 383 646
f 226 227 644
f 350 611 612
f 607 608 349
f 224 173 172
f 188 172 173
f 612 636 350
f 368 370 365
f 365 370 366
f 306 303 278
f 305 303 306
f 376 278 375
f 375 278 303
f 306 308 305
f 1987 2687 3106
f 307 3959 308
f 308 3959 3721
f 1987 1985 2687
f 2054 1985 1987
f 3725 3721 3959
f 3725 3720 3721
f 3725 3745 3720
f 3720 3745 3719
f 2054 1998 1985
f 2054 1990 1998
f 3719 3745 3723
f 3719 3723 3742
f 2001 1985 1998
f 3738 3742 3723
f 1741 1983 2001
f 1741 2001 2105
f 1743 1790 1742
f 1742 1741 2105
f 1742 2105 1743
f 1378 1377 3738
f 1378 3738 1380
f 1855 1856 1853
f 1506 1378 1509
f 1509 1421 1506
f 1506 1421 1424
f 1971 1973 2058
f 1856 1858 1857
f 1856 1977 1858
f 1857 1853 1856
f 1422 1421 2078
f 1422 1424 1421
f 1570 1571 1572
f 1570 1569 1571
f 2058 1570 1971
f 899 919 853
f 853 900 851
f 919 900 853
f 851 900 1232
f 1232 1211 1064
f 900 1211 1232
f 1058 1064 1057
f 1046 1184 1213
f 1044 1184 1046
f 1213 1184 1108
f 899 1108 1184
f 1058 1057 1060
f 2884 1060 2883
f 1038 1053 1046
f 1044 1046 1053
f 2884 2883 2885
f 3020 2885 2883
f 3020 2883 2997
f 1286 1039 1037
f 1230 1039 1286
f 1038 1037 1039
f 1138 1135 1229
f 3014 2998 2997
f 1134 1133 1135
f 1135 1133 1136
f 2998 3014 3001
f 831 1008 1054
f 1008 830 1054
f 1133 830 1136
f 3001 3000 2998
f 1112 831 1054
f 1112 3563 831
f 3001 3007 3002
f 3001 3002 3000
f 1112 3565 3563
f 3007 3006 3002
f 3564 3563 3565
f 3003 3006 4491
f 3556 3554 3564
f 4397 3003 4491
f 4397 4491 4847
f 3554 3556 3557
f 4394 4488 4395
f 4857 4488 4394
f 4394 4397 4857
f 3936 3555 3554
f 3936 3561 3555
f 4924 4467 4470
f 4924 4395 4488
f 4924 4488 4467
f 3571 3561 3936
f 3571 3936 4517
f 4471 4472 4474
f 4672 4470 4467
f 4471 4672 4467
f 4474 4672 4471
f 4470 4672 4924
f 4513 4517 3936
f 4513 3936 3937
f 4513 3937 4512
f 4536 4864 4511
f 4864 4512 4511
f 4864 4513 4512
f 4873 4683 4354
f 4353 4354 4351
f 4351 4475 4796
f 4351 4796 4353
f 4864 4536 4684
f 4864 4684 4683
f 4683 4684 4867
f 349 352 383
f 383 230 646
f 646 221 645
f 230 221 646
f 645 221 644
f 222 223 226
f 644 222 226
f 221 222 644
f 350 342 611
f 344 342 350
f 342 343 611
f 343 608 611
f 349 608 347
f 176 226 223
f 176 224 226
f 176 173 224
f 366 369 365
f 365 369 368
f 368 350 636
f 369 350 368
f 202 188 173
f 375 353 376
f 367 353 375
f 376 364 366
f 353 364 376
f 188 3106 2686
f 375 303 305
f 3080 3106 2716
f 309 310 308
f 305 308 304
f 304 308 310
f 3080 1987 3106
f 308 3721 309
f 309 3721 3722
f 1988 2054 1987
f 3720 3722 3721
f 2054 1988 1990
f 3720 3719 3718
f 1988 1993 1998
f 1988 1998 1990
f 3718 3719 3724
f 3742 3724 3719
f 2094 2139 2001
f 2001 1998 1993
f 2001 1993 2094
f 2105 2001 2139
f 2105 2139 1921
f 1377 3742 3738
f 1744 1790 1743
f 1744 1962 1790
f 1743 2105 1921
f 1378 1506 1377
f 1377 1506 1435
f 1855 1853 1790
f 1855 1790 1926
f 1424 1435 1506
f 1973 1972 2058
f 1974 2059 1977
f 1974 1973 2059
f 1867 1977 1856
f 1867 1974 1977
f 1423 1526 1424
f 1427 1422 2078
f 1427 1424 1422
f 1568 2078 1576
f 1568 1427 2078
f 1568 1576 1569
f 2079 1569 1570
f 2140 1570 2058
f 2140 2079 1570
f 2058 1972 2140
f 1183 899 1184
f 908 899 1183
f 908 919 899
f 1057 1064 1211
f 1057 1211 1056
f 1044 1183 1184
f 1042 1183 1044
f 2883 1060 1057
f 2883 1057 2882
f 1039 1053 1038
f 1044 1053 1042
f 2997 2883 2882
f 2997 2882 3015
f 1148 1230 1229
f 1230 1045 1039
f 1148 1045 1230
f 3015 3014 2997
f 1136 1265 1135
f 1265 1137 1135
f 1135 1139 1229
f 1137 1139 1135
f 1148 1229 1139
f 3008 3014 3048
f 3008 3001 3014
f 3013 3001 3008
f 1136 830 1239
f 1239 830 1008
f 3013 3007 3001
f 3563 1008 831
f 3563 836 1008
f 836 3563 3562
f 4492 3006 3007
f 3564 3562 3563
f 4491 3006 4492
f 3554 3567 3564
f 4847 4489 4397
f 4847 4491 4489
f 3553 3567 3554
f 3554 3555 3553
f 4857 4397 4489
f 4857 4489 4488
f 4468 4471 4467
f 4478 4468 4467
f 4898 4478 4467
f 4467 4488 4487
f 4467 4487 4898
f 3571 4517 3561
f 4796 4355 4352
f 4473 4796 4475
f 4473 4475 4472
f 4794 4472 4471
f 4794 4473 4472
f 4515 4517 4513
f 4514 4515 4513
f 4532 4513 4864
f 4533 4864 4683
f 4533 4532 4864
f 4534 4683 4873
f 4534 4533 4683
f 4356 4873 4354
f 4353 4356 4354
f 4352 4353 4796
f 348 349 347
f 349 351 352
f 348 351 349
f 383 231 230
f 352 231 383
f 222 221 3105
f 3105 223 222
f 345 344 350
f 343 342 608
f 347 608 348
f 348 608 342
f 3105 176 223
f 3105 180 176
f 173 180 202
f 176 180 173
f 345 350 369
f 374 367 375
f 366 364 369
f 369 364 353
f 202 2716 188
f 188 2716 3106
f 304 302 305
f 299 302 304
f 375 305 374
f 374 305 302
f 304 310 299
f 1989 1987 3080
f 309 3722 310
f 310 3722 3717
f 1989 1988 1987
f 1996 1988 1989
f 3717 3720 3718
f 3717 3722 3720
f 1992 1991 1988
f 1988 1996 1992
f 3716 3717 3718
f 1991 1993 1988
f 3724 3716 3718
f 2094 1993 2139
f 3739 3724 3742
f 1921 2139 1922
f 1377 3739 3742
f 1377 1432 3739
f 1745 1744 1743
f 1745 1962 1744
f 1743 1921 1922
f 1743 1922 1745
f 1376 1432 1377
f 1377 1435 1376
f 1855 1924 1856
f 2008 1855 1926
f 2008 1924 1855
f 1926 1790 1962
f 1526 1435 1424
f 1526 1376 1435
f 1867 1856 1924
f 1867 1924 1974
f 1425 1526 1423
f 1425 1423 1424
f 1425 1424 1427
f 1427 1568 36
f 1979 1568 1569
f 1868 1569 2079
f 1868 1979 1569
f 1430 1425 1427
f 1430 1427 1428
f 1428 1427 36
f 1183 905 908
f 906 905 1183
f 1329 919 904
f 919 908 904
f 1329 900 919
f 900 901 1211
f 1329 901 900
f 901 1191 1211
f 1211 1055 1056
f 1191 1055 1211
f 1042 1275 1183
f 1041 1275 1042
f 1191 1057 1055
f 1057 1056 1055
f 2882 1057 3015
f 1045 1323 1039
f 1039 1040 1053
f 1323 1040 1039
f 1042 1053 1041
f 1041 1053 1040
f 1143 1148 1139
f 1148 1143 1045
f 3015 3048 3014
f 946 1265 1136
f 1139 1137 1265
f 945 1239 832
f 1136 1239 946
f 946 1239 945
f 833 834 1008
f 1239 1008 832
f 1008 834 832
f 2846 3007 3013
f 836 833 1008
f 2846 4492 3007
f 836 3562 3909
f 3564 3909 3562
f 4492 3115 4491
f 4492 3140 3115
f 4489 4491 3115
f 4489 3115 4490
f 3553 3555 3567
f 3567 3555 3541
f 4490 4487 4488
f 4490 4898 4487
f 4488 4489 4490
f 3561 3541 3555
f 3561 3540 3541
f 4468 4794 4471
f 4468 4478 4898
f 3581 3540 3561
f 3581 3561 4517
f 4476 4355 4796
f 4476 4796 4473
f 4476 4473 4794
f 4517 4514 3581
f 4515 4514 4517
f 4928 4514 4513
f 4528 4513 4532
f 4528 4928 4513
f 4533 4534 4873
f 4533 4873 4356
f 4353 4352 4355
f 4353 4355 4356
f 342 317 348
f 351 348 352
f 348 231 352
f 230 229 221
f 231 229 230
f 3105 221 229
f 345 346 344
f 344 346 332
f 328 344 332
f 344 328 342
f 328 329 342
f 192 180 3105
f 369 363 336
f 336 333 369
f 345 369 346
f 369 333 346
f 192 2684 180
f 180 2684 202
f 374 340 367
f 362 340 374
f 340 353 367
f 369 353 363
f 2684 2685 202
f 202 2685 2716
f 2716 2685 2691
f 374 302 362
f 362 302 299
f 2691 3080 2716
f 3821 311 310
f 299 310 298
f 298 310 311
f 1996 1989 3080
f 3733 3821 3717
f 310 3717 3821
f 3715 3797 3717
f 3733 3717 3797
f 1992 1996 1994
f 3716 3715 3717
f 1992 1993 1991
f 1966 1993 1992
f 3724 3740 3716
f 1935 1955 2139
f 2139 1993 1966
f 2139 1966 1935
f 3740 3724 3739
f 3740 3739 1432
f 1922 2139 1955
f 1922 1955 1745
f 1930 1925 1962
f 1962 1925 1926
f 2131 1962 1745
f 2131 1930 1962
f 1433 1432 1376
f 1924 2007 37
f 1924 2008 1926
f 1926 1925 1924
f 1370 1433 1376
f 1370 1376 1526
f 1370 1526 1373
f 1578 1582 2140
f 1578 2140 1972
f 2046 1972 1973
f 2046 1578 1972
f 2046 1974 37
f 1973 1974 2046
f 37 1974 1924
f 1373 1526 1425
f 1375 1373 1425
f 1425 1430 1375
f 36 1568 1567
f 1568 1561 1567
f 1568 1979 1561
f 2079 2140 1582
f 2079 1582 1868
f 1431 1375 1430
f 1430 1428 1429
f 1429 1428 36
f 1329 904 1285
f 1329 1285 38
f 904 908 1285
f 908 905 1285
f 1329 903 901
f 38 903 1329
f 1183 1275 906
f 906 1275 1041
f 916 2881 1191
f 1191 2881 1057
f 3015 1057 2881
f 1146 1323 1045
f 1041 1040 1043
f 1043 1040 1323
f 2881 3010 3015
f 3048 3015 3010
f 1142 1143 1139
f 1045 1143 1146
f 3010 3009 3048
f 3008 3048 3009
f 946 945 1265
f 1139 1265 1142
f 1142 1265 945
f 3009 3013 3008
f 832 1207 945
f 844 1207 832
f 832 834 844
f 2848 2846 3013
f 836 834 833
f 836 1292 834
f 3140 4492 2846
f 836 3909 1292
f 1292 3909 3551
f 3564 3551 3909
f 3564 3543 3551
f 3114 39 3115
f 3114 3115 3140
f 3567 3543 3564
f 3567 3542 3543
f 39 4493 4490
f 4490 3115 39
f 3541 3542 3567
f 4898 4897 4469
f 4490 4493 4898
f 4794 4480 4479
f 4498 4794 4468
f 4498 4468 4469
f 4469 4468 4898
f 3848 3540 3581
f 4355 4359 4356
f 4355 4484 4359
f 4484 4355 4476
f 4481 4484 4476
f 4477 4481 4476
f 4477 4476 4479
f 4479 4476 4794
f 4516 3848 3581
f 4516 3581 4514
f 4516 4514 4928
f 4531 4532 4533
f 4531 4528 4532
f 4357 4531 4533
f 4357 4356 4359
f 4533 4356 4357
f 317 316 348
f 316 234 348
f 348 234 231
f 234 232 231
f 231 3123 229
f 232 3123 231
f 3105 229 3123
f 3105 3123 2622
f 331 328 332
f 331 327 328
f 342 329 317
f 317 329 328
f 3105 2622 192
f 341 336 363
f 332 346 331
f 331 346 333
f 192 193 2684
f 2684 193 201
f 341 363 353
f 2691 2685 2684
f 2691 2684 2692
f 298 301 299
f 296 301 298
f 362 299 361
f 361 299 301
f 2692 3080 2691
f 1996 3080 2692
f 298 311 296
f 2739 1994 1996
f 3733 3797 3821
f 2143 1997 1992
f 1992 1994 2143
f 3716 3797 3715
f 3716 3740 3797
f 1997 1966 1992
f 3740 1432 3714
f 3714 1432 3748
f 1932 1931 1745
f 1745 1955 1935
f 1745 1935 1932
f 2131 1745 1931
f 2131 1931 1930
f 37 2007 1583
f 1583 2007 1924
f 1940 1583 1924
f 1924 1925 1930
f 1924 1930 1940
f 1370 1434 1433
f 1373 1371 1370
f 1578 1562 1582
f 1578 2046 37
f 1578 37 1583
f 1372 1371 1373
f 1372 1373 1375
f 1564 1979 1868
f 1564 1561 1979
f 1352 1372 1375
f 1431 1352 1375
f 1567 1429 36
f 1567 1430 1429
f 905 949 1285
f 1285 912 38
f 990 906 915
f 1147 906 990
f 906 907 905
f 1147 907 906
f 903 38 912
f 901 916 1191
f 903 916 901
f 991 1043 1160
f 915 1041 990
f 1041 991 990
f 1041 1043 991
f 1041 915 906
f 916 2866 2881
f 2881 2866 3042
f 1146 1181 1323
f 1043 1323 1160
f 1323 1181 1160
f 2881 3042 3010
f 3010 3042 3011
f 1144 1142 1270
f 1144 1143 1142
f 1146 1143 1145
f 3010 3011 3009
f 3009 3011 3129
f 1169 945 1207
f 1142 945 1270
f 945 1169 1270
f 3129 3013 3009
f 2850 3013 3129
f 1207 1273 947
f 1207 844 1273
f 2850 2848 3013
f 1292 1261 834
f 844 834 1273
f 1273 834 1261
f 3044 3140 2846
f 3552 1292 3551
f 3044 3055 3114
f 3114 3140 3044
f 39 3055 4493
f 3114 3055 39
f 4731 4732 3055
f 3055 4732 4493
f 3542 3541 3963
f 4897 4495 4469
f 4497 4495 4897
f 4898 4732 4731
f 4497 4898 4731
f 4897 4898 4497
f 4732 4898 4493
f 3540 3410 3414
f 3963 3540 3414
f 3541 3540 3963
f 40 41 42
f 4480 4482 42
f 42 4482 40
f 4804 4480 4794
f 4495 4794 4498
f 4495 4804 4794
f 4498 4469 4495
f 3540 3848 3410
f 4359 4806 4357
f 4359 4486 4806
f 4484 4486 4359
f 4481 42 41
f 4483 4481 41
f 4484 4481 4483
f 42 4481 4477
f 42 4477 4480
f 4480 4477 4479
f 4518 3848 4516
f 4530 4518 4516
f 4530 4516 4928
f 4530 4928 4528
f 4527 4528 4531
f 4531 4357 4527
f 317 320 314
f 316 317 314
f 234 233 232
f 232 233 3123
f 317 328 320
f 328 327 320
f 233 2622 3123
f 2622 193 192
f 194 193 2622
f 337 338 336
f 337 336 341
f 336 335 333
f 338 335 336
f 335 334 333
f 331 333 330
f 330 333 334
f 194 201 193
f 361 355 362
f 362 354 340
f 355 354 362
f 341 353 337
f 337 353 340
f 2684 201 2682
f 2682 2692 2684
f 361 301 296
f 1996 2692 2739
f 312 313 311
f 296 311 295
f 295 311 313
f 3822 3823 3821
f 311 3821 312
f 312 3821 3823
f 1995 1994 2739
f 3877 3821 3797
f 3877 3822 3821
f 1995 2143 1994
f 3714 3877 3797
f 3740 3714 3797
f 2142 1966 1997
f 2142 1997 2143
f 1935 1966 2142
f 1935 2142 1933
f 3713 3714 3748
f 3812 3714 3713
f 1932 1935 1933
f 3748 3711 3713
f 3748 1432 3711
f 1940 1930 1927
f 1930 1941 1927
f 1930 1931 1932
f 1930 1932 1941
f 1432 1433 1434
f 1520 1432 1434
f 3711 1432 1520
f 1579 1583 1726
f 1583 1928 1726
f 1923 1583 1940
f 1923 1928 1583
f 1370 1520 1434
f 1368 1520 1370
f 1368 1370 1369
f 2104 1562 1578
f 1580 2104 1578
f 1578 1583 1579
f 1580 1578 1579
f 1372 1369 1370
f 1372 1370 1371
f 2052 1567 1561
f 2052 1561 1563
f 1560 1564 1868
f 1560 1561 1564
f 1868 1582 1562
f 1868 1562 1560
f 1517 1374 1372
f 1517 1372 1352
f 1361 1431 1430
f 1361 1352 1431
f 1361 1430 1567
f 1361 1567 2052
f 949 905 1290
f 1285 909 912
f 949 909 1285
f 909 1065 912
f 991 1147 990
f 1290 907 1147
f 907 1290 905
f 1065 903 912
f 903 902 916
f 1065 902 903
f 2866 916 902
f 1160 1159 991
f 3042 2866 2867
f 1180 1146 1145
f 1162 1146 1180
f 1160 1181 1159
f 1159 1181 1146
f 3011 3042 2867
f 3011 2867 3129
f 1270 1179 1144
f 1145 1143 1180
f 1143 1179 1180
f 1143 1144 1179
f 1325 1169 1207
f 1325 1207 947
f 1169 1168 1270
f 1174 1273 1260
f 947 1273 1325
f 1325 1273 1174
f 1260 1273 1261
f 1292 1260 1261
f 2847 2846 2848
f 1292 3552 1260
f 2844 3044 2846
f 3551 3545 3552
f 3044 4729 3055
f 3543 3544 3551
f 4729 4730 3055
f 3542 3544 3543
f 3542 3569 3544
f 4731 3055 4730
f 3963 3569 3542
f 4495 4494 4831
f 4497 4731 4730
f 4497 4730 4495
f 3411 3963 3414
f 3414 3410 3411
f 41 40 44
f 40 43 44
f 40 4675 43
f 4675 40 4482
f 4480 4675 4482
f 4831 4480 4804
f 4804 4495 4831
f 3412 3410 3848
f 3848 4518 3412
f 3412 4518 4824
f 4357 4806 4527
f 4806 45 4527
f 4806 4486 45
f 4485 4486 4484
f 4483 44 43
f 4485 4483 43
f 4484 4483 4485
f 44 4483 41
f 4523 4824 4518
f 4519 4523 4518
f 4519 4518 4530
f 4522 4519 4530
f 4526 4522 4530
f 4526 4530 4528
f 4526 4527 45
f 4528 4527 4526
f 316 235 234
f 314 235 316
f 235 233 234
f 330 326 331
f 331 321 327
f 326 321 331
f 320 318 314
f 320 327 318
f 233 2617 2622
f 2622 2619 194
f 2617 2619 2622
f 330 334 326
f 326 334 335
f 194 213 201
f 361 358 356
f 355 361 356
f 337 340 338
f 338 340 354
f 213 2682 201
f 295 300 296
f 297 300 295
f 361 296 358
f 296 300 358
f 2682 2738 2692
f 2739 2692 2738
f 295 313 297
f 312 3823 313
f 2143 1995 2739
f 3877 3823 3822
f 3877 3749 3823
f 3749 3877 3751
f 2142 2143 2681
f 2142 2681 1953
f 3812 3877 3714
f 2142 1934 1933
f 1953 1934 2142
f 3713 3712 3812
f 1936 1939 1932
f 1936 1932 1933
f 1936 1933 1934
f 3713 3711 3712
f 1941 1932 1939
f 1941 1939 1936
f 1928 1923 1940
f 1940 1927 1941
f 1940 1941 1928
f 1558 1562 1566
f 1562 2104 1566
f 1579 1726 1580
f 1367 1368 1369
f 1372 1367 1369
f 1374 1367 1372
f 1560 1563 1561
f 1560 1562 1558
f 1360 1374 1517
f 1348 1352 1361
f 1565 2052 1563
f 1361 2052 1565
f 1267 1290 1147
f 1290 1258 949
f 1267 1258 1290
f 1258 911 949
f 949 910 909
f 911 910 949
f 1065 909 910
f 1065 910 913
f 993 991 992
f 1152 991 993
f 991 1152 1147
f 1267 1147 1152
f 913 914 1065
f 914 902 1065
f 1318 1159 1161
f 1159 1318 992
f 1159 992 991
f 2863 2865 902
f 902 2865 2866
f 2867 2866 2865
f 1159 1146 1161
f 1146 1162 1161
f 2865 3035 2867
f 3129 2867 3035
f 1167 1168 1169
f 1168 1167 1270
f 1167 1179 1270
f 3035 2851 3129
f 2850 3129 2851
f 1169 1325 1172
f 1177 1169 1172
f 1167 1169 1177
f 2851 2848 2850
f 1174 1172 1325
f 2852 2847 2848
f 1302 1260 1262
f 2852 2846 2847
f 2844 2846 2852
f 1302 1262 3552
f 3545 1302 3552
f 3552 1262 1260
f 3551 3546 3545
f 2845 4729 3044
f 2845 3044 2844
f 3544 3546 3551
f 4729 4728 4730
f 4730 4733 4737
f 4730 4727 4733
f 4730 4728 4727
f 3963 3411 3569
f 3569 3411 3409
f 4494 46 4831
f 4495 4737 4733
f 4496 4495 4733
f 4494 4495 4496
f 4737 4495 4730
f 3411 3410 3409
f 3409 3410 4824
f 4677 43 4675
f 4677 4680 43
f 4676 4675 4480
f 4676 4677 4675
f 46 4480 4831
f 46 4676 4480
f 4824 3410 3412
f 4673 45 4486
f 4673 4886 45
f 4548 4486 4485
f 4548 4673 4486
f 4485 43 4680
f 4485 4680 4548
f 4882 4824 4523
f 4519 4882 4523
f 4522 4520 4519
f 4525 4522 4526
f 4526 45 4886
f 4526 4886 4525
f 318 315 314
f 236 314 315
f 235 314 236
f 235 236 233
f 2617 233 236
f 322 326 323
f 326 322 321
f 318 327 315
f 236 2618 2617
f 194 2617 2620
f 2619 2617 194
f 2620 213 194
f 338 339 2406
f 2406 335 338
f 335 324 326
f 326 324 323
f 2617 3102 2620
f 2620 3102 213
f 356 359 355
f 357 359 356
f 338 354 339
f 354 355 339
f 3102 214 213
f 215 213 214
f 2682 213 215
f 297 358 300
f 356 358 357
f 2682 215 2738
f 2738 215 3093
f 115 114 313
f 297 313 47
f 47 313 114
f 3093 2739 2738
f 2679 2739 3093
f 3824 3825 3823
f 313 3823 115
f 115 3823 3825
f 2679 2143 2739
f 2678 2143 2679
f 3749 3824 3823
f 2678 2681 2143
f 3877 3712 3751
f 1953 2681 1952
f 3812 3712 3877
f 1946 1934 1953
f 1936 1934 1946
f 1936 1946 1937
f 3710 3712 3711
f 3752 3712 3710
f 1943 1928 1941
f 1954 1943 1941
f 1941 1936 1937
f 1941 1937 1954
f 3711 3709 3710
f 3711 1520 3709
f 1580 1726 1693
f 1726 1928 1693
f 1929 1693 1928
f 1436 3709 1520
f 1436 1520 1368
f 1691 2104 1580
f 1691 1580 1693
f 1367 1436 1368
f 48 1367 1374
f 48 1358 1367
f 1374 1360 48
f 1968 1565 1563
f 1563 1558 1968
f 1563 1560 1558
f 1554 1558 1566
f 1554 1566 2104
f 1353 1360 1517
f 1350 1353 1517
f 1349 1517 1352
f 1349 1350 1517
f 1347 1352 1348
f 1347 1349 1352
f 1361 1565 1968
f 1268 1267 1152
f 1318 993 992
f 1152 993 1150
f 2863 902 914
f 1318 1161 1248
f 2865 2863 2864
f 1178 1180 1179
f 1163 1180 1178
f 1162 1163 1161
f 1162 1180 1163
f 2865 2864 3035
f 3035 2864 3121
f 1199 1167 1177
f 1165 1167 1199
f 1165 1166 1167
f 1179 1166 1178
f 1179 1167 1166
f 1171 1170 1172
f 1177 1170 1199
f 1177 1172 1170
f 3035 2849 2851
f 2848 2851 2849
f 1173 1174 1260
f 1172 1174 1171
f 1171 1174 1173
f 2849 2852 2848
f 1260 1302 1173
f 1173 1302 1303
f 3545 1303 1302
f 2843 2842 2845
f 2845 2844 2843
f 3546 3544 3545
f 2842 4729 2845
f 4728 4729 4727
f 3569 3406 3407
f 3405 3569 3407
f 3544 3569 3405
f 4734 4733 4727
f 3569 3409 3406
f 46 4494 4678
f 4494 4948 4678
f 4496 4733 4734
f 4496 4734 4494
f 3409 4824 3408
f 4679 4680 4677
f 4676 4678 4862
f 4677 4676 4862
f 4678 4676 46
f 4822 3408 4824
f 4823 4824 4882
f 4823 4822 4824
f 4886 4673 4524
f 4774 4548 4680
f 4882 4919 4823
f 4519 4919 4882
f 4521 4520 4522
f 4521 4519 4520
f 4522 4524 4529
f 4521 4522 4529
f 4524 4522 4525
f 4524 4525 4886
f 315 384 236
f 2621 236 384
f 106 322 323
f 321 325 327
f 322 325 321
f 327 319 315
f 325 319 327
f 315 319 384
f 2621 2618 236
f 2618 2621 2617
f 2617 2621 3090
f 324 104 323
f 324 335 104
f 3090 2698 2617
f 2617 2698 3102
f 359 357 2408
f 355 2407 339
f 359 2407 355
f 339 2407 2406
f 215 214 3102
f 297 47 116
f 297 360 358
f 116 360 297
f 357 358 2408
f 3093 215 2679
f 115 3825 114
f 3749 3825 3824
f 3749 3827 3825
f 3751 3827 3749
f 3751 3829 3827
f 1950 1953 1952
f 2681 1950 1952
f 1951 1950 2681
f 3750 3751 3712
f 1946 1953 1950
f 3752 3750 3712
f 1946 1938 1937
f 1954 1937 1938
f 1929 1928 1943
f 2004 1929 1943
f 1693 1929 2004
f 1516 3709 1436
f 1516 1436 1356
f 1554 2104 1555
f 2104 1691 1555
f 1692 1691 1693
f 1356 1436 1367
f 1364 1356 1355
f 1356 1358 1355
f 1356 1367 1358
f 1358 48 1355
f 1969 1968 1558
f 1558 1559 1969
f 1556 1558 1554
f 1556 1559 1558
f 1360 1355 48
f 1354 1355 1360
f 1354 1360 1353
f 1346 1348 1361
f 1346 1347 1348
f 1345 1361 1968
f 1345 1346 1361
f 1345 1968 1969
f 1152 1150 1151
f 1266 1152 1151
f 1155 1152 1266
f 1152 1155 1268
f 1268 1155 1267
f 1267 1298 1258
f 1155 1298 1267
f 911 1258 910
f 1006 1297 913
f 910 1006 913
f 1258 1006 910
f 4203 1318 1246
f 994 1318 4203
f 1318 994 993
f 1151 993 1266
f 993 994 1266
f 993 1151 1150
f 996 913 1297
f 996 914 913
f 996 3100 914
f 1245 1248 1163
f 1246 1248 4203
f 1248 1245 4203
f 1248 1246 1318
f 3100 2863 914
f 2862 2864 2863
f 3100 2862 2863
f 1164 1178 1165
f 1163 1178 1164
f 1163 1248 1161
f 3121 2864 2862
f 2840 3121 2862
f 1165 4181 4316
f 1165 1199 4181
f 1166 1165 1178
f 2840 3035 3121
f 2849 3035 2840
f 1171 1175 1199
f 1170 1171 1199
f 1303 1176 1175
f 1303 1175 1171
f 1173 1303 1171
f 3132 2852 2849
f 3550 1176 1303
f 3545 3550 1303
f 3545 3547 3550
f 2852 2842 2843
f 2852 2843 2844
f 3544 3547 3545
f 4729 2838 4726
f 2842 2838 4729
f 4850 4904 4734
f 4850 4734 4726
f 4734 4727 4726
f 4726 4727 4729
f 3407 3406 3405
f 4734 4950 4735
f 4734 4736 4950
f 4736 4734 4904
f 3409 3405 3406
f 4862 4689 4899
f 4833 4678 4948
f 4833 4862 4678
f 4494 4735 4950
f 4833 4494 4950
f 4948 4494 4833
f 4735 4494 4734
f 4888 4774 4680
f 4888 4680 4679
f 4888 4677 4899
f 4679 4677 4888
f 4899 4677 4862
f 3952 3965 3408
f 3952 3408 4822
f 4906 4825 4823
f 4825 4822 4823
f 4535 4529 4906
f 4540 4529 4524
f 4540 4539 4529
f 4540 4524 4673
f 4542 4540 4673
f 4542 4548 4547
f 4673 4548 4542
f 4547 4548 4774
f 4919 4906 4823
f 4906 4919 4519
f 4906 4519 4521
f 4906 4521 4535
f 4535 4521 4529
f 325 384 319
f 384 2623 2621
f 2623 2776 2621
f 2621 2776 3139
f 3139 3090 2621
f 2405 2406 2407
f 2406 103 335
f 2405 103 2406
f 103 104 335
f 323 104 106
f 104 101 106
f 106 101 105
f 3139 2698 3090
f 359 2408 2409
f 359 2409 2407
f 2698 220 3102
f 215 3102 220
f 215 220 216
f 360 2150 358
f 116 2150 360
f 358 2410 2408
f 358 2150 2410
f 2408 2410 2409
f 2679 215 3091
f 215 216 3091
f 114 113 112
f 2187 114 112
f 47 114 2187
f 116 47 2149
f 2149 47 2187
f 2679 3091 2676
f 2678 2679 2676
f 3826 2190 3825
f 3825 2190 114
f 2190 113 114
f 2676 2681 2678
f 3827 3826 3825
f 3829 3826 3827
f 3829 3980 3826
f 1949 1950 1951
f 3750 3833 3751
f 3833 3980 3751
f 3980 3829 3751
f 1946 1950 1949
f 1946 1949 1947
f 1944 1938 1946
f 3710 3750 3752
f 1943 1954 1944
f 1954 1938 1944
f 1516 3710 3709
f 2095 1692 1693
f 2004 2095 1693
f 1942 2004 1943
f 1357 1516 1356
f 3708 1516 1357
f 1555 1691 1690
f 1581 1691 1692
f 1581 1690 1691
f 3701 1357 1356
f 1356 1364 3701
f 1559 1556 1969
f 1556 1554 1553
f 1557 1554 1555
f 1553 1554 1557
f 1557 1555 1690
f 1354 1364 1355
f 1353 1350 1354
f 1350 1362 1351
f 1350 1349 1362
f 1362 1349 1347
f 1345 1969 1344
f 1344 1969 1556
f 1505 49 1354
f 1505 1354 1350
f 1363 1350 1351
f 1154 1266 4229
f 1266 1153 1155
f 1154 1153 1266
f 1155 1153 4309
f 1155 4309 1276
f 1155 1276 1298
f 1298 1276 1279
f 1298 1279 1258
f 1278 1258 1279
f 1258 1280 1006
f 1278 1280 1258
f 1006 1280 1297
f 1243 4203 1245
f 1266 994 4229
f 1280 996 1297
f 2869 996 1280
f 2869 3100 996
f 3100 2869 2861
f 4099 1163 4098
f 1242 1163 4099
f 1245 1242 1243
f 1245 1163 1242
f 3100 2861 2862
f 2862 2861 2868
f 4316 1164 1165
f 4098 1164 4099
f 1164 4098 1163
f 2868 2840 2862
f 4272 1199 4271
f 4179 1199 4272
f 4181 1199 4179
f 2841 2849 2840
f 4273 4272 4271
f 1175 4273 4271
f 1175 4271 1199
f 2849 2841 2839
f 2839 3132 2849
f 3550 4273 1176
f 1176 4273 1175
f 3082 2852 3132
f 3082 3132 2839
f 3082 2839 2842
f 2839 2837 2842
f 3082 2842 2852
f 3547 3548 3550
f 2837 2838 2842
f 3544 3548 3547
f 3544 3549 3548
f 4725 4724 4726
f 4726 2838 4725
f 3405 3549 3544
f 4850 4726 4724
f 3413 3549 3405
f 4950 4830 4775
f 4913 4950 4736
f 4913 4830 4950
f 4736 4904 4850
f 4736 4850 4913
f 3409 3413 3405
f 3409 3403 3413
f 4899 4687 4888
f 4899 4688 4687
f 4689 4688 4899
f 4689 4833 4950
f 4862 4833 4689
f 3404 3403 3409
f 3404 3409 3408
f 3965 3404 3408
f 4547 4951 4542
f 4547 4859 4951
f 4859 4547 4774
f 4681 4774 4888
f 4681 4859 4774
f 4681 4888 4687
f 4822 3970 3965
f 3952 4822 3965
f 4884 4822 4825
f 4884 4825 4906
f 4884 4906 4529
f 4539 4542 4951
f 4540 4542 4539
f 106 105 99
f 322 106 99
f 322 102 325
f 99 102 322
f 325 102 384
f 2776 384 2703
f 2623 384 2776
f 103 2405 100
f 103 101 104
f 105 101 99
f 2703 3139 2776
f 2703 2699 3139
f 3139 2699 2698
f 220 2698 2699
f 220 2699 2697
f 2409 2410 2411
f 2402 2409 2411
f 2409 2402 2407
f 2407 2404 2405
f 2407 2402 2404
f 2405 2404 100
f 216 220 2697
f 2149 2469 2152
f 116 2148 2150
f 2149 2148 116
f 2697 3091 216
f 2677 3091 2697
f 2149 2187 2469
f 3091 2677 2676
f 2676 2677 2675
f 2186 113 2190
f 112 113 2187
f 2187 113 2186
f 2675 2681 2676
f 2674 2681 2675
f 2191 2185 3826
f 2190 3826 2186
f 2186 3826 2185
f 2674 1951 2681
f 3980 2191 3826
f 1961 1949 1951
f 1961 1947 1949
f 3750 3707 3833
f 3707 3980 3833
f 3707 3828 3980
f 1945 1946 1947
f 1945 1944 1946
f 3710 3707 3750
f 1942 1943 1944
f 1945 1942 1944
f 1516 3707 3710
f 1516 3708 3707
f 1692 2095 1609
f 1696 2004 1942
f 1696 2095 2004
f 1609 1581 1692
f 1364 1359 3701
f 2042 1556 1553
f 1557 1690 1581
f 1557 1581 1551
f 1551 1581 1609
f 1510 3701 1359
f 1510 1359 1364
f 1510 1354 3695
f 1510 1364 1354
f 49 3695 1354
f 1347 1341 1362
f 1346 1336 1347
f 1347 1336 1341
f 1346 1345 1336
f 1345 1344 1343
f 1344 1556 2042
f 3696 3695 49
f 1365 3696 49
f 1366 49 1505
f 1366 1365 49
f 1366 1505 1350
f 1363 1366 1350
f 1363 1351 1362
f 1363 1362 1341
f 1339 1336 1345
f 1339 1345 1342
f 1342 1345 1343
f 4213 4309 1154
f 4214 4309 4213
f 4309 4215 1276
f 4214 4215 4309
f 1276 4215 1279
f 4215 4216 1279
f 1279 1277 1278
f 4216 1277 1279
f 4236 4203 4202
f 1153 1154 4309
f 1281 1278 1277
f 1281 1280 1278
f 1281 2859 1280
f 2869 1280 2859
f 4203 4204 4202
f 4203 1243 4204
f 994 4203 4236
f 994 4236 4229
f 1242 4099 4079
f 1243 1242 1244
f 2869 2868 2861
f 4181 4179 4178
f 4176 4181 4178
f 4079 4316 4080
f 4316 4176 4080
f 4316 4181 4176
f 4316 4079 1164
f 1164 4079 4099
f 2841 2840 2868
f 4180 4272 3432
f 4179 4272 4180
f 3432 4272 4273
f 3429 3432 4273
f 2834 2839 2841
f 3550 3429 4273
f 3548 3425 3550
f 2838 2837 4738
f 4738 4724 4725
f 4738 4723 4724
f 4738 4725 2838
f 4850 4720 4913
f 4850 4718 4720
f 4850 4724 4723
f 4850 4723 4718
f 3413 3933 3549
f 3413 3403 3933
f 4950 4775 4691
f 4830 4913 4775
f 4688 4689 4691
f 4691 4689 4950
f 3908 3416 3403
f 3404 3908 3403
f 3965 3908 3404
f 3965 3970 3908
f 4951 4859 4682
f 4859 4681 4682
f 4682 4681 4687
f 4885 4822 4884
f 4885 3970 4822
f 4538 4885 4884
f 4538 4884 4529
f 4537 4529 4539
f 4537 4538 4529
f 4537 4539 4945
f 4945 4539 4951
f 96 102 99
f 2624 384 102
f 2624 2703 384
f 97 100 98
f 103 100 97
f 103 97 101
f 97 91 101
f 99 101 96
f 96 101 95
f 96 95 102
f 102 95 2624
f 2624 2625 2703
f 2625 3087 2703
f 3087 2699 2703
f 2696 2697 2699
f 2402 2411 2401
f 2402 2403 2404
f 2404 2403 100
f 218 217 2697
f 2696 218 2697
f 2148 2149 2152
f 2150 2148 2146
f 2150 2146 2410
f 2410 2146 2411
f 2675 2697 217
f 2677 2697 2675
f 2187 2194 2610
f 2469 2187 2610
f 2152 2469 2148
f 2148 2469 2457
f 2186 2198 2187
f 2198 2194 2187
f 2185 2198 2186
f 2680 1951 2674
f 2670 1951 2680
f 3980 3828 2191
f 2191 3828 2185
f 2670 1961 1951
f 1960 1947 1961
f 3707 3706 3828
f 3707 3705 3706
f 1947 1958 1945
f 1960 1958 1947
f 3708 3705 3707
f 1756 1755 1958
f 1755 1945 1958
f 1755 1942 1945
f 1357 3705 3708
f 1696 1942 1754
f 1942 1755 1754
f 1696 1550 1609
f 2095 1696 1609
f 1695 1696 1754
f 3699 1357 3701
f 3699 3701 3700
f 1553 1557 1608
f 1557 1551 1552
f 1551 1609 1550
f 51 3700 3701
f 51 3701 1510
f 1344 1342 1343
f 1342 1344 1531
f 1344 2042 1531
f 2042 1553 1608
f 3694 51 1510
f 3694 1510 3695
f 3696 3694 3695
f 1363 1330 1366
f 1363 1341 1334
f 3694 3696 1365
f 3694 1365 1366
f 1332 1330 1363
f 1332 1363 1333
f 1333 1363 1334
f 4221 4224 4246
f 1154 4229 4200
f 4213 1154 4200
f 4246 4213 4206
f 4213 4246 4214
f 4214 4246 4215
f 4215 4246 4224
f 4217 4216 4224
f 4216 4215 4224
f 4242 4243 1281
f 1277 4242 1281
f 4216 4242 1277
f 4093 4204 4081
f 4200 4236 4199
f 4236 4202 4199
f 4236 4200 4229
f 2859 1281 4243
f 4078 4081 4204
f 1244 4078 4204
f 1243 1244 4204
f 4204 4093 4202
f 2859 2860 2869
f 2869 2860 2870
f 4248 4177 4077
f 4080 4248 4077
f 4080 4077 4079
f 4079 4077 4078
f 4079 4078 1242
f 1242 4078 1244
f 2870 2868 2869
f 4179 4205 4178
f 4176 4178 4248
f 4176 4248 4080
f 3103 2841 2868
f 3431 3434 3432
f 3432 3434 4180
f 4180 3434 4205
f 4180 4205 4179
f 3431 3432 3429
f 3094 2834 2841
f 3550 3426 3429
f 2835 2839 2834
f 3550 3425 3426
f 2835 2837 2839
f 3425 3548 3427
f 4739 4723 4738
f 4738 2837 4739
f 3549 3427 3548
f 3549 3938 3427
f 3938 3549 3933
f 3933 3403 3938
f 3938 3403 3402
f 4913 4720 4717
f 4720 4718 4719
f 4719 4718 4723
f 3403 3401 3402
f 4933 4690 4809
f 4691 4692 4690
f 4696 4691 4775
f 4696 4692 4691
f 4696 4775 4717
f 4717 4775 4913
f 3416 3401 3403
f 4755 4926 4682
f 4695 4682 4687
f 4695 4755 4682
f 4695 4687 4933
f 4933 4687 4688
f 4933 4688 4690
f 4690 4688 4691
f 3908 3417 3416
f 4945 4763 4762
f 4763 4945 4951
f 4763 4951 4926
f 4926 4951 4682
f 3908 3970 4885
f 3908 4885 4827
f 4885 4538 4543
f 4543 4538 4541
f 4541 4538 4537
f 4541 4537 4762
f 4762 4537 4945
f 92 97 98
f 91 97 92
f 91 95 101
f 2699 2625 3118
f 3087 2625 2699
f 3118 2696 2699
f 2402 2401 52
f 2403 2402 52
f 2403 52 100
f 100 52 98
f 3118 218 2696
f 2146 2148 2560
f 2146 2147 2411
f 2411 2147 2401
f 2683 219 218
f 218 219 217
f 2675 217 219
f 2675 219 2672
f 2457 2497 2148
f 2457 2469 2497
f 2148 2497 2560
f 2672 2673 2675
f 2674 2675 2673
f 2183 2194 2198
f 2194 2212 2610
f 2194 2183 2212
f 2673 2680 2674
f 2184 2198 2185
f 2183 2198 2184
f 2188 2185 3828
f 2188 2184 2185
f 1960 1961 2670
f 3706 3832 3828
f 3828 3832 2188
f 1959 1958 1960
f 50 1755 1756
f 1959 1756 1958
f 1357 3692 3705
f 1357 3962 3692
f 50 1754 1755
f 3699 3962 1357
f 1696 1695 1550
f 2132 1695 1754
f 3693 3699 3700
f 1552 1551 1830
f 3693 3700 51
f 1608 1634 2042
f 2042 1634 1531
f 1538 1608 1557
f 1538 1557 1552
f 1538 1552 1830
f 3697 51 3694
f 1339 1335 1336
f 1336 1335 1341
f 1342 1531 1339
f 1634 1529 1531
f 659 3697 3694
f 657 659 3694
f 658 3694 1366
f 658 657 3694
f 1331 1366 1330
f 1331 658 1366
f 4187 1330 1332
f 4187 1331 1330
f 1333 1334 1341
f 1333 1341 1335
f 1337 1339 1531
f 1337 1531 1529
f 4206 4207 4167
f 4206 4331 4246
f 4208 4331 4206
f 4246 4226 4221
f 4331 4226 4246
f 4221 4226 4224
f 4224 4218 4217
f 4226 4218 4224
f 4092 4091 4167
f 4199 4092 4167
f 4199 4167 4200
f 4200 4167 4213
f 4213 4167 4207
f 4213 4207 4206
f 4218 4216 4217
f 4216 4218 4220
f 4318 4216 4220
f 4318 4242 4216
f 4242 4318 4243
f 4083 4082 4081
f 4093 4081 4092
f 4093 4092 4202
f 4202 4092 4199
f 4318 2859 4243
f 2870 2860 2859
f 4318 2870 2859
f 4077 4177 4075
f 4083 4077 4174
f 4077 4083 4078
f 4078 4083 4081
f 4171 4205 3435
f 4205 4171 4074
f 4205 4074 4075
f 4178 4205 4075
f 4178 4075 4248
f 4248 4075 4177
f 2870 3103 2868
f 3433 3435 3434
f 3431 3433 3434
f 3434 3435 4205
f 2853 2841 3103
f 2853 3094 2841
f 3430 3433 3429
f 3428 3430 3429
f 3429 3433 3431
f 3426 3428 3429
f 3425 3424 3426
f 2837 2835 2836
f 3427 3424 3425
f 4704 4743 2836
f 4743 4723 2836
f 4723 4739 2836
f 2836 4739 2837
f 3938 3402 3427
f 4704 4705 4743
f 4705 4719 4743
f 4743 4719 4723
f 4716 4720 4705
f 4717 4720 4716
f 4705 4720 4719
f 4753 4809 4752
f 4853 4809 4690
f 4690 4696 4846
f 4692 4696 4690
f 4846 4696 4717
f 3416 3417 3586
f 4926 4759 4763
f 4926 4868 4759
f 4755 4868 4926
f 4753 4755 4695
f 4753 4695 4809
f 4809 4695 4933
f 3586 3417 3908
f 4819 3586 3908
f 4546 3908 4827
f 4546 4819 3908
f 4671 4546 4827
f 4543 4546 4671
f 4544 4541 4762
f 4544 4543 4541
f 4762 4763 4759
f 4885 4671 4827
f 4671 4885 4543
f 92 93 91
f 2762 91 54
f 95 91 2762
f 2624 2762 2626
f 95 2762 2624
f 2626 2625 2624
f 2626 3118 2625
f 2528 52 2452
f 52 2528 2492
f 98 52 2492
f 98 94 92
f 2492 94 98
f 92 94 93
f 93 94 91
f 91 94 53
f 91 53 54
f 2626 2627 3118
f 2627 2631 3118
f 218 2631 2683
f 3118 2631 218
f 2147 2146 2560
f 2401 2147 2151
f 52 2401 2452
f 2401 2151 2452
f 2683 2672 219
f 2212 2214 2610
f 2610 2214 2217
f 2469 2610 2217
f 2217 2497 2469
f 2147 2560 2154
f 2147 2154 2151
f 2683 2671 2672
f 2672 2671 2673
f 2212 2183 2214
f 2671 3131 2673
f 2680 2673 3131
f 2184 2189 2183
f 2189 2182 2183
f 2183 2182 2195
f 3131 2670 2680
f 2184 2188 2189
f 1959 1960 2670
f 3703 3704 3832
f 3706 3703 3832
f 3705 3703 3706
f 3692 3703 3705
f 55 1756 1959
f 1895 1756 55
f 50 1896 1754
f 50 1756 1895
f 50 1895 1896
f 3699 3692 3962
f 3699 3691 3692
f 1754 1549 2132
f 1896 1549 1754
f 3693 3691 3699
f 1544 1830 1551
f 1550 1542 1551
f 1551 1542 1544
f 1542 1550 58
f 1550 1695 58
f 1549 1695 2132
f 58 1695 1549
f 3693 51 3966
f 3966 51 3928
f 1543 1538 1830
f 1544 1543 1830
f 1543 1544 1542
f 51 3697 3698
f 3928 51 3698
f 1608 1530 1634
f 1634 1530 1529
f 1538 1539 1608
f 1608 1539 1530
f 1543 1539 1538
f 682 3698 659
f 3698 3697 659
f 657 658 659
f 659 658 661
f 1331 1340 658
f 4187 4186 1331
f 1333 4187 1332
f 1339 1338 1335
f 1335 1338 1333
f 1337 2005 1339
f 1339 2005 1338
f 1963 1337 1529
f 1530 1539 1532
f 661 658 660
f 660 658 662
f 662 658 1340
f 1331 4201 1340
f 1331 4186 4201
f 4188 4187 1333
f 4188 1333 1338
f 2005 1337 1964
f 1964 1337 1963
f 4209 4206 4170
f 4209 4208 4206
f 4331 4208 4209
f 4085 4084 4170
f 4091 4085 4170
f 4091 4170 4167
f 4167 4170 4206
f 4226 4331 4223
f 4226 4223 4222
f 4226 4222 4218
f 4218 4222 4283
f 4219 4218 4283
f 4219 4220 4218
f 4298 2857 4220
f 4185 4312 4087
f 4082 4185 4087
f 4082 4087 4081
f 4081 4087 4092
f 4092 4087 4085
f 4092 4085 4091
f 2857 4318 4220
f 4318 2857 2856
f 4076 4184 4185
f 4174 4076 4185
f 4174 4185 4083
f 4083 4185 4082
f 4318 2856 2870
f 2870 2856 3103
f 4015 4017 4073
f 4074 4015 4073
f 4074 4073 4075
f 4075 4073 4076
f 4075 4076 4077
f 4077 4076 4174
f 3437 3436 4015
f 3433 3437 4015
f 3435 3433 4015
f 3435 4015 4171
f 4171 4015 4074
f 2855 2853 3103
f 3433 3974 3437
f 3428 3974 3430
f 3430 3974 3433
f 2872 3094 2853
f 2872 2834 3094
f 3426 3424 3428
f 2834 2833 2873
f 2835 2834 2873
f 2873 66 2836
f 2873 2836 2835
f 3860 3424 3427
f 3860 3427 3400
f 4704 2836 66
f 4704 66 4703
f 3402 3400 3427
f 4706 60 4705
f 4705 4704 4703
f 4705 4703 4706
f 4846 4717 4771
f 4717 4742 4771
f 60 4717 4716
f 60 4742 4717
f 4716 4705 60
f 3447 3401 3422
f 4754 4752 4809
f 4754 4751 4752
f 61 4809 4853
f 61 4754 4809
f 4853 4697 61
f 4697 4853 4690
f 4697 4690 4771
f 4771 4690 4846
f 3416 3422 3401
f 3586 4821 3416
f 4821 3422 3416
f 3586 3421 4821
f 4759 4758 4760
f 4751 4759 4868
f 4751 4758 4759
f 4755 4752 4751
f 4868 4755 4751
f 4752 4755 4753
f 4819 3421 3586
f 4820 4819 4546
f 4545 4820 4546
f 4545 4546 4543
f 4543 4544 4545
f 4544 4762 4760
f 4760 4762 4759
f 54 53 2762
f 2762 53 2630
f 2762 2630 2626
f 2630 2629 2626
f 2626 2628 2627
f 2629 2628 2626
f 2627 2628 2631
f 2528 2493 2492
f 2528 2452 2493
f 2628 2695 2631
f 2695 2683 2631
f 2695 2635 2683
f 2683 2635 2671
f 2497 2158 2560
f 2154 2153 2151
f 2154 2560 2153
f 2183 2195 2165
f 2214 2183 2165
f 2214 2215 2217
f 2214 2165 2215
f 2217 2215 2497
f 2195 2182 2165
f 2644 2670 3131
f 2188 2173 2189
f 2173 2172 2189
f 2189 2172 2182
f 2644 1959 2670
f 2188 2569 2173
f 3832 2569 2188
f 3859 3832 3704
f 3859 2569 3832
f 3703 3702 3704
f 3692 3702 3703
f 3704 3702 3859
f 2038 1895 55
f 2038 1896 1895
f 3691 3690 3692
f 1548 1549 1896
f 1896 1694 1548
f 3693 3690 3691
f 3693 3948 3690
f 58 1549 57
f 1548 1547 1549
f 3926 3693 3966
f 3948 3693 3926
f 1542 57 1543
f 1543 57 1545
f 58 57 1542
f 57 1549 1906
f 3966 3928 3926
f 1543 1545 1539
f 1545 57 1537
f 3928 3698 682
f 3928 682 672
f 1533 1963 1529
f 1530 1533 1529
f 1530 1532 1533
f 1535 1532 1539
f 1537 1535 1539
f 1545 1537 1539
f 672 682 668
f 661 664 659
f 659 664 682
f 661 660 664
f 4233 4201 4186
f 4188 4189 4187
f 4187 4189 4186
f 1338 4190 4188
f 2005 4190 1338
f 2005 1964 4190
f 1534 1532 1535
f 668 682 664
f 664 660 662
f 1340 669 662
f 4159 1340 4201
f 4159 669 1340
f 4201 4233 4159
f 4233 4189 4154
f 4186 4189 4233
f 4189 4188 4190
f 669 4159 4233
f 4158 4233 4154
f 4210 4212 4211
f 4002 4090 3994
f 4084 4090 4211
f 4084 4211 4170
f 4170 4211 4209
f 4209 4211 4212
f 4209 4212 4331
f 4331 4212 4324
f 4331 4324 4223
f 4223 4324 4337
f 64 4223 4337
f 64 4222 4223
f 64 4283 4222
f 4283 4193 4219
f 4330 4010 3994
f 4312 4330 3994
f 4312 3994 4087
f 4087 3994 4085
f 4085 3994 4090
f 4085 4090 4084
f 4219 4193 4220
f 4220 4193 4339
f 4298 4220 4339
f 3992 4089 4169
f 4183 4089 3992
f 4183 3992 4184
f 4184 3992 4185
f 4185 3992 4330
f 4185 4330 4312
f 2856 2857 4298
f 2856 4298 2858
f 4011 4014 3999
f 4329 4014 4011
f 4329 4011 4017
f 4017 4011 4073
f 4073 4011 4089
f 4073 4089 4076
f 4076 4089 4183
f 4076 4183 4184
f 3103 2856 2858
f 3103 2858 2855
f 3978 3436 3508
f 3436 3978 4014
f 3436 4014 4015
f 4015 4014 4329
f 4015 4329 4017
f 3508 3436 3437
f 3974 3508 3437
f 3589 3508 3974
f 2855 2878 2853
f 2872 2853 2878
f 3428 3870 3974
f 3428 3968 3870
f 2871 2834 2872
f 65 2834 2871
f 3424 3968 3428
f 2833 66 2873
f 2833 2834 65
f 2833 65 66
f 3424 3860 3442
f 66 4702 4703
f 3860 3400 3442
f 4702 59 4703
f 3402 3399 3400
f 4701 4700 4742
f 59 4701 4742
f 4701 59 4702
f 60 4706 59
f 59 4706 4703
f 3447 3399 3402
f 3447 3402 3401
f 61 4697 4756
f 4697 4740 4756
f 4740 4697 4771
f 4740 4742 4700
f 4771 4742 4740
f 4742 60 59
f 3420 3447 3422
f 3420 3422 3419
f 4751 4761 4750
f 4761 4751 4757
f 4757 4751 4754
f 4757 4754 4756
f 4756 4754 61
f 3418 3419 3422
f 3418 3422 4821
f 4819 4818 4821
f 4819 4820 4818
f 4544 4760 4765
f 4760 4764 4765
f 4760 4758 4764
f 4750 4758 4751
f 4819 4821 3421
f 4820 4545 4832
f 4832 4545 4765
f 4765 4545 4544
f 2493 2491 2492
f 2473 94 2492
f 2473 2492 2491
f 2474 94 2473
f 2474 53 94
f 53 2633 2630
f 2628 2630 2632
f 2629 2630 2628
f 2153 2155 2151
f 2218 2452 2151
f 2218 2151 2155
f 2493 2452 2491
f 2632 2695 2628
f 2632 2635 2695
f 2637 2671 2635
f 2158 2497 2216
f 2560 2156 2153
f 2158 2156 2560
f 2155 2153 2218
f 2218 2153 2199
f 2637 2636 2671
f 2636 2641 2671
f 3131 2671 2641
f 2497 2215 2216
f 2216 2215 2158
f 2158 2215 2160
f 3131 2641 2642
f 2642 2644 3131
f 2182 62 2165
f 62 2196 2165
f 2165 2196 2164
f 2182 2172 62
f 2172 63 62
f 2648 1959 2644
f 2174 2173 2569
f 2174 2172 2173
f 2648 55 1959
f 2647 55 2648
f 2569 2192 2174
f 2647 56 55
f 2039 2038 55
f 56 2039 55
f 2646 2039 56
f 3692 3684 3702
f 3859 3702 3685
f 3685 3702 3684
f 2040 1896 2039
f 2039 1896 2038
f 3692 3948 3684
f 3690 3948 3692
f 2034 1896 2040
f 2034 1694 1896
f 1694 1547 1548
f 3926 3681 3948
f 2075 1906 1549
f 1841 2075 1549
f 1841 1549 1547
f 1841 1547 1694
f 3926 3928 3680
f 1541 1537 57
f 57 1906 1541
f 2075 2018 1906
f 3680 3928 3678
f 1541 1540 1537
f 1537 1540 1535
f 1541 1906 2017
f 2017 1906 2018
f 3928 672 3678
f 2130 1963 1533
f 1532 1536 1533
f 1533 1536 2130
f 1532 1534 1536
f 1535 1540 1534
f 672 664 670
f 672 668 664
f 664 663 670
f 4190 4153 4189
f 4189 4153 4154
f 4190 4152 4153
f 1964 2072 4190
f 4190 2072 4152
f 1964 1963 2072
f 2130 2063 1963
f 2130 1534 2061
f 1536 1534 2130
f 1546 1534 1540
f 664 665 663
f 669 666 662
f 666 664 662
f 666 665 664
f 4158 4157 4233
f 4233 4157 669
f 4154 4155 4158
f 1963 2063 2064
f 4152 1963 2064
f 2072 1963 4152
f 665 666 671
f 671 666 669
f 671 669 4157
f 4156 4157 4158
f 4156 4158 4155
f 4168 4155 4154
f 4168 4154 4153
f 4150 4152 2064
f 4016 4012 71
f 72 4192 4031
f 4004 70 3988
f 4012 70 71
f 4012 4016 4090
f 4090 4016 4211
f 4211 4016 4018
f 4211 4018 4210
f 4210 4018 4072
f 4210 4072 4212
f 4212 4072 4305
f 4212 4305 4324
f 4324 4305 4024
f 4324 4024 4337
f 4337 4024 4031
f 4337 4031 64
f 4031 4192 64
f 4191 4192 72
f 4194 4192 4191
f 3988 4001 4282
f 3992 4001 3988
f 3992 3988 3990
f 3990 70 4010
f 3990 3988 70
f 4010 70 3994
f 3994 70 4002
f 4002 70 4012
f 4002 4012 4090
f 64 4192 4283
f 4283 4192 4193
f 4194 4196 4192
f 4196 4193 4192
f 4196 4339 4193
f 4339 4196 2812
f 3993 3997 3996
f 4001 3993 3996
f 3993 4001 4169
f 4169 4001 3992
f 4330 3992 3990
f 4330 3990 4010
f 2809 4298 2810
f 4298 2812 2810
f 4298 4339 2812
f 3999 3510 3998
f 3999 3998 3997
f 3999 3997 4011
f 4011 3997 3993
f 4011 3993 4089
f 4089 3993 4169
f 2811 2858 4298
f 2809 2811 4298
f 3510 3999 3978
f 3508 3510 3978
f 3978 3999 4014
f 2855 2858 2811
f 3049 2855 2811
f 3049 2878 2855
f 3509 3508 3468
f 3589 3468 3508
f 2872 2878 2854
f 2877 2872 2854
f 3589 3974 3968
f 3974 3870 3968
f 2872 2877 2871
f 65 2877 2832
f 65 2871 2877
f 3424 3423 3968
f 65 2832 66
f 2832 2874 66
f 2874 3351 4702
f 4702 66 2874
f 3400 3396 3442
f 4702 3351 4914
f 3400 3399 3398
f 4698 4699 4895
f 4700 4701 4699
f 4707 4699 4701
f 4701 4702 4914
f 4701 4914 4707
f 3447 3420 3399
f 3420 3398 3399
f 3420 67 3398
f 4757 4922 4905
f 4740 4757 4756
f 4740 4922 4757
f 4698 4740 4699
f 4699 4740 4700
f 3418 3420 3419
f 3418 67 3420
f 4758 4747 4766
f 4758 4749 4747
f 4748 4758 4750
f 4748 4749 4758
f 4748 4761 4905
f 4750 4761 4748
f 4905 4761 4757
f 4821 3911 3418
f 4817 4821 4818
f 4817 3911 4821
f 4817 4818 4820
f 4813 4820 4832
f 4813 4817 4820
f 4765 4764 4766
f 4766 4764 4758
f 2472 53 2474
f 2472 2474 2473
f 2693 2633 53
f 2693 53 2472
f 2633 2632 2630
f 2218 2199 2452
f 2452 2199 2204
f 2516 2452 2204
f 2491 2452 2516
f 2491 2516 2473
f 2473 2516 2472
f 2633 2693 2694
f 2633 2694 2632
f 2694 2634 2632
f 2632 2634 2635
f 2634 2637 2635
f 2160 2159 2158
f 2156 2158 2159
f 2153 2156 2157
f 2157 2199 2153
f 2634 2636 2637
f 2636 2640 2641
f 2164 2162 2165
f 2161 2215 2165
f 2161 2165 2162
f 2160 2215 2161
f 2156 2159 2573
f 2156 2573 2157
f 2642 2641 2643
f 2644 2642 2643
f 2644 2643 2648
f 2172 2193 2171
f 63 2172 2171
f 62 63 2196
f 63 2166 2196
f 2196 2166 2164
f 2172 2174 2193
f 2569 68 2192
f 68 2174 2192
f 2647 2645 56
f 2646 56 2645
f 2569 3685 68
f 3859 3685 2569
f 2645 2039 2646
f 2652 2039 2645
f 2652 2040 2039
f 3948 3685 3684
f 2652 2034 2040
f 2033 1694 2034
f 2034 2032 2033
f 3926 3679 3681
f 3680 3681 3679
f 2033 1841 1694
f 3680 3679 3926
f 1841 2018 2075
f 1841 2036 2018
f 1841 2068 2036
f 3678 3687 3680
f 2018 2019 2017
f 2018 2036 2019
f 3687 3678 69
f 1541 2096 1540
f 2017 2096 1541
f 2017 2020 2096
f 2017 2019 2020
f 683 69 3678
f 3670 683 672
f 683 3678 672
f 670 3670 672
f 4148 2061 1534
f 1546 2086 1534
f 1534 2086 4148
f 1540 2086 1546
f 1540 2085 2086
f 2035 1540 2096
f 2085 1540 2035
f 2096 2020 2035
f 667 683 670
f 683 3670 670
f 663 667 670
f 665 667 663
f 4150 2064 2063
f 2063 4149 4150
f 2063 2130 4149
f 2061 4148 2130
f 2086 2085 4148
f 675 683 667
f 673 667 665
f 671 677 665
f 665 677 673
f 4157 4156 671
f 4155 4168 4156
f 4152 4225 4153
f 4152 4150 4225
f 4284 4149 2130
f 4150 4149 4284
f 4147 2130 4148
f 4284 2130 4147
f 4147 4148 4141
f 4141 4148 2085
f 674 667 673
f 671 4160 677
f 4160 671 4156
f 4162 4156 4168
f 4165 4168 4153
f 4165 4153 4225
f 4227 4225 4150
f 4150 4151 4227
f 4151 4150 4284
f 4161 4160 4156
f 4161 4156 4162
f 4163 4162 4168
f 4163 4168 4165
f 4165 4225 4227
f 4032 4028 4025
f 3988 3989 4003
f 3988 4003 3995
f 71 3995 4009
f 71 4009 4310
f 71 4310 4016
f 4016 4310 4086
f 4016 4086 4018
f 4018 4086 4019
f 4018 4019 4072
f 4072 4019 4020
f 4072 4020 4305
f 4305 4020 4022
f 4305 4022 4024
f 4024 4022 4023
f 4024 4023 4031
f 4031 4023 4025
f 4031 4025 4028
f 4031 4028 72
f 4028 4032 4195
f 4230 4005 4006
f 3991 3989 4282
f 3991 4230 3989
f 4282 3989 3988
f 4004 3988 3995
f 4004 3995 70
f 70 3995 71
f 72 4028 4191
f 4191 4028 4195
f 4195 4194 4191
f 4005 4008 4007
f 4000 4008 4005
f 4005 4230 3996
f 3996 4230 4001
f 4001 4230 3991
f 4001 3991 4282
f 2812 4196 4194
f 2813 2812 4194
f 3942 4008 3998
f 3998 4008 3997
f 3997 4008 4000
f 3997 4000 4005
f 3997 4005 3996
f 2809 2810 2812
f 2809 2812 2807
f 3510 3511 3942
f 3510 3942 3998
f 2809 2807 2811
f 2811 2807 2808
f 3511 3509 3898
f 3508 3509 3510
f 3510 3509 3511
f 2808 3049 2811
f 3467 3898 3509
f 2815 2878 3049
f 3468 3467 3509
f 2854 2878 2876
f 2878 2815 2876
f 3589 3467 3468
f 3589 3861 3467
f 2876 2877 2854
f 3961 3861 3589
f 3961 3589 3968
f 2876 2828 2877
f 2828 2830 2877
f 3423 3961 3968
f 2830 2832 2877
f 3424 3397 3423
f 2830 2875 2874
f 2832 2830 2874
f 3396 3397 3424
f 3396 3424 3442
f 2875 3351 2874
f 3400 3395 3396
f 4707 4914 3351
f 4741 4895 4715
f 4698 4895 4741
f 4709 4895 4699
f 4709 4699 4708
f 4708 4699 4707
f 3444 67 73
f 3398 67 3444
f 4905 4746 4748
f 4905 4745 4746
f 4872 4905 4922
f 4872 4745 4905
f 4872 4922 4741
f 4741 4922 4740
f 4741 4740 4698
f 3418 3883 67
f 4816 3418 3911
f 4816 3883 3418
f 4766 4747 4767
f 4747 4768 4767
f 4749 4748 4747
f 3911 4817 4816
f 4817 4814 4816
f 4814 4813 74
f 4817 4813 4814
f 4813 4832 4767
f 4767 4832 4765
f 4767 4765 4766
f 2471 2516 2588
f 2472 2516 2471
f 2471 2693 2472
f 2694 2693 3126
f 2200 2199 2157
f 2199 2200 2590
f 2199 2590 2204
f 2204 2590 2516
f 2516 2590 2568
f 2516 2568 2588
f 3126 2740 2694
f 2694 2740 2634
f 2740 2636 2634
f 2740 2638 2636
f 2638 2640 2636
f 2159 2160 2161
f 2573 2159 2163
f 2573 2200 2157
f 2639 3136 2641
f 2638 2639 2641
f 2640 2638 2641
f 3136 2643 2641
f 2162 2164 2412
f 2161 2162 2412
f 2161 2412 2295
f 2161 2295 2159
f 2159 2295 2163
f 3136 2662 2643
f 2662 2648 2643
f 2166 63 2167
f 2166 2167 2164
f 3046 2648 2662
f 2647 2648 3046
f 2174 2197 2193
f 2193 2197 2171
f 2171 2197 63
f 68 2175 2174
f 2647 2649 2645
f 2647 3046 2649
f 2180 68 3685
f 2175 68 2180
f 2652 2645 2651
f 3685 3683 2180
f 3948 3683 3685
f 3948 3682 3683
f 2653 2034 2652
f 3681 3682 3948
f 2653 2032 2034
f 3680 3677 3681
f 2032 1841 2033
f 3687 3677 3680
f 2032 2068 1841
f 2032 2030 2068
f 2136 2022 2036
f 2136 2036 2068
f 2136 2068 2030
f 69 3675 3687
f 2036 2022 2019
f 2022 2136 2023
f 3929 69 683
f 2019 2022 2020
f 2022 2021 2020
f 2028 2022 2023
f 3929 683 3669
f 2035 2021 2085
f 2020 2021 2035
f 2021 2022 4295
f 4295 2022 2028
f 676 3669 675
f 3669 683 675
f 667 676 675
f 2085 4142 4141
f 4142 2085 2021
f 2021 4295 2024
f 2021 2024 4140
f 680 676 678
f 678 676 674
f 676 667 674
f 4160 673 677
f 4146 4227 4151
f 4284 4146 4151
f 4284 4335 4146
f 4141 4142 4147
f 4142 4284 4147
f 4142 4314 4284
f 4139 4142 2021
f 2021 4140 4139
f 678 679 680
f 674 679 678
f 4161 674 673
f 679 674 4161
f 4161 673 4160
f 4162 4347 4161
f 4162 4163 4347
f 4165 4164 4163
f 4146 4241 4227
f 4227 4241 4165
f 4146 4144 4241
f 4308 4335 4284
f 4146 4335 4308
f 4308 4284 4314
f 4269 4314 4142
f 4142 4139 4269
f 4161 4070 679
f 4070 4161 4348
f 4348 4161 4347
f 4347 4163 4349
f 4349 4163 4164
f 4274 4164 4165
f 4326 4165 4241
f 4274 4165 4326
f 4116 4144 4146
f 4116 4146 4308
f 4269 4139 4314
f 4070 4348 4071
f 4348 4347 4101
f 4101 4347 4349
f 4164 4274 4349
f 4326 4241 4109
f 4109 4241 4144
f 4109 4144 4175
f 4144 4116 4175
f 4127 4116 4308
f 4314 4139 4136
f 4314 4136 4308
f 4102 4101 4349
f 4102 4349 4103
f 4103 4349 4240
f 4116 4117 4143
f 4127 4117 4116
f 4129 4127 4308
f 4308 4136 4129
f 4117 4128 4143
f 4127 4128 4117
f 4128 4127 4129
f 4132 4317 4134
f 4128 4130 4131
f 4129 4130 4128
f 4132 4129 4317
f 4130 4129 4132
f 4132 4133 4130
f 4132 4292 4340
f 4341 4132 4340
f 4340 4343 4341
f 4304 4133 4132
f 4132 4277 4304
f 4341 4277 4132
f 4277 4341 4343
f 4277 4343 4279
f 4280 4342 4277
f 4278 4277 4279
f 4276 4280 4277
f 4342 4280 4276
f 4276 4277 4278
f 4275 4307 4342
f 4275 4342 4276
f 4333 4276 4278
f 4300 4296 4050
f 4296 4300 4285
f 4300 4040 4057
f 4285 4300 4057
f 4088 4033 4237
f 4033 4088 4328
f 4026 4088 4029
f 4328 4088 4026
f 4166 4029 4030
f 4026 4029 4166
f 4231 4065 4296
f 4231 4296 4003
f 4238 4296 4285
f 4003 4296 4238
f 4310 4057 4054
f 4285 4057 4310
f 4338 4054 4066
f 4310 4054 4338
f 4021 4034 4033
f 4066 4034 4021
f 4021 4033 4022
f 4023 4033 4328
f 4022 4033 4023
f 4026 4166 4027
f 4311 4166 4172
f 4027 4166 4311
f 4228 4059 4052
f 4065 4228 4052
f 4013 4065 4231
f 4231 4003 3989
f 4003 4238 3995
f 3995 4238 4285
f 3995 4285 4009
f 4009 4285 4310
f 4310 4338 4086
f 4086 4338 4066
f 4086 4066 4019
f 4019 4066 4021
f 4019 4021 4020
f 4020 4021 4022
f 4023 4328 4025
f 4025 4328 4026
f 4025 4026 4027
f 4025 4027 4032
f 4032 4027 4311
f 4197 4198 4032
f 4311 4197 4032
f 4173 3485 4228
f 4232 4173 4228
f 4232 4228 4007
f 4013 4228 4065
f 4007 4228 4013
f 4006 4013 4230
f 4230 4013 4231
f 4230 4231 3989
f 4198 4195 4032
f 2813 4195 4198
f 4173 3868 3485
f 4173 4232 4007
f 4005 4007 4013
f 4005 4013 4006
f 4195 2813 4194
f 3481 3868 3942
f 3942 3868 4008
f 4008 3868 4173
f 4008 4173 4007
f 2806 2812 3119
f 2812 2798 3119
f 2812 2813 2798
f 3511 3481 3942
f 2807 2812 2806
f 2808 2807 2806
f 3480 3481 3511
f 3917 3480 3511
f 3898 3917 3511
f 2814 3049 2808
f 2816 2876 2815
f 3861 3466 3467
f 2816 2828 2876
f 3423 3861 3961
f 3423 3397 3861
f 2831 3350 2875
f 2831 2875 2830
f 3395 3397 3396
f 3351 2875 3350
f 3351 3350 4721
f 3395 3400 3415
f 4708 4707 4710
f 4707 4711 4710
f 4707 4722 4711
f 4722 4707 4721
f 4721 4707 3351
f 3398 3415 3400
f 3444 73 3398
f 73 3415 3398
f 4943 4715 4714
f 4712 4715 4895
f 4712 4709 4711
f 4895 4709 4712
f 4711 4709 4710
f 4710 4709 4708
f 3882 3880 67
f 67 3880 73
f 4943 4745 4872
f 4943 4872 4715
f 4715 4872 4741
f 3883 3882 67
f 4816 3882 3883
f 3957 3882 4816
f 4815 74 4816
f 74 3957 4816
f 4769 74 4813
f 4769 4892 74
f 4768 4813 4767
f 4768 4769 4813
f 4772 4768 4747
f 4772 4747 4746
f 4746 4747 4748
f 4814 4815 4816
f 4815 4814 74
f 2470 2693 2471
f 2470 3126 2693
f 2568 2590 2213
f 2588 2568 2471
f 2471 2568 2470
f 2470 2740 3126
f 2702 2638 2740
f 2201 2200 2573
f 2201 2573 2163
f 2200 2213 2590
f 2702 2704 2639
f 2638 2702 2639
f 2704 3136 2639
f 2704 3133 3136
f 3133 2700 3136
f 2662 3136 2700
f 2662 2700 2701
f 2168 2164 2167
f 2168 2167 63
f 2168 2169 2164
f 2164 2169 2412
f 2169 2219 2412
f 2412 2219 2295
f 2295 2219 2296
f 2295 2296 2294
f 2662 3137 3046
f 2662 2701 3137
f 2197 2599 63
f 2599 2168 63
f 2650 3046 3137
f 2175 2176 2174
f 2176 2592 2174
f 2174 2592 2197
f 2592 2599 2197
f 2650 2649 3046
f 2180 2181 2175
f 2181 2176 2175
f 2176 2181 2592
f 2651 2645 2649
f 2180 3683 2181
f 2649 2652 2651
f 2653 2652 2649
f 3682 2603 3683
f 3681 2603 3682
f 3681 3894 2603
f 2654 2032 2653
f 2031 2032 2654
f 3677 3894 3681
f 3043 2032 2031
f 3687 3675 3677
f 3043 2030 2032
f 2030 2029 2136
f 69 3671 3675
f 2136 2029 2026
f 2136 2026 2023
f 3671 69 3929
f 3671 3929 3672
f 2023 2026 2047
f 3669 3672 3929
f 3669 3689 3672
f 2028 2024 4295
f 2028 2023 2027
f 2027 2023 2047
f 3669 676 3689
f 3689 676 3975
f 2025 2024 2028
f 2028 2027 2122
f 2028 2122 2025
f 3975 676 3668
f 680 3668 676
f 2024 4345 4140
f 2024 4294 4345
f 2024 2025 4294
f 684 3668 680
f 679 684 680
f 4140 4345 4139
f 4345 4145 4139
f 681 684 679
f 4070 681 679
f 4137 4145 4345
f 684 681 3524
f 4321 681 4070
f 4071 4069 4070
f 4070 4069 4321
f 4348 4069 4071
f 4240 4349 4274
f 4326 4109 4274
f 4145 4136 4139
f 4145 4137 4138
f 681 4068 685
f 4321 4068 681
f 4101 4321 4348
f 4321 4069 4348
f 4101 4102 4321
f 4240 4106 4103
f 4106 4240 4274
f 4115 4109 4175
f 4143 4115 4116
f 4115 4175 4116
f 4134 4129 4136
f 4138 4266 4145
f 4068 4321 4315
f 4321 4102 4105
f 4105 4102 4103
f 4107 4106 4274
f 4103 4106 4107
f 4108 4274 4109
f 4107 4274 4108
f 4109 4115 4306
f 4128 4115 4143
f 4134 4317 4129
f 4134 4136 4135
f 4291 4136 4145
f 4135 4136 4291
f 4145 4266 4289
f 4145 4289 4291
f 4315 4064 4068
f 4112 4315 4321
f 4112 4321 4105
f 4104 4105 4103
f 4108 4103 4107
f 4104 4103 4108
f 4108 4109 4306
f 4115 4239 4306
f 4131 4239 4128
f 4128 4239 4115
f 4134 4135 4132
f 4135 4291 4132
f 4291 4289 4290
f 4315 4299 4270
f 4322 4315 4112
f 4299 4315 4322
f 4110 4112 4105
f 4247 4105 4104
f 4110 4105 4247
f 4108 4125 4247
f 4104 4108 4247
f 4239 4336 4122
f 4302 4239 4131
f 4302 4336 4239
f 4130 4302 4131
f 4132 4291 4292
f 4291 4340 4292
f 4290 4297 4291
f 4063 4322 4112
f 4299 4322 4063
f 4063 4112 4110
f 4336 4302 4122
f 4304 4302 4130
f 4133 4304 4130
f 4340 4291 4343
f 4291 4297 4293
f 4182 4063 4110
f 4182 4110 4111
f 4303 4126 4122
f 4302 4303 4122
f 4291 4279 4343
f 4291 4313 4279
f 4291 4293 4313
f 4234 4182 4111
f 4319 4182 4234
f 4114 4111 4113
f 4234 4111 4114
f 4126 4286 4114
f 4303 4286 4126
f 4303 4304 4342
f 4303 4302 4304
f 4342 4304 4277
f 4261 4278 4313
f 4313 4278 4279
f 4319 4234 4350
f 4234 4114 4039
f 4038 4114 4286
f 4039 4114 4038
f 4037 4286 4303
f 4037 4303 4245
f 4307 4245 4342
f 4342 4245 4303
f 4261 4332 4278
f 4043 76 4234
f 4041 4234 4039
f 4043 4234 4041
f 4275 4245 4307
f 4275 4037 4245
f 4333 4237 4276
f 4276 4237 4275
f 4278 4095 4333
f 4278 4332 4100
f 4095 4278 4100
f 76 4048 4053
f 4048 76 4045
f 4044 76 4043
f 4045 76 4044
f 4040 4038 4286
f 4039 4038 4040
f 4036 4286 4037
f 4040 4286 4036
f 4036 4037 4275
f 4067 4275 4237
f 4333 4095 4094
f 4097 4095 4096
f 4094 4095 4097
f 4048 4049 4301
f 4049 4048 4047
f 4046 4048 4045
f 4047 4048 4046
f 4044 4043 4042
f 4042 4041 4050
f 4042 4043 4041
f 4050 4041 4300
f 4300 4041 4039
f 4300 4039 4040
f 4034 4036 4275
f 4035 4275 4067
f 4034 4275 4035
f 4035 4067 4237
f 4088 4237 4333
f 4088 4333 4029
f 4029 4333 4094
f 4094 4097 4250
f 4051 4049 4047
f 4244 4049 4051
f 4046 4045 4044
f 4044 4042 4296
f 4296 4042 4050
f 4057 4040 4054
f 4054 4040 4036
f 4054 4036 4066
f 4066 4036 4034
f 4034 4035 4033
f 4033 4035 4237
f 4094 4030 4029
f 4030 4094 4166
f 4166 4094 4250
f 4249 4172 4166
f 4250 4249 4166
f 4235 4049 4244
f 3486 4049 4235
f 4051 4046 4052
f 4051 4047 4046
f 4052 4046 4065
f 4065 4046 4044
f 4065 4044 4296
f 4252 4311 4172
f 4249 4252 4172
f 3484 3486 4235
f 4235 4244 4228
f 4228 4244 4059
f 4059 4244 4051
f 4059 4051 4052
f 4252 4197 4311
f 4198 4197 4252
f 3484 4235 3485
f 3485 4235 4228
f 2813 4198 2796
f 2797 2813 2796
f 3483 3484 3868
f 3868 3484 3485
f 2797 2798 2813
f 3874 3483 3482
f 3483 3481 3482
f 3483 3868 3481
f 2806 3119 2798
f 2806 2798 2804
f 3874 3482 3480
f 3481 3480 3482
f 2804 2808 2806
f 2805 2808 2804
f 2805 2814 2808
f 3898 3465 3917
f 2879 3049 2814
f 3467 3465 3898
f 3467 3464 3465
f 2816 2815 3049
f 3466 3464 3467
f 3861 3876 3466
f 2829 2828 2816
f 3588 3876 3861
f 3588 3861 3889
f 2828 2829 2830
f 3397 3889 3861
f 2829 3275 2831
f 3275 3349 2831
f 2829 2831 2830
f 3350 3349 3355
f 2831 3349 3350
f 3395 3443 3397
f 3395 3448 3443
f 4721 3356 4722
f 3356 4721 3355
f 3355 4721 3350
f 3448 3395 3415
f 3448 3415 3446
f 4711 3243 4713
f 3244 3243 4711
f 4711 4722 3244
f 3445 3446 3415
f 3445 3415 73
f 73 3880 3445
f 3287 3289 4745
f 4943 4714 4745
f 4714 3287 4745
f 3286 4714 4715
f 4715 4713 3364
f 3286 4715 3364
f 4713 4715 4712
f 4713 4712 4711
f 3881 3864 3882
f 3864 3880 3882
f 3864 3865 3880
f 74 3309 3881
f 74 3325 3309
f 4769 4770 3325
f 4772 3306 4770
f 3306 4772 4746
f 3306 4745 3289
f 4746 4745 3306
f 3881 3882 3957
f 3881 3957 74
f 74 4892 3325
f 3325 4892 4769
f 4769 4768 4770
f 4770 4768 4772
f 2213 2210 2568
f 2211 2470 2568
f 2740 2470 2211
f 2201 2532 2200
f 2203 2213 2200
f 2203 2200 2532
f 2205 2213 2203
f 2213 2205 2210
f 2210 2208 2568
f 2568 2208 2211
f 2211 2209 2740
f 2740 2209 2707
f 2740 2707 2702
f 2707 2706 2702
f 2704 2706 2705
f 2702 2706 2704
f 2293 2163 2295
f 2293 2295 2294
f 2163 2293 2527
f 2202 2163 2527
f 2201 2163 2202
f 2201 2202 2532
f 2705 3133 2704
f 2705 2700 3133
f 2296 2219 2169
f 2293 2294 2527
f 3137 2701 3108
f 2599 2170 2168
f 2169 2221 2296
f 2592 2179 2599
f 2179 2605 2599
f 2605 2170 2599
f 2170 2605 2168
f 2168 2605 2577
f 2168 2577 2169
f 3137 2649 2650
f 2657 2649 3137
f 2177 2179 2181
f 2181 2179 2592
f 2649 2657 2659
f 2603 2475 3683
f 3683 2475 2181
f 2475 2178 2181
f 2178 2177 2181
f 2177 2178 2179
f 2649 2659 2654
f 2653 2649 2654
f 2475 2603 3686
f 3894 3686 2603
f 3043 2031 2654
f 3677 3686 3894
f 3677 3676 3686
f 3675 3676 3677
f 3675 3674 3676
f 2029 2030 3043
f 3043 2668 2029
f 3671 3672 3675
f 2047 2026 2029
f 2029 3050 2047
f 2047 2122 2027
f 2047 2741 2122
f 2047 2759 2741
f 3885 3689 3975
f 3884 3689 3885
f 2741 2108 2122
f 3975 3886 3885
f 3975 3668 3886
f 2122 4294 2025
f 2122 4287 4294
f 4287 2122 2108
f 3907 3668 3667
f 3886 3668 3907
f 684 3667 3668
f 4344 4345 4294
f 4287 4265 4294
f 3667 684 3907
f 684 3524 3907
f 4344 4137 4345
f 4346 4344 4294
f 4137 4344 4346
f 4294 4265 4346
f 3528 3524 681
f 4266 4138 4137
f 4264 4137 4346
f 4266 4137 4264
f 3528 681 685
f 4264 4263 4266
f 3528 685 686
f 75 685 4068
f 4064 75 4068
f 4260 4289 4266
f 4260 4266 4288
f 4266 4263 4288
f 685 3535 686
f 75 3535 685
f 4315 75 4064
f 4306 4123 4108
f 4108 4123 4124
f 4260 4290 4289
f 4062 3535 75
f 4270 4062 4315
f 4315 4062 75
f 4108 4124 4125
f 4122 4123 4239
f 4239 4123 4306
f 4260 4297 4290
f 4260 4288 4262
f 3535 3856 3536
f 4062 3856 3535
f 4299 4062 4270
f 4120 4110 4125
f 4125 4110 4247
f 4120 4125 4124
f 4121 4124 4123
f 4119 4124 4121
f 4121 4123 4122
f 4297 4260 4293
f 4260 4259 4293
f 4058 3856 4062
f 4063 4062 4299
f 4120 4111 4110
f 4118 4124 4119
f 4120 4124 4118
f 4119 4121 4126
f 4126 4121 4122
f 4261 4313 4293
f 4293 4259 77
f 4293 77 4261
f 3856 4320 4327
f 4320 3856 4058
f 4060 4058 4062
f 4182 4061 4063
f 4061 4062 4063
f 4061 4060 4062
f 4319 4061 4182
f 4350 4061 4319
f 4120 4113 4111
f 4113 4120 4114
f 4114 4120 4118
f 4114 4118 4126
f 4126 4118 4119
f 4267 4261 77
f 4060 4061 4055
f 4350 4055 4061
f 4100 4332 4261
f 4334 4261 4267
f 4100 4261 4334
f 3951 4320 4058
f 4055 4058 4060
f 4053 4055 76
f 76 4055 4350
f 76 4350 4234
f 4100 4334 4095
f 4334 4267 4257
f 4253 4334 4257
f 4056 3951 4058
f 4056 4055 4048
f 4056 4058 4055
f 4048 4055 4053
f 4334 4096 4095
f 4096 4334 4097
f 4334 4281 4097
f 4281 4334 4253
f 4323 3951 4056
f 3488 3951 4323
f 4301 4323 4048
f 4048 4323 4056
f 4097 4281 4250
f 4281 4253 4250
f 4253 4251 4250
f 3488 4323 4049
f 4049 4323 4301
f 4251 2794 4252
f 4251 4252 4249
f 4250 4251 4249
f 3486 3487 4049
f 4049 3487 3488
f 4198 4252 2794
f 2795 4198 2794
f 2796 2795 2799
f 2796 4198 2795
f 3483 3845 3484
f 3484 3845 3486
f 2799 2797 2796
f 3845 3483 3874
f 2804 2798 2801
f 2798 2797 2801
f 3480 3476 3874
f 3480 3492 3476
f 3480 3917 3471
f 3492 3480 3471
f 2814 2805 2880
f 2805 2825 2880
f 2880 2879 2814
f 3471 3917 3470
f 3917 3464 3470
f 3917 3465 3464
f 2818 2879 2880
f 3049 2879 2818
f 2818 2816 3049
f 3085 2817 3275
f 3085 2829 2816
f 3085 2816 2817
f 3588 3889 3876
f 3889 3533 3876
f 3085 3275 2829
f 3397 3394 3889
f 3275 3263 3349
f 3349 3263 3282
f 3443 3394 3397
f 3443 3393 3394
f 3282 3361 3349
f 3361 3355 3349
f 3393 3448 3946
f 3443 3448 3393
f 3243 3242 3363
f 3361 3243 3269
f 3243 4722 3269
f 3269 4722 3356
f 3269 3356 3361
f 3361 3356 3355
f 3446 3946 3448
f 3288 3289 3287
f 3287 3285 3288
f 3285 3286 3240
f 3240 3286 3363
f 3286 3364 3363
f 3363 3364 4713
f 3363 4713 3243
f 3243 3244 4722
f 3880 3863 3445
f 3863 3446 3445
f 3304 3303 3863
f 3287 4714 3285
f 3285 4714 3286
f 3865 3863 3880
f 3863 3865 3864
f 3863 3864 3304
f 3304 3864 3881
f 3309 3301 3304
f 3881 3309 3304
f 3332 3309 3325
f 3325 3291 3295
f 3332 3325 3295
f 3291 3325 4770
f 3291 4770 3306
f 3291 3306 3290
f 3290 3306 3289
f 2206 2210 2205
f 2206 2205 2203
f 2207 2208 2210
f 2207 2210 2206
f 2209 2211 2208
f 2532 2202 2527
f 2394 2203 2532
f 2394 2395 2203
f 2395 2206 2203
f 2208 2207 2209
f 2209 2451 2707
f 2707 2451 2706
f 2715 2710 2705
f 2706 2715 2705
f 2710 2700 2705
f 2296 2292 2294
f 2291 2294 2292
f 2291 2287 2294
f 2294 2287 2527
f 2287 2532 2527
f 2532 2554 2394
f 2710 2715 2713
f 2713 3108 2701
f 2710 2713 2701
f 2700 2710 2701
f 2169 2220 2221
f 2221 2292 2296
f 2713 3109 3137
f 3108 2713 3137
f 2577 2605 2263
f 2577 2223 2169
f 2223 2220 2169
f 2220 2223 2221
f 2221 2223 2292
f 2713 2661 3109
f 3137 3109 2661
f 2659 3137 2661
f 2657 3137 2659
f 2534 2263 2179
f 2179 2263 2605
f 2577 2263 2226
f 2475 2232 2178
f 2178 2232 2179
f 2232 2534 2179
f 2656 2655 2659
f 2659 2655 2654
f 2654 2655 2665
f 2238 2237 2475
f 2475 2237 2232
f 2663 2654 2665
f 3686 2234 2475
f 2234 2238 2475
f 2663 3043 2654
f 3676 3674 3686
f 2234 3686 3674
f 3043 2717 2668
f 2717 2029 2668
f 2719 2029 2717
f 3675 3673 3674
f 3910 3674 3673
f 2719 3050 2029
f 3672 3673 3675
f 2718 2047 3050
f 3672 3689 3673
f 3689 3688 3673
f 3689 3941 3688
f 2718 2759 2047
f 3884 3941 3689
f 3885 3886 3884
f 2108 2742 4287
f 2742 4265 4287
f 3525 3907 3523
f 3524 3523 3907
f 2112 4346 4265
f 3524 3528 3523
f 2112 4264 4346
f 3523 3528 3895
f 2114 4264 2115
f 4263 4264 2114
f 3528 686 3534
f 4262 4288 4263
f 4262 4263 2114
f 2114 2116 4262
f 3535 3537 686
f 4262 4259 4260
f 4262 2116 2118
f 4262 2118 4259
f 3537 3535 3536
f 3856 3537 3536
f 4259 2118 2121
f 3856 3956 3537
f 4258 77 2121
f 2121 77 4259
f 3927 3956 3857
f 4327 3857 3856
f 3856 3857 3956
f 77 4258 4267
f 4258 4268 4267
f 4325 3857 4327
f 4320 4325 4327
f 4256 4267 4268
f 3857 4325 3891
f 3951 4325 4320
f 4256 4257 4267
f 4256 4255 4253
f 4256 4253 4257
f 4254 4255 4256
f 3951 3891 4325
f 4254 4253 4255
f 3022 4253 4254
f 3488 3507 3951
f 3951 3507 3891
f 4251 4253 3022
f 3022 2794 4251
f 3487 3986 3488
f 3488 3986 3507
f 2795 2794 3026
f 3486 3986 3487
f 3026 2799 2795
f 3986 3486 3479
f 3486 3477 3479
f 3486 3845 3477
f 2800 2797 2799
f 3874 3477 3845
f 3874 3475 3477
f 2797 2800 2801
f 2804 2801 2800
f 3476 3475 3874
f 2800 2805 2804
f 2825 2805 2800
f 3471 3469 3492
f 3469 3471 3470
f 3470 3464 3469
f 3469 3464 3463
f 2826 2818 2880
f 3466 3463 3464
f 3876 3460 3466
f 2818 2826 2817
f 2826 3278 2817
f 2818 2817 2816
f 3460 3876 3533
f 3460 3533 3449
f 3275 3278 3266
f 2817 3278 3275
f 3889 3449 3533
f 3262 3263 3278
f 3278 3263 3266
f 3266 3263 3275
f 3394 3449 3889
f 3264 3263 3262
f 3264 3282 3263
f 3393 3438 3439
f 3241 3271 3239
f 3241 3267 3373
f 3264 3267 3361
f 3373 3267 3264
f 3264 3361 3282
f 3976 3389 3946
f 3389 3438 3946
f 3438 3393 3946
f 3235 3239 3238
f 3239 3235 3240
f 3239 3240 3363
f 3239 3363 3241
f 3241 3363 3242
f 3241 3242 3243
f 3241 3243 3267
f 3267 3243 3361
f 3446 3976 3946
f 3863 3305 3446
f 3305 3976 3446
f 3332 3299 3300
f 3299 3292 3293
f 3298 3294 3292
f 3298 78 3276
f 78 3289 3288
f 3276 78 3288
f 3276 3288 3285
f 3276 3285 3235
f 3235 3285 3240
f 3305 3863 3303
f 3305 3303 3302
f 3302 3303 3304
f 3302 3304 3300
f 3300 3304 3301
f 3309 3300 3301
f 3332 3300 3309
f 3299 3332 3295
f 3299 3295 3291
f 3299 3291 3292
f 3292 3291 3290
f 3292 3290 3298
f 3298 3290 3289
f 3298 3289 78
f 2611 2207 2206
f 2611 2206 2395
f 2207 2611 2549
f 2396 2207 2549
f 2207 2396 2209
f 2209 2537 2451
f 2396 2537 2209
f 2706 2537 2708
f 2451 2537 2706
f 2708 2715 2706
f 2287 2288 2532
f 2554 2532 2288
f 2394 2554 79
f 2394 79 2395
f 2708 2709 2715
f 2713 2709 2712
f 2715 2709 2713
f 2286 2291 2292
f 2286 2292 2285
f 2291 2286 2287
f 2286 2288 2287
f 2288 2286 2554
f 2554 2286 2289
f 2554 2289 79
f 2712 3081 2713
f 2577 2283 2223
f 2223 2222 2292
f 2222 2285 2292
f 2286 2285 2276
f 3081 2660 2659
f 3081 2659 2661
f 2713 3081 2661
f 2227 2226 2263
f 2227 2263 2229
f 2226 2227 2577
f 2227 2224 2577
f 2224 2283 2577
f 2283 2224 2223
f 2223 2224 2225
f 2223 2225 2222
f 2660 2658 2659
f 2656 2659 2658
f 2232 2229 2534
f 2534 2229 2263
f 2227 2229 2264
f 2665 2655 2656
f 2665 2656 2663
f 2238 2232 2237
f 2232 2284 2229
f 2232 2238 2231
f 2231 2238 2234
f 2664 3043 2663
f 3674 2235 2234
f 2234 2235 2231
f 2664 2667 3043
f 3043 2667 2717
f 3910 2235 3674
f 2667 2719 2717
f 3673 2500 3910
f 3688 2500 3673
f 3884 3934 3941
f 3886 3934 3884
f 3886 3973 3934
f 2742 2108 2741
f 3907 3973 3886
f 3525 3522 3907
f 2111 4265 2110
f 4265 2109 2110
f 4265 2742 2109
f 2111 2112 4265
f 3525 3523 3939
f 2113 4264 2112
f 2112 2111 2113
f 3939 3523 3526
f 3523 3895 3526
f 2113 2115 4264
f 2114 2115 2113
f 2111 2114 2113
f 2757 2114 2111
f 3895 3528 3587
f 3534 3587 3528
f 2116 2114 2757
f 3587 3534 3895
f 3534 3538 3895
f 3534 686 3538
f 3537 3538 686
f 3537 3878 3538
f 2118 2116 2117
f 3879 3537 3956
f 3878 3537 3879
f 2120 2121 2118
f 2118 2119 2120
f 3879 3956 3984
f 3879 3984 3932
f 3927 3984 3956
f 3040 4258 2121
f 2119 3040 2121
f 2120 2119 2121
f 3983 3932 3984
f 3984 3927 3983
f 3927 3892 3983
f 3927 3857 3892
f 3040 4268 4258
f 3040 2784 4268
f 3891 3892 3857
f 3891 3893 3892
f 3039 4256 4268
f 4268 2784 3039
f 3893 3891 3890
f 3039 4254 4256
f 3507 3890 3891
f 2793 3022 3099
f 3099 3022 4254
f 3890 3507 3935
f 3507 3532 3935
f 2791 3022 2793
f 3986 3532 3507
f 2794 3022 2791
f 3024 3026 2794
f 3986 3494 3532
f 3479 3494 3986
f 3024 2799 3026
f 2800 2799 3024
f 3478 3479 3477
f 3477 3475 3478
f 2803 3135 2800
f 2800 3135 3124
f 3476 3478 3475
f 3476 3472 3478
f 3124 2825 2800
f 3492 3472 3476
f 3469 3473 3492
f 2820 2880 2825
f 2819 2880 2820
f 3469 3463 3452
f 2819 2826 2880
f 2823 2826 2819
f 3466 3452 3463
f 2826 2823 2824
f 3452 3460 3450
f 3466 3460 3452
f 3283 3260 2823
f 3260 2824 2823
f 3260 3278 2826
f 3260 2826 2824
f 3449 3459 3460
f 3257 3260 3283
f 3257 3261 3260
f 3260 3261 3278
f 3459 3449 3441
f 3449 3440 3441
f 3261 3249 3247
f 3249 3261 3257
f 3261 3262 3278
f 3393 3388 3394
f 3388 3440 3394
f 3440 3449 3394
f 3245 3246 3237
f 3247 3245 3248
f 3261 3248 3373
f 3247 3248 3261
f 3261 3373 3264
f 3261 3264 3262
f 3439 3388 3393
f 3438 3388 3439
f 3234 3237 3333
f 3234 3236 3237
f 3237 3236 3238
f 3237 3238 3239
f 3237 3239 3245
f 3245 3239 3271
f 3245 3271 3241
f 3245 3241 3248
f 3248 3241 3373
f 3976 3392 3389
f 3392 3386 3389
f 3386 3438 3389
f 3360 3307 3321
f 3293 3336 3296
f 3336 3233 3327
f 3336 3294 3233
f 3234 3294 3298
f 3233 3294 3234
f 3234 3298 3276
f 3234 3276 3235
f 3234 3235 3236
f 3236 3235 3238
f 3305 3392 3976
f 3392 3305 3302
f 3392 3302 3386
f 3386 3302 3300
f 3386 3300 3321
f 3321 3300 3360
f 3300 3307 3360
f 3299 3307 3300
f 3307 3293 3296
f 3299 3293 3307
f 3293 3292 3336
f 3336 3292 3294
f 2547 2396 2549
f 2537 2396 2547
f 2393 2395 79
f 2393 2611 2395
f 2549 2611 2547
f 2537 2547 2303
f 2303 2708 2537
f 2303 2714 2708
f 2708 2714 2709
f 2711 2709 2714
f 2711 2712 2709
f 2290 2289 2286
f 2290 2286 2276
f 2289 2290 79
f 2393 2299 2611
f 2711 2714 3041
f 3041 2735 2712
f 2711 3041 2712
f 2735 3081 2712
f 2276 2285 2222
f 2529 2290 2555
f 2290 2276 2555
f 2735 2660 3081
f 2225 2224 2227
f 2277 2222 2225
f 2555 2276 2278
f 2276 2277 2278
f 2276 2222 2277
f 2735 2666 2660
f 2660 2666 2658
f 2666 2656 2658
f 2228 2264 2229
f 2228 2229 2284
f 2264 2225 2227
f 2225 2278 2277
f 2669 3098 2656
f 2666 2669 2656
f 3098 2663 2656
f 2232 2230 2284
f 2664 2663 3098
f 2231 2230 2232
f 2284 2231 2533
f 2284 2230 2231
f 2664 3117 2667
f 2236 2235 3910
f 3117 2719 2667
f 2720 2719 3117
f 2500 2244 3910
f 2236 3910 2501
f 2501 3910 2244
f 2720 3050 2719
f 2760 2718 3050
f 3941 2500 3688
f 2760 2759 2718
f 2500 3934 3897
f 3941 3934 2500
f 2743 2741 2759
f 3897 3934 3973
f 2743 2742 2741
f 3907 3522 3973
f 3522 3520 3973
f 3525 3520 3522
f 2754 2110 2109
f 2111 2110 2754
f 2748 2111 2754
f 3047 2111 2748
f 3939 3527 3525
f 2753 2111 3047
f 3527 3939 3526
f 3527 3526 3514
f 2753 2757 2111
f 3895 3514 3526
f 3895 3517 3514
f 3517 3895 3519
f 3538 3519 3895
f 2752 2117 2116
f 2752 2758 2117
f 2758 2118 2117
f 3879 3538 3878
f 3879 3932 3538
f 2783 2119 2118
f 2783 3040 2119
f 3967 3932 3983
f 2782 2784 3040
f 3983 3892 3967
f 3892 3893 3967
f 3890 3967 3893
f 3890 3531 3967
f 3039 3099 4254
f 3935 3531 3890
f 2789 2793 3099
f 3489 3935 3532
f 3532 3490 3489
f 2791 3024 2794
f 3494 3490 3532
f 3479 3855 3494
f 2803 2800 3024
f 3478 3855 3479
f 2803 2802 3135
f 3124 3135 2802
f 3472 3849 3478
f 2802 2825 3124
f 2827 2825 2802
f 3492 3474 3472
f 2827 2820 2825
f 3473 3474 3492
f 2819 2820 2821
f 3469 3452 3473
f 2823 2821 3265
f 2823 2819 2821
f 3265 3268 2823
f 3451 3452 3450
f 3450 3460 3451
f 3451 3460 3459
f 3250 3283 3268
f 3268 3283 2823
f 3459 3529 3383
f 3251 3250 3254
f 3250 3257 3283
f 3440 3529 3441
f 3529 3459 3441
f 3160 3256 3335
f 3160 3353 3256
f 3256 3353 3245
f 3256 3245 3247
f 3256 3247 3251
f 3251 3247 3249
f 3251 3249 3250
f 3250 3249 3257
f 3385 3391 3388
f 3391 3440 3388
f 3159 3184 3160
f 3184 3333 3160
f 3160 3333 3237
f 3160 3237 3246
f 3160 3246 3353
f 3353 3246 3245
f 3438 3385 3388
f 3385 3438 3386
f 3384 3385 3386
f 3384 3378 3377
f 3384 3386 3378
f 3297 3357 3322
f 3297 3354 3357
f 3327 3371 3354
f 3233 3184 3371
f 3327 3233 3371
f 3184 3233 3234
f 3184 3234 3333
f 3378 3386 3321
f 3378 3321 3379
f 3379 3321 3322
f 3322 3321 3307
f 3296 3322 3307
f 3297 3322 3296
f 3297 3296 3336
f 3297 3336 3354
f 3354 3336 3327
f 2301 2547 2611
f 2301 2611 2298
f 2303 2547 2301
f 2282 2393 79
f 2282 79 2290
f 2298 2299 2393
f 2298 2393 2282
f 2298 2611 2299
f 2301 2298 2300
f 2303 2301 2302
f 2391 2303 2302
f 2303 3084 2714
f 2391 3084 2303
f 2734 3041 2714
f 2734 2714 3084
f 2555 2275 2529
f 2275 2290 2529
f 2281 2290 2275
f 2282 2290 2281
f 2298 2282 2613
f 2298 2613 2300
f 2733 2734 3084
f 2734 2735 3041
f 2274 2555 2278
f 2275 2555 2274
f 2281 2275 2280
f 2733 2732 2666
f 2734 2733 2666
f 2735 2734 2666
f 2264 2265 2225
f 2494 2278 2225
f 2494 2564 2278
f 2564 2274 2278
f 2274 2279 2275
f 2275 2279 2280
f 2732 2727 2728
f 2732 2728 2669
f 2666 2732 2669
f 2228 2265 2264
f 2494 2225 2267
f 2225 2266 2267
f 2225 2265 2266
f 2727 2730 3098
f 2728 2727 3098
f 2669 2728 3098
f 2730 2664 3098
f 2533 2233 2284
f 2233 2487 2284
f 2284 2487 2228
f 2487 2265 2228
f 2265 2487 2266
f 2266 2487 2267
f 2722 2664 2730
f 3117 2664 2722
f 2235 2233 2231
f 2231 2233 2533
f 2236 2570 2233
f 2236 2233 2235
f 2239 2233 2570
f 3117 2722 2721
f 2720 3117 2721
f 2501 2570 2236
f 2721 3050 2720
f 2760 3050 2721
f 2500 2499 2244
f 2244 2570 2501
f 2743 2759 2760
f 3897 2499 2500
f 3897 3896 2499
f 3973 3896 3897
f 3973 3521 3896
f 2742 2743 2755
f 3520 3521 3973
f 2755 2109 2742
f 2754 2109 2755
f 2748 2754 2755
f 3525 3518 3520
f 3525 3539 3518
f 3539 3527 3516
f 3525 3527 3539
f 3122 2753 3047
f 3527 3514 3516
f 2757 3122 3056
f 2757 2753 3122
f 2752 2116 2757
f 3056 2752 2757
f 3519 3514 3517
f 3519 3872 3514
f 3872 3519 3538
f 3872 3538 3915
f 2778 2118 2758
f 3932 3915 3538
f 3932 3504 3915
f 2783 2118 2778
f 2782 3040 2783
f 3967 3504 3932
f 3967 3871 3504
f 3039 2784 2785
f 3531 3506 3967
f 2789 3099 3039
f 2785 2789 3039
f 3935 3493 3531
f 2790 2793 2789
f 3489 3493 3935
f 2790 2791 2793
f 2791 2792 3024
f 3023 3024 2792
f 3855 3888 3494
f 3023 2803 3024
f 3478 3850 3855
f 3849 3850 3478
f 2802 2803 3038
f 3472 3474 3849
f 2822 2827 2802
f 2822 2802 3038
f 2822 2820 2827
f 3473 80 3453
f 3474 3473 3453
f 3258 2821 2822
f 2822 2821 2820
f 3473 3452 80
f 3452 3875 80
f 81 3258 3270
f 81 3255 3258
f 3255 3265 2821
f 3255 2821 3258
f 3875 3452 3461
f 3253 3252 81
f 3255 81 3268
f 3255 3268 3265
f 3451 3461 3452
f 3459 3979 3451
f 3979 3461 3451
f 3251 3368 3346
f 3368 3251 3284
f 3251 3253 3284
f 3251 3252 3253
f 3252 3254 3250
f 3252 3250 81
f 81 3250 3268
f 3383 3979 3459
f 3919 3979 3383
f 3382 3919 3383
f 3230 3346 3347
f 3346 3230 3335
f 3346 3335 3256
f 3346 3256 3251
f 3252 3251 3254
f 3440 3383 3529
f 3383 3440 3391
f 3384 3383 3391
f 3382 3383 3384
f 3382 3390 3380
f 3161 3159 3230
f 3230 3159 3160
f 3230 3160 3335
f 3385 3384 3391
f 3377 3382 3384
f 3390 3382 3377
f 3390 3375 3376
f 3390 3377 3375
f 3322 3147 3375
f 3322 3146 3147
f 3354 3149 3146
f 3149 3354 3155
f 3354 3156 3155
f 3354 3326 3156
f 3161 3326 3371
f 3156 3326 3161
f 3161 3371 3184
f 3161 3184 3159
f 3377 3378 3375
f 3375 3378 3379
f 3375 3379 3322
f 3322 3357 3146
f 3146 3357 3354
f 3354 3371 3326
f 2300 2609 2301
f 2302 2301 2609
f 2546 2613 2282
f 2546 2282 2489
f 2613 2609 2300
f 2304 3084 2391
f 2302 2304 2391
f 2609 2304 2302
f 2305 3084 2304
f 2305 2733 3084
f 2489 2282 2281
f 2280 2489 2281
f 2609 2613 2377
f 2613 2489 2377
f 2613 2546 2489
f 2609 2308 2304
f 2586 2305 2304
f 2305 2586 2733
f 2731 2733 2586
f 2731 2732 2733
f 2268 2279 2274
f 2268 2274 2564
f 2489 2280 2616
f 2307 2586 2306
f 2307 2731 2586
f 2731 2307 2732
f 2307 2727 2732
f 2267 2273 2494
f 2564 2494 2273
f 2268 82 2279
f 2279 82 2495
f 2279 2495 2280
f 2280 2495 2616
f 2307 2306 2725
f 2307 2725 2727
f 2725 2730 2727
f 2552 2487 2241
f 2273 2267 2487
f 2552 2273 2487
f 2273 2268 2564
f 82 2268 2271
f 2724 2722 2730
f 2725 2724 2730
f 2241 2487 2233
f 2239 2241 2233
f 2273 2552 2270
f 2268 2273 2269
f 2268 2269 2271
f 2737 2722 2724
f 2552 2239 2551
f 2552 2241 2239
f 2722 2723 2721
f 2722 2737 2723
f 2240 2239 2570
f 2239 2240 2262
f 2744 2721 2723
f 2760 2721 2744
f 2244 2243 2240
f 2244 2240 2570
f 2242 2262 2240
f 2499 2450 2243
f 2499 2243 2244
f 2240 2243 2450
f 2744 2743 2760
f 3896 2450 2499
f 2450 3896 3521
f 2746 2756 2743
f 2743 2756 2755
f 3520 2250 3521
f 2756 2748 2755
f 3518 2250 3520
f 2250 3518 3516
f 3516 3518 3539
f 3514 3515 3516
f 3514 3513 3515
f 3122 2750 3056
f 2750 2752 3056
f 3514 3872 3530
f 2778 2758 2752
f 3915 3530 3872
f 2778 2781 2783
f 2781 2782 2783
f 2784 2782 2781
f 3871 3506 3504
f 3506 3871 3967
f 2787 2785 2784
f 3531 3495 3506
f 2786 2789 2785
f 3493 3495 3531
f 3489 3491 3493
f 3045 2791 2790
f 3491 3489 3490
f 3490 3494 3491
f 3491 3494 3888
f 3045 3025 2791
f 2791 3025 2792
f 3025 3023 2792
f 3855 3850 3888
f 3028 2803 3023
f 3030 2803 3028
f 3851 3850 3849
f 3851 3849 3854
f 3030 3038 2803
f 3474 3854 3849
f 3038 3201 3348
f 2822 3038 3348
f 3259 3258 2822
f 3259 2822 3348
f 3453 3454 3474
f 80 3456 3453
f 3456 3454 3453
f 3197 3348 3198
f 3197 3270 3348
f 3259 3270 3258
f 3348 3270 3259
f 3875 3456 80
f 3368 3319 3188
f 3270 3197 81
f 3875 3461 3979
f 3921 3875 3979
f 3918 3875 3920
f 3875 3921 3920
f 3343 3368 3188
f 3319 3368 3284
f 3319 3284 3253
f 3319 3253 3197
f 3197 3253 81
f 3921 3979 3919
f 3921 3919 3144
f 3342 3374 3343
f 3374 3347 3343
f 3343 3347 3346
f 3343 3346 3368
f 3144 3919 3382
f 3381 3144 3382
f 3144 3387 3141
f 3144 3381 3387
f 3141 3142 3143
f 3141 3387 3142
f 3145 3148 3142
f 3150 3162 3145
f 3157 3158 3150
f 3157 3230 3374
f 3374 3230 3347
f 3380 3381 3382
f 3381 3380 3390
f 3381 3390 3387
f 3142 3387 3147
f 3142 3146 3145
f 3142 3147 3146
f 3145 3149 3150
f 3145 3146 3149
f 3150 3149 3155
f 3150 3155 3156
f 3150 3156 3157
f 3157 3156 3161
f 3157 3161 3230
f 3376 3387 3390
f 3387 3376 3375
f 3387 3375 3147
f 2309 2308 2609
f 2309 2609 2377
f 2390 2304 2308
f 2390 2586 2304
f 2616 2375 2489
f 2375 2377 2489
f 2376 2377 2375
f 2377 2376 2309
f 2390 2308 2586
f 2392 2306 2586
f 2392 2586 2308
f 2495 82 2513
f 2375 2616 2495
f 2587 2375 2495
f 2376 2375 2571
f 2376 2571 2309
f 2309 2310 2308
f 2598 2308 2310
f 2308 2726 2392
f 2308 2598 2726
f 2392 2726 2306
f 2726 2725 2306
f 2271 2513 82
f 2587 2513 2485
f 2587 2495 2513
f 2375 2587 2378
f 2375 2378 2374
f 2726 2598 2315
f 2544 2726 2315
f 2729 2724 2725
f 2726 2729 2725
f 2544 2729 2726
f 2269 2273 2270
f 2485 2513 2496
f 2513 2271 2496
f 2729 2544 2737
f 2729 2737 2724
f 2551 2541 2552
f 2541 2270 2552
f 2269 2297 2271
f 2269 2270 2297
f 2271 2297 2496
f 2736 2723 2737
f 2262 2242 2239
f 2541 2551 2239
f 2242 2541 2239
f 2270 2541 2272
f 2297 2272 2490
f 2297 2270 2272
f 2736 3120 2723
f 3120 2744 2723
f 2242 2245 2541
f 2541 2245 83
f 2490 2272 84
f 2272 83 84
f 2272 2541 83
f 2745 2744 3120
f 2450 2558 2240
f 2558 2242 2240
f 2247 2242 2558
f 2242 2247 2245
f 84 83 2252
f 83 2245 2252
f 2745 2743 2744
f 2323 2743 2745
f 2558 2450 2247
f 2245 2247 2246
f 2245 2246 2252
f 2323 2746 2743
f 3521 2251 2450
f 2450 2248 2247
f 2450 2251 2248
f 2250 2251 3521
f 2248 2250 2249
f 2248 2251 2250
f 2746 2748 2756
f 2249 2250 2589
f 2589 2250 2515
f 2749 3047 2748
f 3516 2515 2250
f 2749 3122 3047
f 3515 2515 3516
f 3943 2515 3515
f 2749 2750 3122
f 3943 3515 3513
f 3514 3512 3513
f 2751 2752 2750
f 2777 2752 2751
f 3530 3512 3514
f 3530 3915 3512
f 2777 2778 2752
f 3504 3503 3915
f 2779 2781 2778
f 2780 2781 2779
f 3506 3503 3504
f 3506 3505 3503
f 2780 2784 2781
f 2594 2784 2780
f 3506 3500 3501
f 3505 3506 3501
f 2594 2787 2784
f 3506 3495 3500
f 2785 2787 2786
f 2787 2788 2786
f 2789 2786 2788
f 3493 3925 3495
f 2788 2790 2789
f 3045 2790 2788
f 3925 3491 3497
f 3493 3491 3925
f 3888 3498 3491
f 3025 3045 3029
f 3888 3850 3663
f 3028 3025 3030
f 3028 3023 3025
f 3663 3850 3852
f 3851 3852 3850
f 3854 3852 3851
f 3279 3030 3199
f 3279 3038 3030
f 3474 3458 3854
f 3853 3854 3458
f 3280 3196 3279
f 3038 3196 3201
f 3279 3196 3038
f 3454 3458 3474
f 3924 3458 3454
f 3458 3455 3462
f 3458 3924 3455
f 3190 3196 3280
f 3190 3195 3196
f 3195 3198 3348
f 3196 3195 3348
f 3196 3348 3201
f 3456 3924 3454
f 3455 3358 3462
f 3186 3185 3178
f 3185 3186 3190
f 3186 3187 3190
f 3187 3189 3190
f 3195 3189 3197
f 3190 3189 3195
f 3195 3197 3198
f 3875 3924 3456
f 3924 3875 3918
f 3455 3924 3358
f 3358 3339 3341
f 3358 3924 3339
f 3176 3178 3179
f 3178 3188 3186
f 3178 3281 3188
f 3186 3188 3187
f 3187 3188 3319
f 3187 3319 3189
f 3189 3319 3197
f 3920 3924 3918
f 3922 3924 3920
f 3924 3923 3339
f 3924 3922 3923
f 3339 3923 3340
f 3153 87 3340
f 87 3153 3163
f 3153 3152 3163
f 3152 3154 3345
f 3154 3175 3174
f 3154 3344 3175
f 3175 3344 3176
f 3176 3281 3178
f 3176 3177 3281
f 3281 3342 3343
f 3281 3343 3188
f 3921 3922 3920
f 3922 3921 3144
f 3922 3144 3923
f 3923 3144 3141
f 3923 3141 3340
f 3153 3340 3141
f 3153 3151 3152
f 3153 3148 3151
f 3154 3152 3352
f 3154 3352 3344
f 3344 3158 3176
f 3176 3158 3177
f 3281 3177 3374
f 3281 3374 3342
f 3143 3153 3141
f 3153 3143 3142
f 3153 3142 3148
f 3151 3148 3145
f 3151 3145 3152
f 3152 3145 3162
f 3152 3162 3352
f 3352 3162 3150
f 3352 3150 3344
f 3344 3150 3158
f 3158 3157 3177
f 3177 3157 3374
f 2571 2375 2374
f 2311 2310 2309
f 2311 2309 2571
f 2378 2587 2485
f 2374 2373 2571
f 2310 2389 2598
f 2311 2389 2310
f 2315 2598 2389
f 2316 2544 2315
f 2484 2485 2496
f 2485 2483 2378
f 2485 2484 2483
f 2373 2378 2371
f 2373 2374 2378
f 2373 2371 2571
f 2571 2371 2372
f 2571 2372 2311
f 2612 2311 2372
f 2389 2312 2315
f 2389 2311 2312
f 2315 2601 2316
f 2315 2312 2601
f 2316 2601 2544
f 85 2737 2544
f 85 2544 2601
f 2477 2496 2476
f 2496 2477 2484
f 2602 2378 2486
f 2378 2483 2486
f 2378 2602 2371
f 2612 2369 2311
f 2311 2369 2312
f 2601 2312 2314
f 2601 2585 85
f 2585 2736 2737
f 2585 2737 85
f 2476 2496 2297
f 2490 2476 2297
f 2484 2478 2483
f 2484 2477 2478
f 2486 2483 2478
f 2601 2593 2585
f 2593 2761 2736
f 2585 2593 2736
f 2761 3120 2736
f 84 2254 2490
f 2490 2606 2476
f 2476 2606 2482
f 2477 2476 2482
f 2477 2479 2478
f 2478 2479 2486
f 2761 2745 3120
f 2252 2253 84
f 2253 2254 84
f 2606 2254 2260
f 2606 2490 2254
f 2323 2761 2574
f 2323 2745 2761
f 2253 2252 2246
f 2582 2253 2246
f 2254 2253 2582
f 2321 2323 2322
f 2746 2323 2321
f 2247 2553 2246
f 2246 2596 2582
f 2246 2553 2596
f 2254 2582 2255
f 2746 2321 2747
f 2553 2247 2248
f 2249 2553 2248
f 86 2582 2563
f 2582 2553 2563
f 2582 2596 2553
f 2582 86 2255
f 2747 2748 2746
f 2249 2589 2553
f 2553 2589 2563
f 2748 2747 2597
f 2749 2748 2597
f 2515 2584 2589
f 3943 2584 2515
f 2538 2750 2749
f 2539 2750 2538
f 3513 2423 3943
f 2584 3943 2423
f 2539 2751 2750
f 3512 2423 3513
f 2422 2423 3512
f 2540 2777 2751
f 3915 2579 3512
f 2422 3512 2579
f 2525 2778 2777
f 3503 2579 3915
f 2779 2778 2526
f 2778 2524 2526
f 2778 2525 2524
f 2579 3503 3502
f 2594 2779 2526
f 2780 2779 2594
f 3505 3502 3503
f 3501 3502 3505
f 3501 3500 3502
f 3500 2523 3502
f 2510 2787 2594
f 2509 2787 2510
f 3500 3495 3977
f 3925 3496 3977
f 3925 3977 3495
f 2787 3027 2788
f 3499 3496 3925
f 3027 3045 2788
f 3662 3497 3491
f 3499 3925 3497
f 3225 3045 3027
f 3498 3662 3491
f 3029 3045 3225
f 3888 3663 3498
f 3662 3498 3664
f 3203 3025 3029
f 3498 3663 3666
f 3664 3498 3665
f 3498 3666 3665
f 3205 3203 3310
f 3205 3202 3203
f 3202 3030 3025
f 3202 3025 3203
f 3852 3666 3663
f 3665 3958 3904
f 3665 3666 3958
f 3372 3192 3205
f 3192 3200 3205
f 3205 3200 3202
f 3200 3199 3030
f 3200 3030 3202
f 3854 3666 3852
f 3666 3854 3853
f 3666 3842 3958
f 3958 3842 3841
f 3194 3192 3227
f 3192 3193 3200
f 3200 3204 3279
f 3200 3279 3199
f 3458 3666 3853
f 3457 3666 3458
f 3842 3666 3457
f 3841 3316 3313
f 3841 3842 3316
f 3313 3316 3315
f 3173 3366 3180
f 3366 3194 3227
f 3194 3191 3192
f 3192 3191 3193
f 3193 3280 3200
f 3200 3280 3204
f 3204 3280 3279
f 3462 3457 3458
f 3842 3457 3462
f 3316 3317 3315
f 3317 3318 3315
f 3317 3183 3318
f 3169 3173 3180
f 3173 3365 3366
f 3366 3365 3194
f 3194 3365 3191
f 3193 3191 3190
f 3193 3190 3280
f 3462 3358 3842
f 3341 3842 3358
f 3316 3842 3341
f 3316 3341 3317
f 3317 3362 3183
f 3183 3164 3166
f 3166 3164 3167
f 3277 3174 3169
f 3173 3169 3365
f 3365 3179 3178
f 3365 3178 3185
f 3365 3185 3191
f 3191 3185 3190
f 3341 3339 3317
f 3317 3339 3340
f 87 3317 3340
f 3362 3317 87
f 3164 3362 3163
f 3183 3362 3164
f 3164 3163 3152
f 3165 3164 3152
f 3167 3164 3165
f 3167 3165 3277
f 3174 3175 3169
f 3169 3175 3176
f 3169 3176 3365
f 3365 3176 3179
f 3362 87 3163
f 3345 3165 3152
f 3165 3345 3154
f 3165 3154 3277
f 3277 3154 3174
f 88 2371 2602
f 2486 88 2602
f 2583 88 2486
f 2371 2368 2372
f 2371 88 2368
f 2372 2369 2612
f 2368 2369 2372
f 2313 2312 2369
f 2314 2312 2313
f 2486 2481 2583
f 2369 2368 2370
f 2369 2370 2313
f 2318 2593 2601
f 2314 2318 2601
f 2313 2318 2314
f 2477 2480 2479
f 2481 2486 2479
f 2481 2380 2583
f 2583 2380 2367
f 88 2367 2365
f 88 2583 2367
f 2386 2368 88
f 2370 2608 2313
f 2313 2608 2317
f 2318 2574 2761
f 2318 2761 2593
f 2482 2606 2260
f 2480 2477 2482
f 2479 2542 2481
f 2481 2542 2380
f 2367 2380 2379
f 2370 2368 2608
f 2317 2319 2313
f 2313 2320 2318
f 2313 2319 2320
f 2318 2323 2574
f 2254 2255 2260
f 2256 2260 2255
f 2260 2256 2482
f 2482 2456 2480
f 2480 2456 2479
f 2479 2381 2542
f 2479 2456 2381
f 2380 2542 2381
f 2388 2319 2317
f 2318 2322 2323
f 2320 2322 2318
f 2256 2455 2482
f 2482 2455 2456
f 2381 2456 2382
f 2324 2319 2388
f 2319 2324 2320
f 2320 2321 2322
f 2563 2255 86
f 2255 2261 2256
f 2455 2256 2261
f 2455 2383 2456
f 2456 2383 2382
f 2578 2324 2325
f 2578 2320 2324
f 2320 2597 2747
f 2320 2747 2321
f 2257 2563 2420
f 2563 2257 2255
f 2261 2257 2258
f 2261 2255 2257
f 2340 2320 2578
f 2320 2607 2597
f 2340 2607 2320
f 2607 2749 2597
f 2584 2488 2589
f 2420 2563 2589
f 2488 2420 2589
f 2607 2340 2341
f 2607 2538 2749
f 2488 2419 2420
f 2488 2584 2419
f 2257 2420 2414
f 2539 2607 2540
f 2539 2538 2607
f 2423 2422 2584
f 2584 2422 2419
f 2419 2415 2420
f 2414 2420 2415
f 2540 2751 2539
f 2416 2415 2419
f 2604 2540 2615
f 2604 2777 2540
f 2579 2426 2422
f 2422 2421 2419
f 2422 2426 2421
f 2419 2421 2424
f 2416 2419 2591
f 2591 2419 2424
f 2525 2777 2604
f 2424 2421 2426
f 2424 2426 2591
f 2524 2525 2518
f 3502 2523 2579
f 2579 2522 2426
f 2579 2523 2522
f 2426 2520 2521
f 2426 2522 2520
f 2518 2526 2524
f 2518 2510 2594
f 2518 2594 2526
f 3500 3977 2523
f 2523 3977 2580
f 2523 2437 2522
f 2523 2580 2437
f 2520 2522 2437
f 2508 2509 2518
f 2509 2510 2518
f 2580 3977 2447
f 2508 2511 2509
f 2508 2512 2511
f 2511 2787 2509
f 3496 2447 3977
f 2437 2580 2567
f 2580 2447 2567
f 2512 3208 2511
f 2511 3027 2787
f 3499 2447 3496
f 2447 2442 2567
f 3208 3225 2511
f 3208 3207 3225
f 3225 3027 2511
f 3499 3497 3662
f 3905 3499 3662
f 2447 3499 3905
f 2447 3905 2442
f 3231 3207 3208
f 3207 3206 3225
f 3206 3029 3225
f 3905 2443 2442
f 3905 3662 2443
f 2442 2443 2530
f 2530 2443 2444
f 3231 3308 3207
f 3207 3308 3206
f 3206 3203 3029
f 3904 3662 3664
f 2443 3662 3904
f 2443 2445 2444
f 2444 2446 2448
f 2444 2445 2446
f 3274 3229 3370
f 3229 3231 3370
f 3308 3310 3206
f 3310 3203 3206
f 3665 3904 3664
f 2443 3904 2445
f 2445 3312 2446
f 2446 3312 3311
f 3220 2446 3324
f 2446 3323 3324
f 2446 3311 3323
f 3272 3369 3182
f 3272 3229 3274
f 3272 3232 3229
f 3229 3226 3231
f 3229 3232 3226
f 3308 3226 3205
f 3231 3226 3308
f 3308 3205 3310
f 3954 3904 3958
f 2445 3904 3954
f 2445 3313 3312
f 2445 3954 3313
f 3323 3328 3331
f 3329 3334 3328
f 3172 3182 3221
f 3182 3172 3181
f 3182 3181 3272
f 3272 3228 3232
f 3272 3273 3228
f 3226 3232 3372
f 3226 3372 3205
f 3841 3954 3958
f 3954 3841 3313
f 3312 3314 3311
f 3323 3359 3328
f 3323 3311 3359
f 3328 3359 3329
f 3334 3170 3172
f 3334 3329 3170
f 3172 3170 3171
f 3172 3171 3181
f 3181 3367 3272
f 3272 3227 3273
f 3272 3367 3227
f 3273 3227 3228
f 3228 3227 3192
f 3228 3192 3232
f 3232 3192 3372
f 3315 3312 3313
f 3314 3318 3311
f 3314 3312 3318
f 3311 3318 3359
f 3359 3167 3329
f 3329 3167 3168
f 3171 3170 3181
f 3367 3181 3180
f 3367 3180 3366
f 3367 3366 3227
f 3312 3315 3318
f 3318 3183 3359
f 3359 3183 3166
f 3359 3166 3167
f 3168 3167 3277
f 3168 3277 3329
f 3329 3277 3169
f 3329 3169 3170
f 3170 3169 3181
f 3181 3169 3180
f 2365 2386 88
f 2379 2365 2367
f 2328 2368 2386
f 2365 2328 2386
f 2327 2608 2368
f 2327 2368 2328
f 2326 2608 2327
f 2326 2317 2608
f 2381 2385 2380
f 2385 2379 2380
f 2379 2366 2365
f 2365 2329 2328
f 2365 2366 2329
f 2327 2388 2317
f 2326 2327 2317
f 2382 2385 2381
f 2385 2614 2379
f 2379 2595 2366
f 2379 2614 2595
f 2328 2600 2327
f 2328 2329 2600
f 2327 2600 2561
f 2327 2324 2388
f 2327 2325 2324
f 2261 2417 2455
f 2531 2383 2455
f 2531 2455 2417
f 2382 2384 2385
f 2366 2330 2329
f 2366 2595 2330
f 2561 2325 2327
f 2258 2259 2261
f 2259 2417 2261
f 2531 2557 2383
f 2383 2387 2382
f 2383 2557 2387
f 2382 2387 2384
f 2385 2364 2614
f 2385 2384 2364
f 2614 2364 2595
f 2330 2535 2329
f 2330 2595 2535
f 2329 2535 2600
f 2600 2535 2561
f 2561 2339 2325
f 2325 2340 2578
f 2339 2340 2325
f 2259 2258 2257
f 2259 2413 2417
f 2417 2418 2531
f 2384 2387 2557
f 2384 2398 2364
f 2331 2595 2364
f 2595 2333 2535
f 2595 2331 2333
f 2535 2343 2561
f 2561 2338 2339
f 2561 2343 2338
f 2339 2341 2340
f 2414 2259 2257
f 2531 2514 2557
f 2531 2418 2514
f 2559 2557 2514
f 2333 2331 2332
f 2333 2335 2535
f 2535 2336 2343
f 2535 2335 2336
f 2339 2342 2341
f 2339 2338 2342
f 2342 2540 2607
f 2342 2607 2341
f 2415 2416 2414
f 2259 2414 2413
f 2413 2572 2417
f 2417 2425 2418
f 2417 2572 2425
f 2333 2334 2335
f 2336 2335 2334
f 2343 2337 2338
f 2343 2336 2337
f 2338 2615 2540
f 2338 2540 2342
f 2416 2575 2414
f 2414 2575 2413
f 2514 2418 2545
f 2334 2453 2336
f 2345 2336 2453
f 2337 2562 2338
f 2337 2336 2562
f 2338 2604 2615
f 2562 2604 2338
f 2591 2581 2416
f 2416 2581 2575
f 2575 2433 2413
f 2413 2433 2572
f 2572 2427 2425
f 2449 2418 2427
f 2418 2425 2427
f 2418 2449 2545
f 2345 2536 2336
f 2336 2519 2562
f 2336 2536 2519
f 2562 2525 2604
f 2581 2591 2426
f 89 2581 2426
f 2581 89 2575
f 2433 2432 2572
f 2572 2431 2427
f 2572 2432 2431
f 2345 2347 2536
f 2345 2346 2347
f 2519 2518 2525
f 2519 2525 2562
f 2521 89 2426
f 89 2521 2520
f 2576 89 2520
f 89 2576 2575
f 2575 2434 2433
f 2536 2517 2519
f 2517 2518 2519
f 2576 2436 2575
f 2575 2435 2434
f 2575 2436 2435
f 2433 2566 2432
f 2433 2434 2566
f 2431 2432 2566
f 2346 2502 2347
f 2347 2507 2536
f 2536 2508 2518
f 2536 2518 2517
f 2437 2576 2520
f 90 2566 2434
f 2502 2505 2347
f 2507 2506 2536
f 2507 2347 2506
f 2506 2508 2536
f 2437 2438 2576
f 2436 2441 2435
f 2434 2461 90
f 2434 2435 2461
f 2461 2462 90
f 2461 2466 2462
f 2502 2565 2505
f 2505 2503 2347
f 2347 2512 2506
f 2347 2503 2512
f 2512 2508 2506
f 2567 2438 2437
f 2439 2438 2567
f 2576 2438 2439
f 2576 2440 2436
f 2576 2439 2440
f 2441 2465 2435
f 2441 2436 2465
f 2435 2465 2461
f 2466 2461 2359
f 2461 2459 2359
f 2461 2460 2459
f 2565 2550 2505
f 2505 2504 2503
f 2503 3208 2512
f 2442 2439 2567
f 2440 2543 2436
f 2436 2464 2465
f 2436 2543 2464
f 2459 2460 2458
f 2550 3209 2505
f 2504 3208 2503
f 2439 2442 2530
f 2440 2439 2530
f 2465 2463 2461
f 2465 2464 2463
f 2461 2463 2460
f 2458 2460 2468
f 2468 3337 2458
f 3210 3209 2550
f 3209 3224 2505
f 2504 3224 3231
f 2505 3224 2504
f 2504 3231 3208
f 2444 2440 2530
f 2448 2440 2444
f 2440 2446 2543
f 2440 2448 2446
f 2543 3220 2464
f 2543 2446 3220
f 2463 3222 2460
f 2460 3222 2468
f 3337 2468 3214
f 3211 3213 3210
f 3210 3224 3209
f 3224 3370 3231
f 3220 3223 2464
f 2464 3219 2463
f 2464 3223 3219
f 2463 3218 3222
f 2463 3219 3218
f 3222 3218 2468
f 2468 3216 3214
f 3214 3215 3211
f 3214 3216 3215
f 3213 3274 3210
f 3213 3211 3274
f 3210 3274 3224
f 3224 3274 3370
f 3220 3324 3323
f 3330 3220 3323
f 3223 3220 3330
f 3218 3219 3217
f 3218 3172 2468
f 3218 3217 3172
f 3216 3172 3221
f 2468 3172 3216
f 3216 3221 3182
f 3216 3182 3215
f 3215 3182 3369
f 3215 3369 3211
f 3211 3369 3272
f 3211 3272 3274
f 3331 3330 3323
f 3330 3331 3328
f 3330 3328 3223
f 3223 3328 3219
f 3219 3328 3334
f 3219 3334 3217
f 3217 3334 3172
f 2557 2400 2384
f 2397 2398 2384
f 2397 2384 2400
f 2454 2331 2364
f 2454 2364 2398
f 2454 2332 2331
f 2559 2400 2557
f 2398 2332 2454
f 2514 2400 2559
f 2400 2399 2397
f 2400 2514 2399
f 2398 2467 2332
f 2398 2397 2467
f 2344 2334 2333
f 2332 2344 2333
f 2467 2344 2332
f 2453 2334 2344
f 2399 2353 2397
f 2397 2360 2467
f 2397 2353 2360
f 2427 2545 2449
f 2429 2545 2427
f 2514 2363 2399
f 2514 2545 2363
f 2399 2352 2353
f 2399 2363 2352
f 2344 2348 2453
f 2344 2467 2348
f 2348 2345 2453
f 2431 2428 2427
f 2353 2350 2360
f 2353 2352 2350
f 2467 2360 2348
f 2348 2346 2345
f 2428 2430 2427
f 2428 2431 2430
f 2427 2430 2429
f 2429 2362 2545
f 2545 2356 2363
f 2545 2362 2356
f 2363 2356 2352
f 2350 2349 2360
f 2350 2352 2349
f 2360 2349 2348
f 2349 2346 2348
f 2566 2556 2431
f 2431 2498 2430
f 2431 2556 2498
f 2356 2355 2352
f 2352 2355 2349
f 2351 2502 2346
f 2351 2346 2349
f 90 2556 2566
f 2556 90 2498
f 2430 2358 2429
f 2430 2498 2358
f 2429 2357 2362
f 2429 2358 2357
f 2362 2357 2356
f 2356 2361 2355
f 2356 2357 2361
f 2349 2502 2351
f 90 2462 2498
f 2498 2462 2466
f 2359 2498 2466
f 2355 2354 2349
f 2355 2361 2354
f 2354 2565 2502
f 2354 2502 2349
f 2498 2359 2358
f 2358 2548 2357
f 2358 2359 2548
f 2357 3320 2361
f 2357 2548 3320
f 2361 2550 2565
f 2361 2565 2354
f 2458 2359 2459
f 3337 2359 2458
f 2359 3338 2548
f 2359 3337 3338
f 3320 3212 2361
f 3212 2550 2361
f 3338 3337 3214
f 3338 3214 2548
f 2548 3214 3211
f 2548 3211 3320
f 3320 3211 3210
f 3320 3210 3212
f 3212 3210 2550

