# https://github.com/mikedh/trimesh

o D_shape_texture.obj
v -0.07629877 -0.02174270 0.01710172
v -0.07582949 -0.03029526 -0.00379408
v -0.07583019 -0.03029355 -0.00378736
v -0.07583283 -0.03024472 -0.00380708
v -0.07207220 -0.05287031 0.01220993
v -0.07133109 0.01781693 0.01811328
v -0.07048965 -0.05495110 -0.00231140
v -0.06998261 0.02699741 -0.01507919
v -0.06912753 0.02938582 -0.01549267
v -0.06382711 0.03918151 -0.00179718
v -0.06216539 -0.00999721 0.02306715
v -0.06197447 -0.01035513 0.02300692
v -0.06085568 0.04247894 0.01324787
v -0.06203727 0.04101209 0.01375961
v -0.05799916 0.00559164 0.02012932
v -0.06021782 -0.00840921 0.02081020
v -0.05837321 0.00213066 -0.02318349
v -0.05479171 -0.03455174 -0.02285409
v -0.05141750 -0.03142117 0.00275547
v -0.04715863 0.04200735 0.02262021
v -0.04733065 0.04184619 0.02255031
v -0.04586866 0.04263102 0.02287402
v -0.04466716 0.05193309 -0.02452034
v -0.04480461 0.05674026 0.00489501
v -0.03983479 0.05659457 0.01776867
v -0.04099063 0.02231599 -0.00544003
v -0.02522083 0.04533893 -0.02548964
v -0.02305218 0.03686774 0.01651507
v -0.02285700 0.03941577 0.00112186
v -0.01840608 0.06583580 0.01456960
v -0.01663849 -0.03447602 -0.01535585
v -0.01447564 -0.03678534 -0.02028629
v -0.01572489 0.06721955 -0.00413131
v -0.01571222 0.05332564 0.02156085
v -0.01413289 -0.05370117 -0.01716700
v -0.01288978 0.03961585 0.00031582
v -0.00727957 0.04233980 0.00925903
v -0.00665635 -0.04873439 -0.02257016
v -0.00399967 0.06327130 0.01835002
v -0.00471701 0.06452055 0.01712265
v 0.00351702 0.06804132 -0.01411239
v 0.00672906 0.06760658 -0.01418776
v 0.00710737 -0.04047915 -0.02391288
v 0.00885032 0.04770737 0.01951424
v 0.00913608 0.04290101 -0.01752284
v 0.00935482 0.05500534 -0.02667306
v 0.01410004 0.03915900 -0.01395911
v 0.01751758 -0.05240737 -0.01712717
v 0.01794778 0.03874914 -0.01617902
v 0.01665503 0.04702240 -0.02443256
v 0.02249048 0.03915396 0.01653072
v 0.02116184 0.05943546 -0.02427601
v 0.02871247 0.04467036 0.02089462
v 0.02644850 0.05738006 -0.02451796
v 0.02939221 0.06447832 0.00942209
v 0.02939032 0.06447907 0.00942055
v 0.03124784 0.06402609 0.00737005
v 0.03348901 0.06364416 0.00409930
v 0.03452882 0.03980796 0.02018940
v 0.03660121 -0.03385274 -0.01946725
v 0.04240250 -0.01971793 0.02265382
v 0.03741310 -0.03360628 -0.01934119
v 0.04223953 -0.01998710 0.02451850
v 0.03960705 -0.02958413 -0.00402664
v 0.04677136 0.01640698 0.01246991
v 0.05023398 0.03837707 0.02277840
v 0.04920865 0.03594649 0.02372544
v 0.04736234 -0.00296430 0.01753446
v 0.04922407 -0.01364196 0.02377915
v 0.04962833 0.00378415 0.01972559
v 0.05145812 0.00367132 0.01888431
v 0.05125171 0.05302781 0.00543854
v 0.05116438 0.05328019 0.00249744
v 0.05062225 0.01770159 -0.01507917
v 0.05682244 0.00080373 0.02053799
v 0.05126125 0.04062584 -0.02499334
v 0.05622263 0.04633445 0.01421290
v 0.05337073 0.01002123 -0.00703149
v 0.05675629 0.04824158 -0.00284901
v 0.05659958 -0.02421655 -0.00267698
v 0.05655782 -0.02429911 -0.00257073
v 0.06028571 0.04194265 0.01310807
v 0.06194430 0.00324510 0.02313533
v 0.06519579 0.03551449 0.00557379
v 0.06551168 0.03573819 -0.00106468
v 0.06600101 0.02721791 -0.02074916
v 0.06765106 0.01357404 0.02209191
v 0.07142930 -0.05197162 0.00924056
v 0.07233236 0.02255410 -0.00389091
v 0.07346362 0.01928711 -0.00469849
v 0.07294471 -0.01310963 -0.02121565
v 0.07282037 -0.01174834 -0.02136827
v 0.07109932 -0.02497549 -0.02155740
v 0.07365666 0.01851837 -0.00243852
v 0.07473961 0.00302178 -0.01889619
v 0.07435975 0.00035954 -0.01928723
v -0.05439654 0.00677497 0.01604299
v -0.05533312 0.00831832 0.01809342
v -0.05479808 0.00473413 0.01660272
v -0.05377925 0.01157445 0.01670534
v -0.05693809 0.00780885 0.01992022
v -0.02319500 0.03625818 0.00191323
v -0.02440450 0.03389661 0.00481459
v -0.02008376 0.03757144 0.00328116
v 0.04291033 0.00650691 0.01898074
v 0.04371227 0.00714052 0.01719820
v 0.04286756 0.00504584 0.02152021
v 0.04346381 0.00907967 0.02084670
v 0.04434008 0.01042625 0.01617872
v 0.04350599 0.01117775 0.02038053
v 0.04353585 0.01707320 0.01742429
v 0.04490776 0.01316022 0.01526451
v -0.04313241 0.02335237 -0.00044750
v -0.04145500 0.02116850 0.00042655
v -0.04304667 0.02381405 -0.00223662
v -0.04478163 0.02526561 -0.00083648
v -0.07182986 -0.03187877 0.02137910
v -0.07431936 -0.02817823 0.02023635
v -0.07258797 -0.02317284 0.02187053
v -0.07221019 -0.01830821 0.02379834
v -0.07451876 -0.01950281 0.02115764
v -0.07227418 -0.04107949 0.02025681
v -0.07182630 -0.03652438 0.02097914
v -0.07081055 -0.03523510 0.02191172
v -0.07294737 -0.04357343 0.01961811
v -0.07005653 -0.03875133 0.02213110
v -0.06935284 -0.04506093 0.02188464
v -0.06552482 -0.03495959 0.02490472
v -0.07166902 -0.04472047 0.02049096
v -0.06830701 -0.04329857 0.02262924
v -0.06656345 -0.03898345 0.02423822
v -0.06192467 -0.03718276 0.02549927
v -0.06825020 -0.03408612 0.02370706
v -0.07311021 -0.02718521 0.02151549
v -0.06944102 -0.02291388 0.02383518
v -0.07113306 -0.02253010 0.02314079
v -0.06322389 -0.04270221 0.02505764
v -0.06455718 -0.04518348 0.02410466
v -0.06894040 -0.03012477 0.02346436
v -0.07083334 -0.02830086 0.02274896
v -0.06179125 -0.03028791 0.02511414
v -0.06542222 -0.02223369 0.02493939
v 0.05675531 -0.02201924 -0.01754350
v 0.05718402 -0.02433393 -0.01910321
v 0.05575583 -0.02290639 -0.01683087
v 0.05505037 -0.02393498 -0.01690935
v 0.05731224 -0.02118910 -0.01780477
v 0.05962030 -0.02083362 -0.01970377
v 0.05676460 -0.01899355 -0.01606352
v 0.06098854 -0.02050135 -0.02060966
v 0.06106689 -0.01941343 -0.02061185
v 0.05543733 -0.02770462 -0.02017855
v 0.05401534 -0.02485167 -0.01711182
v 0.05915722 -0.02432860 -0.02024793
v 0.06031593 -0.02553952 -0.02114637
v 0.06192923 -0.02461863 -0.02141250
v 0.06127960 -0.01731360 -0.02075756
v 0.06300726 -0.01864974 -0.02165464
v 0.05918766 -0.01733893 -0.01934305
v 0.05924671 -0.01611181 -0.01927380
v 0.06084621 -0.01329611 -0.02112025
v 0.06372924 -0.01594730 -0.02226909
v 0.06024071 -0.01118192 -0.02087315
v 0.05984675 -0.01081594 -0.02030429
v 0.06213185 -0.00618904 -0.02282825
v 0.06097996 -0.00639060 -0.02194510
v 0.06211503 -0.00286635 -0.02281410
v 0.06067748 -0.00063614 -0.02235636
v 0.06533358 -0.00250498 -0.02425192
v 0.06407646 -0.01093735 -0.02336343
v 0.06165135 -0.00958924 -0.02232336
v 0.06266886 0.00097992 -0.02373213
v 0.06308418 -0.01265445 -0.02252743
v 0.06387572 -0.00769035 -0.02372065
v 0.05758973 0.00278176 -0.02113525
v 0.05845226 0.00382023 -0.02204238
v 0.05980599 -0.00374217 -0.02122576
v 0.06073169 0.00406057 -0.02368253
v 0.06015458 0.00961809 -0.02386765
v 0.06029542 0.00933887 -0.02386364
v 0.06156357 0.00821878 -0.02431461
v 0.05890991 0.01161091 -0.02376825
v 0.05837346 0.01630277 -0.02440545
v 0.05794029 0.01632470 -0.02406445
v 0.05782598 0.01924138 -0.02445883
v 0.05725143 0.01948908 -0.02429045
v 0.05410913 0.01813979 -0.02277593
v 0.05490810 0.01536949 -0.02211336
v 0.05688061 0.01093156 -0.02250108
v 0.05740462 0.00704174 -0.02187916
v 0.05648789 0.00418349 -0.02025961
v 0.05670117 0.00613550 -0.02077498
v 0.05695675 0.00045832 -0.01954324
v 0.05923244 -0.00566505 -0.02035273
v 0.05681420 -0.00194128 -0.01863512
v 0.05631393 0.01006180 -0.02151872
v 0.05123142 0.02191881 -0.02244324
v 0.05767637 -0.00693454 -0.01812384
v 0.05092704 0.02402518 -0.02320576
v 0.04861731 0.02602520 -0.02234884
v 0.04784811 0.02771317 -0.02274121
v 0.04441661 0.03217513 -0.02329592
v 0.03840116 0.03561248 -0.02287975
v 0.03771515 0.03621203 -0.02283979
v 0.05252392 -0.02610171 -0.01737901
v 0.05276507 -0.02660284 -0.01823612
v 0.04676673 -0.01515077 0.02691769
v 0.04657044 -0.01745684 0.02564051
v 0.04754420 -0.01813292 0.02194108
v 0.04414892 -0.01865513 0.02693898
v 0.05163124 -0.01679980 0.01995714
v 0.05004696 -0.01720692 0.01897776
v 0.04463426 -0.01971875 0.02315460
v 0.04940739 -0.01724862 0.01860350
v 0.04623242 -0.01696705 0.01724534
v 0.04623641 -0.01860169 0.02117682
v -0.04615415 0.02079539 0.00317452
v -0.04217968 0.02295599 0.00671832
v -0.04332449 0.01973479 0.00371866
v -0.04411726 0.02342805 0.00682226
v -0.04375861 0.02679642 0.01218690
v -0.04067688 0.02137331 0.00504488
v -0.01874816 0.03409344 0.00134438
v -0.01993693 0.03255500 0.00339990
v -0.02278509 0.03069700 0.00353074
v -0.02166007 0.03272003 0.00045876
v -0.02027244 0.03687040 -0.00038973
v -0.02095232 0.03776513 -0.00069332
v -0.01892067 0.03528269 0.00010683
v -0.02079114 0.03821715 0.00345452
v -0.03673749 0.02830964 0.00914764
v -0.03782411 0.03023906 0.01084767
v -0.03402956 0.03220845 0.00967424
v -0.03893026 0.02986438 0.01050314
v 0.05499335 -0.00294813 -0.01265749
v 0.05308248 -0.00241087 -0.01410199
v 0.05532044 -0.00323121 -0.01203301
v 0.05465155 -0.00157915 -0.01199207
v 0.05296686 -0.00473562 -0.01334848
v 0.05532412 -0.00683043 -0.01302338
v -0.04777157 0.02562347 0.01784231
v -0.05117134 0.02406501 0.01957154
v -0.05307957 0.02202930 0.02024180
v -0.05111538 0.02173425 0.01853911
v -0.04445744 0.02789186 0.01591053
v -0.04350461 0.03016387 0.01672806
v -0.04333228 0.03096685 0.01776962
v -0.03012993 0.03831124 -0.02101577
v -0.02714491 0.04367825 -0.02451123
v -0.02829350 0.04142359 -0.02263495
v -0.02480044 0.04349575 -0.02272039
v -0.03038469 0.03951546 -0.02214282
v -0.02629975 0.03980411 -0.01947198
v -0.02648866 0.03694660 -0.01589283
v -0.02428087 0.04360182 -0.02243317
v -0.02089800 0.04541814 -0.02344099
v -0.02435431 0.04457259 -0.02432297
v -0.02381640 0.04209050 -0.02039260
v -0.02255453 0.04054197 -0.01674293
v -0.02343137 0.04067783 -0.01785840
v -0.02605512 0.03888305 -0.01819287
v -0.01611418 0.04465274 -0.01958547
v -0.02073249 0.04417367 -0.02079948
v -0.01873307 0.04354345 -0.01885144
v -0.01990395 0.04215001 -0.01706223
v -0.01811227 0.04220125 -0.01449420
v -0.03991730 0.03333264 0.01220947
v -0.04075488 0.03312908 0.00989686
v -0.02761709 0.03449235 0.00685975
v -0.02841781 0.03632995 0.00610342
v -0.02934761 0.03464084 0.00998963
v 0.05362443 -0.00999743 0.01684509
v 0.05580575 -0.00870096 0.01754570
v 0.05385573 -0.00925529 0.01869776
v 0.05515505 -0.00555576 0.02000161
v 0.05198151 -0.00980446 0.01472276
v 0.05322276 -0.00465387 -0.01395455
v 0.05357801 -0.00261223 -0.01411406
v 0.05519980 -0.00350151 -0.01399742
v -0.03424358 0.03966163 0.01972274
v -0.03159555 0.03749180 0.02160088
v -0.03553641 0.03645060 0.01765447
v -0.03362400 0.04067219 0.02057637
v -0.02616549 0.03580611 0.02084655
v -0.02336343 0.03453032 0.01897949
v -0.02564267 0.03360842 0.01942003
v -0.02923856 0.03567445 0.02117372
v -0.03127332 0.03376156 0.01910024
v -0.02730708 0.03342842 0.01955112
v -0.02272927 0.03643325 0.02059757
v -0.01915828 0.03822160 0.02208310
v -0.02596719 0.03892679 0.02207825
v -0.02141106 0.03595620 0.01843109
v -0.01948318 0.03711220 0.01802464
v -0.02746157 0.03317504 0.01756259
v -0.02437980 0.03428666 0.01667604
v -0.02934981 0.03401126 0.01587361
v -0.01666994 0.04001855 0.02150120
v -0.01345235 0.04481326 0.02041986
v -0.01217597 0.04385556 0.01871137
v -0.01346093 0.04718775 0.02177776
v -0.01505165 0.04048275 0.01720259
v -0.01768576 0.03856497 0.01937919
v 0.05235679 -0.01545894 0.02048294
v 0.05179879 -0.01473827 0.01831928
v 0.05194411 -0.01234510 0.01683944
v 0.04872261 -0.01522883 0.01659160
v 0.05266989 -0.01252227 0.01963468
v 0.05127960 -0.01174113 0.02079498
v 0.05005603 -0.01014959 0.02121085
v 0.05344544 -0.00971602 0.01888879
v 0.05723640 -0.00677503 0.01887635
v 0.05586078 -0.00570304 0.01969159
v 0.04630214 -0.01165047 0.02403116
v 0.04292997 -0.00968507 0.02425623
v 0.04701656 -0.01337420 0.02560742
v -0.04495939 0.02425838 -0.00372206
v -0.01807227 0.03684623 0.00005000
v 0.03141118 0.06388502 0.00943120
v -0.02870378 0.06384896 0.00967146
v -0.02586708 0.06472723 0.01000453
v -0.02860562 0.06374775 0.01170066
v -0.03382564 0.06223088 0.01107767
v -0.03018681 0.06313729 0.01288441
v -0.02285635 0.06554222 0.00874555
v -0.01699065 0.06678300 0.01103034
v -0.01645080 0.06693864 0.01031015
v -0.02252619 0.06544841 0.01136837
v -0.02189691 0.06531854 0.01291991
v -0.02304457 0.06554978 0.00581410
v -0.02265765 0.06570531 0.00683904
v -0.02241796 0.06562045 -0.00179511
v -0.02711861 0.06440173 0.00520520
v -0.02187425 0.06585618 -0.00003406
v -0.02681108 0.06451660 0.00323414
v -0.03010746 0.06357723 0.00780163
v -0.02924550 0.06373247 0.00346066
v -0.03173990 0.06290406 0.00239333
v -0.02561660 0.06470557 -0.00119960
v -0.01923666 0.06633984 -0.00472646
v -0.02386783 0.06520023 -0.00353883
v -0.02050465 0.06617337 -0.00674516
v -0.02221375 0.06577372 -0.00921935
v -0.02019012 0.06623168 -0.01259976
v -0.02301882 0.06565724 -0.01117068
v -0.02437015 0.06501606 -0.00866756
v -0.02619549 0.06449334 -0.00724768
v -0.02867773 0.06379096 -0.00008253
v -0.02822702 0.06390250 -0.00334490
v -0.02805820 0.06390673 -0.00703257
v -0.02524037 0.06502771 -0.01550769
v -0.02829540 0.06403988 -0.01317739
v -0.02988459 0.06316770 -0.00930185
v -0.02863491 0.06392257 -0.01509337
v -0.02391807 0.06526405 -0.01639409
v -0.01608452 0.06709605 -0.00553104
v -0.01796542 0.06681596 0.00139949
v -0.01717586 0.06688382 -0.01207318
v -0.01558427 0.06730612 -0.01346930
v -0.01846797 0.06644891 -0.01751316
v -0.01780739 0.06670333 -0.00765257
v -0.01279072 0.06772324 -0.01668222
v -0.02088381 0.06601659 -0.01637332
v -0.01895390 0.06662596 0.00244058
v -0.01302475 0.06763009 -0.00163483
v -0.01819734 0.06665710 0.00891815
v -0.01579359 0.06707854 0.00404819
v -0.03204502 0.06267195 -0.01427882
v -0.02959095 0.06325471 -0.00851533
v -0.03530044 0.06171888 -0.01141551
v -0.03312763 0.06230176 -0.01422533
v -0.03205086 0.06227422 -0.00575241
v -0.03817893 0.06054108 -0.00774659
v -0.03592451 0.06121311 -0.00576246
v -0.03526210 0.06141925 -0.00578857
v -0.03379605 0.06184576 -0.00400845
v -0.03454177 0.06155567 -0.00025680
v -0.03753135 0.06058995 -0.00169868
v -0.03816543 0.06052991 0.00293515
v -0.03759483 0.06111007 -0.01216189
v -0.03008229 0.06324622 -0.00200834
v -0.03480619 0.06159958 0.00104945
v -0.03287956 0.06267611 0.00743485
v -0.03780783 0.06079425 0.00661405
v -0.02687661 0.06421436 -0.01756033
v -0.03525717 0.06186778 0.00859148
v -0.04034209 0.05996042 -0.01133475
v -0.04047120 0.05948392 -0.00720703
v -0.03965899 0.05977362 0.00262049
v -0.04084798 0.05900752 -0.00276182
v -0.01671817 0.06700776 0.00330457
v -0.01402506 0.06731778 -0.00972811
v -0.03411678 0.06151196 -0.01833912
v -0.03850688 0.06062062 -0.01463534
v -0.03415667 0.06140457 -0.01917631
v -0.03025806 0.06294438 -0.01807253
v -0.03801442 0.06040728 -0.01831535
v -0.04171899 0.05893971 -0.01515127
v -0.04421768 0.05795169 -0.01591915
v -0.03812342 0.06033188 -0.00325784
v -0.02764919 0.06337031 -0.02058532
v -0.01344400 0.06751160 0.00133684
v -0.01305522 0.06752221 0.00334988
v -0.01684905 0.06677494 -0.01687816
v -0.04177912 0.05937076 -0.01224456
v -0.00990936 0.06807247 -0.00239653
v -0.01099819 0.06763394 -0.00899932
v -0.03790385 0.06055488 0.00869883
v -0.04211152 0.05860147 -0.00600352
v -0.04421995 0.05813426 -0.01057067
v -0.04496991 0.05707812 -0.00638459
v -0.01491824 0.06672388 -0.01838173
v -0.00886876 0.06800125 -0.00650395
v -0.00843639 0.06824475 -0.00133132
v -0.00470276 0.06839518 -0.00820262
v -0.00301207 0.06858214 -0.00819720
v -0.00709646 0.06793377 -0.01180948
v -0.00778235 0.06776263 0.00634736
v -0.01201639 0.06737552 0.00987429
v -0.00815353 0.06742213 0.01283068
v -0.01130739 0.06675877 0.01423046
v -0.01125525 0.06770640 0.00378994
v -0.00582750 0.06805450 0.00480948
v -0.00428075 0.06819355 0.00515534
v -0.00214691 0.06845467 -0.01694494
v -0.00009330 0.06874427 -0.00385678
v -0.00602872 0.06845650 -0.00177005
v -0.02272773 0.06560984 -0.01657044
v -0.00074231 0.06844751 0.00506806
v 0.00253546 0.06879854 0.00542593
v 0.00301622 0.06892422 0.00699954
v 0.00197137 0.06875566 0.01108661
v 0.00495970 0.06871959 0.00080084
v -0.00043442 0.06866471 -0.00816817
v -0.01323232 0.06791159 -0.01469218
v -0.00656685 0.06766735 -0.01795466
v 0.00242511 0.06866921 -0.00368360
v -0.00297298 0.06850379 0.00060873
v -0.01064414 0.06747668 0.01151732
v 0.00037267 0.06861550 -0.00026135
v -0.00032982 0.06853318 -0.01016756
v -0.00252276 0.06796596 0.01005105
v 0.00554721 0.06883244 0.00548740
v 0.00352248 0.06880112 0.01188477
v -0.00510154 0.06758363 0.01103215
v -0.02112609 0.06491399 -0.02022991
v 0.00374119 0.06855819 -0.00229192
v -0.04417016 0.05749648 -0.01875595
v -0.00319384 0.06843186 -0.01748545
v 0.00441296 0.06791700 0.01368257
v -0.00762345 0.06708143 -0.01941705
v -0.04317990 0.05777759 -0.00271621
v -0.04375214 0.05761640 -0.00425853
v -0.04419724 0.05741738 0.00202776
v -0.04071421 0.05909860 0.00418473
v -0.04516412 0.05760468 -0.01334825
v 0.00682009 0.06879709 0.00666492
v -0.00225231 0.06844799 -0.01403451
v -0.03758121 0.06010119 0.01297258
v 0.00470299 0.06814101 -0.00759682
v -0.04689145 0.05654305 -0.01014645
v -0.04843958 0.05566844 -0.01185946
v -0.04847645 0.05551038 -0.00838038
v -0.04052185 0.05890836 -0.01940967
v -0.03376154 0.06112970 0.01494628
v -0.04195247 0.05834409 0.00526072
v -0.04084389 0.05873621 0.00767429
v -0.04052937 0.05888776 0.00988514
v -0.03717398 0.05979336 0.01497713
v -0.03664283 0.06013393 -0.02017586
v -0.02823906 0.06345692 0.01372087
v 0.00121603 0.06803131 -0.01643095
v 0.00851911 0.06760595 -0.00810777
v -0.04520700 0.05663355 0.00037161
v -0.04671111 0.05551646 0.00474411
v -0.04684204 0.05497381 0.00829443
v -0.04651958 0.05522377 0.01107423
v -0.04261812 0.05731071 0.01024754
v -0.04119755 0.05816046 0.01381664
v -0.04703197 0.05499576 0.00705727
v -0.04336564 0.05651354 0.01465499
v -0.03064498 0.06174493 0.01602137
v -0.04554606 0.05630246 -0.00197147
v -0.04823978 0.05449134 0.00166461
v -0.04947274 0.05357552 0.00005630
v -0.05017945 0.05309094 -0.00247195
v -0.04857713 0.05425310 -0.00263539
v -0.04912101 0.05530386 -0.01562368
v -0.01233387 0.06627076 0.01526226
v -0.05107512 0.05335703 -0.00722748
v -0.04884215 0.05473106 -0.00615644
v -0.05271124 0.05256552 -0.00932036
v -0.02746976 0.06242732 -0.02229294
v 0.00595016 0.06757921 -0.01640361
v 0.00722434 0.06752987 -0.01618559
v 0.00592534 0.06826722 -0.00510868
v 0.01136649 0.06713017 -0.01430099
v 0.01114038 0.06817914 0.00770760
v 0.01144303 0.06778603 0.00213316
v 0.01157252 0.06769742 0.00024185
v 0.00779916 0.06828175 0.00202583
v 0.01333902 0.06732549 -0.00189966
v 0.01063360 0.06770838 -0.00282731
v 0.01958007 0.06665590 -0.00253540
v 0.02209568 0.06609619 -0.00610222
v 0.01808263 0.06670886 -0.00457507
v 0.01626934 0.06695885 -0.00272759
v 0.01734057 0.06646475 -0.00825238
v 0.01731554 0.06714482 0.00552266
v 0.02067842 0.06662535 0.00309636
v 0.02115453 0.06643267 0.00053837
v 0.02350362 0.06596014 -0.00506826
v 0.01815775 0.06606513 -0.01489921
v 0.01455260 0.06643909 -0.01550666
v 0.01795091 0.06608705 -0.01501595
v 0.02452087 0.06549504 -0.00812139
v 0.02387147 0.06523640 -0.01106767
v 0.02287313 0.06535352 -0.01191022
v 0.01117853 0.06727438 -0.00944605
v 0.01109097 0.06748674 -0.00542681
v 0.01634110 0.06735981 0.00865674
v 0.01593046 0.06748569 0.01160597
v 0.01539861 0.06740720 0.00726934
v 0.01851454 0.06593649 -0.01442142
v 0.01973578 0.06550354 -0.01675865
v 0.01044899 0.06827131 0.00943661
v 0.01154775 0.06806621 0.01137400
v 0.02610796 0.06563691 -0.00288873
v 0.01631135 0.06514773 -0.01923425
v 0.02490387 0.06468722 -0.01579029
v 0.00854250 0.06715307 -0.01672650
v 0.01017295 0.06679584 -0.01701453
v 0.02789969 0.06524507 -0.00234878
v 0.02808906 0.06528992 -0.00155544
v 0.02917862 0.06516079 0.00020529
v 0.02441815 0.06585329 0.00501635
v 0.03041725 0.06462878 0.00445084
v 0.02582799 0.06550596 0.00809175
v -0.00534751 0.06673478 -0.01980721
v 0.02614814 0.06526768 -0.00719893
v 0.02573722 0.06546562 0.00528476
v 0.02137415 0.06637896 0.01010451
v 0.02312419 0.06588947 0.01140051
v 0.03004488 0.06459967 0.00606804
v 0.02737082 0.06504135 0.00941812
v 0.02595268 0.06398659 -0.01734511
v 0.02837118 0.06498851 -0.00494469
v 0.02769173 0.06462629 0.01265321
v 0.00898293 0.06852418 0.01112713
v 0.01932918 0.06679778 0.01166261
v 0.03093283 0.06353776 -0.00958639
v -0.01578405 0.06643079 0.01429514
v 0.02589359 0.06439953 -0.01581788
v 0.02671727 0.06506123 0.01160936
v 0.00542436 0.06846404 0.01218302
v 0.02694630 0.06423229 -0.01368057
v 0.03046816 0.06268118 -0.01580476
v -0.03317143 0.06016606 -0.02231340
v 0.03546228 0.06302285 -0.00043993
v 0.03448047 0.06296879 -0.00298382
v 0.02838613 0.06471444 -0.00728998
v 0.00828951 0.06576105 -0.02017353
v 0.01239612 0.06424255 -0.02175401
v 0.01099452 0.06519076 -0.02053325
v 0.03265411 0.06364705 -0.00259351
v 0.03089088 0.06396652 -0.00521030
v 0.03576228 0.06215440 -0.00761987
v 0.03343182 0.06296481 -0.00767244
v -0.03514686 0.05973557 -0.02201097
v 0.02150627 0.06360096 -0.02021380
v 0.03735979 0.06200370 0.00615599
v 0.03578032 0.06154902 -0.01144855
v 0.03766638 0.06025435 -0.01514223
v 0.03774473 0.06088812 -0.01081792
v -0.02281813 0.06337628 -0.02217422
v 0.03222798 0.06200991 -0.01643970
v 0.01595351 0.06419780 -0.02091363
v 0.01510119 0.06426117 -0.02106881
v 0.03703895 0.06248523 0.00285592
v 0.03533486 0.06310499 0.00313662
v 0.03967438 0.06140793 -0.00110986
v 0.02985451 0.06179406 -0.01938622
v 0.00298799 -0.05546374 -0.00280665
v 0.00065028 -0.05585306 -0.00081333
v 0.00313754 -0.05570792 0.00130789
v 0.00395818 -0.05543033 0.00481701
v 0.00156031 -0.05562107 0.00350626
v 0.00384125 -0.05518667 0.00841855
v 0.00322603 -0.05483827 0.01376374
v 0.00691664 -0.05478662 0.01317312
v 0.01004493 -0.05484538 0.00696877
v 0.01598025 -0.05410728 0.01039683
v 0.01511477 -0.05391883 0.01690365
v 0.00708853 -0.05521834 0.00066097
v 0.00651574 -0.05426236 0.01583857
v 0.01850696 -0.05391650 0.01656459
v 0.01765132 -0.05364598 0.01887529
v 0.02387269 -0.05376761 0.01579713
v 0.02550611 -0.05285241 0.01892299
v 0.02437503 -0.05361422 0.00958567
v 0.02732497 -0.05408170 0.00320825
v 0.02435018 -0.05390751 0.00390323
v 0.02742994 -0.05396758 0.00121701
v 0.02201818 -0.05355862 0.00983942
v 0.00604053 -0.05365953 0.01786658
v 0.02252604 -0.05155737 0.02173819
v 0.00811977 -0.05488428 -0.00763851
v 0.02122109 -0.05378645 0.01221806
v 0.01395658 -0.05429875 0.00848787
v 0.00579058 -0.05540738 0.00417099
v 0.01250266 -0.05421223 -0.01149214
v 0.00985290 -0.05279261 -0.01625883
v 0.01502329 -0.05361948 -0.01399690
v 0.00580126 -0.05540279 0.00289249
v 0.01226244 -0.05413392 0.01616812
v 0.00866535 -0.05391863 -0.01333596
v 0.01716761 -0.05387722 -0.01267519
v 0.00797808 -0.05274646 -0.01651706
v 0.00568598 -0.05409679 -0.01371366
v 0.01670437 -0.05412194 -0.01148921
v 0.01925112 -0.05146039 -0.01901926
v 0.02079237 -0.05324724 -0.01464174
v 0.02303689 -0.05398870 -0.01045773
v 0.01850851 -0.05417099 -0.00945213
v 0.02703338 -0.05377337 -0.00662080
v 0.02466335 -0.05388267 -0.00585899
v 0.01999474 -0.05397700 -0.00437856
v 0.01881903 -0.05423124 -0.00638603
v 0.01640858 -0.05448157 -0.00813814
v 0.01871504 -0.05414301 -0.00166406
v 0.01648627 -0.05457314 0.00154240
v 0.02695949 -0.05392734 -0.00179236
v 0.02919391 -0.05358694 -0.00626232
v 0.02832302 -0.05374026 -0.00155389
v 0.02905111 -0.05367684 -0.00084930
v 0.01356139 -0.05467478 -0.00034475
v 0.02972481 -0.05348225 -0.00699744
v 0.02432296 -0.05245598 -0.01641059
v 0.01773248 -0.05447021 0.00344492
v 0.01760926 -0.05404707 0.00861450
v 0.02000155 -0.05389868 0.00753120
v 0.03234110 -0.05323527 -0.00675517
v 0.03763292 -0.05310294 -0.00763062
v 0.03341278 -0.05309079 -0.00576866
v 0.04060074 -0.05290882 -0.00417874
v 0.03705090 -0.05313025 -0.00383760
v 0.03686730 -0.05333904 -0.01208763
v 0.04260040 -0.05302119 -0.00073654
v 0.04733171 -0.05300660 0.00151570
v 0.04152185 -0.05312371 0.00205735
v 0.05141573 -0.05270999 0.00039136
v 0.05062203 -0.05299251 0.00343276
v 0.05348013 -0.05279134 0.00111231
v 0.04529848 -0.05293751 0.00734018
v 0.05339328 -0.05270914 -0.00047093
v 0.05454434 -0.05304954 0.00532499
v 0.05569016 -0.05299134 0.00208487
v 0.05550389 -0.05315602 0.00521090
v 0.05365141 -0.05292165 0.00732721
v 0.04816734 -0.05296725 0.00766237
v 0.05457846 -0.05273757 0.00900595
v 0.05716150 -0.05328380 0.00534259
v 0.05982810 -0.05328432 0.00492555
v 0.05959200 -0.05286549 0.01110724
v 0.05502348 -0.05223727 0.01293739
v 0.05641043 -0.05218641 0.01317845
v 0.05959265 -0.05326429 0.00695258
v 0.05216556 -0.05221947 0.01374439
v 0.06195881 -0.05317921 0.00682305
v 0.05123016 -0.05097184 0.01860423
v 0.04971166 -0.05286323 0.00980836
v 0.04198760 -0.05297829 0.00985484
v 0.03781334 -0.05321454 0.01011780
v 0.03904844 -0.05289213 0.01528529
v 0.04200338 -0.05140067 0.01963450
v 0.06027296 -0.05292948 0.01102353
v 0.04732895 -0.05201599 0.01603106
v 0.03243231 -0.05342829 -0.01171805
v 0.03075087 -0.05355713 -0.01105112
v 0.03486605 -0.05342449 -0.01198911
v 0.03846794 -0.05347094 0.00299807
v 0.04391854 -0.05253125 0.01600537
v 0.03345108 -0.05127316 0.02005510
v 0.05733512 -0.05295745 -0.00128693
v 0.02978348 -0.05095106 -0.01868245
v 0.03142619 -0.05169044 -0.01729981
v 0.03119623 -0.04958841 -0.02019891
v 0.03636522 -0.04841056 -0.02092884
v 0.03578113 -0.05008601 -0.01903215
v 0.00645757 -0.05502052 -0.00945349
v 0.02782933 -0.05251887 -0.01566630
v 0.05362721 -0.05288138 0.00847277
v 0.02412896 -0.05209707 -0.01712340
v 0.06145328 -0.05323416 0.00415372
v 0.03353503 -0.05272818 -0.01491022
v 0.03725677 -0.05171244 -0.01638009
v 0.03823693 -0.05269788 -0.01433504
v 0.03965917 -0.05020632 -0.01875213
v 0.04194635 -0.05114820 -0.01708950
v 0.04620758 -0.04985250 -0.01900223
v 0.04716432 -0.04996056 -0.01892443
v 0.04159162 -0.04977538 -0.01920211
v 0.04419914 -0.05236484 -0.01491338
v 0.04163047 -0.05366785 -0.01198299
v 0.04370759 -0.05342156 -0.01251127
v 0.04827198 -0.05088982 -0.01760085
v 0.00781874 -0.05078838 -0.01977844
v 0.00818985 -0.05218734 -0.01735348
v 0.04973558 -0.05091537 -0.01758582
v 0.01385133 -0.05124288 -0.01933251
v 0.06749172 -0.05363373 0.00033964
v 0.06481782 -0.05273341 -0.00317929
v 0.06852866 -0.05334016 -0.00419452
v 0.07038790 -0.05309054 -0.00171629
v 0.06733862 -0.05351718 -0.00054927
v 0.06323314 -0.05284373 -0.00179747
v 0.06479136 -0.05257776 -0.00521168
v 0.06845826 -0.05309800 -0.00589671
v 0.06768124 -0.05313915 -0.00858201
v 0.07078759 -0.05237964 -0.00879689
v 0.07222855 -0.05183532 -0.00810074
v 0.07115743 -0.05266166 -0.00356589
v 0.07305908 -0.05150771 -0.00477367
v 0.07318410 -0.05163367 -0.00272053
v 0.07488174 -0.04999854 -0.00486324
v 0.07482209 -0.04982021 -0.00741476
v 0.07521732 -0.04968403 -0.00114931
v 0.07332950 -0.05150469 0.00018419
v 0.06863030 -0.05263750 -0.01014769
v 0.06461731 -0.05282107 -0.00845627
v 0.06963222 -0.05322533 0.00260833
v 0.07170010 -0.05221617 0.00382024
v 0.07202088 -0.05224114 0.00147308
v 0.07368423 -0.05110234 0.00262869
v 0.07180057 -0.05183336 0.00585004
v 0.07143258 -0.05197608 0.00790060
v 0.06796090 -0.05354887 0.00648928
v 0.06617483 -0.05346969 0.01051449
v 0.06411777 -0.05325876 0.00876147
v 0.06251616 -0.05301284 0.01249107
v 0.06438035 -0.05324701 0.01214444
v 0.06461426 -0.05252007 0.01473147
v 0.06717937 -0.05384532 0.00493080
v 0.06253534 -0.05150231 0.01680020
v 0.06154311 -0.05084213 0.01808650
v 0.07310855 -0.05103556 0.00677771
v 0.06844954 -0.05348395 0.00669288
v 0.06334491 -0.05323591 0.00346168
v 0.07089371 -0.05202952 -0.01137026
v 0.07539523 -0.04941976 0.00068271
v 0.07552081 -0.04895595 0.00269385
v 0.07563036 -0.04844055 0.00459756
v 0.07543831 -0.04833832 0.00824490
v 0.05258387 -0.04981874 -0.01917277
v 0.01201449 -0.05087239 -0.01976579
v 0.01294506 -0.05241276 -0.01721066
v 0.05216057 -0.05189216 -0.01560842
v 0.05222894 -0.05304793 -0.01276603
v 0.05037220 -0.05298763 -0.01312062
v 0.05434472 -0.05255987 -0.01351771
v 0.05428177 -0.05305485 -0.01214898
v 0.06031202 -0.05211732 -0.01406179
v 0.05795907 -0.05248798 -0.01290916
v 0.06050834 -0.05277245 -0.00960065
v 0.06288283 -0.05204048 -0.01413708
v 0.06270160 -0.05266625 -0.00929232
v 0.06083031 -0.05300222 -0.00764970
v 0.06121965 -0.05271877 -0.00603490
v 0.05693008 -0.05314516 -0.00735623
v 0.05610275 -0.05293152 -0.00553878
v 0.05243167 -0.05271140 -0.00472118
v 0.05882380 -0.05293265 -0.00531469
v 0.05164676 -0.05285080 -0.00561515
v 0.04682580 -0.05337897 -0.01087917
v 0.06534036 -0.05222255 -0.01340004
v 0.06799980 -0.05247815 -0.01200030
v 0.06629072 -0.05194109 -0.01453691
v 0.06776391 -0.05169886 -0.01458720
v 0.06964911 -0.05119264 -0.01501283
v 0.07011639 -0.05005286 -0.01639718
v 0.07235707 -0.04869057 -0.01713956
v 0.06999761 -0.04904993 -0.01763282
v 0.06905475 -0.04925185 -0.01765629
v 0.07225507 -0.05039818 -0.01479575
v 0.07271319 -0.04966668 -0.01557529
v 0.05085225 -0.05292922 -0.01347009
v 0.06391687 -0.05260613 -0.01022085
v 0.01286205 -0.05450247 -0.00678540
v 0.02355406 -0.05379035 -0.01244660
v 0.04447852 -0.05293768 0.01042255
v 0.02093635 -0.04976147 -0.02093812
v 0.01894939 -0.04862949 -0.02186999
v 0.02811151 -0.05388358 0.01259957
v 0.02815118 -0.05384850 0.01528940
v 0.03000662 -0.05127193 0.02119307
v 0.03252259 -0.05323728 0.01514256
v 0.03537551 -0.05305712 0.01477431
v 0.03467708 -0.05344184 0.01095040
v 0.03511489 -0.05351427 0.00767421
v 0.03381682 -0.05354012 0.00867869
v 0.03138617 -0.05144414 0.02014498
v 0.06714507 -0.05316816 -0.00393323
v 0.07351685 -0.05049359 0.00970740
v 0.07232591 -0.05106886 0.01174378
v 0.07246443 -0.05056409 0.01367407
v 0.07320621 -0.04980484 0.01530420
v 0.06941746 -0.05035990 0.01857652
v 0.07274078 -0.04953887 0.01753059
v 0.07420298 -0.04997679 0.00717803
v 0.07360311 -0.05079095 0.00494494
v 0.00235555 -0.05415702 -0.01448873
v -0.00144167 -0.05472763 -0.01329207
v 0.00019788 -0.05468628 -0.01286590
v -0.00473519 -0.05592130 -0.00787927
v -0.00059824 -0.05572450 -0.00795473
v -0.00691677 -0.05594274 -0.00202217
v -0.01115730 -0.05607356 0.00039041
v -0.01615687 -0.05559973 0.00680102
v -0.01908006 -0.05564839 0.00821208
v -0.02205577 -0.05559424 0.00849495
v -0.02423239 -0.05560563 0.00819933
v -0.02612486 -0.05565011 0.00386533
v -0.02030870 -0.05584362 0.01218627
v -0.02437972 -0.05499615 0.01630316
v -0.02575352 -0.05493638 0.01634883
v -0.02544161 -0.05558653 0.01346991
v -0.01266743 -0.05562324 -0.00242138
v -0.01890143 -0.05563062 -0.00169815
v -0.01702785 -0.05554489 -0.00295278
v -0.01707204 -0.05575161 -0.00752658
v -0.01108160 -0.05520190 -0.01194709
v -0.00580765 -0.05463778 -0.01356024
v -0.01139546 -0.05562216 -0.00914707
v -0.01126793 -0.05504861 -0.01255665
v -0.01053604 -0.05583068 -0.00732128
v -0.01743835 -0.05567068 -0.00875561
v -0.00695353 -0.05581878 -0.00889661
v -0.01863822 -0.05574778 -0.00694859
v -0.00399497 -0.05406617 -0.01501539
v -0.02147808 -0.05566100 0.00090975
v -0.00608428 -0.05341093 -0.01676205
v -0.00537975 -0.05219268 -0.01879406
v -0.02518711 -0.05547332 -0.00497581
v -0.02744585 -0.05564699 -0.00490356
v -0.03204962 -0.05580777 -0.00430909
v -0.03401236 -0.05592226 -0.00274907
v -0.02818313 -0.05573067 0.00041186
v -0.03461005 -0.05599373 0.00201972
v -0.03667413 -0.05598133 0.00189114
v -0.03918370 -0.05613553 -0.00221265
v -0.04775733 -0.05649667 0.00111648
v -0.05019175 -0.05668782 -0.00044700
v -0.04442853 -0.05609617 -0.00311110
v -0.05591143 -0.05730787 -0.00116074
v -0.04226667 -0.05596941 0.00312979
v -0.04434597 -0.05606910 0.00812660
v -0.04768334 -0.05645289 0.00428133
v -0.04266166 -0.05641397 -0.00840267
v -0.04479314 -0.05601108 -0.01203584
v -0.04179580 -0.05583805 -0.01224302
v -0.04122253 -0.05641887 -0.00780352
v -0.04514757 -0.05508969 -0.01631819
v -0.04213580 -0.05490023 -0.01634482
v -0.04748720 -0.05503600 -0.01666425
v -0.04596236 -0.05634611 -0.00467057
v -0.05132481 -0.05610001 0.00937697
v -0.04930928 -0.05551173 0.01363917
v -0.05327457 -0.05622418 0.00889405
v -0.05328854 -0.05677236 0.00323275
v -0.05903215 -0.05683474 0.00818983
v -0.03505291 -0.05571124 0.01106153
v -0.03851641 -0.05554163 0.01387564
v -0.03302326 -0.05545080 0.01347552
v -0.03101306 -0.05575791 0.00916978
v -0.04337828 -0.05583211 0.00979837
v -0.03779144 -0.05572100 0.01311586
v -0.03746472 -0.05443977 0.01665167
v -0.03063119 -0.05372507 0.02015486
v -0.04182270 -0.05546060 0.01371326
v -0.03511911 -0.05604995 -0.00571386
v -0.05860472 -0.05501117 0.01808775
v -0.06642013 -0.05636845 0.00006238
v -0.06832150 -0.05559825 -0.00000630
v -0.03710009 -0.05576709 0.01256747
v -0.05219164 -0.05337557 -0.01945464
v -0.04860137 -0.05255606 -0.02064669
v -0.04480472 -0.05605556 0.00045409
v -0.03974825 -0.05639446 -0.00769082
v -0.03748773 -0.05600903 0.00583739
v -0.03396447 -0.05582265 0.00599769
v -0.06035643 -0.05729217 -0.00172109
v -0.03678917 -0.05619333 -0.00761625
v -0.04416739 -0.05593203 0.00907032
v -0.03834598 -0.05291681 0.02032358
v -0.06143502 -0.05686787 0.00955776
v -0.05270615 -0.05436953 0.01828191
v -0.04948496 -0.05336630 0.02094869
v -0.05452361 -0.05389122 0.02026250
v -0.06923344 -0.05577737 -0.00380847
v -0.06606770 -0.05662402 -0.00405705
v -0.06401860 -0.05705982 -0.00831169
v -0.05976358 -0.05735097 -0.00814268
v -0.05764555 -0.05723643 -0.00952224
v -0.06245997 -0.05710176 -0.01171253
v -0.05476578 -0.05703509 -0.00968038
v -0.05290090 -0.05679236 -0.01020609
v -0.05240795 -0.05265857 -0.02044211
v -0.05517286 -0.05226126 -0.02108341
v -0.06541047 -0.05657833 0.00413553
v -0.03191169 -0.05585405 0.00477159
v -0.04276221 -0.05452349 -0.01728234
v -0.03322964 -0.05599691 -0.00880028
v -0.03363532 -0.05579702 -0.01050231
v -0.03392559 -0.05528050 -0.01346351
v -0.05921637 -0.05400850 -0.01894798
v -0.06062255 -0.05412189 -0.01890323
v -0.03579693 -0.05552840 -0.01245526
v -0.02995946 -0.05594573 -0.00763457
v -0.04982784 -0.05623140 -0.01243361
v -0.06442267 -0.05676754 0.00604797
v -0.05293809 -0.05525240 -0.01608680
v -0.05338106 -0.05575509 -0.01464567
v -0.05468680 -0.05575049 -0.01491871
v -0.06248966 -0.05366871 -0.01970264
v -0.02261196 -0.05573494 -0.00953915
v -0.02247102 -0.05571644 -0.00982031
v -0.01985617 -0.05570453 -0.01027933
v -0.01516806 -0.05576664 0.00072482
v -0.02431949 -0.05579754 -0.00891866
v -0.01782249 -0.05510649 -0.01338310
v -0.02113919 -0.05492360 -0.01433528
v -0.02186957 -0.05504970 -0.01394780
v -0.02593262 -0.05497814 -0.01367777
v -0.02770762 -0.05511129 -0.01297671
v -0.02828560 -0.05427280 -0.01597944
v -0.02903994 -0.05320699 -0.01793350
v -0.03399842 -0.05479673 -0.01488329
v -0.03017432 -0.05396508 -0.01651635
v -0.03418973 -0.05252471 -0.01873524
v -0.02616334 -0.05048680 -0.02130951
v -0.02203097 -0.05393628 -0.01693809
v -0.02460524 -0.05085270 -0.02065290
v -0.03406931 -0.05438732 -0.01593241
v -0.03379327 -0.05138132 -0.02012073
v -0.02074801 -0.05352895 -0.01747887
v -0.03428039 -0.05312943 -0.01790550
v -0.03673926 -0.05300459 -0.01863508
v -0.04081316 -0.05217181 -0.02000715
v -0.04005775 -0.05475638 -0.01649054
v -0.04219110 -0.05341774 -0.01880174
v -0.00869080 -0.05577961 0.00579629
v -0.00808355 -0.05560719 0.00705791
v -0.00215245 -0.05518809 0.00777856
v -0.00035724 -0.05552513 0.00552943
v -0.01577071 -0.05576120 0.01272303
v -0.00979804 -0.05563283 0.01128632
v -0.00471234 -0.05521234 0.00783989
v -0.01208416 -0.05569574 0.00864972
v -0.01464890 -0.05580167 0.01115516
v -0.01073663 -0.05573493 0.00694133
v -0.01606226 -0.05409311 0.01926950
v -0.01255975 -0.05483845 0.01629321
v -0.01615596 -0.05278430 0.02166299
v -0.00611705 -0.05467937 0.01557846
v -0.00846060 -0.05470505 0.01601664
v -0.00316264 -0.05494423 0.01099871
v -0.02826051 -0.04988445 -0.02168648
v -0.00859471 -0.05181081 -0.01949613
v -0.01016462 -0.05014355 -0.02143942
v -0.01004539 -0.05356555 -0.01663862
v -0.00840287 -0.05465612 -0.01403124
v -0.01318659 -0.05453173 -0.01512557
v -0.00582686 -0.05610555 -0.00070931
v -0.01236666 -0.05252792 -0.01887064
v -0.01430904 -0.05239504 -0.01900373
v -0.01685002 -0.05059978 -0.02085167
v -0.02094849 -0.04889310 -0.02246604
v -0.01560202 -0.05319004 -0.01796238
v -0.05941346 -0.05543880 0.01717298
v -0.06032040 -0.05601908 0.01532239
v -0.06147415 -0.05631103 0.01448429
v -0.06368967 -0.05625299 0.01456348
v -0.06714076 -0.05547268 0.01671490
v -0.05836382 -0.05634486 0.01182559
v -0.06624552 -0.05651754 0.00860594
v -0.07093123 -0.05426671 0.01501729
v -0.03330582 -0.05598122 -0.00633758
v -0.00265734 -0.05419272 -0.01478117
v -0.01533431 -0.05554338 -0.01115752
v -0.01356695 -0.05573139 0.00868468
v -0.06649076 -0.05607547 0.01416132
v -0.03752648 -0.05544551 -0.01363686
v -0.00285069 -0.05153855 -0.01952860
v 0.00183218 -0.05090896 -0.02029357
v 0.00417050 -0.05053786 -0.02064208
v -0.00094991 -0.05317083 -0.01685059
v -0.04302153 -0.05463758 0.01562280
v 0.00737344 -0.04977682 -0.02115209
v 0.04009422 -0.05265304 -0.01450530
v 0.04537592 -0.05347898 -0.01235608
v 0.04539957 -0.05287426 -0.00478731
v 0.04870736 -0.05322859 -0.00879309
v 0.05603758 -0.05128705 -0.01625918
v 0.06145199 -0.05103861 -0.01662396
v 0.06203539 -0.05062497 -0.01727009
v 0.06589495 -0.04876261 -0.01870165
v 0.06200719 -0.04911330 -0.01914807
v 0.06454786 -0.05089734 -0.01680467
v 0.06586000 -0.05074030 -0.01665946
v 0.05953683 -0.05013962 -0.01826924
v 0.06030971 -0.04861892 -0.01986400
v -0.04745609 -0.05628901 -0.01125112
v -0.02541598 -0.05572333 0.00142358
v -0.06673902 -0.05487071 0.01853148
v -0.00151151 -0.05026902 -0.02099423
v -0.06019677 -0.05736754 -0.00923345
v 0.01185407 -0.05345668 -0.01424572
v 0.03359885 -0.05349993 0.00071169
v 0.03151602 -0.05379418 0.00695943
v 0.03083381 -0.05384187 0.00636627
v 0.02923582 -0.05392544 0.00236706
v -0.03927821 -0.05633628 -0.00581121
v 0.03394127 -0.05333302 -0.00117459
v 0.04119756 -0.05311257 0.00091687
v -0.04933870 -0.05672891 -0.00907411
v -0.00218555 -0.05458377 0.01541298
v -0.04048249 -0.05590649 0.00450195
v -0.02766628 -0.05562042 0.00754233
v -0.02604912 -0.05576488 0.00966977
v -0.03105645 -0.05554952 0.01362775
v 0.00551303 -0.05530889 -0.00355946
v 0.01101990 -0.05475470 -0.00361685
v 0.00915132 -0.05496085 -0.00134596
v 0.00871483 -0.05515202 0.00427305
v -0.05864553 -0.05698885 0.00541220
v -0.03988447 -0.05538472 -0.01406968
v 0.00060133 -0.05479478 0.01327632
v 0.01301012 -0.05479914 0.00394889
v 0.01258015 -0.05493574 0.00314025
v 0.04648756 -0.05282570 -0.00091817
v -0.05198769 -0.05580863 0.01154222
v -0.04696750 -0.05538268 -0.01544985
v -0.00409629 -0.05605834 0.00084901
v 0.00107723 -0.05574104 -0.00444569
v -0.06160554 -0.05688992 0.00442367
v 0.06642903 -0.05315546 0.01271354
v 0.06544388 -0.05321493 0.01301574
v 0.06841772 -0.05274517 0.01285610
v 0.04818106 -0.05215669 -0.01525360
v 0.01057821 -0.05481538 -0.00625698
v 0.01065966 -0.05450428 0.01436220
v 0.02467619 -0.05395386 0.00014055
v 0.01955565 -0.05199206 0.02117807
v -0.04937515 -0.05688352 -0.00704466
v -0.03114875 -0.05312398 0.02113050
v 0.00316797 -0.05293884 -0.01693508
v -0.06251254 -0.05715456 -0.00496943
v -0.04615364 -0.05317435 0.02099059
v 0.07467077 -0.04993592 -0.00933229
v 0.05931462 -0.05298674 -0.00132758
v 0.07619364 -0.04818805 -0.00987023
v 0.07543176 -0.04902059 -0.01234218
v 0.03622716 -0.05350855 0.00140223
v 0.05686444 -0.04982513 -0.01886457
v 0.05458101 -0.05040671 -0.01806472
v 0.04745758 -0.05078400 0.01939615
v -0.04708231 -0.05544535 0.01320913
v 0.00186451 -0.05524585 0.00753109
v 0.00832967 -0.05279585 0.01953830
v -0.06803387 -0.05673481 -0.00860175
v -0.05269339 -0.05699214 -0.00679186
v 0.04999895 -0.05319310 -0.00897073
v 0.04531003 -0.05304071 0.00400938
v -0.02574194 -0.05263495 -0.01887512
v 0.00305742 -0.05515130 -0.01035007
v -0.00139095 -0.05141710 -0.01963874
v 0.02612397 -0.05363480 -0.01249904
v 0.07446628 -0.05000996 -0.01127262
v 0.07453343 -0.04854342 0.01506869
v -0.02014915 -0.05567452 0.00783178
v 0.03918348 -0.04933768 -0.01986392
v 0.05368738 -0.05339265 -0.00905979
v 0.02010583 -0.05225386 -0.01737148
v 0.00244942 -0.05543934 -0.00902234
v -0.06373329 -0.05569469 -0.01631533
v -0.06251861 -0.05414982 -0.01916096
v -0.06664343 -0.05656575 -0.01478003
v -0.06897322 -0.05586491 -0.01584176
v -0.07045835 -0.05475332 -0.01674248
v -0.06910632 -0.05660725 -0.01280993
v -0.02182951 -0.05561495 -0.00311424
v -0.06954724 -0.05653202 -0.01187114
v -0.05906202 -0.05517032 -0.01647415
v -0.01619743 -0.05487984 -0.01424873
v 0.00414560 -0.05525438 -0.00921627
v -0.02060957 -0.05567344 0.00196374
v 0.03020989 -0.05306398 -0.01353072
v -0.06005104 -0.05591652 -0.01479321
v 0.00805406 -0.05463615 -0.01100776
v 0.07272408 -0.05153848 -0.00818333
v -0.02447244 -0.05550163 -0.00433452
v -0.01416202 -0.05106361 -0.02053576
v -0.05020562 -0.05678181 -0.00167995
v 0.05782782 -0.04928411 -0.01938135
v -0.00083459 -0.05600406 0.00063756
v 0.04270746 -0.05307864 -0.00705098
v -0.06685092 -0.05646900 0.01002883
v 0.07257687 -0.05146533 -0.01096761
v -0.04724938 -0.05658172 -0.00517501
v -0.04246998 -0.05317332 0.02061746
v -0.04024968 -0.05615242 -0.00348997
v -0.04901302 -0.05648390 0.00328421
v 0.06942750 -0.05233742 0.01296074
v -0.06269991 -0.05529603 0.01781991
v 0.06028848 -0.05200689 -0.01433242
v 0.05760039 -0.05313226 -0.00937418
v 0.05826573 -0.05298869 -0.00183687
v 0.05387802 -0.05166700 -0.01570995
v -0.07175318 -0.05316197 -0.01754220
v 0.01871396 -0.05393765 0.01121699
v -0.05013830 -0.05514576 -0.01631533
v -0.05689169 -0.05726457 -0.00596287
v -0.06643885 -0.05399281 -0.01874066
v 0.02367902 -0.05063979 -0.01957853
v -0.04840796 -0.05527929 0.01420992
v -0.02196700 -0.05575874 0.01081221
v -0.02306906 -0.05341252 0.02075310
v -0.06824726 -0.05363366 -0.01904766
v -0.05878481 -0.05599389 -0.01448416
v -0.05802808 -0.05738186 -0.00012873
v -0.01370327 -0.05528013 -0.01206778
v 0.06055385 -0.05305318 -0.00016077
v 0.01230744 -0.05463762 -0.00210965
v -0.03070973 -0.05583692 0.00174141
v 0.05476431 -0.05338235 -0.00986886
v 0.06764892 -0.05374231 0.00241738
v 0.07432426 -0.04941303 -0.01370316
v -0.01964352 -0.05543150 0.01501176
v 0.06853930 -0.05209834 0.01435765
v -0.02961732 -0.05494407 -0.01392204
v -0.00995297 -0.05580014 -0.00226788
v -0.00635845 -0.05585400 -0.00774598
v 0.06299604 -0.05333298 0.00536616
v 0.04854902 -0.05276713 -0.00494998
v 0.04623916 -0.05287919 0.00981510
v -0.06408279 -0.05668516 0.01056717
v 0.04116455 -0.05309904 0.00444808
v -0.02647325 -0.05568757 0.01257216
v -0.06119636 -0.05733037 -0.00407295
v 0.05857277 -0.05115208 0.01661903
v -0.05509245 -0.02042670 -0.00430193
v -0.05512197 -0.02141438 -0.00622015
v -0.05541363 -0.01218626 -0.00249130
v -0.05499222 -0.01057869 -0.00438036
v -0.05584180 -0.01478362 0.00538747
v -0.05552185 -0.01979610 0.00320484
v -0.05571808 -0.00997653 0.00290963
v -0.05561675 -0.01579805 0.00136199
v -0.05500536 -0.01312986 -0.00725466
v -0.05495491 -0.00917474 -0.00872984
v -0.05485535 -0.00263599 -0.00425568
v -0.05544972 -0.00370774 0.00442744
v -0.05531008 -0.00590910 0.00239570
v -0.05485312 -0.01558213 -0.01062030
v -0.05498091 -0.01829312 -0.01405388
v -0.05494460 -0.00606501 -0.01107289
v -0.05589447 -0.01031609 0.00507655
v -0.05502767 -0.00601012 -0.00128682
v -0.05532527 -0.02117652 0.00626799
v -0.05543438 -0.01871382 0.01195517
v -0.05513201 -0.02206237 -0.00726240
v -0.05436051 -0.02480060 -0.00906277
v -0.05449009 -0.02470275 -0.00684940
v -0.05470878 -0.02493779 -0.00256811
v -0.05468216 -0.02444606 -0.00551798
v -0.05425558 -0.02385743 -0.01329818
v -0.05370012 -0.02834882 -0.01561029
v -0.05453911 -0.02315750 -0.01142731
v -0.05478380 -0.02059192 -0.01389284
v -0.05164874 -0.03046825 -0.01175955
v -0.05046367 -0.03161085 -0.01351641
v -0.05106823 -0.03184989 0.00162790
v -0.05165902 -0.03110222 -0.00293507
v -0.05314567 -0.02927095 0.00439558
v -0.05441425 -0.02699842 0.00108594
v -0.05469339 -0.02563220 -0.00042197
v -0.05221622 -0.03039468 -0.00763568
v -0.05274940 -0.02972973 -0.00570555
v -0.05451040 -0.02653608 0.00539188
v -0.05522471 -0.02070065 -0.00037158
v -0.05465796 -0.01235555 -0.01189475
v -0.05328939 -0.02883633 -0.00329125
v -0.05212332 -0.02991543 -0.01247714
v -0.05490620 -0.00658756 -0.01157232
v -0.05528273 -0.01907694 -0.01574532
v -0.05483959 -0.02335944 0.01153509
v -0.05472355 -0.02512138 0.01362682
v -0.05500590 -0.02433312 0.01509165
v -0.05569785 -0.02734577 0.01893772
v -0.05371249 -0.02814349 0.01482563
v -0.05440744 -0.02991958 0.01930847
v -0.05291374 -0.03076915 0.01733152
v -0.05190312 -0.03176972 0.01380445
v -0.05072374 -0.03188830 0.01102304
v -0.05166092 -0.03214164 0.01595117
v -0.05857832 -0.01938114 0.01996296
v -0.05866940 -0.01540436 0.01905195
v -0.05676786 -0.01619949 0.01545791
v -0.05602048 -0.01714853 0.01412737
v -0.06011992 -0.01344865 0.02106392
v -0.05855111 -0.01128967 0.01860379
v -0.06274190 -0.01314259 0.02348949
v -0.06345436 -0.01773620 0.02439333
v -0.06601467 -0.01827005 0.02535494
v -0.06089587 -0.01780334 0.02280410
v -0.06189861 -0.01996505 0.02358709
v -0.05974278 -0.02165487 0.02217394
v -0.06006087 -0.01887475 0.02173329
v -0.06271701 -0.02278509 0.02401538
v -0.06587656 -0.01644506 0.02505591
v -0.06618995 -0.00384137 0.02375623
v -0.06079249 0.00186344 0.02156591
v -0.05833890 0.00133578 0.01945977
v -0.05857832 -0.00475514 0.01925112
v -0.05632833 -0.00077631 0.01687602
v -0.05553891 -0.00380061 0.01335831
v -0.05635668 -0.00204178 0.01605027
v -0.05694158 -0.00587452 0.01661255
v -0.05769578 -0.00667692 0.01762036
v -0.05575134 -0.00917380 0.01312481
v -0.06149464 -0.00637996 0.02182624
v -0.06218848 -0.00115934 0.02238590
v -0.05674220 -0.00976045 0.01613848
v -0.05575797 -0.01155115 0.01325461
v -0.05587092 -0.01463112 0.01389440
v -0.05542461 -0.00533237 0.01085388
v -0.05543171 -0.00703026 0.00729935
v -0.06244458 -0.00005482 0.02244571
v -0.05660388 -0.02957942 0.02160764
v -0.05942807 -0.02598025 0.02274625
v -0.05805093 -0.02338978 0.02010638
v -0.05568079 -0.03300795 0.02232540
v -0.05372674 -0.03310664 0.02162104
v -0.05252761 -0.03245044 0.02011170
v -0.05130500 -0.03242190 0.01775528
v -0.05053511 -0.03215969 -0.00719286
v -0.05424756 -0.02702331 0.00756610
v -0.05565290 -0.01440232 0.00886938
v -0.05571608 -0.01330078 0.00259142
v -0.05838263 -0.03240565 0.02385211
v -0.06141665 -0.03135191 0.02467623
v -0.05365443 -0.02817618 0.01104812
v -0.05267925 -0.02981180 0.01023995
v -0.05482219 -0.00600445 -0.01341974
v -0.05460321 -0.01125014 -0.01652812
v -0.05459181 -0.01212101 -0.01254041
v -0.05485686 -0.00774979 -0.01740073
v -0.05471586 -0.00482030 -0.01485967
v -0.05479646 -0.00300527 -0.01460575
v -0.05476619 0.00130415 -0.00657341
v -0.05473524 0.00172760 -0.00531857
v -0.05491509 -0.02382258 0.00938537
v -0.05508703 -0.01860754 -0.00848949
v -0.05836565 -0.03373312 0.02415786
v -0.06236972 -0.03435319 0.02517826
v -0.05486740 -0.00318502 -0.00949114
v -0.05564288 -0.00823756 0.00612216
v -0.05869385 0.00349033 0.02003977
v -0.05551823 -0.03534683 0.02372968
v -0.05018387 -0.03400280 0.02044672
v -0.04790659 -0.03785161 0.02360326
v -0.05144395 -0.03618678 0.02317860
v -0.05467644 -0.02568665 -0.00175506
v -0.05231059 -0.03063059 0.00718103
v -0.05535888 -0.02115435 0.00541204
v -0.06100055 -0.02643484 0.02394210
v -0.04219482 -0.03845905 0.02310295
v -0.05142814 -0.03305330 -0.01904388
v -0.05528521 -0.01647035 -0.01581824
v -0.04622437 -0.03813162 0.02344725
v -0.04404902 -0.03641232 0.02094485
v -0.06404865 -0.01225716 0.02399335
v -0.05525443 0.00314388 0.01705588
v -0.05453894 -0.01389198 -0.01583667
v -0.05723789 -0.02289978 0.01857137
v -0.05481207 -0.00782388 -0.01108278
v -0.05653125 -0.01989848 0.01635333
v 0.04402857 -0.01797593 0.01978966
v 0.04551131 -0.01553686 0.01684387
v 0.04620591 -0.01561050 0.01676260
v 0.04579933 -0.01324662 0.01682531
v 0.04438152 -0.01153940 0.01769998
v 0.04174126 -0.01247731 0.01824078
v 0.04033107 -0.01430839 0.01931113
v 0.03930102 -0.01647197 0.02032179
v 0.03931296 -0.01161716 0.01985642
v 0.03995741 -0.00987834 0.01994834
v 0.04785695 -0.00889746 0.01681152
v 0.03734153 -0.01672131 0.02232711
v 0.05063522 -0.00941969 0.01528819
v 0.04298649 -0.00251367 0.01827164
v 0.04518499 -0.00433418 0.01766623
v 0.04901835 -0.00699890 0.01696831
v 0.05116200 -0.00517691 0.01551887
v 0.05046572 -0.00261575 0.01652298
v 0.05155459 -0.00955669 0.01479276
v 0.05336582 -0.00808229 0.01270984
v 0.05247710 -0.00717838 0.01302645
v 0.04403818 -0.00804117 0.01774360
v 0.04020995 -0.00645735 0.01873587
v 0.03989043 -0.00706275 0.01879005
v 0.03905092 -0.00271647 0.01990127
v 0.04976613 0.00112088 0.01671672
v 0.04979447 0.00366735 0.01481845
v 0.04749568 0.00113285 0.01732750
v 0.04474374 0.00493988 0.01703639
v 0.04823113 0.00458200 0.01611323
v 0.04765310 0.00773618 0.01499652
v 0.04922561 0.01150180 0.01236630
v 0.04752722 0.01436740 0.01280577
v 0.05073808 0.01209432 0.01123100
v 0.03674051 -0.01162493 0.02235547
v 0.03615757 -0.01250492 0.02302726
v 0.04498796 0.01266739 0.01526834
v 0.05149751 0.00761709 0.01040442
v 0.05465592 -0.00678329 0.01204217
v 0.04667951 -0.00094288 0.01722304
v 0.05207721 -0.00622708 0.01384217
v -0.06437717 0.03374260 -0.02161285
v -0.06234092 0.03674552 -0.02193432
v -0.06481774 0.03648209 -0.01987956
v -0.06236242 0.03173844 -0.02485022
v -0.06090648 0.04047135 -0.02131833
v -0.05957638 0.03613073 -0.02452233
v -0.05934697 0.03417298 -0.02562853
v -0.06479058 0.03913487 -0.01677869
v -0.06217476 0.03477591 -0.02328715
v -0.05797460 0.04312660 -0.02222972
v -0.06148006 0.04237387 -0.01826196
v -0.06257049 0.04165561 -0.01738582
v -0.06056579 0.04382027 -0.01808994
v -0.05898678 0.04507661 -0.01910011
v -0.05865870 0.04588256 -0.01876709
v -0.05734805 0.04661533 -0.01933675
v -0.05801236 0.04138158 -0.02309647
v -0.05555825 0.04375714 -0.02360282
v -0.05310372 0.04372902 -0.02560143
v -0.05746844 0.03810669 -0.02518664
v -0.06716649 0.02862340 -0.02155430
v -0.05886856 0.03956579 -0.02331448
v -0.06588618 0.03433330 -0.01936761
v -0.05661883 0.04712678 -0.01965202
v -0.05034390 0.04334997 -0.02695183
v -0.05308476 0.04164381 -0.02647642
v -0.05427520 0.04045264 -0.02633415
v -0.04936592 0.04292258 -0.02713727
v -0.04810038 0.04323552 -0.02724738
v -0.04282010 0.04063909 -0.02679709
v -0.04693659 0.03335382 -0.02592611
v -0.04576424 0.03105468 -0.02469840
v -0.04903204 0.02781498 -0.02491610
v -0.05339765 0.02551257 -0.02637805
v -0.05561867 0.02472380 -0.02680110
v -0.06105679 0.02761737 -0.02677716
v -0.05702640 0.02863176 -0.02706961
v -0.05639613 0.02158902 -0.02646138
v -0.05674182 0.01818517 -0.02568256
v -0.05968766 0.01879678 -0.02678399
v -0.06139213 0.01439612 -0.02656668
v -0.05522113 0.01745700 -0.02467460
v -0.05255067 0.01928503 -0.02257617
v -0.05782610 0.01338982 -0.02530452
v -0.05995658 0.00737929 -0.02577083
v -0.06158045 0.00624374 -0.02617402
v -0.05499682 0.03584802 -0.02687198
v -0.05256001 0.03087842 -0.02685735
v -0.04766766 0.03744017 -0.02711337
v -0.04767934 0.04745193 -0.02609200
v -0.04368136 0.04822225 -0.02670436
v -0.04259822 0.05123758 -0.02580024
v -0.04207890 0.05294720 -0.02517091
v -0.04357652 0.05536825 -0.02235090
v -0.04508102 0.05487846 -0.02200711
v -0.04644554 0.05618288 -0.01924585
v -0.04685654 0.05540236 -0.02000201
v -0.04055305 0.04866937 -0.02672042
v -0.03569515 0.05324965 -0.02623639
v -0.02970499 0.05273033 -0.02660116
v -0.03261268 0.05706019 -0.02538738
v -0.02628931 0.05715246 -0.02586398
v -0.02411194 0.05339610 -0.02706803
v -0.01483297 0.05523063 -0.02725236
v -0.01921987 0.05363263 -0.02723440
v -0.00898530 0.05427648 -0.02732612
v -0.01110255 0.05541466 -0.02746747
v -0.00773456 0.05709651 -0.02694364
v -0.00584333 0.05670095 -0.02713392
v -0.00097653 0.05878379 -0.02628316
v -0.00511117 0.06095749 -0.02550299
v -0.01209448 0.06141478 -0.02537538
v -0.01431592 0.06213411 -0.02462329
v -0.01721881 0.06419159 -0.02239223
v -0.01439363 0.06478287 -0.02213843
v -0.01961760 0.06267452 -0.02380633
v -0.01184459 0.06591267 -0.02107432
v -0.00456227 0.06311930 -0.02419929
v -0.00053707 0.06736756 -0.01931636
v 0.00283294 0.06662929 -0.02007011
v 0.00382960 0.06357941 -0.02355025
v 0.00475670 0.06304822 -0.02396788
v 0.00431144 0.06590506 -0.02071922
v 0.00933164 0.06357481 -0.02333699
v 0.01482104 0.06154963 -0.02399877
v 0.01422741 0.05936957 -0.02529019
v 0.01077852 0.06027742 -0.02506687
v 0.00671994 0.05309544 -0.02681417
v 0.00699263 0.05096936 -0.02624829
v 0.00588139 0.05349533 -0.02691915
v 0.01473760 0.05386024 -0.02669153
v 0.01127284 0.05034246 -0.02592253
v 0.01880281 0.04722333 -0.02524781
v 0.01682539 0.05252835 -0.02666407
v 0.01883376 0.04985980 -0.02646269
v 0.02487609 0.05055867 -0.02659009
v 0.02627561 0.04705541 -0.02557223
v 0.02738870 0.04903157 -0.02615592
v 0.03107446 0.04721038 -0.02560216
v 0.03113740 0.04969708 -0.02593564
v 0.03576427 0.05198711 -0.02546876
v 0.03708774 0.05149743 -0.02537229
v 0.04079111 0.05371923 -0.02294436
v 0.04128150 0.05232915 -0.02382171
v 0.04538462 0.05426394 -0.02013779
v 0.04651182 0.05284574 -0.02083270
v 0.04379547 0.04981506 -0.02485912
v 0.04066628 0.04993625 -0.02522255
v 0.03955495 0.04526674 -0.02553192
v 0.04767311 0.04331597 -0.02498487
v 0.04792503 0.04617116 -0.02441719
v 0.04930709 0.04651212 -0.02368103
v 0.04895073 0.04858221 -0.02272581
v 0.03319598 0.05195545 -0.02571310
v 0.02307725 0.04527765 -0.02433955
v 0.02803640 0.04532953 -0.02482141
v 0.02121495 0.04514094 -0.02397791
v 0.02375076 0.04291614 -0.02287904
v 0.01516368 0.04917653 -0.02580195
v 0.00941719 0.04740986 -0.02397393
v 0.00672422 0.05628759 -0.02644624
v 0.00769119 0.06079568 -0.02521111
v 0.00555752 0.05971802 -0.02590638
v 0.01911937 0.05488600 -0.02652034
v 0.00169191 0.05389259 -0.02678339
v 0.00217528 0.04962076 -0.02510249
v -0.00165785 0.05230776 -0.02677930
v -0.00529930 0.04977337 -0.02564985
v -0.00289445 0.05170153 -0.02647126
v 0.02283457 0.05364525 -0.02669622
v 0.02676098 0.05824533 -0.02399545
v 0.02255736 0.05509102 -0.02624430
v 0.02463439 0.06254193 -0.02099125
v 0.02387322 0.06274100 -0.02093574
v 0.02851605 0.06041684 -0.02174815
v 0.03313316 0.05970411 -0.02030842
v 0.03113555 0.05826779 -0.02271778
v 0.01481992 0.05895740 -0.02545153
v 0.00050335 0.06251238 -0.02466138
v -0.00118998 0.06291782 -0.02454129
v -0.00963222 0.06480392 -0.02262718
v -0.02589883 0.06258989 -0.02222317
v -0.03006366 0.06011056 -0.02370315
v -0.03867810 0.05684169 -0.02381403
v -0.03871515 0.05730889 -0.02316328
v -0.03243027 0.05802264 -0.02494044
v -0.03540237 0.05759080 -0.02475123
v -0.01724209 0.06111709 -0.02526109
v -0.01522079 0.05910225 -0.02625148
v -0.01420884 0.06033601 -0.02580173
v -0.00313332 0.06518571 -0.02159079
v -0.02091990 0.06170712 -0.02439782
v -0.01323823 0.06443107 -0.02274056
v -0.00529496 0.05400282 -0.02726864
v -0.00939258 0.05020018 -0.02629659
v -0.00941260 0.04857110 -0.02495436
v -0.01299962 0.04783376 -0.02451669
v -0.01316505 0.04945482 -0.02620591
v -0.01665590 0.04672921 -0.02409223
v -0.02104681 0.04718619 -0.02568033
v -0.02152063 0.04845558 -0.02659336
v -0.02109155 0.05100214 -0.02713638
v -0.02746572 0.05017405 -0.02666483
v -0.01891715 0.04972559 -0.02694742
v -0.02816055 0.04580149 -0.02613663
v -0.01882578 0.04681462 -0.02479140
v -0.02527842 0.05736633 -0.02593295
v -0.02611941 0.05966441 -0.02457010
v -0.03208851 0.05226040 -0.02666677
v -0.03493702 0.04823069 -0.02719814
v -0.03521799 0.04609962 -0.02691242
v -0.04078808 0.04289589 -0.02685743
v -0.04581158 0.04401628 -0.02707728
v -0.03910486 0.04190050 -0.02651533
v -0.03770423 0.03889313 -0.02519320
v -0.03573637 0.04191501 -0.02595135
v -0.03247988 0.04178560 -0.02514887
v -0.03386017 0.04589584 -0.02678642
v -0.03583914 0.04881483 -0.02716091
v -0.05107159 0.04761727 -0.02391088
v -0.04743524 0.05634838 -0.01640030
v -0.04883116 0.05341333 -0.02053664
v -0.04833060 0.05302139 -0.02132723
v -0.05140746 0.05144597 -0.02057684
v -0.04972500 0.05077359 -0.02218739
v -0.05357310 0.04991405 -0.02019340
v 0.01073538 0.06292777 -0.02354876
v 0.05011966 0.04456036 -0.02401755
v 0.05339401 0.03972242 -0.02508282
v 0.05380628 0.03856201 -0.02525628
v 0.05536445 0.03794041 -0.02483897
v 0.05738319 0.03919326 -0.02280927
v 0.04959548 0.04017966 -0.02517171
v 0.04603159 0.03777322 -0.02517894
v 0.04424515 0.03566984 -0.02468937
v 0.04405072 0.03323624 -0.02383667
v 0.03986786 0.03670630 -0.02440646
v 0.05547125 0.04063944 -0.02363187
v -0.00822449 0.06134022 -0.02546616
v -0.05480505 0.04908572 -0.01988279
v -0.06133432 0.00245498 -0.02569243
v -0.06079164 -0.00027405 -0.02503985
v -0.05863850 0.00475180 -0.02418286
v -0.05777258 -0.00090557 -0.02106956
v -0.06499830 0.00557619 -0.02666222
v -0.06842048 0.00462318 -0.02614604
v -0.06919281 0.00700981 -0.02577648
v -0.06593156 -0.00258797 -0.02674200
v -0.06692692 -0.00439561 -0.02642518
v -0.06840446 -0.01043392 -0.02604511
v -0.06991298 -0.01201458 -0.02558791
v -0.06942105 -0.01340154 -0.02573604
v -0.07078391 -0.01483719 -0.02478590
v -0.07075198 -0.01926690 -0.02447355
v -0.06797596 -0.02077609 -0.02541205
v -0.06562111 -0.02294439 -0.02531728
v -0.06448198 -0.01753744 -0.02539527
v -0.06960542 -0.02307765 -0.02486319
v -0.06961196 -0.02278203 -0.02486092
v -0.07020757 -0.03073114 -0.02427423
v -0.06909542 -0.03174273 -0.02466963
v -0.06334038 -0.02244638 -0.02500798
v -0.06335279 -0.02720696 -0.02514657
v -0.06601195 -0.00876471 -0.02608005
v -0.06994281 -0.02773838 -0.02492270
v -0.06907118 -0.03222820 -0.02468600
v -0.06263649 -0.03045262 -0.02509489
v -0.05876549 -0.03342147 -0.02408021
v -0.06309627 -0.03571041 -0.02491014
v -0.06366879 -0.03566827 -0.02498054
v -0.06902210 -0.02503320 -0.02509117
v -0.06499307 0.00847437 -0.02664415
v -0.05763155 -0.03929229 -0.02431985
v -0.05313627 -0.03869233 -0.02400256
v -0.05711296 -0.04100990 -0.02438058
v -0.05120260 -0.04071222 -0.02450849
v -0.05101367 -0.04490246 -0.02438444
v -0.04495988 -0.05240434 -0.02055766
v -0.04683996 -0.05058448 -0.02218219
v -0.04752877 -0.04631624 -0.02411063
v -0.04547415 -0.04277153 -0.02482147
v -0.04008014 -0.04164696 -0.02453576
v -0.04058944 -0.04336675 -0.02488946
v -0.04003297 -0.04609513 -0.02434339
v -0.03686977 -0.04215584 -0.02436865
v -0.03931617 -0.05000222 -0.02202671
v -0.03838010 -0.04800433 -0.02340849
v -0.03323907 -0.04850258 -0.02302966
v -0.03254425 -0.04945832 -0.02220209
v -0.02706667 -0.04922220 -0.02253365
v -0.02475704 -0.04774434 -0.02370366
v -0.02445237 -0.04777750 -0.02367839
v -0.02172565 -0.04455056 -0.02498392
v -0.02298465 -0.04382928 -0.02487598
v -0.02279574 -0.04131252 -0.02432081
v -0.02499828 -0.04320280 -0.02478404
v -0.02804126 -0.04456328 -0.02492859
v -0.02928710 -0.04377762 -0.02483223
v -0.03465136 -0.04395684 -0.02454716
v -0.02658916 -0.04058758 -0.02407558
v -0.03187145 -0.04105656 -0.02399462
v -0.03809487 -0.03975622 -0.02322179
v -0.05673218 -0.04877831 -0.02303648
v -0.05763003 -0.04896432 -0.02300580
v -0.05685538 -0.04498918 -0.02430255
v -0.02297395 -0.03870782 -0.02244343
v -0.05280778 -0.04662486 -0.02398812
v -0.05115784 -0.03586283 -0.02250139
v -0.05368408 -0.03689812 -0.02353574
v -0.04898290 -0.03734024 -0.02294537
v -0.05985141 -0.05082874 -0.02229740
v -0.05447581 -0.04224058 -0.02451368
v -0.06965497 -0.05246602 -0.01958259
v -0.06963358 -0.04743469 -0.02192435
v -0.06520910 -0.04729640 -0.02343416
v -0.06305286 -0.04854525 -0.02324176
v -0.06775822 -0.04501848 -0.02362954
v -0.05720016 -0.03236844 -0.02286819
v -0.05737405 -0.02945799 -0.02200056
v -0.05894973 -0.03056191 -0.02358758
v -0.05710309 -0.02530286 -0.01955361
v -0.05913506 -0.02619085 -0.02264701
v -0.05778337 -0.02401820 -0.02066804
v -0.05611018 -0.02878260 -0.02042257
v -0.05049555 -0.03520340 -0.02117509
v -0.05604093 -0.03188412 -0.02208734
v -0.05408430 -0.02928858 -0.01803627
v -0.05534569 -0.02493242 -0.01678988
v -0.06229376 -0.01719774 -0.02446357
v -0.06418504 -0.01468053 -0.02557503
v -0.06090761 -0.01519737 -0.02345619
v -0.06368664 -0.01268011 -0.02542023
v -0.05994898 -0.00865891 -0.02328368
v -0.05780763 -0.00448922 -0.02033215
v -0.05567764 -0.00549204 -0.01804622
v -0.05731099 -0.00825354 -0.01985326
v -0.05573070 -0.01045348 -0.01856298
v -0.05723105 -0.01784095 -0.01846972
v -0.05866078 -0.01742955 -0.02083154
v -0.05900231 -0.02055754 -0.02191662
v -0.05513345 -0.01415939 -0.01677110
v -0.06008347 -0.02014017 -0.02295491
v -0.00661776 0.05005516 -0.02596914
v 0.04403539 0.04090555 -0.02533269
v 0.03873263 0.03813482 -0.02477308
v 0.04125163 0.04149165 -0.02541452
v 0.03582758 0.04261771 -0.02513607
v 0.03695910 0.04388793 -0.02536381
v 0.04421038 0.04318668 -0.02543202
v 0.00537476 0.04864660 -0.02461456
v 0.04712136 0.03047158 -0.02371566
v 0.05269025 0.03227113 -0.02513862
v -0.05301527 -0.04497502 -0.02433361
v -0.04897144 0.03355424 -0.02643515
v -0.05720861 -0.01883883 -0.01832769
v -0.06650881 0.01287355 -0.02687643
v -0.06541326 0.01487029 -0.02662753
v -0.06450020 0.02985763 -0.02375349
v 0.03624143 0.05619788 -0.02285098
v 0.03606759 0.05577774 -0.02323852
v 0.03889200 0.05447562 -0.02335591
v -0.06181668 -0.03928583 -0.02492457
v -0.06978858 -0.04252219 -0.02313541
v -0.06594289 -0.04087673 -0.02463463
v -0.06441136 -0.04117960 -0.02492276
v 0.02187983 0.06020085 -0.02367229
v 0.03070260 0.05420736 -0.02535806
v -0.06397407 -0.04256508 -0.02478318
v -0.06113929 -0.04530061 -0.02431396
v -0.06417776 0.03872251 -0.01862024
v -0.05152317 0.05351267 -0.01516532
v -0.00776689 0.06345486 -0.02408631
v 0.03819684 0.05419823 -0.02374984
v -0.05165335 0.03317746 -0.02706862
v 0.03338207 0.04304687 -0.02472429
v 0.03146027 0.04208052 -0.02384095
v 0.02831930 0.04240061 -0.02347784
v -0.06574519 0.00278799 -0.02673040
v 0.03507499 0.03795387 -0.02277679
v -0.02106606 -0.04284448 -0.02491761
v -0.01568904 -0.03948671 -0.02362329
v -0.01898395 -0.03960126 -0.02339902
v -0.01200726 -0.03966596 -0.02385626
v -0.01132493 -0.04013416 -0.02412450
v -0.00693539 -0.03862259 -0.02339350
v -0.00396270 -0.03906220 -0.02399129
v 0.00094345 -0.04106739 -0.02469331
v -0.00066022 -0.04489376 -0.02467486
v -0.00071141 -0.04744564 -0.02334243
v 0.00318804 -0.04646728 -0.02371997
v 0.00895904 -0.03587635 -0.02077973
v 0.00381184 -0.03957273 -0.02393011
v 0.01344912 -0.03850312 -0.02271219
v 0.02059692 -0.03849944 -0.02271911
v 0.01003788 -0.04634722 -0.02338891
v 0.01231730 -0.04381961 -0.02394507
v 0.01516595 -0.04185132 -0.02385306
v 0.01813572 -0.04189050 -0.02372545
v 0.01754748 -0.04367400 -0.02388569
v 0.01888779 -0.04702686 -0.02282752
v 0.01548363 -0.04936822 -0.02122546
v 0.01939034 -0.03518236 -0.02047888
v 0.01841297 -0.03660992 -0.02149352
v 0.02120007 -0.04470265 -0.02358634
v 0.02550930 -0.04009467 -0.02309229
v 0.02575712 -0.04583405 -0.02293001
v 0.03077915 -0.03775548 -0.02217720
v 0.03288234 -0.03765992 -0.02220403
v 0.03240610 -0.03556922 -0.02057181
v 0.04019869 -0.03520560 -0.02089686
v 0.04741459 -0.03332753 -0.02090942
v 0.04569284 -0.03162886 -0.01908899
v 0.04933799 -0.03121578 -0.02006736
v 0.05311563 -0.03337386 -0.02161166
v 0.05417320 -0.03092293 -0.02087553
v 0.05721509 -0.02739566 -0.02058337
v 0.05549727 -0.03285470 -0.02170917
v 0.05936069 -0.03098723 -0.02183099
v 0.05790364 -0.02884000 -0.02120677
v 0.06243907 -0.02481642 -0.02158204
v 0.06232331 -0.02930983 -0.02195655
v 0.06500813 -0.03046472 -0.02210177
v 0.06069795 -0.03286445 -0.02221192
v 0.05915654 -0.03561061 -0.02240907
v 0.05679573 -0.03467144 -0.02217863
v 0.06127457 -0.03640968 -0.02244672
v 0.05758127 -0.03938410 -0.02302780
v 0.06368381 -0.03908610 -0.02252648
v 0.06219979 -0.03633417 -0.02239867
v 0.06531822 -0.03520938 -0.02216280
v 0.06496469 -0.03140839 -0.02214662
v 0.06578135 -0.03777048 -0.02211307
v 0.06819690 -0.03050009 -0.02180962
v 0.06728889 -0.03239543 -0.02180194
v 0.06936981 -0.03405513 -0.02147248
v 0.07124106 -0.02857276 -0.02146854
v 0.06998381 -0.03271451 -0.02140063
v 0.07219738 -0.03090423 -0.02097398
v 0.06444292 -0.02549118 -0.02209728
v 0.07333062 -0.02854327 -0.02056634
v 0.06999182 -0.03516023 -0.02139939
v 0.07375978 -0.02541108 -0.02038777
v 0.07212593 -0.02283168 -0.02143889
v 0.06911266 -0.02465054 -0.02187746
v 0.06480428 -0.02150871 -0.02189062
v 0.06474798 -0.01981429 -0.02205668
v 0.06531488 -0.01192631 -0.02343878
v 0.06828830 -0.01083795 -0.02312967
v 0.07065911 -0.00828434 -0.02260135
v 0.07166069 -0.00923731 -0.02202558
v 0.07062487 -0.01374488 -0.02243003
v 0.06979085 -0.01443850 -0.02254119
v 0.06710683 -0.01277619 -0.02322192
v 0.06753891 -0.01649712 -0.02271486
v 0.06899551 -0.02059035 -0.02221135
v 0.06987882 -0.02432739 -0.02190234
v 0.07309500 -0.01997306 -0.02087384
v 0.07315810 -0.02198165 -0.02081886
v 0.07460610 -0.01963572 -0.01945252
v 0.07301568 -0.01459940 -0.02112748
v 0.07325910 -0.01385720 -0.02086984
v 0.07094879 -0.01575302 -0.02221732
v 0.06514960 -0.02395057 -0.02194184
v 0.05111423 -0.03442681 -0.02176723
v 0.05528156 -0.03532127 -0.02224637
v 0.02926272 -0.03740344 -0.02190516
v 0.02499589 -0.03620855 -0.02082107
v 0.02829369 -0.03490286 -0.01967475
v 0.03713027 -0.03814159 -0.02257990
v 0.04055104 -0.04498322 -0.02281530
v 0.03938871 -0.04475815 -0.02280537
v 0.03949242 -0.04663155 -0.02204030
v 0.03773607 -0.03933092 -0.02289248
v 0.04393654 -0.03850871 -0.02273171
v 0.03570889 -0.04675575 -0.02187141
v 0.04405960 -0.04884336 -0.02007235
v 0.05051682 -0.04706853 -0.02161606
v 0.04713940 -0.04239800 -0.02335240
v 0.04942428 -0.04432295 -0.02278819
v 0.05092347 -0.04157402 -0.02325709
v 0.05376317 -0.04010430 -0.02323597
v 0.05522088 -0.04214469 -0.02327079
v 0.05734734 -0.04070303 -0.02305705
v 0.04950856 -0.03559580 -0.02197553
v 0.04992994 -0.04001451 -0.02312919
v 0.04308528 -0.04191996 -0.02314950
v 0.04137852 -0.03122191 -0.01792106
v 0.07274512 -0.00570724 -0.02125197
v 0.06990985 -0.00489103 -0.02311803
v 0.07075670 -0.00231558 -0.02302580
v 0.07020199 -0.00089725 -0.02346098
v 0.07011040 0.00015980 -0.02358961
v 0.07043422 0.00375237 -0.02332208
v 0.07024137 0.00577420 -0.02307926
v 0.06869094 0.00854594 -0.02374032
v 0.07195360 0.01085717 -0.02103388
v 0.07019663 0.01019602 -0.02250307
v 0.06816184 0.01215798 -0.02336860
v 0.06401160 0.01333175 -0.02515066
v 0.06611707 0.01577504 -0.02399888
v 0.06415042 0.01605876 -0.02479933
v 0.06302123 0.01832618 -0.02476861
v 0.06116039 0.01769886 -0.02475908
v 0.05781754 0.02487233 -0.02510390
v 0.05305722 0.02411394 -0.02424805
v 0.04978273 0.02975613 -0.02427578
v 0.05084211 0.02957621 -0.02456292
v 0.05357677 0.02036451 -0.02340197
v 0.05819674 0.02290712 -0.02488961
v 0.06204474 0.01168868 -0.02469850
v 0.06388354 0.01895829 -0.02457880
v 0.06112034 0.02188357 -0.02476202
v 0.06383523 0.02436004 -0.02427704
v 0.06102689 0.02603166 -0.02490092
v 0.06595243 0.02027235 -0.02360778
v 0.06643355 0.01822218 -0.02351861
v 0.06810268 0.01762732 -0.02253136
v 0.06810271 0.01865318 -0.02223106
v 0.06946610 0.01864796 -0.02101426
v 0.06811287 0.01645325 -0.02274330
v 0.06403013 0.01212701 -0.02498159
v 0.07025209 0.01405439 -0.02175294
v 0.06985126 0.01118187 -0.02250018
v 0.06816707 0.00779471 -0.02402774
v 0.07198165 0.00571492 -0.02141079
v 0.07028919 -0.04117604 -0.02139664
v 0.07560411 -0.04326730 -0.01877051
v 0.07468606 -0.03806618 -0.01984425
v 0.07165472 -0.04523480 -0.02044517
v 0.07348205 -0.04634164 -0.01859238
v 0.06967336 -0.04521808 -0.02068598
v 0.06578209 -0.04754297 -0.01979767
v 0.06337192 -0.04802925 -0.01993029
v 0.05726017 -0.04740869 -0.02098539
v 0.05566950 -0.04769430 -0.02087011
v 0.05820047 -0.04521669 -0.02220684
v 0.05520768 -0.04594874 -0.02210565
v 0.05181935 -0.04790456 -0.02089675
v 0.06581365 -0.04339078 -0.02179841
v 0.07113321 -0.04421183 -0.02088140
v 0.06708427 -0.04567597 -0.02088577
v 0.07387367 -0.04621765 -0.01839537
v 0.07188421 -0.04826603 -0.01785402
v 0.07527038 -0.03657779 -0.01883492
v 0.07456525 -0.04438067 -0.01918387
v 0.07351072 -0.03767634 -0.02038321
v 0.07480170 -0.03414810 -0.01911396
v 0.07063611 -0.03675513 -0.02130374
v 0.07352912 -0.03871843 -0.02041194
v 0.06775489 -0.04120985 -0.02186350
v 0.06636152 0.00147087 -0.02443442
v 0.06640207 0.00343081 -0.02476630
v 0.06646752 -0.00469118 -0.02427524
v 0.06580312 -0.00179622 -0.02439563
v 0.07230700 0.00407049 -0.02134701
v 0.07242130 0.00028908 -0.02167729
v 0.03155757 -0.04106044 -0.02289016
v 0.06610941 0.02379548 -0.02295197
v 0.06585997 0.02578819 -0.02207774
v 0.06380781 0.02527311 -0.02420761
v 0.06166054 0.02788015 -0.02473209
v 0.06037407 0.02874760 -0.02488183
v 0.06377058 0.02909571 -0.02323447
v 0.06357036 0.02985937 -0.02291685
v 0.05778680 0.03008300 -0.02509443
v 0.05746399 0.03096712 -0.02511224
v 0.02925417 -0.04751101 -0.02184548
v 0.02496573 -0.04912383 -0.02095472
v 0.02404806 -0.04296072 -0.02352816
v 0.06513009 0.00405078 -0.02478306
v 0.04383935 -0.03507769 -0.02125392
v 0.06354549 0.00741744 -0.02480241
v 0.06616156 0.00761379 -0.02461628
v 0.05271570 -0.03781334 -0.02283113
v 0.05943803 -0.04570202 -0.02180502
v 0.01936629 -0.04659070 -0.02293445
v 0.05522314 -0.03931891 -0.02313046
v 0.06241537 -0.04153806 -0.02256746
v 0.07320508 -0.02210644 -0.02077715
v 0.05158561 -0.02828657 -0.01909608
v 0.06111377 -0.04468904 -0.02199151
v 0.05149915 -0.03200789 -0.02094594
v 0.07069296 -0.01771048 -0.02231505
v 0.04856644 -0.03776422 -0.02270576
v 0.00250933 -0.03753606 -0.02255827
v -0.00059869 -0.03647645 -0.02181312
v 0.00499123 -0.04207384 -0.02449479
v 0.01152212 -0.04187945 -0.02387850
v 0.01258138 -0.03675311 -0.02155047
v 0.00446948 -0.04391729 -0.02452009
v -0.00259845 -0.04852750 -0.02279416
v -0.00457880 -0.04474592 -0.02477256
v 0.00065380 -0.04772376 -0.02311584
v 0.05352796 0.03177261 -0.02520771
v 0.05553775 0.03136842 -0.02522421
v -0.01691776 -0.04433884 -0.02483509
v -0.02062089 -0.04646068 -0.02428576
v -0.01994773 -0.05071097 -0.02075321
v -0.01313135 -0.04627979 -0.02425256
v -0.01044936 -0.04810743 -0.02336272
v 0.01702500 0.06139296 -0.02393351
v 0.03520396 -0.03583701 -0.02094678
v -0.06160796 -0.02544085 -0.02460542
v 0.01937983 0.05151092 -0.02679298
v 0.05983823 -0.04378383 -0.02242859
v 0.06589779 0.02198373 -0.02348752
v 0.05474566 0.02797504 -0.02510117
v 0.05383521 0.02952676 -0.02516829
v -0.06117643 0.02318879 -0.02710320
v -0.06943622 -0.04935521 -0.02129775
v -0.00409408 -0.04245823 -0.02501964
v -0.05651970 -0.00231875 -0.01872673
v -0.05978763 0.01194200 -0.02596196
v -0.05523145 -0.02728865 -0.01770646
v 0.06851401 -0.00445233 -0.02369129
v 0.05263763 0.03511508 -0.02540520
v 0.06714528 -0.00904512 -0.02368934
v -0.05536819 0.01126200 -0.02236749
v -0.00950396 -0.04204906 -0.02484770
v 0.07236530 -0.00768616 -0.02165335
v -0.01083323 -0.04699964 -0.02413241
v -0.04586759 -0.03944291 -0.02365212
v 0.04262938 0.05000166 -0.02487943
v 0.03298351 0.04433420 -0.02513860
v -0.06274830 -0.02503575 -0.02507805
v -0.05692749 0.01253658 -0.02466997
v 0.04890982 0.03777849 -0.02536276
v 0.06845423 0.01538301 -0.02276526
v 0.04679463 0.04796250 -0.02437629
v 0.01027810 -0.04744127 -0.02278194
v 0.02570708 0.05308226 -0.02644177
v -0.04516295 0.04711881 -0.02677723
v 0.02306969 -0.03933444 -0.02300254
v -0.02506062 -0.04532386 -0.02482598
v 0.05432757 -0.04402938 -0.02293440
v 0.06841463 0.00593110 -0.02403065
v 0.06635127 0.01006039 -0.02438719
v 0.04727149 0.04181545 -0.02530549
v -0.05582052 -0.01635998 -0.01717058
v 0.04662346 -0.04626999 -0.02196631
v -0.05111727 0.03657821 -0.02722374
v 0.05353775 0.04501871 -0.02247022
v 0.00717591 0.04767015 -0.02391220
v 0.01111867 -0.04962245 -0.02107965
v 0.00095636 0.05814249 -0.02630814
v 0.06770639 -0.04684444 -0.01993513
v -0.06076647 -0.00430835 -0.02445773
v -0.05157048 0.04576152 -0.02526852
v 0.07477780 -0.02826371 -0.01933445
v -0.05581101 -0.01355966 -0.01810473
v 0.03162237 0.05676186 -0.02375378
v 0.05708697 0.03610367 -0.02453147
v 0.05970547 0.03618654 -0.02280344
v 0.05791209 0.03502849 -0.02448209
v 0.06098577 0.03484957 -0.02238801
v 0.06793292 0.02110004 -0.02199819
v 0.05568754 0.04297725 -0.02206484
v 0.05552534 0.04315897 -0.02209914
v -0.04938142 0.04775780 -0.02504386
v -0.05273875 0.05116963 -0.01850455
v -0.05430213 0.05050730 -0.01669485
v -0.05669048 0.04839817 -0.01620293
v 0.05341018 0.04263257 -0.02390416
v -0.05749614 -0.03649334 -0.02398041
v 0.00343286 0.05841827 -0.02623016
v -0.05883349 0.00519451 -0.02452015
v 0.06144222 0.03178400 -0.02367392
v -0.05720245 -0.03461386 -0.02355405
v -0.06339229 -0.01164401 -0.02541904
v 0.03493929 0.04780637 -0.02577915
v -0.04492472 -0.04937113 -0.02271210
v 0.07344148 -0.03196223 -0.02027043
v -0.06408862 -0.05069429 -0.02198625
v -0.03897437 0.05245398 -0.02605596
v 0.03579578 0.03773265 -0.02312467
v 0.05285581 0.03340712 -0.02527990
v -0.04723287 0.05232240 -0.02247615
v 0.00192977 -0.04273385 -0.02476641
v 0.03333520 -0.04375685 -0.02296973
v -0.05266917 0.04862166 -0.02186233
v 0.06947974 -0.02589548 -0.02187801
v 0.03566976 -0.04359603 -0.02285427
v -0.06258087 -0.00770191 -0.02528784
v -0.04797926 0.05037987 -0.02385320
v -0.04063779 -0.03976852 -0.02353754
v 0.03408930 -0.04668491 -0.02212352
v 0.02309105 -0.03691233 -0.02157497
v -0.06692597 -0.00662245 -0.02658199
v -0.05995913 -0.01183726 -0.02266649
v 0.06509056 -0.00621103 -0.02419131
v 0.02077607 0.06205121 -0.02220998
v 0.07443502 -0.03350206 -0.01945448
v 0.06965929 -0.04501094 -0.02080655
v -0.06095828 -0.00131825 -0.02508917
v -0.02317923 0.05974793 -0.02506691
v 0.06576195 -0.04056295 -0.02227676
v -0.00285213 0.05562148 -0.02710543
v 0.03473558 0.05559420 -0.02382631
v -0.06071198 -0.02214421 -0.02366388
v -0.06055851 -0.02745548 -0.02396541
v 0.05873202 -0.04192380 -0.02294117
v 0.06884422 -0.03869839 -0.02165237
v 0.03342511 -0.03368737 -0.01899498
v -0.07464614 -0.04540249 0.01729205
v -0.07380761 -0.04821284 0.01734172
v -0.07534394 -0.04694494 0.01501737
v -0.07593213 -0.04445183 0.01448174
v -0.07556501 -0.04470142 0.01239620
v -0.07297400 -0.05236547 0.01444970
v -0.07524057 -0.04319679 0.01063283
v -0.07451402 -0.04562063 0.00867228
v -0.07582487 -0.03924193 0.01396298
v -0.07393374 -0.04902181 0.01119889
v -0.07612454 -0.03551236 0.01308158
v -0.07517608 -0.04519492 0.00270709
v -0.07508231 -0.04435135 0.00576329
v -0.07448315 -0.04574414 0.00834495
v -0.07510909 -0.04837518 0.01474788
v -0.07675480 -0.02161105 0.01513357
v -0.07666923 -0.02192748 0.01173200
v -0.07676314 -0.02052251 0.01547410
v -0.07668830 -0.02395572 0.01284616
v -0.07668274 -0.01623838 0.01578419
v -0.07614752 -0.01846304 0.01799844
v -0.07620525 -0.01082750 0.01834103
v -0.07450263 -0.00339888 0.02066238
v -0.07100838 -0.00332653 0.02312137
v -0.07534117 -0.00720930 0.02137678
v -0.07656788 -0.02157768 0.00971257
v -0.07627529 -0.02906028 0.01654894
v -0.07216045 -0.03187979 0.02128046
v -0.07420959 -0.03697948 0.01857882
v -0.07616925 -0.03222195 0.00364984
v -0.07562119 -0.03650644 0.00052524
v -0.07553955 -0.04132624 -0.00142671
v -0.07531884 -0.04386399 0.00055452
v -0.07530855 -0.04398186 -0.00281058
v -0.07651189 -0.02387491 0.00737146
v -0.07697753 -0.01894105 0.00781594
v -0.07723164 -0.01530800 0.00699200
v -0.07660138 -0.01976266 0.00416734
v -0.07637520 -0.02056688 0.00194222
v -0.07629639 -0.02075903 -0.00158228
v -0.07593859 -0.02506406 -0.00449242
v -0.07683311 -0.01225715 -0.00246245
v -0.07654510 -0.01708054 -0.00381772
v -0.07827480 -0.01078304 0.01090716
v -0.07700618 -0.01065456 0.00391176
v -0.07747808 -0.00889295 0.00764173
v -0.07666328 -0.00635932 0.00095266
v -0.07697012 -0.00008838 0.00811128
v -0.07637230 0.00018730 0.00474392
v -0.07553566 0.00623089 0.00386921
v -0.07560394 0.00757377 0.00834342
v -0.07471995 0.01573487 0.01104232
v -0.07465751 0.01542347 0.01238514
v -0.07418712 0.01874044 0.01071736
v -0.07490621 0.01204454 0.00784395
v -0.07371417 0.01907525 0.01217966
v -0.07279040 0.02078629 0.01307964
v -0.07247000 0.01654888 0.01685142
v -0.07311372 0.01119536 0.01840020
v -0.07119852 0.01351925 0.02033202
v -0.07415678 0.01541670 0.00536058
v -0.07620007 0.00156113 0.00476412
v -0.07161500 0.02208241 0.01412372
v -0.07110148 0.02238907 0.01522311
v -0.07829022 -0.00789974 0.01220680
v -0.07710874 -0.00993112 0.00295480
v -0.07761484 -0.01802688 0.01170738
v -0.07607866 -0.02204638 -0.00386024
v -0.07556895 -0.03404859 -0.00250260
v -0.07256524 0.02276451 0.01100753
v -0.07186616 0.02513160 0.01043513
v -0.07364312 0.01961723 0.00898633
v -0.07357433 0.01816392 0.00221888
v -0.07322149 0.01973238 -0.00035950
v -0.07412090 0.01524962 -0.00271289
v -0.07393840 0.01656320 0.00121777
v -0.07355569 0.01651749 -0.00902219
v -0.07202456 0.02165647 -0.00988078
v -0.07457210 0.01220194 -0.00819224
v -0.07479623 0.01128392 -0.00921442
v -0.07509875 0.01013117 -0.00827523
v -0.07350876 0.01796089 -0.00372033
v -0.07485877 0.01046429 -0.00625277
v -0.07505657 0.01048093 -0.01232830
v -0.07546215 0.00844048 -0.01396916
v -0.07414271 0.01438163 -0.01544784
v -0.07527055 0.00817481 -0.01613120
v -0.07355798 0.01733572 -0.01229387
v -0.07177802 0.02210013 -0.01294118
v -0.07122594 0.02386727 -0.01093722
v -0.06964636 0.02700420 -0.00939470
v -0.07136230 0.02300301 -0.00762135
v -0.07543297 0.00788314 -0.00936720
v -0.07616878 0.00072139 -0.01384146
v -0.07606004 0.00146544 -0.00961751
v -0.07640540 -0.00218402 -0.01173112
v -0.07635751 -0.00527335 -0.01088668
v -0.07599092 -0.01271603 -0.01562734
v -0.07622052 -0.00411561 -0.00721073
v -0.07587473 -0.01491392 -0.01272447
v -0.07588269 -0.01664177 -0.01118974
v -0.07604127 -0.00956206 -0.00829674
v -0.07554981 -0.02307509 -0.01576214
v -0.07548803 -0.02564168 -0.01464575
v -0.07568006 -0.02217501 -0.00728218
v -0.07533818 -0.03252827 -0.01456897
v -0.07558405 -0.02693575 -0.00867957
v -0.07640993 -0.00405142 -0.00318656
v -0.07618553 0.00219405 -0.00625839
v -0.07607084 -0.01806856 -0.00857288
v -0.07536132 -0.03354615 -0.01365607
v -0.07533874 -0.03336451 -0.01344723
v -0.07541322 -0.03385925 -0.00649692
v -0.07564407 -0.02047662 -0.01625448
v -0.07113639 0.02665611 0.00758779
v -0.07023016 0.02912467 0.01099525
v -0.07040720 0.02771127 0.00548898
v -0.07101708 0.02601012 0.00430990
v -0.06981917 0.02907057 0.00500601
v -0.07029751 0.02587477 0.01430788
v -0.06888642 0.02828480 0.01556766
v -0.06924368 0.03022838 0.00290203
v -0.06913601 0.02914367 -0.00145055
v -0.06941160 0.02837559 -0.00208636
v -0.06794202 0.03222463 -0.00057782
v -0.06820457 0.03206220 0.00296683
v -0.06534384 0.03660316 0.00451299
v -0.06497087 0.03692236 0.00069030
v -0.06736781 0.03456479 0.00709376
v -0.06540622 0.03640997 -0.00131992
v -0.06521479 0.03727171 0.00673039
v -0.06279111 0.03998629 0.00379899
v -0.06277486 0.03993177 0.00173963
v -0.06147967 0.04195852 0.00003378
v -0.05765352 0.04655749 -0.00296953
v -0.05579831 0.04853128 -0.00353366
v -0.05363259 0.05034186 0.00050852
v -0.05351184 0.05066741 -0.00391690
v -0.06383607 0.03929510 -0.00210181
v -0.06176039 0.04210057 -0.00462216
v -0.06483207 0.03838056 0.00860447
v -0.07351957 0.01752238 -0.01323844
v -0.07596191 -0.01545470 -0.01579703
v -0.07262515 0.02173676 0.00700798
v -0.06952589 0.02324450 0.01750231
v -0.07272083 0.01978779 -0.00741104
v -0.07453967 0.01237000 0.00341110
v -0.07460475 -0.04877357 -0.01147552
v -0.07439428 -0.04949481 -0.00934787
v -0.07507289 -0.04499627 -0.00469609
v -0.07447405 0.00958329 0.01646942
v -0.07432740 0.00952584 0.01685393
v -0.07482077 0.01088916 0.00036432
v -0.07077588 0.01902625 0.01815328
v -0.07569757 -0.04102333 -0.00661447
v -0.07565333 -0.04107423 -0.00380108
v -0.06315253 0.03961731 0.01449122
v -0.06466408 0.03737395 0.00246879
v -0.07513312 -0.04429373 -0.00931893
v -0.06419278 0.03864911 -0.00403259
v -0.06460489 0.03788009 -0.00588145
v -0.06388572 0.03933800 -0.00614968
v -0.06581004 0.03568842 -0.00711308
v -0.06547062 0.03691371 -0.01134278
v -0.06428169 0.03984508 -0.01462737
v -0.06602898 0.03623908 -0.01279871
v -0.06652661 0.03450619 -0.00975644
v -0.06312073 0.04035270 -0.00456327
v -0.06374334 0.03978642 -0.00851519
v -0.06673200 0.03414066 -0.01790727
v -0.06480825 0.03852208 -0.01257562
v -0.06274995 0.04169098 -0.00992472
v -0.07617105 -0.02788666 -0.00119008
v -0.07299791 -0.05297496 -0.00445534
v -0.06748029 0.02692900 -0.02191332
v -0.06904640 0.02775577 -0.01786511
v -0.06737523 0.03336601 -0.01582778
v -0.06607275 0.03711117 -0.01625779
v -0.06261591 0.04084128 0.01094387
v -0.07555806 -0.03581311 -0.00338458
v -0.07543738 0.00577138 0.01505361
v -0.07687537 0.00218498 0.00980888
v -0.07642721 -0.00980841 -0.00497198
v -0.07681731 0.00055773 0.01190892
v -0.07635082 0.00153009 0.01534966
v -0.07706564 -0.00299294 0.01401116
v -0.07770116 -0.00482557 0.01166953
v -0.07602568 0.00542307 0.00676443
v -0.07632138 -0.02927001 0.01033063
v -0.06794541 -0.05577049 0.00764779
v -0.07651340 -0.02785777 0.01322351
v -0.07331684 -0.05188464 -0.00000900
v -0.07525807 -0.00048289 0.01809691
v -0.07524908 -0.04367996 0.00581549
v -0.06209685 0.04240732 -0.00703102
v -0.05928547 0.04645180 -0.01289330
v -0.05982283 0.04462043 -0.00448390
v -0.05793052 0.04749122 -0.00888623
v -0.07649255 -0.01239243 -0.00636787
v -0.07651840 -0.00615227 0.01735381
v -0.07021324 0.02572710 -0.00696206
v -0.07647741 -0.00282922 0.01579323
v -0.07560821 0.00570935 -0.01582809
v -0.07122123 -0.05376402 0.00312701
v -0.05361622 0.05047556 -0.00304679
v -0.07357025 -0.05169504 -0.00658454
v -0.07031901 0.00331355 0.02272536
v -0.07126406 0.00525302 0.02219779
v -0.06959511 0.01032572 0.02208283
v -0.07224136 -0.00595837 0.02276352
v -0.07433730 0.01606234 0.00721524
v -0.06019719 0.04526404 -0.01208712
v -0.06089006 0.04442293 -0.01563979
v -0.06220395 0.04277018 -0.01169410
v -0.07579057 0.00677055 0.01028735
v -0.06934014 0.02046660 0.01938663
v -0.07308265 0.01893139 -0.00549095
v -0.07618712 -0.02443489 -0.00202717
v -0.07594283 -0.02837496 -0.00437878
v -0.07595318 -0.02836170 -0.00429180
v -0.07070227 0.02422079 -0.01742553
v -0.07031692 0.02666562 -0.01441291
v -0.07206245 0.01890042 -0.01827078
v -0.07351435 0.01700785 -0.01591004
v -0.07370728 0.01667900 -0.01438455
v -0.07016373 0.02216017 -0.01989575
v -0.07163176 0.02381087 0.01281617
v -0.06822892 0.03256495 0.00613351
v -0.07327921 -0.05017899 0.00719104
v -0.05409887 0.05132446 -0.01101824
v -0.05618966 0.04894899 -0.00727307
v -0.05629841 0.04910392 -0.00931679
v -0.05183969 0.05261081 -0.00651177
v -0.07478114 -0.03659466 0.01781274
v -0.06145899 0.04325812 -0.00958867
v -0.06790092 0.02883669 0.01721284
v -0.07454713 -0.00855783 -0.02124186
v -0.05663798 0.04916760 -0.01347984
v -0.07630847 -0.02934176 0.00212085
v -0.06834917 0.02954705 -0.00550204
v -0.06758298 0.03136908 -0.00519246
v -0.06775613 0.03090833 -0.00810649
v -0.07645355 -0.00125129 -0.00332106
v -0.06972699 0.02705836 -0.00445460
v -0.07630414 0.00116376 -0.00159933
v -0.07628766 0.00127050 0.00066721
v -0.07665377 -0.00199731 -0.00034323
v -0.07561960 0.00508706 0.00103800
v -0.06990276 0.02965925 0.01115985
v -0.07530607 -0.02982694 -0.01551650
v -0.07443643 0.00051073 0.01912200
v -0.06741339 0.03265721 0.01434074
v -0.06651237 0.03555194 0.01298886
v -0.06537999 0.03514229 0.01561624
v -0.06590872 0.03725213 0.01076326
v -0.06581680 0.03544606 -0.00539456
v -0.07601275 -0.00791764 -0.01630851
v -0.05853457 0.04520326 0.00062074
v -0.07093055 0.02510635 -0.00006537
v -0.07121476 0.02362797 -0.00505336
v -0.07155117 0.02359378 -0.00168963
v -0.07222300 0.02235618 0.00190856
v -0.07444876 0.01393862 0.01456466
v -0.07574735 -0.03222811 -0.00328674
v -0.07642096 -0.01653459 -0.00597965
v -0.07732331 -0.00607254 0.00859826
v -0.06868642 0.03209213 0.01148581
v -0.07597106 0.00315031 0.00219830
v -0.07361316 -0.05187709 -0.01268345
v -0.07237594 -0.05496982 -0.01045469
v -0.07243189 -0.05489584 -0.01248239
v -0.07212562 -0.05472444 -0.01364161
v -0.06381848 0.03891431 0.01425966
v -0.06113734 0.04258659 0.00922401
v -0.05842623 0.04525992 0.01242973
v -0.05717537 0.04653127 0.01200651
v -0.05659319 0.04634769 0.00558814
v -0.05522209 0.04823919 0.00232565
v -0.05404436 0.04938058 0.00264578
v -0.05415101 0.04862011 0.00474319
v -0.05707083 0.04591210 0.00374626
v -0.05882340 0.04426508 0.00446576
v -0.05979295 0.04343043 0.00398431
v -0.06100709 0.04225923 0.00522317
v -0.06177749 0.04159296 0.00700440
v -0.05891504 0.04463052 0.00728901
v -0.05371078 0.04924918 0.00764652
v -0.05010925 0.05241334 0.01206013
v -0.05089590 0.05144975 0.01065180
v -0.04998121 0.05237667 0.00743300
v -0.05164867 0.05083670 0.00806765
v -0.07431291 0.01399216 -0.00070823
v -0.07576532 0.00433412 -0.00430081
v -0.07512093 0.00856105 -0.00488579
v -0.07461417 -0.04682826 0.00127342
v -0.06147159 0.04165247 0.00251965
v -0.07115233 -0.05431422 -0.00115315
v -0.06932075 0.02801740 -0.01124900
v -0.06814373 0.03125816 -0.01332960
v -0.06786609 0.03148301 -0.01136575
v -0.06773212 0.03192622 -0.01238708
v -0.06867826 0.03235862 0.00851659
v -0.07803051 -0.01309925 0.01278631
v -0.07419775 -0.01402591 0.02303864
v -0.07189442 -0.01193470 0.02462686
v -0.07349304 -0.01741080 0.02284843
v -0.07121246 -0.00624004 0.02343569
v -0.05442516 0.05107591 -0.01397859
v -0.05256164 0.05268781 -0.01476730
v -0.05021259 0.05431716 -0.00956746
v -0.06960411 0.02905545 0.00080901
v -0.07709724 0.00004530 0.01009146
v -0.05959909 0.04455128 -0.00212167
v -0.05207397 0.05061742 0.00529750
v -0.07332349 0.01906709 0.00553975
v -0.06737040 0.03169979 -0.01896970
v -0.07641409 -0.03136792 0.01307311
v -0.07681452 -0.01370550 0.00423684
v -0.07503287 -0.01040858 0.02256283
v -0.05948753 0.04385837 0.00199938
v -0.07233023 -0.01127719 0.02444026
v -0.07140847 -0.05473286 -0.00583867
v -0.07587587 -0.01229168 -0.01652693
v -0.07583190 0.00493050 -0.01516085
v -0.07543688 -0.04136274 -0.01306024
v -0.05882972 0.04652626 -0.01640266
v -0.06809716 0.03357299 0.01000491
v -0.07163369 -0.00935581 0.02434445
v -0.07592176 -0.02863915 0.01798919
v -0.07572409 -0.01839440 0.01937393
v -0.07035147 0.02919079 0.00867997
v -0.07650194 -0.02226672 0.00411728
v -0.06866610 0.03168958 0.00646546
v -0.07635083 -0.00201710 -0.01579866
v -0.06951277 -0.05284576 0.01938117
v -0.07252925 -0.05167701 0.01721980
v -0.07579389 -0.03954112 0.00485825
v -0.06616835 0.03473697 -0.00354907
v -0.07449261 -0.03591936 -0.01790938
v -0.07100349 0.00941883 0.02111237
v -0.07743336 -0.01879825 0.01319528
v -0.06220655 0.04100043 0.00674159
v -0.05771964 0.04681498 -0.00453943
v -0.07598448 -0.02508192 0.01709031
v -0.06350151 0.04114797 -0.01533389
v -0.07686267 -0.01077955 0.01667076
v -0.07196327 -0.05270859 0.00926688
v -0.07459414 0.00437989 0.01811960
v -0.07494467 0.00988618 0.00266858
v -0.07674342 -0.00885546 -0.00312845
v -0.07702493 -0.00702236 0.01620981
v -0.07606411 0.00258737 0.00326322
v -0.07279558 -0.05206100 0.00340262
v -0.07649204 -0.00626301 -0.00281156
v -0.07375255 0.00104182 0.01998615
v -0.07468420 -0.00150121 0.01937846
v -0.04974412 0.05298526 0.00360527
v -0.07283668 -0.05272073 -0.01592785
v -0.07221431 0.02114642 -0.01393918
v -0.07393499 0.00529697 0.01912402
v -0.07565471 -0.02885745 -0.00625580
v -0.06283822 0.02831818 -0.02555918
v -0.05696614 0.03354229 -0.02684221
v -0.06101301 0.02998845 -0.02616145
v -0.06660592 0.02185840 -0.02444035
v -0.06666259 0.01739174 -0.02572007
v -0.06859336 0.01591504 -0.02459089
v -0.07082223 0.02042675 -0.01974255
v -0.07127851 0.02096569 -0.01873336
v -0.06844943 0.02259434 -0.02226908
v -0.06773864 0.01749703 -0.02490330
v -0.06549006 0.02186603 -0.02530906
v -0.06228156 0.02130555 -0.02689840
v -0.07151141 0.01864054 -0.01938787
v -0.06658621 0.02592357 -0.02333147
v -0.07035277 0.01312855 -0.02357677
v -0.07028826 0.01038509 -0.02448649
v -0.06833618 0.01359458 -0.02542451
v -0.07021200 0.00395899 -0.02533999
v -0.07151605 0.00662538 -0.02344410
v -0.07207560 0.00386680 -0.02325565
v -0.07467344 0.00596549 -0.01881229
v -0.07190949 0.00032246 -0.02411198
v -0.07035554 -0.00204471 -0.02582636
v -0.06913594 -0.00277960 -0.02631560
v -0.07450488 -0.00680082 -0.02103877
v -0.07386947 -0.00913915 -0.02258020
v -0.07120459 -0.00881052 -0.02497200
v -0.07438470 -0.00280048 -0.02152870
v -0.07390377 -0.00126000 -0.02188903
v -0.07262040 -0.00684641 -0.02355888
v -0.07359780 0.00273478 -0.02106522
v -0.07488135 0.00220301 -0.01916448
v -0.07557483 0.00228033 -0.01735236
v -0.07545061 0.00020906 -0.01824596
v -0.07282567 0.00944456 -0.02114783
v -0.07429144 0.01170940 -0.01711481
v -0.07208801 0.01416813 -0.02009246
v -0.07474240 -0.01513118 -0.01980897
v -0.07404708 -0.01697597 -0.02125188
v -0.07293099 -0.01306714 -0.02312682
v -0.07327143 -0.02508181 -0.02185337
v -0.07362487 -0.02652420 -0.02137267
v -0.07164410 -0.01773182 -0.02394052
v -0.07144685 -0.02676010 -0.02374960
v -0.07334113 -0.02964724 -0.02116105
v -0.07339579 -0.03154468 -0.02053174
v -0.07408253 -0.03159249 -0.01930785
v -0.07191671 -0.03727792 -0.02211928
v -0.07012975 -0.03879073 -0.02349590
v -0.07328783 -0.04891644 -0.01776622
v -0.07443777 -0.04555887 -0.01615974
v -0.07237265 -0.04250943 -0.02061613
v -0.07502715 -0.03817981 -0.01497928
v -0.07465260 -0.04154710 -0.01551213
v -0.07447222 -0.04868299 -0.01371656
v -0.07360321 -0.03954581 -0.01908928
v -0.07459111 -0.03378483 -0.01747601
v -0.07314003 -0.02299258 -0.02242373
v -0.07498982 -0.02560765 -0.01758946
v -0.06626026 0.02480959 -0.02405374
v -0.06847376 0.01592730 -0.02472199
v -0.06983066 0.00077565 -0.02588819
v -0.06563590 0.02702229 -0.02368752
v -0.07097624 -0.03445763 -0.02322356
v -0.07539482 -0.02709176 -0.01615819
v -0.03855222 0.03262493 0.01233454
v -0.03690418 0.03141374 0.01247761
v -0.03582085 0.03089685 0.01253531
v -0.03709640 0.03336517 0.01603552
v -0.04026355 0.03230837 0.01670403
v -0.03356053 0.03285073 0.01545510
v -0.03375336 0.03358715 0.01612667
v -0.04163984 0.03230732 0.01316519
v -0.03881666 0.03680987 0.01947754
v -0.03783499 0.03743525 0.01922765
v -0.03699636 0.04025202 0.02097401
v -0.03610163 0.03691937 0.01795557
v -0.05597372 0.00481116 -0.01798445
v -0.05663387 0.00871727 -0.02355933
v -0.05761658 0.00135599 -0.02149745
v -0.05604008 0.00906129 -0.02211942
v -0.05503254 0.00942978 -0.01966717
v -0.05453896 0.01036245 -0.01956336
v -0.05480875 0.01565496 -0.02335987
v -0.05380914 0.00932445 -0.01672141
v -0.05233550 0.01495003 -0.01888938
v -0.05132194 0.01673421 -0.01787407
v -0.04995393 0.01754571 -0.01360097
v -0.05048929 0.01716459 -0.01577259
v -0.04976518 0.01935793 -0.01719639
v -0.04817217 0.02133017 -0.01550055
v -0.04833597 0.02351857 -0.02119355
v -0.04627836 0.02561161 -0.01993937
v -0.04783813 0.02422698 -0.02102010
v -0.04668097 0.02814356 -0.02321431
v -0.05074012 0.02087115 -0.02202162
v -0.04611549 0.02438248 -0.01750513
v -0.04857701 0.01930919 -0.00838326
v -0.04722704 0.02184426 -0.00797862
v -0.04927873 0.01802771 -0.00720513
v -0.04548643 0.02389101 -0.01005854
v -0.04540116 0.02370220 -0.00836158
v -0.04527872 0.02364455 -0.00555238
v -0.04623934 0.02391348 -0.01546945
v -0.04790732 0.02075156 -0.01075853
v -0.04473600 0.02563433 -0.01653345
v -0.04478086 0.02725592 -0.01986943
v -0.04374519 0.02658008 -0.01570457
v -0.05071462 0.01438285 -0.01108416
v -0.05534166 0.00452217 -0.01645861
v -0.05489543 0.00347132 -0.01371664
v -0.05357570 0.00687685 -0.01294097
v -0.05322247 0.00821208 -0.01313987
v -0.05343034 0.00785203 -0.00951741
v -0.05472398 0.00220723 -0.01188400
v -0.05464443 0.00210439 -0.00886186
v -0.05391863 0.00598507 -0.00392150
v -0.05294305 0.02173547 -0.02467599
v -0.05029516 0.02349796 -0.02386479
v -0.04967627 0.02647187 -0.02492210
v -0.05158466 0.01438426 -0.01484441
v -0.05127783 0.01315252 -0.01033992
v -0.05228360 0.01047448 -0.00994760
v -0.05140684 0.01296870 -0.00803596
v -0.05128771 0.01397889 -0.00480573
v -0.04923441 0.01828372 -0.00531689
v -0.04875893 0.01814243 -0.00090879
v -0.04692865 0.02141903 -0.00006433
v -0.04857971 0.01893297 0.00402248
v -0.05006448 0.01814837 0.00634339
v -0.05100612 0.01700919 0.00871141
v -0.04985893 0.02035151 0.01051472
v -0.04994477 0.01760052 0.00488490
v -0.05128349 0.01882675 0.01439918
v -0.04780790 0.02371674 0.01337120
v -0.04759719 0.02417551 0.01402419
v -0.04985998 0.02216800 0.01609048
v -0.04602215 0.02405847 0.00976914
v -0.05318535 0.00801510 -0.01131103
v -0.05055467 0.01529115 0.00278347
v -0.04947504 0.01848024 -0.01172065
v -0.05199319 0.01334338 0.00585974
v -0.05082161 0.01365963 -0.00056114
v -0.05244559 0.01107839 0.00146747
v -0.05259553 0.01056576 -0.00182753
v -0.05383997 0.00910610 0.00630171
v -0.05285535 0.01100801 0.00507758
v -0.05340851 0.01109894 0.00862180
v -0.05230395 0.01339592 0.00765391
v -0.05367592 0.01045014 0.00976829
v -0.05270757 0.01298958 0.01104139
v -0.05227829 0.01478243 0.01541078
v -0.05438634 0.00842839 0.01468489
v -0.05493968 0.00438084 0.01138143
v -0.05528644 -0.00199090 0.01303319
v -0.05499874 -0.00277768 0.00913917
v -0.05515045 -0.00038481 0.00405881
v -0.05505571 0.00005505 0.00703854
v -0.05457974 0.00425454 0.00285391
v -0.05402881 0.00680433 0.00357405
v -0.05532274 -0.00555971 0.00687843
v -0.05274617 0.01480850 0.01779440
v -0.05436069 0.00516912 -0.00080259
v -0.05520565 0.00327673 0.01479086
v -0.05323604 0.00857191 0.00082441
v -0.05221370 0.01145098 -0.00456483
v -0.04669546 0.02232214 -0.00037881
v -0.04600779 0.02331403 -0.00132695
v -0.05486109 0.00065960 -0.00452601
v -0.05098516 0.01889422 -0.01976031
v -0.05326728 0.01231477 -0.01864909
v -0.04804485 0.02218603 0.00851000
v -0.04567932 0.02691544 0.01649749
v -0.04428647 0.02752213 0.01403924
v -0.04861151 0.01824578 0.00221576
v -0.04262627 0.02905245 -0.01965284
v -0.05069696 0.01482338 -0.00286816
v -0.04542205 0.02520467 0.01103783
v -0.05543027 0.00054432 -0.01533960
v -0.05554638 0.00149048 -0.01561090
v -0.05331076 0.00879979 -0.00578913
v -0.05506216 0.00093410 0.00204200
v -0.05309427 0.01805003 0.01914905
v -0.05045652 0.02317377 -0.02376687
v -0.05160801 0.01823508 0.01694431
v -0.04561547 0.02991588 -0.02380955
v -0.05532492 -0.00365295 -0.01637499
v -0.04986421 0.01942744 0.00825793
v -0.04253300 0.03015749 0.01197047
v -0.05442791 0.00813568 0.01211741
v -0.05370637 0.01297823 -0.01979046
v -0.04666375 0.02229167 0.00568653
v -0.05237550 0.01774493 -0.02109714
v -0.05504773 0.00087702 -0.00087745
v -0.04811347 0.02027198 -0.00456686
v -0.05441368 0.00412831 -0.00216165
v 0.01192860 0.03979531 0.02013100
v 0.01306058 0.03893660 0.01726494
v 0.01428800 0.03804804 0.01493332
v 0.01622796 0.03851214 0.00927725
v 0.02186718 0.03777432 0.00560715
v 0.01643082 0.03858419 0.00687045
v 0.02145773 0.03716098 0.00263964
v 0.02361995 0.03756198 0.00840268
v 0.02806478 0.03525214 -0.00159309
v 0.02592350 0.03728861 0.00850324
v 0.02191460 0.03771045 0.00868034
v 0.01441699 0.03876760 0.00682426
v 0.01144982 0.03909484 0.00699900
v 0.02924173 0.03541450 -0.01007901
v 0.02916171 0.03507436 -0.00152683
v 0.01915633 0.03713640 -0.00031252
v 0.02138328 0.03584146 -0.00579253
v 0.01873492 0.03545051 -0.00707925
v 0.02451634 0.03728094 -0.01112246
v 0.01960234 0.03561542 -0.00511090
v 0.02842459 0.03577585 0.00475014
v 0.03173077 0.03521847 -0.01615423
v 0.02946282 0.03586816 -0.01412350
v 0.03675507 0.03279991 -0.01524495
v 0.03289812 0.03509176 -0.01688510
v 0.03819857 0.03194837 -0.01584805
v 0.03369898 0.03334575 0.00109793
v 0.01857951 0.03768328 0.01690844
v 0.03952768 0.03114236 -0.01600498
v 0.04016223 0.03176113 -0.01880838
v 0.02734296 0.03675272 -0.01246113
v 0.03005834 0.03565033 -0.01623392
v 0.03427684 0.03320553 0.00559637
v 0.03623518 0.03190091 0.00255605
v 0.03537640 0.03226718 -0.00104072
v 0.03041484 0.03555236 0.00902339
v 0.03128936 0.03501510 0.01133995
v 0.02906867 0.03642391 0.01539796
v 0.03803788 0.03117323 0.00719639
v 0.03579937 0.03221295 0.00298007
v 0.03440394 0.03488615 0.01841129
v 0.01847417 0.03700565 -0.01088421
v 0.02034942 0.03836892 -0.01613930
v 0.01631772 0.03705846 -0.00993520
v 0.01210251 0.03900746 -0.00825154
v 0.01539243 0.03682925 -0.00720067
v 0.01440960 0.03814908 -0.00995319
v 0.01659237 0.03654142 -0.00851077
v 0.01368417 0.03820727 -0.00485085
v 0.01291724 0.03898860 -0.00295490
v 0.01522444 0.03860403 0.00056548
v 0.01131156 0.03945190 0.00338018
v 0.00598407 0.04056102 0.00805886
v 0.00319533 0.04096106 0.00584192
v 0.00468614 0.04085056 0.00868654
v 0.00134522 0.04085774 0.00311409
v 0.00011866 0.04095974 0.00333211
v -0.00108648 0.04102344 0.00162210
v 0.00138222 0.04108410 0.00140394
v -0.00664412 0.04103411 0.00360978
v 0.00381932 0.04178686 -0.00359574
v 0.00484440 0.04120872 -0.00011861
v -0.00217736 0.04299365 0.00971437
v -0.00133049 0.04137283 -0.00419891
v -0.00512540 0.04095048 -0.00266340
v -0.01085342 0.04048010 -0.00352681
v -0.00846524 0.04080095 -0.00446011
v -0.01268018 0.04036673 -0.00319507
v -0.00790422 0.04145475 -0.00803858
v -0.00546134 0.04131641 -0.00688012
v -0.00391205 0.04129109 -0.00585022
v 0.00066503 0.04251015 0.00951939
v -0.00305863 0.04226553 -0.01151251
v -0.00213380 0.04210004 -0.01027460
v -0.00147008 0.04204509 -0.00925831
v 0.00046679 0.04204589 -0.00816334
v 0.00245569 0.04226980 -0.00800620
v -0.01167074 0.04014668 0.00075631
v -0.00391247 0.04353454 0.01330924
v -0.00435680 0.04280467 -0.01329927
v -0.01047200 0.04174691 -0.01079716
v -0.01387520 0.04216540 -0.01348890
v -0.01568342 0.04169149 -0.01001038
v 0.00293963 0.04322906 -0.01205587
v -0.00148684 0.04169789 -0.00726522
v -0.00064019 0.04365787 -0.01399932
v 0.00433575 0.04219156 -0.00683835
v 0.02394484 0.03534264 -0.00566028
v 0.02522630 0.03497156 -0.00414719
v 0.00726655 0.04195112 -0.00966019
v 0.00744282 0.04138505 -0.00497725
v 0.01181640 0.03924015 -0.00695328
v 0.00939247 0.04073188 -0.00561003
v 0.02234449 0.03916128 -0.01832840
v 0.01826388 0.03852257 -0.01606164
v 0.02154393 0.04029142 -0.01960085
v 0.02561247 0.04001962 -0.02052703
v 0.02516953 0.03736932 -0.01673602
v 0.02610670 0.04156561 -0.02223446
v 0.02822936 0.03659131 -0.01705111
v 0.02968662 0.03999816 -0.02126786
v 0.03132790 0.03760375 -0.01971082
v 0.02137917 0.04133627 -0.02090973
v -0.00042009 0.04455706 -0.01631753
v 0.00248165 0.04221967 -0.00768665
v 0.03276975 0.03372672 -0.00313239
v 0.03519850 0.03202840 -0.00849350
v 0.03281830 0.03334818 -0.00649040
v 0.01537547 0.03829912 -0.01286430
v 0.03517538 0.03260053 -0.01162323
v 0.02384689 0.03762671 -0.01270892
v -0.01223210 0.04215295 -0.01425409
v -0.00625811 0.04324005 -0.01595458
v 0.01047601 0.04004558 -0.00497636
v 0.01181542 0.03876865 0.01334944
v 0.03980570 0.02868395 -0.00699816
v 0.00613876 0.04365161 -0.01648256
v 0.00555404 0.04345276 -0.01556942
v 0.00590384 0.04582597 -0.02059148
v 0.00009724 0.04474769 -0.01691004
v 0.00342604 0.04556445 -0.01906401
v -0.00071070 0.04413217 0.01564249
v -0.00393168 0.04599734 0.01781502
v 0.00100560 0.04750532 0.01963666
v 0.00156900 0.04448201 0.01665583
v 0.00110988 0.04627237 0.01853097
v -0.00622330 0.04658675 0.01982736
v 0.00500182 0.04456803 0.01778366
v 0.00451058 0.04719082 0.01988003
v -0.00588159 0.04344945 -0.01622595
v 0.01510931 0.03978169 -0.01627448
v 0.01241170 0.04061175 -0.01567303
v 0.00907250 0.04536088 -0.02119124
v 0.00120899 0.04612941 -0.02006412
v 0.01017839 0.04116755 -0.01280965
v 0.01152938 0.04370668 -0.01992929
v 0.00210593 0.04803323 -0.02356401
v -0.00193217 0.04776206 -0.02343833
v -0.00109949 0.04650762 -0.02098825
v -0.00447959 0.04557651 -0.01896552
v -0.00525993 0.04724644 -0.02267022
v -0.00805290 0.04697035 -0.02287285
v -0.00971770 0.04650815 -0.02231955
v -0.00822285 0.04524989 -0.01968037
v -0.01507238 0.03923218 0.00138201
v -0.01892119 0.03890589 0.00349932
v -0.02168735 0.04136414 0.00836780
v -0.01272983 0.04021734 0.00255038
v -0.01315690 0.04067074 0.00524246
v -0.01124092 0.04060202 0.00501571
v -0.01111358 0.04108681 0.00830940
v -0.00960240 0.04178731 0.00964680
v -0.02030698 0.04055054 0.00865664
v -0.01702771 0.03765459 0.00033656
v 0.01385423 0.04048797 -0.01677326
v 0.03827639 0.03014314 -0.00885588
v 0.01176154 0.04110266 -0.01684053
v -0.00900210 0.04243020 -0.01297748
v -0.01278496 0.04620386 -0.02223468
v 0.03613182 0.03331342 -0.01622391
v -0.02233858 0.03881582 -0.00010681
v -0.02509676 0.03918399 0.00032098
v -0.02460467 0.03839610 -0.00305226
v -0.01794881 0.04212342 -0.01241306
v -0.01948422 0.04120330 -0.01073441
v 0.00799823 0.04024527 0.01108714
v 0.00570401 0.04067362 0.01017240
v 0.01718418 0.04336281 -0.02118656
v 0.01778209 0.03999326 -0.01881612
v 0.01763011 0.04439742 -0.02215325
v -0.01613597 0.04061115 -0.00530328
v -0.02061809 0.03966705 -0.00759017
v -0.01939100 0.03992637 -0.00544499
v 0.02997806 0.03580083 0.00860213
v -0.01209133 0.04243917 -0.01510510
v -0.01632057 0.04336725 -0.01691536
v -0.01731335 0.04325567 -0.01690026
v -0.01595011 0.04254760 -0.01441266
v -0.01732394 0.04498208 -0.02112667
v -0.01852842 0.04399346 -0.01965289
v -0.01918577 0.04600360 -0.02365448
v 0.01788886 0.04355263 -0.02157616
v 0.02752619 0.03639668 0.00603174
v 0.01199029 0.04410286 -0.02087857
v -0.01785014 0.03957994 -0.00369867
v 0.04176960 0.03219792 -0.02146463
v 0.00487464 0.04172025 -0.00302649
v 0.02658712 0.03740860 0.01035883
v 0.03236742 0.03390585 -0.01016533
v 0.03408571 0.03396065 0.00956830
v 0.01995681 0.03734779 0.00162165
v -0.00727449 0.04249317 0.01161417
v 0.04429461 0.02884424 -0.02008323
v 0.02343762 0.03778529 0.01304493
v -0.01637524 0.04142322 0.01003055
v -0.01555775 0.04035441 0.01479095
v -0.01628573 0.04105664 0.01125681
v -0.01159110 0.04264386 0.01605901
v -0.01925213 0.04100997 0.01099639
v -0.02355787 0.03793362 0.01508504
v -0.00879657 0.04401449 0.01715623
v -0.01243867 0.04197110 0.01211658
v 0.04243688 0.03101777 -0.02055555
v 0.01956581 0.03777898 0.00358081
v 0.03892444 0.03035233 -0.01202346
v 0.01959169 0.03765788 0.01248609
v 0.03168221 0.03996068 -0.02196272
v 0.00810910 0.04088263 0.01692996
v 0.00468644 0.04346663 0.01575305
v 0.01670642 0.03576511 -0.00573160
v -0.01870194 0.03764106 0.01746380
v 0.00959008 0.03954913 0.01073750
v 0.00142868 0.04344641 0.01430966
v -0.01470402 0.03914352 -0.00180453
v -0.01211484 0.04077255 -0.00546227
v 0.04310798 0.03200465 -0.02243245
v 0.01092412 0.03958769 -0.00320011
v 0.03730910 0.03357031 -0.01856599
v 0.00404542 0.04275058 -0.01021576
v 0.00826312 0.04311633 0.01889752
v 0.00940916 0.04128985 0.01900214
v 0.02998177 0.03502071 -0.00012245
v 0.01193298 0.03832081 0.01559272
v 0.00747858 0.04402558 -0.01835528
v -0.02335316 0.04186212 0.00983355
v 0.00581476 0.04066601 0.00370032
v -0.00812183 0.04156336 0.00814256
v 0.02515331 0.03893062 0.01413377
v -0.00713920 0.04077232 -0.00053442
v -0.00320998 0.04291245 0.00972552
v -0.01360102 0.04126679 -0.00835561
v 0.03756594 0.03035598 -0.00508368
v 0.02889107 0.03553547 -0.00546298
v 0.01400694 0.03883715 0.00267284
v -0.01193217 0.04571749 -0.02132116
v 0.03279199 0.03453954 0.01324508
v 0.02210532 0.03594772 -0.00291202
v 0.00451825 0.04257544 0.01393405
v -0.00206799 0.04103818 -0.00101871
v -0.02152417 0.03860905 -0.00297486
v -0.00597577 0.04416373 0.01516602
v -0.00766720 0.04443848 0.01731582
v -0.01038126 0.04366577 -0.01765088
v 0.01961205 0.04221732 -0.02130436
v 0.01521971 0.04064226 -0.01821321
v 0.02824832 0.03565376 -0.00779366
v 0.03427779 0.03549672 -0.01873969
v 0.03885098 -0.01591738 0.02526015
v 0.03926866 -0.01927161 0.02320910
v -0.02983329 0.03558764 -0.01737144
v -0.03207064 0.03488402 -0.01901789
v -0.03269495 0.03290848 -0.00981852
v -0.03112311 0.03392847 -0.01306299
v -0.03369455 0.03212031 -0.00875430
v -0.02957050 0.03490021 -0.00744368
v -0.02930248 0.03515203 -0.00562703
v -0.03107733 0.03395389 -0.00279960
v -0.02832129 0.03599683 -0.00264002
v -0.02890384 0.03522992 0.00095471
v -0.02771320 0.03654732 -0.00046864
v -0.02405672 0.03753818 -0.00677271
v -0.02703636 0.03546093 -0.01046943
v -0.02384645 0.03790380 -0.00843581
v -0.02149131 0.03913326 -0.00723053
v -0.02741535 0.03729611 0.00281340
v -0.03064020 0.03370014 0.00138871
v -0.02902105 0.03452660 0.00270954
v -0.03345085 0.03161141 0.00589023
v -0.03552522 0.02964467 0.00851663
v -0.04128123 0.02539788 0.00996879
v -0.03449291 0.03098693 -0.00642244
v -0.03550044 0.03164855 -0.01581037
v -0.03199584 0.03360351 -0.00761767
v -0.02779330 0.03528864 -0.01198853
v -0.03094138 0.03428188 -0.01412993
v -0.02678795 0.03617850 -0.01402418
v -0.03416794 0.02939203 -0.00376884
v -0.03605327 0.03004533 -0.00792403
v -0.03587102 0.02655734 -0.00304881
v -0.03678586 0.02962218 -0.01205204
v -0.03801661 0.02837034 -0.00887655
v -0.03616708 0.02581777 -0.00029307
v -0.03476307 0.02868695 0.00144926
v -0.03647964 0.02687965 0.00288203
v -0.03655677 0.02564634 0.00152887
v -0.04008273 0.02738272 -0.01056623
v -0.03727699 0.02543990 -0.00411591
v -0.03921520 0.02251705 -0.00170359
v -0.03966066 0.02547859 -0.00675402
v -0.04016009 0.02294431 -0.00372211
v -0.03293351 0.03075312 0.00112971
v -0.03394386 0.03164252 -0.01250921
v -0.02876911 0.03647969 -0.01771193
v -0.03801165 0.02649034 -0.00585313
v -0.03874027 0.02727897 0.00648569
v -0.03245350 0.03553816 -0.02024439
v -0.03249642 0.03647933 -0.02134305
v -0.03567215 0.03501950 -0.02171513
v -0.03849043 0.03343276 -0.02107847
v -0.04026700 0.03029876 -0.01789449
v -0.04132146 0.03245230 -0.02270969
v -0.04168948 0.02859847 -0.01540057
v -0.03986785 0.02874519 -0.01341188
v -0.03746068 0.02983982 -0.01352658
v -0.03502792 0.03549490 -0.02190923
v -0.04036993 0.03131951 -0.02034174
v -0.03820000 0.03207627 -0.01896982
v -0.03658233 0.03492954 -0.02191199
v -0.03982391 0.03527394 -0.02392266
v -0.02524896 0.03739566 -0.00462530
v -0.04195520 0.02466813 -0.00745606
v -0.04133754 0.02585272 -0.00919339
v -0.04376986 0.02552512 -0.01143490
v -0.02475123 0.04033622 0.00461240
v -0.02474900 0.04098356 0.00716317
v -0.02480244 0.04041536 0.01072255
v -0.03460728 0.03263962 -0.01707450
v -0.05159317 0.02801159 -0.02630649
v -0.04448994 0.02875208 -0.02149390
v -0.04238753 0.03181945 -0.02308541
v -0.04275876 0.02853495 -0.01854184
v -0.04100900 0.03321177 -0.02310784
v -0.04252141 0.02675656 -0.01238491
v -0.03323837 0.03154349 -0.00342648
v -0.02348743 0.03862908 -0.01197324
v -0.01966717 0.04176435 -0.01344465
v -0.02821649 0.03661919 0.01237430
v -0.02541933 0.03766821 0.01392458
v -0.03825873 0.03131479 -0.01763886
v -0.03906746 0.02254033 0.00252277
v -0.03841432 0.02514649 0.00428454
v -0.04022826 0.02318539 0.00520605
v -0.04045469 0.02007494 0.00105781
v -0.04128349 0.02006891 0.00177854
v -0.03438401 0.03392202 -0.01941821
v -0.03141342 0.03292211 -0.00044931
v -0.03827029 0.02358237 -0.00195904
v -0.03868032 0.02270758 0.00203427
v -0.02940368 0.03398194 0.00363301
v -0.02828046 0.03372248 0.00710905
v -0.03236446 0.03308313 0.01062278
v -0.03254463 0.03248802 0.00896646
v -0.03031023 0.03576202 0.01295440
v -0.02834270 0.03589626 0.01060913
v -0.03174039 0.03382557 0.01352318
v -0.03203728 0.03215025 0.00766398
v -0.02497121 0.03731390 -0.01439203
v -0.03499718 0.02948336 0.00432107
v -0.03315180 0.03051981 -0.00159988
v -0.03252976 0.04049503 -0.02431563
v -0.02772181 0.03824115 0.00679941
v -0.02888327 0.03581917 0.00800779
v -0.03383399 0.03077214 0.01411559
v -0.03695958 0.02776217 0.00447576
v 0.05600301 -0.01055693 0.01551866
v 0.05713316 -0.01475987 0.01315094
v 0.05570465 -0.00985714 0.01294831
v 0.05673579 -0.01496408 0.01478534
v 0.05682304 -0.01536937 0.01593769
v 0.05653326 -0.01960393 0.01272569
v 0.05670594 -0.01524457 0.01796437
v 0.05600443 -0.01686635 0.01827739
v 0.05571595 -0.01976129 0.01509250
v 0.05691695 -0.01996979 0.01039638
v 0.05645822 -0.02323586 0.00497721
v 0.05687133 -0.02223755 0.00533505
v 0.05710346 -0.01976681 0.00664039
v 0.05749183 -0.02043983 0.00405638
v 0.05731614 -0.01736828 0.00813611
v 0.05409728 -0.02579429 0.00711923
v 0.05536957 -0.02414493 0.00797877
v 0.05501092 -0.02379017 0.01253743
v 0.05576112 -0.02333385 0.00958647
v 0.05601522 -0.02223916 0.01169744
v 0.05345818 -0.02610685 0.00862992
v 0.05445856 -0.02346660 0.01567802
v 0.05308767 -0.02547188 0.01654019
v 0.05197336 -0.02681213 0.01513867
v 0.05183184 -0.02724659 0.01319017
v 0.05244663 -0.02665819 0.01299190
v 0.05359939 -0.02566499 0.01057650
v 0.05388128 -0.02447131 0.01654217
v 0.05156434 -0.02695803 0.01754696
v 0.05342981 -0.02670186 0.01938753
v 0.05725834 -0.01281069 0.00977599
v 0.05728454 -0.01280007 0.00890921
v 0.05700109 -0.01315100 0.00728347
v 0.05700040 -0.00769360 0.00562401
v 0.05708284 -0.00549565 0.00482590
v 0.05702112 -0.01391153 0.00538268
v 0.05744150 -0.01668389 0.00419443
v 0.05689361 -0.02288800 0.00255248
v 0.05724186 -0.01063383 0.01020017
v 0.05697683 -0.01345012 0.00343591
v 0.05698709 -0.01380121 0.00599536
v 0.05506496 -0.02461819 0.00400267
v 0.05444199 -0.02501063 0.01870311
v 0.05583734 -0.01694843 0.01852994
v 0.05805252 -0.01618665 0.02014285
v 0.05812211 -0.01565243 0.01975618
v 0.05958564 -0.00977908 0.02077067
v 0.05479592 -0.02488055 0.00396573
v 0.05479021 -0.02557292 0.00010455
v 0.05652300 -0.02426139 -0.00214946
v 0.05423852 -0.02616268 -0.00160230
v 0.05449046 -0.02605197 -0.00389338
v 0.05505742 -0.02544069 -0.00660583
v 0.05586907 -0.02473676 -0.00575561
v 0.05605332 -0.02360946 -0.00873054
v 0.05246194 -0.02628034 -0.00972587
v 0.05558285 -0.02344055 -0.01034645
v 0.05570595 -0.02237388 -0.01300544
v 0.05527379 -0.02283796 -0.01426410
v 0.05663613 -0.01745741 -0.01454241
v 0.05338830 -0.02457892 -0.01375762
v 0.05728047 -0.01518854 -0.01544146
v 0.05581851 -0.01104838 -0.01207983
v 0.05727303 -0.01328289 -0.01566064
v 0.05561735 -0.00800567 -0.01250490
v 0.05529636 -0.00542417 -0.01417181
v 0.05635658 -0.00473380 -0.01675650
v 0.05840434 -0.00832429 -0.01845325
v 0.05730354 -0.00901859 -0.01640308
v 0.05893571 -0.00981155 -0.01896403
v 0.05600862 -0.00466328 -0.00902994
v 0.05615497 -0.01310165 -0.01155755
v 0.05772099 -0.01979079 -0.00616321
v 0.05782368 -0.01740788 -0.01748715
v 0.05739569 -0.01805771 -0.01022913
v 0.05737352 -0.01846089 -0.00998315
v 0.05755315 -0.01914109 -0.00760045
v 0.05660877 -0.02190709 -0.00927627
v 0.05726317 -0.01040164 -0.00645429
v 0.05718277 -0.01480019 -0.00893387
v 0.05650451 -0.00609855 -0.00344227
v 0.05728163 -0.00992090 -0.00306983
v 0.05668808 -0.00731573 -0.00074963
v 0.05614607 -0.00345093 -0.00123970
v 0.05694851 -0.00814883 0.00004484
v 0.05692598 -0.00914839 0.00145829
v 0.05759425 -0.01416666 -0.00608514
v 0.05780632 -0.01643913 -0.00396847
v 0.05780024 -0.01972267 -0.00485707
v 0.05675429 -0.01083596 0.00228164
v 0.05736518 -0.02181617 -0.00106445
v 0.05439384 -0.00055784 0.00158402
v 0.05419419 -0.00044015 -0.00022001
v 0.05447140 -0.00120704 -0.00258024
v 0.05306768 0.00335819 -0.00229237
v 0.05395780 0.00234232 -0.00489407
v 0.05404544 0.00435177 -0.00743653
v 0.05442459 0.00498780 -0.00933031
v 0.05349661 0.00964026 -0.00723064
v 0.05457065 0.00829830 -0.01355728
v 0.05295389 0.01214015 -0.01103863
v 0.05268833 0.01284070 -0.01217729
v 0.05139867 0.01579601 -0.00670127
v 0.05116764 0.01615761 -0.00849641
v 0.05314597 0.01150882 -0.00742037
v 0.05226046 0.01328349 -0.00515330
v 0.05323723 0.01105826 -0.00917556
v 0.05126759 0.01495292 -0.00257634
v 0.05007356 0.01775430 -0.00356070
v 0.04983542 0.01745851 -0.00109070
v 0.04797839 0.02064478 -0.00317460
v 0.04850686 0.02051899 -0.00540004
v 0.04733211 0.02206830 -0.00562054
v 0.04528765 0.02447668 -0.01052635
v 0.04912408 0.01968649 -0.00938833
v 0.04900234 0.02009151 -0.01351669
v 0.04999898 0.01766588 -0.01260163
v 0.04853480 0.02137871 -0.01574846
v 0.05060489 0.01916721 -0.01753585
v 0.04989788 0.02178623 -0.02044032
v 0.05124536 0.01571007 -0.01040746
v 0.05118269 0.01583704 -0.01330770
v 0.05055879 0.02159117 -0.02129254
v 0.04824935 0.02105276 -0.01161402
v 0.04759860 0.02390731 -0.01904046
v 0.04883737 0.02037856 -0.01339483
v 0.04824614 0.02287041 -0.01833248
v 0.04845992 0.02157238 -0.01593824
v 0.04964466 0.01764362 -0.00068168
v 0.05016830 0.01775283 -0.00677018
v 0.04572012 0.02341266 -0.00123078
v 0.04341716 0.02571505 -0.00215447
v 0.04533683 0.02430777 -0.00814951
v 0.04100623 0.02784740 -0.00666916
v 0.04199061 0.02724895 -0.00867144
v 0.04502222 0.02415740 -0.00062972
v 0.04565463 0.02314322 0.00309176
v 0.04294893 0.02627002 0.00349292
v 0.04256063 0.02628805 0.00839135
v 0.04305822 0.02576820 0.00820081
v 0.04065909 0.02879631 0.00646031
v 0.03975526 0.02853655 0.01562292
v 0.04081630 0.02820217 0.01130254
v 0.03487207 0.03355226 0.01557095
v 0.03769087 0.03186657 0.00928227
v 0.03840277 0.03103839 0.01843448
v 0.03951987 0.03240901 0.02049543
v 0.04936242 0.01919455 -0.00501761
v 0.05255302 0.01539716 -0.01667837
v 0.05319726 0.01481361 -0.01824957
v 0.05200523 0.01812384 -0.01955616
v 0.05282857 0.01440801 -0.01585248
v 0.05449598 0.01253171 -0.01820887
v 0.04829681 0.02437461 -0.02080138
v 0.05308203 0.01747565 -0.02124952
v 0.05317761 0.01333333 -0.01555675
v 0.05482924 0.00393214 -0.01214157
v 0.05348432 0.00683191 -0.00633359
v 0.05204805 0.00855029 -0.00234760
v 0.05282018 0.00272475 -0.00095213
v 0.05467702 -0.00201100 -0.00398804
v 0.05612796 -0.00419963 -0.00337163
v 0.05608593 -0.00414823 -0.00352754
v 0.05489361 -0.00208456 -0.00477131
v 0.05643133 -0.00682481 -0.00743090
v 0.05372964 -0.02451133 -0.01250289
v 0.05662289 -0.01938455 -0.01262691
v 0.05594671 -0.00007876 -0.01706321
v 0.05594657 0.00265180 -0.01773282
v 0.05547200 -0.00043923 -0.01456817
v 0.05505644 -0.00033211 -0.01302819
v 0.05497140 0.00572101 -0.01284407
v 0.04555397 0.02416492 -0.00440305
v 0.05355238 0.00570813 -0.00590185
v 0.04176207 0.02731750 -0.00038309
v 0.04027334 0.02874932 0.00115577
v 0.03947578 0.02937752 -0.00006106
v 0.03945060 0.02919793 -0.00237472
v 0.03706796 0.03186046 0.01507400
v 0.04213272 0.02525206 0.01245404
v 0.04472487 0.02080124 0.01343864
v 0.04510153 0.01786724 0.01437430
v 0.04407110 0.02128335 0.01627574
v 0.04379409 0.01335264 0.02261862
v 0.04532011 0.02102770 0.01176261
v 0.04478628 0.02316305 0.00903211
v 0.04727828 0.01780998 0.01089379
v 0.04803068 0.01741068 0.00414580
v 0.04633974 0.02220962 0.00452861
v 0.04671242 0.01833474 0.01203245
v 0.04521668 0.01879291 0.01403735
v 0.04265457 0.02236231 0.01765001
v 0.04386576 0.02552490 -0.00510278
v 0.04390761 0.02758014 -0.01769317
v 0.04378908 0.02664001 -0.01366652
v 0.04259945 0.02744178 -0.01239163
v 0.04092559 0.02963351 -0.01537461
v 0.04480085 0.02494818 -0.01016959
v 0.04055766 0.02827056 -0.00368452
v 0.04514507 0.02769718 -0.01983698
v 0.05568603 0.00610525 -0.01855246
v 0.05723341 -0.01500500 0.00130544
v 0.05464464 0.01164098 -0.01711609
v 0.05492663 0.01450771 -0.02171265
v 0.05559861 0.00792876 -0.01929538
v 0.05591452 0.00615038 -0.01927271
v 0.04843698 0.01577144 0.01034542
v 0.04650468 0.02498889 -0.01868981
v 0.05374411 -0.02530517 0.01254432
v 0.04689960 0.02346811 -0.01627470
v 0.04598451 0.02279914 0.00498780
v 0.03981283 0.02978957 0.00803063
v 0.04870211 0.01534479 0.01054366
v 0.05428805 0.01491720 -0.02076748
v 0.04766645 0.01970094 0.00087815
v 0.04928478 0.01647793 0.00224654
v 0.04920482 0.01485910 0.00406094
v 0.05096126 0.01112042 0.00442428
v 0.05131147 0.01111211 0.00732253
v 0.05170548 0.00797888 0.00365078
v 0.05137406 0.01008899 0.00982767
v 0.05225453 0.00418703 0.00169196
v 0.05236210 0.00322415 0.00309635
v 0.05195293 0.00543312 0.00381871
v 0.05221864 0.00545788 0.00649764
v 0.05285321 0.00183905 0.00384161
v 0.05313718 0.00130021 0.00614147
v 0.05454233 -0.00173850 0.00607725
v 0.05639128 -0.00378192 0.00387678
v 0.05477911 -0.00300394 0.00872330
v 0.05555916 -0.00477206 0.00922043
v 0.05415570 -0.00402108 0.01138494
v 0.05425252 -0.00094184 0.00819716
v 0.05579171 -0.00237319 0.00076027
v 0.05032752 0.01207174 0.00301044
v 0.04901132 0.01500003 0.00672531
v 0.04922119 0.01966278 -0.00756204
v 0.05573854 -0.02154321 0.01348808
v 0.05505864 -0.00249113 -0.01135278
v 0.05082129 0.01269737 0.00008981
v 0.05160012 0.00913405 -0.00053796
v 0.05421924 0.00105160 -0.00539489
v 0.05545411 -0.00228568 -0.00828158
v 0.05175104 0.01274344 -0.00250706
v 0.05784546 -0.00619258 0.01926711
v 0.05785368 -0.00549672 0.01964856
v 0.04945151 -0.02790107 -0.01547913
v 0.05152827 0.01521522 -0.00413042
v 0.05770412 -0.02013068 -0.00186937
v 0.05675974 -0.00596619 0.00638145
v 0.05226976 0.00615135 0.00959432
v 0.05288034 0.00148588 0.00905602
v 0.05244878 0.00178244 0.01054142
v 0.05104493 0.00223960 0.01231962
v 0.05185965 0.00035200 0.01201838
v 0.05101485 0.00085038 0.01444139
v 0.05039637 -0.02711801 -0.01379348
v 0.05698502 -0.00818948 0.00640881
v 0.05029005 0.01341585 0.00882325
v 0.04132112 0.02811821 -0.01088089
v 0.05548919 -0.02023001 0.01682362
v 0.05615890 -0.00234020 -0.01685994
v 0.05607222 -0.00674542 0.01009669
v 0.05758669 -0.02118108 0.00194447
v 0.04094516 0.02597686 0.01826843
v 0.05237966 -0.00184975 0.01244154
v 0.05170648 -0.00233059 0.01499637
v 0.05764709 -0.01275384 -0.01688545
v 0.05873210 -0.01340627 -0.01849272
v 0.05706105 -0.01400015 0.00739186
v 0.05129373 -0.02672681 -0.01117521
v 0.05769529 -0.01616460 0.01032543
v 0.05683128 -0.00888776 0.01069466
v 0.05189404 0.00729758 0.00025432
v 0.05482508 0.00962753 -0.01499380
v 0.05324862 0.01101643 -0.01085904
v 0.04802897 0.01667175 0.00812654
v 0.05082604 0.01618343 -0.01262641
v 0.04982490 0.01658248 0.00095730
v 0.05787046 -0.01199949 0.01703177
v 0.05259284 0.00237552 0.00308292
v 0.05666536 -0.01592736 -0.01141653
v 0.05759054 -0.01632743 0.01224850
v 0.05850552 -0.01063817 0.01893666
v 0.05503221 0.00820361 -0.01493921
v 0.05469426 0.00253023 -0.01194955
v 0.05025960 0.04927778 0.01771140
v 0.05059903 0.04721166 0.01908799
v 0.05050123 0.04858995 0.01815338
v 0.05266089 0.04854711 0.01637765
v 0.05444997 0.04670695 0.01646380
v 0.05405196 0.04465930 0.01850338
v 0.05716872 0.04119772 0.01872378
v 0.05912558 0.04123695 0.01648239
v 0.05889512 0.03911607 0.01822026
v 0.05677312 0.03920252 0.01982095
v 0.05919435 0.03897038 0.01802968
v 0.05791031 0.03601802 0.02029134
v 0.05924789 0.03312958 0.02050907
v 0.05768126 0.03250613 0.02141626
v 0.05807322 0.04384079 0.01491623
v 0.05903599 0.04241694 0.01514631
v 0.05638808 0.04391823 0.01711648
v 0.04359689 0.05259786 0.01850750
v 0.03948626 0.05324561 0.01969473
v 0.04423821 0.05322027 0.01776758
v 0.04657875 0.04923645 0.01958715
v 0.04772857 0.05274350 0.01641993
v 0.06109416 0.03859095 0.01600105
v 0.03914649 0.05056496 0.02115780
v 0.03922225 0.04716942 0.02234406
v 0.03649305 0.04554457 0.02280396
v 0.03548389 0.04757878 0.02268542
v 0.03652546 0.05317052 0.02047227
v 0.03397902 0.04885238 0.02266628
v 0.02623117 0.05218404 0.02225126
v 0.02249097 0.04931070 0.02138889
v 0.03134555 0.04555960 0.02210565
v 0.03081749 0.05101739 0.02230246
v 0.03030696 0.05235561 0.02191535
v 0.02743934 0.04669111 0.02159462
v 0.04456549 0.03866647 0.02404541
v 0.04588312 0.04183032 0.02319587
v 0.02131149 0.05083391 0.02184148
v 0.02620129 0.05692841 0.02084762
v 0.02841280 0.05695687 0.02046588
v 0.02949419 0.05766277 0.01989905
v 0.03205458 0.06014686 0.01749809
v 0.03238270 0.05691705 0.01969032
v 0.02675656 0.05883055 0.01984344
v 0.03494445 0.06166377 0.01406747
v 0.03004493 0.06195259 0.01597742
v 0.02494868 0.06450688 0.01443974
v 0.02782395 0.06214450 0.01667497
v 0.02189983 0.06422720 0.01624138
v 0.02210233 0.06396288 0.01658015
v 0.01726656 0.06471569 0.01735216
v 0.02339979 0.06242253 0.01805844
v 0.01677758 0.06598385 0.01587482
v 0.01612156 0.06241126 0.01955910
v 0.01638872 0.06061175 0.02035024
v 0.02306251 0.06058502 0.01940203
v 0.01826007 0.06178281 0.01953761
v 0.01859098 0.05278802 0.02196156
v 0.02023223 0.05250832 0.02203919
v 0.01584442 0.04930638 0.02072804
v 0.01384882 0.05100954 0.02137809
v 0.01646033 0.05360311 0.02198879
v 0.01741317 0.05733548 0.02122785
v 0.00703970 0.05423239 0.02221773
v 0.00828196 0.06026231 0.02059008
v 0.00605157 0.06078571 0.02036902
v 0.00965762 0.06217269 0.01965287
v 0.00340204 0.05841007 0.02142941
v -0.00074209 0.05934080 0.02114839
v 0.00417062 0.06372379 0.01857891
v 0.00276021 0.06456072 0.01771245
v 0.00345077 0.06532064 0.01711044
v 0.00369588 0.06693209 0.01516490
v -0.00030521 0.06744912 0.01367600
v -0.00042690 0.05692754 0.02202525
v -0.00230014 0.05559632 0.02218652
v 0.00454520 0.05213635 0.02198842
v -0.00238009 0.05107531 0.02219013
v 0.01193158 0.06095098 0.02022789
v -0.00369088 0.05941040 0.02121012
v -0.00347302 0.06694894 0.01338971
v -0.00651346 0.06702272 0.01350724
v -0.00558162 0.06592809 0.01557679
v -0.01163524 0.06351772 0.01941655
v -0.01237410 0.06251991 0.02025053
v -0.01007370 0.06271147 0.02004597
v -0.01827777 0.06305624 0.01859999
v -0.02040777 0.06157896 0.01970528
v -0.01200577 0.05405932 0.02174166
v -0.00862278 0.05923966 0.02188766
v -0.01130594 0.05159217 0.02180044
v -0.02191368 0.05534306 0.02119719
v -0.02144868 0.04898670 0.02174611
v -0.02737963 0.04878069 0.02196189
v -0.02547847 0.04610782 0.02176509
v -0.00375460 0.06233587 0.01923655
v -0.01347025 0.06514542 0.01725128
v -0.01071100 0.06012064 0.02141910
v -0.00582461 0.06162656 0.02020655
v -0.02473788 0.06294426 0.01692257
v 0.00649274 0.05142738 0.02185989
v 0.02635335 0.06056770 0.01867794
v -0.02131934 0.06457408 0.01562777
v 0.01548478 0.06401738 0.01842382
v -0.02357504 0.05743195 0.02072349
v -0.02432157 0.05993520 0.02000187
v -0.03045560 0.05499533 0.02145968
v 0.01247833 0.05252938 0.02207757
v -0.01892168 0.06078655 0.02033506
v -0.01716168 0.04740937 0.02173886
v -0.02069775 0.04729147 0.02175450
v 0.03294887 0.06312602 0.01197284
v 0.06045082 0.03446462 0.01922583
v 0.05221670 0.04931754 0.01589099
v 0.03591778 0.05839901 0.01698606
v 0.03802724 0.05688583 0.01753984
v 0.03959339 0.05818871 0.01543628
v 0.04055155 0.05936387 0.01288367
v 0.05004615 0.04209999 0.02160069
v 0.03754073 0.05320566 0.02024503
v -0.01972690 0.06084871 0.02023981
v 0.05099717 0.03971740 0.02202166
v 0.05458321 0.03982576 0.02058677
v 0.05335266 0.03605627 0.02209565
v 0.06362579 0.03050173 0.01898879
v 0.06106860 0.03130464 0.02019319
v 0.06131172 0.02760617 0.02103230
v 0.06303937 0.02847975 0.02011093
v 0.06288832 0.02495272 0.02132722
v 0.06541820 0.02835624 0.01826991
v 0.06519011 0.02524625 0.01968547
v 0.06674774 0.02550944 0.01819096
v 0.06799476 0.02410509 0.01770677
v 0.06712075 0.02149394 0.01962941
v 0.06810101 0.02165643 0.01864085
v 0.06907727 0.01682268 0.01902633
v 0.07131554 0.01587341 0.01788360
v 0.06946989 0.01389145 0.01979889
v 0.07110389 0.01103799 0.02020413
v 0.06734972 0.01573711 0.02147018
v 0.06924612 0.01887783 0.01837641
v 0.06372633 0.02364638 0.02142788
v 0.06507668 0.02903388 0.01838891
v 0.05928444 0.02762049 0.02184608
v -0.02850674 0.06056139 0.01881961
v -0.02994828 0.05972308 0.01906888
v -0.03037794 0.06024279 0.01853771
v -0.03390156 0.05875833 0.01913549
v -0.03775027 0.05764107 0.01810045
v -0.04005215 0.05753503 0.01657071
v -0.04218756 0.05545461 0.01718947
v -0.04286243 0.05710031 0.01392614
v -0.04217670 0.05370680 0.01978404
v -0.03555335 0.05775784 0.01963955
v -0.03386459 0.05798315 0.01980572
v -0.03405016 0.05979002 0.01735530
v -0.03847917 0.05477415 0.02073125
v -0.04112802 0.05056815 0.02227449
v -0.04629227 0.04811880 0.02089284
v -0.04284796 0.04719482 0.02236665
v -0.04575225 0.04327635 0.02288902
v -0.03925905 0.04359297 0.02236487
v -0.02580821 0.04012320 0.02192452
v -0.03446149 0.04404834 0.02176789
v -0.03598204 0.05002211 0.02265144
v -0.03101087 0.04863481 0.02211729
v -0.04906911 0.04422259 0.02170053
v -0.04937359 0.04162029 0.02201577
v -0.05095173 0.03767406 0.02214101
v -0.05214241 0.04351163 0.02042788
v -0.04952269 0.04647676 0.01993189
v -0.05403031 0.04463742 0.01836914
v -0.05546813 0.04124543 0.01946968
v -0.06138880 0.03259072 0.02025059
v -0.05827354 0.03283539 0.02123334
v -0.06275173 0.02877043 0.02099878
v -0.06385220 0.02617362 0.02139634
v -0.06752521 0.02885354 0.01745159
v -0.06847368 0.02395081 0.01874714
v -0.06587838 0.02136435 0.02154584
v -0.06420386 0.01856299 0.02223489
v -0.06298505 0.02242214 0.02199409
v -0.06038608 0.01992866 0.02205865
v -0.05656791 0.01857277 0.02092314
v -0.05545099 0.01793339 0.02033659
v -0.05466298 0.02282033 0.02126173
v -0.06285814 0.01663361 0.02222780
v -0.06646784 0.03065565 0.01754771
v -0.06529098 0.02835039 0.01960783
v -0.05511339 0.03532792 0.02149258
v -0.05749830 0.03846086 0.01987797
v -0.05964681 0.04323443 0.01431240
v -0.05664633 0.04605875 0.01423996
v -0.05492976 0.04756036 0.01457466
v -0.05546258 0.04748827 0.01374255
v -0.05553583 0.04799469 0.01175304
v -0.05648964 0.04366095 0.01703312
v -0.05236213 0.04021041 0.02149922
v -0.06243046 0.03373467 0.01930626
v -0.05307059 0.01505159 0.01843150
v -0.06094508 0.03964523 0.01649734
v -0.02490728 0.05256473 0.02147374
v -0.01636996 0.04330917 0.02169046
v 0.04166883 0.05916869 0.01192992
v -0.00734712 0.05400385 0.02214634
v 0.06283338 0.03467289 0.01706153
v 0.06291190 0.03475949 0.01687448
v 0.04397018 0.05598937 0.01469412
v 0.04864393 0.04730654 0.01977780
v 0.05263621 0.05036973 0.01351584
v -0.00657250 0.05650847 0.02225144
v -0.04156142 0.04148268 0.02233091
v -0.04358639 0.03421099 0.01993484
v -0.04970179 0.03277871 0.02142972
v -0.05402258 0.03249641 0.02189259
v -0.05509227 0.03116705 0.02188179
v -0.04942845 0.02560406 0.01928046
v -0.04865370 0.02895241 0.01993314
v -0.04559085 0.02834071 0.01802636
v -0.04609503 0.03079984 0.01942023
v -0.05620270 0.02660721 0.02192302
v -0.05251312 0.02845832 0.02128828
v -0.04186516 0.03771634 0.02106691
v 0.01246741 0.06342655 0.01901777
v -0.06239289 0.03691374 0.01735967
v 0.05645044 0.04463925 0.01617097
v 0.05568528 0.03000966 0.02278752
v 0.05298673 0.04315440 0.01998562
v 0.05646729 0.03344757 0.02171796
v -0.04610836 0.05117499 0.01882626
v -0.04602881 0.05434359 0.01563372
v -0.04914267 0.05065503 0.01660341
v -0.04687906 0.05453207 0.01362250
v -0.04849029 0.05358801 0.01307184
v -0.05101689 0.05040265 0.01473799
v -0.05006524 0.04890265 0.01759503
v -0.04464550 0.05341733 0.01779662
v 0.02207524 0.06545950 0.01405969
v -0.06101302 0.02635163 0.02207723
v -0.02350291 0.04759300 0.02186264
v -0.04715563 0.05038511 0.01852825
v 0.04198417 0.05634051 0.01584031
v -0.00402523 0.04991437 0.02190935
v -0.00469523 0.05337494 0.02218494
v -0.00853895 0.04886870 0.02151066
v -0.05257932 0.05019729 0.01261147
v -0.05190165 0.04664092 0.01832329
v -0.05331178 0.04807949 0.01557007
v -0.05684513 0.01338366 0.02068588
v -0.06153777 0.00977418 0.02259076
v -0.06234016 0.00607303 0.02305183
v -0.06635004 0.00376386 0.02348697
v -0.06749921 0.00629893 0.02332104
v -0.06636713 0.00894603 0.02306163
v -0.06656673 0.01216432 0.02260735
v -0.06094917 0.01635986 0.02200410
v -0.06305814 0.00748427 0.02326210
v -0.06058761 0.00604624 0.02223841
v -0.05860010 0.01350315 0.02146527
v -0.05615625 0.01031191 0.01963096
v -0.02969268 0.05721938 0.02074599
v 0.01333389 0.06581425 0.01681936
v 0.01005221 0.06735702 0.01463533
v 0.00649805 0.06586687 0.01684427
v 0.01176578 0.06586070 0.01670265
v 0.01292356 0.06762213 0.01300554
v 0.04734446 0.05481797 0.01266065
v 0.04838293 0.05310435 0.01507270
v -0.00831571 0.05034083 0.02192421
v 0.03291952 0.05794992 0.01877994
v -0.04432707 0.05105790 0.02042997
v -0.02877165 0.06017623 0.01909802
v 0.03177770 0.05485273 0.02073762
v -0.07022622 0.00178993 0.02275999
v 0.06468503 0.01968204 0.02169475
v -0.06795338 0.01710270 0.02185568
v -0.06526584 0.03382687 0.01693019
v 0.05414581 0.03161753 0.02290356
v -0.06560869 0.00063167 0.02333089
v -0.06832257 -0.00221622 0.02353046
v -0.06594957 -0.00646936 0.02387664
v -0.06760053 -0.01458013 0.02503564
v -0.06941107 -0.01498265 0.02495802
v -0.06486652 -0.00786978 0.02398113
v 0.01994813 0.05880075 0.02063915
v -0.06525824 0.02391616 0.02111692
v -0.06073019 0.03742184 0.01829463
v 0.03237733 0.06338359 0.01166658
v 0.04517516 0.04788924 0.02057671
v -0.02249244 0.05490069 0.02121040
v -0.06002771 0.00758448 0.02208166
v -0.03543829 0.04857876 0.02262771
v -0.05717474 0.03088489 0.02177386
v -0.04774502 0.03790989 0.02227260
v -0.04841589 0.03533171 0.02180831
v -0.03076575 0.04306497 0.02092932
v -0.03231413 0.05223428 0.02196619
v -0.01568650 0.04540941 0.02144564
v 0.00464861 0.05702687 0.02207505
v -0.01527577 0.05655948 0.02138986
v 0.06213658 0.03589558 0.01692109
v -0.04882882 0.03743922 0.02228127
v -0.06056909 0.00293292 0.02164810
v 0.04324463 0.05801624 0.01191425
v 0.05746020 0.02875391 0.02243075
v -0.05055352 0.02460587 0.01955716
v 0.04269674 0.04513013 0.02265953
v -0.05865546 0.03811288 0.01916317
v -0.02269168 0.04544771 0.02183755
v -0.06960510 -0.01819845 0.02521619
v -0.05904217 0.01841432 0.02151665
v 0.03581477 0.05390792 0.02015651
v 0.04625680 0.03652203 0.02424701
v 0.05077952 0.04582728 0.01975035
v -0.01707889 0.06300212 0.01917458
v 0.04877241 0.04221312 0.02205944
v 0.00509518 0.06209537 0.01977118
v -0.02826519 0.04192470 0.02124414
v 0.01045240 0.05007109 0.02077126
v 0.07295887 0.00875611 0.01903705
v -0.04702809 0.04543619 0.02186545
v 0.04699046 0.04538213 0.02106460
v -0.05019737 0.02921636 0.02072700
v -0.03932844 0.04814236 0.02264633
v -0.06906821 0.01570117 0.02143446
v -0.02150068 0.04145417 0.02264335
v 0.05521834 0.03552739 0.02153402
v -0.03213181 0.05705846 0.02087267
v -0.02001002 0.03980180 0.02282443
v 0.04923655 0.05220718 0.01559933
v 0.05482282 0.04139713 0.01989022
v -0.05799835 0.02474895 0.02189299
v -0.00389023 0.05804522 0.02174406
v -0.00241619 0.06500707 0.01668782
v 0.02079471 0.03906632 0.01851344
v 0.01592043 0.03930898 0.01936411
v 0.02054933 0.04151977 0.01804740
v 0.02131619 0.04283397 0.01781200
v 0.02406186 0.04146192 0.01769631
v 0.02624434 0.04174206 0.01795438
v 0.02889895 0.04423139 0.02069979
v 0.02885788 0.04130027 0.01851863
v 0.03262951 0.04108544 0.01995827
v 0.02416484 0.04514090 0.01962420
v 0.02262660 0.04725802 0.02063515
v 0.01922099 0.04788874 0.02005152
v 0.02256765 0.04489570 0.01918582
v 0.00652766 0.04912331 0.02099395
v 0.00225198 0.04811819 0.02036265
v -0.00219070 0.04816362 0.02072290
v -0.00486464 0.04768194 0.02016292
v -0.01150344 0.04555446 0.02034286
v 0.01513602 0.04678669 0.02006501
v 0.02494886 0.04243076 0.01824285
v 0.01074587 0.04362076 0.02009273
v 0.00671010 0.04621064 0.01957222
v 0.01321466 0.04157639 0.02090960
v 0.01971193 0.04146773 0.01856344
v 0.01658912 0.04396250 0.01979604
v 0.02538434 0.03959491 0.01494361
v 0.01932707 0.04562219 0.01905494
v 0.04341250 -0.01600069 0.02776766
v 0.04111009 -0.00941256 0.02480845
v 0.04678645 -0.00551565 0.02312985
v 0.04660442 -0.00154489 0.02273611
v 0.04943319 -0.00936948 0.02116198
v 0.04513406 -0.00986936 0.02322367
v 0.05565058 -0.00214341 0.02005109
v 0.05380242 -0.00201385 0.02010301
v 0.05202446 0.00090395 0.01907946
v 0.05066751 -0.00095911 0.01978069
v 0.04969083 0.00191460 0.01998359
v 0.04915517 0.00408851 0.01994598
v 0.05077460 0.00741453 0.02011838
v 0.05273538 0.00397524 0.01945261
v 0.05321533 0.00398972 0.01960756
v 0.05455874 0.00208028 0.01981827
v 0.05780223 0.00259772 0.02128018
v 0.05786053 -0.00160060 0.02016321
v 0.06181377 0.00207964 0.02299337
v 0.06424929 0.00057238 0.02354846
v 0.06164576 -0.00107505 0.02261630
v 0.05994174 -0.00185915 0.02152525
v 0.06084078 -0.00321166 0.02194662
v 0.06110509 -0.00468717 0.02205151
v 0.06255414 -0.00660594 0.02280372
v 0.06624843 -0.00526164 0.02428293
v 0.06431406 -0.00873372 0.02371913
v 0.06948289 -0.00845685 0.02384627
v 0.07013530 -0.00471964 0.02292291
v 0.07049435 -0.00294318 0.02229894
v 0.07018699 -0.00856490 0.02336860
v 0.06999741 -0.00074909 0.02230881
v 0.06974345 0.00211021 0.02227448
v 0.07055454 0.00204229 0.02154643
v 0.06985393 0.00492467 0.02212062
v 0.07294785 0.00402800 0.01888722
v 0.06979545 0.00788702 0.02163966
v 0.06765733 0.00900756 0.02306276
v 0.06590953 0.00748098 0.02381443
v 0.06393255 0.00714885 0.02404927
v 0.06683801 0.00582691 0.02371833
v 0.06494310 0.00947067 0.02403279
v 0.06237132 0.00854306 0.02371039
v 0.06651933 0.01182313 0.02326438
v 0.06372115 0.01369412 0.02322764
v 0.06091849 0.02354986 0.02239287
v 0.05767485 0.02147227 0.02295798
v 0.05940304 0.02012294 0.02282208
v 0.06155214 0.01997816 0.02279547
v 0.05981130 0.01233787 0.02348914
v 0.05974824 0.01132072 0.02344086
v 0.06038749 0.00515408 0.02273970
v 0.05895508 0.00545797 0.02235735
v 0.05562286 0.01086793 0.02164659
v 0.05567845 0.00874876 0.02166353
v 0.05325819 0.01294686 0.02141541
v 0.05358536 0.01205118 0.02142069
v 0.05156194 0.01046118 0.02073873
v 0.05162870 0.00824156 0.02053137
v 0.05189756 0.01262401 0.02101958
v 0.04971937 0.01450756 0.02062331
v 0.04726225 0.01497582 0.02074601
v 0.04835012 0.01098307 0.02117019
v 0.04580048 0.00876328 0.02200961
v 0.04827629 0.00733225 0.02084734
v 0.04560888 0.01156128 0.02251090
v 0.04475388 0.00449094 0.02255977
v 0.04283075 0.01510244 0.02120954
v 0.04675876 0.02112493 0.02070927
v 0.04686171 0.01892910 0.02065213
v 0.04259431 0.02152487 0.01931409
v 0.04552785 0.02316007 0.02094751
v 0.04300774 0.01891204 0.02047627
v 0.04941725 0.02076795 0.02071393
v 0.04930913 0.02512821 0.02185644
v 0.05157145 0.02094735 0.02130688
v 0.05458545 0.02242731 0.02241550
v 0.05245628 0.02462961 0.02233652
v 0.05654001 0.02539096 0.02308998
v 0.05647850 0.02777312 0.02294260
v 0.05378158 0.02866214 0.02315685
v 0.04995899 0.02608573 0.02217978
v 0.04931202 0.02978274 0.02305363
v 0.04977316 0.03535852 0.02374216
v 0.04741074 0.03522612 0.02388994
v 0.04437313 0.03317683 0.02225334
v 0.04534150 0.03594270 0.02395182
v 0.04177896 0.03602665 0.02191771
v 0.03815145 0.03499183 0.02048207
v 0.03707405 0.04131449 0.02166160
v 0.03038030 0.03996285 0.01842760
v 0.03102762 0.03668895 0.01800115
v 0.03691861 0.04385094 0.02233632
v 0.03623384 0.03508998 0.01967695
v 0.04017402 0.02917183 0.01916062
v 0.04133673 0.02894632 0.01972192
v 0.04374926 0.02660505 0.02026682
v 0.03243617 0.03652692 0.01884052
v 0.05012320 0.03264747 0.02383043
v 0.05328489 0.02088977 0.02173786
v 0.05538664 0.01960759 0.02227376
v 0.05345076 0.01871207 0.02145018
v 0.05552868 0.01700641 0.02205548
v 0.04990810 0.01629527 0.02064739
v 0.05555402 0.01526429 0.02202165
v 0.04933341 0.01834885 0.02028998
v 0.04087603 0.04285123 0.02308353
v 0.03853039 0.04117664 0.02210680
v 0.04330534 0.03011526 0.02055201
v 0.04904950 0.02920601 0.02260106
v 0.05175155 0.02950681 0.02337618
v 0.04975150 0.02216386 0.02118566
v 0.05361468 0.00749769 0.02068553
v 0.05515451 0.00394558 0.02021107
v 0.05564766 0.00539752 0.02096811
v 0.05862833 0.01553197 0.02302041
v 0.06404805 0.01530400 0.02300285
v 0.05775956 0.01832575 0.02284109
v 0.05681936 0.02359290 0.02299272
v 0.06150547 0.02164992 0.02259460
v 0.06294826 0.01803833 0.02265489
v 0.06509467 0.01178261 0.02356986
v 0.06714968 0.01549204 0.02161848
v 0.06473432 0.00533129 0.02397423
v 0.06733539 0.00228085 0.02347593
v 0.06923699 0.00568835 0.02251473
v 0.06800814 0.00141701 0.02317991
v 0.06401750 0.00142645 0.02345589
v 0.06947324 0.01150220 0.02133339
v 0.07381180 0.00602551 0.01820495
v 0.07175456 0.00290726 0.02016779
v 0.05912999 0.00949345 0.02313484
v 0.06720142 -0.00255346 0.02371063
v 0.06620076 -0.00461876 0.02396333
v 0.06737651 -0.00875831 0.02441844
v 0.06208675 -0.00937115 0.02231418
v 0.05907165 -0.00849173 0.02044968
v 0.05995960 -0.01274141 0.02135870
v 0.06223630 -0.01133826 0.02262504
v 0.06587253 -0.01358849 0.02433634
v 0.06415250 -0.01144401 0.02363075
v 0.06540692 -0.01485977 0.02417779
v 0.06446706 -0.01712767 0.02384015
v 0.06932538 -0.01478124 0.02386184
v 0.07220170 -0.01108988 0.02197220
v 0.06916373 -0.00956157 0.02384413
v 0.06851724 -0.01855584 0.02397659
v 0.07105078 -0.01682756 0.02326673
v 0.06795331 -0.01264551 0.02422943
v 0.07044048 -0.01624834 0.02348089
v 0.06776049 -0.02444547 0.02404660
v 0.07054632 -0.02315730 0.02312803
v 0.07259137 -0.02698984 0.02216567
v 0.06849829 -0.02551290 0.02383523
v 0.07250476 -0.02343475 0.02212337
v 0.06875248 -0.02937946 0.02374231
v 0.07382428 -0.02329714 0.02120959
v 0.07240995 -0.01980928 0.02222218
v 0.07196546 -0.01904465 0.02261599
v 0.07402377 -0.02402087 0.02104026
v 0.07521455 -0.02809841 0.01966930
v 0.07253030 -0.02913569 0.02213592
v 0.07270321 -0.03161995 0.02247533
v 0.06893951 -0.03341146 0.02376565
v 0.07076908 -0.03147906 0.02324304
v 0.06698188 -0.03344482 0.02424191
v 0.07070592 -0.03394313 0.02342906
v 0.06535760 -0.03757918 0.02494164
v 0.06682345 -0.03971097 0.02447242
v 0.06871477 -0.04075806 0.02394182
v 0.07017998 -0.03939520 0.02381102
v 0.06442619 -0.03992086 0.02484875
v 0.06896183 -0.04411226 0.02332113
v 0.06459890 -0.04466826 0.02338379
v 0.06747166 -0.04791032 0.02143368
v 0.06694183 -0.05038355 0.01891390
v 0.06580469 -0.04994206 0.01958018
v 0.06437571 -0.05087299 0.01825148
v 0.05898307 -0.04859133 0.02067945
v 0.05690891 -0.04886982 0.02056365
v 0.05459134 -0.05063014 0.01851658
v 0.05585881 -0.04733812 0.02230394
v 0.05083087 -0.05046555 0.01934533
v 0.04458613 -0.05070491 0.02021427
v 0.03872753 -0.05102598 0.02003173
v 0.04340290 -0.04926402 0.02177548
v 0.04099546 -0.04711663 0.02388027
v 0.03284781 -0.04971040 0.02210551
v 0.03166665 -0.04805191 0.02375824
v 0.02381069 -0.04873219 0.02396504
v 0.01863339 -0.04733891 0.02454724
v 0.01907186 -0.04373175 0.02589270
v 0.01724938 -0.04859746 0.02382593
v 0.01900064 -0.04139131 0.02562105
v 0.02119897 -0.03941488 0.02479347
v 0.01570674 -0.03500763 0.02242687
v 0.01592173 -0.03619027 0.02358697
v 0.01694312 -0.03786024 0.02433236
v 0.00621119 -0.04603784 0.02548396
v 0.01102196 -0.04616008 0.02524692
v 0.01353989 -0.05008549 0.02266480
v 0.01071950 -0.05185539 0.02110737
v 0.01539744 -0.05236195 0.02019791
v 0.02093878 -0.05138052 0.02172969
v 0.00756757 -0.05063607 0.02257152
v 0.00045699 -0.04632714 0.02541776
v 0.00053071 -0.04913645 0.02409365
v -0.00492623 -0.05040953 0.02326779
v -0.00849261 -0.04978001 0.02394594
v -0.00904056 -0.05025854 0.02358663
v -0.01150387 -0.05010111 0.02401480
v -0.01108651 -0.05184989 0.02208073
v -0.01201023 -0.05212117 0.02191408
v -0.00926879 -0.05233294 0.02111105
v -0.01953714 -0.05232135 0.02271708
v -0.02270822 -0.05204263 0.02272665
v -0.02317876 -0.05176521 0.02282767
v -0.02519572 -0.05342642 0.02132081
v -0.03064651 -0.04934313 0.02491515
v -0.03440017 -0.04831769 0.02504953
v -0.03512320 -0.04808120 0.02501254
v -0.03763781 -0.04804542 0.02487636
v -0.03805578 -0.05126841 0.02277609
v -0.04271447 -0.05136161 0.02310402
v -0.05525328 -0.05066184 0.02368924
v -0.05871944 -0.05232738 0.02251070
v -0.06146909 -0.04988977 0.02338945
v -0.06112160 -0.05120032 0.02293299
v -0.06540436 -0.04786548 0.02289164
v -0.06753257 -0.04598204 0.02255523
v -0.06740446 -0.04987659 0.02145651
v -0.06880353 -0.05237995 0.02006210
v -0.06537771 -0.05237999 0.02098464
v -0.06302981 -0.05064739 0.02271021
v -0.06494941 -0.05399032 0.01972193
v -0.07205439 -0.05037919 0.01851905
v -0.05941677 -0.05502491 0.01826864
v -0.05874303 -0.04121454 0.02586129
v -0.05957114 -0.04401576 0.02543680
v -0.05308997 -0.04660564 0.02521859
v -0.05517411 -0.03743529 0.02478312
v -0.06417710 -0.03899463 0.02505457
v -0.05695845 -0.04891593 0.02461538
v -0.05307010 -0.05125774 0.02291534
v -0.04802442 -0.04847897 0.02472681
v -0.04315432 -0.04691892 0.02538230
v -0.04637123 -0.04426519 0.02552321
v -0.05495375 -0.04446100 0.02545329
v -0.05451438 -0.04278394 0.02549104
v -0.04697641 -0.04075290 0.02468950
v -0.03951542 -0.04022437 0.02414172
v -0.03697962 -0.04290266 0.02504667
v -0.03330230 -0.03799792 0.02297570
v -0.02988190 -0.03797971 0.02307455
v -0.03694033 -0.03806929 0.02310948
v -0.02549192 -0.03753508 0.02325456
v -0.02508238 -0.04322983 0.02568908
v -0.02308643 -0.04315438 0.02566216
v -0.01993835 -0.04279832 0.02596173
v -0.01718152 -0.04607307 0.02565677
v -0.01493975 -0.03960902 0.02500445
v -0.02096916 -0.04814885 0.02470125
v -0.01164783 -0.04386463 0.02582629
v -0.00350582 -0.03610289 0.02418405
v -0.00430027 -0.04169840 0.02590716
v -0.01050985 -0.04258219 0.02584385
v -0.00960524 -0.04612667 0.02560688
v 0.00019456 -0.04209809 0.02600037
v -0.00654395 -0.04617635 0.02553392
v -0.00148783 -0.04537247 0.02566707
v 0.00672194 -0.03627820 0.02347155
v 0.00308223 -0.03625703 0.02362801
v 0.00127304 -0.03822413 0.02490681
v 0.00638319 -0.03764652 0.02442147
v -0.00890737 -0.03903489 0.02522699
v -0.00698400 -0.04446467 0.02592395
v -0.01781776 -0.03684664 0.02319157
v -0.01969571 -0.03776624 0.02383212
v -0.01093609 -0.03498996 0.02188739
v -0.01226130 -0.03758607 0.02436238
v -0.02643001 -0.04653451 0.02570507
v -0.01499412 -0.04728292 0.02530665
v -0.02302952 -0.04785949 0.02491590
v -0.01248416 -0.04908950 0.02456056
v -0.01664948 -0.04993826 0.02413453
v -0.01745767 -0.04753332 0.02518503
v -0.02727576 -0.03957042 0.02419471
v -0.04719720 -0.04192566 0.02509645
v -0.04337877 -0.04912176 0.02478411
v -0.04067303 -0.04852316 0.02490760
v -0.05061978 -0.04692746 0.02541467
v -0.03384461 -0.05252198 0.02131040
v -0.06581751 -0.02614772 0.02431818
v -0.02577203 -0.04150608 0.02509357
v -0.03668349 -0.04728818 0.02498547
v -0.03499049 -0.05046428 0.02330757
v -0.00443313 -0.05397534 0.01879813
v -0.00288146 -0.04949203 0.02408140
v -0.00285687 -0.05381660 0.01901322
v 0.00779730 -0.04832478 0.02428281
v 0.00968827 -0.04623202 0.02548663
v 0.02770257 -0.03543375 0.02331298
v 0.02601348 -0.03669829 0.02394397
v 0.03489594 -0.03643827 0.02402692
v 0.03664670 -0.03444787 0.02278331
v 0.04371570 -0.03672893 0.02368409
v 0.04282301 -0.03468383 0.02254630
v 0.04622833 -0.03959233 0.02499363
v 0.04036879 -0.04407815 0.02514661
v 0.03833891 -0.04611551 0.02478237
v 0.03102240 -0.04290774 0.02514749
v 0.03278798 -0.04071161 0.02532805
v 0.03381948 -0.03846310 0.02474983
v 0.02673223 -0.04136792 0.02545512
v 0.02357849 -0.04075462 0.02524533
v 0.02688108 -0.04516082 0.02526472
v 0.02968822 -0.04633792 0.02479453
v 0.03511414 -0.04066703 0.02555198
v 0.05066168 -0.04378781 0.02477467
v 0.05119147 -0.04154886 0.02526108
v 0.05234725 -0.04666551 0.02319636
v 0.05074392 -0.04677730 0.02323055
v 0.05706292 -0.04431521 0.02396823
v 0.05301764 -0.03875819 0.02568263
v 0.05722670 -0.03975554 0.02551048
v 0.05670266 -0.03642029 0.02559301
v 0.05512621 -0.03570954 0.02534776
v 0.05890834 -0.03365319 0.02488777
v 0.05805426 -0.03370005 0.02479692
v 0.06154891 -0.03234394 0.02473004
v 0.06526798 -0.02945204 0.02427523
v 0.06680615 -0.03029863 0.02415678
v 0.06325368 -0.02823798 0.02395547
v 0.06460384 -0.02339681 0.02383231
v 0.06193289 -0.02546417 0.02319845
v 0.05916053 -0.02062010 0.02149645
v 0.05881296 -0.02404547 0.02175851
v 0.05689610 -0.02295050 0.02030432
v 0.05624064 -0.01976195 0.01918814
v 0.05620814 -0.01894753 0.01905080
v 0.05965320 -0.02773105 0.02264357
v 0.05569402 -0.02871539 0.02153271
v 0.05858523 -0.02809860 0.02238513
v 0.05841852 -0.03035659 0.02325066
v 0.05759726 -0.03179158 0.02374193
v 0.05448594 -0.03170503 0.02272801
v 0.05542996 -0.03434974 0.02466835
v 0.05414008 -0.03063969 0.02191146
v 0.05190919 -0.02870473 0.02002541
v 0.04921019 -0.03109738 0.02023925
v 0.04913321 -0.02893229 0.01849121
v 0.04644351 -0.03078686 0.01930095
v 0.05619130 -0.02644976 0.02100801
v 0.05209252 -0.03223595 0.02228695
v 0.06087768 -0.02782682 0.02305557
v 0.06178140 -0.02608725 0.02310822
v 0.06346656 -0.02009271 0.02331336
v 0.05574242 -0.02197891 0.01845193
v 0.05858478 -0.01809689 0.02083655
v 0.06226701 -0.01944630 0.02286712
v 0.06147650 -0.01323042 0.02250969
v 0.06049785 -0.03040290 0.02376604
v 0.06367024 -0.03307285 0.02500977
v 0.06511709 -0.03571838 0.02502233
v 0.06113583 -0.03744755 0.02552991
v 0.06305932 -0.03703707 0.02547405
v 0.06225282 -0.03927618 0.02550837
v 0.05923505 -0.03596742 0.02535947
v 0.06010279 -0.03962167 0.02548471
v 0.06035427 -0.04183101 0.02469685
v 0.06090555 -0.04475844 0.02350807
v 0.05780812 -0.04672092 0.02250201
v 0.05077256 -0.03440199 0.02329041
v 0.05301310 -0.04734965 0.02251735
v 0.04726153 -0.04553336 0.02403182
v 0.05033695 -0.03579484 0.02417656
v 0.04803560 -0.03598829 0.02387706
v 0.04611000 -0.04108773 0.02509200
v 0.04374019 -0.03102160 0.01927247
v 0.03859844 -0.03316490 0.02192916
v 0.03213245 -0.04605326 0.02472195
v 0.02460018 -0.03572226 0.02335456
v 0.04047535 -0.03372979 0.02196674
v 0.01115962 -0.03829276 0.02466018
v 0.02287477 -0.03844011 0.02450910
v 0.01690999 -0.03954867 0.02498618
v 0.01705383 -0.04343980 0.02550822
v 0.01946908 -0.03938638 0.02489870
v 0.02058476 -0.04730325 0.02483169
v 0.02691575 -0.05116380 0.02124409
v 0.03499070 -0.04742815 0.02411282
v 0.04090620 -0.04841736 0.02272773
v 0.05079878 -0.04883719 0.02134160
v 0.05891190 -0.04678010 0.02234315
v 0.06202987 -0.04866446 0.02077340
v 0.04981315 -0.03745492 0.02482916
v 0.05850978 -0.05038583 0.01831623
v 0.00027062 -0.05127448 0.02203041
v -0.05152664 -0.03844292 0.02438598
v -0.02714092 -0.04999563 0.02442088
v 0.05483595 -0.04181688 0.02499366
v 0.03054402 -0.04745065 0.02415588
v 0.00437725 -0.05051924 0.02276116
v 0.06491170 -0.04936282 0.02011865
v 0.06885094 -0.04620219 0.02251505
v 0.07282755 -0.03660946 0.02242678
v 0.07282323 -0.03586591 0.02241839
v 0.07320437 -0.03978275 0.02245090
v 0.07268622 -0.04210303 0.02243494
v 0.07294953 -0.04319624 0.02207128
v 0.07499421 -0.04413826 0.02006369
v 0.07255181 -0.04637530 0.02127480
v 0.07256444 -0.04399371 0.02218638
v 0.07169137 -0.03846497 0.02331923
v 0.06968341 -0.04771871 0.02147122
v -0.03085008 -0.04393438 0.02558019
v 0.07264833 -0.04857912 0.01935261
v 0.07304664 -0.04717500 0.02052727
v -0.00215927 -0.03663175 0.02456642
v 0.07088499 -0.04906023 0.01961081
v -0.01151418 -0.03893232 0.02499945
v 0.07101514 -0.04462116 0.02258339
v -0.06001334 -0.04894965 0.02398473
v 0.07075832 -0.03114709 0.02321659
v 0.07165071 -0.02808107 0.02267897
v -0.02182707 -0.03756938 0.02336600
v 0.06865498 -0.02513507 0.02376335
v 0.06793141 -0.02005157 0.02416029
v 0.06667807 -0.02526394 0.02407879
v 0.06444889 -0.02549510 0.02395335
v 0.06735940 -0.01618035 0.02426305
v 0.07201119 -0.01331433 0.02219524
v 0.06056365 0.00660608 0.02300705
v 0.06354378 -0.00373217 0.02305288
v 0.06539030 -0.00193264 0.02365271
v 0.06406313 -0.00071637 0.02341679
v 0.07250513 -0.01500598 0.02190933
v 0.05196468 -0.00791507 0.02055067
v 0.05007049 -0.00392136 0.02088533
v 0.04610636 0.02672914 0.02101280
v 0.07317277 0.00115960 0.01929654
v 0.04499234 -0.00410266 0.02418634
v 0.03720481 -0.00651827 0.02112497
v 0.03756255 -0.00414848 0.02087902
v 0.04066464 -0.00210802 0.02191244
v 0.04195671 -0.00186493 0.02263753
v 0.03769284 0.00059481 0.01921697
v 0.03932457 -0.00002439 0.02144049
v 0.03958164 0.00245914 0.01923610
v 0.04222488 -0.00027810 0.02307872
v 0.04517079 -0.00007265 0.02358736
v 0.04117807 -0.01089942 0.02557761
v 0.04846233 -0.00386729 0.02181391
v 0.05192879 -0.00818187 0.02049198
v 0.04354962 -0.04578719 0.02428813
v 0.04004029 -0.00788541 0.02432242
v -0.03091061 -0.05276740 0.02168207
v -0.06130342 -0.05255638 0.02172089
v 0.06310458 -0.04631890 0.02250568
v 0.05801005 0.00284745 0.02142727
v 0.04720310 0.00104750 0.02296704
v 0.06067885 -0.01573684 0.02217306
v 0.06184715 0.00924968 0.02363441
v 0.01605886 -0.04168471 0.02554745
v 0.00375505 -0.04247523 0.02601459
v 0.00022966 -0.04580078 0.02560409
v 0.04864673 -0.03284244 0.02169759
v 0.07365143 -0.04820821 0.01864857
v 0.01447648 -0.03519538 -0.01955778
v 0.01836717 -0.03339432 -0.01686966
v 0.01420021 -0.03280321 -0.01297485
v 0.01276249 -0.03454218 -0.01720373
v 0.00348935 -0.03401905 -0.01477000
v 0.01393165 -0.03397322 -0.01600626
v 0.00733932 -0.03561631 -0.02022652
v 0.00566304 -0.03407627 -0.01486767
v 0.00940748 -0.03356773 -0.01394442
v 0.00976736 -0.03401070 -0.01592029
v 0.00182276 -0.03292178 -0.01028294
v 0.00190504 -0.03234402 -0.00681780
v -0.00339431 -0.03209073 -0.00464847
v -0.00653164 -0.03205817 0.00229030
v -0.01016108 -0.03207478 0.00142518
v -0.00807789 -0.03210545 -0.00237810
v -0.00935090 -0.03206987 -0.00278539
v -0.01221472 -0.03226321 -0.00362543
v -0.00316466 -0.03210291 -0.00302228
v -0.01409274 -0.03204789 0.00353202
v -0.00974548 -0.03248468 -0.00591845
v -0.00914375 -0.03208911 0.00224469
v -0.00766396 -0.03195000 0.00422600
v -0.00569392 -0.03186450 0.00501368
v -0.00892895 -0.03204485 0.01102348
v -0.00572018 -0.03182533 0.00999840
v -0.01048441 -0.03211652 0.01030646
v -0.01343054 -0.03328266 0.01577012
v -0.01330435 -0.03249753 0.01274193
v -0.01630232 -0.03251898 0.01326517
v -0.02853467 -0.03453192 0.01632248
v -0.02368188 -0.03331842 0.01369818
v -0.03327238 -0.03515789 0.01510529
v -0.02651835 -0.03483888 0.01747259
v -0.02939253 -0.03459428 0.01593113
v -0.02466986 -0.03579923 0.02010684
v -0.02199029 -0.03545677 0.02000551
v -0.02310401 -0.03690103 0.02262072
v -0.01834441 -0.03543049 0.02109879
v -0.01754107 -0.03277213 0.01415469
v -0.02023112 -0.03298794 0.01379401
v -0.02375534 -0.03417323 0.01651703
v -0.01026684 -0.03350282 0.01725084
v -0.00518807 -0.03199830 0.01125966
v -0.00199634 -0.03259038 0.01231763
v 0.00425498 -0.03370304 0.01672058
v 0.00585000 -0.03331139 0.01482269
v 0.00649338 -0.03449659 0.02064942
v 0.00495829 -0.03443571 0.02063640
v -0.00173710 -0.03365383 0.01787342
v 0.00186529 -0.03363602 0.01731410
v -0.01171857 -0.03432091 0.01960313
v -0.00765322 -0.03338336 0.01692318
v -0.00757638 -0.03628605 0.02393303
v -0.00626445 -0.03436198 0.02157064
v -0.00321158 -0.03417535 0.02148613
v -0.00085671 -0.03576031 0.02384657
v -0.01359576 -0.03526019 0.02212338
v 0.00919341 -0.03261179 -0.01122197
v 0.01123870 -0.03202156 -0.00871428
v 0.00997015 -0.03167258 -0.00592592
v 0.00303805 -0.03204344 -0.00209159
v -0.00112876 -0.03207541 -0.00087631
v -0.00264449 -0.03193085 0.00796352
v -0.00342535 -0.03208132 0.00079683
v 0.00136370 -0.03228765 0.00713177
v 0.00331411 -0.03233905 0.00726099
v 0.00937409 -0.03188661 0.00031215
v 0.00502486 -0.03211636 0.00331692
v 0.01195105 -0.03130333 -0.00438115
v 0.01278908 -0.03115178 -0.00310611
v 0.01239743 -0.03158799 0.00057706
v 0.00792437 -0.03190960 -0.00079226
v 0.01052035 -0.03177814 -0.00007956
v 0.00649772 -0.03232083 0.00837848
v 0.01095370 -0.03231650 0.00891417
v 0.00989942 -0.03241641 0.01010006
v 0.01381440 -0.03259214 0.01171946
v 0.01199821 -0.03295266 0.01376780
v 0.01749363 -0.03192502 0.00858787
v 0.01727133 -0.03158271 0.00437770
v 0.02060455 -0.03129389 -0.00119613
v 0.02479181 -0.03071116 -0.00469552
v 0.01956018 -0.03109520 -0.00407166
v 0.02081147 -0.03133098 -0.00664789
v 0.01938922 -0.03182484 -0.00972581
v 0.01632424 -0.03131294 -0.00621963
v 0.02134737 -0.03206049 -0.01515295
v 0.01931348 -0.03236522 -0.01502652
v 0.02459556 -0.03064025 -0.00261889
v 0.02769231 -0.03101431 -0.01264080
v 0.02449541 -0.03134021 0.00497764
v 0.02906292 -0.03054970 0.00325430
v 0.03105955 -0.03008945 0.00315676
v 0.03313517 -0.02974942 0.00309567
v 0.03356252 -0.02967897 0.00206202
v 0.03899066 -0.03006650 0.00088378
v 0.03193332 -0.02939815 -0.00049834
v 0.02731591 -0.03107124 0.00873205
v 0.02757479 -0.03117767 0.00974303
v 0.02428938 -0.03128172 0.00952225
v 0.02058073 -0.03256158 0.01468191
v 0.01786410 -0.03212910 0.01103596
v 0.02585776 -0.03163980 0.01254485
v 0.02940282 -0.03157008 0.01458734
v 0.02994361 -0.03131832 0.01311922
v 0.03341531 -0.03076828 0.01288932
v 0.03102611 -0.03215212 0.01945073
v 0.02577265 -0.03268527 0.01810676
v 0.02593369 -0.03197286 0.01421406
v 0.03656609 -0.02937110 -0.00569421
v 0.04578088 -0.03063186 -0.01795781
v 0.04948809 -0.02860593 -0.01737269
v 0.04829638 -0.02848428 -0.01469350
v 0.03803387 -0.02956862 -0.00400089
v 0.03790437 -0.03020615 -0.01197739
v 0.03740415 -0.03041056 -0.01485629
v 0.03349134 -0.03048562 -0.01346060
v 0.02822756 -0.03183523 -0.01611212
v 0.03411190 -0.03124378 -0.01613741
v 0.03664616 -0.03154299 -0.01741323
v 0.03152319 -0.03244613 -0.01726268
v 0.03024248 -0.03019481 -0.00728570
v 0.02892937 -0.03085296 -0.01147721
v 0.04835887 -0.02953933 -0.01824894
v 0.04496890 -0.02977912 -0.01411643
v 0.04307826 -0.02950319 -0.01100480
v 0.04760292 -0.02858955 -0.00892784
v 0.05221003 -0.02687509 -0.00765907
v 0.05045316 -0.02730338 -0.00965426
v 0.05287697 -0.02706931 -0.00423093
v 0.05041173 -0.02774128 -0.00694818
v 0.05269865 -0.02706702 -0.00142641
v 0.05183660 -0.02765226 -0.00044360
v 0.05250527 -0.02678214 0.00379565
v 0.05311107 -0.02629432 0.00462438
v 0.05075338 -0.02812891 0.00575052
v 0.05136826 -0.02763909 0.00710883
v 0.04914950 -0.02889762 0.00469884
v 0.05075898 -0.02811424 0.00133278
v 0.05339085 -0.02634930 0.00659332
v 0.04813213 -0.02942787 0.00202579
v 0.05034607 -0.02811136 -0.00157556
v 0.04835613 -0.02820656 -0.00684799
v 0.05152640 -0.02724589 0.01106173
v 0.04957201 -0.02855055 0.00954899
v 0.04954803 -0.02865371 0.01178945
v 0.04832856 -0.02909499 0.00640150
v 0.04546418 -0.02968378 0.01018914
v 0.04711823 -0.02944170 0.01080098
v 0.04296664 -0.03002203 0.00980483
v 0.04149546 -0.03046868 -0.01532997
v 0.02922328 -0.03055507 0.00531668
v 0.04034995 -0.03004693 0.00008721
v 0.04281555 -0.02996792 0.00065389
v 0.04500043 -0.02994659 0.00195283
v 0.04697822 -0.02981684 0.00047303
v 0.04405207 -0.02991964 0.00025987
v 0.02156450 -0.03263143 -0.01638708
v 0.02526319 -0.03126660 0.00334188
v 0.02096323 -0.03153309 0.00202059
v 0.02622697 -0.03058992 -0.00011653
v 0.02260235 -0.03431326 -0.01890758
v 0.02350857 -0.03123106 0.00118042
v 0.01025631 -0.03352276 0.01595985
v 0.01554440 -0.03216987 0.00847703
v 0.00739020 -0.03249658 0.01042325
v 0.01803550 -0.03295820 0.01567641
v 0.02384300 -0.03258526 0.01712873
v 0.02577494 -0.03360644 0.02069895
v 0.02088661 -0.03433164 0.02179425
v 0.01751860 -0.03416697 0.02089302
v 0.01307903 -0.03459396 0.02156996
v 0.01088321 -0.03203960 0.00475559
v 0.02988309 -0.03049015 0.00755292
v 0.01306810 -0.03505332 0.02262500
v -0.00091879 -0.03227616 0.00990880
v 0.01181268 -0.03242895 -0.01089559
v 0.01648176 -0.03230692 -0.01249859
v 0.01609249 -0.03175720 -0.00906362
v 0.00135535 -0.03229645 0.00776706
v 0.03249027 -0.03065381 0.01034649
v 0.03626350 -0.03005650 0.00799171
v 0.03929453 -0.03015913 0.00436305
v 0.03774734 -0.03017072 0.01058870
v 0.03917449 -0.03033886 0.01243721
v 0.03552541 -0.03004802 0.00557688
v 0.03938906 -0.03086224 0.01847495
v 0.03677616 -0.03094611 0.01693909
v 0.04387607 -0.03017711 0.01639755
v 0.04138034 -0.03081177 0.01866292
v 0.05037947 -0.02763923 0.01745450
v 0.01569130 -0.03167307 0.00315877
v 0.02648392 -0.03357410 0.02085327
v 0.02890717 -0.03244769 0.01901460
v 0.03009540 -0.03426333 0.02230312
v 0.00775960 -0.03243571 -0.01021853
v 0.00071178 -0.03319681 0.01453990
v 0.01482737 -0.03197393 0.00549578
v 0.00794521 -0.03299850 0.01347184
v 0.01594465 -0.03291797 0.01504415
v -0.01350681 -0.03277995 -0.00648038
v -0.01708206 -0.03240517 -0.00183813
v -0.01772008 -0.03279584 -0.00537441
v -0.01666358 -0.03230662 0.00155235
v -0.02776287 -0.03334659 0.00576289
v -0.02602146 -0.03344417 0.01102562
v -0.03264772 -0.03398994 0.00858314
v -0.03173478 -0.03414662 0.01044948
v -0.03410009 -0.03410854 0.00970124
v -0.03789376 -0.03490916 0.01286105
v -0.03375794 -0.03522788 0.01511207
v -0.03673335 -0.03544163 0.01574442
v -0.03875404 -0.03559958 0.01644296
v -0.04156247 -0.03532966 0.01774670
v -0.03425161 -0.03778040 0.02264311
v -0.03598294 -0.03432008 0.00692937
v -0.03900031 -0.03450248 0.00810910
v -0.03900376 -0.03498028 0.00396373
v -0.04096724 -0.03482514 0.00512574
v -0.03842164 -0.03490507 0.00331879
v -0.03780140 -0.03481041 -0.00356065
v -0.04010640 -0.03441624 0.01136338
v -0.03663034 -0.03418171 0.00891912
v -0.04407810 -0.03434608 0.01276988
v -0.04214483 -0.03485485 0.00302273
v -0.03844038 -0.03820341 0.02310013
v -0.03468013 -0.03457040 -0.00560550
v -0.03309084 -0.03436601 -0.00677278
v -0.03145901 -0.03471521 -0.01279232
v -0.02920002 -0.03379644 -0.00764260
v -0.03515532 -0.03490559 -0.01038851
v -0.02799596 -0.03584536 -0.01866860
v -0.02478389 -0.03584584 -0.01830283
v -0.03174074 -0.03563366 -0.01744856
v -0.03046090 -0.03443419 -0.01234490
v -0.02589582 -0.03328602 -0.00876592
v -0.02189831 -0.03339256 -0.00967278
v -0.01759686 -0.03378083 -0.01270959
v -0.02120063 -0.03294367 -0.00587970
v -0.01888778 -0.03295539 -0.00584610
v -0.02558607 -0.03295149 -0.00515469
v -0.02633450 -0.03359079 -0.01068479
v -0.02632372 -0.03317952 0.00676258
v -0.02520871 -0.03291675 -0.00107606
v -0.02906459 -0.03343660 0.00392486
v -0.02930735 -0.03375782 -0.00000725
v -0.03244723 -0.03401257 0.00661609
v -0.03866648 -0.03499536 -0.00533537
v -0.04130865 -0.03510105 -0.00641505
v -0.04401351 -0.03479745 -0.00190056
v -0.04473750 -0.03467792 -0.00232149
v -0.04700175 -0.03403549 0.00095027
v -0.04811814 -0.03346490 0.00333809
v -0.04995667 -0.03257534 -0.00090802
v -0.05010938 -0.03253342 -0.00489682
v -0.04942262 -0.03291156 -0.00978069
v -0.04655758 -0.03408904 -0.00819353
v -0.04243487 -0.03507407 -0.01099949
v -0.01397041 -0.03313804 -0.00903370
v -0.02500259 -0.03695579 -0.02028699
v -0.01939406 -0.03651210 -0.01983513
v -0.01074006 -0.03772625 -0.02231149
v -0.00284587 -0.03672139 -0.02185408
v -0.00587396 -0.03723340 -0.02216204
v -0.00520571 -0.03473553 -0.01631383
v -0.00329231 -0.03575736 -0.01948085
v -0.00858185 -0.03517707 -0.01769594
v -0.01095735 -0.03620320 -0.01980874
v -0.01062534 -0.03430500 -0.01548036
v -0.01562820 -0.03377451 -0.01366865
v -0.00619566 -0.03458820 -0.01595191
v -0.00170108 -0.03440852 -0.01502550
v -0.00401123 -0.03299038 -0.01031433
v -0.00759271 -0.03293633 -0.00992135
v -0.03523689 -0.03430622 0.00244517
v -0.00737050 -0.03405103 -0.01373708
v -0.01874996 -0.03251198 0.00933210
v -0.01685847 -0.03223341 0.00772625
v -0.01554243 -0.03221494 0.01034925
v -0.02410051 -0.03289405 -0.00121861
v -0.01317441 -0.03313869 -0.00987671
v -0.00426168 -0.03260904 -0.00815944
v 0.04512680 -0.02899387 -0.00337367
v -0.03698745 -0.03638008 -0.01723393
v -0.03883319 -0.03603108 -0.01724335
v -0.04101672 -0.03510859 -0.01460116
v -0.04390603 -0.03821457 -0.02216235
v -0.03747766 -0.03527626 -0.01309413
v -0.04002523 -0.03515550 -0.00923448
v -0.04494815 -0.03774478 -0.02170141
v -0.04586197 -0.03636101 -0.02016931
v -0.03621400 -0.03591945 -0.01548554
v -0.04870638 -0.03377923 -0.01726213
v -0.04242086 -0.03571665 -0.01817027
v -0.03444809 -0.03701087 -0.02024745
v -0.04903744 -0.03576075 -0.02085395
v 0.04769974 -0.02931400 0.01370651
v -0.01848173 -0.03466272 -0.01568233
v -0.03505765 -0.03445726 0.00022730
v 0.03379611 -0.03394541 0.02245448
v -0.01554340 -0.03354561 -0.01153602
v -0.00797010 -0.03257671 -0.00802332
v 0.05207191 -0.02739979 -0.00361021
v -0.01260017 -0.03193450 0.00627350
v -0.03508312 -0.03610741 -0.01709916
v -0.02743958 -0.03439175 -0.01383244
v -0.04616811 -0.03416932 -0.01531781
v -0.04102872 -0.03535334 -0.01630396
v 0.03517081 -0.03129718 0.01839072
v 0.02014584 -0.03169801 0.00992140
v -0.03106518 -0.03804672 -0.02154164
v -0.01454798 -0.03529863 -0.01719684
v -0.04912125 -0.03291293 0.00611386
v -0.04784105 -0.03311356 0.01140052
v -0.04659102 -0.03362361 0.01146644
v -0.04764543 -0.03373716 0.01441791
v -0.04895813 -0.03394624 0.01954233
v -0.04240778 -0.03518401 0.01743199
v -0.04424545 -0.03401234 0.00939833
v -0.04231811 -0.03461839 0.00566712
v -0.04803649 -0.03350901 0.00458055
v 0.00387503 -0.03316532 0.01403663
v -0.00614416 -0.03387044 -0.01299303
v -0.04047228 -0.03670182 0.02035954
v 0.03203416 -0.03016564 0.00636912
v 0.04382164 -0.02990222 0.00600571
v 0.00508902 -0.03207466 -0.00022358
v -0.01103377 -0.03189323 0.00767311
v 0.00856105 -0.03450692 0.02052850
v 0.02972966 -0.03116187 0.01165676
v 0.02567377 -0.03165767 -0.01486455
v 0.00622423 -0.03222399 -0.00710332
v -0.03242223 -0.03426692 -0.00535377
v -0.02364954 -0.03312241 0.00899272
v 0.04035865 -0.02930070 -0.00642331
v -0.01999085 -0.03277248 0.01299764
v -0.02910384 -0.03375284 -0.00082810
v 0.00186251 -0.03504794 -0.01841543
v 0.00509735 -0.03576275 -0.02043059
v 0.04869409 -0.02882636 0.01508681
v -0.03977339 -0.03497180 0.00150975
v 0.01474576 -0.03150312 0.00130680
v 0.02586327 -0.03184040 0.01334642
v -0.04508473 -0.03436097 0.00335522
v -0.01544637 -0.03487942 0.02039502
v -0.03479479 -0.03514432 -0.01247286
v -0.00444476 -0.03349073 0.01731409
v 0.03276765 -0.02941600 -0.00453173
v -0.04760825 -0.03385919 -0.00312143
v -0.02240781 -0.03502869 -0.01637104
v 0.03581900 -0.03091979 0.01678543
v -0.04769726 -0.03387661 -0.00546126
v 0.05139926 -0.02776078 0.00092106
v 0.04477487 -0.02885349 -0.00605123
v -0.03768656 -0.03782338 -0.02099234
v -0.01661197 -0.03231001 0.00201483
v 0.01282763 -0.03152580 0.00057919
v 0.03719759 -0.03274626 0.02146861
v -0.02322736 -0.03285581 0.00140424
v 0.02542688 -0.03070610 -0.00077511
v 0.03050936 -0.02955555 -0.00321030
v 0.02215809 -0.03135858 -0.00846502
v 0.02451203 -0.03124615 -0.00981737
v 0.02538163 -0.03223101 -0.01685440
v -0.00296649 -0.03363567 0.01804838
v 0.02988601 -0.02995571 -0.00481349
v 0.04740434 -0.02882623 -0.01109977
v -0.04363550 -0.03476297 0.01414457
v 0.03850813 -0.03119680 -0.01720208
v 0.00466053 -0.03238942 -0.00808308
v -0.02453142 -0.03295878 0.00398971
v -0.02215925 -0.03572348 -0.01801038
v -0.01796627 -0.03441063 0.01801888
v -0.03361738 -0.03618037 0.01900239
v 0.04291616 -0.03054396 -0.01656444
v -0.01947469 -0.03254512 0.00128508
v -0.00050465 -0.03345701 -0.01197607
v -0.03269230 -0.03389858 0.00372518
v 0.04705103 -0.02984225 0.01814954
v -0.01257109 -0.03393245 -0.01415365
v 0.00227815 -0.03255585 0.01104642
v -0.02039911 -0.03281153 0.00825592
v -0.02897761 -0.03688365 -0.02042712
v 0.02078572 -0.03140844 -0.00010470
v -0.03162812 -0.03614011 0.01944025
v 0.02746092 -0.03380330 -0.01864388
v -0.02905726 -0.03416018 0.01210942
v 0.00975388 -0.03479124 0.02158464
v -0.05029145 -0.03236482 -0.01621060
v -0.04809045 -0.03319525 -0.01347859
v 0.07371704 0.01063451 -0.01924862
v 0.07514297 0.00806192 -0.01638540
v 0.07511870 0.00619705 -0.01798798
v 0.07541870 0.00895489 -0.01483759
v 0.07564944 0.00369815 -0.01735091
v 0.07592722 0.00076375 -0.01642428
v 0.07504648 -0.00069081 -0.01823023
v 0.07646990 -0.00104021 -0.01363141
v 0.07604304 -0.00246107 -0.01606573
v 0.07627791 -0.00472307 -0.01546153
v 0.07441205 0.00410793 -0.01921380
v 0.07369303 -0.00153549 -0.02024759
v 0.07526723 -0.00262216 -0.01774005
v 0.07458916 0.00719325 -0.01851908
v 0.07470509 -0.00600348 -0.01891275
v 0.07466021 0.01186518 -0.01562135
v 0.07481613 0.00999065 -0.01691208
v 0.07465415 0.01491776 -0.01337881
v 0.07442743 -0.00827717 -0.01929836
v 0.07694347 -0.01212010 -0.01398764
v 0.07691067 -0.01104997 -0.01157498
v 0.07645958 -0.01076899 -0.01586335
v 0.07671316 -0.00783246 -0.01383040
v 0.07694126 -0.00588062 -0.00664406
v 0.07695958 -0.00976831 -0.00551514
v 0.07654143 0.00008261 -0.00101672
v 0.07640590 0.00302878 0.00091198
v 0.07659222 0.00042496 0.00188198
v 0.07659614 0.00035766 0.00217767
v 0.07613735 0.00646453 0.00311308
v 0.07664451 -0.00328133 0.00318598
v 0.07646593 0.00214240 0.00534310
v 0.07642668 0.00086359 0.01099604
v 0.07603853 0.00148985 0.01236183
v 0.07515863 0.00464332 0.01568050
v 0.07527402 0.00271366 0.01648434
v 0.07508787 0.00639431 0.01499465
v 0.07463022 0.00939259 0.01434936
v 0.07610935 -0.00007561 0.01314875
v 0.07495818 0.00898057 0.01198293
v 0.07482539 0.01034682 0.01157648
v 0.07499848 0.01141249 0.00917326
v 0.07610517 0.00642035 0.00446824
v 0.07586386 0.00771862 0.00472256
v 0.07478105 0.01350876 0.00618978
v 0.07583268 0.00918760 0.00161777
v 0.07525383 0.01213551 0.00022894
v 0.07515025 0.01234563 -0.00078048
v 0.07373011 0.01762316 0.00030291
v 0.07389665 0.01762394 -0.00227394
v 0.07478603 0.01334607 -0.00532737
v 0.07355057 0.01750923 0.00300335
v 0.07557607 0.00919765 -0.00520953
v 0.07517767 0.01141987 -0.00872577
v 0.07558783 0.00929760 -0.00838425
v 0.07427987 0.01640165 -0.00808832
v 0.07364135 0.01858332 -0.00947542
v 0.07415229 0.01661365 -0.01233112
v 0.07267059 0.02022245 -0.01410279
v 0.07323642 0.01739363 -0.01543438
v 0.07392947 0.01280702 -0.01721199
v 0.07261502 0.01574999 -0.01821829
v 0.07250051 0.01303344 -0.01985724
v 0.07217669 0.02078678 -0.01549220
v 0.07173707 0.01766642 -0.01865740
v 0.07094978 0.02132245 -0.01743264
v 0.07209694 0.02144952 -0.01497664
v 0.07365936 0.01854017 -0.00232605
v 0.07133863 0.02483668 -0.00105784
v 0.07297854 0.02068195 -0.00726615
v 0.07216626 0.02262770 -0.00755318
v 0.07107149 0.02468289 -0.00813499
v 0.07164855 0.02415455 -0.00167587
v 0.07159682 0.02420935 -0.00386447
v 0.07572967 0.00873439 -0.00621790
v 0.07252808 0.02098178 -0.01329546
v 0.07003314 0.02475069 -0.01661776
v 0.06945236 0.02304758 -0.01920539
v 0.06856965 0.02096469 -0.02136678
v 0.06842616 0.02879310 -0.01593777
v 0.06854404 0.02788822 -0.01662570
v 0.06629129 0.02478569 -0.02220441
v 0.06824444 0.02609421 -0.01864395
v 0.06777451 0.02285651 -0.02154024
v 0.06954761 0.02766212 -0.01278087
v 0.06813151 0.03014709 -0.01430578
v 0.07459368 0.01414479 -0.00653495
v 0.07237145 0.01696351 -0.01791587
v 0.07148660 0.01555494 -0.02003442
v 0.07440893 0.01394350 0.00934957
v 0.07542570 0.01144911 -0.01107504
v 0.06663262 0.03251961 -0.01661312
v 0.06662465 0.03311501 -0.01404821
v 0.06570736 0.03459577 -0.01404465
v 0.06724741 0.03018773 -0.01747090
v 0.06865934 0.02978004 -0.01124939
v 0.06703314 0.03270816 -0.01186448
v 0.07314625 0.01004232 0.01836466
v 0.07647351 0.00226242 0.00866265
v 0.07572771 0.00764641 -0.01010105
v 0.07529389 0.00055803 0.01652803
v 0.07035103 0.01968970 -0.01925293
v 0.07579788 -0.00338652 0.01526340
v 0.06968097 0.02844209 -0.00064178
v 0.07023456 0.02680891 0.00272489
v 0.07168121 0.02309387 0.00270517
v 0.07221734 0.02158706 0.00361838
v 0.07305629 0.01870279 0.00449348
v 0.07209669 0.02173515 0.00547961
v 0.07042640 0.02578472 0.00437858
v 0.07362592 0.01218091 0.01545133
v 0.07683748 -0.00715598 0.01188850
v 0.07684666 -0.00573528 0.00990447
v 0.07684731 -0.00430143 0.00745628
v 0.07712587 -0.00812948 0.00859744
v 0.07693909 -0.01012161 0.01108610
v 0.07713876 -0.00777583 0.00833706
v 0.07682056 -0.01475515 0.01089041
v 0.07650838 -0.01263875 0.01298767
v 0.07574651 -0.00862795 0.01488624
v 0.07581585 -0.01370293 0.01625028
v 0.07650378 -0.01695185 0.01332753
v 0.07674105 -0.01865332 0.01334247
v 0.07689178 -0.02203852 0.01414566
v 0.07722936 -0.02109810 0.01012302
v 0.07735737 -0.02462906 0.01008037
v 0.07754667 -0.02672620 0.00857746
v 0.07746428 -0.02864952 0.00987922
v 0.07547901 -0.01060834 0.01634389
v 0.07533851 -0.00609828 0.01634687
v 0.07455623 -0.00961722 0.01823527
v 0.07743608 -0.02318002 0.00879381
v 0.07767293 -0.02786151 0.00736191
v 0.07764997 -0.03242985 0.00597274
v 0.07781430 -0.03446400 0.00231989
v 0.07811019 -0.03698996 -0.00232681
v 0.07775860 -0.02938693 0.00238012
v 0.07782005 -0.03221646 -0.00025486
v 0.07818619 -0.03779637 0.00499644
v 0.07777812 -0.02718773 0.00068367
v 0.07806865 -0.03766522 0.00602496
v 0.07798322 -0.02409277 0.00050442
v 0.07787109 -0.02043902 0.00355837
v 0.07763006 -0.02094057 0.00611822
v 0.07744602 -0.01707512 0.00613229
v 0.07708567 -0.01450773 0.00778864
v 0.07778199 -0.01776680 0.00217194
v 0.07778255 -0.01990817 -0.00074647
v 0.07754576 -0.01801537 -0.00147370
v 0.07754848 -0.01922215 -0.00570442
v 0.07765878 -0.02462916 0.00590879
v 0.07783311 -0.04064173 0.00696082
v 0.07804935 -0.04217473 0.00336534
v 0.07817822 -0.04247461 0.00065984
v 0.07763241 -0.04459232 0.00344878
v 0.07724308 -0.01870204 0.00857175
v 0.07719283 -0.01308360 -0.00090343
v 0.07723181 -0.01463943 -0.00602465
v 0.07700529 -0.01018069 0.00069540
v 0.07693525 -0.01052912 -0.00361264
v 0.07711250 -0.01265238 0.00710333
v 0.07783087 -0.03378987 0.00361010
v 0.07769621 -0.03504553 0.00860967
v 0.07756731 -0.02993852 0.00790408
v 0.07782088 -0.04455052 -0.00158022
v 0.07805672 -0.04235417 -0.00314122
v 0.07813226 -0.04049849 -0.00449443
v 0.07700409 -0.04654647 -0.00440180
v 0.07819623 -0.03973015 -0.00455791
v 0.07800733 -0.04240374 -0.00957486
v 0.07800788 -0.03657513 -0.00511976
v 0.07792541 -0.03468845 -0.00586063
v 0.07789494 -0.03228583 -0.00246709
v 0.07792367 -0.03263636 -0.00616470
v 0.07791603 -0.03772035 -0.01168778
v 0.07753579 -0.03926878 -0.01428536
v 0.07740254 -0.03759480 -0.01474805
v 0.07778503 -0.03211306 -0.01226659
v 0.07715048 -0.03278039 -0.01580219
v 0.07663576 -0.03266817 -0.01692441
v 0.07635045 -0.03095352 -0.01748140
v 0.07775437 -0.02695104 -0.01262441
v 0.07778003 -0.02839940 -0.01303554
v 0.07775699 -0.02336316 -0.01041209
v 0.07706022 -0.02682294 -0.01567307
v 0.07678778 -0.00790171 0.00226481
v 0.07721630 -0.01200324 0.00530320
v 0.07595572 -0.03728920 -0.01751302
v 0.07605428 -0.04190796 -0.01786608
v 0.07738301 -0.04446887 -0.01328644
v 0.07764575 -0.04309339 -0.01355159
v 0.07786842 -0.04227152 -0.01209075
v 0.07715706 -0.04594788 -0.01037593
v 0.07743576 -0.02554019 -0.01429636
v 0.07721923 -0.01151293 0.00399912
v 0.07691370 -0.00481255 0.00543782
v 0.07608761 -0.04378431 -0.01763483
v 0.07826827 -0.03765317 -0.00055753
v 0.07770961 -0.03936907 0.00801724
v 0.07683379 -0.00929850 0.00021708
v 0.07737352 -0.04517447 -0.00674252
v 0.07599824 -0.04623209 -0.01445647
v 0.07775261 -0.02183613 -0.01071729
v 0.07769336 -0.02100852 -0.00854860
v 0.07737984 -0.01784566 -0.01182902
v 0.07701905 -0.01079754 -0.00901625
v 0.07730738 -0.01679659 -0.01259932
v 0.07605597 0.00467837 0.00903366
v 0.07343243 -0.00244240 0.01920427
v 0.07483197 -0.00622417 0.01763832
v 0.07200485 -0.00512693 0.02104068
v 0.07722698 -0.01433426 -0.00765284
v 0.07072198 0.02427462 0.00889488
v 0.07174757 0.02112993 0.01145480
v 0.07091606 0.02182340 0.01354945
v 0.07259061 0.01914002 0.01181128
v 0.07291144 0.01754928 0.01249488
v 0.07372226 0.01502293 0.01271079
v 0.07228558 0.01799189 0.01438593
v 0.07415296 0.01284360 0.01339809
v 0.07127304 0.01845337 0.01640183
v 0.07671996 -0.00350890 0.00680331
v 0.07471272 0.01255527 0.00941043
v 0.07758643 -0.04428315 0.00483273
v 0.07256971 0.00952158 -0.02066905
v 0.06448770 0.03651212 -0.01239430
v 0.06655376 0.03351045 -0.01188793
v 0.06598645 0.03456438 -0.00852425
v 0.06245321 0.03967461 -0.01132258
v 0.06386202 0.03732840 -0.01447523
v 0.06459024 0.03593652 -0.01627057
v 0.06240547 0.03931113 -0.01431185
v 0.06280685 0.03776070 -0.01759009
v 0.06221142 0.03537993 -0.02054242
v 0.06476268 0.03528857 -0.01724547
v 0.06173933 0.03433105 -0.02205392
v 0.06202725 0.04055450 -0.00938423
v 0.06069769 0.04319424 -0.00584995
v 0.05983961 0.04456076 -0.00381818
v 0.06121956 0.04238335 -0.00176485
v 0.06335291 0.03896865 -0.00352903
v 0.06297888 0.03964728 -0.00293124
v 0.06291028 0.03929132 -0.00555184
v 0.05904365 0.04556857 -0.01187229
v 0.05880574 0.04606338 -0.01196732
v 0.05876160 0.04568592 -0.01363552
v 0.05761767 0.04763270 -0.01129331
v 0.05560441 0.04908566 -0.01398068
v 0.05365365 0.05159508 -0.01075601
v 0.05433416 0.05055716 -0.01367227
v 0.05260452 0.05281086 -0.00950980
v 0.05265174 0.05284889 -0.00764712
v 0.05047092 0.05377563 -0.01150845
v 0.06030943 0.04313854 -0.01207632
v 0.05513449 0.05026363 -0.00945945
v 0.06320927 0.03892029 -0.00703424
v 0.06179686 0.04132711 -0.00549101
v 0.04772802 0.05639338 -0.00701312
v 0.04722056 0.05606762 -0.01145930
v 0.04551461 0.05718065 -0.01155628
v 0.04878441 0.05572274 -0.00401120
v 0.04637156 0.05739227 -0.00652088
v 0.04820410 0.05500178 -0.01431596
v 0.04924494 0.05380103 -0.01668701
v 0.05084794 0.05282836 -0.01569024
v 0.04972506 0.05180702 -0.01926302
v 0.05295221 0.04970437 -0.01868784
v 0.05168411 0.04997414 -0.01957933
v 0.04776352 0.05104529 -0.02153766
v 0.04590168 0.05654378 -0.01453592
v 0.04578547 0.05489905 -0.01914688
v 0.04804652 0.05484124 -0.01625544
v 0.05044371 0.05419008 -0.01017148
v 0.04382724 0.05615165 -0.01855609
v 0.04285253 0.05826375 -0.01397841
v 0.04142372 0.05762907 -0.01752410
v 0.03545511 0.05874349 -0.02013972
v 0.03659250 0.05990297 -0.01719235
v 0.06071609 0.04306803 0.00352872
v 0.04144463 0.05592787 -0.02041844
v 0.05053215 0.05447719 -0.00719357
v 0.06108420 0.04189502 0.00679736
v 0.05936248 0.04483020 0.00205575
v 0.05901091 0.04537041 0.00050403
v 0.06166781 0.04133305 0.00487908
v 0.05955646 0.04391059 0.00712056
v 0.06006823 0.04272591 0.01075704
v 0.06267479 0.03905563 0.00954847
v 0.06190023 0.04061238 0.00745538
v 0.06358237 0.03805064 0.00603586
v 0.06521576 0.03566939 0.00403593
v 0.06498100 0.03561376 0.00748166
v 0.06610658 0.03314563 0.01023892
v 0.06491299 0.03442268 0.01236031
v 0.06695336 0.03254600 0.00706115
v 0.05742529 0.04629716 0.00944262
v 0.05794294 0.04494646 0.01224630
v 0.05893128 0.04383374 0.01220775
v 0.05742063 0.04665385 0.00755909
v 0.05779745 0.04599784 0.00807955
v 0.06810158 0.03010378 0.00749656
v 0.06873649 0.02847274 0.00982530
v 0.06698157 0.03029225 0.01359681
v 0.06623561 0.03182248 0.01333058
v 0.06865741 0.02626504 0.01465711
v 0.06785007 0.02952656 0.01153167
v 0.06557282 0.03156109 0.01534080
v 0.06399085 0.03222371 0.01740308
v 0.06462569 0.03347948 0.01500287
v 0.06285213 0.03717397 0.01420918
v 0.06832863 0.02922244 0.00963422
v 0.05663639 0.04794039 0.00214259
v 0.05359140 0.05166872 -0.00015683
v 0.05666501 0.04812871 0.00094423
v 0.05297325 0.05240427 -0.00143874
v 0.05437945 0.05098838 -0.00194007
v 0.05412310 0.05133721 -0.00549060
v 0.05445990 0.05092019 -0.00684353
v 0.05327640 0.05145975 0.00283278
v 0.05089686 0.05420804 -0.00184970
v 0.05553374 0.04898621 0.00340900
v 0.04984409 0.05475704 0.00039027
v 0.05501651 0.05026003 -0.00197490
v 0.06746524 0.02668454 0.01671617
v 0.05722690 0.04726508 0.00350817
v 0.05966561 0.04414847 0.00575793
v 0.06934644 0.02421872 0.01502954
v 0.07064112 0.02344875 0.01184165
v 0.07114961 0.01879939 0.01643352
v 0.06281935 0.04008138 0.00320086
v 0.06350266 0.03902715 0.00144243
v 0.06318842 0.03763346 0.01195671
v 0.06646655 0.03401757 0.00311931
v 0.06568732 0.03523611 0.00240257
v 0.06666740 0.03402271 -0.00189672
v 0.06855437 0.03075799 -0.00293727
v 0.06795703 0.03194607 -0.00118696
v 0.06906310 0.02936617 -0.00456466
v 0.06955083 0.02894587 0.00129263
v 0.06760287 0.03192710 -0.00692011
v 0.06844976 0.03046175 -0.00938768
v 0.06700195 0.03269479 -0.00774775
v 0.06998408 0.02729733 -0.00879387
v 0.06567846 0.03560616 -0.00427061
v 0.06977758 0.02788099 -0.00716499
v 0.07049661 0.02643630 -0.00502693
v 0.06667751 0.03387683 -0.00598631
v 0.06099582 0.04086904 0.01308304
v 0.04323093 0.05848749 -0.00916041
v 0.04040638 0.06063894 -0.00487104
v 0.03902965 0.06160697 -0.00279089
v 0.04211820 0.05991956 -0.00491680
v 0.04028755 0.05996030 -0.00859951
v 0.04198381 0.05879680 -0.01268852
v 0.03958987 0.06151239 0.00315871
v 0.04194249 0.06031363 -0.00075107
v 0.04321773 0.05945987 0.00287027
v 0.04273248 0.05994331 0.00092273
v 0.03974085 0.06084136 0.00676025
v 0.03847204 0.06077385 0.01106022
v 0.03487712 0.06260476 0.00952076
v 0.04143608 0.05991781 0.00569391
v 0.04577484 0.05755208 0.00232724
v 0.05871869 0.04568676 0.00342545
v 0.06090611 0.04281969 -0.00036985
v 0.06429060 0.03560761 0.01241116
v 0.06155048 0.03951521 -0.01778950
v 0.06302902 0.03243520 -0.02176995
v 0.06243269 0.03807056 0.01376986
v 0.06046510 0.04035689 0.01493956
v 0.06766406 0.03168998 0.00441240
v 0.06415132 0.03741154 -0.00904977
v 0.07528882 0.01124806 -0.00140431
v 0.07608480 0.00501858 -0.00082585
v 0.07579571 0.00822423 0.00010507
v 0.06260742 0.03647158 0.01555132
v 0.07639012 0.00217248 0.01026383
v 0.06221427 0.03966571 0.01150798
v 0.06669949 0.02962529 -0.01848941
v 0.06321425 0.02978527 -0.02352089
v 0.07665167 -0.00675973 0.01254328
v 0.07684682 -0.00367046 -0.00439600
v 0.07677879 -0.04654808 0.00402243
v 0.07667934 -0.04358333 0.01570337
v 0.07710880 -0.04270920 0.01487152
v 0.07686514 -0.03721931 0.01607945
v 0.07628054 -0.04048146 0.01820766
v 0.07645226 -0.03691057 0.01734014
v 0.07619889 -0.03592718 0.01794240
v 0.07750901 -0.03834587 0.01345984
v 0.07687816 -0.02978670 0.01567679
v 0.07754721 -0.03501312 0.01040460
v 0.07756933 -0.04397881 0.00786698
v 0.07756818 -0.03505428 0.01154963
v 0.07673499 -0.03213247 0.01609633
v 0.07536045 -0.03446758 0.01970096
v 0.07560429 -0.03147999 0.01859621
v 0.07424202 -0.02995481 0.02057168
v 0.07605487 -0.04700294 0.01038013
v 0.07561326 -0.04685015 0.01442155
v 0.07528151 -0.04517349 0.01888826
v 0.07733340 -0.04260720 0.01294956
v 0.07745712 -0.04393164 0.00832149
v 0.07677373 -0.04710328 0.00194641
v 0.07714959 -0.04649986 0.00010562
v 0.07565120 -0.04925003 -0.00386877
v 0.07669538 -0.04734598 -0.00436620
v 0.07582152 -0.04883684 -0.00556280
v 0.07634422 -0.04694355 0.00845587
v 0.07692411 -0.00433558 -0.00069371
v 0.07577834 -0.04355216 0.01891901
v 0.07694246 -0.01049087 -0.00635009
v 0.07634258 -0.04317906 0.01694612
v 0.07449782 -0.03818959 0.02063816
v 0.07465151 -0.03426736 0.02064091
v 0.04164754 0.05924206 0.01062390
v 0.07693309 -0.01025607 -0.00756958
v 0.04222934 0.05900833 0.00880256
v 0.07558108 -0.01717468 -0.01809478
v 0.07498389 -0.01386124 -0.01869989
v 0.07455001 -0.01833824 -0.01946206
v 0.07471773 -0.01953428 -0.01929474
v 0.07619390 -0.02103350 -0.01712774
v 0.07550964 -0.02343686 -0.01857564
v 0.07655798 -0.02213872 -0.01655253
v 0.07644292 -0.01750692 -0.01642949
v 0.06879276 0.02596277 0.01461232
v 0.03460620 0.06079304 -0.01706143
v 0.02993060 0.05855396 -0.02316799
v 0.02825746 0.06130709 -0.02103066
v 0.07565107 0.00848814 -0.00387156
v 0.06110837 0.04174026 -0.01176729
v 0.07360288 0.01649617 0.00845754
v 0.07277394 0.01906530 0.01053404
v 0.07252424 0.02003998 0.00818025
v 0.06011485 0.04153274 -0.01788489
v 0.07601107 -0.04622123 0.01363925
v 0.07795885 -0.02915128 -0.01091575
v 0.07794366 -0.02944973 -0.01010037
v 0.07800959 -0.03005852 -0.00742859
v 0.07784794 -0.02414022 -0.00661745
v 0.07705727 -0.01163994 0.00802422
v 0.07578146 -0.01538830 0.01680927
v 0.07401130 -0.01491957 0.02003470
v 0.07370611 -0.01052418 0.01993568
v 0.07441097 -0.01132794 0.01904291
v 0.07450538 -0.01946048 0.02012291
v 0.07440902 -0.02090990 0.02033067
v 0.07624453 -0.02463195 0.01697876
v 0.07510650 -0.02351169 0.01952815
v 0.07624997 -0.02723755 0.01788635
v 0.07572849 -0.01937489 0.01768506
v 0.07629935 0.00411023 -0.00563552
v 0.07634445 0.00285637 -0.00474536
v 0.07677463 -0.00289648 -0.00838794
v 0.07681263 -0.00252137 -0.00935095
v 0.07238111 0.02201629 -0.00956027
v 0.07308495 0.01884957 0.00166068
v 0.05582279 0.04618253 0.01537093
v 0.05465879 0.04937127 0.01061154
v 0.05140643 0.05232516 0.00947028
v 0.05380951 0.05064099 0.00735888
v 0.05131774 0.05268000 0.00789139
v 0.05202191 0.05260418 0.00255454
v 0.05572734 0.04868262 0.00766219
v 0.05390212 0.04939140 0.01333228
v 0.05401285 0.05056396 0.00642966
v 0.05084262 0.05202011 0.01330480
v 0.05006541 0.05337707 0.00948179
v 0.04775371 0.05503164 0.01057826
v 0.04594737 0.05668072 0.00846319
v 0.07722890 -0.02627654 0.01291164
v 0.07722132 -0.02927031 0.01371071
v 0.07468131 -0.04896087 0.01102249
v 0.06895230 0.02851130 0.00771573
v 0.06884868 0.03005712 0.00311739
v 0.05648067 0.04891514 -0.00707647
v 0.05659357 0.04886164 -0.00547722
v 0.05774062 0.04701860 -0.00247989
v 0.07371937 0.01667148 0.00583118
v 0.07029612 0.02567572 -0.01347717
v 0.07778396 -0.02906324 -0.00233595
v 0.07397630 0.01507081 0.01087667
v 0.07447159 -0.04894232 0.01268802
v 0.07175536 -0.00761211 0.02197951
v 0.06977611 0.02627407 0.00983357
v 0.07016421 0.02595085 0.00782234
v 0.06960583 0.02808432 0.00450159
v 0.07617932 -0.02844678 0.01789080
v 0.05894547 0.04582973 -0.00435917
v 0.07639709 -0.03284540 0.01704327
v 0.06383900 0.03695727 0.00973911
v 0.05044120 0.05367013 0.00520059
v 0.04626924 0.05700350 0.00402675
v 0.04804597 0.05579775 0.00277836
v 0.04369353 0.05845307 0.00629162
v 0.06933756 0.02912477 -0.00192008
v 0.07701791 -0.01527525 -0.01450013
v 0.06385663 0.03116930 -0.02157992
v 0.06098203 0.03853529 -0.01958844
v 0.07708658 -0.01807180 -0.01382279
v 0.07459535 0.01415683 0.00420262
v 0.05149087 0.05371632 -0.00385260
v 0.04730827 0.05679195 -0.00134021
v 0.07754002 -0.03264747 0.00902124
v 0.04723523 0.05577735 0.00866179
v 0.06396150 0.03768664 0.00441947
v 0.05047245 0.04723186 -0.02264366
v 0.07387005 -0.01736394 0.02067890
v 0.07720399 -0.01438649 0.00390418
v 0.07665819 -0.02639602 -0.01681546
v 0.07473743 -0.01275991 -0.01906499
v 0.07001633 0.02289671 0.01507701
v 0.07670005 -0.00071652 -0.01139804
v 0.04487788 0.05804801 -0.00738545
v 0.05810163 0.04442209 -0.01806885
v 0.05639748 0.04622798 -0.01829506
v 0.05571351 0.04655392 -0.01885596
v 0.05535423 0.04784991 -0.01767321
v 0.05800550 0.04434826 -0.01853642
v 0.05605339 0.04473482 -0.02052354
v 0.05753932 0.03757950 -0.02358251
v 0.05259239 0.04626987 -0.02223235
v 0.05758550 0.04109629 -0.02160585
v 0.07584893 -0.02541661 -0.01802710
v 0.07428533 -0.02437159 -0.01993669
v 0.05974977 0.03728865 -0.02194587
v 0.05217428 0.05144043 0.01120200
v 0.07687706 -0.02404904 0.01496035
v 0.07798259 -0.02385448 -0.00323600
v 0.05767414 0.04755190 -0.00916613
v 0.07791684 -0.02324382 -0.00354276
v 0.06429435 0.03773572 -0.00436284
v 0.07815229 -0.03650337 0.00276832
v 0.06474706 0.03709963 0.00005884
v 0.05364246 0.04845194 -0.01933565
v 0.05977649 0.03999539 -0.01991990
v 0.07750218 -0.04560033 -0.00042274
v 0.07402817 0.01736257 -0.00553267
v 0.07814522 -0.04138050 -0.00950582
v 0.07573779 -0.04793840 0.00659775
v 0.06002027 0.04258440 -0.01547851
v 0.07671058 -0.04732351 -0.00820438
v 0.07747897 -0.03100590 0.00797608
v 0.06736889 0.03264165 0.00220405
v 0.07597358 0.00684251 -0.01199300
v 0.05586994 0.04815119 0.00972614
v 0.04620790 0.05749446 -0.00582978
v 0.04390777 0.05915578 -0.00182251
v 0.03647041 0.06156297 0.01222187
v 0.07550252 -0.02971684 -0.01860617
v 0.06295005 0.03990669 0.00110101
v 0.07538791 0.01136947 -0.01326878
v 0.05632740 0.04739027 0.01040532
v 0.07250480 0.02103761 0.00120776
v 0.07538789 -0.00372132 0.01630973
v 0.04954921 0.05149702 -0.01987304
v 0.04694848 0.05331718 -0.02013526
v 0.07290733 -0.00545341 -0.02106699
v 0.05864000 0.04248924 -0.01940626
v 0.04949009 0.05523297 -0.00068854
v 0.07564920 -0.01004937 -0.01741344
v 0.05159489 0.05372189 -0.00602112
v 0.07398611 -0.00691445 0.01898595
v 0.05196120 0.05250206 -0.01370774
v 0.07564832 -0.04722376 -0.01437174
v 0.07431354 -0.00314643 -0.01944764
v 0.06155558 0.04136204 -0.00839816
v 0.06124867 0.04073839 -0.01565982
v 0.07608434 0.00441717 -0.01185921
v 0.07396340 -0.00906196 0.01927283
v 0.07503185 -0.04710396 -0.01647067
v 0.06894524 0.02636429 0.01328216
v 0.07733312 -0.01997951 0.00841688
v 0.05199352 0.05178499 -0.01570295
v 0.07272969 0.01280356 0.01769635
v 0.06490132 0.03658256 -0.00654315
v 0.07669980 -0.01716181 0.01203712
v 0.07654485 -0.00518553 -0.01312296
v 0.07220154 0.01487529 0.01733452
v 0.07460817 -0.04741021 0.01684811
v 0.07634487 0.00284101 -0.00338025
v 0.06895694 0.02935921 -0.00975092
v 0.07744714 -0.04194828 0.01287663
v 0.07626828 0.00370074 -0.01087061
v 0.07676090 -0.00159142 -0.01097019
v 0.07684116 -0.00403486 -0.00759207
v 0.06671816 0.02850381 0.01616783
v 0.05844079 0.04647534 -0.00839515
v 0.06621704 0.03210136 -0.01790301
v 0.07678484 -0.00419116 0.00535939
v 0.07676079 -0.04743133 -0.00721640
vn -0.95563672 -0.07161280 0.28570977
vn -0.99347540 -0.06911035 -0.09072150
vn -0.99454952 -0.07150093 -0.07588720
vn -0.99124743 -0.08933993 -0.09719517
vn -0.65734854 -0.75023929 -0.07094997
vn -0.77826496 0.30540241 0.54866476
vn -0.52133154 -0.84403759 0.12575362
vn -0.90423861 0.34076411 -0.25735648
vn -0.90851682 0.40201085 -0.11394942
vn -0.85628087 0.50504502 0.10822476
vn 0.49626759 0.18843859 0.84747234
vn 0.60058479 0.07518482 0.79601831
vn -0.71706626 0.64901043 0.25416814
vn -0.76208489 0.64344909 0.07211020
vn 0.64507101 -0.18333012 0.74180419
vn 0.72325943 0.02127549 0.69024862
vn 0.79393004 -0.15990948 -0.58660382
vn 0.27647115 0.38740278 -0.87947870
vn 0.73280955 0.68038483 0.00816380
vn -0.17710238 -0.14066285 0.97408866
vn -0.24238139 0.00652758 0.97015909
vn -0.07639278 -0.03587227 0.99643230
vn -0.38609280 0.51676135 -0.76412699
vn -0.51876702 0.84766678 0.11109371
vn -0.43430940 0.68127421 0.58927141
vn 0.05853893 -0.88235394 -0.46693117
vn 0.20972269 -0.61338865 -0.76142679
vn 0.50847666 -0.53285711 -0.67639839
vn 0.11643982 -0.90499844 0.40916940
vn -0.18940421 0.90642397 0.37752038
vn -0.03305160 0.92967016 -0.36690733
vn -0.05258432 0.84091912 -0.53859996
vn -0.17908149 0.98361692 -0.02067777
vn -0.04281883 0.05444200 0.99759842
vn 0.05063904 -0.88101768 -0.47036533
vn 0.39051482 -0.91896414 0.05480041
vn 0.15772236 -0.93884273 0.30610125
vn 0.03317538 -0.61948866 -0.78430427
vn -0.03782519 0.68388604 0.72860767
vn 0.04235582 0.73061435 0.68147535
vn 0.09594797 0.99302772 -0.06848313
vn 0.13340811 0.99051865 -0.03278848
vn 0.09174371 0.31986923 -0.94300942
vn 0.05534210 -0.22023107 0.97387655
vn -0.35904064 -0.83729236 -0.41234855
vn 0.03643639 0.09166588 -0.99512299
vn -0.41122094 -0.87419004 -0.25824235
vn 0.08334612 -0.92647593 -0.36700923
vn -0.32662888 -0.78198967 -0.53085377
vn -0.17238582 -0.61323532 -0.77086028
vn 0.47457530 -0.58788625 0.65510918
vn 0.16337985 0.45293374 -0.87644626
vn -0.26448793 -0.47159670 0.84121501
vn 0.10382016 0.45312375 -0.88538141
vn 0.28558044 0.95405304 0.09070067
vn 0.28369913 0.95294235 0.10684417
vn 0.33156519 0.93667431 0.11271982
vn 0.31778882 0.94663219 0.05383086
vn -0.31921276 -0.25469027 0.91281766
vn -0.08619252 0.64965635 -0.75532608
vn -0.08199986 -0.92113273 -0.38051350
vn -0.05464514 0.65820261 -0.75085500
vn -0.16137152 -0.93239910 0.32340556
vn -0.02485065 0.99461264 0.10063864
vn -0.80455794 -0.30590310 -0.50902830
vn 0.31852779 0.25739174 0.91229904
vn 0.17215621 0.17499967 0.96940051
vn -0.27989025 0.09812838 -0.95500381
vn 0.61908652 0.08167505 0.78106406
vn 0.50543166 0.11788033 0.85477662
vn 0.03080817 -0.10596266 0.99389274
vn 0.64748183 0.75812829 0.07751630
vn 0.62736472 0.77366871 0.08860154
vn -0.84187905 -0.46926141 -0.26652089
vn -0.27730919 -0.14786792 0.94933381
vn 0.10253573 0.21221925 -0.97182787
vn 0.73516426 0.61516903 0.28478162
vn -0.96760815 -0.17174268 -0.18503760
vn 0.77032859 0.63368349 0.07098654
vn -0.91110706 0.40974224 0.04466787
vn -0.80008915 0.59667163 -0.06197038
vn 0.77546481 0.57887610 0.25210473
vn -0.26661404 -0.07978980 0.96049495
vn 0.84161000 0.53435214 0.07848817
vn 0.85422937 0.51985403 0.00663104
vn 0.47953507 0.54807453 -0.68531775
vn 0.50273417 0.27885308 0.81822938
vn 0.47194255 -0.87781462 0.08192512
vn 0.93027839 0.36685315 -0.00094372
vn 0.95323638 0.30221317 0.00275959
vn 0.61274805 -0.02523315 -0.78987538
vn 0.62837333 -0.00734936 -0.77787721
vn 0.28136801 -0.06373566 -0.95748097
vn 0.97954403 0.19870384 -0.03178488
vn 0.80342319 0.01199665 -0.59528755
vn 0.80336398 -0.00610750 -0.59545698
vn 0.99394103 -0.08274678 0.07234782
vn 0.83635144 -0.15609158 0.52550136
vn 0.94219266 -0.15658968 0.29623075
vn 0.84370415 -0.36113217 0.39717358
vn 0.67825163 -0.19757259 0.70777101
vn -0.90847245 0.37846070 -0.17732825
vn -0.77170566 -0.01351388 0.63583626
vn 0.16408187 -0.18079813 0.96973665
vn -0.90998617 0.38218552 -0.16080859
vn -0.81439740 -0.07089242 -0.57596106
vn -0.65616880 0.28306807 0.69951052
vn -0.72571629 -0.30433614 0.61702138
vn -0.79756096 -0.06833872 -0.59935494
vn -0.96715108 -0.07173422 0.24387087
vn -0.93095895 -0.08331695 -0.35549082
vn -0.81224244 -0.13993584 -0.56628630
vn -0.71286904 -0.65236686 -0.25736201
vn -0.34967233 -0.74189023 -0.57212599
vn -0.61015889 -0.78942225 -0.06722089
vn 0.09214551 -0.96689477 -0.23795737
vn -0.44839739 -0.10403773 0.88775894
vn -0.75911517 0.05618349 0.64852724
vn -0.60796230 -0.14314565 0.78095529
vn -0.56593703 -0.17831333 0.80493455
vn -0.78694115 -0.14406062 0.59997514
vn -0.63109165 -0.05367332 0.77384915
vn -0.66230401 -0.07134861 0.74583026
vn -0.56465050 -0.08267706 0.82117862
vn -0.70830149 -0.07900386 0.70147516
vn -0.55592908 -0.08479474 0.82689341
vn -0.49191136 -0.14903845 0.85779412
vn -0.27492638 0.00625887 0.96144491
vn -0.57111172 -0.09234380 0.81566171
vn -0.47149263 -0.11414138 0.87445208
vn -0.39778319 -0.10475495 0.91147953
vn -0.03166500 0.08106249 0.99620590
vn -0.47552828 -0.13228988 0.86969664
vn -0.64768684 -0.09027762 0.75653930
vn -0.34414663 -0.19306190 0.91885265
vn -0.46667304 -0.36367022 0.80620112
vn -0.26706852 -0.13766645 0.95379366
vn -0.31615441 -0.22760823 0.92099994
vn -0.36081776 -0.01322372 0.93254259
vn -0.45401559 -0.08563818 0.88686862
vn 0.18645201 0.04420044 0.98146929
vn 0.11082496 -0.12548256 0.98588638
vn -0.69842911 0.29962213 -0.64994104
vn -0.53320303 0.39003635 -0.75071044
vn -0.79704513 0.42143553 -0.43256347
vn -0.62185351 0.65088609 -0.43548307
vn -0.69987810 0.21574729 -0.68089922
vn -0.60986107 0.14427301 -0.77926553
vn -0.86810143 0.25937918 -0.42322848
vn -0.47194998 0.06377561 -0.87931558
vn -0.50779349 0.01083655 -0.86141067
vn -0.30316401 0.42601084 -0.85241208
vn -0.55114475 0.70550505 -0.44553573
vn -0.42044420 0.25334448 -0.87123088
vn -0.28384463 0.26911445 -0.92033127
vn -0.35529323 -0.03250325 -0.93418963
vn -0.53279216 0.02795517 -0.84578427
vn -0.38858346 -0.10249558 -0.91569512
vn -0.71455677 -0.00048103 -0.69957729
vn -0.80498353 0.07118019 -0.58901179
vn -0.62003880 -0.10756317 -0.77716282
vn -0.33027565 -0.14017979 -0.93341718
vn -0.72322170 -0.03605509 -0.68967413
vn -0.80656644 0.01126381 -0.59103613
vn -0.52156773 -0.00935185 -0.85315863
vn -0.64963851 -0.01894461 -0.76000718
vn -0.46579755 -0.05777278 -0.88300337
vn -0.51568925 -0.15661482 -0.84233984
vn -0.30816793 0.00667942 -0.95130852
vn -0.32301950 -0.17092316 -0.93082957
vn -0.59409812 -0.13786149 -0.79249078
vn -0.37256341 -0.18102135 -0.91018008
vn -0.43281141 -0.15616421 -0.88785530
vn -0.31277799 -0.08204557 -0.94627610
vn -0.70377131 -0.21433609 -0.67732266
vn -0.59841878 -0.18232115 -0.78016278
vn -0.59583955 -0.18357227 -0.78184171
vn -0.42609302 -0.16744689 -0.88904796
vn -0.35194499 -0.17870262 -0.91880362
vn -0.39496613 -0.15252570 -0.90594573
vn -0.34336871 -0.06985210 -0.93659950
vn -0.39195729 -0.15983094 -0.90599313
vn -0.40929217 0.25244840 -0.87678374
vn -0.49452264 0.13992541 -0.85782763
vn -0.23088994 -0.12304225 -0.96516861
vn -0.31262063 -0.15488297 -0.93716573
vn -0.52692331 -0.35545574 -0.77201233
vn -0.59697092 -0.34904983 -0.72235029
vn -0.59991935 -0.20086301 -0.77443581
vn -0.67874110 -0.14170186 -0.72057692
vn -0.84451758 -0.19539643 -0.49860837
vn -0.86131854 0.01901547 -0.50770935
vn -0.82518329 -0.12602083 -0.55062808
vn -0.75165314 -0.08334774 -0.65427113
vn -0.84800469 -0.15400936 -0.50711849
vn -0.54060776 -0.49570274 -0.67972203
vn -0.67045769 -0.37873735 -0.63800040
vn -0.81208596 -0.26604221 -0.51936301
vn -0.52322128 -0.28928852 -0.80159319
vn -0.57045579 -0.38329721 -0.72640446
vn -0.49554023 -0.41190746 -0.76470395
vn -0.42659437 -0.58682849 -0.68822203
vn -0.45695035 -0.60807752 -0.64918264
vn -0.18719800 -0.22294108 -0.95668918
vn -0.59784733 0.70257808 -0.38595675
vn -0.43995127 0.64227385 -0.62763618
vn 0.49356440 0.05438295 0.86800730
vn 0.70861115 -0.50334833 0.49448022
vn 0.49717494 -0.85906700 0.12174142
vn 0.13591076 -0.61371660 0.77774045
vn 0.68356379 -0.72984994 -0.00772028
vn 0.49064816 -0.58194696 -0.64853845
vn 0.30194008 -0.95201071 -0.05007795
vn 0.29038105 -0.81459084 -0.50211614
vn -0.06268794 -0.69423199 -0.71701615
vn 0.28599547 -0.89715876 -0.33661960
vn 0.37538546 -0.92434180 0.06839589
vn 0.22341179 -0.74203093 0.63204214
vn -0.13013048 -0.95622198 0.26211748
vn -0.03967975 -0.87745095 0.47802234
vn 0.62789261 -0.53452675 0.56571373
vn 0.58227647 -0.62416672 0.52093187
vn 0.88229245 -0.43953356 -0.16843479
vn 0.69040804 -0.54155997 0.47963480
vn -0.29258060 -0.93301316 0.20948277
vn -0.18714371 -0.56705728 -0.80213669
vn -0.23349516 -0.55968138 -0.79513317
vn -0.71239221 -0.67063022 -0.20676666
vn 0.12083474 -0.58786399 -0.79988430
vn -0.29669544 -0.83237575 0.46810514
vn 0.67865844 -0.57299351 0.45945746
vn 0.33336262 -0.92525911 0.18101090
vn 0.50717817 -0.85491001 0.10908335
vn 0.12911421 -0.37281414 0.91887928
vn -0.94163339 0.09728975 0.32227514
vn -0.59541265 0.74362321 -0.30415178
vn -0.93955411 -0.22928745 0.25429381
vn -0.98339112 -0.15676797 -0.09146426
vn -0.84843639 -0.39392096 0.35352789
vn -0.92809882 -0.36272087 -0.08406041
vn 0.68351050 -0.47328842 0.55570807
vn 0.45936488 -0.45258080 0.76430003
vn 0.61867011 -0.00705599 0.78561919
vn 0.69434582 -0.36487413 0.62028280
vn 0.76769015 -0.56297469 0.30612307
vn 0.82604992 -0.49326247 0.27264200
vn 0.61903982 -0.57514247 0.53479047
vn 0.50543322 -0.59123094 -0.62847692
vn 0.30539181 -0.64676200 -0.69888107
vn 0.41116086 -0.67540365 -0.61219005
vn 0.38930612 -0.76670718 -0.51049079
vn 0.44466167 -0.58571070 -0.67765698
vn 0.44434338 -0.67085742 -0.59372492
vn 0.52162768 -0.75780631 -0.39196192
vn 0.38533025 -0.76552400 -0.51526071
vn 0.25751354 -0.82009458 -0.51101042
vn 0.20983773 -0.79072892 -0.57507904
vn 0.42998742 -0.71256186 -0.55440636
vn 0.53562763 -0.77019155 -0.34627736
vn 0.51962913 -0.70370526 -0.48454563
vn 0.49789794 -0.70083614 -0.51080950
vn 0.13786222 -0.91328925 -0.38327111
vn 0.28146045 -0.83132739 -0.47924398
vn 0.40385058 -0.83586187 -0.37180593
vn 0.37625781 -0.86219151 -0.33919885
vn 0.16988351 -0.97716744 -0.12760639
vn -0.00019246 -0.99889602 -0.04697557
vn 0.20185109 -0.59287893 0.77958368
vn 0.93269706 -0.22044082 0.28545058
vn 0.95632229 0.06393307 0.28523717
vn 0.67444868 -0.67129592 0.30737723
vn 0.46830117 -0.87526671 0.12083960
vn 0.33880454 -0.67252370 0.65796911
vn 0.67193542 -0.59299632 0.44368701
vn 0.23808183 -0.23645833 0.94202150
vn -0.23861258 -0.68855998 -0.68479865
vn -0.55858890 -0.45106252 -0.69607546
vn 0.15550644 0.35344483 -0.92243943
vn -0.59005035 0.25983240 -0.76441331
vn -0.26732596 -0.45341370 0.85026634
vn -0.33594592 -0.23012686 0.91333563
vn -0.20804377 -0.62472169 0.75262248
vn -0.13020412 -0.25733819 0.95750924
vn 0.09801116 -0.48393361 0.86959880
vn 0.47277034 -0.82364308 0.31320965
vn 0.25048842 -0.83457963 0.49064487
vn 0.00856043 -0.48307822 0.87553535
vn -0.30621602 -0.82121454 0.48149602
vn -0.00506879 -0.35262794 0.93574988
vn 0.24595338 -0.67050398 0.69995096
vn 0.32761091 -0.66248483 0.67363562
vn -0.06665741 -0.13798217 0.98818911
vn 0.56626970 -0.82408386 -0.01498060
vn 0.50585658 -0.86059858 0.05898479
vn 0.05292205 -0.97727768 -0.20525010
vn 0.43157772 -0.74553543 -0.50785588
vn 0.15425328 -0.91032628 -0.38407289
vn 0.70287712 -0.39265366 0.59311622
vn 0.51930525 -0.40771861 0.75105765
vn 0.40402052 -0.70067484 0.58806649
vn 0.10737891 -0.26406228 0.95850972
vn 0.63540735 -0.74983969 0.18438530
vn 0.60543024 -0.78168858 0.14972371
vn 0.91287527 -0.28957567 0.28775801
vn 0.72321114 -0.42576846 -0.54377097
vn 0.65304618 -0.44271607 -0.61443728
vn 0.19339319 -0.39481001 -0.89817823
vn 0.95247339 -0.09030172 0.29092963
vn 0.65781515 0.18863951 0.72917376
vn 0.48591147 0.26276806 0.83357243
vn 0.77961914 -0.41039465 0.47304358
vn -0.29780175 -0.41669858 0.85888090
vn 0.21412278 -0.54951118 0.80758213
vn 0.40320338 0.64073745 0.65336250
vn 0.37259177 0.15761444 0.91451247
vn 0.45941580 0.53881855 0.70612441
vn -0.29585864 -0.89102392 0.34430226
vn 0.61052387 -0.76105415 -0.21921947
vn 0.29749925 0.95191349 0.07317717
vn -0.29250752 0.95203064 0.08987223
vn -0.27116106 0.95814530 0.09181098
vn 0.14017150 0.98791780 0.06610882
vn -0.34831981 0.92533426 0.14976585
vn -0.30959245 0.92306973 0.22824282
vn -0.23349414 0.97046068 0.06071694
vn -0.17529904 0.97687049 0.12245120
vn -0.13305602 0.98842071 0.07294246
vn -0.24887691 0.95936477 0.13296437
vn -0.25309260 0.93755777 0.23859915
vn -0.25244691 0.96689001 -0.03734001
vn -0.24589987 0.96921243 0.01266991
vn -0.22221301 0.97375314 -0.04925644
vn -0.26917000 0.96307681 0.00552892
vn -0.24653838 0.96854382 -0.03378908
vn -0.28596647 0.95808818 -0.01703599
vn -0.30382028 0.95197822 0.03782476
vn -0.30738260 0.95130212 -0.02324242
vn -0.34022320 0.93935583 -0.04311374
vn -0.29137417 0.95647159 -0.01622298
vn -0.22699434 0.97388024 0.00555398
vn -0.27167006 0.96232610 -0.01112932
vn -0.22926390 0.97302840 0.02556948
vn -0.26826549 0.96255526 0.03900010
vn -0.21205647 0.97720378 -0.01023824
vn -0.26275401 0.96450641 0.02622419
vn -0.30715668 0.95124013 0.02823095
vn -0.29740884 0.95438737 -0.02631977
vn -0.30711486 0.95116658 -0.03102583
vn -0.31519106 0.94896026 -0.01135890
vn -0.32936051 0.94363640 -0.03274127
vn -0.27883656 0.95674131 -0.08304358
vn -0.28761526 0.95527199 0.06879601
vn -0.31774652 0.94738320 0.03875847
vn -0.33503296 0.94030216 -0.05987296
vn -0.34418410 0.89388690 -0.28723427
vn -0.20600908 0.97818463 -0.02674111
vn -0.17594137 0.98429458 0.01445028
vn -0.19797100 0.97952098 0.03668961
vn -0.21704391 0.97615043 -0.00472054
vn -0.17819812 0.95627548 -0.23191085
vn -0.18810064 0.98213826 0.00475269
vn -0.11037207 0.97070808 -0.21340998
vn -0.20331276 0.97828638 -0.04024533
vn -0.20972012 0.97774378 0.00588039
vn -0.11146707 0.99375503 0.00510293
vn -0.20685026 0.97755361 0.04002375
vn -0.13630267 0.98983228 0.04066505
vn -0.32590938 0.94470347 -0.03631012
vn -0.39777418 0.91700439 0.02964192
vn -0.27538266 0.96049070 0.04027415
vn -0.31668011 0.94544717 -0.07644188
vn -0.32541640 0.94556545 0.00318550
vn -0.35817662 0.93179673 0.05885875
vn -0.30216758 0.95214382 0.04600985
vn -0.28155358 0.95949895 -0.00945270
vn -0.25012989 0.96810084 0.01469020
vn -0.34498557 0.93693242 -0.05605888
vn -0.34795573 0.93692283 -0.03320267
vn -0.39923387 0.91646835 -0.02642122
vn -0.32127977 0.94697730 0.00364637
vn -0.35430642 0.93440500 -0.03680012
vn -0.35998139 0.92974069 -0.07743164
vn -0.32114814 0.94701721 -0.00471996
vn -0.44554221 0.89516365 0.01319765
vn -0.27394929 0.94627659 -0.17179176
vn -0.37855821 0.92482218 0.03738482
vn -0.39077353 0.91842978 0.06150440
vn -0.41147370 0.90522707 0.10608181
vn -0.45408975 0.89083886 0.01444396
vn -0.44486000 0.89546132 0.01576701
vn -0.15706320 0.98726905 0.02511939
vn -0.12760414 0.99153693 0.02391032
vn -0.27926198 0.94096024 -0.19132843
vn -0.35133349 0.93222669 -0.08670737
vn 0.07357917 0.97444842 -0.21221777
vn -0.35413311 0.91475471 -0.19445709
vn -0.33617605 0.91476814 -0.22401988
vn -0.41301572 0.90755318 -0.07592916
vn -0.40518639 0.91115073 -0.07502226
vn -0.38436565 0.92280677 0.02628128
vn -0.27214323 0.89312667 -0.35813797
vn -0.13729632 0.99031826 0.02048089
vn -0.12761312 0.99149352 0.02560240
vn -0.12189460 0.98322898 -0.13565570
vn -0.42651184 0.90431405 -0.01742829
vn -0.22688299 0.97239621 -0.05449518
vn -0.10809618 0.99391123 -0.02134660
vn -0.47255048 0.87562475 0.09988665
vn -0.45600101 0.88909763 0.03960413
vn -0.43754743 0.89489043 0.08788264
vn -0.48220295 0.87029401 0.10034270
vn -0.14122729 0.92167725 -0.36133904
vn -0.12113499 0.99174335 -0.04208848
vn -0.09740039 0.99506601 0.01888943
vn -0.10906767 0.99332368 -0.03758079
vn -0.06205218 0.99776528 -0.02477837
vn -0.07940299 0.99682300 0.00625055
vn -0.10758647 0.99413137 0.01131244
vn -0.09426499 0.99391541 0.05697601
vn 0.00203034 0.96714061 0.25423398
vn -0.04583871 0.93848210 0.34227205
vn -0.08984996 0.99451313 0.05357813
vn -0.08899672 0.99421395 0.06015154
vn -0.07869018 0.99598208 0.04274981
vn 0.06947742 0.98879207 -0.13214814
vn 0.01029920 0.99994235 0.00303550
vn -0.07009569 0.99736936 0.01846497
vn -0.25833831 0.95156841 -0.16667000
vn -0.08068491 0.99633948 0.02824156
vn -0.08277785 0.99587106 -0.03726464
vn -0.04943138 0.99877723 -0.00076472
vn -0.13638937 0.98121448 0.13644074
vn 0.04900594 0.99804032 -0.03890929
vn 0.03525914 0.99879020 -0.03427716
vn -0.15594701 0.98692577 -0.04071930
vn -0.09897699 0.91261602 -0.39665547
vn 0.05104331 0.99812606 -0.03374835
vn -0.01716564 0.99806609 0.05974460
vn -0.08047525 0.99543888 0.05123634
vn -0.09782653 0.99441439 -0.03962319
vn 0.03419333 0.99811845 -0.05089570
vn -0.14541843 0.98168769 0.12305590
vn 0.05772843 0.99767973 -0.03609134
vn -0.02712803 0.96771553 0.25058078
vn -0.02315184 0.98504377 0.17074182
vn -0.17743059 0.89119842 -0.41747306
vn 0.04084783 0.99896738 -0.01989038
vn -0.40517900 0.85194710 -0.33168678
vn -0.02840707 0.95583654 -0.29252273
vn -0.00675503 0.87817465 0.47829243
vn -0.01242777 0.88861915 -0.45847743
vn -0.48817579 0.87231766 0.02731856
vn -0.48644919 0.87044103 0.07549572
vn -0.52170237 0.85297629 0.01606516
vn -0.48543328 0.87248297 0.05592853
vn -0.46369467 0.88575037 -0.02082151
vn 0.10075996 0.99456705 -0.02614998
vn -0.01483651 0.99954191 -0.02637882
vn -0.43172199 0.88577655 0.17034093
vn 0.10610031 0.99273926 -0.05667002
vn -0.49717246 0.86557250 0.06003165
vn -0.54576452 0.83768095 0.02077783
vn -0.53556422 0.83613654 0.11851861
vn -0.38158470 0.82575757 -0.41535232
vn -0.31308198 0.88413850 0.34681232
vn -0.48873056 0.86873255 0.08028822
vn -0.42773811 0.90379976 0.01364204
vn -0.52414556 0.84788578 0.07975674
vn -0.38492002 0.85448243 0.34885005
vn -0.31860223 0.85061943 -0.41825735
vn -0.24861515 0.91844495 0.30765139
vn 0.09774159 0.99172480 0.08323769
vn 0.07609313 0.99076049 -0.11226522
vn -0.56958638 0.82104306 -0.03820532
vn -0.59686365 0.79878419 0.07548250
vn -0.57767575 0.81440497 0.05509333
vn -0.53032658 0.84698380 0.03704271
vn -0.54675161 0.82849678 0.12106097
vn -0.49445563 0.84353815 0.20965928
vn -0.60919987 0.78694647 0.09793249
vn -0.43287964 0.80886406 0.39793737
vn -0.25633231 0.86336777 0.43461458
vn -0.54592956 0.83732513 0.02911253
vn -0.61349136 0.78892081 0.03510432
vn -0.60005121 0.79992824 0.00730491
vn -0.59638594 0.80160056 -0.04195653
vn -0.58208395 0.80902726 0.08156692
vn -0.58626146 0.79681789 -0.14621471
vn 0.04257519 0.87489578 0.48243624
vn -0.58798808 0.79382058 0.15530260
vn -0.55107383 0.81860636 0.16186805
vn -0.62201833 0.78023767 0.06574470
vn -0.16664883 0.76229634 -0.62540583
vn 0.08424632 0.96999573 -0.22805885
vn 0.17535238 0.97347483 -0.14696362
vn 0.08575625 0.99015720 -0.11061006
vn 0.15007119 0.98340558 -0.10194165
vn 0.12582289 0.99145196 -0.03451980
vn 0.13520186 0.98990530 -0.04252014
vn 0.11852644 0.99122796 -0.05846899
vn 0.15137312 0.98740814 -0.04594945
vn 0.12021216 0.99053689 -0.06622468
vn 0.14875324 0.98773761 -0.04740126
vn 0.13114553 0.99057804 -0.03944605
vn 0.11476446 0.98442349 -0.13318973
vn 0.10590458 0.99174823 -0.07224725
vn 0.10564297 0.99278531 -0.05671766
vn 0.13279315 0.98862220 -0.07065498
vn 0.12659131 0.99155455 -0.02818182
vn 0.16315103 0.98654741 -0.01029318
vn 0.16351036 0.98592454 -0.03488786
vn 0.16355045 0.98403057 -0.07025023
vn 0.11727163 0.98806527 0.09987182
vn 0.12622607 0.97633420 -0.17560897
vn 0.11092116 0.99374962 -0.01257741
vn 0.19276742 0.97499955 -0.11052871
vn 0.18266334 0.97603426 -0.11828449
vn 0.17517661 0.98101459 -0.08320774
vn 0.13470287 0.98986563 -0.04495734
vn 0.14509533 0.98810107 -0.05102574
vn 0.12313496 0.99208547 -0.02458060
vn 0.13207231 0.98406823 0.11902363
vn 0.12997355 0.99097437 -0.03281276
vn 0.18671611 0.98199263 -0.02876747
vn 0.19024249 0.95155689 -0.24155181
vn 0.18437943 0.98143386 0.05283746
vn 0.05526920 0.99122397 0.12008481
vn 0.19453185 0.98039402 -0.03138345
vn 0.18093992 0.88768452 -0.42341108
vn 0.20912992 0.95873763 -0.19257940
vn 0.17779976 0.96227721 -0.20593644
vn 0.14680029 0.95082792 -0.27271951
vn 0.24209762 0.96785292 -0.06818699
vn 0.20839630 0.97488435 -0.07855886
vn 0.24556646 0.96907341 -0.02436868
vn 0.20927124 0.97737555 0.03070148
vn 0.27179014 0.96076078 0.05539718
vn 0.20955021 0.97715786 0.03537269
vn 0.01290820 0.81214724 -0.58330972
vn 0.22126258 0.96613849 -0.13273768
vn 0.22761292 0.96710727 0.11356009
vn 0.23223803 0.97180141 0.04083529
vn 0.22278733 0.96455954 0.14138846
vn 0.28071057 0.95612166 0.08386270
vn 0.25475336 0.96406235 0.07539576
vn 0.31651843 0.90917559 -0.27058425
vn 0.28521295 0.95519422 -0.07910484
vn 0.25556579 0.91766160 0.30427507
vn 0.18353847 0.97036468 0.15718151
vn 0.20648019 0.96565659 0.15771263
vn 0.29985413 0.94325585 -0.14267412
vn -0.13754539 0.93328158 0.33176310
vn 0.28454215 0.93369101 -0.21738642
vn 0.24306803 0.95737014 0.15607802
vn 0.10158953 0.91217301 0.39701382
vn 0.34880096 0.93458204 -0.06995925
vn 0.32934003 0.92515969 -0.18871855
vn -0.26794896 0.81017525 -0.52136303
vn 0.31743015 0.94664232 -0.05573524
vn 0.27941683 0.95406266 -0.10812345
vn 0.27257745 0.95031501 -0.15034267
vn 0.12331419 0.87748865 -0.46347306
vn 0.14070830 0.78673426 -0.60104108
vn 0.19678792 0.88083223 -0.43059158
vn 0.32640265 0.93953672 -0.10359565
vn 0.33020687 0.93990809 -0.08681136
vn 0.34696774 0.92989503 -0.12210086
vn 0.31960745 0.94272415 -0.09551044
vn -0.32939443 0.80277929 -0.49703594
vn 0.15341640 0.84537852 -0.51166255
vn 0.38470091 0.91574566 0.11582355
vn 0.33413240 0.92829373 -0.16317563
vn 0.36268914 0.89851104 -0.24725393
vn 0.37832253 0.91369422 -0.14844167
vn -0.15996955 0.78430176 -0.59940011
vn 0.46006129 0.86220151 0.21201925
vn 0.16642347 0.79978358 -0.57675771
vn 0.15133161 0.79326244 -0.58977407
vn 0.34813238 0.93651176 0.04182778
vn 0.33042303 0.94070216 0.07681184
vn 0.40385139 0.91419390 -0.03396421
vn 0.34707422 0.81383538 -0.46605949
vn 0.06525326 -0.99609173 -0.05952541
vn 0.07169279 -0.99679579 -0.03547257
vn 0.09509892 -0.99541425 0.01032815
vn 0.04830014 -0.99588505 0.07668153
vn 0.04534715 -0.99563233 0.08160818
vn -0.00920305 -0.99890734 0.04581950
vn 0.00865035 -0.99069745 0.13580768
vn 0.22870816 -0.95899681 0.16738488
vn 0.07851242 -0.99511520 0.05984599
vn 0.06920338 -0.99720307 0.02822980
vn 0.02187366 -0.96781172 0.25072299
vn 0.10650869 -0.99420829 -0.01434464
vn 0.03587986 -0.96715867 0.25162818
vn 0.20945080 -0.95975735 0.18707268
vn -0.19884012 -0.93999188 0.27726858
vn 0.03125481 -0.99028593 0.13548770
vn 0.05650027 -0.91271236 0.40467748
vn -0.02550000 -0.99965148 0.00683139
vn -0.00178430 -0.99995065 -0.00977292
vn -0.01030021 -0.99967558 0.02329469
vn -0.00822471 -0.99666929 -0.08113373
vn 0.03502464 -0.99930871 -0.01246472
vn -0.07083441 -0.93235148 0.35454647
vn 0.10028197 -0.74554443 0.65886799
vn 0.09250483 -0.99382752 -0.06123490
vn 0.09356336 -0.99543292 0.01895266
vn 0.11552409 -0.99147109 0.06032627
vn 0.05847067 -0.99775009 0.03280137
vn 0.03486253 -0.98459698 -0.17132829
vn 0.00928474 -0.91773370 -0.39708772
vn 0.01635278 -0.95725378 -0.28878676
vn -0.02151910 -0.99607443 -0.08586424
vn 0.01528954 -0.97067725 0.23989978
vn 0.06892315 -0.94792000 -0.31096187
vn 0.05089953 -0.97106985 -0.23330791
vn 0.07185579 -0.88883997 -0.45254863
vn 0.09111050 -0.94563108 -0.31221906
vn 0.03644513 -0.98904640 -0.14303488
vn 0.07399534 -0.83354423 -0.54747484
vn 0.01638018 -0.94765894 -0.31886396
vn 0.04546611 -0.99805158 -0.04273034
vn 0.07338938 -0.99629357 -0.04486771
vn 0.06960041 -0.99755505 -0.00630177
vn 0.04002876 -0.99918681 0.00483896
vn 0.08114839 -0.99663049 -0.01194168
vn 0.18820320 -0.98200054 -0.01595257
vn 0.05587791 -0.99747152 -0.04391153
vn 0.05693065 -0.99774710 -0.03549130
vn 0.09678340 -0.99473000 -0.03384071
vn 0.02672244 -0.99901038 -0.03555520
vn 0.13699804 -0.99029151 -0.02354273
vn 0.11103357 -0.99375741 -0.01085173
vn 0.09241730 -0.99436050 -0.05202155
vn 0.06632408 -0.99563206 -0.06571087
vn 0.10685258 -0.99423385 0.00903251
vn -0.10663162 -0.91818361 -0.38153448
vn 0.08729023 -0.99553425 0.03594398
vn 0.07245165 -0.99623380 0.04763379
vn 0.09023729 -0.99397739 0.06217856
vn 0.08669955 -0.99566390 0.03371329
vn -0.01105029 -0.99807683 0.06099609
vn 0.06357611 -0.99796835 0.00415292
vn 0.02103311 -0.99975810 0.00643056
vn 0.04910772 -0.99704213 -0.05912208
vn -0.00211531 -0.99332345 -0.11534318
vn 0.03210981 -0.99929547 -0.01942979
vn -0.00493049 -0.99940563 -0.03411844
vn 0.14229074 -0.98975932 0.01139434
vn 0.01739481 -0.99882385 -0.04525864
vn 0.00155160 -0.99939783 -0.03466363
vn -0.02397186 -0.99684174 -0.07570925
vn 0.01687100 -0.99965463 0.02014914
vn -0.03439483 -0.99910508 -0.02461762
vn -0.05850408 -0.99828610 -0.00146438
vn -0.04092317 -0.99773748 -0.05334053
vn -0.08600933 -0.99629146 0.00239359
vn -0.03337794 -0.99842561 0.04508001
vn -0.00374519 -0.99960268 0.02793653
vn -0.07199056 -0.99462749 0.07438762
vn -0.04490081 -0.99892566 0.01146517
vn 0.00788727 -0.99944761 -0.03228406
vn -0.08540034 -0.98530567 0.14791726
vn 0.00305630 -0.98166302 0.19060006
vn -0.08857439 -0.98151743 0.16964112
vn -0.01317284 -0.99744205 0.07025551
vn 0.04867872 -0.97594876 0.21249564
vn -0.07448872 -0.99617025 0.04578501
vn 0.05982463 -0.90255834 0.42639120
vn 0.02845489 -0.99526531 0.09293698
vn 0.03260328 -0.99922479 0.02206453
vn 0.07020396 -0.99653727 0.04455204
vn 0.02590195 -0.97981224 0.19823485
vn 0.04597595 -0.86174632 0.50525191
vn -0.08077293 -0.99554718 0.04859577
vn 0.11585810 -0.95410019 0.27616976
vn -0.02068830 -0.97168888 -0.23535656
vn 0.04677875 -0.99621414 -0.07327441
vn 0.02714481 -0.99461935 -0.09997749
vn 0.07045061 -0.99748555 -0.00769944
vn 0.08914576 -0.96797260 0.23469570
vn 0.06499930 -0.87053978 0.48778641
vn -0.05169989 -0.99770652 -0.04369012
vn 0.05179140 -0.80447163 -0.59172886
vn 0.05787565 -0.87575418 -0.47927552
vn 0.02217653 -0.70442230 -0.70943458
vn 0.02262455 -0.62272151 -0.78211639
vn 0.04206356 -0.80535326 -0.59130093
vn 0.10937115 -0.99017027 -0.08718254
vn 0.05700242 -0.93131727 -0.35972053
vn 0.03509071 -0.99397927 0.10379722
vn 0.03305462 -0.89035258 -0.45407012
vn -0.00884344 -0.99949987 -0.03036129
vn 0.02460198 -0.93325647 -0.35836729
vn 0.04210289 -0.86004204 -0.50848307
vn 0.02104525 -0.92981988 -0.36741270
vn -0.00513639 -0.82193394 -0.56955968
vn 0.05172628 -0.86509289 -0.49893755
vn -0.03745364 -0.80051926 -0.59813555
vn -0.02051891 -0.77869515 -0.62706685
vn 0.06847221 -0.79440466 -0.60351702
vn -0.03033925 -0.86701124 -0.49736409
vn 0.02600813 -0.98920154 -0.14423551
vn 0.02417918 -0.97824690 -0.20603003
vn -0.03987164 -0.85278473 -0.52073837
vn 0.04490099 -0.82483528 -0.56358731
vn 0.08619042 -0.85457870 -0.51211957
vn 0.02750920 -0.86133384 -0.50729406
vn -0.00379596 -0.80823796 -0.58884378
vn -0.24205127 -0.96972166 -0.03242038
vn -0.08826848 -0.99315885 -0.07644718
vn 0.06310437 -0.99244238 -0.10524237
vn 0.31132765 -0.95005921 -0.02150800
vn -0.06351514 -0.99307362 -0.09884636
vn 0.02575834 -0.99773178 -0.06219173
vn -0.05812779 -0.99811358 -0.01975975
vn 0.07765174 -0.99457360 -0.06923550
vn 0.04935287 -0.99538442 -0.08230526
vn 0.31649416 -0.94578485 -0.07295519
vn 0.46190198 -0.87801115 -0.12547105
vn 0.37794677 -0.92266505 -0.07645550
vn 0.57919697 -0.81271417 -0.06345502
vn 0.58061185 -0.81353050 -0.03252694
vn 0.69939365 -0.71463372 -0.01213110
vn 0.69015072 -0.72275326 -0.03632782
vn 0.77021928 -0.63754047 0.01744715
vn 0.59869826 -0.80081514 0.01598463
vn 0.16752312 -0.96966639 -0.17799745
vn -0.07163555 -0.99688682 -0.03293950
vn 0.32326099 -0.94600770 0.02391152
vn 0.48776160 -0.86798004 0.09326987
vn 0.47101634 -0.88074583 0.04929893
vn 0.63732767 -0.76450163 0.09669901
vn 0.49349882 -0.86633729 0.07693255
vn 0.47037649 -0.88240065 0.01072634
vn 0.11594792 -0.98695686 0.11167914
vn 0.03791005 -0.99620491 0.07834929
vn -0.09882871 -0.99433622 0.03909429
vn -0.11631648 -0.97502721 0.18918882
vn -0.09587177 -0.99260599 0.07444423
vn -0.02198829 -0.92544037 0.37825472
vn 0.05464161 -0.99845784 0.00980970
vn -0.03048553 -0.90664055 0.42080108
vn -0.07066866 -0.85708023 0.51031305
vn 0.59904480 -0.79867759 0.05709137
vn 0.27592850 -0.95825744 0.07487415
vn -0.08123900 -0.99443672 -0.06705104
vn 0.28259768 -0.93920844 -0.19500273
vn 0.79182413 -0.60972234 0.03540074
vn 0.80238067 -0.58731068 0.10607275
vn 0.82553390 -0.55673945 0.09238489
vn 0.80472358 -0.59026114 0.06333840
vn 0.02490129 -0.76799141 -0.63997587
vn -0.01068513 -0.79167161 -0.61085342
vn -0.01023427 -0.90485796 -0.42559058
vn -0.02388302 -0.88735627 -0.46046546
vn 0.04922450 -0.97331682 -0.22412344
vn 0.01756683 -0.98942584 -0.14397192
vn 0.11647797 -0.92796937 -0.35398550
vn 0.07186415 -0.97197335 -0.22383780
vn 0.00194020 -0.94374612 -0.33066524
vn 0.05900800 -0.96642558 -0.25007929
vn 0.07579887 -0.98823688 -0.13282468
vn 0.02785431 -0.95949980 -0.28032886
vn 0.06960279 -0.99755387 -0.00646003
vn 0.14203492 -0.98957530 0.02380762
vn 0.08207640 -0.99600687 0.03512528
vn -0.35169554 -0.93193060 -0.08840593
vn -0.02380743 -0.99802750 0.05808887
vn 0.00094951 -0.99695170 0.07801548
vn 0.04911287 -0.99810554 0.03705740
vn 0.00467661 -0.99444360 0.10516684
vn 0.03123693 -0.99913619 0.02740671
vn -0.02087084 -0.96894987 -0.24637485
vn 0.08127218 -0.98109605 -0.17562853
vn -0.03445487 -0.91763325 -0.39593190
vn 0.15366410 -0.89299939 -0.42301234
vn 0.20056094 -0.86444191 -0.46099403
vn 0.21494363 -0.77833699 -0.58990742
vn 0.39811379 -0.69929562 -0.59370956
vn 0.17966596 -0.67213646 -0.71829849
vn 0.15537395 -0.71148421 -0.68530953
vn 0.40515957 -0.82253052 -0.39911058
vn 0.46865719 -0.73790450 -0.48565152
vn 0.03996904 -0.94875360 -0.31347901
vn -0.00591198 -0.99420786 -0.10731163
vn 0.05240642 -0.99772754 -0.04234764
vn 0.04390150 -0.97906847 -0.19874003
vn 0.03713216 -0.99855903 0.03874348
vn 0.04350677 -0.66819496 -0.74271304
vn 0.03693000 -0.57674666 -0.81608790
vn -0.00071484 -0.99988736 0.01499218
vn -0.06097947 -0.98662006 0.15120308
vn 0.16663629 -0.78186884 0.60076074
vn 0.11957481 -0.96431508 0.23621664
vn 0.05418242 -0.97945613 0.19424200
vn 0.08979266 -0.99421833 0.05888285
vn 0.06725262 -0.99732731 0.02855387
vn 0.01638587 -0.99973496 -0.01617163
vn 0.18662575 -0.84319978 0.50416759
vn -0.10940736 -0.98374395 0.14240037
vn 0.67210299 -0.73653069 0.07615853
vn 0.52621083 -0.83756369 0.14693275
vn 0.43754248 -0.87018459 0.22657305
vn 0.58431710 -0.78551745 0.20380350
vn 0.19524820 -0.85859491 0.47401786
vn 0.48258032 -0.82529434 0.29326692
vn 0.66818207 -0.69738317 0.25920926
vn 0.65763408 -0.74840406 0.08607429
vn 0.04504656 -0.93458762 -0.35286936
vn 0.03075761 -0.95920543 -0.28103186
vn 0.05966542 -0.97590243 -0.20989162
vn -0.01132118 -0.99158717 -0.12894461
vn 0.04756843 -0.99310312 -0.10716080
vn -0.06116216 -0.99669431 -0.05347566
vn -0.04030762 -0.99858154 -0.03478795
vn -0.00656162 -0.99997716 -0.00162222
vn 0.00897750 -0.99972002 -0.02189274
vn -0.01882652 -0.99982181 0.00138474
vn 0.00488861 -0.99992648 -0.01109678
vn 0.04056221 -0.99866267 0.03205583
vn -0.01552652 -0.99776839 0.06493970
vn -0.00502288 -0.96815809 0.25028918
vn -0.05002770 -0.97098634 0.23384344
vn 0.00111528 -0.98972672 0.14296775
vn -0.04131117 -0.99826615 -0.04192944
vn 0.08044368 -0.99457838 0.06589884
vn 0.01996810 -0.99978154 0.00617694
vn 0.00597667 -0.99984946 -0.01628894
vn 0.05442237 -0.98097826 -0.18633266
vn 0.08786546 -0.96458899 -0.24869207
vn -0.00847988 -0.99432241 -0.10607090
vn 0.02530796 -0.97176718 -0.23458058
vn -0.02653981 -0.99944645 -0.02006048
vn 0.02743171 -0.99953859 -0.01304235
vn 0.02426153 -0.99216809 -0.12253102
vn -0.20228537 -0.96736626 -0.15258814
vn 0.01731748 -0.92872707 -0.37035948
vn 0.00527708 -0.99998434 -0.00186378
vn 0.05776248 -0.88793298 -0.45633159
vn 0.03554489 -0.84080426 -0.54017104
vn 0.01917548 -0.99981423 0.00195247
vn 0.04977230 -0.99828936 0.03067689
vn 0.09832293 -0.99314919 0.06314504
vn 0.04116194 -0.99909108 0.01107698
vn 0.02452568 -0.99965781 -0.00909697
vn 0.02614203 -0.99965194 -0.00354818
vn 0.02085381 -0.99978130 -0.00157266
vn -0.03592961 -0.99764927 0.05835229
vn 0.08662972 -0.99609813 0.01684680
vn 0.09159507 -0.99429446 0.05467062
vn 0.06040630 -0.99752310 0.03603800
vn 0.05503758 -0.99820439 0.02364035
vn 0.20386026 -0.97533206 0.08466622
vn 0.13488767 -0.98721198 0.08495776
vn 0.04562628 -0.99828458 0.03668992
vn 0.03684160 -0.99785894 -0.05403913
vn 0.04549242 -0.98414822 -0.17141387
vn 0.07338120 -0.98491947 -0.15668066
vn 0.01734635 -0.99951764 -0.02576014
vn 0.27334567 -0.95076728 0.14602645
vn 0.03953705 -0.94468605 -0.32558423
vn 0.01351924 -0.91100447 -0.41217482
vn 0.11023906 -0.99200139 0.06148651
vn 0.03736677 -0.99292781 0.11268577
vn 0.05124264 -0.97800820 0.20217356
vn 0.06371914 -0.99511075 0.07546165
vn 0.10652823 -0.99082648 0.08315419
vn 0.07166755 -0.99345463 0.08894751
vn 0.05303601 -0.99504955 0.08404511
vn -0.00140564 -0.95677237 0.29083442
vn -0.02464868 -0.98783043 0.15356916
vn 0.02841244 -0.99886841 0.03813972
vn 0.09690472 -0.97953745 0.17639687
vn 0.19454798 -0.92493071 0.32657964
vn -0.02575552 -0.92783393 0.37210327
vn -0.06287479 -0.91670401 0.39458905
vn -0.03058273 -0.95963675 0.27957470
vn 0.04910594 -0.99849255 0.02451997
vn 0.09387283 -0.92331982 0.37238206
vn -0.29688496 -0.95457765 0.02531450
vn -0.38758146 -0.91423569 0.11812588
vn 0.30387084 -0.84727168 0.43565263
vn -0.09158239 -0.83592132 -0.54115452
vn 0.01096479 -0.73531089 -0.67764125
vn 0.07007876 -0.99751695 0.00699296
vn 0.03251280 -0.99834627 -0.04740925
vn 0.00593197 -0.99964867 0.02583314
vn 0.02320156 -0.99849274 0.04973866
vn -0.04668151 -0.99861061 0.02444772
vn 0.05396059 -0.99765136 -0.04219035
vn 0.06136270 -0.99322713 0.09866348
vn 0.25615468 -0.83854967 0.48085261
vn -0.00107943 -0.99769241 0.06788736
vn 0.07277754 -0.92542575 0.37187445
vn -0.00366215 -0.84945164 0.52765377
vn 0.26271480 -0.78569393 0.56005891
vn -0.32371452 -0.93332402 0.15529067
vn -0.20930109 -0.97591762 0.06146415
vn -0.07550666 -0.99680479 0.02605662
vn 0.02182757 -0.99958150 0.01898361
vn 0.05031610 -0.99196331 -0.11609083
vn 0.01371585 -0.98603941 -0.16594622
vn 0.06328388 -0.98998704 -0.12617771
vn 0.08351027 -0.99139480 -0.10080862
vn -0.00337320 -0.78580970 -0.61845916
vn 0.03550047 -0.69342793 -0.71965090
vn -0.19627833 -0.98046841 0.01251092
vn 0.03424681 -0.99926285 0.01734657
vn 0.04954702 -0.87258860 -0.48593644
vn 0.04409737 -0.99569396 -0.08154121
vn 0.17126522 -0.96928898 -0.17648540
vn 0.05086418 -0.96991921 -0.23805371
vn 0.08813517 -0.86620227 -0.49185955
vn 0.06465844 -0.85791448 -0.50970778
vn 0.05304704 -0.98984339 -0.13189416
vn 0.03539822 -0.99884164 -0.03259362
vn 0.06162705 -0.97679283 -0.20512893
vn -0.11227962 -0.99359278 0.01291036
vn -0.02901906 -0.90606962 -0.42213238
vn -0.01826730 -0.95369090 -0.30023321
vn 0.07205513 -0.94418188 -0.32144773
vn -0.04316873 -0.72284740 -0.68965795
vn 0.02223994 -0.99974704 -0.00335318
vn -0.02354475 -0.99107150 -0.13123614
vn -0.00079952 -0.99601327 -0.08920159
vn -0.04079439 -0.99878570 -0.02762133
vn 0.02074047 -0.99910934 -0.03674720
vn 0.02829605 -0.98137898 -0.18998585
vn -0.01184219 -0.95013880 -0.31160236
vn 0.03751189 -0.97416615 -0.22269523
vn -0.01739984 -0.97058378 -0.24013408
vn 0.00471691 -0.98075838 -0.19516852
vn -0.00307477 -0.92389352 -0.38263730
vn -0.02128950 -0.83216054 -0.55412597
vn 0.05368282 -0.93709421 -0.34492404
vn -0.01455951 -0.88652293 -0.46245554
vn 0.07065841 -0.80098065 -0.59450600
vn 0.01997308 -0.72323293 -0.69031529
vn 0.04453694 -0.89445343 -0.44493767
vn 0.06007259 -0.73225340 -0.67837766
vn 0.05681148 -0.89292051 -0.44661552
vn 0.02451182 -0.73690828 -0.67554819
vn 0.03362755 -0.84624570 -0.53173058
vn 0.21721620 -0.80905132 -0.54612552
vn 0.08794192 -0.79864399 -0.59534359
vn 0.09112394 -0.73651967 -0.67025011
vn 0.07027614 -0.90288161 -0.42410620
vn 0.11510700 -0.79271370 -0.59862791
vn 0.03527214 -0.99662370 0.07414223
vn 0.07869518 -0.99358750 0.08118469
vn -0.06006049 -0.99454525 0.08527886
vn 0.01536149 -0.99404071 0.10792173
vn -0.03030960 -0.99544970 0.09033945
vn 0.08546245 -0.99177676 0.09526293
vn 0.05781771 -0.99253437 0.10739011
vn 0.05387218 -0.99785281 0.03724992
vn -0.03790674 -0.99801597 -0.05027137
vn -0.01298218 -0.99959498 0.02532468
vn 0.28658619 -0.76381090 0.57832627
vn 0.04953092 -0.95566433 0.29026260
vn 0.04309873 -0.83547151 0.54784109
vn 0.06792523 -0.98893827 0.13186077
vn 0.03370949 -0.96940392 0.24314546
vn 0.00881113 -0.99635212 0.08488124
vn -0.03243857 -0.71681199 -0.69651153
vn 0.03639794 -0.79433665 -0.60638641
vn 0.03061149 -0.71309267 -0.70040116
vn 0.05114566 -0.88806735 -0.45685940
vn 0.03513932 -0.95267033 -0.30196766
vn 0.04694101 -0.93992326 -0.33814317
vn -0.00545037 -0.99989521 -0.01341098
vn 0.03977511 -0.81540900 -0.57751718
vn -0.02775848 -0.77561299 -0.63059809
vn -0.03721878 -0.73786681 -0.67391938
vn 0.02723149 -0.65078664 -0.75877216
vn -0.01181433 -0.82608874 -0.56341620
vn 0.18984727 -0.95344531 0.23430762
vn 0.09062044 -0.96650865 0.24010200
vn 0.03585247 -0.98021412 0.19466607
vn -0.04690223 -0.98073155 0.18964651
vn -0.26195854 -0.92125114 0.28753097
vn 0.08626155 -0.98842071 0.12483365
vn -0.28144551 -0.95469084 -0.09671521
vn -0.56117464 -0.81149068 0.16299051
vn 0.02892882 -0.99947372 0.01467663
vn 0.00257915 -0.92745802 -0.37391840
vn 0.01920858 -0.98960615 -0.14251561
vn 0.02603123 -0.99896994 0.03716767
vn -0.20537172 -0.96839618 0.14153194
vn 0.05006473 -0.97382497 -0.22171705
vn 0.02310426 -0.77298357 -0.63400520
vn 0.02397641 -0.76834033 -0.63959227
vn 0.04651946 -0.74701594 -0.66317654
vn 0.03346773 -0.88465164 -0.46504987
vn -0.00327828 -0.94359043 0.33109872
vn 0.04029076 -0.68765099 -0.72492259
vn 0.02131237 -0.90556559 -0.42367056
vn 0.01011808 -0.98590039 -0.16702709
vn 0.01979749 -0.99916058 0.03586343
vn 0.02578702 -0.99613808 0.08392822
vn 0.03321861 -0.90203165 -0.43038986
vn 0.01989989 -0.89356841 -0.44848577
vn 0.05457210 -0.80678356 -0.58832149
vn 0.14708798 -0.67494347 -0.72306047
vn 0.15430565 -0.73303436 -0.66245784
vn 0.10200687 -0.84787257 -0.52029483
vn 0.13258507 -0.83459985 -0.53466278
vn 0.04502798 -0.81198402 -0.58194023
vn 0.08258134 -0.63283909 -0.76986688
vn 0.03318335 -0.98534452 -0.16731721
vn 0.01592080 -0.99984748 0.00717912
vn -0.21886187 -0.82333099 0.52366551
vn 0.02695485 -0.72086304 -0.69255318
vn 0.00202075 -0.99667204 -0.08149086
vn 0.01319310 -0.95129696 -0.30799356
vn 0.04292294 -0.99718355 -0.06150282
vn 0.06883211 -0.99754201 0.01311772
vn 0.04867361 -0.99879511 0.00626113
vn 0.06883828 -0.99653069 -0.04677474
vn 0.05079395 -0.99531476 0.08227090
vn 0.04734694 -0.99654987 -0.06816621
vn 0.06602601 -0.99713072 -0.03702549
vn 0.08720002 -0.99101164 -0.10144991
vn 0.01214552 -0.98581232 0.16741131
vn -0.01345215 -0.99974939 0.01789407
vn 0.02024341 -0.99975306 0.00916684
vn 0.01308563 -0.99991405 0.00081173
vn -0.01581129 -0.98730857 0.15802463
vn 0.09482426 -0.99523898 -0.02253284
vn 0.10673206 -0.99426748 -0.00635944
vn 0.09992309 -0.99487688 -0.01534192
vn 0.07665807 -0.99680130 0.02259868
vn 0.01893042 -0.99832848 0.05460659
vn 0.03104660 -0.97597595 -0.21565493
vn -0.02530729 -0.99497129 0.09691067
vn 0.10685975 -0.99081568 0.08285702
vn 0.08278173 -0.99638866 0.01888986
vn 0.01241574 -0.99964806 -0.02344353
vn 0.01120546 -0.99078391 0.13498774
vn 0.02985454 -0.96860477 -0.24680663
vn 0.02033177 -0.99924101 0.03322672
vn 0.07986666 -0.99662344 -0.01905353
vn -0.06248775 -0.99762460 0.02899028
vn 0.15553551 -0.96152001 0.22646850
vn 0.02663806 -0.96445016 0.26291881
vn 0.25712946 -0.93485625 0.24480242
vn -0.00258302 -0.89387523 -0.44830838
vn 0.10131675 -0.99407607 -0.03934060
vn 0.03154997 -0.99047412 0.13403591
vn 0.04726736 -0.99884827 0.00824206
vn -0.04189195 -0.76779960 0.63931904
vn 0.07094351 -0.99710328 -0.02742372
vn -0.08131165 -0.84604306 0.52687717
vn 0.05386473 -0.87719306 -0.47710682
vn -0.13689471 -0.99048868 -0.01385666
vn 0.04628895 -0.80268327 0.59460650
vn 0.69023560 -0.72300256 -0.02901921
vn -0.00373456 -0.99934753 -0.03592455
vn 0.85371374 -0.51719609 -0.06067170
vn 0.75665613 -0.62243139 -0.20012660
vn 0.09202350 -0.98900706 -0.11574418
vn 0.02956238 -0.78313887 -0.62114376
vn 0.04781414 -0.87189237 -0.48735768
vn 0.09621934 -0.86609893 0.49052469
vn -0.09275493 -0.99330768 0.06882127
vn 0.01264387 -0.99674320 0.07964378
vn 0.00528480 -0.88303950 0.46926891
vn -0.26278072 -0.96002026 0.09647480
vn 0.04757987 -0.99792149 -0.04346105
vn 0.00710698 -0.99873125 0.04985367
vn 0.02626872 -0.99965421 0.00119135
vn -0.00317119 -0.78410770 -0.62061668
vn 0.05767190 -0.97674315 -0.20651095
vn 0.01976067 -0.80507835 -0.59283924
vn 0.05772734 -0.98159856 -0.18202148
vn 0.63451574 -0.76347376 -0.12040595
vn 0.70436261 -0.67098380 -0.23163343
vn -0.00056272 -0.99999801 -0.00191414
vn 0.03343789 -0.72167475 -0.69142422
vn 0.06919045 -0.99207176 0.10491093
vn -0.14264113 -0.91823731 -0.36945060
vn 0.06673486 -0.99037662 -0.12124606
vn 0.06495152 -0.91301466 -0.40272264
vn -0.05945425 -0.80002228 -0.59701720
vn -0.04004468 -0.95220003 -0.30283911
vn -0.24529051 -0.87948858 -0.40783870
vn -0.45508905 -0.75593525 -0.47059096
vn -0.18652292 -0.98086811 -0.05573996
vn -0.03052850 -0.99942102 -0.01502141
vn -0.33860914 -0.93989874 -0.04397969
vn 0.06604622 -0.90564282 -0.41886630
vn 0.02013503 -0.95869713 -0.28371533
vn 0.09347606 -0.99064022 -0.09946946
vn -0.01238846 -0.99988729 -0.00848139
vn 0.03894681 -0.96382388 -0.26367909
vn -0.10543365 -0.89229833 -0.43896178
vn 0.08964456 -0.97933688 -0.18128188
vn 0.53568820 -0.83879511 0.09726720
vn -0.00732649 -0.99986220 -0.01489671
vn -0.01303668 -0.71602886 -0.69794894
vn 0.11957759 -0.99107624 0.05889899
vn 0.02239357 -0.69375616 -0.71986173
vn 0.03238831 -0.99945945 0.00563883
vn 0.03640206 -0.99561306 0.08619465
vn -0.31965711 -0.94747863 0.01017676
vn 0.46785320 -0.87137865 -0.14769098
vn 0.16790212 -0.98578831 -0.00550294
vn 0.04803016 -0.88378858 0.46541471
vn 0.00114499 -0.99937756 0.03525872
vn -0.10333744 -0.99366779 -0.04411005
vn 0.37820563 -0.89531119 0.23532609
vn -0.00937037 -0.90906012 0.41655959
vn 0.00566033 -0.92828153 -0.37183512
vn 0.07818835 -0.99424055 -0.07329598
vn -0.00716610 -0.99997378 -0.00104503
vn 0.07548434 -0.90487485 -0.41893152
vn -0.66861574 -0.50947038 -0.54165757
vn 0.06568793 -0.99779576 0.00941865
vn -0.00311173 -0.92552707 -0.37866868
vn 0.01800759 -0.99912499 -0.03774885
vn -0.06032055 -0.82732488 -0.55847558
vn 0.06248348 -0.79055633 -0.60919332
vn 0.08430801 -0.96024929 0.26610800
vn -0.03696125 -0.99931222 0.00299066
vn 0.07089510 -0.89623636 0.43787472
vn -0.18510265 -0.68944298 -0.70028950
vn 0.03738491 -0.94686779 -0.31944287
vn 0.00401852 -0.99970978 0.02375314
vn 0.04392964 -0.97675426 -0.20981255
vn 0.00192416 -0.99878209 -0.04930146
vn 0.07615932 -0.99676328 -0.02574321
vn 0.03675045 -0.99931628 0.00404749
vn 0.03006609 -0.99841703 -0.04753386
vn 0.08212947 -0.99557599 -0.04564198
vn 0.75577963 -0.36975854 -0.54044035
vn 0.06706050 -0.95915641 0.27481244
vn 0.32880610 -0.84428096 0.42317398
vn 0.04137771 -0.97193681 -0.23157444
vn -0.04868538 -0.99632508 -0.07047039
vn -0.01102029 -0.99814285 -0.05991171
vn -0.07720244 -0.99699850 -0.00581147
vn 0.00651116 -0.99907506 0.04250450
vn 0.02807589 -0.99845946 0.04785870
vn -0.05141979 -0.99557316 0.07867714
vn 0.07026886 -0.99734204 0.01926507
vn 0.00152537 -0.99602561 0.08905426
vn -0.06545303 -0.99783059 0.00707196
vn 0.00479134 -0.93254547 0.36102075
vn 0.99741264 0.07188741 -0.00046817
vn 0.99214572 0.11288227 -0.05389304
vn 0.99370222 -0.03117363 0.10762949
vn 0.99763917 -0.03022766 0.06166336
vn 0.99958937 0.02770040 0.00733318
vn 0.99588861 0.08804029 0.02132558
vn 0.99584059 -0.05811059 0.07017603
vn 0.94796621 -0.05125134 0.31421865
vn 0.99930613 -0.01200959 0.03525674
vn 0.99885785 -0.00310097 0.04767990
vn 0.98990781 -0.08501494 0.11337985
vn 0.99773527 -0.05851715 0.03316726
vn 0.99725755 -0.04873388 0.05569902
vn 0.99859557 -0.03308293 0.04138135
vn 0.98912779 0.04007918 -0.14149158
vn 0.99816913 0.02602192 -0.05460084
vn 0.99735771 -0.04459016 -0.05735260
vn 0.99935729 -0.01429232 0.03287443
vn 0.99345671 0.11094545 -0.02710866
vn 0.99341339 0.08690456 0.07468218
vn 0.97269664 0.21875391 -0.07751116
vn 0.95258091 0.29881268 0.05745080
vn 0.96387065 0.25953909 0.05994028
vn 0.99579159 0.08647363 0.03035477
vn 0.97783120 0.19003288 0.08794120
vn 0.97008856 0.21384107 -0.11489206
vn 0.85170909 0.44064589 -0.28358918
vn 0.98423672 0.16242015 0.06998407
vn 0.99153063 0.10143464 -0.08110505
vn 0.69211359 0.71832734 0.07060185
vn 0.59915899 0.78502041 -0.15732596
vn 0.66672530 0.74456208 -0.03323681
vn 0.75578252 0.65464726 0.01515719
vn 0.87283602 0.38878350 0.29496554
vn 0.92573935 0.37805689 -0.00892410
vn 0.98556410 0.16919420 -0.00606101
vn 0.82427047 0.56349853 0.05520499
vn 0.85894849 0.50937640 0.05237530
vn 0.95027884 0.31099313 -0.01591863
vn 0.99614617 0.06942504 0.05360010
vn 0.99753364 -0.03183211 0.06255680
vn 0.88247413 0.46916768 0.03348287
vn 0.83257096 0.55298025 -0.03222480
vn 0.99657302 0.06965525 0.04461354
vn 0.99004991 0.02423244 -0.13861445
vn 0.99590428 0.08898318 -0.01602075
vn 0.96995475 0.24161210 0.02848449
vn 0.93116967 0.25483957 0.26072943
vn 0.75171230 0.39252886 0.52995255
vn 0.85803733 0.31027657 0.40926811
vn 0.69688324 0.49898614 0.51513744
vn 0.76602946 0.61521183 0.18631496
vn 0.68647600 0.71259457 0.14477459
vn 0.56843511 0.82048458 0.06071732
vn 0.58547182 0.80935667 0.04652453
vn 0.83260464 0.13429667 0.53733967
vn 0.83684667 0.06765592 0.54324058
vn 0.88981514 0.05029159 0.45354136
vn 0.93748633 0.06789092 0.34133591
vn 0.73344332 -0.08483729 0.67443572
vn 0.75671537 0.13774134 0.63906898
vn 0.51556342 0.04731539 0.85554404
vn 0.44133947 0.01418441 0.89722811
vn 0.14102541 0.02756324 0.98962220
vn 0.67117699 0.10668850 0.73357958
vn 0.38708397 0.06115444 0.92001420
vn 0.69198911 0.11510372 0.71267258
vn 0.80375108 0.07672803 0.58999747
vn 0.34312978 0.18617561 0.92065227
vn 0.17838920 0.14415510 0.97334300
vn 0.13300634 0.08199030 0.98771803
vn 0.51912888 -0.10410253 0.84833241
vn 0.65696753 -0.17600812 0.73308582
vn 0.74661967 -0.03937122 0.66408507
vn 0.86014938 -0.15064366 0.48728793
vn 0.97242287 -0.08232676 0.21821105
vn 0.92258833 -0.19979221 0.33002098
vn 0.87361281 -0.12797805 0.46949151
vn 0.83780807 -0.08345020 0.53954953
vn 0.97390663 -0.02483143 0.22558650
vn 0.59652206 -0.01633911 0.80243035
vn 0.48094852 0.00742372 0.87671740
vn 0.91475646 0.07861030 0.39628405
vn 0.96586835 0.02402164 0.25791720
vn 0.94266839 -0.01294603 0.33347970
vn 0.99524660 -0.07825040 0.05797487
vn 0.98201849 -0.18357069 0.04406236
vn 0.33487142 0.07889707 0.93895494
vn 0.67686199 0.24544729 0.69398377
vn 0.63719879 0.21021703 0.74147589
vn 0.85623610 0.10814140 0.50513877
vn 0.40584975 0.49691176 0.76704934
vn 0.60638649 0.30625652 0.73382720
vn 0.52429228 0.66283436 0.53457293
vn 0.55016785 0.81575991 0.17846878
vn 0.67253248 0.73942214 0.03090256
vn 0.93892439 0.34389716 -0.01247918
vn 0.99945181 0.02135315 -0.02530075
vn 0.99693475 0.00043859 0.07823628
vn 0.44238035 0.23289419 0.86606000
vn 0.20338528 -0.17353998 0.96359654
vn 0.89508986 0.44529080 -0.02302692
vn 0.79092760 0.59245623 -0.15306582
vn 0.99956586 -0.00852533 0.02820285
vn 0.95936452 -0.00653477 -0.28209398
vn 0.99823833 -0.03309825 0.04924162
vn 0.90455916 0.03437072 -0.42496045
vn 0.99191962 0.03178050 -0.12282289
vn 0.97756218 0.07415219 -0.19716397
vn 0.99417702 -0.10559590 0.02148401
vn 0.98680730 -0.16183197 -0.00466624
vn 0.98810068 0.15369177 -0.00599086
vn 0.99901559 0.00079182 0.04435335
vn 0.30520430 0.22648787 0.92496139
vn 0.03748220 0.14777317 0.98831077
vn 0.99976463 -0.01765429 0.01260995
vn 0.99748892 -0.06791836 -0.02007374
vn 0.56814444 -0.17936562 0.80314374
vn 0.25653025 0.46519498 0.84722244
vn 0.33961826 0.76595775 0.54586459
vn 0.16593922 0.53894326 0.82583554
vn 0.22284829 0.58633382 0.77881403
vn 0.96968189 0.23608906 0.06307914
vn 0.75140067 0.65981245 -0.00667570
vn 0.99262087 0.12010659 -0.01668003
vn 0.38845287 0.17752901 0.90420563
vn 0.05106935 0.66522122 0.74489774
vn 0.55354349 0.67472477 -0.48819678
vn 0.94454019 -0.10394815 -0.31151022
vn 0.15459632 0.57407864 0.80407319
vn 0.18662075 0.81327701 0.55113810
vn 0.32258660 0.01693559 0.94638844
vn 0.88751185 -0.20329800 0.41351256
vn 0.96922198 -0.17336345 -0.17479664
vn 0.83725030 0.19594749 0.51050613
vn 0.99923663 0.02761618 0.02763154
vn 0.87957576 0.16505813 0.44620880
vn -0.14903314 -0.83691143 -0.52665774
vn -0.32249731 -0.16537622 -0.93201191
vn -0.08484236 -0.17824392 -0.98032182
vn -0.31477483 0.02125935 -0.94892826
vn -0.37051846 0.08352752 -0.92506174
vn -0.28478559 0.41274922 -0.86517932
vn -0.49199894 -0.15301189 -0.85704399
vn -0.52835912 -0.38945021 -0.75443036
vn -0.61201839 0.10637314 -0.78365697
vn -0.56453817 -0.00847187 -0.82536348
vn -0.33104467 0.22221308 -0.91707730
vn -0.88993257 -0.41980988 -0.17826861
vn -0.45930898 -0.13623629 -0.87776702
vn -0.25983401 -0.03335939 -0.96507691
vn -0.19304143 0.07959424 -0.97795693
vn -0.38759092 0.12884446 -0.91278277
vn -0.78819834 0.04935449 -0.61343909
vn -0.57257074 -0.03438111 -0.81913411
vn -0.44749105 -0.49147648 -0.74712959
vn 0.05215841 -0.65322262 -0.75536727
vn -0.66665658 -0.09549272 -0.73922266
vn -0.26842389 -0.00448081 -0.96329047
vn -0.40707256 0.12773781 -0.90441970
vn -0.49724129 -0.08026476 -0.86389158
vn -0.85286251 -0.05661798 -0.51905678
vn -0.58828947 -0.18472762 -0.78726819
vn -0.83108847 -0.40610510 -0.37996131
vn -0.22659669 -0.07045789 -0.97143689
vn -0.41149542 -0.12320859 -0.90304549
vn -0.48911490 -0.35010139 -0.79887147
vn -0.60419800 -0.24902904 -0.75692095
vn -0.66113267 -0.21009658 -0.72025205
vn -0.70807544 -0.28662789 -0.64534768
vn -0.81531007 -0.21859201 -0.53617817
vn -0.94270357 0.28878868 -0.16706609
vn -0.97026153 0.20101803 0.13484923
vn -0.75470608 -0.11043634 -0.64670128
vn -0.80888681 -0.14969036 -0.56859029
vn -0.55577839 -0.34986299 -0.75412616
vn -0.26436733 0.00155944 -0.96442080
vn -0.85483122 0.07105852 -0.51401778
vn -0.70642676 0.34236812 -0.61947179
vn -0.60995209 0.37087932 -0.70029063
vn -0.75141788 0.37775800 -0.54098989
vn -0.56477335 0.32746985 -0.75749228
vn -0.64320503 0.45132980 -0.61853755
vn -0.53171655 0.36073477 -0.76625579
vn -0.41688158 0.36624856 -0.83190849
vn -0.81972742 0.53530643 -0.20370072
vn -0.60484266 0.39837983 -0.68953526
vn -0.57253531 0.49505206 -0.65354937
vn -0.72199590 0.56292585 -0.40228896
vn -0.73910384 0.58049244 -0.34169291
vn -0.74885945 0.56188118 -0.35142434
vn -0.69380788 0.55919830 -0.45379279
vn -0.71286417 0.57838590 -0.39660362
vn -0.60349304 0.65289032 -0.45774488
vn -0.55709430 0.37847902 -0.73918846
vn -0.53239501 0.49662971 -0.68550309
vn -0.49755910 0.41570208 -0.76133220
vn -0.51084352 0.30514096 -0.80369640
vn -0.78915289 0.31277845 -0.52858997
vn -0.55377198 0.39624041 -0.73234563
vn -0.85062725 0.07095041 -0.52096000
vn -0.63956440 0.60243016 -0.47753039
vn -0.24515428 0.23029115 -0.94173529
vn -0.36377843 0.24469422 -0.89877138
vn -0.36586671 0.24312764 -0.89834876
vn -0.12433224 0.04460211 -0.99123768
vn -0.03334945 0.11525180 -0.99277633
vn 0.13044624 -0.14655316 -0.98056410
vn 0.39846557 -0.23085390 -0.88765515
vn 0.41247348 -0.42482307 -0.80584799
vn 0.53481566 0.15396783 -0.83082255
vn 0.30365541 -0.19340442 -0.93294594
vn 0.14317528 -0.07928923 -0.98651612
vn -0.29910294 0.10963153 -0.94790208
vn 0.02841112 -0.00387391 -0.99958882
vn 0.28341147 -0.19159730 -0.93966399
vn 0.38815979 -0.25512013 -0.88557648
vn 0.15090605 -0.11022016 -0.98238428
vn 0.15455793 -0.09355877 -0.98354390
vn 0.57750100 -0.28730171 -0.76416642
vn 0.70984910 -0.43237034 -0.55603070
vn 0.43421365 -0.10859697 -0.89424001
vn 0.39951029 -0.08835241 -0.91246117
vn 0.22334468 -0.02549904 -0.97440595
vn -0.16300898 0.14611386 -0.97574526
vn -0.01422664 -0.16387724 -0.98637815
vn 0.09728621 -0.12328058 -0.98759166
vn -0.27821008 0.40321496 -0.87178945
vn -0.12202904 0.26360533 -0.95688095
vn -0.25602096 0.35593312 -0.89875741
vn -0.30925829 0.49523436 -0.81185112
vn -0.37761259 0.68046165 -0.62799735
vn -0.41314270 0.64506320 -0.64281146
vn -0.51969750 0.77013345 -0.36987697
vn -0.53803727 0.70485236 -0.46227594
vn -0.06860337 0.14594345 -0.98691139
vn -0.09493626 0.26600125 -0.95928642
vn -0.03970949 0.13136698 -0.99053817
vn -0.16377207 0.38770005 -0.90712038
vn -0.11047164 0.34788461 -0.93100608
vn -0.07049694 0.09342484 -0.99312737
vn -0.07344933 0.20840026 -0.97528177
vn -0.03706336 0.06179098 -0.99740071
vn 0.01728320 -0.08957171 -0.99583041
vn 0.00737327 0.07791474 -0.99693276
vn -0.01943258 0.25570895 -0.96655849
vn 0.01045603 0.20483429 -0.97874082
vn 0.05989261 0.31161829 -0.94831794
vn 0.02152026 0.42521136 -0.90483821
vn -0.04087630 0.51315527 -0.85732187
vn -0.05828664 0.62097551 -0.78165983
vn -0.12582689 0.80300830 -0.58253349
vn -0.12440008 0.79727722 -0.59065528
vn -0.12651949 0.67843880 -0.72368060
vn -0.10712325 0.83608956 -0.53803239
vn 0.00517662 0.66574281 -0.74616333
vn 0.01920134 0.85307886 -0.52142859
vn 0.08593354 0.85196739 -0.51649491
vn 0.02599677 0.67730645 -0.73524155
vn -0.01965830 0.55468538 -0.83182792
vn 0.08989784 0.77961943 -0.61976764
vn 0.10163540 0.68759980 -0.71894142
vn 0.06692450 0.62591026 -0.77701831
vn 0.03811034 0.40886290 -0.91179972
vn 0.09535879 0.41919120 -0.90287620
vn 0.10178016 -0.18291572 -0.97784592
vn -0.02059557 -0.38417307 -0.92303135
vn -0.00591406 -0.08274651 -0.99655308
vn -0.00889090 0.02560612 -0.99963257
vn -0.03199485 -0.37317612 -0.92720867
vn -0.16658482 -0.51610493 -0.84016974
vn -0.05764398 -0.07943792 -0.99517174
vn -0.06237157 -0.29769885 -0.95262017
vn 0.05112735 -0.12887350 -0.99034217
vn -0.01181066 -0.37208866 -0.92812205
vn 0.04809717 -0.18580632 -0.98140851
vn 0.04277686 -0.19971465 -0.97891991
vn 0.06624233 -0.04998185 -0.99655094
vn 0.13979349 0.26501146 -0.95405802
vn 0.15743245 0.26352516 -0.95171924
vn 0.37970950 0.61073696 -0.69485327
vn 0.36734012 0.53514894 -0.76070812
vn 0.34377201 0.68337487 -0.64406489
vn 0.40137072 0.61073187 -0.68257463
vn 0.21461876 0.43900339 -0.87247625
vn 0.13918373 0.23756717 -0.96134787
vn 0.02562844 -0.00749715 -0.99964342
vn 0.17924254 0.19222222 -0.96484337
vn 0.34878719 0.19108879 -0.91751434
vn 0.40922788 0.35686673 -0.83974918
vn 0.47284485 0.51312461 -0.71632457
vn 0.11423126 0.19375827 -0.97437619
vn -0.09391086 -0.54555743 -0.83279519
vn -0.09059173 -0.40487025 -0.90987539
vn -0.14789935 -0.62848387 -0.76363198
vn -0.14742734 -0.58791488 -0.79537493
vn -0.09024991 -0.43200777 -0.89734288
vn -0.08446125 -0.67006841 -0.73747856
vn 0.00248930 0.15929663 -0.98722763
vn 0.05863282 0.48318198 -0.87355445
vn 0.04228404 0.34603141 -0.93726961
vn 0.04219390 0.24316253 -0.96906742
vn 0.01514931 0.05938972 -0.99811991
vn -0.03020533 -0.57620633 -0.81674592
vn 0.03456172 -0.33074666 -0.94308649
vn 0.08049223 -0.61519437 -0.78425562
vn -0.05336172 -0.32648224 -0.94369586
vn 0.07105452 0.17767823 -0.98152010
vn 0.16157270 0.53689415 -0.82803317
vn -0.28595575 0.26634573 -0.92048317
vn 0.21110481 0.77231722 -0.59913343
vn 0.15854945 0.79926885 -0.57968214
vn 0.24834785 0.67792424 -0.69191189
vn 0.16217141 0.85947670 -0.48476823
vn 0.40011558 0.60287379 -0.69025409
vn 0.06529496 0.36339825 -0.92934293
vn 0.04928769 0.55816985 -0.82826152
vn 0.03236957 0.61408095 -0.78857897
vn -0.03506457 0.74684156 -0.66407693
vn -0.12959488 0.74753527 -0.65145698
vn -0.19278276 0.64086283 -0.74305426
vn -0.35202630 0.63296186 -0.68951923
vn -0.39782698 0.74676726 -0.53298439
vn -0.07007433 0.54006834 -0.83869886
vn -0.23226126 0.58255810 -0.77889715
vn -0.06740668 0.51637136 -0.85370777
vn -0.04830829 0.33950592 -0.93936257
vn -0.11324765 0.44404959 -0.88881659
vn -0.01448351 0.78473740 -0.61965914
vn 0.21407979 0.23684711 -0.94766729
vn 0.17329184 0.61348495 -0.77045841
vn 0.03379332 -0.12494297 -0.99158825
vn 0.05821981 -0.44563990 -0.89331715
vn 0.09199716 -0.71883617 -0.68906537
vn 0.10589985 -0.76735643 -0.63241547
vn 0.09091660 -0.49686270 -0.86305367
vn 0.17103636 -0.81515019 -0.55342274
vn 0.19353571 -0.61281385 -0.76616129
vn 0.09523618 -0.39687241 -0.91291969
vn 0.14669638 0.13994878 -0.97923159
vn 0.00503329 -0.06974646 -0.99755205
vn 0.05815522 -0.32966344 -0.94230568
vn 0.12203712 -0.33460649 -0.93442252
vn 0.15798534 -0.73518901 -0.65919477
vn -0.12000529 0.35206180 -0.92825170
vn -0.13002326 0.53249710 -0.83638555
vn -0.00855517 0.17758162 -0.98406889
vn 0.03333326 -0.02043047 -0.99923545
vn 0.07100266 -0.14100070 -0.98746009
vn 0.06428761 -0.07526686 -0.99508894
vn 0.00116458 0.08098605 -0.99671455
vn 0.15764850 -0.16012233 -0.97442690
vn 0.26470746 -0.41403922 -0.87091991
vn 0.16531265 -0.31436789 -0.93479653
vn 0.25837565 -0.47815036 -0.83941304
vn 0.10060243 -0.18398453 -0.97776727
vn -0.06353441 0.07206762 -0.99537412
vn -0.47720598 0.58711628 -0.65388755
vn -0.53398081 0.83307001 -0.14442591
vn -0.52589853 0.69053097 -0.49658605
vn -0.09191404 0.83595931 -0.54103960
vn -0.54665101 0.65172977 -0.52575753
vn -0.47006092 0.56282060 -0.67990859
vn -0.56304071 0.66240335 -0.49417300
vn 0.28447829 0.54498675 -0.78870878
vn 0.27979035 0.32090381 -0.90484148
vn 0.21796349 0.27965585 -0.93503183
vn 0.18415904 0.13196570 -0.97399718
vn 0.41134963 0.25435336 -0.87526902
vn 0.61378256 0.37385633 -0.69534338
vn 0.06388240 0.06320306 -0.99595402
vn -0.05344349 -0.10186599 -0.99336152
vn -0.10668580 -0.23791207 -0.96540975
vn -0.25464593 -0.41073196 -0.87547399
vn -0.24157681 -0.39878192 -0.88465452
vn 0.52055042 0.37293855 -0.76807818
vn 0.00595478 0.44244008 -0.89677830
vn -0.62633035 0.61985668 -0.47274516
vn 0.42771024 -0.10961239 -0.89724527
vn 0.63657901 -0.06316836 -0.76862014
vn 0.64449866 -0.23351573 -0.72807409
vn 0.87569501 -0.12207429 -0.46717889
vn -0.00798076 0.01868712 -0.99979353
vn -0.27948956 0.05318326 -0.95867467
vn -0.48077349 0.05284639 -0.87525088
vn 0.08706538 -0.05803835 -0.99451052
vn -0.20108864 0.02775115 -0.97917988
vn -0.16967294 -0.04388293 -0.98452292
vn -0.50851606 0.00062531 -0.86105228
vn -0.30755071 -0.06352392 -0.94940891
vn -0.56279875 -0.04699906 -0.82525672
vn -0.48160087 -0.11967054 -0.86818176
vn -0.16751923 -0.05217482 -0.98448722
vn 0.05281727 -0.01281749 -0.99852193
vn 0.21841234 -0.05547830 -0.97427830
vn -0.46393120 -0.02019513 -0.88564101
vn -0.47774843 0.08830176 -0.87404762
vn -0.58597209 -0.11362098 -0.80232598
vn -0.28233266 -0.08369565 -0.95565857
vn 0.28800893 0.05586926 -0.95599659
vn 0.15777676 -0.00513603 -0.98746145
vn 0.25853197 -0.31272847 -0.91398147
vn -0.39937783 -0.04055146 -0.91588914
vn -0.32222355 -0.02353042 -0.94637112
vn 0.17142103 0.01940556 -0.98500673
vn 0.35581678 0.13480321 -0.92478241
vn 0.05049878 -0.01929821 -0.99853766
vn 0.06553211 -0.12806509 -0.98959834
vn -0.26775343 -0.01357211 -0.96339187
vn 0.00947036 -0.01823780 -0.99978883
vn 0.14993035 0.08158253 -0.98532491
vn -0.01640328 0.23897962 -0.97088602
vn 0.06212266 0.05067059 -0.99678145
vn 0.15444120 -0.13963413 -0.97808498
vn 0.04919782 -0.04975631 -0.99754894
vn 0.08527157 -0.71584017 -0.69303795
vn 0.01909355 -0.53096737 -0.84717713
vn -0.01974123 -0.30013562 -0.95369224
vn -0.02397251 0.07431859 -0.99694637
vn 0.07278785 0.36282784 -0.92900909
vn 0.05425373 -0.02101874 -0.99830594
vn 0.03497092 -0.29310778 -0.95543962
vn 0.20432204 0.33499734 -0.91979850
vn 0.08009996 -0.64352906 -0.76121898
vn 0.04839864 -0.49081854 -0.86991651
vn -0.01507241 -0.58165613 -0.81329513
vn -0.04267771 -0.70180123 -0.71109327
vn -0.00779309 -0.67583369 -0.73701295
vn -0.00139220 -0.51465875 -0.85739398
vn 0.03604606 -0.55020015 -0.83425445
vn 0.11420685 -0.11188682 -0.98713633
vn -0.07314427 0.16561880 -0.98347360
vn -0.02782498 0.40882086 -0.91219037
vn 0.06311811 0.11895456 -0.99089148
vn -0.02347634 -0.09544351 -0.99515798
vn -0.02826907 0.15241581 -0.98791208
vn -0.03546206 0.01759266 -0.99921616
vn 0.01315832 0.51269935 -0.85846738
vn -0.04783011 0.44762736 -0.89294010
vn -0.09646836 0.65723148 -0.74748956
vn 0.03538961 -0.39715581 -0.91706861
vn 0.03477028 -0.36152207 -0.93171499
vn 0.01077050 -0.17866746 -0.98385057
vn -0.04130740 0.67742395 -0.73443209
vn -0.01348944 -0.32463548 -0.94574301
vn 0.28460495 0.63866167 -0.71492048
vn 0.12159183 0.30779528 -0.94365115
vn 0.25027772 0.63484240 -0.73098303
vn -0.00492885 -0.52654124 -0.85013530
vn -0.01952604 -0.01692666 -0.99966606
vn -0.37056197 -0.50621675 -0.77873515
vn -0.52295121 -0.26314503 -0.81072605
vn -0.07489872 -0.22386907 -0.97173701
vn -0.09187886 -0.37032469 -0.92434728
vn -0.34011723 -0.21618844 -0.91519551
vn 0.44501252 0.30417126 -0.84228481
vn 0.62499873 0.25990178 -0.73608944
vn 0.52721515 0.17348334 -0.83183395
vn 0.87854654 0.21151932 -0.42827041
vn 0.66448408 0.14649433 -0.73280306
vn 0.80617253 0.12488694 -0.57835033
vn 0.74843998 0.32309682 -0.57917703
vn 0.40535638 0.72606274 -0.55544495
vn 0.50207254 0.40271229 -0.76534043
vn 0.71177766 0.50844534 -0.48461933
vn 0.87706417 0.19010914 -0.44115411
vn 0.53272525 -0.02199859 -0.84600228
vn 0.29321871 -0.03187821 -0.95551377
vn 0.64731111 0.00795397 -0.76218440
vn 0.38625288 -0.05696582 -0.92063218
vn 0.69761193 -0.07001175 -0.71304694
vn 0.79424684 -0.03921305 -0.60632854
vn 0.84006478 0.10385755 -0.53245167
vn 0.75967337 0.01601469 -0.65010760
vn 0.78029917 0.11758037 -0.61425406
vn 0.83413258 -0.07226372 -0.54680965
vn 0.83152156 0.18378032 -0.52421055
vn 0.76928501 0.08408024 -0.63334910
vn 0.83572212 -0.21719148 -0.50437724
vn 0.64613442 0.06606913 -0.76035859
vn 0.06846999 -0.53562802 -0.84167362
vn -0.04258112 -0.06508835 -0.99697059
vn -0.22428984 -0.33728996 -0.91429183
vn 0.05298146 -0.17403358 -0.98331342
vn -0.15777010 -0.24270492 -0.95718489
vn 0.00730681 -0.16749964 -0.98584506
vn 0.06085880 0.03347342 -0.99758495
vn -0.08290373 -0.67355466 -0.73447334
vn -0.35983433 -0.35978619 -0.86085606
vn -0.15183969 -0.08778332 -0.98449926
vn -0.15530694 -0.17909639 -0.97149588
vn 0.21035541 -0.12218259 -0.96995980
vn 0.84946032 0.09895159 -0.51829118
vn -0.27403036 0.11687593 -0.95459278
vn -0.20811406 0.12173876 -0.97049895
vn -0.66003659 0.31246459 -0.68316731
vn 0.26662801 0.68373495 -0.67927611
vn 0.24546653 0.55678439 -0.79355991
vn 0.30881637 0.57996592 -0.75383817
vn 0.05103752 0.00626428 -0.99867709
vn -0.53381667 -0.21990808 -0.81650486
vn -0.22792019 -0.06961515 -0.97118799
vn -0.11179712 -0.00466747 -0.99372009
vn 0.17878034 0.57619154 -0.79752173
vn 0.17221313 0.40216640 -0.89922457
vn -0.09298196 -0.16643185 -0.98165920
vn -0.01812780 -0.24685201 -0.96888362
vn -0.74776436 0.50579551 -0.43013878
vn -0.61993205 0.77324361 -0.13333632
vn 0.01313477 0.67248295 -0.73999605
vn 0.29514397 0.40802526 -0.86394758
vn 0.10654891 -0.07875641 -0.99118351
vn -0.21765488 -0.41309267 -0.88429678
vn -0.11302706 -0.58137030 -0.80575025
vn -0.20634997 -0.53258909 -0.82083406
vn -0.00612000 0.00068554 -0.99998104
vn -0.45082344 -0.55275872 -0.70086805
vn -0.02758095 0.15458914 -0.98759379
vn -0.02037588 0.56156510 -0.82718164
vn -0.04702973 0.61348514 -0.78830463
vn -0.04990394 0.52143754 -0.85182891
vn -0.18154681 0.29661523 -0.93758208
vn -0.06075612 0.64067985 -0.76540056
vn -0.00905505 0.50268266 -0.86442359
vn 0.02858751 0.26793665 -0.96301231
vn 0.03947383 -0.25927918 -0.96499540
vn 0.03252774 -0.47913412 -0.87713878
vn -0.01237790 -0.37753072 -0.92591433
vn 0.03522576 0.80651358 -0.59016523
vn 0.06603172 0.46311804 -0.88383341
vn 0.01682822 0.48506056 -0.87431863
vn 0.01677532 0.43585731 -0.89985943
vn 0.13000396 -0.39286355 -0.91036103
vn 0.03819591 -0.13451653 -0.99017492
vn 0.01300854 0.17836143 -0.98387905
vn 0.05089683 0.15155220 -0.98713801
vn 0.03655275 -0.10646844 -0.99364398
vn 0.09632228 -0.44100125 -0.89232277
vn 0.01749041 -0.65857955 -0.75230782
vn -0.03909749 0.75745437 -0.65171640
vn -0.04225408 0.60060220 -0.79843071
vn 0.05234554 -0.23133277 -0.97146544
vn 0.03395063 0.28885113 -0.95677185
vn 0.06600673 -0.33127154 -0.94122382
vn -0.00380925 0.42561349 -0.90489704
vn -0.03093789 0.43531584 -0.89974606
vn -0.05855451 0.65065559 -0.75711206
vn -0.08988291 0.55901017 -0.82427465
vn -0.16846059 0.47114920 -0.86581722
vn -0.23794006 0.66355274 -0.70928294
vn -0.13917980 0.62994503 -0.76406691
vn -0.08586272 0.29899004 -0.95038547
vn -0.12691859 0.27212355 -0.95385557
vn -0.30339310 0.32536217 -0.89559594
vn -0.11631356 0.24924128 -0.96143119
vn -0.12798598 0.16620816 -0.97774968
vn -0.21619177 0.20355194 -0.95489671
vn -0.22970144 0.17172227 -0.95799202
vn -0.09461733 0.06661887 -0.99328218
vn 0.03575013 0.03261585 -0.99882838
vn -0.04080204 0.09379555 -0.99475504
vn -0.00058194 0.12960803 -0.99156514
vn -0.05367166 0.18743640 -0.98080933
vn 0.03958381 0.14713457 -0.98832411
vn 0.06163969 0.06537363 -0.99595524
vn 0.10904796 0.04141069 -0.99317355
vn 0.05654880 0.06986734 -0.99595220
vn 0.16524440 0.01578900 -0.98612626
vn 0.06503478 0.02588082 -0.99754732
vn 0.14213937 0.04238706 -0.98893869
vn 0.12831578 -0.03777905 -0.99101352
vn 0.12483715 -0.04446564 -0.99118035
vn 0.14659452 0.00267969 -0.98919304
vn 0.26124335 -0.04371148 -0.96428275
vn 0.18629083 -0.01462539 -0.98238578
vn 0.34789173 -0.08192836 -0.93394812
vn -0.07632520 0.08353161 -0.99357785
vn 0.52675457 -0.03372504 -0.84934813
vn 0.24164574 0.01744588 -0.97020770
vn 0.59302045 -0.02671670 -0.80474403
vn 0.39104134 -0.05459464 -0.91875247
vn 0.04583416 -0.05186330 -0.99760184
vn -0.13004708 -0.04452836 -0.99050744
vn -0.15973569 -0.10727512 -0.98131369
vn -0.08953747 -0.15458811 -0.98391339
vn 0.22296683 -0.08733516 -0.97090595
vn 0.40022450 -0.04237428 -0.91543693
vn 0.49196264 -0.00295258 -0.87061130
vn 0.33217273 -0.04890707 -0.94194977
vn 0.20474295 -0.06464422 -0.97667878
vn 0.12148075 -0.07858210 -0.98947829
vn -0.00424737 -0.16592074 -0.98612995
vn 0.02285931 -0.05702541 -0.99811099
vn 0.11503665 -0.14644464 -0.98250727
vn 0.60328037 -0.00657958 -0.79750204
vn 0.59957897 -0.01472790 -0.80018008
vn 0.79692593 -0.09561330 -0.59646220
vn 0.62682494 -0.01606406 -0.77899451
vn 0.76315147 -0.01694896 -0.64599735
vn 0.37850196 -0.01852280 -0.92541514
vn -0.05519360 0.05409417 -0.99700927
vn -0.11612470 0.34205916 -0.93247551
vn -0.07275976 0.27480398 -0.95874334
vn -0.04443780 0.55701353 -0.82931369
vn 0.02442879 0.63199188 -0.77458989
vn -0.01524838 0.70628318 -0.70776519
vn 0.00793654 0.35706410 -0.93404616
vn -0.00772340 -0.30537889 -0.95219960
vn -0.05868993 -0.28106572 -0.95789224
vn 0.15732534 -0.53146242 -0.83234394
vn -0.08077853 0.16800176 -0.98247149
vn -0.03278753 0.25999185 -0.96505400
vn 0.03913671 -0.43090926 -0.90154619
vn 0.01087248 -0.69261246 -0.72122796
vn 0.00219196 -0.54234506 -0.84015298
vn -0.00342052 -0.09226222 -0.99572887
vn -0.00034504 -0.29876867 -0.95432550
vn -0.00021592 -0.01972455 -0.99980543
vn -0.01145860 0.09283722 -0.99561536
vn 0.05593727 -0.08803306 -0.99454573
vn -0.01048507 -0.09519741 -0.99540319
vn -0.12438534 0.35728845 -0.92567448
vn 0.48679183 0.40371505 -0.77462757
vn -0.04059866 0.02447441 -0.99887574
vn -0.10456958 0.82184809 -0.56002761
vn 0.65960987 0.07754005 -0.74759773
vn 0.39341215 -0.06587540 -0.91699908
vn 0.51432051 -0.05653668 -0.85573245
vn 0.43875332 -0.09689245 -0.89336856
vn 0.43806736 -0.03935170 -0.89808042
vn 0.54672445 0.07421872 -0.83401676
vn 0.59785847 0.15828368 -0.78581902
vn 0.47299119 0.10713830 -0.87452886
vn 0.65243734 0.17550558 -0.73724033
vn 0.57399231 0.12409261 -0.80940340
vn 0.45329423 0.12540170 -0.88249575
vn 0.10866915 0.01000292 -0.99402764
vn 0.43751621 0.09110795 -0.89458309
vn 0.20634397 0.12715141 -0.97018281
vn 0.10980843 0.01874761 -0.99377595
vn 0.05284639 -0.26398508 -0.96307795
vn -0.03092109 -0.08026061 -0.99629419
vn -0.31420929 -0.15358243 -0.93684842
vn -0.27138990 -0.22719932 -0.93526894
vn -0.27384710 -0.15859100 -0.94860775
vn -0.38770464 -0.28664843 -0.87608093
vn -0.08978944 -0.10463352 -0.99044923
vn -0.22936217 -0.03028112 -0.97287001
vn 0.28926481 -0.02189843 -0.95699860
vn 0.05762661 -0.01897345 -0.99815789
vn 0.35279601 0.06456279 -0.93347020
vn 0.14012038 -0.00297914 -0.99012999
vn 0.49907205 0.07445069 -0.86335635
vn 0.47757764 0.10931635 -0.87176232
vn 0.61479423 0.17456769 -0.76912559
vn 0.61920467 0.16643932 -0.76738747
vn 0.72182109 0.22535470 -0.65436196
vn 0.56600786 0.16873344 -0.80694741
vn 0.01413385 -0.11192072 -0.99361662
vn 0.63286200 0.16914932 -0.75556217
vn 0.55863104 0.16677536 -0.81247606
vn 0.35603334 0.06290836 -0.93235337
vn 0.69144264 0.10293817 -0.71506001
vn 0.25703655 -0.05457913 -0.96485923
vn 0.72770222 -0.18223676 -0.66124068
vn 0.62561473 0.09508246 -0.77431618
vn 0.30780841 -0.41195308 -0.85764133
vn 0.47427151 -0.54502857 -0.69138295
vn 0.11410087 -0.48556410 -0.86672285
vn 0.16872358 -0.61585984 -0.76957716
vn 0.11505023 -0.60399598 -0.78863952
vn 0.06406302 -0.58342797 -0.80963432
vn 0.04386914 -0.60769475 -0.79295813
vn 0.10294950 -0.37712879 -0.92042125
vn 0.04580294 -0.47295943 -0.87989287
vn 0.02051815 -0.64139343 -0.76693773
vn 0.11822989 -0.22627835 -0.96686080
vn 0.27172954 -0.19858992 -0.94166082
vn 0.13350706 -0.45135057 -0.88230297
vn 0.53821026 -0.53660691 -0.64990979
vn 0.30079852 -0.65908121 -0.68929834
vn 0.81154701 0.09895654 -0.57584638
vn 0.55497385 -0.30015653 -0.77582864
vn 0.41765239 0.09385328 -0.90374667
vn 0.73699307 0.02554103 -0.67541755
vn 0.25806257 0.03264403 -0.96557655
vn 0.49702102 -0.26956408 -0.82480623
vn 0.17202821 -0.08365343 -0.98153370
vn 0.16453953 -0.09130001 -0.98213596
vn 0.11920819 -0.01359374 -0.99277622
vn 0.16809047 -0.12475304 -0.97784573
vn -0.05230678 -0.05943831 -0.99686062
vn 0.71060270 0.09835137 -0.69668559
vn 0.70099978 -0.01682441 -0.71296301
vn 0.02197108 0.10265938 -0.99447389
vn 0.63786956 0.25196086 -0.72776242
vn 0.71691050 0.34738306 -0.60445375
vn 0.46810904 0.15115947 -0.87064616
vn 0.30533250 0.15322053 -0.93983804
vn 0.20867957 0.15296720 -0.96594714
vn 0.71571853 0.28800230 -0.63624026
vn 0.78573638 0.35766658 -0.50467114
vn 0.05221574 -0.00602407 -0.99861766
vn 0.14544585 0.07764707 -0.98631457
vn 0.05191959 -0.51970853 -0.85276456
vn 0.07472358 -0.62167942 -0.77969935
vn 0.07403278 -0.00190381 -0.99725399
vn -0.05820342 -0.04248410 -0.99740035
vn -0.11333089 0.49498192 -0.86148071
vn -0.10634642 -0.03457052 -0.99372799
vn 0.17065143 0.04476947 -0.98431387
vn -0.02878474 0.20316780 -0.97872074
vn 0.14141906 -0.45179191 -0.88084319
vn 0.34220879 -0.58162491 -0.73797399
vn 0.02619526 0.11923727 -0.99252017
vn 0.11827539 -0.13496153 -0.98376639
vn 0.61192792 -0.01773316 -0.79071471
vn -0.42291525 0.58807693 -0.68942600
vn 0.12315306 -0.34722575 -0.92965994
vn -0.16789904 0.39522007 -0.90311185
vn 0.28045944 -0.06421617 -0.95771540
vn -0.04050019 0.25654893 -0.96568234
vn 0.06779725 0.62271297 -0.77950759
vn -0.01184673 0.78972709 -0.61334393
vn 0.17557977 0.06307312 -0.98244263
vn 0.03679560 0.15668998 -0.98696217
vn 0.06127001 0.69794662 -0.71352400
vn 0.06517254 -0.14654293 -0.98705507
vn 0.02224549 -0.59956710 -0.80001527
vn 0.00136367 -0.26660521 -0.96380486
vn 0.05159580 -0.54959509 -0.83383638
vn -0.05087018 0.05085009 -0.99740989
vn 0.04041830 -0.00081576 -0.99918251
vn 0.01636026 -0.04266888 -0.99895531
vn 0.03205314 -0.42027727 -0.90682943
vn 0.01040988 -0.72042605 -0.69345364
vn -0.01110054 -0.29478863 -0.95549801
vn -0.00243502 -0.60839755 -0.79362869
vn 0.13000064 0.60542357 -0.78521470
vn -0.03020514 0.58157925 -0.81292879
vn 0.46501732 0.00992174 -0.88524598
vn 0.02850705 -0.11519750 -0.99293347
vn 0.16099214 -0.21065952 -0.96421164
vn 0.54916027 0.12111063 -0.82689492
vn -0.10694993 -0.09831945 -0.98939123
vn -0.10579808 -0.07738248 -0.99137214
vn -0.17154389 0.04505857 -0.98414553
vn -0.44683152 -0.38389434 -0.80806357
vn 0.01087852 0.06623625 -0.99774467
vn 0.87279617 0.02916931 -0.48721247
vn 0.28264300 -0.06850400 -0.95677591
vn 0.67630461 0.33997452 -0.65347487
vn 0.35327838 -0.04232342 -0.93456039
vn 0.03898154 -0.05599101 -0.99767001
vn 0.16029444 -0.10323656 -0.98165570
vn 0.86570003 -0.20954339 -0.45459326
vn -0.02704755 0.12365699 -0.99195634
vn 0.62745785 0.01120433 -0.77856991
vn -0.00085965 -0.40325788 -0.91508598
vn 0.08606751 0.51629357 -0.85207589
vn 0.17333839 0.61160847 -0.77193840
vn -0.61912871 -0.34090366 -0.70743504
vn 0.24880526 0.02013956 -0.96834412
vn 0.61104876 -0.13334360 -0.78028130
vn -0.04573908 0.00194532 -0.99895153
vn 0.53165339 0.16292388 -0.83114408
vn 0.34561038 0.33699537 -0.87577827
vn 0.05617856 -0.51431667 -0.85575834
vn 0.12979408 0.19773255 -0.97162510
vn -0.14496193 0.20029589 -0.96895180
vn 0.06824347 0.35264409 -0.93326576
vn 0.00728299 -0.21679124 -0.97619082
vn 0.02511887 -0.27822819 -0.96018650
vn 0.35178066 0.04922906 -0.93478707
vn 0.28143431 0.05816374 -0.95781611
vn 0.09056685 0.07086742 -0.99336572
vn 0.84792960 -0.27943567 -0.45047874
vn -0.00452874 -0.46693801 -0.88427845
vn -0.06179893 0.01826595 -0.99792146
vn 0.46726198 0.47991115 -0.74253049
vn -0.13556259 -0.76271115 -0.63237211
vn 0.01480457 -0.67622109 -0.73654997
vn 0.02460678 0.31580983 -0.94850338
vn 0.15658862 -0.59996934 -0.78454879
vn 0.60489553 -0.10032644 -0.78995950
vn -0.45314598 0.49912455 -0.73860233
vn 0.72378842 0.00436151 -0.69000818
vn 0.79556152 -0.13501957 -0.59063659
vn 0.24672200 0.54553311 -0.80095061
vn 0.35945452 0.21842313 -0.90723965
vn 0.58247625 0.39848916 -0.70846864
vn 0.38628022 0.23341439 -0.89235941
vn 0.54454664 0.28074033 -0.79035045
vn 0.65959635 0.17747190 -0.73036729
vn 0.60349071 0.42693878 -0.67344059
vn 0.57692645 0.43790764 -0.68948733
vn -0.42655951 0.54780755 -0.71969013
vn -0.61066097 0.74203601 -0.27654249
vn -0.65323390 0.72421697 -0.22089646
vn -0.65375109 0.72422296 -0.21934134
vn 0.36074814 0.39491377 -0.84492833
vn 0.25486226 0.14461354 -0.95610259
vn 0.00781429 0.23116487 -0.97288321
vn 0.62198073 -0.20930258 -0.75454119
vn 0.48455871 0.32272444 -0.81305092
vn 0.36138607 0.21655250 -0.90692068
vn 0.38779876 -0.08947547 -0.91739101
vn 0.02717214 -0.02999478 -0.99918066
vn -0.01147978 -0.40006039 -0.91641688
vn 0.43233919 -0.17781952 -0.88400398
vn -0.14415774 -0.52582325 -0.83828900
vn -0.15945661 0.32179093 -0.93328676
vn -0.47166667 -0.45916361 -0.75279435
vn -0.03761596 -0.05704842 -0.99766253
vn -0.44848649 0.57512143 -0.68417484
vn 0.06263864 -0.05312809 -0.99662120
vn 0.03465974 -0.11312565 -0.99297598
vn -0.51453269 0.54227057 -0.66422793
vn 0.13936472 -0.02033072 -0.99003239
vn 0.00922771 -0.11235814 -0.99362493
vn 0.40626566 -0.04708983 -0.91254083
vn -0.44097710 0.57755792 -0.68699785
vn 0.15642244 0.60095497 -0.78382724
vn 0.07123508 -0.43741580 -0.89643348
vn 0.08792019 0.56169498 -0.82265958
vn -0.03553178 -0.06395506 -0.99732003
vn 0.66803198 -0.09520525 -0.73801709
vn -0.12455062 -0.07562436 -0.98932709
vn 0.16106147 0.71590961 -0.67936193
vn 0.61216123 -0.01370501 -0.79061419
vn 0.14248915 -0.39997890 -0.90538043
vn 0.51625556 -0.12144966 -0.84777956
vn -0.13530970 0.47850128 -0.86759888
vn 0.14517211 -0.05949488 -0.98761603
vn 0.07274799 0.07584703 -0.99446214
vn 0.21968098 0.52913759 -0.81960581
vn 0.57256662 0.11010564 -0.81243105
vn 0.50753802 0.07931996 -0.85797057
vn 0.10181568 -0.10716891 -0.98901385
vn 0.17513286 0.01548011 -0.98442310
vn -0.10757705 0.71422697 -0.69159744
vn -0.84674834 -0.05168197 0.52947731
vn -0.78568023 -0.28977446 0.54656869
vn -0.93253764 -0.19328933 0.30497997
vn -0.98891845 -0.09226505 0.11630761
vn -0.95911151 -0.17494700 -0.22248295
vn -0.80208323 -0.59539798 0.04651599
vn -0.98488948 -0.14241137 -0.09854801
vn -0.96795068 -0.25053734 -0.01739303
vn -0.99607858 -0.03852642 0.07964404
vn -0.92856238 -0.33958022 -0.14985722
vn -0.99686723 -0.07133316 0.03416574
vn -0.95882118 -0.27978084 0.04883265
vn -0.96924432 -0.23930914 0.05741582
vn -0.96381082 -0.26613257 0.01556116
vn -0.93977066 -0.32998067 0.08912840
vn -0.98435967 -0.09920140 0.14558543
vn -0.99208333 -0.11405611 -0.05255354
vn -0.96845322 -0.04589789 0.24493211
vn -0.99784637 -0.04093061 -0.05125734
vn -0.95542325 -0.04030002 0.29247618
vn -0.95956183 -0.00950137 0.28133754
vn -0.94166563 -0.06766621 0.32967731
vn -0.69999208 0.25193449 0.66823656
vn -0.38188192 0.14008497 0.91353292
vn -0.78907307 0.16162816 0.59265507
vn -0.99275882 -0.11840323 -0.02026309
vn -0.98773682 -0.03585275 0.15195575
vn -0.52712769 -0.12868910 0.83998543
vn -0.77507689 0.02906402 0.63119814
vn -0.99774114 -0.05992381 -0.03036043
vn -0.99752626 -0.04612820 -0.05304297
vn -0.99816941 -0.04949025 0.03476411
vn -0.98973611 -0.14234061 -0.01271186
vn -0.98541464 -0.16996017 -0.00845714
vn -0.99819113 -0.05934516 0.00962380
vn -0.99137608 -0.11075287 -0.07005190
vn -0.98758799 -0.07788954 -0.13639349
vn -0.99616758 -0.04857491 -0.07273666
vn -0.99258644 -0.11145386 -0.04847881
vn -0.99710714 -0.05795305 -0.04918117
vn -0.99539312 -0.01003332 -0.09535131
vn -0.99602023 -0.01133528 -0.08840368
vn -0.99645915 -0.06980832 -0.04686111
vn -0.99666295 -0.03181192 -0.07517287
vn -0.99619580 -0.06436338 -0.05874756
vn -0.97731097 0.11155929 -0.18004943
vn -0.99715525 0.03714462 -0.06558720
vn -0.99003994 0.10036190 -0.09873400
vn -0.96471433 0.24620352 -0.09332783
vn -0.98320549 0.17113023 -0.06341455
vn -0.98524283 0.16915416 -0.02614249
vn -0.98960658 0.14366022 0.00636819
vn -0.97085949 0.16848782 0.17042214
vn -0.93935520 0.34083843 0.03796008
vn -0.96265464 0.21285408 -0.16729970
vn -0.91017906 0.31366185 0.27053709
vn -0.87613193 0.36787722 0.31154324
vn -0.78665348 0.07686944 0.61259072
vn -0.82562764 0.20061596 0.52734450
vn -0.71043919 0.20060434 0.67456212
vn -0.95794763 0.23332420 -0.16702145
vn -0.99076992 0.11439029 -0.07273117
vn -0.85352172 0.42965277 0.29478666
vn -0.84852397 0.29997086 0.43591806
vn -0.99443987 0.08572064 0.06116634
vn -0.99895624 -0.03130489 -0.03326314
vn -0.98153908 -0.18308160 -0.05533687
vn -0.99472638 0.00115811 -0.10255773
vn -0.99787262 -0.05005085 -0.04177505
vn -0.94109469 0.31103497 0.13265757
vn -0.94040597 0.32667499 0.09444606
vn -0.93966943 0.33186354 -0.08299365
vn -0.96959049 0.24470731 0.00355216
vn -0.95269331 0.30253760 -0.02909404
vn -0.98300033 0.17789389 -0.04543254
vn -0.91684641 0.32771538 -0.22802478
vn -0.96836758 0.24952475 -0.00127563
vn -0.93577241 0.35220020 0.01688275
vn -0.97590034 0.21809400 0.00731617
vn -0.97015487 0.24218819 0.01201683
vn -0.98051028 0.19274488 0.03806576
vn -0.96342256 0.26325142 -0.05015641
vn -0.98081948 0.18742887 0.05351229
vn -0.98207153 0.18845742 0.00439476
vn -0.99255769 0.11522261 0.03940779
vn -0.97184732 0.20140828 -0.12225991
vn -0.96443163 0.15014435 -0.21755070
vn -0.98554987 -0.15762102 -0.06202470
vn -0.93300114 0.35917680 0.02238093
vn -0.92934682 0.36406601 0.06140387
vn -0.90597263 0.42026828 0.05087395
vn -0.92236393 0.38568672 0.02214787
vn -0.99139089 0.13014295 0.01438457
vn -0.99702408 0.07665141 -0.00821896
vn -0.99653489 0.07990157 -0.02310753
vn -0.99900541 0.02194784 0.03881335
vn -0.99903770 -0.04048194 0.01687842
vn -0.99466247 -0.02989074 -0.09875791
vn -0.99987971 -0.01431756 -0.00596411
vn -0.99959569 -0.02843327 0.00000026
vn -0.99871135 -0.01261325 -0.04915834
vn -0.99793762 -0.00192046 -0.06416242
vn -0.99285587 -0.04825344 -0.10912755
vn -0.99847534 -0.04359717 -0.03385671
vn -0.99701207 -0.05711210 -0.05201087
vn -0.98979850 -0.03476726 -0.13816715
vn -0.99765542 0.01092006 -0.06756041
vn -0.99672704 0.01649479 -0.07913991
vn -0.99590425 0.08739289 0.02317760
vn -0.99652185 -0.04779976 -0.06825975
vn -0.99408547 -0.08419045 0.06860066
vn -0.97284690 -0.15806310 0.16907089
vn -0.99928053 -0.01605049 -0.03436281
vn -0.98246101 -0.04598100 -0.18071000
vn -0.95110511 0.30582139 -0.04327053
vn -0.89305165 0.40782354 0.19010185
vn -0.90663491 0.39941643 -0.13593985
vn -0.92801297 0.35760905 -0.10443993
vn -0.91152953 0.40206534 -0.08635613
vn -0.87046828 0.31468478 0.37849500
vn -0.85248884 0.35921056 0.37977698
vn -0.88943573 0.45448095 -0.04848856
vn -0.89436980 0.42090188 -0.15147365
vn -0.90016414 0.41586532 -0.12946254
vn -0.88067666 0.46532250 -0.08878962
vn -0.86643153 0.49476022 -0.06714706
vn -0.80481504 0.58430112 -0.10423509
vn -0.85710727 0.51449962 0.02563732
vn -0.84320704 0.52520041 -0.11474498
vn -0.86359734 0.50409842 -0.00918753
vn -0.77540799 0.60865299 -0.16817843
vn -0.79383860 0.60661562 -0.04286914
vn -0.79823514 0.59867834 0.06636948
vn -0.78422953 0.61509478 0.08150120
vn -0.69982534 0.70464565 0.11712815
vn -0.69209310 0.71357150 0.10873293
vn -0.65410381 0.74973489 0.10022875
vn -0.68011988 0.72493631 0.10910680
vn -0.89029044 0.44524063 0.09562276
vn -0.78393618 0.60754315 0.12780997
vn -0.76353075 0.63669165 -0.10790985
vn -0.95923616 0.28254596 -0.00581029
vn -0.99137563 -0.02895761 -0.12781167
vn -0.94514571 0.31728226 -0.07766304
vn -0.85330355 0.26969143 0.44625059
vn -0.94599947 0.32139854 -0.04228451
vn -0.97943675 0.18919874 -0.07005342
vn -0.96037793 -0.27570212 -0.04077462
vn -0.96745601 -0.25139180 0.02882772
vn -0.98134193 -0.19203343 0.00954895
vn -0.93694728 0.16395238 0.30862503
vn -0.89237953 0.19578048 0.40660642
vn -0.98838894 0.15194438 0.00046054
vn -0.77210168 0.33000145 0.54310039
vn -0.99772007 -0.06670023 -0.01028351
vn -0.99806030 -0.05992264 0.01687916
vn -0.68460979 0.57968003 0.44190553
vn -0.82216584 0.56921925 -0.00572544
vn -0.99028890 -0.13811709 -0.01586072
vn -0.87012034 0.49226674 0.02374977
vn -0.89244196 0.44938054 0.04005588
vn -0.86897137 0.49233044 0.04999491
vn -0.89499030 0.44328278 0.04992729
vn -0.88261671 0.45929241 0.10019092
vn -0.83516035 0.54093954 0.09945654
vn -0.87355316 0.46959073 0.12802115
vn -0.91536582 0.39514157 0.07725646
vn -0.78916731 0.56815019 0.23328161
vn -0.86819495 0.49407479 0.04612623
vn -0.88436211 0.33776637 -0.32220729
vn -0.86996396 0.48016389 0.11227352
vn -0.83328289 0.54835105 0.07036160
vn -0.99772639 -0.06647734 -0.01108187
vn -0.85104065 -0.51696376 0.09207758
vn -0.79168512 0.27363541 -0.54622187
vn -0.83305245 0.43432236 -0.34261888
vn -0.95223867 0.29696554 -0.07108432
vn -0.89481867 0.43074987 -0.11727786
vn -0.74299172 0.66777654 0.04514199
vn -0.99896590 0.02430055 -0.03842681
vn -0.95681775 0.19052622 0.21954395
vn -0.98707121 0.15964910 0.01423339
vn -0.98455994 0.04036894 -0.17032933
vn -0.98120863 0.15322577 0.11726672
vn -0.95337463 0.15293453 0.26016887
vn -0.96758772 0.12855387 0.21736584
vn -0.98871280 0.14823344 -0.02176807
vn -0.97716147 0.19680367 -0.08014843
vn -0.99894504 -0.03206084 -0.03287705
vn -0.48326519 -0.87538680 -0.01235726
vn -0.99768060 -0.04204179 0.05353426
vn -0.88147759 -0.46763365 0.06569641
vn -0.87809805 0.14267654 0.45671349
vn -0.96982053 -0.20278531 -0.13537449
vn -0.80256696 0.58884800 0.09562593
vn -0.74493252 0.66711359 0.00591567
vn -0.74701949 0.65976413 0.08168951
vn -0.72133908 0.68540370 0.09945706
vn -0.98546883 -0.00531138 -0.16977331
vn -0.94044318 0.15293633 0.30360681
vn -0.91153451 0.41105501 -0.01177344
vn -0.93933405 0.11543586 0.32299553
vn -0.96935773 0.11914447 -0.21482594
vn -0.62998685 -0.76932337 0.10610433
vn -0.64738089 0.75913191 0.06794652
vn -0.95024915 -0.30587178 0.05889835
vn -0.40102349 0.00070825 0.91606750
vn -0.56769800 0.12068005 0.81434348
vn -0.43779562 0.14513285 0.88728318
vn -0.47228873 0.16255797 0.86632457
vn -0.96868606 0.20935419 -0.13348458
vn -0.77892379 0.62543769 0.04588489
vn -0.76392599 0.63151874 -0.13266940
vn -0.79590206 0.60050053 0.07706506
vn -0.97922029 0.19744260 0.04630388
vn -0.70989767 0.28297724 0.64495673
vn -0.94895723 0.31147618 -0.04962634
vn -0.99780897 -0.01564816 -0.06428377
vn -0.99111169 -0.04531770 -0.12507569
vn -0.99472854 -0.04181212 -0.09363161
vn -0.93044757 0.28091286 -0.23527704
vn -0.92418644 0.37697990 -0.06136426
vn -0.89922686 0.23280378 -0.37039636
vn -0.93452874 0.27418992 -0.22688308
vn -0.97409362 0.22504928 -0.02223619
vn -0.80532116 0.30757167 -0.50681111
vn -0.89797217 0.30025902 0.32169940
vn -0.90181877 0.42605616 -0.07210444
vn -0.93650142 -0.35014545 0.01905895
vn -0.68960316 0.72382476 0.02291719
vn -0.68930665 0.71297542 0.12853948
vn -0.68795615 0.72217411 0.07197841
vn -0.60692607 0.77552650 0.17377974
vn -0.85613672 -0.08728856 0.50932370
vn -0.82641277 0.56291374 0.01304073
vn -0.74060636 0.34155070 0.57865822
vn -0.89520616 0.03100058 -0.44457271
vn -0.67824701 0.73317206 -0.04939359
vn -0.99572747 -0.02097892 -0.08992608
vn -0.90369707 0.41908077 -0.08776630
vn -0.91024398 0.40775987 -0.07202631
vn -0.91879266 0.39182570 0.04788185
vn -0.91317192 0.01231074 -0.40738861
vn -0.90013747 0.42538859 -0.09379279
vn -0.99240554 0.10886615 -0.05726611
vn -0.99020552 0.13958879 0.00282859
vn -0.99779265 0.05127011 -0.04220440
vn -0.98801654 0.15374015 -0.01368519
vn -0.86855818 0.44569977 0.21669888
vn -0.97592889 -0.02054567 -0.21711906
vn -0.80306274 0.05576796 0.59327917
vn -0.83168171 0.40907557 0.37545002
vn -0.83009845 0.48036990 0.28316307
vn -0.77321869 0.42757345 0.46830951
vn -0.80824668 0.58606988 0.05709120
vn -0.90571563 0.42327697 0.02271125
vn -0.98543345 -0.03171751 -0.16707755
vn -0.71728296 0.68596100 0.12232197
vn -0.93975977 0.34108926 -0.02257658
vn -0.90882341 0.40786601 -0.08766598
vn -0.92107968 0.38439880 -0.06204655
vn -0.93934357 0.34257971 -0.01651658
vn -0.93218618 0.18070451 0.31364759
vn -0.99537383 -0.08766866 -0.03930841
vn -0.99406027 -0.04758447 -0.09787698
vn -0.98934720 0.07705923 -0.12350703
vn -0.88700709 0.42170366 0.18810754
vn -0.98753728 0.15515664 -0.02639213
vn -0.93774048 -0.34172201 -0.06220016
vn -0.72520405 -0.68654605 0.05228393
vn -0.74773155 -0.65117384 -0.12988519
vn -0.69912477 -0.66600100 -0.26012924
vn -0.72827331 0.57480625 0.37311629
vn -0.73868780 0.67366110 -0.02282672
vn -0.67415597 0.71377043 0.18985652
vn -0.66505532 0.73686765 0.12135686
vn -0.66925706 0.74146097 -0.04827656
vn -0.72459929 0.67100635 0.15718254
vn -0.69192852 0.69683448 0.18882964
vn -0.70185067 0.70780761 0.08008756
vn -0.69006334 0.71715746 0.09745648
vn -0.65116765 0.75815853 -0.03429789
vn -0.70569980 0.70850696 -0.00238358
vn -0.74098959 0.66958601 -0.05088218
vn -0.77045738 0.63363274 -0.07003557
vn -0.67353099 0.73552212 -0.07323395
vn -0.64900642 0.76000780 -0.03433379
vn -0.66406714 0.73953131 0.11003760
vn -0.74689292 0.66451826 0.02380021
vn -0.66413146 0.74698596 0.03068197
vn -0.64720475 0.76224093 0.01071359
vn -0.98721608 0.15916222 -0.00847287
vn -0.98992148 0.14041234 0.01843459
vn -0.98764985 0.15521365 0.02136578
vn -0.96082199 -0.27603955 0.02496546
vn -0.77249733 0.63408889 0.03433887
vn -0.64696031 -0.76129048 0.04334933
vn -0.90302229 0.42088089 0.08608148
vn -0.91113622 0.40979365 0.04358856
vn -0.92648989 0.36782090 0.07952522
vn -0.91333406 0.40129789 0.06914400
vn -0.89015369 0.45175352 -0.05954128
vn -0.98657707 -0.08176498 0.14135125
vn -0.67942626 -0.12407855 0.72317665
vn -0.26697375 0.01933367 0.96350985
vn -0.66539232 -0.16599142 0.72780486
vn -0.45908130 0.24471674 0.85402463
vn -0.66697789 0.74163874 -0.07150148
vn -0.65339897 0.75221588 -0.08509444
vn -0.59103291 0.80489989 0.05306844
vn -0.91220048 0.39788153 -0.09788045
vn -0.99439938 0.10526683 0.00942200
vn -0.73920322 0.66635349 0.09773239
vn -0.66876428 0.73946479 0.07711143
vn -0.96865074 0.24202131 -0.05604842
vn -0.85957350 0.34709697 -0.37504278
vn -0.99890354 -0.04206305 0.02055300
vn -0.99327042 -0.05711170 -0.10075779
vn -0.78701728 0.06440452 0.61355998
vn -0.76822060 0.63729821 0.06072975
vn -0.42654205 0.07974830 0.90094511
vn -0.60365044 -0.78301271 0.14999080
vn -0.97612781 -0.05341585 -0.21052613
vn -0.98972412 0.10225498 -0.09995038
vn -0.98776169 -0.04626640 -0.14895055
vn -0.69830776 0.69033501 -0.18921902
vn -0.88112282 0.47125609 0.03924641
vn -0.26510542 0.20094219 0.94304897
vn -0.90405695 -0.04906294 0.42458669
vn -0.89985144 -0.03092689 0.43509875
vn -0.91101221 0.41014104 -0.04290785
vn -0.99827319 -0.04538243 -0.03729714
vn -0.89102754 0.44100509 -0.10763099
vn -0.98713483 0.01857270 -0.15880769
vn -0.51882830 -0.54466874 0.65890299
vn -0.73362092 -0.49592529 0.46460570
vn -0.99632385 -0.08506920 -0.01010046
vn -0.88938191 0.45354525 -0.05741542
vn -0.95835719 -0.13068302 -0.25391622
vn -0.64349458 0.08147641 0.76110204
vn -0.98358131 -0.13797419 0.11632253
vn -0.77256852 0.62995788 -0.07931546
vn -0.71354538 0.68839008 0.13027697
vn -0.97019588 -0.02204996 0.24131672
vn -0.81115287 0.58252865 -0.05187873
vn -0.94370232 -0.04723716 0.32740583
vn -0.75887353 -0.65003334 -0.03959315
vn -0.85999330 0.05266055 0.50758093
vn -0.98861629 0.14813268 -0.02635425
vn -0.99820932 0.05240068 0.02884984
vn -0.95309545 0.10770236 0.28285908
vn -0.99366293 0.11052195 -0.02046673
vn -0.84633964 -0.52547457 0.08709592
vn -0.99652777 0.04733439 0.06849710
vn -0.74324428 0.12744491 0.65676916
vn -0.80979389 0.25983980 0.52603909
vn -0.65340341 0.75150266 0.09114683
vn -0.85871723 -0.35325185 -0.37123826
vn -0.93587364 0.34321062 -0.07966802
vn -0.82490683 0.15406709 0.54386768
vn -0.99679883 -0.05879555 -0.05417723
vn -0.54166912 0.21056365 -0.81379206
vn -0.21060769 0.15266697 -0.96557610
vn -0.43089449 0.24933201 -0.86727360
vn -0.58849911 0.41893828 -0.69149079
vn -0.48575451 0.17508828 -0.85637997
vn -0.73373373 0.26489609 -0.62567154
vn -0.81391322 0.23440650 -0.53160028
vn -0.88597092 0.28057667 -0.36923199
vn -0.77304054 0.22941694 -0.59141880
vn -0.66132323 0.21985163 -0.71715887
vn -0.51125830 0.22073506 -0.83059676
vn -0.22738040 0.04880094 -0.97258245
vn -0.84263473 0.20711907 -0.49705975
vn -0.70115274 0.25661869 -0.66523055
vn -0.76165930 0.20890252 -0.61337985
vn -0.70627292 0.14120936 -0.69371354
vn -0.61998120 0.05688163 -0.78255210
vn -0.60838126 0.09443691 -0.78800629
vn -0.76350620 0.10408173 -0.63735805
vn -0.79563770 0.10418224 -0.59674678
vn -0.90151548 0.11772366 -0.41642644
vn -0.74027709 0.08830356 -0.66647754
vn -0.50473857 0.00089791 -0.86327178
vn -0.27649199 0.06612592 -0.95873852
vn -0.87681399 0.03295828 -0.47969885
vn -0.74430077 0.22511392 -0.62876075
vn -0.55665713 -0.11060227 -0.82334681
vn -0.85941308 0.03155088 -0.51030746
vn -0.81239415 0.13697386 -0.56679265
vn -0.68918589 -0.00665810 -0.72455398
vn -0.83335832 0.12347002 -0.53876625
vn -0.89232547 0.10914522 -0.43799838
vn -0.97337391 0.04502026 -0.22475855
vn -0.94322356 0.07107662 -0.32446483
vn -0.84536520 0.16437186 -0.50827115
vn -0.91691207 0.20151418 -0.34447685
vn -0.85481097 0.20492530 -0.47676391
vn -0.94021671 -0.04512431 -0.33757418
vn -0.86378706 -0.05821016 -0.50048327
vn -0.68735993 -0.05866587 -0.72394381
vn -0.56389133 -0.16375205 -0.80945156
vn -0.86060053 -0.07182590 -0.50419022
vn -0.65199859 -0.04454892 -0.75691032
vn -0.64823711 -0.04762048 -0.75994798
vn -0.84781801 -0.10601179 -0.51958264
vn -0.86101999 -0.15341909 -0.48487851
vn -0.90557200 -0.01427301 -0.42395240
vn -0.75894336 -0.12605939 -0.63883801
vn -0.50254731 -0.10734351 -0.85785988
vn -0.84464494 -0.24604512 -0.47543319
vn -0.96174609 -0.26616308 -0.06482023
vn -0.77301354 -0.12532886 -0.62188644
vn -0.99502660 -0.09656025 -0.02445762
vn -0.95463765 -0.01510181 -0.29738677
vn -0.96684461 -0.19605950 -0.16362206
vn -0.88806961 -0.07240553 -0.45397116
vn -0.96697081 0.00870563 -0.25473842
vn -0.77234286 -0.03212459 -0.63439303
vn -0.94885624 -0.04696629 -0.31219545
vn -0.63348998 0.19559998 -0.74861946
vn -0.66888169 0.30304310 -0.67879464
vn -0.43837872 0.04931315 -0.89743652
vn -0.73407063 0.30066145 -0.60888669
vn -0.67174073 -0.05729903 -0.73856700
vn -0.94853300 -0.30538497 0.08381627
vn -0.43285466 -0.79840749 0.41854789
vn -0.19566454 -0.23406458 0.95232829
vn -0.07588695 -0.96575888 0.24809464
vn 0.22607896 -0.82906257 0.51141330
vn 0.37955414 -0.85671394 0.34925617
vn 0.06904563 -0.85982651 0.50589631
vn -0.39229446 -0.66811561 0.63223935
vn 0.66048291 -0.75081056 0.00676954
vn 0.39752568 -0.44776881 0.80092224
vn 0.39280375 -0.48057992 0.78405877
vn 0.21521953 -0.44130380 0.87116675
vn 0.06113011 -0.58983462 0.80520695
vn 0.90111400 -0.23333914 -0.36544000
vn 0.78649080 -0.22567543 -0.57489375
vn 0.90393190 -0.07571809 -0.42092028
vn 0.87141974 -0.41160766 -0.26684598
vn 0.84065571 -0.36274175 -0.40213978
vn 0.87562111 -0.31677876 -0.36460786
vn 0.74647960 -0.30139551 -0.59323600
vn 0.89935489 -0.32099466 -0.29685555
vn 0.86825019 -0.34103050 -0.36033290
vn 0.87915828 -0.35924078 -0.31309227
vn 0.89786102 -0.42512558 -0.11451560
vn 0.87820328 -0.42935457 -0.21074549
vn 0.83030873 -0.48256639 -0.27877787
vn 0.82313638 -0.54253834 -0.16762653
vn 0.75978778 -0.48694248 -0.43082427
vn 0.72555166 -0.62310776 -0.29208133
vn 0.74332701 -0.48111981 -0.46474584
vn 0.60152496 -0.50451737 -0.61937868
vn 0.68419206 -0.53797070 -0.49241116
vn 0.73823716 -0.63064036 -0.23937132
vn 0.86230547 -0.50440638 -0.04476026
vn 0.80059314 -0.59840138 -0.03108723
vn 0.89865804 -0.43863307 0.00384298
vn 0.70420128 -0.70428625 -0.08989682
vn 0.55430395 -0.82197840 -0.13076181
vn 0.51546407 -0.85679722 -0.01397587
vn 0.75655674 -0.64414889 -0.11266811
vn 0.83503557 -0.54689055 -0.06021889
vn 0.74731051 -0.63512940 -0.19528863
vn 0.66456824 -0.62663523 -0.40703482
vn 0.70725609 -0.67492089 -0.21040586
vn 0.80258173 -0.50815797 -0.31247087
vn 0.91143437 -0.24360492 -0.33157811
vn 0.94557505 -0.22167477 -0.23821863
vn 0.95547535 -0.27092151 -0.11691191
vn 0.94146558 -0.30746401 -0.13823328
vn 0.95154739 -0.30459080 0.04221382
vn 0.98864715 -0.10353384 -0.10889241
vn 0.99247421 -0.12244861 0.00112694
vn 0.97405751 -0.22480594 0.02596638
vn 0.52875614 -0.37877356 -0.75957063
vn 0.63323701 -0.42238037 -0.64854122
vn 0.54594499 -0.33794705 -0.76663933
vn 0.91480044 -0.35758399 -0.18781331
vn 0.92829926 -0.36805001 -0.05291201
vn 0.92858272 -0.36791401 0.04871779
vn 0.92410921 -0.37870853 0.05101003
vn 0.91875588 -0.39479905 -0.00461965
vn 0.88567680 -0.46382558 -0.02103421
vn 0.88916840 -0.45084486 -0.07822061
vn 0.84309060 -0.51456954 -0.15625757
vn 0.71612276 -0.63250236 0.29514227
vn 0.86472804 -0.45242939 0.21806664
vn 0.91933706 -0.37346661 0.12386304
vn 0.84231749 -0.50956908 0.17561493
vn 0.81923616 -0.50766373 0.26670145
vn 0.93077912 -0.35064831 0.10342141
vn 0.71258672 -0.65886307 0.24108012
vn 0.69055785 -0.67223303 0.26689438
vn 0.81830500 -0.52165832 0.24134937
vn 0.63594045 -0.70571973 0.31231299
vn 0.54201563 -0.83827641 -0.05925979
vn 0.87094785 -0.45428123 0.18729231
vn 0.87662762 -0.48094579 -0.01466820
vn 0.91137600 -0.38378548 0.14866909
vn 0.89050488 -0.45490930 -0.00765427
vn 0.91711718 -0.39059925 0.07955067
vn 0.92762705 -0.37323377 -0.01430384
vn 0.95978667 -0.26193941 0.10098165
vn 0.90810705 -0.39908337 0.12678346
vn 0.92432727 -0.37859380 0.04781050
vn 0.91756406 -0.37836057 0.12214528
vn 0.94655428 -0.32173988 0.02276963
vn 0.93993959 -0.33721681 0.05289985
vn 0.95499798 -0.27377723 0.11412660
vn 0.97470652 -0.20404321 0.09117879
vn 0.99088187 -0.11276917 0.07373086
vn 0.98126756 -0.08081255 0.17488086
vn 0.99769174 -0.06743689 0.00796575
vn 0.99621299 -0.08651929 0.00860789
vn 0.99706459 -0.07464813 -0.01702537
vn 0.98285550 -0.18418052 0.00852015
vn 0.95242250 -0.25650057 0.16461723
vn 0.99535775 -0.07956353 -0.05415335
vn 0.93979424 0.10401585 0.32552649
vn 0.97120101 -0.23579887 0.03416865
vn 0.98681690 -0.15408077 0.04951282
vn 0.95259059 -0.30420508 -0.00551625
vn 0.92983167 -0.36680794 0.02941105
vn 0.92334709 -0.34308598 -0.17240115
vn 0.87702477 -0.46850681 0.10643739
vn 0.99685548 -0.07475360 0.02628796
vn 0.80102896 -0.46988115 -0.37089664
vn 0.81019403 -0.39835645 -0.42999742
vn 0.70935618 -0.67150250 0.21423864
vn 0.65892795 -0.63989574 0.39540789
vn 0.85630533 -0.42030991 0.30013458
vn 0.82118412 -0.56394333 0.08731879
vn 0.92558380 -0.34823759 -0.14840891
vn 0.90492181 -0.40721030 -0.12367814
vn 0.47393194 -0.78802225 0.39294969
vn 0.96886205 0.18812716 0.16097980
vn 0.96114795 -0.02552430 -0.27485109
vn 0.95363699 -0.30071756 0.01205996
vn 0.99634877 -0.08535479 -0.00192285
vn 0.61859168 -0.18038800 0.76472511
vn 0.61199977 -0.50097194 -0.61195049
vn 0.90987485 -0.29154857 0.29517315
vn 0.78204209 -0.34597844 -0.51837157
vn 0.94855530 0.08856584 -0.30397194
vn 0.86041490 -0.46531982 0.20775866
vn 0.78034683 -0.28920121 0.55445602
vn 0.97543787 -0.21810506 0.03084045
vn 0.81049913 -0.33735080 -0.47883777
vn 0.46894878 -0.76709926 0.43777364
vn 0.79787415 -0.38044424 -0.46760991
vn 0.99627347 -0.08039677 0.03123336
vn 0.83952800 -0.54031999 -0.05698288
vn 0.97609467 -0.19136611 0.10304473
vn -0.29148033 -0.63755284 0.71313785
vn -0.24727734 -0.94821854 0.19933770
vn -0.15138686 -0.98847266 -0.00195659
vn -0.09052532 -0.99396313 -0.06198767
vn -0.16286153 -0.98110580 0.10443915
vn -0.11672467 -0.99171181 0.05369402
vn -0.18925966 -0.96385147 0.18753968
vn -0.12735736 -0.99062012 0.04951646
vn -0.12543388 -0.99100022 0.04674290
vn -0.17911609 -0.96723183 0.17994445
vn -0.06071149 -0.99736862 -0.03962248
vn -0.12025057 -0.98393395 0.13196131
vn -0.20910394 -0.97642276 -0.05361093
vn -0.43595099 -0.89564877 -0.08809088
vn -0.23705391 -0.97143734 0.01072134
vn -0.17917463 -0.95478791 0.23722670
vn -0.02891282 -0.98937070 -0.14251197
vn 0.23410048 -0.93869647 -0.25307291
vn -0.16599842 -0.95356279 -0.25132156
vn -0.02504554 -0.99589075 0.08703068
vn -0.25528993 -0.94770953 0.19150376
vn -0.27883840 -0.93802122 -0.20582840
vn -0.38637539 -0.91983494 -0.06795404
vn -0.49268958 -0.83938632 -0.22953778
vn -0.35872294 -0.86183760 -0.35854399
vn -0.53672894 -0.82412465 -0.18094367
vn -0.46355308 -0.88556826 0.02978909
vn 0.04143750 -0.95214436 0.30282677
vn -0.59008421 -0.76005939 -0.27223217
vn -0.56697599 -0.74803922 -0.34492832
vn -0.32695323 -0.93723584 -0.12120469
vn -0.28258940 -0.92658917 -0.24814462
vn -0.46076221 -0.88388948 0.08023453
vn -0.55804132 -0.82772958 0.05876765
vn -0.54738944 -0.83474739 0.05967912
vn -0.49069338 -0.86882323 0.06607724
vn -0.45437440 -0.89010057 0.03556516
vn -0.53625030 -0.80200002 0.26311896
vn -0.59907702 -0.78838736 0.13982883
vn -0.56622823 -0.82424542 0.00225322
vn -0.48470426 -0.70295067 0.52050181
vn -0.05298102 -0.96102615 -0.27133329
vn -0.10896514 -0.93805214 -0.32891454
vn -0.32694354 -0.90824840 -0.26113745
vn -0.50893876 -0.85603320 -0.09049029
vn -0.48507217 -0.85030325 -0.20417975
vn -0.47682918 -0.85323991 -0.21122403
vn -0.28796781 -0.92231825 -0.25768894
vn -0.59456032 -0.79910085 0.08908347
vn -0.40453832 -0.91397905 0.03148093
vn -0.41468284 -0.90247969 0.11648410
vn -0.22854205 -0.97352556 0.00406406
vn -0.23926244 -0.97083964 -0.01496228
vn -0.17408388 -0.98137673 0.08120666
vn -0.28531864 -0.95225771 0.10862099
vn 0.04359111 -0.99719135 -0.06090336
vn -0.14349056 -0.98572206 0.08810490
vn -0.00972937 -0.99909458 0.04141699
vn 0.03239825 -0.99655339 -0.07636548
vn 0.05318725 -0.99482243 0.08659941
vn -0.00116750 -0.99481139 -0.10172972
vn -0.15971945 -0.98021516 -0.11691000
vn -0.03465957 -0.97910421 0.20038378
vn 0.08586506 -0.99164422 -0.09627526
vn 0.04662033 -0.99774231 -0.04834073
vn 0.07216384 -0.99080677 -0.11443041
vn 0.07754032 -0.99110085 -0.10819705
vn 0.14325151 -0.96833898 -0.20444714
vn 0.05066989 -0.98203779 -0.18175350
vn 0.05394010 -0.98569817 -0.15965459
vn 0.08132908 -0.99058434 -0.11012831
vn -0.20475788 -0.95186239 0.22810569
vn 0.09694068 -0.95629328 -0.27587254
vn 0.13430582 -0.96815414 -0.21128063
vn 0.08071728 -0.98916437 -0.12263181
vn 0.10206982 -0.97727995 -0.18575696
vn 0.10352040 -0.98323231 -0.15012577
vn 0.21839275 -0.97455034 0.05055934
vn 0.05317228 -0.94408142 0.32539664
vn 0.09064334 -0.95421364 -0.28506161
vn 0.05873074 -0.98210029 -0.17896848
vn -0.09056816 -0.97368973 -0.20910696
vn 0.04579725 -0.97631436 -0.21145420
vn -0.04743555 -0.97953131 -0.19562282
vn 0.09572787 -0.98529469 -0.14152930
vn 0.07306767 -0.94896649 -0.30679588
vn -0.08473170 -0.98471319 -0.15218566
vn -0.13429386 -0.97977408 -0.14835062
vn 0.23147691 -0.92899563 -0.28876558
vn -0.32929272 -0.93290096 -0.14581528
vn -0.28313895 -0.94684507 -0.15269824
vn -0.50572371 -0.86202862 0.03391437
vn -0.44274059 -0.88948074 -0.11315820
vn -0.15886450 -0.81419429 -0.55843507
vn -0.19843663 -0.90257406 -0.38207717
vn -0.12199823 -0.76582304 -0.63137271
vn -0.19819284 -0.74609186 -0.63566228
vn -0.23880815 -0.92177473 -0.30545378
vn -0.16233070 -0.63183311 -0.75791534
vn -0.30252393 -0.88354254 -0.35753582
vn -0.14268322 -0.68611326 -0.71336533
vn -0.31062754 -0.72549225 -0.61414292
vn -0.19905314 -0.72988711 -0.65394392
vn 0.01998414 -0.92675974 -0.37512267
vn 0.12927136 -0.95061764 -0.28216135
vn -0.46387532 -0.88499396 0.04006723
vn -0.52636227 -0.84558973 -0.08899873
vn -0.47036831 -0.88214133 0.02409007
vn -0.36751721 -0.89165142 -0.26436498
vn -0.40892453 -0.88877664 -0.20701889
vn -0.11426696 -0.98525132 -0.12736912
vn -0.00950989 -0.96745910 -0.25284869
vn 0.42967360 -0.90254800 -0.02806598
vn -0.49011824 -0.86530768 -0.10500821
vn -0.35320046 -0.93257371 -0.07453659
vn -0.58498987 -0.80990058 -0.04298719
vn -0.36034294 -0.83527109 -0.41530129
vn -0.19953908 -0.93781798 -0.28404506
vn -0.17911145 -0.85258292 -0.49093936
vn -0.06190827 -0.91996884 -0.38707197
vn -0.32760705 -0.65522904 -0.68069709
vn -0.11160057 -0.87278667 0.47517232
vn 0.03122329 -0.84931068 0.52696914
vn -0.00754676 -0.64530559 0.76388726
vn -0.10712119 -0.77142084 0.62724392
vn -0.06361868 -0.72166233 0.68931571
vn 0.24058086 -0.69320303 0.67940445
vn -0.33604305 -0.70349857 0.62623065
vn -0.20891369 -0.40683291 0.88929301
vn 0.15464701 -0.89822641 -0.41142876
vn -0.32308005 -0.86309676 -0.38817942
vn -0.38726651 -0.88982205 -0.24133250
vn -0.23840207 -0.79873134 -0.55244248
vn -0.02357243 -0.89880312 -0.43771827
vn -0.43830496 -0.88162578 -0.17499929
vn -0.38977115 -0.74979626 -0.53468123
vn 0.00053545 -0.80626435 -0.59155516
vn 0.03618228 -0.78497247 -0.61847318
vn 0.01294294 -0.89765240 -0.44051407
vn 0.10680730 -0.87223722 -0.47727815
vn 0.10216631 -0.94092620 -0.32283113
vn 0.07703203 -0.82084342 -0.56593475
vn 0.06978834 -0.83884564 -0.53987737
vn 0.13208388 -0.85765010 -0.49698104
vn 0.30987625 -0.86915426 0.38541872
vn 0.32171959 -0.78062197 0.53584126
vn -0.30885574 -0.94301682 0.12380393
vn 0.28613211 -0.93618078 0.20419098
vn 0.08447988 -0.97866223 0.18730563
vn 0.10038504 -0.98800833 0.11731315
vn 0.13799310 -0.97047559 0.19782576
vn 0.27636134 -0.89611001 0.34729130
vn -0.19887564 -0.96110419 0.19164347
vn 0.50036800 -0.81327144 0.29702092
vn -0.30112069 -0.88818503 -0.34706437
vn -0.55893762 -0.81056446 -0.17485420
vn -0.38111454 -0.84889898 -0.36622703
vn 0.10930018 -0.97267211 -0.20484737
vn 0.08145061 -0.82243340 -0.56300010
vn -0.39881596 -0.88465656 -0.24151315
vn -0.49250506 -0.86973736 0.03155469
vn 0.34863934 -0.90962963 0.22588613
vn 0.38929801 -0.90429247 0.17522039
vn 0.17801661 -0.96797660 -0.17700676
vn 0.39568796 -0.88571337 -0.24278152
vn -0.30889082 -0.88414531 0.35053321
vn -0.30893635 -0.93317456 0.18369423
vn -0.22239167 -0.61806408 -0.75401508
vn -0.23437149 -0.76958892 -0.59397213
vn -0.20883480 -0.63797934 -0.74119525
vn 0.14903598 -0.95017508 -0.27378019
vn 0.43785046 -0.88367408 -0.16555090
vn 0.26456233 -0.94995476 -0.16611057
vn -0.66226684 -0.64894302 0.37453384
vn 0.07608855 -0.93891770 -0.33562491
vn 0.37797424 -0.84578712 -0.37653635
vn 0.12323504 -0.49301645 -0.86124788
vn 0.05331228 -0.96933954 -0.23987216
vn 0.15252628 -0.88300368 -0.44389215
vn 0.22704329 -0.87105592 -0.43556047
vn 0.28167054 -0.82766044 -0.48542755
vn -0.30552377 -0.57956344 -0.75548755
vn -0.20266782 -0.93691117 0.28482137
vn -0.22533619 -0.73618297 -0.63816787
vn 0.17991485 -0.87186796 -0.45549633
vn -0.47739455 -0.69199307 -0.54151642
vn -0.10908414 -0.98885288 -0.10134409
vn -0.21355926 -0.96065573 0.17757538
vn -0.46533213 -0.87671009 -0.12184180
vn -0.38829399 -0.91713886 0.08991157
vn -0.20930378 -0.96349372 0.16694844
vn 0.16751645 -0.96837001 0.18492637
vn -0.60956793 -0.58360829 -0.53649632
vn 0.17175241 -0.94463094 0.27959523
vn -0.07281798 -0.99573955 -0.05657110
vn 0.46387102 -0.87155513 -0.15879332
vn 0.09869839 -0.96868660 -0.22782648
vn 0.39291478 -0.87458449 0.28411257
vn 0.04882394 -0.96948312 -0.24024715
vn 0.29807217 -0.74579274 -0.59577359
vn 0.26194816 -0.84942232 0.45811012
vn 0.23432238 -0.96474200 0.11985786
vn -0.52727046 -0.66797818 -0.52515808
vn -0.21162037 -0.97557327 0.05893744
vn -0.59295839 -0.77854262 -0.20560092
vn -0.06780394 -0.99724965 -0.02992933
vn -0.32021763 -0.60902618 -0.72563612
vn -0.58465710 -0.73558671 0.34218163
vn -0.39375154 -0.77900692 0.48796306
vn -0.32722682 -0.92563923 0.19003850
vn 0.49391963 -0.84899579 -0.18774861
vn -0.33776765 -0.94007210 0.04666338
vn -0.15442234 -0.94260298 0.29606311
vn 0.33878078 -0.88276315 -0.32551007
vn 0.03076223 -0.98443685 -0.17302536
vn -0.35887318 -0.71974396 -0.59428837
vn -0.32599591 -0.94286894 -0.06873734
vn -0.48648141 -0.78192919 -0.38977247
vn -0.08857606 -0.97751239 -0.19137346
vn -0.50695893 -0.40592532 0.76040600
vn -0.61223093 -0.45282901 0.64816601
vn -0.30670126 -0.94967721 0.06362017
vn -0.30687271 -0.94736035 0.09130992
vn -0.31279208 -0.82674280 -0.46760824
vn 0.18730570 -0.96856981 -0.16367379
vn -0.22093411 -0.97081915 -0.09326469
vn 0.17433518 -0.94145029 0.28858032
vn -0.03335590 -0.87103083 0.49009457
vn 0.09212506 -0.99573398 0.00517799
vn 0.09387274 -0.98704134 0.13014336
vn -0.00157225 -0.97950575 -0.20141008
vn -0.58140640 -0.81277707 0.03687866
vn -0.21547426 -0.97558509 -0.04248034
vn -0.24553152 -0.96937367 -0.00538184
vn 0.07382288 -0.86770118 -0.49157384
vn -0.62353206 -0.73226803 0.27384540
vn -0.17188612 -0.97096253 0.16639391
vn -0.34510744 -0.87075241 0.35027289
vn 0.04422695 -0.99768365 -0.05168471
vn 0.02296169 -0.97551245 -0.21874235
vn 0.39443808 -0.68303219 0.61472403
vn 0.30565441 -0.83540833 0.45680226
vn 0.04407956 -0.88446290 -0.46452381
vn -0.22580082 -0.63010372 -0.74295578
vn -0.28835144 -0.78066071 -0.55445677
vn -0.13783924 -0.98653457 -0.08803347
vn -0.43031354 -0.75320061 -0.49751292
vn -0.60836762 -0.20939387 0.76553449
vn -0.58060045 -0.81323821 0.03932854
vn 0.46977005 -0.80408462 -0.36436798
vn 0.50769863 -0.74949151 -0.42485831
vn 0.64176861 -0.76627195 0.03098936
vn 0.50375235 -0.85675565 -0.11046866
vn 0.54407973 -0.82834213 -0.13351616
vn 0.42632854 -0.89483460 0.13234429
vn 0.57506179 -0.81803279 0.01123774
vn 0.69377211 -0.70876300 -0.12780948
vn 0.55739564 -0.82972378 0.02947106
vn 0.96702425 -0.25449826 -0.00973358
vn 0.68966556 -0.72102996 0.06691200
vn 0.52342353 -0.84532773 0.10699923
vn 0.48022263 -0.87711231 -0.00776029
vn 0.57347031 -0.81239047 -0.10561026
vn 0.46594756 -0.88318406 -0.05365438
vn 0.81384082 -0.57532351 0.08164545
vn 0.69977506 -0.69072975 -0.18222863
vn 0.74898870 -0.65865483 -0.07203990
vn 0.60044395 -0.78824292 0.13468540
vn 0.67211247 -0.65199320 0.35095540
vn 0.46622697 -0.62770312 0.62339490
vn 0.72174573 -0.64616139 -0.24810998
vn 0.45197253 -0.83211952 -0.32139996
vn 0.59824786 -0.80122151 -0.01198294
vn 0.41387715 -0.90316015 -0.11405021
vn 0.47477265 -0.85559173 -0.20628555
vn 0.46388324 -0.86274738 -0.20119466
vn 0.84207870 -0.46005901 -0.28151230
vn 0.66784589 -0.70848909 -0.22809005
vn 0.76999974 -0.58622990 -0.25186287
vn 0.51390381 -0.84065161 -0.17090275
vn 0.67660979 -0.57203209 -0.46365772
vn 0.75965483 -0.64700200 0.06567307
vn 0.74710226 -0.58789167 0.31019606
vn 0.78079775 -0.45164213 0.43171084
vn 0.58937148 -0.79323143 0.15305281
vn 0.51906364 -0.78120897 -0.34682198
vn 0.66948195 -0.59515531 -0.44450430
vn 0.54591105 -0.78615234 -0.28973371
vn 0.57135912 -0.65615700 -0.49295716
vn 0.67480622 -0.68357401 -0.27814232
vn 0.76886512 -0.63593472 0.06658420
vn 0.60023757 -0.79170380 -0.11366594
vn 0.50488194 -0.68719256 -0.52236061
vn 0.65186530 -0.57840962 -0.49042221
vn 0.70900279 -0.65395797 0.26392047
vn 0.52069287 -0.65841098 -0.54348313
vn 0.47041144 -0.60458669 -0.64279702
vn 0.27847373 -0.70565925 -0.65153465
vn 0.43307924 -0.70052486 -0.56719246
vn 0.52704036 -0.79099284 -0.31073909
vn 0.59257645 -0.57665666 -0.56242355
vn 0.56577553 -0.77539774 -0.28045747
vn 0.40954388 -0.84633222 -0.34058124
vn 0.40210441 -0.84959987 -0.34130939
vn 0.35126360 -0.64117832 -0.68227872
vn 0.53065048 -0.71047959 -0.46219997
vn 0.41926103 -0.77710335 -0.46939384
vn 0.26747536 -0.74954054 -0.60551293
vn 0.44075455 -0.55890698 -0.70239477
vn 0.52894198 -0.82553387 0.19675926
vn 0.25341316 -0.86900816 -0.42497834
vn 0.46126895 -0.78827614 -0.40724892
vn 0.56226473 -0.78975180 -0.24525591
vn 0.23700629 -0.93311296 0.27042230
vn 0.41812793 -0.89965287 0.12567320
vn 0.57647196 -0.74412941 -0.33756703
vn 0.43693871 -0.82712446 -0.35348224
vn 0.28486279 -0.17572879 -0.94232297
vn 0.42977227 -0.69289245 -0.57896100
vn 0.50825978 -0.60129136 -0.61653929
vn 0.64223673 -0.71721800 -0.27042618
vn 0.56035793 -0.57259198 -0.59844583
vn 0.54879334 -0.77754484 -0.30700146
vn 0.79636958 -0.56410442 -0.21813228
vn 0.62855448 -0.76841550 -0.12023677
vn 0.40111046 -0.90237294 -0.15758644
vn 0.58244585 -0.78826475 -0.19848303
vn 0.46120986 -0.66904179 -0.58281090
vn 0.40202685 -0.82269737 -0.40192469
vn 0.60400180 -0.58017515 0.54642348
vn 0.76790662 -0.49463959 0.40700258
vn 0.61665031 -0.21648093 0.75688731
vn 0.27397884 -0.94922050 -0.15464812
vn 0.14992809 -0.98290140 -0.10689437
vn 0.37138598 -0.78864153 -0.49001734
vn 0.75808991 -0.64465459 -0.09859078
vn 0.74185089 -0.66022676 -0.11729396
vn 0.87991202 -0.44280736 0.17226862
vn 0.66430538 -0.73018337 -0.15978303
vn 0.68785868 -0.69506522 0.20912860
vn 0.57877328 -0.80172563 0.14918950
vn 0.21988673 -0.93667089 0.27257563
vn 0.53445584 -0.83353669 -0.13990547
vn 0.82907543 -0.54595945 0.12067394
vn 0.59000731 -0.80160591 -0.09653669
vn 0.30069140 -0.93982304 0.16222617
vn 0.61956488 -0.75524361 -0.21388421
vn 0.66020939 -0.69824568 0.27672464
vn 0.85155746 -0.50382447 -0.14495103
vn 0.34880861 -0.55315579 -0.75653898
vn 0.80280288 -0.59383002 0.05360452
vn 0.97190935 -0.17589744 0.15637230
vn 0.30584090 -0.83927462 0.44953249
vn 0.70119056 -0.61645420 0.35821225
vn -0.60988542 -0.69367464 0.38321701
vn -0.96690689 -0.18201931 -0.17877373
vn -0.75758766 -0.46995956 -0.45298892
vn -0.99739893 0.06380198 -0.03353637
vn -0.96552258 0.25640134 0.04499436
vn -0.92980796 0.25442997 -0.26593710
vn -0.87136910 0.41279573 0.26517085
vn -0.85184856 0.29692335 -0.43149803
vn -0.94960032 0.26143763 -0.17294392
vn -0.95957212 0.25974452 -0.10841647
vn -0.83329393 0.54604258 -0.08636385
vn -0.78038768 0.40750931 -0.47426916
vn -0.97219379 0.19960867 -0.12245657
vn -0.98638717 0.12948475 -0.10136099
vn -0.99363515 -0.03058884 0.10841363
vn -0.67886049 0.73320869 -0.03941392
vn -0.77652705 0.62165635 -0.10270892
vn -0.83040633 0.52526866 -0.18579064
vn -0.86649532 0.48594652 -0.11420090
vn -0.90215175 0.36394341 -0.23166231
vn -0.63492432 0.76470958 -0.10995620
vn -0.89730847 0.44103958 0.01793317
vn -0.74045859 0.66120627 0.12052941
vn -0.65821928 0.74539948 -0.10548458
vn -0.61277995 0.78981871 -0.02621342
vn -0.70678194 0.70742000 0.00402958
vn -0.68750886 0.71905395 -0.10145432
vn -0.72544146 0.62735417 0.28312795
vn -0.54861020 0.79162600 0.26898907
vn -0.52565477 0.57361371 0.62821523
vn -0.99133050 -0.04960918 -0.12166662
vn -0.99650576 -0.04650239 0.06938160
vn -0.99548704 -0.01704761 0.09335375
vn -0.99729550 -0.02270073 -0.06990259
vn -0.95861603 -0.25653209 -0.12347707
vn -0.99606043 -0.08865437 0.00200611
vn -0.99727540 -0.07231809 0.01455605
vn -0.86028400 0.50224358 -0.08753759
vn -0.94333898 -0.11292102 -0.31202630
vn -0.99741749 -0.07164993 0.00496424
vn -0.99753273 -0.06042628 -0.03573666
vn -0.70296533 0.71118694 0.00727210
vn -0.71894590 0.48993622 0.49303073
vn -0.92377180 0.29434218 0.24496601
vn -0.67806772 0.24606221 0.69258758
vn -0.77054479 0.38696813 0.50647447
vn -0.69103500 -0.02349847 0.72243924
vn -0.67076095 0.74143323 -0.01888159
vn -0.63321765 0.76479106 -0.11886983
vn -0.80460038 0.58694836 -0.09005471
vn -0.57790004 0.81480776 -0.04604179
vn -0.59263338 0.80531002 0.01616933
vn -0.63632749 0.75175013 0.17308685
vn -0.81245571 0.57166839 0.11450317
vn -0.80330993 0.55730304 0.21001544
vn -0.53627542 0.82045654 0.19814070
vn -0.78259660 0.57715523 0.23331181
vn -0.92900983 0.33871937 0.14902993
vn -0.81861248 0.57278273 -0.04235024
vn -0.97931757 0.11098949 -0.16916982
vn -0.65964142 0.75154703 -0.00708940
vn -0.95418824 0.02659335 -0.29802283
vn -0.97999481 -0.05316640 0.19179027
vn -0.94616092 -0.03884004 -0.32135802
vn -0.98868974 -0.14238238 -0.04711528
vn -0.70558301 -0.30282426 -0.64066378
vn -0.89487698 -0.15697015 -0.41779848
vn -0.81769080 -0.17128749 -0.54958380
vn -0.88390226 -0.11634294 -0.45296922
vn -0.85494501 -0.08797386 -0.51120410
vn -0.98082455 -0.16081740 0.11009526
vn -0.98669142 -0.13985186 0.08295478
vn -0.98182252 0.15833772 0.10465998
vn -0.85180363 0.09303006 -0.51553466
vn -0.97273835 -0.03129072 0.22978466
vn -0.98111894 0.14762357 0.12495163
vn -0.98655128 0.09618888 0.13215247
vn -0.92371131 0.32762726 0.19853914
vn -0.98025133 -0.14084557 0.13881593
vn -0.91686334 -0.18327529 0.35464318
vn -0.98118106 -0.19016984 0.03345371
vn -0.99102355 -0.13309665 -0.01255393
vn -0.98161407 -0.16939046 0.08798118
vn -0.93043132 -0.36154913 0.05983128
vn -0.99184534 -0.12525806 0.02352091
vn -0.99811839 0.01944376 -0.05815172
vn -0.99579240 -0.06355876 0.06601341
vn -0.99913752 -0.03494328 -0.02243192
vn -0.99186876 0.12427840 0.02740892
vn -0.99990056 -0.00732341 -0.01205131
vn -0.96327283 0.26567319 0.03902825
vn -0.81292003 -0.57294948 0.10435480
vn -0.89689928 -0.43873151 0.05555476
vn -0.91752584 -0.39764571 -0.00492113
vn -0.94112379 -0.21893613 -0.25759072
vn -0.96698925 -0.19778426 -0.16066482
vn -0.97878362 -0.11599916 -0.16889885
vn -0.98583643 -0.06755626 -0.15350143
vn -0.96521436 -0.18170793 -0.18799857
vn -0.92888778 -0.24738834 -0.27562023
vn -0.92717294 -0.36355362 -0.09043834
vn -0.83878291 -0.52557894 -0.14216191
vn -0.91149949 -0.41127652 -0.00450488
vn -0.89681432 -0.43955884 0.05012090
vn -0.95773114 -0.27950032 -0.06804879
vn -0.95097774 -0.28073636 -0.12972444
vn -0.96920627 -0.24622457 -0.00355891
vn -0.92346491 -0.30920722 -0.22716393
vn -0.85666576 -0.50297715 -0.11462006
vn -0.87136689 -0.45353161 -0.18715989
vn -0.78667857 -0.59194933 -0.17530780
vn -0.80269851 -0.59144817 -0.07657780
vn -0.78471209 -0.61934953 -0.02516129
vn -0.74714797 -0.66127799 -0.06694266
vn -0.83882428 -0.54390823 0.02318764
vn -0.90171389 -0.42402240 -0.08436272
vn -0.87645603 -0.47511881 -0.07801887
vn -0.79446740 -0.57162706 -0.20509524
vn -0.80558259 -0.51731023 -0.28883701
vn -0.73131319 -0.56698937 -0.37908320
vn -0.89229486 -0.44983709 0.03816381
vn -0.84034487 -0.48992899 -0.23192690
vn -0.71937077 -0.48741346 -0.49490788
vn -0.82005608 -0.56757229 -0.07327837
vn -0.72198897 -0.59794398 -0.34813061
vn -0.87494590 -0.47317139 -0.10285188
vn -0.73058081 -0.62742851 -0.26941630
vn -0.75576043 -0.58816838 -0.28789602
vn -0.83258570 -0.51580198 -0.20186475
vn -0.85057534 -0.50638361 -0.14176469
vn -0.80518317 -0.59023663 -0.05745241
vn -0.64104281 -0.76162751 -0.09480322
vn -0.70851222 -0.70517708 -0.02712411
vn -0.59417706 -0.80422059 -0.01352321
vn -0.49539494 -0.85298601 -0.16431287
vn -0.72577495 -0.68736461 -0.02793937
vn -0.80638321 -0.59139290 -0.00074390
vn -0.72931647 -0.68415403 -0.00554510
vn -0.72332255 -0.65872347 -0.20709390
vn -0.75827895 -0.62330284 -0.19106702
vn -0.74996194 -0.66143007 -0.00820691
vn -0.84424413 -0.53235621 -0.06203797
vn -0.82742691 -0.55322444 -0.09647498
vn -0.54718384 -0.82898147 0.11567010
vn -0.61154691 -0.79007240 0.04237892
vn -0.72474677 -0.53824364 0.43015799
vn -0.47599634 -0.33408353 0.81352054
vn -0.84255700 -0.52983487 -0.09681277
vn -0.86101893 -0.43763769 -0.25907459
vn -0.86256800 -0.42086304 -0.28080375
vn -0.79885387 -0.48279233 -0.35880924
vn -0.86385064 -0.43740170 -0.24988363
vn -0.74778812 -0.55391052 -0.36605472
vn -0.68783457 -0.48898465 -0.53644908
vn -0.82669232 -0.24382394 -0.50707957
vn -0.88923655 -0.37924217 -0.25580018
vn -0.97516476 -0.02147035 -0.22043757
vn -0.95891837 -0.11305354 -0.26018157
vn -0.96271918 -0.13271484 -0.23570862
vn -0.94629299 -0.28511251 -0.15244816
vn -0.96937757 -0.21120511 -0.12529776
vn -0.95622930 -0.25986789 0.13451473
vn -0.93043581 -0.35579605 0.08774037
vn -0.91593923 -0.37838739 -0.13370977
vn -0.98194299 -0.14851036 0.11718630
vn -0.65546189 0.73864485 0.15739602
vn -0.97928500 0.15638738 0.12862300
vn -0.95415457 -0.07874562 -0.28877013
vn -0.95331429 -0.11630354 -0.27868505
vn -0.97013779 -0.02693760 -0.24105399
vn -0.95317580 -0.01036346 -0.30223912
vn -0.94759931 -0.10820267 -0.30057899
vn -0.69729183 -0.71136867 -0.08796999
vn -0.96158470 -0.16113853 -0.22223689
vn -0.68952634 -0.72394939 0.02122972
vn -0.65646129 -0.75334666 0.03908174
vn -0.62689777 -0.77762359 0.04796600
vn -0.59984935 -0.79801371 0.05792135
vn -0.68281882 -0.73055660 -0.00674633
vn -0.83448889 -0.51531643 -0.19513396
vn -0.86512145 -0.40847842 -0.29105026
vn -0.84019100 -0.12361547 -0.52801354
vn -0.85805019 -0.45574325 -0.23674451
vn -0.58765936 -0.35120043 0.72891339
vn -0.82478442 -0.47909505 -0.30033080
vn -0.82291884 -0.52563833 -0.21565930
vn -0.88556262 -0.39381929 -0.24634369
vn -0.90368070 -0.39527351 -0.16468164
vn -0.89255848 -0.44713172 -0.05841738
vn -0.85875728 -0.31030506 -0.40773361
vn -0.56653229 -0.30878974 -0.76399612
vn -0.83233690 -0.50868256 -0.22013027
vn -0.64135315 -0.76606368 -0.04257441
vn -0.69638749 -0.64485484 -0.31497093
vn -0.71381559 -0.68298877 -0.15489882
vn -0.64454145 -0.74107517 -0.18807953
vn -0.65191425 -0.72090148 -0.23517836
vn -0.69637249 -0.71336157 -0.07861692
vn -0.62472721 -0.78040463 0.02616349
vn -0.66746527 -0.55103922 -0.50084518
vn -0.96805996 -0.11788336 -0.22127683
vn -0.99632821 -0.08301072 -0.02095970
vn -0.91588460 -0.32669629 -0.23329152
vn -0.75019223 -0.28540532 -0.59645236
vn -0.92814848 -0.19013932 -0.31998038
vn -0.91904714 -0.10119411 -0.38093583
vn -0.85458657 -0.51922475 -0.00935151
vn -0.72003288 -0.59225592 -0.36164289
vn -0.74182323 0.66563330 -0.08142858
vn -0.74402175 -0.63309740 -0.21358679
vn -0.83615010 -0.53990462 -0.09672645
vn -0.72199769 -0.69188805 0.00320419
vn -0.81167558 -0.49466266 -0.31063098
vn -0.81105978 -0.41672564 -0.41051404
vn -0.84690194 -0.50665945 -0.16141035
vn -0.86401364 -0.37772815 -0.33286915
vn -0.91202769 -0.39026577 -0.12608777
vn -0.94046482 -0.31153003 0.13592264
vn -0.95628655 -0.29143268 0.02414594
vn -0.96615517 -0.18380512 -0.18099687
vn -0.94296087 -0.18267754 -0.27830507
vn -0.98070985 -0.17928926 -0.07786879
vn -0.96697648 -0.24377529 0.07436466
vn -0.98557386 -0.16914654 0.00579727
vn -0.97473165 -0.21315777 0.06679805
vn -0.88725416 -0.46000602 -0.03427121
vn -0.94220558 -0.33496737 -0.00674528
vn -0.88375172 -0.45628844 -0.10384487
vn -0.87342214 -0.47204651 -0.11960713
vn -0.87847207 -0.40343428 -0.25598361
vn -0.87716532 -0.38786557 -0.28309239
vn -0.80171757 -0.29190852 -0.52157296
vn -0.90754784 -0.38905758 -0.15808581
vn -0.86573244 -0.49445173 0.07761977
vn -0.94866054 -0.31477067 -0.03102583
vn -0.82370976 -0.56641745 -0.02595191
vn -0.81677603 -0.57692099 0.00625261
vn -0.86446065 0.38535059 -0.32281992
vn -0.92432448 -0.35864401 0.13037913
vn -0.94081616 -0.18249153 -0.28559026
vn -0.96376222 -0.17797049 -0.19871811
vn -0.97616414 -0.19535445 -0.09455265
vn -0.96387726 -0.26533326 0.02321391
vn -0.94695417 -0.16196274 -0.27757136
vn -0.54941367 -0.27901796 0.78758720
vn -0.34806584 -0.22618531 0.90977490
vn -0.54947441 0.80506562 -0.22348875
vn -0.91610916 -0.37689467 -0.13672755
vn -0.99523498 0.09570078 -0.01867350
vn -0.93535281 -0.23649499 -0.26303088
vn -0.93867422 -0.12364617 -0.32187317
vn -0.94641050 -0.24774632 -0.20719298
vn -0.91626932 -0.08527509 -0.39138049
vn -0.85555973 -0.27464746 -0.43884657
vn -0.87951166 -0.28281857 -0.38271778
vn -0.88975228 -0.27930545 -0.36101157
vn -0.58071455 0.81393779 -0.01660995
vn -0.99289052 -0.09396338 -0.07307050
vn -0.86680559 -0.49763421 -0.03175318
vn -0.62391761 -0.76622359 -0.15371476
vn -0.97427834 0.19865818 0.10637971
vn -0.95225698 -0.09999907 -0.28845593
vn -0.87377066 -0.35785011 -0.32934501
vn -0.98350935 0.17249793 -0.05434916
vn -0.81540517 -0.36292236 0.45100085
vn -0.82482130 -0.36058099 -0.43548957
vn -0.83219928 -0.13883995 -0.53681265
vn -0.89876376 -0.00717270 -0.43837456
vn -0.80971482 -0.00438320 -0.58680720
vn -0.99371597 -0.06527332 0.09092832
vn -0.53883839 0.83541768 0.10830736
vn -0.99992199 -0.00030312 0.01248719
vn -0.91464008 -0.23711004 -0.32743297
vn -0.97432613 -0.19993738 -0.10350668
vn -0.90961417 -0.28714091 -0.30025350
vn -0.96469233 -0.25049127 -0.08138073
vn -0.89296914 -0.44512472 -0.06685886
vn -0.87004328 -0.48708006 -0.07601119
vn -0.87388090 -0.36366817 -0.32261065
vn -0.88385390 -0.03987632 0.46606025
vn -0.92708081 -0.37407279 -0.02430471
vn -0.97933203 -0.10754270 0.17129897
vn -0.97845428 0.04301464 -0.20193308
vn -0.86417078 -0.09466530 0.49421387
vn -0.97200771 -0.15021864 -0.18065264
vn -0.97425416 0.03102317 -0.22330785
vn 0.49902847 0.59544465 0.62961596
vn 0.66157276 0.41296671 0.62592330
vn 0.44438743 0.54385317 0.71185922
vn 0.58067639 0.60740834 0.54209781
vn 0.60743707 0.56354537 0.55985430
vn 0.50683616 0.50091125 0.70157325
vn 0.56500970 0.42791478 0.70544523
vn 0.71354007 0.49155755 0.49923116
vn 0.62079113 0.36131494 0.69575131
vn 0.47088431 0.30159716 0.82903988
vn 0.64027832 0.39371519 0.65956957
vn 0.45908662 0.30067458 0.83596308
vn 0.44873889 0.28495474 0.84701488
vn 0.39323484 0.22737658 0.89087948
vn 0.72077355 0.59134006 0.36166617
vn 0.75285081 0.54714206 0.36585684
vn 0.60505198 0.56102590 0.56494428
vn 0.31918064 0.53373829 0.78310099
vn 0.28306066 0.51909092 0.80648700
vn 0.33015927 0.62188637 0.71010717
vn 0.14580131 0.53914437 0.82949703
vn 0.43733938 0.66674739 0.60347509
vn 0.75015334 0.47653956 0.45845394
vn 0.21249305 0.39879919 0.89207954
vn 0.09586079 0.26424634 0.95967942
vn -0.08834222 -0.09308754 0.99173099
vn 0.00802888 0.05440612 0.99848661
vn 0.17954309 0.39922113 0.89910332
vn 0.02729211 0.13747089 0.99012974
vn 0.00108582 0.08845647 0.99607945
vn -0.11094485 -0.33283641 0.93643535
vn -0.16812638 -0.28160786 0.94468542
vn 0.09730286 0.29242871 0.95132413
vn 0.10538383 0.34834536 0.93142351
vn -0.20767532 -0.31614824 0.92570041
vn -0.11762458 0.05392022 0.99159320
vn 0.19478783 0.29686576 0.93484139
vn -0.07028098 -0.24710450 0.96643673
vn 0.11252361 0.35175862 0.92930313
vn 0.24966785 0.30456099 0.91918908
vn 0.19192816 0.46176674 0.86598791
vn 0.28171220 0.66368505 0.69293606
vn 0.24199558 0.48871676 0.83820884
vn 0.16344827 0.50450509 0.84779672
vn 0.34724307 0.82044992 0.45418518
vn 0.25536222 0.81033910 0.52739045
vn 0.24704029 0.86074915 0.44506403
vn 0.23741290 0.76258629 0.60174518
vn 0.23227627 0.83416000 0.50022478
vn 0.22499140 0.80011782 0.55604886
vn 0.17265140 0.73112534 0.66003578
vn 0.20546170 0.67070659 0.71269780
vn 0.17476645 0.86070910 0.47815952
vn 0.09945185 0.51809491 0.84952163
vn 0.03992596 0.28754833 0.95693358
vn 0.14379723 0.50386520 0.85172896
vn 0.14864736 0.51559719 0.84383855
vn -0.09115916 -0.26965278 0.95863308
vn -0.07203995 -0.15354414 0.98551227
vn 0.02324203 -0.30096414 0.95335219
vn 0.01367840 -0.34610750 0.93809514
vn 0.00677671 -0.02299206 0.99971268
vn 0.04235929 0.24582846 0.96838735
vn 0.00248746 -0.00292697 0.99999262
vn 0.01121287 0.41363644 0.91037309
vn 0.00506046 0.41806651 0.90840233
vn 0.01248787 0.43111552 0.90221032
vn -0.01550678 0.41489833 0.90973563
vn 0.02631470 0.43318583 0.90092040
vn -0.04668090 0.61186121 0.78958644
vn -0.10577778 0.66968628 0.73507234
vn -0.10908875 0.72451018 0.68057670
vn 0.08945749 0.78298216 0.61557802
vn -0.14273380 0.87240543 0.46747815
vn 0.00220469 0.24501731 0.96951620
vn 0.00400040 0.06794166 0.99768128
vn -0.00145090 -0.18956598 0.98186691
vn -0.00305911 -0.20023683 0.97974275
vn 0.01905442 0.39385653 0.91897441
vn 0.06731488 0.46767527 0.88133339
vn -0.06247411 0.92116129 0.38413391
vn 0.05411568 0.92461763 0.37703279
vn 0.04862932 0.83857196 0.54261612
vn -0.02141653 0.73107876 0.68195688
vn -0.09534662 0.52921271 0.84311502
vn 0.07873338 0.61512508 0.78448849
vn -0.19541958 0.75008702 0.63180744
vn -0.12971379 0.62895746 0.76654213
vn -0.06879720 0.02112638 0.99740695
vn -0.00210643 0.28514904 0.95848088
vn -0.03645647 0.01319738 0.99924809
vn -0.07294175 0.14910097 0.98612798
vn 0.00968239 0.05120970 0.99864099
vn 0.04292421 0.02293958 0.99881494
vn -0.02970696 -0.08701997 0.99576354
vn 0.24187540 0.59410227 0.76716282
vn -0.08046950 0.82538211 0.55881037
vn -0.07272972 0.32960260 0.94131425
vn 0.22828325 0.44711126 0.86485738
vn -0.21906908 0.81575347 0.53530833
vn 0.02371332 -0.29263051 0.95593152
vn 0.20932825 0.61440209 0.76071792
vn -0.23019616 0.86493238 0.44598398
vn 0.10937891 0.66241504 0.74110902
vn 0.28378277 0.32259223 0.90299590
vn -0.10959201 0.48146328 0.86958766
vn 0.00422963 0.21424075 0.97677173
vn 0.02898937 -0.23304005 0.97203495
vn -0.10026667 0.40822928 0.90735630
vn 0.01158125 -0.01019620 0.99988095
vn 0.02557244 0.04793878 0.99852287
vn 0.32897289 0.90964890 0.25360543
vn 0.55256286 0.36033403 0.75155417
vn 0.60366947 0.65579292 0.45334183
vn 0.33480797 0.66505369 0.66753818
vn 0.33041826 0.62798015 0.70460252
vn 0.39251566 0.68391763 0.61497003
vn 0.44703580 0.82460504 0.34667784
vn 0.34305528 0.32834478 0.88005839
vn 0.19350448 0.50047435 0.84384918
vn -0.07755802 0.42476131 0.90197704
vn 0.34949739 0.29959915 0.88774542
vn 0.37424270 0.28591130 0.88215482
vn 0.35834054 0.20326462 0.91119457
vn 0.61193009 0.36225442 0.70307418
vn 0.44152080 0.28458791 0.85092250
vn 0.33391648 0.24426397 0.91040370
vn 0.48856985 0.25909484 0.83316827
vn 0.39367959 0.30258643 0.86801949
vn 0.70237467 0.32007918 0.63578231
vn 0.60473515 0.26175132 0.75218458
vn 0.65983519 0.31244908 0.68336893
vn 0.74085369 0.32037724 0.59033400
vn 0.66919275 0.07833781 0.73894807
vn 0.70334608 0.26587946 0.65925140
vn 0.64720394 0.35855228 0.67273124
vn 0.65410576 0.34685283 0.67218954
vn 0.55789072 0.35911568 0.74819374
vn 0.64165677 0.21912342 0.73502484
vn 0.54257991 0.27541299 0.79357087
vn 0.67489705 0.19082579 0.71281097
vn 0.45672328 0.26064606 0.85056891
vn 0.71629378 0.32121894 0.61946881
vn 0.38038941 0.12789632 0.91594019
vn -0.22546411 0.70575708 0.67161960
vn -0.23162673 0.64348134 0.72957578
vn -0.19424324 0.75788234 0.62280328
vn -0.23260040 0.74357182 0.62689552
vn -0.40699543 0.73429999 0.54328467
vn -0.45319859 0.74488011 0.48965769
vn -0.47001308 0.72148080 0.50848122
vn -0.50337784 0.83354330 0.22763198
vn -0.43392746 0.62351279 0.65033741
vn -0.30234580 0.67061075 0.67739814
vn -0.14421280 0.62937104 0.76360642
vn -0.13819948 0.86087929 0.48968128
vn -0.29724605 0.56094193 0.77265059
vn -0.23247127 0.30428785 0.92377812
vn -0.41418877 0.42806371 0.80324910
vn -0.22230109 0.22467147 0.94873861
vn -0.13158876 0.09911740 0.98633673
vn 0.12312807 -0.16150646 0.97916043
vn -0.18826185 0.13296686 0.97307620
vn 0.14561017 -0.23514834 0.96099060
vn 0.01815168 0.11868582 0.99276593
vn 0.07194942 -0.05351374 0.99597167
vn -0.35579441 0.33174719 0.87370140
vn -0.24976563 0.13909798 0.95826347
vn -0.12151012 0.01436364 0.99248626
vn -0.45242020 0.42166751 0.78581962
vn -0.45814446 0.52309559 0.71866171
vn -0.53003803 0.52767317 0.66379268
vn -0.53145850 0.48001188 0.69795449
vn -0.34523187 0.34975637 0.87091069
vn -0.24060899 0.22787070 0.94349470
vn -0.37587079 0.28386094 0.88212477
vn -0.41031760 0.23329856 0.88159586
vn -0.54359755 0.34084934 0.76702245
vn -0.69888788 0.29971274 0.64940588
vn -0.38391949 0.21267389 0.89854084
vn -0.06455701 0.03934920 0.99713792
vn -0.28878110 0.13160546 0.94830664
vn 0.03195530 0.22170689 0.97458961
vn 0.33275294 -0.18610225 0.92446819
vn 0.43056392 -0.10710572 0.89618250
vn 0.32271811 -0.16809290 0.93144930
vn -0.01843388 -0.56433857 0.82533761
vn -0.61092464 0.35492164 0.70767345
vn -0.59748521 0.26217617 0.75780940
vn -0.23950158 0.14907239 0.95938335
vn -0.45267264 0.37568761 0.80866947
vn -0.64402198 0.60894308 0.46305940
vn -0.63259211 0.65440020 0.41423134
vn -0.58190637 0.68599828 0.43679668
vn -0.61155127 0.74737498 0.25968382
vn -0.64634008 0.75871858 0.08118259
vn -0.57585492 0.52843757 0.62381474
vn -0.31097278 0.20954649 0.92703085
vn -0.49034998 0.37713895 0.78569912
vn 0.75034859 -0.20478210 0.62852309
vn -0.53632827 0.55358221 0.63710181
vn -0.00874258 0.12895191 0.99161231
vn 0.43496598 -0.12941752 0.89109803
vn 0.44789323 0.86814499 0.21381283
vn -0.05636063 -0.03422431 0.99782372
vn 0.67416091 0.44521401 0.58931448
vn 0.70763040 0.51264059 0.48627034
vn 0.46341508 0.73741840 0.49138637
vn 0.29899929 0.44842768 0.84232537
vn 0.60078999 0.69364475 0.39737683
vn -0.00985114 0.07794133 0.99690928
vn 0.14564139 -0.21459203 0.96578406
vn 0.35274915 -0.43544370 0.82822511
vn 0.20545472 -0.20904200 0.95608044
vn -0.02107467 -0.01833521 0.99960976
vn 0.00871672 0.00808028 0.99992936
vn 0.50270121 -0.36092262 0.78551025
vn 0.42064615 -0.29659756 0.85737198
vn 0.59285739 -0.47061236 0.65348613
vn 0.44684897 -0.40369333 0.79834685
vn 0.08824628 0.07992207 0.99288723
vn 0.24050808 -0.14867110 0.95919381
vn 0.25930388 -0.38809000 0.88439112
vn -0.00911368 0.57560521 0.81767694
vn -0.57346348 0.46200773 0.67652679
vn 0.54142906 0.65739448 0.52410598
vn 0.24423708 0.15919976 0.95655825
vn 0.39979369 0.39052307 0.82925071
vn 0.34756827 0.24460597 0.90518739
vn -0.55690520 0.55629575 0.61675898
vn -0.53229333 0.71021480 0.46071548
vn -0.55857604 0.62892050 0.54078814
vn -0.54525463 0.80521741 0.23307146
vn -0.61235680 0.75361301 0.23892798
vn -0.57529121 0.69551820 0.43045842
vn -0.51017500 0.60307838 0.61320301
vn -0.49647648 0.64925375 0.57617763
vn 0.22409358 0.89928741 0.37558517
vn -0.10733303 0.10861055 0.98827292
vn 0.01676162 0.01599534 0.99973156
vn -0.53229310 0.55386284 0.64023434
vn 0.40388213 0.67550597 0.61690430
vn 0.03407750 -0.34371260 0.93845638
vn 0.01588917 -0.05176892 0.99853268
vn 0.11357061 -0.39390889 0.91210608
vn -0.60986929 0.77150530 0.18121541
vn -0.49170286 0.57087665 0.65751665
vn -0.53728885 0.66663832 0.51663725
vn 0.50870872 -0.10962866 0.85393032
vn 0.24926640 0.11341978 0.96177036
vn 0.30786670 -0.07397617 0.94854922
vn -0.03601505 -0.01950260 0.99916093
vn -0.15597336 0.09394378 0.98328372
vn -0.04985051 0.12328662 0.99111823
vn -0.09151586 0.12695151 0.98767817
vn 0.16079037 -0.02197346 0.98674395
vn 0.12167863 0.13463073 0.98339660
vn 0.50310287 -0.12533517 0.85508982
vn 0.30359030 0.00154587 0.95280142
vn 0.65903517 -0.15898545 0.73511650
vn -0.01074504 0.38923844 0.92107436
vn 0.03408523 0.80624136 0.59060398
vn 0.06506142 0.88433873 0.46228998
vn 0.09006823 0.69156597 0.71667581
vn -0.02291679 0.78655418 0.61709589
vn 0.12054804 0.95756729 0.26178818
vn 0.55647190 0.78661270 0.26754342
vn 0.55404831 0.72668831 0.40614598
vn -0.01009452 -0.12954343 0.99152236
vn 0.28864899 0.55780694 0.77816012
vn -0.47564797 0.50189169 0.72240137
vn 0.04630342 0.58067450 0.81281801
vn 0.16433034 0.36189046 0.91762238
vn -0.38275981 0.05787312 0.92203342
vn 0.43752377 0.19894693 0.87692250
vn -0.40131550 0.18333724 0.89740366
vn -0.67889664 0.42637355 0.59774990
vn 0.24021655 0.15345591 0.95851306
vn 0.11486285 0.01853156 0.99320849
vn -0.10557540 0.12255490 0.98683035
vn 0.09923083 0.10445598 0.98956667
vn 0.06256069 0.07779527 0.99500455
vn -0.03326923 0.06485705 0.99733982
vn 0.26596015 0.11436160 0.95717638
vn 0.08363172 0.34914879 0.93332784
vn -0.58115371 0.27670675 0.76530631
vn -0.50002006 0.47096819 0.72675230
vn 0.31416468 0.93842764 0.14371543
vn 0.28135502 0.43198601 0.85687072
vn -0.13882341 0.27497901 0.95137511
vn 0.49284730 -0.02398580 0.86978516
vn 0.06533587 -0.05143050 0.99653707
vn -0.09569527 0.17473694 0.97995378
vn 0.16252206 -0.16772616 0.97234485
vn 0.15232422 -0.23323079 0.96041696
vn -0.01577064 -0.08482867 0.99627074
vn 0.05941466 0.15039996 0.98683826
vn 0.23260019 -0.11550991 0.96568867
vn 0.00614956 0.21795617 0.97593919
vn -0.05394675 0.05048046 0.99726700
vn 0.69371457 0.44107708 0.56939538
vn -0.02118279 -0.07160868 0.99720785
vn 0.52532221 -0.16931946 0.83388698
vn 0.54983402 0.79443544 0.25798232
vn 0.36340094 0.17649856 0.91476118
vn 0.48505599 -0.31663212 0.81514710
vn 0.15374022 0.30179098 0.94089646
vn -0.54140503 0.46182065 0.70256835
vn -0.08004529 0.06772252 0.99448802
vn -0.24551905 -0.10133237 0.96408099
vn 0.25571349 -0.05834035 0.96499068
vn 0.20656021 0.49249664 0.84544659
vn 0.01796160 -0.04617317 0.99877196
vn 0.36001537 0.43623109 0.82467652
vn -0.17720837 0.68022192 0.71126320
vn 0.32293513 0.28232833 0.90332918
vn -0.00611254 0.52129935 0.85335200
vn -0.12638230 0.07919010 0.98881568
vn 0.03384301 -0.48897478 0.87164116
vn 0.74676929 0.09947520 0.65760194
vn -0.22095041 0.36064970 0.90615270
vn 0.28023386 0.40189388 0.87175128
vn 0.33393966 -0.26690333 0.90401710
vn -0.02112253 0.02923158 0.99934947
vn -0.54620845 0.20600615 0.81192228
vn -0.05474863 0.11071681 0.99234287
vn 0.33223056 0.27209013 0.90310011
vn -0.07947544 0.44758799 0.89070121
vn 0.09356872 -0.15955829 0.98274414
vn 0.51823918 0.75048682 0.41011910
vn 0.40457089 0.36439461 0.83877230
vn 0.08668938 -0.06670289 0.99399984
vn 0.06064441 0.27835322 0.95856233
vn -0.03705519 0.75080280 0.65948621
vn 0.49822966 -0.35770006 0.78982142
vn 0.15540023 -0.54850403 0.82158025
vn 0.51840061 -0.13370275 0.84462085
vn 0.12628957 -0.30201808 0.94490001
vn -0.00000886 -0.54628395 0.83760005
vn -0.16198523 -0.68844091 0.70697234
vn -0.26233504 -0.51072376 0.81874389
vn -0.34188434 -0.58026536 0.73919362
vn -0.30935219 -0.36115398 0.87969826
vn -0.21426771 -0.48217758 0.84946697
vn -0.07145831 -0.42591553 0.90193662
vn -0.05566827 -0.46155976 0.88536074
vn -0.15965346 -0.46202223 0.87237964
vn 0.13716526 -0.38471307 0.91278779
vn 0.00561544 -0.59759579 0.80177786
vn 0.08008700 -0.59970406 0.79620419
vn 0.21064890 -0.69912427 0.68326590
vn 0.14310824 -0.64914741 0.74707943
vn 0.04113157 -0.16681509 0.98512990
vn -0.15319830 -0.49395247 0.85588623
vn -0.20962777 -0.01088913 0.97772063
vn -0.12489188 -0.38183122 0.91575485
vn 0.01410577 -0.05526499 0.99837208
vn 0.39174780 0.00804706 0.92003745
vn 0.24293351 -0.02532836 0.96971222
vn 0.01235397 -0.76355996 0.64561875
vn 0.09457573 -0.30370660 0.94805998
vn -0.08331384 -0.03740076 0.99582126
vn -0.13498120 0.22258371 0.96552399
vn 0.49305980 -0.03830154 0.86915190
vn 0.43061563 0.00579594 0.90251681
vn 0.36301289 0.17178980 0.91581106
vn 0.40704689 0.21846946 0.88689567
vn -0.01321528 -0.01250282 0.99983450
vn 0.04251365 0.32973814 0.94311471
vn 0.00090779 0.12228363 0.99249478
vn 0.33798942 0.22724152 0.91330413
vn 0.61831415 0.13543146 0.77417436
vn 0.59262962 0.05429121 0.80364333
vn 0.03226212 -0.25241913 0.96708001
vn -0.27591469 -0.41133145 0.86872178
vn -0.29874241 -0.21393725 0.93004507
vn -0.29823093 -0.04606061 0.95338173
vn -0.47591580 -0.11019581 0.87256005
vn -0.30701204 -0.16622475 0.93707680
vn -0.31127484 -0.09404704 0.94565487
vn -0.13156789 -0.03477370 0.99069707
vn -0.38945747 -0.13143306 0.91161847
vn -0.50974703 -0.14319446 0.84832383
vn -0.45991797 -0.01747545 0.88778943
vn -0.48768998 -0.02021644 0.87278278
vn -0.46474877 -0.00277810 0.88543823
vn -0.06609362 0.16661331 0.98380468
vn -0.38452679 0.00857977 0.92307396
vn 0.40286445 -0.31548823 0.85916669
vn 0.47597052 0.17961039 0.86092518
vn 0.56793359 0.11796257 0.81457736
vn 0.66546638 -0.18770202 0.72244201
vn 0.48562340 0.08733405 0.86979461
vn 0.55743418 0.03799670 0.82935119
vn 0.68146510 0.07315077 0.72818561
vn 0.65062982 0.11177960 0.75112327
vn 0.70129008 0.05035681 0.71109522
vn 0.63260554 0.09890804 0.76813243
vn 0.47289815 0.11151886 0.87403140
vn 0.22186707 0.03984432 0.97426251
vn -0.15234388 -0.08097109 0.98500509
vn 0.29140880 0.01982010 0.95639326
vn 0.10690751 0.08191826 0.99088858
vn -0.19119705 -0.04534187 0.98050385
vn 0.34095123 0.27059426 0.90029495
vn -0.00794777 0.15204074 0.98834227
vn 0.22951763 0.20070881 0.95238523
vn -0.02786272 -0.00899056 0.99957133
vn 0.04631482 0.01035234 0.99887325
vn 0.16073910 0.09036027 0.98285195
vn -0.15481769 0.02443897 0.98764073
vn -0.23031245 -0.03407161 0.97252008
vn -0.31117470 -0.08358427 0.94666994
vn -0.34173815 -0.15734850 0.92652927
vn -0.28737779 -0.09536540 0.95305795
vn -0.33682386 -0.11708798 0.93425911
vn -0.25336872 -0.05629383 0.96573045
vn -0.25750460 -0.23879656 0.93630528
vn -0.03060442 -0.10771829 0.99371029
vn -0.10601915 -0.22054809 0.96959707
vn -0.15550652 -0.06383954 0.98576987
vn -0.06360005 0.07183838 0.99538650
vn 0.26208148 0.10951548 0.95881159
vn 0.25031466 -0.00319874 0.96815925
vn -0.11125838 -0.02681563 0.99342966
vn 0.38955518 -0.03717524 0.92025255
vn -0.05021914 -0.03240595 0.99821235
vn -0.12506462 0.21525437 0.96851660
vn -0.89082636 0.06438620 0.44975862
vn -0.10409752 -0.04563199 0.99351972
vn 0.12219714 0.01399393 0.99240719
vn -0.90560112 -0.10707788 0.41039119
vn -0.21394117 -0.08073480 0.97350453
vn -0.49166390 0.22150647 0.84214102
vn -0.10809200 -0.20153899 0.97349790
vn -0.27863579 -0.20504578 0.93825280
vn -0.24484467 -0.19978838 0.94875481
vn -0.23187870 -0.14198283 0.96232694
vn -0.17766451 -0.19338676 0.96490252
vn 0.07463258 0.00724614 0.99718477
vn 0.24045219 0.09863081 0.96563694
vn 0.05371179 -0.03153021 0.99805856
vn -0.23997975 -0.20520126 0.94884254
vn -0.65233993 -0.06334698 0.75527464
vn 0.23848537 0.12762174 0.96272396
vn -0.05800284 -0.22834267 0.97185148
vn -0.27209223 -0.37463981 0.88634690
vn -0.27732414 -0.30823162 0.90999153
vn -0.38935017 -0.25866218 0.88402507
vn -0.38934413 -0.27897790 0.87782827
vn -0.30714470 -0.25755276 0.91614885
vn -0.46845929 -0.34787142 0.81211537
vn -0.53747687 -0.51109919 0.67074305
vn -0.10825232 -0.27879799 0.95422907
vn -0.39195196 -0.37676630 0.83929781
vn -0.52580094 -0.34323168 0.77828362
vn -0.33478975 -0.21607000 0.91718568
vn -0.30914856 -0.56541732 0.76467668
vn -0.42474926 -0.42389782 0.79993669
vn 0.04129763 -0.06194106 0.99722506
vn -0.27718386 -0.16718887 0.94615907
vn -0.31223975 -0.15010058 0.93807044
vn -0.27842398 -0.07815021 0.95727354
vn -0.30867773 -0.02856972 0.95073752
vn -0.32772667 0.03492501 0.94412683
vn -0.29135196 0.00728689 0.95658817
vn -0.06031287 -0.02366398 0.99789898
vn -0.12798655 0.03013747 0.99131790
vn -0.32643165 -0.17377070 0.92911039
vn -0.32493913 -0.28691857 0.90116164
vn -0.48247575 -0.24091744 0.84212585
vn 0.00208914 -0.13538133 0.99079137
vn -0.15277560 -0.24019908 0.95862611
vn -0.25387207 -0.19397952 0.94758689
vn -0.36780943 -0.20703871 0.90656009
vn -0.40400145 -0.23983643 0.88275779
vn -0.15261144 0.04791489 0.98712406
vn 0.19548678 0.20867814 0.95824754
vn -0.15488438 -0.02373632 0.98764741
vn -0.03221279 -0.05477377 0.99797904
vn 0.21434476 0.13388030 0.96753935
vn 0.21599965 0.13709492 0.96672082
vn 0.12816113 0.21951744 0.96715398
vn 0.35212460 0.27650464 0.89417753
vn -0.04527212 -0.05842989 0.99726445
vn 0.26199384 -0.07938354 0.96179909
vn 0.57613407 0.07019266 0.81433564
vn 0.33245091 0.00145681 0.94311944
vn -0.31950473 -0.01582235 0.94745258
vn 0.59454326 0.23517065 0.76890382
vn 0.80118157 0.05712963 0.59568809
vn 0.74596399 -0.00216955 0.66598274
vn -0.29700515 -0.09154057 0.95047792
vn 0.16656427 0.07895636 0.98286430
vn -0.33579617 0.35113720 0.87403867
vn 0.07202500 0.00585973 0.99738561
vn -0.52441393 0.01060039 0.85139748
vn -0.66963416 -0.11231343 0.73414970
vn -0.67230889 0.11101702 0.73189888
vn -0.49198744 0.11768241 0.86261185
vn -0.11436662 -0.05341659 0.99200148
vn -0.42335925 0.02030617 0.90573429
vn -0.19657910 -0.01765797 0.98032895
vn -0.25380694 -0.06106225 0.96532556
vn 0.31607843 0.04930834 0.94745085
vn 0.67026652 0.03395250 0.74134339
vn 0.40061414 -0.01381636 0.91614268
vn 0.26258328 0.01468872 0.96479752
vn 0.48081227 0.01434241 0.87670625
vn 0.19287273 0.02568983 0.98088743
vn 0.34955419 0.01836004 0.93673624
vn 0.14304439 -0.04642598 0.98862679
vn 0.38673232 -0.00291051 0.92218742
vn 0.55290986 -0.00490908 0.83322661
vn 0.22108397 0.03700781 0.97455236
vn 0.50427432 0.26279054 0.82258650
vn 0.42682116 -0.54264625 0.72343538
vn 0.67322591 0.02437229 0.73903509
vn 0.63285041 -0.00652806 0.77424657
vn 0.56090788 -0.01866582 0.82766777
vn 0.71669486 0.01788098 0.69715762
vn 0.79584687 -0.02054955 0.60514914
vn 0.59347331 0.03826859 0.80394337
vn 0.57122523 0.08260511 0.81662607
vn 0.24201953 0.10291538 0.96479789
vn 0.33071382 0.02308802 0.94344863
vn 0.23270770 0.09230232 0.96815671
vn 0.31796457 0.08989549 0.94383120
vn 0.23099914 -0.04524035 0.97190159
vn 0.18501316 -0.14991854 0.97123353
vn 0.17480867 -0.17455051 0.96900673
vn 0.25416734 0.01906991 0.96697223
vn 0.17312077 -0.23707336 0.95594216
vn 0.16516756 -0.25574976 0.95252913
vn 0.05048927 -0.37874685 0.92412210
vn 0.02946050 -0.63232602 0.77414203
vn 0.08276647 -0.82894578 0.55317141
vn 0.25428795 -0.50089827 0.82730802
vn -0.00615221 -0.86217085 0.50658027
vn 0.01425945 -0.73778088 0.67488965
vn 0.04323227 -0.76411835 0.64362576
vn 0.08123533 -0.86354034 0.49769359
vn 0.07898170 -0.63174237 0.77114426
vn 0.13105796 -0.77654033 0.61628640
vn 0.11295497 -0.80077183 0.58822245
vn -0.02306020 -0.91112116 0.41149296
vn 0.15584628 -0.64426461 0.74875567
vn 0.08756424 -0.59026346 0.80244723
vn 0.01957861 -0.71476042 0.69909529
vn 0.18632387 -0.55611504 0.80995030
vn 0.05299736 -0.56098709 0.82612636
vn -0.11616843 -0.43344795 0.89365976
vn 0.04927508 -0.08919752 0.99479433
vn 0.01505601 -0.55590483 0.83110958
vn 0.30464823 0.19772063 0.93171670
vn 0.04916354 0.20782551 0.97692963
vn 0.04779829 0.77073152 0.63536465
vn 0.28923361 0.60491230 0.74190635
vn 0.03409247 0.43800462 0.89832603
vn -0.00051258 -0.30307362 0.95296701
vn 0.10771526 -0.40965972 0.90585669
vn -0.00209363 -0.64081915 0.76768902
vn 0.02234357 -0.78196909 0.62291662
vn -0.00469236 -0.81605978 0.57794846
vn -0.06281492 -0.59585647 0.80063060
vn 0.05184507 -0.70117199 0.71110473
vn 0.01982078 -0.34157942 0.93964389
vn 0.03385921 -0.56331066 0.82555112
vn 0.03187689 -0.74546259 0.66578479
vn 0.06285739 -0.58952841 0.80529821
vn 0.14850913 -0.72979468 0.66734156
vn 0.06132522 -0.58681150 0.80739797
vn 0.13135357 -0.74310069 0.65616126
vn 0.08300619 -0.80729170 0.58428596
vn 0.13726346 -0.67229659 0.72744487
vn -0.01699934 -0.72979789 0.68345158
vn -0.02892449 -0.64742029 0.76158410
vn -0.04822716 -0.54243472 0.83871253
vn 0.02258877 -0.84717506 0.53083346
vn -0.05295475 -0.48839321 0.87101542
vn -0.08518349 -0.36526918 0.92699633
vn -0.12432771 -0.31150533 0.94207593
vn 0.01703954 -0.35690471 0.93398538
vn -0.12336140 -0.74100756 0.66006800
vn -0.39444463 -0.69128547 0.60542368
vn 0.05760905 -0.57303736 0.81750192
vn -0.04295576 -0.67675143 0.73495735
vn -0.32135206 -0.12440374 0.93875266
vn -0.15296868 -0.49815210 0.85348994
vn -0.33662225 -0.29732765 0.89346613
vn -0.41342053 -0.21551938 0.88466653
vn -0.36341813 -0.28756898 0.88613280
vn -0.38610724 -0.44878890 0.80592166
vn -0.17524571 -0.59033872 0.78790173
vn -0.24998171 -0.41633536 0.87417047
vn -0.09888269 -0.72815230 0.67824511
vn -0.66207930 -0.30987600 0.68236930
vn 0.05965953 -0.88968827 0.45265386
vn 0.00521863 0.00521031 0.99997281
vn -0.10895877 -0.18479383 0.97671860
vn -0.07943017 -0.23744513 0.96814806
vn 0.15619094 0.32244606 0.93361284
vn -0.28988864 0.00842449 0.95702330
vn -0.06259400 -0.35000230 0.93465522
vn 0.10142809 -0.54763751 0.83054530
vn -0.02739654 -0.35517669 0.93439764
vn 0.00535265 -0.13489423 0.99084555
vn -0.01351930 0.05202999 0.99855401
vn -0.02290008 -0.08666156 0.99597458
vn 0.05559732 0.05879904 0.99672043
vn 0.06778654 0.34924636 0.93457582
vn -0.00411758 0.40067405 0.91621141
vn -0.02107371 0.15921415 0.98701913
vn -0.01996981 0.72272114 0.69085119
vn -0.05438296 0.70943897 0.70266553
vn 0.01668442 0.68220047 0.73097479
vn -0.07111695 0.68879542 0.72145911
vn -0.01083210 0.16722386 0.98585945
vn -0.08426042 0.14058007 0.98647728
vn -0.03493813 0.11640348 0.99258730
vn -0.02548244 -0.20101933 0.97925578
vn -0.04817387 0.34032909 0.93907156
vn -0.00223012 -0.44551869 0.89526986
vn -0.00691568 -0.00035254 0.99997602
vn -0.05190121 0.65366216 0.75500466
vn -0.00062939 0.09808938 0.99517741
vn -0.04032263 0.07489778 0.99637564
vn 0.00945034 -0.22952544 0.97325678
vn -0.00133427 0.11266718 0.99363189
vn 0.03439730 -0.28567209 0.95770992
vn -0.01280055 -0.20758746 0.97813271
vn 0.12463685 0.62981453 0.76668071
vn 0.06969751 0.68036270 0.72955387
vn 0.07248112 0.31640670 0.94585056
vn 0.03151024 0.45727395 0.88876748
vn -0.04658421 0.31171926 0.94903162
vn -0.07436277 0.03512838 0.99661235
vn -0.07548835 0.70573213 0.70444565
vn -0.07355110 0.55906900 0.82585234
vn -0.06970183 0.86806445 0.49153409
vn -0.07838715 0.54238360 0.83646607
vn 0.02382124 -0.17813364 0.98371792
vn 0.01440021 -0.35124640 0.93617231
vn 0.06434444 -0.36538331 0.92863062
vn 0.01082624 -0.38662256 0.92217449
vn -0.00650668 -0.50701067 0.86191522
vn -0.04631800 -0.35765875 0.93270299
vn -0.14044685 0.35564635 0.92400777
vn 0.02030422 0.22998648 0.97298199
vn -0.00570811 -0.47171701 0.88173152
vn 0.06699092 -0.42751815 0.90152119
vn -0.00025737 -0.23014272 0.97315685
vn -0.10784378 -0.79696956 0.59431409
vn -0.10710123 -0.03104705 0.99376326
vn -0.04828590 0.36041979 0.93153961
vn -0.02494339 -0.06575458 0.99752402
vn 0.08267746 -0.65295896 0.75286721
vn 0.01979295 -0.91105291 0.41181408
vn 0.02876175 -0.57814945 0.81542380
vn 0.04627318 -0.89053945 0.45254645
vn 0.07556984 -0.55144233 0.83078310
vn 0.08658284 -0.35433926 0.93109994
vn -0.04171987 0.64633083 0.76191595
vn -0.05273884 0.39557940 0.91691633
vn 0.00891010 0.44363651 0.89616251
vn -0.06901936 0.57717368 0.81369950
vn -0.04505560 0.42951171 0.90193663
vn -0.01850945 0.56476757 0.82504242
vn -0.03776955 0.17757264 0.98338264
vn 0.06069431 -0.17201575 0.98322265
vn 0.03302688 -0.40543235 0.91352823
vn 0.01050619 -0.11353510 0.99347844
vn -0.05117150 0.12326294 0.99105385
vn -0.02959707 0.32417351 0.94553453
vn -0.00596155 0.08488773 0.99637269
vn -0.01571637 0.16869110 0.98554366
vn 0.04214367 -0.16965980 0.98460117
vn 0.05134728 -0.33756579 0.93990042
vn -0.01663852 0.11185367 0.99358538
vn 0.01405184 -0.31463999 0.94910706
vn 0.00848074 -0.18591397 0.98252943
vn 0.09392594 -0.54082469 0.83587474
vn 0.03846313 -0.57601281 0.81653526
vn 0.06538762 -0.42002782 0.90515252
vn -0.06408470 0.01732833 0.99779401
vn 0.03311363 -0.16263620 0.98613029
vn 0.00568959 0.15259330 0.98827269
vn -0.10226493 0.35595600 0.92889031
vn -0.08822132 0.31548183 0.94482179
vn -0.12908268 0.39866936 0.90796498
vn -0.09517389 0.26706142 0.95896826
vn 0.04013969 0.10229575 0.99394385
vn 0.17765105 0.08122280 0.98073593
vn -0.17613475 0.17814502 0.96811203
vn -0.32556515 0.24279927 0.91381390
vn -0.30804095 0.03741943 0.95063692
vn -0.49160880 0.10960191 0.86389132
vn -0.43141400 0.14966820 0.88965240
vn -0.63613130 0.20824073 0.74294870
vn -0.76148377 0.08039082 0.64317943
vn -0.79918280 0.04458122 0.59943253
vn -0.31864124 0.22933271 0.91971423
vn -0.36015003 0.38681550 0.84892033
vn -0.33357735 0.35606135 0.87289545
vn -0.25547396 0.39552778 0.88220793
vn -0.22021477 0.44729486 0.86685222
vn -0.27754407 0.49763743 0.82178238
vn -0.17766036 0.45993376 0.86999870
vn -0.33868350 0.49186425 0.80209915
vn -0.38563458 0.55581150 0.73645064
vn -0.27753716 0.62138440 0.73270359
vn -0.47707285 0.74294846 0.46949876
vn -0.10063300 0.73588984 0.66958132
vn -0.47511299 0.29015747 0.83070830
vn -0.26080307 0.56360606 0.78379205
vn -0.30354066 0.21309319 0.92868421
vn -0.24380680 0.00483029 0.96981179
vn -0.28212800 -0.00537009 0.95936174
vn -0.88344113 0.19962427 0.42388905
vn -0.57394037 0.07446967 0.81550396
vn -0.40512278 -0.02734378 0.91385330
vn -0.49011439 0.07818093 0.86814493
vn -0.23968766 0.33514300 0.91116903
vn 0.07059656 0.18598964 0.98001224
vn 0.22459529 0.05821463 0.97271168
vn -0.07534524 -0.01089067 0.99709803
vn 0.11227004 0.03115753 0.99318913
vn 0.10524316 -0.18733342 0.97664224
vn 0.01416022 0.11435870 0.99333860
vn 0.01497859 -0.15897787 0.98716852
vn 0.07777635 -0.34758748 0.93441628
vn 0.05548584 -0.44793385 0.89234331
vn 0.09553703 -0.57062311 0.81563591
vn -0.24253999 0.53476330 0.80944584
vn 0.05907817 -0.67265554 0.73759359
vn 0.01904234 -0.43226710 0.90154453
vn -0.18922471 0.48173248 0.85564468
vn -0.13191091 0.50873053 0.85076010
vn 0.06055149 -0.05042427 0.99689062
vn -0.07814522 0.83097694 0.55079093
vn 0.18780065 0.82932068 0.52626811
vn 0.02979641 -0.31688414 0.94799610
vn -0.07525445 0.59239684 0.80212390
vn 0.06952709 0.62721105 0.77573983
vn 0.01257054 0.39732419 0.91759221
vn 0.01550744 0.38021555 0.92476789
vn -0.12347265 0.32427067 0.93787155
vn -0.14186240 0.04028284 0.98906641
vn 0.03645951 0.29906279 0.95353666
vn -0.02461223 -0.40431229 0.91428979
vn -0.03500598 -0.77997004 0.62483703
vn 0.03279714 -0.60222880 0.79764956
vn 0.13573236 -0.66977419 0.73005428
vn 0.04655900 -0.72192642 0.69040170
vn 0.05557856 -0.59407202 0.80248954
vn -0.02272959 -0.68652837 0.72674767
vn -0.15209481 0.34277715 0.92702265
vn 0.00646950 -0.86165510 0.50745309
vn 0.04457652 -0.77486351 0.63055490
vn 0.12877247 0.32984927 0.93520966
vn 0.03933107 -0.53112398 0.84638076
vn 0.05294799 -0.26734678 0.96214459
vn -0.04547160 -0.53897697 0.84109224
vn 0.01835958 -0.74858229 0.66278766
vn 0.02069649 -0.67968672 0.73321049
vn 0.12307511 -0.45192211 0.88352641
vn 0.74151117 -0.12507178 0.65917997
vn 0.59906579 0.03114564 0.80009382
vn 0.62968302 0.03110248 0.77622930
vn 0.48668120 -0.14023643 0.86225005
vn 0.62070177 -0.13591824 0.77217585
vn 0.76730744 -0.20539809 0.60749561
vn 0.44448828 -0.39821931 0.80240361
vn 0.47112663 -0.22800585 0.85208746
vn 0.44838420 0.00259708 0.89383716
vn 0.17359007 -0.61193392 0.77162385
vn -0.05253266 0.10482668 0.99310205
vn 0.42630850 -0.72245033 0.54435887
vn 0.55060284 -0.50721938 0.66299699
vn 0.02849653 0.44419444 0.89547711
vn 0.27627612 -0.75100226 0.59972253
vn -0.06344463 0.31157594 0.94810084
vn 0.29706912 -0.28549744 0.91117570
vn -0.19105361 -0.32211347 0.92722243
vn 0.34559330 0.08209019 0.93478686
vn 0.42391354 0.02061624 0.90546799
vn -0.07197292 0.63151871 0.77201296
vn 0.29524748 0.00006150 0.95542081
vn 0.10409744 -0.02594761 0.99422857
vn 0.01155325 -0.28097359 0.95964596
vn -0.14033514 0.03638550 0.98943526
vn 0.05620139 0.01405411 0.99832053
vn 0.62888338 0.07776330 0.77360104
vn -0.26287639 -0.13313945 0.95559923
vn -0.33166854 0.01873990 0.94320984
vn -0.10153615 -0.05328732 0.99340368
vn -0.27690547 -0.08727476 0.95692553
vn 0.71103675 0.07391283 0.69925935
vn 0.37515944 -0.29834747 0.87763556
vn 0.35801338 0.11355352 0.92678585
vn -0.32457032 -0.13726608 0.93584835
vn 0.73130383 0.09691758 0.67513087
vn 0.16650424 0.13815155 0.97631475
vn -0.99280778 0.07304377 -0.09485422
vn -0.90483429 0.42508713 -0.02399663
vn -0.58798985 0.14787016 0.79523729
vn -0.47971442 -0.04082773 0.87647428
vn -0.95196094 0.16031896 -0.26089883
vn -0.67929289 0.12999186 0.72226262
vn -0.73455415 0.67667178 -0.05045301
vn -0.33352850 0.09974634 0.93744835
vn -0.04031996 0.07409274 0.99643593
vn -0.17536105 0.41638117 0.89211839
vn 0.51341561 0.11476417 0.85043142
vn 0.42768382 -0.26201789 0.86512032
vn 0.12849886 -0.41988100 0.89843641
vn -0.42601001 0.23089645 0.87475843
vn -0.08599745 -0.75640719 0.64842317
vn -0.16977752 -0.63101031 0.75696868
vn 0.00048639 -0.54536320 0.83819971
vn -0.41956116 -0.18044196 0.88961179
vn 0.43289663 0.07437322 0.89837026
vn -0.50968889 0.02622752 0.85995893
vn -0.15804134 0.14486601 0.97674806
vn -0.02087526 0.13153646 0.99109151
vn 0.01328602 0.07553590 0.99705457
vn 0.02896354 -0.24423765 0.96928277
vn -0.24603524 0.61290696 0.75087397
vn 0.72143865 -0.58612018 0.36876741
vn -0.07876817 0.85395025 -0.51435838
vn -0.14374111 0.88972043 -0.43328518
vn -0.11368417 0.95157898 -0.28561049
vn -0.01164134 0.95945453 -0.28162293
vn -0.01396499 0.96720235 -0.25362293
vn -0.12671023 0.92547690 -0.35698323
vn 0.01858080 0.93872857 -0.34415611
vn -0.02093443 0.99744700 -0.06827322
vn 0.11779791 0.96233429 -0.24502321
vn 0.00881234 0.95736365 -0.28875108
vn -0.02424264 0.97883569 -0.20320677
vn -0.02658906 0.99018601 -0.13720308
vn 0.00548058 0.99718941 -0.07472114
vn -0.03141255 0.99885250 -0.03615165
vn -0.00500099 0.99983003 -0.01774548
vn 0.00774822 0.99991346 0.01063206
vn -0.02327418 0.99860723 -0.04734884
vn -0.05512630 0.99461060 -0.08781139
vn 0.02882711 0.99958131 -0.00248985
vn -0.05457708 0.99817746 -0.02575083
vn 0.06867631 0.99762546 0.00519753
vn 0.00200906 0.99997731 -0.00642980
vn -0.05791860 0.99507726 -0.08041568
vn 0.02077975 0.99958414 -0.01999369
vn -0.03612125 0.99072113 0.13102254
vn 0.00549852 0.99821515 0.05946661
vn -0.07437925 0.99324336 0.08908057
vn -0.11720886 0.96086336 0.25100535
vn -0.00288313 0.98007447 0.19860946
vn -0.03891775 0.98047275 0.19276567
vn -0.12953622 0.95359613 0.27179916
vn -0.11699473 0.97967875 0.16291649
vn -0.15354929 0.97234409 0.17598179
vn -0.08891759 0.90969910 0.40563679
vn -0.16954146 0.96681331 0.19112223
vn -0.10923683 0.89850009 0.42516457
vn -0.10006892 0.91158407 0.39874891
vn -0.06334751 0.81738747 0.57259481
vn -0.08341377 0.88632001 0.45549860
vn -0.04927625 0.96612058 0.25334339
vn -0.13103236 0.96243224 0.23781233
vn -0.08451952 0.93635609 0.34072528
vn -0.03367853 0.96283935 0.26796667
vn 0.04818483 0.98368457 0.17332885
vn 0.07989771 0.97837119 0.19080401
vn 0.02938604 0.98264857 0.18313451
vn -0.03351091 0.98396295 0.17519684
vn 0.00139301 0.94034048 0.34023205
vn 0.04653511 0.92961929 0.36557142
vn 0.02818124 0.98499720 0.17025371
vn 0.04163181 0.98490430 0.16801877
vn -0.07050072 0.95383259 0.29194699
vn -0.00818538 0.96428347 0.26474590
vn -0.07801599 0.64019919 0.76423720
vn -0.07623835 0.92080066 0.38250993
vn -0.01184208 0.93339649 0.35865130
vn 0.08243998 0.70659707 0.70279743
vn -0.08708569 0.83974946 0.53594490
vn -0.07563072 0.95429100 -0.28915167
vn -0.05522783 0.98395091 -0.16967762
vn -0.08779454 0.99171268 -0.09379807
vn 0.01373213 0.99527654 0.09610432
vn -0.04068248 0.99819044 -0.04428081
vn 0.07330096 0.99682417 0.03112147
vn 0.05773058 0.99832992 -0.00213410
vn 0.03428005 0.99912247 0.02406595
vn 0.01155929 0.99796571 0.06269624
vn -0.07260017 0.99669565 0.03642791
vn -0.05044315 0.99872465 -0.00213664
vn -0.10546519 0.99232217 -0.06460502
vn -0.09607440 0.99525984 0.01508512
vn -0.13781808 0.98659119 0.08743001
vn -0.06558988 0.99701423 0.04075045
vn -0.09567867 0.99284386 0.07146086
vn -0.01227105 0.99781869 0.06486365
vn -0.02500115 0.99758746 0.06476259
vn -0.01159496 0.99261883 0.12072038
vn -0.11398596 0.99071962 0.07403937
vn -0.04935278 0.98403671 0.17098557
vn -0.06687721 0.99420350 0.08418331
vn -0.05985132 0.99577660 0.06961887
vn -0.05740762 0.99439400 0.08879715
vn -0.11824310 0.99174925 -0.04951760
vn -0.03151149 0.99944455 -0.01084535
vn -0.06847274 0.99070381 -0.11754763
vn -0.05531698 0.99191394 -0.11422241
vn -0.02961800 0.99236741 -0.11970669
vn -0.10837415 0.95474010 -0.27699528
vn -0.17238271 0.93592827 -0.30711965
vn -0.03810659 0.99927340 -0.00074145
vn -0.11708545 0.97497192 -0.18899936
vn -0.08046492 0.99675403 0.00260706
vn -0.19567371 0.97679429 0.08709022
vn -0.18898872 0.97790554 0.08935334
vn 0.24607551 0.94636306 0.20938911
vn 0.05657397 0.99500127 0.08229124
vn 0.06754560 0.99053764 0.11946870
vn -0.07790807 0.99442440 0.07106655
vn -0.12186370 0.98946626 0.07813932
vn -0.20012353 0.97840090 0.05179047
vn -0.07797608 0.99426779 0.07315260
vn -0.09736863 0.97568082 0.19638302
vn -0.08365942 0.98894701 0.12241284
vn -0.09204058 0.98245789 0.16218826
vn -0.01566688 0.98310601 0.18236534
vn -0.11510827 0.98360331 0.13883301
vn -0.12632490 0.98566786 0.11180735
vn -0.05999187 0.90155988 0.42847492
vn -0.10637260 0.96140953 0.25372543
vn -0.10679102 0.97882228 0.17465003
vn -0.01665014 0.99921921 -0.03582950
vn -0.33013320 0.67298844 -0.66189020
vn -0.44617353 0.83867730 -0.31232927
vn -0.68445709 0.71509199 -0.14199274
vn 0.02526333 0.99753582 0.06545262
vn -0.01730789 0.99348534 -0.11263801
vn -0.06230777 0.97117843 -0.23006565
vn -0.12285697 0.97061600 -0.20690760
vn -0.04430204 0.90570944 -0.42157768
vn -0.09644091 0.89075397 -0.44413569
vn -0.16881115 0.78945003 -0.59014527
vn -0.10040457 0.74125127 -0.66367573
vn -0.12891129 0.98509202 -0.11391041
vn -0.10393215 0.98577740 -0.13206449
vn -0.36602076 0.76862546 -0.52463674
vn -0.18266867 0.97304914 -0.14073921
vn -0.08660702 0.98701238 -0.13529886
vn -0.30343354 0.95153599 -0.05007347
vn -0.44178722 0.88294170 0.15886475
vn -0.42246953 0.90340262 0.07337026
vn -0.44646863 0.89395133 0.03894598
vn -0.28605029 0.95325838 0.09733292
vn -0.51406856 0.85667300 0.04295221
vn -0.47746324 0.87858693 -0.01067065
vn -0.61603521 0.78732100 -0.02502519
vn -0.62045793 0.78259369 0.05078459
vn -0.48874605 0.87180638 -0.03287749
vn -0.54135544 0.83868132 -0.05956460
vn -0.34181961 0.93886575 -0.04111522
vn -0.47659546 0.87879033 -0.02417268
vn -0.60565424 0.79518312 0.02944055
vn -0.33260861 0.94284818 -0.02021925
vn -0.31125241 0.94244738 0.12212644
vn -0.27858885 0.96029649 0.01479539
vn -0.58729887 0.80935959 0.00413321
vn -0.49168283 0.86941820 0.04857971
vn -0.44407434 0.89596595 0.00655749
vn -0.28247907 0.95916633 -0.01433603
vn -0.13766924 0.99047777 -0.00098607
vn -0.23490599 0.97178818 0.02114012
vn -0.11111370 0.99340752 0.02819999
vn -0.07904320 0.97087261 -0.22618255
vn -0.17124342 0.98496612 0.02274701
vn -0.00594195 0.99626005 0.08620097
vn -0.03414093 0.99654932 0.07565618
vn -0.03418432 0.99938855 -0.00734542
vn -0.21568426 0.96953429 0.11611871
vn -0.03131676 0.99305219 0.11343107
vn 0.19267936 0.86536988 -0.46261175
vn -0.13382064 0.98858482 0.06922488
vn -0.11380194 0.98684180 -0.11485805
vn -0.21044815 0.97179202 0.10645111
vn -0.02035688 0.79729633 -0.60324469
vn -0.10553782 0.98998715 0.09374012
vn -0.02545538 0.97576875 0.21731859
vn -0.08727484 0.99282485 0.08174297
vn -0.00419569 0.99126963 0.13178357
vn -0.06497903 0.97578617 0.20885180
vn -0.10539989 0.96937018 0.22183850
vn -0.10234051 0.88328184 0.45753647
vn -0.04564600 0.81509458 0.57752685
vn -0.06558014 0.94932251 0.30738577
vn 0.09618711 0.92429387 0.36936282
vn -0.03394876 0.99682790 0.07198354
vn -0.14497307 0.98540691 0.08919657
vn -0.07814457 0.80227587 0.59181657
vn 0.07073210 0.99235160 0.10116951
vn -0.04733499 0.97565702 -0.21413259
vn -0.15951790 0.96222921 -0.22061047
vn -0.05385057 0.98547344 -0.16106588
vn 0.02471945 0.99956497 0.01608767
vn -0.09883810 0.98911495 0.10900757
vn 0.01463499 0.99762876 0.06725088
vn -0.00986017 0.99989246 0.01085522
vn -0.50003343 0.86230299 -0.08000069
vn -0.00192395 0.99355372 0.11334598
vn 0.00554364 0.99845515 0.05528644
vn -0.12082596 0.94666960 0.29869341
vn -0.03777982 0.97755187 0.20728007
vn -0.13901554 0.98110031 0.13459890
vn -0.03499807 0.90320395 0.42778238
vn -0.54773630 0.82103222 0.16090695
vn -0.12583114 0.98202831 0.14066601
vn -0.06640154 0.85024258 0.52218616
vn -0.14724972 0.93150341 0.33259422
vn -0.07661639 0.75023118 0.65672148
vn -0.10254685 0.96621692 -0.23645086
vn 0.03773095 0.98363049 0.17620282
vn -0.06671433 0.99369732 0.09008237
vn -0.03166421 0.98527614 0.16801279
vn -0.05301413 0.97777575 0.20284005
vn -0.08939405 0.98819077 -0.12444960
vn -0.06016213 0.99640220 -0.05969226
vn -0.06068922 0.99103389 -0.11903215
vn -0.04764521 0.99886429 0.00027050
vn -0.12488266 0.99138489 0.03950079
vn -0.13073084 0.98795330 0.08281133
vn 0.02684400 0.99954576 0.01369954
vn -0.07722824 0.98778836 0.13531426
vn -0.04169873 0.99448494 0.09623363
vn 0.02266360 0.97825070 0.20618423
vn -0.06888418 0.97381407 0.21665900
vn -0.01258963 0.97305872 0.23021342
vn 0.10649113 0.95900906 0.26260476
vn 0.14291343 0.94297106 0.30063487
vn -0.04081894 0.81345105 0.58019928
vn -0.10955540 0.99266886 -0.05105038
vn -0.02661527 0.99697309 -0.07304984
vn -0.08533045 0.99593132 -0.02897459
vn 0.06352749 0.99350814 -0.09437071
vn -0.10506202 0.99424438 -0.02097812
vn -0.09445833 0.99495423 -0.03381859
vn 0.02315749 0.99609509 0.08519567
vn -0.07516340 0.99588393 -0.05065235
vn 0.22482220 0.94785675 0.22588172
vn 0.10743293 0.99325774 -0.04355722
vn -0.03679285 0.71313792 0.70005756
vn -0.11351170 0.99353543 -0.00156100
vn -0.14642374 0.98728272 -0.06191053
vn -0.15057876 0.97638294 -0.15492705
vn -0.17615002 0.98132754 -0.07724916
vn -0.09577516 0.99202663 -0.08191630
vn -0.22175892 0.91136444 -0.34675329
vn 0.04445095 0.90307091 -0.42718503
vn -0.07590792 0.95018789 -0.30229283
vn -0.18077803 0.97000194 -0.16252860
vn -0.08876393 0.98994510 -0.11013476
vn -0.00686001 0.98813925 -0.15340716
vn -0.06849586 0.97762366 -0.19889768
vn -0.00207700 0.99783437 -0.06574386
vn -0.04585787 0.99277671 -0.11086682
vn -0.09929620 0.99430690 -0.03865292
vn -0.08126062 0.98199168 -0.17055513
vn -0.09748136 0.99387096 0.05213345
vn -0.08929228 0.99557054 0.02943117
vn -0.12999383 0.99151306 -0.00185784
vn -0.13325940 0.99033584 -0.03843002
vn -0.05642394 0.99757841 0.04066514
vn -0.06795834 0.99708640 -0.03464648
vn 0.06637803 0.99764413 -0.01732476
vn 0.14223617 0.98954217 -0.02398276
vn 0.21691116 0.97589857 0.02390683
vn 0.33120698 0.94308386 -0.02991282
vn 0.46968803 0.88282579 0.00343341
vn 0.47641796 0.87843016 -0.03723409
vn 0.59075407 0.80673241 0.01387240
vn 0.52943666 0.84491013 0.07631313
vn 0.31912324 0.94576103 0.06079823
vn 0.17633382 0.98356989 0.03868652
vn -0.08628477 0.98923531 -0.11818818
vn 0.02001400 0.83497913 -0.54991754
vn -0.00925799 0.85009568 -0.52654688
vn -0.09892955 0.74149997 -0.66361943
vn -0.08154504 0.82169527 -0.56406320
vn -0.05281058 0.80534060 -0.59045539
vn 0.09032493 0.95712328 -0.27523888
vn -0.08560958 0.93466595 -0.34506602
vn 0.00300610 0.92148194 -0.38840957
vn -0.05685430 0.88769612 -0.45690610
vn -0.01731307 0.94864312 -0.31587417
vn -0.03779655 0.96887540 -0.24464645
vn 0.03212733 0.95887985 -0.28198806
vn -0.04792092 0.95960088 -0.27725390
vn 0.00877912 0.97236892 -0.23328441
vn -0.00725148 0.97424642 -0.22536933
vn -0.16766300 0.98519657 -0.03573295
vn 0.03195871 0.96511930 -0.25985259
vn -0.15206174 0.98834076 0.00773057
vn -0.10551389 0.99440871 0.00425858
vn -0.05466482 0.99634954 0.06556947
vn -0.04597981 0.99894071 -0.00182285
vn -0.06949407 0.98670195 -0.14693478
vn 0.02063443 0.98799156 -0.15312377
vn -0.28121638 0.95114150 0.12746446
vn 0.01892953 0.95441505 -0.29788183
vn 0.16239764 0.93501718 -0.31522988
vn 0.15744726 0.98306927 -0.09372926
vn 0.08416422 0.77373643 -0.62789197
vn 0.03502958 0.99225233 -0.11919830
vn 0.04713951 0.99888764 0.00116349
vn 0.03879207 0.75096924 -0.65919676
vn 0.25445213 0.70106412 -0.66615555
vn -0.02661633 0.97326096 -0.22815493
vn 0.47061788 0.76107044 -0.44641976
vn 0.19171878 0.87453255 -0.44546238
vn -0.07522834 0.85124256 -0.51935229
vn 0.30443955 0.42707292 -0.85142544
vn -0.30720962 0.95161535 0.00710486
vn -0.02835183 0.94115135 -0.33679418
vn -0.14639360 0.98852166 -0.03733425
vn -0.06254049 0.68815723 0.72286120
vn -0.03668427 0.99037722 -0.13344372
vn -0.02222172 0.98979830 -0.14073208
vn -0.36690141 0.92979875 0.02928544
vn -0.04221253 0.99909676 -0.00487596
vn -0.14328792 0.95608826 -0.25566348
vn -0.06016024 0.96557881 -0.25305792
vn 0.28020305 0.94005973 -0.19435523
vn 0.19036198 0.95816347 -0.21374066
vn -0.22098956 0.94395859 0.24516483
vn -0.15320447 0.98729237 0.04221572
vn -0.05350901 0.68337694 -0.72810215
vn -0.03654273 0.91004831 -0.41288824
vn 0.52590875 0.85001525 0.02990089
vn 0.35456118 0.93201250 0.07509372
vn 0.32603139 0.92820037 0.17929752
vn 0.31050636 0.94261267 0.12274834
vn 0.32182844 0.86792203 0.37833558
vn 0.13006399 0.96621407 0.22251679
vn 0.15534071 0.98754591 -0.02494657
vn 0.13295337 0.98717452 -0.08837348
vn 0.37920126 0.92415744 -0.04625396
vn 0.02122996 0.98225706 0.18633398
vn 0.00977578 0.96091118 -0.27668420
vn 0.08045238 0.89186030 0.44509845
vn -0.05306412 0.99237305 0.11126509
vn -0.10966695 0.99386247 -0.01451010
vn -0.02874014 0.99922434 0.02692073
vn -0.02019557 0.99934549 0.03001225
vn 0.02189953 0.97420894 0.22458263
vn -0.18559817 0.97216078 0.14302704
vn -0.21455276 0.96280021 -0.16426463
vn -0.13028343 0.99145903 -0.00593455
vn -0.14511152 0.98936540 -0.00993750
vn -0.08406719 0.99508731 0.05228729
vn -0.05775066 0.99832320 0.00395693
vn -0.11758051 0.98577280 0.12011162
vn -0.16212165 0.98657352 -0.01972989
vn -0.02720870 0.95132538 -0.30698488
vn 0.00039613 0.85394914 -0.52035633
vn -0.48301756 0.87558458 -0.00675913
vn 0.02089827 0.99964181 0.01671838
vn -0.03133669 0.99564006 0.08785717
vn -0.39271666 0.89368114 0.21704297
vn 0.16181493 0.96944572 -0.18436631
vn -0.11061865 0.92499543 0.36352024
vn -0.10086018 0.98287531 -0.15421848
vn 0.00008135 0.97678464 0.21422362
vn -0.08583193 0.99212294 -0.09124112
vn 0.36097165 0.93257472 -0.00196612
vn -0.03032142 0.94024625 -0.33914245
vn -0.08549761 0.98164997 0.17045086
vn 0.37224702 0.92731816 0.03889961
vn -0.52100993 0.84810510 -0.09626216
vn -0.09582293 0.99525161 0.01709397
vn -0.01283781 0.84022948 -0.54207897
vn -0.07888287 0.99685912 -0.00702748
vn -0.08867347 0.99165851 0.09354369
vn -0.05007102 0.78301614 0.61998275
vn -0.07579912 0.99710635 0.00578015
vn -0.15925305 0.98436333 0.07528142
vn -0.17983571 0.98141118 -0.06701655
vn -0.10783550 0.98905779 -0.10067870
vn -0.11455979 0.98769750 -0.10644109
vn -0.07483303 0.87256263 -0.48273645
vn 0.02825613 0.97706080 0.21107766
vn -0.17425666 0.97734087 -0.12016421
vn -0.37846413 0.92141223 -0.08811588
vn 0.16367872 0.97416485 0.15560245
vn -0.08878607 0.91532737 -0.39280127
vn -0.02248492 0.99889728 -0.04121474
vn -0.08599181 0.99605291 0.02200007
vn -0.04082700 0.91058819 -0.41129344
vn -0.11046695 0.92844044 0.35467648
vn -0.07481053 0.94203838 0.32705823
vn -0.35033456 0.92936270 -0.11640735
vn -0.07895576 0.99686864 -0.00434722
vn -0.03397370 0.96853658 -0.24654145
vn -0.12732892 0.99174037 -0.01543984
vn -0.26304887 0.88936393 0.37394797
vn -0.01805030 0.95883133 -0.28340196
vn 0.02779103 0.99023284 0.13662572
vn -0.12797602 0.99171227 0.01135432
vn -0.01872589 0.82026751 -0.57167347
vn -0.05440925 0.99435610 0.09108005
vn -0.07202204 0.91083221 0.40644496
vn -0.05139322 0.67537092 -0.73568529
vn -0.15656419 0.97441505 0.16125438
vn -0.01783399 0.87954591 0.47547969
vn 0.58492225 0.76091899 -0.28083492
vn 0.53495933 0.84431070 0.03095101
vn 0.82229382 0.18337879 -0.53870686
vn 0.95392931 0.17732578 -0.24202156
vn 0.89518393 0.12563459 -0.42762329
vn 0.97655748 0.12434549 -0.17570909
vn 0.94735132 0.04439825 -0.31710294
vn 0.96037753 0.03034055 -0.27704594
vn 0.86809601 -0.01879595 -0.49604035
vn 0.98980822 0.05120297 -0.13288321
vn 0.94847990 0.00870159 -0.31671779
vn 0.96391207 0.01791524 -0.26561732
vn 0.76802165 0.07294994 -0.63625549
vn 0.76277264 -0.02393413 -0.64622369
vn 0.88416828 -0.18648616 -0.42833324
vn 0.81009918 0.12439506 -0.57294432
vn 0.85274391 -0.01233779 -0.52218349
vn 0.94144348 0.21547490 -0.25933518
vn 0.94016024 0.18701414 -0.28482351
vn 0.95488748 0.25821896 -0.14667266
vn 0.81697043 0.03050082 -0.57587239
vn 0.98524620 0.04919160 -0.16392104
vn 0.99788578 0.05367056 -0.03665300
vn 0.95120277 0.02541560 -0.30751804
vn 0.97779564 0.08712727 -0.19058996
vn 0.99980154 0.01854509 0.00727753
vn 0.99924997 0.03543951 -0.01560552
vn 0.99775608 0.06630015 -0.00933288
vn 0.99567958 0.08617248 -0.03459013
vn 0.99750662 0.06999005 -0.00905237
vn 0.99836100 0.05438971 0.01780670
vn 0.99377502 0.11104562 0.00894836
vn 0.99912729 0.04076393 0.00910778
vn 0.99669405 0.08069711 0.00943159
vn 0.96620377 -0.10293202 0.23633719
vn 0.98047707 0.06400930 0.18592343
vn 0.95117969 0.15466832 0.26708597
vn 0.90896697 0.08831986 0.40740477
vn 0.95643674 0.16336933 0.24194880
vn 0.95784541 0.19199749 0.21370336
vn 0.98470899 0.07351575 0.15793557
vn 0.97516006 0.16276687 0.15023248
vn 0.97524913 0.16485079 0.14735453
vn 0.97747422 0.18249340 0.10602029
vn 0.99068688 0.12319056 0.05799641
vn 0.98382946 0.17494484 0.03839139
vn 0.96623179 0.25410667 0.04273096
vn 0.98843136 0.15092054 -0.01504769
vn 0.96939068 0.24464887 -0.02070350
vn 0.94754795 0.26533368 -0.17818790
vn 0.95359161 0.29275854 0.07039518
vn 0.97161908 0.23387792 0.03546111
vn 0.98174827 0.18913251 -0.01998056
vn 0.94333787 0.32780810 0.05153158
vn 0.98303221 0.17901844 0.04000099
vn 0.97658254 0.20945474 0.04914526
vn 0.98900694 0.14782349 -0.00367200
vn 0.97711329 0.20784447 -0.04528029
vn 0.95371789 0.29873626 -0.03433412
vn 0.94296352 0.32588911 -0.06794178
vn 0.93884597 0.30757032 -0.15481840
vn 0.98969827 0.11792244 0.08118888
vn 0.90009568 0.26564760 -0.34533915
vn 0.88415588 0.22465647 -0.40963137
vn 0.76219204 0.24010985 -0.60117431
vn 0.89033333 0.31315834 -0.33051234
vn 0.76293903 0.32084600 -0.56123247
vn 0.83355435 0.30692212 -0.45933208
vn 0.90079258 0.37255987 -0.22309611
vn 0.96065888 0.27686105 0.02196536
vn 0.92146641 0.38649068 0.03904629
vn 0.93961843 0.34165035 -0.01980509
vn 0.90709763 0.41945917 -0.03504139
vn 0.90464379 0.42303914 -0.05155098
vn 0.92019901 0.39102588 0.01823591
vn 0.90894146 0.41579080 -0.03071547
vn 0.98544997 0.16731764 0.02988600
vn 0.94577329 0.31665407 -0.07240913
vn 0.85744199 0.39500928 -0.32978917
vn 0.80239608 0.32092496 -0.50315773
vn 0.75391142 0.21931415 -0.61928901
vn 0.88293723 0.37385470 -0.28399738
vn 0.84799239 0.38350958 -0.36582687
vn 0.70825776 0.36991173 -0.60127885
vn 0.77123210 0.38266012 -0.50869665
vn 0.72180468 0.29434528 -0.62638555
vn 0.91374956 0.39525684 -0.09398810
vn 0.89192525 0.43256823 -0.13173490
vn 0.98375419 0.17934847 0.00786233
vn 0.86157842 0.27542843 -0.42640568
vn 0.74419203 0.26382529 -0.61365661
vn 0.96343599 0.25168711 0.09189500
vn 0.98008578 0.19340605 0.04501076
vn 0.83907457 0.46016069 -0.29018271
vn 0.86400485 0.49493577 -0.09238068
vn 0.83816950 0.53923713 -0.08182421
vn 0.84042161 0.26831671 -0.47084781
vn 0.89070032 0.44797340 -0.07728371
vn 0.86780450 0.49385397 -0.05498734
vn 0.84082249 0.21693068 0.49594215
vn 0.99403342 0.10502400 0.02945373
vn 0.99398560 0.10878376 0.01259819
vn 0.90500390 0.01515883 0.42513310
vn 0.79685485 0.27566650 -0.53761540
vn 0.93755805 0.07077057 0.34055313
vn 0.91945155 0.39299276 -0.01286650
vn 0.92851393 0.36310866 0.07754992
vn 0.93114265 0.35944627 0.06141449
vn 0.94591234 0.32246776 0.03555813
vn 0.94934119 0.31080810 0.04636408
vn 0.93699424 0.34498187 0.05503915
vn 0.92970688 0.36023179 0.07666927
vn 0.92168564 0.23423698 0.30923878
vn 0.98355489 0.01589460 0.17990872
vn 0.99359250 0.08806801 0.07083762
vn 0.99521734 0.08788071 -0.04265481
vn 0.99793040 -0.01279142 0.06301819
vn 0.98892702 -0.00934145 0.14810837
vn 0.99848917 0.04431731 0.03248609
vn 0.99228487 0.00886846 0.12366121
vn 0.97870094 0.01943298 0.20436935
vn 0.94958464 0.01987303 0.31288029
vn 0.95493329 0.07479833 0.28724140
vn 0.98660657 0.07382325 0.14545654
vn 0.98617485 0.10132636 0.13111874
vn 0.98035168 0.06700007 0.18553053
vn 0.99288359 0.05157080 0.10734348
vn 0.99545119 0.03126369 0.08999723
vn 0.99593840 0.02314805 0.08701071
vn 0.99742516 0.00431641 0.07158507
vn 0.94243297 0.07466983 0.32595170
vn 0.93417446 -0.08132882 0.34742438
vn 0.89766535 0.09073317 0.43123591
vn 0.99569601 0.03157848 0.08713356
vn 0.99829275 0.00274263 0.05834429
vn 0.99729380 0.02849900 0.06777080
vn 0.98887866 0.13808056 -0.05525178
vn 0.99652050 0.06674943 -0.04991406
vn 0.99983543 0.01329873 0.01233909
vn 0.99856512 0.04983199 -0.01960805
vn 0.99786294 0.00334530 0.06525619
vn 0.99916577 -0.02396504 0.03306711
vn 0.99220877 -0.01228590 0.12397908
vn 0.99890324 -0.02020226 0.04223970
vn 0.99824217 0.02434579 0.05403573
vn 0.99370928 0.02044702 0.11010803
vn 0.99435309 0.06817939 0.08132342
vn 0.99530191 0.04157346 0.08743995
vn 0.99663983 0.08179930 0.00423254
vn 0.99623567 0.07286374 -0.04696130
vn 0.99525327 0.08599042 -0.04556936
vn 0.99744948 0.06728023 -0.02383067
vn 0.99862711 0.00807564 0.05175599
vn 0.99191381 -0.05450951 0.11461111
vn 0.99043353 -0.12118063 0.06600512
vn 0.99239716 -0.12304680 0.00271216
vn 0.96285438 -0.26543927 0.04953228
vn 0.99157055 0.04645864 0.12095220
vn 0.99698201 0.07744375 -0.00541674
vn 0.99790103 0.06419334 0.00852921
vn 0.99769301 0.04273763 0.05274609
vn 0.99908704 0.04149811 0.01014847
vn 0.99832863 0.00512044 0.05756503
vn 0.99764038 0.06865600 -0.00014580
vn 0.99491948 0.02589278 0.09728714
vn 0.99675991 -0.07520041 -0.02854071
vn 0.97476424 -0.22007381 -0.03744592
vn 0.99002502 -0.11953774 -0.07457333
vn 0.99581145 -0.09022068 0.01482500
vn 0.94275967 -0.33313211 -0.01507351
vn 0.99943751 -0.02066466 0.02641295
vn 0.95843517 -0.13226778 -0.25279886
vn 0.99871172 0.04230852 -0.02801575
vn 0.99973649 0.02153652 -0.00794515
vn 0.99954872 0.02948421 0.00574844
vn 0.99994908 -0.00963540 0.00300059
vn 0.99494821 0.02041142 -0.09829264
vn 0.96015693 -0.00669111 -0.27938126
vn 0.94572478 -0.01999330 -0.32435305
vn 0.99796582 -0.05030948 -0.03915589
vn 0.93982876 -0.00580469 -0.34159657
vn 0.85992628 -0.02828731 -0.50963381
vn 0.85162266 -0.01172878 -0.52402413
vn 0.99421757 0.02553854 -0.10430345
vn 0.96756266 0.06999897 -0.24273985
vn 0.99600524 -0.04502156 0.07711433
vn 0.96421595 -0.02231244 -0.26417750
vn 0.99701506 0.06001229 -0.04857469
vn 0.99968332 0.01009607 0.02305050
vn 0.88504816 0.01177036 -0.46535063
vn 0.89860712 0.01759553 -0.43840124
vn 0.93616022 -0.28296749 -0.20864670
vn 0.68791319 -0.20446797 -0.69639664
vn 0.99164073 -0.09201973 -0.09044906
vn 0.93839455 -0.32956444 0.10393721
vn 0.97110761 0.04437987 -0.23447907
vn 0.99859314 0.05156827 -0.01234740
vn 0.99359772 0.10943072 -0.02808018
vn 0.87041932 -0.25515589 -0.42102930
vn 0.99820334 0.05426169 -0.02541177
vn 0.98958739 -0.02949867 0.14087805
vn 0.99738575 0.06926828 -0.02058085
vn 0.97480669 -0.22284636 0.00956173
vn 0.85620080 -0.45462309 -0.24543437
vn 0.99767551 0.04142651 -0.05410565
vn 0.99846827 0.05487511 0.00705892
vn 0.99738667 0.05417910 -0.04779601
vn 0.99877562 0.04813471 -0.01141536
vn 0.99499502 0.04030466 -0.09143542
vn 0.98522563 0.15344239 0.07606508
vn 0.77629085 0.04754874 0.62857905
vn 0.88495035 0.02228606 0.46515182
vn 0.75002312 0.12189539 0.65008218
vn 0.99798861 0.06337848 -0.00137845
vn 0.92042071 0.37756769 0.10133291
vn 0.90281110 0.40067366 0.15618174
vn 0.88128794 0.41359810 0.22862237
vn 0.92385122 0.33887176 0.17794623
vn 0.93388952 0.29812722 0.19740953
vn 0.94281116 0.26637257 0.20038158
vn 0.89734424 0.32349582 0.30020622
vn 0.95376064 0.22557665 0.19863488
vn 0.86486664 0.28854013 0.41079228
vn 0.99579952 0.09149686 -0.00341147
vn 0.96532232 0.21601695 0.14659298
vn 0.96810136 -0.24137612 0.06721108
vn 0.69234688 0.07746243 -0.71739485
vn 0.82612999 0.56105506 -0.05221551
vn 0.84786967 0.52841339 -0.04354666
vn 0.85592371 0.51465936 -0.05020300
vn 0.82084364 0.56577995 -0.07815857
vn 0.81030711 0.58134799 -0.07373528
vn 0.82032000 0.54596418 -0.17028861
vn 0.81344961 0.57005539 -0.11548413
vn 0.76827389 0.52902031 -0.36040635
vn 0.74382529 0.43003174 -0.51166068
vn 0.78740674 0.49009930 -0.37388941
vn 0.65621621 0.40808938 -0.63469941
vn 0.84468819 0.53317399 -0.04719495
vn 0.85459067 0.51898571 -0.01812782
vn 0.81530284 0.57756453 0.04123697
vn 0.82491479 0.56525685 0.00053637
vn 0.82329869 0.56606033 -0.04189233
vn 0.82405030 0.55839364 -0.09559104
vn 0.81771410 0.57095459 -0.07317454
vn 0.88330856 0.46535005 -0.05670379
vn 0.84336231 0.53252648 -0.07180231
vn 0.80767826 0.55503192 -0.19898592
vn 0.75192748 0.65479539 -0.07647258
vn 0.71136108 0.66154302 -0.23733152
vn 0.68503353 0.72269896 -0.09184378
vn 0.67225339 0.71233259 -0.20163746
vn 0.64502604 0.75873118 -0.09093076
vn 0.67958108 0.73358701 0.00443261
vn 0.53945738 0.82626716 -0.16207505
vn 0.87499494 0.46240958 -0.14339186
vn 0.70067210 0.71288446 -0.02922940
vn 0.80301298 0.59532071 -0.02762993
vn 0.85606824 0.51472518 -0.04695906
vn 0.55228729 0.82973815 -0.08070530
vn 0.55718686 0.82273642 -0.11246153
vn 0.49090363 0.86486311 -0.10500200
vn 0.57388106 0.81883565 -0.01298855
vn 0.51986137 0.84835486 -0.10019070
vn 0.58430161 0.80492551 -0.10337579
vn 0.58840048 0.73438395 -0.33832690
vn 0.61299350 0.74478176 -0.26370268
vn 0.54581009 0.69901207 -0.46203189
vn 0.59101896 0.65965034 -0.46428227
vn 0.53374074 0.57258223 -0.62231054
vn 0.47836344 0.53438420 -0.69685145
vn 0.48275300 0.85246493 -0.20063173
vn 0.43197596 0.76502609 -0.47763150
vn 0.52929873 0.80955078 -0.25391019
vn 0.50392735 0.84048592 -0.19909957
vn 0.38162561 0.82793497 -0.41095691
vn 0.43832504 0.88192152 -0.17345197
vn 0.33843045 0.84901834 -0.40574954
vn 0.32627744 0.77052861 -0.54756615
vn 0.37753799 0.83622346 -0.39773783
vn 0.81079219 0.58229868 0.05953382
vn 0.34178439 0.74248996 -0.57610077
vn 0.57178620 0.81950319 -0.03840664
vn 0.81050880 0.57808441 0.09430749
vn 0.79295788 0.60885105 0.02276404
vn 0.78719657 0.61664237 0.00858724
vn 0.80170594 0.59135328 0.08699931
vn 0.79191061 0.60019870 0.11242375
vn 0.78388465 0.61191224 0.10530083
vn 0.86581921 0.49661289 0.06109609
vn 0.83725605 0.54045037 0.08316068
vn 0.85610006 0.50825140 0.09366536
vn 0.83552841 0.54428085 0.07517068
vn 0.84307828 0.52850368 0.09951316
vn 0.85273586 0.49942880 0.15301122
vn 0.87102761 0.48233189 0.09309595
vn 0.86805351 0.48348882 0.11279037
vn 0.77259234 0.62092732 0.13247772
vn 0.73697696 0.65099866 0.18183976
vn 0.75792798 0.62684638 0.18057906
vn 0.77546893 0.62398525 0.09638648
vn 0.79782759 0.59146892 0.11677181
vn 0.87670762 0.46730723 0.11405126
vn 0.88031281 0.45261428 0.14209035
vn 0.85231015 0.44049901 0.28200713
vn 0.84508376 0.47775286 0.23997009
vn 0.86434289 0.38662814 0.32160543
vn 0.87408727 0.45056713 0.18155085
vn 0.80025725 0.43655027 0.41111093
vn 0.75670646 0.38735818 0.52663932
vn 0.80592490 0.46531422 0.36601603
vn 0.81317720 0.48552226 0.32095323
vn 0.86580182 0.48615367 0.11849818
vn 0.71541560 0.69269849 0.09137462
vn 0.69693830 0.71054735 0.09695086
vn 0.74345293 0.66466996 0.07410525
vn 0.67443337 0.73579759 0.06116819
vn 0.73222347 0.67923276 0.04991639
vn 0.73289708 0.68025676 -0.01061168
vn 0.70835918 0.70579702 -0.00882231
vn 0.69164050 0.71774702 0.08045271
vn 0.61775183 0.78567807 0.03305528
vn 0.73206103 0.67871759 0.05855833
vn 0.62786083 0.76736242 0.13017561
vn 0.75501942 0.65188906 0.07061393
vn 0.78165628 0.38862103 0.48783927
vn 0.71980638 0.69234505 0.05036971
vn 0.77998904 0.60743768 0.15045450
vn 0.83107930 0.40686441 0.37916823
vn 0.88624384 0.40989522 0.21577251
vn 0.79803714 0.31907023 0.51120535
vn 0.84628930 0.52869821 0.06536538
vn 0.85498407 0.51710701 0.04003226
vn 0.86051728 0.47852911 0.17469945
vn 0.84181792 0.53510621 0.07073845
vn 0.81641717 0.56523326 0.11821322
vn 0.84215011 0.53924125 0.00143499
vn 0.89253459 0.44923198 -0.03965652
vn 0.86599105 0.50004510 -0.00379402
vn 0.89544066 0.44238879 -0.04978136
vn 0.91861200 0.39400667 0.03017856
vn 0.86872400 0.48982126 -0.07344212
vn 0.89132039 0.45332335 0.00677455
vn 0.86378254 0.50137620 -0.05001625
vn 0.91197705 0.40758610 -0.04659862
vn 0.85360925 0.52086001 -0.00748976
vn 0.89828600 0.43793200 -0.03602522
vn 0.90598501 0.42131488 -0.04104791
vn 0.86497251 0.49679060 -0.07086372
vn 0.80501354 0.51567769 0.29330824
vn 0.41863024 0.89908236 -0.12806106
vn 0.37531844 0.91001712 -0.17608210
vn 0.37790930 0.92121949 -0.09240782
vn 0.43904867 0.88961544 -0.12578008
vn 0.41211545 0.90170436 -0.13072910
vn 0.41514152 0.90398689 -0.10229968
vn 0.43157492 0.89626117 0.10226924
vn 0.47456114 0.87912514 -0.04393987
vn 0.55558735 0.82376896 0.11281580
vn 0.52920666 0.84817055 0.02338859
vn 0.46053464 0.88005801 0.11578320
vn 0.43814750 0.88355273 0.16541261
vn 0.39507378 0.91032419 0.12339605
vn 0.54214782 0.82241852 0.17234707
vn 0.58755310 0.80462807 0.08576145
vn 0.76750041 0.63890430 0.05238726
vn 0.80924660 0.58746876 -0.00062652
vn 0.86057448 0.47830390 0.17503411
vn 0.77860022 0.52985777 -0.33620299
vn 0.70340187 0.38030767 -0.60049304
vn 0.85010600 0.48562382 0.20368922
vn 0.77674517 0.50374057 0.37803752
vn 0.86664518 0.48499766 0.11706150
vn 0.83042953 0.55408579 -0.05810113
vn 0.98474238 0.16760656 -0.04680257
vn 0.99353974 0.10906228 -0.03137192
vn 0.98768229 0.12274656 -0.09704107
vn 0.67337202 0.59360160 0.44068953
vn 0.98964369 0.11199480 0.08979156
vn 0.84376148 0.51490359 0.15146241
vn 0.79037798 0.29996861 -0.53415493
vn 0.58925738 0.32036049 -0.74171753
vn 0.95776799 0.00651489 0.28746832
vn 0.99872296 0.03647451 0.03495811
vn 0.89311671 -0.43632597 0.10937181
vn 0.92693623 -0.28688196 0.24184284
vn 0.96687880 -0.17206217 0.18852055
vn 0.96432009 0.01395206 0.26437114
vn 0.90853844 -0.02264364 0.41718721
vn 0.94635704 0.03074911 0.32165641
vn 0.92681594 0.04231405 0.37312429
vn 0.99109050 -0.00063987 0.13318867
vn 0.96736385 0.00491287 0.25334371
vn 0.99976688 0.00548389 0.02088334
vn 0.96526850 -0.23478776 0.11459244
vn 0.99802789 0.02309977 0.05836715
vn 0.95513690 0.02166721 0.29537100
vn 0.85499094 0.05510598 0.51570711
vn 0.87349711 0.01746561 0.48651594
vn 0.74880745 -0.02118701 0.66244887
vn 0.88237314 -0.45502307 0.11988181
vn 0.87802744 -0.45282937 0.15496252
vn 0.87976614 -0.37003395 0.29847346
vn 0.97729726 -0.20113722 0.06658741
vn 0.93704530 -0.27958008 0.20923929
vn 0.88515592 -0.45913230 0.07547529
vn 0.91740139 -0.39712004 0.02589125
vn 0.80341822 -0.59007403 -0.07957266
vn 0.90617419 -0.37555515 0.19443938
vn 0.80996546 -0.58564134 0.03130764
vn 0.89533235 -0.44315756 0.04462462
vn 0.99558496 0.07812572 -0.05202840
vn 0.90331466 -0.16088324 0.39766722
vn 0.99620600 0.07133249 -0.04985259
vn 0.95808562 -0.07507257 0.27647071
vn 0.76359605 0.01030375 0.64561204
vn 0.76390373 0.05286608 0.64316116
vn 0.09450987 0.99087477 -0.09609930
vn 0.99854047 0.04464375 0.03039510
vn 0.50467318 0.85588945 0.11295235
vn 0.85494006 -0.03881896 -0.51727225
vn 0.85510136 0.02798166 -0.51770522
vn 0.77264452 0.00346150 -0.63482947
vn 0.81642180 0.02344489 -0.57697988
vn 0.87520405 0.05804110 -0.48025942
vn 0.81344136 0.01470812 -0.58146093
vn 0.93130770 0.03888305 -0.36215201
vn 0.92245970 0.00985301 -0.38596764
vn 0.88653232 0.34816604 0.30469797
vn 0.34316618 0.87828561 -0.33294348
vn 0.25632202 0.60593829 -0.75308553
vn 0.30216744 0.72320972 -0.62101735
vn 0.98961591 0.14346759 0.00879823
vn 0.90285905 0.39992026 -0.15782690
vn 0.95143444 0.30548512 0.03809658
vn 0.93707823 0.33951149 0.08134086
vn 0.93795409 0.34180277 0.05842079
vn 0.78873269 0.52016501 -0.32761121
vn 0.90671820 -0.40290913 0.12460472
vn 0.99937811 -0.00327054 -0.03510972
vn 0.99991731 -0.00454459 -0.01203010
vn 0.99999848 0.00058024 0.00164648
vn 0.99878243 0.04474210 -0.02077969
vn 0.99863705 -0.00594062 0.05185309
vn 0.94215787 0.06629554 0.32854750
vn 0.82497347 0.08895727 0.55812667
vn 0.81583111 0.08848985 0.57147978
vn 0.86123899 0.09038642 0.50009768
vn 0.82071122 0.05442752 0.56874488
vn 0.82796482 0.04378033 0.55906846
vn 0.93001505 0.13973693 0.33991998
vn 0.86950123 0.04806899 0.49158619
vn 0.92255960 0.02782808 0.38484981
vn 0.93099152 0.05730987 0.36051403
vn 0.99482712 0.10001463 0.01777863
vn 0.99842766 0.05529294 0.00921431
vn 0.99932106 0.03428876 0.01347933
vn 0.99964969 0.02167326 0.01519082
vn 0.91555980 0.39874243 -0.05248542
vn 0.94352327 0.32011262 0.08539170
vn 0.70649855 0.56002458 0.43270345
vn 0.70644445 0.69054402 0.15519406
vn 0.62350902 0.76991743 0.13588104
vn 0.66734289 0.73816038 0.09885708
vn 0.62926059 0.76926400 0.11074301
vn 0.63400881 0.76936615 0.07815723
vn 0.74570552 0.66286815 0.06729861
vn 0.66703467 0.68415374 0.29495494
vn 0.69191207 0.71978917 0.05622485
vn 0.60337834 0.75206519 0.26520282
vn 0.61259812 0.77588883 0.15073176
vn 0.58021980 0.79470799 0.17828121
vn 0.55775780 0.82361758 0.10276337
vn 0.99617034 0.04584089 0.07445315
vn 0.99129778 0.01990008 0.13012571
vn 0.79447977 -0.59861444 0.10228707
vn 0.88027792 0.46113629 0.11164277
vn 0.87869998 0.46415953 0.11154496
vn 0.71960196 0.69401800 -0.02262791
vn 0.74724398 0.66402216 0.02647650
vn 0.77888642 0.62629621 0.03299999
vn 0.94770369 0.31632705 0.04236645
vn 0.90057469 0.41361102 -0.13375781
vn 0.99967846 -0.00353254 0.02510984
vn 0.96057698 0.25400819 0.11301193
vn 0.78676057 -0.60363941 0.12894678
vn 0.70335034 0.09598229 0.70433352
vn 0.89967105 0.40848481 0.15405248
vn 0.91775081 0.38596120 0.09363439
vn 0.91002478 0.40390858 0.09334214
vn 0.91152546 -0.06143350 0.40662915
vn 0.79760890 0.59995005 0.06228949
vn 0.91946902 0.06319437 0.38805051
vn 0.86257996 0.49512509 0.10395654
vn 0.61415304 0.78573369 0.07374694
vn 0.57831981 0.81040010 0.09379700
vn 0.60758796 0.78860893 0.09451367
vn 0.54247769 0.83082540 0.12428643
vn 0.90345438 0.42752010 -0.03157136
vn 0.97176451 0.05551426 -0.22932923
vn 0.70402360 0.42403075 -0.56969175
vn 0.71365036 0.45442261 -0.53310717
vn 0.98731302 -0.02211253 -0.15723880
vn 0.96033501 0.27822405 0.01865614
vn 0.63480133 0.77226052 0.02531733
vn 0.57084602 0.82060227 0.02732656
vn 0.99804448 0.04701443 0.04119301
vn 0.58798303 0.79951271 0.12270038
vn 0.85663970 0.50672524 0.09694303
vn 0.32004965 0.61573473 -0.72002706
vn 0.75900831 0.07157517 0.64713475
vn 0.98958473 0.02931452 0.14093518
vn 0.88997804 0.02273265 -0.45543640
vn 0.82256917 0.01905313 -0.56834579
vn 0.84527025 0.38470550 0.37083672
vn 0.99620458 0.07227478 -0.04850551
vn 0.46602503 0.87416500 -0.13658779
vn 0.77997208 0.55953174 -0.28029946
vn 0.67042761 0.59587339 -0.44211053
vn 0.60401741 0.61096676 -0.51174466
vn 0.67429823 0.63354159 -0.37940341
vn 0.75709168 0.53211742 -0.37902933
vn 0.60654757 0.53465868 -0.58842174
vn 0.53890321 0.39851003 -0.74214088
vn 0.45163372 0.52847720 -0.71884549
vn 0.69462756 0.35945040 -0.62312757
vn 0.79597561 -0.07646528 -0.60047971
vn 0.68913572 -0.01647313 -0.72444502
vn 0.62554823 0.46297960 -0.62796441
vn 0.63224062 0.75864284 0.15726681
vn 0.96840506 0.07789394 0.23690541
vn 0.99900648 0.03217608 -0.03083435
vn 0.77822832 0.62797700 0.00236054
vn 0.99560502 0.07648892 -0.05403788
vn 0.81547369 0.57815456 -0.02720246
vn 0.99747601 0.07027975 0.01011759
vn 0.85409863 0.51998253 0.01156268
vn 0.60567238 0.54714135 -0.57775194
vn 0.66071602 0.43335417 -0.61290986
vn 0.93955794 -0.34230427 0.00765926
vn 0.97156521 0.23664315 0.00781411
vn 0.99607602 -0.08380560 0.02844604
vn 0.89506148 -0.44435461 0.03760229
vn 0.83461729 0.51875649 -0.18521796
vn 0.94129590 -0.32192914 -0.10160540
vn 0.99885008 -0.00101638 0.04793203
vn 0.85183980 0.52145455 0.04953907
vn 0.99757923 0.06348192 -0.02838528
vn 0.77968306 0.61289687 0.12826439
vn 0.53008274 0.84715951 -0.03651109
vn 0.52919095 0.84831445 -0.01787554
vn 0.45789871 0.85508276 0.24323293
vn 0.80981654 0.08939793 -0.57983203
vn 0.83270506 0.55368967 -0.00548005
vn 0.97781872 0.16382816 -0.13050246
vn 0.76734670 0.61815146 0.17049286
vn 0.94733102 0.31185679 0.07286485
vn 0.90604529 0.02592934 0.42238561
vn 0.49839492 0.63805689 -0.58692922
vn 0.48054334 0.64023986 -0.59930878
vn 0.70739812 0.02093563 -0.70650521
vn 0.71431332 0.46485413 -0.52313203
vn 0.60589327 0.79210367 0.07392655
vn 0.87633995 0.03459626 -0.48044916
vn 0.62999926 0.77659374 0.00175773
vn 0.81958448 0.05975922 0.56983341
vn 0.58275871 0.79257824 -0.17947709
vn 0.89387771 -0.37089233 -0.25183628
vn 0.81567854 0.02161635 -0.57810142
vn 0.86356415 0.50294121 -0.03615382
vn 0.83893607 0.50332636 -0.20699965
vn 0.99139480 0.10125132 -0.08297301
vn 0.84494467 0.07652575 0.52935085
vn 0.71231200 -0.54123218 -0.44685495
vn 0.89062632 0.40114396 0.21416881
vn 0.99315807 0.05112986 0.10498948
vn 0.61920183 0.72338235 -0.30546206
vn 0.83541967 0.27060631 0.47837872
vn 0.83613058 0.54481770 -0.06371284
vn 0.98939261 0.03887518 0.13996776
vn 0.97068231 0.08339767 -0.22543442
vn 0.82676644 0.29858500 0.47676437
vn 0.83881305 -0.48971919 0.23783983
vn 0.99575837 0.09095254 0.01388893
vn 0.90320575 0.42835752 -0.02700404
vn 0.96554488 -0.10083322 0.23990781
vn 0.99190260 0.11355910 -0.05686451
vn 0.99802646 0.04548228 -0.04329601
vn 0.99861272 0.04879845 -0.01978267
vn 0.78549996 0.43582683 0.43936862
vn 0.81032839 0.58596575 0.00346892
vn 0.58228972 0.66367596 -0.46954542
vn 0.98491555 0.17262870 -0.01186174
vn 0.91018341 -0.41398316 -0.01356814
f 2056//2056 2178//2178 2037//2037
f 2294//2294 2342//2342 2056//2056
f 2294//2294 2056//2056 2035//2035
f 2056//2056 2037//2037 2035//2035
f 2337//2337 2342//2342 2294//2294
f 2294//2294 2035//2035 2028//2028
f 2294//2294 2011//2011 2337//2337
f 2011//2011 2294//2294 2332//2332
f 2028//2028 2027//2027 2294//2294
f 2058//2058 2332//2332 2294//2294
f 2294//2294 2027//2027 2058//2058
f 2009//2009 2011//2011 2332//2332
f 2332//2332 2058//2058 2027//2027
f 2009//2009 2332//2332 2007//2007
f 2007//2007 2335//2335 2009//2009
f 2007//2007 2010//2010 2182//2182
f 2042//2042 2179//2179 2206//2206
f 2173//2173 2172//2172 2206//2206
f 2173//2173 2206//2206 2179//2179
f 2053//2053 2179//2179 2343//2343
f 2176//2176 2172//2172 2175//2175
f 2175//2175 2172//2172 2173//2173
f 2039//2039 2173//2173 2179//2179
f 2040//2040 2179//2179 2053//2053
f 2039//2039 2179//2179 2040//2040
f 2053//2053 2343//2343 2237//2237
f 2238//2238 2237//2237 2236//2236
f 2175//2175 2173//2173 2303//2303
f 2040//2040 2053//2053 2237//2237
f 2040//2040 2237//2237 2238//2238
f 2238//2238 2234//2234 2099//2099
f 2303//2303 2173//2173 2039//2039
f 2039//2039 2040//2040 2238//2238
f 2345//2345 2238//2238 2099//2099
f 2193//2193 2184//2184 2176//2176
f 2193//2193 2176//2176 2177//2177
f 2178//2178 2177//2177 2175//2175
f 2177//2177 2176//2176 2175//2175
f 2178//2178 2175//2175 2303//2303
f 2178//2178 2303//2303 2257//2257
f 2303//2303 2039//2039 2257//2257
f 2038//2038 2039//2039 2238//2238
f 2038//2038 2238//2238 2345//2345
f 2184//2184 2014//2014 2347//2347
f 2191//2191 2184//2184 2193//2193
f 2193//2193 2177//2177 2056//2056
f 2056//2056 2177//2177 2178//2178
f 2257//2257 2039//2039 2057//2057
f 2057//2057 2039//2039 2038//2038
f 2014//2014 2184//2184 2016//2016
f 2016//2016 2184//2184 2191//2191
f 2342//2342 2191//2191 2056//2056
f 2056//2056 2191//2191 2193//2193
f 2178//2178 2257//2257 2037//2037
f 2036//2036 2257//2257 2057//2057
f 2037//2037 2257//2257 2036//2036
f 2033//2033 2038//2038 2345//2345
f 2057//2057 2038//2038 2033//2033
f 2341//2341 2174//2174 2190//2190
f 2035//2035 2037//2037 2036//2036
f 2033//2033 2345//2345 2341//2341
f 2256//2256 2341//2341 2190//2190
f 2310//2310 2016//2016 2013//2013
f 2337//2337 2016//2016 2342//2342
f 2342//2342 2016//2016 2191//2191
f 2028//2028 2035//2035 2036//2036
f 2028//2028 2036//2036 2309//2309
f 2036//2036 2057//2057 2033//2033
f 2034//2034 2033//2033 2341//2341
f 2034//2034 2341//2341 2256//2256
f 2011//2011 2013//2013 2337//2337
f 2337//2337 2013//2013 2016//2016
f 2309//2309 2036//2036 2033//2033
f 121//121 2310//2310 2013//2013
f 2027//2027 2028//2028 2029//2029
f 2029//2029 2028//2028 2309//2309
f 2029//2029 2309//2309 2033//2033
f 2029//2029 2033//2033 2031//2031
f 2033//2033 2034//2034 2031//2031
f 2310//2310 121//121 2295//2295
f 2321//2321 121//121 2013//2013
f 2011//2011 2321//2321 2013//2013
f 2030//2030 2029//2029 2031//2031
f 2009//2009 2012//2012 2011//2011
f 2011//2011 2012//2012 2321//2321
f 2027//2027 2017//2017 2332//2332
f 2323//2323 2027//2027 2029//2029
f 2030//2030 2031//2031 2209//2209
f 2032//2032 2031//2031 2059//2059
f 2209//2209 2031//2031 2032//2032
f 1//1 2321//2321 2009//2009
f 2009//2009 2321//2321 2012//2012
f 2008//2008 2007//2007 2332//2332
f 2017//2017 2008//2008 2332//2332
f 2026//2026 2017//2017 2027//2027
f 2026//2026 2027//2027 2323//2323
f 2164//2164 2029//2029 2030//2030
f 2323//2323 2029//2029 2164//2164
f 2164//2164 2030//2030 2209//2209
f 2335//2335 121//121 2321//2321
f 1//1 2335//2335 2321//2321
f 2335//2335 1//1 2009//2009
f 2007//2007 2008//2008 2010//2010
f 2026//2026 2323//2323 2230//2230
f 2209//2209 2032//2032 2210//2210
f 2211//2211 2209//2209 2210//2210
f 2164//2164 2209//2209 2211//2211
f 121//121 2320//2320 119//119
f 2182//2182 2335//2335 2007//2007
f 2008//2008 2182//2182 2010//2010
f 2182//2182 2008//2008 2017//2017
f 2017//2017 2026//2026 2021//2021
f 2060//2060 2323//2323 2164//2164
f 2230//2230 2323//2323 2060//2060
f 2211//2211 4//4 3//3
f 2164//2164 2211//2211 3//3
f 4//4 2211//2211 2210//2210
f 2320//2320 121//121 2335//2335
f 2308//2308 2335//2335 2182//2182
f 2308//2308 2018//2018 2335//2335
f 2180//2180 2182//2182 2017//2017
f 2021//2021 2026//2026 2230//2230
f 2164//2164 3//3 2255//2255
f 2164//2164 2255//2255 2060//2060
f 2320//2320 2335//2335 2018//2018
f 2180//2180 2017//2017 2021//2021
f 2021//2021 2230//2230 2022//2022
f 2022//2022 2230//2230 2060//2060
f 2060//2060 2255//2255 2104//2104
f 2320//2320 118//118 134//134
f 2018//2018 2002//2002 2320//2320
f 2308//2308 2182//2182 2180//2180
f 118//118 2225//2225 2019//2019
f 2320//2320 2225//2225 118//118
f 2002//2002 2018//2018 2308//2308
f 2002//2002 2308//2308 2185//2185
f 2328//2328 2180//2180 2021//2021
f 2308//2308 2180//2180 2328//2328
f 2328//2328 2021//2021 2022//2022
f 2022//2022 2060//2060 2023//2023
f 2147//2147 2023//2023 2060//2060
f 2000//2000 2225//2225 2320//2320
f 2000//2000 2320//2320 2002//2002
f 2185//2185 2308//2308 2328//2328
f 2328//2328 2022//2022 2024//2024
f 2000//2000 2002//2002 1998//1998
f 1998//1998 2002//2002 2185//2185
f 2004//2004 2185//2185 2328//2328
f 2024//2024 2022//2022 2023//2023
f 1995//1995 2225//2225 2000//2000
f 2004//2004 2328//2328 2003//2003
f 2023//2023 2025//2025 2024//2024
f 1995//1995 2000//2000 1998//1998
f 2003//2003 2024//2024 2286//2286
f 2328//2328 2024//2024 2003//2003
f 125//125 2225//2225 1995//1995
f 1996//1996 1995//1995 1998//1998
f 1998//1998 2185//2185 1999//1999
f 1995//1995 1992//1992 125//125
f 1992//1992 1995//1995 1994//1994
f 2001//2001 1996//1996 1998//1998
f 1995//1995 1996//1996 2001//2001
f 1998//1998 1999//1999 2001//2001
f 2006//2006 1994//1994 1995//1995
f 1995//1995 2001//2001 2006//2006
f 1992//1992 2006//2006 1993//1993
f 1994//1994 2006//2006 1992//1992
f 1997//1997 2006//2006 2001//2001
f 2327//2327 2006//2006 1997//1997
f 2043//2043 2045//2045 2202//2202
f 2045//2045 2254//2254 2047//2047
f 2044//2044 2254//2254 2045//2045
f 2044//2044 2045//2045 2043//2043
f 2202//2202 2052//2052 2138//2138
f 2283//2283 2284//2284 2144//2144
f 2046//2046 2043//2043 2202//2202
f 2202//2202 2138//2138 2340//2340
f 2340//2340 2138//2138 2144//2144
f 2340//2340 2144//2144 2284//2284
f 2084//2084 2285//2285 2072//2072
f 2041//2041 2046//2046 2202//2202
f 2043//2043 2046//2046 2041//2041
f 2041//2041 2202//2202 2340//2340
f 2100//2100 2285//2285 2084//2084
f 2087//2087 2084//2084 2315//2315
f 2315//2315 2194//2194 2385//2385
f 2143//2143 2050//2050 2142//2142
f 2042//2042 2044//2044 2043//2043
f 2254//2254 2044//2044 2042//2042
f 2042//2042 2043//2043 2041//2041
f 2239//2239 2340//2340 2284//2284
f 2100//2100 2084//2084 2086//2086
f 2086//2086 2084//2084 2087//2087
f 2085//2085 2087//2087 2315//2315
f 2085//2085 2315//2315 2325//2325
f 2142//2142 2254//2254 2206//2206
f 2206//2206 2254//2254 2042//2042
f 2042//2042 2041//2041 2179//2179
f 2041//2041 2340//2340 2259//2259
f 2259//2259 2340//2340 2239//2239
f 2100//2100 2284//2284 2285//2285
f 2315//2315 2385//2385 2386//2386
f 2325//2325 2315//2315 2386//2386
f 2351//2351 2050//2050 2143//2143
f 2351//2351 2142//2142 2172//2172
f 2351//2351 2143//2143 2142//2142
f 2172//2172 2142//2142 2206//2206
f 2259//2259 2179//2179 2041//2041
f 2179//2179 2259//2259 2343//2343
f 2237//2237 2259//2259 2239//2239
f 2239//2239 2236//2236 2237//2237
f 2239//2239 2284//2284 2236//2236
f 2100//2100 2086//2086 2088//2088
f 2087//2087 2085//2085 2325//2325
f 2176//2176 2339//2339 2172//2172
f 2172//2172 2339//2339 2351//2351
f 2343//2343 2259//2259 2237//2237
f 2238//2238 2236//2236 2284//2284
f 2238//2238 2284//2284 2234//2234
f 2284//2284 2099//2099 2234//2234
f 2284//2284 2100//2100 2099//2099
f 2099//2099 2100//2100 2090//2090
f 2090//2090 2100//2100 2088//2088
f 2088//2088 2086//2086 2087//2087
f 2248//2248 2087//2087 2325//2325
f 2184//2184 2351//2351 2176//2176
f 2176//2176 2351//2351 2339//2339
f 2088//2088 2087//2087 2248//2248
f 2242//2242 2346//2346 2351//2351
f 2184//2184 2242//2242 2351//2351
f 2093//2093 2099//2099 2090//2090
f 2089//2089 2090//2090 2088//2088
f 2347//2347 2346//2346 2184//2184
f 2184//2184 2346//2346 2242//2242
f 2099//2099 2341//2341 2345//2345
f 2099//2099 2093//2093 2341//2341
f 2314//2314 2088//2088 2248//2248
f 2089//2089 2088//2088 2314//2314
f 2228//2228 2390//2390 2248//2248
f 2014//2014 3462//3462 2346//2346
f 2014//2014 2346//2346 2347//2347
f 2093//2093 2174//2174 2341//2341
f 2091//2091 2090//2090 2089//2089
f 2093//2093 2090//2090 2091//2091
f 2091//2091 2089//2089 2134//2134
f 2248//2248 2390//2390 2314//2314
f 2016//2016 2015//2015 2014//2014
f 2093//2093 2190//2190 2174//2174
f 2092//2092 2093//2093 2091//2091
f 2314//2314 2390//2390 2089//2089
f 2016//2016 2201//2201 2015//2015
f 2101//2101 2256//2256 2093//2093
f 2093//2093 2256//2256 2190//2190
f 2101//2101 2093//2093 2092//2092
f 2310//2310 2298//2298 2016//2016
f 2016//2016 2298//2298 2201//2201
f 2105//2105 2091//2091 2134//2134
f 2092//2092 2091//2091 2105//2105
f 2310//2310 2319//2319 2298//2298
f 2094//2094 2092//2092 2105//2105
f 2417//2417 2092//2092 2094//2094
f 2295//2295 2312//2312 2310//2310
f 2310//2310 2312//2312 2319//2319
f 2096//2096 2031//2031 2034//2034
f 2256//2256 2096//2096 2034//2034
f 2096//2096 2256//2256 2101//2101
f 2095//2095 2092//2092 2417//2417
f 2101//2101 2092//2092 2095//2095
f 2296//2296 2312//2312 2295//2295
f 2096//2096 2059//2059 2031//2031
f 2096//2096 2101//2101 2095//2095
f 2094//2094 2411//2411 2417//2417
f 2296//2296 2295//2295 2297//2297
f 2296//2296 2297//2297 120//120
f 121//121 2297//2297 2295//2295
f 2096//2096 2032//2032 2059//2059
f 2032//2032 2096//2096 2098//2098
f 121//121 120//120 2297//2297
f 2097//2097 2096//2096 2095//2095
f 2098//2098 2096//2096 2097//2097
f 2097//2097 2095//2095 2241//2241
f 2399//2399 2095//2095 2417//2417
f 2241//2241 2095//2095 2399//2399
f 119//119 120//120 121//121
f 2032//2032 2352//2352 2210//2210
f 2103//2103 2032//2032 2098//2098
f 2352//2352 2032//2032 2103//2103
f 136//136 120//120 119//119
f 2//2 3//3 4//4
f 2210//2210 2352//2352 4//4
f 2352//2352 2//2 4//4
f 2352//2352 2104//2104 2//2
f 2104//2104 2352//2352 2103//2103
f 2102//2102 2098//2098 2097//2097
f 2103//2103 2098//2098 2102//2102
f 2241//2241 2399//2399 2097//2097
f 2320//2320 134//134 119//119
f 2104//2104 2255//2255 2//2
f 2//2 2255//2255 3//3
f 2171//2171 2104//2104 2146//2146
f 2104//2104 2103//2103 2316//2316
f 2405//2405 2102//2102 2097//2097
f 2103//2103 2102//2102 2405//2405
f 2408//2408 2097//2097 2330//2330
f 2405//2405 2097//2097 2408//2408
f 2019//2019 140//140 118//118
f 140//140 134//134 118//118
f 2171//2171 2060//2060 2104//2104
f 2060//2060 2171//2171 2147//2147
f 2146//2146 2104//2104 2316//2316
f 2403//2403 2316//2316 2103//2103
f 2406//2406 2103//2103 2405//2405
f 2403//2403 2103//2103 2406//2406
f 2405//2405 2408//2408 2406//2406
f 117//117 2019//2019 124//124
f 2147//2147 2171//2171 2146//2146
f 124//124 2019//2019 123//123
f 2020//2020 123//123 2225//2225
f 2225//2225 123//123 2019//2019
f 2025//2025 2023//2023 2147//2147
f 2150//2150 2147//2147 2146//2146
f 2150//2150 2146//2146 2316//2316
f 2141//2141 2025//2025 2147//2147
f 2140//2140 2147//2147 2150//2150
f 2141//2141 2147//2147 2140//2140
f 2407//2407 2150//2150 2316//2316
f 2020//2020 122//122 123//123
f 125//125 122//122 2225//2225
f 2225//2225 122//122 2020//2020
f 2025//2025 2286//2286 2024//2024
f 2139//2139 2150//2150 2407//2407
f 2140//2140 2150//2150 2139//2139
f 2005//2005 1999//1999 2185//2185
f 2185//2185 2004//2004 2005//2005
f 2003//2003 2286//2286 2004//2004
f 2183//2183 2286//2286 2025//2025
f 2140//2140 2407//2407 2260//2260
f 2139//2139 2407//2407 2140//2140
f 2005//2005 2001//2001 1999//1999
f 2344//2344 2004//2004 2286//2286
f 2165//2165 2025//2025 2141//2141
f 2183//2183 2025//2025 2165//2165
f 2165//2165 2141//2141 2197//2197
f 2197//2197 2140//2140 2261//2261
f 2141//2141 2140//2140 2197//2197
f 2262//2262 2140//2140 2260//2260
f 125//125 3785//3785 129//129
f 1992//1992 3785//3785 125//125
f 1993//1993 3785//3785 1992//1992
f 2220//2220 2001//2001 2005//2005
f 2220//2220 2005//2005 2004//2004
f 2220//2220 2004//2004 2344//2344
f 2344//2344 2286//2286 2183//2183
f 2006//2006 3785//3785 1993//1993
f 2338//2338 2001//2001 2220//2220
f 1997//1997 2001//2001 2338//2338
f 2195//2195 2344//2344 2183//2183
f 2327//2327 3785//3785 2006//2006
f 1997//1997 2338//2338 5//5
f 1997//1997 5//5 986//986
f 2063//2063 2061//2061 2135//2135
f 2306//2306 2135//2135 2064//2064
f 2073//2073 2208//2208 2068//2068
f 2133//2133 2068//2068 2079//2079
f 2133//2133 2216//2216 2077//2077
f 2061//2061 2048//2048 2054//2054
f 2048//2048 2063//2063 2045//2045
f 2048//2048 2061//2061 2063//2063
f 2063//2063 2135//2135 2306//2306
f 2306//2306 2064//2064 2067//2067
f 2066//2066 2065//2065 2073//2073
f 2064//2064 2065//2065 2066//2066
f 2073//2073 2068//2068 2070//2070
f 2071//2071 2068//2068 2133//2133
f 2070//2070 2068//2068 2071//2071
f 2047//2047 2048//2048 2045//2045
f 2063//2063 2202//2202 2045//2045
f 2202//2202 2063//2063 2052//2052
f 2052//2052 2063//2063 2306//2306
f 2283//2283 2064//2064 2066//2066
f 2067//2067 2064//2064 2283//2283
f 2285//2285 2066//2066 2073//2073
f 2071//2071 2133//2133 2075//2075
f 2075//2075 2133//2133 2077//2077
f 2078//2078 2077//2077 2388//2388
f 2049//2049 2048//2048 2254//2254
f 2049//2049 6//6 2048//2048
f 2254//2254 2048//2048 2047//2047
f 2138//2138 2052//2052 2306//2306
f 2138//2138 2306//2306 2144//2144
f 2144//2144 2306//2306 2067//2067
f 2144//2144 2067//2067 2283//2283
f 2283//2283 2066//2066 2284//2284
f 2066//2066 2285//2285 2284//2284
f 2074//2074 2285//2285 2073//2073
f 2074//2074 2070//2070 2072//2072
f 2074//2074 2073//2073 2070//2070
f 2070//2070 2071//2071 2072//2072
f 2072//2072 2071//2071 2075//2075
f 2076//2076 2075//2075 2077//2077
f 2076//2076 2077//2077 2078//2078
f 2373//2373 2078//2078 2388//2388
f 2142//2142 6//6 2254//2254
f 2254//2254 6//6 2049//2049
f 2285//2285 2074//2074 2072//2072
f 2084//2084 2072//2072 2075//2075
f 2084//2084 2075//2075 2315//2315
f 2315//2315 2075//2075 2076//2076
f 2315//2315 2076//2076 2194//2194
f 2194//2194 2076//2076 2078//2078
f 2078//2078 2373//2373 2194//2194
f 2383//2383 2384//2384 2373//2373
f 2051//2051 6//6 2050//2050
f 2142//2142 2050//2050 6//6
f 2194//2194 2373//2373 2385//2385
f 2373//2373 2384//2384 2385//2385
f 2351//2351 2331//2331 2050//2050
f 2050//2050 2331//2331 2051//2051
f 2385//2385 2384//2384 2386//2386
f 2380//2380 2384//2384 2381//2381
f 2386//2386 2384//2384 2380//2380
f 2351//2351 2200//2200 2331//2331
f 2380//2380 2325//2325 2386//2386
f 2346//2346 2199//2199 2351//2351
f 2351//2351 2199//2199 2200//2200
f 2325//2325 2380//2380 2377//2377
f 2228//2228 2248//2248 2325//2325
f 2228//2228 2325//2325 2377//2377
f 2377//2377 2380//2380 2382//2382
f 2199//2199 2346//2346 2198//2198
f 2346//2346 3462//3462 2198//2198
f 2377//2377 2382//2382 2228//2228
f 2014//2014 2015//2015 3462//3462
f 2378//2378 2390//2390 2228//2228
f 2201//2201 2298//2298 2015//2015
f 2390//2390 2378//2378 2391//2391
f 2390//2390 2134//2134 2089//2089
f 2410//2410 2105//2105 2390//2390
f 2390//2390 2105//2105 2134//2134
f 2410//2410 2390//2390 2391//2391
f 2312//2312 2296//2296 2319//2319
f 2411//2411 2094//2094 2105//2105
f 2394//2394 2105//2105 2410//2410
f 2411//2411 2105//2105 2394//2394
f 3470//3470 2296//2296 3471//3471
f 2296//2296 3498//3498 3471//3471
f 2296//2296 120//120 3498//3498
f 2411//2411 2394//2394 2397//2397
f 2398//2398 2417//2417 2397//2397
f 2397//2397 2417//2417 2411//2411
f 120//120 135//135 3498//3498
f 120//120 136//136 135//135
f 2398//2398 2399//2399 2417//2417
f 2409//2409 2097//2097 2399//2399
f 136//136 119//119 135//135
f 134//134 135//135 119//119
f 2409//2409 2330//2330 2097//2097
f 2409//2409 2399//2399 2330//2330
f 2399//2399 2400//2400 2330//2330
f 135//135 134//134 140//140
f 2330//2330 2400//2400 2408//2408
f 117//117 140//140 2019//2019
f 2403//2403 2406//2406 2408//2408
f 2403//2403 2408//2408 2404//2404
f 139//139 140//140 124//124
f 140//140 117//117 124//124
f 2402//2402 2316//2316 2403//2403
f 2403//2403 2404//2404 2402//2402
f 123//123 126//126 124//124
f 2402//2402 2407//2407 2316//2316
f 126//126 123//123 122//122
f 1119//1119 2407//2407 2402//2402
f 2349//2349 2407//2407 1119//1119
f 125//125 130//130 122//122
f 122//122 130//130 126//126
f 2349//2349 2260//2260 2407//2407
f 125//125 127//127 130//130
f 125//125 129//129 127//127
f 2140//2140 2262//2262 2261//2261
f 2263//2263 2260//2260 2349//2349
f 2261//2261 2165//2165 2197//2197
f 2260//2260 2263//2263 2262//2262
f 3781//3781 127//127 3785//3785
f 127//127 129//129 3785//3785
f 2220//2220 2344//2344 2338//2338
f 2183//2183 2288//2288 2195//2195
f 7//7 2288//2288 2183//2183
f 7//7 2183//2183 2165//2165
f 7//7 2165//2165 2313//2313
f 2313//2313 2165//2165 2261//2261
f 2327//2327 3781//3781 3785//3785
f 2326//2326 3781//3781 2327//2327
f 1997//1997 986//986 2327//2327
f 2327//2327 986//986 2326//2326
f 2338//2338 986//986 5//5
f 2109//2109 2322//2322 2108//2108
f 2106//2106 2322//2322 2109//2109
f 2062//2062 2107//2107 2322//2322
f 2111//2111 2107//2107 2062//2062
f 2135//2135 2322//2322 2106//2106
f 2062//2062 2322//2322 2135//2135
f 2253//2253 2250//2250 2252//2252
f 2252//2252 2251//2251 2137//2137
f 2137//2137 2083//2083 2069//2069
f 2069//2069 2080//2080 2350//2350
f 2215//2215 2350//2350 2214//2214
f 2218//2218 2111//2111 2062//2062
f 2061//2061 2062//2062 2135//2135
f 2135//2135 2106//2106 2109//2109
f 2135//2135 2109//2109 2064//2064
f 2064//2064 2109//2109 2253//2253
f 2064//2064 2253//2253 2065//2065
f 2065//2065 2253//2253 2252//2252
f 2065//2065 2252//2252 2073//2073
f 2073//2073 2252//2252 2208//2208
f 2208//2208 2252//2252 2137//2137
f 2069//2069 2350//2350 2079//2079
f 2079//2079 2350//2350 2133//2133
f 2133//2133 2350//2350 2215//2215
f 2133//2133 2215//2215 2216//2216
f 2215//2215 2214//2214 2365//2365
f 2111//2111 2136//2136 3367//3367
f 2054//2054 2055//2055 2061//2061
f 2055//2055 2218//2218 2061//2061
f 2055//2055 2111//2111 2218//2218
f 2061//2061 2218//2218 2062//2062
f 2208//2208 2137//2137 2068//2068
f 2068//2068 2137//2137 2069//2069
f 2068//2068 2069//2069 2079//2079
f 2215//2215 2077//2077 2216//2216
f 2215//2215 2388//2388 2077//2077
f 2215//2215 2365//2365 2388//2388
f 2388//2388 2365//2365 2389//2389
f 2136//2136 2111//2111 2207//2207
f 2207//2207 2055//2055 2048//2048
f 2207//2207 2111//2111 2055//2055
f 2048//2048 2055//2055 2054//2054
f 2388//2388 2389//2389 2387//2387
f 6//6 2145//2145 2048//2048
f 2048//2048 2145//2145 2207//2207
f 2387//2387 2373//2373 2388//2388
f 3464//3464 2145//2145 6//6
f 3464//3464 2207//2207 2145//2145
f 2372//2372 2373//2373 2387//2387
f 2051//2051 3513//3513 6//6
f 6//6 3513//3513 3464//3464
f 2373//2373 2372//2372 2383//2383
f 2374//2374 2383//2383 2372//2372
f 2384//2384 2383//2383 2381//2381
f 2383//2383 2374//2374 2381//2381
f 3513//3513 2051//2051 2200//2200
f 2051//2051 2331//2331 2200//2200
f 2374//2374 2375//2375 2380//2380
f 2374//2374 2380//2380 2381//2381
f 2199//2199 3441//3441 2200//2200
f 2375//2375 2382//2382 2380//2380
f 2198//2198 3441//3441 2199//2199
f 2379//2379 2228//2228 2382//2382
f 2379//2379 2378//2378 2228//2228
f 3468//3468 3467//3467 3462//3462
f 3462//3462 2015//2015 3468//3468
f 2298//2298 3468//3468 2015//2015
f 2298//2298 2319//2319 3468//3468
f 2392//2392 2391//2391 2378//2378
f 2395//2395 2391//2391 2392//2392
f 1542//1542 2410//2410 2395//2395
f 2395//2395 2410//2410 2391//2391
f 2296//2296 3472//3472 2319//2319
f 2296//2296 3470//3470 3472//3472
f 2393//2393 2394//2394 2410//2410
f 2410//2410 2396//2396 2393//2393
f 2396//2396 2394//2394 2393//2393
f 1553//1553 2397//2397 2396//2396
f 2396//2396 2397//2397 2394//2394
f 1553//1553 1548//1548 2397//2397
f 1214//1214 3498//3498 142//142
f 2416//2416 2398//2398 2397//2397
f 2397//2397 1548//1548 2416//2416
f 3498//3498 135//135 142//142
f 2416//2416 2399//2399 2398//2398
f 2416//2416 2400//2400 2399//2399
f 3842//3842 135//135 140//140
f 2408//2408 2400//2400 2401//2401
f 2408//2408 2401//2401 2404//2404
f 2404//2404 2401//2401 1651//1651
f 1651//1651 1605//1605 2404//2404
f 124//124 133//133 139//139
f 1602//1602 2402//2402 2404//2404
f 2404//2404 1605//1605 1602//1602
f 133//133 124//124 128//128
f 124//124 131//131 128//128
f 124//124 126//126 131//131
f 1602//1602 1898//1898 2402//2402
f 1601//1601 1119//1119 2402//2402
f 2402//2402 1898//1898 1601//1601
f 130//130 131//131 126//126
f 1119//1119 1089//1089 2349//2349
f 138//138 130//130 3779//3779
f 127//127 3779//3779 130//130
f 1089//1089 2262//2262 2263//2263
f 1089//1089 2263//2263 2349//2349
f 3781//3781 3779//3779 127//127
f 1090//1090 2261//2261 2262//2262
f 1090//1090 1092//1092 2261//2261
f 1090//1090 2262//2262 1088//1088
f 1088//1088 2262//2262 1089//1089
f 3779//3779 3781//3781 3780//3780
f 2195//2195 2181//2181 2344//2344
f 2195//2195 2288//2288 883//883
f 883//883 2288//2288 7//7
f 899//899 7//7 2313//2313
f 899//899 2313//2313 2261//2261
f 1070//1070 2261//2261 1092//1092
f 1107//1107 986//986 2338//2338
f 2338//2338 2181//2181 1107//1107
f 2338//2338 2344//2344 2181//2181
f 882//882 2181//2181 2195//2195
f 882//882 2195//2195 883//883
f 1014//1014 3781//3781 2326//2326
f 983//983 2326//2326 986//986
f 983//983 1014//1014 2326//2326
f 991//991 986//986 1107//1107
f 991//991 983//983 986//986
f 2213//2213 8//8 2212//2212
f 2227//2227 2258//2258 2240//2240
f 2240//2240 2293//2293 2107//2107
f 2240//2240 2258//2258 2293//2293
f 2107//2107 2293//2293 2322//2322
f 2322//2322 2293//2293 2324//2324
f 2324//2324 2110//2110 2322//2322
f 2110//2110 2113//2113 2302//2302
f 2302//2302 2114//2114 2115//2115
f 2069//2069 2192//2192 2082//2082
f 2081//2081 2082//2082 2213//2213
f 2069//2069 2082//2082 2081//2081
f 2213//2213 2212//2212 2360//2360
f 2360//2360 2212//2212 2217//2217
f 2112//2112 2240//2240 2107//2107
f 2112//2112 2227//2227 2240//2240
f 2110//2110 2108//2108 2322//2322
f 2108//2108 2110//2110 2109//2109
f 2109//2109 2110//2110 2253//2253
f 2253//2253 2110//2110 2302//2302
f 2253//2253 2302//2302 2250//2250
f 2250//2250 2302//2302 2252//2252
f 2252//2252 2302//2302 2115//2115
f 2252//2252 2115//2115 2251//2251
f 2251//2251 2115//2115 2235//2235
f 2251//2251 2235//2235 2137//2137
f 2137//2137 2235//2235 2192//2192
f 2137//2137 2192//2192 2083//2083
f 2083//2083 2192//2192 2069//2069
f 2069//2069 2081//2081 2080//2080
f 2080//2080 2081//2081 2213//2213
f 2080//2080 2213//2213 2350//2350
f 2213//2213 2360//2360 2350//2350
f 2111//2111 2112//2112 2107//2107
f 2360//2360 2214//2214 2350//2350
f 2214//2214 2360//2360 2359//2359
f 2359//2359 2365//2365 2214//2214
f 3367//3367 2227//2227 2112//2112
f 2111//2111 3367//3367 2112//2112
f 2367//2367 2365//2365 2358//2358
f 2389//2389 2365//2365 2367//2367
f 2207//2207 3367//3367 2136//2136
f 2389//2389 2367//2367 2387//2387
f 2367//2367 2368//2368 2387//2387
f 3368//3368 3367//3367 2207//2207
f 2371//2371 2387//2387 2368//2368
f 2371//2371 2368//2368 1535//1535
f 3464//3464 3368//3368 2207//2207
f 2387//2387 2371//2371 2372//2372
f 1535//1535 2370//2370 2371//2371
f 2370//2370 2372//2372 2371//2371
f 3513//3513 3443//3443 3464//3464
f 2370//2370 2414//2414 2374//2374
f 2370//2370 2374//2374 2372//2372
f 2200//2200 3443//3443 3513//3513
f 3443//3443 2200//2200 3442//3442
f 2414//2414 2375//2375 2374//2374
f 3441//3441 3442//3442 2200//2200
f 2376//2376 2382//2382 2375//2375
f 2376//2376 1976//1976 2382//2382
f 3440//3440 3445//3445 3441//3441
f 3441//3441 2198//2198 3440//3440
f 1976//1976 2379//2379 2382//2382
f 3462//3462 3440//3440 2198//2198
f 3462//3462 3467//3467 3440//3440
f 1540//1540 2378//2378 1539//1539
f 2378//2378 1538//1538 1539//1539
f 2378//2378 2379//2379 1538//1538
f 1541//1541 2392//2392 1540//1540
f 1540//1540 2392//2392 2378//2378
f 3467//3467 3468//3468 1221//1221
f 3468//3468 2319//2319 1221//1221
f 1541//1541 2395//2395 2392//2392
f 1541//1541 1540//1540 2395//2395
f 3469//3469 1221//1221 2319//2319
f 1542//1542 2395//2395 1540//1540
f 3472//3472 3469//3469 2319//2319
f 2410//2410 1543//1543 1547//1547
f 2410//2410 1542//1542 1543//1543
f 1546//1546 2410//2410 1547//1547
f 2410//2410 1546//1546 1559//1559
f 2410//2410 1559//1559 2396//2396
f 3470//3470 3471//3471 1220//1220
f 1212//1212 3470//3470 1220//1220
f 3498//3498 1220//1220 3471//3471
f 1559//1559 1553//1553 2396//2396
f 1220//1220 3498//3498 1214//1214
f 1554//1554 2416//2416 1549//1549
f 2416//2416 1548//1548 1549//1549
f 135//135 3842//3842 142//142
f 2416//2416 1554//1554 2401//2401
f 2401//2401 2400//2400 2416//2416
f 139//139 3842//3842 140//140
f 3842//3842 139//139 141//141
f 133//133 128//128 139//139
f 132//132 128//128 131//131
f 3791//3791 131//131 130//130
f 1128//1128 1119//1119 1601//1601
f 1089//1089 1119//1119 1128//1128
f 1089//1089 1128//1128 1088//1088
f 138//138 3779//3779 3778//3778
f 3783//3783 3778//3778 3781//3781
f 3781//3781 3778//3778 3780//3780
f 3778//3778 3779//3779 3780//3780
f 900//900 7//7 899//899
f 900//900 883//883 7//7
f 900//900 899//899 2261//2261
f 1070//1070 900//900 2261//2261
f 3781//3781 3782//3782 3783//3783
f 2181//2181 882//882 909//909
f 3784//3784 3782//3782 3781//3781
f 1014//1014 3784//3784 3781//3781
f 985//985 1107//1107 2181//2181
f 2118//2118 2117//2117 2120//2120
f 2329//2329 2232//2232 2116//2116
f 2291//2291 2290//2290 2233//2233
f 9//9 2290//2290 2307//2307
f 2244//2244 2246//2246 2318//2318
f 2318//2318 2246//2246 2120//2120
f 2219//2219 2120//2120 2117//2117
f 2114//2114 2116//2116 2232//2232
f 2231//2231 2232//2232 2233//2233
f 2289//2289 2233//2233 2290//2290
f 2082//2082 2233//2233 2289//2289
f 2289//2289 2290//2290 9//9
f 9//9 2167//2167 8//8
f 2243//2243 3465//3465 2244//2244
f 2243//2243 2244//2244 2258//2258
f 2258//2258 2244//2244 2318//2318
f 2258//2258 2318//2318 2293//2293
f 2293//2293 2318//2318 2120//2120
f 2293//2293 2120//2120 2324//2324
f 2324//2324 2120//2120 2219//2219
f 2324//2324 2219//2219 2110//2110
f 2110//2110 2219//2219 2117//2117
f 2110//2110 2117//2117 2113//2113
f 2113//2113 2117//2117 2302//2302
f 2302//2302 2117//2117 2116//2116
f 2302//2302 2116//2116 2114//2114
f 2115//2115 2114//2114 2232//2232
f 2115//2115 2232//2232 2235//2235
f 2235//2235 2232//2232 2231//2231
f 2235//2235 2231//2231 2192//2192
f 2192//2192 2231//2231 2233//2233
f 2192//2192 2233//2233 2082//2082
f 2082//2082 2289//2289 2213//2213
f 2213//2213 2289//2289 9//9
f 2213//2213 9//9 8//8
f 2167//2167 2212//2212 8//8
f 2167//2167 2166//2166 2212//2212
f 2361//2361 2217//2217 2212//2212
f 3465//3465 2243//2243 2227//2227
f 2227//2227 2243//2243 2258//2258
f 2361//2361 2360//2360 2217//2217
f 3366//3366 3376//3376 2227//2227
f 2227//2227 3376//3376 3465//3465
f 2361//2361 2359//2359 2360//2360
f 2359//2359 2361//2361 2362//2362
f 3366//3366 3377//3377 3376//3376
f 2359//2359 2358//2358 2365//2365
f 2359//2359 2362//2362 2358//2358
f 2227//2227 3365//3365 3366//3366
f 3366//3366 3365//3365 3377//3377
f 2413//2413 2369//2369 2367//2367
f 2413//2413 2367//2367 2358//2358
f 3367//3367 3474//3474 2227//2227
f 2227//2227 3474//3474 3365//3365
f 2369//2369 1644//1644 2367//2367
f 3367//3367 3368//3368 3474//3474
f 1644//1644 2368//2368 2367//2367
f 1644//1644 1535//1535 2368//2368
f 3464//3464 3369//3369 3368//3368
f 2370//2370 1535//1535 1534//1534
f 3443//3443 3444//3444 3464//3464
f 2414//2414 2370//2370 1534//1534
f 2375//2375 2414//2414 1536//1536
f 3441//3441 3438//3438 3442//3442
f 3445//3445 3438//3438 3441//3441
f 1537//1537 1976//1976 2376//2376
f 1538//1538 2379//2379 1976//1976
f 1540//1540 1539//1539 1538//1538
f 3469//3469 1232//1232 1221//1221
f 1543//1543 1542//1542 1540//1540
f 1546//1546 1547//1547 1543//1543
f 1546//1546 1543//1543 1559//1559
f 3470//3470 1282//1282 3472//3472
f 3470//3470 1212//1212 1282//1282
f 1213//1213 1212//1212 1220//1220
f 1214//1214 1213//1213 1220//1220
f 1548//1548 1553//1553 1549//1549
f 142//142 1213//1213 1214//1214
f 3842//3842 1219//1219 142//142
f 139//139 128//128 141//141
f 1651//1651 2401//2401 1652//1652
f 1656//1656 1651//1651 1652//1652
f 1651//1651 1656//1656 1605//1605
f 1605//1605 1603//1603 1602//1602
f 132//132 1265//1265 128//128
f 1898//1898 1602//1602 1603//1603
f 131//131 3791//3791 132//132
f 3791//3791 130//130 137//137
f 137//137 130//130 138//138
f 1088//1088 1128//1128 1123//1123
f 1088//1088 1123//1123 1087//1087
f 138//138 3778//3778 3783//3783
f 1087//1087 1070//1070 1092//1092
f 1092//1092 1090//1090 1087//1087
f 1090//1090 1088//1088 1087//1087
f 900//900 882//882 883//883
f 1070//1070 901//901 900//900
f 3784//3784 3777//3777 3783//3783
f 3784//3784 3783//3783 3782//3782
f 3784//3784 1014//1014 1114//1114
f 982//982 983//983 991//991
f 1146//1146 991//991 1107//1107
f 1146//1146 895//895 991//991
f 920//920 985//985 2181//2181
f 920//920 1107//1107 985//985
f 920//920 2181//2181 909//909
f 1114//1114 1014//1014 983//983
f 1114//1114 983//983 982//982
f 2169//2169 2158//2158 2157//2157
f 2168//2168 2169//2169 2161//2161
f 2247//2247 2154//2154 2158//2158
f 2292//2292 2158//2158 2169//2169
f 2291//2291 2158//2158 2292//2292
f 2292//2292 2168//2168 2290//2290
f 2292//2292 2169//2169 2168//2168
f 2168//2168 2161//2161 2307//2307
f 2264//2264 2246//2246 2244//2244
f 2246//2246 2132//2132 2120//2120
f 2120//2120 2132//2132 2122//2122
f 2120//2120 2122//2122 2118//2118
f 2118//2118 2149//2149 2117//2117
f 2117//2117 2149//2149 2119//2119
f 2117//2117 2119//2119 2116//2116
f 2116//2116 2119//2119 2121//2121
f 2116//2116 2121//2121 2329//2329
f 2232//2232 2329//2329 2247//2247
f 2232//2232 2247//2247 2233//2233
f 2233//2233 2247//2247 2158//2158
f 2233//2233 2158//2158 2291//2291
f 2291//2291 2292//2292 2290//2290
f 2168//2168 2307//2307 2290//2290
f 2307//2307 2166//2166 9//9
f 2307//2307 1349//1349 2166//2166
f 2264//2264 2245//2245 3465//3465
f 2245//2245 2264//2264 2244//2244
f 2166//2166 2167//2167 9//9
f 2412//2412 2166//2166 2366//2366
f 3465//3465 2245//2245 2244//2244
f 2212//2212 2166//2166 2361//2361
f 2166//2166 2412//2412 2361//2361
f 2412//2412 2363//2363 2361//2361
f 3376//3376 3387//3387 3465//3465
f 2363//2363 2356//2356 2361//2361
f 3377//3377 3387//3387 3376//3376
f 2356//2356 2362//2362 2361//2361
f 3364//3364 3387//3387 3377//3377
f 2357//2357 2358//2358 2362//2362
f 3365//3365 3364//3364 3377//3377
f 2357//2357 2369//2369 2413//2413
f 2358//2358 2357//2357 2413//2413
f 1645//1645 2369//2369 2357//2357
f 3474//3474 3368//3368 3365//3365
f 1645//1645 1644//1644 2369//2369
f 3369//3369 3370//3370 3368//3368
f 1533//1533 1534//1534 1535//1535
f 3369//3369 3464//3464 3375//3375
f 1666//1666 1534//1534 1533//1533
f 3444//3444 3375//3375 3464//3464
f 1666//1666 2414//2414 1534//1534
f 1666//1666 1536//1536 2414//2414
f 3442//3442 3438//3438 3443//3443
f 1536//1536 2376//2376 2375//2375
f 3439//3439 3445//3445 3440//3440
f 1552//1552 1538//1538 1976//1976
f 3467//3467 3439//3439 3440//3440
f 1221//1221 1232//1232 3467//3467
f 1232//1232 1238//1238 3467//3467
f 1618//1618 1540//1540 1538//1538
f 3469//3469 3472//3472 1232//1232
f 3472//3472 16//16 1231//1231
f 1550//1550 1543//1543 1545//1545
f 12//12 11//11 3472//3472
f 3472//3472 11//11 16//16
f 1550//1550 1544//1544 1543//1543
f 1559//1559 1543//1543 1544//1544
f 1282//1282 1212//1212 12//12
f 3472//3472 1282//1282 12//12
f 1551//1551 1553//1553 1559//1559
f 1549//1549 1553//1553 1557//1557
f 142//142 1217//1217 1216//1216
f 1215//1215 142//142 1216//1216
f 1213//1213 142//142 1215//1215
f 1557//1557 1554//1554 1549//1549
f 1219//1219 1217//1217 142//142
f 1558//1558 2401//2401 1554//1554
f 1557//1557 2401//2401 1558//1558
f 3842//3842 1276//1276 1219//1219
f 1557//1557 1652//1652 2401//2401
f 141//141 1276//1276 3842//3842
f 128//128 1251//1251 141//141
f 1653//1653 1656//1656 1652//1652
f 1265//1265 1251//1251 128//128
f 1603//1603 1604//1604 1898//1898
f 1961//1961 1128//1128 1898//1898
f 1128//1128 1601//1601 1898//1898
f 1961//1961 1898//1898 1604//1604
f 3791//3791 137//137 3787//3787
f 1123//1123 1128//1128 924//924
f 137//137 3788//3788 3787//3787
f 137//137 138//138 3788//3788
f 1086//1086 1085//1085 1087//1087
f 1087//1087 1123//1123 924//924
f 1087//1087 924//924 1086//1086
f 3783//3783 3788//3788 138//138
f 3776//3776 3783//3783 3777//3777
f 3972//3972 3783//3783 3776//3776
f 901//901 1016//1016 900//900
f 904//904 901//901 1070//1070
f 904//904 1070//1070 1087//1087
f 1149//1149 1045//1045 909//909
f 1149//1149 909//909 882//882
f 1149//1149 882//882 900//900
f 1057//1057 1149//1149 900//900
f 900//900 1016//1016 1057//1057
f 4007//4007 3777//3777 3784//3784
f 895//895 1146//1146 1107//1107
f 1045//1045 1107//1107 920//920
f 1045//1045 895//895 1107//1107
f 920//920 909//909 1045//1045
f 981//981 1114//1114 982//982
f 981//981 980//980 1114//1114
f 982//982 991//991 895//895
f 982//982 895//895 981//981
f 2155//2155 2153//2153 2160//2160
f 2169//2169 2156//2156 1336//1336
f 2162//2162 2156//2156 2169//2169
f 2169//2169 1336//1336 1331//1331
f 2152//2152 2151//2151 2153//2153
f 2155//2155 2162//2162 2157//2157
f 2157//2157 2162//2162 2169//2169
f 2169//2169 1331//1331 2161//2161
f 1331//1331 1351//1351 2161//2161
f 1331//1331 1329//1329 1351//1351
f 2123//2123 2149//2149 2333//2333
f 10//10 2130//2130 2151//2151
f 2329//2329 2151//2151 2247//2247
f 2151//2151 2152//2152 2247//2247
f 2247//2247 2152//2152 2154//2154
f 2154//2154 2152//2152 2153//2153
f 2154//2154 2153//2153 2158//2158
f 2158//2158 2153//2153 2155//2155
f 2158//2158 2155//2155 2157//2157
f 1329//1329 2307//2307 2161//2161
f 1351//1351 1329//1329 2161//2161
f 2148//2148 14//14 2170//2170
f 2264//2264 2148//2148 2170//2170
f 2264//2264 2170//2170 2246//2246
f 2246//2246 2170//2170 2132//2132
f 2132//2132 2170//2170 2333//2333
f 2132//2132 2333//2333 2122//2122
f 2122//2122 2333//2333 2118//2118
f 2118//2118 2333//2333 2149//2149
f 2119//2119 2149//2149 10//10
f 2119//2119 10//10 2121//2121
f 2121//2121 10//10 2329//2329
f 2329//2329 10//10 2151//2151
f 1646//1646 1349//1349 2307//2307
f 1329//1329 1646//1646 2307//2307
f 2264//2264 3389//3389 2148//2148
f 1646//1646 2415//2415 2166//2166
f 1646//1646 2166//2166 1349//1349
f 2412//2412 2415//2415 1646//1646
f 3465//3465 3413//3413 2264//2264
f 2264//2264 3413//3413 3389//3389
f 2415//2415 2366//2366 2166//2166
f 2415//2415 2412//2412 2366//2366
f 3475//3475 3413//3413 3465//3465
f 3387//3387 3475//3475 3465//3465
f 3387//3387 3364//3364 3362//3362
f 2363//2363 2362//2362 2356//2356
f 2357//2357 2362//2362 2363//2363
f 2364//2364 2357//2357 2363//2363
f 1645//1645 2357//2357 2364//2364
f 3365//3365 3427//3427 3364//3364
f 3365//3365 3368//3368 3427//3427
f 3370//3370 3427//3427 3368//3368
f 3370//3370 3369//3369 3427//3427
f 1560//1560 1535//1535 1644//1644
f 1560//1560 1533//1533 1535//1535
f 3444//3444 3371//3371 3369//3369
f 3444//3444 3369//3369 3375//3375
f 3443//3443 3447//3447 3444//3444
f 1529//1529 1536//1536 1666//1666
f 3438//3438 3447//3447 3443//3443
f 2376//2376 1536//1536 1537//1537
f 1976//1976 1537//1537 1536//1536
f 3445//3445 3439//3439 3479//3479
f 3439//3439 3446//3446 3479//3479
f 3439//3439 3491//3491 3446//3446
f 1971//1971 1552//1552 1976//1976
f 3467//3467 1222//1222 3491//3491
f 3439//3439 3467//3467 3491//3491
f 1971//1971 1538//1538 1552//1552
f 1957//1957 1538//1538 1971//1971
f 1238//1238 1222//1222 3467//3467
f 1238//1238 1232//1232 1222//1222
f 1538//1538 1620//1620 1618//1618
f 1538//1538 1957//1957 1620//1620
f 1618//1618 1543//1543 1540//1540
f 1545//1545 1543//1543 1618//1618
f 3472//3472 1231//1231 1232//1232
f 16//16 11//11 12//12
f 12//12 1211//1211 16//16
f 1211//1211 12//12 1210//1210
f 1913//1913 1544//1544 1550//1550
f 1559//1559 1544//1544 1913//1913
f 1212//1212 1210//1210 12//12
f 1913//1913 1551//1551 1559//1559
f 1213//1213 1215//1215 1212//1212
f 1553//1553 1551//1551 1555//1555
f 1555//1555 1557//1557 1553//1553
f 1216//1216 1217//1217 1215//1215
f 1217//1217 1218//1218 1215//1215
f 1557//1557 1558//1558 1554//1554
f 1219//1219 1240//1240 1217//1217
f 1276//1276 1240//1240 1219//1219
f 1650//1650 1652//1652 1557//1557
f 1650//1650 1653//1653 1652//1652
f 141//141 1251//1251 1250//1250
f 1265//1265 1250//1250 1251//1251
f 1265//1265 1264//1264 1250//1250
f 1604//1604 1603//1603 1605//1605
f 132//132 1264//1264 1265//1265
f 3791//3791 3787//3787 132//132
f 1961//1961 924//924 1128//1128
f 3788//3788 3783//3783 3972//3972
f 1087//1087 1085//1085 904//904
f 3777//3777 3972//3972 3776//3776
f 1149//1149 891//891 1045//1045
f 1057//1057 1016//1016 902//902
f 3775//3775 3777//3777 4007//4007
f 3775//3775 4007//4007 3784//3784
f 3784//3784 1114//1114 3775//3775
f 3775//3775 1114//1114 3786//3786
f 984//984 981//981 895//895
f 870//870 984//984 895//895
f 979//979 3786//3786 1114//1114
f 979//979 1114//1114 980//980
f 2163//2163 2205//2205 2336//2336
f 2156//2156 2336//2336 1336//1336
f 1336//1336 2336//2336 1340//1340
f 1339//1339 1658//1658 1336//1336
f 1340//1340 1339//1339 1336//1336
f 2159//2159 2131//2131 2186//2186
f 2159//2159 2186//2186 2153//2153
f 2153//2153 2186//2186 2160//2160
f 2160//2160 2186//2186 2163//2163
f 2160//2160 2163//2163 2155//2155
f 2155//2155 2163//2163 2162//2162
f 2162//2162 2163//2163 2336//2336
f 2162//2162 2336//2336 2156//2156
f 1336//1336 1658//1658 1331//1331
f 1331//1331 1658//1658 1333//1333
f 1333//1333 1330//1330 1331//1331
f 2124//2124 2287//2287 2125//2125
f 2124//2124 2125//2125 10//10
f 10//10 2125//2125 2130//2130
f 2130//2130 2125//2125 2131//2131
f 2130//2130 2131//2131 2151//2151
f 2151//2151 2131//2131 2159//2159
f 2151//2151 2159//2159 2153//2153
f 1330//1330 1329//1329 1331//1331
f 1329//1329 1330//1330 1337//1337
f 14//14 13//13 2170//2170
f 2170//2170 13//13 2265//2265
f 2170//2170 2265//2265 2333//2333
f 2333//2333 2265//2265 2276//2276
f 2333//2333 2276//2276 2275//2275
f 2333//2333 2275//2275 2123//2123
f 2123//2123 2275//2275 2287//2287
f 2123//2123 2287//2287 2149//2149
f 2149//2149 2287//2287 2124//2124
f 2149//2149 2124//2124 10//10
f 1337//1337 1332//1332 1329//1329
f 2148//2148 3389//3389 13//13
f 2148//2148 13//13 14//14
f 1332//1332 2353//2353 1646//1646
f 1329//1329 1332//1332 1646//1646
f 3475//3475 3389//3389 3413//3413
f 2353//2353 1364//1364 2412//2412
f 2353//2353 2412//2412 1646//1646
f 1897//1897 2412//2412 1364//1364
f 1897//1897 2363//2363 2412//2412
f 3363//3363 3387//3387 3362//3362
f 1897//1897 2364//2364 2363//2363
f 3364//3364 3363//3363 3362//3362
f 3427//3427 3363//3363 3364//3364
f 1369//1369 1645//1645 2364//2364
f 1369//1369 1644//1644 1645//1645
f 3369//3369 3520//3520 3427//3427
f 3369//3369 3374//3374 3520//3520
f 1373//1373 1560//1560 1644//1644
f 3371//3371 3374//3374 3369//3369
f 1533//1533 1560//1560 1374//1374
f 1560//1560 1373//1373 1374//1374
f 3444//3444 3499//3499 3371//3371
f 3444//3444 3372//3372 3499//3499
f 1374//1374 1666//1666 1533//1533
f 1666//1666 1374//1374 1529//1529
f 3447//3447 3438//3438 3437//3437
f 1982//1982 1536//1536 1529//1529
f 3445//3445 3479//3479 3438//3438
f 3448//3448 3438//3438 3479//3479
f 1536//1536 1935//1935 1976//1976
f 3446//3446 15//15 3479//3479
f 3491//3491 15//15 3446//3446
f 1268//1268 15//15 3491//3491
f 1971//1971 1976//1976 1935//1935
f 1222//1222 1223//1223 3491//3491
f 1223//1223 1268//1268 3491//3491
f 1232//1232 1225//1225 1223//1223
f 1232//1232 1223//1223 1222//1222
f 1224//1224 1225//1225 1232//1232
f 1224//1224 1232//1232 1231//1231
f 16//16 1229//1229 1224//1224
f 16//16 1224//1224 1231//1231
f 1617//1617 1550//1550 1545//1545
f 1617//1617 1545//1545 1618//1618
f 1550//1550 1617//1617 1619//1619
f 1233//1233 1229//1229 16//16
f 1550//1550 1987//1987 1891//1891
f 1891//1891 1913//1913 1550//1550
f 1212//1212 1207//1207 1210//1210
f 1215//1215 1207//1207 1212//1212
f 1218//1218 1206//1206 1215//1215
f 1207//1207 1215//1215 1206//1206
f 1217//1217 1206//1206 1218//1218
f 1556//1556 1557//1557 1555//1555
f 1241//1241 1217//1217 1240//1240
f 141//141 1239//1239 1240//1240
f 141//141 1240//1240 1276//1276
f 1199//1199 1240//1240 1239//1239
f 1653//1653 1650//1650 1593//1593
f 141//141 1250//1250 1239//1239
f 1593//1593 1656//1656 1653//1653
f 1657//1657 1605//1605 1656//1656
f 1657//1657 1604//1604 1605//1605
f 1961//1961 1604//1604 1599//1599
f 3787//3787 3790//3790 132//132
f 1599//1599 924//924 1961//1961
f 3788//3788 3798//3798 3787//3787
f 1086//1086 924//924 916//916
f 3788//3788 3797//3797 3798//3798
f 1085//1085 1086//1086 916//916
f 1085//1085 916//916 1093//1093
f 3788//3788 3792//3792 3797//3797
f 904//904 1098//1098 1129//1129
f 904//904 1085//1085 1093//1093
f 904//904 1093//1093 1098//1098
f 3792//3792 3788//3788 3972//3972
f 3792//3792 3972//3972 3775//3775
f 1016//1016 904//904 1129//1129
f 901//901 904//904 1016//1016
f 3775//3775 3972//3972 3777//3777
f 891//891 1130//1130 1045//1045
f 1057//1057 902//902 1149//1149
f 881//881 3775//3775 3786//3786
f 1035//1035 870//870 895//895
f 1035//1035 895//895 1045//1045
f 1130//1130 1035//1035 1045//1045
f 984//984 980//980 981//981
f 1341//1341 1339//1339 2204//2204
f 2203//2203 2186//2186 2187//2187
f 2226//2226 2186//2186 2203//2203
f 2226//2226 2203//2203 2163//2163
f 2163//2163 2203//2203 2205//2205
f 2205//2205 2203//2203 2204//2204
f 2205//2205 2204//2204 2336//2336
f 2336//2336 2204//2204 1340//1340
f 1340//1340 2204//2204 1339//1339
f 2304//2304 2188//2188 2131//2131
f 2131//2131 2188//2188 2186//2186
f 2163//2163 2186//2186 2226//2226
f 1658//1658 1339//1339 1333//1333
f 2273//2273 2274//2274 2277//2277
f 2287//2287 2311//2311 2304//2304
f 2287//2287 2304//2304 2125//2125
f 2125//2125 2304//2304 2131//2131
f 3380//3380 2267//2267 2266//2266
f 3380//3380 2266//2266 13//13
f 13//13 2266//2266 2265//2265
f 2265//2265 2266//2266 2277//2277
f 2265//2265 2277//2277 2276//2276
f 2276//2276 2277//2277 2275//2275
f 2275//2275 2277//2277 2274//2274
f 2275//2275 2274//2274 2287//2287
f 2287//2287 2274//2274 2311//2311
f 1334//1334 1337//1337 1330//1330
f 3389//3389 3379//3379 3380//3380
f 3389//3389 3380//3380 13//13
f 2355//2355 2353//2353 1332//1332
f 1335//1335 2355//2355 1332//1332
f 3475//3475 3496//3496 3389//3389
f 3389//3389 3496//3496 3379//3379
f 1364//1364 2353//2353 2355//2355
f 3379//3379 3496//3496 3387//3387
f 3387//3387 3496//3496 3475//3475
f 3363//3363 3379//3379 3387//3387
f 3427//3427 3481//3481 3363//3363
f 1368//1368 1369//1369 2364//2364
f 3520//3520 3409//3409 3427//3427
f 1369//1369 1372//1372 1901//1901
f 1901//1901 1644//1644 1369//1369
f 1373//1373 1644//1644 1901//1901
f 3371//3371 3372//3372 3374//3374
f 3372//3372 3371//3371 3499//3499
f 3444//3444 3373//3373 3372//3372
f 1373//1373 1529//1529 1374//1374
f 3447//3447 3373//3373 3444//3444
f 3447//3447 3437//3437 3373//3373
f 1530//1530 1982//1982 1529//1529
f 3438//3438 3448//3448 3437//3437
f 3448//3448 3479//3479 101//101
f 1935//1935 1536//1536 1982//1982
f 15//15 101//101 3479//3479
f 1268//1268 1223//1223 15//15
f 1223//1223 1283//1283 15//15
f 1935//1935 1621//1621 1971//1971
f 1621//1621 1957//1957 1971//1971
f 1621//1621 1620//1620 1957//1957
f 1977//1977 1618//1618 1620//1620
f 1977//1977 1620//1620 1621//1621
f 1225//1225 1224//1224 1228//1228
f 1227//1227 1225//1225 1228//1228
f 1619//1619 1617//1617 1618//1618
f 1619//1619 1618//1618 1977//1977
f 1229//1229 1228//1228 1224//1224
f 1630//1630 1550//1550 1619//1619
f 1233//1233 16//16 1211//1211
f 1630//1630 1987//1987 1550//1550
f 1210//1210 1207//1207 1233//1233
f 1210//1210 1233//1233 1211//1211
f 1208//1208 1233//1233 1207//1207
f 1987//1987 1988//1988 1891//1891
f 1988//1988 1913//1913 1891//1891
f 1207//1207 1287//1287 1208//1208
f 1206//1206 1287//1287 1207//1207
f 1551//1551 1913//1913 1988//1988
f 1555//1555 1551//1551 1988//1988
f 1217//1217 1285//1285 1206//1206
f 1198//1198 1287//1287 1206//1206
f 1241//1241 1285//1285 1217//1217
f 1198//1198 1206//1206 1285//1285
f 1285//1285 1241//1241 1240//1240
f 1561//1561 1557//1557 1556//1556
f 1650//1650 1557//1557 1561//1561
f 1285//1285 1240//1240 1199//1199
f 1650//1650 1563//1563 1593//1593
f 1242//1242 1250//1250 1264//1264
f 1593//1593 1657//1657 1656//1656
f 1264//1264 1269//1269 1242//1242
f 1593//1593 1604//1604 1657//1657
f 132//132 1269//1269 1264//1264
f 3790//3790 1269//1269 132//132
f 916//916 924//924 915//915
f 1093//1093 916//916 915//915
f 1098//1098 1093//1093 1129//1129
f 903//903 1149//1149 902//902
f 903//903 902//902 1016//1016
f 1016//1016 1129//1129 923//923
f 1016//1016 923//923 903//903
f 3774//3774 3792//3792 3775//3775
f 854//854 1130//1130 891//891
f 1122//1122 854//854 891//891
f 1122//1122 891//891 1149//1149
f 898//898 3774//3774 3775//3775
f 898//898 3775//3775 881//881
f 980//980 866//866 881//881
f 866//866 980//980 984//984
f 979//979 881//881 3786//3786
f 881//881 979//979 980//980
f 1343//1343 1342//1342 2317//2317
f 2203//2203 2187//2187 2204//2204
f 2204//2204 2187//2187 2317//2317
f 2204//2204 2317//2317 1341//1341
f 1341//1341 2317//2317 1342//1342
f 1342//1342 1339//1339 1341//1341
f 2304//2304 2126//2126 2334//2334
f 2304//2304 2334//2334 2188//2188
f 2188//2188 2334//2334 2186//2186
f 2186//2186 2334//2334 2189//2189
f 2186//2186 2189//2189 2187//2187
f 1339//1339 1342//1342 1333//1333
f 2311//2311 2249//2249 2304//2304
f 2304//2304 2249//2249 2126//2126
f 1348//1348 1333//1333 1350//1350
f 1333//1333 1345//1345 1350//1350
f 3381//3381 3384//3384 2267//2267
f 2266//2266 2267//2267 2277//2277
f 2277//2277 2267//2267 2268//2268
f 2277//2277 2268//2268 2273//2273
f 2273//2273 2268//2268 2272//2272
f 2273//2273 2272//2272 2274//2274
f 2274//2274 2272//2272 2249//2249
f 2274//2274 2249//2249 2311//2311
f 1348//1348 1330//1330 1333//1333
f 1348//1348 1334//1334 1330//1330
f 3380//3380 3385//3385 3381//3381
f 3380//3380 3381//3381 2267//2267
f 1335//1335 1332//1332 1337//1337
f 1334//1334 1335//1335 1337//1337
f 3379//3379 3385//3385 3380//3380
f 2354//2354 2355//2355 1335//1335
f 3379//3379 3361//3361 3385//3385
f 2354//2354 1364//1364 2355//2355
f 1363//1363 1897//1897 1364//1364
f 3363//3363 3378//3378 3379//3379
f 1897//1897 1363//1363 1366//1366
f 3363//3363 3403//3403 3378//3378
f 2364//2364 1897//1897 1368//1368
f 3403//3403 3363//3363 3404//3404
f 3363//3363 3481//3481 3404//3404
f 3427//3427 3404//3404 3481//3481
f 3427//3427 3410//3410 3404//3404
f 3409//3409 3410//3410 3427//3427
f 3374//3374 3409//3409 3520//3520
f 1914//1914 1373//1373 1901//1901
f 1954//1954 1529//1529 1373//1373
f 1531//1531 1529//1529 1954//1954
f 3437//3437 3448//3448 3373//3373
f 3448//3448 3388//3388 3373//3373
f 17//17 1530//1530 1529//1529
f 17//17 1529//1529 1531//1531
f 17//17 1982//1982 1530//1530
f 98//98 3448//3448 101//101
f 17//17 1532//1532 1622//1622
f 17//17 1935//1935 1982//1982
f 15//15 98//98 101//101
f 1622//1622 1621//1621 1935//1935
f 1622//1622 1935//1935 17//17
f 1283//1283 99//99 15//15
f 99//99 98//98 15//15
f 1624//1624 1621//1621 1622//1622
f 1223//1223 1225//1225 1283//1283
f 1283//1283 1225//1225 2516//2516
f 2516//2516 1225//1225 2507//2507
f 1225//1225 1226//1226 2507//2507
f 1225//1225 1227//1227 1226//1226
f 1938//1938 1977//1977 1621//1621
f 1938//1938 1621//1621 1624//1624
f 2507//2507 1226//1226 1236//1236
f 1228//1228 1230//1230 1227//1227
f 1227//1227 1230//1230 1226//1226
f 2513//2513 1236//1236 1237//1237
f 1236//1236 1267//1267 1237//1237
f 1162//1162 1267//1267 1163//1163
f 1267//1267 1157//1157 1163//1163
f 1626//1626 1619//1619 1938//1938
f 1619//1619 1977//1977 1938//1938
f 1229//1229 1230//1230 1228//1228
f 1226//1226 1230//1230 1236//1236
f 1267//1267 1167//1167 1157//1157
f 1626//1626 1627//1627 1619//1619
f 1627//1627 1630//1630 1619//1619
f 1234//1234 1229//1229 1233//1233
f 1230//1230 1229//1229 1234//1234
f 1236//1236 1248//1248 1267//1267
f 1236//1236 1230//1230 1248//1248
f 1267//1267 1155//1155 1167//1167
f 1267//1267 1248//1248 1155//1155
f 1626//1626 1628//1628 1627//1627
f 1627//1627 1628//1628 1630//1630
f 1233//1233 1235//1235 1234//1234
f 1230//1230 1234//1234 1170//1170
f 1249//1249 1167//1167 1158//1158
f 1611//1611 1626//1626 1643//1643
f 1611//1611 1628//1628 1626//1626
f 1628//1628 1987//1987 1630//1630
f 1208//1208 1235//1235 1233//1233
f 1230//1230 1170//1170 1248//1248
f 1155//1155 1156//1156 1167//1167
f 1158//1158 1167//1167 1156//1156
f 1611//1611 1987//1987 1628//1628
f 1209//1209 1235//1235 1208//1208
f 1234//1234 1235//1235 1170//1170
f 1248//1248 1275//1275 1155//1155
f 1610//1610 1988//1988 1987//1987
f 1611//1611 1610//1610 1987//1987
f 1209//1209 1170//1170 1235//1235
f 1170//1170 1169//1169 1248//1248
f 1248//1248 1169//1169 1275//1275
f 1156//1156 1155//1155 1275//1275
f 1609//1609 1612//1612 1611//1611
f 1607//1607 1611//1611 1612//1612
f 1607//1607 1610//1610 1611//1611
f 1607//1607 1988//1988 1610//1610
f 1287//1287 1209//1209 1208//1208
f 1170//1170 1262//1262 1169//1169
f 1275//1275 1169//1169 1189//1189
f 1607//1607 1608//1608 1988//1988
f 1608//1608 1555//1555 1988//1988
f 1198//1198 1209//1209 1287//1287
f 1209//1209 1197//1197 1170//1170
f 1209//1209 1198//1198 1197//1197
f 1170//1170 1196//1196 1262//1262
f 1170//1170 1197//1197 1196//1196
f 1169//1169 1247//1247 1189//1189
f 1608//1608 1607//1607 1556//1556
f 1556//1556 1607//1607 1606//1606
f 1556//1556 1555//1555 1608//1608
f 1262//1262 1196//1196 1197//1197
f 1606//1606 1614//1614 1556//1556
f 1956//1956 1556//1556 1614//1614
f 1952//1952 1556//1556 1956//1956
f 1285//1285 1199//1199 1198//1198
f 1201//1201 1198//1198 1199//1199
f 1198//1198 1201//1201 1200//1200
f 1556//1556 1952//1952 1561//1561
f 1239//1239 1201//1201 1199//1199
f 1561//1561 1563//1563 1650//1650
f 1250//1250 1201//1201 1239//1239
f 1600//1600 1593//1593 1563//1563
f 1242//1242 1201//1201 1250//1250
f 1242//1242 1243//1243 1201//1201
f 1269//1269 1243//1243 1242//1242
f 3790//3790 1272//1272 1269//1269
f 1593//1593 1591//1591 1592//1592
f 1604//1604 1593//1593 1592//1592
f 1592//1592 1591//1591 1599//1599
f 1591//1591 908//908 1599//1599
f 1592//1592 1599//1599 1604//1604
f 3787//3787 3948//3948 3790//3790
f 908//908 924//924 1599//1599
f 915//915 924//924 908//908
f 923//923 1129//1129 1093//1093
f 1093//1093 915//915 908//908
f 1093//1093 908//908 923//923
f 3797//3797 3792//3792 3789//3789
f 3774//3774 3789//3789 3792//3792
f 3774//3774 3840//3840 3789//3789
f 903//903 905//905 1149//1149
f 3793//3793 3840//3840 3774//3774
f 1071//1071 854//854 1122//1122
f 1122//1122 1149//1149 905//905
f 1122//1122 905//905 1071//1071
f 896//896 898//898 881//881
f 867//867 896//896 881//881
f 868//868 866//866 984//984
f 868//868 984//984 870//870
f 869//869 870//870 1035//1035
f 1035//1035 1130//1130 854//854
f 1035//1035 854//854 869//869
f 1352//1352 1344//1344 1950//1950
f 2189//2189 2223//2223 2229//2229
f 2189//2189 2229//2229 2187//2187
f 2187//2187 2229//2229 2317//2317
f 2317//2317 2229//2229 1950//1950
f 2317//2317 1950//1950 1343//1343
f 1343//1343 1950//1950 1344//1344
f 1344//1344 1342//1342 1343//1343
f 2126//2126 2127//2127 2222//2222
f 2126//2126 2222//2222 2334//2334
f 2334//2334 2222//2222 2189//2189
f 2189//2189 2222//2222 2223//2223
f 1338//1338 1342//1342 1344//1344
f 1338//1338 1333//1333 1342//1342
f 1345//1345 1333//1333 1338//1338
f 2268//2268 3384//3384 2278//2278
f 2272//2272 2269//2269 2128//2128
f 2272//2272 2128//2128 2249//2249
f 2249//2249 2128//2128 2126//2126
f 2126//2126 2128//2128 2127//2127
f 3382//3382 3384//3384 3383//3383
f 2267//2267 3384//3384 2268//2268
f 2268//2268 2271//2271 2272//2272
f 2272//2272 2271//2271 2269//2269
f 1345//1345 1348//1348 1350//1350
f 3381//3381 3382//3382 3383//3383
f 3381//3381 3383//3383 3384//3384
f 2354//2354 1335//1335 1334//1334
f 1348//1348 2354//2354 1334//1334
f 3385//3385 3360//3360 3382//3382
f 3385//3385 3382//3382 3381//3381
f 3361//3361 3360//3360 3385//3385
f 3358//3358 3360//3360 3361//3361
f 2354//2354 1365//1365 1364//1364
f 3379//3379 3358//3358 3361//3361
f 3379//3379 3386//3386 3358//3358
f 3378//3378 3386//3386 3379//3379
f 1365//1365 1363//1363 1364//1364
f 1366//1366 1368//1368 1897//1897
f 1368//1368 1366//1366 1367//1367
f 3410//3410 3403//3403 3404//3404
f 1367//1367 1369//1369 1368//1368
f 1370//1370 1372//1372 1369//1369
f 1370//1370 1369//1369 1367//1367
f 3410//3410 3409//3409 3374//3374
f 3410//3410 3374//3374 3494//3494
f 1914//1914 1901//1901 1372//1372
f 243//243 3374//3374 3372//3372
f 243//243 3372//3372 244//244
f 2431//2431 1373//1373 1914//1914
f 244//244 3373//3373 2535//2535
f 3372//3372 3373//3373 244//244
f 2431//2431 1954//1954 1373//1373
f 3388//3388 2535//2535 3373//3373
f 2430//2430 2431//2431 2433//2433
f 2431//2431 1531//1531 1954//1954
f 2430//2430 17//17 2431//2431
f 2430//2430 2432//2432 17//17
f 17//17 1531//1531 2431//2431
f 100//100 2514//2514 3448//3448
f 2514//2514 3388//3388 3448//3448
f 2432//2432 1532//1532 17//17
f 98//98 100//100 3448//3448
f 100//100 98//98 2505//2505
f 2503//2503 2505//2505 2542//2542
f 2502//2502 2542//2542 2498//2498
f 2498//2498 2511//2511 2512//2512
f 2430//2430 2532//2532 2432//2432
f 2505//2505 98//98 97//97
f 2505//2505 2506//2506 2542//2542
f 2542//2542 2510//2510 2498//2498
f 2498//2498 2509//2509 2511//2511
f 2498//2498 2510//2510 2509//2509
f 2511//2511 2546//2546 2515//2515
f 2511//2511 2534//2534 2546//2546
f 2548//2548 2515//2515 2521//2521
f 2515//2515 2546//2546 2521//2521
f 2532//2532 1900//1900 2432//2432
f 1900//1900 1622//1622 1532//1532
f 1900//1900 1532//1532 2432//2432
f 99//99 97//97 98//98
f 97//97 99//99 2505//2505
f 1261//1261 2521//2521 1260//1260
f 1260//1260 2521//2521 1266//1266
f 1623//1623 2532//2532 2539//2539
f 1623//1623 1900//1900 2532//2532
f 1623//1623 1622//1622 1900//1900
f 99//99 1283//1283 2516//2516
f 99//99 2516//2516 2505//2505
f 2505//2505 2516//2516 2506//2506
f 2508//2508 2506//2506 2516//2516
f 2542//2542 2506//2506 2510//2510
f 2511//2511 2509//2509 2534//2534
f 2546//2546 1161//1161 2521//2521
f 2521//2521 1286//1286 1266//1266
f 1266//1266 1286//1286 1166//1166
f 1623//1623 1624//1624 1622//1622
f 2507//2507 2508//2508 2516//2516
f 2506//2506 2508//2508 2510//2510
f 2510//2510 1162//1162 2509//2509
f 1161//1161 1160//1160 2521//2521
f 1161//1161 2546//2546 1160//1160
f 2521//2521 1160//1160 1286//1286
f 1624//1624 1623//1623 1257//1257
f 2508//2508 2513//2513 2510//2510
f 2510//2510 2513//2513 1162//1162
f 2534//2534 2509//2509 1168//1168
f 2534//2534 1154//1154 2546//2546
f 2534//2534 1168//1168 1154//1154
f 2546//2546 1159//1159 1160//1160
f 2546//2546 1154//1154 1159//1159
f 1194//1194 1166//1166 1286//1286
f 1625//1625 1938//1938 1624//1624
f 1236//1236 2508//2508 2507//2507
f 2508//2508 1236//1236 2513//2513
f 1162//1162 2513//2513 1267//1267
f 1162//1162 1163//1163 2509//2509
f 1168//1168 2509//2509 1154//1154
f 1286//1286 1160//1160 1191//1191
f 2513//2513 1237//1237 1267//1267
f 1163//1163 1153//1153 2509//2509
f 1163//1163 1157//1157 1153//1153
f 2509//2509 1153//1153 1154//1154
f 1160//1160 1159//1159 1191//1191
f 1159//1159 1164//1164 1191//1191
f 1191//1191 1164//1164 1165//1165
f 1279//1279 1938//1938 1629//1629
f 1279//1279 1927//1927 1938//1938
f 1927//1927 1626//1626 1938//1938
f 1249//1249 1157//1157 1167//1167
f 1157//1157 1151//1151 1153//1153
f 1153//1153 1151//1151 1152//1152
f 1153//1153 1152//1152 1154//1154
f 1154//1154 1263//1263 1159//1159
f 1154//1154 1152//1152 1263//1263
f 1279//1279 1643//1643 1626//1626
f 1279//1279 1626//1626 1927//1927
f 1158//1158 1157//1157 1249//1249
f 1164//1164 1179//1179 1165//1165
f 1164//1164 1159//1159 1179//1179
f 1279//1279 1611//1611 1643//1643
f 1158//1158 1190//1190 1157//1157
f 1158//1158 1156//1156 1190//1190
f 1157//1157 1190//1190 1151//1151
f 1152//1152 1171//1171 1263//1263
f 1159//1159 1263//1263 1179//1179
f 1195//1195 1616//1616 1279//1279
f 1616//1616 1611//1611 1279//1279
f 1190//1190 1175//1175 1151//1151
f 1263//1263 1178//1178 1179//1179
f 1263//1263 1171//1171 1178//1178
f 1195//1195 1176//1176 1616//1616
f 1616//1616 1609//1609 1611//1611
f 1156//1156 1273//1273 1190//1190
f 1151//1151 1173//1173 1152//1152
f 1151//1151 1175//1175 1173//1173
f 1152//1152 1172//1172 1171//1171
f 1152//1152 1173//1173 1172//1172
f 1178//1178 1171//1171 1172//1172
f 1616//1616 1612//1612 1609//1609
f 1902//1902 1612//1612 1616//1616
f 1189//1189 1156//1156 1275//1275
f 1185//1185 1156//1156 1189//1189
f 1156//1156 1186//1186 1273//1273
f 1156//1156 1185//1185 1186//1186
f 1190//1190 1174//1174 1175//1175
f 1190//1190 1273//1273 1174//1174
f 1173//1173 1175//1175 1188//1188
f 1614//1614 1607//1607 1612//1612
f 1175//1175 1174//1174 1273//1273
f 1175//1175 1192//1192 1188//1188
f 1614//1614 1612//1612 1615//1615
f 1614//1614 1606//1606 1607//1607
f 1247//1247 1169//1169 1262//1262
f 1197//1197 1247//1247 1262//1262
f 1273//1273 1185//1185 1192//1192
f 1273//1273 1186//1186 1185//1185
f 1956//1956 1614//1614 18//18
f 1200//1200 1203//1203 1198//1198
f 1252//1252 1197//1197 1198//1198
f 1252//1252 1198//1198 1203//1203
f 1197//1197 1252//1252 1247//1247
f 1247//1247 1274//1274 1189//1189
f 1189//1189 1274//1274 1184//1184
f 18//18 1952//1952 1956//1956
f 1597//1597 1952//1952 18//18
f 1247//1247 1252//1252 1274//1274
f 1561//1561 1952//1952 1597//1597
f 1202//1202 1200//1200 1201//1201
f 1203//1203 1200//1200 1202//1202
f 1252//1252 1203//1203 1204//1204
f 1252//1252 1204//1204 1253//1253
f 1597//1597 1563//1563 1561//1561
f 1244//1244 1245//1245 1201//1201
f 1201//1201 1245//1245 1202//1202
f 1202//1202 1205//1205 1203//1203
f 1243//1243 1244//1244 1201//1201
f 1593//1593 1600//1600 1595//1595
f 1269//1269 1244//1244 1243//1243
f 1269//1269 1272//1272 1244//1244
f 1591//1591 1593//1593 1595//1595
f 3948//3948 1272//1272 3790//3790
f 1595//1595 908//908 1591//1591
f 3787//3787 3798//3798 3948//3948
f 3797//3797 3840//3840 3798//3798
f 923//923 908//908 907//907
f 3840//3840 3797//3797 3789//3789
f 922//922 905//905 903//903
f 921//921 903//903 923//923
f 921//921 922//922 903//903
f 854//854 852//852 869//869
f 854//854 1103//1103 852//852
f 1071//1071 905//905 906//906
f 897//897 3793//3793 3774//3774
f 896//896 3774//3774 898//898
f 896//896 897//897 3774//3774
f 1041//1041 881//881 866//866
f 1041//1041 867//867 881//881
f 869//869 868//868 870//870
f 2223//2223 2221//2221 2299//2299
f 2223//2223 2299//2299 2229//2229
f 2229//2229 2299//2299 1950//1950
f 1950//1950 2299//2299 1949//1949
f 1950//1950 1528//1528 1352//1352
f 1949//1949 1528//1528 1950//1950
f 2127//2127 2129//2129 492//492
f 2127//2127 492//492 2222//2222
f 2222//2222 492//492 2223//2223
f 2223//2223 492//492 2221//2221
f 1352//1352 1346//1346 1344//1344
f 2269//2269 2270//2270 2128//2128
f 2128//2128 2196//2196 2127//2127
f 2127//2127 2196//2196 2129//2129
f 1346//1346 1338//1338 1344//1344
f 2278//2278 3384//3384 3434//3434
f 2271//2271 2278//2278 2305//2305
f 2271//2271 2268//2268 2278//2278
f 2269//2269 2271//2271 2270//2270
f 1346//1346 1345//1345 1338//1338
f 1355//1355 1348//1348 1345//1345
f 1346//1346 1355//1355 1345//1345
f 3382//3382 3436//3436 3434//3434
f 3382//3382 3434//3434 3384//3384
f 3382//3382 3435//3435 3436//3436
f 1355//1355 1375//1375 1348//1348
f 1348//1348 1375//1375 2354//2354
f 3358//3358 3435//3435 3360//3360
f 3360//3360 3435//3435 3382//3382
f 3355//3355 3358//3358 3386//3386
f 2354//2354 2866//2866 1365//1365
f 2354//2354 1376//1376 2866//2866
f 1362//1362 1365//1365 2866//2866
f 3386//3386 3378//3378 3357//3357
f 1362//1362 1363//1363 1365//1365
f 3403//3403 3357//3357 3378//3378
f 1370//1370 1367//1367 1366//1366
f 3410//3410 3402//3402 3403//3403
f 3410//3410 3511//3511 3402//3402
f 3511//3511 3410//3410 3405//3405
f 2436//2436 1372//1372 1370//1370
f 3494//3494 3405//3405 3410//3410
f 1914//1914 1372//1372 2436//2436
f 3494//3494 3374//3374 242//242
f 3374//3374 244//244 242//242
f 2436//2436 2543//2543 2435//2435
f 2436//2436 1906//1906 1914//1914
f 2436//2436 2435//2435 1906//1906
f 1906//1906 2431//2431 1914//1914
f 244//244 3374//3374 243//243
f 2437//2437 2435//2435 2543//2543
f 2435//2435 2433//2433 2431//2431
f 2435//2435 2431//2431 1906//1906
f 2537//2537 244//244 2535//2535
f 2435//2435 2434//2434 2433//2433
f 3388//3388 2537//2537 2535//2535
f 2537//2537 2504//2504 2486//2486
f 2537//2537 3388//3388 2504//2504
f 2486//2486 2504//2504 2503//2503
f 2499//2499 2494//2494 2501//2501
f 2496//2496 2492//2492 2499//2499
f 2533//2533 2518//2518 2497//2497
f 2465//2465 2464//2464 2437//2437
f 2434//2434 2435//2435 2430//2430
f 2434//2434 2430//2430 2433//2433
f 2504//2504 3388//3388 2514//2514
f 2503//2503 2502//2502 2501//2501
f 2501//2501 2502//2502 2500//2500
f 2501//2501 2500//2500 2499//2499
f 2499//2499 2498//2498 2496//2496
f 2496//2496 2517//2517 2497//2497
f 2497//2497 2469//2469 2533//2533
f 2533//2533 2469//2469 2466//2466
f 2466//2466 2464//2464 2465//2465
f 2464//2464 2463//2463 2437//2437
f 2437//2437 2462//2462 2435//2435
f 2437//2437 2463//2463 2462//2462
f 2462//2462 2430//2430 2435//2435
f 2514//2514 100//100 2505//2505
f 2514//2514 2505//2505 2504//2504
f 2504//2504 2505//2505 2503//2503
f 2503//2503 2542//2542 2502//2502
f 2500//2500 2502//2502 2498//2498
f 2500//2500 2498//2498 2499//2499
f 2517//2517 2515//2515 2497//2497
f 2497//2497 2515//2515 2469//2469
f 2469//2469 2468//2468 2466//2466
f 2466//2466 2467//2467 2464//2464
f 2466//2466 2468//2468 2467//2467
f 2464//2464 2467//2467 2463//2463
f 2462//2462 2463//2463 2532//2532
f 2462//2462 2532//2532 2430//2430
f 2512//2512 2496//2496 2498//2498
f 2496//2496 2512//2512 2511//2511
f 2496//2496 2511//2511 2517//2517
f 2517//2517 2511//2511 2515//2515
f 2469//2469 2515//2515 2548//2548
f 2467//2467 2531//2531 2532//2532
f 2467//2467 2532//2532 2463//2463
f 2521//2521 2469//2469 2548//2548
f 2469//2469 2521//2521 1261//1261
f 2469//2469 1261//1261 1260//1260
f 2468//2468 2469//2469 1260//1260
f 2467//2467 2468//2468 1259//1259
f 2467//2467 1259//1259 2531//2531
f 1259//1259 2532//2532 2531//2531
f 1266//1266 2468//2468 1260//1260
f 1258//1258 2468//2468 1266//1266
f 2468//2468 1258//1258 1259//1259
f 1259//1259 2539//2539 2532//2532
f 1258//1258 2539//2539 1259//1259
f 1254//1254 1258//1258 1266//1266
f 1258//1258 1257//1257 1623//1623
f 1258//1258 1623//1623 2539//2539
f 1166//1166 1254//1254 1266//1266
f 1258//1258 1254//1254 1257//1257
f 1254//1254 1166//1166 1194//1194
f 1286//1286 1254//1254 1194//1194
f 1254//1254 1255//1255 1257//1257
f 1254//1254 1286//1286 1255//1255
f 1255//1255 1625//1625 1624//1624
f 1255//1255 1624//1624 1257//1257
f 1256//1256 1286//1286 1191//1191
f 1286//1286 1256//1256 1255//1255
f 1255//1255 1938//1938 1625//1625
f 1255//1255 1256//1256 1284//1284
f 1284//1284 1629//1629 1938//1938
f 1284//1284 1938//1938 1255//1255
f 1191//1191 1165//1165 1195//1195
f 1191//1191 1195//1195 1256//1256
f 1256//1256 1195//1195 1279//1279
f 1256//1256 1279//1279 1284//1284
f 1284//1284 1279//1279 1629//1629
f 1179//1179 1195//1195 1165//1165
f 1176//1176 1195//1195 1179//1179
f 1176//1176 1179//1179 1178//1178
f 1172//1172 1176//1176 1178//1178
f 1177//1177 1616//1616 1176//1176
f 1172//1172 1193//1193 1176//1176
f 1176//1176 1193//1193 1177//1177
f 1616//1616 1615//1615 1902//1902
f 1177//1177 1615//1615 1616//1616
f 1615//1615 1612//1612 1902//1902
f 1173//1173 1193//1193 1172//1172
f 1192//1192 1175//1175 1273//1273
f 1188//1188 1187//1187 1173//1173
f 1193//1193 1173//1173 1187//1187
f 1193//1193 1187//1187 1180//1180
f 1615//1615 1278//1278 1614//1614
f 1278//1278 1613//1613 1614//1614
f 1614//1614 1613//1613 18//18
f 1184//1184 19//19 1189//1189
f 1182//1182 1185//1185 1189//1189
f 1182//1182 1189//1189 19//19
f 1182//1182 1192//1192 1185//1185
f 1188//1188 1192//1192 1183//1183
f 1192//1192 1182//1182 1183//1183
f 1274//1274 1252//1252 1253//1253
f 1274//1274 19//19 1184//1184
f 1253//1253 1204//1204 1274//1274
f 1562//1562 1563//1563 1597//1597
f 1205//1205 1202//1202 1245//1245
f 1270//1270 1245//1245 1244//1244
f 1205//1205 1245//1245 4334//4334
f 1641//1641 1595//1595 1600//1600
f 1272//1272 1270//1270 1244//1244
f 1270//1270 1272//1272 1271//1271
f 3948//3948 1271//1271 1272//1272
f 1568//1568 908//908 1595//1595
f 3798//3798 3799//3799 3948//3948
f 3798//3798 3837//3837 3799//3799
f 3840//3840 3837//3837 3798//3798
f 923//923 907//907 885//885
f 923//923 885//885 921//921
f 3840//3840 3794//3794 3796//3796
f 906//906 1025//1025 1071//1071
f 3793//3793 3794//3794 3840//3840
f 1054//1054 1103//1103 854//854
f 854//854 1071//1071 1054//1054
f 866//866 867//867 1041//1041
f 857//857 866//866 868//868
f 1112//1112 857//857 868//868
f 869//869 852//852 868//868
f 2299//2299 2221//2221 492//492
f 1949//1949 2299//2299 2300//2300
f 1948//1948 1514//1514 1949//1949
f 2224//2224 2129//2129 2196//2196
f 492//492 2224//2224 490//490
f 492//492 2129//2129 2224//2224
f 1949//1949 1514//1514 1528//1528
f 1968//1968 1528//1528 1514//1514
f 1968//1968 1352//1352 1528//1528
f 1968//1968 1936//1936 1352//1352
f 2196//2196 2128//2128 2348//2348
f 1347//1347 1346//1346 1352//1352
f 1936//1936 1347//1347 1352//1352
f 2271//2271 2305//2305 2270//2270
f 2270//2270 2305//2305 2348//2348
f 2270//2270 2348//2348 2128//2128
f 1354//1354 1355//1355 1346//1346
f 1347//1347 1354//1354 1346//1346
f 3434//3434 3423//3423 2279//2279
f 3434//3434 2279//2279 2280//2280
f 3434//3434 2280//2280 2278//2278
f 2278//2278 2280//2280 2282//2282
f 2278//2278 2282//2282 2305//2305
f 3436//3436 3424//3424 3423//3423
f 3436//3436 3423//3423 3434//3434
f 3359//3359 3424//3424 3435//3435
f 3435//3435 3424//3424 3436//3436
f 1929//1929 1662//1662 1355//1355
f 1355//1355 1662//1662 1375//1375
f 3359//3359 3435//3435 3358//3358
f 1662//1662 2354//2354 1375//1375
f 3355//3355 3359//3359 3358//3358
f 1662//1662 1376//1376 2354//2354
f 3386//3386 3356//3356 3355//3355
f 3357//3357 3356//3356 3386//3386
f 3357//3357 3483//3483 3490//3490
f 1362//1362 1366//1366 1363//1363
f 3403//3403 3483//3483 3357//3357
f 2470//2470 1370//1370 1366//1366
f 2470//2470 1366//1366 1362//1362
f 3402//3402 3483//3483 3403//3403
f 1371//1371 1370//1370 2470//2470
f 1371//1371 2436//2436 1370//1370
f 3405//3405 3406//3406 3511//3511
f 2545//2545 2436//2436 1371//1371
f 3405//3405 3494//3494 241//241
f 2545//2545 2438//2438 2543//2543
f 2545//2545 2543//2543 2436//2436
f 244//244 3494//3494 242//242
f 2523//2523 2543//2543 2438//2438
f 2489//2489 244//244 2537//2537
f 2489//2489 2486//2486 2484//2484
f 2484//2484 2483//2483 2482//2482
f 2473//2473 2465//2465 2438//2438
f 2523//2523 2438//2438 2437//2437
f 2523//2523 2437//2437 2543//2543
f 2489//2489 2537//2537 2486//2486
f 2484//2484 2486//2486 2503//2503
f 2483//2483 2484//2484 2503//2503
f 2483//2483 2501//2501 2482//2482
f 2485//2485 2482//2482 2492//2492
f 2495//2495 2477//2477 2529//2529
f 2477//2477 2518//2518 2476//2476
f 2476//2476 2475//2475 2474//2474
f 2476//2476 2466//2466 2475//2475
f 2473//2473 2474//2474 2465//2465
f 2438//2438 2465//2465 2437//2437
f 2501//2501 2483//2483 2503//2503
f 2501//2501 2494//2494 2482//2482
f 2482//2482 2494//2494 2499//2499
f 2482//2482 2499//2499 2492//2492
f 2495//2495 2492//2492 2496//2496
f 2495//2495 2496//2496 2497//2497
f 2495//2495 2497//2497 2477//2477
f 2477//2477 2497//2497 2518//2518
f 2476//2476 2518//2518 2533//2533
f 2476//2476 2533//2533 2466//2466
f 2491//2491 2475//2475 2466//2466
f 2474//2474 2475//2475 2491//2491
f 2474//2474 2491//2491 2465//2465
f 2491//2491 2466//2466 2465//2465
f 4407//4407 1615//1615 1177//1177
f 1193//1193 1180//1180 1181//1181
f 1177//1177 1193//1193 4407//4407
f 1615//1615 4407//4407 1278//1278
f 4273//4273 1187//1187 1188//1188
f 4273//4273 1188//1188 1183//1183
f 1246//1246 1187//1187 4273//4273
f 1246//1246 4274//4274 1187//1187
f 4274//4274 1180//1180 1187//1187
f 1180//1180 4274//4274 4408//4408
f 1180//1180 4408//4408 1181//1181
f 1596//1596 18//18 1613//1613
f 1597//1597 18//18 1596//1596
f 4272//4272 4273//4273 1182//1182
f 1182//1182 4273//4273 1183//1183
f 1246//1246 4273//4273 4274//4274
f 4331//4331 1274//1274 1204//1204
f 4339//4339 19//19 1274//1274
f 4339//4339 1274//1274 4331//4331
f 4339//4339 1182//1182 19//19
f 1182//1182 4367//4367 4272//4272
f 4272//4272 4367//4367 4273//4273
f 1597//1597 1564//1564 1562//1562
f 1563//1563 1562//1562 1564//1564
f 1204//1204 1203//1203 4332//4332
f 1564//1564 1600//1600 1563//1563
f 1245//1245 4335//4335 4334//4334
f 1205//1205 4334//4334 1203//1203
f 1203//1203 4334//4334 4332//4332
f 1565//1565 1641//1641 1600//1600
f 1245//1245 1270//1270 4335//4335
f 1565//1565 1595//1595 1641//1641
f 1568//1568 1595//1595 1565//1565
f 1280//1280 1270//1270 1271//1271
f 1280//1280 4335//4335 1270//1270
f 1567//1567 908//908 1568//1568
f 3799//3799 1271//1271 3948//3948
f 1567//1567 907//907 908//908
f 3840//3840 3796//3796 3837//3837
f 921//921 885//885 1121//1121
f 1042//1042 919//919 905//905
f 1121//1121 905//905 922//922
f 1121//1121 1042//1042 905//905
f 922//922 921//921 1121//1121
f 906//906 905//905 919//919
f 906//906 919//919 1025//1025
f 3838//3838 3794//3794 3793//3793
f 1054//1054 1071//1071 1025//1025
f 3838//3838 3793//3793 897//897
f 1125//1125 897//897 896//896
f 856//856 867//867 866//866
f 868//868 852//852 851//851
f 868//868 851//851 1112//1112
f 1659//1659 2300//2300 2301//2301
f 490//490 463//463 2301//2301
f 490//490 2301//2301 492//492
f 492//492 2301//2301 2299//2299
f 2299//2299 2301//2301 2300//2300
f 1659//1659 1949//1949 2300//2300
f 1949//1949 1659//1659 1948//1948
f 1948//1948 1659//1659 1512//1512
f 1948//1948 1512//1512 1514//1514
f 1513//1513 1968//1968 1514//1514
f 1512//1512 1513//1513 1514//1514
f 490//490 2196//2196 487//487
f 2196//2196 486//486 487//487
f 2196//2196 490//490 2224//2224
f 1508//1508 1936//1936 1968//1968
f 2305//2305 2281//2281 2348//2348
f 2348//2348 484//484 2196//2196
f 2196//2196 484//484 485//485
f 2196//2196 485//485 486//486
f 1347//1347 1936//1936 1353//1353
f 2280//2280 2279//2279 2282//2282
f 2282//2282 2279//2279 2281//2281
f 2282//2282 2281//2281 2305//2305
f 1347//1347 1353//1353 1354//1354
f 1354//1354 1353//1353 1356//1356
f 3423//3423 3420//3420 3422//3422
f 3423//3423 3422//3422 2279//2279
f 1356//1356 1355//1355 1354//1354
f 1377//1377 1355//1355 1356//1356
f 3424//3424 3429//3429 3420//3420
f 3424//3424 3420//3420 3423//3423
f 1377//1377 1929//1929 1355//1355
f 3429//3429 3359//3359 3347//3347
f 3424//3424 3359//3359 3429//3429
f 3347//3347 3359//3359 3355//3355
f 3509//3509 3347//3347 3355//3355
f 20//20 22//22 3355//3355
f 3355//3355 21//21 20//20
f 3355//3355 3356//3356 21//21
f 3357//3357 21//21 3356//3356
f 3357//3357 3482//3482 21//21
f 2472//2472 1362//1362 2866//2866
f 3490//3490 3482//3482 3357//3357
f 2472//2472 2470//2470 1362//1362
f 2470//2470 2536//2536 2448//2448
f 3511//3511 3401//3401 3402//3402
f 2448//2448 1371//1371 2470//2470
f 2522//2522 1371//1371 2448//2448
f 3406//3406 3405//3405 3407//3407
f 2441//2441 2439//2439 2522//2522
f 2522//2522 2439//2439 2545//2545
f 2522//2522 2545//2545 1371//1371
f 2452//2452 2440//2440 2493//2493
f 2439//2439 2441//2441 2438//2438
f 2439//2439 2438//2438 2545//2545
f 244//244 241//241 3494//3494
f 241//241 244//244 2489//2489
f 241//241 2489//2489 2488//2488
f 2488//2488 2489//2489 2487//2487
f 2487//2487 2489//2489 2484//2484
f 2487//2487 2484//2484 2530//2530
f 2530//2530 2484//2484 2524//2524
f 2540//2540 2524//2524 2484//2484
f 2524//2524 2540//2540 2485//2485
f 2547//2547 2479//2479 2478//2478
f 2478//2478 2477//2477 2452//2452
f 2452//2452 2461//2461 2440//2440
f 2452//2452 2474//2474 2461//2461
f 2440//2440 2461//2461 2474//2474
f 2440//2440 2474//2474 2473//2473
f 2440//2440 2473//2473 2441//2441
f 2441//2441 2473//2473 2438//2438
f 2482//2482 2540//2540 2484//2484
f 2540//2540 2482//2482 2485//2485
f 2481//2481 2485//2485 2527//2527
f 2527//2527 2485//2485 2492//2492
f 2478//2478 2479//2479 2529//2529
f 2478//2478 2529//2529 2477//2477
f 2452//2452 2477//2477 2476//2476
f 2452//2452 2476//2476 2474//2474
f 2495//2495 2527//2527 2492//2492
f 2527//2527 2495//2495 2479//2479
f 2479//2479 2495//2495 2529//2529
f 4407//4407 1193//1193 1181//1181
f 1181//1181 4408//4408 4407//4407
f 4407//4407 4311//4311 1278//1278
f 4311//4311 1613//1613 1278//1278
f 1596//1596 1613//1613 4314//4314
f 4273//4273 4370//4370 4275//4275
f 4274//4274 4273//4273 4275//4275
f 1596//1596 4314//4314 1598//1598
f 1597//1597 1596//1596 1598//1598
f 4339//4339 4271//4271 1182//1182
f 1182//1182 4271//4271 4270//4270
f 4367//4367 1182//1182 4270//4270
f 4273//4273 4367//4367 4370//4370
f 1598//1598 1910//1910 1597//1597
f 1597//1597 1910//1910 1564//1564
f 1204//1204 4339//4339 4331//4331
f 4332//4332 4339//4339 1204//1204
f 4339//4339 4270//4270 4271//4271
f 1910//1910 1600//1600 1564//1564
f 4334//4334 4333//4333 4332//4332
f 1568//1568 1565//1565 1600//1600
f 1280//1280 1281//1281 4335//4335
f 3799//3799 1280//1280 1271//1271
f 886//886 885//885 907//907
f 1121//1121 885//885 864//864
f 3795//3795 3796//3796 3794//3794
f 1121//1121 864//864 1042//1042
f 3794//3794 3838//3838 3795//3795
f 1025//1025 1012//1012 1054//1054
f 1025//1025 919//919 1042//1042
f 1025//1025 1042//1042 1012//1012
f 865//865 851//851 852//852
f 1109//1109 852//852 1103//1103
f 1109//1109 865//865 852//852
f 1103//1103 1054//1054 1109//1109
f 1058//1058 3838//3838 897//897
f 1110//1110 1058//1058 897//897
f 1067//1067 897//897 1125//1125
f 1067//1067 1110//1110 897//897
f 1125//1125 896//896 867//867
f 875//875 1125//1125 867//867
f 893//893 867//867 856//856
f 893//893 875//875 867//867
f 857//857 856//856 866//866
f 1112//1112 851//851 857//857
f 2301//2301 463//463 462//462
f 2301//2301 462//462 1659//1659
f 1659//1659 462//462 488//488
f 1659//1659 488//488 1509//1509
f 1659//1659 1509//1509 1512//1512
f 1512//1512 1509//1509 1510//1510
f 1511//1511 1512//1512 1510//1510
f 1511//1511 1513//1513 1512//1512
f 491//491 487//487 483//483
f 490//490 487//487 491//491
f 490//490 491//491 463//463
f 1947//1947 1968//1968 1513//1513
f 1972//1972 1947//1947 1513//1513
f 484//484 2348//2348 475//475
f 485//485 484//484 487//487
f 485//485 487//487 486//486
f 1947//1947 1508//1508 1968//1968
f 1947//1947 1378//1378 1936//1936
f 1947//1947 1936//1936 1508//1508
f 477//477 3422//3422 3421//3421
f 2279//2279 477//477 476//476
f 2279//2279 3422//3422 477//477
f 2279//2279 476//476 2281//2281
f 2281//2281 476//476 480//480
f 2281//2281 480//480 475//475
f 2281//2281 475//475 2348//2348
f 1378//1378 1353//1353 1936//1936
f 3419//3419 3421//3421 3422//3422
f 1357//1357 1356//1356 1353//1353
f 3420//3420 3429//3429 3419//3419
f 3420//3420 3419//3419 3422//3422
f 3418//3418 3419//3419 3429//3429
f 3347//3347 3418//3418 3429//3429
f 3347//3347 3509//3509 3349//3349
f 1642//1642 1662//1662 1929//1929
f 3349//3349 3509//3509 3355//3355
f 22//22 3349//3349 3355//3355
f 2866//2866 1376//1376 1662//1662
f 20//20 21//21 22//22
f 21//21 3482//3482 22//22
f 1361//1361 2472//2472 2866//2866
f 3482//3482 3483//3483 22//22
f 3483//3483 3482//3482 3490//3490
f 2446//2446 2444//2444 2472//2472
f 2444//2444 2471//2471 2472//2472
f 2471//2471 2470//2470 2472//2472
f 3401//3401 3411//3411 3483//3483
f 3401//3401 3483//3483 3402//3402
f 2471//2471 2444//2444 2536//2536
f 2471//2471 2536//2536 2470//2470
f 3401//3401 3511//3511 3408//3408
f 2443//2443 2442//2442 2444//2444
f 2444//2444 2442//2442 2448//2448
f 2444//2444 2448//2448 2536//2536
f 3406//3406 3408//3408 3511//3511
f 3407//3407 3408//3408 3406//3406
f 2442//2442 2522//2522 2448//2448
f 3405//3405 2525//2525 3407//3407
f 2490//2490 2544//2544 2530//2530
f 2451//2451 2547//2547 2450//2450
f 2451//2451 2450//2450 2457//2457
f 2457//2457 2493//2493 2440//2440
f 2457//2457 2440//2440 2443//2443
f 2443//2443 2440//2440 2441//2441
f 2443//2443 2441//2441 2442//2442
f 2442//2442 2441//2441 2522//2522
f 241//241 2525//2525 3405//3405
f 2525//2525 241//241 2488//2488
f 2525//2525 2488//2488 2487//2487
f 2525//2525 2487//2487 2530//2530
f 2490//2490 2530//2530 2524//2524
f 2524//2524 2544//2544 2490//2490
f 2547//2547 2478//2478 2452//2452
f 2547//2547 2452//2452 2450//2450
f 2450//2450 2452//2452 2457//2457
f 2457//2457 2452//2452 2493//2493
f 2485//2485 2544//2544 2524//2524
f 2544//2544 2485//2485 2481//2481
f 2544//2544 2481//2481 217//217
f 217//217 2481//2481 2527//2527
f 217//217 2527//2527 2480//2480
f 2480//2480 2527//2527 2479//2479
f 2480//2480 2479//2479 2547//2547
f 4325//4325 4311//4311 4407//4407
f 4325//4325 4407//4407 4408//4408
f 1613//1613 4311//4311 4325//4325
f 4408//4408 4274//4274 4325//4325
f 1613//1613 4309//4309 4314//4314
f 4309//4309 1598//1598 4314//4314
f 4367//4367 4270//4270 4269//4269
f 4333//4333 4337//4337 4332//4332
f 4243//4243 4332//4332 4337//4337
f 4339//4339 4332//4332 4243//4243
f 4339//4339 4362//4362 4270//4270
f 4243//4243 4362//4362 4339//4339
f 4270//4270 4268//4268 4269//4269
f 1569//1569 1600//1600 1910//1910
f 4335//4335 4386//4386 4242//4242
f 4334//4334 4335//4335 4242//4242
f 4333//4333 4334//4334 4337//4337
f 1569//1569 1568//1568 1600//1600
f 4335//4335 4336//4336 4386//4386
f 4335//4335 1281//1281 4336//4336
f 1959//1959 1567//1567 1568//1568
f 1281//1281 1280//1280 1277//1277
f 3799//3799 1277//1277 1280//1280
f 886//886 907//907 1567//1567
f 3837//3837 3800//3800 3799//3799
f 3796//3796 3800//3800 3837//3837
f 864//864 885//885 886//886
f 1042//1042 864//864 862//862
f 858//858 865//865 1054//1054
f 859//859 1054//1054 1012//1012
f 859//859 858//858 1054//1054
f 3773//3773 3839//3839 3838//3838
f 851//851 856//856 857//857
f 851//851 887//887 856//856
f 853//853 887//887 851//851
f 853//853 851//851 865//865
f 1109//1109 1054//1054 865//865
f 1110//1110 3773//3773 3838//3838
f 1110//1110 3838//3838 1058//1058
f 456//456 462//462 461//461
f 488//488 456//456 1509//1509
f 488//488 462//462 456//456
f 1385//1385 1509//1509 1384//1384
f 1385//1385 1510//1510 1509//1509
f 463//463 491//491 411//411
f 461//461 463//463 411//411
f 463//463 461//461 462//462
f 1965//1965 1511//1511 1510//1510
f 1965//1965 1513//1513 1511//1511
f 1972//1972 1513//1513 1965//1965
f 474//474 484//484 454//454
f 484//484 483//483 487//487
f 474//474 483//483 484//484
f 483//483 411//411 491//491
f 1947//1947 1972//1972 1378//1378
f 476//476 24//24 480//480
f 475//475 480//480 24//24
f 484//484 475//475 454//454
f 3421//3421 3419//3419 3340//3340
f 3421//3421 3340//3340 477//477
f 477//477 3340//3340 476//476
f 1353//1353 1378//1378 1357//1357
f 1378//1378 1501//1501 1357//1357
f 1378//1378 1920//1920 1501//1501
f 3418//3418 3459//3459 3425//3425
f 3418//3418 3425//3425 3419//3419
f 1357//1357 1377//1377 1356//1356
f 3347//3347 3459//3459 3418//3418
f 3346//3346 3459//3459 3347//3347
f 3348//3348 3346//3346 3347//3347
f 1642//1642 1929//1929 1377//1377
f 3349//3349 3348//3348 3347//3347
f 1359//1359 1662//1662 1642//1642
f 1360//1360 1662//1662 1359//1359
f 1360//1360 2866//2866 1662//1662
f 1361//1361 2866//2866 2447//2447
f 22//22 3483//3483 3400//3400
f 2447//2447 2472//2472 1361//1361
f 2447//2447 2446//2446 2472//2472
f 2445//2445 2449//2449 2446//2446
f 2449//2449 2444//2444 2446//2446
f 247//247 3401//3401 3408//3408
f 2456//2456 2443//2443 2449//2449
f 2449//2449 2443//2443 2444//2444
f 3407//3407 247//247 3408//3408
f 2525//2525 245//245 3407//3407
f 245//245 246//246 3407//3407
f 246//246 247//247 3407//3407
f 116//116 2455//2455 317//317
f 116//116 2520//2520 2455//2455
f 2455//2455 2451//2451 2454//2454
f 2454//2454 2451//2451 2453//2453
f 2453//2453 2451//2451 2457//2457
f 2453//2453 2457//2457 2456//2456
f 2456//2456 2457//2457 2443//2443
f 245//245 2525//2525 2526//2526
f 2525//2525 221//221 2526//2526
f 2530//2530 221//221 2525//2525
f 2530//2530 2544//2544 220//220
f 2520//2520 116//116 2519//2519
f 2520//2520 2519//2519 2480//2480
f 2520//2520 2480//2480 2455//2455
f 2455//2455 2480//2480 2547//2547
f 2455//2455 2547//2547 2451//2451
f 217//217 220//220 2544//2544
f 114//114 217//217 116//116
f 217//217 2480//2480 116//116
f 116//116 2480//2480 2519//2519
f 4370//4370 4276//4276 4275//4275
f 4304//4304 4275//4275 4276//4276
f 4274//4274 4275//4275 4304//4304
f 4274//4274 4326//4326 4325//4325
f 4304//4304 4326//4326 4274//4274
f 4325//4325 4312//4312 1613//1613
f 4326//4326 4312//4312 4325//4325
f 1613//1613 4312//4312 4309//4309
f 4309//4309 4308//4308 1910//1910
f 1598//1598 4309//4309 1910//1910
f 4267//4267 4367//4367 4269//4269
f 4370//4370 4367//4367 4267//4267
f 4243//4243 4337//4337 4338//4338
f 4362//4362 4243//4243 4270//4270
f 4243//4243 4268//4268 4270//4270
f 1910//1910 1570//1570 1569//1569
f 4334//4334 4235//4235 4337//4337
f 4242//4242 4235//4235 4334//4334
f 1572//1572 1568//1568 1569//1569
f 4336//4336 1281//1281 4232//4232
f 4232//4232 1281//1281 4342//4342
f 1572//1572 1959//1959 1568//1568
f 1281//1281 1277//1277 4342//4342
f 3799//3799 3800//3800 1277//1277
f 1567//1567 1566//1566 886//886
f 3796//3796 3801//3801 3800//3800
f 911//911 862//862 864//864
f 864//864 886//886 1566//1566
f 864//864 1566//1566 911//911
f 3795//3795 3801//3801 3796//3796
f 1042//1042 859//859 1012//1012
f 3839//3839 3795//3795 3838//3838
f 865//865 858//858 853//853
f 997//997 1110//1110 1067//1067
f 875//875 1067//1067 1125//1125
f 856//856 855//855 893//893
f 879//879 997//997 1067//1067
f 448//448 1509//1509 399//399
f 1509//1509 448//448 1384//1384
f 410//410 461//461 411//411
f 456//456 461//461 410//410
f 456//456 399//399 1509//1509
f 1383//1383 1385//1385 1384//1384
f 1383//1383 1510//1510 1385//1385
f 1510//1510 1383//1383 1965//1965
f 454//454 24//24 466//466
f 452//452 474//474 454//454
f 452//452 483//483 474//474
f 453//453 483//483 452//452
f 411//411 453//453 409//409
f 411//411 483//483 453//453
f 23//23 1972//1972 1965//1965
f 1383//1383 23//23 1965//1965
f 466//466 476//476 468//468
f 475//475 24//24 454//454
f 23//23 1378//1378 1972//1972
f 479//479 478//478 3340//3340
f 476//476 478//478 468//468
f 476//476 3340//3340 478//478
f 24//24 476//476 466//466
f 1379//1379 1920//1920 1378//1378
f 3339//3339 3340//3340 481//481
f 3419//3419 3339//3339 481//481
f 3419//3419 481//481 3340//3340
f 3425//3425 3341//3341 3339//3339
f 3425//3425 3339//3339 3419//3419
f 3346//3346 3341//3341 3459//3459
f 3459//3459 3341//3341 3425//3425
f 1358//1358 1377//1377 1357//1357
f 1359//1359 1642//1642 1377//1377
f 3349//3349 3512//3512 3348//3348
f 2866//2866 1360//1360 2538//2538
f 22//22 3400//3400 3349//3349
f 2867//2867 2459//2459 1360//1360
f 1360//1360 2459//2459 2538//2538
f 2459//2459 2447//2447 2538//2538
f 2538//2538 2447//2447 2866//2866
f 3483//3483 3411//3411 3400//3400
f 2459//2459 2446//2446 2447//2447
f 2460//2460 2458//2458 2459//2459
f 2459//2459 2445//2445 2446//2446
f 247//247 2422//2422 3401//3401
f 2861//2861 2456//2456 2460//2460
f 2460//2460 2456//2456 2458//2458
f 2458//2458 2456//2456 2449//2449
f 2458//2458 2449//2449 2459//2459
f 2459//2459 2449//2449 2445//2445
f 2541//2541 2425//2425 246//246
f 2425//2425 247//247 246//246
f 2425//2425 2422//2422 247//247
f 2859//2859 2454//2454 2861//2861
f 2455//2455 2454//2454 2859//2859
f 2861//2861 2454//2454 2453//2453
f 2861//2861 2453//2453 2456//2456
f 245//245 2541//2541 246//246
f 2541//2541 245//245 2526//2526
f 2541//2541 2526//2526 221//221
f 2818//2818 2541//2541 221//221
f 115//115 113//113 116//116
f 317//317 115//115 116//116
f 115//115 317//317 2455//2455
f 2455//2455 2859//2859 115//115
f 2530//2530 2818//2818 221//221
f 218//218 2818//2818 2530//2530
f 2530//2530 220//220 218//218
f 113//113 114//114 116//116
f 218//218 220//220 217//217
f 219//219 218//218 217//217
f 2882//2882 217//217 114//114
f 219//219 217//217 2882//2882
f 4309//4309 4312//4312 4305//4305
f 4305//4305 4308//4308 4309//4309
f 4267//4267 4276//4276 4370//4370
f 4305//4305 1910//1910 4308//4308
f 4305//4305 1973//1973 1910//1910
f 4243//4243 4338//4338 4237//4237
f 4269//4269 4268//4268 4267//4267
f 4267//4267 4268//4268 4243//4243
f 1973//1973 1570//1570 1910//1910
f 4240//4240 4242//4242 4386//4386
f 4240//4240 4235//4235 4242//4242
f 4337//4337 4237//4237 4338//4338
f 4337//4337 4235//4235 4237//4237
f 4240//4240 4386//4386 4336//4336
f 4342//4342 4231//4231 4232//4232
f 4342//4342 1277//1277 4244//4244
f 3800//3800 4244//4244 1277//1277
f 1566//1566 1567//1567 948//948
f 3795//3795 3844//3844 3801//3801
f 1036//1036 860//860 1042//1042
f 1042//1042 860//860 859//859
f 863//863 1036//1036 1042//1042
f 1042//1042 862//862 911//911
f 1042//1042 911//911 863//863
f 3839//3839 3844//3844 3795//3795
f 861//861 853//853 858//858
f 859//859 860//860 858//858
f 3772//3772 3771//3771 3839//3839
f 1111//1111 855//855 856//856
f 1111//1111 856//856 887//887
f 1111//1111 887//887 853//853
f 894//894 3772//3772 3839//3839
f 894//894 3839//3839 3773//3773
f 894//894 3773//3773 1110//1110
f 894//894 1110//1110 997//997
f 1067//1067 884//884 879//879
f 1027//1027 875//875 893//893
f 893//893 855//855 1027//1027
f 879//879 894//894 997//997
f 456//456 410//410 405//405
f 456//456 398//398 399//399
f 405//405 398//398 456//456
f 1384//1384 1382//1382 1383//1383
f 448//448 1382//1382 1384//1384
f 405//405 411//411 388//388
f 411//411 409//409 388//388
f 411//411 405//405 410//410
f 23//23 1383//1383 1382//1382
f 455//455 454//454 466//466
f 452//452 454//454 390//390
f 453//453 452//452 409//409
f 1381//1381 1380//1380 23//23
f 466//466 467//467 455//455
f 466//466 468//468 467//467
f 1380//1380 1379//1379 23//23
f 23//23 1379//1379 1378//1378
f 3340//3340 3338//3338 479//479
f 478//478 479//479 468//468
f 3339//3339 25//25 3338//3338
f 3339//3339 3338//3338 3340//3340
f 3345//3345 25//25 3341//3341
f 3341//3341 25//25 3339//3339
f 1357//1357 1501//1501 1358//1358
f 1501//1501 1500//1500 1358//1358
f 3345//3345 3341//3341 3346//3346
f 3346//3346 3348//3348 3512//3512
f 1360//1360 1359//1359 1377//1377
f 3349//3349 3350//3350 3512//3512
f 2868//2868 1360//1360 2857//2857
f 3350//3350 3349//3349 3400//3400
f 3400//3400 2428//2428 3350//3350
f 2869//2869 2528//2528 2868//2868
f 2528//2528 2867//2867 2868//2868
f 2868//2868 2867//2867 1360//1360
f 3411//3411 2428//2428 3400//3400
f 2869//2869 2459//2459 2528//2528
f 2528//2528 2459//2459 2867//2867
f 2426//2426 3411//3411 3401//3401
f 2426//2426 3401//3401 2429//2429
f 2850//2850 2871//2871 2869//2869
f 2871//2871 2460//2460 2869//2869
f 2869//2869 2460//2460 2459//2459
f 2421//2421 2429//2429 3401//3401
f 2421//2421 3401//3401 2422//2422
f 267//267 2422//2422 268//268
f 2422//2422 2425//2425 268//268
f 268//268 2425//2425 2541//2541
f 2541//2541 234//234 268//268
f 2860//2860 2861//2861 2871//2871
f 2871//2871 2861//2861 2460//2460
f 2859//2859 2861//2861 2860//2860
f 2818//2818 234//234 2541//2541
f 115//115 26//26 113//113
f 2859//2859 26//26 115//115
f 2879//2879 2818//2818 218//218
f 113//113 26//26 114//114
f 222//222 2880//2880 218//218
f 2880//2880 2879//2879 218//218
f 2881//2881 2882//2882 114//114
f 219//219 222//222 218//218
f 222//222 219//219 2882//2882
f 4304//4304 4303//4303 4326//4326
f 4305//4305 4312//4312 4303//4303
f 4267//4267 4307//4307 4276//4276
f 4303//4303 4373//4373 4305//4305
f 4236//4236 4238//4238 4243//4243
f 4236//4236 4243//4243 4237//4237
f 4238//4238 4359//4359 4243//4243
f 4359//4359 4239//4239 4243//4243
f 4267//4267 4243//4243 4266//4266
f 4266//4266 4243//4243 4239//4239
f 4240//4240 4234//4234 4235//4235
f 4236//4236 4237//4237 4235//4235
f 1571//1571 1569//1569 1570//1570
f 4232//4232 4228//4228 4336//4336
f 4231//4231 4228//4228 4232//4232
f 4240//4240 4336//4336 4228//4228
f 1571//1571 1572//1572 1569//1569
f 4244//4244 4392//4392 4342//4342
f 4342//4342 4230//4230 4231//4231
f 4392//4392 4230//4230 4342//4342
f 1575//1575 1959//1959 1572//1572
f 1575//1575 1567//1567 1959//1959
f 1574//1574 1567//1567 1575//1575
f 3800//3800 3804//3804 4244//4244
f 948//948 1567//1567 1574//1574
f 1566//1566 948//948 950//950
f 948//948 949//949 950//950
f 949//949 911//911 950//950
f 950//950 911//911 1566//1566
f 1036//1036 863//863 949//949
f 949//949 863//863 911//911
f 3771//3771 3844//3844 3839//3839
f 861//861 888//888 853//853
f 992//992 861//861 858//858
f 858//858 860//860 1036//1036
f 858//858 1036//1036 992//992
f 1027//1027 855//855 1111//1111
f 892//892 850//850 1111//1111
f 1022//1022 892//892 1111//1111
f 1111//1111 853//853 888//888
f 1111//1111 888//888 1022//1022
f 877//877 3772//3772 894//894
f 877//877 894//894 879//879
f 889//889 884//884 1067//1067
f 889//889 1067//1067 875//875
f 1027//1027 889//889 875//875
f 872//872 877//877 879//879
f 876//876 872//872 879//879
f 884//884 876//876 879//879
f 388//388 387//387 405//405
f 399//399 398//398 397//397
f 399//399 397//397 448//448
f 448//448 397//397 464//464
f 1472//1472 448//448 464//464
f 448//448 1472//1472 1382//1382
f 23//23 1382//1382 1472//1472
f 23//23 1472//1472 1381//1381
f 390//390 409//409 452//452
f 400//400 409//409 390//390
f 388//388 409//409 373//373
f 389//389 455//455 379//379
f 455//455 389//389 454//454
f 454//454 389//389 390//390
f 469//469 459//459 479//479
f 459//459 468//468 479//479
f 384//384 468//468 408//408
f 468//468 384//384 467//467
f 467//467 384//384 455//455
f 1380//1380 1386//1386 1379//1379
f 1920//1920 1379//1379 1386//1386
f 479//479 3338//3338 469//469
f 1386//1386 1501//1501 1920//1920
f 3345//3345 3337//3337 25//25
f 3338//3338 25//25 3337//3337
f 3516//3516 3345//3345 3346//3346
f 3346//3346 3353//3353 3516//3516
f 3353//3353 3346//3346 3512//3512
f 1503//1503 1360//1360 1377//1377
f 1503//1503 1377//1377 1358//1358
f 3512//3512 3350//3350 3353//3353
f 2857//2857 2870//2870 2868//2868
f 1503//1503 2857//2857 1360//1360
f 2870//2870 2854//2854 2849//2849
f 2854//2854 2868//2868 2849//2849
f 2849//2849 2868//2868 2870//2870
f 2428//2428 3352//3352 3350//3350
f 2848//2848 2869//2869 2854//2854
f 2854//2854 2869//2869 2868//2868
f 2427//2427 3411//3411 2426//2426
f 2427//2427 2428//2428 3411//3411
f 2850//2850 2869//2869 2848//2848
f 2429//2429 2427//2427 2426//2426
f 268//268 2418//2418 267//267
f 2834//2834 2871//2871 2851//2851
f 2851//2851 2871//2871 2850//2850
f 2421//2421 282//282 2429//2429
f 2422//2422 267//267 2418//2418
f 2421//2421 2422//2422 2418//2418
f 268//268 234//234 2418//2418
f 2837//2837 2860//2860 2834//2834
f 2834//2834 2860//2860 2871//2871
f 2837//2837 2859//2859 2860//2860
f 2836//2836 2838//2838 2837//2837
f 2838//2838 26//26 2837//2837
f 26//26 2859//2859 2837//2837
f 2818//2818 231//231 234//234
f 231//231 2818//2818 2843//2843
f 2843//2843 2818//2818 2879//2879
f 2879//2879 2878//2878 2886//2886
f 2836//2836 114//114 2838//2838
f 114//114 26//26 2838//2838
f 222//222 2879//2879 2880//2880
f 2879//2879 222//222 2882//2882
f 2879//2879 2882//2882 2878//2878
f 2878//2878 2882//2882 2881//2881
f 2886//2886 2878//2878 2881//2881
f 2886//2886 2881//2881 2836//2836
f 2836//2836 2881//2881 114//114
f 4326//4326 4303//4303 4312//4312
f 4307//4307 4306//4306 4276//4276
f 4267//4267 4306//4306 4307//4307
f 4304//4304 4276//4276 4306//4306
f 1973//1973 4305//4305 4373//4373
f 1973//1973 4373//4373 1570//1570
f 4228//4228 4227//4227 4240//4240
f 4240//4240 4241//4241 4234//4234
f 4227//4227 4241//4241 4240//4240
f 4236//4236 4235//4235 4238//4238
f 4238//4238 4235//4235 4234//4234
f 4244//4244 3804//3804 4392//4392
f 1574//1574 944//944 948//948
f 948//948 944//944 947//947
f 949//949 948//948 947//947
f 1036//1036 949//949 992//992
f 3770//3770 3844//3844 3771//3771
f 992//992 888//888 861//861
f 3772//3772 3770//3770 3771//3771
f 3769//3769 3770//3770 3772//3772
f 3769//3769 3772//3772 3845//3845
f 1111//1111 850//850 849//849
f 1022//1022 888//888 892//892
f 3841//3841 3845//3845 3772//3772
f 1111//1111 849//849 889//889
f 1027//1027 1111//1111 889//889
f 884//884 871//871 876//876
f 394//394 405//405 380//380
f 405//405 397//397 398//398
f 394//394 397//397 405//405
f 1473//1473 1472//1472 464//464
f 373//373 380//380 388//388
f 387//387 388//388 380//380
f 387//387 380//380 405//405
f 389//389 378//378 390//390
f 379//379 378//378 389//389
f 400//400 390//390 378//378
f 409//409 400//400 373//373
f 1472//1472 1962//1962 1381//1381
f 384//384 408//408 386//386
f 455//455 384//384 379//379
f 1962//1962 1380//1380 1381//1381
f 1386//1386 1380//1380 1962//1962
f 468//468 459//459 408//408
f 3337//3337 3342//3342 469//469
f 3338//3338 3337//3337 469//469
f 1501//1501 1386//1386 1500//1500
f 3345//3345 3342//3342 3337//3337
f 3516//3516 3342//3342 3345//3345
f 1502//1502 1358//1358 1500//1500
f 1504//1504 1358//1358 1502//1502
f 1504//1504 1503//1503 1358//1358
f 3350//3350 3480//3480 3353//3353
f 3352//3352 3354//3354 3350//3350
f 2857//2857 2847//2847 2870//2870
f 2855//2855 2854//2854 2847//2847
f 2847//2847 2854//2854 2870//2870
f 2877//2877 2848//2848 2855//2855
f 2855//2855 2848//2848 2854//2854
f 2428//2428 2429//2429 280//280
f 2427//2427 2429//2429 2428//2428
f 2852//2852 2850//2850 2877//2877
f 2851//2851 2850//2850 2852//2852
f 2877//2877 2850//2850 2848//2848
f 2834//2834 2851//2851 2852//2852
f 2424//2424 282//282 2421//2421
f 2418//2418 2424//2424 2421//2421
f 2419//2419 2418//2418 234//234
f 2842//2842 2837//2837 2829//2829
f 2829//2829 2837//2837 2834//2834
f 2420//2420 2418//2418 2419//2419
f 2420//2420 232//232 233//233
f 2420//2420 2419//2419 234//234
f 232//232 2420//2420 234//234
f 231//231 2817//2817 234//234
f 234//234 2817//2817 232//232
f 2835//2835 2837//2837 2842//2842
f 231//231 2843//2843 2817//2817
f 2817//2817 2843//2843 2902//2902
f 2902//2902 2843//2843 2879//2879
f 2833//2833 2832//2832 2879//2879
f 2832//2832 2902//2902 2879//2879
f 2885//2885 2830//2830 2879//2879
f 2879//2879 2830//2830 2833//2833
f 2885//2885 2836//2836 2835//2835
f 2835//2835 2836//2836 2837//2837
f 2879//2879 2886//2886 2885//2885
f 2885//2885 2886//2886 2836//2836
f 4310//4310 4304//4304 4306//4306
f 4302//4302 4303//4303 4304//4304
f 4302//4302 4304//4304 4310//4310
f 4246//4246 4247//4247 4266//4266
f 4266//4266 4249//4249 4267//4267
f 4247//4247 4249//4249 4266//4266
f 4267//4267 4364//4364 4306//4306
f 4249//4249 4364//4364 4267//4267
f 4302//4302 4373//4373 4303//4303
f 1570//1570 4373//4373 1590//1590
f 4293//4293 4238//4238 4396//4396
f 4293//4293 4317//4317 4238//4238
f 4238//4238 4239//4239 4359//4359
f 4317//4317 4239//4239 4238//4238
f 1590//1590 1573//1573 1570//1570
f 1571//1571 1570//1570 1573//1573
f 4241//4241 4227//4227 4234//4234
f 4238//4238 4234//4234 4396//4396
f 4234//4234 4227//4227 4396//4396
f 1572//1572 1571//1571 1573//1573
f 4228//4228 4231//4231 4227//4227
f 4227//4227 4231//4231 4230//4230
f 4230//4230 4392//4392 4229//4229
f 4392//4392 3804//3804 4233//4233
f 3800//3800 4233//4233 3804//3804
f 1575//1575 944//944 1574//1574
f 946//946 943//943 949//949
f 949//949 947//947 946//946
f 3844//3844 3965//3965 3801//3801
f 992//992 949//949 943//943
f 3770//3770 3769//3769 3844//3844
f 892//892 992//992 917//917
f 888//888 992//992 892//892
f 848//848 889//889 849//849
f 849//849 850//850 846//846
f 880//880 846//846 850//850
f 880//880 850//850 892//892
f 892//892 912//912 880//880
f 3841//3841 3769//3769 3845//3845
f 877//877 3841//3841 3772//3772
f 910//910 871//871 884//884
f 910//910 874//874 871//871
f 890//890 884//884 889//889
f 890//890 910//910 884//884
f 1055//1055 3841//3841 877//877
f 878//878 1055//1055 877//877
f 1030//1030 878//878 877//877
f 873//873 877//877 872//872
f 873//873 1030//1030 877//877
f 876//876 871//871 872//872
f 397//397 394//394 393//393
f 470//470 397//397 393//393
f 397//397 470//470 464//464
f 470//470 1473//1473 464//464
f 400//400 378//378 377//377
f 375//375 400//400 377//377
f 400//400 374//374 373//373
f 375//375 374//374 400//400
f 380//380 373//373 370//370
f 1475//1475 1472//1472 1473//1473
f 386//386 383//383 384//384
f 1475//1475 1962//1962 1472//1472
f 469//469 323//323 459//459
f 408//408 323//323 386//386
f 408//408 459//459 323//323
f 1387//1387 1386//1386 1962//1962
f 1507//1507 1386//1386 1387//1387
f 465//465 469//469 3344//3344
f 323//323 469//469 465//465
f 3336//3336 3344//3344 3342//3342
f 3342//3342 3344//3344 469//469
f 1507//1507 1498//1498 1386//1386
f 1500//1500 1386//1386 1498//1498
f 3516//3516 3343//3343 3342//3342
f 3336//3336 3342//3342 3343//3343
f 1504//1504 1502//1502 1500//1500
f 3353//3353 3485//3485 3516//3516
f 3480//3480 3354//3354 3353//3353
f 2853//2853 2857//2857 1503//1503
f 3354//3354 3480//3480 3350//3350
f 2853//2853 2856//2856 2857//2857
f 2847//2847 2857//2857 2856//2856
f 2847//2847 2856//2856 2855//2855
f 283//283 3484//3484 3352//3352
f 283//283 3352//3352 2428//2428
f 283//283 2428//2428 280//280
f 2877//2877 2820//2820 2852//2852
f 281//281 280//280 2429//2429
f 2820//2820 2828//2828 2852//2852
f 281//281 2429//2429 282//282
f 2424//2424 281//281 282//282
f 2826//2826 2829//2829 2834//2834
f 2826//2826 2834//2834 2828//2828
f 2828//2828 2834//2834 2852//2852
f 2423//2423 2424//2424 2418//2418
f 2826//2826 2827//2827 2842//2842
f 2826//2826 2842//2842 2829//2829
f 2901//2901 2423//2423 2418//2418
f 2420//2420 2901//2901 2418//2418
f 2420//2420 233//233 2901//2901
f 2817//2817 233//233 232//232
f 233//233 2817//2817 2816//2816
f 2816//2816 2817//2817 2902//2902
f 2816//2816 2902//2902 2896//2896
f 2896//2896 2902//2902 2831//2831
f 2831//2831 2902//2902 2832//2832
f 2827//2827 2835//2835 2842//2842
f 2833//2833 2831//2831 2832//2832
f 2831//2831 2833//2833 2830//2830
f 2830//2830 2885//2885 2827//2827
f 2827//2827 2885//2885 2835//2835
f 4245//4245 4266//4266 4239//4239
f 4245//4245 4246//4246 4266//4266
f 4310//4310 4306//4306 4364//4364
f 4310//4310 4323//4323 4302//4302
f 4313//4313 4302//4302 4323//4323
f 4313//4313 4373//4373 4302//4302
f 4245//4245 4239//4239 4317//4317
f 4226//4226 4225//4225 4227//4227
f 4225//4225 4265//4265 4227//4227
f 4396//4396 4227//4227 4265//4265
f 1590//1590 1587//1587 1573//1573
f 1572//1572 1573//1573 1587//1587
f 4227//4227 4230//4230 4226//4226
f 4226//4226 4230//4230 4229//4229
f 1587//1587 1575//1575 1572//1572
f 4403//4403 4392//4392 4233//4233
f 4229//4229 4392//4392 4050//4050
f 4403//4403 4233//4233 3802//3802
f 3800//3800 3802//3802 4233//4233
f 1576//1576 944//944 1575//1575
f 3801//3801 3843//3843 3800//3800
f 939//939 946//946 947//947
f 947//947 944//944 939//939
f 3965//3965 3843//3843 3801//3801
f 992//992 914//914 917//917
f 937//937 914//914 992//992
f 992//992 943//943 937//937
f 913//913 912//912 892//892
f 892//892 917//917 914//914
f 892//892 914//914 913//913
f 846//846 880//880 987//987
f 987//987 880//880 912//912
f 4006//4006 3768//3768 3769//3769
f 4006//4006 3769//3769 3841//3841
f 3841//3841 1055//1055 4006//4006
f 910//910 889//889 848//848
f 910//910 890//890 889//889
f 848//848 849//849 846//846
f 848//848 846//846 910//910
f 872//872 871//871 874//874
f 872//872 874//874 873//873
f 395//395 470//470 393//393
f 372//372 370//370 373//373
f 394//394 380//380 393//393
f 558//558 569//569 470//470
f 470//470 1475//1475 1473//1473
f 569//569 1475//1475 470//470
f 377//377 376//376 375//375
f 373//373 375//375 372//372
f 373//373 374//374 375//375
f 382//382 383//383 338//338
f 383//383 382//382 384//384
f 384//384 382//382 379//379
f 379//379 382//382 377//377
f 379//379 377//377 378//378
f 1475//1475 1387//1387 1962//1962
f 1497//1497 1507//1507 1387//1387
f 465//465 3344//3344 3336//3336
f 3516//3516 3336//3336 3343//3343
f 1499//1499 1500//1500 1498//1498
f 1506//1506 1500//1500 1499//1499
f 3516//3516 3295//3295 3449//3449
f 1506//1506 1504//1504 1500//1500
f 3485//3485 3295//3295 3516//3516
f 1503//1503 1504//1504 1505//1505
f 1505//1505 2898//2898 1503//1503
f 3354//3354 3485//3485 3353//3353
f 2898//2898 2853//2853 1503//1503
f 2856//2856 2853//2853 2846//2846
f 2853//2853 2883//2883 2846//2846
f 2883//2883 2855//2855 2846//2846
f 2846//2846 2855//2855 2856//2856
f 2865//2865 2877//2877 2883//2883
f 2883//2883 2877//2877 2855//2855
f 281//281 283//283 280//280
f 3484//3484 283//283 281//281
f 2865//2865 2820//2820 2877//2877
f 2800//2800 2819//2819 2802//2802
f 2802//2802 2819//2819 2826//2826
f 2802//2802 2826//2826 2840//2840
f 2840//2840 2826//2826 2828//2828
f 2840//2840 2828//2828 2820//2820
f 2424//2424 288//288 281//281
f 2423//2423 288//288 2424//2424
f 2897//2897 2819//2819 2872//2872
f 2897//2897 2825//2825 2819//2819
f 2819//2819 2825//2825 2826//2826
f 2889//2889 2893//2893 2423//2423
f 2893//2893 288//288 2423//2423
f 2889//2889 233//233 2890//2890
f 2890//2890 2816//2816 2894//2894
f 233//233 2816//2816 2890//2890
f 2816//2816 2896//2896 2831//2831
f 2816//2816 2831//2831 2839//2839
f 2839//2839 2831//2831 2830//2830
f 2839//2839 2830//2830 2897//2897
f 2897//2897 2830//2830 2827//2827
f 2897//2897 2827//2827 2825//2825
f 2825//2825 2827//2827 2826//2826
f 2901//2901 2889//2889 2423//2423
f 2889//2889 2901//2901 233//233
f 4252//4252 4310//4310 4247//4247
f 4310//4310 4252//4252 4323//4323
f 4313//4313 4323//4323 4252//4252
f 4245//4245 4248//4248 4246//4246
f 4310//4310 4364//4364 4247//4247
f 4364//4364 4249//4249 4247//4247
f 1590//1590 4313//4313 1589//1589
f 4373//4373 4313//4313 1590//1590
f 4263//4263 4396//4396 4265//4265
f 4293//4293 4396//4396 4317//4317
f 4245//4245 4317//4317 4351//4351
f 4351//4351 4317//4317 4396//4396
f 4265//4265 4225//4225 4226//4226
f 1589//1589 1587//1587 1590//1590
f 4226//4226 4229//4229 4405//4405
f 4405//4405 4229//4229 4050//4050
f 1585//1585 1575//1575 1587//1587
f 4050//4050 4392//4392 4052//4052
f 4392//4392 4403//4403 4052//4052
f 1585//1585 1576//1576 1575//1575
f 4403//4403 3802//3802 3803//3803
f 3800//3800 3803//3803 3802//3802
f 1577//1577 944//944 1576//1576
f 3803//3803 3800//3800 3843//3843
f 943//943 946//946 939//939
f 943//943 939//939 938//938
f 3965//3965 3844//3844 3830//3830
f 937//937 943//943 938//938
f 937//937 938//938 914//914
f 3769//3769 3830//3830 3844//3844
f 3769//3769 3768//3768 3830//3830
f 912//912 918//918 987//987
f 913//913 914//914 912//912
f 846//846 847//847 1134//1134
f 846//846 987//987 918//918
f 846//846 918//918 845//845
f 847//847 874//874 910//910
f 1134//1134 910//910 846//846
f 878//878 4006//4006 1055//1055
f 1148//1148 878//878 1030//1030
f 873//873 874//874 1030//1030
f 396//396 393//393 371//371
f 395//395 558//558 470//470
f 372//372 353//353 370//370
f 371//371 370//370 368//368
f 370//370 353//353 368//368
f 370//370 371//371 380//380
f 380//380 371//371 393//393
f 1475//1475 569//569 558//558
f 382//382 381//381 377//377
f 377//377 372//372 376//376
f 381//381 372//372 377//377
f 375//375 376//376 372//372
f 1474//1474 1387//1387 1475//1475
f 320//320 323//323 324//324
f 323//323 383//383 386//386
f 320//320 383//383 323//323
f 383//383 336//336 338//338
f 1497//1497 1387//1387 1389//1389
f 323//323 482//482 324//324
f 323//323 465//465 482//482
f 1498//1498 1507//1507 1497//1497
f 465//465 3336//3336 482//482
f 482//482 3336//3336 3335//3335
f 3460//3460 3334//3334 3516//3516
f 3336//3336 3516//3516 3335//3335
f 3335//3335 3516//3516 3334//3334
f 1506//1506 1499//1499 1498//1498
f 3449//3449 3460//3460 3516//3516
f 2853//2853 2898//2898 2845//2845
f 3352//3352 3484//3484 3354//3354
f 3354//3354 3484//3484 3283//3283
f 2845//2845 2844//2844 2853//2853
f 2883//2883 2853//2853 2844//2844
f 2883//2883 2844//2844 2799//2799
f 2823//2823 2820//2820 2799//2799
f 2820//2820 2865//2865 2799//2799
f 2799//2799 2865//2865 2883//2883
f 281//281 3506//3506 3484//3484
f 2800//2800 2840//2840 2801//2801
f 2802//2802 2840//2840 2800//2800
f 2801//2801 2840//2840 2820//2820
f 2801//2801 2820//2820 2823//2823
f 281//281 292//292 3506//3506
f 2821//2821 2884//2884 2872//2872
f 2805//2805 2884//2884 2821//2821
f 2821//2821 2872//2872 2819//2819
f 2821//2821 2819//2819 2800//2800
f 297//297 2893//2893 2891//2891
f 2889//2889 271//271 2891//2891
f 2894//2894 2889//2889 2890//2890
f 2894//2894 271//271 2889//2889
f 2887//2887 2894//2894 2816//2816
f 2887//2887 2839//2839 2814//2814
f 2816//2816 2839//2839 2887//2887
f 2814//2814 2839//2839 2884//2884
f 2884//2884 2839//2839 2897//2897
f 2884//2884 2897//2897 2872//2872
f 287//287 281//281 288//288
f 297//297 288//288 2893//2893
f 2893//2893 2889//2889 2891//2891
f 4351//4351 4248//4248 4245//4245
f 4247//4247 4248//4248 4253//4253
f 4247//4247 4246//4246 4248//4248
f 4252//4252 4401//4401 4313//4313
f 4401//4401 4329//4329 4313//4313
f 4223//4223 4265//4265 4226//4226
f 4223//4223 4263//4263 4265//4265
f 4263//4263 4264//4264 4396//4396
f 4351//4351 4396//4396 4355//4355
f 4396//4396 4264//4264 4355//4355
f 4329//4329 1589//1589 4313//4313
f 4405//4405 4224//4224 4226//4226
f 4223//4223 4226//4226 4224//4224
f 1587//1587 1589//1589 1586//1586
f 4050//4050 4052//4052 4405//4405
f 1586//1586 1585//1585 1587//1587
f 4052//4052 4403//4403 4048//4048
f 4048//4048 4403//4403 4051//4051
f 4403//4403 3803//3803 4051//4051
f 1577//1577 967//967 944//944
f 3843//3843 3836//3836 3803//3803
f 944//944 936//936 939//939
f 3965//3965 3806//3806 3843//3843
f 938//938 939//939 936//936
f 935//935 1140//1140 914//914
f 914//914 938//938 935//935
f 1140//1140 918//918 912//912
f 912//912 914//914 1140//1140
f 844//844 847//847 846//846
f 844//844 846//846 845//845
f 845//845 918//918 844//844
f 3949//3949 3768//3768 4006//4006
f 3949//3949 4006//4006 3767//3767
f 1028//1028 1030//1030 874//874
f 910//910 1134//1134 847//847
f 3767//3767 4006//4006 878//878
f 824//824 3767//3767 878//878
f 825//825 824//824 878//878
f 826//826 878//878 1148//1148
f 826//826 825//825 878//878
f 393//393 558//558 395//395
f 396//396 558//558 393//393
f 369//369 372//372 381//381
f 372//372 369//369 353//353
f 1471//1471 1474//1474 558//558
f 558//558 1474//1474 1475//1475
f 336//336 337//337 338//338
f 335//335 337//337 336//336
f 338//338 381//381 382//382
f 1474//1474 1389//1389 1387//1387
f 322//322 324//324 471//471
f 322//322 320//320 324//324
f 383//383 320//320 336//336
f 1389//1389 1388//1388 1497//1497
f 1389//1389 1390//1390 1388//1388
f 482//482 471//471 324//324
f 3335//3335 3460//3460 482//482
f 3334//3334 3460//3460 3335//3335
f 1493//1493 1506//1506 1498//1498
f 1493//1493 1504//1504 1506//1506
f 3485//3485 3390//3390 3295//3295
f 3485//3485 3282//3282 3390//3390
f 3354//3354 3282//3282 3485//3485
f 248//248 2845//2845 2898//2898
f 3283//3283 3282//3282 3354//3354
f 2844//2844 2845//2845 2799//2799
f 2798//2798 2799//2799 2845//2845
f 3283//3283 3484//3484 3506//3506
f 2798//2798 2823//2823 2799//2799
f 2804//2804 2806//2806 2805//2805
f 2804//2804 2821//2821 2803//2803
f 2805//2805 2821//2821 2804//2804
f 2821//2821 2800//2800 2801//2801
f 2892//2892 2875//2875 2891//2891
f 271//271 2900//2900 2892//2892
f 2807//2807 2815//2815 2806//2806
f 2815//2815 2814//2814 2806//2806
f 2806//2806 2814//2814 2884//2884
f 2806//2806 2884//2884 2805//2805
f 281//281 284//284 292//292
f 2891//2891 2875//2875 297//297
f 271//271 2892//2892 2891//2891
f 2888//2888 2900//2900 271//271
f 2894//2894 2888//2888 271//271
f 2888//2888 2894//2894 2887//2887
f 2815//2815 2887//2887 2814//2814
f 284//284 281//281 287//287
f 286//286 284//284 288//288
f 284//284 287//287 288//288
f 288//288 297//297 295//295
f 289//289 286//286 288//288
f 289//289 288//288 295//295
f 4260//4260 4253//4253 4248//4248
f 4324//4324 4253//4253 4260//4260
f 4253//4253 4324//4324 4247//4247
f 4247//4247 4324//4324 4252//4252
f 4324//4324 4401//4401 4252//4252
f 4355//4355 4259//4259 4351//4351
f 4262//4262 4259//4259 4355//4355
f 4329//4329 4401//4401 1588//1588
f 4223//4223 4389//4389 4263//4263
f 4355//4355 4264//4264 4262//4262
f 4264//4264 4263//4263 4262//4262
f 4329//4329 1588//1588 1589//1589
f 4223//4223 4224//4224 4261//4261
f 1588//1588 1586//1586 1589//1589
f 4405//4405 4052//4052 4224//4224
f 4224//4224 4052//4052 4048//4048
f 1922//1922 1576//1576 1585//1585
f 4051//4051 3803//3803 4053//4053
f 4053//4053 3803//3803 3805//3805
f 1577//1577 1578//1578 967//967
f 1577//1577 1576//1576 1578//1578
f 3803//3803 3836//3836 3805//3805
f 967//967 940//940 944//944
f 3843//3843 3805//3805 3836//3836
f 940//940 936//936 944//944
f 936//936 935//935 938//938
f 3965//3965 3830//3830 3806//3806
f 1140//1140 934//934 918//918
f 3949//3949 3832//3832 3830//3830
f 3949//3949 3830//3830 3768//3768
f 844//844 918//918 929//929
f 822//822 1028//1028 874//874
f 1013//1013 874//874 847//847
f 1013//1013 822//822 874//874
f 1148//1148 1030//1030 1028//1028
f 1029//1029 1148//1148 1028//1028
f 353//353 352//352 368//368
f 396//396 368//368 354//354
f 368//368 352//352 354//354
f 368//368 396//396 371//371
f 396//396 401//401 558//558
f 558//558 401//401 493//493
f 1471//1471 558//558 493//493
f 381//381 350//350 369//369
f 349//349 350//350 381//381
f 369//369 350//350 353//353
f 1471//1471 1389//1389 1474//1474
f 321//321 336//336 320//320
f 331//331 336//336 321//321
f 336//336 333//333 335//335
f 331//331 333//333 336//336
f 348//348 338//338 335//335
f 338//338 337//337 335//335
f 338//338 348//348 381//381
f 381//381 348//348 349//349
f 320//320 471//471 321//321
f 320//320 322//322 471//471
f 471//471 482//482 3333//3333
f 482//482 3460//3460 3333//3333
f 1491//1491 1498//1498 1497//1497
f 3449//3449 3333//3333 3460//3460
f 1491//1491 1493//1493 1498//1498
f 3295//3295 3293//3293 3449//3449
f 3295//3295 3478//3478 3293//3293
f 1493//1493 1505//1505 1504//1504
f 2898//2898 1505//1505 1493//1493
f 3390//3390 3478//3478 3295//3295
f 2898//2898 250//250 252//252
f 252//252 248//248 2898//2898
f 3428//3428 3282//3282 3283//3283
f 2841//2841 2798//2798 248//248
f 2798//2798 2845//2845 248//248
f 3283//3283 3497//3497 3428//3428
f 2798//2798 2824//2824 2823//2823
f 3506//3506 3497//3497 3283//3283
f 3506//3506 3514//3514 3497//3497
f 2808//2808 2710//2710 2813//2813
f 2806//2806 2858//2858 2808//2808
f 2803//2803 2810//2810 2806//2806
f 2810//2810 2803//2803 2821//2821
f 2822//2822 2821//2821 2801//2801
f 2822//2822 2810//2810 2821//2821
f 2822//2822 2823//2823 2824//2824
f 2801//2801 2823//2823 2822//2822
f 3506//3506 292//292 3351//3351
f 3514//3514 3506//3506 3351//3351
f 2899//2899 2900//2900 270//270
f 2813//2813 2899//2899 270//270
f 2808//2808 2807//2807 2806//2806
f 2806//2806 2804//2804 2803//2803
f 2875//2875 2892//2892 2899//2899
f 2899//2899 2892//2892 2900//2900
f 269//269 270//270 2900//2900
f 269//269 2813//2813 270//270
f 2813//2813 269//269 2887//2887
f 2813//2813 2887//2887 2815//2815
f 2813//2813 2815//2815 2808//2808
f 2808//2808 2815//2815 2807//2807
f 297//297 2876//2876 296//296
f 297//297 2875//2875 2876//2876
f 2888//2888 269//269 2900//2900
f 269//269 2888//2888 2887//2887
f 295//295 296//296 286//286
f 295//295 297//297 296//296
f 286//286 289//289 295//295
f 4324//4324 4250//4250 4401//4401
f 4260//4260 4248//4248 4254//4254
f 4248//4248 4259//4259 4254//4254
f 4248//4248 4351//4351 4259//4259
f 4251//4251 4401//4401 4250//4250
f 4262//4262 4263//4263 4298//4298
f 4298//4298 4263//4263 4389//4389
f 4049//4049 4224//4224 4048//4048
f 4400//4400 4224//4224 4049//4049
f 4400//4400 4352//4352 4224//4224
f 4261//4261 4224//4224 4389//4389
f 4389//4389 4224//4224 4352//4352
f 1588//1588 1585//1585 1586//1586
f 4048//4048 4059//4059 4049//4049
f 4048//4048 4051//4051 4059//4059
f 4051//4051 4053//4053 4059//4059
f 1579//1579 1576//1576 1922//1922
f 4055//4055 4053//4053 3805//3805
f 1578//1578 1576//1576 1579//1579
f 4055//4055 3805//3805 3975//3975
f 1578//1578 940//940 967//967
f 3843//3843 3975//3975 3805//3805
f 1074//1074 936//936 940//940
f 3806//3806 3807//3807 3843//3843
f 3830//3830 3807//3807 3806//3806
f 3830//3830 3808//3808 3807//3807
f 935//935 934//934 1140//1140
f 935//935 933//933 934//934
f 3832//3832 3808//3808 3830//3830
f 932//932 929//929 918//918
f 918//918 934//934 933//933
f 918//918 933//933 932//932
f 1091//1091 1013//1013 847//847
f 1101//1101 847//847 844//844
f 1101//1101 1091//1091 847//847
f 843//843 1101//1101 844//844
f 3766//3766 3832//3832 3949//3949
f 3766//3766 3949//3949 3767//3767
f 3767//3767 3765//3765 3766//3766
f 822//822 821//821 1028//1028
f 1127//1127 3765//3765 3767//3767
f 824//824 1127//1127 3767//3767
f 824//824 825//825 826//826
f 821//821 1148//1148 1029//1029
f 821//821 826//826 1148//1148
f 1029//1029 1028//1028 821//821
f 354//354 385//385 396//396
f 351//351 385//385 354//354
f 385//385 401//401 396//396
f 347//347 349//349 342//342
f 354//354 352//352 351//351
f 352//352 353//353 351//351
f 493//493 1496//1496 1471//1471
f 335//335 339//339 348//348
f 334//334 339//339 335//335
f 339//339 349//349 348//348
f 350//350 349//349 347//347
f 350//350 347//347 353//353
f 1496//1496 1389//1389 1471//1471
f 1390//1390 1389//1389 1496//1496
f 335//335 333//333 331//331
f 329//329 471//471 3288//3288
f 471//471 329//329 321//321
f 3288//3288 471//471 3333//3333
f 1391//1391 1491//1491 1388//1388
f 1388//1388 1491//1491 1497//1497
f 3288//3288 3333//3333 3294//3294
f 3449//3449 3294//3294 3333//3333
f 3293//3293 3294//3294 3449//3449
f 2898//2898 1493//1493 249//249
f 249//249 250//250 2898//2898
f 3282//3282 3280//3280 3390//3390
f 250//250 253//253 252//252
f 3428//3428 3280//3280 3282//3282
f 253//253 261//261 248//248
f 252//252 253//253 248//248
f 261//261 254//254 248//248
f 254//254 2841//2841 248//248
f 2710//2710 2709//2709 2862//2862
f 2824//2824 2798//2798 254//254
f 254//254 2798//2798 2841//2841
f 2773//2773 2864//2864 2863//2863
f 2863//2863 2864//2864 2899//2899
f 2863//2863 2899//2899 2862//2862
f 2862//2862 2899//2899 2813//2813
f 2862//2862 2813//2813 2710//2710
f 2711//2711 2710//2710 2808//2808
f 2808//2808 2858//2858 2711//2711
f 2810//2810 2858//2858 2806//2806
f 2810//2810 2822//2822 2824//2824
f 2748//2748 2876//2876 2864//2864
f 2876//2876 2875//2875 2864//2864
f 2864//2864 2875//2875 2899//2899
f 3514//3514 3351//3351 292//292
f 3517//3517 3514//3514 292//292
f 2748//2748 28//28 2876//2876
f 284//284 290//290 292//292
f 290//290 3517//3517 292//292
f 28//28 296//296 2876//2876
f 284//284 285//285 290//290
f 286//286 285//285 284//284
f 296//296 285//285 286//286
f 4260//4260 4368//4368 4324//4324
f 4324//4324 4251//4251 4250//4250
f 4368//4368 4251//4251 4324//4324
f 4298//4298 4259//4259 4262//4262
f 4251//4251 4278//4278 4401//4401
f 4261//4261 4389//4389 4223//4223
f 4298//4298 4389//4389 4377//4377
f 1594//1594 1583//1583 4401//4401
f 4401//4401 1583//1583 1588//1588
f 1583//1583 1584//1584 1588//1588
f 1588//1588 1584//1584 1585//1585
f 1922//1922 1585//1585 1584//1584
f 4049//4049 4059//4059 4354//4354
f 4055//4055 4054//4054 4053//4053
f 4059//4059 4053//4053 4054//4054
f 1580//1580 940//940 1578//1578
f 1578//1578 1579//1579 1580//1580
f 3843//3843 3827//3827 3975//3975
f 942//942 1074//1074 940//940
f 3807//3807 3808//3808 3843//3843
f 936//936 941//941 935//935
f 936//936 1074//1074 941//941
f 935//935 941//941 933//933
f 3832//3832 3809//3809 3808//3808
f 926//926 925//925 929//929
f 1013//1013 1091//1091 840//840
f 843//843 844//844 929//929
f 843//843 929//929 1101//1101
f 3765//3765 3832//3832 3766//3766
f 3811//3811 3832//3832 3765//3765
f 822//822 1013//1013 840//840
f 821//821 822//822 840//840
f 1138//1138 1127//1127 824//824
f 1126//1126 824//824 826//826
f 1126//1126 826//826 821//821
f 821//821 820//820 1126//1126
f 428//428 351//351 345//345
f 428//428 355//355 351//351
f 351//351 401//401 385//385
f 342//342 346//346 347//347
f 347//347 346//346 353//353
f 351//351 353//353 345//345
f 353//353 346//346 345//345
f 1470//1470 493//493 401//401
f 330//330 335//335 331//331
f 334//334 335//335 330//330
f 342//342 349//349 341//341
f 349//349 334//334 341//341
f 349//349 339//339 334//334
f 321//321 325//325 331//331
f 328//328 325//325 321//321
f 1388//1388 1390//1390 1495//1495
f 3291//3291 329//329 3288//3288
f 321//321 329//329 328//328
f 1495//1495 1391//1391 1388//1388
f 3276//3276 3288//3288 3294//3294
f 27//27 251//251 249//249
f 27//27 249//249 1493//1493
f 3390//3390 3280//3280 3478//3478
f 255//255 258//258 250//250
f 250//250 249//249 251//251
f 250//250 251//251 255//255
f 250//250 258//258 253//253
f 3428//3428 3281//3281 3280//3280
f 3428//3428 3299//3299 3281//3281
f 258//258 261//261 253//253
f 2895//2895 254//254 261//261
f 3497//3497 3299//3299 3428//3428
f 2695//2695 2773//2773 2863//2863
f 2863//2863 2862//2862 2695//2695
f 2862//2862 2709//2709 29//29
f 2711//2711 2709//2709 2710//2710
f 2858//2858 2809//2809 2711//2711
f 2873//2873 2811//2811 2810//2810
f 2873//2873 2810//2810 2895//2895
f 2895//2895 2810//2810 2824//2824
f 2895//2895 2824//2824 254//254
f 2695//2695 2862//2862 230//230
f 230//230 2862//2862 29//29
f 2809//2809 2858//2858 2810//2810
f 2809//2809 2810//2810 2811//2811
f 2748//2748 2864//2864 2773//2773
f 2748//2748 2773//2773 2747//2747
f 102//102 226//226 103//103
f 290//290 291//291 3517//3517
f 293//293 28//28 2748//2748
f 103//103 226//226 225//225
f 285//285 293//293 290//290
f 293//293 285//285 296//296
f 293//293 296//296 28//28
f 4255//4255 4254//4254 4259//4259
f 4254//4254 4255//4255 4260//4260
f 4255//4255 4316//4316 4260//4260
f 4316//4316 4368//4368 4260//4260
f 4368//4368 4278//4278 4251//4251
f 4389//4389 4394//4394 4377//4377
f 4394//4394 4298//4298 4377//4377
f 4298//4298 4257//4257 4259//4259
f 4255//4255 4259//4259 4257//4257
f 4368//4368 4390//4390 4278//4278
f 4278//4278 1594//1594 4401//4401
f 4352//4352 4374//4374 4389//4389
f 4400//4400 4374//4374 4352//4352
f 4374//4374 4394//4394 4389//4389
f 4049//4049 4354//4354 4400//4400
f 1922//1922 1584//1584 1583//1583
f 1922//1922 1583//1583 1582//1582
f 4054//4054 4057//4057 4059//4059
f 4354//4354 4059//4059 4058//4058
f 4058//4058 4059//4059 4057//4057
f 4056//4056 4054//4054 4055//4055
f 1579//1579 1922//1922 1580//1580
f 3827//3827 3826//3826 3975//3975
f 4055//4055 3975//3975 4056//4056
f 4056//4056 3975//3975 3826//3826
f 1580//1580 977//977 940//940
f 942//942 940//940 977//977
f 942//942 977//977 1886//1886
f 3843//3843 3810//3810 3827//3827
f 1886//1886 1074//1074 942//942
f 3808//3808 3810//3810 3843//3843
f 933//933 941//941 932//932
f 3811//3811 3809//3809 3832//3832
f 925//925 1101//1101 929//929
f 929//929 932//932 931//931
f 929//929 931//931 926//926
f 3809//3809 3811//3811 3835//3835
f 838//838 840//840 1091//1091
f 3811//3811 3764//3764 3835//3835
f 3811//3811 3765//3765 3764//3764
f 1080//1080 820//820 821//821
f 1096//1096 1080//1080 821//821
f 821//821 840//840 1096//1096
f 961//961 3765//3765 1127//1127
f 961//961 3764//3764 3765//3765
f 823//823 1138//1138 824//824
f 823//823 824//824 1126//1126
f 1126//1126 820//820 1080//1080
f 345//345 344//344 428//428
f 351//351 446//446 401//401
f 355//355 446//446 351//351
f 401//401 575//575 1470//1470
f 446//446 575//575 401//401
f 345//345 346//346 343//343
f 346//346 342//342 343//343
f 1480//1480 1983//1983 1470//1470
f 1983//1983 493//493 1470//1470
f 1983//1983 1496//1496 493//493
f 364//364 330//330 331//331
f 334//334 332//332 341//341
f 1983//1983 1390//1390 1496//1496
f 1495//1495 1390//1390 1983//1983
f 328//328 326//326 325//325
f 331//331 325//325 326//326
f 3276//3276 3275//3275 3288//3288
f 3291//3291 3288//3288 3275//3275
f 1391//1391 1493//1493 1491//1491
f 1489//1489 1493//1493 1490//1490
f 3294//3294 3309//3309 3276//3276
f 1489//1489 27//27 1493//1493
f 3309//3309 3294//3294 3297//3297
f 27//27 1489//1489 257//257
f 3478//3478 3294//3294 3293//3293
f 3478//3478 3280//3280 3294//3294
f 251//251 257//257 255//255
f 27//27 257//257 251//251
f 259//259 260//260 258//258
f 259//259 261//261 260//260
f 260//260 261//261 258//258
f 2873//2873 2720//2720 2811//2811
f 2873//2873 259//259 2874//2874
f 259//259 2873//2873 2895//2895
f 259//259 2895//2895 261//261
f 3497//3497 3514//3514 3299//3299
f 2701//2701 2773//2773 2695//2695
f 2709//2709 2711//2711 2788//2788
f 2812//2812 2711//2711 2809//2809
f 2812//2812 2788//2788 2711//2711
f 2812//2812 2811//2811 2720//2720
f 2809//2809 2811//2811 2812//2812
f 2747//2747 2773//2773 2701//2701
f 2694//2694 2701//2701 2695//2695
f 2709//2709 230//230 29//29
f 230//230 2709//2709 104//104
f 2709//2709 228//228 227//227
f 228//228 2709//2709 2788//2788
f 3517//3517 3391//3391 3514//3514
f 102//102 104//104 2709//2709
f 2709//2709 227//227 102//102
f 293//293 2748//2748 2747//2747
f 293//293 2747//2747 2759//2759
f 224//224 104//104 103//103
f 103//103 104//104 102//102
f 227//227 226//226 102//102
f 294//294 290//290 293//293
f 294//294 291//291 290//290
f 224//224 103//103 225//225
f 224//224 225//225 226//226
f 4257//4257 4256//4256 4255//4255
f 4316//4316 4390//4390 4368//4368
f 4394//4394 4220//4220 4298//4298
f 4220//4220 4221//4221 4298//4298
f 4298//4298 4258//4258 4257//4257
f 4221//4221 4258//4258 4298//4298
f 4390//4390 4279//4279 4278//4278
f 4278//4278 4279//4279 1594//1594
f 1594//1594 1670//1670 1583//1583
f 1583//1583 1670//1670 1668//1668
f 4057//4057 4354//4354 4058//4058
f 4354//4354 4295//4295 4400//4400
f 1668//1668 1581//1581 1583//1583
f 1582//1582 1583//1583 1581//1581
f 4057//4057 4054//4054 4391//4391
f 1581//1581 1922//1922 1582//1582
f 4391//4391 4054//4054 4056//4056
f 1580//1580 1922//1922 1581//1581
f 1580//1580 1581//1581 1885//1885
f 1885//1885 977//977 1580//1580
f 3827//3827 3810//3810 3826//3826
f 945//945 1074//1074 1886//1886
f 941//941 1074//1074 945//945
f 932//932 941//941 945//945
f 932//932 945//945 931//931
f 1091//1091 1101//1101 927//927
f 1101//1101 925//925 927//927
f 927//927 925//925 926//926
f 926//926 931//931 927//927
f 1096//1096 840//840 829//829
f 840//840 828//828 829//829
f 830//830 840//840 838//838
f 830//830 828//828 840//840
f 3835//3835 3764//3764 3834//3834
f 3834//3834 3764//3764 963//963
f 955//955 1127//1127 1138//1138
f 955//955 961//961 1127//1127
f 990//990 1138//1138 823//823
f 1126//1126 1080//1080 819//819
f 1126//1126 819//819 823//823
f 344//344 343//343 342//342
f 343//343 344//344 345//345
f 428//428 344//344 363//363
f 446//446 355//355 428//428
f 1480//1480 1470//1470 575//575
f 340//340 332//332 357//357
f 332//332 340//340 341//341
f 342//342 341//341 340//340
f 1983//1983 1480//1480 1495//1495
f 366//366 331//331 326//326
f 391//391 331//331 366//366
f 391//391 364//364 331//331
f 332//332 334//334 357//357
f 334//334 364//364 357//357
f 334//334 330//330 364//364
f 328//328 329//329 30//30
f 326//326 328//328 30//30
f 1477//1477 1391//1391 1495//1495
f 3275//3275 30//30 3291//3291
f 3291//3291 30//30 329//329
f 1391//1391 1490//1490 1493//1493
f 3276//3276 3309//3309 3275//3275
f 3275//3275 3309//3309 3297//3297
f 3294//3294 3280//3280 3297//3297
f 1488//1488 256//256 257//257
f 1488//1488 257//257 1489//1489
f 255//255 257//257 263//263
f 257//257 256//256 263//263
f 34//34 3488//3488 3280//3280
f 263//263 265//265 258//258
f 263//263 258//258 255//255
f 3281//3281 34//34 3280//3280
f 259//259 258//258 265//265
f 3299//3299 34//34 3281//3281
f 3299//3299 3298//3298 34//34
f 2874//2874 2713//2713 2873//2873
f 2874//2874 259//259 265//265
f 2720//2720 2873//2873 2713//2713
f 3298//3298 3299//3299 3391//3391
f 3299//3299 3514//3514 3391//3391
f 2788//2788 2720//2720 2721//2721
f 2733//2733 2788//2788 2721//2721
f 2720//2720 2788//2788 2812//2812
f 2694//2694 2695//2695 230//230
f 230//230 104//104 2694//2694
f 2788//2788 227//227 228//228
f 3517//3517 298//298 3391//3391
f 2747//2747 2743//2743 2745//2745
f 3517//3517 291//291 298//298
f 2759//2759 2747//2747 2745//2745
f 104//104 224//224 223//223
f 223//223 226//226 227//227
f 223//223 227//227 229//229
f 298//298 291//291 303//303
f 303//303 291//291 294//294
f 303//303 294//294 2759//2759
f 2759//2759 294//294 293//293
f 223//223 224//224 226//226
f 4255//4255 4256//4256 4316//4316
f 4279//4279 4390//4390 4316//4316
f 4222//4222 4220//4220 4394//4394
f 4256//4256 4257//4257 4258//4258
f 1669//1669 1670//1670 4279//4279
f 1594//1594 4279//4279 1670//1670
f 4296//4296 4295//4295 4354//4354
f 4295//4295 4296//4296 4400//4400
f 4296//4296 4374//4374 4400//4400
f 4394//4394 4374//4374 4222//4222
f 4057//4057 4297//4297 4354//4354
f 4047//4047 4297//4297 4057//4057
f 4296//4296 4354//4354 4297//4297
f 4363//4363 4391//4391 4056//4056
f 4363//4363 4057//4057 4391//4391
f 1885//1885 1581//1581 1668//1668
f 4056//4056 3826//3826 4363//4363
f 3810//3810 3829//3829 3826//3826
f 977//977 976//976 1886//1886
f 976//976 945//945 1886//1886
f 3809//3809 3812//3812 3808//3808
f 1094//1094 930//930 931//931
f 35//35 1094//1094 931//931
f 931//931 945//945 978//978
f 931//931 978//978 35//35
f 927//927 931//931 930//930
f 3831//3831 3809//3809 3835//3835
f 3835//3835 3834//3834 3831//3831
f 1091//1091 927//927 836//836
f 1091//1091 836//836 838//838
f 818//818 819//819 1080//1080
f 928//928 818//818 1080//1080
f 928//928 1080//1080 1096//1096
f 1096//1096 829//829 928//928
f 962//962 3764//3764 961//961
f 962//962 963//963 3764//3764
f 959//959 955//955 1138//1138
f 960//960 1138//1138 990//990
f 960//960 959//959 1138//1138
f 823//823 819//819 818//818
f 823//823 818//818 990//990
f 363//363 360//360 428//428
f 360//360 446//446 428//428
f 342//342 358//358 344//344
f 361//361 358//358 342//342
f 363//363 344//344 360//360
f 360//360 344//344 359//359
f 1404//1404 575//575 446//446
f 1480//1480 575//575 1404//1404
f 357//357 356//356 340//340
f 342//342 340//340 361//361
f 1404//1404 1495//1495 1480//1480
f 366//366 367//367 391//391
f 1476//1476 1477//1477 1495//1495
f 552//552 326//326 30//30
f 366//366 326//326 327//327
f 3503//3503 552//552 3275//3275
f 552//552 30//30 3275//3275
f 1393//1393 1492//1492 1391//1391
f 1391//1391 1492//1492 1490//1490
f 3275//3275 3297//3297 3503//3503
f 1492//1492 1489//1489 1490//1490
f 3297//3297 3286//3286 3503//3503
f 1488//1488 1489//1489 1494//1494
f 3280//3280 3286//3286 3297//3297
f 3280//3280 3488//3488 3286//3286
f 256//256 1494//1494 2729//2729
f 1488//1488 1494//1494 256//256
f 2728//2728 256//256 2729//2729
f 263//263 256//256 2728//2728
f 265//265 2728//2728 264//264
f 263//263 2728//2728 265//265
f 265//265 266//266 2874//2874
f 2713//2713 2874//2874 2712//2712
f 2719//2719 2721//2721 2720//2720
f 2720//2720 2713//2713 2719//2719
f 3486//3486 301//301 3298//3298
f 3486//3486 3298//3298 3391//3391
f 2733//2733 2721//2721 2719//2719
f 2743//2743 2747//2747 2701//2701
f 2693//2693 2701//2701 2694//2694
f 2693//2693 2743//2743 2701//2701
f 2702//2702 2693//2693 2694//2694
f 227//227 2733//2733 318//318
f 2788//2788 2733//2733 227//227
f 104//104 318//318 2702//2702
f 104//104 2702//2702 2694//2694
f 318//318 229//229 227//227
f 298//298 303//303 302//302
f 302//302 303//303 2759//2759
f 302//302 2759//2759 2744//2744
f 2744//2744 2759//2759 2745//2745
f 223//223 318//318 104//104
f 318//318 223//223 229//229
f 4319//4319 4288//4288 4256//4256
f 4288//4288 31//31 4256//4256
f 4256//4256 31//31 4316//4316
f 4256//4256 4258//4258 4319//4319
f 4258//4258 4221//4221 4319//4319
f 31//31 32//32 4316//4316
f 32//32 4279//4279 4316//4316
f 4297//4297 4037//4037 4296//4296
f 4374//4374 4296//4296 4037//4037
f 1668//1668 1670//1670 1669//1669
f 4047//4047 4057//4057 4046//4046
f 4046//4046 4057//4057 4363//4363
f 1884//1884 1885//1885 1668//1668
f 3829//3829 4075//4075 3826//3826
f 3826//3826 4075//4075 4363//4363
f 1102//1102 945//945 976//976
f 3808//3808 3812//3812 3810//3810
f 978//978 945//945 1102//1102
f 3809//3809 3816//3816 3812//3812
f 989//989 836//836 927//927
f 927//927 930//930 1094//1094
f 927//927 1094//1094 989//989
f 3816//3816 3809//3809 3831//3831
f 3831//3831 3834//3834 3816//3816
f 3816//3816 3834//3834 3833//3833
f 829//829 828//828 830//830
f 838//838 836//836 989//989
f 838//838 989//989 830//830
f 3760//3760 3833//3833 3834//3834
f 3834//3834 963//963 3760//3760
f 928//928 829//829 827//827
f 3762//3762 3760//3760 963//963
f 962//962 961//961 955//955
f 404//404 360//360 359//359
f 359//359 344//344 358//358
f 1403//1403 1402//1402 446//446
f 446//446 1402//1402 1404//1404
f 364//364 365//365 357//357
f 391//391 365//365 364//364
f 356//356 357//357 33//33
f 340//340 356//356 361//361
f 1404//1404 1476//1476 1495//1495
f 327//327 326//326 552//552
f 1477//1477 1393//1393 1391//1391
f 552//552 3503//3503 3285//3285
f 3273//3273 3285//3285 3503//3503
f 3286//3286 3273//3273 3503//3503
f 1492//1492 1486//1486 1494//1494
f 1492//1492 1494//1494 1489//1489
f 1494//1494 1486//1486 1487//1487
f 2728//2728 2729//2729 1494//1494
f 2728//2728 1494//1494 2727//2727
f 264//264 2728//2728 2725//2725
f 2728//2728 2724//2724 2725//2725
f 2728//2728 262//262 2724//2724
f 2728//2728 2727//2727 262//262
f 2874//2874 266//266 2726//2726
f 265//265 2725//2725 2724//2724
f 2726//2726 265//265 2724//2724
f 266//266 265//265 2726//2726
f 2725//2725 265//265 264//264
f 3298//3298 3277//3277 34//34
f 3298//3298 301//301 3277//3277
f 2713//2713 2631//2631 2719//2719
f 2631//2631 2712//2712 2726//2726
f 2713//2713 2712//2712 2631//2631
f 2726//2726 2712//2712 2874//2874
f 301//301 3486//3486 299//299
f 2733//2733 2719//2719 2616//2616
f 2733//2733 2616//2616 2762//2762
f 3486//3486 3391//3391 299//299
f 2745//2745 2699//2699 2750//2750
f 2698//2698 2745//2745 2743//2743
f 2698//2698 2699//2699 2745//2745
f 2697//2697 2698//2698 2743//2743
f 318//318 2733//2733 2762//2762
f 318//318 2762//2762 2702//2702
f 3391//3391 298//298 302//302
f 3391//3391 302//302 300//300
f 302//302 2744//2744 2750//2750
f 2744//2744 2745//2745 2750//2750
f 31//31 4288//4288 4330//4330
f 4037//4037 4035//4035 4374//4374
f 4374//4374 4035//4035 4222//4222
f 4222//4222 4035//4035 4220//4220
f 4035//4035 4219//4219 4220//4220
f 4220//4220 4219//4219 4221//4221
f 4299//4299 4319//4319 4277//4277
f 4319//4319 4219//4219 4277//4277
f 4319//4319 4221//4221 4219//4219
f 31//31 4330//4330 32//32
f 4279//4279 1671//1671 1669//1669
f 32//32 1671//1671 4279//4279
f 4297//4297 4322//4322 4037//4037
f 4346//4346 4322//4322 4297//4297
f 4297//4297 4047//4047 4346//4346
f 4346//4346 4047//4047 4046//4046
f 1669//1669 1884//1884 1668//1668
f 4363//4363 4060//4060 4045//4045
f 4046//4046 4363//4363 4045//4045
f 4075//4075 4069//4069 4363//4363
f 3828//3828 4069//4069 4075//4075
f 1887//1887 1885//1885 1884//1884
f 3829//3829 3828//3828 4075//4075
f 1887//1887 977//977 1885//1885
f 976//976 977//977 1102//1102
f 3810//3810 3970//3970 3829//3829
f 3970//3970 3810//3810 3815//3815
f 3810//3810 3812//3812 3815//3815
f 975//975 35//35 978//978
f 978//978 1102//1102 975//975
f 972//972 989//989 1094//1094
f 1094//1094 35//35 972//972
f 833//833 829//829 830//830
f 830//830 989//989 833//833
f 960//960 990//990 818//818
f 817//817 960//960 818//818
f 817//817 818//818 928//928
f 928//928 827//827 817//817
f 3762//3762 3761//3761 3760//3760
f 965//965 3762//3762 963//963
f 965//965 963//963 962//962
f 958//958 959//959 960//960
f 958//958 955//955 959//959
f 359//359 412//412 404//404
f 362//362 412//412 359//359
f 404//404 412//412 360//360
f 360//360 1403//1403 446//446
f 412//412 1403//1403 360//360
f 33//33 392//392 356//356
f 356//356 392//392 361//361
f 361//361 392//392 358//358
f 359//359 358//358 392//392
f 1402//1402 1403//1403 1404//1404
f 1476//1476 1404//1404 1403//1403
f 1476//1476 1403//1403 1401//1401
f 402//402 391//391 403//403
f 402//402 365//365 391//391
f 33//33 357//357 365//365
f 1401//1401 1477//1477 1476//1476
f 327//327 403//403 366//366
f 391//391 367//367 403//403
f 367//367 366//366 403//403
f 489//489 421//421 552//552
f 327//327 552//552 419//419
f 419//419 552//552 421//421
f 552//552 3285//3285 489//489
f 1395//1395 1393//1393 1392//1392
f 3285//3285 3273//3273 3272//3272
f 1395//1395 1492//1492 1393//1393
f 3488//3488 3278//3278 3286//3286
f 1487//1487 2727//2727 1494//1494
f 3488//3488 3277//3277 3278//3278
f 34//34 3277//3277 3488//3488
f 262//262 2726//2726 2724//2724
f 262//262 2727//2727 2783//2783
f 2631//2631 2726//2726 2630//2630
f 2726//2726 2723//2723 2630//2630
f 301//301 3279//3279 3277//3277
f 2779//2779 2616//2616 2719//2719
f 2779//2779 2763//2763 2616//2616
f 2719//2719 2631//2631 2779//2779
f 3540//3540 3433//3433 301//301
f 300//300 301//301 299//299
f 300//300 3540//3540 301//301
f 2626//2626 2696//2696 2693//2693
f 3391//3391 300//300 299//299
f 2697//2697 2693//2693 2696//2696
f 2743//2743 2693//2693 2697//2697
f 36//36 2626//2626 2693//2693
f 2702//2702 2762//2762 2616//2616
f 36//36 2702//2702 2616//2616
f 2693//2693 2702//2702 36//36
f 302//302 2746//2746 300//300
f 2746//2746 302//302 2750//2750
f 4299//4299 4398//4398 4319//4319
f 4319//4319 4398//4398 4288//4288
f 4288//4288 4398//4398 4330//4330
f 4286//4286 4330//4330 4398//4398
f 4037//4037 4032//4032 4035//4035
f 4032//4032 4034//4034 4035//4035
f 4277//4277 4219//4219 4299//4299
f 4299//4299 4219//4219 4035//4035
f 4286//4286 32//32 4330//4330
f 4286//4286 4280//4280 32//32
f 4280//4280 1671//1671 32//32
f 4037//4037 4322//4322 4032//4032
f 4032//4032 4322//4322 4346//4346
f 4045//4045 4042//4042 4046//4046
f 4346//4346 4046//4046 4044//4044
f 4044//4044 4046//4046 4042//4042
f 1671//1671 1884//1884 1669//1669
f 4363//4363 4069//4069 4060//4060
f 4060//4060 4069//4069 3828//3828
f 3829//3829 4071//4071 3828//3828
f 1909//1909 977//977 1887//1887
f 3824//3824 4071//4071 3829//3829
f 1102//1102 977//977 1909//1909
f 3970//3970 3824//3824 3829//3829
f 974//974 975//975 1102//1102
f 3824//3824 3970//3970 3815//3815
f 975//975 974//974 35//35
f 3815//3815 3812//3812 3816//3816
f 972//972 35//35 974//974
f 831//831 833//833 989//989
f 834//834 989//989 1131//1131
f 834//834 831//831 989//989
f 1131//1131 989//989 972//972
f 1131//1131 972//972 834//834
f 3760//3760 3818//3818 3816//3816
f 3760//3760 3816//3816 3833//3833
f 1141//1141 817//817 827//827
f 837//837 1141//1141 827//827
f 835//835 827//827 829//829
f 835//835 837//837 827//827
f 833//833 835//835 829//829
f 3759//3759 3758//3758 3760//3760
f 3763//3763 3760//3760 3761//3761
f 3763//3763 3759//3759 3760//3760
f 3762//3762 3763//3763 3761//3761
f 3846//3846 3762//3762 965//965
f 3846//3846 3763//3763 3762//3762
f 956//956 965//965 962//962
f 956//956 962//962 955//955
f 958//958 960//960 951//951
f 958//958 951//951 955//955
f 435//435 359//359 392//392
f 435//435 362//362 359//359
f 362//362 1403//1403 412//412
f 407//407 33//33 413//413
f 33//33 407//407 392//392
f 1405//1405 1481//1481 1403//1403
f 1481//1481 1401//1401 1403//1403
f 402//402 403//403 365//365
f 33//33 365//365 413//413
f 365//365 403//403 413//413
f 1401//1401 1478//1478 1477//1477
f 419//419 418//418 327//327
f 327//327 422//422 403//403
f 418//418 422//422 327//327
f 1400//1400 1477//1477 1478//1478
f 1395//1395 1477//1477 1400//1400
f 419//419 421//421 439//439
f 1395//1395 1392//1392 1477//1477
f 1477//1477 1392//1392 1393//1393
f 3272//3272 3271//3271 3285//3285
f 489//489 3285//3285 421//421
f 421//421 3285//3285 3271//3271
f 1486//1486 1492//1492 1395//1395
f 3273//3273 3274//3274 3272//3272
f 3286//3286 3274//3274 3273//3273
f 1485//1485 2727//2727 1487//1487
f 1485//1485 2707//2707 2727//2727
f 1485//1485 1487//1487 1486//1486
f 2783//2783 2727//2727 2707//2707
f 2726//2726 262//262 2723//2723
f 3457//3457 3277//3277 3279//3279
f 3393//3393 3277//3277 3457//3457
f 3279//3279 301//301 3457//3457
f 2660//2660 2629//2629 2631//2631
f 2660//2660 2631//2631 2630//2630
f 2630//2630 2723//2723 2660//2660
f 3433//3433 3457//3457 301//301
f 2614//2614 2616//2616 2763//2763
f 2779//2779 2631//2631 2629//2629
f 2779//2779 2629//2629 2763//2763
f 2626//2626 2616//2616 2614//2614
f 2749//2749 3540//3540 300//300
f 2749//2749 300//300 2746//2746
f 2775//2775 2750//2750 2699//2699
f 2775//2775 2700//2700 2750//2750
f 2697//2697 2696//2696 2626//2626
f 2697//2697 2626//2626 2698//2698
f 2626//2626 36//36 2616//2616
f 4398//4398 4299//4299 4320//4320
f 4286//4286 4398//4398 4287//4287
f 4032//4032 4033//4033 4034//4034
f 4034//4034 4038//4038 4035//4035
f 4320//4320 4035//4035 4038//4038
f 4035//4035 4320//4320 4299//4299
f 4280//4280 1672//1672 1671//1671
f 4346//4346 4044//4044 4042//4042
f 4041//4041 4346//4346 4042//4042
f 4041//4041 4040//4040 4346//4346
f 4032//4032 4346//4346 4039//4039
f 4346//4346 4031//4031 4039//4039
f 1672//1672 1907//1907 1671//1671
f 1907//1907 1884//1884 1671//1671
f 4045//4045 4060//4060 4042//4042
f 4042//4042 4060//4060 4070//4070
f 1907//1907 1887//1887 1884//1884
f 4071//4071 4072//4072 3828//3828
f 4072//4072 4365//4365 3828//3828
f 4060//4060 3828//3828 4070//4070
f 4070//4070 3828//3828 4365//4365
f 969//969 974//974 1102//1102
f 1102//1102 1909//1909 1888//1888
f 1102//1102 1888//1888 969//969
f 3815//3815 3814//3814 3824//3824
f 970//970 974//974 968//968
f 3816//3816 3814//3814 3815//3815
f 971//971 834//834 972//972
f 972//972 974//974 970//970
f 972//972 970//970 971//971
f 3818//3818 3825//3825 3816//3816
f 3758//3758 3818//3818 3760//3760
f 3758//3758 3759//3759 3763//3763
f 1043//1043 952//952 951//951
f 973//973 951//951 960//960
f 973//973 960//960 817//817
f 817//817 1141//1141 973//973
f 964//964 3846//3846 965//965
f 952//952 956//956 955//955
f 955//955 951//951 952//952
f 435//435 451//451 362//362
f 451//451 1405//1405 362//362
f 362//362 1405//1405 1403//1403
f 449//449 392//392 407//407
f 392//392 449//449 435//435
f 1405//1405 1401//1401 1481//1481
f 422//422 414//414 403//403
f 413//413 403//403 406//406
f 406//406 403//403 414//414
f 1401//1401 1400//1400 1478//1478
f 420//420 419//419 439//439
f 1527//1527 1395//1395 1400//1400
f 439//439 421//421 420//420
f 421//421 3271//3271 420//420
f 3272//3272 3274//3274 3271//3271
f 1394//1394 1486//1486 1395//1395
f 1483//1483 1486//1486 1394//1394
f 3286//3286 3278//3278 3274//3274
f 1485//1485 1486//1486 1484//1484
f 2707//2707 1484//1484 2691//2691
f 1485//1485 1484//1484 2707//2707
f 3277//3277 3399//3399 3278//3278
f 2691//2691 2783//2783 2707//2707
f 3393//3393 3399//3399 3277//3277
f 2723//2723 262//262 2783//2783
f 2723//2723 2783//2783 2791//2791
f 2723//2723 2791//2791 2660//2660
f 2706//2706 2629//2629 2660//2660
f 2763//2763 2615//2615 2614//2614
f 2763//2763 2629//2629 2617//2617
f 3540//3540 2675//2675 3433//3433
f 2790//2790 2675//2675 3540//3540
f 2614//2614 2777//2777 2626//2626
f 2749//2749 2790//2790 3540//3540
f 2740//2740 2749//2749 2746//2746
f 2740//2740 2746//2746 2750//2750
f 2740//2740 2700//2700 37//37
f 2750//2750 2700//2700 2740//2740
f 2698//2698 2626//2626 2777//2777
f 2698//2698 2777//2777 2699//2699
f 4320//4320 4292//4292 4398//4398
f 4292//4292 4341//4341 4398//4398
f 4398//4398 4294//4294 4287//4287
f 4341//4341 4294//4294 4398//4398
f 4285//4285 4286//4286 4287//4287
f 4320//4320 4038//4038 4034//4034
f 4285//4285 4282//4282 4286//4286
f 4286//4286 4282//4282 4280//4280
f 4042//4042 4043//4043 4041//4041
f 4040//4040 4031//4031 4346//4346
f 4039//4039 4031//4031 4032//4032
f 4043//4043 4042//4042 4061//4061
f 4042//4042 4070//4070 4061//4061
f 1909//1909 1887//1887 1907//1907
f 4072//4072 4071//4071 3813//3813
f 3824//3824 3813//3813 4071//4071
f 974//974 969//969 968//968
f 3816//3816 3825//3825 3814//3814
f 3814//3814 3825//3825 3818//3818
f 837//837 835//835 833//833
f 971//971 833//833 831//831
f 971//971 837//837 833//833
f 831//831 834//834 971//971
f 1142//1142 1141//1141 837//837
f 1142//1142 814//814 1141//1141
f 3757//3757 3847//3847 3758//3758
f 973//973 1141//1141 816//816
f 3846//3846 3757//3757 3758//3758
f 3846//3846 3758//3758 3763//3763
f 966//966 964//964 965//965
f 957//957 965//965 956//956
f 957//957 966//966 965//965
f 957//957 956//956 952//952
f 417//417 449//449 407//407
f 449//449 436//436 435//435
f 436//436 451//451 435//435
f 451//451 1469//1469 1405//1405
f 413//413 417//417 407//407
f 1405//1405 1400//1400 1401//1401
f 1469//1469 1400//1400 1405//1405
f 427//427 422//422 423//423
f 422//422 427//427 414//414
f 445//445 419//419 420//420
f 418//418 423//423 422//422
f 445//445 420//420 3270//3270
f 420//420 3271//3271 3270//3270
f 3284//3284 40//40 3274//3274
f 3271//3271 3274//3274 40//40
f 3274//3274 3287//3287 3284//3284
f 3278//3278 3287//3287 3274//3274
f 1484//1484 1486//1486 1483//1483
f 2691//2691 1484//1484 2690//2690
f 2692//2692 2791//2791 2783//2783
f 2783//2783 2691//2691 2692//2692
f 3393//3393 3432//3432 3399//3399
f 3457//3457 3432//3432 3393//3393
f 3457//3457 3431//3431 3432//3432
f 2660//2660 2661//2661 2706//2706
f 2660//2660 2791//2791 2661//2661
f 3433//3433 3431//3431 3457//3457
f 3431//3431 3433//3433 2675//2675
f 3431//3431 2675//2675 3539//3539
f 2617//2617 2615//2615 2763//2763
f 2671//2671 3539//3539 2675//2675
f 2789//2789 2675//2675 2790//2790
f 2778//2778 2740//2740 37//37
f 2775//2775 2778//2778 37//37
f 2614//2614 2615//2615 2777//2777
f 2749//2749 2789//2789 2790//2790
f 37//37 2700//2700 2775//2775
f 2775//2775 2699//2699 2608//2608
f 2608//2608 2699//2699 2777//2777
f 4287//4287 4294//4294 4289//4289
f 4285//4285 4287//4287 4289//4289
f 4031//4031 4030//4030 4032//4032
f 4032//4032 4030//4030 4033//4033
f 4030//4030 4034//4034 4033//4033
f 4034//4034 4300//4300 4320//4320
f 4294//4294 4341//4341 4289//4289
f 4289//4289 4283//4283 4285//4285
f 4283//4283 4282//4282 4285//4285
f 4040//4040 4041//4041 4031//4031
f 1673//1673 1672//1672 4280//4280
f 1899//1899 1907//1907 1672//1672
f 4061//4061 4070//4070 4365//4365
f 4383//4383 4365//4365 4072//4072
f 4072//4072 3813//3813 4073//4073
f 3824//3824 3968//3968 3813//3813
f 38//38 968//968 969//969
f 38//38 969//969 1888//1888
f 3814//3814 3968//3968 3824//3824
f 842//842 841//841 970//970
f 970//970 968//968 842//842
f 3819//3819 3814//3814 3818//3818
f 3817//3817 3814//3814 3819//3819
f 839//839 832//832 971//971
f 971//971 970//970 841//841
f 971//971 841//841 839//839
f 971//971 832//832 837//837
f 3847//3847 3819//3819 3818//3818
f 3847//3847 3818//3818 3758//3758
f 952//952 1105//1105 957//957
f 1043//1043 1105//1105 952//952
f 1043//1043 951//951 973//973
f 816//816 1141//1141 814//814
f 816//816 814//814 973//973
f 3847//3847 3757//3757 3846//3846
f 966//966 3846//3846 964//964
f 966//966 1026//1026 3846//3846
f 436//436 539//539 451//451
f 416//416 414//414 427//427
f 414//414 415//415 406//406
f 416//416 415//415 414//414
f 406//406 415//415 413//413
f 458//458 417//417 413//413
f 451//451 1660//1660 1469//1469
f 1469//1469 1660//1660 1400//1400
f 1400//1400 1660//1660 1527//1527
f 418//418 424//424 423//423
f 445//445 429//429 419//419
f 419//419 424//424 418//418
f 429//429 424//424 419//419
f 1395//1395 1527//1527 1396//1396
f 445//445 3270//3270 3269//3269
f 1395//1395 1396//1396 1394//1394
f 1394//1394 1396//1396 1397//1397
f 3270//3270 3271//3271 3269//3269
f 1482//1482 1394//1394 1397//1397
f 1482//1482 1483//1483 1394//1394
f 3284//3284 39//39 40//40
f 3278//3278 3284//3284 3287//3287
f 3278//3278 3268//3268 3284//3284
f 1631//1631 2690//2690 1484//1484
f 1484//1484 1483//1483 1631//1631
f 3521//3521 3268//3268 3278//3278
f 3399//3399 3521//3521 3278//3278
f 3399//3399 3264//3264 3521//3521
f 2692//2692 2691//2691 2690//2690
f 3432//3432 3264//3264 3399//3399
f 2661//2661 2791//2791 2692//2692
f 2661//2661 2692//2692 2678//2678
f 2628//2628 2629//2629 2706//2706
f 2678//2678 2706//2706 2661//2661
f 2678//2678 2628//2628 2706//2706
f 2628//2628 2617//2617 2629//2629
f 2628//2628 2621//2621 2617//2617
f 2618//2618 2615//2615 2617//2617
f 2618//2618 2619//2619 2615//2615
f 2671//2671 2675//2675 2789//2789
f 2627//2627 2671//2671 2789//2789
f 2740//2740 2778//2778 2611//2611
f 2606//2606 2778//2778 2775//2775
f 2606//2606 2775//2775 2608//2608
f 2777//2777 2615//2615 2619//2619
f 2777//2777 2619//2619 2613//2613
f 2749//2749 2627//2627 2789//2789
f 2627//2627 2749//2749 2740//2740
f 2627//2627 2740//2740 2611//2611
f 4291//4291 4292//4292 4320//4320
f 4292//4292 4291//4291 4395//4395
f 4036//4036 4030//4030 4031//4031
f 4030//4030 4300//4300 4034//4034
f 4320//4320 4300//4300 4291//4291
f 4292//4292 4395//4395 4341//4341
f 4341//4341 4283//4283 4289//4289
f 4283//4283 4284//4284 4282//4282
f 1673//1673 4280//4280 4282//4282
f 1673//1673 4282//4282 1674//1674
f 4061//4061 4081//4081 4043//4043
f 4081//4081 4082//4082 4043//4043
f 4043//4043 4082//4082 4041//4041
f 4031//4031 4041//4041 4036//4036
f 4036//4036 4041//4041 4082//4082
f 1672//1672 1673//1673 1674//1674
f 1674//1674 1899//1899 1672//1672
f 4062//4062 4061//4061 4365//4365
f 4062//4062 4194//4194 4061//4061
f 4062//4062 4365//4365 4383//4383
f 1899//1899 1909//1909 1907//1907
f 1880//1880 1909//1909 1899//1899
f 4383//4383 4072//4072 4067//4067
f 4067//4067 4072//4072 4073//4073
f 1880//1880 1888//1888 1909//1909
f 3968//3968 4074//4074 3813//3813
f 4073//4073 3813//3813 4074//4074
f 38//38 1888//1888 1880//1880
f 38//38 1880//1880 1879//1879
f 1879//1879 968//968 38//38
f 842//842 968//968 993//993
f 839//839 841//841 842//842
f 812//812 1142//1142 837//837
f 988//988 812//812 837//837
f 837//837 832//832 839//839
f 837//837 839//839 988//988
f 3847//3847 4015//4015 3819//3819
f 815//815 973//973 814//814
f 3947//3947 3756//3756 3847//3847
f 957//957 954//954 953//953
f 957//957 1105//1105 954//954
f 3848//3848 3947//3947 3847//3847
f 3848//3848 3847//3847 3846//3846
f 1037//1037 3846//3846 1026//1026
f 1037//1037 3848//3848 3846//3846
f 953//953 966//966 957//957
f 458//458 425//425 417//417
f 417//417 425//425 449//449
f 451//451 539//539 1406//1406
f 458//458 413//413 415//415
f 451//451 1406//1406 1660//1660
f 1406//1406 1527//1527 1660//1660
f 423//423 438//438 427//427
f 424//424 438//438 423//423
f 426//426 427//427 438//438
f 1399//1399 1527//1527 1406//1406
f 1399//1399 1397//1397 1527//1527
f 1396//1396 1527//1527 1397//1397
f 445//445 3269//3269 442//442
f 3269//3269 3271//3271 3522//3522
f 3522//3522 3271//3271 40//40
f 1631//1631 1483//1483 1482//1482
f 3284//3284 3522//3522 39//39
f 3268//3268 3522//3522 3284//3284
f 39//39 3522//3522 40//40
f 1456//1456 2690//2690 1631//1631
f 1456//1456 2686//2686 2690//2690
f 3268//3268 3521//3521 3263//3263
f 2690//2690 2686//2686 2689//2689
f 3264//3264 3263//3263 3521//3521
f 2692//2692 2690//2690 2689//2689
f 2692//2692 2689//2689 2688//2688
f 2678//2678 2692//2692 2688//2688
f 3431//3431 3264//3264 3432//3432
f 3431//3431 3266//3266 3264//3264
f 2634//2634 2628//2628 2678//2678
f 3538//3538 3266//3266 3431//3431
f 3431//3431 3539//3539 3538//3538
f 2621//2621 2622//2622 2617//2617
f 2618//2618 2617//2617 2622//2622
f 2618//2618 2622//2622 2619//2619
f 2674//2674 3538//3538 3539//3539
f 2670//2670 3539//3539 2671//2671
f 2670//2670 2674//2674 3539//3539
f 2670//2670 2627//2627 2761//2761
f 2670//2670 2671//2671 2627//2627
f 2787//2787 2608//2608 2777//2777
f 2787//2787 2606//2606 2608//2608
f 2612//2612 2777//2777 2613//2613
f 2612//2612 2787//2787 2777//2777
f 2613//2613 2619//2619 2612//2612
f 4036//4036 4029//4029 4030//4030
f 4300//4300 4395//4395 4291//4291
f 4300//4300 4030//4030 4395//4395
f 4395//4395 4290//4290 4341//4341
f 4341//4341 4284//4284 4283//4283
f 4290//4290 4284//4284 4341//4341
f 4284//4284 4281//4281 4282//4282
f 4281//4281 1674//1674 4282//4282
f 4083//4083 4081//4081 4061//4061
f 4081//4081 4083//4083 4082//4082
f 4083//4083 4080//4080 4082//4082
f 4061//4061 4194//4194 4083//4083
f 1675//1675 1899//1899 1674//1674
f 4062//4062 4383//4383 4067//4067
f 4074//4074 4066//4066 4073//4073
f 4066//4066 4068//4068 4073//4073
f 4067//4067 4073//4073 4215//4215
f 4215//4215 4073//4073 4068//4068
f 1879//1879 1880//1880 1676//1676
f 3968//3968 3822//3822 4074//4074
f 1015//1015 968//968 1879//1879
f 3814//3814 3822//3822 3968//3968
f 3814//3814 3823//3823 3822//3822
f 993//993 968//968 1015//1015
f 3817//3817 3823//3823 3814//3814
f 1076//1076 996//996 842//842
f 842//842 993//993 1076//1076
f 3819//3819 4015//4015 3817//3817
f 839//839 842//842 996//996
f 839//839 996//996 988//988
f 812//812 814//814 1142//1142
f 3755//3755 4015//4015 3847//3847
f 3847//3847 3756//3756 3755//3755
f 584//584 1105//1105 1043//1043
f 1044//1044 584//584 1043//1043
f 1043//1043 973//973 815//815
f 1043//1043 815//815 1044//1044
f 953//953 954//954 966//966
f 416//416 458//458 415//415
f 539//539 449//449 1406//1406
f 436//436 449//449 539//539
f 427//427 434//434 416//416
f 426//426 434//434 427//427
f 449//449 1479//1479 1406//1406
f 429//429 440//440 424//424
f 424//424 437//437 438//438
f 440//440 437//437 424//424
f 1468//1468 1399//1399 1406//1406
f 442//442 429//429 445//445
f 1397//1397 1399//1399 1398//1398
f 442//442 3269//3269 432//432
f 432//432 3269//3269 3262//3262
f 1397//1397 1398//1398 1985//1985
f 1985//1985 1482//1482 1397//1397
f 3259//3259 3262//3262 3522//3522
f 3269//3269 3522//3522 3262//3262
f 1457//1457 1631//1631 1482//1482
f 1456//1456 1631//1631 1457//1457
f 1456//1456 1457//1457 1455//1455
f 1455//1455 2686//2686 1456//1456
f 3263//3263 3257//3257 3268//3268
f 2688//2688 2689//2689 2686//2686
f 2688//2688 2686//2686 2687//2687
f 2668//2668 2652//2652 2688//2688
f 2652//2652 2678//2678 2688//2688
f 3266//3266 3487//3487 3264//3264
f 2634//2634 2621//2621 2628//2628
f 2652//2652 2634//2634 2678//2678
f 2672//2672 3266//3266 3538//3538
f 2633//2633 2612//2612 2619//2619
f 2619//2619 2622//2622 2623//2623
f 2619//2619 2623//2623 2633//2633
f 2672//2672 3538//3538 2674//2674
f 2605//2605 2611//2611 2778//2778
f 2605//2605 2602//2602 2611//2611
f 2605//2605 2778//2778 2606//2606
f 2620//2620 2761//2761 2627//2627
f 2620//2620 2627//2627 2611//2611
f 4029//4029 4028//4028 4030//4030
f 4030//4030 4028//4028 4395//4395
f 4284//4284 1874//1874 4281//4281
f 4281//4281 1874//1874 1674//1674
f 4215//4215 4399//4399 4062//4062
f 4399//4399 4194//4194 4062//4062
f 4083//4083 4194//4194 4198//4198
f 1880//1880 1899//1899 1675//1675
f 4062//4062 4067//4067 4215//4215
f 1676//1676 1880//1880 1675//1675
f 4066//4066 4074//4074 3821//3821
f 1677//1677 1881//1881 1879//1879
f 1879//1879 1676//1676 1677//1677
f 3822//3822 3821//3821 4074//4074
f 1881//1881 1015//1015 1879//1879
f 993//993 1015//1015 1076//1076
f 4015//4015 4014//4014 3817//3817
f 988//988 996//996 812//812
f 4015//4015 3755//3755 4014//4014
f 813//813 815//815 814//814
f 813//813 814//814 812//812
f 1084//1084 1044//1044 815//815
f 1075//1075 1084//1084 815//815
f 3756//3756 3947//3947 3952//3952
f 587//587 954//954 1105//1105
f 587//587 586//586 954//954
f 605//605 3952//3952 3947//3947
f 595//595 3947//3947 3848//3848
f 595//595 605//605 3947//3947
f 589//589 595//595 3848//3848
f 589//589 3848//3848 1037//1037
f 1068//1068 1026//1026 966//966
f 966//966 954//954 586//586
f 966//966 586//586 1068//1068
f 441//441 458//458 416//416
f 425//425 1407//1407 449//449
f 438//438 437//437 426//426
f 441//441 416//416 434//434
f 1407//1407 1468//1468 449//449
f 449//449 1468//1468 1479//1479
f 1479//1479 1468//1468 1406//1406
f 1399//1399 1468//1468 1398//1398
f 430//430 429//429 442//442
f 3262//3262 444//444 432//432
f 3260//3260 3262//3262 3259//3259
f 1455//1455 1482//1482 1985//1985
f 1457//1457 1482//1482 1455//1455
f 3268//3268 3259//3259 3522//3522
f 3268//3268 3257//3257 3259//3259
f 1454//1454 2686//2686 1455//1455
f 3263//3263 3505//3505 3257//3257
f 2682//2682 2688//2688 2687//2687
f 3487//3487 3263//3263 3264//3264
f 2668//2668 2688//2688 2682//2682
f 3266//3266 3265//3265 3487//3487
f 2621//2621 2634//2634 2624//2624
f 3265//3265 3266//3266 3537//3537
f 2623//2623 2622//2622 2624//2624
f 2624//2624 2622//2622 2621//2621
f 3537//3537 3266//3266 2672//2672
f 3537//3537 2672//2672 2674//2674
f 2624//2624 2612//2612 2633//2633
f 2633//2633 2623//2623 2624//2624
f 2670//2670 2673//2673 2674//2674
f 2611//2611 2602//2602 2620//2620
f 2605//2605 2606//2606 2607//2607
f 2607//2607 2787//2787 2612//2612
f 2606//2606 2787//2787 2607//2607
f 2757//2757 2674//2674 2673//2673
f 2757//2757 2673//2673 2670//2670
f 2761//2761 2757//2757 2670//2670
f 2786//2786 2757//2757 2761//2761
f 2604//2604 2605//2605 2607//2607
f 4082//4082 4388//4388 4036//4036
f 4080//4080 4388//4388 4082//4082
f 4388//4388 4029//4029 4036//4036
f 4029//4029 4027//4027 4028//4028
f 4028//4028 4022//4022 4395//4395
f 4395//4395 4356//4356 4290//4290
f 4022//4022 4356//4356 4395//4395
f 4290//4290 4356//4356 4284//4284
f 4356//4356 1874//1874 4284//4284
f 4084//4084 4083//4083 4198//4198
f 4083//4083 4345//4345 4080//4080
f 4079//4079 4080//4080 4345//4345
f 1873//1873 1675//1675 1874//1874
f 1874//1874 1675//1675 1674//1674
f 4194//4194 4084//4084 4198//4198
f 4399//4399 4084//4084 4194//4194
f 4068//4068 4340//4340 4215//4215
f 4063//4063 4340//4340 4068//4068
f 4399//4399 4215//4215 4340//4340
f 4068//4068 4066//4066 4063//4063
f 4066//4066 3821//3821 4065//4065
f 1881//1881 1677//1677 1676//1676
f 3822//3822 3823//3823 3821//3821
f 994//994 1015//1015 1881//1881
f 1076//1076 1015//1015 994//994
f 3817//3817 4014//4014 3823//3823
f 996//996 1076//1076 994//994
f 996//996 994//994 1056//1056
f 812//812 996//996 1056//1056
f 812//812 1056//1056 811//811
f 4014//4014 3755//3755 3748//3748
f 813//813 1075//1075 815//815
f 813//813 812//812 811//811
f 813//813 811//811 1075//1075
f 3748//3748 3755//3755 3756//3756
f 1095//1095 1044//1044 1084//1084
f 585//585 587//587 1105//1105
f 585//585 586//586 587//587
f 584//584 585//585 1105//1105
f 583//583 584//584 1044//1044
f 1069//1069 3952//3952 605//605
f 588//588 1037//1037 1026//1026
f 588//588 589//589 1037//1037
f 610//610 1026//1026 1068//1068
f 610//610 588//588 1026//1026
f 1068//1068 586//586 610//610
f 458//458 441//441 41//41
f 458//458 472//472 425//425
f 1407//1407 1467//1467 1468//1468
f 430//430 433//433 429//429
f 429//429 447//447 440//440
f 433//433 447//447 429//429
f 1398//1398 1468//1468 1467//1467
f 430//430 442//442 431//431
f 442//442 432//432 431//431
f 3261//3261 450//450 3262//3262
f 444//444 3262//3262 450//450
f 1933//1933 1985//1985 1398//1398
f 3260//3260 3261//3261 3262//3262
f 1453//1453 1455//1455 1985//1985
f 3260//3260 3259//3259 3258//3258
f 1418//1418 1455//1455 1453//1453
f 3257//3257 3258//3258 3259//3259
f 3257//3257 3505//3505 3258//3258
f 1418//1418 1454//1454 1455//1455
f 2686//2686 2685//2685 2687//2687
f 2686//2686 1454//1454 2685//2685
f 3263//3263 3256//3256 3505//3505
f 3263//3263 3487//3487 3256//3256
f 2682//2682 2687//2687 2685//2685
f 2668//2668 2682//2682 2669//2669
f 2632//2632 2624//2624 2634//2634
f 2634//2634 2652//2652 2668//2668
f 2634//2634 2668//2668 2666//2666
f 3536//3536 3265//3265 3537//3537
f 2767//2767 2625//2625 2624//2624
f 2767//2767 2624//2624 2632//2632
f 2674//2674 3536//3536 3537//3537
f 2635//2635 2612//2612 2624//2624
f 2635//2635 2609//2609 2612//2612
f 2653//2653 2635//2635 2624//2624
f 2624//2624 2625//2625 2653//2653
f 2677//2677 3536//3536 2674//2674
f 3544//3544 2677//2677 2674//2674
f 3544//3544 2674//2674 2676//2676
f 2609//2609 2610//2610 2607//2607
f 2607//2607 2612//2612 2609//2609
f 2676//2676 2674//2674 2757//2757
f 2715//2715 2786//2786 2761//2761
f 2603//2603 2761//2761 2620//2620
f 2603//2603 2715//2715 2761//2761
f 2602//2602 2603//2603 2620//2620
f 2602//2602 2604//2604 2607//2607
f 2605//2605 2604//2604 2602//2602
f 4356//4356 4357//4357 1874//1874
f 4357//4357 1873//1873 1874//1874
f 4084//4084 4085//4085 4083//4083
f 4083//4083 4086//4086 4345//4345
f 4085//4085 4086//4086 4083//4083
f 1873//1873 1680//1680 1675//1675
f 4184//4184 4092//4092 4399//4399
f 1675//1675 1875//1875 1966//1966
f 1675//1675 1680//1680 1875//1875
f 1966//1966 1676//1676 1675//1675
f 4399//4399 4340//4340 4184//4184
f 4184//4184 4340//4340 4063//4063
f 1676//1676 1966//1966 1875//1875
f 1878//1878 1676//1676 1875//1875
f 4063//4063 4066//4066 4064//4064
f 1881//1881 1676//1676 1878//1878
f 1881//1881 1878//1878 1678//1678
f 3820//3820 4406//4406 3821//3821
f 4065//4065 3821//3821 4406//4406
f 3823//3823 3820//3820 3821//3821
f 995//995 994//994 1881//1881
f 4014//4014 3933//3933 3823//3823
f 1056//1056 994//994 995//995
f 1099//1099 1095//1095 1075//1075
f 1075//1075 811//811 1099//1099
f 3748//3748 3756//3756 3849//3849
f 1031//1031 584//584 583//583
f 1044//1044 1031//1031 583//583
f 1084//1084 1075//1075 1095//1095
f 3754//3754 3849//3849 3756//3756
f 3754//3754 3756//3756 3952//3952
f 3952//3952 1069//1069 3754//3754
f 614//614 610//610 586//586
f 594//594 586//586 585//585
f 594//594 614//614 586//586
f 590//590 595//595 589//589
f 1034//1034 590//590 589//589
f 458//458 494//494 472//472
f 41//41 494//494 458//458
f 472//472 494//494 425//425
f 425//425 1408//1408 1407//1407
f 494//494 1408//1408 425//425
f 447//447 437//437 440//440
f 437//437 460//460 426//426
f 460//460 42//42 426//426
f 426//426 42//42 434//434
f 441//441 434//434 41//41
f 41//41 434//434 42//42
f 1408//1408 1409//1409 1407//1407
f 1409//1409 1467//1467 1407//1407
f 443//443 430//430 431//431
f 430//430 443//443 433//433
f 1409//1409 1451//1451 1467//1467
f 1467//1467 1451//1451 1953//1953
f 555//555 444//444 450//450
f 431//431 432//432 443//443
f 443//443 432//432 444//444
f 1398//1398 1467//1467 1933//1933
f 1467//1467 1953//1953 1933//1933
f 1985//1985 1933//1933 1953//1953
f 450//450 3260//3260 3452//3452
f 450//450 3261//3261 3260//3260
f 1953//1953 1453//1453 1985//1985
f 3505//3505 3452//3452 3258//3258
f 3258//3258 3452//3452 3260//3260
f 3487//3487 3254//3254 3256//3256
f 3256//3256 3254//3254 3505//3505
f 2685//2685 1454//1454 1638//1638
f 2682//2682 2685//2685 1638//1638
f 3265//3265 3252//3252 3487//3487
f 2666//2666 2632//2632 2634//2634
f 2653//2653 2625//2625 2767//2767
f 2653//2653 2767//2767 2635//2635
f 3544//3544 3536//3536 2677//2677
f 2609//2609 2735//2735 2610//2610
f 2602//2602 2607//2607 2610//2610
f 2774//2774 2602//2602 2610//2610
f 2715//2715 2603//2603 2601//2601
f 4345//4345 4078//4078 4079//4079
f 4090//4090 4078//4078 4345//4345
f 4079//4079 4078//4078 4080//4080
f 4080//4080 4350//4350 4388//4388
f 4078//4078 4350//4350 4080//4080
f 4029//4029 4214//4214 4027//4027
f 4388//4388 4214//4214 4029//4029
f 4028//4028 4025//4025 4022//4022
f 4027//4027 4025//4025 4028//4028
f 4022//4022 4357//4357 4356//4356
f 1680//1680 1873//1873 4357//4357
f 1680//1680 4357//4357 1679//1679
f 4399//4399 4085//4085 4084//4084
f 4086//4086 4085//4085 4345//4345
f 4090//4090 4345//4345 4085//4085
f 4184//4184 4063//4063 4064//4064
f 4065//4065 4217//4217 4066//4066
f 4347//4347 4217//4217 4065//4065
f 4064//4064 4066//4066 4217//4217
f 1878//1878 1683//1683 1678//1678
f 4065//4065 4406//4406 4347//4347
f 1683//1683 1881//1881 1678//1678
f 1918//1918 1881//1881 1683//1683
f 1918//1918 995//995 1881//1881
f 4014//4014 4013//4013 3933//3933
f 707//707 618//618 1056//1056
f 1056//1056 995//995 707//707
f 4014//4014 3850//3850 4013//4013
f 811//811 616//616 619//619
f 811//811 618//618 616//616
f 811//811 1056//1056 618//618
f 3748//3748 3850//3850 4014//4014
f 1095//1095 1099//1099 690//690
f 619//619 1099//1099 811//811
f 3850//3850 3748//3748 3849//3849
f 607//607 1031//1031 1044//1044
f 607//607 1095//1095 690//690
f 1044//1044 1095//1095 607//607
f 3850//3850 3849//3849 3754//3754
f 3754//3754 1069//1069 3751//3751
f 585//585 584//584 594//594
f 1034//1034 589//589 588//588
f 588//588 610//610 1034//1034
f 41//41 42//42 495//495
f 494//494 41//41 495//495
f 496//496 437//437 447//447
f 437//437 473//473 460//460
f 496//496 473//473 437//437
f 1411//1411 1409//1409 1408//1408
f 443//443 501//501 433//433
f 496//496 447//447 433//433
f 1410//1410 1451//1451 1409//1409
f 555//555 549//549 444//444
f 549//549 457//457 444//444
f 444//444 457//457 443//443
f 3452//3452 3451//3451 450//450
f 555//555 450//450 549//549
f 549//549 450//450 3451//3451
f 1418//1418 1453//1453 1953//1953
f 3505//3505 3451//3451 3452//3452
f 3254//3254 3255//3255 3505//3505
f 1417//1417 1454//1454 1418//1418
f 3253//3253 3267//3267 3254//3254
f 3255//3255 3254//3254 3267//3267
f 1638//1638 1454//1454 1417//1417
f 3487//3487 3253//3253 3254//3254
f 2682//2682 2667//2667 2669//2669
f 2682//2682 1638//1638 1931//1931
f 2682//2682 1931//1931 2667//2667
f 3252//3252 3251//3251 3487//3487
f 2668//2668 2667//2667 2666//2666
f 2668//2668 2669//2669 2667//2667
f 3289//3289 3252//3252 3265//3265
f 2666//2666 2667//2667 2665//2665
f 3536//3536 3289//3289 3265//3265
f 2666//2666 2638//2638 2767//2767
f 2767//2767 2632//2632 2666//2666
f 44//44 3536//3536 3544//3544
f 44//44 3289//3289 3536//3536
f 2735//2735 2609//2609 2639//2639
f 2638//2638 2609//2609 2635//2635
f 2638//2638 2639//2639 2609//2609
f 2635//2635 2767//2767 2638//2638
f 2610//2610 2735//2735 2639//2639
f 2641//2641 2610//2610 2639//2639
f 3544//3544 2676//2676 2768//2768
f 2757//2757 2768//2768 2676//2676
f 2600//2600 2603//2603 2602//2602
f 2600//2600 2601//2601 2603//2603
f 2774//2774 2600//2600 2602//2602
f 2756//2756 2768//2768 2757//2757
f 2786//2786 2756//2756 2757//2757
f 2760//2760 2756//2756 2786//2786
f 2714//2714 2786//2786 2715//2715
f 2714//2714 2760//2760 2786//2786
f 4214//4214 4388//4388 4078//4078
f 4388//4388 4350//4350 4078//4078
f 4076//4076 4026//4026 4214//4214
f 4026//4026 4027//4027 4214//4214
f 4027//4027 4022//4022 4025//4025
f 4022//4022 4024//4024 4357//4357
f 4024//4024 1679//1679 4357//4357
f 4092//4092 4191//4191 4399//4399
f 4399//4399 4091//4091 4085//4085
f 4191//4191 4091//4091 4399//4399
f 1680//1680 1679//1679 43//43
f 43//43 1875//1875 1680//1680
f 4094//4094 4093//4093 4184//4184
f 4184//4184 4191//4191 4092//4092
f 4093//4093 4191//4191 4184//4184
f 1878//1878 1875//1875 43//43
f 4184//4184 4064//4064 4094//4094
f 4094//4094 4064//4064 4217//4217
f 1684//1684 1878//1878 43//43
f 4182//4182 4217//4217 4347//4347
f 1684//1684 1683//1683 1878//1878
f 3823//3823 4190//4190 4406//4406
f 3823//3823 4406//4406 3820//3820
f 995//995 1918//1918 998//998
f 998//998 707//707 995//995
f 708//708 618//618 707//707
f 1099//1099 607//607 690//690
f 1099//1099 619//619 616//616
f 584//584 1031//1031 1033//1033
f 607//607 1050//1050 1031//1031
f 3751//3751 3749//3749 3850//3850
f 3751//3751 3850//3850 3754//3754
f 1034//1034 1039//1039 591//591
f 610//610 594//594 1033//1033
f 614//614 594//594 610//610
f 1033//1033 594//594 584//584
f 615//615 3751//3751 1069//1069
f 1051//1051 1069//1069 605//605
f 1051//1051 615//615 1069//1069
f 1051//1051 605//605 595//595
f 591//591 595//595 590//590
f 591//591 1051//1051 595//595
f 591//591 590//590 1034//1034
f 494//494 495//495 1408//1408
f 460//460 473//473 42//42
f 562//562 1411//1411 1408//1408
f 1409//1409 1411//1411 1412//1412
f 1412//1412 1410//1410 1409//1409
f 443//443 499//499 501//501
f 433//433 520//520 496//496
f 1412//1412 1451//1451 1410//1410
f 1412//1412 1450//1450 1451//1451
f 443//443 457//457 499//499
f 549//549 3451//3451 526//526
f 1418//1418 1953//1953 1451//1451
f 1418//1418 1451//1451 1449//1449
f 3505//3505 3453//3453 3451//3451
f 3505//3505 3412//3412 3453//3453
f 3255//3255 3412//3412 3505//3505
f 1416//1416 1417//1417 1418//1418
f 3487//3487 3267//3267 3253//3253
f 3487//3487 3473//3473 3267//3267
f 3251//3251 3473//3473 3487//3487
f 2667//2667 1931//1931 2681//2681
f 2667//2667 2681//2681 2772//2772
f 2666//2666 2665//2665 45//45
f 2665//2665 2667//2667 2772//2772
f 2638//2638 2666//2666 45//45
f 3289//3289 44//44 3507//3507
f 2639//2639 2638//2638 2641//2641
f 44//44 3543//3543 3541//3541
f 44//44 3544//3544 3543//3543
f 2765//2765 2774//2774 2610//2610
f 2610//2610 2662//2662 2765//2765
f 2610//2610 2641//2641 2662//2662
f 2768//2768 3543//3543 3544//3544
f 2549//2549 2768//2768 2769//2769
f 3543//3543 2768//2768 2549//2549
f 2756//2756 2769//2769 2768//2768
f 2760//2760 2714//2714 2715//2715
f 2715//2715 2601//2601 2561//2561
f 2760//2760 2715//2715 2561//2561
f 2549//2549 2769//2769 2756//2756
f 2771//2771 2549//2549 2756//2756
f 2663//2663 2771//2771 2756//2756
f 2663//2663 2756//2756 2760//2760
f 4077//4077 4195//4195 4214//4214
f 4077//4077 4214//4214 4078//4078
f 4195//4195 4076//4076 4214//4214
f 4085//4085 4087//4087 4090//4090
f 4091//4091 4087//4087 4085//4085
f 4090//4090 4087//4087 4078//4078
f 4022//4022 1679//1679 4024//4024
f 4027//4027 1679//1679 4022//4022
f 1679//1679 1681//1681 43//43
f 4182//4182 4096//4096 4217//4217
f 4094//4094 4217//4217 4183//4183
f 4183//4183 4217//4217 4096//4096
f 4182//4182 4347//4347 4406//4406
f 4193//4193 4190//4190 3823//3823
f 3933//3933 4193//4193 3823//3823
f 998//998 1918//1918 1932//1932
f 1932//1932 707//707 998//998
f 755//755 707//707 1932//1932
f 4013//4013 3747//3747 3933//3933
f 618//618 708//708 612//612
f 708//708 707//707 755//755
f 612//612 616//616 618//618
f 3749//3749 4013//4013 3850//3850
f 1099//1099 611//611 607//607
f 1031//1031 1133//1133 1033//1033
f 1032//1032 1031//1031 1050//1050
f 1032//1032 1133//1133 1031//1031
f 607//607 611//611 1050//1050
f 3750//3750 3749//3749 3751//3751
f 610//610 1033//1033 1133//1133
f 610//610 1133//1133 1034//1034
f 3752//3752 3750//3750 3751//3751
f 593//593 3752//3752 3751//3751
f 615//615 593//593 3751//3751
f 591//591 1038//1038 1051//1051
f 531//531 1408//1408 495//495
f 496//496 520//520 519//519
f 473//473 496//496 519//519
f 473//473 497//497 42//42
f 495//495 42//42 531//531
f 42//42 532//532 531//531
f 531//531 532//532 1408//1408
f 532//532 562//562 1408//1408
f 562//562 1412//1412 1411//1411
f 500//500 501//501 499//499
f 501//501 503//503 433//433
f 503//503 520//520 433//433
f 526//526 498//498 549//549
f 549//549 499//499 457//457
f 1451//1451 1450//1450 1415//1415
f 3453//3453 3454//3454 3451//3451
f 3454//3454 527//527 3451//3451
f 526//526 3451//3451 527//527
f 1415//1415 46//46 1451//1451
f 1449//1449 1451//1451 46//46
f 46//46 1418//1418 1449//1449
f 1416//1416 1418//1418 46//46
f 3412//3412 3450//3450 3453//3453
f 3412//3412 3255//3255 3267//3267
f 1420//1420 1638//1638 1417//1417
f 1931//1931 1638//1638 1448//1448
f 2681//2681 1931//1931 1448//1448
f 2681//2681 45//45 2772//2772
f 3289//3289 3296//3296 3252//3252
f 45//45 2665//2665 2772//2772
f 3249//3249 3296//3296 44//44
f 44//44 3296//3296 3507//3507
f 3296//3296 3289//3289 3507//3507
f 2638//2638 2705//2705 2683//2683
f 2638//2638 45//45 2705//2705
f 44//44 3541//3541 3249//3249
f 2638//2638 2593//2593 2641//2641
f 2638//2638 2683//2683 2593//2593
f 2662//2662 2641//2641 2640//2640
f 2782//2782 2601//2601 2600//2600
f 2598//2598 2774//2774 2765//2765
f 2760//2760 2561//2561 2663//2663
f 2561//2561 2601//2601 2782//2782
f 2549//2549 3545//3545 3543//3543
f 4195//4195 4020//4020 4076//4076
f 4375//4375 4091//4091 4089//4089
f 4088//4088 4091//4091 4375//4375
f 4088//4088 4087//4087 4091//4091
f 4078//4078 4087//4087 4077//4077
f 4020//4020 4021//4021 4076//4076
f 4021//4021 4026//4026 4076//4076
f 4026//4026 4021//4021 4027//4027
f 1681//1681 1679//1679 1877//1877
f 4216//4216 4210//4210 4191//4191
f 4210//4210 4360//4360 4191//4191
f 4089//4089 4191//4191 4375//4375
f 4191//4191 4360//4360 4375//4375
f 4191//4191 4089//4089 4091//4091
f 4183//4183 4093//4093 4094//4094
f 4191//4191 4093//4093 4216//4216
f 1681//1681 1876//1876 43//43
f 1684//1684 43//43 1876//1876
f 4406//4406 4096//4096 4182//4182
f 4183//4183 4096//4096 4095//4095
f 3933//3933 3746//3746 4193//4193
f 3747//3747 3746//3746 3933//3933
f 708//708 756//756 612//612
f 756//756 708//708 755//755
f 612//612 1017//1017 616//616
f 612//612 756//756 1017//1017
f 3749//3749 3936//3936 4013//4013
f 3749//3749 3741//3741 3936//3936
f 1099//1099 616//616 1017//1017
f 1099//1099 1017//1017 611//611
f 3742//3742 3741//3741 3749//3749
f 788//788 1032//1032 1050//1050
f 788//788 1133//1133 1032//1032
f 788//788 1050//1050 611//611
f 3750//3750 3742//3742 3749//3749
f 1039//1039 1038//1038 591//591
f 636//636 1039//1039 1034//1034
f 1034//1034 1133//1133 636//636
f 592//592 615//615 1051//1051
f 592//592 593//593 615//615
f 609//609 592//592 1051//1051
f 1051//1051 1038//1038 609//609
f 519//519 497//497 473//473
f 497//497 532//532 42//42
f 532//532 564//564 562//562
f 564//564 1412//1412 562//562
f 501//501 500//500 502//502
f 501//501 502//502 503//503
f 1412//1412 1515//1515 1450//1450
f 526//526 527//527 523//523
f 498//498 526//526 523//523
f 498//498 499//499 549//549
f 1515//1515 1415//1415 1450//1450
f 3453//3453 3450//3450 3454//3454
f 3412//3412 3292//3292 3450//3450
f 46//46 1417//1417 1416//1416
f 3292//3292 3412//3412 3242//3242
f 3267//3267 3242//3242 3412//3412
f 1448//1448 1638//1638 1420//1420
f 1448//1448 2732//2732 2681//2681
f 3252//3252 3250//3250 3251//3251
f 2732//2732 2684//2684 2681//2681
f 2684//2684 45//45 2681//2681
f 3296//3296 3250//3250 3252//3252
f 45//45 2684//2684 2705//2705
f 3249//3249 3250//3250 3296//3296
f 3249//3249 3541//3541 3248//3248
f 2705//2705 2680//2680 2683//2683
f 2662//2662 2640//2640 2765//2765
f 2765//2765 2640//2640 2598//2598
f 2593//2593 2640//2640 2641//2641
f 2593//2593 2683//2683 2657//2657
f 3543//3543 3547//3547 3541//3541
f 2598//2598 2600//2600 2774//2774
f 2598//2598 2640//2640 2597//2597
f 2597//2597 2640//2640 2593//2593
f 3545//3545 3547//3547 3543//3543
f 2782//2782 2560//2560 2561//2561
f 3545//3545 2549//2549 3524//3524
f 2549//2549 2771//2771 2550//2550
f 2554//2554 2663//2663 2561//2561
f 2554//2554 2771//2771 2663//2663
f 2561//2561 2560//2560 2554//2554
f 2576//2576 3524//3524 2549//2549
f 2551//2551 2549//2549 2550//2550
f 2576//2576 2549//2549 2551//2551
f 2551//2551 2550//2550 2771//2771
f 4020//4020 4195//4195 4197//4197
f 4360//4360 4088//4088 4375//4375
f 4195//4195 4077//4077 4197//4197
f 4077//4077 4104//4104 4197//4197
f 4077//4077 4087//4087 4104//4104
f 4020//4020 4023//4023 4021//4021
f 4021//4021 4018//4018 4027//4027
f 4027//4027 1877//1877 1679//1679
f 4018//4018 1877//1877 4027//4027
f 4095//4095 4097//4097 4183//4183
f 4216//4216 4093//4093 4183//4183
f 1681//1681 1685//1685 1876//1876
f 4406//4406 4218//4218 4096//4096
f 1685//1685 1684//1684 1876//1876
f 4406//4406 4190//4190 4218//4218
f 4218//4218 4190//4190 4193//4193
f 1918//1918 1683//1683 1684//1684
f 3746//3746 3745//3745 4193//4193
f 4193//4193 3745//3745 4189//4189
f 1689//1689 755//755 1932//1932
f 1932//1932 1918//1918 1689//1689
f 4013//4013 3935//3935 3747//3747
f 756//756 755//755 710//710
f 613//613 1017//1017 756//756
f 611//611 629//629 788//788
f 630//630 636//636 1133//1133
f 629//629 630//630 1133//1133
f 629//629 1133//1133 788//788
f 597//597 3742//3742 3752//3752
f 3742//3742 3750//3750 3752//3752
f 631//631 1038//1038 1039//1039
f 636//636 631//631 1039//1039
f 596//596 597//597 3752//3752
f 596//596 3752//3752 593//593
f 592//592 609//609 640//640
f 640//640 609//609 1038//1038
f 519//519 524//524 514//514
f 497//497 519//519 514//514
f 497//497 529//529 532//532
f 514//514 529//529 497//497
f 532//532 563//563 564//564
f 529//529 563//563 532//532
f 1412//1412 563//563 1515//1515
f 564//564 563//563 1412//1412
f 503//503 502//502 520//520
f 519//519 520//520 524//524
f 1515//1515 563//563 1415//1415
f 523//523 499//499 498//498
f 499//499 504//504 500//500
f 500//500 504//504 502//502
f 3454//3454 521//521 527//527
f 522//522 521//521 3454//3454
f 527//527 521//521 523//523
f 1414//1414 46//46 1415//1415
f 1466//1466 46//46 1414//1414
f 3450//3450 3241//3241 3454//3454
f 1466//1466 1419//1419 46//46
f 3292//3292 3241//3241 3450//3450
f 1419//1419 1417//1417 46//46
f 1419//1419 1420//1420 1417//1417
f 3267//3267 3243//3243 3242//3242
f 1447//1447 1448//1448 1420//1420
f 3473//3473 3243//3243 3267//3267
f 1447//1447 2732//2732 1448//1448
f 2684//2684 2732//2732 2705//2705
f 3250//3250 3249//3249 3248//3248
f 2703//2703 2680//2680 2705//2705
f 2793//2793 2703//2703 2705//2705
f 2732//2732 2793//2793 2705//2705
f 47//47 2683//2683 2680//2680
f 2679//2679 47//47 2680//2680
f 2679//2679 2680//2680 2703//2703
f 3541//3541 3534//3534 3248//3248
f 2593//2593 2657//2657 2595//2595
f 2657//2657 2683//2683 47//47
f 2599//2599 2782//2782 2600//2600
f 2599//2599 2600//2600 2568//2568
f 2600//2600 2598//2598 2568//2568
f 2592//2592 2593//2593 2595//2595
f 2758//2758 2597//2597 2593//2593
f 3545//3545 3524//3524 3547//3547
f 3524//3524 3546//3546 3547//3547
f 2754//2754 2551//2551 2771//2771
f 2552//2552 2771//2771 2554//2554
f 2552//2552 2754//2754 2771//2771
f 4197//4197 4196//4196 4020//4020
f 4106//4106 4196//4196 4197//4197
f 4020//4020 4019//4019 4023//4023
f 4360//4360 4101//4101 4088//4088
f 4099//4099 4101//4101 4360//4360
f 4088//4088 4104//4104 4087//4087
f 4101//4101 4104//4104 4088//4088
f 4018//4018 4021//4021 4023//4023
f 1877//1877 4018//4018 1681//1681
f 4098//4098 4216//4216 4183//4183
f 4098//4098 4210//4210 4216//4216
f 4120//4120 4095//4095 4096//4096
f 4120//4120 4097//4097 4095//4095
f 4183//4183 4097//4097 4098//4098
f 1682//1682 1685//1685 1681//1681
f 4096//4096 4218//4218 4120//4120
f 4120//4120 4218//4218 4185//4185
f 1687//1687 1684//1684 1685//1685
f 4218//4218 4193//4193 4185//4185
f 4185//4185 4193//4193 4189//4189
f 3747//3747 3745//3745 3746//3746
f 1689//1689 1918//1918 1688//1688
f 3747//3747 3935//3935 3937//3937
f 710//710 755//755 1689//1689
f 3937//3937 4013//4013 3743//3743
f 3935//3935 4013//4013 3937//3937
f 756//756 710//710 48//48
f 4013//4013 3741//3741 3743//3743
f 4013//4013 3936//3936 3741//3741
f 1017//1017 613//613 611//611
f 48//48 613//613 756//756
f 629//629 611//611 620//620
f 617//617 611//611 613//613
f 617//617 620//620 611//611
f 3740//3740 3938//3938 3741//3741
f 3741//3741 3742//3742 3740//3740
f 1053//1053 3740//3740 3742//3742
f 3742//3742 597//597 1053//1053
f 639//639 640//640 1038//1038
f 636//636 630//630 631//631
f 1120//1120 596//596 593//593
f 1120//1120 593//593 592//592
f 592//592 640//640 1120//1120
f 563//563 529//529 578//578
f 506//506 502//502 507//507
f 506//506 508//508 502//502
f 502//502 508//508 520//520
f 508//508 524//524 520//520
f 514//514 524//524 515//515
f 578//578 1413//1413 563//563
f 1415//1415 563//563 1413//1413
f 1415//1415 1413//1413 1889//1889
f 523//523 509//509 499//499
f 502//502 504//504 507//507
f 1889//1889 1414//1414 1415//1415
f 509//509 523//523 521//521
f 522//522 3454//3454 550//550
f 550//550 3454//3454 3241//3241
f 3292//3292 3239//3239 3241//3241
f 3245//3245 3239//3239 3242//3242
f 3292//3292 3242//3242 3239//3239
f 1447//1447 1420//1420 1419//1419
f 3243//3243 3245//3245 3242//3242
f 50//50 2732//2732 1447//1447
f 2718//2718 2716//2716 2732//2732
f 3248//3248 3246//3246 3250//3250
f 2793//2793 2732//2732 2716//2716
f 2679//2679 2703//2703 2793//2793
f 3541//3541 3549//3549 3534//3534
f 2657//2657 47//47 2643//2643
f 47//47 2679//2679 2643//2643
f 3549//3549 3541//3541 3547//3547
f 2597//2597 2758//2758 2598//2598
f 2598//2598 2758//2758 2568//2568
f 2594//2594 2593//2593 2596//2596
f 2593//2593 2592//2592 2596//2596
f 2592//2592 2595//2595 2657//2657
f 2554//2554 2560//2560 2739//2739
f 2739//2739 2560//2560 2782//2782
f 2782//2782 2599//2599 2568//2568
f 2758//2758 2593//2593 2594//2594
f 2758//2758 2594//2594 2596//2596
f 4103//4103 4197//4197 4104//4104
f 4106//4106 4197//4197 4103//4103
f 4196//4196 4019//4019 4020//4020
f 4023//4023 4019//4019 1690//1690
f 4101//4101 4102//4102 4104//4104
f 4023//4023 1690//1690 4018//4018
f 1690//1690 1691//1691 4018//4018
f 1681//1681 4018//4018 1691//1691
f 4360//4360 4210//4210 4098//4098
f 1691//1691 1682//1682 1681//1681
f 4098//4098 4097//4097 4181//4181
f 4181//4181 4097//4097 4120//4120
f 1682//1682 1686//1686 1685//1685
f 4185//4185 4119//4119 4120//4120
f 4185//4185 4189//4189 4119//4119
f 4189//4189 4188//4188 4119//4119
f 1687//1687 1918//1918 1684//1684
f 1688//1688 1918//1918 1687//1687
f 4189//4189 3745//3745 4188//4188
f 3747//3747 4188//4188 3745//3745
f 3747//3747 3934//3934 4188//4188
f 1688//1688 792//792 1689//1689
f 3937//3937 3934//3934 3747//3747
f 710//710 792//792 621//621
f 1689//1689 792//792 710//710
f 3743//3743 3741//3741 3937//3937
f 48//48 710//710 621//621
f 613//613 48//48 617//617
f 3938//3938 3864//3864 3741//3741
f 628//628 630//630 629//629
f 628//628 627//627 630//630
f 624//624 629//629 620//620
f 3938//3938 3740//3740 1053//1053
f 641//641 640//640 639//639
f 639//639 631//631 630//630
f 1038//1038 631//631 639//639
f 3753//3753 3938//3938 1053//1053
f 598//598 1053//1053 597//597
f 608//608 597//597 596//596
f 1120//1120 608//608 596//596
f 1120//1120 640//640 641//641
f 515//515 525//525 514//514
f 525//525 529//529 514//514
f 529//529 577//577 578//578
f 518//518 524//524 508//508
f 515//515 524//524 513//513
f 1413//1413 577//577 1889//1889
f 578//578 577//577 1413//1413
f 509//509 510//510 499//499
f 510//510 504//504 499//499
f 507//507 504//504 506//506
f 506//506 504//504 505//505
f 1889//1889 1466//1466 1414//1414
f 521//521 510//510 509//509
f 521//521 522//522 510//510
f 1889//1889 1452//1452 1466//1466
f 3426//3426 3241//3241 3239//3239
f 550//550 3241//3241 3426//3426
f 1466//1466 1452//1452 1419//1419
f 1422//1422 1419//1419 1452//1452
f 1422//1422 1447//1447 1419//1419
f 3473//3473 3245//3245 3243//3243
f 50//50 1447//1447 1423//1423
f 2718//2718 2732//2732 50//50
f 3246//3246 3247//3247 3250//3250
f 3247//3247 3246//3246 3248//3248
f 3247//3247 3248//3248 3226//3226
f 2716//2716 2717//2717 2793//2793
f 3248//3248 3534//3534 3219//3219
f 3226//3226 3248//3248 3219//3219
f 49//49 2679//2679 2793//2793
f 2717//2717 49//49 2793//2793
f 2643//2643 2679//2679 49//49
f 3549//3549 3547//3547 3526//3526
f 2592//2592 2590//2590 2596//2596
f 2592//2592 2657//2657 2643//2643
f 2592//2592 2643//2643 2590//2590
f 3547//3547 3546//3546 3526//3526
f 3546//3546 3525//3525 3526//3526
f 2554//2554 2739//2739 2752//2752
f 2564//2564 2739//2739 2782//2782
f 2564//2564 2782//2782 2568//2568
f 2566//2566 2568//2568 2758//2758
f 2758//2758 2596//2596 2590//2590
f 2758//2758 2590//2590 2566//2566
f 3524//3524 3523//3523 3546//3546
f 2553//2553 2754//2754 2552//2552
f 2553//2553 2552//2552 2554//2554
f 3523//3523 3524//3524 2576//2576
f 2551//2551 2754//2754 2576//2576
f 4196//4196 4106//4106 4019//4019
f 4360//4360 4402//4402 4099//4099
f 4103//4103 4104//4104 4102//4102
f 4181//4181 4178//4178 4098//4098
f 4360//4360 4098//4098 4402//4402
f 4098//4098 4178//4178 4402//4402
f 1690//1690 1682//1682 1691//1691
f 4119//4119 4121//4121 4120//4120
f 4120//4120 4118//4118 4328//4328
f 4121//4121 4118//4118 4120//4120
f 4181//4181 4120//4120 4177//4177
f 4177//4177 4120//4120 4328//4328
f 1687//1687 1685//1685 1686//1686
f 4119//4119 4188//4188 4186//4186
f 1864//1864 792//792 1688//1688
f 3934//3934 3931//3931 4188//4188
f 3934//3934 3937//3937 3744//3744
f 621//621 792//792 791//791
f 3934//3934 3744//3744 3741//3741
f 3864//3864 3934//3934 3741//3741
f 3741//3741 3744//3744 3937//3937
f 617//617 48//48 621//621
f 617//617 621//621 622//622
f 3938//3938 3863//3863 3864//3864
f 3938//3938 3865//3865 3863//3863
f 620//620 617//617 622//622
f 3739//3739 3865//3865 3938//3938
f 625//625 639//639 630//630
f 628//628 629//629 624//624
f 628//628 624//624 627//627
f 606//606 3739//3739 3938//3938
f 1052//1052 641//641 639//639
f 606//606 3938//3938 3753//3753
f 606//606 3753//3753 1053//1053
f 599//599 1053//1053 598//598
f 599//599 606//606 1053//1053
f 608//608 1120//1120 604//604
f 604//604 1120//1120 641//641
f 525//525 515//515 513//513
f 525//525 577//577 529//529
f 508//508 506//506 516//516
f 524//524 525//525 513//513
f 525//525 570//570 577//577
f 570//570 1889//1889 577//577
f 504//504 510//510 511//511
f 506//506 505//505 516//516
f 1889//1889 1654//1654 52//52
f 536//536 550//550 542//542
f 550//550 536//536 522//522
f 52//52 1452//1452 1889//1889
f 3426//3426 543//543 550//550
f 550//550 543//543 542//542
f 3238//3238 3237//3237 3239//3239
f 3426//3426 3239//3239 3237//3237
f 1422//1422 1452//1452 1892//1892
f 3239//3239 3240//3240 3238//3238
f 1892//1892 1447//1447 1422//1422
f 3239//3239 3245//3245 3240//3240
f 3240//3240 3245//3245 3244//3244
f 1892//1892 1423//1423 1447//1447
f 3473//3473 3244//3244 3245//3245
f 1423//1423 1421//1421 50//50
f 2718//2718 50//50 1421//1421
f 3250//3250 3218//3218 3251//3251
f 2718//2718 2730//2730 2716//2716
f 3247//3247 3218//3218 3250//3250
f 2792//2792 2716//2716 2730//2730
f 2792//2792 2717//2717 2716//2716
f 2792//2792 2730//2730 2718//2718
f 2644//2644 2717//2717 2792//2792
f 2717//2717 2643//2643 49//49
f 3533//3533 3219//3219 3534//3534
f 3533//3533 3534//3534 3532//3532
f 2591//2591 2590//2590 2643//2643
f 3535//3535 3532//3532 3534//3534
f 3535//3535 3534//3534 3549//3549
f 3549//3549 3526//3526 3535//3535
f 2564//2564 2785//2785 2739//2739
f 2785//2785 2564//2564 2568//2568
f 2565//2565 2785//2785 2568//2568
f 2566//2566 2590//2590 2568//2568
f 3527//3527 3526//3526 51//51
f 3525//3525 51//51 3526//3526
f 3546//3546 51//51 3525//3525
f 51//51 3546//3546 3523//3523
f 2754//2754 2559//2559 2556//2556
f 2754//2754 2553//2553 2559//2559
f 2555//2555 2554//2554 2752//2752
f 2553//2553 2554//2554 2555//2555
f 2555//2555 2752//2752 2739//2739
f 3523//3523 2742//2742 51//51
f 2576//2576 2742//2742 3523//3523
f 2742//2742 2576//2576 2754//2754
f 4381//4381 4103//4103 4380//4380
f 4103//4103 4105//4105 4106//4106
f 4381//4381 4105//4105 4103//4103
f 4105//4105 4176//4176 4106//4106
f 4106//4106 4180//4180 4019//4019
f 4176//4176 4180//4180 4106//4106
f 4099//4099 4100//4100 4101//4101
f 4100//4100 4102//4102 4101//4101
f 4103//4103 4102//4102 4380//4380
f 4019//4019 4180//4180 1690//1690
f 4402//4402 4181//4181 4099//4099
f 4402//4402 4178//4178 4181//4181
f 4177//4177 4328//4328 4109//4109
f 4109//4109 4328//4328 4118//4118
f 4121//4121 4119//4119 4186//4186
f 1686//1686 1692//1692 1687//1687
f 4188//4188 4126//4126 4186//4186
f 4187//4187 4126//4126 4188//4188
f 1692//1692 1688//1688 1687//1687
f 3931//3931 4187//4187 4188//4188
f 1692//1692 792//792 1864//1864
f 1692//1692 1864//1864 1688//1688
f 3864//3864 3931//3931 3934//3934
f 1083//1083 621//621 791//791
f 622//622 621//621 1083//1083
f 789//789 624//624 620//620
f 789//789 623//623 624//624
f 620//620 622//622 789//789
f 625//625 1052//1052 639//639
f 626//626 630//630 627//627
f 626//626 625//625 630//630
f 627//627 624//624 623//623
f 604//604 602//602 600//600
f 604//604 641//641 602//602
f 602//602 641//641 1052//1052
f 599//599 3739//3739 606//606
f 608//608 604//604 600//600
f 597//597 608//608 600//600
f 516//516 518//518 508//508
f 524//524 546//546 525//525
f 546//546 570//570 525//525
f 1889//1889 570//570 1979//1979
f 1979//1979 1654//1654 1889//1889
f 528//528 504//504 511//511
f 528//528 512//512 504//504
f 512//512 505//505 504//504
f 536//536 510//510 522//522
f 52//52 1458//1458 1452//1452
f 3426//3426 3235//3235 554//554
f 543//543 3426//3426 554//554
f 542//542 543//543 536//536
f 543//543 538//538 536//536
f 3237//3237 3238//3238 3426//3426
f 3238//3238 3235//3235 3426//3426
f 1892//1892 1452//1452 1458//1458
f 3251//3251 3227//3227 3473//3473
f 1443//1443 1445//1445 1421//1421
f 1421//1421 1445//1445 2718//2718
f 3218//3218 3227//3227 3251//3251
f 2792//2792 2718//2718 1445//1445
f 3226//3226 3218//3218 3247//3247
f 2651//2651 2644//2644 2792//2792
f 3219//3219 3218//3218 3226//3226
f 2642//2642 2591//2591 2717//2717
f 2717//2717 2591//2591 2643//2643
f 2717//2717 2644//2644 2642//2642
f 3532//3532 3219//3219 3533//3533
f 3535//3535 3526//3526 3532//3532
f 3532//3532 3526//3526 3542//3542
f 2567//2567 2568//2568 2590//2590
f 2659//2659 2590//2590 2591//2591
f 2659//2659 2567//2567 2590//2590
f 3527//3527 3542//3542 3526//3526
f 2776//2776 3548//3548 51//51
f 3548//3548 3527//3527 51//51
f 2556//2556 2559//2559 2553//2553
f 2637//2637 2555//2555 2739//2739
f 2637//2637 2553//2553 2555//2555
f 2637//2637 2739//2739 2785//2785
f 2785//2785 2565//2565 2636//2636
f 2742//2742 2776//2776 51//51
f 2736//2736 2742//2742 2754//2754
f 2754//2754 2556//2556 2736//2736
f 4381//4381 4382//4382 4105//4105
f 4105//4105 4180//4180 4176//4176
f 4181//4181 4378//4378 4099//4099
f 4378//4378 4107//4107 4099//4099
f 4107//4107 4100//4100 4099//4099
f 4380//4380 4102//4102 4381//4381
f 4381//4381 4102//4102 4100//4100
f 1690//1690 1755//1755 1975//1975
f 4180//4180 1755//1755 1690//1690
f 1975//1975 1682//1682 1690//1690
f 1975//1975 1921//1921 1682//1682
f 1921//1921 1686//1686 1682//1682
f 4118//4118 4121//4121 4116//4116
f 4118//4118 4116//4116 4109//4109
f 1857//1857 1686//1686 1921//1921
f 4126//4126 4127//4127 4186//4186
f 4121//4121 4186//4186 4361//4361
f 4361//4361 4186//4186 4127//4127
f 1857//1857 1692//1692 1686//1686
f 3931//3931 4211//4211 4187//4187
f 3931//3931 3851//3851 4211//4211
f 791//791 792//792 1692//1692
f 3851//3851 3931//3931 3852//3852
f 3864//3864 3852//3852 3931//3931
f 791//791 1856//1856 1124//1124
f 1083//1083 791//791 1124//1124
f 1083//1083 1124//1124 693//693
f 622//622 1083//1083 693//693
f 622//622 693//693 789//789
f 3866//3866 3865//3865 3739//3739
f 627//627 623//623 626//626
f 601//601 600//600 602//602
f 1052//1052 632//632 602//602
f 3939//3939 795//795 3739//3739
f 3939//3939 3739//3739 599//599
f 793//793 599//599 598//598
f 793//793 794//794 599//599
f 598//598 597//597 600//600
f 518//518 516//516 517//517
f 518//518 530//530 524//524
f 530//530 546//546 524//524
f 546//546 1462//1462 570//570
f 1979//1979 570//570 1462//1462
f 1462//1462 1654//1654 1979//1979
f 536//536 538//538 541//541
f 536//536 534//534 510//510
f 534//534 533//533 510//510
f 511//511 510//510 528//528
f 528//528 510//510 533//533
f 1654//1654 1460//1460 52//52
f 554//554 538//538 543//543
f 52//52 1460//1460 1458//1458
f 3236//3236 3238//3238 3240//3240
f 3235//3235 3238//3238 3236//3236
f 1458//1458 1423//1423 1892//1892
f 3244//3244 3290//3290 3240//3240
f 3290//3290 3236//3236 3240//3240
f 1424//1424 1421//1421 1423//1423
f 3473//3473 3232//3232 3244//3244
f 3244//3244 3232//3232 3290//3290
f 1425//1425 1421//1421 1424//1424
f 3227//3227 3232//3232 3473//3473
f 1443//1443 1421//1421 1425//1425
f 1443//1443 2792//2792 1445//1445
f 1446//1446 2792//2792 1443//1443
f 2792//2792 1446//1446 2651//2651
f 2642//2642 2644//2644 2651//2651
f 3223//3223 3218//3218 3219//3219
f 3223//3223 3219//3219 3532//3532
f 2646//2646 2659//2659 2591//2591
f 2591//2591 2642//2642 2646//2646
f 3542//3542 3223//3223 3532//3532
f 3527//3527 3528//3528 3542//3542
f 2565//2565 2568//2568 2567//2567
f 2565//2565 2567//2567 2636//2636
f 3548//3548 3528//3528 3527//3527
f 2558//2558 2736//2736 2556//2556
f 2731//2731 2558//2558 2556//2556
f 2557//2557 2556//2556 2553//2553
f 2557//2557 2553//2553 2637//2637
f 2637//2637 2785//2785 2636//2636
f 2736//2736 2776//2776 2742//2742
f 4108//4108 4381//4381 4141//4141
f 4108//4108 4136//4136 4381//4381
f 4381//4381 4349//4349 4382//4382
f 4136//4136 4349//4349 4381//4381
f 4105//4105 4382//4382 4180//4180
f 1755//1755 4180//4180 4382//4382
f 4378//4378 4100//4100 4107//4107
f 4381//4381 4100//4100 4141//4141
f 4116//4116 4177//4177 4109//4109
f 4378//4378 4177//4177 4179//4179
f 4177//4177 4378//4378 4181//4181
f 1921//1921 1975//1975 1755//1755
f 1921//1921 1755//1755 1693//1693
f 4121//4121 4117//4117 4116//4116
f 1857//1857 1921//1921 1693//1693
f 4122//4122 4126//4126 4212//4212
f 4126//4126 4122//4122 4127//4127
f 4361//4361 4127//4127 4121//4121
f 4121//4121 4127//4127 4122//4122
f 4126//4126 4187//4187 4212//4212
f 4187//4187 4211//4211 4212//4212
f 1694//1694 1692//1692 1857//1857
f 4212//4212 4211//4211 3851//3851
f 1694//1694 791//791 1692//1692
f 3853//3853 3851//3851 3852//3852
f 1694//1694 1856//1856 791//791
f 3864//3864 3853//3853 3852//3852
f 789//789 693//693 638//638
f 3866//3866 3860//3860 3863//3863
f 3866//3866 3863//3863 3865//3865
f 1077//1077 625//625 623//623
f 1077//1077 623//623 789//789
f 789//789 638//638 1077//1077
f 626//626 623//623 625//625
f 795//795 3866//3866 3739//3739
f 601//601 1020//1020 600//600
f 603//603 601//601 602//602
f 602//602 632//632 634//634
f 602//602 634//634 603//603
f 795//795 3939//3939 599//599
f 794//794 795//795 599//599
f 1020//1020 793//793 598//598
f 598//598 600//600 1020//1020
f 518//518 517//517 553//553
f 518//518 553//553 530//530
f 512//512 540//540 505//505
f 528//528 540//540 512//512
f 540//540 516//516 505//505
f 516//516 553//553 517//517
f 546//546 1461//1461 1462//1462
f 1461//1461 1654//1654 1462//1462
f 536//536 541//541 537//537
f 1460//1460 1654//1654 1459//1459
f 545//545 554//554 548//548
f 538//538 554//554 545//545
f 538//538 537//537 541//541
f 1458//1458 1460//1460 1459//1459
f 1458//1458 1459//1459 54//54
f 3235//3235 548//548 554//554
f 1458//1458 1919//1919 1424//1424
f 1458//1458 54//54 1919//1919
f 3235//3235 3236//3236 548//548
f 1423//1423 1458//1458 1424//1424
f 3227//3227 3228//3228 3232//3232
f 1443//1443 1425//1425 1444//1444
f 3218//3218 3228//3228 3227//3227
f 1444//1444 1446//1446 1443//1443
f 3221//3221 3222//3222 3218//3218
f 2647//2647 2645//2645 2651//2651
f 2651//2651 1446//1446 2647//2647
f 3218//3218 3217//3217 3221//3221
f 2651//2651 2646//2646 2642//2642
f 2651//2651 2645//2645 2646//2646
f 3223//3223 3217//3217 3218//3218
f 3220//3220 3223//3223 53//53
f 3542//3542 53//53 3223//3223
f 2579//2579 2567//2567 2659//2659
f 2579//2579 2659//2659 2646//2646
f 3529//3529 53//53 3542//3542
f 3528//3528 3529//3529 3542//3542
f 3529//3529 3528//3528 3530//3530
f 2636//2636 2567//2567 2579//2579
f 2636//2636 2579//2579 2794//2794
f 3530//3530 3528//3528 3548//3548
f 2558//2558 2731//2731 2736//2736
f 2556//2556 2569//2569 2731//2731
f 2556//2556 2557//2557 2569//2569
f 2557//2557 2637//2637 2636//2636
f 2776//2776 3530//3530 3548//3548
f 2586//2586 3641//3641 2776//2776
f 4136//4136 4382//4382 4349//4349
f 4100//4100 4378//4378 4384//4384
f 4100//4100 4384//4384 4141//4141
f 4404//4404 1756//1756 4382//4382
f 4382//4382 1756//1756 1755//1755
f 1755//1755 1756//1756 1754//1754
f 4116//4116 4170//4170 4177//4177
f 4192//4192 4170//4170 4116//4116
f 4170//4170 4110//4110 4177//4177
f 4179//4179 4177//4177 4115//4115
f 4115//4115 4177//4177 4110//4110
f 4123//4123 4121//4121 4122//4122
f 4348//4348 4121//4121 4123//4123
f 4121//4121 4192//4192 4117//4117
f 4348//4348 4192//4192 4121//4121
f 4116//4116 4117//4117 4192//4192
f 4122//4122 4212//4212 4123//4123
f 4212//4212 3851//3851 4125//4125
f 4125//4125 3851//3851 4213//4213
f 3853//3853 4213//4213 3851//3851
f 1855//1855 1856//1856 1694//1694
f 3864//3864 3862//3862 3853//3853
f 1856//1856 685//685 1124//1124
f 3863//3863 3862//3862 3864//3864
f 3863//3863 3861//3861 3862//3862
f 685//685 638//638 693//693
f 693//693 1124//1124 685//685
f 3860//3860 3861//3861 3863//3863
f 3930//3930 3860//3860 3866//3866
f 625//625 637//637 633//633
f 625//625 679//679 637//637
f 1077//1077 679//679 625//625
f 1077//1077 638//638 691//691
f 1077//1077 691//691 1097//1097
f 3738//3738 3866//3866 3951//3951
f 3930//3930 3866//3866 3738//3738
f 795//795 3951//3951 3866//3866
f 633//633 632//632 1052//1052
f 633//633 634//634 632//632
f 1052//1052 625//625 633//633
f 3738//3738 3951//3951 795//795
f 1021//1021 1020//1020 601//601
f 603//603 634//634 635//635
f 603//603 635//635 601//601
f 801//801 3738//3738 795//795
f 796//796 795//795 794//794
f 1020//1020 1019//1019 793//793
f 582//582 546//546 530//530
f 582//582 530//530 553//553
f 528//528 533//533 547//547
f 561//561 528//528 547//547
f 528//528 561//561 540//540
f 553//553 516//516 556//556
f 553//553 556//556 557//557
f 553//553 557//557 582//582
f 582//582 4838//4838 546//546
f 4838//4838 1461//1461 546//546
f 1654//1654 1461//1461 4838//4838
f 535//535 536//536 537//537
f 536//536 535//535 534//534
f 4838//4838 1459//1459 1654//1654
f 55//55 56//56 545//545
f 55//55 545//545 548//548
f 545//545 544//544 538//538
f 56//56 544//544 545//545
f 544//544 537//537 538//538
f 3236//3236 3234//3234 548//548
f 3234//3234 3300//3300 548//548
f 1424//1424 1919//1919 1426//1426
f 3230//3230 3234//3234 3236//3236
f 3290//3290 3230//3230 3236//3236
f 3229//3229 3230//3230 3232//3232
f 3230//3230 3290//3290 3232//3232
f 1426//1426 1425//1425 1424//1424
f 3228//3228 3229//3229 3232//3232
f 3218//3218 3229//3229 3228//3228
f 3218//3218 3461//3461 3229//3229
f 2647//2647 1446//1446 1444//1444
f 3222//3222 3461//3461 3218//3218
f 2645//2645 2650//2650 2646//2646
f 2647//2647 2650//2650 2645//2645
f 3220//3220 3217//3217 3223//3223
f 2648//2648 2646//2646 2650//2650
f 2579//2579 2646//2646 2648//2648
f 3529//3529 3220//3220 53//53
f 2781//2781 2636//2636 2794//2794
f 2562//2562 2794//2794 2579//2579
f 2557//2557 2770//2770 2569//2569
f 2770//2770 2557//2557 2563//2563
f 2557//2557 2636//2636 2781//2781
f 2563//2563 2557//2557 2781//2781
f 3641//3641 3640//3640 2776//2776
f 3640//3640 3530//3530 2776//2776
f 2585//2585 2586//2586 2776//2776
f 2736//2736 2584//2584 2776//2776
f 2776//2776 2584//2584 2585//2585
f 2736//2736 2731//2731 2722//2722
f 4379//4379 4384//4384 4378//4378
f 4384//4384 4140//4140 4141//4141
f 4141//4141 4136//4136 4108//4108
f 4382//4382 4136//4136 4404//4404
f 4378//4378 4115//4115 4379//4379
f 4378//4378 4179//4179 4115//4115
f 4136//4136 1756//1756 4404//4404
f 4343//4343 4192//4192 4199//4199
f 4115//4115 4110//4110 4111//4111
f 4110//4110 4192//4192 4111//4111
f 4110//4110 4170//4170 4192//4192
f 1693//1693 1755//1755 1754//1754
f 1693//1693 1754//1754 1695//1695
f 4199//4199 4192//4192 4123//4123
f 4192//4192 4348//4348 4123//4123
f 1693//1693 1695//1695 1845//1845
f 4123//4123 4212//4212 4124//4124
f 4124//4124 4212//4212 4125//4125
f 1845//1845 1857//1857 1693//1693
f 4369//4369 4125//4125 4213//4213
f 3853//3853 4318//4318 4213//4213
f 1855//1855 687//687 685//685
f 1855//1855 685//685 1856//1856
f 691//691 638//638 685//685
f 679//679 642//642 637//637
f 1077//1077 1097//1097 679//679
f 644//644 635//635 634//634
f 633//633 637//637 634//634
f 3737//3737 3930//3930 3738//3738
f 601//601 635//635 1021//1021
f 3737//3737 3738//3738 801//801
f 797//797 801//801 795//795
f 796//796 797//797 795//795
f 800//800 794//794 793//793
f 793//793 1019//1019 800//800
f 540//540 561//561 551//551
f 540//540 551//551 516//516
f 516//516 557//557 556//556
f 551//551 557//557 516//516
f 4838//4838 582//582 1463//1463
f 533//533 566//566 547//547
f 533//533 534//534 566//566
f 547//547 566//566 561//561
f 561//561 566//566 551//551
f 4837//4837 54//54 1459//1459
f 1463//1463 4837//4837 1459//1459
f 4838//4838 1463//1463 1459//1459
f 56//56 55//55 57//57
f 58//58 56//56 57//57
f 544//544 56//56 58//58
f 3476//3476 548//548 3300//3300
f 548//548 319//319 55//55
f 548//548 3476//3476 319//319
f 55//55 319//319 57//57
f 4837//4837 1919//1919 54//54
f 3233//3233 3300//3300 3234//3234
f 1919//1919 1655//1655 1442//1442
f 3230//3230 3229//3229 3458//3458
f 3458//3458 3229//3229 3231//3231
f 1426//1426 1444//1444 1425//1425
f 3461//3461 3231//3231 3229//3229
f 1665//1665 2647//2647 1444//1444
f 1664//1664 1665//1665 1444//1444
f 2755//2755 2649//2649 2647//2647
f 2647//2647 1665//1665 1664//1664
f 2647//2647 1664//1664 2755//2755
f 2649//2649 2650//2650 2647//2647
f 2579//2579 2580//2580 2571//2571
f 2579//2579 2648//2648 2580//2580
f 3531//3531 3220//3220 3529//3529
f 3529//3529 3530//3530 3531//3531
f 2794//2794 2562//2562 2781//2781
f 2571//2571 2562//2562 2579//2579
f 3530//3530 3640//3640 3531//3531
f 2654//2654 2563//2563 2781//2781
f 2737//2737 2781//2781 2562//2562
f 3647//3647 3531//3531 3641//3641
f 3531//3531 3640//3640 3641//3641
f 2731//2731 2584//2584 2722//2722
f 2722//2722 2584//2584 2736//2736
f 2731//2731 2569//2569 2575//2575
f 2770//2770 2563//2563 2654//2654
f 2586//2586 2585//2585 2784//2784
f 2581//2581 2584//2584 2731//2731
f 2581//2581 2731//2731 2575//2575
f 3046//3046 2586//2586 2784//2784
f 4366//4366 4384//4384 4379//4379
f 4140//4140 4135//4135 4141//4141
f 4384//4384 4135//4135 4140//4140
f 4135//4135 4137//4137 4141//4141
f 4141//4141 4137//4137 4136//4136
f 4136//4136 4137//4137 4139//4139
f 4112//4112 4115//4115 4111//4111
f 4379//4379 4115//4115 4366//4366
f 4139//4139 1697//1697 4136//4136
f 4136//4136 1697//1697 1756//1756
f 1754//1754 1756//1756 1697//1697
f 4111//4111 4192//4192 4112//4112
f 4112//4112 4192//4192 4343//4343
f 1697//1697 1695//1695 1754//1754
f 4199//4199 4123//4123 4124//4124
f 1695//1695 1696//1696 1845//1845
f 4124//4124 4125//4125 4369//4369
f 1857//1857 1845//1845 1694//1694
f 4369//4369 4213//4213 4327//4327
f 4327//4327 4213//4213 4318//4318
f 1967//1967 1855//1855 1694//1694
f 1974//1974 1855//1855 1967//1967
f 3853//3853 4376//4376 4318//4318
f 1974//1974 687//687 1855//1855
f 685//685 687//687 686//686
f 3860//3860 3867//3867 3861//3861
f 695//695 679//679 1097//1097
f 686//686 1097//1097 691//691
f 686//686 695//695 1097//1097
f 691//691 685//685 686//686
f 3860//3860 3930//3930 3867//3867
f 635//635 1023//1023 1021//1021
f 644//644 1023//1023 635//635
f 634//634 637//637 642//642
f 634//634 642//642 644//644
f 3940//3940 3930//3930 3737//3737
f 799//799 800//800 1019//1019
f 1063//1063 799//799 1019//1019
f 1018//1018 1019//1019 1020//1020
f 1018//1018 1063//1063 1019//1019
f 1018//1018 1020//1020 1021//1021
f 1021//1021 1023//1023 1018//1018
f 683//683 3737//3737 801//801
f 797//797 683//683 801//801
f 798//798 796//796 794//794
f 798//798 797//797 796//796
f 799//799 798//798 794//794
f 800//800 799//799 794//794
f 576//576 582//582 557//557
f 4837//4837 1463//1463 582//582
f 537//537 559//559 535//535
f 566//566 535//535 565//565
f 534//534 535//535 566//566
f 551//551 4836//4836 557//557
f 557//557 4836//4836 576//576
f 4837//4837 1464//1464 1465//1465
f 58//58 537//537 544//544
f 1465//1465 1939//1939 4837//4837
f 319//319 3476//3476 571//571
f 57//57 319//319 58//58
f 319//319 571//571 58//58
f 1939//1939 1655//1655 4837//4837
f 4837//4837 1655//1655 1919//1919
f 3230//3230 3233//3233 3234//3234
f 1919//1919 1442//1442 1428//1428
f 1428//1428 1426//1426 1919//1919
f 3458//3458 3303//3303 3230//3230
f 1427//1427 1426//1426 1428//1428
f 1427//1427 1444//1444 1426//1426
f 1663//1663 1444//1444 1427//1427
f 3461//3461 3500//3500 3231//3231
f 3231//3231 3500//3500 3458//3458
f 1664//1664 1444//1444 1663//1663
f 3222//3222 3500//3500 3461//3461
f 2650//2650 2649//2649 2755//2755
f 3220//3220 3215//3215 3217//3217
f 2648//2648 2650//2650 2573//2573
f 3215//3215 3220//3220 3214//3214
f 2570//2570 2571//2571 2580//2580
f 2648//2648 2570//2570 2580//2580
f 2573//2573 2570//2570 2648//2648
f 3639//3639 3214//3214 3531//3531
f 3214//3214 3220//3220 3531//3531
f 2562//2562 2571//2571 2570//2570
f 3531//3531 59//59 3639//3639
f 2737//2737 2562//2562 2570//2570
f 59//59 3531//3531 3647//3647
f 2654//2654 2569//2569 2770//2770
f 2654//2654 2575//2575 2569//2569
f 2656//2656 2654//2654 2781//2781
f 2585//2585 2581//2581 2738//2738
f 2585//2585 2584//2584 2581//2581
f 2589//2589 3647//3647 3641//3641
f 2586//2586 2589//2589 3641//3641
f 3046//3046 2784//2784 2585//2585
f 3046//3046 2585//2585 2738//2738
f 4384//4384 4134//4134 4135//4135
f 4366//4366 4134//4134 4384//4384
f 4112//4112 4113//4113 4115//4115
f 4366//4366 4115//4115 4128//4128
f 4128//4128 4115//4115 4113//4113
f 1991//1991 1697//1697 4139//4139
f 4199//4199 4204//4204 4343//4343
f 4200//4200 4204//4204 4199//4199
f 4112//4112 4343//4343 4113//4113
f 4113//4113 4343//4343 4204//4204
f 1697//1697 1696//1696 1695//1695
f 4199//4199 4124//4124 4200//4200
f 4200//4200 4124//4124 4369//4369
f 1757//1757 1845//1845 1696//1696
f 1694//1694 1845//1845 1967//1967
f 4376//4376 4327//4327 4318//4318
f 3853//3853 3854//3854 4376//4376
f 3861//3861 3867//3867 3862//3862
f 686//686 687//687 688//688
f 3859//3859 3867//3867 3930//3930
f 647//647 644//644 642//642
f 647//647 642//642 679//679
f 680//680 679//679 678//678
f 680//680 647//647 679//679
f 678//678 679//679 695//695
f 678//678 695//695 680//680
f 3930//3930 3940//3940 3859//3859
f 3737//3737 3859//3859 3940//3940
f 1018//1018 1023//1023 1063//1063
f 3734//3734 3737//3737 683//683
f 4836//4836 582//582 576//576
f 4836//4836 4837//4837 582//582
f 568//568 566//566 567//567
f 566//566 568//568 551//551
f 4836//4836 1464//1464 4837//4837
f 58//58 559//559 537//537
f 535//535 560//560 565//565
f 535//535 559//559 560//560
f 565//565 560//560 566//566
f 566//566 560//560 567//567
f 1464//1464 1939//1939 1465//1465
f 571//571 3476//3476 4769//4769
f 571//571 579//579 58//58
f 1655//1655 1939//1939 1442//1442
f 3300//3300 3233//3233 4958//4958
f 3300//3300 4769//4769 3476//3476
f 1939//1939 1429//1429 1442//1442
f 1429//1429 1428//1428 1442//1442
f 3230//3230 3303//3303 3233//3233
f 3458//3458 3304//3304 3303//3303
f 1428//1428 1663//1663 1427//1427
f 1912//1912 1663//1663 1428//1428
f 3500//3500 3304//3304 3458//3458
f 3216//3216 3308//3308 3500//3500
f 3222//3222 3216//3216 3500//3500
f 3221//3221 3216//3216 3222//3222
f 1663//1663 2755//2755 1664//1664
f 2755//2755 1667//1667 2650//2650
f 2795//2795 2573//2573 2650//2650
f 2795//2795 2650//2650 1667//1667
f 3214//3214 3639//3639 3642//3642
f 2737//2737 2570//2570 2573//2573
f 2781//2781 2737//2737 2656//2656
f 2572//2572 2737//2737 2573//2573
f 3643//3643 3639//3639 59//59
f 2654//2654 2583//2583 2575//2575
f 2654//2654 2656//2656 2655//2655
f 2655//2655 2656//2656 2737//2737
f 2655//2655 2737//2737 2658//2658
f 3647//3647 3643//3643 59//59
f 2581//2581 2588//2588 2582//2582
f 2581//2581 2575//2575 2588//2588
f 3643//3643 3647//3647 2589//2589
f 2586//2586 3046//3046 2589//2589
f 3046//3046 2738//2738 3047//3047
f 3047//3047 2738//2738 2581//2581
f 3048//3048 3643//3643 2589//2589
f 3048//3048 2589//2589 3046//3046
f 1322//1322 3992//3992 1297//1297
f 4001//4001 1322//1322 1323//1323
f 1296//1296 1322//1322 1297//1297
f 4001//4001 1323//1323 2796//2796
f 1323//1323 1322//1322 1296//1296
f 1299//1299 1323//1323 1296//1296
f 2796//2796 1323//1323 1299//1299
f 1296//1296 1295//1295 1299//1299
f 4128//4128 4169//4169 4366//4366
f 4135//4135 4138//4138 4137//4137
f 4134//4134 4138//4138 4135//4135
f 1991//1991 4139//4139 4137//4137
f 1991//1991 4137//4137 60//60
f 4128//4128 4113//4113 4132//4132
f 1991//1991 60//60 1697//1697
f 60//60 1890//1890 1697//1697
f 4369//4369 4201//4201 4200//4200
f 4113//4113 4204//4204 4114//4114
f 1890//1890 1757//1757 1697//1697
f 1697//1697 1757//1757 1696//1696
f 4203//4203 4202//4202 4369//4369
f 4376//4376 4206//4206 4327//4327
f 4205//4205 4206//4206 4376//4376
f 4203//4203 4369//4369 4206//4206
f 4369//4369 4327//4327 4206//4206
f 1967//1967 1845//1845 1970//1970
f 1845//1845 1757//1757 1970//1970
f 1974//1974 1967//1967 1970//1970
f 3853//3853 3929//3929 3854//3854
f 3854//3854 3929//3929 4376//4376
f 1763//1763 688//688 687//687
f 1763//1763 687//687 1974//1974
f 3862//3862 3867//3867 3853//3853
f 689//689 686//686 688//688
f 689//689 695//695 686//686
f 697//697 680//680 695//695
f 696//696 697//697 695//695
f 3859//3859 3858//3858 3867//3867
f 647//647 643//643 644//644
f 645//645 681//681 1023//1023
f 646//646 1023//1023 644//644
f 646//646 645//645 1023//1023
f 3941//3941 3736//3736 3859//3859
f 3941//3941 3859//3859 3737//3737
f 3941//3941 3737//3737 675//675
f 799//799 681//681 673//673
f 681//681 799//799 1063//1063
f 1063//1063 1023//1023 681//681
f 3734//3734 675//675 3737//3737
f 674//674 3734//3734 683//683
f 674//674 683//683 797//797
f 673//673 797//797 798//798
f 798//798 799//799 673//673
f 551//551 568//568 572//572
f 551//551 572//572 4836//4836
f 4836//4836 4685//4685 1464//1464
f 579//579 580//580 58//58
f 559//559 58//58 580//580
f 559//559 567//567 560//560
f 568//568 567//567 572//572
f 4685//4685 1939//1939 1464//1464
f 4685//4685 1647//1647 1939//1939
f 1939//1939 1647//1647 1986//1986
f 579//579 571//571 4763//4763
f 580//580 579//579 559//559
f 559//559 579//579 581//581
f 559//559 581//581 4759//4759
f 3300//3300 4958//4958 4768//4768
f 4769//4769 4767//4767 571//571
f 4769//4769 3300//3300 4767//4767
f 1986//1986 1429//1429 1939//1939
f 3233//3233 4768//4768 4958//4958
f 3233//3233 3306//3306 4768//4768
f 1430//1430 1428//1428 1429//1429
f 3305//3305 3233//3233 3303//3303
f 3305//3305 3306//3306 3233//3233
f 1428//1428 1430//1430 1958//1958
f 3304//3304 3430//3430 3303//3303
f 3303//3303 3430//3430 3305//3305
f 1635//1635 1428//1428 1958//1958
f 1912//1912 1428//1428 1635//1635
f 3500//3500 3207//3207 3304//3304
f 3500//3500 3308//3308 3207//3207
f 1912//1912 1635//1635 1663//1663
f 3221//3221 3308//3308 3216//3216
f 3221//3221 3212//3212 3308//3308
f 1667//1667 2755//2755 1663//1663
f 1667//1667 1663//1663 1635//1635
f 3217//3217 3212//3212 3221//3221
f 3215//3215 3213//3213 3217//3217
f 3214//3214 3213//3213 3215//3215
f 2766//2766 2573//2573 2795//2795
f 203//203 2766//2766 2795//2795
f 203//203 2795//2795 1667//1667
f 3656//3656 3214//3214 3642//3642
f 2708//2708 2572//2572 2573//2573
f 2766//2766 2708//2708 2573//2573
f 3642//3642 3639//3639 3656//3656
f 3639//3639 3657//3657 3656//3656
f 2658//2658 2737//2737 2572//2572
f 2655//2655 2658//2658 2572//2572
f 3639//3639 3643//3643 3657//3657
f 3643//3643 3638//3638 3657//3657
f 2575//2575 2582//2582 2588//2588
f 2575//2575 2583//2583 2582//2582
f 2583//2583 2654//2654 2780//2780
f 2780//2780 2654//2654 2655//2655
f 2780//2780 2655//2655 2664//2664
f 2664//2664 2655//2655 2704//2704
f 3047//3047 2581//2581 2587//2587
f 2582//2582 2587//2587 2581//2581
f 3049//3049 3638//3638 3048//3048
f 3638//3638 3643//3643 3048//3048
f 3046//3046 3081//3081 3048//3048
f 3081//3081 3046//3046 3047//3047
f 3048//3048 3081//3081 3044//3044
f 3996//3996 1312//1312 3997//3997
f 1301//1301 3993//3993 1312//1312
f 1310//1310 3993//3993 1301//1301
f 3992//3992 4005//4005 3993//3993
f 1311//1311 3992//3992 1310//1310
f 3992//3992 3993//3993 1310//1310
f 1322//1322 4005//4005 3992//3992
f 1297//1297 3992//3992 1311//1311
f 4001//4001 3551//3551 1322//1322
f 1322//1322 3551//3551 4005//4005
f 1294//1294 1295//1295 1296//1296
f 1299//1299 2797//2797 2796//2796
f 2797//2797 3550//3550 2796//2796
f 1295//1295 2797//2797 1299//1299
f 4366//4366 4133//4133 4134//4134
f 4169//4169 4133//4133 4366//4366
f 60//60 4137//4137 4138//4138
f 60//60 4138//4138 62//62
f 4114//4114 4171//4171 4113//4113
f 4113//4113 64//64 4132//4132
f 4113//4113 4171//4171 64//64
f 1890//1890 60//60 1757//1757
f 4202//4202 4201//4201 4369//4369
f 4200//4200 4201//4201 4204//4204
f 4204//4204 4201//4201 4114//4114
f 4208//4208 4205//4205 4376//4376
f 1761//1761 1970//1970 1757//1757
f 3932//3932 4376//4376 3929//3929
f 3932//3932 4208//4208 4376//4376
f 3853//3853 3932//3932 3929//3929
f 1759//1759 688//688 1763//1763
f 1763//1763 1974//1974 1970//1970
f 1763//1763 1970//1970 1759//1759
f 3853//3853 3855//3855 3932//3932
f 3867//3867 3855//3855 3853//3853
f 689//689 688//688 1081//1081
f 695//695 1081//1081 696//696
f 689//689 1081//1081 695//695
f 3858//3858 3927//3927 3867//3867
f 704//704 643//643 647//647
f 647//647 680//680 697//697
f 4004//4004 3858//3858 3859//3859
f 3859//3859 3736//3736 4004//4004
f 645//645 646//646 644//644
f 644//644 643//643 645//645
f 1147//1147 673//673 681//681
f 1024//1024 681//681 645//645
f 674//674 675//675 3734//3734
f 673//673 674//674 797//797
f 573//573 4836//4836 572//572
f 4686//4686 4836//4836 573//573
f 4686//4686 4685//4685 4836//4836
f 559//559 4759//4759 567//567
f 572//572 567//567 574//574
f 1986//1986 1647//1647 1648//1648
f 1986//1986 1648//1648 1429//1429
f 3300//3300 4768//4768 4767//4767
f 1958//1958 1437//1437 1636//1636
f 1636//1636 1635//1635 1958//1958
f 3212//3212 3207//3207 3308//3308
f 3206//3206 3207//3207 3212//3212
f 1635//1635 1633//1633 1667//1667
f 1633//1633 1963//1963 1667//1667
f 3213//3213 3212//3212 3217//3217
f 204//204 1667//1667 1963//1963
f 204//204 1963//1963 1633//1633
f 3214//3214 3495//3495 3213//3213
f 203//203 1667//1667 204//204
f 3656//3656 3495//3495 3214//3214
f 2753//2753 2572//2572 2577//2577
f 2572//2572 2574//2574 2577//2577
f 2572//2572 2708//2708 2766//2766
f 2572//2572 2766//2766 2574//2574
f 2655//2655 2753//2753 2704//2704
f 2753//2753 2655//2655 2572//2572
f 3638//3638 3637//3637 3657//3657
f 3638//3638 3049//3049 3637//3637
f 2582//2582 3114//3114 2587//2587
f 2582//2582 3080//3080 3079//3079
f 2582//2582 2583//2583 3080//3080
f 3080//3080 2583//2583 2780//2780
f 3080//3080 2780//2780 3101//3101
f 3101//3101 2780//2780 2664//2664
f 3047//3047 3114//3114 3081//3081
f 3114//3114 3047//3047 2587//2587
f 3114//3114 2582//2582 3078//3078
f 3078//3078 2582//2582 3079//3079
f 3644//3644 3049//3049 3048//3048
f 3044//3044 3114//3114 3045//3045
f 3081//3081 3114//3114 3044//3044
f 3167//3167 3048//3048 3044//3044
f 3644//3644 3048//3048 3167//3167
f 1316//1316 3996//3996 3998//3998
f 3997//3997 3998//3998 3996//3996
f 1301//1301 1312//1312 3996//3996
f 3995//3995 3997//3997 3994//3994
f 3999//3999 3997//3997 3995//3995
f 1312//1312 3994//3994 3997//3997
f 3995//3995 3994//3994 3993//3993
f 3991//3991 3995//3995 3993//3993
f 3993//3993 3994//3994 1312//1312
f 4005//4005 3991//3991 3993//3993
f 4005//4005 3551//3551 3991//3991
f 1311//1311 1309//1309 1297//1297
f 1309//1309 1296//1296 1297//1297
f 4001//4001 315//315 3551//3551
f 1294//1294 1296//1296 1293//1293
f 1294//1294 1293//1293 1295//1295
f 3550//3550 4001//4001 2796//2796
f 1288//1288 2797//2797 1295//1295
f 1288//1288 1295//1295 215//215
f 210//210 3550//3550 2797//2797
f 210//210 2797//2797 63//63
f 63//63 2797//2797 61//61
f 64//64 4353//4353 4128//4128
f 64//64 4128//4128 4132//4132
f 4133//4133 4169//4169 4134//4134
f 4387//4387 4134//4134 4169//4169
f 4387//4387 4138//4138 4134//4134
f 1698//1698 62//62 4138//4138
f 4171//4171 4114//4114 4201//4201
f 1698//1698 60//60 62//62
f 1757//1757 60//60 1698//1698
f 4203//4203 4344//4344 4202//4202
f 4202//4202 4344//4344 4201//4201
f 1698//1698 1761//1761 1757//1757
f 4206//4206 4168//4168 4203//4203
f 4205//4205 4168//4168 4206//4206
f 4207//4207 4205//4205 4208//4208
f 3932//3932 3928//3928 4208//4208
f 1761//1761 1758//1758 1970//1970
f 1970//1970 1758//1758 1759//1759
f 3928//3928 3932//3932 3856//3856
f 1759//1759 1760//1760 688//688
f 3855//3855 3856//3856 3932//3932
f 1760//1760 1081//1081 688//688
f 3867//3867 3857//3857 3855//3855
f 3927//3927 3857//3857 3867//3867
f 1081//1081 698//698 696//696
f 697//697 696//696 698//698
f 697//697 698//698 999//999
f 647//647 697//697 999//999
f 647//647 999//999 704//704
f 648//648 1024//1024 645//645
f 1001//1001 648//648 645//645
f 1106//1106 1001//1001 645//645
f 645//645 643//643 704//704
f 645//645 704//704 1106//1106
f 3941//3941 675//675 3736//3736
f 3736//3736 675//675 3735//3735
f 1147//1147 672//672 673//673
f 650//650 681//681 1024//1024
f 650//650 1147//1147 681//681
f 3733//3733 3735//3735 675//675
f 682//682 3733//3733 675//675
f 672//672 674//674 673//673
f 672//672 790//790 674//674
f 581//581 4760//4760 4759//4759
f 4761//4761 567//567 4759//4759
f 567//567 4761//4761 4762//4762
f 574//574 4762//4762 572//572
f 567//567 4762//4762 574//574
f 4762//4762 573//573 572//572
f 4686//4686 4688//4688 4685//4685
f 573//573 4688//4688 4686//4686
f 4685//4685 4688//4688 1647//1647
f 4763//4763 581//581 579//579
f 4760//4760 4758//4758 4759//4759
f 4759//4759 4758//4758 4761//4761
f 4688//4688 1649//1649 1647//1647
f 1649//1649 1648//1648 1647//1647
f 1648//1648 1649//1649 1661//1661
f 1661//1661 1429//1429 1648//1648
f 571//571 4765//4765 4763//4763
f 571//571 4767//4767 4765//4765
f 1649//1649 1430//1430 1429//1429
f 1661//1661 1649//1649 1429//1429
f 3306//3306 3392//3392 4824//4824
f 4826//4826 3306//3306 4824//4824
f 4768//4768 3306//3306 4826//4826
f 4768//4768 4826//4826 4767//4767
f 1649//1649 1436//1436 1430//1430
f 1958//1958 1430//1430 1436//1436
f 3305//3305 3430//3430 3306//3306
f 1436//1436 1437//1437 1958//1958
f 3207//3207 3430//3430 3304//3304
f 3207//3207 3206//3206 3430//3430
f 3477//3477 3206//3206 3212//3212
f 3495//3495 3477//3477 3212//3212
f 3213//3213 3495//3495 3212//3212
f 1633//1633 1525//1525 204//204
f 1525//1525 203//203 204//204
f 2751//2751 2578//2578 2766//2766
f 2751//2751 2766//2766 203//203
f 2577//2577 2574//2574 2766//2766
f 2578//2578 2577//2577 2766//2766
f 3657//3657 3224//3224 3656//3656
f 3099//3099 2753//2753 2577//2577
f 3657//3657 3636//3636 3224//3224
f 3657//3657 3637//3637 3636//3636
f 2664//2664 2704//2704 3162//3162
f 2704//2704 2753//2753 3162//3162
f 3162//3162 2753//2753 3098//3098
f 3098//3098 2753//2753 3099//3099
f 3101//3101 2664//2664 3036//3036
f 3637//3637 3049//3049 3635//3635
f 3114//3114 3078//3078 3043//3043
f 3078//3078 3079//3079 3080//3080
f 3078//3078 3080//3080 3101//3101
f 3635//3635 3049//3049 3644//3644
f 3635//3635 3644//3644 3658//3658
f 3114//3114 3043//3043 3045//3045
f 3040//3040 3043//3043 3078//3078
f 3658//3658 3644//3644 3645//3645
f 3045//3045 3094//3094 3044//3044
f 3082//3082 3043//3043 3041//3041
f 3045//3045 3043//3043 3082//3082
f 3041//3041 3043//3043 3042//3042
f 3658//3658 3645//3645 3167//3167
f 3645//3645 3644//3644 3167//3167
f 3044//3044 3094//3094 3167//3167
f 3082//3082 3094//3094 3045//3045
f 3167//3167 3094//3094 3620//3620
f 3622//3622 3620//3620 3617//3617
f 3620//3620 111//111 3617//3617
f 107//107 105//105 3998//3998
f 1316//1316 3998//3998 105//105
f 3997//3997 3616//3616 3998//3998
f 3998//3998 3616//3616 107//107
f 1301//1301 3996//3996 1316//1316
f 3997//3997 3999//3999 3616//3616
f 3991//3991 3999//3999 3995//3995
f 1310//1310 1301//1301 1302//1302
f 1309//1309 1311//1311 1310//1310
f 1302//1302 1309//1309 1310//1310
f 1292//1292 1296//1296 1309//1309
f 4001//4001 3555//3555 315//315
f 1292//1292 1291//1291 1296//1296
f 1296//1296 1291//1291 1293//1293
f 1291//1291 1295//1295 1293//1293
f 1289//1289 1295//1295 1291//1291
f 3550//3550 316//316 4001//4001
f 1289//1289 215//215 1295//1295
f 213//213 210//210 63//63
f 61//61 213//213 63//63
f 61//61 2797//2797 1288//1288
f 61//61 1288//1288 213//213
f 1775//1775 4387//4387 4169//4169
f 4372//4372 4353//4353 64//64
f 4353//4353 4144//4144 4128//4128
f 4128//4128 4144//4144 4169//4169
f 4144//4144 4143//4143 4169//4169
f 4169//4169 4143//4143 1775//1775
f 4387//4387 1775//1775 4138//4138
f 1698//1698 4138//4138 1775//1775
f 4172//4172 4372//4372 4171//4171
f 64//64 4171//4171 4372//4372
f 4168//4168 4344//4344 4203//4203
f 4344//4344 4175//4175 4201//4201
f 4171//4171 4201//4201 4172//4172
f 4172//4172 4201//4201 4175//4175
f 1859//1859 1761//1761 1698//1698
f 4207//4207 4167//4167 4205//4205
f 4205//4205 4167//4167 4168//4168
f 4208//4208 3928//3928 4207//4207
f 1774//1774 1758//1758 1761//1761
f 3928//3928 3856//3856 3901//3901
f 1759//1759 1758//1758 1760//1760
f 1758//1758 1081//1081 1760//1760
f 698//698 1081//1081 702//702
f 698//698 702//702 699//699
f 3858//3858 4004//4004 3927//3927
f 999//999 698//698 699//699
f 999//999 699//699 704//704
f 705//705 1106//1106 704//704
f 3735//3735 4004//4004 3736//3736
f 1073//1073 672//672 1147//1147
f 1073//1073 654//654 672//672
f 650//650 1024//1024 648//648
f 650//650 648//648 1147//1147
f 682//682 675//675 674//674
f 1145//1145 674//674 790//790
f 1145//1145 682//682 674//674
f 672//672 654//654 790//790
f 4683//4683 573//573 4762//4762
f 4684//4684 4688//4688 573//573
f 4764//4764 581//581 4763//4763
f 581//581 4764//4764 4760//4760
f 4758//4758 4760//4760 4761//4761
f 4760//4760 4757//4757 4761//4761
f 4761//4761 4757//4757 4762//4762
f 573//573 4683//4683 4684//4684
f 1649//1649 4688//4688 1431//1431
f 4765//4765 4767//4767 4770//4770
f 4765//4765 4766//4766 4763//4763
f 4763//4763 4766//4766 4764//4764
f 4764//4764 4766//4766 4760//4760
f 1649//1649 1431//1431 1432//1432
f 4826//4826 4904//4904 4767//4767
f 4767//4767 4904//4904 4770//4770
f 4770//4770 4904//4904 4765//4765
f 1432//1432 1436//1436 1649//1649
f 3306//3306 3492//3492 3392//3392
f 3392//3392 3492//3492 4824//4824
f 4824//4824 3492//3492 4826//4826
f 4826//4826 3492//3492 4904//4904
f 3430//3430 3396//3396 3306//3306
f 3396//3396 3492//3492 3306//3306
f 3208//3208 3396//3396 3430//3430
f 1635//1635 1636//1636 1437//1437
f 3206//3206 3208//3208 3430//3430
f 1634//1634 1635//1635 1437//1437
f 1634//1634 1633//1633 1635//1635
f 3495//3495 3510//3510 3477//3477
f 1524//1524 203//203 1525//1525
f 2734//2734 2751//2751 203//203
f 3656//3656 3225//3225 3495//3495
f 3224//3224 3225//3225 3656//3656
f 2578//2578 3099//3099 2577//2577
f 3501//3501 3224//3224 3636//3636
f 2664//2664 3037//3037 3036//3036
f 3162//3162 3037//3037 2664//2664
f 3635//3635 3636//3636 3637//3637
f 3078//3078 3101//3101 3077//3077
f 3095//3095 3101//3101 3036//3036
f 3095//3095 3036//3036 3037//3037
f 3095//3095 3037//3037 3162//3162
f 3634//3634 3635//3635 3658//3658
f 3043//3043 3040//3040 3042//3042
f 3038//3038 3040//3040 3078//3078
f 3077//3077 3038//3038 3078//3078
f 3038//3038 3077//3077 3101//3101
f 3038//3038 3101//3101 3034//3034
f 3034//3034 3101//3101 3095//3095
f 3042//3042 3040//3040 3113//3113
f 3039//3039 3040//3040 3038//3038
f 3989//3989 3658//3658 3646//3646
f 3167//3167 3646//3646 3658//3658
f 3088//3088 3087//3087 3082//3082
f 3088//3088 3082//3082 3041//3041
f 3042//3042 3088//3088 3041//3041
f 3088//3088 3042//3042 3113//3113
f 3082//3082 3083//3083 3094//3094
f 3087//3087 3083//3083 3082//3082
f 3646//3646 3167//3167 3989//3989
f 3167//3167 3621//3621 3989//3989
f 3167//3167 3620//3620 3621//3621
f 3094//3094 3083//3083 3085//3085
f 3620//3620 3618//3618 3621//3621
f 3085//3085 3620//3620 3094//3094
f 3085//3085 3084//3084 3620//3620
f 3622//3622 3618//3618 3620//3620
f 3084//3084 111//111 3620//3620
f 3617//3617 3618//3618 3622//3622
f 3617//3617 3619//3619 3618//3618
f 112//112 111//111 3084//3084
f 3086//3086 3619//3619 3617//3617
f 3617//3617 111//111 1324//1324
f 1324//1324 111//111 112//112
f 3617//3617 3615//3615 3086//3086
f 3617//3617 110//110 3615//3615
f 109//109 3617//3617 1324//1324
f 110//110 3617//3617 109//109
f 110//110 109//109 108//108
f 3613//3613 3615//3615 105//105
f 105//105 3615//3615 108//108
f 3615//3615 110//110 108//108
f 106//106 108//108 109//109
f 105//105 108//108 106//106
f 109//109 1316//1316 106//106
f 3613//3613 105//105 107//107
f 1316//1316 105//105 106//106
f 3616//3616 3613//3613 107//107
f 3999//3999 4010//4010 3616//3616
f 4000//4000 4010//4010 3999//3999
f 4000//4000 3999//3999 3553//3553
f 68//68 1301//1301 1327//1327
f 3991//3991 3553//3553 3999//3999
f 68//68 1302//1302 1301//1301
f 3551//3551 3552//3552 3991//3991
f 315//315 3552//3552 3551//3551
f 314//314 3555//3555 4001//4001
f 316//316 314//314 4001//4001
f 3550//3550 208//208 207//207
f 3550//3550 210//210 208//208
f 215//215 216//216 1288//1288
f 213//213 1288//1288 216//216
f 4301//4301 4145//4145 4372//4372
f 4372//4372 4144//4144 4353//4353
f 4143//4143 4393//4393 1775//1775
f 1700//1700 1775//1775 4393//4393
f 4172//4172 4175//4175 4372//4372
f 4301//4301 4372//4372 4175//4175
f 1775//1775 1859//1859 1698//1698
f 4165//4165 4168//4168 4166//4166
f 4165//4165 4344//4344 4168//4168
f 4344//4344 4173//4173 4175//4175
f 4174//4174 4173//4173 4344//4344
f 1761//1761 1859//1859 1762//1762
f 4167//4167 4166//4166 4168//4168
f 4207//4207 3928//3928 4397//4397
f 4397//4397 3928//3928 3901//3901
f 1762//1762 1774//1774 1761//1761
f 3926//3926 3901//3901 3856//3856
f 3855//3855 3926//3926 3856//3856
f 1928//1928 1081//1081 1758//1758
f 1764//1764 1081//1081 1928//1928
f 702//702 1081//1081 1764//1764
f 699//699 702//702 1764//1764
f 699//699 1764//1764 700//700
f 703//703 705//705 704//704
f 704//704 699//699 700//700
f 704//704 700//700 703//703
f 3924//3924 3927//3927 4004//4004
f 1106//1106 1000//1000 1001//1001
f 3733//3733 3924//3924 4004//4004
f 3733//3733 4004//4004 3735//3735
f 1040//1040 1073//1073 1147//1147
f 1147//1147 648//648 1040//1040
f 677//677 1066//1066 3733//3733
f 677//677 3733//3733 682//682
f 790//790 654//654 1145//1145
f 4956//4956 4760//4760 4957//4957
f 4923//4923 4760//4760 4956//4956
f 4757//4757 4760//4760 4923//4923
f 4762//4762 4757//4757 4668//4668
f 4684//4684 4682//4682 4688//4688
f 4683//4683 4682//4682 4684//4684
f 4688//4688 4682//4682 4679//4679
f 4766//4766 4765//4765 4957//4957
f 4760//4760 4766//4766 4957//4957
f 4679//4679 1431//1431 4688//4688
f 4765//4765 4904//4904 4771//4771
f 4765//4765 4771//4771 4957//4957
f 1431//1431 1911//1911 1432//1432
f 1432//1432 1911//1911 1436//1436
f 3492//3492 4914//4914 4879//4879
f 4904//4904 3492//3492 4879//4879
f 1435//1435 1436//1436 1911//1911
f 3455//3455 3492//3492 3396//3396
f 3492//3492 3455//3455 4914//4914
f 1435//1435 1437//1437 1436//1436
f 1437//1437 1435//1435 1637//1637
f 3210//3210 3396//3396 3208//3208
f 1634//1634 1437//1437 1637//1637
f 3206//3206 3210//3210 3208//3208
f 1637//1637 1633//1633 1634//1634
f 1632//1632 1633//1633 1637//1637
f 3477//3477 3210//3210 3206//3206
f 3477//3477 3209//3209 3210//3210
f 1632//1632 1525//1525 1633//1633
f 1523//1523 1524//1524 1525//1525
f 3495//3495 3504//3504 3510//3510
f 2764//2764 2734//2734 203//203
f 202//202 2764//2764 203//203
f 1524//1524 202//202 203//203
f 3495//3495 3225//3225 3504//3504
f 2764//2764 2751//2751 2734//2734
f 2751//2751 2764//2764 202//202
f 3224//3224 3501//3501 3225//3225
f 3096//3096 3099//3099 2578//2578
f 2751//2751 3096//3096 2578//2578
f 3634//3634 3501//3501 3636//3636
f 3100//3100 3162//3162 3098//3098
f 3098//3098 3097//3097 3100//3100
f 3096//3096 3097//3097 3098//3098
f 3099//3099 3096//3096 3098//3098
f 3634//3634 3636//3636 3635//3635
f 3100//3100 3095//3095 3162//3162
f 3100//3100 3097//3097 3016//3016
f 3634//3634 3658//3658 3659//3659
f 3034//3034 3095//3095 3038//3038
f 3035//3035 3075//3075 3095//3095
f 3035//3035 3095//3095 3100//3100
f 3040//3040 3039//3039 3113//3113
f 3033//3033 3038//3038 3095//3095
f 3033//3033 3095//3095 3075//3075
f 3658//3658 3989//3989 3659//3659
f 3179//3179 3088//3088 3113//3113
f 3113//3113 3091//3091 3179//3179
f 3087//3087 3088//3088 3089//3089
f 3093//3093 3084//3084 3083//3083
f 3083//3083 3084//3084 3085//3085
f 3093//3093 3087//3087 3092//3092
f 3083//3083 3087//3087 3093//3093
f 3092//3092 3087//3087 3089//3089
f 3092//3092 65//65 3084//3084
f 3093//3093 3092//3092 3084//3084
f 1320//1320 3084//3084 65//65
f 1320//1320 112//112 3084//3084
f 3086//3086 3611//3611 3619//3619
f 3615//3615 3611//3611 3086//3086
f 3612//3612 3611//3611 3615//3615
f 3613//3613 3612//3612 3615//3615
f 1318//1318 1316//1316 109//109
f 1318//1318 1317//1317 1316//1316
f 3616//3616 4010//4010 3614//3614
f 3616//3616 3614//3614 3613//3613
f 3561//3561 3614//3614 4010//4010
f 1315//1315 1301//1301 1316//1316
f 1315//1315 1327//1327 1301//1301
f 3553//3553 4010//4010 4000//4000
f 3553//3553 3559//3559 4010//4010
f 1309//1309 1303//1303 1298//1298
f 1309//1309 1302//1302 1303//1303
f 3555//3555 3552//3552 315//315
f 3555//3555 3554//3554 3552//3552
f 1298//1298 1292//1292 1309//1309
f 1300//1300 1292//1292 1298//1298
f 69//69 3555//3555 314//314
f 69//69 3554//3554 3555//3555
f 1300//1300 1291//1291 1292//1292
f 314//314 316//316 69//69
f 1289//1289 1291//1291 1290//1290
f 1291//1291 307//307 1290//1290
f 1290//1290 215//215 1289//1289
f 316//316 3550//3550 207//207
f 307//307 214//214 215//215
f 1290//1290 307//307 215//215
f 207//207 208//208 209//209
f 216//216 215//215 209//209
f 215//215 214//214 209//209
f 208//208 210//210 209//209
f 209//209 210//210 213//213
f 209//209 213//213 216//216
f 4142//4142 4393//4393 4143//4143
f 4142//4142 4129//4129 4393//4393
f 4372//4372 4143//4143 4144//4144
f 1775//1775 1700//1700 1859//1859
f 4175//4175 4174//4174 4301//4301
f 4167//4167 4165//4165 4166//4166
f 4175//4175 4173//4173 4174//4174
f 4397//4397 4315//4315 4207//4207
f 4358//4358 4315//4315 4397//4397
f 4207//4207 4315//4315 4167//4167
f 3899//3899 4397//4397 3901//3901
f 3899//3899 3901//3901 4016//4016
f 1766//1766 1758//1758 1774//1774
f 3926//3926 4016//4016 3901//3901
f 3857//3857 3945//3945 3855//3855
f 3855//3855 3945//3945 3926//3926
f 3857//3857 3927//3927 3868//3868
f 703//703 700//700 701//701
f 703//703 701//701 705//705
f 3924//3924 3868//3868 3927//3927
f 1000//1000 1106//1106 705//705
f 1144//1144 1040//1040 648//648
f 1144//1144 648//648 1001//1001
f 1001//1001 1000//1000 774//774
f 3871//3871 3924//3924 3733//3733
f 1066//1066 3871//3871 3733//3733
f 660//660 1145//1145 654//654
f 649//649 654//654 1073//1073
f 649//649 1073//1073 1040//1040
f 671//671 677//677 682//682
f 4678//4678 4683//4683 4762//4762
f 4678//4678 4762//4762 4668//4668
f 4679//4679 4682//4682 4683//4683
f 4679//4679 4683//4683 4678//4678
f 4956//4956 4957//4957 4912//4912
f 4923//4923 4956//4956 4670//4670
f 4923//4923 4668//4668 4757//4757
f 1431//1431 1433//1433 4966//4966
f 4679//4679 1433//1433 1431//1431
f 4771//4771 4904//4904 4902//4902
f 4771//4771 4912//4912 4957//4957
f 4966//4966 1434//1434 1431//1431
f 1434//1434 1911//1911 1431//1431
f 1911//1911 1434//1434 1435//1435
f 4879//4879 4914//4914 4904//4904
f 4904//4904 4914//4914 4902//4902
f 1637//1637 1435//1435 1917//1917
f 3396//3396 3456//3456 3455//3455
f 3455//3455 4878//4878 4914//4914
f 3396//3396 3210//3210 3456//3456
f 3191//3191 3189//3189 3210//3210
f 3209//3209 3191//3191 3210//3210
f 1522//1522 1525//1525 1632//1632
f 3477//3477 3191//3191 3209//3209
f 3477//3477 3397//3397 3191//3191
f 1522//1522 1523//1523 1525//1525
f 3510//3510 3397//3397 3477//3477
f 3307//3307 3504//3504 3225//3225
f 1639//1639 2741//2741 2751//2751
f 202//202 1639//1639 2751//2751
f 3501//3501 66//66 3225//3225
f 3307//3307 3225//3225 66//66
f 2741//2741 3096//3096 2751//2751
f 2741//2741 3102//3102 3096//3096
f 66//66 3501//3501 67//67
f 3110//3110 3096//3096 3102//3102
f 3634//3634 67//67 3501//3501
f 3634//3634 3633//3633 67//67
f 3100//3100 3016//3016 3035//3035
f 3097//3097 3096//3096 3112//3112
f 3112//3112 3096//3096 3110//3110
f 3648//3648 3634//3634 3659//3659
f 3633//3633 3634//3634 3648//3648
f 3659//3659 3632//3632 3648//3648
f 3015//3015 3075//3075 3035//3035
f 3015//3015 3035//3035 3016//3016
f 3632//3632 3659//3659 3631//3631
f 3039//3039 3091//3091 3113//3113
f 3033//3033 3039//3039 3038//3038
f 3033//3033 3117//3117 3039//3039
f 3117//3117 3075//3075 3013//3013
f 3033//3033 3075//3075 3117//3117
f 3659//3659 3989//3989 3631//3631
f 3989//3989 3624//3624 3631//3631
f 3117//3117 3091//3091 3039//3039
f 3989//3989 3621//3621 3618//3618
f 3661//3661 3989//3989 3618//3618
f 3624//3624 3989//3989 3661//3661
f 3088//3088 3179//3179 3089//3089
f 3091//3091 3090//3090 3179//3179
f 3091//3091 3117//3117 3090//3090
f 3618//3618 3623//3623 3661//3661
f 3619//3619 3623//3623 3618//3618
f 3619//3619 3655//3655 3623//3623
f 3089//3089 65//65 3092//3092
f 3089//3089 3179//3179 3109//3109
f 3655//3655 3619//3619 3610//3610
f 1320//1320 65//65 3089//3089
f 3115//3115 1320//1320 3089//3089
f 3109//3109 3115//3115 3089//3089
f 3611//3611 3610//3610 3619//3619
f 1319//1319 112//112 1320//1320
f 3612//3612 3610//3610 3611//3611
f 1319//1319 1324//1324 112//112
f 1318//1318 109//109 1324//1324
f 1324//1324 1319//1319 1318//1318
f 3613//3613 3614//3614 3612//3612
f 3614//3614 3562//3562 3612//3612
f 1318//1318 1314//1314 1317//1317
f 3561//3561 4010//4010 70//70
f 4010//4010 3560//3560 70//70
f 1317//1317 1315//1315 1316//1316
f 1313//1313 1315//1315 1317//1317
f 3560//3560 4010//4010 3559//3559
f 1327//1327 1315//1315 1313//1313
f 1305//1305 1327//1327 1313//1313
f 3988//3988 3559//3559 3553//3553
f 1327//1327 1305//1305 68//68
f 3991//3991 4002//4002 3553//3553
f 3988//3988 3553//3553 4002//4002
f 1305//1305 1302//1302 68//68
f 1303//1303 1302//1302 1305//1305
f 3552//3552 4002//4002 3991//3991
f 3552//3552 3988//3988 4002//4002
f 3554//3554 3988//3988 3552//3552
f 1298//1298 1303//1303 1300//1300
f 69//69 310//310 3554//3554
f 307//307 1291//1291 1300//1300
f 207//207 304//304 316//316
f 304//304 69//69 316//316
f 209//209 304//304 207//207
f 212//212 209//209 214//214
f 4131//4131 4142//4142 4385//4385
f 4142//4142 1700//1700 4129//4129
f 4160//4160 4161//4161 4301//4301
f 4145//4145 4301//4301 4161//4161
f 4372//4372 4145//4145 4385//4385
f 4372//4372 4385//4385 4143//4143
f 4143//4143 4385//4385 4142//4142
f 1700//1700 4393//4393 4129//4129
f 1859//1859 1700//1700 1699//1699
f 4301//4301 4174//4174 4160//4160
f 1762//1762 1859//1859 1699//1699
f 4163//4163 4167//4167 4164//4164
f 4163//4163 4165//4165 4167//4167
f 4159//4159 4344//4344 4156//4156
f 4344//4344 4165//4165 4156//4156
f 4344//4344 4159//4159 4174//4174
f 1699//1699 1872//1872 1762//1762
f 4358//4358 3900//3900 4209//4209
f 4358//4358 4397//4397 3900//3900
f 4315//4315 4358//4358 4164//4164
f 4315//4315 4164//4164 4167//4167
f 1774//1774 1762//1762 1766//1766
f 3900//3900 4397//4397 3899//3899
f 3903//3903 3899//3899 4016//4016
f 3926//3926 3903//3903 4016//4016
f 3926//3926 3922//3922 3903//3903
f 1766//1766 1928//1928 1758//1758
f 3922//3922 3926//3926 3925//3925
f 3945//3945 3925//3925 3926//3926
f 700//700 1764//1764 701//701
f 3857//3857 3873//3873 3945//3945
f 3869//3869 3873//3873 3857//3857
f 3869//3869 3857//3857 3868//3868
f 1049//1049 1000//1000 705//705
f 705//705 701//701 706//706
f 705//705 706//706 1049//1049
f 786//786 774//774 1000//1000
f 3871//3871 3868//3868 3924//3924
f 1072//1072 1144//1144 1001//1001
f 1002//1002 1072//1072 1001//1001
f 1001//1001 774//774 1002//1002
f 3942//3942 3871//3871 1066//1066
f 652//652 654//654 649//649
f 3732//3732 3942//3942 1066//1066
f 668//668 1066//1066 677//677
f 682//682 1145//1145 660//660
f 682//682 660//660 671//671
f 4666//4666 4923//4923 4670//4670
f 4666//4666 4670//4670 4956//4956
f 4667//4667 4668//4668 4923//4923
f 4667//4667 4923//4923 4666//4666
f 4678//4678 4668//4668 4667//4667
f 4680//4680 4678//4678 4667//4667
f 4678//4678 4680//4680 4679//4679
f 1433//1433 4679//4679 4966//4966
f 4771//4771 4969//4969 4912//4912
f 4956//4956 4912//4912 4669//4669
f 4956//4956 4669//4669 4666//4666
f 4902//4902 4903//4903 4771//4771
f 4903//4903 4730//4730 4771//4771
f 4730//4730 4969//4969 4771//4771
f 4902//4902 4914//4914 4903//4903
f 4914//4914 4901//4901 4903//4903
f 1637//1637 1917//1917 1438//1438
f 4877//4877 4878//4878 3455//3455
f 4878//4878 4877//4877 4914//4914
f 4877//4877 4871//4871 4914//4914
f 4914//4914 4871//4871 4901//4901
f 3518//3518 4876//4876 3210//3210
f 3210//3210 4876//4876 3456//3456
f 4876//4876 3455//3455 3456//3456
f 3455//3455 4876//4876 4877//4877
f 1438//1438 1926//1926 1637//1637
f 1632//1632 1637//1637 1926//1926
f 3189//3189 3518//3518 3210//3210
f 1926//1926 1522//1522 1632//1632
f 3397//3397 3190//3190 3191//3191
f 1915//1915 1523//1523 1522//1522
f 3510//3510 3190//3190 3397//3397
f 3510//3510 3502//3502 3190//3190
f 3504//3504 3502//3502 3510//3510
f 1639//1639 202//202 1524//1524
f 66//66 3310//3310 3307//3307
f 1639//1639 201//201 2741//2741
f 201//201 3102//3102 2741//2741
f 201//201 200//200 3102//3102
f 67//67 3633//3633 66//66
f 3056//3056 3027//3027 3110//3110
f 3056//3056 3110//3110 3102//3102
f 3056//3056 3102//3102 200//200
f 3110//3110 3027//3027 3112//3112
f 3027//3027 3029//3029 3112//3112
f 3097//3097 3020//3020 3016//3016
f 3016//3016 3020//3020 3026//3026
f 3020//3020 3097//3097 3112//3112
f 3030//3030 3020//3020 3112//3112
f 3030//3030 3112//3112 3029//3029
f 3660//3660 3648//3648 3632//3632
f 3016//3016 3014//3014 3015//3015
f 3016//3016 3017//3017 3014//3014
f 3026//3026 3017//3017 3016//3016
f 3026//3026 3020//3020 3028//3028
f 3632//3632 3631//3631 3660//3660
f 3015//3015 3014//3014 3075//3075
f 3014//3014 3013//3013 3075//3075
f 3139//3139 3014//3014 3017//3017
f 3660//3660 3631//3631 3627//3627
f 3031//3031 3181//3181 3117//3117
f 3013//3013 3031//3031 3117//3117
f 3013//3013 3014//3014 3031//3031
f 3014//3014 3050//3050 3011//3011
f 3050//3050 3014//3014 3139//3139
f 3631//3631 3624//3624 3627//3627
f 3624//3624 3661//3661 3627//3627
f 3181//3181 3118//3118 3117//3117
f 3031//3031 3014//3014 3012//3012
f 3012//3012 3014//3014 3011//3011
f 3623//3623 3627//3627 3661//3661
f 3119//3119 3179//3179 3090//3090
f 3117//3117 3118//3118 3090//3090
f 3118//3118 3119//3119 3090//3090
f 3115//3115 3109//3109 3179//3179
f 3179//3179 3138//3138 3115//3115
f 3179//3179 3119//3119 3138//3138
f 3118//3118 3181//3181 3142//3142
f 3118//3118 3142//3142 3119//3119
f 3610//3610 3653//3653 3655//3655
f 3161//3161 3115//3115 3138//3138
f 3161//3161 3138//3138 3119//3119
f 3137//3137 3119//3119 3142//3142
f 3653//3653 3610//3610 3605//3605
f 1321//1321 1319//1319 3115//3115
f 3115//3115 1319//1319 1320//1320
f 3115//3115 3161//3161 1321//1321
f 3120//3120 3161//3161 3119//3119
f 3120//3120 3119//3119 3137//3137
f 3609//3609 3605//3605 3610//3610
f 3610//3610 3612//3612 3609//3609
f 1321//1321 3123//3123 1319//1319
f 3612//3612 3607//3607 3609//3609
f 1325//1325 1318//1318 1319//1319
f 1319//1319 3123//3123 1325//1325
f 3607//3607 3612//3612 3608//3608
f 3562//3562 3608//3608 3612//3612
f 1318//1318 1325//1325 3156//3156
f 1318//1318 3156//3156 1314//1314
f 3562//3562 3561//3561 71//71
f 3614//3614 3561//3561 3562//3562
f 1314//1314 3156//3156 3158//3158
f 70//70 71//71 3561//3561
f 70//70 3560//3560 71//71
f 3560//3560 3559//3559 71//71
f 1314//1314 1313//1313 1317//1317
f 1314//1314 3158//3158 1313//1313
f 3158//3158 1305//1305 1313//1313
f 3169//3169 1305//1305 3158//3158
f 3988//3988 3558//3558 3559//3559
f 1303//1303 1305//1305 1304//1304
f 1300//1300 1303//1303 1304//1304
f 1308//1308 1304//1304 1328//1328
f 1300//1300 1304//1304 1308//1308
f 3554//3554 4003//4003 3987//3987
f 275//275 3554//3554 3987//3987
f 3988//3988 3554//3554 275//275
f 1300//1300 1308//1308 1306//1306
f 276//276 1300//1300 1306//1306
f 310//310 4003//4003 3554//3554
f 310//310 311//311 4003//4003
f 306//306 1300//1300 276//276
f 69//69 309//309 310//310
f 309//309 311//311 310//310
f 306//306 307//307 1300//1300
f 69//69 304//304 309//309
f 304//304 211//211 305//305
f 211//211 214//214 307//307
f 211//211 307//307 305//305
f 209//209 211//211 304//304
f 211//211 209//209 212//212
f 211//211 212//212 214//214
f 4147//4147 4161//4161 4149//4149
f 4161//4161 4147//4147 4145//4145
f 4145//4145 4131//4131 4385//4385
f 4147//4147 4131//4131 4145//4145
f 4130//4130 4131//4131 3149//3149
f 4130//4130 4142//4142 4131//4131
f 1700//1700 4142//4142 1701//1701
f 4321//4321 4160//4160 4151//4151
f 4160//4160 4321//4321 4161//4161
f 4161//4161 4321//4321 4149//4149
f 1701//1701 1699//1699 1700//1700
f 4155//4155 4154//4154 4162//4162
f 4155//4155 4162//4162 4158//4158
f 4157//4157 4156//4156 4154//4154
f 4156//4156 4157//4157 4159//4159
f 4160//4160 4174//4174 4151//4151
f 4174//4174 4157//4157 4151//4151
f 4174//4174 4159//4159 4157//4157
f 1870//1870 1772//1772 1699//1699
f 2926//2926 4209//4209 2931//2931
f 4209//4209 2927//2927 4358//4358
f 2926//2926 2927//2927 4209//4209
f 4164//4164 2927//2927 4162//4162
f 4164//4164 4358//4358 2927//2927
f 4164//4164 4162//4162 4163//4163
f 4163//4163 4162//4162 4165//4165
f 4165//4165 4162//4162 4154//4154
f 4165//4165 4154//4154 4156//4156
f 1772//1772 1872//1872 1699//1699
f 3900//3900 3898//3898 2931//2931
f 3900//3900 2931//2931 4209//4209
f 1872//1872 1773//1773 1762//1762
f 1766//1766 1762//1762 1773//1773
f 3898//3898 3900//3900 3899//3899
f 3897//3897 3898//3898 3899//3899
f 1768//1768 1766//1766 1773//1773
f 3903//3903 3897//3897 3899//3899
f 1767//1767 1766//1766 1768//1768
f 3896//3896 3903//3903 3925//3925
f 3903//3903 3922//3922 3925//3925
f 1767//1767 1928//1928 1766//1766
f 3945//3945 3896//3896 3925//3925
f 1765//1765 1764//1764 1928//1928
f 701//701 1764//1764 1765//1765
f 706//706 701//701 709//709
f 3868//3868 3873//3873 3869//3869
f 1049//1049 786//786 1000//1000
f 1049//1049 706//706 709//709
f 1049//1049 709//709 786//786
f 758//758 1072//1072 774//774
f 759//759 774//774 786//786
f 759//759 758//758 774//774
f 3870//3870 3868//3868 3871//3871
f 771//771 651//651 649//649
f 771//771 649//649 1040//1040
f 773//773 1040//1040 1144//1144
f 773//773 771//771 1040//1040
f 773//773 1144//1144 1072//1072
f 1002//1002 774//774 1072//1072
f 3923//3923 3870//3870 3871//3871
f 3923//3923 3871//3871 3942//3942
f 660//660 656//656 659//659
f 660//660 654//654 656//656
f 652//652 656//656 654//654
f 649//649 651//651 652//652
f 670//670 3942//3942 3732//3732
f 670//670 3732//3732 1066//1066
f 665//665 1066//1066 668//668
f 665//665 670//670 1066//1066
f 661//661 668//668 677//677
f 692//692 677//677 671//671
f 692//692 661//661 677//677
f 671//671 660//660 659//659
f 4667//4667 4671//4671 4680//4680
f 4672//4672 4679//4679 4680//4680
f 4672//4672 4966//4966 4679//4679
f 4971//4971 4666//4666 4669//4669
f 4689//4689 4666//4666 4971//4971
f 4666//4666 4689//4689 4681//4681
f 4661//4661 4666//4666 4681//4681
f 4667//4667 4666//4666 4661//4661
f 4667//4667 4673//4673 4671//4671
f 4667//4667 4661//4661 4673//4673
f 4671//4671 4673//4673 4680//4680
f 4680//4680 4673//4673 4672//4672
f 4672//4672 4674//4674 4966//4966
f 4674//4674 1434//1434 4966//4966
f 4674//4674 4965//4965 1434//1434
f 1434//1434 4965//4965 4677//4677
f 4677//4677 1435//1435 1434//1434
f 4969//4969 4730//4730 4728//4728
f 4912//4912 4971//4971 4669//4669
f 4912//4912 4969//4969 4971//4971
f 4965//4965 1441//1441 1917//1917
f 4677//4677 4965//4965 1917//1917
f 1435//1435 4677//4677 1917//1917
f 73//73 4903//4903 4901//4901
f 4903//4903 73//73 4730//4730
f 1440//1440 1439//1439 1917//1917
f 1441//1441 1440//1440 1917//1917
f 1439//1439 1438//1438 1917//1917
f 4871//4871 72//72 4901//4901
f 4901//4901 72//72 4872//4872
f 4901//4901 4872//4872 73//73
f 1438//1438 1439//1439 1440//1440
f 1516//1516 1438//1438 1440//1440
f 4876//4876 4869//4869 4877//4877
f 4877//4877 4869//4869 4871//4871
f 3302//3302 3398//3398 3518//3518
f 3518//3518 3398//3398 4876//4876
f 1438//1438 1521//1521 1926//1926
f 1522//1522 1926//1926 1521//1521
f 3518//3518 3192//3192 3302//3302
f 3189//3189 3192//3192 3518//3518
f 1521//1521 1915//1915 1522//1522
f 3190//3190 3502//3502 3191//3191
f 3191//3191 3192//3192 3189//3189
f 1904//1904 1523//1523 1915//1915
f 3191//3191 3502//3502 3194//3194
f 1904//1904 1524//1524 1523//1523
f 1964//1964 1524//1524 1904//1904
f 3416//3416 3194//3194 3502//3502
f 3504//3504 3416//3416 3502//3502
f 1964//1964 1639//1639 1524//1524
f 3307//3307 3416//3416 3504//3504
f 3310//3310 3311//3311 3307//3307
f 1794//1794 201//201 1639//1639
f 66//66 3311//3311 3310//3310
f 66//66 3312//3312 3311//3311
f 3633//3633 3312//3312 66//66
f 200//200 199//199 3056//3056
f 3648//3648 3312//3312 3633//3633
f 3022//3022 3027//3027 3056//3056
f 3056//3056 199//199 3025//3025
f 3056//3056 3025//3025 3022//3022
f 3029//3029 3020//3020 3030//3030
f 3022//3022 3020//3020 3029//3029
f 3022//3022 3029//3029 3027//3027
f 3660//3660 3466//3466 3648//3648
f 3020//3020 3018//3018 3028//3028
f 3020//3020 3019//3019 3018//3018
f 3019//3019 3020//3020 3021//3021
f 3021//3021 3020//3020 3022//3022
f 3026//3026 3019//3019 3017//3017
f 3028//3028 3018//3018 3026//3026
f 3018//3018 3019//3019 3026//3026
f 74//74 3019//3019 3021//3021
f 3627//3627 3630//3630 3660//3660
f 3627//3627 3628//3628 3630//3630
f 3139//3139 3011//3011 3050//3050
f 3139//3139 3032//3032 3011//3011
f 3023//3023 3017//3017 3019//3019
f 3139//3139 3017//3017 3023//3023
f 3023//3023 3019//3019 3180//3180
f 3019//3019 74//74 3024//3024
f 3019//3019 3024//3024 3180//3180
f 3010//3010 3181//3181 3031//3031
f 3031//3031 3012//3012 3010//3010
f 3011//3011 3032//3032 3005//3005
f 3005//3005 3032//3032 3139//3139
f 3005//3005 3139//3139 3006//3006
f 3006//3006 3139//3139 3023//3023
f 3627//3627 3623//3623 3625//3625
f 3649//3649 3627//3627 3625//3625
f 3626//3626 3627//3627 3649//3649
f 3011//3011 3150//3150 3010//3010
f 3012//3012 3011//3011 3010//3010
f 3150//3150 3011//3011 3005//3005
f 3625//3625 3623//3623 3649//3649
f 3623//3623 3651//3651 3649//3649
f 3623//3623 3655//3655 3651//3651
f 3146//3146 3181//3181 3010//3010
f 3142//3142 3181//3181 3146//3146
f 3653//3653 3651//3651 3655//3655
f 3142//3142 3143//3143 3137//3137
f 3605//3605 3651//3651 3653//3653
f 3123//3123 1321//1321 3161//3161
f 3120//3120 3121//3121 3161//3161
f 3161//3161 3121//3121 3123//3123
f 3137//3137 3122//3122 3120//3120
f 3176//3176 3137//3137 3143//3143
f 3122//3122 3137//3137 3176//3176
f 3126//3126 3121//3121 3120//3120
f 3123//3123 3121//3121 3126//3126
f 3126//3126 3120//3120 3122//3122
f 3143//3143 3061//3061 3176//3176
f 3606//3606 3605//3605 3609//3609
f 3153//3153 1325//1325 3123//3123
f 3127//3127 3123//3123 3126//3126
f 3153//3153 3123//3123 3127//3127
f 3126//3126 3122//3122 3124//3124
f 3122//3122 3176//3176 3124//3124
f 3124//3124 3176//3176 3061//3061
f 3608//3608 3609//3609 3607//3607
f 3608//3608 3662//3662 3609//3609
f 3662//3662 3608//3608 3562//3562
f 3662//3662 3562//3562 3663//3663
f 3155//3155 3156//3156 1325//1325
f 3154//3154 1325//1325 3153//3153
f 3155//3155 1325//1325 3154//3154
f 3153//3153 3127//3127 3154//3154
f 3125//3125 3126//3126 3124//3124
f 3562//3562 71//71 3563//3563
f 3564//3564 3562//3562 3563//3563
f 3663//3663 3562//3562 3564//3564
f 3563//3563 71//71 3564//3564
f 71//71 3558//3558 3564//3564
f 71//71 3559//3559 3558//3558
f 3156//3156 3157//3157 3158//3158
f 3156//3156 3155//3155 3157//3157
f 3157//3157 3169//3169 3158//3158
f 3169//3169 3157//3157 3168//3168
f 3988//3988 3557//3557 3558//3558
f 3168//3168 3134//3134 3169//3169
f 3988//3988 3556//3556 3557//3557
f 1305//1305 1328//1328 1304//1304
f 1305//1305 3169//3169 1328//1328
f 3169//3169 3134//3134 1308//1308
f 3169//3169 1308//1308 1328//1328
f 275//275 3556//3556 3988//3988
f 3987//3987 4003//4003 275//275
f 275//275 4003//4003 311//311
f 1308//1308 276//276 1306//1306
f 1307//1307 276//276 1308//1308
f 311//311 272//272 274//274
f 272//272 306//306 276//276
f 309//309 308//308 311//311
f 311//311 306//306 272//272
f 311//311 308//308 306//306
f 304//304 308//308 309//309
f 306//306 304//304 305//305
f 308//308 304//304 306//306
f 306//306 305//305 307//307
f 3149//3149 4131//4131 3159//3159
f 205//205 3149//3149 3159//3159
f 206//206 1868//1868 3149//3149
f 205//205 206//206 3149//3149
f 4146//4146 4149//4149 4148//4148
f 4146//4146 4147//4147 4149//4149
f 3159//3159 4147//4147 3173//3173
f 4147//4147 3159//3159 4131//4131
f 1868//1868 4130//4130 3149//3149
f 4142//4142 4130//4130 1868//1868
f 1701//1701 4142//4142 1870//1870
f 4151//4151 4371//4371 4152//4152
f 4150//4150 4321//4321 4151//4151
f 4149//4149 4321//4321 4148//4148
f 1701//1701 1870//1870 1699//1699
f 3111//3111 2928//2928 2925//2925
f 3111//3111 4162//4162 2928//2928
f 2929//2929 4162//4162 3111//3111
f 4162//4162 2923//2923 4158//4158
f 2929//2929 2923//2923 4162//4162
f 4152//4152 4154//4154 4153//4153
f 4154//4154 4158//4158 4153//4153
f 4154//4154 4155//4155 4158//4158
f 4154//4154 4152//4152 4157//4157
f 4157//4157 4152//4152 4371//4371
f 4157//4157 4371//4371 4151//4151
f 1870//1870 1752//1752 1772//1772
f 1772//1772 1752//1752 1872//1872
f 2932//2932 2930//2930 2925//2925
f 2931//2931 2932//2932 2925//2925
f 2931//2931 2925//2925 2926//2926
f 2926//2926 2925//2925 2927//2927
f 2927//2927 2925//2925 2928//2928
f 2927//2927 2928//2928 4162//4162
f 3897//3897 2932//2932 3898//3898
f 3898//3898 2932//2932 2931//2931
f 1862//1862 1768//1768 1872//1872
f 1872//1872 1768//1768 1773//1773
f 3897//3897 3903//3903 3895//3895
f 1923//1923 1767//1767 1768//1768
f 3896//3896 3895//3895 3903//3903
f 1923//1923 1928//1928 1767//1767
f 1765//1765 1928//1928 1923//1923
f 3945//3945 3876//3876 3896//3896
f 3873//3873 3876//3876 3945//3945
f 1765//1765 754//754 701//701
f 1765//1765 1826//1826 754//754
f 709//709 701//701 754//754
f 3950//3950 3874//3874 3873//3873
f 3950//3950 3873//3873 3868//3868
f 757//757 758//758 786//786
f 786//786 709//709 754//754
f 786//786 754//754 757//757
f 3868//3868 3872//3872 3950//3950
f 758//758 1082//1082 1072//1072
f 759//759 786//786 758//758
f 3731//3731 3872//3872 3868//3868
f 3731//3731 3868//3868 3870//3870
f 771//771 655//655 651//651
f 1082//1082 773//773 1072//1072
f 3731//3731 3870//3870 3923//3923
f 3731//3731 3923//3923 3942//3942
f 3942//3942 670//670 3731//3731
f 3731//3731 670//670 3730//3730
f 657//657 656//656 652//652
f 653//653 657//657 652//652
f 652//652 651//651 655//655
f 652//652 655//655 653//653
f 671//671 659//659 692//692
f 4973//4973 4673//4673 4661//4661
f 4674//4674 4672//4672 4673//4673
f 4911//4911 4971//4971 4969//4969
f 4911//4911 4969//4969 4728//4728
f 4689//4689 4971//4971 4660//4660
f 4659//4659 4689//4689 4660//4660
f 4689//4689 4659//4659 4681//4681
f 4681//4681 4659//4659 4661//4661
f 4661//4661 4659//4659 4973//4973
f 4673//4673 4973//4973 4983//4983
f 4673//4673 4983//4983 4674//4674
f 4674//4674 4983//4983 4675//4675
f 4674//4674 4675//4675 4676//4676
f 4674//4674 4676//4676 4965//4965
f 4676//4676 1441//1441 4965//4965
f 73//73 4721//4721 4730//4730
f 4721//4721 4723//4723 4730//4730
f 4730//4730 4723//4723 4728//4728
f 4728//4728 4723//4723 4911//4911
f 4911//4911 4723//4723 4971//4971
f 4916//4916 4931//4931 1440//1440
f 4676//4676 4916//4916 1440//1440
f 1441//1441 4676//4676 1440//1440
f 4872//4872 72//72 4871//4871
f 73//73 4872//4872 4721//4721
f 4872//4872 4727//4727 4721//4721
f 4931//4931 1516//1516 1440//1440
f 4876//4876 4936//4936 4869//4869
f 4869//4869 4870//4870 4871//4871
f 4870//4870 4875//4875 4871//4871
f 4871//4871 4875//4875 4872//4872
f 1438//1438 1516//1516 76//76
f 3398//3398 4874//4874 4876//4876
f 4874//4874 4868//4868 4876//4876
f 4868//4868 4936//4936 4876//4876
f 4936//4936 4868//4868 4869//4869
f 4869//4869 4868//4868 4870//4870
f 1438//1438 76//76 1521//1521
f 3192//3192 4874//4874 3302//3302
f 3302//3302 4874//4874 3398//3398
f 76//76 1915//1915 1521//1521
f 3191//3191 3193//3193 3192//3192
f 3192//3192 3193//3193 4874//4874
f 3194//3194 3193//3193 3191//3191
f 3416//3416 3195//3195 3194//3194
f 1640//1640 1639//1639 1964//1964
f 3307//3307 3519//3519 3416//3416
f 3416//3416 3519//3519 3195//3195
f 1794//1794 1640//1640 1795//1795
f 1794//1794 1639//1639 1640//1640
f 3311//3311 3519//3519 3307//3307
f 1795//1795 201//201 1794//1794
f 199//199 200//200 1795//1795
f 1795//1795 200//200 201//201
f 3648//3648 3515//3515 3312//3312
f 3648//3648 3417//3417 3515//3515
f 197//197 3025//3025 199//199
f 199//199 1793//1793 1796//1796
f 199//199 1796//1796 197//197
f 3466//3466 3417//3417 3648//3648
f 3660//3660 3415//3415 3466//3466
f 3022//3022 3025//3025 3021//3021
f 3025//3025 3053//3053 3021//3021
f 3630//3630 3415//3415 3660//3660
f 3021//3021 3024//3024 74//74
f 3021//3021 3053//3053 3024//3024
f 3628//3628 3629//3629 3630//3630
f 3024//3024 3053//3053 3051//3051
f 3051//3051 3053//3053 3057//3057
f 3628//3628 3627//3627 3668//3668
f 3626//3626 3668//3668 3627//3627
f 3006//3006 3023//3023 3005//3005
f 3180//3180 3004//3004 3023//3023
f 3024//3024 3004//3004 3180//3180
f 3024//3024 3051//3051 3054//3054
f 3024//3024 3054//3054 3004//3004
f 3008//3008 3010//3010 3150//3150
f 3005//3005 3008//3008 3150//3150
f 3008//3008 3005//3005 3023//3023
f 3003//3003 3023//3023 3004//3004
f 3003//3003 3004//3004 3058//3058
f 3626//3626 3649//3649 3650//3650
f 3651//3651 3650//3650 3649//3649
f 3008//3008 3146//3146 3010//3010
f 3023//3023 3003//3003 3009//3009
f 3007//3007 3023//3023 3009//3009
f 3008//3008 3023//3023 3007//3007
f 3650//3650 3651//3651 3667//3667
f 78//78 3146//3146 3008//3008
f 3008//3008 3007//3007 78//78
f 78//78 3007//3007 3009//3009
f 3652//3652 3667//3667 3651//3651
f 3651//3651 3654//3654 3652//3652
f 3651//3651 3605//3605 3654//3654
f 3061//3061 3143//3143 3146//3146
f 3146//3146 3143//3143 3142//3142
f 3060//3060 3146//3146 78//78
f 3061//3061 3146//3146 3060//3060
f 3076//3076 3061//3061 3060//3060
f 3060//3060 3000//3000 2999//2999
f 3060//3060 2999//2999 3076//3076
f 3605//3605 3606//3606 3603//3603
f 3609//3609 3603//3603 3606//3606
f 3061//3061 3062//3062 3124//3124
f 3061//3061 2997//2997 3062//3062
f 2998//2998 3061//3061 3076//3076
f 2997//2997 3061//3061 2998//2998
f 3603//3603 3609//3609 3604//3604
f 3609//3609 3662//3662 3604//3604
f 3183//3183 3124//3124 3062//3062
f 3604//3604 3662//3662 3664//3664
f 3129//3129 3154//3154 3127//3127
f 3126//3126 3129//3129 3127//3127
f 3125//3125 3183//3183 3126//3126
f 3126//3126 3183//3183 3129//3129
f 3124//3124 3183//3183 3125//3125
f 3128//3128 3183//3183 3062//3062
f 2997//2997 2998//2998 2996//2996
f 2997//2997 2996//2996 3062//3062
f 3662//3662 3663//3663 3664//3664
f 3128//3128 3129//3129 3183//3183
f 2994//2994 3128//3128 3062//3062
f 2994//2994 3062//3062 2995//2995
f 2995//2995 3062//3062 2996//2996
f 236//236 277//277 239//239
f 3663//3663 3564//3564 3565//3565
f 3558//3558 3565//3565 3564//3564
f 3154//3154 3157//3157 3155//3155
f 3154//3154 3135//3135 3157//3157
f 3130//3130 3154//3154 3129//3129
f 3135//3135 3154//3154 3130//3130
f 3128//3128 3136//3136 3130//3130
f 3129//3129 3128//3128 3130//3130
f 3136//3136 3128//3128 2994//2994
f 3663//3663 3565//3565 75//75
f 3558//3558 75//75 3565//3565
f 3134//3134 3168//3168 3157//3157
f 3132//3132 3157//3157 3135//3135
f 3134//3134 3157//3157 3132//3132
f 3135//3135 3130//3130 3132//3132
f 75//75 3558//3558 3556//3556
f 3558//3558 3557//3557 3556//3556
f 3134//3134 3132//3132 3133//3133
f 1326//1326 1308//1308 3134//3134
f 3134//3134 3133//3133 3165//3165
f 3134//3134 3165//3165 1326//1326
f 275//275 312//312 313//313
f 3148//3148 275//275 313//313
f 3556//3556 275//275 3148//3148
f 1326//1326 1307//1307 1308//1308
f 274//274 275//275 311//311
f 274//274 273//273 275//275
f 1326//1326 276//276 1307//1307
f 2905//2905 276//276 1326//1326
f 272//272 273//273 274//274
f 2903//2903 272//272 276//276
f 2903//2903 273//273 272//272
f 276//276 2905//2905 2903//2903
f 153//153 205//205 2963//2963
f 2947//2947 2946//2946 3889//3889
f 2946//2946 2910//2910 3163//3163
f 2958//2958 3068//3068 2963//2963
f 3173//3173 2958//2958 2963//2963
f 3173//3173 2963//2963 3159//3159
f 3159//3159 2963//2963 205//205
f 3163//3163 3907//3907 3889//3889
f 2946//2946 3163//3163 3889//3889
f 2924//2924 3163//3163 2911//2911
f 2920//2920 2911//2911 3140//3140
f 2924//2924 2911//2911 2920//2920
f 2951//2951 4151//4151 2950//2950
f 2953//2953 4151//4151 2951//2951
f 2954//2954 4148//4148 2953//2953
f 2955//2955 4148//4148 2954//2954
f 2958//2958 4146//4146 2955//2955
f 4146//4146 4148//4148 2955//2955
f 4146//4146 2958//2958 4147//4147
f 4147//4147 2958//2958 3173//3173
f 1870//1870 4142//4142 1868//1868
f 152//152 1870//1870 1868//1868
f 1703//1703 1870//1870 152//152
f 3907//3907 3163//3163 2924//2924
f 2921//2921 2920//2920 2922//2922
f 2919//2919 2918//2918 2920//2920
f 2919//2919 2920//2920 2921//2921
f 2918//2918 2944//2944 2950//2950
f 4153//4153 2918//2918 2950//2950
f 4153//4153 2950//2950 4152//4152
f 4152//4152 2950//2950 4151//4151
f 4150//4150 4151//4151 2953//2953
f 4150//4150 2953//2953 4321//4321
f 4321//4321 2953//2953 4148//4148
f 1703//1703 1702//1702 1870//1870
f 1752//1752 1870//1870 1702//1702
f 2945//2945 2924//2924 2930//2930
f 2945//2945 3907//3907 2924//2924
f 2930//2930 2924//2924 2925//2925
f 2925//2925 2924//2924 3111//3111
f 3111//3111 2924//2924 2920//2920
f 3111//3111 2920//2920 2929//2929
f 2929//2929 2920//2920 2923//2923
f 2923//2923 2920//2920 2918//2918
f 2923//2923 2918//2918 4158//4158
f 4158//4158 2918//2918 4153//4153
f 1872//1872 1752//1752 1702//1702
f 2932//2932 3902//3902 2945//2945
f 2932//2932 2945//2945 2930//2930
f 1702//1702 1862//1862 1872//1872
f 3897//3897 3891//3891 2932//2932
f 2932//2932 3891//3891 3902//3902
f 1862//1862 1769//1769 1768//1768
f 1770//1770 1768//1768 1769//1769
f 3893//3893 3891//3891 3895//3895
f 3894//3894 3893//3893 3895//3895
f 3895//3895 3891//3891 3897//3897
f 1770//1770 1923//1923 1768//1768
f 3896//3896 3894//3894 3895//3895
f 1825//1825 1765//1765 1923//1923
f 3875//3875 3896//3896 3876//3876
f 1765//1765 1825//1825 1826//1826
f 3876//3876 3873//3873 3875//3875
f 1826//1826 1064//1064 754//754
f 3874//3874 3875//3875 3873//3873
f 754//754 1064//1064 1065//1065
f 3874//3874 3950//3950 3872//3872
f 757//757 1118//1118 758//758
f 757//757 754//754 1065//1065
f 757//757 1065//1065 1118//1118
f 761//761 1082//1082 758//758
f 760//760 761//761 758//758
f 758//758 1118//1118 760//760
f 3921//3921 3872//3872 3731//3731
f 770//770 655//655 771//771
f 770//770 1117//1117 655//655
f 770//770 771//771 773//773
f 1135//1135 773//773 1082//1082
f 1135//1135 770//770 773//773
f 3728//3728 3921//3921 3731//3731
f 3729//3729 3728//3728 3731//3731
f 3731//3731 3730//3730 3729//3729
f 656//656 658//658 659//659
f 653//653 655//655 657//657
f 1150//1150 3946//3946 3730//3730
f 664//664 3730//3730 670//670
f 664//664 1150//1150 3730//3730
f 666//666 670//670 665//665
f 666//666 664//664 670//670
f 662//662 668//668 661//661
f 662//662 665//665 668//668
f 692//692 659//659 658//658
f 692//692 658//658 661//661
f 4657//4657 4973//4973 4659//4659
f 4658//4658 4973//4973 4657//4657
f 4983//4983 4973//4973 4658//4658
f 4725//4725 4971//4971 4723//4723
f 4725//4725 4723//4723 4724//4724
f 4725//4725 4726//4726 4971//4971
f 4971//4971 4726//4726 4660//4660
f 4660//4660 4726//4726 4659//4659
f 4659//4659 4726//4726 4657//4657
f 4983//4983 4658//4658 4675//4675
f 4675//4675 4927//4927 4944//4944
f 4675//4675 4944//4944 4916//4916
f 4676//4676 4675//4675 4916//4916
f 4724//4724 4723//4723 4721//4721
f 4725//4725 4724//4724 4726//4726
f 4944//4944 4931//4931 4916//4916
f 1516//1516 4931//4931 1930//1930
f 4727//4727 4872//4872 4875//4875
f 4729//4729 4727//4727 4875//4875
f 4721//4721 4729//4729 4720//4720
f 4721//4721 4727//4727 4729//4729
f 4724//4724 4721//4721 4731//4731
f 1930//1930 1951//1951 1516//1516
f 76//76 1516//1516 1951//1951
f 4868//4868 4873//4873 4870//4870
f 4870//4870 4873//4873 4875//4875
f 4875//4875 4873//4873 4729//4729
f 76//76 1951//1951 1517//1517
f 77//77 4874//4874 4867//4867
f 4955//4955 4868//4868 4962//4962
f 4868//4868 77//77 4962//4962
f 4868//4868 4874//4874 77//77
f 4868//4868 4955//4955 4873//4873
f 1518//1518 76//76 1517//1517
f 1915//1915 76//76 1518//1518
f 4867//4867 4874//4874 3193//3193
f 1518//1518 1904//1904 1915//1915
f 3194//3194 3205//3205 4867//4867
f 3194//3194 4867//4867 3193//3193
f 3203//3203 77//77 3414//3414
f 77//77 3205//3205 3414//3414
f 77//77 4867//4867 3205//3205
f 3195//3195 3205//3205 3194//3194
f 1882//1882 1795//1795 1640//1640
f 1896//1896 1795//1795 1882//1882
f 3311//3311 3198//3198 3519//3519
f 3195//3195 3519//3519 3198//3198
f 1895//1895 1795//1795 1896//1896
f 3312//3312 3200//3200 3198//3198
f 3312//3312 3198//3198 3311//3311
f 1895//1895 199//199 1795//1795
f 3515//3515 3200//3200 3312//3312
f 1895//1895 1793//1793 199//199
f 3200//3200 3515//3515 3417//3417
f 3466//3466 3415//3415 3417//3417
f 3202//3202 3417//3417 3415//3415
f 187//187 3025//3025 197//197
f 1796//1796 187//187 197//197
f 3202//3202 3415//3415 3493//3493
f 3057//3057 3053//3053 187//187
f 187//187 3053//3053 3025//3025
f 3630//3630 3629//3629 3415//3415
f 3629//3629 3493//3493 3415//3415
f 3057//3057 187//187 188//188
f 3057//3057 3052//3052 3051//3051
f 3052//3052 3057//3057 3116//3116
f 3116//3116 3057//3057 188//188
f 3052//3052 3054//3054 3051//3051
f 3054//3054 3052//3052 3055//3055
f 3052//3052 3116//3116 3106//3106
f 3052//3052 3106//3106 3055//3055
f 3668//3668 3626//3626 3596//3596
f 3054//3054 3058//3058 3004//3004
f 3058//3058 3055//3055 3105//3105
f 3054//3054 3055//3055 3058//3058
f 3596//3596 3626//3626 3667//3667
f 3626//3626 3650//3650 3667//3667
f 3178//3178 3009//3009 3003//3003
f 3058//3058 3178//3178 3003//3003
f 3058//3058 3002//3002 3178//3178
f 3002//3002 3058//3058 3177//3177
f 3177//3177 3058//3058 3105//3105
f 3009//3009 3178//3178 78//78
f 3178//3178 3001//3001 78//78
f 3667//3667 3652//3652 3654//3654
f 3665//3665 3667//3667 3654//3654
f 3001//3001 3060//3060 78//78
f 3060//3060 3001//3001 3000//3000
f 3059//3059 3001//3001 3178//3178
f 3000//3000 3001//3001 3059//3059
f 3074//3074 3178//3178 3002//3002
f 3059//3059 3178//3178 3074//3074
f 3654//3654 3599//3599 3665//3665
f 3654//3654 3605//3605 3599//3599
f 3603//3603 3599//3599 3605//3605
f 3603//3603 3681//3681 3599//3599
f 3144//3144 2998//2998 3076//3076
f 2999//2999 3144//3144 3076//3076
f 238//238 2999//2999 3000//3000
f 3188//3188 3000//3000 3059//3059
f 238//238 3000//3000 3188//3188
f 3681//3681 3603//3603 3604//3604
f 238//238 3188//3188 3073//3073
f 3604//3604 3602//3602 3681//3681
f 3604//3604 3664//3664 3602//3602
f 3066//3066 2996//2996 2998//2998
f 3066//3066 2998//2998 3144//3144
f 3145//3145 3144//3144 2999//2999
f 3141//3141 2999//2999 238//238
f 3145//3145 2999//2999 3141//3141
f 238//238 3073//3073 235//235
f 3602//3602 3664//3664 4009//4009
f 2995//2995 2996//2996 2994//2994
f 3066//3066 3063//3063 2996//2996
f 3144//3144 3145//3145 3066//3066
f 3141//3141 238//238 237//237
f 235//235 236//236 239//239
f 235//235 237//237 238//238
f 235//235 279//279 278//278
f 235//235 278//278 236//236
f 236//236 278//278 279//279
f 2968//2968 236//236 279//279
f 277//277 236//236 2968//2968
f 3664//3664 3663//3663 4009//4009
f 3663//3663 3566//3566 4009//4009
f 3131//3131 3130//3130 3136//3136
f 2986//2986 3136//3136 2994//2994
f 2986//2986 2994//2994 2996//2996
f 3065//3065 2996//2996 3063//3063
f 2986//2986 2996//2996 3065//3065
f 3066//3066 3145//3145 3065//3065
f 3063//3063 3066//3066 3065//3065
f 235//235 239//239 240//240
f 2968//2968 240//240 239//239
f 277//277 2968//2968 239//239
f 75//75 3566//3566 3663//3663
f 3131//3131 3152//3152 3130//3130
f 3131//3131 3136//3136 2937//2937
f 3064//3064 2986//2986 3065//3065
f 3567//3567 75//75 3556//3556
f 3130//3130 3152//3152 3132//3132
f 3152//3152 3133//3133 3132//3132
f 3148//3148 3567//3567 3556//3556
f 3160//3160 3133//3133 3152//3152
f 3165//3165 3133//3133 3160//3160
f 313//313 312//312 3148//3148
f 3148//3148 312//312 3147//3147
f 3165//3165 3175//3175 1326//1326
f 3175//3175 3165//3165 3160//3160
f 312//312 275//275 273//273
f 3175//3175 2905//2905 1326//1326
f 3182//3182 312//312 2903//2903
f 2903//2903 312//312 273//273
f 3175//3175 2941//2941 2933//2933
f 3175//3175 2933//2933 2905//2905
f 2943//2943 3172//3172 2935//2935
f 3182//3182 2903//2903 2906//2906
f 2904//2904 2903//2903 2905//2905
f 2906//2906 2903//2903 2904//2904
f 2904//2904 2905//2905 2933//2933
f 3182//3182 2909//2909 2948//2948
f 2907//2907 3182//3182 2906//2906
f 2909//2909 3182//3182 2907//2907
f 2904//2904 3185//3185 2906//2906
f 145//145 146//146 2961//2961
f 2947//2947 2948//2948 2909//2909
f 2946//2946 2947//2947 2909//2909
f 2946//2946 2909//2909 2910//2910
f 2911//2911 2907//2907 2906//2906
f 2909//2909 2907//2907 2911//2911
f 2908//2908 2906//2906 3185//3185
f 2911//2911 2906//2906 2908//2908
f 2912//2912 2908//2908 3185//3185
f 2915//2915 2912//2912 3174//3174
f 2959//2959 2960//2960 2961//2961
f 3068//3068 2959//2959 2961//2961
f 3068//3068 2961//2961 2963//2963
f 2963//2963 2961//2961 153//153
f 153//153 2961//2961 146//146
f 206//206 205//205 153//153
f 206//206 153//153 152//152
f 2947//2947 3889//3889 3908//3908
f 2909//2909 3163//3163 2910//2910
f 3163//3163 2909//2909 2911//2911
f 2922//2922 2908//2908 2912//2912
f 2913//2913 2912//2912 2915//2915
f 2913//2913 2915//2915 2914//2914
f 2916//2916 2940//2940 2914//2914
f 3166//3166 2952//2952 2940//2940
f 2956//2956 2955//2955 81//81
f 2956//2956 2957//2957 2959//2959
f 2955//2955 2956//2956 2959//2959
f 2955//2955 2959//2959 2958//2958
f 2958//2958 2959//2959 3068//3068
f 206//206 152//152 1868//1868
f 3907//3907 3888//3888 3889//3889
f 2908//2908 3140//3140 2911//2911
f 3140//3140 2908//2908 2920//2920
f 2908//2908 2922//2922 2920//2920
f 2921//2921 2922//2922 2912//2912
f 2921//2921 2912//2912 2913//2913
f 2913//2913 2940//2940 2944//2944
f 2913//2913 2914//2914 2940//2940
f 2944//2944 2940//2940 2950//2950
f 2950//2950 2940//2940 2951//2951
f 2951//2951 2940//2940 2952//2952
f 2952//2952 2953//2953 2951//2951
f 2955//2955 2954//2954 81//81
f 2954//2954 2952//2952 81//81
f 2954//2954 2953//2953 2952//2952
f 1704//1704 1703//1703 152//152
f 3907//3907 3887//3887 3888//3888
f 2919//2919 2921//2921 2913//2913
f 2919//2919 2913//2913 2918//2918
f 2918//2918 2913//2913 2944//2944
f 1703//1703 1705//1705 1702//1702
f 2945//2945 3887//3887 3907//3907
f 1705//1705 1753//1753 1702//1702
f 1702//1702 1753//1753 1862//1862
f 3886//3886 3887//3887 3902//3902
f 3890//3890 3886//3886 3902//3902
f 3902//3902 3887//3887 2945//2945
f 3891//3891 3890//3890 3902//3902
f 3891//3891 3892//3892 3890//3890
f 1865//1865 1769//1769 1862//1862
f 3893//3893 3892//3892 3891//3891
f 1865//1865 1770//1770 1769//1769
f 3877//3877 3894//3894 3878//3878
f 3894//3894 3896//3896 3878//3878
f 3877//3877 3878//3878 3875//3875
f 3917//3917 3877//3877 3875//3875
f 3875//3875 3878//3878 3896//3896
f 1822//1822 1823//1823 1826//1826
f 1826//1826 1825//1825 1822//1822
f 1823//1823 1064//1064 1826//1826
f 3874//3874 3917//3917 3875//3875
f 3874//3874 3918//3918 3917//3917
f 3874//3874 3872//3872 3919//3919
f 1118//1118 1065//1065 1064//1064
f 1118//1118 1064//1064 1003//1003
f 3872//3872 3920//3920 3919//3919
f 761//761 1135//1135 1082//1082
f 760//760 1118//1118 1003//1003
f 760//760 1003//1003 761//761
f 3943//3943 3920//3920 3872//3872
f 3943//3943 3872//3872 3921//3921
f 655//655 1117//1117 684//684
f 1116//1116 770//770 1135//1135
f 1116//1116 769//769 770//770
f 3943//3943 3921//3921 3728//3728
f 3729//3729 3730//3730 3728//3728
f 658//658 657//657 662//662
f 658//658 656//656 657//657
f 684//684 657//657 655//655
f 3946//3946 3728//3728 3730//3730
f 664//664 666//666 665//665
f 667//667 665//665 662//662
f 667//667 664//664 665//665
f 662//662 661//661 658//658
f 4663//4663 4657//4657 4726//4726
f 4656//4656 4675//4675 4658//4658
f 4927//4927 4675//4675 4656//4656
f 4886//4886 4726//4726 4724//4724
f 4886//4886 4724//4724 4731//4731
f 4885//4885 4726//4726 4886//4886
f 4663//4663 4726//4726 4885//4885
f 4657//4657 4663//4663 4655//4655
f 4657//4657 4655//4655 4658//4658
f 4658//4658 4655//4655 4656//4656
f 4927//4927 4925//4925 4926//4926
f 4926//4926 4929//4929 4931//4931
f 4927//4927 4926//4926 4931//4931
f 4944//4944 4927//4927 4931//4931
f 1930//1930 4931//4931 4929//4929
f 4720//4720 4722//4722 4721//4721
f 4722//4722 4731//4731 4721//4721
f 79//79 4731//4731 4722//4722
f 4886//4886 4731//4731 79//79
f 1930//1930 4929//4929 1946//1946
f 1930//1930 1946//1946 1951//1951
f 4707//4707 4729//4729 4873//4873
f 4733//4733 4729//4729 4707//4707
f 4733//4733 4720//4720 4729//4729
f 1946//1946 1526//1526 1951//1951
f 1517//1517 1951//1951 1526//1526
f 4962//4962 4873//4873 4955//4955
f 4704//4704 4873//4873 4962//4962
f 4707//4707 4873//4873 4704//4704
f 1517//1517 1519//1519 1518//1518
f 1517//1517 1526//1526 1519//1519
f 4705//4705 4704//4704 77//77
f 77//77 4704//4704 4962//4962
f 4704//4704 4708//4708 4707//4707
f 1940//1940 1518//1518 1519//1519
f 1904//1904 1518//1518 1940//1940
f 3203//3203 4706//4706 77//77
f 4706//4706 4705//4705 77//77
f 1940//1940 1964//1964 1904//1904
f 1854//1854 1964//1964 1940//1940
f 3196//3196 3203//3203 3205//3205
f 3205//3205 3203//3203 3414//3414
f 1640//1640 1964//1964 1883//1883
f 1964//1964 1854//1854 1883//1883
f 1883//1883 1882//1882 1640//1640
f 3195//3195 3196//3196 3205//3205
f 1896//1896 1882//1882 1883//1883
f 3198//3198 3197//3197 3195//3195
f 3195//3195 3197//3197 3196//3196
f 3200//3200 3197//3197 3198//3198
f 3200//3200 3199//3199 3197//3197
f 3417//3417 3201//3201 3200//3200
f 1792//1792 1796//1796 1793//1793
f 1797//1797 1796//1796 1792//1792
f 3202//3202 3201//3201 3417//3417
f 186//186 1796//1796 1797//1797
f 186//186 187//187 1796//1796
f 3629//3629 3332//3332 3493//3493
f 3628//3628 3332//3332 3629//3629
f 3668//3668 3595//3595 3628//3628
f 188//188 3106//3106 3116//3116
f 3596//3596 3595//3595 3668//3668
f 3106//3106 3105//3105 3055//3055
f 3106//3106 3107//3107 3105//3105
f 3106//3106 196//196 3107//3107
f 3597//3597 3596//3596 3667//3667
f 3105//3105 3187//3187 3177//3177
f 3667//3667 3598//3598 3597//3597
f 3187//3187 3002//3002 3177//3177
f 3103//3103 3187//3187 3105//3105
f 3108//3108 3105//3105 3107//3107
f 3103//3103 3105//3105 3108//3108
f 3665//3665 3598//3598 3667//3667
f 3187//3187 3074//3074 3002//3002
f 3103//3103 3108//3108 191//191
f 3072//3072 3059//3059 3074//3074
f 3071//3071 3187//3187 3103//3103
f 3074//3074 3187//3187 3071//3071
f 3103//3103 191//191 3071//3071
f 3681//3681 3600//3600 3599//3599
f 3072//3072 3188//3188 3059//3059
f 3070//3070 3072//3072 3074//3074
f 3070//3070 3074//3074 3071//3071
f 3188//3188 3072//3072 3073//3073
f 3602//3602 3982//3982 3681//3681
f 3072//3072 235//235 3073//3073
f 3164//3164 3072//3072 3070//3070
f 3070//3070 195//195 3164//3164
f 3141//3141 237//237 3145//3145
f 3145//3145 237//237 2973//2973
f 235//235 3072//3072 279//279
f 279//279 3072//3072 2968//2968
f 3072//3072 2969//2969 2968//2968
f 3072//3072 3164//3164 2969//2969
f 3602//3602 4009//4009 3568//3568
f 2973//2973 3065//3065 3145//3145
f 2973//2973 3067//3067 3065//3065
f 2973//2973 237//237 2967//2967
f 240//240 2967//2967 235//235
f 235//235 2967//2967 237//237
f 3568//3568 4009//4009 3570//3570
f 75//75 4009//4009 3566//3566
f 2986//2986 2987//2987 3136//3136
f 3136//3136 2987//2987 2937//2937
f 3064//3064 2983//2983 2986//2986
f 3065//3065 2983//2983 3064//3064
f 2983//2983 3065//3065 3067//3067
f 3067//3067 2973//2973 2967//2967
f 2968//2968 2967//2967 240//240
f 2968//2968 2971//2971 2967//2967
f 3571//3571 3570//3570 4009//4009
f 3571//3571 4009//4009 3567//3567
f 4009//4009 75//75 3567//3567
f 2937//2937 3152//3152 3131//3131
f 2985//2985 2987//2987 2986//2986
f 2985//2985 2986//2986 2983//2983
f 2981//2981 2983//2983 3067//3067
f 2974//2974 3067//3067 2967//2967
f 2974//2974 2967//2967 2965//2965
f 2966//2966 2967//2967 2971//2971
f 2965//2965 2967//2967 2966//2966
f 3148//3148 3571//3571 3567//3567
f 2936//2936 3160//3160 3152//3152
f 2936//2936 3152//3152 2937//2937
f 2988//2988 2937//2937 2987//2987
f 2987//2987 2985//2985 2984//2984
f 2984//2984 2985//2985 2983//2983
f 2984//2984 2983//2983 2981//2981
f 2982//2982 2981//2981 3067//3067
f 3184//3184 3067//3067 2974//2974
f 2982//2982 3067//3067 3184//3184
f 3686//3686 3572//3572 3148//3148
f 3572//3572 3571//3571 3148//3148
f 2942//2942 2936//2936 2937//2937
f 3160//3160 2936//2936 2942//2942
f 2992//2992 2937//2937 2988//2988
f 2942//2942 2937//2937 2992//2992
f 2989//2989 2984//2984 2981//2981
f 2965//2965 2966//2966 2964//2964
f 2974//2974 2965//2965 2964//2964
f 312//312 3686//3686 3147//3147
f 3147//3147 3686//3686 3148//3148
f 2934//2934 2941//2941 3175//3175
f 3160//3160 2934//2934 3175//3175
f 3160//3160 2935//2935 2934//2934
f 2938//2938 3160//3160 2942//2942
f 2935//2935 3160//3160 2938//2938
f 2990//2990 2988//2988 2987//2987
f 2992//2992 2988//2988 2990//2990
f 2990//2990 2987//2987 2984//2984
f 2990//2990 2984//2984 2989//2989
f 2977//2977 2981//2981 2982//2982
f 2989//2989 2981//2981 2977//2977
f 2962//2962 2974//2974 2964//2964
f 3184//3184 2974//2974 2962//2962
f 3186//3186 3686//3686 312//312
f 3186//3186 2949//2949 3686//3686
f 3182//3182 3186//3186 312//312
f 2934//2934 2933//2933 2941//2941
f 2935//2935 2938//2938 2943//2943
f 3104//3104 2942//2942 2992//2992
f 2978//2978 2989//2989 2977//2977
f 2979//2979 2989//2989 2978//2978
f 3069//3069 2982//2982 3184//3184
f 2977//2977 2982//2982 3069//3069
f 3069//3069 3184//3184 2962//2962
f 3687//3687 2949//2949 3186//3186
f 2933//2933 2934//2934 2904//2904
f 2934//2934 3174//3174 2904//2904
f 3172//3172 2934//2934 2935//2935
f 2943//2943 2938//2938 3172//3172
f 2938//2938 2939//2939 3172//3172
f 2939//2939 2938//2938 2942//2942
f 3151//3151 3104//3104 2992//2992
f 2942//2942 3104//3104 3151//3151
f 3151//3151 2992//2992 2990//2990
f 2991//2991 2990//2990 2989//2989
f 2975//2975 2989//2989 2979//2979
f 2991//2991 2989//2989 2975//2975
f 2978//2978 2977//2977 3069//3069
f 145//145 2962//2962 149//149
f 3069//3069 2962//2962 145//145
f 143//143 149//149 147//147
f 145//145 149//149 143//143
f 2948//2948 3687//3687 3186//3186
f 3182//3182 2948//2948 3186//3186
f 3174//3174 3185//3185 2904//2904
f 2917//2917 2934//2934 3172//3172
f 3174//3174 2934//2934 2917//2917
f 2916//2916 3172//3172 2939//2939
f 2917//2917 3172//3172 2916//2916
f 3166//3166 2939//2939 2942//2942
f 3166//3166 2942//2942 3151//3151
f 3151//3151 2990//2990 2991//2991
f 2980//2980 2979//2979 2978//2978
f 2975//2975 2979//2979 2980//2980
f 2980//2980 2978//2978 3069//3069
f 2960//2960 3069//3069 2961//2961
f 2961//2961 3069//3069 145//145
f 144//144 146//146 145//145
f 143//143 144//144 145//145
f 4011//4011 3687//3687 2947//2947
f 3687//3687 2948//2948 2947//2947
f 4011//4011 3910//3910 3687//3687
f 2912//2912 3185//3185 3174//3174
f 3174//3174 2917//2917 2915//2915
f 2915//2915 2917//2917 2916//2916
f 2916//2916 2939//2939 3166//3166
f 3166//3166 3151//3151 2993//2993
f 3151//3151 2991//2991 80//80
f 80//80 2991//2991 2975//2975
f 2975//2975 2980//2980 2957//2957
f 2957//2957 2980//2980 2959//2959
f 2959//2959 2980//2980 3069//3069
f 2959//2959 3069//3069 2960//2960
f 144//144 153//153 146//146
f 152//152 153//153 144//144
f 1704//1704 152//152 144//144
f 4011//4011 2947//2947 3908//3908
f 2916//2916 2914//2914 2915//2915
f 2916//2916 3166//3166 2940//2940
f 3166//3166 2993//2993 2952//2952
f 2993//2993 80//80 2952//2952
f 2993//2993 3151//3151 80//80
f 81//81 80//80 2956//2956
f 2956//2956 80//80 2975//2975
f 2956//2956 2975//2975 2957//2957
f 3888//3888 3885//3885 3889//3889
f 3889//3889 3885//3885 3908//3908
f 2952//2952 80//80 81//81
f 1703//1703 1704//1704 1707//1707
f 3887//3887 3885//3885 3888//3888
f 1706//1706 1705//1705 1703//1703
f 1713//1713 1705//1705 1706//1706
f 3885//3885 3886//3886 3884//3884
f 3887//3887 3886//3886 3885//3885
f 1705//1705 1713//1713 1753//1753
f 1862//1862 1753//1753 1713//1713
f 1862//1862 1713//1713 1865//1865
f 3890//3890 3884//3884 3886//3886
f 3884//3884 3890//3890 3905//3905
f 3890//3890 3892//3892 3893//3893
f 1715//1715 1771//1771 1865//1865
f 1989//1989 1865//1865 1771//1771
f 1770//1770 1865//1865 1989//1989
f 3894//3894 3911//3911 3893//3893
f 3893//3893 3911//3911 3890//3890
f 1989//1989 1923//1923 1770//1770
f 3879//3879 3911//3911 3877//3877
f 3877//3877 3911//3911 3894//3894
f 1824//1824 1825//1825 1923//1923
f 3917//3917 3879//3879 3877//3877
f 1822//1822 1825//1825 1824//1824
f 3914//3914 3917//3917 3916//3916
f 1822//1822 1064//1064 1823//1823
f 1104//1104 1064//1064 1822//1822
f 3918//3918 3916//3916 3917//3917
f 1064//1064 1104//1104 1010//1010
f 3919//3919 3918//3918 3874//3874
f 1003//1003 1064//1064 1010//1010
f 763//763 1135//1135 761//761
f 761//761 1003//1003 763//763
f 772//772 1117//1117 770//770
f 769//769 772//772 770//770
f 1116//1116 1135//1135 763//763
f 3944//3944 3920//3920 3943//3943
f 3944//3944 3943//3943 3728//3728
f 3944//3944 3728//3728 745//745
f 694//694 663//663 657//657
f 657//657 663//663 662//662
f 1132//1132 694//694 657//657
f 1060//1060 657//657 684//684
f 1060//1060 1132//1132 657//657
f 684//684 1117//1117 1060//1060
f 745//745 3728//3728 3946//3946
f 744//744 745//745 3946//3946
f 740//740 3946//3946 1150//1150
f 740//740 744//744 3946//3946
f 740//740 1150//1150 664//664
f 676//676 740//740 664//664
f 663//663 667//667 662//662
f 4885//4885 4939//4939 4663//4663
f 4655//4655 4663//4663 4939//4939
f 4654//4654 4927//4927 4656//4656
f 4654//4654 4656//4656 4655//4655
f 4924//4924 4925//4925 4927//4927
f 4924//4924 4927//4927 4654//4654
f 79//79 4898//4898 4886//4886
f 4886//4886 4939//4939 4885//4885
f 4655//4655 4939//4939 4997//4997
f 4925//4925 4924//4924 4928//4928
f 4925//4925 4928//4928 4929//4929
f 4926//4926 4925//4925 4929//4929
f 1945//1945 1946//1946 4929//4929
f 4720//4720 4772//4772 4722//4722
f 4692//4692 79//79 4722//4722
f 4692//4692 4722//4722 4772//4772
f 4887//4887 79//79 4692//4692
f 4887//4887 4647//4647 79//79
f 4647//4647 4898//4898 79//79
f 4886//4886 4898//4898 4997//4997
f 4886//4886 4997//4997 4939//4939
f 4928//4928 4968//4968 4929//4929
f 4932//4932 4929//4929 4968//4968
f 4932//4932 1945//1945 4929//4929
f 1945//1945 1526//1526 1946//1946
f 4932//4932 1526//1526 1945//1945
f 4772//4772 4733//4733 4707//4707
f 4772//4772 4720//4720 4733//4733
f 1520//1520 1526//1526 4932//4932
f 1520//1520 1519//1519 1526//1526
f 4694//4694 4708//4708 4704//4704
f 4694//4694 4704//4704 4706//4706
f 4694//4694 4707//4707 4708//4708
f 4772//4772 4694//4694 4734//4734
f 4772//4772 4707//4707 4694//4694
f 4772//4772 4691//4691 4692//4692
f 4930//4930 1940//1940 1519//1519
f 1520//1520 4930//4930 1519//1519
f 4706//4706 4704//4704 4705//4705
f 4694//4694 4706//4706 4695//4695
f 1854//1854 1940//1940 1942//1942
f 3204//3204 4706//4706 3203//3203
f 82//82 4706//4706 3204//3204
f 4695//4695 4706//4706 82//82
f 3196//3196 3204//3204 3203//3203
f 4756//4756 82//82 4778//4778
f 82//82 3196//3196 4778//4778
f 82//82 3204//3204 3196//3196
f 1896//1896 1883//1883 1854//1854
f 1896//1896 1854//1854 1853//1853
f 3197//3197 3199//3199 3196//3196
f 1853//1853 1895//1895 1896//1896
f 1792//1792 1793//1793 1895//1895
f 3200//3200 3301//3301 3199//3199
f 3489//3489 3199//3199 3301//3301
f 3201//3201 3301//3301 3200//3200
f 3202//3202 3314//3314 3201//3201
f 3201//3201 3314//3314 3301//3301
f 3493//3493 3314//3314 3202//3202
f 185//185 187//187 186//186
f 3332//3332 3314//3314 3493//3493
f 3332//3332 3315//3315 3314//3314
f 184//184 188//188 185//185
f 185//185 188//188 187//187
f 3628//3628 3315//3315 3332//3332
f 3628//3628 3317//3317 3315//3315
f 183//183 188//188 184//184
f 3595//3595 3317//3317 3628//3628
f 183//183 3106//3106 188//188
f 183//183 182//182 3106//3106
f 3596//3596 3669//3669 3595//3595
f 189//189 196//196 3106//3106
f 3106//3106 182//182 189//189
f 3669//3669 3596//3596 3597//3597
f 3669//3669 3597//3597 3598//3598
f 190//190 3107//3107 189//189
f 189//189 3107//3107 196//196
f 192//192 3108//3108 190//190
f 190//190 3108//3108 3107//3107
f 3665//3665 3670//3670 3598//3598
f 3665//3665 3666//3666 3670//3670
f 191//191 3108//3108 192//192
f 190//190 191//191 192//192
f 176//176 191//191 190//190
f 3599//3599 3666//3666 3665//3665
f 175//175 3071//3071 191//191
f 176//176 175//175 191//191
f 3600//3600 3671//3671 3599//3599
f 193//193 3070//3070 175//175
f 175//175 3070//3070 3071//3071
f 3671//3671 3600//3600 3591//3591
f 3681//3681 3591//3591 3600//3600
f 193//193 195//195 3070//3070
f 3591//3591 3681//3681 4012//4012
f 3681//3681 3592//3592 4012//4012
f 3681//3681 3982//3982 3592//3592
f 195//195 193//193 198//198
f 3982//3982 3602//3602 3601//3601
f 198//198 2969//2969 195//195
f 195//195 2969//2969 3164//3164
f 3982//3982 3601//3601 83//83
f 3568//3568 83//83 3602//3602
f 3602//3602 83//83 3601//3601
f 2970//2970 2968//2968 198//198
f 198//198 2968//2968 2969//2969
f 3568//3568 3570//3570 3569//3569
f 2970//2970 2971//2971 2968//2968
f 2971//2971 2970//2970 2972//2972
f 3170//3170 2966//2966 2971//2971
f 3171//3171 2971//2971 2972//2972
f 3170//3170 2971//2971 3171//3171
f 2972//2972 164//164 3171//3171
f 3570//3570 3571//3571 3983//3983
f 3571//3571 3572//3572 3983//3983
f 3686//3686 3573//3573 3572//3572
f 2966//2966 2976//2976 2964//2964
f 2966//2966 3170//3170 2976//2976
f 3170//3170 3171//3171 2976//2976
f 3686//3686 3574//3574 3573//3573
f 2976//2976 2962//2962 2964//2964
f 2949//2949 3685//3685 3686//3686
f 3686//3686 3685//3685 3574//3574
f 2976//2976 149//149 2962//2962
f 159//159 148//148 2976//2976
f 2949//2949 3688//3688 3685//3685
f 2949//2949 3687//3687 3688//3688
f 2976//2976 147//147 149//149
f 148//148 143//143 147//147
f 2976//2976 148//148 147//147
f 3910//3910 3688//3688 3687//3687
f 148//148 144//144 143//143
f 154//154 144//144 148//148
f 1704//1704 154//154 155//155
f 1704//1704 144//144 154//154
f 1707//1707 1704//1704 155//155
f 3885//3885 3909//3909 3908//3908
f 3908//3908 3909//3909 4011//4011
f 1706//1706 1703//1703 1707//1707
f 3909//3909 3885//3885 3906//3906
f 3885//3885 3884//3884 3906//3906
f 1711//1711 1713//1713 1706//1706
f 1713//1713 1711//1711 1712//1712
f 1712//1712 1865//1865 1713//1713
f 3905//3905 3979//3979 3884//3884
f 1714//1714 1865//1865 1712//1712
f 1715//1715 1865//1865 1714//1714
f 3882//3882 3905//3905 3904//3904
f 3890//3890 3904//3904 3905//3905
f 3882//3882 3904//3904 3911//3911
f 3911//3911 3904//3904 3890//3890
f 1771//1771 1715//1715 1989//1989
f 3879//3879 3882//3882 3911//3911
f 1923//1923 1989//1989 1824//1824
f 3917//3917 3912//3912 3879//3879
f 3917//3917 3915//3915 3912//3912
f 1863//1863 1011//1011 1822//1822
f 1863//1863 1822//1822 1824//1824
f 3915//3915 3917//3917 3914//3914
f 1011//1011 1104//1104 1822//1822
f 3914//3914 3916//3916 3915//3915
f 1010//1010 1104//1104 1011//1011
f 3919//3919 3916//3916 3918//3918
f 1004//1004 1115//1115 1003//1003
f 1003//1003 1115//1115 763//763
f 1003//1003 1010//1010 1004//1004
f 3920//3920 3721//3721 3919//3919
f 3920//3920 3723//3723 3721//3721
f 763//763 765//765 764//764
f 762//762 765//765 763//763
f 763//763 1115//1115 762//762
f 4008//4008 3723//3723 3920//3920
f 772//772 768//768 1117//1117
f 767//767 772//772 769//769
f 767//767 768//768 772//772
f 767//767 1116//1116 764//764
f 769//769 1116//1116 767//767
f 764//764 1116//1116 763//763
f 3944//3944 4008//4008 3920//3920
f 745//745 3726//3726 3944//3944
f 1132//1132 748//748 694//694
f 1060//1060 1117//1117 768//768
f 1060//1060 768//768 1132//1132
f 3727//3727 3726//3726 745//745
f 1143//1143 676//676 664//664
f 1143//1143 740//740 676//676
f 669//669 664//664 667//667
f 669//669 1143//1143 664//664
f 663//663 694//694 667//667
f 4997//4997 4653//4653 4655//4655
f 4653//4653 4654//4654 4655//4655
f 4950//4950 4924//4924 4654//4654
f 4652//4652 4997//4997 4898//4898
f 4652//4652 4653//4653 4997//4997
f 4653//4653 4652//4652 4654//4654
f 4950//4950 4844//4844 4924//4924
f 4924//4924 4968//4968 4928//4928
f 4844//4844 4968//4968 4924//4924
f 4648//4648 4887//4887 4692//4692
f 4648//4648 4647//4647 4887//4887
f 4647//4647 4646//4646 4898//4898
f 4652//4652 4898//4898 4646//4646
f 4652//4652 4662//4662 4654//4654
f 4654//4654 4662//4662 4950//4950
f 4968//4968 4945//4945 1520//1520
f 4932//4932 4968//4968 1520//1520
f 4945//4945 4930//4930 1520//1520
f 4734//4734 4687//4687 4772//4772
f 4687//4687 4691//4691 4772//4772
f 4687//4687 4692//4692 4691//4691
f 4773//4773 4692//4692 4687//4687
f 4648//4648 4692//4692 4773//4773
f 4935//4935 1941//1941 4930//4930
f 4945//4945 4935//4935 4930//4930
f 4695//4695 4690//4690 4694//4694
f 4687//4687 4734//4734 4694//4694
f 4690//4690 4687//4687 4694//4694
f 1941//1941 1942//1942 1940//1940
f 4930//4930 1941//1941 1940//1940
f 82//82 4786//4786 4695//4695
f 4786//4786 4690//4690 4695//4695
f 4687//4687 4690//4690 4693//4693
f 4687//4687 4693//4693 4738//4738
f 1854//1854 1942//1942 1955//1955
f 4778//4778 4718//4718 4756//4756
f 4756//4756 4786//4786 82//82
f 4690//4690 4786//4786 4697//4697
f 1854//1854 1850//1850 1853//1853
f 1854//1854 1955//1955 1850//1850
f 3199//3199 3211//3211 3196//3196
f 4718//4718 4778//4778 3196//3196
f 3211//3211 4718//4718 3196//3196
f 4756//4756 4718//4718 4777//4777
f 1802//1802 1853//1853 1850//1850
f 1895//1895 1853//1853 1802//1802
f 3489//3489 3211//3211 3199//3199
f 4718//4718 3489//3489 4784//4784
f 4718//4718 3211//3211 3489//3489
f 1802//1802 1792//1792 1895//1895
f 3301//3301 3394//3394 3489//3489
f 3489//3489 3394//3394 4784//4784
f 1802//1802 1797//1797 1792//1792
f 3313//3313 3301//3301 3314//3314
f 3313//3313 3394//3394 3301//3301
f 1800//1800 185//185 1797//1797
f 1797//1797 185//185 186//186
f 3314//3314 3316//3316 3313//3313
f 3315//3315 3316//3316 3314//3314
f 1791//1791 184//184 185//185
f 3316//3316 3315//3315 3317//3317
f 3595//3595 3330//3330 3317//3317
f 3669//3669 3330//3330 3595//3595
f 3463//3463 3330//3330 3669//3669
f 179//179 189//189 182//182
f 3598//3598 3463//3463 3669//3669
f 181//181 190//190 180//180
f 190//190 179//179 180//180
f 190//190 189//189 179//179
f 178//178 190//190 181//181
f 178//178 176//176 190//190
f 3599//3599 3594//3594 3666//3666
f 176//176 178//178 175//175
f 3671//3671 3594//3594 3599//3599
f 168//168 193//193 175//175
f 3591//3591 4012//4012 3592//3592
f 3589//3589 3591//3591 3592//3592
f 177//177 198//198 193//193
f 193//193 168//168 177//177
f 3592//3592 3673//3673 3589//3589
f 3592//3592 3982//3982 3673//3673
f 194//194 198//198 177//177
f 83//83 3673//3673 3982//3982
f 194//194 2970//2970 198//198
f 2970//2970 194//194 171//171
f 3677//3677 3673//3673 83//83
f 3677//3677 83//83 3568//3568
f 3568//3568 3569//3569 3677//3677
f 2972//2972 2970//2970 164//164
f 2970//2970 171//171 164//164
f 3570//3570 3985//3985 3569//3569
f 163//163 3171//3171 164//164
f 164//164 171//171 163//163
f 3984//3984 3570//3570 3983//3983
f 3985//3985 3570//3570 3984//3984
f 161//161 3171//3171 163//163
f 3573//3573 3983//3983 3572//3572
f 160//160 2976//2976 161//161
f 161//161 2976//2976 3171//3171
f 161//161 159//159 160//160
f 3983//3983 3574//3574 3575//3575
f 3573//3573 3574//3574 3983//3983
f 160//160 159//159 2976//2976
f 3574//3574 3576//3576 3575//3575
f 3574//3574 3685//3685 3576//3576
f 150//150 148//148 151//151
f 148//148 157//157 151//151
f 148//148 159//159 157//157
f 3576//3576 3685//3685 3690//3690
f 3688//3688 3690//3690 3685//3685
f 154//154 148//148 150//150
f 3690//3690 3910//3910 3689//3689
f 3688//3688 3910//3910 3690//3690
f 4011//4011 3689//3689 3910//3910
f 156//156 1708//1708 154//154
f 154//154 1708//1708 155//155
f 155//155 1708//1708 1727//1727
f 3689//3689 4011//4011 3691//3691
f 4011//4011 3692//3692 3691//3691
f 4011//4011 3909//3909 3692//3692
f 1727//1727 1707//1707 155//155
f 1709//1709 1707//1707 1727//1727
f 3906//3906 3692//3692 3909//3909
f 1709//1709 1706//1706 1707//1707
f 3977//3977 3906//3906 3884//3884
f 3977//3977 3884//3884 3883//3883
f 3979//3979 3883//3883 3884//3884
f 1717//1717 1712//1712 1711//1711
f 1717//1717 1714//1714 1712//1712
f 3882//3882 3979//3979 3905//3905
f 1717//1717 1715//1715 1714//1714
f 1866//1866 1989//1989 1715//1715
f 3879//3879 3880//3880 3882//3882
f 3879//3879 3881//3881 3880//3880
f 1989//1989 1869//1869 1893//1893
f 1989//1989 1866//1866 1869//1869
f 1893//1893 1824//1824 1989//1989
f 3912//3912 3881//3881 3879//3879
f 1893//1893 1869//1869 1863//1863
f 1893//1893 1863//1863 1824//1824
f 3915//3915 3913//3913 3912//3912
f 1869//1869 1011//1011 1863//1863
f 1821//1821 1011//1011 1869//1869
f 3913//3913 3915//3915 3717//3717
f 3915//3915 3916//3916 3717//3717
f 3916//3916 3721//3721 3717//3717
f 1007//1007 1005//1005 1010//1010
f 1010//1010 1005//1005 1004//1004
f 1010//1010 1011//1011 1007//1007
f 3721//3721 3916//3916 3919//3919
f 3723//3723 3718//3718 3721//3721
f 787//787 766//766 764//764
f 787//787 764//764 765//765
f 762//762 1115//1115 1004//1004
f 762//762 1004//1004 765//765
f 712//712 716//716 768//768
f 717//717 712//712 768//768
f 767//767 764//764 766//766
f 767//767 766//766 768//768
f 3724//3724 3723//3723 4008//4008
f 3724//3724 4008//4008 3944//3944
f 716//716 748//748 1132//1132
f 1132//1132 768//768 716//716
f 3953//3953 3724//3724 3944//3944
f 3953//3953 3944//3944 3726//3726
f 742//742 745//745 744//744
f 742//742 3727//3727 745//745
f 742//742 740//740 1047//1047
f 742//742 744//744 740//740
f 1047//1047 740//740 741//741
f 740//740 738//738 741//741
f 739//739 740//740 1143//1143
f 739//739 738//738 740//740
f 1143//1143 669//669 667//667
f 667//667 694//694 748//748
f 667//667 748//748 1143//1143
f 4646//4646 4976//4976 4652//4652
f 4645//4645 4652//4652 4976//4976
f 4840//4840 4662//4662 4652//4652
f 4840//4840 4652//4652 4645//4645
f 4950//4950 4662//4662 4840//4840
f 4977//4977 4844//4844 4950//4950
f 4908//4908 4945//4945 4968//4968
f 4908//4908 4968//4968 4844//4844
f 4649//4649 4647//4647 4648//4648
f 4665//4665 4646//4646 4647//4647
f 4665//4665 4647//4647 4649//4649
f 4665//4665 4976//4976 4646//4646
f 4950//4950 4645//4645 4640//4640
f 4950//4950 4840//4840 4645//4645
f 4950//4950 4640//4640 4977//4977
f 4977//4977 4640//4640 4844//4844
f 4844//4844 4640//4640 4775//4775
f 4775//4775 4908//4908 4844//4844
f 4908//4908 4935//4935 4945//4945
f 4960//4960 4773//4773 4687//4687
f 4960//4960 4687//4687 4738//4738
f 4960//4960 4648//4648 4773//4773
f 4648//4648 4650//4650 4649//4649
f 4645//4645 4976//4976 4651//4651
f 4976//4976 4649//4649 4651//4651
f 4976//4976 4665//4665 4649//4649
f 4645//4645 4637//4637 4640//4640
f 4641//4641 4908//4908 4775//4775
f 4644//4644 1943//1943 1941//1941
f 4908//4908 4644//4644 1941//1941
f 4935//4935 4908//4908 1941//1941
f 4738//4738 4693//4693 4690//4690
f 4738//4738 4690//4690 4697//4697
f 4960//4960 4738//4738 4739//4739
f 4648//4648 4960//4960 4650//4650
f 4644//4644 1955//1955 1942//1942
f 1943//1943 4644//4644 1942//1942
f 1941//1941 1943//1943 1942//1942
f 4696//4696 4697//4697 4786//4786
f 4698//4698 4697//4697 4696//4696
f 4697//4697 4698//4698 4738//4738
f 4738//4738 4698//4698 4915//4915
f 4738//4738 4915//4915 4739//4739
f 1850//1850 1955//1955 4788//4788
f 4777//4777 4740//4740 4786//4786
f 4777//4777 4786//4786 4756//4756
f 4786//4786 4900//4900 4696//4696
f 4786//4786 4740//4740 4900//4900
f 4698//4698 4696//4696 4900//4900
f 1850//1850 4788//4788 1849//1849
f 4740//4740 4777//4777 4718//4718
f 4774//4774 4740//4740 4718//4718
f 4900//4900 4774//4774 4702//4702
f 4900//4900 4740//4740 4774//4774
f 1802//1802 1850//1850 1849//1849
f 4718//4718 4784//4784 3394//3394
f 3395//3395 4718//4718 3394//3394
f 4717//4717 4718//4718 3395//3395
f 4774//4774 4718//4718 4717//4717
f 3394//3394 4716//4716 3395//3395
f 4717//4717 3395//3395 4716//4716
f 1802//1802 1800//1800 1797//1797
f 3313//3313 4716//4716 3394//3394
f 4715//4715 4716//4716 3313//3313
f 1800//1800 1790//1790 185//185
f 3316//3316 3331//3331 3313//3313
f 3313//3313 3331//3331 4715//4715
f 1790//1790 1791//1791 185//185
f 3316//3316 3318//3318 3331//3331
f 183//183 184//184 1791//1791
f 3317//3317 3318//3318 3316//3316
f 3317//3317 3319//3319 3318//3318
f 3330//3330 3319//3319 3317//3317
f 182//182 1787//1787 1798//1798
f 182//182 183//183 1787//1787
f 180//180 179//179 1798//1798
f 1798//1798 179//179 182//182
f 1798//1798 181//181 180//180
f 3670//3670 3463//3463 3598//3598
f 1860//1860 178//178 181//181
f 3594//3594 3671//3671 3666//3666
f 172//172 175//175 178//178
f 172//172 168//168 175//175
f 3591//3591 3593//3593 3671//3671
f 3589//3589 3588//3588 3591//3591
f 177//177 168//168 167//167
f 3589//3589 3673//3673 3588//3588
f 3588//3588 3673//3673 3590//3590
f 166//166 194//194 167//167
f 167//167 194//194 177//177
f 167//167 169//169 165//165
f 167//167 165//165 166//166
f 166//166 171//171 194//194
f 165//165 171//171 166//166
f 3673//3673 3677//3677 3569//3569
f 3674//3674 3673//3673 3569//3569
f 174//174 171//171 165//165
f 3569//3569 3985//3985 3984//3984
f 170//170 163//163 171//171
f 161//161 163//163 170//170
f 3983//3983 3682//3682 3984//3984
f 3983//3983 3683//3683 3682//3682
f 157//157 159//159 162//162
f 162//162 159//159 161//161
f 3575//3575 3683//3683 3983//3983
f 157//157 162//162 158//158
f 3684//3684 3575//3575 3576//3576
f 158//158 151//151 157//157
f 150//150 151//151 158//158
f 1734//1734 150//150 158//158
f 3576//3576 3689//3689 3684//3684
f 3576//3576 3690//3690 3689//3689
f 1734//1734 154//154 150//150
f 1733//1733 154//154 1734//1734
f 156//156 154//154 1733//1733
f 3691//3691 3698//3698 3689//3689
f 3980//3980 3691//3691 3692//3692
f 3692//3692 3906//3906 3980//3980
f 1711//1711 1706//1706 1709//1709
f 1711//1711 1709//1709 1710//1710
f 3977//3977 3980//3980 3906//3906
f 1719//1719 1711//1711 1710//1710
f 3883//3883 3700//3700 3977//3977
f 1719//1719 1717//1717 1711//1711
f 3978//3978 3883//3883 3979//3979
f 3700//3700 3883//3883 3978//3978
f 3979//3979 3703//3703 3978//3978
f 3979//3979 3882//3882 3703//3703
f 1716//1716 1715//1715 1717//1717
f 3880//3880 3703//3703 3882//3882
f 1716//1716 1866//1866 1715//1715
f 3912//3912 3715//3715 3881//3881
f 3912//3912 3913//3913 3715//3715
f 1829//1829 1821//1821 1869//1869
f 3717//3717 3716//3716 3913//3913
f 1011//1011 1821//1821 1007//1007
f 3721//3721 3718//3718 3717//3717
f 1821//1821 1005//1005 1007//1007
f 1821//1821 1008//1008 1005//1005
f 1008//1008 765//765 1004//1004
f 1004//1004 1005//1005 1008//1008
f 3723//3723 3719//3719 3718//3718
f 3723//3723 3722//3722 3719//3719
f 775//775 787//787 765//765
f 3954//3954 3722//3722 3723//3723
f 730//730 717//717 768//768
f 768//768 766//766 787//787
f 768//768 787//787 730//730
f 3724//3724 3954//3954 3723//3723
f 715//715 1143//1143 748//748
f 712//712 748//748 716//716
f 712//712 715//715 748//748
f 3725//3725 3724//3724 3953//3953
f 3725//3725 3953//3953 3726//3726
f 3725//3725 3726//3726 3727//3727
f 3725//3725 3727//3727 742//742
f 743//743 739//739 1143//1143
f 743//743 738//738 739//739
f 1047//1047 3725//3725 742//742
f 1047//1047 741//741 738//738
f 1047//1047 738//738 1046//1046
f 4641//4641 4775//4775 4640//4640
f 4641//4641 4640//4640 4639//4639
f 4651//4651 4664//4664 4645//4645
f 4780//4780 4645//4645 4664//4664
f 4634//4634 4637//4637 4645//4645
f 4634//4634 4645//4645 4780//4780
f 4634//4634 4640//4640 4637//4637
f 4638//4638 4640//4640 4634//4634
f 4640//4640 4638//4638 4639//4639
f 4642//4642 4644//4644 4908//4908
f 4642//4642 4908//4908 4641//4641
f 4943//4943 4650//4650 4960//4960
f 4943//4943 4960//4960 4739//4739
f 4649//4649 4650//4650 4943//4943
f 4664//4664 4651//4651 4649//4649
f 4941//4941 4664//4664 4649//4649
f 4780//4780 4664//4664 4941//4941
f 4639//4639 4643//4643 4641//4641
f 4776//4776 4641//4641 4643//4643
f 4776//4776 4642//4642 4641//4641
f 4642//4642 4776//4776 4644//4644
f 84//84 4739//4739 4915//4915
f 4943//4943 4941//4941 4649//4649
f 4941//4941 4985//4985 4780//4780
f 4907//4907 4788//4788 1955//1955
f 4776//4776 4907//4907 1955//1955
f 4644//4644 4776//4776 1955//1955
f 4900//4900 4700//4700 4698//4698
f 84//84 4915//4915 4698//4698
f 84//84 4698//4698 4700//4700
f 4943//4943 4739//4739 4742//4742
f 4739//4739 4699//4699 4742//4742
f 4739//4739 84//84 4699//4699
f 4943//4943 85//85 4941//4941
f 1849//1849 4788//4788 1851//1851
f 4702//4702 4700//4700 4900//4900
f 4742//4742 4699//4699 84//84
f 1849//1849 1851//1851 1848//1848
f 1848//1848 1802//1802 1849//1849
f 4717//4717 4712//4712 4774//4774
f 4712//4712 4702//4702 4774//4774
f 4700//4700 4702//4702 4701//4701
f 84//84 4700//4700 4703//4703
f 1801//1801 1802//1802 1848//1848
f 4716//4716 4715//4715 4717//4717
f 4715//4715 4712//4712 4717//4717
f 4701//4701 4702//4702 4714//4714
f 4702//4702 4712//4712 4714//4714
f 1801//1801 1800//1800 1802//1802
f 4712//4712 4711//4711 4714//4714
f 1800//1800 1801//1801 1799//1799
f 3318//3318 4715//4715 3331//3331
f 4996//4996 4715//4715 3318//3318
f 4712//4712 4715//4715 4711//4711
f 4711//4711 4715//4715 4996//4996
f 1790//1790 1800//1800 1799//1799
f 4996//4996 3318//3318 4732//4732
f 1790//1790 183//183 1791//1791
f 1789//1789 183//183 1790//1790
f 3319//3319 3320//3320 3318//3318
f 4732//4732 3318//3318 3320//3320
f 1789//1789 1787//1787 183//183
f 3330//3330 3320//3320 3319//3319
f 3321//3321 3320//3320 3330//3330
f 1787//1787 1809//1809 1798//1798
f 3463//3463 3322//3322 3330//3330
f 3321//3321 3330//3330 3322//3322
f 1809//1809 181//181 1798//1798
f 1860//1860 181//181 1809//1809
f 3323//3323 3322//3322 3463//3463
f 3670//3670 3328//3328 3463//3463
f 3323//3323 3463//3463 3328//3328
f 3666//3666 3672//3672 3328//3328
f 3666//3666 3328//3328 3670//3670
f 1858//1858 178//178 1860//1860
f 3666//3666 87//87 3672//3672
f 3671//3671 87//87 3666//3666
f 3672//3672 87//87 3328//3328
f 172//172 178//178 1858//1858
f 3593//3593 87//87 3671//3671
f 1842//1842 168//168 172//172
f 172//172 1858//1858 1842//1842
f 3593//3593 3591//3591 3587//3587
f 1842//1842 167//167 168//168
f 1842//1842 169//169 167//167
f 3588//3588 3587//3587 3591//3591
f 3588//3588 3590//3590 3587//3587
f 3590//3590 3675//3675 3587//3587
f 1978//1978 165//165 169//169
f 3673//3673 3674//3674 3590//3590
f 174//174 165//165 1978//1978
f 170//170 171//171 174//174
f 3676//3676 3674//3674 3569//3569
f 3569//3569 3984//3984 3676//3676
f 3676//3676 3984//3984 3682//3682
f 170//170 1735//1735 173//173
f 173//173 161//161 170//170
f 162//162 161//161 173//173
f 1735//1735 162//162 173//173
f 3683//3683 3575//3575 3682//3682
f 1734//1734 158//158 162//162
f 3684//3684 3577//3577 3575//3575
f 3698//3698 3695//3695 3689//3689
f 1733//1733 1751//1751 156//156
f 1708//1708 156//156 1751//1751
f 3691//3691 3693//3693 3698//3698
f 1751//1751 1727//1727 1708//1708
f 3980//3980 3693//3693 3691//3691
f 1710//1710 1709//1709 1727//1727
f 3977//3977 3696//3696 3980//3980
f 1718//1718 1717//1717 1719//1719
f 3700//3700 3978//3978 3976//3976
f 1717//1717 1720//1720 1716//1716
f 1717//1717 1718//1718 1720//1720
f 3978//3978 3703//3703 3976//3976
f 1984//1984 1716//1716 1720//1720
f 3880//3880 3705//3705 3703//3703
f 1984//1984 1866//1866 1716//1716
f 3881//3881 3705//3705 3880//3880
f 1984//1984 1869//1869 1866//1866
f 1827//1827 1869//1869 1984//1984
f 3881//3881 3715//3715 3713//3713
f 1827//1827 1829//1829 1869//1869
f 3913//3913 3716//3716 3715//3715
f 3716//3716 3713//3713 3715//3715
f 3717//3717 3963//3963 3716//3716
f 1820//1820 1006//1006 1821//1821
f 1821//1821 1829//1829 1820//1820
f 3718//3718 3963//3963 3717//3717
f 3718//3718 3720//3720 3963//3963
f 1006//1006 1008//1008 1821//1821
f 3719//3719 3720//3720 3718//3718
f 1008//1008 1009//1009 765//765
f 730//730 787//787 775//775
f 777//777 776//776 775//775
f 775//775 765//765 1009//1009
f 775//775 1009//1009 777//777
f 802//802 712//712 717//717
f 717//717 718//718 802//802
f 719//719 717//717 730//730
f 719//719 718//718 717//717
f 719//719 730//730 775//775
f 3964//3964 3954//3954 3724//3724
f 713//713 712//712 802//802
f 715//715 712//712 713//713
f 807//807 3964//3964 3724//3724
f 807//807 3724//3724 3725//3725
f 1113//1113 807//807 3725//3725
f 1048//1048 1139//1139 3725//3725
f 1139//1139 1113//1113 3725//3725
f 738//738 747//747 1048//1048
f 737//737 738//738 743//743
f 737//737 747//747 738//738
f 743//743 1143//1143 715//715
f 1136//1136 743//743 715//715
f 1136//1136 715//715 711//711
f 1047//1047 1048//1048 3725//3725
f 1048//1048 1047//1047 1046//1046
f 1048//1048 1046//1046 738//738
f 4635//4635 4634//4634 4780//4780
f 4502//4502 4639//4639 4638//4638
f 4502//4502 4638//4638 4634//4634
f 4643//4643 4639//4639 4502//4502
f 4500//4500 4776//4776 4643//4643
f 4752//4752 4941//4941 85//85
f 4755//4755 4985//4985 4941//4941
f 4755//4755 4941//4941 4752//4752
f 4755//4755 4780//4780 4985//4985
f 4636//4636 4780//4780 4755//4755
f 4780//4780 4636//4636 4635//4635
f 4502//4502 4634//4634 4635//4635
f 4643//4643 4502//4502 4500//4500
f 4998//4998 1852//1852 4907//4907
f 4500//4500 4998//4998 4907//4907
f 4776//4776 4500//4500 4907//4907
f 4788//4788 4907//4907 1852//1852
f 4742//4742 4741//4741 4943//4943
f 85//85 4943//4943 4741//4741
f 85//85 4755//4755 4752//4752
f 85//85 4743//4743 4755//4755
f 4636//4636 4505//4505 4635//4635
f 1852//1852 4998//4998 4787//4787
f 1852//1852 1851//1851 4788//4788
f 84//84 4741//4741 4742//4742
f 4741//4741 4953//4953 85//85
f 4743//4743 4953//4953 4745//4745
f 4743//4743 85//85 4953//4953
f 4755//4755 4743//4743 4744//4744
f 86//86 1852//1852 4787//4787
f 1852//1852 86//86 1847//1847
f 1847//1847 1848//1848 1851//1851
f 1847//1847 1851//1851 1852//1852
f 4703//4703 4700//4700 4701//4701
f 4741//4741 84//84 4703//4703
f 4779//4779 4741//4741 4703//4703
f 4953//4953 4741//4741 4884//4884
f 4741//4741 4779//4779 4884//4884
f 1847//1847 1846//1846 1848//1848
f 1846//1846 1801//1801 1848//1848
f 4719//4719 4701//4701 4714//4714
f 4701//4701 4709//4709 4703//4703
f 4701//4701 4719//4719 4709//4709
f 4779//4779 4703//4703 4709//4709
f 1801//1801 1846//1846 1894//1894
f 4719//4719 4714//4714 4710//4710
f 1803//1803 1801//1801 1894//1894
f 1799//1799 1801//1801 1803//1803
f 4714//4714 4711//4711 4713//4713
f 1799//1799 1803//1803 1804//1804
f 1804//1804 1790//1790 1799//1799
f 4713//4713 4711//4711 4996//4996
f 4732//4732 4713//4713 4996//4996
f 1788//1788 1789//1789 1790//1790
f 1788//1788 1790//1790 1804//1804
f 3320//3320 3321//3321 4732//4732
f 4835//4835 4713//4713 3321//3321
f 4713//4713 4732//4732 3321//3321
f 4713//4713 4835//4835 4981//4981
f 1809//1809 1787//1787 1925//1925
f 3322//3322 3323//3323 3321//3321
f 4921//4921 3321//3321 3323//3323
f 1925//1925 1860//1860 1809//1809
f 1861//1861 1860//1860 1925//1925
f 3328//3328 3324//3324 3323//3323
f 3329//3329 3323//3323 3324//3324
f 1858//1858 1860//1860 1861//1861
f 3325//3325 3324//3324 3328//3328
f 87//87 3678//3678 3328//3328
f 3678//3678 3326//3326 3328//3328
f 3328//3328 3326//3326 3325//3325
f 1858//1858 1840//1840 1839//1839
f 3593//3593 3678//3678 87//87
f 1839//1839 1842//1842 1858//1858
f 3587//3587 3678//3678 3593//3593
f 3587//3587 3327//3327 3678//3678
f 3587//3587 3586//3586 3327//3327
f 3675//3675 3586//3586 3587//3587
f 1841//1841 1978//1978 169//169
f 3675//3675 3674//3674 3584//3584
f 3590//3590 3674//3674 3675//3675
f 3674//3674 3582//3582 3584//3584
f 1978//1978 1905//1905 174//174
f 3582//3582 3674//3674 3676//3676
f 1735//1735 174//174 1905//1905
f 170//170 174//174 1735//1735
f 3682//3682 3582//3582 3676//3676
f 3682//3682 3581//3581 3582//3582
f 3682//3682 3579//3579 3581//3581
f 3575//3575 3579//3579 3682//3682
f 3575//3575 3578//3578 3579//3579
f 1742//1742 162//162 1735//1735
f 3577//3577 3578//3578 3575//3575
f 1742//1742 1734//1734 162//162
f 3577//3577 3684//3684 3580//3580
f 3689//3689 3695//3695 3684//3684
f 3695//3695 3580//3580 3684//3684
f 1744//1744 1751//1751 1733//1733
f 1969//1969 1727//1727 1751//1751
f 3980//3980 3697//3697 3699//3699
f 3693//3693 3980//3980 3699//3699
f 1721//1721 1710//1710 1727//1727
f 3696//3696 3697//3697 3980//3980
f 3696//3696 3977//3977 3697//3697
f 1721//1721 1719//1719 1710//1710
f 1719//1719 1721//1721 1722//1722
f 3708//3708 3700//3700 3701//3701
f 3977//3977 3700//3700 3708//3708
f 1720//1720 1718//1718 1719//1719
f 3976//3976 3701//3701 3700//3700
f 3976//3976 3702//3702 3701//3701
f 3703//3703 3702//3702 3976//3976
f 1720//1720 1990//1990 1984//1984
f 1720//1720 1729//1729 1990//1990
f 3705//3705 3974//3974 3703//3703
f 1838//1838 1984//1984 1990//1990
f 3881//3881 3714//3714 3973//3973
f 3974//3974 3881//3881 3973//3973
f 3705//3705 3881//3881 3974//3974
f 1838//1838 1827//1827 1984//1984
f 3713//3713 3714//3714 3881//3881
f 3713//3713 3712//3712 3714//3714
f 3716//3716 3712//3712 3713//3713
f 1934//1934 1006//1006 1820//1820
f 1934//1934 783//783 1006//1006
f 1934//1934 1820//1820 1829//1829
f 1008//1008 783//783 1009//1009
f 1006//1006 783//783 1008//1008
f 3719//3719 3722//3722 3720//3720
f 3720//3720 3722//3722 3958//3958
f 779//779 778//778 783//783
f 783//783 778//778 1009//1009
f 3722//3722 3962//3962 3958//3958
f 775//775 776//776 729//729
f 776//776 777//777 778//778
f 778//778 777//777 1009//1009
f 3971//3971 3962//3962 3722//3722
f 3971//3971 3722//3722 3954//3954
f 3971//3971 3954//3954 3961//3961
f 729//729 719//719 775//775
f 3964//3964 3961//3961 3954//3954
f 711//711 714//714 731//731
f 714//714 711//711 715//715
f 713//713 714//714 715//715
f 713//713 802//802 718//718
f 3969//3969 3966//3966 3964//3964
f 3969//3969 3964//3964 807//807
f 1113//1113 1139//1139 1048//1048
f 1113//1113 1048//1048 747//747
f 88//88 1113//1113 747//747
f 747//747 737//737 743//743
f 747//747 1136//1136 731//731
f 743//743 1136//1136 747//747
f 731//731 1136//1136 711//711
f 4635//4635 4501//4501 4502//4502
f 4500//4500 4502//4502 4501//4501
f 4744//4744 4748//4748 4755//4755
f 4750//4750 4636//4636 4755//4755
f 4750//4750 4755//4755 4748//4748
f 4749//4749 4505//4505 4636//4636
f 4749//4749 4636//4636 4750//4750
f 4501//4501 4635//4635 4505//4505
f 4494//4494 4501//4501 4505//4505
f 4501//4501 4494//4494 4500//4500
f 4500//4500 4503//4503 4998//4998
f 4503//4503 4787//4787 4998//4998
f 4744//4744 4743//4743 4745//4745
f 4750//4750 4748//4748 4749//4749
f 4749//4749 4504//4504 4505//4505
f 4494//4494 4505//4505 4504//4504
f 4500//4500 4494//4494 4488//4488
f 4488//4488 4503//4503 4500//4500
f 4488//4488 4787//4787 4503//4503
f 4745//4745 4953//4953 4884//4884
f 4745//4745 4905//4905 4744//4744
f 4744//4744 4746//4746 4748//4748
f 4748//4748 4746//4746 4753//4753
f 4749//4749 4748//4748 4991//4991
f 4749//4749 4991//4991 4504//4504
f 4488//4488 4489//4489 4787//4787
f 4787//4787 4489//4489 4491//4491
f 4787//4787 4491//4491 1847//1847
f 86//86 4787//4787 1847//1847
f 4490//4490 1846//1846 1847//1847
f 4490//4490 1847//1847 4491//4491
f 4709//4709 4896//4896 4779//4779
f 4896//4896 4884//4884 4779//4779
f 4884//4884 4747//4747 4745//4745
f 4905//4905 4745//4745 4747//4747
f 4744//4744 4905//4905 4746//4746
f 4492//4492 4490//4490 4491//4491
f 4492//4492 1894//1894 1846//1846
f 4492//4492 1846//1846 4490//4490
f 4883//4883 4709//4709 4719//4719
f 4883//4883 4719//4719 4710//4710
f 4883//4883 4896//4896 4709//4709
f 4896//4896 4513//4513 4884//4884
f 4747//4747 4884//4884 4513//4513
f 4492//4492 1944//1944 1894//1894
f 1944//1944 1803//1803 1894//1894
f 4713//4713 4981//4981 4714//4714
f 4981//4981 4710//4710 4714//4714
f 4710//4710 4894//4894 4883//4883
f 4896//4896 4894//4894 4895//4895
f 4896//4896 4883//4883 4894//4894
f 4513//4513 4896//4896 4518//4518
f 1804//1804 1944//1944 1806//1806
f 1804//1804 1803//1803 1944//1944
f 4981//4981 4894//4894 4710//4710
f 1806//1806 1805//1805 1804//1804
f 1808//1808 1804//1804 1805//1805
f 1788//1788 1804//1804 1808//1808
f 3321//3321 4735//4735 4835//4835
f 4735//4735 4981//4981 4835//4835
f 4921//4921 4981//4981 4735//4735
f 4894//4894 4921//4921 4736//4736
f 4894//4894 4981//4981 4921//4921
f 1788//1788 1808//1808 1916//1916
f 1788//1788 1787//1787 1789//1789
f 4921//4921 4735//4735 3321//3321
f 1787//1787 1788//1788 1916//1916
f 1786//1786 1787//1787 1916//1916
f 1925//1925 1787//1787 1786//1786
f 3323//3323 4737//4737 4921//4921
f 4623//4623 4921//4921 4627//4627
f 4627//4627 4921//4921 4737//4737
f 1786//1786 1783//1783 1925//1925
f 3329//3329 4737//4737 3323//3323
f 1925//1925 1783//1783 1812//1812
f 1812//1812 1861//1861 1925//1925
f 3324//3324 4737//4737 3329//3329
f 3324//3324 3325//3325 4737//4737
f 1924//1924 1861//1861 1812//1812
f 1858//1858 1861//1861 1924//1924
f 1924//1924 1840//1840 1858//1858
f 3678//3678 3325//3325 3326//3326
f 1840//1840 1780//1780 1839//1839
f 3325//3325 3678//3678 3327//3327
f 1780//1780 1842//1842 1839//1839
f 3508//3508 3327//3327 3586//3586
f 1842//1842 1780//1780 1779//1779
f 1842//1842 1841//1841 169//169
f 1903//1903 1841//1841 1842//1842
f 3585//3585 3586//3586 3675//3675
f 1903//1903 1978//1978 1841//1841
f 1777//1777 1978//1978 1903//1903
f 3582//3582 3583//3583 3584//3584
f 3583//3583 3585//3585 3584//3584
f 3585//3585 3675//3675 3584//3584
f 1777//1777 1905//1905 1978//1978
f 3680//3680 3583//3583 3990//3990
f 1736//1736 1735//1735 1905//1905
f 3581//3581 3579//3579 3583//3583
f 3581//3581 3583//3583 3582//3582
f 3990//3990 3583//3583 3579//3579
f 1736//1736 1741//1741 1735//1735
f 1741//1741 1736//1736 1739//1739
f 3578//3578 4893//4893 3579//3579
f 4617//4617 3579//3579 4619//4619
f 4619//4619 3579//3579 4893//4893
f 1741//1741 1742//1742 1735//1735
f 3577//3577 4893//4893 3578//3578
f 1871//1871 1734//1734 1742//1742
f 3580//3580 4893//4893 3577//3577
f 1871//1871 1733//1733 1734//1734
f 1743//1743 1733//1733 1871//1871
f 4893//4893 3695//3695 3694//3694
f 3580//3580 3695//3695 4893//4893
f 1743//1743 1744//1744 1733//1733
f 3698//3698 3981//3981 3694//3694
f 3698//3698 3694//3694 3695//3695
f 1751//1751 1744//1744 1732//1732
f 1732//1732 1969//1969 1751//1751
f 3693//3693 3981//3981 3698//3698
f 3699//3699 3981//3981 3693//3693
f 3699//3699 3697//3697 3981//3981
f 3697//3697 3986//3986 3981//3981
f 1969//1969 1721//1721 1727//1727
f 3977//3977 3708//3708 3697//3697
f 1722//1722 1721//1721 1723//1723
f 1721//1721 1725//1725 1723//1723
f 1721//1721 1726//1726 1725//1725
f 1723//1723 1719//1719 1722//1722
f 3701//3701 3707//3707 3708//3708
f 3701//3701 3706//3706 3707//3707
f 3701//3701 3704//3704 3706//3706
f 1729//1729 1719//1719 1723//1723
f 1720//1720 1719//1719 1729//1729
f 3702//3702 3704//3704 3701//3701
f 3703//3703 3974//3974 3702//3702
f 1990//1990 1814//1814 1838//1838
f 1990//1990 1836//1836 1814//1814
f 3973//3973 3711//3711 3974//3974
f 3973//3973 3714//3714 3711//3711
f 3714//3714 3712//3712 3711//3711
f 1828//1828 1838//1838 1814//1814
f 1827//1827 1838//1838 1828//1828
f 1828//1828 1829//1829 1827//1827
f 1981//1981 1829//1829 1828//1828
f 3716//3716 3956//3956 3712//3712
f 1819//1819 1817//1817 1934//1934
f 1934//1934 1829//1829 1981//1981
f 1934//1934 1981//1981 1819//1819
f 3956//3956 3963//3963 3955//3955
f 3716//3716 3963//3963 3956//3956
f 1817//1817 783//783 1934//1934
f 3720//3720 3957//3957 3963//3963
f 782//782 780//780 783//783
f 3720//3720 3958//3958 3957//3957
f 779//779 783//783 780//780
f 3958//3958 3962//3962 3959//3959
f 749//749 720//720 776//776
f 776//776 720//720 729//729
f 776//776 778//778 779//779
f 776//776 779//779 749//749
f 3971//3971 3961//3961 3962//3962
f 718//718 722//722 713//713
f 718//718 721//721 722//722
f 720//720 718//718 719//719
f 720//720 721//721 718//718
f 719//719 729//729 720//720
f 3967//3967 3961//3961 3964//3964
f 3967//3967 3964//3964 3966//3966
f 736//736 735//735 746//746
f 731//731 733//733 732//732
f 733//733 731//731 714//714
f 714//714 713//713 722//722
f 3969//3969 808//808 3966//3966
f 807//807 808//808 3969//3969
f 806//806 808//808 807//807
f 805//805 807//807 1113//1113
f 805//805 806//806 807//807
f 804//804 805//805 1113//1113
f 88//88 804//804 1113//1113
f 88//88 736//736 746//746
f 736//736 88//88 747//747
f 736//736 747//747 735//735
f 735//735 747//747 732//732
f 732//732 747//747 731//731
f 4504//4504 4493//4493 4494//4494
f 4488//4488 4494//4494 4493//4493
f 4751//4751 4991//4991 4748//4748
f 4751//4751 4748//4748 4753//4753
f 4493//4493 4504//4504 4991//4991
f 4493//4493 4889//4889 4488//4488
f 4889//4889 4489//4489 4488//4488
f 4486//4486 4491//4491 4489//4489
f 4747//4747 4512//4512 4905//4905
f 4754//4754 4746//4746 4905//4905
f 4754//4754 4753//4753 4746//4746
f 4753//4753 4480//4480 4751//4751
f 4991//4991 4889//4889 4493//4493
f 4991//4991 4751//4751 4889//4889
f 4889//4889 4485//4485 4489//4489
f 4489//4489 4485//4485 4486//4486
f 4486//4486 4492//4492 4491//4491
f 4513//4513 4512//4512 4747//4747
f 4512//4512 4477//4477 4905//4905
f 4480//4480 4753//4753 4754//4754
f 4751//4751 4480//4480 4889//4889
f 4889//4889 4475//4475 4485//4485
f 4487//4487 1944//1944 4492//4492
f 4486//4486 4487//4487 4492//4492
f 4518//4518 4896//4896 4895//4895
f 4513//4513 4477//4477 4512//4512
f 4905//4905 4477//4477 4482//4482
f 4905//4905 4482//4482 4754//4754
f 4754//4754 4482//4482 4480//4480
f 4474//4474 4510//4510 4486//4486
f 1807//1807 4486//4486 4510//4510
f 1807//1807 4487//4487 4486//4486
f 1807//1807 1806//1806 1944//1944
f 1807//1807 1944//1944 4487//4487
f 4517//4517 4895//4895 4621//4621
f 4895//4895 4517//4517 4518//4518
f 4518//4518 4514//4514 4513//4513
f 4477//4477 4514//4514 4963//4963
f 4477//4477 4513//4513 4514//4514
f 4477//4477 4963//4963 4481//4481
f 1806//1806 1807//1807 1805//1805
f 1807//1807 1808//1808 1805//1805
f 4736//4736 4622//4622 4894//4894
f 4621//4621 4895//4895 4894//4894
f 4622//4622 4621//4621 4894//4894
f 4514//4514 4517//4517 4515//4515
f 4514//4514 4518//4518 4517//4517
f 1916//1916 1807//1807 1810//1810
f 1916//1916 1808//1808 1807//1807
f 4622//4622 4736//4736 4921//4921
f 4623//4623 4622//4622 4921//4921
f 4517//4517 4622//4622 4843//4843
f 4517//4517 4621//4621 4622//4622
f 1810//1810 1811//1811 1916//1916
f 1811//1811 1786//1786 1916//1916
f 4623//4623 4624//4624 4622//4622
f 4623//4623 4627//4627 4624//4624
f 4622//4622 4624//4624 4842//4842
f 4622//4622 4842//4842 4843//4843
f 1811//1811 1783//1783 1786//1786
f 4629//4629 4627//4627 4737//4737
f 4624//4624 4627//4627 4625//4625
f 1783//1783 1811//1811 1785//1785
f 3325//3325 4988//4988 4629//4629
f 3325//3325 4629//4629 4737//4737
f 4629//4629 4988//4988 4627//4627
f 4625//4625 4627//4627 4626//4626
f 1812//1812 1782//1782 1924//1924
f 1812//1812 1783//1783 1782//1782
f 4626//4626 4627//4627 4628//4628
f 4628//4628 4627//4627 4988//4988
f 1781//1781 1924//1924 1782//1782
f 1840//1840 1924//1924 1781//1781
f 3325//3325 4984//4984 4988//4988
f 1781//1781 1780//1780 1840//1840
f 3327//3327 4506//4506 4984//4984
f 3327//3327 4984//4984 3325//3325
f 3508//3508 4506//4506 3327//3327
f 1778//1778 1842//1842 1779//1779
f 3586//3586 3679//3679 3508//3508
f 4506//4506 3508//3508 3679//3679
f 1777//1777 1903//1903 1842//1842
f 1777//1777 1842//1842 1778//1778
f 3585//3585 3679//3679 3586//3586
f 3583//3583 3680//3680 3585//3585
f 1737//1737 1777//1777 1908//1908
f 1905//1905 1777//1777 1737//1737
f 3585//3585 3990//3990 4444//4444
f 3680//3680 3990//3990 3585//3585
f 1737//1737 1736//1736 1905//1905
f 3579//3579 4617//4617 3990//3990
f 1737//1737 1739//1739 1736//1736
f 1739//1739 1750//1750 1740//1740
f 1740//1740 1741//1741 1739//1739
f 4619//4619 4972//4972 4617//4617
f 4618//4618 4617//4617 4972//4972
f 1741//1741 1740//1740 1750//1750
f 1871//1871 1741//1741 1750//1750
f 1742//1742 1741//1741 1871//1871
f 4893//4893 4972//4972 4619//4619
f 4972//4972 4893//4893 4979//4979
f 4893//4893 4853//4853 4979//4979
f 1731//1731 1743//1743 1871//1871
f 3694//3694 4853//4853 4893//4893
f 4854//4854 4853//4853 3694//3694
f 1731//1731 1744//1744 1743//1743
f 3981//3981 4852//4852 4854//4854
f 3981//3981 4854//4854 3694//3694
f 3986//3986 4852//4852 3981//3981
f 1744//1744 93//93 1732//1732
f 1969//1969 1732//1732 93//93
f 3697//3697 4917//4917 3986//3986
f 4852//4852 3986//3986 4917//4917
f 93//93 1721//1721 1969//1969
f 1724//1724 1721//1721 93//93
f 3708//3708 4917//4917 3697//3697
f 4855//4855 4917//4917 3708//3708
f 1724//1724 1726//1726 1721//1721
f 3706//3706 4855//4855 3707//3707
f 4855//4855 3708//3708 3707//3707
f 3704//3704 3709//3709 3706//3706
f 4856//4856 3706//3706 4858//4858
f 4858//4858 3706//3706 3709//3709
f 1723//1723 1725//1725 1729//1729
f 3702//3702 3709//3709 3704//3704
f 1990//1990 1729//1729 1836//1836
f 3709//3709 3702//3702 3710//3710
f 3711//3711 3702//3702 3974//3974
f 4806//4806 3710//3710 3711//3711
f 3710//3710 3702//3702 3711//3711
f 3712//3712 4806//4806 3711//3711
f 4805//4805 4806//4806 3712//3712
f 4805//4805 3712//3712 4823//4823
f 3956//3956 4823//4823 3712//3712
f 1828//1828 1817//1817 1819//1819
f 1828//1828 1819//1819 1981//1981
f 4822//4822 4823//4823 3963//3963
f 3963//3963 4823//4823 3955//3955
f 4823//4823 3956//3956 3955//3955
f 783//783 1817//1817 1831//1831
f 3957//3957 4822//4822 3963//3963
f 1831//1831 780//780 782//782
f 1831//1831 781//781 780//780
f 1831//1831 782//782 783//783
f 3960//3960 3957//3957 3958//3958
f 779//779 784//784 749//749
f 779//779 780//780 781//781
f 779//779 781//781 784//784
f 3962//3962 3960//3960 3959//3959
f 3960//3960 3958//3958 3959//3959
f 720//720 749//749 1100//1100
f 749//749 1108//1108 1100//1100
f 1108//1108 749//749 784//784
f 3961//3961 3967//3967 3960//3960
f 3961//3961 3960//3960 3962//3962
f 4809//4809 3960//3960 4017//4017
f 3960//3960 3967//3967 4017//4017
f 733//733 728//728 734//734
f 722//722 723//723 724//724
f 722//722 721//721 723//723
f 1100//1100 721//721 720//720
f 4017//4017 3967//3967 3966//3966
f 4989//4989 806//806 1079//1079
f 4989//4989 4017//4017 806//806
f 803//803 4892//4892 806//806
f 810//810 746//746 735//735
f 810//810 735//735 732//732
f 810//810 733//733 734//734
f 732//732 733//733 810//810
f 728//728 733//733 714//714
f 728//728 714//714 724//724
f 724//724 714//714 722//722
f 808//808 4017//4017 3966//3966
f 4017//4017 808//808 806//806
f 806//806 805//805 804//804
f 806//806 804//804 803//803
f 803//803 804//804 88//88
f 803//803 88//88 746//746
f 4865//4865 4889//4889 4480//4480
f 4484//4484 4475//4475 4889//4889
f 4484//4484 4889//4889 4865//4865
f 4472//4472 4485//4485 4475//4475
f 4474//4474 4486//4486 4485//4485
f 4474//4474 4485//4485 4472//4472
f 89//89 4482//4482 4477//4477
f 89//89 4477//4477 4481//4481
f 4479//4479 4480//4480 4482//4482
f 4480//4480 4479//4479 4865//4865
f 4482//4482 4478//4478 4479//4479
f 4482//4482 89//89 4478//4478
f 4865//4865 4479//4479 4478//4478
f 4865//4865 4467//4467 4484//4484
f 4484//4484 4467//4467 4475//4475
f 4475//4475 4467//4467 4472//4472
f 4472//4472 4473//4473 4474//4474
f 4497//4497 1807//1807 4510//4510
f 4474//4474 4497//4497 4510//4510
f 4473//4473 4497//4497 4474//4474
f 4515//4515 4963//4963 4514//4514
f 4963//4963 4476//4476 4481//4481
f 4481//4481 4476//4476 89//89
f 89//89 4476//4476 90//90
f 89//89 90//90 4478//4478
f 4472//4472 4496//4496 4473//4473
f 4497//4497 4473//4473 4496//4496
f 4497//4497 1810//1810 1807//1807
f 4516//4516 4515//4515 4517//4517
f 4516//4516 4517//4517 4843//4843
f 4460//4460 4515//4515 4516//4516
f 4515//4515 4866//4866 4963//4963
f 4515//4515 4460//4460 4866//4866
f 4963//4963 4457//4457 4476//4476
f 4963//4963 4866//4866 4457//4457
f 4476//4476 94//94 90//90
f 4497//4497 4471//4471 1810//1810
f 4471//4471 1811//1811 1810//1810
f 4843//4843 4888//4888 4516//4516
f 4457//4457 4866//4866 4460//4460
f 1784//1784 4471//4471 4633//4633
f 1784//1784 1785//1785 1811//1811
f 1784//1784 1811//1811 4471//4471
f 4625//4625 4842//4842 4624//4624
f 4842//4842 4841//4841 4843//4843
f 4843//4843 4841//4841 4888//4888
f 4460//4460 4888//4888 4910//4910
f 4460//4460 4516//4516 4888//4888
f 1784//1784 4633//4633 1785//1785
f 4633//4633 1783//1783 1785//1785
f 4625//4625 4891//4891 4842//4842
f 4625//4625 4626//4626 4891//4891
f 4842//4842 4498//4498 4841//4841
f 4842//4842 4891//4891 4498//4498
f 4888//4888 4841//4841 4498//4498
f 1813//1813 1782//1782 1783//1783
f 1813//1813 1783//1783 4633//4633
f 4891//4891 4626//4626 4498//4498
f 1813//1813 1781//1781 1782//1782
f 4984//4984 4519//4519 4988//4988
f 4519//4519 4628//4628 4988//4988
f 4628//4628 4449//4449 4626//4626
f 4631//4631 4498//4498 4449//4449
f 4498//4498 4626//4626 4449//4449
f 4498//4498 4631//4631 4450//4450
f 1844//1844 1781//1781 1843//1843
f 1781//1781 1813//1813 1843//1843
f 4506//4506 4519//4519 4984//4984
f 4519//4519 4446//4446 4628//4628
f 4628//4628 4448//4448 4449//4449
f 4628//4628 4446//4446 4448//4448
f 1844//1844 1779//1779 1780//1780
f 1844//1844 1780//1780 1781//1781
f 4506//4506 4445//4445 4519//4519
f 4519//4519 4445//4445 4446//4446
f 4420//4420 1778//1778 1779//1779
f 4420//4420 1779//1779 1844//1844
f 3679//3679 4445//4445 4506//4506
f 3679//3679 4443//4443 4445//4445
f 4975//4975 4967//4967 1778//1778
f 1777//1777 1778//1778 4967//4967
f 1776//1776 1777//1777 4967//4967
f 1908//1908 1777//1777 1776//1776
f 3585//3585 4444//4444 3679//3679
f 3679//3679 4444//4444 4443//4443
f 1738//1738 1737//1737 1908//1908
f 4509//4509 4444//4444 3990//3990
f 1738//1738 1908//1908 92//92
f 4617//4617 4964//4964 4509//4509
f 4617//4617 4509//4509 3990//3990
f 92//92 1739//1739 1737//1737
f 92//92 1737//1737 1738//1738
f 4618//4618 4964//4964 4617//4617
f 1739//1739 92//92 91//91
f 1750//1750 1739//1739 91//91
f 4964//4964 4618//4618 4538//4538
f 1750//1750 91//91 1748//1748
f 4972//4972 4537//4537 4618//4618
f 4972//4972 4539//4539 4537//4537
f 1750//1750 1748//1748 1745//1745
f 4979//4979 4539//4539 4972//4972
f 4539//4539 4979//4979 4853//4853
f 1745//1745 1731//1731 1871//1871
f 1745//1745 1871//1871 1750//1750
f 4854//4854 4539//4539 4853//4853
f 4537//4537 4539//4539 4854//4854
f 1731//1731 1745//1745 1746//1746
f 4852//4852 4851//4851 4854//4854
f 4854//4854 4851//4851 4529//4529
f 1731//1731 93//93 1744//1744
f 4530//4530 4529//4529 4851//4851
f 93//93 1731//1731 1730//1730
f 4917//4917 4855//4855 4852//4852
f 4852//4852 4860//4860 4851//4851
f 4852//4852 4855//4855 4860//4860
f 1728//1728 1724//1724 93//93
f 1728//1728 93//93 1730//1730
f 4855//4855 4856//4856 4860//4860
f 1728//1728 1726//1726 1724//1724
f 3706//3706 4856//4856 4855//4855
f 4860//4860 4856//4856 4858//4858
f 1726//1726 1728//1728 1960//1960
f 1726//1726 1729//1729 1725//1725
f 1980//1980 1729//1729 1726//1726
f 3709//3709 4859//4859 4858//4858
f 4857//4857 4858//4858 4859//4859
f 1836//1836 1729//1729 1834//1834
f 1729//1729 1980//1980 1834//1834
f 3710//3710 4859//4859 3709//3709
f 4859//4859 3710//3710 4897//4897
f 1837//1837 1814//1814 1836//1836
f 1837//1837 1836//1836 1834//1834
f 4805//4805 3710//3710 4806//4806
f 4897//4897 3710//3710 4805//4805
f 1816//1816 1814//1814 1837//1837
f 1816//1816 1828//1828 1814//1814
f 1815//1815 1828//1828 1816//1816
f 4823//4823 4804//4804 4805//4805
f 4899//4899 4805//4805 4797//4797
f 4805//4805 4804//4804 4797//4797
f 1815//1815 1817//1817 1828//1828
f 1817//1817 1830//1830 1818//1818
f 4804//4804 4823//4823 4822//4822
f 4795//4795 4804//4804 4822//4822
f 4797//4797 4804//4804 4795//4795
f 4796//4796 4797//4797 4795//4795
f 1818//1818 1830//1830 1831//1831
f 1830//1830 781//781 1831//1831
f 1818//1818 1831//1831 1817//1817
f 3957//3957 4819//4819 4795//4795
f 3957//3957 4795//4795 4822//4822
f 3960//3960 4819//4819 3957//3957
f 784//784 1137//1137 1078//1078
f 1137//1137 784//784 785//785
f 785//785 784//784 781//781
f 4819//4819 3960//3960 4809//4809
f 4821//4821 4819//4819 4792//4792
f 4808//4808 4845//4845 4819//4819
f 4819//4819 4845//4845 4792//4792
f 4807//4807 4810//4810 4845//4845
f 753//753 752//752 4949//4949
f 721//721 726//726 725//725
f 1100//1100 1078//1078 1059//1059
f 726//726 1100//1100 1059//1059
f 721//721 1100//1100 726//726
f 1078//1078 1100//1100 1108//1108
f 1078//1078 1108//1108 784//784
f 4809//4809 4017//4017 4989//4989
f 4809//4809 4989//4989 4819//4819
f 4808//4808 4819//4819 4989//4989
f 4808//4808 4892//4892 4845//4845
f 4845//4845 4882//4882 4807//4807
f 4845//4845 4892//4892 4882//4882
f 4807//4807 4882//4882 753//753
f 753//753 810//810 752//752
f 753//753 809//809 810//810
f 752//752 734//734 751//751
f 752//752 810//810 734//734
f 751//751 734//734 750//750
f 750//750 734//734 728//728
f 750//750 728//728 727//727
f 727//727 728//728 724//724
f 727//727 724//724 4814//4814
f 4814//4814 724//724 723//723
f 4814//4814 723//723 725//725
f 725//725 723//723 721//721
f 1079//1079 4808//4808 4989//4989
f 4808//4808 1079//1079 806//806
f 4808//4808 806//806 4892//4892
f 4882//4882 4892//4892 803//803
f 4882//4882 803//803 753//753
f 753//753 803//803 746//746
f 753//753 746//746 809//809
f 809//809 746//746 810//810
f 4478//4478 4465//4465 4865//4865
f 4466//4466 4467//4467 4865//4865
f 4466//4466 4865//4865 4465//4465
f 4468//4468 4472//4472 4467//4467
f 4468//4468 4496//4496 4472//4472
f 4947//4947 4478//4478 90//90
f 4947//4947 4465//4465 4478//4478
f 4470//4470 4496//4496 4468//4468
f 4470//4470 4497//4497 4496//4496
f 4476//4476 4458//4458 94//94
f 4947//4947 90//90 94//94
f 4458//4458 4947//4947 94//94
f 4947//4947 4464//4464 4465//4465
f 4466//4466 4426//4426 4467//4467
f 4467//4467 4469//4469 4468//4468
f 4467//4467 4426//4426 4469//4469
f 4470//4470 4471//4471 4497//4497
f 4468//4468 4471//4471 4470//4470
f 4458//4458 4476//4476 4457//4457
f 4458//4458 4459//4459 4947//4947
f 4947//4947 4459//4459 4495//4495
f 4947//4947 4495//4495 4464//4464
f 4464//4464 4462//4462 4465//4465
f 4465//4465 4426//4426 4466//4466
f 4465//4465 4462//4462 4426//4426
f 4424//4424 4469//4469 4426//4426
f 4468//4468 4409//4409 4471//4471
f 4468//4468 4469//4469 4409//4409
f 4409//4409 4633//4633 4471//4471
f 4910//4910 4457//4457 4460//4460
f 4456//4456 4457//4457 4910//4910
f 4457//4457 4781//4781 4458//4458
f 4457//4457 4456//4456 4781//4781
f 4464//4464 4495//4495 4462//4462
f 4426//4426 4462//4462 4499//4499
f 4426//4426 4499//4499 4961//4961
f 4469//4469 4424//4424 4425//4425
f 4409//4409 4469//4469 4425//4425
f 4498//4498 4453//4453 4888//4888
f 4453//4453 4910//4910 4888//4888
f 4454//4454 4910//4910 4453//4453
f 4910//4910 4455//4455 4456//4456
f 4910//4910 4454//4454 4455//4455
f 4458//4458 4781//4781 4459//4459
f 4459//4459 4461//4461 4495//4495
f 4462//4462 4495//4495 4461//4461
f 4462//4462 4463//4463 4499//4499
f 4425//4425 4422//4422 4409//4409
f 4422//4422 1813//1813 4633//4633
f 4422//4422 4633//4633 4409//4409
f 4450//4450 4453//4453 4498//4498
f 4456//4456 4455//4455 4781//4781
f 4781//4781 4839//4839 4459//4459
f 4461//4461 4459//4459 4839//4839
f 4461//4461 4483//4483 4462//4462
f 4419//4419 1843//1843 1813//1813
f 4419//4419 1813//1813 4422//4422
f 4449//4449 4450//4450 4631//4631
f 4450//4450 4452//4452 4453//4453
f 4450//4450 4451//4451 4452//4452
f 4453//4453 4452//4452 4438//4438
f 4453//4453 4438//4438 4454//4454
f 4454//4454 4783//4783 4455//4455
f 4455//4455 4783//4783 4781//4781
f 4461//4461 4839//4839 4861//4861
f 4419//4419 1844//1844 1843//1843
f 4783//4783 4782//4782 4781//4781
f 4783//4783 4454//4454 4782//4782
f 4839//4839 4782//4782 4990//4990
f 4839//4839 4781//4781 4782//4782
f 96//96 4419//4419 95//95
f 96//96 1844//1844 4419//4419
f 96//96 4420//4420 1844//1844
f 4446//4446 4785//4785 4448//4448
f 4785//4785 4449//4449 4448//4448
f 4507//4507 4449//4449 4785//4785
f 4449//4449 4616//4616 4450//4450
f 4449//4449 4507//4507 4616//4616
f 4450//4450 4440//4440 4451//4451
f 4450//4450 4616//4616 4440//4440
f 4452//4452 4451//4451 4438//4438
f 4782//4782 4454//4454 4438//4438
f 4445//4445 4785//4785 4446//4446
f 4436//4436 4438//4438 4451//4451
f 4975//4975 1778//1778 4420//4420
f 4443//4443 4442//4442 4445//4445
f 4445//4445 4441//4441 4785//4785
f 4445//4445 4442//4442 4441//4441
f 4616//4616 4507//4507 4440//4440
f 4440//4440 4437//4437 4451//4451
f 4436//4436 4451//4451 4437//4437
f 4423//4423 4967//4967 4975//4975
f 4444//4444 4447//4447 4442//4442
f 4444//4444 4442//4442 4443//4443
f 4439//4439 4437//4437 4440//4440
f 4423//4423 1908//1908 4967//4967
f 1908//1908 1776//1776 4967//4967
f 4509//4509 4447//4447 4444//4444
f 4441//4441 4630//4630 4785//4785
f 4441//4441 4442//4442 4630//4630
f 4785//4785 4630//4630 4507//4507
f 4507//4507 4630//4630 4440//4440
f 4439//4439 4440//4440 4630//4630
f 4427//4427 1908//1908 4423//4423
f 4427//4427 92//92 1908//1908
f 4964//4964 4511//4511 4447//4447
f 4964//4964 4447//4447 4509//4509
f 4447//4447 4511//4511 4520//4520
f 4630//4630 4442//4442 4522//4522
f 4630//4630 4999//4999 4439//4439
f 4920//4920 92//92 4427//4427
f 4447//4447 4521//4521 4442//4442
f 4447//4447 4520//4520 4521//4521
f 4442//4442 4525//4525 4522//4522
f 4442//4442 4521//4521 4525//4525
f 4630//4630 4522//4522 4525//4525
f 1749//1749 91//91 92//92
f 4920//4920 1749//1749 92//92
f 4789//4789 4964//4964 4538//4538
f 4511//4511 4964//4964 4789//4789
f 4511//4511 4789//4789 4520//4520
f 4525//4525 4520//4520 4523//4523
f 4525//4525 4521//4521 4520//4520
f 4920//4920 1748//1748 1749//1749
f 1748//1748 91//91 1749//1749
f 4618//4618 4528//4528 4789//4789
f 4618//4618 4789//4789 4538//4538
f 4789//4789 4524//4524 4520//4520
f 4523//4523 4520//4520 4850//4850
f 4520//4520 4524//4524 4850//4850
f 4829//4829 4920//4920 4828//4828
f 4829//4829 1748//1748 4920//4920
f 4829//4829 1745//1745 1748//1748
f 4537//4537 4528//4528 4618//4618
f 4528//4528 4527//4527 4789//4789
f 4528//4528 4537//4537 4527//4527
f 4789//4789 4526//4526 4524//4524
f 4789//4789 4527//4527 4526//4526
f 4850//4850 4569//4569 4595//4595
f 1747//1747 4829//4829 4830//4830
f 1747//1747 1746//1746 1745//1745
f 1747//1747 1745//1745 4829//4829
f 4854//4854 4529//4529 4537//4537
f 4537//4537 4529//4529 4527//4527
f 4524//4524 4554//4554 4850//4850
f 4524//4524 4526//4526 4554//4554
f 4569//4569 4850//4850 4554//4554
f 1747//1747 1867//1867 1746//1746
f 4830//4830 1867//1867 1747//1747
f 1867//1867 1731//1731 1746//1746
f 4527//4527 4529//4529 4530//4530
f 4527//4527 4530//4530 4986//4986
f 4527//4527 4986//4986 4526//4526
f 4553//4553 4554//4554 4526//4526
f 4934//4934 4830//4830 4832//4832
f 4934//4934 1867//1867 4830//4830
f 4934//4934 1731//1731 1867//1867
f 4851//4851 4531//4531 4530//4530
f 4986//4986 4564//4564 4526//4526
f 4553//4553 4526//4526 4564//4564
f 1730//1730 1731//1731 4934//4934
f 4860//4860 4532//4532 4531//4531
f 4860//4860 4531//4531 4851//4851
f 4530//4530 4533//4533 4986//4986
f 4530//4530 4531//4531 4533//4533
f 4986//4986 4982//4982 4564//4564
f 4986//4986 4533//4533 4982//4982
f 1937//1937 1728//1728 1730//1730
f 4540//4540 4982//4982 4533//4533
f 1937//1937 1960//1960 1728//1728
f 4858//4858 4937//4937 4532//4532
f 4858//4858 4532//4532 4860//4860
f 4531//4531 4534//4534 4533//4533
f 4531//4531 4532//4532 4534//4534
f 4959//4959 1980//1980 1937//1937
f 1937//1937 1980//1980 1960//1960
f 4857//4857 4937//4937 4858//4858
f 4937//4937 4880//4880 4532//4532
f 4532//4532 4536//4536 4534//4534
f 4532//4532 4880//4880 4536//4536
f 4540//4540 4533//4533 4535//4535
f 4535//4535 4533//4533 4534//4534
f 1980//1980 1726//1726 1960//1960
f 4857//4857 4859//4859 4937//4937
f 4937//4937 4881//4881 4880//4880
f 4937//4937 4859//4859 4881//4881
f 4535//4535 4534//4534 4536//4536
f 1835//1835 1834//1834 1980//1980
f 4799//4799 4859//4859 4897//4897
f 4859//4859 4799//4799 4881//4881
f 4880//4880 4913//4913 4536//4536
f 4880//4880 4881//4881 4913//4913
f 4536//4536 4952//4952 4572//4572
f 4536//4536 4913//4913 4952//4952
f 1832//1832 1834//1834 1835//1835
f 4805//4805 4803//4803 4799//4799
f 4805//4805 4799//4799 4897//4897
f 4881//4881 4799//4799 4802//4802
f 4881//4881 4802//4802 4913//4913
f 1816//1816 1832//1832 1815//1815
f 1816//1816 1837//1837 1834//1834
f 1832//1832 1816//1816 1834//1834
f 4899//4899 4803//4803 4805//4805
f 4799//4799 4803//4803 4802//4802
f 4802//4802 4800//4800 4913//4913
f 4913//4913 4800//4800 4571//4571
f 4803//4803 4899//4899 4797//4797
f 4803//4803 4798//4798 4802//4802
f 1815//1815 4605//4605 1833//1833
f 1833//1833 1817//1817 1815//1815
f 4796//4796 4794//4794 4803//4803
f 4796//4796 4803//4803 4797//4797
f 4803//4803 4794//4794 4798//4798
f 4802//4802 4801//4801 4800//4800
f 4802//4802 4798//4798 4801//4801
f 4571//4571 4800//4800 4607//4607
f 4800//4800 4801//4801 4607//4607
f 4605//4605 4980//4980 1833//1833
f 4980//4980 1830//1830 1833//1833
f 1833//1833 1830//1830 1817//1817
f 4795//4795 4794//4794 4796//4796
f 4794//4794 4795//4795 4798//4798
f 4798//4798 4811//4811 4801//4801
f 4798//4798 4992//4992 4811//4811
f 4607//4607 4801//4801 4560//4560
f 4610//4610 4974//4974 4980//4980
f 4980//4980 781//781 1830//1830
f 4795//4795 4793//4793 4798//4798
f 4798//4798 4810//4810 4992//4992
f 4798//4798 4793//4793 4810//4810
f 4560//4560 4632//4632 4561//4561
f 4560//4560 4801//4801 4632//4632
f 5000//5000 1061//1061 4951//4951
f 1062//1062 4974//4974 4610//4610
f 4980//4980 1062//1062 785//785
f 4974//4974 1062//1062 4980//4980
f 4980//4980 785//785 781//781
f 4821//4821 4795//4795 4819//4819
f 4792//4792 4795//4795 4821//4821
f 4793//4793 4795//4795 4792//4792
f 4992//4992 4817//4817 4811//4811
f 4992//4992 4810//4810 4817//4817
f 4632//4632 4801//4801 4791//4791
f 4791//4791 4812//4812 4632//4632
f 4813//4813 4814//4814 4576//4576
f 4814//4814 4815//4815 4576//4576
f 4576//4576 4815//4815 4816//4816
f 4816//4816 1061//1061 5000//5000
f 1061//1061 1059//1059 1078//1078
f 1061//1061 1078//1078 1062//1062
f 1062//1062 1078//1078 1137//1137
f 1062//1062 1137//1137 785//785
f 4792//4792 4845//4845 4793//4793
f 4793//4793 4845//4845 4810//4810
f 4817//4817 4810//4810 4807//4807
f 4801//4801 4817//4817 4949//4949
f 4811//4811 4817//4817 4801//4801
f 4801//4801 4949//4949 752//752
f 4801//4801 752//752 4791//4791
f 4791//4791 752//752 751//751
f 4791//4791 751//751 4812//4812
f 4812//4812 751//751 750//750
f 4812//4812 750//750 4813//4813
f 4813//4813 750//750 727//727
f 4813//4813 727//727 4814//4814
f 4815//4815 4814//4814 725//725
f 4815//4815 725//725 4816//4816
f 4816//4816 725//725 726//726
f 4816//4816 726//726 1061//1061
f 1061//1061 726//726 1059//1059
f 753//753 4817//4817 4807//4807
f 4817//4817 753//753 4949//4949
f 4961//4961 4424//4424 4426//4426
f 4961//4961 4412//4412 4424//4424
f 4425//4425 4424//4424 4412//4412
f 4499//4499 4954//4954 4961//4961
f 4961//4961 4954//4954 4412//4412
f 4412//4412 4410//4410 4425//4425
f 4411//4411 4422//4422 4425//4425
f 4410//4410 4411//4411 4425//4425
f 4463//4463 4462//4462 4483//4483
f 4463//4463 4508//4508 4499//4499
f 4499//4499 4508//4508 4954//4954
f 4410//4410 4412//4412 4411//4411
f 4411//4411 4419//4419 4422//4422
f 4861//4861 4483//4483 4461//4461
f 4508//4508 4978//4978 4954//4954
f 4508//4508 4463//4463 4978//4978
f 4954//4954 4978//4978 4412//4412
f 4412//4412 4413//4413 4411//4411
f 4413//4413 95//95 4419//4419
f 4413//4413 4419//4419 4411//4411
f 4990//4990 4861//4861 4839//4839
f 4861//4861 4993//4993 4483//4483
f 4483//4483 4993//4993 4463//4463
f 4463//4463 4993//4993 4978//4978
f 4978//4978 4414//4414 4412//4412
f 4412//4412 4414//4414 4413//4413
f 4414//4414 95//95 4413//4413
f 4438//4438 4435//4435 4782//4782
f 4434//4434 4782//4782 4435//4435
f 4434//4434 4990//4990 4782//4782
f 4990//4990 4862//4862 4861//4861
f 4993//4993 4416//4416 4978//4978
f 4993//4993 4922//4922 4416//4416
f 4978//4978 4416//4416 4414//4414
f 4414//4414 4415//4415 95//95
f 4415//4415 4420//4420 96//96
f 4415//4415 96//96 95//95
f 4436//4436 4435//4435 4438//4438
f 4862//4862 4863//4863 4861//4861
f 4862//4862 4990//4990 4863//4863
f 4861//4861 4864//4864 4993//4993
f 4861//4861 4863//4863 4864//4864
f 4993//4993 4994//4994 4922//4922
f 4993//4993 4864//4864 4994//4994
f 4416//4416 4417//4417 4414//4414
f 4414//4414 4421//4421 4415//4415
f 4414//4414 4417//4417 4421//4421
f 4421//4421 4975//4975 4420//4420
f 4421//4421 4420//4420 4415//4415
f 4435//4435 4436//4436 4434//4434
f 4434//4434 4790//4790 4990//4990
f 4990//4990 4995//4995 4863//4863
f 4990//4990 4790//4790 4995//4995
f 4922//4922 4987//4987 4416//4416
f 4922//4922 4994//4994 4987//4987
f 4416//4416 4418//4418 4417//4417
f 4416//4416 4987//4987 4418//4418
f 4417//4417 4423//4423 4975//4975
f 4417//4417 4975//4975 4421//4421
f 4864//4864 4431//4431 4994//4994
f 4864//4864 4863//4863 4431//4431
f 4994//4994 4431//4431 4987//4987
f 4418//4418 4423//4423 4417//4417
f 4439//4439 4818//4818 4437//4437
f 4437//4437 4818//4818 4436//4436
f 4436//4436 4433//4433 4434//4434
f 4436//4436 4818//4818 4433//4433
f 4434//4434 4433//4433 4790//4790
f 4790//4790 4432//4432 4995//4995
f 4987//4987 4430//4430 4418//4418
f 4987//4987 4431//4431 4430//4430
f 4418//4418 4430//4430 4970//4970
f 4427//4427 4423//4423 4418//4418
f 4970//4970 4427//4427 4418//4418
f 4630//4630 4604//4604 4999//4999
f 4604//4604 4439//4439 4999//4999
f 4594//4594 4439//4439 4604//4604
f 4439//4439 4608//4608 4818//4818
f 4439//4439 4594//4594 4608//4608
f 4432//4432 4614//4614 4995//4995
f 4432//4432 4790//4790 4614//4614
f 4995//4995 4429//4429 4863//4863
f 4995//4995 4614//4614 4429//4429
f 4863//4863 4429//4429 4431//4431
f 4970//4970 4920//4920 4427//4427
f 4525//4525 4603//4603 4604//4604
f 4525//4525 4604//4604 4630//4630
f 4818//4818 4608//4608 4568//4568
f 4818//4818 4568//4568 4433//4433
f 4433//4433 4820//4820 4790//4790
f 4790//4790 4825//4825 4614//4614
f 4790//4790 4820//4820 4825//4825
f 4429//4429 4428//4428 4431//4431
f 4431//4431 4834//4834 4430//4430
f 4431//4431 4428//4428 4834//4834
f 4430//4430 4828//4828 4920//4920
f 4430//4430 4920//4920 4970//4970
f 4604//4604 4603//4603 4594//4594
f 4594//4594 4567//4567 4608//4608
f 4825//4825 4820//4820 4614//4614
f 4614//4614 4615//4615 4429//4429
f 4429//4429 4906//4906 4428//4428
f 4429//4429 4615//4615 4906//4906
f 4834//4834 4828//4828 4430//4430
f 4850//4850 4525//4525 4523//4523
f 4595//4595 4525//4525 4850//4850
f 4603//4603 4525//4525 4595//4595
f 4567//4567 4565//4565 4608//4608
f 4567//4567 4594//4594 4565//4565
f 4608//4608 4565//4565 4568//4568
f 4568//4568 4566//4566 4433//4433
f 4433//4433 4620//4620 4820//4820
f 4433//4433 4566//4566 4620//4620
f 4820//4820 4620//4620 4614//4614
f 4428//4428 4906//4906 4834//4834
f 4834//4834 4827//4827 4828//4828
f 4827//4827 4829//4829 4828//4828
f 4595//4595 4918//4918 4603//4603
f 4603//4603 4555//4555 4594//4594
f 4603//4603 4918//4918 4555//4555
f 4594//4594 4557//4557 4565//4565
f 4594//4594 4555//4555 4557//4557
f 4620//4620 4613//4613 4614//4614
f 4614//4614 4613//4613 4615//4615
f 4615//4615 4909//4909 4906//4906
f 4834//4834 4830//4830 4829//4829
f 4834//4834 4829//4829 4827//4827
f 4554//4554 4553//4553 4595//4595
f 4554//4554 4595//4595 4569//4569
f 4595//4595 4553//4553 4918//4918
f 4565//4565 4558//4558 4568//4568
f 4565//4565 4557//4557 4558//4558
f 4568//4568 4558//4558 4566//4566
f 4566//4566 4612//4612 4620//4620
f 4620//4620 4611//4611 4613//4613
f 4620//4620 4612//4612 4611//4611
f 4909//4909 4833//4833 4906//4906
f 4909//4909 4615//4615 4833//4833
f 4906//4906 4831//4831 4834//4834
f 4906//4906 4833//4833 4831//4831
f 4831//4831 4832//4832 4830//4830
f 4831//4831 4830//4830 4834//4834
f 4918//4918 4553//4553 4555//4555
f 4555//4555 4556//4556 4557//4557
f 4613//4613 4602//4602 4615//4615
f 4613//4613 4611//4611 4602//4602
f 4615//4615 4919//4919 4833//4833
f 4615//4615 4602//4602 4919//4919
f 4833//4833 4832//4832 4831//4831
f 4564//4564 4552//4552 4553//4553
f 4553//4553 4552//4552 4551//4551
f 4553//4553 4551//4551 4555//4555
f 4556//4556 4940//4940 4557//4557
f 4557//4557 4849//4849 4558//4558
f 4557//4557 4940//4940 4849//4849
f 4558//4558 4849//4849 4566//4566
f 4566//4566 4849//4849 4612//4612
f 4612//4612 4592//4592 4611//4611
f 4833//4833 4933//4933 4832//4832
f 4833//4833 4919//4919 4933//4933
f 4933//4933 1730//1730 4934//4934
f 4933//4933 4934//4934 4832//4832
f 4982//4982 4552//4552 4564//4564
f 4551//4551 4550//4550 4555//4555
f 4555//4555 4550//4550 4556//4556
f 4556//4556 4938//4938 4940//4940
f 4556//4556 4550//4550 4938//4938
f 4592//4592 4590//4590 4611//4611
f 4592//4592 4612//4612 4590//4590
f 4611//4611 4590//4590 4602//4602
f 4602//4602 4593//4593 4919//4919
f 4919//4919 1937//1937 1730//1730
f 4919//4919 1730//1730 4933//4933
f 4982//4982 4559//4559 4552//4552
f 4982//4982 4540//4540 4559//4559
f 4552//4552 4559//4559 4551//4551
f 4551//4551 4548//4548 4550//4550
f 4551//4551 4559//4559 4548//4548
f 4940//4940 4848//4848 4849//4849
f 4940//4940 4938//4938 4848//4848
f 4849//4849 4848//4848 4847//4847
f 4849//4849 4846//4846 4612//4612
f 4849//4849 4847//4847 4846//4846
f 4612//4612 4591//4591 4590//4590
f 4612//4612 4846//4846 4591//4591
f 4593//4593 4589//4589 4919//4919
f 4593//4593 4602//4602 4589//4589
f 4589//4589 4959//4959 1937//1937
f 4589//4589 1937//1937 4919//4919
f 4559//4559 4540//4540 4541//4541
f 4550//4550 4548//4548 4890//4890
f 4550//4550 4890//4890 4938//4938
f 4590//4590 4587//4587 4602//4602
f 4590//4590 4591//4591 4587//4587
f 4602//4602 4588//4588 4589//4589
f 4602//4602 4587//4587 4588//4588
f 4589//4589 1980//1980 4959//4959
f 4535//4535 4541//4541 4540//4540
f 4541//4541 4570//4570 4559//4559
f 4559//4559 4570//4570 4545//4545
f 4559//4559 4545//4545 4548//4548
f 4890//4890 4580//4580 4938//4938
f 4938//4938 4582//4582 4848//4848
f 4938//4938 4580//4580 4582//4582
f 4846//4846 4586//4586 4591//4591
f 4846//4846 4847//4847 4586//4586
f 4588//4588 1835//1835 1980//1980
f 4588//4588 1980//1980 4589//4589
f 4536//4536 4541//4541 4535//4535
f 4545//4545 4546//4546 4548//4548
f 4548//4548 4581//4581 4890//4890
f 4548//4548 4546//4546 4581//4581
f 4890//4890 4579//4579 4580//4580
f 4890//4890 4581//4581 4579//4579
f 4586//4586 4585//4585 4591//4591
f 4586//4586 4847//4847 4585//4585
f 4591//4591 4585//4585 4587//4587
f 4587//4587 4596//4596 4588//4588
f 4596//4596 1832//1832 1835//1835
f 4596//4596 1835//1835 4588//4588
f 4572//4572 4541//4541 4536//4536
f 4541//4541 4572//4572 4952//4952
f 4542//4542 4541//4541 4952//4952
f 4541//4541 4542//4542 4570//4570
f 4570//4570 4543//4543 4545//4545
f 4545//4545 4544//4544 4546//4546
f 4545//4545 4543//4543 4544//4544
f 4582//4582 4583//4583 4848//4848
f 4582//4582 4580//4580 4583//4583
f 4848//4848 4583//4583 4847//4847
f 4847//4847 4584//4584 4585//4585
f 4847//4847 4583//4583 4584//4584
f 4587//4587 4585//4585 4596//4596
f 4913//4913 4547//4547 4542//4542
f 4913//4913 4542//4542 4952//4952
f 4581//4581 4577//4577 4579//4579
f 4581//4581 4546//4546 4577//4577
f 4585//4585 4584//4584 4596//4596
f 4596//4596 1815//1815 1832//1832
f 4571//4571 4547//4547 4913//4913
f 4542//4542 4942//4942 4570//4570
f 4542//4542 4547//4547 4942//4942
f 4570//4570 4606//4606 4543//4543
f 4570//4570 4942//4942 4606//4606
f 4543//4543 4606//4606 4544//4544
f 4546//4546 4544//4544 4577//4577
f 4577//4577 4578//4578 4579//4579
f 4579//4579 4948//4948 4580//4580
f 4579//4579 4578//4578 4948//4948
f 4580//4580 4948//4948 4583//4583
f 4583//4583 4948//4948 4600//4600
f 4583//4583 4599//4599 4584//4584
f 4583//4583 4600//4600 4599//4599
f 4596//4596 4597//4597 1815//1815
f 4584//4584 4597//4597 4596//4596
f 4597//4597 4605//4605 1815//1815
f 4571//4571 4549//4549 4547//4547
f 4606//4606 4574//4574 4544//4544
f 4544//4544 4575//4575 4577//4577
f 4544//4544 4574//4574 4575//4575
f 4599//4599 4598//4598 4584//4584
f 4584//4584 4605//4605 4597//4597
f 4584//4584 4598//4598 4605//4605
f 4607//4607 4549//4549 4571//4571
f 4560//4560 4549//4549 4607//4607
f 4549//4549 4561//4561 4547//4547
f 4549//4549 4560//4560 4561//4561
f 4547//4547 4562//4562 4942//4942
f 4547//4547 4561//4561 4562//4562
f 4942//4942 4562//4562 4606//4606
f 4606//4606 4573//4573 4574//4574
f 4606//4606 4562//4562 4573//4573
f 4577//4577 4575//4575 4578//4578
f 4578//4578 4601//4601 4948//4948
f 4948//4948 4598//4598 4600//4600
f 4948//4948 4601//4601 4598//4598
f 4600//4600 4598//4598 4599//4599
f 4605//4605 4598//4598 4980//4980
f 4574//4574 4576//4576 4575//4575
f 4574//4574 4573//4573 4576//4576
f 4575//4575 4609//4609 4578//4578
f 4575//4575 4576//4576 4609//4609
f 4598//4598 4610//4610 4980//4980
f 4563//4563 4561//4561 4632//4632
f 4561//4561 4813//4813 4562//4562
f 4561//4561 4563//4563 4813//4813
f 4562//4562 4813//4813 4946//4946
f 4562//4562 4946//4946 4573//4573
f 4609//4609 4576//4576 5000//5000
f 4578//4578 5000//5000 4951//4951
f 4609//4609 5000//5000 4578//4578
f 4578//4578 4951//4951 1061//1061
f 4578//4578 1061//1061 4601//4601
f 4601//4601 1061//1061 1062//1062
f 4601//4601 1062//1062 4598//4598
f 4598//4598 1062//1062 4610//4610
f 4563//4563 4632//4632 4812//4812
f 4563//4563 4812//4812 4813//4813
f 4946//4946 4813//4813 4573//4573
f 4573//4573 4813//4813 4576//4576
f 4816//4816 5000//5000 4576//4576

