{"stiffness": 10.0, "damping": 189.96056042579238, "cube_mu_tangent": 0.42552304192645735, "table_mu_tangent": 0.4649691320074517, "mu_torsion": 0.128833592819952, "mu_rolling": 0.007536547120093403}